Declared,Temperature,NH3,pH
22/09/2026 14:58,14.5,0.001,7.93
22/09/2026 14:28,15,0.001,7.93
22/09/2026 13:58,15.5,0.001,7.93
22/09/2026 13:28,15.875,0.001,7.93
22/09/2026 12:58,15.625,0.001,7.93
22/09/2026 12:28,15.5,0.001,7.92
22/09/2026 11:58,15.125,0.001,7.92
22/09/2026 11:28,14.875,0.001,7.91
22/09/2026 10:58,13.75,0.001,7.91
22/09/2026 10:28,15.375,0.001,7.92
22/09/2026 09:58,16,0.001,7.92
22/09/2026 09:28,16,0.001,7.92
22/09/2026 08:58,15.875,0.001,7.91
22/09/2026 08:28,15.875,0.001,7.91
22/09/2026 07:58,15.5,0.001,7.9
22/09/2026 07:28,15.5,0.001,7.9
22/09/2026 06:58,15.25,0.001,7.9
22/09/2026 06:28,15.25,0.001,7.9
22/09/2026 05:58,15,0.001,7.9
22/09/2026 05:28,14.875,0.001,7.9
22/09/2026 04:58,13.75,0.001,7.9
22/09/2026 04:28,14.375,0.001,7.9
22/09/2026 03:58,14.375,0.001,7.9
22/09/2026 03:28,14.125,0.001,7.9
22/09/2026 02:58,14.5,0.001,7.9
22/09/2026 02:28,15.25,0.001,7.91
22/09/2026 01:58,15.875,0.001,7.92
22/09/2026 01:28,16.75,0.001,7.92
22/09/2026 00:58,17.375,0.001,7.93
22/09/2026 00:28,17.5,0.001,7.92
21/09/2026 23:58,17.375,0.001,7.92
21/09/2026 23:28,17.375,0.001,7.93
21/09/2026 22:58,17.25,0.001,7.92
21/09/2026 22:28,17.25,0.001,7.92
21/09/2026 21:58,17.125,0.001,7.92
21/09/2026 21:28,16.875,0.001,7.92
21/09/2026 20:58,16.75,0.001,7.92
21/09/2026 20:28,16.625,0.001,7.92
21/09/2026 19:58,16.5,0.001,7.92
21/09/2026 19:28,16.5,0.001,7.92
21/09/2026 18:58,16.375,0.001,7.91
21/09/2026 18:28,16.125,0.001,7.91
21/09/2026 17:58,15.875,0.001,7.91
21/09/2026 17:28,15.625,0.001,7.91
21/09/2026 16:58,15.5,0.001,7.9
21/09/2026 16:28,15.25,0.001,7.9
21/09/2026 16:22,15.125,0.001,7.89
21/09/2026 16:22,15.125,0.001,7.89
21/09/2026 16:22,15.125,0.001,7.89
21/09/2026 16:21,15.25,0.001,7.89
21/09/2026 16:21,15.125,0.001,7.89
21/09/2026 16:21,15.125,0.001,7.89
21/09/2026 15:58,14.875,0.001,7.89
21/09/2026 15:28,15.625,0.001,7.88
21/09/2026 14:58,15.25,0.001,7.88
21/09/2026 14:28,14.75,0.001,7.88
21/09/2026 13:58,16.25,0.001,7.88
21/09/2026 13:28,16.75,0.001,7.88
21/09/2026 12:58,16.625,0.001,7.88
21/09/2026 12:28,16.5,0.001,7.88
21/09/2026 11:58,16.25,0.001,7.88
21/09/2026 11:28,15.875,0.001,7.89
21/09/2026 10:58,15.875,0.001,7.89
21/09/2026 10:28,15.375,0.001,7.89
21/09/2026 09:58,15.125,0.001,7.9
21/09/2026 09:28,15.125,0.001,7.92
21/09/2026 08:58,15.75,0.001,7.94
21/09/2026 08:28,16.375,0.001,7.94
21/09/2026 07:58,17.375,0.001,7.94
21/09/2026 07:28,18.125,0.001,7.93
21/09/2026 06:58,18.25,0.001,7.93
21/09/2026 06:28,18,0.001,7.93
21/09/2026 05:58,18.25,0.001,7.93
21/09/2026 05:28,18.25,0.001,7.93
21/09/2026 04:58,18.25,0.001,7.93
21/09/2026 04:28,18.25,0.001,7.93
21/09/2026 03:58,18.25,0.001,7.93
21/09/2026 03:28,18.375,0.001,7.93
21/09/2026 02:58,18.25,0.001,7.93
21/09/2026 02:28,18.25,0.001,7.93
21/09/2026 02:11,18,0.001,7.93
21/09/2026 01:58,18.375,0.001,7.93
21/09/2026 01:28,18.375,0.001,7.93
21/09/2026 00:58,18.375,0.001,7.94
21/09/2026 00:28,18.5,0.001,7.94
20/09/2026 23:58,18.5,0.001,7.94
20/09/2026 23:28,18.5,0.001,7.94
20/09/2026 22:58,18.625,0.001,7.94
20/09/2026 22:28,18.5,0.001,7.94
20/09/2026 21:58,18.5,0.001,7.94
20/09/2026 21:28,18.375,0.001,7.93
20/09/2026 20:58,18.5,0.001,7.93
20/09/2026 20:28,18.5,0.001,7.94
20/09/2026 19:58,18.5,0.001,7.93
20/09/2026 19:28,18.625,0.001,7.93
20/09/2026 18:58,18.5,0.001,7.93
20/09/2026 18:28,18.625,0.001,7.93
20/09/2026 17:58,18.5,0.001,7.93
20/09/2026 17:28,18.5,0.001,7.93
20/09/2026 16:58,18.375,0.001,7.93
20/09/2026 16:28,18.375,0.001,7.93
20/09/2026 15:58,18.375,0.001,7.93
20/09/2026 15:28,18.25,0.001,7.93
20/09/2026 14:58,18.25,0.001,7.93
20/09/2026 14:28,18.125,0.001,7.93
20/09/2026 13:58,18.125,0.001,7.93
20/09/2026 13:28,18.25,0.001,7.93
20/09/2026 12:58,18.125,0.001,7.93
20/09/2026 12:28,18.125,0.001,7.93
20/09/2026 11:58,18.25,0.001,7.93
20/09/2026 11:28,18.25,0.001,7.93
20/09/2026 10:58,18.125,0.001,7.93
20/09/2026 10:28,18.125,0.001,7.93
20/09/2026 09:58,18.125,0.001,7.93
20/09/2026 09:28,18.125,0.001,7.93
20/09/2026 08:58,18,0.001,7.93
20/09/2026 08:28,18,0.001,7.93
20/09/2026 07:58,18.125,0.001,7.93
20/09/2026 07:28,18.25,0.001,7.93
20/09/2026 06:58,18.25,0.001,7.94
20/09/2026 06:28,18.25,0.001,7.93
20/09/2026 05:58,18.125,0.001,7.94
20/09/2026 05:28,18.25,0.001,7.94
20/09/2026 04:58,18.125,0.001,7.94
20/09/2026 04:28,18.25,0.001,7.94
20/09/2026 03:58,18.125,0.001,7.94
20/09/2026 03:28,18.25,0.001,7.94
20/09/2026 02:58,18.25,0.001,7.94
20/09/2026 02:28,18.375,0.001,7.94
20/09/2026 01:58,18.375,0.001,7.94
20/09/2026 01:28,18.5,0.001,7.94
20/09/2026 00:58,18.375,0.001,7.94
20/09/2026 00:28,18.625,0.001,7.94
19/09/2026 23:58,18.5,0.001,7.94
19/09/2026 23:28,18.5,0.001,7.95
19/09/2026 22:58,18.625,0.001,7.94
19/09/2026 22:28,18.5,0.001,7.94
19/09/2026 21:58,18.5,0.001,7.94
19/09/2026 21:28,18.5,0.001,7.94
19/09/2026 20:58,18.5,0.001,7.95
19/09/2026 20:28,18.625,0.001,7.94
19/09/2026 19:58,18.5,0.001,7.94
19/09/2026 19:28,18.5,0.001,7.95
19/09/2026 18:58,18.5,0.001,7.95
19/09/2026 18:28,18.5,0.001,7.95
19/09/2026 17:58,18.5,0.001,7.94
19/09/2026 17:28,18.375,0.001,7.95
19/09/2026 16:58,18.375,0.001,7.94
19/09/2026 16:28,18.25,0.001,7.95
19/09/2026 15:58,18.375,0.001,7.95
19/09/2026 15:28,18.25,0.001,7.94
19/09/2026 14:58,18.25,0.001,7.94
19/09/2026 14:28,18.125,0.001,7.94
19/09/2026 13:58,18,0.001,7.95
19/09/2026 13:28,18,0.001,7.95
19/09/2026 12:58,18,0.001,7.95
19/09/2026 12:28,18,0.001,7.95
19/09/2026 11:58,17.875,0.001,7.95
19/09/2026 11:28,17.875,0.001,7.95
19/09/2026 10:58,17.875,0.001,7.95
19/09/2026 10:28,17.875,0.001,7.95
19/09/2026 09:58,18,0.001,7.94
19/09/2026 09:28,17.875,0.001,7.94
19/09/2026 08:58,18,0.001,7.94
19/09/2026 08:28,18,0.001,7.94
19/09/2026 07:58,17.875,0.001,7.94
19/09/2026 07:28,18,0.001,7.94
19/09/2026 06:58,17.875,0.001,7.94
19/09/2026 06:28,18.125,0.001,7.94
19/09/2026 05:58,18,0.001,7.94
19/09/2026 05:28,18.125,0.001,7.95
19/09/2026 04:58,18.125,0.001,7.95
19/09/2026 04:28,18.125,0.001,7.95
19/09/2026 03:58,18.125,0.001,7.95
19/09/2026 03:28,18,0.001,7.95
19/09/2026 02:58,18,0.001,7.95
19/09/2026 02:28,18,0.001,7.95
19/09/2026 01:58,18.25,0.001,7.96
19/09/2026 01:28,18.125,0.001,7.95
19/09/2026 00:58,18.125,0.001,7.95
19/09/2026 00:28,18.25,0.001,7.95
18/09/2026 23:58,18.25,0.001,7.96
18/09/2026 23:28,18.25,0.001,7.96
18/09/2026 22:58,18.375,0.001,7.96
18/09/2026 22:28,18.25,0.001,7.96
18/09/2026 21:58,18.5,0.001,7.96
18/09/2026 21:28,18.375,0.001,7.96
18/09/2026 20:58,18.5,0.001,7.96
18/09/2026 20:28,18.375,0.001,7.95
18/09/2026 19:58,18.375,0.001,7.96
18/09/2026 19:28,18.5,0.001,7.96
18/09/2026 18:58,18.375,0.001,7.96
18/09/2026 18:28,18.25,0.001,7.95
18/09/2026 17:58,18.25,0.001,7.95
18/09/2026 17:28,18.375,0.001,7.96
18/09/2026 16:58,18.25,0.001,7.95
18/09/2026 16:28,18.25,0.001,7.95
18/09/2026 16:16,18.125,0.001,7.95
18/09/2026 16:16,18,0.001,7.95
18/09/2026 16:15,17.75,0.001,7.95
18/09/2026 16:15,17.75,0.001,8.63
18/09/2026 15:58,18.125,0.001,7.95
18/09/2026 15:28,18,0.001,7.95
18/09/2026 14:58,18,0.001,7.95
18/09/2026 14:28,18,0.001,7.95
18/09/2026 13:58,18,0.001,7.95
18/09/2026 13:28,17.875,0.001,7.95
18/09/2026 12:58,17.75,0.001,7.95
18/09/2026 12:28,17.75,0.001,7.95
18/09/2026 11:58,16.75,0.001,7.94
18/09/2026 11:28,16.75,0.001,7.94
18/09/2026 10:58,18.625,0.001,7.94
18/09/2026 10:28,17.625,0.001,7.94
18/09/2026 09:58,17.75,0.001,7.94
18/09/2026 09:28,17.625,0.001,7.94
18/09/2026 08:58,17.625,0.001,7.94
18/09/2026 08:28,18.625,0.001,7.94
18/09/2026 07:58,17.625,0.001,7.94
18/09/2026 07:28,16.75,0.001,7.94
18/09/2026 06:58,17.75,0.001,7.95
18/09/2026 06:28,16.75,0.001,7.95
18/09/2026 05:58,17.875,0.001,7.95
18/09/2026 05:28,17.75,0.001,7.95
18/09/2026 04:58,17.75,0.001,7.95
18/09/2026 04:28,17.75,0.001,7.95
18/09/2026 03:58,17.875,0.001,7.95
18/09/2026 03:28,18,0.001,7.95
18/09/2026 02:58,17.875,0.001,7.95
18/09/2026 02:28,18,0.001,7.95
18/09/2026 01:58,18.125,0.001,7.95
18/09/2026 01:28,18,0.001,7.95
18/09/2026 00:58,18.125,0.001,7.95
18/09/2026 00:28,18,0.001,7.95
17/09/2026 23:58,18.125,0.001,7.95
17/09/2026 23:28,18.125,0.001,7.95
17/09/2026 22:58,18.25,0.001,7.95
17/09/2026 22:28,18.25,0.001,7.95
17/09/2026 21:58,18.25,0.001,7.95
17/09/2026 21:28,18.25,0.001,7.95
17/09/2026 20:58,18.25,0.001,7.95
17/09/2026 20:28,18.25,0.001,7.95
17/09/2026 19:58,18.375,0.001,7.95
17/09/2026 19:28,18.25,0.001,7.95
17/09/2026 18:58,18.25,0.001,7.95
17/09/2026 18:28,18.375,0.001,7.95
17/09/2026 17:58,18.375,0.001,7.95
17/09/2026 17:28,18.25,0.001,7.95
17/09/2026 16:58,18.25,0.001,7.95
17/09/2026 16:28,18.125,0.001,7.95
17/09/2026 15:58,18,0.001,7.95
17/09/2026 15:28,18,0.001,7.95
17/09/2026 14:58,18,0.001,7.95
17/09/2026 14:28,17.875,0.001,7.95
17/09/2026 13:58,17.75,0.001,7.95
17/09/2026 13:28,17.875,0.001,7.95
17/09/2026 12:58,18.625,0.001,7.95
17/09/2026 12:28,17.75,0.001,7.94
17/09/2026 11:58,18.625,0.001,7.94
17/09/2026 11:28,17.625,0.001,7.95
17/09/2026 10:58,16.75,0.001,7.95
17/09/2026 10:28,17.5,0.001,7.95
17/09/2026 09:58,17.625,0.001,7.95
17/09/2026 09:28,17.625,0.001,7.95
17/09/2026 08:58,17.625,0.001,7.95
17/09/2026 08:28,18.625,0.001,7.95
17/09/2026 07:58,16.75,0.001,7.95
17/09/2026 07:28,17.75,0.001,7.95
17/09/2026 06:58,16.75,0.001,7.95
17/09/2026 06:28,18.625,0.001,7.95
17/09/2026 05:58,17.75,0.001,7.95
17/09/2026 05:28,17.875,0.001,7.95
17/09/2026 04:58,17.875,0.001,7.95
17/09/2026 04:28,17.875,0.001,7.95
17/09/2026 03:58,18,0.001,7.95
17/09/2026 03:28,17.875,0.001,7.95
17/09/2026 02:58,18,0.001,7.95
17/09/2026 02:28,18,0.001,7.95
17/09/2026 01:58,17.875,0.001,7.95
17/09/2026 01:28,18.125,0.001,7.95
17/09/2026 00:58,18.125,0.001,7.95
17/09/2026 00:28,18.25,0.001,7.95
16/09/2026 23:58,18.125,0.001,7.95
16/09/2026 23:28,18.375,0.001,7.94
16/09/2026 22:58,18.375,0.001,7.95
16/09/2026 22:28,18.375,0.001,7.95
16/09/2026 21:58,18.375,0.001,7.95
16/09/2026 21:28,18.375,0.001,7.95
16/09/2026 20:58,18.375,0.001,7.95
16/09/2026 20:28,18.25,0.001,7.95
16/09/2026 19:58,18.25,0.001,7.95
16/09/2026 19:28,18.25,0.001,7.95
16/09/2026 18:58,18.125,0.001,7.95
16/09/2026 18:28,18.125,0.001,7.94
16/09/2026 17:58,18.125,0.001,7.94
16/09/2026 17:28,18,0.001,7.94
16/09/2026 16:58,17.875,0.001,7.94
16/09/2026 16:28,17.875,0.001,7.94
16/09/2026 15:58,17.75,0.001,7.94
16/09/2026 15:28,18.625,0.001,7.94
16/09/2026 14:58,17.5,0.001,7.94
16/09/2026 14:28,17.625,0.001,7.94
16/09/2026 13:58,17.5,0.001,7.94
16/09/2026 13:28,17.375,0.001,7.94
16/09/2026 12:58,17.25,0.001,7.94
16/09/2026 12:28,17.125,0.001,7.94
16/09/2026 11:58,17.125,0.001,7.94
16/09/2026 11:28,17,0.001,7.94
16/09/2026 10:58,16.875,0.001,7.94
16/09/2026 10:28,16.75,0.001,7.94
16/09/2026 09:58,16.75,0.001,7.94
16/09/2026 09:28,16.75,0.001,7.94
16/09/2026 08:58,17.625,0.001,7.94
16/09/2026 08:28,16.75,0.001,7.94
16/09/2026 07:58,17.625,0.001,7.94
16/09/2026 07:28,17.625,0.001,7.94
16/09/2026 06:58,16.625,0.001,7.94
16/09/2026 06:28,16.625,0.001,7.94
16/09/2026 05:58,15.75,0.001,7.94
16/09/2026 05:28,16.625,0.001,7.94
16/09/2026 04:58,16.625,0.001,7.94
16/09/2026 04:28,16.5,0.001,7.94
16/09/2026 03:58,16.5,0.001,7.94
16/09/2026 03:28,16.5,0.001,7.94
16/09/2026 02:58,16.625,0.001,7.94
16/09/2026 02:28,16.5,0.001,7.94
16/09/2026 01:58,16.375,0.001,7.94
16/09/2026 01:28,16.375,0.001,7.94
16/09/2026 00:58,16.375,0.001,7.94
16/09/2026 00:28,16.375,0.001,7.94
15/09/2026 23:58,16.125,0.001,7.94
15/09/2026 23:28,16.125,0.001,7.94
15/09/2026 22:58,16,0.001,7.94
15/09/2026 22:28,15.875,0.001,7.94
15/09/2026 21:58,15.75,0.001,7.94
15/09/2026 21:28,16.625,0.001,7.94
15/09/2026 20:58,15.625,0.001,7.94
15/09/2026 20:28,15.5,0.001,7.94
15/09/2026 19:58,15.375,0.001,7.94
15/09/2026 19:28,15.125,0.001,7.94
15/09/2026 18:58,15,0.001,7.94
15/09/2026 18:28,14.75,0.001,7.94
15/09/2026 17:58,14.5,0.001,7.94
15/09/2026 17:28,14.125,0.001,7.94
15/09/2026 16:58,13.875,0.001,7.94
15/09/2026 16:28,13.5,0.001,7.94
15/09/2026 15:58,14.5,0.001,7.94
15/09/2026 15:28,13.875,0.001,7.94
15/09/2026 14:58,14.5,0.001,7.94
15/09/2026 14:28,14.75,0.001,7.94
15/09/2026 13:58,15.25,0.001,7.94
15/09/2026 13:28,14.75,0.001,7.94
15/09/2026 12:58,15.375,0.001,7.93
15/09/2026 12:28,15.25,0.001,7.93
15/09/2026 11:58,14.625,0.001,7.92
15/09/2026 11:28,14.375,0.001,7.92
15/09/2026 10:58,14.125,0.001,7.91
15/09/2026 10:28,14.5,0.001,7.91
15/09/2026 09:58,15.125,0.001,7.91
15/09/2026 09:28,15.75,0.001,7.91
15/09/2026 08:58,16.375,0.001,7.91
15/09/2026 08:28,16.25,0.001,7.91
15/09/2026 07:58,16.25,0.001,7.9
15/09/2026 07:28,16,0.001,7.9
15/09/2026 06:58,16,0.001,7.9
15/09/2026 06:28,15.75,0.001,7.89
15/09/2026 05:58,14.875,0.001,7.89
15/09/2026 05:28,16.625,0.001,7.89
15/09/2026 04:58,15.75,0.001,7.89
15/09/2026 04:28,15.5,0.001,7.89
15/09/2026 03:58,15.5,0.001,7.89
15/09/2026 03:28,15.375,0.001,7.88
15/09/2026 02:58,15.25,0.001,7.89
15/09/2026 02:28,15.25,0.001,7.88
15/09/2026 01:58,15.125,0.001,7.88
15/09/2026 01:28,15,0.001,7.88
15/09/2026 00:58,14.875,0.001,7.88
15/09/2026 00:28,14.625,0.001,7.88
14/09/2026 23:58,14.125,0.001,7.88
14/09/2026 23:28,14,0.001,7.87
14/09/2026 22:58,13.625,0.001,7.87
14/09/2026 22:28,14.125,0.001,7.88
14/09/2026 21:58,14.5,0.001,7.88
14/09/2026 21:28,15.125,0.001,7.88
14/09/2026 20:58,15.625,0.001,7.88
14/09/2026 20:28,15.75,0.001,7.88
14/09/2026 19:58,15.375,0.001,7.88
14/09/2026 19:28,15.25,0.001,7.88
14/09/2026 18:58,15,0.001,7.88
14/09/2026 18:28,14.625,0.001,7.88
14/09/2026 17:58,14.5,0.001,7.88
14/09/2026 17:28,13.875,0.001,7.87
14/09/2026 16:58,13.5,0.001,7.87
14/09/2026 16:28,13.625,0.001,7.87
14/09/2026 15:58,14,0.001,7.88
14/09/2026 15:28,14.5,0.001,7.88
14/09/2026 14:58,14.875,0.001,7.88
14/09/2026 14:28,15.25,0.001,7.88
14/09/2026 13:58,15.75,0.001,7.87
14/09/2026 13:28,15.75,0.001,7.86
14/09/2026 12:58,15.375,0.001,7.85
14/09/2026 12:28,15.125,0.001,7.82
14/09/2026 11:58,14.5,0.001,7.78
14/09/2026 11:28,14.125,0.001,7.72
14/09/2026 10:58,13.875,0.001,7.59
14/09/2026 10:50,14.125,0.001,7.53
14/09/2026 10:28,14.5,0.001,7.28
12/09/2026 12:28,15.125,0.001,7.94
12/09/2026 11:58,14.875,0.001,7.93
12/09/2026 11:28,14.625,0.001,7.93
12/09/2026 10:58,14.625,0.001,7.92
12/09/2026 10:28,15.25,0.001,7.93
12/09/2026 09:58,15.875,0.001,7.93
12/09/2026 09:28,15.875,0.001,7.93
12/09/2026 08:58,16.625,0.001,7.92
12/09/2026 08:28,14.75,0.001,7.92
12/09/2026 07:58,15.5,0.001,7.92
12/09/2026 07:28,15.375,0.001,7.91
12/09/2026 06:58,15.25,0.001,7.91
12/09/2026 06:28,15.25,0.001,7.91
12/09/2026 05:58,15.125,0.001,7.91
12/09/2026 05:28,14.75,0.001,7.91
12/09/2026 05:28,14.75,0.001,7.91
12/09/2026 04:58,14.875,0.001,7.92
12/09/2026 04:28,14.625,0.001,7.91
12/09/2026 03:58,14.5,0.001,7.91
12/09/2026 03:28,14.5,0.001,7.92
12/09/2026 02:58,14.125,0.001,7.92
12/09/2026 02:28,14.125,0.001,7.92
12/09/2026 01:58,14,0.001,7.91
12/09/2026 01:28,13.5,0.001,7.91
12/09/2026 00:58,13.375,0.001,7.92
12/09/2026 00:28,14.25,0.001,7.92
11/09/2026 23:58,14.75,0.001,7.93
11/09/2026 23:28,15.5,0.001,7.94
11/09/2026 22:58,15.5,0.001,7.94
11/09/2026 22:28,15.375,0.001,7.94
11/09/2026 21:58,15.25,0.001,7.94
11/09/2026 21:28,15.125,0.001,7.94
11/09/2026 20:58,14.875,0.001,7.94
11/09/2026 20:28,15.625,0.001,7.94
11/09/2026 19:58,14.5,0.001,7.94
11/09/2026 19:28,14.375,0.001,7.94
11/09/2026 18:58,14.125,0.001,7.94
11/09/2026 18:28,13.75,0.001,7.94
11/09/2026 17:58,13.375,0.001,7.94
11/09/2026 17:28,13.25,0.001,7.94
11/09/2026 16:58,13.625,0.001,7.94
11/09/2026 16:28,14,0.001,7.94
11/09/2026 15:58,14.375,0.001,7.94
11/09/2026 15:28,14.875,0.001,7.94
11/09/2026 14:58,15.375,0.001,7.94
11/09/2026 14:28,15.75,0.001,7.94
11/09/2026 13:58,15.5,0.001,7.94
11/09/2026 13:28,15.25,0.001,7.93
11/09/2026 12:58,15,0.001,7.93
11/09/2026 12:28,14.5,0.001,7.93
11/09/2026 11:58,14.375,0.001,7.92
11/09/2026 11:28,14,0.001,7.92
11/09/2026 10:58,13.75,0.001,7.91
11/09/2026 10:28,14.25,0.001,7.92
11/09/2026 09:58,14.875,0.001,7.92
11/09/2026 09:28,15.625,0.001,7.92
11/09/2026 08:58,15.875,0.001,7.92
11/09/2026 08:28,15.875,0.001,7.92
11/09/2026 07:58,15.625,0.001,7.91
11/09/2026 07:28,14.75,0.001,7.91
11/09/2026 06:58,15.5,0.001,7.91
11/09/2026 06:28,15.5,0.001,7.91
11/09/2026 05:58,15.25,0.001,7.91
11/09/2026 05:28,15.25,0.001,7.91
11/09/2026 04:58,15.25,0.001,7.91
11/09/2026 04:28,15.125,0.001,7.91
11/09/2026 03:58,15,0.001,7.91
11/09/2026 03:28,14.875,0.001,7.91
11/09/2026 02:58,14.75,0.001,7.91
11/09/2026 02:28,14.625,0.001,7.91
11/09/2026 01:58,14.5,0.001,7.91
11/09/2026 01:28,14.25,0.001,7.91
11/09/2026 00:58,14,0.001,7.91
11/09/2026 00:28,13.75,0.001,7.92
10/09/2026 23:58,13.5,0.001,7.91
10/09/2026 23:28,13.25,0.001,7.91
10/09/2026 22:58,14.625,0.001,7.92
10/09/2026 22:28,14.375,0.001,7.92
10/09/2026 21:58,14.875,0.001,7.93
10/09/2026 21:28,15.375,0.001,7.94
10/09/2026 20:58,15.25,0.001,7.94
10/09/2026 20:28,15.125,0.001,7.94
10/09/2026 19:58,15.625,0.001,7.94
10/09/2026 19:28,14.5,0.001,7.94
10/09/2026 18:58,14.125,0.001,7.93
10/09/2026 18:28,13.875,0.001,7.93
10/09/2026 17:58,13.625,0.001,7.93
10/09/2026 17:28,13,0.001,7.93
10/09/2026 16:58,13,0.001,7.92
10/09/2026 16:28,13.125,0.001,7.93
10/09/2026 15:58,13.375,0.001,7.93
10/09/2026 15:28,14.625,0.001,7.93
10/09/2026 14:58,14.125,0.001,7.93
10/09/2026 14:28,14.625,0.001,7.93
10/09/2026 13:58,15.125,0.001,7.93
10/09/2026 13:28,15.5,0.001,7.93
10/09/2026 12:58,15.375,0.001,7.93
10/09/2026 12:28,15.125,0.001,7.92
10/09/2026 11:58,14.625,0.001,7.92
10/09/2026 11:28,14.25,0.001,7.91
10/09/2026 10:58,14.125,0.001,7.91
10/09/2026 10:28,14.75,0.001,7.91
10/09/2026 09:58,15.5,0.001,7.91
10/09/2026 09:28,15.875,0.001,7.91
10/09/2026 08:58,16.625,0.001,7.91
10/09/2026 08:28,15.75,0.001,7.91
10/09/2026 07:58,15.5,0.001,7.9
10/09/2026 07:28,15.5,0.001,7.9
10/09/2026 06:58,15.375,0.001,7.9
10/09/2026 06:28,15.125,0.001,7.9
10/09/2026 05:58,15.125,0.001,7.9
10/09/2026 05:28,14.875,0.001,7.9
10/09/2026 04:58,14.75,0.001,7.9
10/09/2026 04:28,13.75,0.001,7.9
10/09/2026 03:58,14.625,0.001,7.9
10/09/2026 03:28,14.5,0.001,7.9
10/09/2026 02:58,14.25,0.001,7.9
10/09/2026 02:28,14.125,0.001,7.9
10/09/2026 01:58,13.875,0.001,7.9
10/09/2026 01:28,13.75,0.001,7.9
10/09/2026 00:58,13.5,0.001,7.9
10/09/2026 00:28,13.625,0.001,7.9
09/09/2026 23:58,14.375,0.001,7.91
09/09/2026 23:28,14.875,0.001,7.91
09/09/2026 22:58,15.375,0.001,7.92
09/09/2026 22:28,15.5,0.001,7.92
09/09/2026 21:58,15.25,0.001,7.92
09/09/2026 21:28,15.125,0.001,7.92
09/09/2026 20:58,14.875,0.001,7.92
09/09/2026 20:28,14.625,0.001,7.92
09/09/2026 19:58,14.375,0.001,7.92
09/09/2026 19:28,14.125,0.001,7.92
09/09/2026 18:58,14.625,0.001,7.92
09/09/2026 18:28,13.375,0.001,7.92
09/09/2026 17:58,13,0.001,7.91
09/09/2026 17:28,13.25,0.001,7.91
09/09/2026 16:58,13.375,0.001,7.91
09/09/2026 16:28,13.75,0.001,7.91
09/09/2026 15:58,14,0.001,7.91
09/09/2026 15:28,14.625,0.001,7.91
09/09/2026 14:58,15.125,0.001,7.91
09/09/2026 14:28,15.75,0.001,7.91
09/09/2026 13:58,15.375,0.001,7.91
09/09/2026 13:28,15.25,0.001,7.91
09/09/2026 12:58,15,0.001,7.9
09/09/2026 12:28,14.625,0.001,7.89
09/09/2026 11:58,14.25,0.001,7.89
09/09/2026 11:28,13.875,0.001,7.88
09/09/2026 10:58,13.375,0.001,7.88
09/09/2026 10:28,12.75,0.001,7.88
09/09/2026 09:58,14.375,0.001,7.88
09/09/2026 09:28,15,0.001,7.88
09/09/2026 08:58,15.5,0.001,7.88
09/09/2026 08:28,15.75,0.001,7.88
09/09/2026 07:58,15.625,0.001,7.88
09/09/2026 07:28,15.625,0.001,7.87
09/09/2026 06:58,15.375,0.001,7.87
09/09/2026 06:28,15.375,0.001,7.87
09/09/2026 05:58,15.375,0.001,7.87
09/09/2026 05:28,15.125,0.001,7.87
09/09/2026 04:58,15,0.001,7.87
09/09/2026 04:28,14.875,0.001,7.87
09/09/2026 03:58,14.875,0.001,7.87
09/09/2026 03:28,14.625,0.001,7.87
09/09/2026 02:58,14.5,0.001,7.87
09/09/2026 02:28,14.375,0.001,7.86
09/09/2026 01:58,13.875,0.001,7.87
09/09/2026 01:28,13.875,0.001,7.87
09/09/2026 00:58,13.625,0.001,7.86
09/09/2026 00:28,13.25,0.001,7.86
08/09/2026 23:58,13.875,0.001,7.87
08/09/2026 23:28,14.25,0.001,7.87
08/09/2026 22:58,14.875,0.001,7.87
08/09/2026 22:28,15.375,0.001,7.88
08/09/2026 21:58,15.375,0.001,7.88
08/09/2026 21:28,15.25,0.001,7.88
08/09/2026 20:58,14.875,0.001,7.88
08/09/2026 20:28,14.5,0.001,7.88
08/09/2026 19:58,14.5,0.001,7.88
08/09/2026 19:28,14,0.001,7.88
08/09/2026 18:58,13.75,0.001,7.88
08/09/2026 18:28,13.5,0.001,7.87
08/09/2026 17:58,13,0.001,7.87
08/09/2026 17:28,13.25,0.001,7.87
08/09/2026 16:58,13.25,0.001,7.87
08/09/2026 16:28,13.625,0.001,7.87
08/09/2026 15:58,14.625,0.001,7.87
08/09/2026 15:28,14.125,0.001,7.87
08/09/2026 14:58,14.5,0.001,7.87
08/09/2026 14:28,13.875,0.001,7.87
08/09/2026 13:58,15.375,0.001,7.88
08/09/2026 13:28,14.75,0.001,7.88
08/09/2026 12:58,15.5,0.001,7.88
08/09/2026 12:28,15.125,0.001,7.88
08/09/2026 11:58,14.625,0.001,7.88
08/09/2026 11:28,14.375,0.001,7.89
08/09/2026 10:58,13.875,0.001,7.88
08/09/2026 10:28,14.25,0.001,7.88
08/09/2026 09:58,14.875,0.001,7.88
08/09/2026 09:28,15.375,0.002,7.88
08/09/2026 08:58,15.875,0.002,7.88
08/09/2026 08:28,16.25,0.002,7.88
08/09/2026 07:58,16,0.002,7.88
08/09/2026 07:28,15.875,0.002,7.87
08/09/2026 06:58,15.75,0.002,7.87
08/09/2026 06:28,16.625,0.002,7.87
08/09/2026 05:58,16.625,0.002,7.87
08/09/2026 05:28,15.625,0.002,7.87
08/09/2026 04:58,15.5,0.002,7.87
08/09/2026 04:28,15.375,0.002,7.87
08/09/2026 03:58,15.125,0.002,7.87
08/09/2026 03:28,15.25,0.001,7.86
08/09/2026 02:58,15.125,0.001,7.86
08/09/2026 02:28,14.875,0.001,7.86
08/09/2026 01:58,14.625,0.001,7.86
08/09/2026 01:28,14.5,0.001,7.86
08/09/2026 00:58,14.125,0.001,7.86
08/09/2026 00:28,14,0.001,7.86
07/09/2026 23:58,13.5,0.001,7.86
07/09/2026 23:28,13.125,0.001,7.86
07/09/2026 22:58,13.375,0.001,7.86
07/09/2026 22:28,13.75,0.001,7.86
07/09/2026 21:58,14.25,0.001,7.87
07/09/2026 21:28,14.75,0.001,7.87
07/09/2026 20:58,15.25,0.002,7.87
07/09/2026 20:28,15.375,0.002,7.88
07/09/2026 19:58,15.125,0.002,7.88
07/09/2026 19:28,14.75,0.001,7.87
07/09/2026 18:58,14.5,0.001,7.87
07/09/2026 18:28,14,0.001,7.87
07/09/2026 17:58,13.625,0.001,7.86
07/09/2026 17:28,13.25,0.001,7.86
07/09/2026 16:58,13.125,0.001,7.86
07/09/2026 16:28,13.125,0.001,7.86
07/09/2026 15:58,13.375,0.001,7.86
07/09/2026 15:28,13.625,0.001,7.86
07/09/2026 14:58,14,0.001,7.86
07/09/2026 14:28,14.375,0.001,7.86
07/09/2026 13:58,14.75,0.001,7.87
07/09/2026 13:28,15.5,0.002,7.87
07/09/2026 12:58,15.25,0.002,7.87
07/09/2026 12:28,13.75,0.002,7.87
07/09/2026 11:58,14.25,0.001,7.88
07/09/2026 11:28,13.625,0.001,7.89
07/09/2026 10:58,13.5,0.001,7.9
07/09/2026 10:28,13.75,0.001,7.9
07/09/2026 09:58,14.5,0.001,7.91
07/09/2026 09:28,15.125,0.002,7.92
07/09/2026 08:58,16.625,0.002,7.92
07/09/2026 08:28,16,0.002,7.92
07/09/2026 07:58,15.875,0.002,7.92
07/09/2026 07:28,15.75,0.002,7.92
07/09/2026 06:58,15.75,0.002,7.92
07/09/2026 06:28,15.75,0.001,7.92
07/09/2026 05:58,15.75,0.002,7.92
07/09/2026 05:28,15.625,0.002,7.92
07/09/2026 04:58,14.75,0.001,7.92
07/09/2026 04:28,15.625,0.002,7.92
07/09/2026 03:58,15.625,0.002,7.92
07/09/2026 03:28,15.375,0.002,7.92
07/09/2026 02:58,15.5,0.001,7.92
07/09/2026 02:28,15.375,0.002,7.92
07/09/2026 01:58,15.125,0.002,7.92
07/09/2026 01:28,15.125,0.001,7.92
07/09/2026 00:58,15,0.001,7.92
07/09/2026 00:28,14.75,0.002,7.92
06/09/2026 23:58,14.5,0.001,7.92
06/09/2026 23:28,14.25,0.001,7.92
06/09/2026 22:58,14,0.001,7.92
06/09/2026 22:28,13.75,0.001,7.92
06/09/2026 21:58,13.375,0.001,7.92
06/09/2026 21:28,13.125,0.001,7.92
06/09/2026 20:58,12.875,0.001,7.92
06/09/2026 20:28,13.125,0.001,7.93
06/09/2026 19:58,13.75,0.001,7.93
06/09/2026 19:28,14.375,0.001,7.94
06/09/2026 18:58,14.875,0.001,7.95
06/09/2026 18:28,15.5,0.002,7.95
06/09/2026 17:58,15.375,0.002,7.95
06/09/2026 17:28,15.125,0.002,7.95
06/09/2026 16:58,14.875,0.002,7.94
06/09/2026 16:28,14.5,0.001,7.94
06/09/2026 15:58,14.125,0.001,7.93
06/09/2026 15:28,13.625,0.001,7.93
06/09/2026 14:58,14,0.001,7.93
06/09/2026 14:28,14.375,0.002,7.93
06/09/2026 13:58,15,0.002,7.93
06/09/2026 13:28,15.5,0.002,7.94
06/09/2026 12:58,15.375,0.001,7.93
06/09/2026 12:28,15,0.002,7.93
06/09/2026 11:58,13.75,0.001,7.92
06/09/2026 11:28,14.125,0.001,7.92
06/09/2026 10:58,14,0.001,7.92
06/09/2026 10:28,14.5,0.001,7.91
06/09/2026 09:58,14.875,0.001,7.92
06/09/2026 09:28,15.25,0.002,7.92
06/09/2026 08:58,15.875,0.002,7.92
06/09/2026 08:28,15.625,0.002,7.91
06/09/2026 07:58,15.375,0.002,7.91
06/09/2026 07:28,15.25,0.002,7.91
06/09/2026 06:58,15.125,0.002,7.91
06/09/2026 06:28,15,0.002,7.9
06/09/2026 05:58,14.875,0.001,7.9
06/09/2026 05:28,14.625,0.002,7.9
06/09/2026 04:58,14.5,0.001,7.9
06/09/2026 04:28,14.375,0.001,7.9
06/09/2026 03:58,14.125,0.001,7.9
06/09/2026 03:28,13.75,0.001,7.91
06/09/2026 02:58,13.75,0.001,7.9
06/09/2026 02:28,14.5,0.001,7.91
06/09/2026 01:58,15.25,0.002,7.92
06/09/2026 01:28,16,0.002,7.93
06/09/2026 00:58,16.5,0.001,7.93
06/09/2026 00:28,16.25,0.002,7.93
05/09/2026 23:58,16.25,0.002,7.93
05/09/2026 23:28,16.125,0.002,7.93
05/09/2026 22:58,15.875,0.002,7.93
05/09/2026 22:28,15.875,0.002,7.93
05/09/2026 21:58,15.75,0.002,7.93
05/09/2026 21:28,15.625,0.002,7.93
05/09/2026 20:58,15.5,0.001,7.93
05/09/2026 20:28,15.375,0.002,7.93
05/09/2026 19:58,15.25,0.002,7.93
05/09/2026 19:28,15.125,0.002,7.93
05/09/2026 18:58,15,0.002,7.93
05/09/2026 18:28,14.5,0.002,7.93
05/09/2026 17:58,14.375,0.001,7.93
05/09/2026 17:28,14,0.001,7.93
05/09/2026 16:58,13.625,0.001,7.92
05/09/2026 16:28,12.75,0.001,7.92
05/09/2026 15:58,14,0.001,7.92
05/09/2026 15:28,14.625,0.002,7.92
05/09/2026 14:58,15.25,0.002,7.92
05/09/2026 14:28,15.75,0.002,7.93
05/09/2026 13:58,15.5,0.002,7.92
05/09/2026 13:28,15.375,0.002,7.92
05/09/2026 12:58,14.875,0.002,7.91
05/09/2026 12:28,14.625,0.002,7.91
05/09/2026 11:58,14.125,0.001,7.9
05/09/2026 11:28,13.75,0.001,7.9
05/09/2026 10:58,13.5,0.001,7.89
05/09/2026 10:28,14.125,0.001,7.89
05/09/2026 09:58,14.5,0.001,7.9
05/09/2026 09:28,15.125,0.002,7.9
05/09/2026 08:58,15.875,0.002,7.9
05/09/2026 08:28,16.25,0.002,7.9
05/09/2026 07:58,16.125,0.002,7.9
05/09/2026 07:28,15.875,0.002,7.89
05/09/2026 06:58,16,0.002,7.89
05/09/2026 06:28,14.75,0.002,7.89
05/09/2026 05:58,16.625,0.002,7.89
05/09/2026 05:28,15.75,0.002,7.89
05/09/2026 04:58,15.5,0.002,7.89
05/09/2026 04:28,15.375,0.002,7.89
05/09/2026 03:58,15.5,0.002,7.89
05/09/2026 03:28,15.375,0.002,7.88
05/09/2026 02:58,15.125,0.002,7.89
05/09/2026 02:28,15,0.002,7.88
05/09/2026 01:58,15,0.002,7.88
05/09/2026 01:28,15.625,0.002,7.88
05/09/2026 00:58,14.625,0.002,7.88
05/09/2026 00:28,14.25,0.001,7.88
04/09/2026 23:58,14.125,0.001,7.88
04/09/2026 23:28,13.75,0.001,7.88
04/09/2026 22:58,13.5,0.001,7.88
04/09/2026 22:28,13.625,0.001,7.88
04/09/2026 21:58,14.125,0.002,7.89
04/09/2026 21:28,14.625,0.002,7.89
04/09/2026 20:58,15.375,0.002,7.9
04/09/2026 20:28,15.375,0.002,7.9
04/09/2026 19:58,15.25,0.002,7.9
04/09/2026 19:28,14.875,0.002,7.9
04/09/2026 18:58,15.5,0.002,7.89
04/09/2026 18:28,14.5,0.002,7.89
04/09/2026 17:58,14,0.001,7.89
04/09/2026 17:28,13.625,0.001,7.89
04/09/2026 16:58,13.25,0.001,7.88
04/09/2026 16:28,13.125,0.001,7.88
04/09/2026 15:58,13.25,0.001,7.88
04/09/2026 15:28,13.5,0.001,7.88
04/09/2026 14:58,13.875,0.002,7.88
04/09/2026 14:28,14.125,0.001,7.88
04/09/2026 13:58,14.875,0.002,7.88
04/09/2026 13:28,15.375,0.002,7.89
04/09/2026 12:58,15,0.002,7.89
04/09/2026 12:28,14.75,0.002,7.88
04/09/2026 11:58,14.25,0.001,7.88
04/09/2026 11:28,13.875,0.001,7.87
04/09/2026 10:58,13.5,0.001,7.86
04/09/2026 10:28,13.5,0.001,7.86
04/09/2026 09:58,14,0.002,7.86
04/09/2026 09:28,14.625,0.002,7.86
04/09/2026 08:58,15.25,0.002,7.87
04/09/2026 08:28,15.625,0.002,7.86
04/09/2026 07:58,15.375,0.002,7.86
04/09/2026 07:28,15.25,0.002,7.85
04/09/2026 06:58,14.875,0.002,7.85
04/09/2026 06:28,14.75,0.002,7.85
04/09/2026 05:58,14.75,0.002,7.84
04/09/2026 05:28,14.375,0.002,7.84
04/09/2026 04:58,14.25,0.002,7.84
04/09/2026 04:28,14,0.001,7.84
04/09/2026 03:58,13.75,0.001,7.84
04/09/2026 03:28,13.5,0.001,7.84
04/09/2026 02:58,14.125,0.001,7.84
04/09/2026 02:28,14.625,0.002,7.84
04/09/2026 01:58,15.25,0.002,7.85
04/09/2026 01:28,15.875,0.002,7.85
04/09/2026 00:58,16.375,0.002,7.86
04/09/2026 00:28,16.25,0.002,7.85
03/09/2026 23:58,15.875,0.002,7.85
03/09/2026 23:28,15.75,0.002,7.85
03/09/2026 22:58,16.625,0.002,7.85
03/09/2026 22:28,15.625,0.002,7.85
03/09/2026 21:58,15.375,0.002,7.84
03/09/2026 21:28,15.25,0.002,7.84
03/09/2026 20:58,15,0.002,7.84
03/09/2026 20:28,14.625,0.002,7.84
03/09/2026 19:58,14.375,0.002,7.84
03/09/2026 19:28,13.875,0.001,7.84
03/09/2026 18:58,13.625,0.001,7.84
03/09/2026 18:28,13.375,0.001,7.84
03/09/2026 17:58,13,0.001,7.84
03/09/2026 17:28,12.875,0.001,7.84
03/09/2026 16:58,13,0.001,7.83
03/09/2026 16:28,13.25,0.001,7.84
03/09/2026 15:58,13.625,0.001,7.84
03/09/2026 15:54,13.625,0.001,7.84
03/09/2026 15:28,13.875,0.001,7.85
03/09/2026 14:58,14.125,0.001,7.86
03/09/2026 14:28,14.5,0.002,7.88
03/09/2026 13:58,15,0.002,7.89
03/09/2026 13:28,15.375,0.002,7.9
03/09/2026 12:58,15.125,0.002,7.89
03/09/2026 12:28,14.875,0.002,7.89
03/09/2026 11:58,14.375,0.001,7.88
03/09/2026 11:28,14,0.001,7.88
03/09/2026 10:58,13.375,0.001,7.87
03/09/2026 10:28,13.875,0.001,7.88
03/09/2026 09:58,14.5,0.002,7.88
03/09/2026 09:28,15,0.002,7.88
03/09/2026 08:58,14.75,0.002,7.89
03/09/2026 08:28,15.875,0.002,7.89
03/09/2026 07:58,15.75,0.002,7.89
03/09/2026 07:28,15.625,0.002,7.89
03/09/2026 06:58,15.375,0.002,7.89
03/09/2026 06:28,15.375,0.002,7.88
03/09/2026 05:58,15.125,0.002,7.88
03/09/2026 05:28,15,0.002,7.88
03/09/2026 04:58,15,0.002,7.88
03/09/2026 04:28,14.875,0.002,7.88
03/09/2026 03:58,14.625,0.002,7.88
03/09/2026 03:28,14.375,0.002,7.88
03/09/2026 02:58,14.5,0.002,7.88
03/09/2026 02:28,14.25,0.002,7.88
03/09/2026 01:58,13.875,0.002,7.88
03/09/2026 01:28,13.625,0.001,7.88
03/09/2026 00:58,13.25,0.001,7.88
03/09/2026 00:28,13.5,0.001,7.88
02/09/2026 23:58,14,0.002,7.89
02/09/2026 23:28,13.75,0.002,7.89
02/09/2026 22:58,15.25,0.002,7.9
02/09/2026 22:28,15.5,0.002,7.9
02/09/2026 21:58,15.375,0.002,7.9
02/09/2026 21:28,15.125,0.002,7.9
02/09/2026 20:58,13.75,0.002,7.9
02/09/2026 20:28,14.5,0.002,7.9
02/09/2026 19:58,14.125,0.002,7.9
02/09/2026 19:28,13.75,0.002,7.9
02/09/2026 18:58,13.375,0.001,7.9
02/09/2026 18:28,13,0.001,7.9
02/09/2026 17:58,13.125,0.001,7.89
02/09/2026 17:28,13.125,0.001,7.9
02/09/2026 16:58,13.5,0.001,7.9
02/09/2026 16:28,13.875,0.001,7.9
02/09/2026 15:58,14.125,0.002,7.9
02/09/2026 15:28,14.5,0.002,7.9
02/09/2026 14:58,14.875,0.002,7.9
02/09/2026 14:28,15.25,0.002,7.9
02/09/2026 13:58,14.75,0.002,7.9
02/09/2026 13:28,16,0.002,7.91
02/09/2026 12:58,15.875,0.002,7.91
02/09/2026 12:28,15.625,0.002,7.9
02/09/2026 11:58,15.25,0.002,7.9
02/09/2026 11:28,14.875,0.001,7.9
02/09/2026 10:58,14.75,0.002,7.91
02/09/2026 10:28,15.375,0.002,7.92
02/09/2026 09:58,15.75,0.002,7.93
02/09/2026 09:28,15.75,0.002,7.92
02/09/2026 08:58,15.625,0.002,7.92
02/09/2026 08:28,15.5,0.002,7.91
02/09/2026 07:58,15.25,0.002,7.91
02/09/2026 07:28,15.125,0.002,7.91
02/09/2026 06:58,15,0.002,7.91
02/09/2026 06:28,13.75,0.002,7.91
02/09/2026 05:58,14.375,0.002,7.9
02/09/2026 05:28,14.375,0.002,7.91
02/09/2026 04:58,14.125,0.002,7.9
02/09/2026 04:28,13.875,0.002,7.91
02/09/2026 03:58,12.75,0.002,7.9
02/09/2026 03:28,13.5,0.001,7.9
02/09/2026 02:58,13.75,0.002,7.91
02/09/2026 02:28,14.5,0.002,7.91
02/09/2026 01:58,15,0.002,7.92
02/09/2026 01:28,15.75,0.002,7.93
02/09/2026 00:58,16,0.002,7.93
02/09/2026 00:28,15.875,0.002,7.93
01/09/2026 23:58,15.875,0.002,7.93
01/09/2026 23:28,15.75,0.002,7.93
01/09/2026 22:58,15.625,0.002,7.93
01/09/2026 22:28,15.375,0.002,7.93
01/09/2026 21:58,15.125,0.002,7.93
01/09/2026 21:28,14.875,0.002,7.93
01/09/2026 20:58,14.875,0.002,7.93
01/09/2026 20:28,14.5,0.002,7.93
01/09/2026 19:58,14.125,0.002,7.93
01/09/2026 19:28,12.75,0.002,7.93
01/09/2026 18:58,13.5,0.001,7.93
01/09/2026 18:28,13.125,0.001,7.93
01/09/2026 17:58,13.125,0.001,7.93
01/09/2026 17:28,13.375,0.001,7.93
01/09/2026 16:58,13.5,0.002,7.93
01/09/2026 16:28,13.875,0.002,7.94
01/09/2026 15:58,14.375,0.002,7.94
01/09/2026 15:28,14.625,0.002,7.94
01/09/2026 14:58,15.25,0.002,7.94
01/09/2026 14:28,15.75,0.002,7.94
01/09/2026 13:58,15.5,0.002,7.94
01/09/2026 13:28,15.375,0.002,7.94
01/09/2026 12:58,15,0.002,7.93
01/09/2026 12:28,14.75,0.002,7.93
01/09/2026 11:58,14.375,0.002,7.92
01/09/2026 11:28,14,0.001,7.92
01/09/2026 10:58,13.625,0.002,7.92
01/09/2026 10:28,14.625,0.002,7.91
01/09/2026 09:58,14.25,0.002,7.92
01/09/2026 09:28,15.125,0.002,7.92
01/09/2026 08:58,14.75,0.002,7.92
01/09/2026 08:28,16,0.002,7.92
01/09/2026 07:58,15.75,0.002,7.92
01/09/2026 07:28,15.625,0.002,7.92
01/09/2026 06:58,15.75,0.002,7.91
01/09/2026 06:28,15.75,0.002,7.91
01/09/2026 05:58,15.5,0.002,7.92
01/09/2026 05:28,15.5,0.002,7.92
01/09/2026 04:58,15.25,0.002,7.91
01/09/2026 04:28,15.375,0.002,7.92
01/09/2026 03:58,15.25,0.002,7.92
01/09/2026 03:28,15.125,0.002,7.92
01/09/2026 02:58,15,0.002,7.92
01/09/2026 02:28,14.875,0.002,7.92
01/09/2026 01:58,14.5,0.002,7.92
01/09/2026 01:28,14.5,0.002,7.92
01/09/2026 00:58,14.25,0.002,7.92
01/09/2026 00:28,14,0.002,7.92
31/08/2026 23:58,12.875,0.002,7.92
31/08/2026 23:28,13.5,0.002,7.92
31/08/2026 22:58,12.75,0.002,7.92
31/08/2026 22:28,14.25,0.002,7.93
31/08/2026 21:58,14.875,0.002,7.93
31/08/2026 21:28,15.375,0.002,7.94
31/08/2026 20:58,15.375,0.002,7.94
31/08/2026 20:28,15.25,0.002,7.94
31/08/2026 19:58,15,0.002,7.94
31/08/2026 19:28,14.75,0.002,7.94
31/08/2026 18:58,14.375,0.002,7.94
31/08/2026 18:28,14,0.002,7.94
31/08/2026 17:58,13.75,0.002,7.94
31/08/2026 17:28,13.5,0.002,7.93
31/08/2026 16:58,13.25,0.002,7.93
31/08/2026 16:28,13.625,0.002,7.93
31/08/2026 15:58,14,0.002,7.93
31/08/2026 15:28,14.5,0.002,7.93
31/08/2026 14:58,14.875,0.002,7.94
31/08/2026 14:28,15.375,0.002,7.94
31/08/2026 13:58,15.875,0.002,7.94
31/08/2026 13:28,16.5,0.002,7.94
31/08/2026 12:58,16.375,0.002,7.94
31/08/2026 12:28,16,0.002,7.93
31/08/2026 11:58,15.875,0.002,7.93
31/08/2026 11:28,14.75,0.002,7.93
31/08/2026 10:58,15.75,0.002,7.92
31/08/2026 10:28,16,0.002,7.92
31/08/2026 09:58,15.75,0.002,7.92
31/08/2026 09:28,16.625,0.002,7.92
31/08/2026 08:58,14.75,0.002,7.91
31/08/2026 08:28,15.5,0.002,7.91
31/08/2026 07:58,15.625,0.002,7.91
31/08/2026 07:28,15.375,0.002,7.91
31/08/2026 06:58,15.375,0.002,7.91
31/08/2026 06:28,15.25,0.002,7.91
31/08/2026 05:58,15.25,0.002,7.91
31/08/2026 05:28,15.125,0.002,7.91
31/08/2026 04:58,15,0.002,7.91
31/08/2026 04:28,15.125,0.002,7.91
31/08/2026 03:58,15,0.002,7.91
31/08/2026 03:28,14.875,0.002,7.91
31/08/2026 02:58,14.75,0.002,7.91
31/08/2026 02:28,14.75,0.002,7.92
31/08/2026 01:58,13.75,0.002,7.92
31/08/2026 01:28,14.375,0.002,7.92
31/08/2026 00:58,14.375,0.002,7.92
31/08/2026 00:28,14.125,0.002,7.92
30/08/2026 23:58,13.75,0.002,7.92
30/08/2026 23:28,13.625,0.002,7.92
30/08/2026 22:58,13.625,0.002,7.92
30/08/2026 22:28,14.375,0.002,7.93
30/08/2026 21:58,15.125,0.002,7.93
30/08/2026 21:28,15.375,0.002,7.94
30/08/2026 20:58,15.125,0.002,7.94
30/08/2026 20:28,15,0.002,7.94
30/08/2026 19:58,14.625,0.002,7.94
30/08/2026 19:28,14.5,0.002,7.94
30/08/2026 18:58,14.5,0.002,7.94
30/08/2026 18:28,14,0.002,7.94
30/08/2026 17:58,13.625,0.002,7.94
30/08/2026 17:28,13.25,0.001,7.93
30/08/2026 16:58,13.25,0.002,7.93
30/08/2026 16:28,13.5,0.002,7.93
30/08/2026 15:58,14.125,0.002,7.93
30/08/2026 15:28,14.375,0.002,7.94
30/08/2026 14:58,14.75,0.002,7.94
30/08/2026 14:28,15.375,0.002,7.94
30/08/2026 13:58,15.875,0.002,7.94
30/08/2026 13:28,16.5,0.002,7.94
30/08/2026 12:58,16.25,0.002,7.94
30/08/2026 12:28,15.875,0.002,7.93
30/08/2026 11:58,16.625,0.002,7.93
30/08/2026 11:28,15.5,0.002,7.92
30/08/2026 10:58,15.5,0.002,7.92
30/08/2026 10:28,15.75,0.002,7.92
30/08/2026 09:58,15.875,0.002,7.92
30/08/2026 09:28,16.625,0.002,7.92
30/08/2026 08:58,15.625,0.002,7.91
30/08/2026 08:28,15.5,0.002,7.91
30/08/2026 07:58,15.5,0.002,7.91
30/08/2026 07:28,15.25,0.001,7.9
30/08/2026 06:58,15.125,0.002,7.9
30/08/2026 06:28,14.875,0.002,7.9
30/08/2026 05:58,14.75,0.002,7.9
30/08/2026 05:28,14.75,0.002,7.9
30/08/2026 04:58,14.625,0.002,7.9
30/08/2026 04:28,14.625,0.002,7.9
30/08/2026 03:58,14.5,0.002,7.9
30/08/2026 03:28,14.25,0.002,7.91
30/08/2026 02:58,14.25,0.002,7.91
30/08/2026 02:28,14.25,0.002,7.91
30/08/2026 01:58,15.125,0.002,7.91
30/08/2026 01:28,16,0.002,7.92
30/08/2026 00:58,16.5,0.002,7.93
30/08/2026 00:28,16.375,0.002,7.93
29/08/2026 23:58,16.375,0.002,7.93
29/08/2026 23:28,16.375,0.002,7.93
29/08/2026 22:58,16.25,0.002,7.93
29/08/2026 22:28,16.125,0.002,7.93
29/08/2026 21:58,16,0.002,7.93
29/08/2026 21:28,15.875,0.002,7.93
29/08/2026 20:58,15.75,0.002,7.93
29/08/2026 20:28,15.625,0.002,7.93
29/08/2026 19:58,15.5,0.002,7.93
29/08/2026 19:28,15.375,0.002,7.93
29/08/2026 18:58,15.25,0.002,7.93
29/08/2026 18:28,14.75,0.002,7.93
29/08/2026 17:58,14.625,0.002,7.93
29/08/2026 17:28,14.125,0.002,7.92
29/08/2026 16:58,13.625,0.002,7.92
29/08/2026 16:28,12.75,0.002,7.92
29/08/2026 15:58,14.25,0.002,7.93
29/08/2026 15:28,14.625,0.002,7.93
29/08/2026 14:58,15.25,0.002,7.93
29/08/2026 14:28,16.625,0.002,7.93
29/08/2026 13:58,16,0.002,7.93
29/08/2026 13:28,15.75,0.002,7.94
29/08/2026 12:58,15.75,0.002,7.93
29/08/2026 12:28,16.375,0.002,7.93
29/08/2026 11:58,16.25,0.002,7.92
29/08/2026 11:28,15.875,0.002,7.92
29/08/2026 10:58,15.875,0.002,7.91
29/08/2026 10:28,15.875,0.002,7.91
29/08/2026 09:58,15.75,0.002,7.91
29/08/2026 09:28,16.625,0.002,7.9
29/08/2026 08:58,15.625,0.002,7.9
29/08/2026 08:28,15.375,0.002,7.89
29/08/2026 07:58,15.375,0.002,7.89
29/08/2026 07:28,15.125,0.002,7.89
29/08/2026 06:58,15.125,0.002,7.89
29/08/2026 06:28,15.125,0.002,7.89
29/08/2026 05:58,15.125,0.002,7.89
29/08/2026 05:28,14.75,0.002,7.89
29/08/2026 04:58,14.75,0.002,7.89
29/08/2026 04:28,14.75,0.002,7.89
29/08/2026 03:58,14.625,0.002,7.89
29/08/2026 03:28,14.375,0.002,7.89
29/08/2026 02:58,14.5,0.002,7.89
29/08/2026 02:28,14.375,0.002,7.89
29/08/2026 01:58,14.125,0.002,7.89
29/08/2026 01:28,14,0.002,7.89
29/08/2026 00:58,13.75,0.002,7.89
29/08/2026 00:28,14.625,0.002,7.89
28/08/2026 23:58,14.375,0.002,7.89
28/08/2026 23:28,15.125,0.002,7.9
28/08/2026 22:58,15.5,0.002,7.91
28/08/2026 22:28,15.75,0.002,7.91
28/08/2026 21:58,15.625,0.002,7.91
28/08/2026 21:28,15.5,0.002,7.91
28/08/2026 20:58,15.5,0.002,7.92
28/08/2026 20:28,15.375,0.002,7.92
28/08/2026 19:58,15.125,0.002,7.93
28/08/2026 19:28,15.125,0.002,7.93
28/08/2026 18:58,14.875,0.002,7.94
28/08/2026 18:28,15.625,0.002,7.94
28/08/2026 17:58,14.375,0.002,7.94
28/08/2026 17:28,14,0.002,7.94
28/08/2026 16:58,13.75,0.002,7.94
28/08/2026 16:28,13.375,0.002,7.94
28/08/2026 15:58,12.75,0.002,7.94
28/08/2026 15:28,14.25,0.002,7.94
28/08/2026 14:58,15.625,0.002,7.94
28/08/2026 14:28,15.25,0.002,7.95
28/08/2026 13:58,15.75,0.002,7.95
28/08/2026 13:28,16.375,0.002,7.95
28/08/2026 12:58,16.25,0.002,7.95
28/08/2026 12:28,16,0.002,7.94
28/08/2026 11:58,15.75,0.002,7.94
28/08/2026 11:28,15.625,0.002,7.94
28/08/2026 10:58,16.625,0.002,7.93
28/08/2026 10:28,15.875,0.002,7.93
28/08/2026 09:58,15.75,0.002,7.93
28/08/2026 09:28,16.625,0.002,7.93
28/08/2026 08:58,15.625,0.002,7.92
28/08/2026 08:28,15.375,0.002,7.92
28/08/2026 07:58,15.25,0.002,7.92
28/08/2026 07:28,15.25,0.002,7.91
28/08/2026 06:58,15.25,0.002,7.91
28/08/2026 06:28,15,0.002,7.91
28/08/2026 05:58,14.875,0.002,7.91
28/08/2026 05:28,14.75,0.002,7.91
28/08/2026 04:58,14.75,0.002,7.91
28/08/2026 04:28,14.625,0.002,7.91
28/08/2026 03:58,14.5,0.002,7.91
28/08/2026 03:28,14.5,0.002,7.91
28/08/2026 02:58,14.125,0.002,7.91
28/08/2026 02:28,13.875,0.002,7.91
28/08/2026 01:58,13.875,0.002,7.91
28/08/2026 01:28,14.625,0.002,7.91
28/08/2026 00:58,14.375,0.002,7.92
28/08/2026 00:28,15,0.002,7.92
27/08/2026 23:58,15.625,0.002,7.92
27/08/2026 23:28,15.5,0.002,7.93
27/08/2026 22:58,15.375,0.002,7.93
27/08/2026 22:28,15.25,0.002,7.93
27/08/2026 21:58,15.25,0.002,7.93
27/08/2026 21:28,15.125,0.002,7.93
27/08/2026 20:58,15,0.002,7.93
27/08/2026 20:28,15.625,0.002,7.93
27/08/2026 19:58,14.625,0.002,7.93
27/08/2026 19:28,14.25,0.002,7.93
27/08/2026 18:58,14,0.002,7.93
27/08/2026 18:28,13.75,0.002,7.93
27/08/2026 17:58,13.375,0.002,7.92
27/08/2026 17:28,13.375,0.002,7.92
27/08/2026 16:58,13.75,0.002,7.92
27/08/2026 16:28,14.5,0.002,7.93
27/08/2026 15:58,15,0.002,7.93
27/08/2026 15:28,15.625,0.002,7.93
27/08/2026 14:58,15.75,0.002,7.93
27/08/2026 14:28,15.75,0.002,7.93
27/08/2026 13:58,15.375,0.002,7.92
27/08/2026 13:28,15.25,0.002,7.92
27/08/2026 12:58,15,0.002,7.92
27/08/2026 12:28,14.625,0.002,7.91
27/08/2026 11:58,14.25,0.002,7.91
27/08/2026 11:28,14,0.002,7.9
27/08/2026 10:58,12.75,0.002,7.9
27/08/2026 10:28,13.875,0.002,7.9
27/08/2026 09:58,14.625,0.002,7.9
27/08/2026 09:28,15.125,0.002,7.9
27/08/2026 08:58,15.75,0.002,7.9
27/08/2026 08:28,16.125,0.002,7.91
27/08/2026 07:58,16,0.002,7.9
27/08/2026 07:28,15.75,0.002,7.9
27/08/2026 06:58,16.625,0.002,7.89
27/08/2026 06:28,15.625,0.002,7.89
27/08/2026 05:58,15.5,0.002,7.89
27/08/2026 05:28,15.625,0.002,7.89
27/08/2026 04:58,15.5,0.002,7.89
27/08/2026 04:28,15.25,0.002,7.89
27/08/2026 03:58,15.25,0.002,7.89
27/08/2026 03:28,15.125,0.002,7.89
27/08/2026 02:58,15,0.002,7.89
27/08/2026 02:28,15,0.002,7.89
27/08/2026 01:58,14.75,0.002,7.89
27/08/2026 01:28,14.625,0.002,7.89
27/08/2026 00:58,14.25,0.002,7.89
27/08/2026 00:28,14.25,0.002,7.89
26/08/2026 23:58,13.875,0.002,7.89
26/08/2026 23:28,12.75,0.002,7.89
26/08/2026 22:58,13.25,0.002,7.89
26/08/2026 22:28,13.375,0.002,7.89
26/08/2026 21:58,13.875,0.002,7.89
26/08/2026 21:28,14.375,0.002,7.9
26/08/2026 20:58,14.75,0.002,7.9
26/08/2026 20:28,15.5,0.002,7.9
26/08/2026 19:58,15.5,0.002,7.91
26/08/2026 19:28,15.375,0.002,7.91
26/08/2026 18:58,15.125,0.002,7.9
26/08/2026 18:28,15,0.002,7.9
26/08/2026 17:58,14.5,0.002,7.9
26/08/2026 17:28,14,0.002,7.89
26/08/2026 16:58,13.75,0.002,7.89
26/08/2026 16:28,13.25,0.002,7.88
26/08/2026 15:58,13.25,0.002,7.88
26/08/2026 15:28,13.625,0.002,7.88
26/08/2026 14:58,14.125,0.002,7.88
26/08/2026 14:28,14.625,0.002,7.89
26/08/2026 13:58,15.125,0.002,7.89
26/08/2026 13:28,15.5,0.002,7.89
26/08/2026 12:58,15.125,0.002,7.89
26/08/2026 12:28,14.875,0.002,7.89
26/08/2026 11:58,14.375,0.002,7.89
26/08/2026 11:28,14,0.002,7.89
26/08/2026 10:58,13.875,0.002,7.89
26/08/2026 10:28,14.5,0.002,7.9
26/08/2026 09:58,14.875,0.002,7.91
26/08/2026 09:28,15.625,0.002,7.91
26/08/2026 08:58,15.875,0.002,7.91
26/08/2026 08:28,15.875,0.002,7.91
26/08/2026 07:58,16.625,0.002,7.9
26/08/2026 07:28,15.625,0.002,7.9
26/08/2026 06:58,15.625,0.002,7.9
26/08/2026 06:28,15.375,0.002,7.89
26/08/2026 05:58,15.375,0.002,7.89
26/08/2026 05:28,15.375,0.002,7.9
26/08/2026 04:58,15.125,0.002,7.89
26/08/2026 04:28,15,0.002,7.9
26/08/2026 03:58,15,0.002,7.9
26/08/2026 03:28,14.875,0.002,7.9
26/08/2026 02:58,14.75,0.002,7.89
26/08/2026 02:28,14.625,0.002,7.89
26/08/2026 01:58,14.375,0.002,7.89
26/08/2026 01:28,14.25,0.002,7.89
26/08/2026 00:58,14,0.002,7.89
26/08/2026 00:28,14.625,0.002,7.89
25/08/2026 23:58,13.5,0.002,7.89
25/08/2026 23:28,13.25,0.002,7.89
25/08/2026 22:58,12.875,0.002,7.9
25/08/2026 22:28,14.125,0.002,7.9
25/08/2026 21:58,14.75,0.002,7.91
25/08/2026 21:28,15.375,0.002,7.91
25/08/2026 20:58,15.25,0.002,7.91
25/08/2026 20:28,15,0.002,7.91
25/08/2026 19:58,14.75,0.002,7.91
25/08/2026 19:28,14.375,0.002,7.91
25/08/2026 18:58,14.125,0.002,7.9
25/08/2026 18:28,13.75,0.002,7.9
25/08/2026 17:58,13.25,0.002,7.9
25/08/2026 17:28,13,0.002,7.9
25/08/2026 16:58,13.125,0.002,7.9
25/08/2026 16:28,13.375,0.002,7.9
25/08/2026 15:58,13.625,0.002,7.9
25/08/2026 15:28,14,0.002,7.9
25/08/2026 14:58,14.5,0.002,7.9
25/08/2026 14:28,15,0.002,7.91
25/08/2026 13:58,15.5,0.002,7.91
25/08/2026 13:28,16,0.002,7.92
25/08/2026 12:58,14.75,0.002,7.92
25/08/2026 12:28,15.5,0.002,7.92
25/08/2026 11:58,15.25,0.002,7.92
25/08/2026 11:28,15,0.002,7.92
25/08/2026 10:58,15,0.002,7.92
25/08/2026 10:28,15.5,0.002,7.92
25/08/2026 09:58,16.625,0.002,7.92
25/08/2026 09:28,15.625,0.002,7.92
25/08/2026 08:58,15.5,0.002,7.92
25/08/2026 08:28,15.375,0.002,7.91
25/08/2026 07:58,15.25,0.002,7.91
25/08/2026 07:28,15.125,0.002,7.91
25/08/2026 06:58,14.875,0.002,7.9
25/08/2026 06:28,13.75,0.002,7.9
25/08/2026 05:58,14.5,0.002,7.9
25/08/2026 05:28,14.375,0.002,7.9
25/08/2026 04:58,14.25,0.001,7.9
25/08/2026 04:28,14.125,0.002,7.9
25/08/2026 03:58,14,0.002,7.9
25/08/2026 03:28,13.75,0.002,7.9
25/08/2026 02:58,14.25,0.002,7.91
25/08/2026 02:28,15.25,0.002,7.91
25/08/2026 01:58,15.75,0.002,7.92
25/08/2026 01:28,16.75,0.002,7.93
25/08/2026 00:58,17.25,0.002,7.93
25/08/2026 00:28,17.25,0.002,7.93
24/08/2026 23:58,17.25,0.002,7.93
24/08/2026 23:28,17.125,0.002,7.93
24/08/2026 22:58,17,0.002,7.93
24/08/2026 22:28,17,0.002,7.93
24/08/2026 21:58,16.75,0.002,7.93
24/08/2026 21:28,16.625,0.002,7.93
24/08/2026 20:58,16.5,0.002,7.93
24/08/2026 20:28,16.5,0.002,7.93
24/08/2026 19:58,16.375,0.002,7.93
24/08/2026 19:28,16.125,0.002,7.93
24/08/2026 18:58,16,0.002,7.93
24/08/2026 18:28,14.75,0.002,7.93
24/08/2026 17:58,15.625,0.002,7.92
24/08/2026 17:28,15.25,0.002,7.92
24/08/2026 16:58,14.875,0.002,7.92
24/08/2026 16:28,14.5,0.002,7.91
24/08/2026 15:58,14.375,0.002,7.91
24/08/2026 15:28,13.75,0.002,7.91
24/08/2026 14:58,15.125,0.002,7.92
24/08/2026 14:28,15.625,0.002,7.93
24/08/2026 13:58,15.625,0.002,7.93
24/08/2026 13:28,15.375,0.002,7.93
24/08/2026 12:58,15.125,0.002,7.93
24/08/2026 12:28,14.625,0.002,7.93
24/08/2026 11:58,14.25,0.002,7.94
24/08/2026 11:28,13.875,0.002,7.93
24/08/2026 10:58,13.75,0.001,7.93
24/08/2026 10:28,14.5,0.002,7.93
24/08/2026 09:58,14.875,0.002,7.93
24/08/2026 09:28,16.625,0.002,7.94
24/08/2026 08:58,15.75,0.002,7.94
24/08/2026 08:28,15.75,0.002,7.93
24/08/2026 07:58,15.625,0.002,7.93
24/08/2026 07:28,15.5,0.002,7.93
24/08/2026 06:58,15.375,0.002,7.93
24/08/2026 06:28,15.375,0.002,7.93
24/08/2026 05:58,15.125,0.002,7.93
24/08/2026 05:28,15.125,0.002,7.93
24/08/2026 04:58,15,0.002,7.93
24/08/2026 04:28,14.875,0.002,7.93
24/08/2026 03:58,14.875,0.002,7.93
24/08/2026 03:28,14.625,0.002,7.93
24/08/2026 02:58,13.75,0.002,7.93
24/08/2026 02:28,14.375,0.002,7.93
24/08/2026 01:58,14.25,0.002,7.93
24/08/2026 01:28,14,0.002,7.93
24/08/2026 00:58,13.875,0.002,7.93
24/08/2026 00:28,13.75,0.002,7.93
23/08/2026 23:58,13.375,0.002,7.93
23/08/2026 23:28,13.375,0.002,7.93
23/08/2026 22:58,13.75,0.002,7.94
23/08/2026 22:28,14.5,0.002,7.94
23/08/2026 21:58,15.125,0.002,7.95
23/08/2026 21:28,15.375,0.002,7.95
23/08/2026 20:58,15.25,0.002,7.95
23/08/2026 20:28,15,0.002,7.95
23/08/2026 19:58,14.75,0.002,7.95
23/08/2026 19:28,14.5,0.002,7.95
23/08/2026 18:58,14.375,0.002,7.95
23/08/2026 18:28,14,0.002,7.95
23/08/2026 17:58,13.5,0.002,7.94
23/08/2026 17:28,13.125,0.002,7.94
23/08/2026 16:58,13.125,0.002,7.94
23/08/2026 16:28,13.5,0.002,7.94
23/08/2026 15:58,13.875,0.002,7.94
23/08/2026 15:28,14.25,0.002,7.94
23/08/2026 14:58,13.75,0.002,7.94
23/08/2026 14:28,15.125,0.002,7.94
23/08/2026 13:58,15.625,0.002,7.94
23/08/2026 13:28,16.125,0.002,7.94
23/08/2026 12:58,15.875,0.002,7.94
23/08/2026 12:28,15.75,0.002,7.94
23/08/2026 11:58,15.625,0.002,7.93
23/08/2026 11:28,15.375,0.002,7.93
23/08/2026 10:58,15.375,0.002,7.92
23/08/2026 10:28,15.875,0.002,7.93
23/08/2026 09:58,15.875,0.002,7.92
23/08/2026 09:28,16.625,0.002,7.92
23/08/2026 08:58,15.5,0.002,7.91
23/08/2026 08:28,15.5,0.002,7.91
23/08/2026 07:58,15.375,0.002,7.91
23/08/2026 07:28,15.125,0.002,7.9
23/08/2026 06:58,15.125,0.002,7.9
23/08/2026 06:28,15,0.002,7.9
23/08/2026 05:58,14.875,0.002,7.9
23/08/2026 05:28,14.875,0.002,7.9
23/08/2026 04:58,14.625,0.002,7.9
23/08/2026 04:28,14.5,0.002,7.9
23/08/2026 03:58,14.375,0.002,7.9
23/08/2026 03:28,14.25,0.002,7.9
23/08/2026 02:58,14.125,0.002,7.9
23/08/2026 02:28,13.875,0.002,7.9
23/08/2026 01:58,13.625,0.002,7.9
23/08/2026 01:28,13.375,0.002,7.9
23/08/2026 00:58,13.375,0.002,7.9
23/08/2026 00:28,13.75,0.002,7.9
22/08/2026 23:58,14.375,0.002,7.91
22/08/2026 23:28,15,0.002,7.91
22/08/2026 22:58,15.5,0.002,7.91
22/08/2026 22:28,15.5,0.002,7.92
22/08/2026 21:58,15.375,0.002,7.92
22/08/2026 21:28,15.25,0.002,7.91
22/08/2026 20:58,15,0.002,7.91
22/08/2026 20:28,14.625,0.002,7.91
22/08/2026 19:58,14.625,0.002,7.91
22/08/2026 19:28,14.25,0.002,7.91
22/08/2026 18:58,13.875,0.002,7.91
22/08/2026 18:28,13.625,0.002,7.91
22/08/2026 17:58,13.125,0.002,7.9
22/08/2026 17:28,13.125,0.002,7.9
22/08/2026 16:58,13.5,0.002,7.9
22/08/2026 16:28,13.875,0.002,7.9
22/08/2026 15:58,14.125,0.002,7.9
22/08/2026 15:28,14.5,0.002,7.9
22/08/2026 14:58,14.875,0.002,7.9
22/08/2026 14:28,15.375,0.002,7.9
22/08/2026 13:58,14.75,0.002,7.89
22/08/2026 13:28,15.375,0.002,7.89
22/08/2026 12:58,15,0.002,7.88
22/08/2026 12:28,13.875,0.002,7.88
22/08/2026 11:58,14.5,0.002,7.87
22/08/2026 11:28,13.875,0.002,7.86
22/08/2026 10:58,13.875,0.002,7.86
22/08/2026 10:28,14.5,0.002,7.86
22/08/2026 09:58,15,0.002,7.85
22/08/2026 09:28,14.75,0.002,7.86
22/08/2026 08:58,15.875,0.002,7.85
22/08/2026 08:28,16.625,0.002,7.85
22/08/2026 07:58,14.75,0.002,7.84
22/08/2026 07:28,15.5,0.002,7.84
22/08/2026 06:58,15.375,0.002,7.83
22/08/2026 06:28,15.375,0.002,7.83
22/08/2026 05:58,15.375,0.002,7.83
22/08/2026 05:28,15.25,0.002,7.82
22/08/2026 04:58,15.125,0.002,7.82
22/08/2026 04:28,15.125,0.002,7.82
22/08/2026 03:58,15,0.002,7.81
22/08/2026 03:28,14.75,0.002,7.81
22/08/2026 02:58,13.75,0.002,7.81
22/08/2026 02:28,14.625,0.002,7.8
22/08/2026 01:58,14.375,0.002,7.8
22/08/2026 01:28,14.25,0.002,7.8
22/08/2026 00:58,13.875,0.002,7.79
22/08/2026 00:28,14.625,0.002,7.79
21/08/2026 23:58,13.375,0.002,7.79
21/08/2026 23:28,13.375,0.002,7.78
21/08/2026 22:58,14,0.002,7.79
21/08/2026 22:28,14.375,0.002,7.79
21/08/2026 21:58,15,0.002,7.79
21/08/2026 21:28,15.375,0.002,7.79
21/08/2026 20:58,15.25,0.002,7.79
21/08/2026 20:28,15,0.002,7.78
21/08/2026 19:58,14.75,0.002,7.78
21/08/2026 19:28,14.375,0.002,7.78
21/08/2026 18:58,14,0.002,7.77
21/08/2026 18:28,13.75,0.002,7.77
21/08/2026 17:58,13.375,0.002,7.76
21/08/2026 17:28,13,0.002,7.76
21/08/2026 16:58,13.125,0.002,7.76
21/08/2026 16:28,13.5,0.002,7.76
21/08/2026 15:58,13.625,0.002,7.77
21/08/2026 15:28,13.875,0.002,7.77
21/08/2026 14:58,14.375,0.002,7.79
21/08/2026 14:28,14.75,0.002,7.8
21/08/2026 13:58,15.25,0.002,7.81
21/08/2026 13:28,15.625,0.002,7.82
21/08/2026 12:58,15.5,0.002,7.82
21/08/2026 12:28,15.125,0.002,7.82
21/08/2026 11:58,14.875,0.002,7.83
21/08/2026 11:28,14.25,0.002,7.85
21/08/2026 10:58,14.25,0.002,7.87
21/08/2026 10:28,14.75,0.002,7.89
21/08/2026 09:58,15.375,0.002,7.9
21/08/2026 09:28,15.25,0.002,7.91
21/08/2026 08:58,16,0.002,7.91
21/08/2026 08:28,16.125,0.002,7.91
21/08/2026 07:58,16,0.002,7.9
21/08/2026 07:28,15.75,0.002,7.9
21/08/2026 06:58,15.75,0.002,7.89
21/08/2026 06:28,14.75,0.002,7.89
21/08/2026 05:58,15.625,0.002,7.89
21/08/2026 05:28,15.5,0.002,7.89
21/08/2026 04:58,15.375,0.002,7.89
21/08/2026 04:28,15.25,0.002,7.88
21/08/2026 03:58,15.125,0.002,7.88
21/08/2026 03:28,15,0.002,7.88
21/08/2026 02:58,14.875,0.002,7.88
21/08/2026 02:28,14.75,0.002,7.88
21/08/2026 01:58,14.375,0.002,7.88
21/08/2026 01:28,14.25,0.002,7.88
21/08/2026 00:58,13.875,0.002,7.88
21/08/2026 00:28,13.625,0.002,7.88
20/08/2026 23:58,13.375,0.002,7.88
20/08/2026 23:28,13.125,0.002,7.88
20/08/2026 22:58,13.5,0.002,7.88
20/08/2026 22:28,13.875,0.002,7.89
20/08/2026 21:58,14.25,0.002,7.89
20/08/2026 21:28,14.75,0.002,7.9
20/08/2026 20:58,15.25,0.002,7.9
20/08/2026 20:28,15.125,0.002,7.9
20/08/2026 19:58,15.125,0.002,7.9
20/08/2026 19:28,15.625,0.002,7.9
20/08/2026 18:58,14.375,0.002,7.9
20/08/2026 18:28,13.875,0.002,7.91
20/08/2026 17:58,13.5,0.002,7.91
20/08/2026 17:28,13.125,0.002,7.92
20/08/2026 16:58,13.25,0.002,7.92
20/08/2026 16:28,13.625,0.002,7.93
20/08/2026 15:58,13.75,0.002,7.92
20/08/2026 15:28,14.25,0.002,7.93
20/08/2026 14:58,14.625,0.002,7.93
20/08/2026 14:28,15.25,0.002,7.92
20/08/2026 13:58,15.625,0.002,7.92
20/08/2026 13:28,15.75,0.002,7.92
20/08/2026 12:58,15.375,0.002,7.92
20/08/2026 12:28,15,0.002,7.91
20/08/2026 11:58,13.75,0.002,7.91
20/08/2026 11:28,14.125,0.002,7.91
20/08/2026 10:58,14.125,0.002,7.91
20/08/2026 10:58,14.125,0.002,7.91
20/08/2026 10:28,13.875,0.002,7.91
20/08/2026 09:58,14.375,0.002,7.92
20/08/2026 09:28,14.875,0.002,7.93
20/08/2026 08:58,15.5,0.002,7.93
20/08/2026 08:28,14.75,0.002,7.93
20/08/2026 07:58,15.5,0.002,7.92
20/08/2026 07:28,15.375,0.002,7.92
20/08/2026 06:58,15.25,0.002,7.91
20/08/2026 06:28,15.125,0.002,7.91
20/08/2026 05:58,14.75,0.002,7.91
20/08/2026 05:28,14.625,0.002,7.91
20/08/2026 04:58,14.5,0.002,7.9
20/08/2026 04:28,14.125,0.002,7.9
20/08/2026 03:58,13.875,0.002,7.9
20/08/2026 03:28,13.875,0.002,7.9
20/08/2026 02:58,14.625,0.002,7.91
20/08/2026 02:28,15.25,0.002,7.91
20/08/2026 01:58,15.625,0.002,7.91
20/08/2026 01:28,16.5,0.002,7.92
20/08/2026 00:58,16.875,0.002,7.92
20/08/2026 00:28,16.625,0.002,7.92
19/08/2026 23:58,16.625,0.002,7.92
19/08/2026 23:28,16.5,0.002,7.92
19/08/2026 22:58,16.5,0.002,7.91
19/08/2026 22:28,16.25,0.002,7.91
19/08/2026 21:58,16,0.002,7.91
19/08/2026 21:28,15.875,0.002,7.91
19/08/2026 20:58,15.75,0.002,7.9
19/08/2026 20:28,15.625,0.002,7.9
19/08/2026 19:58,15.5,0.002,7.9
19/08/2026 19:28,15.25,0.002,7.9
19/08/2026 18:58,15,0.002,7.9
19/08/2026 18:28,15.625,0.002,7.89
19/08/2026 17:58,14.375,0.002,7.89
19/08/2026 17:28,14.125,0.002,7.89
19/08/2026 16:58,12.75,0.002,7.89
19/08/2026 16:28,14,0.002,7.89
19/08/2026 15:58,14.375,0.002,7.89
19/08/2026 15:28,14.625,0.002,7.89
19/08/2026 14:58,15.25,0.002,7.89
19/08/2026 14:28,15.5,0.002,7.88
19/08/2026 13:58,15.375,0.002,7.88
19/08/2026 13:28,15.125,0.002,7.87
19/08/2026 12:58,13.875,0.002,7.87
19/08/2026 12:28,14.25,0.002,7.86
19/08/2026 11:58,13.875,0.002,7.86
19/08/2026 11:28,13.625,0.002,7.86
19/08/2026 10:58,13.375,0.002,7.86
19/08/2026 10:28,13.75,0.002,7.87
19/08/2026 09:58,14.375,0.002,7.88
19/08/2026 09:28,14.875,0.002,7.89
19/08/2026 08:58,15.375,0.002,7.89
19/08/2026 08:28,14.75,0.002,7.89
19/08/2026 07:58,15.375,0.002,7.88
19/08/2026 07:28,15.125,0.002,7.88
19/08/2026 06:58,15,0.002,7.87
19/08/2026 06:28,14.75,0.002,7.87
19/08/2026 05:58,14.625,0.002,7.86
19/08/2026 05:28,14.375,0.002,7.86
19/08/2026 04:58,14.125,0.002,7.85
19/08/2026 04:28,14,0.002,7.85
19/08/2026 03:58,13.625,0.002,7.85
19/08/2026 03:28,13.375,0.002,7.85
19/08/2026 02:58,14.625,0.002,7.85
19/08/2026 02:28,14.5,0.002,7.85
19/08/2026 01:58,15,0.002,7.84
19/08/2026 01:28,15.625,0.002,7.85
19/08/2026 00:58,15.875,0.002,7.85
19/08/2026 00:28,15.75,0.002,7.84
18/08/2026 23:58,15.625,0.002,7.84
18/08/2026 23:28,15.375,0.002,7.83
18/08/2026 22:58,15.375,0.002,7.83
18/08/2026 22:28,15,0.002,7.83
18/08/2026 21:58,14.75,0.002,7.82
18/08/2026 21:28,14.5,0.002,7.82
18/08/2026 20:58,14.125,0.002,7.81
18/08/2026 20:28,14.625,0.002,7.81
18/08/2026 19:58,13.375,0.002,7.81
18/08/2026 19:28,13.125,0.002,7.8
18/08/2026 18:58,13,0.002,7.8
18/08/2026 18:28,13.125,0.002,7.8
18/08/2026 17:58,13.25,0.002,7.8
18/08/2026 17:28,13.375,0.002,7.8
18/08/2026 16:58,13.625,0.002,7.8
18/08/2026 16:28,13.875,0.002,7.8
18/08/2026 15:58,14,0.002,7.8
18/08/2026 15:28,14.125,0.002,7.8
18/08/2026 14:58,14.625,0.002,7.81
18/08/2026 14:28,14.875,0.002,7.82
18/08/2026 13:58,15.25,0.002,7.84
18/08/2026 13:28,15.5,0.002,7.86
18/08/2026 12:58,15.375,0.002,7.9
18/08/2026 12:28,15,0.002,7.91
18/08/2026 11:58,13.75,0.002,7.91
18/08/2026 11:28,14.125,0.002,7.91
18/08/2026 10:58,14,0.002,7.91
18/08/2026 10:28,14.625,0.002,7.91
18/08/2026 09:58,15.125,0.002,7.91
18/08/2026 09:28,15.625,0.002,7.91
18/08/2026 08:58,15.875,0.002,7.91
18/08/2026 08:28,16.25,0.002,7.91
18/08/2026 07:58,16,0.002,7.9
18/08/2026 07:28,16,0.002,7.9
18/08/2026 06:58,15.875,0.002,7.9
18/08/2026 06:28,14.75,0.002,7.89
18/08/2026 05:58,15.625,0.002,7.89
18/08/2026 05:28,15.5,0.002,7.89
18/08/2026 04:58,15.375,0.002,7.88
18/08/2026 04:28,15.25,0.002,7.88
18/08/2026 03:58,15.125,0.002,7.88
18/08/2026 03:28,14.875,0.002,7.88
18/08/2026 02:58,14.875,0.002,7.88
18/08/2026 02:28,14.625,0.002,7.88
18/08/2026 01:58,14.5,0.002,7.88
18/08/2026 01:28,14.25,0.002,7.87
18/08/2026 00:58,14,0.002,7.87
18/08/2026 00:28,13.75,0.002,7.87
17/08/2026 23:58,13.625,0.002,7.87
17/08/2026 23:28,13.875,0.002,7.87
17/08/2026 22:58,14.25,0.002,7.87
17/08/2026 22:28,14.75,0.002,7.88
17/08/2026 21:58,15.25,0.002,7.88
17/08/2026 21:28,15.5,0.002,7.88
17/08/2026 20:58,15.375,0.002,7.88
17/08/2026 20:28,15.25,0.002,7.88
17/08/2026 19:58,15,0.002,7.88
17/08/2026 19:28,14.75,0.002,7.88
17/08/2026 18:58,14.5,0.002,7.88
17/08/2026 18:28,14.25,0.002,7.88
17/08/2026 17:58,13.75,0.002,7.88
17/08/2026 17:28,13.375,0.002,7.88
17/08/2026 16:58,13.25,0.002,7.88
17/08/2026 16:28,13.375,0.002,7.89
17/08/2026 15:58,13.625,0.002,7.89
17/08/2026 15:28,13.875,0.002,7.9
17/08/2026 14:58,14.375,0.002,7.91
17/08/2026 14:28,14.75,0.002,7.92
17/08/2026 13:58,15.125,0.002,7.93
17/08/2026 13:28,15.5,0.002,7.94
17/08/2026 12:58,15.375,0.002,7.97
17/08/2026 12:28,15,0.002,7.98
17/08/2026 12:02,14.25,0.002,7.99
17/08/2026 11:58,15.625,0.002,7.99
17/08/2026 11:28,14.25,0.002,7.99
17/08/2026 10:58,14.125,0.002,7.98
17/08/2026 10:28,13.75,0.002,7.98
17/08/2026 09:58,15.25,0.002,7.98
17/08/2026 09:28,14.75,0.002,7.99
17/08/2026 08:58,16.25,0.002,7.99
17/08/2026 08:28,16,0.002,7.98
17/08/2026 07:58,15.875,0.002,7.98
17/08/2026 07:28,15.875,0.002,7.98
17/08/2026 06:58,14.75,0.002,7.98
17/08/2026 06:28,15.625,0.002,7.98
17/08/2026 05:58,15.375,0.002,7.97
17/08/2026 05:28,15.25,0.002,7.97
17/08/2026 04:58,15.25,0.002,7.97
17/08/2026 04:28,15.125,0.002,7.97
17/08/2026 03:58,14.875,0.002,7.97
17/08/2026 03:28,14.75,0.002,7.97
17/08/2026 02:58,14.5,0.002,7.97
17/08/2026 02:28,14.375,0.002,7.97
17/08/2026 01:58,14.125,0.002,7.97
17/08/2026 01:28,13.875,0.002,7.98
17/08/2026 00:58,12.75,0.002,7.97
17/08/2026 00:28,13.625,0.002,7.98
16/08/2026 23:58,13.875,0.002,7.98
16/08/2026 23:28,14.5,0.002,7.98
16/08/2026 22:58,14.875,0.002,7.99
16/08/2026 22:28,15.375,0.002,7.99
16/08/2026 21:58,15.375,0.002,8
16/08/2026 21:28,15.375,0.002,8
16/08/2026 20:58,15.125,0.002,8
16/08/2026 20:28,14.875,0.002,8
16/08/2026 19:58,14.5,0.002,8
16/08/2026 19:28,14.125,0.002,8
16/08/2026 18:58,13.875,0.002,8
16/08/2026 18:28,12.75,0.002,8
16/08/2026 17:58,13.25,0.002,7.99
16/08/2026 17:28,13.25,0.002,7.99
16/08/2026 16:58,13.375,0.002,7.99
16/08/2026 16:28,13.625,0.002,8
16/08/2026 15:58,13.875,0.002,7.99
16/08/2026 15:28,14.25,0.002,7.99
16/08/2026 14:58,15.625,0.002,7.99
16/08/2026 14:28,15,0.002,8
16/08/2026 13:58,15.5,0.002,8
16/08/2026 13:28,15.75,0.002,8
16/08/2026 12:58,15.5,0.002,7.99
16/08/2026 12:28,15.25,0.002,7.99
16/08/2026 11:58,14.875,0.002,7.98
16/08/2026 11:28,14.375,0.002,7.98
16/08/2026 10:58,14.375,0.002,7.98
16/08/2026 10:28,14.75,0.002,7.98
16/08/2026 09:58,15.25,0.002,7.98
16/08/2026 09:28,14.75,0.002,7.98
16/08/2026 08:58,16.125,0.002,7.98
16/08/2026 08:28,16,0.002,7.98
16/08/2026 07:58,15.875,0.002,7.97
16/08/2026 07:28,15.625,0.002,7.97
16/08/2026 06:58,14.75,0.002,7.97
16/08/2026 06:28,15.5,0.002,7.97
16/08/2026 05:58,15.25,0.002,7.97
16/08/2026 05:28,15.375,0.002,7.96
16/08/2026 04:58,15.125,0.002,7.96
16/08/2026 04:28,14.875,0.002,7.97
16/08/2026 03:58,14.875,0.002,7.97
16/08/2026 03:28,13.75,0.002,7.97
16/08/2026 02:58,14.625,0.002,7.97
16/08/2026 02:28,14.375,0.002,7.97
16/08/2026 01:58,14.125,0.002,7.97
16/08/2026 01:28,13.875,0.002,7.97
16/08/2026 00:58,13.625,0.002,7.97
16/08/2026 00:28,14.125,0.002,7.97
15/08/2026 23:58,14.5,0.002,7.97
15/08/2026 23:28,14.875,0.002,7.98
15/08/2026 22:58,15.5,0.002,7.99
15/08/2026 22:28,15.625,0.002,7.99
15/08/2026 21:58,15.625,0.002,7.99
15/08/2026 21:28,15.375,0.002,7.99
15/08/2026 20:58,15.25,0.002,7.99
15/08/2026 20:28,15,0.002,7.99
15/08/2026 19:58,14.75,0.002,7.99
15/08/2026 19:28,14.5,0.002,7.99
15/08/2026 18:58,14.25,0.002,7.99
15/08/2026 18:28,13.875,0.002,7.99
15/08/2026 17:58,13.5,0.002,7.99
15/08/2026 17:28,13.25,0.002,7.99
15/08/2026 16:58,13.625,0.002,7.99
15/08/2026 16:28,14,0.002,7.99
15/08/2026 15:58,14.5,0.002,7.99
15/08/2026 15:28,15.625,0.002,7.99
15/08/2026 14:58,15.125,0.002,7.99
15/08/2026 14:28,15.375,0.002,7.99
15/08/2026 13:58,15.875,0.002,7.99
15/08/2026 13:28,16.25,0.002,7.99
15/08/2026 12:58,16.25,0.002,7.99
15/08/2026 12:28,15.875,0.002,7.98
15/08/2026 11:58,15.625,0.002,7.97
15/08/2026 11:28,15.375,0.002,7.97
15/08/2026 10:58,15.375,0.002,7.97
15/08/2026 10:28,15.75,0.002,7.97
15/08/2026 09:58,16,0.002,7.97
15/08/2026 09:28,15.75,0.002,7.96
15/08/2026 08:58,15.75,0.002,7.96
15/08/2026 08:28,15.625,0.002,7.95
15/08/2026 07:58,15.375,0.002,7.95
15/08/2026 07:28,15.25,0.002,7.95
15/08/2026 06:58,15.25,0.002,7.95
15/08/2026 06:28,15,0.002,7.94
15/08/2026 05:58,14.75,0.002,7.94
15/08/2026 05:28,13.75,0.002,7.94
15/08/2026 04:58,14.375,0.002,7.93
15/08/2026 04:28,14.125,0.002,7.94
15/08/2026 03:58,14,0.002,7.94
15/08/2026 03:28,14,0.002,7.94
15/08/2026 02:58,14.5,0.002,7.94
15/08/2026 02:28,15.25,0.002,7.95
15/08/2026 01:58,16.625,0.002,7.96
15/08/2026 01:28,16.375,0.002,7.96
15/08/2026 00:58,16.5,0.002,7.96
15/08/2026 00:28,16.5,0.002,7.97
14/08/2026 23:58,16.375,0.002,7.97
14/08/2026 23:28,16.375,0.002,7.97
14/08/2026 22:58,16.125,0.002,7.97
14/08/2026 22:28,16,0.002,7.97
14/08/2026 21:58,15.875,0.002,7.97
14/08/2026 21:58,15.875,0.002,7.97
14/08/2026 21:28,15.625,0.002,7.97
14/08/2026 20:58,15.5,0.002,7.97
14/08/2026 20:28,15.25,0.002,7.97
14/08/2026 19:58,15.125,0.002,7.97
14/08/2026 19:28,14.75,0.002,7.97
14/08/2026 18:58,14.5,0.002,7.97
14/08/2026 18:28,14.125,0.002,7.97
14/08/2026 17:58,13.625,0.002,7.97
14/08/2026 17:28,13.375,0.002,7.97
14/08/2026 16:58,13.5,0.002,7.97
14/08/2026 16:28,12.75,0.002,7.97
14/08/2026 15:58,14,0.002,7.97
14/08/2026 15:28,14.375,0.002,7.97
14/08/2026 14:58,14.625,0.002,7.98
14/08/2026 14:28,15,0.002,7.97
14/08/2026 13:58,15.375,0.002,7.97
14/08/2026 13:28,16.625,0.002,7.97
14/08/2026 12:58,15.375,0.002,7.97
14/08/2026 12:28,15,0.002,7.96
14/08/2026 11:58,14.625,0.002,7.96
14/08/2026 11:28,14.125,0.002,7.96
14/08/2026 10:58,14,0.002,7.95
14/08/2026 10:28,14.625,0.002,7.96
14/08/2026 09:58,15.125,0.002,7.96
14/08/2026 09:28,15.625,0.002,7.96
14/08/2026 08:58,16.25,0.002,7.96
14/08/2026 08:28,16.375,0.002,7.96
14/08/2026 07:58,16.125,0.002,7.96
14/08/2026 07:28,16,0.002,7.95
14/08/2026 06:58,16,0.002,7.95
14/08/2026 06:28,15.75,0.002,7.96
14/08/2026 05:58,15.75,0.002,7.96
14/08/2026 05:28,15.5,0.002,7.95
14/08/2026 04:58,15.375,0.002,7.95
14/08/2026 04:28,15.375,0.002,7.95
14/08/2026 03:58,15.125,0.002,7.95
14/08/2026 03:28,15.25,0.002,7.96
14/08/2026 02:58,15.75,0.002,7.97
14/08/2026 02:28,16.375,0.002,7.97
14/08/2026 01:58,17.5,0.002,7.97
14/08/2026 01:28,18.125,0.002,7.97
14/08/2026 00:58,18.5,0.002,7.97
14/08/2026 00:28,18.5,0.002,7.97
13/08/2026 23:58,18.625,0.002,7.97
13/08/2026 23:28,18.5,0.002,7.96
13/08/2026 22:58,18.5,0.002,7.97
13/08/2026 22:28,18.5,0.002,7.98
13/08/2026 21:58,18.5,0.002,7.98
13/08/2026 21:28,18.5,0.002,7.99
13/08/2026 20:58,18.625,0.002,7.99
13/08/2026 20:28,18.375,0.002,7.99
13/08/2026 19:58,18.375,0.002,7.99
13/08/2026 19:28,18.25,0.002,7.98
13/08/2026 18:58,18.125,0.002,7.98
13/08/2026 18:28,18.125,0.002,7.97
13/08/2026 17:58,17.875,0.002,7.96
13/08/2026 17:28,18.625,0.002,7.95
13/08/2026 16:58,17.5,0.002,7.92
13/08/2026 16:28,17.25,0.002,7.9
13/08/2026 15:58,17.125,0.002,7.86
13/08/2026 15:28,16.5,0.002,7.8
13/08/2026 14:58,16.375,0.002,7.73
13/08/2026 14:28,16,0.002,7.61
13/08/2026 14:12,16,0.002,7.52
13/08/2026 13:58,15.75,0.002,7.41
13/08/2026 13:28,15.5,0.002,7.1
13/08/2026 12:58,15.375,0.002,6.86
13/08/2026 12:58,15.25,0.002,7.1
13/08/2026 07:28,15.5,0.002,7.86
13/08/2026 06:58,15.25,0.002,7.86
13/08/2026 06:28,14.875,0.002,7.86
13/08/2026 05:58,13.75,0.002,7.85
13/08/2026 05:28,14.625,0.002,7.85
13/08/2026 04:58,14.375,0.002,7.85
13/08/2026 04:28,14,0.002,7.85
13/08/2026 03:58,13.875,0.002,7.85
13/08/2026 03:28,13.75,0.002,7.85
13/08/2026 02:58,14.125,0.002,7.85
13/08/2026 02:28,14.625,0.002,7.86
13/08/2026 01:58,15.25,0.002,7.86
13/08/2026 01:28,15.75,0.002,7.87
13/08/2026 00:58,16.25,0.002,7.87
13/08/2026 00:28,15.875,0.002,7.87
12/08/2026 23:58,15.875,0.002,7.87
12/08/2026 23:28,15.75,0.002,7.87
12/08/2026 22:58,15.5,0.002,7.87
12/08/2026 22:28,15.5,0.002,7.87
12/08/2026 21:58,15.125,0.002,7.87
12/08/2026 21:28,15.125,0.002,7.87
12/08/2026 20:58,13.75,0.002,7.87
12/08/2026 20:28,14.5,0.002,7.86
12/08/2026 19:58,14.125,0.002,7.86
12/08/2026 19:28,12.75,0.002,7.86
12/08/2026 18:58,13.5,0.002,7.86
12/08/2026 18:28,13.125,0.002,7.86
12/08/2026 17:58,13.375,0.002,7.86
12/08/2026 17:28,14.625,0.002,7.87
12/08/2026 16:58,13.875,0.002,7.87
12/08/2026 16:28,14.375,0.002,7.87
12/08/2026 15:58,14.625,0.002,7.87
12/08/2026 15:28,15.125,0.002,7.87
12/08/2026 14:58,15.25,0.002,7.87
12/08/2026 14:28,15.75,0.002,7.87
12/08/2026 13:58,16.125,0.002,7.87
12/08/2026 13:28,16.625,0.002,7.86
12/08/2026 12:58,16.25,0.002,7.86
12/08/2026 12:28,16.125,0.002,7.85
12/08/2026 11:58,15.75,0.002,7.85
12/08/2026 11:28,15.75,0.002,7.85
12/08/2026 10:58,15.625,0.002,7.84
12/08/2026 10:28,16,0.002,7.84
12/08/2026 09:58,15.75,0.002,7.83
12/08/2026 09:28,15.75,0.002,7.83
12/08/2026 08:58,16.625,0.002,7.83
12/08/2026 08:28,15.5,0.002,7.83
12/08/2026 07:58,15.375,0.002,7.82
12/08/2026 07:28,15.25,0.002,7.82
12/08/2026 06:58,15.25,0.002,7.82
12/08/2026 06:28,15.125,0.002,7.82
12/08/2026 05:58,15.125,0.002,7.82
12/08/2026 05:28,15,0.002,7.81
12/08/2026 04:58,13.75,0.002,7.81
12/08/2026 04:28,15.625,0.002,7.81
12/08/2026 03:58,14.5,0.002,7.81
12/08/2026 03:28,14.375,0.002,7.81
12/08/2026 03:28,14.375,0.002,7.81
12/08/2026 02:58,14.125,0.002,7.81
12/08/2026 02:28,14.125,0.002,7.8
12/08/2026 01:58,14,0.002,7.8
12/08/2026 01:28,13.875,0.002,7.8
12/08/2026 00:58,13.75,0.002,7.81
12/08/2026 00:28,14.375,0.002,7.81
11/08/2026 23:58,15,0.002,7.81
11/08/2026 23:28,15.375,0.002,7.81
11/08/2026 22:58,15.375,0.002,7.81
11/08/2026 22:28,15.375,0.002,7.81
11/08/2026 21:58,15.125,0.002,7.81
11/08/2026 21:28,14.875,0.002,7.81
11/08/2026 20:58,15.625,0.002,7.81
11/08/2026 20:28,14.5,0.002,7.81
11/08/2026 19:58,14.25,0.002,7.81
11/08/2026 19:28,14,0.002,7.81
11/08/2026 18:58,13.625,0.002,7.81
11/08/2026 18:28,13.375,0.002,7.81
11/08/2026 17:58,13.25,0.002,7.81
11/08/2026 17:28,13.5,0.002,7.81
11/08/2026 16:58,13.875,0.002,7.81
11/08/2026 16:28,14.25,0.002,7.82
11/08/2026 15:58,14.625,0.002,7.82
11/08/2026 15:28,15,0.002,7.82
11/08/2026 14:58,15.5,0.002,7.83
11/08/2026 14:28,15.75,0.002,7.83
11/08/2026 13:58,16.25,0.002,7.83
11/08/2026 13:28,16.875,0.003,7.83
11/08/2026 12:58,17.5,0.003,7.82
11/08/2026 12:28,16.5,0.003,7.82
11/08/2026 11:58,16.25,0.003,7.81
11/08/2026 11:28,16,0.002,7.8
11/08/2026 10:58,16,0.003,7.8
11/08/2026 10:28,15.875,0.003,7.8
11/08/2026 09:58,14.875,0.002,7.79
11/08/2026 09:28,15.75,0.002,7.79
11/08/2026 08:58,15.625,0.002,7.78
11/08/2026 08:28,15.5,0.002,7.78
11/08/2026 07:58,15.375,0.002,7.77
11/08/2026 07:28,15.25,0.002,7.77
11/08/2026 06:58,15.25,0.002,7.76
11/08/2026 06:28,15.25,0.002,7.76
11/08/2026 05:58,15.125,0.002,7.75
11/08/2026 05:28,14.875,0.002,7.75
11/08/2026 04:58,14.875,0.002,7.75
11/08/2026 04:28,13.75,0.002,7.74
11/08/2026 03:58,14.625,0.002,7.75
11/08/2026 03:28,14.625,0.002,7.74
11/08/2026 02:58,15.375,0.002,7.75
11/08/2026 02:28,15.875,0.002,7.75
11/08/2026 01:58,16.625,0.002,7.75
11/08/2026 01:28,17.625,0.002,7.76
11/08/2026 00:58,18.125,0.002,7.75
11/08/2026 00:28,18.25,0.003,7.75
10/08/2026 23:58,18.25,0.002,7.75
10/08/2026 23:28,18.125,0.002,7.74
10/08/2026 22:58,18.125,0.002,7.73
10/08/2026 22:28,18.125,0.002,7.73
10/08/2026 21:58,18,0.002,7.72
10/08/2026 21:58,18,0.002,7.72
10/08/2026 21:28,17.875,0.002,7.72
10/08/2026 20:58,17.75,0.002,7.71
10/08/2026 20:58,17.75,0.002,7.71
10/08/2026 20:28,17.625,0.002,7.71
10/08/2026 19:58,17.5,0.002,7.7
10/08/2026 19:28,17.375,0.002,7.69
10/08/2026 18:58,17.125,0.002,7.69
10/08/2026 18:28,16.75,0.002,7.68
10/08/2026 17:58,16.625,0.002,7.68
10/08/2026 17:28,16.25,0.002,7.68
10/08/2026 16:58,15.75,0.002,7.67
10/08/2026 16:28,15.5,0.002,7.67
10/08/2026 15:58,15.75,0.002,7.68
10/08/2026 15:28,16.25,0.002,7.68
10/08/2026 14:58,16.625,0.002,7.69
10/08/2026 14:28,17.25,0.002,7.7
10/08/2026 13:58,17.75,0.002,7.72
10/08/2026 13:28,18.25,0.003,7.75
10/08/2026 12:58,18.5,0.003,7.78
10/08/2026 12:28,19,0.003,7.8
10/08/2026 12:21,19.5,0.003,7.81
10/08/2026 11:58,20.125,0.003,7.83
10/08/2026 11:28,20.625,0.003,7.86
10/08/2026 10:58,19.25,0.003,7.87
10/08/2026 10:28,19.625,0.003,7.89
10/08/2026 10:26,18.375,0.003,7.89
10/08/2026 10:25,18,0.003,7.89
10/08/2026 10:25,18.125,0.003,8.54
09/08/2026 12:28,15.75,0.002,7.89
09/08/2026 11:58,15.25,0.002,7.9
09/08/2026 11:28,14.875,0.002,7.89
09/08/2026 10:58,14.875,0.002,7.89
09/08/2026 10:28,15.125,0.002,7.89
09/08/2026 09:58,15.5,0.002,7.89
09/08/2026 09:28,15.75,0.002,7.89
09/08/2026 08:58,16.25,0.002,7.9
09/08/2026 08:28,16.5,0.002,7.9
09/08/2026 07:58,16.375,0.002,7.89
09/08/2026 07:28,16.25,0.002,7.89
09/08/2026 06:58,16.375,0.002,7.88
09/08/2026 06:28,16,0.002,7.88
09/08/2026 05:58,16,0.002,7.89
09/08/2026 05:28,15.875,0.002,7.88
09/08/2026 04:58,15.75,0.002,7.88
09/08/2026 04:28,16.625,0.002,7.88
09/08/2026 03:58,14.75,0.002,7.88
09/08/2026 03:28,15.5,0.002,7.88
09/08/2026 02:58,15.25,0.002,7.88
09/08/2026 02:28,15.125,0.002,7.88
09/08/2026 01:58,15.125,0.002,7.88
09/08/2026 01:28,14.75,0.002,7.88
09/08/2026 00:58,15.625,0.002,7.88
09/08/2026 00:28,14.375,0.002,7.88
08/08/2026 23:58,14,0.002,7.88
08/08/2026 23:28,14.5,0.002,7.88
08/08/2026 22:58,13.25,0.002,7.88
08/08/2026 22:28,13.25,0.002,7.88
08/08/2026 21:58,13.25,0.002,7.88
08/08/2026 21:28,13.375,0.002,7.88
08/08/2026 20:58,13.5,0.002,7.89
08/08/2026 20:28,13.625,0.002,7.89
08/08/2026 19:58,13.875,0.002,7.89
08/08/2026 19:28,14.125,0.002,7.9
08/08/2026 18:58,14.125,0.002,7.9
08/08/2026 18:28,14.375,0.002,7.9
08/08/2026 17:58,14.5,0.002,7.9
08/08/2026 17:28,14.5,0.002,7.9
08/08/2026 17:28,14.5,0.002,7.9
08/08/2026 16:58,14.75,0.002,7.9
08/08/2026 16:28,14.875,0.002,7.9
08/08/2026 15:58,14.875,0.002,7.9
08/08/2026 15:28,15.125,0.002,7.9
08/08/2026 14:58,15.375,0.002,7.9
08/08/2026 14:28,15.5,0.002,7.9
08/08/2026 13:58,15.75,0.002,7.89
08/08/2026 13:28,16,0.002,7.89
08/08/2026 12:58,15.75,0.002,7.89
08/08/2026 12:28,15.5,0.002,7.88
08/08/2026 11:58,15.25,0.002,7.88
08/08/2026 11:28,15,0.002,7.88
08/08/2026 10:58,14.75,0.002,7.87
08/08/2026 10:28,15.125,0.002,7.87
08/08/2026 09:58,15.5,0.002,7.87
08/08/2026 09:28,14.75,0.002,7.87
08/08/2026 08:58,16.25,0.002,7.87
08/08/2026 08:28,16.375,0.002,7.87
08/08/2026 07:58,16.375,0.002,7.87
08/08/2026 07:28,16.375,0.002,7.87
08/08/2026 06:58,16.25,0.002,7.86
08/08/2026 06:28,16.125,0.002,7.86
08/08/2026 05:58,16,0.002,7.86
08/08/2026 05:28,16,0.002,7.86
08/08/2026 04:58,16,0.002,7.86
08/08/2026 04:28,15.75,0.002,7.86
08/08/2026 03:58,15.75,0.002,7.86
08/08/2026 03:28,15.75,0.002,7.86
08/08/2026 02:58,15.625,0.002,7.86
08/08/2026 02:58,15.625,0.002,7.86
08/08/2026 02:28,15.375,0.002,7.86
08/08/2026 01:58,15.125,0.002,7.86
08/08/2026 01:58,15.125,0.002,7.86
08/08/2026 01:28,15.125,0.002,7.85
08/08/2026 00:58,14.875,0.002,7.85
08/08/2026 00:28,14.625,0.002,7.85
07/08/2026 23:58,14.25,0.002,7.85
07/08/2026 23:28,14,0.002,7.85
07/08/2026 22:58,13.5,0.002,7.85
07/08/2026 22:28,13.125,0.002,7.84
07/08/2026 21:58,13.125,0.002,7.85
07/08/2026 21:28,13.25,0.002,7.85
07/08/2026 20:58,13.25,0.002,7.85
07/08/2026 20:28,13.625,0.002,7.85
07/08/2026 19:58,14.625,0.002,7.85
07/08/2026 19:28,13.875,0.002,7.86
07/08/2026 18:58,14.125,0.002,7.86
07/08/2026 18:28,14.25,0.002,7.86
07/08/2026 17:58,14.5,0.002,7.86
07/08/2026 17:28,14.5,0.002,7.86
07/08/2026 16:58,15.625,0.002,7.86
07/08/2026 16:28,14.625,0.002,7.85
07/08/2026 15:58,14.75,0.002,7.85
07/08/2026 15:28,14.875,0.002,7.85
07/08/2026 14:58,15,0.002,7.85
07/08/2026 14:28,15.25,0.002,7.85
07/08/2026 13:58,15.5,0.002,7.85
07/08/2026 13:28,15.625,0.002,7.85
07/08/2026 12:58,15.5,0.002,7.84
07/08/2026 12:28,15.125,0.002,7.83
07/08/2026 11:58,14.875,0.002,7.83
07/08/2026 11:28,14.5,0.002,7.82
07/08/2026 10:58,14.5,0.002,7.82
07/08/2026 10:28,13.75,0.002,7.82
07/08/2026 09:58,15.125,0.002,7.82
07/08/2026 09:28,15.375,0.002,7.82
07/08/2026 08:58,14.75,0.002,7.82
07/08/2026 08:28,15.75,0.002,7.81
07/08/2026 07:58,16.625,0.002,7.81
07/08/2026 07:28,15.5,0.002,7.8
07/08/2026 06:58,15.375,0.002,7.8
07/08/2026 06:28,15.25,0.002,7.8
07/08/2026 05:58,15,0.002,7.79
07/08/2026 05:28,15,0.002,7.79
07/08/2026 04:58,14.75,0.002,7.79
07/08/2026 04:28,13.75,0.002,7.79
07/08/2026 03:58,14.5,0.002,7.78
07/08/2026 03:28,14.25,0.002,7.78
07/08/2026 02:58,13.75,0.002,7.78
07/08/2026 02:28,13.625,0.002,7.78
07/08/2026 01:58,13.5,0.002,7.78
07/08/2026 01:28,14,0.002,7.78
07/08/2026 00:58,14.5,0.002,7.78
07/08/2026 00:28,14.75,0.002,7.78
06/08/2026 23:58,15.125,0.002,7.78
06/08/2026 23:28,15.5,0.002,7.78
06/08/2026 22:58,16.625,0.002,7.79
06/08/2026 22:28,16.25,0.002,7.79
06/08/2026 21:58,16.625,0.002,7.79
06/08/2026 21:28,17.25,0.002,7.79
06/08/2026 20:58,16.75,0.002,7.8
06/08/2026 20:28,18.375,0.002,7.8
06/08/2026 19:58,18.625,0.002,7.8
06/08/2026 19:28,18.5,0.002,7.8
06/08/2026 18:58,18.625,0.002,7.79
06/08/2026 18:28,18.5,0.002,7.79
06/08/2026 17:58,18.5,0.002,7.78
06/08/2026 17:28,18.25,0.002,7.78
06/08/2026 16:58,18.125,0.002,7.77
06/08/2026 16:28,18,0.002,7.77
06/08/2026 15:58,17.75,0.002,7.77
06/08/2026 15:28,18.625,0.002,7.77
06/08/2026 14:58,18,0.002,7.78
06/08/2026 14:28,17.25,0.002,7.76
06/08/2026 13:58,18,0.002,7.77
06/08/2026 13:28,19.375,0.002,7.78
06/08/2026 12:58,21.375,0.002,7.82
06/08/2026 12:48,21,0.002,7.78
06/08/2026 12:28,15.375,0.002,7.72
06/08/2026 11:58,15.125,0.002,7.74
06/08/2026 11:28,14.75,0.002,7.76
06/08/2026 10:58,14.5,0.002,7.79
06/08/2026 10:28,15,0.002,7.81
06/08/2026 09:58,15.5,0.002,7.84
06/08/2026 09:28,16,0.002,7.87
06/08/2026 08:58,15.875,0.002,7.88
06/08/2026 08:28,14.75,0.002,7.89
06/08/2026 07:58,15.375,0.002,7.89
06/08/2026 07:58,15.375,0.002,7.89
06/08/2026 07:28,15.375,0.002,7.88
06/08/2026 06:58,15.125,0.002,7.88
06/08/2026 06:28,15,0.002,7.88
06/08/2026 05:58,15,0.002,7.88
06/08/2026 05:28,14.875,0.002,7.87
06/08/2026 04:58,14.625,0.002,7.87
06/08/2026 04:28,14.5,0.002,7.88
06/08/2026 03:58,14.125,0.002,7.88
06/08/2026 03:58,14.125,0.002,7.88
06/08/2026 03:28,14.125,0.002,7.88
06/08/2026 02:58,13.75,0.002,7.88
06/08/2026 02:58,13.75,0.002,7.88
06/08/2026 02:28,13.625,0.002,7.88
06/08/2026 01:58,13.375,0.002,7.87
06/08/2026 01:28,13.625,0.002,7.88
06/08/2026 00:58,14,0.002,7.89
06/08/2026 00:28,14.875,0.002,7.89
05/08/2026 23:58,15.375,0.002,7.9
05/08/2026 23:28,15.5,0.002,7.9
05/08/2026 22:58,15.25,0.002,7.9
05/08/2026 22:28,15.25,0.002,7.9
05/08/2026 21:58,15,0.002,7.9
05/08/2026 21:28,14.75,0.002,7.9
05/08/2026 20:58,14.5,0.002,7.9
05/08/2026 20:28,14.25,0.002,7.9
05/08/2026 19:58,14.125,0.002,7.9
05/08/2026 19:28,13.875,0.002,7.89
05/08/2026 18:58,13.5,0.002,7.9
05/08/2026 18:28,13.25,0.002,7.9
05/08/2026 17:58,13.25,0.002,7.89
05/08/2026 17:28,13.625,0.002,7.9
05/08/2026 16:58,13.875,0.002,7.9
05/08/2026 16:28,14.25,0.002,7.89
05/08/2026 15:58,13.75,0.002,7.89
05/08/2026 15:58,13.75,0.002,7.89
05/08/2026 15:28,15,0.002,7.9
05/08/2026 14:58,15.625,0.002,7.9
05/08/2026 14:28,15.75,0.002,7.89
05/08/2026 13:58,15.625,0.002,7.88
05/08/2026 13:28,15.25,0.002,7.88
05/08/2026 12:58,15,0.002,7.88
05/08/2026 12:28,14.625,0.002,7.87
05/08/2026 12:28,14.625,0.002,7.87
05/08/2026 11:58,14.375,0.002,7.86
05/08/2026 11:28,13.875,0.002,7.86
05/08/2026 11:28,13.875,0.002,7.86
05/08/2026 10:58,13.375,0.002,7.85
05/08/2026 10:28,13.875,0.002,7.85
05/08/2026 09:58,14.5,0.002,7.85
05/08/2026 09:28,15.125,0.002,7.85
05/08/2026 08:58,15.625,0.002,7.85
05/08/2026 08:28,16,0.002,7.85
05/08/2026 07:58,15.75,0.002,7.84
05/08/2026 07:28,15.625,0.002,7.84
05/08/2026 06:58,15.375,0.002,7.83
05/08/2026 06:28,15.375,0.002,7.83
05/08/2026 05:58,15.25,0.002,7.83
05/08/2026 05:28,15.125,0.002,7.83
05/08/2026 04:58,15.125,0.002,7.83
05/08/2026 04:28,14.75,0.002,7.82
05/08/2026 03:58,14.75,0.002,7.82
05/08/2026 03:28,14.5,0.002,7.82
05/08/2026 02:58,14.25,0.002,7.82
05/08/2026 02:28,14,0.002,7.82
05/08/2026 01:58,13.75,0.002,7.82
05/08/2026 01:28,13.5,0.002,7.82
05/08/2026 00:58,14.625,0.002,7.82
05/08/2026 00:58,14.625,0.002,7.82
05/08/2026 00:28,14.125,0.002,7.82
04/08/2026 23:58,14.75,0.002,7.83
04/08/2026 23:28,15.25,0.002,7.83
04/08/2026 22:58,15.5,0.002,7.83
04/08/2026 22:28,15.375,0.002,7.83
04/08/2026 21:58,15.25,0.002,7.83
04/08/2026 21:28,15.125,0.002,7.83
04/08/2026 20:58,14.875,0.002,7.82
04/08/2026 20:28,15.625,0.002,7.82
04/08/2026 19:58,14.375,0.002,7.82
04/08/2026 19:28,14.25,0.002,7.82
04/08/2026 18:58,13.75,0.002,7.82
04/08/2026 18:28,13.375,0.002,7.81
04/08/2026 17:58,13,0.002,7.81
04/08/2026 17:28,13.25,0.002,7.81
04/08/2026 16:58,13.5,0.002,7.81
04/08/2026 16:28,13.625,0.002,7.81
04/08/2026 15:58,14,0.002,7.81
04/08/2026 15:28,14.25,0.002,7.81
04/08/2026 14:58,15.5,0.002,7.81
04/08/2026 14:28,14.875,0.002,7.81
04/08/2026 13:58,15.25,0.002,7.81
04/08/2026 13:28,14.75,0.002,7.82
04/08/2026 12:58,15.25,0.002,7.83
04/08/2026 12:28,15.125,0.002,7.84
04/08/2026 11:58,14.5,0.002,7.86
04/08/2026 11:28,14.125,0.002,7.87
04/08/2026 10:58,14,0.002,7.88
04/08/2026 10:28,14.5,0.002,7.89
04/08/2026 09:58,15,0.002,7.91
04/08/2026 09:28,15.625,0.002,7.93
04/08/2026 08:58,15.75,0.002,7.93
04/08/2026 08:28,15.625,0.002,7.94
04/08/2026 07:58,15.625,0.002,7.93
04/08/2026 07:28,15.375,0.002,7.93
04/08/2026 06:58,15.25,0.002,7.93
04/08/2026 06:28,15,0.002,7.93
04/08/2026 05:58,14.875,0.002,7.93
04/08/2026 05:28,14.875,0.002,7.93
04/08/2026 04:58,14.75,0.002,7.93
04/08/2026 04:28,14.5,0.002,7.93
04/08/2026 03:58,14.5,0.002,7.93
04/08/2026 03:28,14,0.002,7.93
04/08/2026 02:58,14.125,0.002,7.94
04/08/2026 02:28,13.75,0.002,7.94
04/08/2026 01:58,14.5,0.002,7.95
04/08/2026 01:28,15,0.002,7.95
04/08/2026 00:58,15.625,0.002,7.96
04/08/2026 00:28,15.5,0.002,7.96
03/08/2026 23:58,15.375,0.002,7.96
03/08/2026 23:28,15.25,0.002,7.96
03/08/2026 22:58,14.875,0.002,7.96
03/08/2026 22:28,14.625,0.002,7.96
03/08/2026 21:58,14.5,0.002,7.96
03/08/2026 21:28,14.25,0.002,7.96
03/08/2026 20:58,13.75,0.002,7.96
03/08/2026 20:28,13.5,0.002,7.96
03/08/2026 19:58,13.125,0.002,7.96
03/08/2026 19:28,13,0.002,7.96
03/08/2026 18:58,13.25,0.002,7.97
03/08/2026 18:28,13.375,0.002,7.97
03/08/2026 17:58,12.75,0.002,7.97
03/08/2026 17:28,13.875,0.002,7.97
03/08/2026 17:28,13.875,0.002,7.97
03/08/2026 16:58,14,0.002,7.97
03/08/2026 16:28,14.25,0.002,7.97
03/08/2026 15:58,14.625,0.002,7.97
03/08/2026 15:28,14.875,0.002,7.97
03/08/2026 14:58,15.25,0.002,7.97
03/08/2026 14:28,15.5,0.002,7.97
03/08/2026 13:58,15.375,0.002,7.96
03/08/2026 13:28,15.125,0.002,7.96
03/08/2026 12:58,14.75,0.002,7.95
03/08/2026 12:28,14.375,0.002,7.94
03/08/2026 11:58,14,0.002,7.94
03/08/2026 11:28,13.625,0.002,7.94
03/08/2026 10:58,13.5,0.002,7.94
03/08/2026 10:28,14,0.002,7.94
03/08/2026 09:58,14.5,0.002,7.94
03/08/2026 09:28,15,0.002,7.94
03/08/2026 08:58,15.625,0.002,7.94
03/08/2026 08:28,14.75,0.002,7.93
03/08/2026 08:28,14.75,0.002,7.93
03/08/2026 07:58,15.625,0.002,7.93
03/08/2026 07:28,15.375,0.002,7.93
03/08/2026 06:58,15.375,0.002,7.93
03/08/2026 06:28,15.25,0.002,7.93
03/08/2026 05:58,15.125,0.002,7.93
03/08/2026 05:28,15,0.002,7.93
03/08/2026 04:58,14.875,0.002,7.93
03/08/2026 04:28,15.625,0.002,7.93
03/08/2026 03:58,14.375,0.002,7.94
03/08/2026 03:28,14.375,0.002,7.94
03/08/2026 02:58,14.125,0.002,7.94
03/08/2026 02:28,14,0.002,7.94
03/08/2026 01:58,13.75,0.002,7.94
03/08/2026 01:28,13.5,0.002,7.94
03/08/2026 01:28,13.5,0.002,7.94
03/08/2026 00:58,13.625,0.002,7.95
03/08/2026 00:28,14,0.002,7.95
02/08/2026 23:58,14.625,0.002,7.96
02/08/2026 23:28,15,0.002,7.96
02/08/2026 22:58,14.75,0.002,7.96
02/08/2026 22:28,15.5,0.002,7.97
02/08/2026 21:58,15.5,0.002,7.97
02/08/2026 21:28,15.125,0.002,7.97
02/08/2026 20:58,15,0.002,7.97
02/08/2026 20:58,15,0.002,7.97
02/08/2026 20:28,14.875,0.002,7.97
02/08/2026 19:58,14.5,0.002,7.97
02/08/2026 19:28,14.25,0.002,7.97
02/08/2026 18:58,13.875,0.002,7.97
02/08/2026 18:28,13.5,0.002,7.97
02/08/2026 17:58,13.25,0.002,7.96
02/08/2026 17:28,13,0.002,7.96
02/08/2026 16:58,13.125,0.002,7.96
02/08/2026 16:28,13.375,0.002,7.96
02/08/2026 15:58,12.75,0.002,7.96
02/08/2026 15:28,13.875,0.002,7.96
02/08/2026 14:58,14.25,0.002,7.97
02/08/2026 14:28,14.75,0.002,7.97
02/08/2026 13:58,15.25,0.002,7.96
02/08/2026 13:28,14.75,0.002,7.96
02/08/2026 12:58,15.375,0.002,7.95
02/08/2026 12:28,15.125,0.002,7.95
02/08/2026 11:58,14.75,0.002,7.95
02/08/2026 11:28,14.5,0.002,7.94
02/08/2026 10:58,14.375,0.002,7.94
02/08/2026 10:28,15,0.002,7.94
02/08/2026 09:58,15.5,0.002,7.94
02/08/2026 09:28,16,0.002,7.94
02/08/2026 08:58,15.75,0.002,7.93
02/08/2026 08:28,14.75,0.002,7.93
02/08/2026 07:58,15.625,0.002,7.93
02/08/2026 07:28,15.5,0.002,7.93
02/08/2026 06:58,15.5,0.002,7.93
02/08/2026 06:28,15.25,0.002,7.93
02/08/2026 05:58,15.125,0.002,7.93
02/08/2026 05:28,15,0.002,7.93
02/08/2026 04:58,15,0.002,7.93
02/08/2026 04:28,14.875,0.002,7.93
02/08/2026 04:28,14.875,0.002,7.93
02/08/2026 03:58,13.75,0.002,7.93
02/08/2026 03:28,14.625,0.002,7.93
02/08/2026 02:58,14.375,0.002,7.94
02/08/2026 02:28,14.125,0.002,7.94
02/08/2026 01:58,13.875,0.002,7.94
02/08/2026 01:28,13.75,0.002,7.94
02/08/2026 00:58,12.75,0.002,7.94
02/08/2026 00:28,14.25,0.002,7.95
01/08/2026 23:58,14.875,0.002,7.95
01/08/2026 23:28,15.375,0.002,7.96
01/08/2026 22:58,15.625,0.002,7.96
01/08/2026 22:28,15.5,0.002,7.96
01/08/2026 21:58,15.375,0.002,7.96
01/08/2026 21:28,15.25,0.002,7.96
01/08/2026 20:58,15,0.002,7.97
01/08/2026 20:28,14.75,0.002,7.97
01/08/2026 19:58,14.5,0.002,7.97
01/08/2026 19:28,14.125,0.002,7.97
01/08/2026 18:58,13.875,0.002,7.97
01/08/2026 18:28,13.625,0.002,7.96
01/08/2026 17:58,13.125,0.002,7.96
01/08/2026 17:28,13.5,0.002,7.96
01/08/2026 16:58,13.75,0.002,7.96
01/08/2026 16:28,13.875,0.002,7.96
01/08/2026 15:58,14.375,0.002,7.96
01/08/2026 15:28,14.625,0.002,7.97
01/08/2026 14:58,15,0.002,7.97
01/08/2026 14:28,15.625,0.002,7.96
01/08/2026 13:58,15.5,0.002,7.96
01/08/2026 13:28,15.25,0.002,7.95
01/08/2026 12:58,15.125,0.002,7.95
01/08/2026 12:28,14.625,0.002,7.94
01/08/2026 11:58,14.25,0.002,7.94
01/08/2026 11:28,13.875,0.002,7.94
01/08/2026 10:58,14.625,0.002,7.93
01/08/2026 10:28,14.25,0.002,7.94
01/08/2026 09:58,15.625,0.002,7.94
01/08/2026 09:28,15.25,0.002,7.94
01/08/2026 08:58,15.875,0.002,7.94
01/08/2026 08:28,16.125,0.002,7.93
01/08/2026 07:58,15.75,0.002,7.93
01/08/2026 07:28,15.625,0.002,7.93
01/08/2026 06:58,15.5,0.002,7.92
01/08/2026 06:28,15.375,0.002,7.92
01/08/2026 05:58,15.25,0.002,7.92
01/08/2026 05:28,15.25,0.002,7.93
01/08/2026 04:58,15,0.002,7.92
01/08/2026 04:28,14.875,0.002,7.93
01/08/2026 03:58,14.75,0.002,7.93
01/08/2026 03:28,14.625,0.002,7.93
01/08/2026 02:58,14.375,0.002,7.93
01/08/2026 02:28,14,0.002,7.93
01/08/2026 01:58,13.875,0.002,7.93
01/08/2026 01:28,13.625,0.002,7.93
01/08/2026 00:58,14.5,0.002,7.94
01/08/2026 00:28,14.125,0.002,7.94
31/07/2026 23:58,14.625,0.002,7.95
31/07/2026 23:58,14.625,0.002,7.95
31/07/2026 23:28,15.125,0.002,7.95
31/07/2026 22:58,15.625,0.002,7.95
31/07/2026 22:28,14.75,0.002,7.95
31/07/2026 21:58,15.5,0.002,7.96
31/07/2026 21:28,15.25,0.002,7.96
31/07/2026 20:58,15.25,0.002,7.96
31/07/2026 20:28,14.875,0.002,7.96
31/07/2026 19:58,14.625,0.002,7.96
31/07/2026 19:28,14.25,0.002,7.96
31/07/2026 18:58,13.875,0.002,7.96
31/07/2026 18:28,13.75,0.002,7.95
31/07/2026 17:58,13.25,0.002,7.95
31/07/2026 17:58,13.25,0.002,7.95
31/07/2026 17:28,13.5,0.002,7.95
31/07/2026 16:58,13.625,0.002,7.96
31/07/2026 16:28,14,0.002,7.96
31/07/2026 15:58,14.5,0.002,7.96
31/07/2026 15:28,14.75,0.002,7.96
31/07/2026 14:58,15.125,0.002,7.96
31/07/2026 14:28,14.75,0.002,7.95
31/07/2026 13:58,15.5,0.002,7.95
31/07/2026 13:28,15.25,0.002,7.94
31/07/2026 12:58,15,0.002,7.94
31/07/2026 12:28,15.625,0.002,7.93
31/07/2026 11:58,14.125,0.002,7.93
31/07/2026 11:28,13.75,0.002,7.93
31/07/2026 10:58,13.625,0.002,7.93
31/07/2026 10:28,14.125,0.002,7.93
31/07/2026 09:58,14.625,0.002,7.93
31/07/2026 09:28,15.375,0.002,7.93
31/07/2026 08:58,15.75,0.002,7.93
31/07/2026 08:28,16.125,0.002,7.92
31/07/2026 07:58,15.875,0.002,7.92
31/07/2026 07:28,15.75,0.002,7.91
31/07/2026 06:58,15.75,0.002,7.92
31/07/2026 06:28,15.5,0.002,7.92
31/07/2026 05:58,15.625,0.002,7.92
31/07/2026 05:28,15.375,0.002,7.92
31/07/2026 04:58,15.375,0.002,7.92
31/07/2026 04:28,15.375,0.002,7.92
31/07/2026 03:58,15.25,0.002,7.92
31/07/2026 03:28,15,0.002,7.92
31/07/2026 02:58,14.875,0.002,7.92
31/07/2026 02:28,15.5,0.002,7.92
31/07/2026 01:58,14.625,0.002,7.92
31/07/2026 01:28,14.25,0.002,7.92
31/07/2026 00:58,13.875,0.002,7.92
31/07/2026 00:28,13.625,0.002,7.92
30/07/2026 23:58,13.5,0.002,7.92
30/07/2026 23:28,13.25,0.002,7.93
30/07/2026 22:58,13.75,0.002,7.93
30/07/2026 22:28,14.25,0.002,7.94
30/07/2026 21:58,14.75,0.002,7.94
30/07/2026 21:28,15.375,0.002,7.94
30/07/2026 20:58,15.625,0.002,7.94
30/07/2026 20:28,15.375,0.002,7.95
30/07/2026 19:58,15.25,0.002,7.95
30/07/2026 19:28,15.125,0.002,7.95
30/07/2026 18:58,15.625,0.002,7.95
30/07/2026 18:28,14.375,0.002,7.95
30/07/2026 17:58,14,0.002,7.94
30/07/2026 17:28,13.625,0.002,7.94
30/07/2026 16:58,13.25,0.002,7.94
30/07/2026 16:28,13.125,0.002,7.94
30/07/2026 15:58,13.5,0.002,7.94
30/07/2026 15:28,13.75,0.002,7.93
30/07/2026 14:58,14.125,0.002,7.93
30/07/2026 14:28,14.625,0.002,7.93
30/07/2026 13:58,15.125,0.002,7.93
30/07/2026 13:28,15.375,0.002,7.93
30/07/2026 12:58,15.25,0.002,7.93
30/07/2026 12:28,14.875,0.002,7.92
30/07/2026 11:58,14.5,0.002,7.92
30/07/2026 11:28,14.125,0.002,7.91
30/07/2026 10:58,14,0.002,7.91
30/07/2026 10:28,14.375,0.002,7.91
30/07/2026 09:58,14.875,0.002,7.91
30/07/2026 09:28,15.375,0.002,7.91
30/07/2026 08:58,15.75,0.002,7.91
30/07/2026 08:28,16.375,0.002,7.9
30/07/2026 08:28,16.375,0.002,7.9
30/07/2026 07:58,16,0.002,7.9
30/07/2026 07:28,15.875,0.002,7.9
30/07/2026 06:58,16.625,0.002,7.89
30/07/2026 06:28,14.75,0.002,7.89
30/07/2026 05:58,16.625,0.002,7.89
30/07/2026 05:28,15.625,0.002,7.9
30/07/2026 04:58,15.375,0.002,7.89
30/07/2026 04:28,15.25,0.002,7.89
30/07/2026 03:58,15.25,0.002,7.9
30/07/2026 03:28,15.125,0.002,7.9
30/07/2026 02:58,14.875,0.002,7.89
30/07/2026 02:28,14.5,0.002,7.89
30/07/2026 01:58,14.375,0.002,7.89
30/07/2026 01:28,14.25,0.002,7.89
30/07/2026 00:58,13.875,0.002,7.89
30/07/2026 00:28,13.5,0.002,7.9
29/07/2026 23:58,13.25,0.002,7.89
29/07/2026 23:28,13.625,0.002,7.9
29/07/2026 22:58,14.25,0.002,7.9
29/07/2026 22:28,14.75,0.002,7.91
29/07/2026 21:58,15.25,0.002,7.91
29/07/2026 21:28,15.5,0.002,7.91
29/07/2026 20:58,15.375,0.002,7.91
29/07/2026 20:28,15.375,0.002,7.92
29/07/2026 19:58,15,0.002,7.91
29/07/2026 19:28,14.75,0.002,7.91
29/07/2026 18:58,14.5,0.002,7.91
29/07/2026 18:28,14,0.002,7.91
29/07/2026 17:58,13.75,0.002,7.91
29/07/2026 17:28,13.25,0.002,7.91
29/07/2026 16:58,13.125,0.002,7.9
29/07/2026 16:28,13.625,0.002,7.9
29/07/2026 15:58,13.75,0.002,7.9
29/07/2026 15:28,14.125,0.002,7.9
29/07/2026 14:58,14.5,0.002,7.9
29/07/2026 14:28,15,0.002,7.9
29/07/2026 13:58,15.25,0.002,7.9
29/07/2026 13:28,15.625,0.002,7.89
29/07/2026 12:58,15.5,0.002,7.89
29/07/2026 12:28,15.25,0.002,7.88
29/07/2026 11:58,14.875,0.002,7.87
29/07/2026 11:28,14.625,0.002,7.87
29/07/2026 10:58,14.375,0.002,7.86
29/07/2026 10:28,15,0.002,7.86
29/07/2026 09:58,15.5,0.002,7.86
29/07/2026 09:28,15.875,0.002,7.86
29/07/2026 08:58,15.75,0.002,7.85
29/07/2026 08:28,15.625,0.002,7.85
29/07/2026 07:58,15.375,0.002,7.84
29/07/2026 07:28,15.25,0.002,7.84
29/07/2026 06:58,15,0.002,7.83
29/07/2026 06:28,14.875,0.002,7.83
29/07/2026 05:58,14.625,0.002,7.83
29/07/2026 05:28,14.5,0.002,7.82
29/07/2026 04:58,14.25,0.002,7.82
29/07/2026 04:28,14.125,0.002,7.82
29/07/2026 03:58,13.75,0.002,7.82
29/07/2026 03:28,13.625,0.002,7.82
29/07/2026 03:28,13.625,0.002,7.82
29/07/2026 02:58,14.25,0.002,7.82
29/07/2026 02:28,14.875,0.002,7.83
29/07/2026 01:58,15.5,0.002,7.83
29/07/2026 01:28,16.125,0.002,7.84
29/07/2026 00:58,17.625,0.002,7.84
29/07/2026 00:28,16.5,0.002,7.83
28/07/2026 23:58,16.5,0.002,7.83
28/07/2026 23:28,16.375,0.002,7.83
28/07/2026 22:58,16.25,0.002,7.83
28/07/2026 22:28,16.125,0.002,7.83
28/07/2026 21:58,16.125,0.002,7.83
28/07/2026 21:28,15.875,0.002,7.83
28/07/2026 20:58,14.75,0.002,7.83
28/07/2026 20:28,16.625,0.002,7.82
28/07/2026 19:58,15.5,0.002,7.82
28/07/2026 19:28,15.375,0.002,7.82
28/07/2026 18:58,15.125,0.002,7.82
28/07/2026 18:28,14.875,0.002,7.82
28/07/2026 17:58,14.625,0.002,7.81
28/07/2026 17:28,14.25,0.002,7.81
28/07/2026 16:58,13.75,0.002,7.8
28/07/2026 16:28,12.875,0.002,7.79
28/07/2026 15:58,14.125,0.002,7.79
28/07/2026 15:28,14.5,0.002,7.79
28/07/2026 14:58,14.875,0.002,7.79
28/07/2026 14:28,15.25,0.002,7.79
28/07/2026 13:58,15.625,0.002,7.8
28/07/2026 13:28,15.25,0.002,7.8
28/07/2026 12:58,15.125,0.002,7.8
28/07/2026 12:28,14.75,0.002,7.81
28/07/2026 11:58,14.25,0.002,7.82
28/07/2026 11:28,13.875,0.002,7.84
28/07/2026 10:58,13.5,0.002,7.86
28/07/2026 10:28,14,0.002,7.88
28/07/2026 09:58,15.625,0.002,7.9
28/07/2026 09:28,15.375,0.002,7.92
28/07/2026 08:58,15.875,0.002,7.93
28/07/2026 08:28,16.25,0.002,7.93
28/07/2026 07:58,16.125,0.002,7.93
28/07/2026 07:28,15.875,0.002,7.93
28/07/2026 06:58,15.75,0.002,7.93
28/07/2026 06:28,15.75,0.002,7.93
28/07/2026 05:58,15.75,0.002,7.93
28/07/2026 05:28,15.5,0.002,7.93
28/07/2026 04:58,15.5,0.002,7.93
28/07/2026 04:28,15.375,0.002,7.93
28/07/2026 03:58,15.25,0.002,7.93
28/07/2026 03:28,15.25,0.002,7.93
28/07/2026 02:58,15,0.002,7.94
28/07/2026 02:28,14.75,0.002,7.93
28/07/2026 01:58,15.625,0.002,7.94
28/07/2026 01:28,14.5,0.002,7.94
28/07/2026 00:58,14.5,0.002,7.94
28/07/2026 00:28,14,0.002,7.94
27/07/2026 23:58,13.875,0.002,7.94
27/07/2026 23:28,13.5,0.002,7.94
27/07/2026 22:58,13.75,0.002,7.95
27/07/2026 22:28,14.125,0.002,7.95
27/07/2026 21:58,14.875,0.002,7.96
27/07/2026 21:28,15.375,0.002,7.96
27/07/2026 20:58,16.625,0.002,7.97
27/07/2026 20:28,15.5,0.002,7.97
27/07/2026 19:58,15.375,0.002,7.97
27/07/2026 19:28,15.25,0.002,7.97
27/07/2026 18:58,14.875,0.002,7.96
27/07/2026 18:28,14.875,0.002,7.96
27/07/2026 17:58,14.375,0.002,7.96
27/07/2026 17:28,14,0.002,7.96
27/07/2026 16:58,13.5,0.002,7.95
27/07/2026 16:28,13.25,0.002,7.95
27/07/2026 15:58,13.625,0.002,7.95
27/07/2026 15:28,14,0.002,7.96
27/07/2026 14:58,14.5,0.002,7.96
27/07/2026 14:28,14.75,0.002,7.95
27/07/2026 13:58,15.25,0.002,7.95
27/07/2026 13:28,15.875,0.002,7.95
27/07/2026 12:58,15.625,0.002,7.94
27/07/2026 12:28,15.375,0.002,7.94
27/07/2026 11:58,15,0.002,7.93
27/07/2026 11:28,13.75,0.002,7.93
27/07/2026 10:58,14.5,0.002,7.93
27/07/2026 10:28,15.25,0.002,7.93
27/07/2026 09:58,16.625,0.002,7.93
27/07/2026 09:28,15.875,0.002,7.93
27/07/2026 08:58,15.75,0.002,7.92
27/07/2026 08:28,14.75,0.002,7.92
27/07/2026 07:58,15.375,0.002,7.91
27/07/2026 07:28,15.25,0.002,7.91
27/07/2026 06:58,15.125,0.002,7.91
27/07/2026 06:28,15,0.002,7.91
27/07/2026 05:58,14.875,0.002,7.91
27/07/2026 05:28,14.875,0.002,7.91
27/07/2026 04:58,14.625,0.002,7.92
27/07/2026 04:28,14.625,0.002,7.92
27/07/2026 03:58,14.5,0.002,7.92
27/07/2026 03:28,14,0.002,7.92
27/07/2026 02:58,14,0.002,7.92
27/07/2026 02:28,13.75,0.002,7.92
27/07/2026 01:58,14,0.002,7.92
27/07/2026 01:28,13.75,0.002,7.93
27/07/2026 00:58,15.375,0.002,7.94
27/07/2026 00:28,15.5,0.002,7.94
26/07/2026 23:58,15.5,0.002,7.94
26/07/2026 23:28,15.25,0.002,7.94
26/07/2026 22:58,15.25,0.002,7.94
26/07/2026 22:28,15.125,0.002,7.94
26/07/2026 21:58,14.75,0.002,7.94
26/07/2026 21:28,14.625,0.002,7.94
26/07/2026 20:58,14.5,0.002,7.94
26/07/2026 20:28,14,0.002,7.94
26/07/2026 19:58,14,0.002,7.95
26/07/2026 19:28,13.5,0.002,7.94
26/07/2026 18:58,13.25,0.002,7.95
26/07/2026 18:28,13,0.002,7.95
26/07/2026 17:58,13.375,0.002,7.95
26/07/2026 17:58,13.375,0.002,7.95
26/07/2026 17:28,13.5,0.002,7.95
26/07/2026 16:58,13.875,0.002,7.95
26/07/2026 16:28,14.25,0.002,7.95
26/07/2026 16:28,14.25,0.002,7.95
26/07/2026 15:58,15.5,0.002,7.95
26/07/2026 15:28,15.125,0.002,7.95
26/07/2026 14:58,15.625,0.002,7.94
26/07/2026 14:28,15.875,0.002,7.94
26/07/2026 13:58,15.625,0.002,7.93
26/07/2026 13:28,15.25,0.002,7.93
26/07/2026 12:58,15.125,0.002,7.93
26/07/2026 12:28,14.625,0.002,7.92
26/07/2026 11:58,14.375,0.002,7.91
26/07/2026 11:28,13.875,0.002,7.91
26/07/2026 10:58,13.75,0.002,7.91
26/07/2026 10:28,14.25,0.002,7.91
26/07/2026 09:58,15.625,0.002,7.91
26/07/2026 09:28,15.375,0.002,7.91
26/07/2026 08:58,16,0.002,7.91
26/07/2026 08:28,15.875,0.002,7.9
26/07/2026 07:58,15.875,0.002,7.9
26/07/2026 07:28,15.75,0.002,7.9
26/07/2026 06:58,15.75,0.002,7.9
26/07/2026 06:28,15.625,0.002,7.9
26/07/2026 05:58,14.75,0.002,7.9
26/07/2026 05:28,15.375,0.002,7.9
26/07/2026 05:28,15.375,0.002,7.9
26/07/2026 04:58,15.5,0.002,7.9
26/07/2026 04:28,15.375,0.002,7.9
26/07/2026 03:58,15.25,0.002,7.9
26/07/2026 03:28,15.125,0.002,7.9
26/07/2026 02:58,15.125,0.002,7.9
26/07/2026 02:28,15,0.002,7.9
26/07/2026 01:58,14.875,0.002,7.9
26/07/2026 01:28,14.75,0.002,7.9
26/07/2026 00:58,14.625,0.002,7.9
26/07/2026 00:28,14.375,0.002,7.9
25/07/2026 23:58,14.125,0.002,7.9
25/07/2026 23:28,13.75,0.002,7.9
25/07/2026 22:58,13.5,0.002,7.91
25/07/2026 22:28,13.625,0.002,7.91
25/07/2026 21:58,14,0.002,7.91
25/07/2026 21:28,14.5,0.002,7.92
25/07/2026 20:58,14.875,0.002,7.92
25/07/2026 20:28,15.5,0.002,7.93
25/07/2026 19:58,15.5,0.002,7.93
25/07/2026 19:28,15.5,0.002,7.93
25/07/2026 18:58,15.125,0.002,7.93
25/07/2026 18:28,15,0.002,7.92
25/07/2026 17:58,14.875,0.002,7.92
25/07/2026 17:28,14.5,0.002,7.92
25/07/2026 16:58,14.125,0.002,7.91
25/07/2026 16:28,13.625,0.002,7.91
25/07/2026 15:58,13.375,0.002,7.91
25/07/2026 15:28,14.625,0.002,7.91
25/07/2026 14:58,14,0.002,7.91
25/07/2026 14:28,14.5,0.002,7.91
25/07/2026 13:58,15,0.002,7.9
25/07/2026 13:28,15.375,0.002,7.9
25/07/2026 12:58,15.25,0.002,7.89
25/07/2026 12:28,15,0.002,7.89
25/07/2026 11:58,14.625,0.002,7.88
25/07/2026 11:28,14.125,0.002,7.88
25/07/2026 10:58,14,0.002,7.87
25/07/2026 10:28,14.75,0.002,7.87
25/07/2026 09:58,15.375,0.002,7.87
25/07/2026 09:28,16,0.002,7.87
25/07/2026 08:58,16,0.002,7.87
25/07/2026 08:28,15.875,0.002,7.86
25/07/2026 07:58,15.75,0.002,7.86
25/07/2026 07:28,14.75,0.002,7.86
25/07/2026 06:58,15.625,0.002,7.85
25/07/2026 06:28,16.5,0.002,7.85
25/07/2026 05:58,15.5,0.002,7.85
25/07/2026 05:28,15.375,0.002,7.85
25/07/2026 04:58,15.375,0.002,7.85
25/07/2026 04:28,15.375,0.002,7.85
25/07/2026 03:58,15.25,0.002,7.85
25/07/2026 03:28,15.125,0.002,7.85
25/07/2026 02:58,15,0.002,7.85
25/07/2026 02:28,14.875,0.002,7.85
25/07/2026 01:58,14.875,0.002,7.85
25/07/2026 01:28,14.5,0.002,7.85
25/07/2026 00:58,14.25,0.002,7.85
25/07/2026 00:28,14.125,0.002,7.84
24/07/2026 23:58,13.875,0.002,7.84
24/07/2026 23:28,13.5,0.002,7.84
24/07/2026 22:58,13.5,0.002,7.85
24/07/2026 22:28,13.875,0.002,7.85
24/07/2026 21:58,14.625,0.002,7.85
24/07/2026 21:28,15,0.002,7.85
24/07/2026 20:58,15.5,0.002,7.86
24/07/2026 20:28,15.25,0.002,7.86
24/07/2026 19:58,15.125,0.002,7.85
24/07/2026 19:28,14.75,0.002,7.85
24/07/2026 18:58,14.625,0.002,7.85
24/07/2026 18:28,14.25,0.002,7.85
24/07/2026 17:58,14,0.002,7.84
24/07/2026 17:28,13.5,0.002,7.84
24/07/2026 16:58,13.25,0.002,7.84
24/07/2026 16:28,13.25,0.002,7.83
24/07/2026 15:58,13.5,0.002,7.83
24/07/2026 15:28,13.75,0.002,7.83
24/07/2026 14:58,14,0.002,7.83
24/07/2026 14:28,14.5,0.002,7.83
24/07/2026 13:58,15.125,0.002,7.82
24/07/2026 13:28,15.625,0.002,7.82
24/07/2026 12:58,15.375,0.002,7.81
24/07/2026 12:28,15,0.002,7.81
24/07/2026 12:28,15,0.002,7.81
24/07/2026 11:58,13.75,0.002,7.81
24/07/2026 11:28,14.5,0.002,7.81
24/07/2026 10:58,14.375,0.002,7.81
24/07/2026 10:28,14.875,0.002,7.82
24/07/2026 09:58,15.125,0.002,7.83
24/07/2026 09:28,15.625,0.002,7.85
24/07/2026 08:58,16,0.002,7.86
24/07/2026 08:28,15.75,0.002,7.86
24/07/2026 07:58,16.5,0.002,7.86
24/07/2026 07:28,15.375,0.002,7.86
24/07/2026 06:58,15.375,0.002,7.85
24/07/2026 06:58,15.375,0.002,7.85
24/07/2026 06:28,15.125,0.002,7.85
24/07/2026 05:58,15.125,0.002,7.85
24/07/2026 05:28,15,0.002,7.85
24/07/2026 04:58,14.875,0.002,7.85
24/07/2026 04:28,15.625,0.002,7.85
24/07/2026 03:58,14.625,0.002,7.84
24/07/2026 03:28,14.5,0.002,7.84
24/07/2026 02:58,14.375,0.002,7.84
24/07/2026 02:28,14.25,0.002,7.85
24/07/2026 02:28,14.25,0.002,7.85
24/07/2026 01:58,13.75,0.002,7.85
24/07/2026 01:28,13.625,0.002,7.84
24/07/2026 00:58,13.375,0.002,7.84
24/07/2026 00:28,13.5,0.002,7.84
23/07/2026 23:58,13.875,0.002,7.85
23/07/2026 23:28,14.625,0.002,7.85
23/07/2026 22:58,15,0.002,7.86
23/07/2026 22:28,15.375,0.002,7.86
23/07/2026 21:58,15.375,0.002,7.86
23/07/2026 21:28,15.125,0.002,7.86
23/07/2026 20:58,15,0.002,7.85
23/07/2026 20:28,15.625,0.002,7.85
23/07/2026 19:58,14.5,0.002,7.85
23/07/2026 19:28,14.25,0.002,7.85
23/07/2026 18:58,13.875,0.002,7.85
23/07/2026 18:28,13.625,0.002,7.85
23/07/2026 17:58,13.375,0.002,7.85
23/07/2026 17:28,13.625,0.002,7.85
23/07/2026 16:58,13.875,0.002,7.85
23/07/2026 16:28,14.25,0.002,7.84
23/07/2026 15:58,14.5,0.002,7.84
23/07/2026 15:28,15.125,0.002,7.84
23/07/2026 14:58,15.5,0.002,7.84
23/07/2026 14:28,15.75,0.002,7.84
23/07/2026 13:58,16.375,0.002,7.83
23/07/2026 13:28,17.125,0.002,7.83
23/07/2026 12:58,17,0.003,7.82
23/07/2026 12:28,16.875,0.003,7.81
23/07/2026 11:58,16.5,0.002,7.81
23/07/2026 11:28,16.375,0.002,7.8
23/07/2026 10:58,15.875,0.002,7.8
23/07/2026 10:28,15.625,0.002,7.8
23/07/2026 09:58,15.625,0.002,7.8
23/07/2026 09:28,15.125,0.002,7.81
23/07/2026 08:58,14.875,0.002,7.82
23/07/2026 08:28,15.625,0.002,7.83
23/07/2026 07:58,14.375,0.002,7.82
23/07/2026 07:28,14,0.002,7.82
23/07/2026 06:58,13.875,0.002,7.82
23/07/2026 06:28,13.625,0.002,7.82
23/07/2026 05:58,13.875,0.002,7.82
23/07/2026 05:28,14.5,0.002,7.82
23/07/2026 04:58,15,0.002,7.83
23/07/2026 04:28,15.75,0.002,7.83
23/07/2026 03:58,16.125,0.002,7.83
23/07/2026 03:28,16,0.002,7.83
23/07/2026 02:58,16,0.002,7.83
23/07/2026 02:28,15.875,0.002,7.83
23/07/2026 01:58,15.875,0.002,7.82
23/07/2026 01:28,15.75,0.002,7.83
23/07/2026 00:58,15.75,0.002,7.83
23/07/2026 00:28,15.625,0.002,7.83
22/07/2026 23:58,15.625,0.002,7.83
22/07/2026 23:28,15.5,0.002,7.82
22/07/2026 22:58,15.5,0.002,7.83
22/07/2026 22:28,15.25,0.002,7.83
22/07/2026 21:58,15.125,0.002,7.83
22/07/2026 21:28,14.875,0.002,7.82
22/07/2026 20:58,14.75,0.002,7.82
22/07/2026 20:28,14.5,0.002,7.82
22/07/2026 19:58,14.375,0.002,7.82
22/07/2026 19:28,14,0.002,7.82
22/07/2026 18:58,13.625,0.002,7.81
22/07/2026 18:28,13.25,0.002,7.81
22/07/2026 17:58,13.125,0.002,7.81
22/07/2026 17:28,13.25,0.002,7.81
22/07/2026 17:28,13.25,0.002,7.81
22/07/2026 16:58,13.25,0.002,7.81
22/07/2026 16:28,13.5,0.002,7.8
22/07/2026 15:58,13.5,0.002,7.8
22/07/2026 15:28,14.625,0.002,7.8
22/07/2026 14:58,13.75,0.002,7.79
22/07/2026 14:28,13.875,0.002,7.8
22/07/2026 14:28,13.875,0.002,7.8
22/07/2026 13:58,14.125,0.002,7.79
22/07/2026 13:28,14.5,0.002,7.8
22/07/2026 12:58,14.875,0.002,7.81
22/07/2026 12:28,15.375,0.002,7.81
22/07/2026 11:58,15.75,0.002,7.83
22/07/2026 11:28,16,0.003,7.84
22/07/2026 10:58,16.5,0.003,7.86
22/07/2026 10:28,16.25,0.003,7.88
22/07/2026 09:58,16,0.003,7.88
22/07/2026 09:58,16,0.003,7.88
22/07/2026 09:28,15.875,0.003,7.89
22/07/2026 09:28,15.875,0.003,7.89
22/07/2026 08:58,15.875,0.002,7.9
22/07/2026 08:28,15.75,0.002,7.91
22/07/2026 08:28,15.75,0.002,7.91
22/07/2026 07:58,15.5,0.002,7.92
22/07/2026 07:28,15.375,0.002,7.91
22/07/2026 06:58,15.125,0.002,7.91
22/07/2026 06:28,15.125,0.002,7.91
22/07/2026 05:58,14.875,0.002,7.91
22/07/2026 05:28,14.75,0.002,7.91
22/07/2026 04:58,14.5,0.002,7.91
22/07/2026 04:28,14.5,0.002,7.92
22/07/2026 03:58,14.375,0.002,7.92
22/07/2026 03:28,14,0.002,7.91
22/07/2026 02:58,14.125,0.002,7.92
22/07/2026 02:28,14.75,0.002,7.93
22/07/2026 01:58,15.5,0.002,7.94
22/07/2026 01:28,16.125,0.002,7.94
22/07/2026 00:58,16.625,0.003,7.95
22/07/2026 00:28,16.625,0.003,7.95
21/07/2026 23:58,16.375,0.003,7.95
21/07/2026 23:28,16.5,0.003,7.95
21/07/2026 22:58,16.375,0.003,7.95
21/07/2026 22:28,16.25,0.003,7.96
21/07/2026 21:58,16.25,0.002,7.95
21/07/2026 21:28,16.125,0.003,7.96
21/07/2026 20:58,15.875,0.003,7.96
21/07/2026 20:28,15.75,0.002,7.96
21/07/2026 20:28,15.75,0.002,7.96
21/07/2026 19:58,15.625,0.002,7.96
21/07/2026 19:28,15.625,0.002,7.96
21/07/2026 19:28,15.625,0.002,7.96
21/07/2026 18:58,15.5,0.002,7.96
21/07/2026 18:58,15.5,0.002,7.96
21/07/2026 18:28,15.375,0.002,7.96
21/07/2026 17:58,15.25,0.002,7.96
21/07/2026 17:28,14.875,0.002,7.95
21/07/2026 16:58,14.625,0.002,7.95
21/07/2026 16:58,14.625,0.002,7.95
21/07/2026 16:28,14.25,0.002,7.95
21/07/2026 15:58,13.75,0.002,7.94
21/07/2026 15:28,12.75,0.002,7.94
21/07/2026 14:58,14,0.002,7.95
21/07/2026 14:28,14.5,0.002,7.95
21/07/2026 13:58,15,0.002,7.95
21/07/2026 13:28,15.5,0.002,7.95
21/07/2026 12:58,15.25,0.002,7.94
21/07/2026 12:28,15.125,0.002,7.94
21/07/2026 11:58,14.625,0.002,7.93
21/07/2026 11:28,14.25,0.002,7.93
21/07/2026 10:58,14.125,0.002,7.93
21/07/2026 10:28,14.625,0.002,7.93
21/07/2026 09:58,15.25,0.002,7.93
21/07/2026 09:28,15.625,0.002,7.93
21/07/2026 08:58,15.875,0.003,7.92
21/07/2026 08:28,15.75,0.002,7.92
21/07/2026 07:58,15.625,0.002,7.92
21/07/2026 07:28,15.5,0.002,7.92
21/07/2026 06:58,15.375,0.002,7.91
21/07/2026 06:28,15.125,0.002,7.91
21/07/2026 05:58,15.125,0.002,7.91
21/07/2026 05:28,15,0.002,7.92
21/07/2026 04:58,13.75,0.002,7.92
21/07/2026 04:28,14.625,0.002,7.92
21/07/2026 03:58,14.5,0.002,7.92
21/07/2026 03:28,14.25,0.002,7.92
21/07/2026 02:58,14,0.002,7.92
21/07/2026 02:28,14.5,0.002,7.93
21/07/2026 01:58,15.125,0.002,7.93
21/07/2026 01:28,15.75,0.002,7.94
21/07/2026 01:28,15.75,0.002,7.94
21/07/2026 00:58,16.25,0.003,7.94
21/07/2026 00:28,16.25,0.002,7.94
21/07/2026 00:28,16.25,0.002,7.94
20/07/2026 23:58,16.125,0.002,7.94
20/07/2026 23:28,15.875,0.002,7.94
20/07/2026 23:28,15.875,0.002,7.94
20/07/2026 22:58,15.75,0.002,7.94
20/07/2026 22:28,14.75,0.002,7.95
20/07/2026 21:58,15.625,0.002,7.95
20/07/2026 21:58,15.625,0.002,7.95
20/07/2026 21:28,15.5,0.002,7.95
20/07/2026 20:58,15.25,0.002,7.95
20/07/2026 20:28,15,0.002,7.95
20/07/2026 19:58,15,0.002,7.95
20/07/2026 19:28,14.75,0.002,7.96
20/07/2026 18:58,14.375,0.002,7.95
20/07/2026 18:28,14.125,0.002,7.95
20/07/2026 17:58,13.625,0.002,7.95
20/07/2026 17:28,13.25,0.002,7.95
20/07/2026 16:58,13.375,0.002,7.95
20/07/2026 16:28,13.625,0.002,7.95
20/07/2026 15:58,14,0.002,7.95
20/07/2026 15:28,14.125,0.002,7.96
20/07/2026 14:58,14.625,0.002,7.96
20/07/2026 14:28,15,0.002,7.96
20/07/2026 14:28,15,0.002,7.96
20/07/2026 13:58,15.5,0.002,7.96
20/07/2026 13:28,15.75,0.002,7.96
20/07/2026 12:58,15.875,0.002,7.95
20/07/2026 12:28,15.375,0.002,7.95
20/07/2026 11:58,15.125,0.002,7.95
20/07/2026 11:28,14.75,0.002,7.95
20/07/2026 10:58,14.625,0.002,7.94
20/07/2026 10:28,15,0.002,7.95
20/07/2026 09:58,15.625,0.002,7.95
20/07/2026 09:28,16.625,0.002,7.95
20/07/2026 08:58,15.75,0.002,7.94
20/07/2026 08:28,15.5,0.002,7.94
20/07/2026 07:58,15.375,0.002,7.94
20/07/2026 07:28,15.25,0.002,7.94
20/07/2026 06:58,15,0.002,7.94
20/07/2026 06:28,15,0.002,7.94
20/07/2026 05:58,15.625,0.002,7.94
20/07/2026 05:28,14.5,0.002,7.94
20/07/2026 04:58,14.375,0.002,7.94
20/07/2026 04:28,14.125,0.002,7.94
20/07/2026 03:58,13.875,0.002,7.95
20/07/2026 03:28,13.75,0.002,7.95
20/07/2026 03:28,13.75,0.002,7.95
20/07/2026 02:58,14.375,0.002,7.96
20/07/2026 02:28,15,0.002,7.97
20/07/2026 01:58,15.625,0.002,7.98
20/07/2026 01:28,16.375,0.002,7.98
20/07/2026 00:58,16.875,0.003,7.99
20/07/2026 00:28,16.75,0.003,7.99
19/07/2026 23:58,15.75,0.002,7.99
19/07/2026 23:28,16.5,0.003,7.99
19/07/2026 22:58,16.375,0.002,7.99
19/07/2026 22:28,16.25,0.002,8
19/07/2026 21:58,16.25,0.002,8
19/07/2026 21:28,16.125,0.002,8
19/07/2026 20:58,15.875,0.002,8
19/07/2026 20:28,15.875,0.002,8
19/07/2026 19:58,16.625,0.002,8
19/07/2026 19:28,15.375,0.002,8
19/07/2026 18:58,15.5,0.002,8.01
19/07/2026 18:28,15.875,0.002,8.01
19/07/2026 17:58,16.625,0.002,8.02
19/07/2026 17:28,17.375,0.003,8.02
19/07/2026 16:58,18.625,0.003,8.01
19/07/2026 16:28,17.5,0.003,8.01
19/07/2026 15:58,17.375,0.003,8.01
19/07/2026 15:28,17.25,0.003,8
19/07/2026 14:58,17.25,0.003,8
19/07/2026 14:28,17,0.003,8
19/07/2026 13:58,16.625,0.003,7.99
19/07/2026 13:28,16.5,0.003,7.99
19/07/2026 13:28,16.5,0.003,7.99
19/07/2026 12:58,16.375,0.002,7.99
19/07/2026 12:28,16.125,0.002,7.98
19/07/2026 11:58,15.875,0.002,7.98
19/07/2026 11:28,14.75,0.002,7.98
19/07/2026 10:58,14.75,0.002,7.98
19/07/2026 10:28,16.25,0.002,7.98
19/07/2026 09:58,17.125,0.003,7.97
19/07/2026 09:28,17.125,0.003,7.97
19/07/2026 08:58,17,0.003,7.97
19/07/2026 08:28,17,0.003,7.96
19/07/2026 07:58,16.875,0.003,7.96
19/07/2026 07:28,16.625,0.003,7.96
19/07/2026 06:58,16.625,0.003,7.96
19/07/2026 06:28,16.375,0.003,7.96
19/07/2026 05:58,16.5,0.003,7.96
19/07/2026 05:28,16.375,0.002,7.96
19/07/2026 04:58,16.5,0.003,7.96
19/07/2026 04:28,16.375,0.003,7.96
19/07/2026 03:58,16.25,0.002,7.97
19/07/2026 03:28,16.25,0.002,7.97
19/07/2026 02:58,16.25,0.003,7.97
19/07/2026 02:28,16.125,0.002,7.97
19/07/2026 01:58,16,0.003,7.97
19/07/2026 01:28,16,0.002,7.97
19/07/2026 00:58,15.875,0.002,7.97
19/07/2026 00:28,15.875,0.002,7.97
18/07/2026 23:58,15.75,0.002,7.97
18/07/2026 23:28,16.625,0.002,7.98
18/07/2026 22:58,15.625,0.002,7.98
18/07/2026 22:28,15.375,0.002,7.98
18/07/2026 21:58,15.625,0.002,7.98
18/07/2026 21:58,15.625,0.002,7.98
18/07/2026 21:28,15.75,0.002,7.99
18/07/2026 20:58,16.375,0.002,7.99
18/07/2026 20:28,16.875,0.003,7.99
18/07/2026 19:58,17.625,0.003,7.99
18/07/2026 19:28,17.875,0.003,8
18/07/2026 18:58,17.75,0.003,8
18/07/2026 18:28,17.75,0.003,8
18/07/2026 17:58,17.75,0.003,8
18/07/2026 17:28,17.625,0.003,7.99
18/07/2026 16:58,17.5,0.003,7.99
18/07/2026 16:28,17.25,0.003,7.99
18/07/2026 15:58,17.125,0.003,7.98
18/07/2026 15:28,16.875,0.003,7.98
18/07/2026 14:58,16.75,0.003,7.98
18/07/2026 14:28,16.625,0.003,7.97
18/07/2026 13:58,16.5,0.003,7.97
18/07/2026 13:28,16,0.002,7.97
18/07/2026 12:58,15.875,0.002,7.96
18/07/2026 12:58,15.875,0.002,7.96
18/07/2026 12:28,15.625,0.002,7.96
18/07/2026 11:58,15.5,0.002,7.95
18/07/2026 11:28,15.25,0.002,7.95
18/07/2026 10:58,14.875,0.002,7.95
18/07/2026 10:28,15.625,0.002,7.95
18/07/2026 09:58,14.25,0.002,7.95
18/07/2026 09:28,14.375,0.002,7.94
18/07/2026 08:58,14.875,0.002,7.95
18/07/2026 08:28,15.375,0.002,7.95
18/07/2026 07:58,16,0.003,7.94
18/07/2026 07:28,16,0.003,7.94
18/07/2026 06:58,15.875,0.002,7.94
18/07/2026 06:28,15.75,0.002,7.94
18/07/2026 05:58,14.75,0.002,7.94
18/07/2026 05:28,15.625,0.002,7.94
18/07/2026 04:58,15.5,0.002,7.94
18/07/2026 04:28,15.5,0.002,7.94
18/07/2026 03:58,15.25,0.002,7.94
18/07/2026 03:28,15.25,0.002,7.94
18/07/2026 02:58,15.125,0.002,7.94
18/07/2026 02:28,15.125,0.002,7.94
18/07/2026 01:58,14.625,0.002,7.94
18/07/2026 01:58,14.625,0.002,7.94
18/07/2026 01:28,14.625,0.002,7.95
18/07/2026 00:58,14.5,0.002,7.95
18/07/2026 00:28,14.125,0.002,7.94
17/07/2026 23:58,13.875,0.002,7.95
17/07/2026 23:28,13.625,0.002,7.95
17/07/2026 22:58,14.125,0.002,7.95
17/07/2026 22:28,14.5,0.002,7.95
17/07/2026 21:58,14.875,0.002,7.95
17/07/2026 21:28,15.25,0.002,7.96
17/07/2026 20:58,15.875,0.002,7.97
17/07/2026 20:28,16.25,0.003,7.97
17/07/2026 19:58,16.5,0.003,7.97
17/07/2026 19:28,16.375,0.003,7.97
17/07/2026 18:58,16.25,0.003,7.97
17/07/2026 18:28,16,0.003,7.98
17/07/2026 17:58,16.375,0.003,7.98
17/07/2026 17:28,17.125,0.003,7.98
17/07/2026 16:58,17.875,0.003,7.98
17/07/2026 16:28,18.25,0.003,7.97
17/07/2026 16:00,18.25,0.003,7.97
17/07/2026 16:00,18.25,0.003,7.97
17/07/2026 15:58,18.25,0.003,7.97
17/07/2026 15:28,18.25,0.003,7.97
17/07/2026 14:58,18,0.003,7.96
17/07/2026 14:28,17.875,0.003,7.96
17/07/2026 13:58,17.875,0.003,7.96
17/07/2026 13:58,17.875,0.003,7.96
17/07/2026 13:28,17.75,0.003,7.95
17/07/2026 12:58,17.5,0.003,7.94
17/07/2026 12:28,17.375,0.003,7.94
17/07/2026 11:58,17.5,0.003,7.94
17/07/2026 11:28,17.25,0.003,7.93
17/07/2026 10:58,17,0.003,7.93
17/07/2026 10:28,17,0.003,7.93
17/07/2026 09:58,16.875,0.003,7.92
17/07/2026 09:28,15.75,0.003,7.92
17/07/2026 08:58,16.625,0.003,7.91
17/07/2026 08:28,16.375,0.003,7.91
17/07/2026 07:58,16.375,0.003,7.91
17/07/2026 07:28,16.25,0.003,7.9
17/07/2026 06:58,16,0.003,7.9
17/07/2026 06:28,16.125,0.003,7.9
17/07/2026 05:58,15.875,0.003,7.9
17/07/2026 05:28,16,0.003,7.9
17/07/2026 05:28,16,0.003,7.9
17/07/2026 04:58,15.875,0.003,7.9
17/07/2026 04:28,15.625,0.003,7.91
17/07/2026 03:58,14.75,0.003,7.9
17/07/2026 03:28,15.625,0.002,7.9
17/07/2026 02:58,15.5,0.002,7.9
17/07/2026 02:28,15.25,0.002,7.9
17/07/2026 01:58,15.375,0.002,7.91
17/07/2026 01:28,16.625,0.002,7.91
17/07/2026 00:58,15.625,0.002,7.92
17/07/2026 00:28,15.875,0.002,7.92
16/07/2026 23:58,16,0.003,7.92
16/07/2026 23:28,16.25,0.002,7.92
16/07/2026 22:58,16.5,0.002,7.92
16/07/2026 22:28,16.625,0.002,7.92
16/07/2026 21:58,17,0.002,7.93
16/07/2026 21:28,17.25,0.002,7.93
16/07/2026 20:58,17.625,0.002,7.93
16/07/2026 20:28,18,0.003,7.93
16/07/2026 19:58,18.5,0.002,7.94
16/07/2026 19:28,18.375,0.002,7.94
16/07/2026 18:58,18.375,0.002,7.94
16/07/2026 18:28,18.25,0.002,7.94
16/07/2026 17:58,18.25,0.002,7.94
16/07/2026 17:28,18.125,0.002,7.94
16/07/2026 16:58,18,0.002,7.93
16/07/2026 16:28,17.75,0.002,7.93
16/07/2026 16:28,17.75,0.002,7.93
16/07/2026 15:58,17.625,0.002,7.93
16/07/2026 15:28,17.25,0.002,7.92
16/07/2026 14:58,16.875,0.002,7.93
16/07/2026 14:28,16.5,0.002,7.92
16/07/2026 13:58,16.875,0.002,7.92
16/07/2026 13:28,17.25,0.002,7.92
16/07/2026 12:58,17.5,0.002,7.92
16/07/2026 12:58,17.5,0.002,7.92
16/07/2026 12:28,17.875,0.001,7.93
16/07/2026 11:58,18.25,0.001,7.94
16/07/2026 11:28,18,0.001,7.93
16/07/2026 10:58,18,0.001,7.93
16/07/2026 10:28,17.875,0.001,7.93
16/07/2026 09:58,17.875,0.001,7.93
16/07/2026 09:58,17.875,0.001,7.93
16/07/2026 09:28,17.75,0.001,7.93
16/07/2026 08:58,17.75,0.001,7.93
16/07/2026 08:28,17.75,0.001,7.92
16/07/2026 07:58,17.75,0.001,7.92
16/07/2026 07:28,16.75,0.001,7.91
16/07/2026 06:58,17.75,0.001,7.91
16/07/2026 06:28,17.75,0.001,7.91
16/07/2026 05:58,17.75,0.001,7.91
16/07/2026 05:28,17.75,0.001,7.91
16/07/2026 04:58,16.75,0.001,7.91
16/07/2026 04:28,17.875,0.001,7.91
16/07/2026 03:58,17.875,0.001,7.9
16/07/2026 03:28,17.875,0.001,7.9
16/07/2026 02:58,18,0.001,7.9
16/07/2026 02:28,17.875,0.001,7.9
16/07/2026 02:28,17.875,0.001,7.9
16/07/2026 01:58,18,0.001,7.9
16/07/2026 01:28,18,0.001,7.9
16/07/2026 00:58,18,0.001,7.9
16/07/2026 00:28,18.25,0.001,7.9
15/07/2026 23:58,18.25,0.001,7.9
15/07/2026 23:28,18.25,0.001,7.9
15/07/2026 22:58,18.375,0.001,7.9
15/07/2026 22:28,18.5,0.001,7.9
15/07/2026 21:58,18.5,0.001,7.9
15/07/2026 21:28,18.625,0.001,7.9
15/07/2026 20:58,18.625,0.001,7.9
15/07/2026 20:28,18.625,0.001,7.89
15/07/2026 19:58,18.75,0.001,7.89
15/07/2026 19:28,18.875,0.001,7.89
15/07/2026 18:58,18.875,0.001,7.89
15/07/2026 18:28,18.875,0.001,7.89
15/07/2026 17:58,19,0.001,7.89
15/07/2026 17:28,18.875,0.001,7.89
15/07/2026 16:58,18.875,0.001,7.88
15/07/2026 16:28,18.75,0.001,7.88
15/07/2026 15:58,19.625,0.001,7.87
15/07/2026 15:28,18.625,0.001,7.87
15/07/2026 14:58,18.375,0.001,7.86
15/07/2026 14:28,18.375,0.001,7.86
15/07/2026 13:58,18.25,0.001,7.85
15/07/2026 13:28,18.125,0.001,7.85
15/07/2026 12:58,18.125,0.001,7.85
15/07/2026 12:28,17.75,0.001,7.86
15/07/2026 11:58,17.75,0.001,7.86
15/07/2026 11:28,17.625,0.001,7.86
15/07/2026 10:58,17.625,0.001,7.86
15/07/2026 10:28,17.5,0.001,7.86
15/07/2026 09:58,17.5,0.001,7.86
15/07/2026 09:28,17.375,0.001,7.87
15/07/2026 08:58,17.375,0.001,7.87
15/07/2026 08:28,17.25,0.001,7.86
15/07/2026 07:58,17.25,0.001,7.86
15/07/2026 07:28,17.125,0.001,7.86
15/07/2026 06:58,17.25,0.001,7.85
15/07/2026 06:28,17.25,0.001,7.85
15/07/2026 05:58,17.25,0.001,7.85
15/07/2026 05:28,17.375,0.001,7.85
15/07/2026 04:58,17.125,0.001,7.84
15/07/2026 04:28,17.25,0.001,7.84
15/07/2026 03:58,17.375,0.001,7.84
15/07/2026 03:28,17.25,0.001,7.84
15/07/2026 02:58,17.375,0.001,7.84
15/07/2026 02:28,17.375,0.001,7.83
15/07/2026 01:58,17.375,0.001,7.84
15/07/2026 01:28,17.375,0.001,7.84
15/07/2026 00:58,17.375,0.001,7.84
15/07/2026 00:28,17.375,0.001,7.83
14/07/2026 23:58,17.5,0.001,7.84
14/07/2026 23:28,17.375,0.001,7.84
14/07/2026 22:58,17.25,0.001,7.84
14/07/2026 22:28,17.375,0.001,7.84
14/07/2026 21:58,17.375,0.001,7.84
14/07/2026 21:28,17.375,0.001,7.84
14/07/2026 20:58,17.375,0.001,7.84
14/07/2026 20:28,17.25,0.001,7.84
14/07/2026 19:58,17.375,0.001,7.84
14/07/2026 19:28,17.25,0.001,7.85
14/07/2026 18:58,17.25,0.001,7.85
14/07/2026 18:28,17.125,0.001,7.85
14/07/2026 17:58,17,0.001,7.84
14/07/2026 17:28,16.875,0.001,7.84
14/07/2026 16:58,17.625,0.001,7.85
14/07/2026 16:28,16.375,0.001,7.85
14/07/2026 15:58,16.25,0.001,7.85
14/07/2026 15:28,16,0.001,7.85
14/07/2026 14:58,15.75,0.001,7.85
14/07/2026 14:28,15.625,0.001,7.86
14/07/2026 13:58,15.25,0.001,7.86
14/07/2026 13:28,15.5,0.001,7.86
14/07/2026 12:58,15.75,0.001,7.84
14/07/2026 12:28,16.25,0.001,7.82
14/07/2026 11:58,15.75,0.001,7.79
14/07/2026 11:28,17.375,0.001,7.75
14/07/2026 10:58,18,0.001,7.69
14/07/2026 10:28,17.75,0.001,7.58
14/07/2026 10:28,17.75,0.001,7.58
14/07/2026 10:21,19.375,0.001,7.55
14/07/2026 10:16,19.75,0.001,7.52
14/07/2026 10:06,20.625,0.001,7.46
14/07/2026 09:58,19.875,0.001,7.38
14/07/2026 09:45,20,0.001,7.24
14/07/2026 09:28,21.125,0.001,7.08
14/07/2026 08:58,20.75,0.001,6.84
14/07/2026 08:28,20.875,0.001,6.7
14/07/2026 07:58,20.75,0.002,6.65
14/07/2026 07:53,20.875,0.002,6.65
11/07/2026 10:28,17.875,0.005,8.1
11/07/2026 09:58,18,0.005,8.1
11/07/2026 09:28,18,0.005,8.1
11/07/2026 08:58,17.875,0.005,8.09
11/07/2026 08:28,17.75,0.005,8.09
11/07/2026 07:58,17.75,0.005,8.09
11/07/2026 07:28,17.75,0.005,8.09
11/07/2026 06:58,16.75,0.005,8.09
11/07/2026 06:28,17.75,0.005,8.09
11/07/2026 05:58,17.75,0.005,8.09
11/07/2026 05:28,17.875,0.005,8.09
11/07/2026 04:58,17.875,0.005,8.09
11/07/2026 04:28,17.875,0.005,8.09
11/07/2026 03:58,18.125,0.005,8.1
11/07/2026 03:28,18,0.005,8.1
11/07/2026 02:58,18.125,0.005,8.1
11/07/2026 02:28,18.25,0.005,8.1
11/07/2026 01:58,18.25,0.005,8.1
11/07/2026 01:28,18.25,0.005,8.11
11/07/2026 00:58,18.25,0.005,8.11
11/07/2026 00:28,18.5,0.005,8.11
10/07/2026 23:58,18.375,0.005,8.11
10/07/2026 23:28,18.375,0.005,8.11
10/07/2026 22:58,18.375,0.005,8.11
10/07/2026 22:28,18.5,0.005,8.12
10/07/2026 21:58,18.625,0.005,8.12
10/07/2026 21:28,17.75,0.005,8.12
10/07/2026 20:58,18.75,0.005,8.12
10/07/2026 20:28,18.75,0.005,8.12
10/07/2026 19:58,19,0.005,8.12
10/07/2026 19:28,18.875,0.005,8.13
10/07/2026 18:58,18.875,0.005,8.13
10/07/2026 18:28,19,0.005,8.13
10/07/2026 17:58,19,0.005,8.13
10/07/2026 17:28,19,0.005,8.13
10/07/2026 16:58,19,0.005,8.12
10/07/2026 16:58,19,0.005,8.12
10/07/2026 16:28,18.875,0.005,8.12
10/07/2026 15:58,18.875,0.005,8.12
10/07/2026 15:28,18.75,0.005,8.12
10/07/2026 14:58,18.75,0.005,8.11
10/07/2026 14:28,18.625,0.005,8.11
10/07/2026 13:58,18.5,0.005,8.11
10/07/2026 13:28,18.25,0.005,8.11
10/07/2026 12:58,18.375,0.005,8.1
10/07/2026 12:28,18.375,0.005,8.1
10/07/2026 11:58,18.375,0.005,8.1
10/07/2026 11:28,18.125,0.005,8.1
10/07/2026 10:58,18.25,0.005,8.09
10/07/2026 10:28,18.25,0.005,8.09
10/07/2026 09:58,18.125,0.005,8.09
10/07/2026 09:58,18.125,0.005,8.09
10/07/2026 09:28,17.875,0.005,8.08
10/07/2026 09:28,17.875,0.005,8.08
10/07/2026 08:58,18,0.005,8.08
10/07/2026 08:28,17.875,0.005,8.08
10/07/2026 07:58,17.875,0.005,8.07
10/07/2026 07:28,18,0.005,8.07
10/07/2026 06:58,17.875,0.005,8.07
10/07/2026 06:28,17.875,0.005,8.07
10/07/2026 05:58,17.875,0.005,8.07
10/07/2026 05:28,18,0.005,8.07
10/07/2026 04:58,17.875,0.005,8.07
10/07/2026 04:28,18,0.005,8.08
10/07/2026 03:58,18.125,0.005,8.08
10/07/2026 03:28,18.125,0.005,8.08
10/07/2026 02:58,18.125,0.005,8.08
10/07/2026 02:28,18.25,0.005,8.08
10/07/2026 01:58,18.25,0.005,8.08
10/07/2026 01:28,18.375,0.005,8.08
10/07/2026 00:58,18.25,0.005,8.08
10/07/2026 00:28,18.5,0.005,8.08
09/07/2026 23:58,18.375,0.005,8.08
09/07/2026 23:28,18.5,0.005,8.09
09/07/2026 22:58,18.5,0.005,8.09
09/07/2026 22:28,18.5,0.005,8.09
09/07/2026 21:58,18.5,0.005,8.09
09/07/2026 21:28,18.625,0.005,8.09
09/07/2026 20:58,17.875,0.005,8.09
09/07/2026 20:28,18.625,0.005,8.1
09/07/2026 19:58,17.75,0.005,8.1
09/07/2026 19:28,19.625,0.005,8.1
09/07/2026 18:58,18.875,0.005,8.1
09/07/2026 18:28,18.875,0.005,8.1
09/07/2026 17:58,18.875,0.005,8.11
09/07/2026 17:28,18.875,0.005,8.11
09/07/2026 17:28,18.875,0.005,8.11
09/07/2026 16:58,18.75,0.005,8.11
09/07/2026 16:28,17.875,0.005,8.12
09/07/2026 15:58,18.5,0.005,8.12
09/07/2026 15:28,18.625,0.005,8.13
09/07/2026 14:58,18.625,0.005,8.14
09/07/2026 14:58,18.625,0.005,8.14
09/07/2026 14:28,18.5,0.005,8.14
09/07/2026 13:58,18.25,0.005,8.14
09/07/2026 13:28,18.25,0.005,8.13
09/07/2026 12:58,18.25,0.005,8.13
09/07/2026 12:28,18.25,0.005,8.13
09/07/2026 11:58,18.125,0.005,8.13
09/07/2026 11:28,17.875,0.005,8.13
09/07/2026 10:58,18,0.005,8.12
09/07/2026 10:28,17.875,0.005,8.12
09/07/2026 09:58,17.875,0.005,8.12
09/07/2026 09:28,18,0.005,8.11
09/07/2026 08:58,18.625,0.005,8.11
09/07/2026 08:28,17.75,0.005,8.11
09/07/2026 07:58,16.75,0.005,8.1
09/07/2026 07:28,18.625,0.005,8.1
09/07/2026 06:58,16.75,0.005,8.1
09/07/2026 06:28,17.75,0.005,8.11
09/07/2026 05:58,17.75,0.005,8.11
09/07/2026 05:28,17.875,0.005,8.11
09/07/2026 04:58,17.875,0.005,8.11
09/07/2026 04:28,18,0.005,8.11
09/07/2026 03:58,17.875,0.005,8.11
09/07/2026 03:28,17.875,0.005,8.12
09/07/2026 02:58,18,0.005,8.12
09/07/2026 02:28,18.125,0.005,8.12
09/07/2026 01:58,18.125,0.005,8.12
09/07/2026 01:28,18.125,0.005,8.13
09/07/2026 00:58,18.125,0.005,8.13
09/07/2026 00:28,18.25,0.005,8.13
08/07/2026 23:58,18.375,0.005,8.13
08/07/2026 23:28,18.375,0.005,8.13
08/07/2026 22:58,18.375,0.005,8.14
08/07/2026 22:28,18.5,0.005,8.14
08/07/2026 21:58,18.375,0.005,8.14
08/07/2026 21:28,18.5,0.005,8.14
08/07/2026 20:58,18.375,0.005,8.15
08/07/2026 20:28,18.5,0.005,8.15
08/07/2026 19:58,18.625,0.005,8.15
08/07/2026 19:28,18.625,0.005,8.15
08/07/2026 18:58,18.625,0.005,8.16
08/07/2026 18:28,18.625,0.005,8.15
08/07/2026 17:58,17.75,0.005,8.16
08/07/2026 17:28,18.625,0.005,8.15
08/07/2026 16:58,18.625,0.005,8.15
08/07/2026 16:28,18.5,0.005,8.15
08/07/2026 15:58,18.5,0.005,8.15
08/07/2026 15:28,18.5,0.005,8.15
08/07/2026 14:58,18.5,0.005,8.14
08/07/2026 14:28,18.375,0.005,8.14
08/07/2026 13:58,18.375,0.005,8.14
08/07/2026 13:28,18.125,0.005,8.14
08/07/2026 12:58,18.25,0.005,8.13
08/07/2026 12:28,18,0.005,8.13
08/07/2026 11:58,18,0.005,8.13
08/07/2026 11:28,18,0.005,8.12
08/07/2026 10:58,18,0.005,8.12
08/07/2026 10:28,18,0.005,8.12
08/07/2026 09:58,18,0.005,8.12
08/07/2026 09:28,17.75,0.005,8.12
08/07/2026 08:58,17.625,0.005,8.11
08/07/2026 08:28,17.75,0.005,8.11
08/07/2026 07:58,17.75,0.005,8.11
08/07/2026 07:28,18.625,0.005,8.11
08/07/2026 06:58,17.625,0.005,8.11
08/07/2026 06:28,18.625,0.005,8.11
08/07/2026 05:58,16.75,0.005,8.11
08/07/2026 05:28,17.75,0.005,8.12
08/07/2026 04:58,17.75,0.005,8.12
08/07/2026 04:28,17.875,0.005,8.12
08/07/2026 03:58,17.75,0.005,8.12
08/07/2026 03:28,18,0.005,8.13
08/07/2026 02:58,18,0.005,8.12
08/07/2026 02:28,18,0.005,8.13
08/07/2026 01:58,18.125,0.005,8.13
08/07/2026 01:28,18.125,0.005,8.13
08/07/2026 00:58,18.25,0.005,8.13
08/07/2026 00:28,18.25,0.005,8.14
07/07/2026 23:58,18.375,0.005,8.14
07/07/2026 23:28,18.5,0.005,8.14
07/07/2026 22:58,18.5,0.005,8.14
07/07/2026 22:28,18.5,0.005,8.15
07/07/2026 21:58,18.5,0.005,8.15
07/07/2026 21:28,18.625,0.005,8.15
07/07/2026 20:58,18.5,0.005,8.15
07/07/2026 20:28,18.625,0.005,8.16
07/07/2026 19:58,18.75,0.005,8.16
07/07/2026 19:28,18.75,0.005,8.16
07/07/2026 19:28,18.75,0.005,8.16
07/07/2026 18:58,19.625,0.005,8.16
07/07/2026 18:28,17.75,0.005,8.16
07/07/2026 17:58,18.75,0.005,8.16
07/07/2026 17:28,17.75,0.005,8.16
07/07/2026 16:58,18.625,0.005,8.16
07/07/2026 16:28,19.625,0.005,8.16
07/07/2026 15:58,18.625,0.005,8.16
07/07/2026 15:28,18.5,0.005,8.15
07/07/2026 14:58,18.375,0.005,8.15
07/07/2026 14:28,18.375,0.005,8.15
07/07/2026 13:58,18.375,0.005,8.14
07/07/2026 13:28,18.5,0.005,8.14
07/07/2026 12:58,18.125,0.005,8.14
07/07/2026 12:28,18.125,0.005,8.14
07/07/2026 11:58,18,0.005,8.14
07/07/2026 11:28,18,0.005,8.13
07/07/2026 10:58,18,0.005,8.13
07/07/2026 10:28,18,0.005,8.13
07/07/2026 09:58,17.75,0.005,8.12
07/07/2026 09:28,17.875,0.005,8.12
07/07/2026 08:58,17.75,0.005,8.12
07/07/2026 08:28,17.75,0.005,8.12
07/07/2026 07:58,17.75,0.005,8.11
07/07/2026 07:58,17.75,0.005,8.11
07/07/2026 07:28,17.75,0.005,8.11
07/07/2026 06:58,17.75,0.005,8.11
07/07/2026 06:28,17.75,0.005,8.11
07/07/2026 05:58,17.75,0.005,8.12
07/07/2026 05:28,17.875,0.005,8.12
07/07/2026 04:58,17.875,0.005,8.12
07/07/2026 04:28,18,0.005,8.12
07/07/2026 03:58,18,0.005,8.12
07/07/2026 03:28,18.125,0.005,8.12
07/07/2026 02:58,18.125,0.005,8.13
07/07/2026 02:28,18.125,0.005,8.13
07/07/2026 01:58,18.125,0.005,8.13
07/07/2026 01:28,18.125,0.005,8.13
07/07/2026 00:58,18.25,0.005,8.13
07/07/2026 00:58,18.25,0.005,8.13
07/07/2026 00:28,18.375,0.005,8.14
06/07/2026 23:58,18.375,0.005,8.14
06/07/2026 23:28,18.375,0.005,8.14
06/07/2026 22:58,18.375,0.005,8.14
06/07/2026 22:28,18.375,0.005,8.15
06/07/2026 21:58,18.625,0.005,8.15
06/07/2026 21:28,18.625,0.005,8.15
06/07/2026 20:58,19.5,0.005,8.15
06/07/2026 20:58,19.5,0.005,8.15
06/07/2026 20:28,19.625,0.005,8.16
06/07/2026 19:58,18.75,0.005,8.16
06/07/2026 19:28,18.875,0.005,8.16
06/07/2026 18:58,18.875,0.005,8.16
06/07/2026 18:28,18.75,0.005,8.16
06/07/2026 17:58,19,0.005,8.17
06/07/2026 17:28,18.875,0.005,8.16
06/07/2026 16:58,18.75,0.005,8.16
06/07/2026 16:28,18.75,0.005,8.16
06/07/2026 15:58,18.625,0.005,8.16
06/07/2026 15:28,18.625,0.005,8.16
06/07/2026 14:58,18.5,0.005,8.15
06/07/2026 14:58,18.5,0.005,8.15
06/07/2026 14:28,18.5,0.005,8.15
06/07/2026 13:58,18.625,0.005,8.15
06/07/2026 13:28,18.375,0.005,8.14
06/07/2026 12:58,18.375,0.005,8.14
06/07/2026 12:28,18.25,0.005,8.14
06/07/2026 12:28,18.25,0.005,8.14
06/07/2026 11:58,18.25,0.005,8.13
06/07/2026 11:28,18.25,0.005,8.13
06/07/2026 10:58,18.25,0.005,8.13
06/07/2026 10:28,18,0.005,8.12
06/07/2026 09:58,18,0.005,8.12
06/07/2026 09:28,18.125,0.005,8.12
06/07/2026 08:58,17.875,0.005,8.11
06/07/2026 08:28,17.875,0.005,8.11
06/07/2026 07:58,17.75,0.005,8.11
06/07/2026 07:28,17.875,0.005,8.11
06/07/2026 06:58,17.875,0.005,8.11
06/07/2026 06:28,17.875,0.005,8.11
06/07/2026 05:58,18,0.005,8.11
06/07/2026 05:28,17.875,0.005,8.11
06/07/2026 05:28,17.875,0.005,8.11
06/07/2026 04:58,17.875,0.005,8.11
06/07/2026 04:28,18,0.005,8.12
06/07/2026 03:58,17.875,0.005,8.12
06/07/2026 03:28,18,0.005,8.12
06/07/2026 02:58,18,0.005,8.12
06/07/2026 02:28,18.125,0.005,8.12
06/07/2026 01:58,18.125,0.005,8.12
06/07/2026 01:28,18.125,0.005,8.13
06/07/2026 00:58,18.125,0.005,8.13
06/07/2026 00:58,18.125,0.005,8.13
06/07/2026 00:28,18.25,0.005,8.13
05/07/2026 23:58,18.125,0.005,8.13
05/07/2026 23:28,18.25,0.005,8.13
05/07/2026 22:58,18.25,0.005,8.13
05/07/2026 22:28,18.25,0.005,8.14
05/07/2026 21:58,18.5,0.005,8.14
05/07/2026 21:28,18.625,0.005,8.14
05/07/2026 20:58,18.5,0.005,8.14
05/07/2026 20:28,18.5,0.005,8.15
05/07/2026 20:28,18.5,0.005,8.15
05/07/2026 19:58,18.625,0.005,8.15
05/07/2026 19:28,18.625,0.005,8.15
05/07/2026 18:58,18.75,0.005,8.15
05/07/2026 18:28,18.75,0.005,8.15
05/07/2026 17:58,18.75,0.005,8.15
05/07/2026 17:28,17.75,0.005,8.15
05/07/2026 16:58,19.625,0.005,8.15
05/07/2026 16:28,18.625,0.005,8.15
05/07/2026 16:24,19.625,0.005,8.15
05/07/2026 15:28,18.5,0.005,8.14
05/07/2026 14:58,18.5,0.005,8.14
05/07/2026 14:28,18.5,0.005,8.14
05/07/2026 13:58,18.25,0.005,8.13
05/07/2026 13:28,18.25,0.005,8.13
05/07/2026 12:58,18.25,0.005,8.13
05/07/2026 12:28,18.25,0.005,8.12
05/07/2026 11:58,18.25,0.005,8.12
05/07/2026 11:28,18,0.005,8.12
05/07/2026 10:58,18,0.005,8.11
05/07/2026 10:28,17.875,0.005,8.11
05/07/2026 09:58,18,0.005,8.11
05/07/2026 09:28,17.875,0.005,8.1
05/07/2026 08:58,17.875,0.005,8.1
05/07/2026 08:28,17.875,0.005,8.1
05/07/2026 07:58,16.75,0.005,8.09
05/07/2026 07:28,18.5,0.005,8.09
05/07/2026 06:58,16.75,0.005,8.09
05/07/2026 06:28,17.625,0.005,8.09
05/07/2026 05:58,17.625,0.005,8.09
05/07/2026 05:28,17.625,0.005,8.09
05/07/2026 04:58,18.625,0.005,8.1
05/07/2026 04:28,16.75,0.005,8.09
05/07/2026 04:28,16.75,0.005,8.09
05/07/2026 03:58,17.875,0.005,8.1
05/07/2026 03:28,17.875,0.005,8.1
05/07/2026 02:58,17.875,0.005,8.1
05/07/2026 02:28,17.875,0.005,8.1
05/07/2026 01:58,17.875,0.005,8.1
05/07/2026 01:28,18.125,0.005,8.11
05/07/2026 00:58,18,0.005,8.11
05/07/2026 00:28,18,0.005,8.11
04/07/2026 23:58,18.125,0.005,8.11
04/07/2026 23:28,18,0.005,8.11
04/07/2026 22:58,18.25,0.005,8.11
04/07/2026 22:28,18.125,0.005,8.12
04/07/2026 21:58,18.125,0.005,8.12
04/07/2026 21:28,18.25,0.005,8.12
04/07/2026 20:58,18.375,0.005,8.12
04/07/2026 20:28,18.375,0.005,8.13
04/07/2026 19:58,18.375,0.005,8.13
04/07/2026 19:28,18.5,0.005,8.13
04/07/2026 18:58,18.5,0.005,8.13
04/07/2026 18:28,18.375,0.005,8.13
04/07/2026 17:58,18.5,0.005,8.13
04/07/2026 17:28,18.625,0.005,8.13
04/07/2026 16:58,18.5,0.005,8.13
04/07/2026 16:28,18.5,0.005,8.12
04/07/2026 15:58,18.375,0.005,8.12
04/07/2026 15:58,18.375,0.005,8.12
04/07/2026 15:28,18.375,0.005,8.12
04/07/2026 14:58,18.375,0.005,8.12
04/07/2026 14:28,18.25,0.005,8.11
04/07/2026 13:58,18.375,0.005,8.11
04/07/2026 13:28,18.125,0.005,8.11
04/07/2026 12:58,18,0.005,8.1
04/07/2026 12:28,18.125,0.005,8.1
04/07/2026 12:28,18.125,0.005,8.1
04/07/2026 11:58,17.875,0.005,8.09
04/07/2026 11:28,17.875,0.005,8.09
04/07/2026 10:58,17.75,0.005,8.09
04/07/2026 10:28,17.75,0.005,8.08
04/07/2026 09:58,16.75,0.005,8.08
04/07/2026 09:28,17.625,0.005,8.08
04/07/2026 08:58,18.5,0.005,8.07
04/07/2026 08:28,17.625,0.005,8.07
04/07/2026 07:58,17.5,0.005,8.06
04/07/2026 07:28,17.375,0.005,8.06
04/07/2026 07:28,17.375,0.005,8.06
04/07/2026 06:58,17.375,0.005,8.06
04/07/2026 06:28,17.5,0.005,8.06
04/07/2026 05:58,17.5,0.005,8.06
04/07/2026 05:28,17.625,0.005,8.06
04/07/2026 04:58,17.5,0.005,8.06
04/07/2026 04:28,17.625,0.005,8.06
04/07/2026 03:58,17.5,0.005,8.06
04/07/2026 03:28,17.625,0.005,8.07
04/07/2026 02:58,16.75,0.005,8.07
04/07/2026 02:28,17.75,0.005,8.07
04/07/2026 01:58,16.75,0.005,8.07
04/07/2026 01:28,17.75,0.005,8.07
04/07/2026 00:58,17.75,0.005,8.07
04/07/2026 00:28,17.75,0.005,8.07
03/07/2026 23:58,18,0.005,8.07
03/07/2026 23:28,17.875,0.005,8.07
03/07/2026 22:58,17.875,0.005,8.08
03/07/2026 22:28,18.125,0.005,8.08
03/07/2026 21:58,17.875,0.005,8.08
03/07/2026 21:28,18,0.005,8.08
03/07/2026 20:58,18,0.005,8.08
03/07/2026 20:28,18,0.005,8.08
03/07/2026 19:58,18.125,0.005,8.08
03/07/2026 19:28,18.25,0.005,8.09
03/07/2026 18:58,18.25,0.005,8.09
03/07/2026 18:28,18.125,0.005,8.09
03/07/2026 17:58,18,0.005,8.09
03/07/2026 17:28,18.25,0.005,8.08
03/07/2026 16:58,18,0.005,8.08
03/07/2026 16:28,18,0.005,8.08
03/07/2026 15:58,18,0.005,8.07
03/07/2026 15:28,17.875,0.005,8.07
03/07/2026 15:28,17.875,0.005,8.07
03/07/2026 14:58,17.75,0.005,8.07
03/07/2026 14:28,17.875,0.005,8.06
03/07/2026 13:58,17.75,0.005,8.06
03/07/2026 13:28,18.625,0.005,8.05
03/07/2026 12:58,17.5,0.005,8.05
03/07/2026 12:28,17.625,0.005,8.04
03/07/2026 11:58,17.375,0.005,8.04
03/07/2026 11:28,17.375,0.005,8.03
03/07/2026 10:58,17.375,0.005,8.03
03/07/2026 10:28,17.375,0.005,8.02
03/07/2026 09:58,17.125,0.005,8.02
03/07/2026 09:28,17.125,0.005,8.01
03/07/2026 08:58,17,0.005,8.01
03/07/2026 08:28,16.875,0.005,8
03/07/2026 07:58,16.875,0.005,8
03/07/2026 07:28,16.75,0.005,7.99
03/07/2026 07:28,16.75,0.005,7.99
03/07/2026 06:58,15.75,0.005,7.99
03/07/2026 06:28,16.625,0.005,7.99
03/07/2026 05:58,15.75,0.005,7.99
03/07/2026 05:28,15.75,0.005,7.99
03/07/2026 04:58,16.625,0.005,7.99
03/07/2026 04:28,16.625,0.005,7.99
03/07/2026 03:58,15.75,0.005,7.99
03/07/2026 03:28,16.625,0.005,7.99
03/07/2026 02:58,16.5,0.005,7.99
03/07/2026 02:28,16.5,0.005,7.99
03/07/2026 01:58,15.75,0.005,7.98
03/07/2026 01:28,16.5,0.005,7.98
03/07/2026 00:58,16.625,0.005,7.98
03/07/2026 00:28,16.5,0.005,7.98
02/07/2026 23:58,16.5,0.005,7.98
02/07/2026 23:28,16.5,0.005,7.98
02/07/2026 22:58,16.625,0.005,7.98
02/07/2026 22:28,16.5,0.005,7.98
02/07/2026 21:58,16.375,0.005,7.98
02/07/2026 21:28,16.25,0.005,7.98
02/07/2026 20:58,16.375,0.005,7.98
02/07/2026 20:28,16.25,0.005,7.98
02/07/2026 19:58,16.25,0.005,7.97
02/07/2026 19:28,16.125,0.005,7.97
02/07/2026 18:58,16.25,0.005,7.97
02/07/2026 18:28,16.125,0.005,7.97
02/07/2026 17:58,16.125,0.005,7.97
02/07/2026 17:28,16,0.005,7.96
02/07/2026 16:58,15.875,0.005,7.96
02/07/2026 16:28,15.625,0.005,7.95
02/07/2026 15:58,16.625,0.005,7.95
02/07/2026 15:28,15.5,0.005,7.94
02/07/2026 14:58,15.375,0.005,7.93
02/07/2026 14:28,15.375,0.005,7.93
02/07/2026 13:58,15.125,0.005,7.92
02/07/2026 13:28,15,0.005,7.91
02/07/2026 12:58,13.75,0.005,7.91
02/07/2026 12:58,13.75,0.005,7.91
02/07/2026 12:28,14.5,0.005,7.91
02/07/2026 11:58,14.125,0.005,7.91
02/07/2026 11:28,14.125,0.005,7.91
02/07/2026 10:58,13.75,0.005,7.91
02/07/2026 10:28,13.5,0.004,7.92
02/07/2026 09:58,13.875,0.004,7.93
02/07/2026 09:28,14.25,0.004,7.94
02/07/2026 08:58,14.75,0.004,7.95
02/07/2026 08:58,14.75,0.004,7.95
02/07/2026 08:28,15.25,0.004,7.97
02/07/2026 07:58,16.625,0.004,7.98
02/07/2026 07:28,16.25,0.004,7.99
02/07/2026 06:58,17,0.004,8
02/07/2026 06:58,17,0.004,8
02/07/2026 06:28,17.625,0.004,8.01
02/07/2026 05:58,17.75,0.004,8.01
02/07/2026 05:28,17.75,0.004,8.01
02/07/2026 04:58,17.875,0.004,8.01
02/07/2026 04:28,17.75,0.004,8.02
02/07/2026 03:58,17.875,0.004,8.02
02/07/2026 03:28,17.875,0.004,8.01
02/07/2026 02:58,17.875,0.004,8.02
02/07/2026 02:28,17.875,0.004,8.02
02/07/2026 01:58,18,0.004,8.02
02/07/2026 01:28,18.125,0.004,8.02
02/07/2026 00:58,18.125,0.004,8.02
02/07/2026 00:28,18.125,0.004,8.02
01/07/2026 23:58,18.25,0.004,8.02
01/07/2026 23:28,18.375,0.004,8.02
01/07/2026 22:58,18.25,0.003,8.02
01/07/2026 22:58,18.25,0.003,8.02
01/07/2026 22:28,18.5,0.003,8.02
01/07/2026 21:58,18.5,0.003,8.02
01/07/2026 21:28,18.5,0.003,8.02
01/07/2026 20:58,17.75,0.003,8.02
01/07/2026 20:28,18.75,0.003,8.02
01/07/2026 19:58,18.875,0.003,8.02
01/07/2026 19:28,19,0.003,8.02
01/07/2026 19:28,19,0.003,8.02
01/07/2026 18:58,18.75,0.003,8.02
01/07/2026 18:28,20.625,0.003,8.02
01/07/2026 17:58,20,0.003,8.02
01/07/2026 17:28,20.125,0.003,8.02
01/07/2026 16:58,20.125,0.003,8.02
01/07/2026 16:28,20.125,0.003,8.02
01/07/2026 15:58,20.125,0.003,8.02
01/07/2026 15:28,20.375,0.003,8.02
01/07/2026 14:58,20.375,0.003,8.02
01/07/2026 14:28,20.5,0.003,8.02
01/07/2026 13:58,20.625,0.003,8.03
01/07/2026 13:28,21.625,0.003,8.03
01/07/2026 12:58,20.75,0.003,8.04
01/07/2026 12:28,21.125,0.003,8.05
01/07/2026 11:58,22.875,0.003,8.08
01/07/2026 11:33,20.875,0.003,8.1
01/07/2026 11:28,18.25,0.003,8.1
01/07/2026 10:58,18.375,0.003,8.1
01/07/2026 10:28,18.25,0.003,8.1
01/07/2026 09:58,18.25,0.003,8.09
01/07/2026 09:28,18.125,0.003,8.09
01/07/2026 08:58,18,0.003,8.09
01/07/2026 08:28,18,0.003,8.09
01/07/2026 07:58,18,0.003,8.08
01/07/2026 07:28,18,0.003,8.08
01/07/2026 06:58,17.875,0.003,8.08
01/07/2026 06:28,18,0.003,8.08
01/07/2026 05:58,17.875,0.003,8.08
01/07/2026 05:28,18,0.003,8.09
01/07/2026 04:58,18,0.003,8.09
01/07/2026 04:28,18,0.003,8.09
01/07/2026 03:58,18,0.003,8.09
01/07/2026 03:28,18.375,0.003,8.09
01/07/2026 02:58,18.25,0.003,8.1
01/07/2026 02:28,18.375,0.003,8.1
01/07/2026 01:58,18.25,0.003,8.1
01/07/2026 01:28,18.375,0.003,8.11
01/07/2026 00:58,18.375,0.003,8.11
01/07/2026 00:28,18.375,0.003,8.11
30/06/2026 23:58,18.5,0.003,8.12
30/06/2026 23:28,18.625,0.003,8.12
30/06/2026 22:58,18.5,0.003,8.12
30/06/2026 22:28,18.75,0.003,8.12
30/06/2026 21:58,19.625,0.003,8.13
30/06/2026 21:28,18.875,0.003,8.13
30/06/2026 20:58,19,0.003,8.13
30/06/2026 20:28,18.875,0.003,8.14
30/06/2026 19:58,18.875,0.003,8.14
30/06/2026 19:28,19,0.003,8.15
30/06/2026 18:58,19.25,0.003,8.15
30/06/2026 18:28,19.125,0.003,8.15
30/06/2026 17:58,18.875,0.003,8.15
30/06/2026 17:28,19,0.003,8.15
30/06/2026 17:28,19,0.003,8.15
30/06/2026 16:58,18.875,0.003,8.15
30/06/2026 16:28,18.875,0.003,8.14
30/06/2026 15:58,18.875,0.003,8.14
30/06/2026 15:28,18.75,0.003,8.14
30/06/2026 14:58,18.75,0.003,8.13
30/06/2026 14:28,18.5,0.003,8.13
30/06/2026 13:58,18.5,0.003,8.13
30/06/2026 13:28,18.5,0.003,8.12
30/06/2026 12:58,18.375,0.003,8.12
30/06/2026 12:28,18.375,0.003,8.11
30/06/2026 12:28,18.375,0.003,8.11
30/06/2026 11:58,18.25,0.003,8.11
30/06/2026 11:28,18.25,0.003,8.11
30/06/2026 10:58,18,0.003,8.1
30/06/2026 10:28,18.125,0.003,8.1
30/06/2026 09:58,18,0.003,8.09
30/06/2026 09:28,17.875,0.003,8.09
30/06/2026 08:58,17.875,0.003,8.09
30/06/2026 08:28,17.75,0.003,8.08
30/06/2026 07:58,17.75,0.003,8.08
30/06/2026 07:28,17.75,0.003,8.08
30/06/2026 06:58,17.75,0.003,8.07
30/06/2026 06:28,16.75,0.003,8.08
30/06/2026 05:58,17.75,0.003,8.08
30/06/2026 05:28,17.875,0.003,8.08
30/06/2026 04:58,17.875,0.003,8.08
30/06/2026 04:28,18,0.003,8.09
30/06/2026 03:58,17.875,0.003,8.09
30/06/2026 03:28,17.875,0.003,8.09
30/06/2026 02:58,18.125,0.003,8.09
30/06/2026 02:28,18,0.003,8.1
30/06/2026 02:28,18,0.003,8.1
30/06/2026 01:58,18,0.003,8.1
30/06/2026 01:28,18.125,0.003,8.1
30/06/2026 00:58,18.125,0.003,8.1
30/06/2026 00:28,18.25,0.003,8.11
29/06/2026 23:58,18.25,0.003,8.11
29/06/2026 23:28,18.25,0.003,8.11
29/06/2026 22:58,18.25,0.003,8.12
29/06/2026 22:28,18.25,0.003,8.12
29/06/2026 21:58,18.375,0.003,8.12
29/06/2026 21:28,18.5,0.003,8.13
29/06/2026 20:58,18.375,0.003,8.13
29/06/2026 20:28,18.5,0.003,8.13
29/06/2026 19:58,18.5,0.003,8.14
29/06/2026 19:28,18.625,0.003,8.14
29/06/2026 18:58,18.5,0.003,8.14
29/06/2026 18:28,18.75,0.003,8.14
29/06/2026 17:58,18.625,0.003,8.15
29/06/2026 17:28,18.75,0.003,8.14
29/06/2026 16:58,18.625,0.003,8.14
29/06/2026 16:28,18.625,0.003,8.14
29/06/2026 15:58,18.625,0.003,8.14
29/06/2026 15:28,18.5,0.003,8.13
29/06/2026 14:58,18.5,0.003,8.13
29/06/2026 14:28,18.375,0.003,8.13
29/06/2026 13:58,18.25,0.003,8.12
29/06/2026 13:28,18.5,0.003,8.12
29/06/2026 12:58,18.25,0.003,8.12
29/06/2026 12:28,18.25,0.003,8.11
29/06/2026 11:58,18.125,0.003,8.11
29/06/2026 11:28,18,0.003,8.1
29/06/2026 10:58,18,0.003,8.1
29/06/2026 10:28,18,0.003,8.1
29/06/2026 09:58,17.875,0.003,8.09
29/06/2026 09:28,17.75,0.003,8.09
29/06/2026 08:58,17.75,0.003,8.09
29/06/2026 08:28,17.75,0.003,8.08
29/06/2026 07:58,16.75,0.003,8.08
29/06/2026 07:58,16.75,0.003,8.08
29/06/2026 07:28,17.625,0.003,8.08
29/06/2026 06:58,18.625,0.003,8.07
29/06/2026 06:28,17.75,0.003,8.07
29/06/2026 05:58,17.75,0.003,8.08
29/06/2026 05:28,17.75,0.003,8.08
29/06/2026 04:58,17.875,0.003,8.08
29/06/2026 04:28,17.875,0.003,8.09
29/06/2026 03:58,18,0.003,8.09
29/06/2026 03:28,18,0.003,8.09
29/06/2026 02:58,18.125,0.003,8.09
29/06/2026 02:58,18.125,0.003,8.09
29/06/2026 02:28,18,0.003,8.1
29/06/2026 01:58,18.125,0.003,8.1
29/06/2026 01:28,18.125,0.003,8.1
29/06/2026 00:58,18.25,0.003,8.11
29/06/2026 00:28,18.25,0.003,8.11
28/06/2026 23:58,18.25,0.003,8.11
28/06/2026 23:28,18.25,0.003,8.11
28/06/2026 22:58,18.375,0.003,8.12
28/06/2026 22:28,18.5,0.003,8.12
28/06/2026 21:58,18.625,0.003,8.12
28/06/2026 21:28,18.375,0.003,8.13
28/06/2026 20:58,18.375,0.003,8.13
28/06/2026 20:28,18.5,0.003,8.13
28/06/2026 19:58,18.5,0.003,8.14
28/06/2026 19:28,18.5,0.003,8.14
28/06/2026 18:58,19.625,0.003,8.14
28/06/2026 18:28,17.75,0.003,8.14
28/06/2026 17:58,18.75,0.003,8.14
28/06/2026 17:28,18.625,0.003,8.14
28/06/2026 16:58,18.625,0.003,8.14
28/06/2026 16:28,18.5,0.003,8.14
28/06/2026 15:58,18.5,0.003,8.13
28/06/2026 15:28,18.5,0.003,8.13
28/06/2026 14:58,18.375,0.003,8.13
28/06/2026 14:28,18.375,0.003,8.12
28/06/2026 13:58,18.375,0.003,8.12
28/06/2026 13:28,18.375,0.003,8.11
28/06/2026 12:58,18.125,0.003,8.11
28/06/2026 12:58,18.125,0.003,8.11
28/06/2026 12:28,18.125,0.003,8.11
28/06/2026 11:58,18.125,0.003,8.1
28/06/2026 11:28,18.125,0.003,8.1
28/06/2026 10:58,18.125,0.003,8.09
28/06/2026 10:28,18.125,0.003,8.09
28/06/2026 09:58,17.875,0.003,8.09
28/06/2026 09:28,17.875,0.003,8.08
28/06/2026 08:58,17.75,0.003,8.08
28/06/2026 08:28,16.75,0.003,8.07
28/06/2026 07:58,16.75,0.003,8.07
28/06/2026 07:28,17.625,0.003,8.07
28/06/2026 06:58,16.75,0.003,8.07
28/06/2026 06:28,17.625,0.003,8.07
28/06/2026 05:58,17.75,0.003,8.07
28/06/2026 05:28,17.75,0.003,8.07
28/06/2026 04:58,17.75,0.003,8.07
28/06/2026 04:28,17.75,0.003,8.08
28/06/2026 03:58,17.75,0.003,8.08
28/06/2026 03:28,18,0.003,8.08
28/06/2026 02:58,18,0.003,8.08
28/06/2026 02:28,17.875,0.003,8.09
28/06/2026 01:58,18,0.003,8.09
28/06/2026 01:28,18.125,0.003,8.1
28/06/2026 00:58,18.125,0.003,8.1
28/06/2026 00:28,18,0.003,8.1
27/06/2026 23:58,18.125,0.003,8.1
27/06/2026 23:28,18.25,0.003,8.11
27/06/2026 22:58,18.25,0.003,8.11
27/06/2026 22:28,18.25,0.003,8.11
27/06/2026 21:58,18.375,0.003,8.12
27/06/2026 21:28,18.5,0.003,8.12
27/06/2026 20:58,18.375,0.003,8.12
27/06/2026 20:28,18.375,0.003,8.13
27/06/2026 19:58,18.5,0.003,8.13
27/06/2026 19:28,18.5,0.003,8.13
27/06/2026 18:58,18.5,0.003,8.14
27/06/2026 18:28,18.625,0.003,8.14
27/06/2026 18:23,18.625,0.003,8.14
27/06/2026 16:28,18.5,0.003,8.13
27/06/2026 15:58,18.5,0.003,8.13
27/06/2026 15:28,18.375,0.003,8.12
27/06/2026 14:58,18.5,0.003,8.12
27/06/2026 14:28,18.5,0.003,8.12
27/06/2026 13:58,18.5,0.003,8.11
27/06/2026 13:28,18.375,0.003,8.11
27/06/2026 12:58,18.25,0.003,8.1
27/06/2026 12:58,18.25,0.003,8.1
27/06/2026 12:28,18.125,0.003,8.1
27/06/2026 11:58,18,0.003,8.09
27/06/2026 11:28,18.125,0.003,8.09
27/06/2026 10:58,18,0.003,8.08
27/06/2026 10:58,18,0.003,8.08
27/06/2026 10:28,18,0.003,8.08
27/06/2026 09:58,17.875,0.003,8.07
27/06/2026 09:28,17.875,0.003,8.07
27/06/2026 08:58,17.875,0.003,8.06
27/06/2026 08:28,17.75,0.003,8.06
27/06/2026 07:58,17.75,0.003,8.05
27/06/2026 07:28,17.625,0.003,8.05
27/06/2026 06:58,17.625,0.003,8.05
27/06/2026 06:28,18.625,0.003,8.05
27/06/2026 05:58,17.75,0.003,8.05
27/06/2026 05:28,17.75,0.003,8.05
27/06/2026 04:58,17.875,0.003,8.05
27/06/2026 04:58,17.875,0.003,8.05
27/06/2026 04:28,17.875,0.003,8.06
27/06/2026 03:58,17.875,0.003,8.06
27/06/2026 03:28,17.875,0.003,8.06
27/06/2026 02:58,17.875,0.003,8.06
27/06/2026 02:28,18.125,0.003,8.06
27/06/2026 01:58,18,0.003,8.07
27/06/2026 01:28,18.125,0.003,8.07
27/06/2026 00:58,18,0.003,8.07
27/06/2026 00:28,18.125,0.003,8.08
26/06/2026 23:58,18.125,0.003,8.08
26/06/2026 23:28,18.25,0.003,8.08
26/06/2026 22:58,18.25,0.003,8.08
26/06/2026 22:28,18.25,0.003,8.08
26/06/2026 21:58,18.5,0.003,8.09
26/06/2026 21:28,18.375,0.003,8.09
26/06/2026 20:58,18.5,0.003,8.09
26/06/2026 20:28,18.5,0.003,8.09
26/06/2026 19:58,18.5,0.003,8.1
26/06/2026 19:28,18.625,0.003,8.1
26/06/2026 18:58,18.5,0.003,8.1
26/06/2026 18:28,18.625,0.003,8.1
26/06/2026 18:28,18.625,0.003,8.1
26/06/2026 17:58,18.625,0.003,8.1
26/06/2026 17:28,18.625,0.003,8.1
26/06/2026 16:58,18.5,0.003,8.1
26/06/2026 16:28,18.5,0.003,8.1
26/06/2026 15:58,18.5,0.003,8.1
26/06/2026 15:28,18.5,0.003,8.09
26/06/2026 14:58,18.25,0.003,8.09
26/06/2026 14:37,17,0.003,8.09
26/06/2026 13:28,18.25,0.003,8.1
26/06/2026 12:58,18.125,0.003,8.1
26/06/2026 12:28,18.125,0.003,8.09
26/06/2026 11:58,17.875,0.003,8.09
26/06/2026 11:28,18,0.003,8.08
26/06/2026 10:58,18,0.003,8.08
26/06/2026 10:28,17.75,0.003,8.07
26/06/2026 09:58,17.875,0.003,8.07
26/06/2026 09:28,17.875,0.003,8.06
26/06/2026 08:58,17.75,0.003,8.06
26/06/2026 08:28,17.625,0.003,8.05
26/06/2026 07:58,17.625,0.003,8.05
26/06/2026 07:28,17.5,0.003,8.05
26/06/2026 06:58,17.5,0.003,8.05
26/06/2026 06:28,17.625,0.003,8.05
26/06/2026 05:58,18.625,0.003,8.05
26/06/2026 05:28,17.625,0.003,8.05
26/06/2026 04:58,17.625,0.003,8.05
26/06/2026 04:28,17.625,0.003,8.05
26/06/2026 03:58,17.625,0.003,8.06
26/06/2026 03:28,17.875,0.003,8.06
26/06/2026 02:58,17.75,0.003,8.06
26/06/2026 02:28,17.875,0.003,8.06
26/06/2026 01:58,17.875,0.003,8.07
26/06/2026 01:28,18,0.003,8.07
26/06/2026 00:58,18,0.003,8.07
26/06/2026 00:28,18,0.003,8.07
26/06/2026 00:28,18,0.003,8.07
25/06/2026 23:58,18,0.003,8.08
25/06/2026 23:28,18.125,0.003,8.08
25/06/2026 22:58,18,0.003,8.08
25/06/2026 22:28,17.875,0.003,8.08
25/06/2026 21:58,18.125,0.003,8.09
25/06/2026 21:28,18,0.003,8.09
25/06/2026 20:58,18.25,0.003,8.09
25/06/2026 20:28,18.125,0.003,8.09
25/06/2026 19:58,18.125,0.003,8.1
25/06/2026 19:28,18.25,0.003,8.1
25/06/2026 18:58,18.25,0.003,8.1
25/06/2026 18:28,18.375,0.003,8.1
25/06/2026 17:58,18.375,0.003,8.1
25/06/2026 17:28,18.5,0.003,8.1
25/06/2026 16:58,18.375,0.003,8.1
25/06/2026 16:28,18.375,0.003,8.1
25/06/2026 15:58,18.375,0.003,8.09
25/06/2026 15:28,18.25,0.003,8.09
25/06/2026 14:58,18.125,0.003,8.09
25/06/2026 14:28,18.125,0.003,8.08
25/06/2026 13:58,18.25,0.003,8.08
25/06/2026 13:28,18.125,0.003,8.07
25/06/2026 12:58,18.125,0.003,8.07
25/06/2026 12:28,18.125,0.003,8.07
25/06/2026 11:58,18,0.003,8.06
25/06/2026 11:28,18,0.003,8.06
25/06/2026 10:58,17.875,0.003,8.06
25/06/2026 10:28,17.875,0.003,8.06
25/06/2026 09:58,16.75,0.003,8.07
25/06/2026 09:28,17.75,0.003,8.07
25/06/2026 08:58,17.625,0.003,8.07
25/06/2026 08:28,17.5,0.003,8.06
25/06/2026 07:58,17.5,0.003,8.06
25/06/2026 07:28,17.625,0.003,8.05
25/06/2026 06:58,17.5,0.003,8.05
25/06/2026 06:28,17.5,0.003,8.05
25/06/2026 05:58,17.625,0.003,8.06
25/06/2026 05:28,17.625,0.003,8.06
25/06/2026 04:58,17.5,0.003,8.06
25/06/2026 04:28,18.625,0.003,8.06
25/06/2026 03:58,17.625,0.003,8.07
25/06/2026 03:28,18.625,0.003,8.07
25/06/2026 02:58,17.75,0.003,8.07
25/06/2026 02:28,17.875,0.003,8.07
25/06/2026 01:58,17.875,0.003,8.08
25/06/2026 01:28,17.875,0.003,8.08
25/06/2026 01:28,17.875,0.003,8.08
25/06/2026 00:58,17.875,0.003,8.08
25/06/2026 00:28,17.875,0.003,8.08
24/06/2026 23:58,18.125,0.003,8.09
24/06/2026 23:28,18,0.003,8.09
24/06/2026 22:58,18,0.003,8.09
24/06/2026 22:28,18.125,0.003,8.09
24/06/2026 21:58,18,0.003,8.1
24/06/2026 21:28,18.125,0.003,8.1
24/06/2026 20:58,18.125,0.003,8.1
24/06/2026 20:28,18.125,0.003,8.11
24/06/2026 19:58,18.125,0.003,8.11
24/06/2026 19:28,18.25,0.003,8.12
24/06/2026 18:58,18.25,0.003,8.12
24/06/2026 18:28,18.25,0.003,8.12
24/06/2026 17:58,18.25,0.003,8.12
24/06/2026 17:28,18.25,0.003,8.12
24/06/2026 16:58,18.25,0.003,8.12
24/06/2026 16:28,18.25,0.003,8.12
24/06/2026 15:58,18.25,0.003,8.11
24/06/2026 15:28,18.125,0.003,8.11
24/06/2026 14:58,18,0.003,8.1
24/06/2026 14:28,18,0.003,8.1
24/06/2026 13:58,18,0.003,8.1
24/06/2026 13:28,17.875,0.003,8.09
24/06/2026 12:58,17.875,0.003,8.08
24/06/2026 12:28,17.875,0.003,8.08
24/06/2026 11:58,17.875,0.003,8.07
24/06/2026 11:28,17.75,0.003,8.07
24/06/2026 10:58,17.625,0.003,8.06
24/06/2026 10:28,17.625,0.003,8.06
24/06/2026 09:58,17.5,0.003,8.05
24/06/2026 09:28,17.5,0.003,8.04
24/06/2026 08:58,17.375,0.003,8.04
24/06/2026 08:28,17.25,0.003,8.03
24/06/2026 07:58,17.25,0.003,8.02
24/06/2026 07:28,17.125,0.003,8.02
24/06/2026 06:58,17.125,0.003,8.02
24/06/2026 06:28,17.125,0.003,8.02
24/06/2026 05:58,17.125,0.003,8.02
24/06/2026 05:28,17.125,0.003,8.02
24/06/2026 04:58,17.125,0.003,8.02
24/06/2026 04:28,17.25,0.003,8.03
24/06/2026 03:58,17.125,0.003,8.03
24/06/2026 03:28,17.125,0.003,8.03
24/06/2026 02:58,17.125,0.003,8.03
24/06/2026 02:28,17.25,0.003,8.04
24/06/2026 01:58,17.25,0.003,8.04
24/06/2026 01:28,17.375,0.003,8.04
24/06/2026 00:58,17.125,0.003,8.04
24/06/2026 00:28,17.25,0.003,8.05
23/06/2026 23:58,17.25,0.003,8.05
23/06/2026 23:28,17.25,0.003,8.05
23/06/2026 22:58,17.25,0.003,8.05
23/06/2026 22:28,17.25,0.003,8.05
23/06/2026 21:58,17.25,0.003,8.06
23/06/2026 21:28,17.25,0.003,8.06
23/06/2026 20:58,17.25,0.003,8.06
23/06/2026 20:28,17.125,0.003,8.06
23/06/2026 19:58,17,0.003,8.07
23/06/2026 19:28,16.875,0.003,8.07
23/06/2026 18:58,16.75,0.003,8.07
23/06/2026 18:28,16.75,0.003,8.07
23/06/2026 17:58,16.75,0.003,8.07
23/06/2026 17:28,15.75,0.003,8.07
23/06/2026 16:58,16.5,0.003,8.07
23/06/2026 16:28,16.375,0.003,8.06
23/06/2026 15:58,16.25,0.003,8.06
23/06/2026 15:28,16.125,0.003,8.06
23/06/2026 14:58,16,0.003,8.05
23/06/2026 14:28,15.875,0.003,8.05
23/06/2026 13:58,15.75,0.003,8.04
23/06/2026 13:28,15.625,0.003,8.04
23/06/2026 12:58,15.375,0.003,8.03
23/06/2026 12:28,15.25,0.003,8.03
23/06/2026 11:58,15.125,0.003,8.03
23/06/2026 11:28,15,0.003,8.02
23/06/2026 10:58,15,0.003,8.02
23/06/2026 10:28,15.25,0.003,8.01
23/06/2026 09:58,15.375,0.003,8.01
23/06/2026 09:28,15.5,0.003,8.01
23/06/2026 08:58,15.875,0.003,8
23/06/2026 08:28,16.625,0.003,8
23/06/2026 07:58,17.125,0.003,7.99
23/06/2026 07:28,17,0.003,7.99
23/06/2026 06:58,17,0.003,7.98
23/06/2026 06:28,16.75,0.003,7.98
23/06/2026 06:28,16.75,0.003,7.98
23/06/2026 05:58,16.875,0.003,7.98
23/06/2026 05:28,17.625,0.003,7.98
23/06/2026 04:58,16,0.003,7.98
23/06/2026 04:28,16.625,0.003,7.98
23/06/2026 03:58,16.75,0.003,7.98
23/06/2026 03:28,16.5,0.003,7.99
23/06/2026 02:58,16.5,0.003,7.98
23/06/2026 02:28,16.375,0.003,7.98
23/06/2026 01:58,16.5,0.003,7.99
23/06/2026 01:28,16.375,0.003,7.99
23/06/2026 00:58,16.25,0.003,7.99
23/06/2026 00:28,16.25,0.003,7.99
22/06/2026 23:58,16.25,0.003,7.99
22/06/2026 23:28,16.125,0.003,7.99
22/06/2026 22:58,15.875,0.003,7.99
22/06/2026 22:28,15.875,0.003,7.99
22/06/2026 21:58,16.625,0.003,7.99
22/06/2026 21:28,15.625,0.003,7.99
22/06/2026 20:58,15.625,0.003,8
22/06/2026 20:58,15.625,0.003,8
22/06/2026 20:28,15.5,0.003,8
22/06/2026 19:58,15.375,0.003,8
22/06/2026 19:28,15.125,0.003,8
22/06/2026 18:58,14.875,0.003,8
22/06/2026 18:28,14.5,0.003,8
22/06/2026 17:58,14.25,0.003,8.01
22/06/2026 17:28,14.625,0.003,8.01
22/06/2026 16:58,14.75,0.003,8
22/06/2026 16:28,14.875,0.003,8.01
22/06/2026 15:58,15,0.003,8.01
22/06/2026 15:28,15,0.003,8.02
22/06/2026 14:58,14.875,0.003,8.03
22/06/2026 14:28,15,0.003,8.04
22/06/2026 13:58,14.875,0.003,8.05
22/06/2026 13:28,14.75,0.003,8.05
22/06/2026 12:58,14.75,0.003,8.05
22/06/2026 12:28,14.875,0.003,8.06
22/06/2026 11:58,15,0.003,8.05
22/06/2026 11:28,15,0.003,8.05
22/06/2026 11:28,15,0.003,8.05
22/06/2026 10:58,15.25,0.003,8.05
22/06/2026 10:28,15.5,0.003,8.05
22/06/2026 09:58,15.625,0.003,8.04
22/06/2026 09:28,15.875,0.003,8.04
22/06/2026 08:58,16.5,0.003,8.04
22/06/2026 08:28,17.125,0.003,8.03
22/06/2026 07:58,17,0.003,8.03
22/06/2026 07:28,16.875,0.003,8.03
22/06/2026 06:58,16.875,0.003,8.02
22/06/2026 06:28,17,0.003,8.02
22/06/2026 05:58,16.875,0.003,8.03
22/06/2026 05:28,16.75,0.003,8.03
22/06/2026 04:58,16.75,0.003,8.03
22/06/2026 04:28,16.625,0.003,8.03
22/06/2026 03:58,16.625,0.003,8.03
22/06/2026 03:28,16.625,0.003,8.04
22/06/2026 02:58,16.625,0.003,8.04
22/06/2026 02:28,16.5,0.003,8.04
22/06/2026 01:58,16.5,0.003,8.04
22/06/2026 01:28,16.25,0.003,8.04
22/06/2026 00:58,16.375,0.003,8.05
22/06/2026 00:28,16.25,0.003,8.05
21/06/2026 23:58,16.125,0.003,8.05
21/06/2026 23:28,16.125,0.003,8.05
21/06/2026 22:58,15.875,0.003,8.05
21/06/2026 22:28,15.75,0.003,8.06
21/06/2026 21:58,15.75,0.003,8.06
21/06/2026 21:28,15.5,0.003,8.06
21/06/2026 20:58,15.5,0.003,8.06
21/06/2026 20:28,15.25,0.003,8.06
21/06/2026 19:58,15.25,0.003,8.07
21/06/2026 19:28,15,0.003,8.07
21/06/2026 18:58,14.625,0.003,8.07
21/06/2026 18:28,14.125,0.003,8.07
21/06/2026 17:58,14.5,0.003,8.07
21/06/2026 17:28,14.625,0.003,8.07
21/06/2026 16:58,13.75,0.003,8.07
21/06/2026 16:28,14.625,0.003,8.07
21/06/2026 15:58,14.625,0.003,8.07
21/06/2026 15:28,14.875,0.003,8.07
21/06/2026 14:58,14.75,0.003,8.06
21/06/2026 14:28,14.875,0.003,8.06
21/06/2026 13:58,15,0.003,8.06
21/06/2026 13:28,15,0.003,8.06
21/06/2026 12:58,14.875,0.003,8.05
21/06/2026 12:28,15,0.003,8.05
21/06/2026 11:58,15.125,0.003,8.05
21/06/2026 11:58,15.125,0.003,8.05
21/06/2026 11:28,15.125,0.003,8.04
21/06/2026 10:58,15.25,0.003,8.04
21/06/2026 10:28,15.5,0.003,8.04
21/06/2026 09:58,15.875,0.003,8.04
21/06/2026 09:28,16.625,0.003,8.03
21/06/2026 08:58,17,0.003,8.03
21/06/2026 08:28,17,0.003,8.02
21/06/2026 07:58,16.875,0.003,8.02
21/06/2026 07:28,15.75,0.003,8.02
21/06/2026 06:58,16.625,0.003,8.01
21/06/2026 06:28,15.75,0.003,8.01
21/06/2026 05:58,16.625,0.003,8.01
21/06/2026 05:28,16.625,0.003,8.02
21/06/2026 04:58,16.5,0.003,8.02
21/06/2026 04:28,16.375,0.003,8.02
21/06/2026 03:58,16.375,0.003,8.02
21/06/2026 03:28,16.375,0.003,8.02
21/06/2026 02:58,16.375,0.003,8.03
21/06/2026 02:28,16.25,0.003,8.03
21/06/2026 01:58,16.125,0.003,8.03
21/06/2026 01:28,16.125,0.003,8.03
21/06/2026 00:58,16,0.003,8.03
21/06/2026 00:28,15.875,0.003,8.03
20/06/2026 23:58,15.875,0.003,8.03
20/06/2026 23:28,15.75,0.003,8.03
20/06/2026 23:28,15.75,0.003,8.03
20/06/2026 22:58,15.625,0.003,8.04
20/06/2026 22:28,15.625,0.003,8.04
20/06/2026 21:58,15.375,0.003,8.04
20/06/2026 21:28,15.25,0.003,8.04
20/06/2026 20:58,15.125,0.003,8.05
20/06/2026 20:28,14.875,0.003,8.05
20/06/2026 19:58,14.5,0.003,8.05
20/06/2026 19:28,14.375,0.003,8.05
20/06/2026 19:28,14.375,0.003,8.05
20/06/2026 18:58,14.25,0.003,8.05
20/06/2026 18:28,14.375,0.003,8.06
20/06/2026 17:58,13.75,0.003,8.06
20/06/2026 17:28,14.875,0.003,8.06
20/06/2026 16:58,15,0.003,8.06
20/06/2026 16:28,15,0.003,8.05
20/06/2026 15:58,15.25,0.003,8.05
20/06/2026 15:28,15.125,0.003,8.05
20/06/2026 14:58,15.125,0.003,8.05
20/06/2026 14:28,15.125,0.003,8.04
20/06/2026 13:58,15.125,0.003,8.04
20/06/2026 13:58,15.125,0.003,8.04
20/06/2026 13:28,15.125,0.003,8.04
20/06/2026 13:28,15.125,0.003,8.04
20/06/2026 12:58,15.125,0.003,8.04
20/06/2026 12:28,15.125,0.003,8.03
20/06/2026 11:58,15.375,0.003,8.03
20/06/2026 11:28,15.5,0.003,8.03
20/06/2026 10:58,15.875,0.003,8.03
20/06/2026 10:28,16.5,0.003,8.02
20/06/2026 09:58,17.125,0.003,8.02
20/06/2026 09:58,17.125,0.003,8.02
20/06/2026 09:28,17,0.003,8.02
20/06/2026 08:58,16.75,0.003,8.01
20/06/2026 08:28,16.875,0.003,8.01
20/06/2026 07:58,15.75,0.003,8
20/06/2026 07:28,16.5,0.003,8
20/06/2026 06:58,16.5,0.003,8
20/06/2026 06:28,16.625,0.003,8
20/06/2026 05:58,16.625,0.003,8
20/06/2026 05:28,16.625,0.003,8.01
20/06/2026 04:58,16.625,0.003,8.01
20/06/2026 04:28,16.5,0.003,8.01
20/06/2026 03:58,16.5,0.003,8.01
20/06/2026 03:28,16.375,0.003,8.01
20/06/2026 02:58,16.375,0.003,8.01
20/06/2026 02:28,16.375,0.003,8.01
20/06/2026 01:58,16.25,0.003,8.02
20/06/2026 01:28,16.25,0.003,8.02
20/06/2026 00:58,16.25,0.003,8.02
20/06/2026 00:28,16.125,0.003,8.02
19/06/2026 23:58,16,0.003,8.02
19/06/2026 23:28,15.75,0.003,8.02
19/06/2026 22:58,15.875,0.003,8.03
19/06/2026 22:28,15.625,0.003,8.03
19/06/2026 21:58,15.625,0.003,8.03
19/06/2026 21:28,15.625,0.003,8.03
19/06/2026 20:58,15.5,0.003,8.03
19/06/2026 20:28,15.25,0.003,8.03
19/06/2026 19:58,15.25,0.003,8.04
19/06/2026 19:28,15,0.003,8.04
19/06/2026 18:58,14.75,0.003,8.04
19/06/2026 18:28,14.25,0.003,8.04
19/06/2026 17:58,14.375,0.003,8.04
19/06/2026 17:28,14.5,0.003,8.04
19/06/2026 16:58,13.75,0.003,8.04
19/06/2026 16:28,15.125,0.003,8.04
19/06/2026 15:58,15.125,0.003,8.04
19/06/2026 15:28,15.125,0.003,8.04
19/06/2026 14:58,15.25,0.003,8.03
19/06/2026 14:28,15.125,0.003,8.03
19/06/2026 13:58,15.125,0.003,8.03
19/06/2026 13:28,15.25,0.003,8.03
19/06/2026 12:58,15.25,0.003,8.03
19/06/2026 12:28,15,0.003,8.03
19/06/2026 11:58,15.5,0.003,8.03
19/06/2026 11:28,15.625,0.003,8.03
19/06/2026 10:58,15.875,0.003,8.02
19/06/2026 10:28,16.5,0.003,8.02
19/06/2026 10:28,16.5,0.003,8.02
19/06/2026 09:58,17.25,0.003,8.02
19/06/2026 09:28,16.875,0.003,8.02
19/06/2026 08:58,17,0.003,8.01
19/06/2026 08:28,16.75,0.003,8.01
19/06/2026 07:58,16.75,0.003,8.01
19/06/2026 07:28,16.5,0.003,8
19/06/2026 06:58,16.5,0.003,8
19/06/2026 06:28,16.5,0.003,8
19/06/2026 05:58,16.5,0.003,8.01
19/06/2026 05:28,16.5,0.003,8.01
19/06/2026 04:58,16.375,0.003,8.01
19/06/2026 04:28,16.375,0.003,8.01
19/06/2026 03:58,16.25,0.003,8.01
19/06/2026 03:28,16.375,0.003,8.01
19/06/2026 02:58,16.25,0.003,8.02
19/06/2026 02:28,16.25,0.003,8.02
19/06/2026 01:58,16.125,0.003,8.02
19/06/2026 01:28,16.125,0.003,8.02
19/06/2026 00:58,16,0.003,8.02
19/06/2026 00:28,16,0.003,8.02
18/06/2026 23:58,15.875,0.003,8.03
18/06/2026 23:28,15.75,0.003,8.03
18/06/2026 22:58,14.75,0.003,8.03
18/06/2026 22:28,14.75,0.003,8.03
18/06/2026 21:58,15.625,0.003,8.04
18/06/2026 21:28,15.5,0.003,8.04
18/06/2026 20:58,15.5,0.003,8.04
18/06/2026 20:28,15.375,0.003,8.04
18/06/2026 19:58,15.125,0.003,8.05
18/06/2026 19:28,15,0.003,8.05
18/06/2026 18:58,14.5,0.003,8.05
18/06/2026 18:28,15.125,0.003,8.06
18/06/2026 17:58,15.625,0.003,8.06
18/06/2026 17:28,15.75,0.003,8.06
18/06/2026 16:58,15.875,0.003,8.06
18/06/2026 16:28,16,0.003,8.06
18/06/2026 15:58,16.25,0.003,8.06
18/06/2026 15:28,16.5,0.003,8.07
18/06/2026 14:58,16.625,0.003,8.07
18/06/2026 14:28,17,0.003,8.07
18/06/2026 13:58,17.125,0.003,8.07
18/06/2026 13:28,17.375,0.003,8.08
18/06/2026 12:58,18.625,0.003,8.09
18/06/2026 12:28,18,0.003,8.09
18/06/2026 12:17,18.5,0.003,8.09
18/06/2026 11:58,20,0.003,8.12
18/06/2026 11:37,20.625,0.003,8.12
18/06/2026 11:28,19.25,0.003,8.12
18/06/2026 10:58,18.125,0.003,8.1
18/06/2026 10:28,15.75,0.003,8.09
18/06/2026 09:58,16.625,0.003,8.09
18/06/2026 09:58,16.625,0.003,8.09
18/06/2026 09:28,16.25,0.003,8.08
18/06/2026 08:58,16.375,0.003,8.08
18/06/2026 08:28,16.125,0.003,8.08
18/06/2026 07:58,16,0.003,8.08
18/06/2026 07:28,16,0.003,8.08
18/06/2026 06:58,15.875,0.003,8.08
18/06/2026 06:28,15.75,0.003,8.08
18/06/2026 05:58,15.75,0.003,8.08
18/06/2026 05:28,15.75,0.003,8.08
18/06/2026 04:58,14.75,0.003,8.08
18/06/2026 04:28,16.625,0.003,8.08
18/06/2026 03:58,15.75,0.003,8.08
18/06/2026 03:28,15.625,0.003,8.08
18/06/2026 02:58,15.5,0.003,8.09
18/06/2026 02:28,15.5,0.003,8.09
18/06/2026 01:58,15.5,0.003,8.09
18/06/2026 01:28,15.375,0.003,8.09
18/06/2026 00:58,15.25,0.003,8.09
18/06/2026 00:28,15.375,0.003,8.09
18/06/2026 00:28,15.375,0.003,8.09
17/06/2026 23:58,15.125,0.003,8.1
17/06/2026 23:28,15,0.003,8.1
17/06/2026 22:58,15,0.003,8.1
17/06/2026 22:28,14.875,0.003,8.1
17/06/2026 21:58,15.625,0.003,8.1
17/06/2026 21:28,14.625,0.003,8.1
17/06/2026 20:58,14.5,0.003,8.1
17/06/2026 20:28,14.125,0.003,8.1
17/06/2026 19:58,14.125,0.003,8.11
17/06/2026 19:28,13.875,0.003,8.11
17/06/2026 18:58,13.5,0.003,8.11
17/06/2026 18:28,13.75,0.003,8.11
17/06/2026 17:58,13.875,0.003,8.11
17/06/2026 17:28,13.875,0.003,8.11
17/06/2026 16:58,14,0.003,8.11
17/06/2026 16:28,14.125,0.003,8.11
17/06/2026 15:58,14.375,0.003,8.11
17/06/2026 15:28,14.5,0.003,8.11
17/06/2026 14:58,14.625,0.003,8.11
17/06/2026 14:28,13.75,0.003,8.1
17/06/2026 13:58,14.75,0.003,8.1
17/06/2026 13:58,14.75,0.003,8.1
17/06/2026 13:28,15.125,0.003,8.1
17/06/2026 12:58,15.25,0.003,8.1
17/06/2026 12:28,15.5,0.003,8.1
17/06/2026 11:58,15.75,0.003,8.1
17/06/2026 11:58,15.75,0.003,8.1
17/06/2026 11:28,16.375,0.003,8.1
17/06/2026 10:58,17,0.003,8.09
17/06/2026 10:28,17.125,0.003,8.09
17/06/2026 09:58,16.75,0.003,8.09
17/06/2026 09:28,17.625,0.003,8.09
17/06/2026 08:58,16.625,0.003,8.08
17/06/2026 08:28,16.375,0.003,8.08
17/06/2026 07:58,16.375,0.003,8.08
17/06/2026 07:28,16.5,0.003,8.08
17/06/2026 06:58,16.375,0.003,8.07
17/06/2026 06:28,16.375,0.003,8.07
17/06/2026 05:58,16.25,0.003,8.08
17/06/2026 05:28,16.125,0.003,8.08
17/06/2026 04:58,16.125,0.003,8.08
17/06/2026 04:28,16.25,0.003,8.08
17/06/2026 03:58,16.25,0.003,8.08
17/06/2026 03:28,16,0.003,8.08
17/06/2026 02:58,15.875,0.003,8.09
17/06/2026 02:28,16,0.003,8.09
17/06/2026 02:28,16,0.003,8.09
17/06/2026 01:58,15.875,0.003,8.09
17/06/2026 01:28,15.875,0.003,8.09
17/06/2026 00:58,15.75,0.003,8.09
17/06/2026 00:28,14.75,0.003,8.09
16/06/2026 23:58,16.625,0.003,8.1
16/06/2026 23:28,15.625,0.003,8.1
16/06/2026 22:58,15.625,0.003,8.1
16/06/2026 22:28,15.375,0.003,8.1
16/06/2026 21:58,15.375,0.003,8.1
16/06/2026 21:28,15.375,0.003,8.1
16/06/2026 20:58,15.25,0.003,8.1
16/06/2026 20:28,15,0.003,8.11
16/06/2026 20:28,15,0.003,8.11
16/06/2026 19:58,15,0.003,8.11
16/06/2026 19:28,15,0.003,8.11
16/06/2026 18:58,14.75,0.003,8.11
16/06/2026 18:28,14.5,0.003,8.11
16/06/2026 17:58,14.25,0.003,8.11
16/06/2026 17:28,13.875,0.003,8.11
16/06/2026 16:58,14.625,0.003,8.1
16/06/2026 16:28,14,0.003,8.1
16/06/2026 15:58,14.125,0.003,8.1
16/06/2026 15:28,14.25,0.003,8.1
16/06/2026 14:58,14.5,0.003,8.1
16/06/2026 14:28,15.625,0.003,8.1
16/06/2026 13:58,14.875,0.003,8.1
16/06/2026 13:28,15.125,0.003,8.1
16/06/2026 12:58,15.375,0.003,8.1
16/06/2026 12:28,15.75,0.003,8.09
16/06/2026 11:58,16.125,0.003,8.09
16/06/2026 11:28,16.875,0.003,8.09
16/06/2026 10:58,17,0.003,8.09
16/06/2026 10:28,16.875,0.003,8.09
16/06/2026 09:58,16.75,0.003,8.08
16/06/2026 09:28,15.75,0.003,8.08
16/06/2026 08:58,16.625,0.003,8.08
16/06/2026 08:28,16.5,0.003,8.07
16/06/2026 08:28,16.5,0.003,8.07
16/06/2026 07:58,16.375,0.003,8.07
16/06/2026 07:28,16.375,0.003,8.07
16/06/2026 06:58,16.5,0.003,8.07
16/06/2026 06:28,16.375,0.003,8.07
16/06/2026 05:58,16.25,0.003,8.07
16/06/2026 05:28,16.25,0.003,8.07
16/06/2026 04:58,16.125,0.003,8.08
16/06/2026 04:28,16.25,0.003,8.08
16/06/2026 03:58,16.125,0.003,8.08
16/06/2026 03:28,16.125,0.003,8.08
16/06/2026 02:58,16.125,0.003,8.08
16/06/2026 02:28,16.125,0.003,8.08
16/06/2026 01:58,15.875,0.003,8.08
16/06/2026 01:28,16,0.003,8.09
16/06/2026 00:58,16,0.003,8.09
16/06/2026 00:28,16,0.003,8.09
16/06/2026 00:28,16,0.003,8.09
15/06/2026 23:58,15.875,0.003,8.09
15/06/2026 23:28,15.875,0.003,8.09
15/06/2026 22:58,15.75,0.003,8.09
15/06/2026 22:28,15.75,0.003,8.1
15/06/2026 21:58,14.75,0.003,8.1
15/06/2026 21:28,15.625,0.003,8.1
15/06/2026 20:58,15.625,0.003,8.1
15/06/2026 20:28,15.625,0.003,8.1
15/06/2026 19:58,15.375,0.003,8.1
15/06/2026 19:28,15.25,0.003,8.1
15/06/2026 18:58,15.125,0.003,8.1
15/06/2026 18:28,15.125,0.003,8.11
15/06/2026 17:58,15,0.003,8.1
15/06/2026 17:28,13.75,0.003,8.1
15/06/2026 16:58,14.5,0.003,8.1
15/06/2026 16:28,14.25,0.003,8.1
15/06/2026 15:58,14,0.003,8.09
15/06/2026 15:28,14.375,0.003,8.09
15/06/2026 14:58,14.375,0.003,8.09
15/06/2026 14:28,14.375,0.003,8.09
15/06/2026 13:58,14.625,0.003,8.09
15/06/2026 13:28,14.875,0.003,8.09
15/06/2026 12:58,15,0.003,8.08
15/06/2026 12:28,15.375,0.003,8.08
15/06/2026 11:58,15.5,0.003,8.08
15/06/2026 11:28,15.875,0.003,8.08
15/06/2026 10:58,16.375,0.003,8.08
15/06/2026 10:28,17.125,0.003,8.08
15/06/2026 09:58,17,0.003,8.08
15/06/2026 09:28,16.875,0.003,8.07
15/06/2026 08:58,16.625,0.003,8.07
15/06/2026 08:28,16.625,0.003,8.07
15/06/2026 07:58,16.5,0.003,8.06
15/06/2026 07:28,16.625,0.003,8.06
15/06/2026 06:58,16.625,0.003,8.06
15/06/2026 06:28,16.5,0.003,8.06
15/06/2026 05:58,16.5,0.003,8.06
15/06/2026 05:28,16.5,0.003,8.06
15/06/2026 04:58,16.5,0.003,8.07
15/06/2026 04:28,16.375,0.003,8.07
15/06/2026 03:58,16.375,0.003,8.07
15/06/2026 03:28,16.25,0.003,8.07
15/06/2026 02:58,16.25,0.003,8.07
15/06/2026 02:28,16.375,0.003,8.07
15/06/2026 01:58,16.375,0.003,8.08
15/06/2026 01:28,16.375,0.003,8.08
15/06/2026 00:58,16.25,0.003,8.08
15/06/2026 00:28,16.25,0.003,8.08
14/06/2026 23:58,16.25,0.003,8.08
14/06/2026 23:28,16.125,0.003,8.08
14/06/2026 22:58,16.25,0.003,8.08
14/06/2026 22:28,16.125,0.003,8.09
14/06/2026 21:58,16.125,0.003,8.09
14/06/2026 21:28,16,0.003,8.09
14/06/2026 20:58,15.875,0.003,8.09
14/06/2026 20:28,15.875,0.003,8.09
14/06/2026 20:28,15.875,0.003,8.09
14/06/2026 19:58,15.875,0.003,8.09
14/06/2026 19:28,15.75,0.003,8.09
14/06/2026 18:58,16.625,0.003,8.09
14/06/2026 18:28,15.625,0.003,8.1
14/06/2026 17:58,15.5,0.003,8.09
14/06/2026 17:28,15.125,0.002,8.09
14/06/2026 16:58,15,0.001,8.09
14/06/2026 16:58,15,0.001,8.09
14/06/2026 16:28,15.625,0.002,8.09
14/06/2026 15:58,14.375,0.002,8.08
14/06/2026 15:28,14,0.003,8.08
14/06/2026 14:58,13.875,0.003,8.08
14/06/2026 14:28,13.875,0.003,8.07
14/06/2026 13:58,14.5,0.003,8.07
14/06/2026 13:28,15.625,0.003,8.07
14/06/2026 12:58,15.125,0.003,8.07
14/06/2026 12:28,16.625,0.003,8.07
14/06/2026 11:58,16.25,0.003,8.07
14/06/2026 11:28,17,0.003,8.07
14/06/2026 10:58,17.125,0.003,8.07
14/06/2026 10:28,16.75,0.003,8.06
14/06/2026 09:58,17.625,0.003,8.06
14/06/2026 09:28,16.75,0.003,8.05
14/06/2026 08:58,16.5,0.003,8.05
14/06/2026 08:28,16.625,0.003,8.05
14/06/2026 07:58,16.5,0.003,8.05
14/06/2026 07:28,16.375,0.003,8.05
14/06/2026 06:58,16.25,0.003,8.04
14/06/2026 06:28,16.25,0.003,8.04
14/06/2026 05:58,16.125,0.003,8.05
14/06/2026 05:28,16.25,0.003,8.05
14/06/2026 04:58,16.125,0.003,8.05
14/06/2026 04:28,16.125,0.003,8.05
14/06/2026 03:58,16,0.003,8.05
14/06/2026 03:28,16,0.003,8.05
14/06/2026 02:58,16,0.003,8.05
14/06/2026 02:28,15.875,0.003,8.05
14/06/2026 01:58,16,0.003,8.06
14/06/2026 01:28,16,0.003,8.06
14/06/2026 00:58,15.875,0.003,8.06
14/06/2026 00:28,16.625,0.003,8.06
13/06/2026 23:58,15.875,0.003,8.06
13/06/2026 23:28,15.75,0.003,8.06
13/06/2026 22:58,16.625,0.003,8.06
13/06/2026 22:28,14.75,0.003,8.06
13/06/2026 21:58,15.625,0.003,8.07
13/06/2026 21:28,15.5,0.003,8.07
13/06/2026 20:58,15.375,0.003,8.07
13/06/2026 20:28,15.375,0.003,8.07
13/06/2026 19:58,15.25,0.003,8.07
13/06/2026 19:28,15.125,0.003,8.07
13/06/2026 18:58,15.125,0.003,8.07
13/06/2026 18:28,15,0.003,8.07
13/06/2026 17:58,14.625,0.003,8.07
13/06/2026 17:28,14.625,0.003,8.07
13/06/2026 16:58,14.25,0.003,8.06
13/06/2026 16:28,13.875,0.003,8.06
13/06/2026 15:58,13.5,0.003,8.06
13/06/2026 15:28,13.5,0.003,8.06
13/06/2026 14:58,13.75,0.003,8.05
13/06/2026 14:28,13.875,0.003,8.05
13/06/2026 13:58,14.125,0.003,8.05
13/06/2026 13:28,14.375,0.003,8.05
13/06/2026 12:58,14.625,0.003,8.04
13/06/2026 12:28,14.875,0.003,8.04
13/06/2026 11:58,15.25,0.003,8.04
13/06/2026 11:58,15.25,0.003,8.04
13/06/2026 11:28,15.625,0.003,8.04
13/06/2026 10:58,16.25,0.003,8.04
13/06/2026 10:28,16.875,0.003,8.04
13/06/2026 09:58,17,0.003,8.03
13/06/2026 09:28,16.875,0.003,8.03
13/06/2026 08:58,16.875,0.003,8.02
13/06/2026 08:28,16.625,0.003,8.02
13/06/2026 07:58,16.5,0.003,8.02
13/06/2026 07:28,16.625,0.003,8.01
13/06/2026 06:58,16.5,0.003,8.01
13/06/2026 06:58,16.5,0.003,8.01
13/06/2026 06:28,16.5,0.003,8.01
13/06/2026 05:58,16.375,0.003,8.01
13/06/2026 05:28,16.375,0.003,8.01
13/06/2026 04:58,16.375,0.003,8.01
13/06/2026 04:28,16.375,0.003,8.01
13/06/2026 03:58,16.375,0.003,8.01
13/06/2026 03:28,16.375,0.003,8.01
13/06/2026 02:58,16.25,0.003,8.01
13/06/2026 02:28,16.25,0.003,8.01
13/06/2026 01:58,16.25,0.003,8.01
13/06/2026 01:28,16.25,0.003,8.01
13/06/2026 00:58,16.125,0.003,8.01
13/06/2026 00:28,16.125,0.003,8.02
12/06/2026 23:58,16,0.003,8.02
12/06/2026 23:28,16,0.003,8.02
12/06/2026 22:58,16,0.003,8.02
12/06/2026 22:28,16,0.003,8.02
12/06/2026 21:58,15.875,0.003,8.01
12/06/2026 21:28,15.875,0.003,8.01
12/06/2026 20:58,15.75,0.003,8.02
12/06/2026 20:28,15.75,0.003,8.02
12/06/2026 19:58,14.75,0.003,8.02
12/06/2026 19:28,15.625,0.003,8.03
12/06/2026 18:58,15.625,0.003,8.03
12/06/2026 18:28,15.5,0.003,8.03
12/06/2026 17:58,15.375,0.003,8.02
12/06/2026 17:28,15.25,0.003,8.02
12/06/2026 16:58,15,0.003,8.02
12/06/2026 16:28,14.75,0.003,8.01
12/06/2026 15:58,14.375,0.003,8.01
12/06/2026 15:28,14.125,0.003,8.01
12/06/2026 14:58,13.875,0.003,8.01
12/06/2026 14:28,14.125,0.003,8
12/06/2026 13:58,14.5,0.003,8.01
12/06/2026 13:28,14.875,0.003,8.01
12/06/2026 12:58,15,0.003,8.01
12/06/2026 12:28,15.375,0.003,8.02
12/06/2026 11:58,15.75,0.003,8.02
12/06/2026 11:28,16.25,0.003,8.03
12/06/2026 10:58,17.125,0.003,8.03
12/06/2026 10:58,17.125,0.003,8.03
12/06/2026 10:28,17.125,0.003,8.02
12/06/2026 09:58,16.875,0.003,8.02
12/06/2026 09:28,16.75,0.003,8.01
12/06/2026 08:58,16.625,0.003,8.01
12/06/2026 08:28,16.625,0.003,8.01
12/06/2026 07:58,16.5,0.003,8
12/06/2026 07:28,16.375,0.003,8
12/06/2026 06:58,16.375,0.003,8
12/06/2026 06:28,16.375,0.003,8
12/06/2026 05:58,16.25,0.003,8
12/06/2026 05:28,16.25,0.003,8
12/06/2026 04:58,16.25,0.003,7.99
12/06/2026 04:28,16.125,0.003,7.99
12/06/2026 03:58,16.25,0.003,7.99
12/06/2026 03:28,16.125,0.003,7.99
12/06/2026 02:58,16.125,0.003,7.98
12/06/2026 02:28,16.125,0.003,7.98
12/06/2026 01:58,15.875,0.003,7.97
12/06/2026 01:28,15.875,0.003,7.97
12/06/2026 00:58,15.875,0.003,7.98
12/06/2026 00:28,15.75,0.003,7.99
11/06/2026 23:58,15.75,0.003,8.01
11/06/2026 23:28,15.75,0.003,8.01
11/06/2026 22:58,15.75,0.003,8.02
11/06/2026 22:28,15.5,0.003,8.02
11/06/2026 21:58,15.625,0.003,8.02
11/06/2026 21:28,15.625,0.003,8.03
11/06/2026 20:58,15.25,0.003,8.03
11/06/2026 20:58,15.25,0.003,8.03
11/06/2026 20:28,15.25,0.003,8.03
11/06/2026 19:58,15,0.003,8.03
11/06/2026 19:58,15,0.003,8.03
11/06/2026 19:28,14.625,0.003,8.03
11/06/2026 19:12,13.75,0.003,8.02
11/06/2026 19:12,13.75,0.003,8.73
11/06/2026 17:28,14,0.003,7.99
11/06/2026 17:28,14,0.003,7.99
11/06/2026 16:58,13.75,0.003,7.97
11/06/2026 16:28,13.5,0.003,7.93
11/06/2026 15:58,13.875,0.003,7.88
11/06/2026 15:28,13.875,0.003,7.8
11/06/2026 14:58,14,0.003,7.69
11/06/2026 14:28,14.375,0.003,7.53
11/06/2026 14:28,14.375,0.003,7.53
11/06/2026 14:26,14.625,0.003,7.52
11/06/2026 13:58,13.875,0.003,7.27
11/06/2026 13:28,15.25,0.003,6.99
11/06/2026 12:58,15.75,0.003,6.84
11/06/2026 12:28,16.125,0.003,6.78
11/06/2026 11:58,17.125,0.003,6.77
11/06/2026 11:28,17.25,0.004,6.78
11/06/2026 10:59,17.375,0.004,6.79
11/06/2026 10:58,17.25,0.004,6.79
11/06/2026 10:58,17.25,0.004,7.01
07/06/2026 12:58,15.5,0.001,7.97
07/06/2026 12:28,16,0.001,7.97
07/06/2026 11:58,16.5,0.001,7.98
07/06/2026 11:28,17.125,0.001,7.97
07/06/2026 11:28,17.125,0.001,7.97
07/06/2026 10:58,17,0.001,7.97
07/06/2026 10:28,16.75,0.001,7.96
07/06/2026 09:58,16.875,0.001,7.96
07/06/2026 09:58,16.875,0.001,7.96
07/06/2026 09:28,16.625,0.001,7.95
07/06/2026 08:58,16.625,0.001,7.95
07/06/2026 08:28,16.5,0.001,7.95
07/06/2026 07:58,16.5,0.001,7.95
07/06/2026 07:28,16.375,0.001,7.95
07/06/2026 06:58,16.25,0.001,7.94
07/06/2026 06:28,16.375,0.001,7.95
07/06/2026 05:58,16.375,0.001,7.95
07/06/2026 05:28,16.25,0.001,7.95
07/06/2026 04:58,16.375,0.001,7.95
07/06/2026 04:28,16.25,0.001,7.95
07/06/2026 03:58,16.125,0.001,7.95
07/06/2026 03:28,16,0.001,7.96
07/06/2026 02:58,16,0.001,7.95
07/06/2026 02:28,15.875,0.001,7.96
07/06/2026 02:28,15.875,0.001,7.96
07/06/2026 01:58,15.875,0.001,7.96
07/06/2026 01:28,15.75,0.001,7.96
07/06/2026 00:58,15.75,0.001,7.96
07/06/2026 00:28,15.625,0.001,7.96
06/06/2026 23:58,16.625,0.001,7.97
06/06/2026 23:28,14.75,0.001,7.97
06/06/2026 22:58,14.75,0.001,7.97
06/06/2026 22:28,15.625,0.001,7.97
06/06/2026 22:28,15.625,0.001,7.97
06/06/2026 21:58,15.625,0.001,7.97
06/06/2026 21:28,15.5,0.001,7.98
06/06/2026 21:28,15.5,0.001,7.98
06/06/2026 20:58,15.5,0.001,7.98
06/06/2026 20:28,15.375,0.001,7.98
06/06/2026 19:58,15.375,0.001,7.98
06/06/2026 19:28,15.125,0.001,7.98
06/06/2026 18:58,15.125,0.001,7.98
06/06/2026 18:28,15,0.001,7.98
06/06/2026 17:58,14.75,0.001,7.98
06/06/2026 17:28,14.625,0.001,7.98
06/06/2026 16:58,14.375,0.001,7.97
06/06/2026 16:28,13.875,0.001,7.97
06/06/2026 15:58,12.75,0.001,7.97
06/06/2026 15:28,13.75,0.001,7.97
06/06/2026 14:58,14.125,0.001,7.97
06/06/2026 14:28,14.375,0.001,7.96
06/06/2026 13:58,14.625,0.001,7.97
06/06/2026 13:28,15,0.001,7.97
06/06/2026 12:58,15.375,0.001,7.97
06/06/2026 12:28,15.875,0.001,7.97
06/06/2026 11:58,16.375,0.001,7.97
06/06/2026 11:28,17,0.001,7.97
06/06/2026 10:58,17.25,0.001,7.97
06/06/2026 10:28,17,0.001,7.96
06/06/2026 09:58,17,0.001,7.96
06/06/2026 09:58,17,0.001,7.96
06/06/2026 09:28,16.875,0.001,7.95
06/06/2026 08:58,16.75,0.001,7.95
06/06/2026 08:28,15.75,0.001,7.95
06/06/2026 07:58,17.625,0.001,7.94
06/06/2026 07:28,17.625,0.001,7.94
06/06/2026 06:58,16.5,0.001,7.94
06/06/2026 06:28,16.625,0.001,7.94
06/06/2026 06:28,16.625,0.001,7.94
06/06/2026 05:58,16.5,0.001,7.94
06/06/2026 05:28,16.625,0.001,7.94
06/06/2026 04:58,16.5,0.001,7.95
06/06/2026 04:28,16.5,0.001,7.95
06/06/2026 03:58,16.625,0.001,7.95
06/06/2026 03:58,16.625,0.001,7.95
06/06/2026 03:28,16.625,0.001,7.95
06/06/2026 02:58,16.5,0.001,7.96
06/06/2026 02:28,16.5,0.001,7.96
06/06/2026 01:58,16.5,0.001,7.96
06/06/2026 01:28,16.625,0.001,7.96
06/06/2026 00:58,16.5,0.001,7.96
06/06/2026 00:28,16.625,0.001,7.96
05/06/2026 23:58,16.5,0.001,7.97
05/06/2026 23:28,16.625,0.001,7.97
05/06/2026 23:28,16.625,0.001,7.97
05/06/2026 22:58,16.625,0.001,7.97
05/06/2026 22:58,16.625,0.001,7.97
05/06/2026 22:28,16.5,0.001,7.97
05/06/2026 21:58,16.625,0.001,7.97
05/06/2026 21:28,16.5,0.001,7.97
05/06/2026 20:58,16.625,0.001,7.98
05/06/2026 20:28,16.5,0.001,7.98
05/06/2026 19:58,16.375,0.001,7.98
05/06/2026 19:28,16.5,0.001,7.98
05/06/2026 18:58,16.5,0.001,7.98
05/06/2026 18:28,16.375,0.001,7.98
05/06/2026 17:58,16.375,0.001,7.98
05/06/2026 17:28,16.125,0.001,7.98
05/06/2026 16:58,16,0.001,7.98
05/06/2026 16:28,15.875,0.001,7.97
05/06/2026 16:28,15.875,0.001,7.97
05/06/2026 15:58,15.625,0.001,7.97
05/06/2026 15:28,15.625,0.001,7.97
05/06/2026 14:58,15.375,0.001,7.96
05/06/2026 14:28,15.25,0.001,7.96
05/06/2026 13:58,15.125,0.001,7.96
05/06/2026 13:28,15,0.001,7.95
05/06/2026 12:58,14.625,0.001,7.95
05/06/2026 12:28,15,0.001,7.95
05/06/2026 11:58,15.625,0.001,7.95
05/06/2026 11:28,16.125,0.001,7.96
05/06/2026 10:58,17,0.001,7.96
05/06/2026 10:28,16.875,0.001,7.96
05/06/2026 09:58,16.625,0.001,7.96
05/06/2026 09:28,16.625,0.001,7.96
05/06/2026 08:58,16.5,0.001,7.95
05/06/2026 08:28,16.625,0.001,7.95
05/06/2026 08:28,16.625,0.001,7.95
05/06/2026 07:58,16.5,0.001,7.95
05/06/2026 07:28,16.375,0.001,7.95
05/06/2026 06:58,16.375,0.001,7.95
05/06/2026 06:28,16.375,0.001,7.95
05/06/2026 05:58,16.375,0.001,7.95
05/06/2026 05:28,16.375,0.001,7.95
05/06/2026 04:58,16.375,0.001,7.95
05/06/2026 04:28,16.375,0.001,7.96
05/06/2026 03:58,16.5,0.001,7.96
05/06/2026 03:28,16.375,0.001,7.96
05/06/2026 02:58,16.375,0.001,7.96
05/06/2026 02:28,16.25,0.001,7.96
05/06/2026 01:58,16.25,0.001,7.96
05/06/2026 01:28,16.375,0.001,7.97
05/06/2026 00:58,16.25,0.001,7.97
05/06/2026 00:28,16.25,0.001,7.97
04/06/2026 23:58,16.125,0.001,7.97
04/06/2026 23:28,16.25,0.001,7.97
04/06/2026 22:58,16.25,0.001,7.98
04/06/2026 22:28,16.125,0.001,7.98
04/06/2026 21:58,16,0.001,7.98
04/06/2026 21:28,16.125,0.001,7.98
04/06/2026 20:58,16,0.001,7.98
04/06/2026 20:28,16,0.001,7.99
04/06/2026 19:58,15.875,0.001,7.99
04/06/2026 19:28,15.75,0.001,7.99
04/06/2026 18:58,15.75,0.001,7.99
04/06/2026 18:28,15.625,0.001,7.99
04/06/2026 17:58,15.5,0.001,7.99
04/06/2026 17:28,15.375,0.001,7.99
04/06/2026 16:58,15.125,0.001,7.98
04/06/2026 16:28,15.125,0.001,7.98
04/06/2026 15:58,14.75,0.001,7.98
04/06/2026 15:58,14.75,0.001,7.98
04/06/2026 15:28,14.375,0.001,7.98
04/06/2026 14:58,14.75,0.001,7.98
04/06/2026 14:28,15.25,0.001,7.98
04/06/2026 13:58,15.75,0.001,7.98
04/06/2026 13:28,16.5,0.001,7.98
04/06/2026 13:24,16.5,0.001,7.98
04/06/2026 12:28,17.125,0.001,7.97
04/06/2026 11:58,16.875,0.001,7.97
04/06/2026 11:28,16.625,0.001,7.96
04/06/2026 10:58,16.5,0.001,7.96
04/06/2026 10:28,16.5,0.001,7.96
04/06/2026 09:58,16.375,0.001,7.95
04/06/2026 09:28,16.25,0.001,7.95
04/06/2026 08:58,16.25,0.001,7.94
04/06/2026 08:28,16.125,0.001,7.94
04/06/2026 07:58,16,0.001,7.94
04/06/2026 07:28,16,0.001,7.94
04/06/2026 06:58,15.875,0.001,7.94
04/06/2026 06:28,15.75,0.001,7.94
04/06/2026 05:58,15.75,0.001,7.94
04/06/2026 05:28,16.625,0.001,7.94
04/06/2026 04:58,15.875,0.001,7.95
04/06/2026 04:28,14.875,0.001,7.95
04/06/2026 03:58,15.625,0.001,7.95
04/06/2026 03:28,14.75,0.001,7.95
04/06/2026 02:58,15.5,0.001,7.95
04/06/2026 02:28,15.375,0.001,7.95
04/06/2026 01:58,15.5,0.001,7.96
04/06/2026 01:28,15.375,0.001,7.96
04/06/2026 01:28,15.375,0.001,7.96
04/06/2026 00:58,15.25,0.001,7.96
04/06/2026 00:28,15.25,0.001,7.96
03/06/2026 23:58,15.25,0.001,7.96
03/06/2026 23:28,15.125,0.001,7.96
03/06/2026 22:58,15,0.001,7.97
03/06/2026 22:28,14.875,0.001,7.97
03/06/2026 21:58,15.625,0.001,7.97
03/06/2026 21:28,15.625,0.001,7.97
03/06/2026 20:58,14.625,0.001,7.97
03/06/2026 20:28,14.5,0.001,7.97
03/06/2026 19:58,14.125,0.001,7.97
03/06/2026 19:28,14.125,0.001,7.97
03/06/2026 18:58,13.75,0.001,7.97
03/06/2026 18:28,13.875,0.001,7.97
03/06/2026 17:58,14.25,0.001,7.98
03/06/2026 17:28,14.375,0.001,7.97
03/06/2026 16:58,14.625,0.001,7.97
03/06/2026 16:28,13.75,0.001,7.97
03/06/2026 15:58,15,0.001,7.97
03/06/2026 15:28,15.125,0.001,7.97
03/06/2026 14:58,15.125,0.001,7.97
03/06/2026 14:28,15.375,0.001,7.97
03/06/2026 13:58,15.5,0.001,7.97
03/06/2026 13:28,15.625,0.001,7.98
03/06/2026 12:58,16.125,0.001,7.98
03/06/2026 12:28,16.75,0.001,7.98
03/06/2026 11:58,17,0.001,7.97
03/06/2026 11:28,16.875,0.001,7.97
03/06/2026 10:58,17.625,0.001,7.96
03/06/2026 10:28,16.625,0.001,7.96
03/06/2026 09:58,16.5,0.001,7.96
03/06/2026 09:28,16.375,0.001,7.95
03/06/2026 08:58,16.25,0.001,7.95
03/06/2026 08:28,16.25,0.001,7.94
03/06/2026 07:58,16.125,0.001,7.94
03/06/2026 07:28,16,0.001,7.94
03/06/2026 06:58,16,0.001,7.94
03/06/2026 06:28,15.875,0.001,7.94
03/06/2026 05:58,15.875,0.001,7.94
03/06/2026 05:28,16,0.001,7.94
03/06/2026 04:58,15.875,0.001,7.94
03/06/2026 04:28,15.75,0.001,7.94
03/06/2026 03:58,16.625,0.001,7.95
03/06/2026 03:28,15.75,0.001,7.95
03/06/2026 02:58,15.75,0.001,7.95
03/06/2026 02:28,14.75,0.001,7.95
03/06/2026 01:58,15.75,0.001,7.95
03/06/2026 01:28,15.5,0.001,7.95
03/06/2026 00:58,15.625,0.001,7.95
03/06/2026 00:28,15.5,0.001,7.96
02/06/2026 23:58,15.5,0.001,7.96
02/06/2026 23:28,15.375,0.001,7.96
02/06/2026 22:58,15.25,0.001,7.96
02/06/2026 22:28,15.25,0.001,7.96
02/06/2026 21:58,15.125,0.001,7.96
02/06/2026 21:28,15.25,0.001,7.96
02/06/2026 20:58,15,0.001,7.97
02/06/2026 20:28,14.875,0.001,7.97
02/06/2026 19:58,14.75,0.001,7.97
02/06/2026 19:28,15.625,0.001,7.97
02/06/2026 18:58,14.5,0.001,7.97
02/06/2026 18:28,14.125,0.001,7.97
02/06/2026 17:58,13.875,0.001,7.97
02/06/2026 17:28,14.125,0.001,7.97
02/06/2026 16:58,14.5,0.001,7.97
02/06/2026 16:28,14.625,0.001,7.97
02/06/2026 15:58,15,0.001,7.97
02/06/2026 15:28,15.125,0.001,7.97
02/06/2026 14:58,15.5,0.001,7.97
02/06/2026 14:28,15.625,0.001,7.97
02/06/2026 13:58,15.875,0.001,7.97
02/06/2026 13:28,16.25,0.001,7.97
02/06/2026 12:58,16.75,0.001,7.97
02/06/2026 12:28,17.125,0.001,7.97
02/06/2026 11:58,16.75,0.001,7.96
02/06/2026 11:28,16.625,0.001,7.96
02/06/2026 10:58,16.5,0.001,7.95
02/06/2026 10:28,16.5,0.001,7.95
02/06/2026 09:58,16.375,0.001,7.95
02/06/2026 09:28,16.25,0.001,7.94
02/06/2026 08:58,16.125,0.001,7.94
02/06/2026 08:28,16,0.001,7.93
02/06/2026 07:58,16,0.001,7.93
02/06/2026 07:28,15.875,0.001,7.93
02/06/2026 06:58,15.75,0.001,7.93
02/06/2026 06:28,15.75,0.001,7.93
02/06/2026 05:58,16.625,0.001,7.93
02/06/2026 05:28,16.625,0.001,7.93
02/06/2026 04:58,15.625,0.001,7.93
02/06/2026 04:28,15.5,0.001,7.93
02/06/2026 03:58,15.625,0.001,7.93
02/06/2026 03:28,15.5,0.001,7.94
02/06/2026 02:58,15.5,0.001,7.93
02/06/2026 02:28,15.375,0.001,7.94
02/06/2026 01:58,15.375,0.001,7.94
02/06/2026 01:28,15.25,0.001,7.94
02/06/2026 00:58,15.25,0.001,7.94
02/06/2026 00:28,15,0.001,7.94
01/06/2026 23:58,15,0.001,7.94
01/06/2026 23:28,14.75,0.001,7.94
01/06/2026 22:58,14.625,0.001,7.95
01/06/2026 22:28,14.5,0.001,7.95
01/06/2026 21:58,14.5,0.001,7.95
01/06/2026 21:28,14.25,0.001,7.95
01/06/2026 20:58,14.25,0.001,7.95
01/06/2026 20:28,13.875,0.001,7.95
01/06/2026 19:58,13.625,0.001,7.95
01/06/2026 19:28,13.5,0.001,7.96
01/06/2026 18:58,13.875,0.001,7.96
01/06/2026 18:28,14.375,0.001,7.97
01/06/2026 17:58,14.625,0.001,7.97
01/06/2026 17:28,14.75,0.001,7.97
01/06/2026 16:58,15,0.001,7.97
01/06/2026 16:58,15,0.001,7.97
01/06/2026 16:28,15,0.001,7.97
01/06/2026 15:58,15,0.001,7.97
01/06/2026 15:28,15,0.001,7.97
01/06/2026 15:28,15,0.001,7.97
01/06/2026 14:58,15.25,0.001,7.98
01/06/2026 14:28,15.375,0.001,7.97
01/06/2026 13:58,15.375,0.001,7.97
01/06/2026 13:28,16.625,0.001,7.97
01/06/2026 13:28,16.625,0.001,7.97
01/06/2026 12:58,16,0.001,7.97
01/06/2026 12:28,16.625,0.001,7.97
01/06/2026 11:58,17.125,0.001,7.97
01/06/2026 11:28,16.75,0.001,7.96
01/06/2026 10:58,16.75,0.001,7.96
01/06/2026 10:28,16.625,0.001,7.96
01/06/2026 09:58,16.625,0.001,7.95
01/06/2026 09:28,16.375,0.001,7.95
01/06/2026 09:28,16.375,0.001,7.95
01/06/2026 08:58,16.375,0.001,7.95
01/06/2026 08:28,16.375,0.001,7.94
01/06/2026 07:58,16.25,0.001,7.94
01/06/2026 07:28,16.25,0.001,7.94
01/06/2026 06:58,16.125,0.001,7.94
01/06/2026 06:28,15.875,0.001,7.94
01/06/2026 05:58,16,0.001,7.94
01/06/2026 05:28,15.875,0.001,7.94
01/06/2026 04:58,15.875,0.001,7.94
01/06/2026 04:28,15.875,0.001,7.95
01/06/2026 03:58,15.75,0.001,7.95
01/06/2026 03:28,15.75,0.001,7.95
01/06/2026 02:58,16.625,0.001,7.95
01/06/2026 02:28,15.625,0.001,7.95
01/06/2026 01:58,15.625,0.001,7.95
01/06/2026 01:28,15.5,0.001,7.95
01/06/2026 00:58,15.375,0.001,7.96
01/06/2026 00:28,15.5,0.001,7.96
01/06/2026 00:28,15.5,0.001,7.96
31/05/2026 23:58,15.125,0.001,7.96
31/05/2026 23:28,15.25,0.001,7.96
31/05/2026 23:28,15.25,0.001,7.96
31/05/2026 22:58,15,0.001,7.96
31/05/2026 22:28,15,0.001,7.96
31/05/2026 21:58,14.875,0.001,7.96
31/05/2026 21:28,14.625,0.001,7.96
31/05/2026 20:58,14.375,0.001,7.97
31/05/2026 20:28,14.25,0.001,7.97
31/05/2026 20:28,14.25,0.001,7.97
31/05/2026 19:58,14,0.001,7.97
31/05/2026 19:58,14,0.001,7.97
31/05/2026 19:28,13.875,0.001,7.97
31/05/2026 18:58,13.875,0.001,7.97
31/05/2026 18:28,14.25,0.001,7.98
31/05/2026 17:58,14.5,0.001,7.98
31/05/2026 17:28,15.5,0.001,7.98
31/05/2026 16:58,14.75,0.001,7.98
31/05/2026 16:28,14.75,0.001,7.98
31/05/2026 15:58,15,0.001,7.97
31/05/2026 15:28,15.25,0.001,7.97
31/05/2026 14:58,15.25,0.001,7.97
31/05/2026 14:28,15.375,0.001,7.97
31/05/2026 13:58,15.625,0.001,7.97
31/05/2026 13:28,16,0.001,7.97
31/05/2026 12:58,16.625,0.001,7.97
31/05/2026 12:28,17,0.001,7.97
31/05/2026 11:58,17,0.001,7.96
31/05/2026 11:28,16.875,0.001,7.96
31/05/2026 10:58,16.75,0.001,7.96
31/05/2026 10:28,16.5,0.001,7.95
31/05/2026 09:58,16.5,0.001,7.95
31/05/2026 09:28,16.625,0.001,7.95
31/05/2026 08:58,16.375,0.001,7.94
31/05/2026 08:28,16.25,0.001,7.94
31/05/2026 07:58,16.25,0.001,7.94
31/05/2026 07:28,16.25,0.001,7.94
31/05/2026 07:28,16.25,0.001,7.94
31/05/2026 06:58,16.125,0.001,7.93
31/05/2026 06:28,16,0.001,7.94
31/05/2026 05:58,15.875,0.001,7.94
31/05/2026 05:28,16,0.001,7.94
31/05/2026 04:58,15.875,0.001,7.94
31/05/2026 04:28,15.875,0.001,7.94
31/05/2026 03:58,15.75,0.001,7.94
31/05/2026 03:28,16.625,0.001,7.95
31/05/2026 02:58,14.75,0.001,7.95
31/05/2026 02:28,14.75,0.001,7.95
31/05/2026 01:58,15.625,0.001,7.95
31/05/2026 01:28,15.5,0.001,7.95
31/05/2026 00:58,15.5,0.001,7.96
31/05/2026 00:28,15.5,0.001,7.95
30/05/2026 23:58,15.25,0.001,7.96
30/05/2026 23:28,15.125,0.001,7.96
30/05/2026 22:58,15,0.001,7.96
30/05/2026 22:28,15.125,0.001,7.96
30/05/2026 21:58,14.875,0.001,7.96
30/05/2026 21:28,14.875,0.001,7.96
30/05/2026 20:58,14.625,0.001,7.96
30/05/2026 20:28,14.5,0.001,7.96
30/05/2026 19:58,14.25,0.001,7.97
30/05/2026 19:28,14,0.001,7.97
30/05/2026 18:58,14.125,0.001,7.97
30/05/2026 18:28,14.5,0.001,7.97
30/05/2026 17:58,14.5,0.001,7.97
30/05/2026 17:28,14.875,0.001,7.97
30/05/2026 17:28,14.875,0.001,7.97
30/05/2026 16:58,15,0.001,7.97
30/05/2026 16:28,15,0.001,7.97
30/05/2026 15:58,15.25,0.001,7.97
30/05/2026 15:58,15.25,0.001,7.97
30/05/2026 15:28,15.125,0.001,7.97
30/05/2026 14:58,15.375,0.001,7.97
30/05/2026 14:28,15.5,0.001,7.97
30/05/2026 13:58,15.875,0.001,7.97
30/05/2026 13:28,16.375,0.001,7.97
30/05/2026 12:58,17.125,0.001,7.97
30/05/2026 12:28,17,0.001,7.96
30/05/2026 11:58,17,0.001,7.96
30/05/2026 11:28,16.75,0.001,7.95
30/05/2026 10:58,16.75,0.001,7.95
30/05/2026 10:28,16.625,0.001,7.95
30/05/2026 09:58,16.5,0.001,7.94
30/05/2026 09:28,16.5,0.001,7.94
30/05/2026 08:58,16.375,0.001,7.94
30/05/2026 08:28,16.5,0.001,7.93
30/05/2026 08:28,16.5,0.001,7.93
30/05/2026 07:58,16.375,0.001,7.93
30/05/2026 07:28,16.25,0.001,7.93
30/05/2026 06:58,16.125,0.001,7.93
30/05/2026 06:28,16.125,0.001,7.93
30/05/2026 05:58,16.125,0.001,7.93
30/05/2026 05:28,16,0.001,7.93
30/05/2026 04:58,16,0.001,7.93
30/05/2026 04:28,15.75,0.001,7.93
30/05/2026 03:58,15.875,0.001,7.93
30/05/2026 03:28,15.75,0.001,7.93
30/05/2026 02:58,14.75,0.001,7.93
30/05/2026 02:28,15.625,0.001,7.94
30/05/2026 01:58,15.625,0.001,7.94
30/05/2026 01:28,15.625,0.001,7.94
30/05/2026 00:58,15.5,0.001,7.94
30/05/2026 00:28,15.5,0.001,7.94
29/05/2026 23:58,15.375,0.001,7.94
29/05/2026 23:28,15.125,0.001,7.94
29/05/2026 23:28,15.125,0.001,7.94
29/05/2026 22:58,15,0.001,7.94
29/05/2026 22:28,15,0.001,7.94
29/05/2026 21:58,14.875,0.001,7.94
29/05/2026 21:28,15.625,0.001,7.94
29/05/2026 20:58,14.625,0.001,7.94
29/05/2026 20:28,14.375,0.001,7.95
29/05/2026 19:58,14.125,0.001,7.95
29/05/2026 19:28,13.875,0.001,7.95
29/05/2026 18:58,13.75,0.001,7.95
29/05/2026 18:28,13.875,0.001,7.95
29/05/2026 17:58,14,0.001,7.96
29/05/2026 17:28,14.375,0.001,7.96
29/05/2026 16:58,14.5,0.001,7.96
29/05/2026 16:28,13.75,0.001,7.95
29/05/2026 15:58,14.75,0.001,7.95
29/05/2026 15:28,15,0.001,7.95
29/05/2026 14:58,15.25,0.001,7.95
29/05/2026 14:28,15.375,0.001,7.95
29/05/2026 13:58,15.625,0.001,7.94
29/05/2026 13:28,16.125,0.001,7.94
29/05/2026 12:58,17,0.001,7.94
29/05/2026 12:28,17.125,0.001,7.94
29/05/2026 11:58,17,0.001,7.94
29/05/2026 11:28,16.75,0.001,7.93
29/05/2026 10:58,16.75,0.001,7.93
29/05/2026 10:28,16.75,0.001,7.92
29/05/2026 09:58,16.5,0.001,7.92
29/05/2026 09:28,16.5,0.001,7.91
29/05/2026 08:58,16.5,0.001,7.91
29/05/2026 08:28,16.5,0.001,7.91
29/05/2026 07:58,16.25,0.001,7.9
29/05/2026 07:28,16.25,0.001,7.9
29/05/2026 06:58,16.25,0.001,7.9
29/05/2026 06:28,16.25,0.001,7.9
29/05/2026 05:58,16.25,0.001,7.9
29/05/2026 05:28,16.125,0.001,7.9
29/05/2026 04:58,15.875,0.001,7.9
29/05/2026 04:28,15.875,0.001,7.9
29/05/2026 03:58,15.875,0.001,7.9
29/05/2026 03:28,15.875,0.001,7.9
29/05/2026 02:58,15.75,0.001,7.9
29/05/2026 02:28,15.625,0.001,7.9
29/05/2026 01:58,16.625,0.001,7.9
29/05/2026 01:28,14.75,0.001,7.9
29/05/2026 00:58,15.625,0.001,7.9
29/05/2026 00:58,15.625,0.001,7.9
29/05/2026 00:28,15.5,0.001,7.9
28/05/2026 23:58,15.5,0.001,7.9
28/05/2026 23:28,15.375,0.001,7.91
28/05/2026 22:58,15.25,0.001,7.9
28/05/2026 22:28,15.125,0.001,7.9
28/05/2026 21:58,15.125,0.001,7.91
28/05/2026 21:28,14.875,0.001,7.91
28/05/2026 20:58,14.75,0.001,7.91
28/05/2026 20:28,13.75,0.001,7.91
28/05/2026 19:58,14.625,0.001,7.91
28/05/2026 19:28,14.25,0.001,7.91
28/05/2026 18:58,14.125,0.001,7.91
28/05/2026 18:28,14.625,0.001,7.91
28/05/2026 17:58,14.625,0.001,7.91
28/05/2026 17:28,15.625,0.001,7.91
28/05/2026 16:58,15,0.001,7.9
28/05/2026 16:28,15.125,0.001,7.9
28/05/2026 15:58,15.125,0.001,7.9
28/05/2026 15:28,15.25,0.001,7.9
28/05/2026 14:58,15.375,0.001,7.9
28/05/2026 14:28,15.625,0.001,7.9
28/05/2026 13:58,15.75,0.001,7.9
28/05/2026 13:28,15.75,0.001,7.9
28/05/2026 12:58,15.875,0.001,7.91
28/05/2026 12:28,16.125,0.001,7.91
28/05/2026 11:58,16.5,0.001,7.93
28/05/2026 11:28,17.25,0.001,7.94
28/05/2026 10:58,17,0.001,7.95
28/05/2026 10:28,16.75,0.001,7.96
28/05/2026 10:28,16.75,0.001,7.96
28/05/2026 09:58,17.625,0.001,7.97
28/05/2026 09:28,16.625,0.001,7.97
28/05/2026 08:58,16.5,0.001,7.97
28/05/2026 08:28,16.5,0.001,7.96
28/05/2026 07:58,16.5,0.001,7.96
28/05/2026 07:28,16.375,0.001,7.96
28/05/2026 06:58,16.25,0.001,7.96
28/05/2026 06:28,16.25,0.001,7.96
28/05/2026 05:58,16.25,0.001,7.96
28/05/2026 05:28,16,0.001,7.96
28/05/2026 04:58,16.25,0.001,7.96
28/05/2026 04:28,16,0.001,7.96
28/05/2026 03:58,16,0.001,7.96
28/05/2026 03:28,16,0.001,7.96
28/05/2026 02:58,15.875,0.001,7.97
28/05/2026 02:28,15.875,0.001,7.97
28/05/2026 01:58,15.75,0.001,7.97
28/05/2026 01:28,15.625,0.001,7.97
28/05/2026 01:28,15.625,0.001,7.97
28/05/2026 00:58,16.625,0.001,7.97
28/05/2026 00:28,15.625,0.001,7.97
27/05/2026 23:58,15.5,0.001,7.97
27/05/2026 23:28,15.5,0.001,7.97
27/05/2026 22:58,15.375,0.001,7.98
27/05/2026 22:28,15.375,0.001,7.98
27/05/2026 21:58,15.125,0.001,7.98
27/05/2026 21:28,15,0.001,7.98
27/05/2026 20:58,14.875,0.001,7.98
27/05/2026 20:28,14.75,0.001,7.98
27/05/2026 20:28,14.75,0.001,7.98
27/05/2026 19:58,14.625,0.001,7.98
27/05/2026 19:28,14.5,0.001,7.98
27/05/2026 19:28,14.5,0.001,7.98
27/05/2026 18:58,14.25,0.001,7.99
27/05/2026 18:28,13.875,0.001,7.98
27/05/2026 17:58,13.75,0.001,7.98
27/05/2026 17:28,13.625,0.001,7.98
27/05/2026 16:58,13.75,0.001,7.98
27/05/2026 16:28,13.875,0.001,7.98
27/05/2026 15:58,14.125,0.001,7.98
27/05/2026 15:28,14.25,0.001,7.98
27/05/2026 14:58,14.375,0.001,7.98
27/05/2026 14:28,14.625,0.001,7.98
27/05/2026 13:58,14.875,0.001,7.98
27/05/2026 13:28,15.25,0.001,7.98
27/05/2026 12:58,15.875,0.001,7.99
27/05/2026 12:28,16.5,0.001,7.99
27/05/2026 11:58,17.375,0.001,7.99
27/05/2026 11:28,17.125,0.001,7.99
27/05/2026 10:58,17.125,0.001,7.98
27/05/2026 10:28,17,0.001,7.98
27/05/2026 09:58,16.875,0.001,7.98
27/05/2026 09:28,16.75,0.001,7.97
27/05/2026 08:58,16.625,0.001,7.97
27/05/2026 08:28,16.625,0.001,7.96
27/05/2026 07:58,16.5,0.001,7.96
27/05/2026 07:28,16.5,0.001,7.96
27/05/2026 07:28,16.5,0.001,7.96
27/05/2026 06:58,16.375,0.001,7.95
27/05/2026 06:28,16.375,0.001,7.96
27/05/2026 05:58,16.25,0.001,7.96
27/05/2026 05:58,16.25,0.001,7.96
27/05/2026 05:28,16.375,0.001,7.96
27/05/2026 04:58,16.25,0.001,7.96
27/05/2026 04:28,16.125,0.001,7.96
27/05/2026 03:58,16,0.001,7.96
27/05/2026 03:28,16.125,0.001,7.96
27/05/2026 02:58,16,0.001,7.96
27/05/2026 02:28,16,0.001,7.97
27/05/2026 01:58,15.75,0.001,7.97
27/05/2026 01:28,15.75,0.001,7.97
27/05/2026 00:58,14.75,0.001,7.97
27/05/2026 00:28,15.625,0.001,7.97
26/05/2026 23:58,16.625,0.001,7.97
26/05/2026 23:28,15.5,0.001,7.97
26/05/2026 22:58,15.5,0.001,7.97
26/05/2026 22:28,15.5,0.001,7.98
26/05/2026 21:58,15.25,0.001,7.98
26/05/2026 21:28,15.25,0.001,7.98
26/05/2026 20:58,15.125,0.001,7.98
26/05/2026 20:28,15.125,0.001,7.98
26/05/2026 19:58,14.875,0.001,7.98
26/05/2026 19:28,15.625,0.001,7.98
26/05/2026 19:28,15.625,0.001,7.98
26/05/2026 18:58,14.625,0.001,7.99
26/05/2026 18:28,14.375,0.001,7.98
26/05/2026 17:58,14.125,0.001,7.98
26/05/2026 17:58,14.125,0.001,7.98
26/05/2026 17:28,13.75,0.001,7.98
26/05/2026 16:58,13.625,0.001,7.98
26/05/2026 16:28,13.875,0.001,7.98
26/05/2026 15:58,14,0.001,7.98
26/05/2026 15:28,14.25,0.001,7.98
26/05/2026 14:58,14.375,0.001,7.98
26/05/2026 14:28,14.625,0.001,7.98
26/05/2026 13:58,14.875,0.001,7.98
26/05/2026 13:28,15.125,0.001,7.99
26/05/2026 12:58,15.75,0.001,7.99
26/05/2026 12:28,16.375,0.001,7.99
26/05/2026 11:58,17.25,0.001,7.99
26/05/2026 11:28,17.25,0.001,7.99
26/05/2026 10:58,17.25,0.001,7.99
26/05/2026 10:28,17.125,0.001,7.98
26/05/2026 09:58,17,0.001,7.98
26/05/2026 09:28,17,0.001,7.97
26/05/2026 09:28,17,0.001,7.97
26/05/2026 08:58,17,0.001,7.97
26/05/2026 08:28,16.75,0.001,7.97
26/05/2026 07:58,17.5,0.001,7.96
26/05/2026 07:28,16.5,0.001,7.96
26/05/2026 06:58,16.625,0.001,7.96
26/05/2026 06:28,16.5,0.001,7.96
26/05/2026 06:28,16.5,0.001,7.96
26/05/2026 05:58,16.5,0.001,7.96
26/05/2026 05:28,16.375,0.001,7.96
26/05/2026 04:58,16.375,0.001,7.96
26/05/2026 04:28,16.25,0.001,7.97
26/05/2026 03:58,16.25,0.001,7.97
26/05/2026 03:28,16.25,0.001,7.97
26/05/2026 02:58,16.25,0.001,7.97
26/05/2026 02:28,16.125,0.001,7.97
26/05/2026 01:58,16,0.001,7.97
26/05/2026 01:28,16.125,0.001,7.97
26/05/2026 00:58,16,0.001,7.97
26/05/2026 00:28,15.875,0.001,7.97
25/05/2026 23:58,15.75,0.001,7.98
25/05/2026 23:28,15.75,0.001,7.98
25/05/2026 22:58,14.75,0.001,7.98
25/05/2026 22:28,15.625,0.001,7.98
25/05/2026 21:58,14.75,0.001,7.98
25/05/2026 21:28,15.625,0.001,7.98
25/05/2026 20:58,15.375,0.001,7.98
25/05/2026 20:58,15.375,0.001,7.98
25/05/2026 20:28,15.375,0.001,7.99
25/05/2026 19:58,15.25,0.001,7.99
25/05/2026 19:28,15.125,0.001,7.99
25/05/2026 18:58,15.125,0.001,7.99
25/05/2026 18:28,14.75,0.001,7.99
25/05/2026 17:58,14.5,0.001,7.99
25/05/2026 17:28,14.125,0.001,7.99
25/05/2026 16:58,14.375,0.001,7.99
25/05/2026 16:28,14.375,0.001,7.99
25/05/2026 15:58,14.75,0.001,7.99
25/05/2026 15:28,15,0.001,7.99
25/05/2026 14:58,15,0.001,7.99
25/05/2026 14:28,15.375,0.001,7.99
25/05/2026 13:58,15.5,0.001,7.99
25/05/2026 13:28,15.5,0.001,7.99
25/05/2026 12:58,16,0.001,7.99
25/05/2026 12:28,16.625,0.001,7.99
25/05/2026 11:58,17.375,0.001,7.98
25/05/2026 11:28,17.25,0.001,7.98
25/05/2026 10:58,17.125,0.001,7.98
25/05/2026 10:28,17.125,0.001,7.97
25/05/2026 09:58,17.125,0.001,7.97
25/05/2026 09:28,16.875,0.001,7.96
25/05/2026 08:58,16.75,0.001,7.96
25/05/2026 08:28,16.75,0.001,7.96
25/05/2026 07:58,16.625,0.001,7.95
25/05/2026 07:28,16.625,0.001,7.95
25/05/2026 06:58,16.5,0.001,7.95
25/05/2026 06:28,16.5,0.001,7.95
25/05/2026 05:58,16.375,0.001,7.95
25/05/2026 05:28,16.375,0.001,7.95
25/05/2026 04:58,16.375,0.001,7.95
25/05/2026 04:28,16.375,0.001,7.96
25/05/2026 03:58,16.25,0.001,7.96
25/05/2026 03:28,16.25,0.001,7.96
25/05/2026 02:58,16.25,0.001,7.96
25/05/2026 02:28,16,0.001,7.96
25/05/2026 01:58,16.125,0.001,7.96
25/05/2026 01:28,15.875,0.001,7.96
25/05/2026 00:58,15.875,0.001,7.96
25/05/2026 00:28,15.75,0.001,7.97
24/05/2026 23:58,16.625,0.001,7.97
24/05/2026 23:28,15.625,0.001,7.97
24/05/2026 22:58,15.625,0.001,7.97
24/05/2026 22:28,15.5,0.001,7.97
24/05/2026 21:58,15.375,0.001,7.97
24/05/2026 21:28,15.25,0.001,7.98
24/05/2026 20:58,15.125,0.001,7.97
24/05/2026 20:28,15.125,0.001,7.98
24/05/2026 19:58,15,0.001,7.98
24/05/2026 19:28,14.75,0.001,7.98
24/05/2026 18:58,13.75,0.001,7.98
24/05/2026 18:28,14.375,0.001,7.98
24/05/2026 17:58,14.25,0.001,7.98
24/05/2026 17:28,13.875,0.001,7.98
24/05/2026 17:28,13.875,0.001,7.98
24/05/2026 16:58,14.625,0.001,7.97
24/05/2026 16:28,13.625,0.001,7.97
24/05/2026 15:58,13.875,0.001,7.97
24/05/2026 15:28,13.875,0.001,7.97
24/05/2026 14:58,14,0.001,7.97
24/05/2026 14:58,14,0.001,7.97
24/05/2026 14:28,14.25,0.001,7.97
24/05/2026 13:58,14.5,0.001,7.97
24/05/2026 13:28,14.875,0.001,7.97
24/05/2026 12:58,15.375,0.001,7.97
24/05/2026 12:28,15.875,0.001,7.97
24/05/2026 11:58,16.625,0.001,7.98
24/05/2026 11:28,17.5,0.001,7.98
24/05/2026 10:58,17.375,0.001,7.97
24/05/2026 10:28,17.25,0.001,7.97
24/05/2026 09:58,17.25,0.001,7.96
24/05/2026 09:28,17.125,0.001,7.96
24/05/2026 08:58,17,0.001,7.95
24/05/2026 08:28,16.875,0.001,7.95
24/05/2026 07:58,16.75,0.001,7.95
24/05/2026 07:28,16.75,0.001,7.94
24/05/2026 06:58,15.75,0.001,7.94
24/05/2026 06:28,16.625,0.001,7.94
24/05/2026 05:58,16.5,0.001,7.94
24/05/2026 05:28,16.5,0.001,7.94
24/05/2026 04:58,16.5,0.001,7.95
24/05/2026 04:28,16.5,0.001,7.95
24/05/2026 03:58,16.5,0.001,7.95
24/05/2026 03:28,16.375,0.001,7.95
24/05/2026 02:58,16.375,0.001,7.95
24/05/2026 02:58,16.375,0.001,7.95
24/05/2026 02:28,16.375,0.001,7.95
24/05/2026 01:58,16.25,0.001,7.95
24/05/2026 01:28,16.25,0.001,7.96
24/05/2026 00:58,16.125,0.001,7.96
24/05/2026 00:28,16,0.001,7.96
23/05/2026 23:58,16,0.001,7.96
23/05/2026 23:28,15.875,0.001,7.96
23/05/2026 22:58,15.875,0.001,7.96
23/05/2026 22:28,16.625,0.001,7.96
23/05/2026 21:58,16.625,0.001,7.96
23/05/2026 21:28,15.625,0.001,7.97
23/05/2026 20:58,15.5,0.001,7.97
23/05/2026 20:28,15.5,0.001,7.97
23/05/2026 19:58,15.375,0.001,7.97
23/05/2026 19:28,15.25,0.001,7.97
23/05/2026 18:58,15.25,0.001,7.97
23/05/2026 18:28,15,0.001,7.97
23/05/2026 17:58,15.625,0.001,7.97
23/05/2026 17:28,14.5,0.001,7.97
23/05/2026 16:58,14.125,0.001,7.97
23/05/2026 16:28,14.25,0.001,7.97
23/05/2026 15:58,14.5,0.001,7.97
23/05/2026 15:28,14.625,0.001,7.97
23/05/2026 14:58,14.75,0.001,7.96
23/05/2026 14:28,15,0.001,7.96
23/05/2026 13:58,15.25,0.001,7.96
23/05/2026 13:28,15.375,0.001,7.96
23/05/2026 12:58,15.625,0.001,7.96
23/05/2026 12:28,16.25,0.001,7.96
23/05/2026 11:58,16.875,0.001,7.96
23/05/2026 11:28,17.25,0.001,7.96
23/05/2026 10:58,17.375,0.001,7.96
23/05/2026 10:28,17.25,0.001,7.95
23/05/2026 09:58,17.125,0.001,7.95
23/05/2026 09:28,17.25,0.001,7.94
23/05/2026 08:58,17,0.001,7.94
23/05/2026 08:28,16.875,0.001,7.93
23/05/2026 07:58,17.625,0.001,7.93
23/05/2026 07:28,15.75,0.001,7.93
23/05/2026 06:58,17.625,0.001,7.93
23/05/2026 06:28,17.625,0.001,7.93
23/05/2026 05:58,16.5,0.001,7.93
23/05/2026 05:28,16.5,0.001,7.93
23/05/2026 04:58,16.5,0.001,7.93
23/05/2026 04:28,16.5,0.001,7.93
23/05/2026 03:58,16.375,0.001,7.93
23/05/2026 03:28,16.375,0.001,7.93
23/05/2026 02:58,16.375,0.001,7.93
23/05/2026 02:28,16.25,0.001,7.93
23/05/2026 01:58,16.125,0.001,7.93
23/05/2026 01:28,16.125,0.001,7.94
23/05/2026 00:58,15.875,0.001,7.94
23/05/2026 00:28,15.875,0.001,7.94
22/05/2026 23:58,15.875,0.001,7.94
22/05/2026 23:28,15.875,0.001,7.94
22/05/2026 22:58,14.75,0.001,7.94
22/05/2026 22:28,15.5,0.001,7.94
22/05/2026 21:58,15.5,0.001,7.94
22/05/2026 21:28,15.5,0.001,7.95
22/05/2026 20:58,15.375,0.001,7.94
22/05/2026 20:28,15.25,0.001,7.95
22/05/2026 19:58,15.25,0.001,7.95
22/05/2026 19:28,15.125,0.001,7.95
22/05/2026 18:58,14.75,0.001,7.95
22/05/2026 18:28,14.625,0.001,7.95
22/05/2026 17:58,14.5,0.001,7.95
22/05/2026 17:28,14.875,0.001,7.95
22/05/2026 16:58,15.25,0.001,7.95
22/05/2026 16:28,15.375,0.001,7.95
22/05/2026 15:58,15.5,0.001,7.95
22/05/2026 15:28,15.75,0.001,7.95
22/05/2026 14:58,16.25,0.001,7.95
22/05/2026 14:28,16.5,0.001,7.94
22/05/2026 13:58,16.5,0.001,7.94
22/05/2026 13:28,16.125,0.001,7.93
22/05/2026 12:58,16,0.001,7.93
22/05/2026 12:28,15.75,0.001,7.93
22/05/2026 11:58,15.625,0.001,7.92
22/05/2026 11:28,15.5,0.001,7.92
22/05/2026 10:58,15.25,0.001,7.92
22/05/2026 10:28,14.875,0.001,7.92
22/05/2026 09:58,15.375,0.001,7.92
22/05/2026 09:28,15.75,0.001,7.92
22/05/2026 08:58,16.5,0.001,7.93
22/05/2026 08:28,17.25,0.001,7.93
22/05/2026 07:58,17.375,0.001,7.93
22/05/2026 07:28,16.5,0.001,7.93
22/05/2026 06:58,16.375,0.001,7.93
22/05/2026 06:28,16.5,0.001,7.93
22/05/2026 05:58,16.375,0.001,7.93
22/05/2026 05:28,16.375,0.001,7.94
22/05/2026 04:58,16.375,0.001,7.93
22/05/2026 04:28,16.375,0.001,7.94
22/05/2026 03:58,16.125,0.001,7.94
22/05/2026 03:28,16,0.001,7.94
22/05/2026 02:58,16,0.001,7.94
22/05/2026 02:28,15.875,0.001,7.94
22/05/2026 01:58,15.875,0.001,7.94
22/05/2026 01:28,15.75,0.001,7.95
22/05/2026 00:58,14.75,0.001,7.95
22/05/2026 00:28,15.625,0.001,7.95
21/05/2026 23:58,15.625,0.001,7.95
21/05/2026 23:28,15.5,0.001,7.95
21/05/2026 22:58,15.5,0.001,7.95
21/05/2026 22:28,15.25,0.001,7.95
21/05/2026 21:58,15.25,0.001,7.95
21/05/2026 21:28,15.25,0.001,7.95
21/05/2026 20:58,15,0.001,7.96
21/05/2026 20:28,15,0.001,7.96
21/05/2026 19:58,14.75,0.001,7.96
21/05/2026 19:28,14.625,0.001,7.96
21/05/2026 18:58,14.375,0.001,7.96
21/05/2026 18:28,14,0.001,7.96
21/05/2026 17:58,13.75,0.001,7.96
21/05/2026 17:28,14.125,0.001,7.96
21/05/2026 17:28,14.125,0.001,7.96
21/05/2026 16:58,14.25,0.001,7.96
21/05/2026 16:28,14.375,0.001,7.96
21/05/2026 15:58,14.625,0.001,7.96
21/05/2026 15:28,14.875,0.001,7.96
21/05/2026 14:58,15,0.001,7.96
21/05/2026 14:28,15.375,0.001,7.96
21/05/2026 13:58,15.75,0.001,7.96
21/05/2026 13:28,16.375,0.001,7.96
21/05/2026 13:28,16.375,0.001,7.96
21/05/2026 12:58,17.25,0.001,7.96
21/05/2026 12:28,17.375,0.001,7.96
21/05/2026 11:58,17.25,0.001,7.96
21/05/2026 11:28,17.125,0.001,7.95
21/05/2026 10:58,17,0.001,7.95
21/05/2026 10:28,16.875,0.001,7.94
21/05/2026 09:58,16.875,0.001,7.94
21/05/2026 09:28,15.875,0.001,7.93
21/05/2026 08:58,17.625,0.001,7.93
21/05/2026 08:28,16.5,0.001,7.92
21/05/2026 07:58,16.5,0.001,7.92
21/05/2026 07:28,16.5,0.001,7.92
21/05/2026 06:58,16.375,0.001,7.92
21/05/2026 06:28,16.25,0.001,7.92
21/05/2026 05:58,16.25,0.001,7.92
21/05/2026 05:28,16.375,0.001,7.92
21/05/2026 04:58,16.25,0.001,7.92
21/05/2026 04:28,16.125,0.001,7.92
21/05/2026 03:58,16,0.001,7.92
21/05/2026 03:28,15.875,0.001,7.92
21/05/2026 02:58,15.875,0.001,7.92
21/05/2026 02:28,15.75,0.001,7.93
21/05/2026 01:58,15.75,0.001,7.93
21/05/2026 01:28,16.625,0.001,7.93
21/05/2026 00:58,15.625,0.001,7.93
21/05/2026 00:28,15.5,0.001,7.93
20/05/2026 23:58,15.5,0.001,7.93
20/05/2026 23:28,15.25,0.001,7.93
20/05/2026 22:58,15.375,0.001,7.93
20/05/2026 22:58,15.375,0.001,7.93
20/05/2026 22:28,15.125,0.001,7.94
20/05/2026 21:58,15.125,0.001,7.93
20/05/2026 21:28,14.875,0.001,7.94
20/05/2026 20:58,15.625,0.001,7.94
20/05/2026 20:28,14.625,0.001,7.94
20/05/2026 19:58,14.5,0.001,7.94
20/05/2026 19:28,14.25,0.001,7.94
20/05/2026 18:58,13.875,0.001,7.94
20/05/2026 18:28,13.875,0.001,7.94
20/05/2026 17:58,12.75,0.001,7.94
20/05/2026 17:28,13.375,0.001,7.94
20/05/2026 16:58,13.25,0.001,7.93
20/05/2026 16:28,13.375,0.001,7.93
20/05/2026 15:58,13.625,0.001,7.93
20/05/2026 15:28,13.625,0.001,7.93
20/05/2026 14:58,13.75,0.001,7.93
20/05/2026 14:28,13.875,0.001,7.93
20/05/2026 13:58,14.25,0.001,7.92
20/05/2026 13:28,14.25,0.001,7.92
20/05/2026 12:58,14.625,0.001,7.92
20/05/2026 12:28,14.75,0.001,7.92
20/05/2026 11:58,15.125,0.001,7.91
20/05/2026 11:28,15.625,0.001,7.92
20/05/2026 10:58,16.375,0.001,7.91
20/05/2026 10:28,16.375,0.001,7.91
20/05/2026 09:58,16.375,0.001,7.91
20/05/2026 09:28,16.375,0.001,7.9
20/05/2026 08:58,16.25,0.001,7.9
20/05/2026 08:28,16.125,0.001,7.89
20/05/2026 07:58,15.875,0.001,7.89
20/05/2026 07:28,15.875,0.001,7.89
20/05/2026 06:58,15.75,0.001,7.88
20/05/2026 06:28,15.75,0.001,7.88
20/05/2026 05:58,15.75,0.001,7.88
20/05/2026 05:28,15.625,0.001,7.89
20/05/2026 04:58,16.625,0.001,7.89
20/05/2026 04:28,15.75,0.001,7.89
20/05/2026 03:58,15.5,0.001,7.89
20/05/2026 03:28,15.5,0.001,7.89
20/05/2026 02:58,15.375,0.001,7.89
20/05/2026 02:28,15.25,0.001,7.89
20/05/2026 01:58,15.25,0.001,7.89
20/05/2026 01:28,15.125,0.001,7.89
20/05/2026 00:58,15,0.001,7.89
20/05/2026 00:28,14.875,0.001,7.89
19/05/2026 23:58,14.875,0.001,7.89
19/05/2026 23:28,13.75,0.001,7.89
19/05/2026 22:58,14.5,0.001,7.9
19/05/2026 22:28,14.375,0.001,7.89
19/05/2026 21:58,14.25,0.001,7.9
19/05/2026 21:28,14,0.001,7.9
19/05/2026 20:58,13.625,0.001,7.9
19/05/2026 20:28,13.5,0.001,7.9
19/05/2026 19:58,13.25,0.001,7.9
19/05/2026 19:28,13.375,0.001,7.9
19/05/2026 18:58,14.625,0.001,7.9
19/05/2026 18:28,14,0.001,7.91
19/05/2026 17:58,14.375,0.001,7.92
19/05/2026 17:28,14.625,0.001,7.92
19/05/2026 16:58,14.875,0.001,7.92
19/05/2026 16:58,14.875,0.001,7.92
19/05/2026 16:28,15.5,0.001,7.93
19/05/2026 15:58,15.875,0.001,7.94
19/05/2026 15:28,16.625,0.001,7.94
19/05/2026 14:58,16.375,0.001,7.94
19/05/2026 14:28,16.25,0.001,7.93
19/05/2026 13:58,16.25,0.001,7.93
19/05/2026 13:28,16,0.001,7.93
19/05/2026 12:58,15.75,0.001,7.93
19/05/2026 12:28,15.75,0.001,7.92
19/05/2026 11:58,15.625,0.001,7.91
19/05/2026 11:28,15.375,0.001,7.91
19/05/2026 10:58,15.375,0.001,7.91
19/05/2026 10:28,15.125,0.001,7.9
19/05/2026 09:58,15.25,0.001,7.9
19/05/2026 09:28,14.875,0.001,7.9
19/05/2026 08:58,14.875,0.001,7.89
19/05/2026 08:28,14.625,0.001,7.89
19/05/2026 07:58,14.5,0.001,7.89
19/05/2026 07:28,14.625,0.001,7.89
19/05/2026 06:58,15.25,0.001,7.89
19/05/2026 06:28,15.75,0.001,7.9
19/05/2026 05:58,16.625,0.001,7.9
19/05/2026 05:28,16.625,0.001,7.91
19/05/2026 04:58,16.5,0.001,7.9
19/05/2026 04:28,16.5,0.001,7.91
19/05/2026 03:58,16.375,0.001,7.91
19/05/2026 03:28,16.375,0.001,7.91
19/05/2026 02:58,16.375,0.001,7.91
19/05/2026 02:28,16.25,0.001,7.91
19/05/2026 01:58,16.375,0.001,7.91
19/05/2026 01:28,16.25,0.001,7.91
19/05/2026 00:58,16.125,0.001,7.91
19/05/2026 00:28,16.125,0.001,7.91
18/05/2026 23:58,16.125,0.001,7.91
18/05/2026 23:28,16,0.001,7.92
18/05/2026 22:58,16,0.001,7.92
18/05/2026 22:28,15.875,0.001,7.92
18/05/2026 21:58,15.75,0.001,7.92
18/05/2026 21:58,15.75,0.001,7.92
18/05/2026 21:28,15.875,0.001,7.92
18/05/2026 21:28,15.875,0.001,7.92
18/05/2026 20:58,15.75,0.001,7.93
18/05/2026 20:28,14.75,0.001,7.93
18/05/2026 19:58,16.625,0.001,7.93
18/05/2026 19:28,14.75,0.001,7.93
18/05/2026 18:58,15.5,0.001,7.93
18/05/2026 18:28,15.5,0.001,7.93
18/05/2026 17:58,15.375,0.001,7.93
18/05/2026 17:28,15.375,0.001,7.93
18/05/2026 16:58,15,0.001,7.92
18/05/2026 16:28,14.875,0.001,7.92
18/05/2026 15:58,14.625,0.001,7.92
18/05/2026 15:28,14.375,0.001,7.92
18/05/2026 14:58,14,0.001,7.92
18/05/2026 14:28,14,0.001,7.92
18/05/2026 13:58,14.625,0.001,7.93
18/05/2026 13:28,15,0.001,7.93
18/05/2026 12:58,15.5,0.001,7.93
18/05/2026 12:28,16,0.001,7.93
18/05/2026 11:58,16.5,0.001,7.94
18/05/2026 11:28,16.25,0.001,7.94
18/05/2026 10:58,16.25,0.001,7.94
18/05/2026 10:28,16.125,0.001,7.94
18/05/2026 09:58,16,0.001,7.94
18/05/2026 09:28,15.75,0.001,7.93
18/05/2026 08:58,15.75,0.001,7.93
18/05/2026 08:28,15.75,0.001,7.93
18/05/2026 07:58,15.75,0.001,7.93
18/05/2026 07:28,16.625,0.001,7.92
18/05/2026 06:58,15.75,0.001,7.92
18/05/2026 06:28,14.75,0.001,7.92
18/05/2026 05:58,15.75,0.001,7.93
18/05/2026 05:28,15.75,0.001,7.93
18/05/2026 04:58,15.875,0.001,7.93
18/05/2026 04:28,15.875,0.001,7.93
18/05/2026 03:58,15.75,0.001,7.94
18/05/2026 03:28,15.875,0.001,7.94
18/05/2026 02:58,15.875,0.001,7.94
18/05/2026 02:28,16,0.001,7.94
18/05/2026 01:58,15.75,0.001,7.95
18/05/2026 01:28,15.875,0.001,7.95
18/05/2026 00:58,15.75,0.001,7.95
18/05/2026 00:28,15.875,0.001,7.95
17/05/2026 23:58,16,0.001,7.96
17/05/2026 23:28,16.125,0.001,7.96
17/05/2026 22:58,16,0.001,7.96
17/05/2026 22:28,16,0.001,7.96
17/05/2026 21:58,16,0.001,7.97
17/05/2026 21:28,16.125,0.001,7.97
17/05/2026 20:58,16.125,0.001,7.97
17/05/2026 20:28,16,0.001,7.97
17/05/2026 19:58,16,0.001,7.98
17/05/2026 19:28,15.875,0.001,7.98
17/05/2026 18:58,15.875,0.001,7.98
17/05/2026 18:28,15.75,0.001,7.98
17/05/2026 17:58,14.875,0.001,7.98
17/05/2026 17:28,15.5,0.001,7.98
17/05/2026 16:58,15.375,0.001,7.97
17/05/2026 16:28,15,0.001,7.97
17/05/2026 15:58,13.75,0.001,7.96
17/05/2026 15:28,14.125,0.001,7.96
17/05/2026 14:58,13.75,0.001,7.95
17/05/2026 14:28,13.375,0.001,7.95
17/05/2026 13:58,13.625,0.001,7.95
17/05/2026 13:58,13.625,0.001,7.95
17/05/2026 13:28,14,0.001,7.95
17/05/2026 12:58,14.375,0.001,7.95
17/05/2026 12:28,14.875,0.001,7.95
17/05/2026 11:58,15.375,0.001,7.95
17/05/2026 11:28,15.875,0.001,7.95
17/05/2026 10:58,16.125,0.001,7.95
17/05/2026 10:28,15.875,0.001,7.94
17/05/2026 09:58,15.75,0.001,7.94
17/05/2026 09:28,15.5,0.001,7.93
17/05/2026 08:58,15.5,0.001,7.93
17/05/2026 08:28,15.25,0.001,7.92
17/05/2026 07:58,15.25,0.001,7.92
17/05/2026 07:28,15,0.001,7.92
17/05/2026 06:58,14.875,0.001,7.92
17/05/2026 06:28,14.75,0.001,7.92
17/05/2026 05:58,14.5,0.001,7.92
17/05/2026 05:28,14.375,0.001,7.92
17/05/2026 04:58,14.125,0.001,7.93
17/05/2026 04:58,14.125,0.001,7.93
17/05/2026 04:28,14.875,0.001,7.93
17/05/2026 03:58,15.5,0.001,7.94
17/05/2026 03:28,16.125,0.001,7.95
17/05/2026 02:58,16.125,0.001,7.95
17/05/2026 02:28,16,0.001,7.95
17/05/2026 01:58,16,0.001,7.95
17/05/2026 01:28,15.875,0.001,7.96
17/05/2026 00:58,15.75,0.001,7.96
17/05/2026 00:58,15.75,0.001,7.96
17/05/2026 00:28,15.75,0.001,7.96
16/05/2026 23:58,15.5,0.001,7.96
16/05/2026 23:28,15.375,0.001,7.96
16/05/2026 22:58,15.375,0.001,7.96
16/05/2026 22:28,15.25,0.001,7.96
16/05/2026 21:58,15.125,0.001,7.96
16/05/2026 21:28,14.875,0.001,7.97
16/05/2026 20:58,15.5,0.001,7.97
16/05/2026 20:28,14.5,0.001,7.97
16/05/2026 19:58,14.25,0.001,7.97
16/05/2026 19:28,14,0.001,7.97
16/05/2026 18:58,13.75,0.001,7.97
16/05/2026 18:28,14.125,0.001,7.98
16/05/2026 17:58,14.625,0.001,7.98
16/05/2026 17:28,15.25,0.001,7.99
16/05/2026 16:58,15.625,0.001,7.99
16/05/2026 16:28,15.5,0.001,7.98
16/05/2026 15:58,15.25,0.001,7.98
16/05/2026 15:28,15,0.001,7.97
16/05/2026 14:58,14.625,0.001,7.97
16/05/2026 14:28,14.125,0.001,7.97
16/05/2026 13:58,13.875,0.001,7.96
16/05/2026 13:28,13.875,0.001,7.96
16/05/2026 12:58,14.5,0.001,7.97
16/05/2026 12:28,14.875,0.001,7.97
16/05/2026 11:58,15.25,0.001,7.97
16/05/2026 11:28,15.75,0.001,7.97
16/05/2026 10:58,16.25,0.001,7.96
16/05/2026 10:28,16.25,0.001,7.96
16/05/2026 09:58,16.25,0.001,7.96
16/05/2026 09:28,15.875,0.001,7.95
16/05/2026 08:58,15.875,0.001,7.95
16/05/2026 08:28,16.625,0.001,7.94
16/05/2026 07:58,15.5,0.001,7.94
16/05/2026 07:28,15.5,0.001,7.94
16/05/2026 06:58,15.375,0.001,7.94
16/05/2026 06:28,15.25,0.001,7.94
16/05/2026 06:28,15.25,0.001,7.94
16/05/2026 05:58,15,0.001,7.94
16/05/2026 05:28,15.125,0.001,7.94
16/05/2026 04:58,14.875,0.001,7.94
16/05/2026 04:28,14.875,0.001,7.94
16/05/2026 03:58,14.75,0.001,7.95
16/05/2026 03:28,14.625,0.001,7.95
16/05/2026 02:58,14.375,0.001,7.95
16/05/2026 02:28,14.125,0.001,7.95
16/05/2026 01:58,14.5,0.001,7.96
16/05/2026 01:28,15.375,0.001,7.96
16/05/2026 00:58,15.875,0.001,7.97
16/05/2026 00:28,16.5,0.001,7.97
15/05/2026 23:58,16.5,0.001,7.97
15/05/2026 23:28,16.5,0.001,7.98
15/05/2026 22:58,16.375,0.001,7.98
15/05/2026 22:28,16.25,0.001,7.98
15/05/2026 21:58,16.25,0.001,7.98
15/05/2026 21:28,16.125,0.001,7.98
15/05/2026 20:58,16,0.001,7.98
15/05/2026 20:28,16,0.001,7.99
15/05/2026 19:58,15.875,0.001,7.99
15/05/2026 19:28,15.75,0.001,7.99
15/05/2026 18:58,15.625,0.001,7.99
15/05/2026 18:28,15.5,0.001,7.99
15/05/2026 17:58,15.375,0.001,7.99
15/05/2026 17:28,15,0.001,7.99
15/05/2026 16:58,15.625,0.001,7.99
15/05/2026 16:28,14.25,0.001,7.98
15/05/2026 15:58,14,0.001,7.98
15/05/2026 15:28,14.375,0.001,7.98
15/05/2026 14:58,15,0.001,7.98
15/05/2026 14:28,15.25,0.001,7.98
15/05/2026 13:58,15.75,0.001,7.98
15/05/2026 13:28,16.25,0.001,7.97
15/05/2026 12:58,16.125,0.001,7.97
15/05/2026 12:28,15.875,0.001,7.97
15/05/2026 11:58,15.75,0.001,7.96
15/05/2026 11:28,15.625,0.001,7.96
15/05/2026 10:58,15.5,0.001,7.96
15/05/2026 10:28,15.125,0.001,7.95
15/05/2026 09:58,15,0.001,7.95
15/05/2026 09:28,14.625,0.001,7.94
15/05/2026 08:58,14.375,0.001,7.94
15/05/2026 08:28,14.25,0.001,7.94
15/05/2026 08:28,14.25,0.001,7.94
15/05/2026 07:58,15,0.001,7.95
15/05/2026 07:28,14.75,0.001,7.95
15/05/2026 06:58,16.25,0.001,7.94
15/05/2026 06:28,16.125,0.001,7.95
15/05/2026 05:58,16.125,0.001,7.95
15/05/2026 05:28,16,0.001,7.95
15/05/2026 04:58,16,0.001,7.95
15/05/2026 04:28,16,0.001,7.95
15/05/2026 03:58,15.875,0.001,7.95
15/05/2026 03:28,15.875,0.001,7.96
15/05/2026 02:58,14.75,0.001,7.96
15/05/2026 02:28,15.75,0.001,7.96
15/05/2026 01:58,15.625,0.001,7.96
15/05/2026 01:28,15.625,0.001,7.96
15/05/2026 01:28,15.625,0.001,7.96
15/05/2026 00:58,15.5,0.001,7.96
15/05/2026 00:28,15.5,0.001,7.97
14/05/2026 23:58,15.375,0.001,7.97
14/05/2026 23:28,15.125,0.001,7.97
14/05/2026 22:58,15.125,0.001,7.97
14/05/2026 22:28,15,0.001,7.97
14/05/2026 21:58,14.75,0.001,7.98
14/05/2026 21:28,14.75,0.001,7.98
14/05/2026 20:58,14.375,0.001,7.98
14/05/2026 20:28,15.5,0.001,7.99
14/05/2026 20:28,15.5,0.001,7.99
14/05/2026 19:58,16.25,0.001,7.99
14/05/2026 19:28,16.25,0.001,7.99
14/05/2026 18:58,16.125,0.001,7.99
14/05/2026 18:28,16,0.001,7.99
14/05/2026 17:58,16.625,0.001,7.99
14/05/2026 17:28,15.5,0.001,7.99
14/05/2026 16:58,15.375,0.001,7.99
14/05/2026 16:28,15,0.001,7.99
14/05/2026 15:58,15.625,0.001,7.98
14/05/2026 15:58,15.625,0.001,7.98
14/05/2026 15:28,14.5,0.001,7.98
14/05/2026 14:58,14,0.001,7.98
14/05/2026 14:28,14,0.001,7.98
14/05/2026 13:58,14.5,0.001,7.98
14/05/2026 13:28,15.25,0.001,7.98
14/05/2026 12:58,15.75,0.001,7.97
14/05/2026 12:28,16.5,0.001,7.96
14/05/2026 11:58,16.375,0.001,7.96
14/05/2026 11:28,16.25,0.001,7.96
14/05/2026 10:58,16.125,0.001,7.96
14/05/2026 10:28,16,0.001,7.95
14/05/2026 09:58,16.125,0.001,7.95
14/05/2026 09:28,15.875,0.001,7.95
14/05/2026 09:28,15.875,0.001,7.95
14/05/2026 08:58,15.875,0.001,7.94
14/05/2026 08:28,15.75,0.001,7.94
14/05/2026 07:58,16.625,0.001,7.94
14/05/2026 07:28,15.75,0.001,7.93
14/05/2026 06:58,15.625,0.001,7.93
14/05/2026 06:28,15.625,0.001,7.94
14/05/2026 06:28,15.625,0.001,7.94
14/05/2026 05:58,15.625,0.001,7.94
14/05/2026 05:28,16.625,0.001,7.94
14/05/2026 04:58,14.75,0.001,7.94
14/05/2026 04:28,15.625,0.001,7.94
14/05/2026 03:58,16.625,0.001,7.95
14/05/2026 03:28,15.625,0.001,7.95
14/05/2026 02:58,15.625,0.001,7.95
14/05/2026 02:28,15.625,0.001,7.95
14/05/2026 01:58,15.625,0.001,7.95
14/05/2026 01:28,15.625,0.001,7.96
14/05/2026 00:58,15.5,0.001,7.96
14/05/2026 00:28,15.625,0.001,7.96
14/05/2026 00:28,15.625,0.001,7.96
13/05/2026 23:58,15.5,0.001,7.96
13/05/2026 23:28,15.5,0.001,7.96
13/05/2026 22:58,15.625,0.001,7.97
13/05/2026 22:28,15.375,0.001,7.97
13/05/2026 21:58,15.5,0.001,7.97
13/05/2026 21:28,15.375,0.001,7.97
13/05/2026 20:58,15.375,0.001,7.98
13/05/2026 20:58,15.375,0.001,7.98
13/05/2026 20:28,15.375,0.001,7.98
13/05/2026 19:58,15.125,0.001,7.98
13/05/2026 19:28,15.25,0.001,7.98
13/05/2026 18:58,15,0.001,7.98
13/05/2026 18:58,15,0.001,7.98
13/05/2026 18:28,14.875,0.001,7.98
13/05/2026 17:58,14.875,0.001,7.98
13/05/2026 17:28,14.5,0.001,7.98
13/05/2026 16:58,14.25,0.001,7.98
13/05/2026 16:28,13.75,0.001,7.98
13/05/2026 15:58,13.375,0.001,7.97
13/05/2026 15:28,13.75,0.001,7.97
13/05/2026 14:58,14.25,0.001,7.97
13/05/2026 14:28,14.625,0.001,7.97
13/05/2026 13:58,15.125,0.001,7.97
13/05/2026 13:28,15.625,0.001,7.97
13/05/2026 12:58,16.375,0.001,7.97
13/05/2026 12:28,16.25,0.001,7.96
13/05/2026 11:58,16.25,0.001,7.96
13/05/2026 11:28,16.125,0.001,7.95
13/05/2026 10:58,16,0.001,7.95
13/05/2026 10:28,16,0.001,7.95
13/05/2026 09:58,16,0.001,7.94
13/05/2026 09:28,15.875,0.001,7.93
13/05/2026 08:58,16.625,0.001,7.93
13/05/2026 08:28,16.625,0.001,7.93
13/05/2026 07:58,15.75,0.001,7.93
13/05/2026 07:28,15.625,0.001,7.92
13/05/2026 06:58,15.75,0.001,7.92
13/05/2026 06:28,14.75,0.001,7.92
13/05/2026 05:58,15.625,0.001,7.93
13/05/2026 05:28,15.625,0.001,7.93
13/05/2026 04:58,15.625,0.001,7.93
13/05/2026 04:28,15.625,0.001,7.93
13/05/2026 04:28,15.625,0.001,7.93
13/05/2026 03:58,15.625,0.001,7.93
13/05/2026 03:28,15.5,0.001,7.94
13/05/2026 02:58,15.5,0.001,7.94
13/05/2026 02:28,15.625,0.001,7.94
13/05/2026 01:58,16.5,0.001,7.94
13/05/2026 01:28,15.5,0.001,7.94
13/05/2026 00:58,15.5,0.001,7.94
13/05/2026 00:28,15.625,0.001,7.95
12/05/2026 23:58,15.5,0.001,7.95
12/05/2026 23:28,15.5,0.001,7.95
12/05/2026 22:58,15.5,0.001,7.95
12/05/2026 22:28,15.375,0.001,7.95
12/05/2026 21:58,15.375,0.001,7.96
12/05/2026 21:28,15.375,0.001,7.96
12/05/2026 20:58,15.375,0.001,7.96
12/05/2026 20:28,15.25,0.001,7.96
12/05/2026 19:58,15.125,0.001,7.96
12/05/2026 19:28,15.125,0.001,7.97
12/05/2026 18:58,15.125,0.001,7.97
12/05/2026 18:28,14.875,0.001,7.97
12/05/2026 18:28,14.875,0.001,7.97
12/05/2026 17:58,14.625,0.001,7.97
12/05/2026 17:28,14.5,0.001,7.96
12/05/2026 16:58,14.125,0.001,7.96
12/05/2026 16:28,13.875,0.001,7.96
12/05/2026 15:58,14.125,0.001,7.96
12/05/2026 15:28,14.5,0.001,7.96
12/05/2026 14:58,15,0.001,7.96
12/05/2026 14:28,15.625,0.001,7.96
12/05/2026 13:58,16.25,0.001,7.96
12/05/2026 13:28,16.375,0.001,7.95
12/05/2026 12:58,16.375,0.001,7.95
12/05/2026 12:28,16.25,0.001,7.94
12/05/2026 11:58,16.125,0.001,7.94
12/05/2026 11:28,16.125,0.001,7.94
12/05/2026 10:58,16,0.001,7.93
12/05/2026 10:28,16,0.001,7.93
12/05/2026 09:58,15.875,0.001,7.92
12/05/2026 09:28,15.875,0.001,7.92
12/05/2026 08:58,16,0.001,7.91
12/05/2026 08:28,15.875,0.001,7.91
12/05/2026 07:58,15.75,0.001,7.91
12/05/2026 07:28,15.875,0.001,7.9
12/05/2026 06:58,15.75,0.001,7.9
12/05/2026 06:28,15.75,0.001,7.9
12/05/2026 05:58,15.625,0.001,7.9
12/05/2026 05:28,15.75,0.001,7.9
12/05/2026 04:58,16.625,0.001,7.91
12/05/2026 04:28,15.75,0.001,7.91
12/05/2026 03:58,15.75,0.001,7.91
12/05/2026 03:28,14.75,0.001,7.91
12/05/2026 02:58,14.75,0.001,7.91
12/05/2026 02:28,14.75,0.001,7.91
12/05/2026 01:58,14.75,0.001,7.91
12/05/2026 01:28,14.75,0.001,7.92
12/05/2026 00:58,15.625,0.001,7.92
12/05/2026 00:28,16.625,0.001,7.92
11/05/2026 23:58,15.625,0.001,7.92
11/05/2026 23:28,15.75,0.001,7.92
11/05/2026 22:58,15.625,0.001,7.92
11/05/2026 22:28,15.625,0.001,7.93
11/05/2026 21:58,15.625,0.001,7.93
11/05/2026 21:28,15.625,0.001,7.93
11/05/2026 20:58,15.625,0.001,7.93
11/05/2026 20:28,14.75,0.001,7.93
11/05/2026 19:58,15.5,0.001,7.93
11/05/2026 19:28,15.5,0.001,7.93
11/05/2026 18:58,15.375,0.001,7.93
11/05/2026 18:28,15.375,0.001,7.94
11/05/2026 17:58,15.25,0.001,7.93
11/05/2026 17:28,15.125,0.001,7.93
11/05/2026 16:58,14.875,0.001,7.93
11/05/2026 16:28,14.75,0.001,7.92
11/05/2026 15:58,14.625,0.001,7.92
11/05/2026 15:28,14.5,0.001,7.92
11/05/2026 14:58,14.125,0.001,7.91
11/05/2026 14:28,13.75,0.001,7.91
11/05/2026 13:58,13.875,0.001,7.91
11/05/2026 13:28,14.625,0.001,7.91
11/05/2026 12:58,15.125,0.001,7.91
11/05/2026 12:58,15.125,0.001,7.91
11/05/2026 12:28,15.5,0.001,7.91
11/05/2026 11:58,16,0.001,7.92
11/05/2026 11:28,16,0.001,7.92
11/05/2026 10:58,15.875,0.001,7.92
11/05/2026 10:58,15.875,0.001,7.92
11/05/2026 10:28,15.75,0.001,7.92
11/05/2026 09:58,16.625,0.001,7.92
11/05/2026 09:28,15.75,0.001,7.92
11/05/2026 08:58,16.625,0.001,7.91
11/05/2026 08:28,15.5,0.001,7.91
11/05/2026 07:58,15.625,0.001,7.91
11/05/2026 07:28,15.5,0.001,7.91
11/05/2026 06:58,16.5,0.001,7.91
11/05/2026 06:28,15.625,0.001,7.91
11/05/2026 05:58,15.5,0.001,7.91
11/05/2026 05:28,15.5,0.001,7.91
11/05/2026 04:58,15.5,0.001,7.91
11/05/2026 04:28,15.625,0.001,7.92
11/05/2026 03:58,15.375,0.001,7.92
11/05/2026 03:28,15.375,0.001,7.92
11/05/2026 02:58,15.375,0.001,7.92
11/05/2026 02:28,15.5,0.001,7.92
11/05/2026 01:58,15.375,0.001,7.92
11/05/2026 01:28,15.375,0.001,7.92
11/05/2026 00:58,15.5,0.001,7.93
11/05/2026 00:28,15.25,0.001,7.93
10/05/2026 23:58,15.375,0.001,7.93
10/05/2026 23:28,15.25,0.001,7.93
10/05/2026 22:58,15.25,0.001,7.93
10/05/2026 22:28,15.25,0.001,7.93
10/05/2026 21:58,15.25,0.001,7.93
10/05/2026 21:28,15.125,0.001,7.93
10/05/2026 20:58,15.125,0.001,7.94
10/05/2026 20:28,15,0.001,7.94
10/05/2026 20:28,15,0.001,7.94
10/05/2026 19:58,15,0.001,7.94
10/05/2026 19:28,15,0.001,7.94
10/05/2026 18:58,14.875,0.001,7.94
10/05/2026 18:28,14.75,0.001,7.94
10/05/2026 17:58,14.625,0.001,7.94
10/05/2026 17:28,14.375,0.001,7.93
10/05/2026 16:58,14.25,0.001,7.93
10/05/2026 16:28,14.375,0.001,7.93
10/05/2026 15:58,14.875,0.001,7.93
10/05/2026 15:28,15.5,0.001,7.92
10/05/2026 14:58,16,0.001,7.92
10/05/2026 14:28,16.25,0.001,7.92
10/05/2026 14:10,16.5,0.001,7.92
10/05/2026 13:58,16.375,0.001,7.92
10/05/2026 13:58,16.375,0.001,7.92
10/05/2026 13:28,16.25,0.001,7.92
10/05/2026 12:58,16.125,0.001,7.91
10/05/2026 12:28,16.25,0.001,7.91
10/05/2026 11:58,16.25,0.001,7.91
10/05/2026 11:28,16.125,0.001,7.9
10/05/2026 10:58,15.875,0.001,7.9
10/05/2026 10:28,15.875,0.001,7.89
10/05/2026 09:58,15.875,0.001,7.9
10/05/2026 09:28,15.75,0.001,7.89
10/05/2026 08:58,15.875,0.001,7.89
10/05/2026 08:28,14.75,0.001,7.9
10/05/2026 07:58,15.75,0.001,7.89
10/05/2026 07:28,16.625,0.001,7.9
10/05/2026 06:58,15.625,0.001,7.9
10/05/2026 06:28,16.625,0.001,7.9
10/05/2026 05:58,15.625,0.001,7.9
10/05/2026 05:28,15.625,0.001,7.9
10/05/2026 04:58,15.625,0.001,7.91
10/05/2026 04:28,15.625,0.001,7.91
10/05/2026 04:28,15.625,0.001,7.91
10/05/2026 03:58,15.625,0.001,7.92
10/05/2026 03:28,15.625,0.001,7.92
10/05/2026 02:58,15.625,0.001,7.93
10/05/2026 02:28,15.625,0.001,7.93
10/05/2026 01:58,15.5,0.001,7.93
10/05/2026 01:28,15.5,0.001,7.93
10/05/2026 00:58,15.5,0.001,7.94
10/05/2026 00:28,15.5,0.001,7.94
09/05/2026 23:58,15.5,0.001,7.94
09/05/2026 23:28,15.5,0.001,7.94
09/05/2026 22:58,15.5,0.001,7.95
09/05/2026 22:28,15.5,0.001,7.95
09/05/2026 21:58,15.375,0.001,7.95
09/05/2026 21:28,15.375,0.001,7.95
09/05/2026 20:58,15.375,0.001,7.95
09/05/2026 20:28,15.25,0.001,7.95
09/05/2026 19:58,15.25,0.001,7.95
09/05/2026 19:28,15.125,0.001,7.94
09/05/2026 18:58,15.125,0.001,7.94
09/05/2026 18:28,15.125,0.001,7.94
09/05/2026 17:58,15.125,0.001,7.93
09/05/2026 17:43,15.5,0.001,7.93
09/05/2026 17:28,15.375,0.001,7.93
09/05/2026 16:58,15.25,0.001,7.93
09/05/2026 16:28,15.125,0.001,7.92
09/05/2026 15:58,14.5,0.001,7.91
09/05/2026 15:28,15,0.001,7.9
09/05/2026 14:58,15.625,0.001,7.88
09/05/2026 14:28,16.125,0.001,7.86
09/05/2026 13:58,16.25,0.001,7.84
09/05/2026 13:28,16.25,0.001,7.8
09/05/2026 12:58,16.25,0.001,7.75
09/05/2026 12:28,16.125,0.001,7.69
09/05/2026 11:58,16,0.001,7.6
09/05/2026 11:48,16.25,0.001,7.56
09/05/2026 11:28,16.25,0.001,7.45
09/05/2026 11:28,16.25,0.001,7.45
09/05/2026 10:58,16.25,0.001,7.25
09/05/2026 10:28,16.125,0.001,7.03
09/05/2026 09:58,16.125,0.001,6.86
09/05/2026 09:28,16,0.001,6.74
09/05/2026 08:58,15.875,0.001,6.67
09/05/2026 08:28,15.875,0.001,6.62
09/05/2026 07:58,15.75,0.001,6.61
09/05/2026 07:38,15.75,0.005,6.63
09/05/2026 07:28,15.5,0.002,7.82
09/05/2026 06:58,15.625,0.002,7.82
09/05/2026 06:28,15.375,0.002,7.82
09/05/2026 05:58,15.375,0.002,7.82
09/05/2026 05:28,15.5,0.002,7.82
09/05/2026 04:58,15.5,0.002,7.82
09/05/2026 04:28,15.5,0.002,7.82
09/05/2026 03:58,15.375,0.002,7.82
09/05/2026 03:28,15.5,0.002,7.83
09/05/2026 02:58,15.375,0.002,7.83
09/05/2026 02:28,15.375,0.002,7.83
09/05/2026 01:58,15.25,0.002,7.83
09/05/2026 01:28,15.375,0.002,7.84
09/05/2026 00:58,15.25,0.002,7.83
09/05/2026 00:28,15.125,0.002,7.83
08/05/2026 23:58,15.125,0.002,7.83
08/05/2026 23:28,15.125,0.002,7.83
08/05/2026 22:58,15.125,0.002,7.83
08/05/2026 22:28,15.125,0.002,7.83
08/05/2026 21:58,15,0.002,7.83
08/05/2026 21:28,14.875,0.002,7.84
08/05/2026 21:21,15.5,0.002,7.84
08/05/2026 20:58,15.25,0.002,7.84
08/05/2026 20:28,15.375,0.002,7.85
08/05/2026 19:58,15.125,0.002,7.85
08/05/2026 19:58,15.125,0.002,7.85
08/05/2026 19:28,15.125,0.002,7.84
08/05/2026 19:28,15.125,0.002,7.84
08/05/2026 18:58,15,0.002,7.82
08/05/2026 18:28,14.75,0.002,7.79
08/05/2026 18:03,14.5,0.002,7.76
08/05/2026 17:58,14.625,0.002,7.75
08/05/2026 17:28,15.125,0.002,7.7
08/05/2026 16:58,15.375,0.002,7.61
08/05/2026 16:38,15.875,0.002,7.52
08/05/2026 16:28,16,0.002,7.46
08/05/2026 15:58,15.75,0.002,7.24
08/05/2026 15:28,15.75,0.002,7.05
08/05/2026 14:58,15.375,0.002,6.93
08/05/2026 14:28,15.5,0.002,6.87
08/05/2026 13:58,16,0.002,6.86
08/05/2026 13:28,16.375,0.002,6.88
08/05/2026 12:58,16.625,0.003,6.95
08/05/2026 12:58,16.625,0.003,7.24
18/04/2026 20:28,15.75,0.002,7.99
18/04/2026 20:04,17,0.001,7.99
18/04/2026 19:58,17.375,0.001,8
18/04/2026 19:28,16.125,0.001,8
18/04/2026 19:28,16.125,0.001,8
18/04/2026 18:58,17.875,0.001,8
18/04/2026 18:28,16.5,0.001,8.01
18/04/2026 17:58,16.25,0.001,8.01
18/04/2026 17:50,15.875,0.001,8.01
18/04/2026 17:50,16.25,0.001,8.72
18/04/2026 17:50,16.5,0.001,8.01
18/04/2026 17:49,15.25,0.001,8.71
18/04/2026 10:55,16.125,0.001,7.96
18/04/2026 10:55,15,0.001,8.64
18/04/2026 10:51,17.25,0.001,7.96
18/04/2026 10:51,17.5,0.001,7.95
18/04/2026 10:51,17.75,0.001,8.64
18/04/2026 10:46,17.375,0.001,7.95
18/04/2026 10:45,17.375,0.001,7.96
18/04/2026 10:45,18.5,0.001,8.63
18/04/2026 10:41,14.125,0.001,7.95
18/04/2026 10:41,16.875,0.001,7.95
18/04/2026 10:35,18.5,0.001,7.95
18/04/2026 10:35,17.5,0.001,8.63
18/04/2026 10:32,17.375,0.001,7.95
18/04/2026 10:32,15,0.001,7.94
18/04/2026 10:32,17.625,0.001,7.96
18/04/2026 10:31,16,0.001,7.95
18/04/2026 10:31,15.875,0.001,8.63
18/04/2026 10:29,17.5,0.001,7.95
18/04/2026 10:25,15.875,0.001,7.95
18/04/2026 10:24,14.25,0.001,7.95
18/04/2026 10:22,16.125,0.001,7.95
18/04/2026 10:22,19.625,0.001,8.63
18/04/2026 10:17,15.625,0.001,7.95
18/04/2026 10:17,17.5,0.001,7.95
18/04/2026 10:16,15.625,0.001,7.95
18/04/2026 10:16,15,0.001,8.63
18/04/2026 10:10,17.625,0.001,7.95
18/04/2026 10:10,15.125,0.001,8.63
18/04/2026 10:05,16.25,0.001,7.95
18/04/2026 10:05,8.875,0.001,8.63
18/04/2026 10:03,13,0.001,7.95
18/04/2026 10:00,15.75,0.001,7.95
18/04/2026 09:58,15.875,0.001,7.94
18/04/2026 09:58,15.625,0.001,8.63
18/04/2026 09:57,14.25,0.001,7.94
18/04/2026 09:57,16.625,0.001,7.95
18/04/2026 09:57,13.875,0.001,7.94
18/04/2026 09:56,16.875,0.001,7.95
18/04/2026 09:54,17.5,0.001,7.95
18/04/2026 09:53,15.25,0.001,7.94
18/04/2026 09:53,14.25,0.001,8.62
18/04/2026 09:38,15.875,0.001,7.94
18/04/2026 09:28,14.375,0.001,7.94
18/04/2026 08:58,16.25,0.001,7.94
18/04/2026 08:53,15.625,0.001,7.93
18/04/2026 08:52,13.75,0.001,7.93
18/04/2026 08:48,15.5,0.001,7.94
18/04/2026 08:47,11,0.001,7.94
18/04/2026 08:28,14.875,0.001,7.94
18/04/2026 07:58,17.125,0.001,7.93
18/04/2026 07:28,15.875,0.001,7.93
18/04/2026 07:09,15.625,0.001,7.93
18/04/2026 07:05,14,0.001,7.93
18/04/2026 06:58,15.25,0.001,7.93
18/04/2026 06:28,15.75,0.001,7.93
18/04/2026 05:58,16,0.001,7.93
18/04/2026 05:43,16.625,0.001,7.93
18/04/2026 05:40,13.75,0.001,7.93
18/04/2026 05:28,16.625,0.001,7.93
18/04/2026 04:58,15,0.001,7.94
18/04/2026 04:51,15.875,0.001,7.94
18/04/2026 04:49,14.25,0.001,7.94
18/04/2026 04:28,16.375,0.001,7.94
18/04/2026 04:16,16.875,0.001,7.95
18/04/2026 03:58,16.625,0.001,7.95
18/04/2026 03:28,16.625,0.001,7.95
18/04/2026 02:58,16.5,0.001,7.95
18/04/2026 02:28,16.625,0.001,7.95
18/04/2026 01:58,16.625,0.001,7.96
18/04/2026 01:28,16.5,0.001,7.96
18/04/2026 00:58,17.625,0.001,7.96
18/04/2026 00:28,16.75,0.001,7.97
17/04/2026 23:58,16.875,0.001,7.97
17/04/2026 23:28,17,0.001,7.97
17/04/2026 22:58,17,0.001,7.98
17/04/2026 22:28,17.125,0.001,7.98
17/04/2026 21:58,17,0.001,7.98
17/04/2026 21:28,17.125,0.001,7.99
17/04/2026 20:58,17.125,0.001,7.99
17/04/2026 20:28,17.25,0.001,7.99
17/04/2026 19:58,17.25,0.001,8
17/04/2026 19:28,17.375,0.001,8
17/04/2026 18:58,17.375,0.001,8
17/04/2026 18:28,17.375,0.001,8.01
17/04/2026 17:58,17.375,0.001,8.01
17/04/2026 17:28,17.375,0.001,8
17/04/2026 17:28,17.375,0.001,8
17/04/2026 16:58,17.25,0.001,8
17/04/2026 16:28,17.25,0.001,8
17/04/2026 15:58,17.25,0.001,8
17/04/2026 15:28,17.25,0.001,7.99
17/04/2026 14:58,17.25,0.001,7.99
17/04/2026 14:28,17.125,0.001,7.99
17/04/2026 13:58,16.875,0.001,7.98
17/04/2026 13:28,17.125,0.001,7.98
17/04/2026 12:58,17,0.001,7.97
17/04/2026 12:28,16.875,0.001,7.97
17/04/2026 11:58,17,0.001,7.96
17/04/2026 11:28,17.625,0.001,7.96
17/04/2026 10:58,16.625,0.001,7.95
17/04/2026 10:28,16.625,0.001,7.95
17/04/2026 09:58,16.75,0.001,7.94
17/04/2026 09:28,16.5,0.001,7.94
17/04/2026 08:58,16.5,0.001,7.94
17/04/2026 08:28,16.5,0.001,7.93
17/04/2026 07:58,16.5,0.001,7.93
17/04/2026 07:28,16.375,0.001,7.93
17/04/2026 06:58,16.375,0.001,7.92
17/04/2026 06:28,16.375,0.001,7.92
17/04/2026 05:58,16.5,0.001,7.93
17/04/2026 05:28,16.375,0.001,7.93
17/04/2026 04:58,16.5,0.001,7.93
17/04/2026 04:28,16.5,0.001,7.93
17/04/2026 03:58,16.5,0.001,7.94
17/04/2026 03:28,16.5,0.001,7.94
17/04/2026 02:58,16.625,0.001,7.94
17/04/2026 02:28,16.5,0.001,7.94
17/04/2026 01:58,16.625,0.001,7.94
17/04/2026 01:28,16.625,0.001,7.95
17/04/2026 00:58,17.625,0.001,7.95
17/04/2026 00:28,16.75,0.001,7.95
16/04/2026 23:58,16.75,0.001,7.96
16/04/2026 23:28,16.75,0.001,7.96
16/04/2026 22:58,16.75,0.001,7.96
16/04/2026 22:28,17,0.001,7.97
16/04/2026 21:58,16.875,0.001,7.97
16/04/2026 21:28,17.125,0.001,7.97
16/04/2026 20:58,17.125,0.001,7.97
16/04/2026 20:28,17.25,0.001,7.98
16/04/2026 19:58,17.25,0.001,7.98
16/04/2026 19:28,17.25,0.001,7.98
16/04/2026 18:58,17.25,0.001,7.99
16/04/2026 18:28,17.375,0.001,7.99
16/04/2026 17:58,17.375,0.001,7.99
16/04/2026 17:28,17.375,0.001,7.99
16/04/2026 16:58,17.25,0.001,7.99
16/04/2026 16:28,17.25,0.001,7.98
16/04/2026 15:58,17.25,0.001,7.98
16/04/2026 15:28,17.25,0.001,7.98
16/04/2026 14:58,17.25,0.001,7.98
16/04/2026 14:28,17.125,0.001,7.97
16/04/2026 13:58,17.125,0.001,7.97
16/04/2026 13:28,17,0.001,7.96
16/04/2026 12:58,16.875,0.001,7.96
16/04/2026 12:28,16.875,0.001,7.95
16/04/2026 11:58,16.875,0.001,7.95
16/04/2026 11:28,16.75,0.001,7.94
16/04/2026 10:58,17.625,0.001,7.94
16/04/2026 10:28,16.75,0.001,7.94
16/04/2026 09:58,16.625,0.001,7.93
16/04/2026 09:28,16.625,0.001,7.93
16/04/2026 08:58,15.75,0.001,7.93
16/04/2026 08:28,17.625,0.001,7.92
16/04/2026 07:58,16.5,0.001,7.92
16/04/2026 07:28,16.5,0.001,7.91
16/04/2026 06:58,16.625,0.001,7.91
16/04/2026 06:28,16.5,0.001,7.91
16/04/2026 05:58,16.5,0.001,7.92
16/04/2026 05:28,15.75,0.001,7.92
16/04/2026 04:58,16.5,0.001,7.92
16/04/2026 04:28,17.625,0.001,7.92
16/04/2026 03:58,16.625,0.001,7.93
16/04/2026 03:58,16.625,0.001,7.93
16/04/2026 03:28,16.625,0.001,7.93
16/04/2026 02:58,15.75,0.001,7.93
16/04/2026 02:28,16.75,0.001,7.94
16/04/2026 01:58,17.5,0.001,7.94
16/04/2026 01:28,16.75,0.001,7.94
16/04/2026 00:58,16.75,0.001,7.94
16/04/2026 00:28,16.75,0.001,7.95
15/04/2026 23:58,16.875,0.001,7.95
15/04/2026 23:28,16.875,0.001,7.95
15/04/2026 22:58,16.875,0.001,7.96
15/04/2026 22:58,16.875,0.001,7.96
15/04/2026 22:28,17,0.001,7.96
15/04/2026 21:58,17.125,0.001,7.96
15/04/2026 21:28,17.25,0.001,7.96
15/04/2026 20:58,17.25,0.001,7.97
15/04/2026 20:28,17.25,0.001,7.97
15/04/2026 20:28,17.25,0.001,7.97
15/04/2026 19:58,17.25,0.001,7.98
15/04/2026 19:28,17.25,0.001,7.98
15/04/2026 18:58,17.5,0.001,7.98
15/04/2026 18:28,17.375,0.001,7.98
15/04/2026 18:28,17.375,0.001,7.98
15/04/2026 17:58,17.375,0.001,7.99
15/04/2026 17:28,17.375,0.001,7.99
15/04/2026 16:58,17.375,0.001,7.98
15/04/2026 16:28,17.375,0.001,7.98
15/04/2026 15:58,17.375,0.001,7.98
15/04/2026 15:28,17.25,0.001,7.97
15/04/2026 14:58,17.25,0.001,7.97
15/04/2026 14:28,17.125,0.001,7.96
15/04/2026 13:58,17.125,0.001,7.96
15/04/2026 13:28,17,0.001,7.96
15/04/2026 12:58,17,0.001,7.95
15/04/2026 12:28,16.875,0.001,7.95
15/04/2026 11:58,16.875,0.001,7.94
15/04/2026 11:28,16.75,0.001,7.94
15/04/2026 10:58,15.75,0.001,7.93
15/04/2026 10:28,16.625,0.001,7.93
15/04/2026 09:58,16.625,0.001,7.93
15/04/2026 09:28,15.75,0.001,7.92
15/04/2026 08:58,16.625,0.001,7.92
15/04/2026 08:28,16.5,0.001,7.91
15/04/2026 07:58,15.75,0.001,7.91
15/04/2026 07:28,16.5,0.001,7.91
15/04/2026 06:58,16.625,0.001,7.9
15/04/2026 06:28,16.625,0.001,7.9
15/04/2026 05:58,16.5,0.001,7.9
15/04/2026 05:28,16.625,0.001,7.91
15/04/2026 04:58,16.5,0.001,7.91
15/04/2026 04:28,16.75,0.001,7.91
15/04/2026 03:58,16.625,0.001,7.91
15/04/2026 03:28,15.75,0.001,7.92
15/04/2026 02:58,17.625,0.001,7.92
15/04/2026 02:28,16.875,0.001,7.92
15/04/2026 01:58,16.625,0.001,7.92
15/04/2026 01:28,16.75,0.001,7.93
15/04/2026 00:58,16.75,0.001,7.93
15/04/2026 00:28,16.75,0.001,7.93
15/04/2026 00:28,16.75,0.001,7.93
14/04/2026 23:58,16.875,0.001,7.94
14/04/2026 23:28,17,0.001,7.94
14/04/2026 22:58,17,0.001,7.94
14/04/2026 22:28,17,0.001,7.94
14/04/2026 21:58,17.125,0.001,7.95
14/04/2026 21:28,17.125,0.001,7.95
14/04/2026 20:58,17.25,0.001,7.95
14/04/2026 20:28,17.25,0.001,7.95
14/04/2026 19:58,17.25,0.001,7.96
14/04/2026 19:28,17.25,0.001,7.96
14/04/2026 18:58,17.5,0.001,7.97
14/04/2026 18:28,17.5,0.001,7.97
14/04/2026 17:58,17.5,0.001,7.97
14/04/2026 17:28,17.375,0.001,7.97
14/04/2026 16:58,17.375,0.001,7.97
14/04/2026 16:28,17.5,0.001,7.97
14/04/2026 15:58,17.375,0.001,7.98
14/04/2026 15:28,17.375,0.001,7.98
14/04/2026 14:58,17.25,0.001,7.99
14/04/2026 14:28,17.125,0.001,7.99
14/04/2026 13:58,16.875,0.001,7.98
14/04/2026 13:28,16.75,0.001,7.98
14/04/2026 12:58,16.75,0.001,7.97
14/04/2026 12:28,16.875,0.001,7.97
14/04/2026 11:58,16.625,0.001,7.96
14/04/2026 11:28,16.5,0.001,7.96
14/04/2026 10:58,16.5,0.001,7.95
14/04/2026 10:28,16.5,0.001,7.95
14/04/2026 09:58,16.375,0.001,7.95
14/04/2026 09:28,16.5,0.001,7.94
14/04/2026 08:58,16.5,0.001,7.93
14/04/2026 08:28,16.625,0.001,7.93
14/04/2026 07:58,16.375,0.001,7.93
14/04/2026 07:28,16.5,0.001,7.92
14/04/2026 06:58,16.625,0.001,7.92
14/04/2026 06:58,16.625,0.001,7.92
14/04/2026 06:28,16.375,0.001,7.92
14/04/2026 05:58,16.5,0.001,7.92
14/04/2026 05:28,16.375,0.001,7.93
14/04/2026 04:58,16.5,0.001,7.93
14/04/2026 04:28,16.5,0.001,7.93
14/04/2026 03:58,16.5,0.001,7.93
14/04/2026 03:28,16.5,0.001,7.94
14/04/2026 02:58,16.5,0.001,7.94
14/04/2026 02:28,16.5,0.001,7.94
14/04/2026 01:58,16.5,0.001,7.95
14/04/2026 01:28,16.5,0.001,7.95
14/04/2026 00:58,16.625,0.001,7.95
14/04/2026 00:28,16.375,0.001,7.95
13/04/2026 23:58,16.625,0.001,7.96
13/04/2026 23:28,16.5,0.001,7.96
13/04/2026 22:58,16.625,0.001,7.96
13/04/2026 22:28,16.5,0.001,7.96
13/04/2026 21:58,16.625,0.001,7.97
13/04/2026 21:28,16.625,0.001,7.97
13/04/2026 20:58,16.625,0.001,7.98
13/04/2026 20:28,16.75,0.001,7.98
13/04/2026 19:58,16.75,0.001,7.98
13/04/2026 19:58,16.75,0.001,7.98
13/04/2026 19:28,16.875,0.001,7.99
13/04/2026 18:58,17,0.001,7.99
13/04/2026 18:28,16.875,0.001,7.99
13/04/2026 17:58,16.875,0.001,7.99
13/04/2026 17:28,17,0.001,7.99
13/04/2026 16:58,16.875,0.001,7.99
13/04/2026 16:28,16.875,0.001,7.99
13/04/2026 15:58,16.875,0.001,7.99
13/04/2026 15:28,16.75,0.001,7.98
13/04/2026 14:58,16.875,0.001,7.98
13/04/2026 14:28,17.625,0.001,7.98
13/04/2026 13:58,16.625,0.001,7.98
13/04/2026 13:28,16.625,0.001,7.97
13/04/2026 12:58,16.625,0.001,7.97
13/04/2026 12:28,16.625,0.001,7.96
13/04/2026 11:58,16.375,0.001,7.96
13/04/2026 11:28,16.5,0.001,7.96
13/04/2026 10:58,16.5,0.001,7.95
13/04/2026 10:28,16.5,0.001,7.95
13/04/2026 09:58,16.5,0.001,7.94
13/04/2026 09:28,16.375,0.001,7.94
13/04/2026 08:58,16.625,0.001,7.93
13/04/2026 08:28,16.5,0.001,7.93
13/04/2026 07:58,16.5,0.001,7.93
13/04/2026 07:28,16.5,0.001,7.92
13/04/2026 06:58,16.5,0.001,7.92
13/04/2026 06:28,16.625,0.001,7.92
13/04/2026 05:58,16.5,0.001,7.92
13/04/2026 05:28,16.5,0.001,7.93
13/04/2026 04:58,16.625,0.001,7.93
13/04/2026 04:28,16.5,0.001,7.93
13/04/2026 03:58,16.625,0.001,7.94
13/04/2026 03:28,16.375,0.001,7.94
13/04/2026 02:58,16.625,0.001,7.94
13/04/2026 02:28,16.5,0.001,7.94
13/04/2026 01:58,16.625,0.001,7.94
13/04/2026 01:28,16.5,0.001,7.95
13/04/2026 00:58,16.625,0.001,7.95
13/04/2026 00:28,16.625,0.001,7.95
12/04/2026 23:58,16.5,0.001,7.96
12/04/2026 23:28,16.5,0.001,7.96
12/04/2026 22:58,16.625,0.001,7.96
12/04/2026 22:28,16.5,0.001,7.97
12/04/2026 21:58,16.75,0.001,7.97
12/04/2026 21:28,16.625,0.001,7.98
12/04/2026 20:58,16.625,0.001,7.98
12/04/2026 20:28,16.625,0.001,7.98
12/04/2026 19:58,16.875,0.001,7.99
12/04/2026 19:28,16.75,0.001,7.99
12/04/2026 18:58,16.875,0.001,7.99
12/04/2026 18:28,16.875,0.001,8
12/04/2026 17:58,16.875,0.001,8
12/04/2026 17:28,16.875,0.001,8
12/04/2026 16:58,17,0.001,7.99
12/04/2026 16:28,17,0.001,7.99
12/04/2026 15:58,16.875,0.001,7.99
12/04/2026 15:58,16.875,0.001,7.99
12/04/2026 15:28,16.875,0.001,7.98
12/04/2026 14:58,17,0.001,7.98
12/04/2026 14:28,16.875,0.001,7.98
12/04/2026 13:58,17,0.001,7.97
12/04/2026 13:28,16.875,0.001,7.97
12/04/2026 12:58,16.75,0.001,7.96
12/04/2026 12:28,15.875,0.001,7.96
12/04/2026 11:58,16.75,0.001,7.96
12/04/2026 11:28,16.625,0.001,7.95
12/04/2026 10:58,16.5,0.001,7.95
12/04/2026 10:28,15.75,0.001,7.95
12/04/2026 09:58,16.5,0.001,7.94
12/04/2026 09:28,16.625,0.001,7.94
12/04/2026 08:58,16.5,0.001,7.93
12/04/2026 08:28,16.5,0.001,7.93
12/04/2026 07:58,16.5,0.001,7.93
12/04/2026 07:28,16.5,0.001,7.92
12/04/2026 06:58,16.5,0.001,7.92
12/04/2026 06:28,16.5,0.001,7.93
12/04/2026 05:58,16.5,0.001,7.93
12/04/2026 05:28,16.625,0.001,7.93
12/04/2026 04:58,16.5,0.001,7.94
12/04/2026 04:28,16.5,0.001,7.94
12/04/2026 03:58,16.625,0.001,7.94
12/04/2026 03:28,16.5,0.001,7.94
12/04/2026 02:58,16.625,0.001,7.94
12/04/2026 02:28,15.75,0.001,7.95
12/04/2026 01:58,17.625,0.001,7.95
12/04/2026 01:28,16.75,0.001,7.95
12/04/2026 00:58,16.75,0.001,7.96
12/04/2026 00:28,16.75,0.001,7.96
11/04/2026 23:58,17.625,0.001,7.96
11/04/2026 23:28,16.875,0.001,7.96
11/04/2026 22:58,17,0.001,7.97
11/04/2026 22:28,17,0.001,7.97
11/04/2026 21:58,17,0.001,7.97
11/04/2026 21:28,17.125,0.001,7.98
11/04/2026 20:58,17,0.001,7.98
11/04/2026 20:28,17.25,0.001,7.98
11/04/2026 19:58,17.25,0.001,7.99
11/04/2026 19:28,17.25,0.001,7.99
11/04/2026 19:28,17.25,0.001,7.99
11/04/2026 18:58,17.25,0.001,7.99
11/04/2026 18:28,17.375,0.001,7.99
11/04/2026 17:58,17.25,0.001,8
11/04/2026 17:28,17.375,0.001,7.99
11/04/2026 16:58,17.25,0.001,7.99
11/04/2026 16:28,17.5,0.001,7.99
11/04/2026 15:58,17.375,0.001,7.98
11/04/2026 15:58,17.375,0.001,7.98
11/04/2026 15:28,17.25,0.001,7.98
11/04/2026 14:58,17.25,0.001,7.98
11/04/2026 14:28,17.25,0.001,7.97
11/04/2026 13:58,17.125,0.001,7.96
11/04/2026 13:28,17.125,0.001,7.96
11/04/2026 12:58,17,0.001,7.96
11/04/2026 12:58,17,0.001,7.96
11/04/2026 12:28,16.875,0.001,7.96
11/04/2026 11:58,16.75,0.001,7.95
11/04/2026 11:28,16.75,0.001,7.95
11/04/2026 10:58,16.75,0.001,7.95
11/04/2026 10:28,16.75,0.001,7.94
11/04/2026 09:58,15.75,0.001,7.94
11/04/2026 09:28,16.5,0.001,7.93
11/04/2026 08:58,17.625,0.001,7.93
11/04/2026 08:28,16.5,0.001,7.92
11/04/2026 07:58,16.5,0.001,7.92
11/04/2026 07:28,16.75,0.001,7.92
11/04/2026 06:58,16.625,0.001,7.92
11/04/2026 06:28,16.5,0.001,7.92
11/04/2026 05:58,16.5,0.001,7.92
11/04/2026 05:28,16.5,0.001,7.92
11/04/2026 04:58,16.5,0.001,7.93
11/04/2026 04:28,16.5,0.001,7.93
11/04/2026 03:58,16.5,0.001,7.93
11/04/2026 03:28,16.625,0.001,7.93
11/04/2026 02:58,16.625,0.001,7.93
11/04/2026 02:28,16.625,0.001,7.94
11/04/2026 01:58,16.625,0.001,7.94
11/04/2026 01:28,16.75,0.001,7.94
11/04/2026 00:58,15.75,0.001,7.94
11/04/2026 00:28,15.875,0.001,7.95
10/04/2026 23:58,15.875,0.001,7.95
10/04/2026 23:28,16.75,0.001,7.95
10/04/2026 22:58,17,0.001,7.95
10/04/2026 22:58,17,0.001,7.95
10/04/2026 22:28,16.875,0.001,7.96
10/04/2026 21:58,17,0.001,7.96
10/04/2026 21:28,17.125,0.001,7.96
10/04/2026 20:58,17.125,0.001,7.96
10/04/2026 20:28,17,0.001,7.97
10/04/2026 19:58,17.25,0.001,7.97
10/04/2026 19:28,17.375,0.001,7.97
10/04/2026 18:58,17.375,0.001,7.98
10/04/2026 18:28,17.375,0.001,7.98
10/04/2026 17:58,17.25,0.001,7.98
10/04/2026 17:28,17.25,0.001,7.97
10/04/2026 16:58,17.25,0.001,7.97
10/04/2026 16:28,17.375,0.001,7.97
10/04/2026 15:58,17.25,0.001,7.97
10/04/2026 15:28,17.25,0.001,7.97
10/04/2026 14:58,17.125,0.001,7.96
10/04/2026 14:28,17.125,0.001,7.96
10/04/2026 13:58,17.125,0.001,7.95
10/04/2026 13:28,16.875,0.001,7.95
10/04/2026 12:58,17,0.001,7.94
10/04/2026 12:28,16.875,0.001,7.94
10/04/2026 11:58,16.875,0.001,7.93
10/04/2026 11:28,16.75,0.001,7.93
10/04/2026 10:58,15.875,0.001,7.92
10/04/2026 10:28,16.75,0.001,7.92
10/04/2026 09:58,17.625,0.001,7.92
10/04/2026 09:28,16.75,0.001,7.92
10/04/2026 08:58,16.625,0.001,7.91
10/04/2026 08:28,16.625,0.001,7.91
10/04/2026 07:58,17.5,0.001,7.9
10/04/2026 07:28,16.75,0.001,7.9
10/04/2026 06:58,16.5,0.001,7.9
10/04/2026 06:28,16.625,0.001,7.91
10/04/2026 05:58,16.625,0.001,7.91
10/04/2026 05:28,16.5,0.001,7.91
10/04/2026 04:58,16.625,0.001,7.91
10/04/2026 04:28,16.625,0.001,7.91
10/04/2026 03:58,16.5,0.001,7.91
10/04/2026 03:28,16.625,0.001,7.91
10/04/2026 02:58,15.75,0.001,7.92
10/04/2026 02:28,16.625,0.001,7.92
10/04/2026 01:58,16.75,0.001,7.93
10/04/2026 01:28,16.625,0.001,7.93
10/04/2026 00:58,17.625,0.001,7.93
10/04/2026 00:28,17.625,0.001,7.94
09/04/2026 23:58,16.75,0.001,7.94
09/04/2026 23:28,16.875,0.001,7.95
09/04/2026 22:58,16.875,0.001,7.95
09/04/2026 22:28,16.875,0.001,7.96
09/04/2026 22:28,16.875,0.001,7.96
09/04/2026 21:58,16.875,0.001,7.96
09/04/2026 21:28,17,0.001,7.96
09/04/2026 20:58,17,0.001,7.96
09/04/2026 20:28,17.125,0.001,7.96
09/04/2026 19:58,17.125,0.001,7.97
09/04/2026 19:28,17.25,0.001,7.97
09/04/2026 18:58,17.25,0.001,7.98
09/04/2026 18:28,17.25,0.001,7.98
09/04/2026 17:58,17.375,0.001,7.98
09/04/2026 17:28,17.25,0.001,7.98
09/04/2026 16:58,17.375,0.001,7.98
09/04/2026 16:28,17.125,0.001,7.98
09/04/2026 15:58,17.125,0.001,7.97
09/04/2026 15:28,17.125,0.001,7.97
09/04/2026 14:58,17.125,0.001,7.96
09/04/2026 14:28,17.125,0.001,7.96
09/04/2026 13:58,16.875,0.001,7.96
09/04/2026 13:28,16.875,0.001,7.95
09/04/2026 13:28,16.875,0.001,7.95
09/04/2026 12:58,16.875,0.001,7.95
09/04/2026 12:28,16.875,0.001,7.95
09/04/2026 11:58,16.875,0.001,7.94
09/04/2026 11:28,16.75,0.001,7.94
09/04/2026 11:28,16.75,0.001,7.94
09/04/2026 10:58,16.75,0.001,7.93
09/04/2026 10:28,16.875,0.001,7.93
09/04/2026 09:58,17.5,0.001,7.92
09/04/2026 09:28,16.625,0.001,7.92
09/04/2026 08:58,16.75,0.001,7.91
09/04/2026 08:28,16.625,0.001,7.91
09/04/2026 08:28,16.625,0.001,7.91
09/04/2026 07:58,16.625,0.001,7.91
09/04/2026 07:28,16.625,0.001,7.9
09/04/2026 06:58,15.75,0.001,7.9
09/04/2026 06:28,16.5,0.001,7.9
09/04/2026 05:58,16.625,0.001,7.9
09/04/2026 05:28,16.625,0.001,7.9
09/04/2026 04:58,16.625,0.001,7.91
09/04/2026 04:28,15.75,0.001,7.91
09/04/2026 03:58,16.625,0.001,7.91
09/04/2026 03:28,16.5,0.001,7.91
09/04/2026 02:58,16.625,0.001,7.91
09/04/2026 02:28,16.625,0.001,7.92
09/04/2026 01:58,16.625,0.001,7.91
09/04/2026 01:28,16.625,0.001,7.92
09/04/2026 00:58,16.625,0.001,7.92
09/04/2026 00:28,15.75,0.001,7.92
08/04/2026 23:58,17.625,0.001,7.92
08/04/2026 23:28,16.625,0.001,7.93
08/04/2026 22:58,16.625,0.001,7.93
08/04/2026 22:28,17.5,0.001,7.93
08/04/2026 21:58,15.75,0.001,7.93
08/04/2026 21:28,16.5,0.001,7.93
08/04/2026 20:58,16.625,0.001,7.94
08/04/2026 20:28,16.625,0.001,7.94
08/04/2026 19:58,17.625,0.001,7.94
08/04/2026 19:28,16.625,0.001,7.94
08/04/2026 18:58,16.625,0.001,7.95
08/04/2026 18:28,16.625,0.001,7.95
08/04/2026 17:58,15.75,0.001,7.95
08/04/2026 17:28,16.75,0.001,7.94
08/04/2026 16:58,16.75,0.001,7.94
08/04/2026 16:28,16.875,0.001,7.94
08/04/2026 15:58,16.875,0.001,7.93
08/04/2026 15:28,17.625,0.001,7.93
08/04/2026 14:58,15.875,0.001,7.93
08/04/2026 14:28,16.75,0.001,7.92
08/04/2026 13:58,16.875,0.001,7.92
08/04/2026 13:28,16.75,0.001,7.91
08/04/2026 12:58,16.875,0.001,7.91
08/04/2026 12:28,15.75,0.001,7.9
08/04/2026 11:58,15.75,0.001,7.9
08/04/2026 11:28,16.875,0.001,7.9
08/04/2026 11:14,16.75,0.001,7.9
08/04/2026 11:06,17.25,0.001,7.9
08/04/2026 11:06,17.375,0.001,7.89
08/04/2026 11:01,16.75,0.001,7.9
08/04/2026 10:58,17.5,0.001,8.55
08/04/2026 10:28,17.5,0.001,8.54
08/04/2026 09:58,17.5,0.001,8.53
08/04/2026 09:28,17.5,0.001,8.52
08/04/2026 08:58,17.5,0.001,8.5
08/04/2026 08:48,17.375,0.001,8.5
08/04/2026 08:28,17.375,0.001,8.49
08/04/2026 07:58,17.375,0.001,8.48
08/04/2026 07:28,17.375,0.001,8.47
08/04/2026 06:58,17.375,0.001,8.46
08/04/2026 06:28,17.5,0.001,8.45
08/04/2026 05:58,17.375,0.001,8.44
08/04/2026 05:28,17.375,0.001,8.43
08/04/2026 04:58,17.375,0.001,8.45
08/04/2026 04:28,17.5,0.001,8.45
08/04/2026 03:58,17.5,0.001,8.45
08/04/2026 03:28,17.5,0.001,8.46
08/04/2026 02:58,17.375,0.001,8.45
08/04/2026 02:28,17.5,0.001,8.45
08/04/2026 01:58,17.5,0.001,8.46
08/04/2026 01:28,17.5,0.001,8.46
08/04/2026 00:58,17.5,0.001,8.46
08/04/2026 00:58,17.5,0.001,8.46
08/04/2026 00:28,17.625,0.001,8.46
07/04/2026 23:58,17.625,0.001,8.46
07/04/2026 23:28,16.75,0.001,8.46
07/04/2026 22:58,17.75,0.001,8.45
07/04/2026 22:28,17.75,0.002,8.45
07/04/2026 21:58,17.875,0.001,8.44
07/04/2026 21:28,17.75,0.001,8.42
07/04/2026 20:58,17.875,0.002,8.4
07/04/2026 20:28,17.875,0.002,8.36
07/04/2026 19:58,18,0.001,8.31
07/04/2026 19:28,18,0.002,8.24
07/04/2026 18:58,18.375,0.002,8.14
07/04/2026 18:28,18.25,0.002,8
07/04/2026 18:06,18.5,0.002,7.83
07/04/2026 17:58,18.5,0.002,7.75
07/04/2026 17:28,18.5,0.002,7.33
07/04/2026 16:58,18.5,0.002,6.9
07/04/2026 16:28,18.375,0.002,6.6
07/04/2026 16:15,17.75,0.002,6.53
07/04/2026 16:14,17.75,0.002,6.52
07/04/2026 16:08,18.5,0.002,6.49
07/04/2026 15:58,18.5,0.002,6.45
07/04/2026 15:43,18.5,0.002,6.43
26/01/2026 16:25,16,0.001,8.03
26/01/2026 15:55,16,0.001,8.03
26/01/2026 15:25,15.875,0.001,8.03
26/01/2026 14:55,16,0.001,8.02
26/01/2026 14:25,15.875,0.001,8.02
26/01/2026 13:55,15.75,0.001,8.02
26/01/2026 13:25,15.875,0.001,8.02
26/01/2026 12:55,15.75,0.001,8.01
26/01/2026 12:25,15.875,0.001,8.01
26/01/2026 11:55,14.75,0.001,8.01
26/01/2026 11:25,15.625,0.001,8
26/01/2026 11:25,15.625,0.001,8
26/01/2026 10:55,16.5,0.001,8
26/01/2026 10:55,16.5,0.001,8
26/01/2026 10:25,15.5,0.001,7.99
26/01/2026 09:55,15.5,0.001,7.99
26/01/2026 09:25,15.625,0.001,7.99
26/01/2026 08:55,15.5,0.001,7.98
26/01/2026 08:25,15.375,0.001,7.98
26/01/2026 07:55,15.375,0.001,7.97
26/01/2026 07:25,15.375,0.001,7.97
26/01/2026 06:55,15.375,0.001,7.96
26/01/2026 06:25,15.25,0.001,7.97
26/01/2026 05:55,15.25,0.001,7.97
26/01/2026 05:25,15.25,0.001,7.97
26/01/2026 04:55,15.375,0.001,7.97
26/01/2026 04:25,15.375,0.001,7.97
26/01/2026 03:55,15.375,0.001,7.97
26/01/2026 03:25,15.25,0.001,7.97
26/01/2026 02:55,15.25,0.001,7.98
26/01/2026 02:55,15.25,0.001,7.98
26/01/2026 02:25,15.25,0.001,7.98
26/01/2026 01:55,15.375,0.001,7.98
26/01/2026 01:25,15.25,0.001,7.98
26/01/2026 00:55,15.25,0.001,7.98
26/01/2026 00:25,15.125,0.001,7.99
25/01/2026 23:55,15.125,0.001,7.99
25/01/2026 23:25,15.25,0.001,7.99
25/01/2026 22:55,15.25,0.001,7.99
25/01/2026 22:25,15.25,0.001,7.99
25/01/2026 21:55,15.25,0.001,8
25/01/2026 21:55,15.25,0.001,8
25/01/2026 21:25,15.25,0.001,8
25/01/2026 20:55,15.125,0.001,8
25/01/2026 20:25,15.125,0.001,8.01
25/01/2026 19:55,15.125,0.001,8.01
25/01/2026 19:25,15.125,0.001,8.01
25/01/2026 18:55,15.125,0.001,8.01
25/01/2026 18:25,15.125,0.001,8.01
25/01/2026 17:55,15.25,0.001,8.02
25/01/2026 17:25,15.25,0.001,8.02
25/01/2026 16:55,15.25,0.001,8.01
25/01/2026 16:25,15.25,0.001,8.01
25/01/2026 15:55,15.25,0.001,8.01
25/01/2026 15:25,15.25,0.001,8.01
25/01/2026 14:55,15.125,0.001,8
25/01/2026 14:25,15.25,0.001,8
25/01/2026 13:55,15.125,0.001,8
25/01/2026 13:55,15.125,0.001,8
25/01/2026 13:25,15.125,0.001,7.99
25/01/2026 12:55,15.125,0.001,7.99
25/01/2026 12:25,15.125,0.001,7.99
25/01/2026 11:55,15,0.001,7.98
25/01/2026 11:25,15,0.001,7.98
25/01/2026 10:55,15,0.001,7.97
25/01/2026 10:25,15,0.001,7.97
25/01/2026 09:55,15,0.001,7.97
25/01/2026 09:25,15,0.001,7.96
25/01/2026 08:55,15,0.001,7.96
25/01/2026 08:25,15,0.001,7.95
25/01/2026 07:55,14.875,0.001,7.95
25/01/2026 07:25,14.875,0.001,7.95
25/01/2026 06:55,15,0.001,7.95
25/01/2026 06:25,14.875,0.001,7.94
25/01/2026 05:55,14.75,0.001,7.94
25/01/2026 05:25,14.875,0.001,7.95
25/01/2026 04:55,14.75,0.001,7.94
25/01/2026 04:25,14.875,0.001,7.95
25/01/2026 03:55,14.875,0.001,7.95
25/01/2026 03:25,14.875,0.001,7.95
25/01/2026 02:55,14.875,0.001,7.95
25/01/2026 02:25,14.875,0.001,7.95
25/01/2026 01:55,14.875,0.001,7.95
25/01/2026 01:25,14.875,0.001,7.95
25/01/2026 00:55,14.875,0.001,7.95
25/01/2026 00:25,15,0.001,7.95
24/01/2026 23:55,14.875,0.001,7.96
24/01/2026 23:25,14.875,0.001,7.96
24/01/2026 22:55,15,0.001,7.96
24/01/2026 22:25,15,0.001,7.96
24/01/2026 21:55,14.875,0.001,7.97
24/01/2026 21:25,14.875,0.001,7.97
24/01/2026 20:55,15,0.001,7.97
24/01/2026 20:25,15,0.001,7.97
24/01/2026 19:55,15,0.001,7.97
24/01/2026 19:25,15,0.001,7.98
24/01/2026 18:55,15,0.001,7.98
24/01/2026 18:25,15.125,0.001,7.98
24/01/2026 17:55,15.125,0.001,7.98
24/01/2026 17:25,15.125,0.001,7.98
24/01/2026 16:55,15.125,0.001,7.98
24/01/2026 16:25,15.125,0.001,7.98
24/01/2026 15:55,15.125,0.001,7.98
24/01/2026 15:25,15.125,0.001,7.98
24/01/2026 14:55,15.125,0.001,7.97
24/01/2026 14:25,15.125,0.001,7.97
24/01/2026 13:55,15.125,0.001,7.97
24/01/2026 13:25,15.125,0.001,7.96
24/01/2026 12:55,15.125,0.001,7.96
24/01/2026 12:25,15.125,0.001,7.96
24/01/2026 11:55,15.125,0.001,7.95
24/01/2026 11:25,15.125,0.001,7.95
24/01/2026 10:55,15.125,0.001,7.94
24/01/2026 10:25,15.125,0.001,7.94
24/01/2026 09:55,15.125,0.001,7.94
24/01/2026 09:25,15.25,0.001,7.93
24/01/2026 08:55,15.25,0.001,7.93
24/01/2026 08:25,15.125,0.001,7.93
24/01/2026 07:55,15.125,0.001,7.92
24/01/2026 07:25,15.125,0.001,7.92
24/01/2026 06:55,15.125,0.001,7.92
24/01/2026 06:25,15.25,0.001,7.92
24/01/2026 05:55,15.125,0.001,7.92
24/01/2026 05:25,15.25,0.001,7.92
24/01/2026 04:55,15.375,0.001,7.92
24/01/2026 04:25,15.375,0.001,7.93
24/01/2026 03:55,15.5,0.001,7.93
24/01/2026 03:25,15.375,0.001,7.93
24/01/2026 02:55,15.5,0.001,7.93
24/01/2026 02:25,15.5,0.001,7.93
24/01/2026 01:55,15.625,0.001,7.94
24/01/2026 01:55,15.625,0.001,7.94
24/01/2026 01:25,15.5,0.001,7.94
24/01/2026 01:25,15.5,0.001,7.94
24/01/2026 00:55,15.5,0.001,7.94
24/01/2026 00:25,15.5,0.001,7.94
23/01/2026 23:55,14.75,0.001,7.94
23/01/2026 23:25,15.625,0.001,7.95
23/01/2026 22:55,15.75,0.001,7.95
23/01/2026 22:25,15.75,0.001,7.95
23/01/2026 21:55,14.75,0.001,7.96
23/01/2026 21:25,15.75,0.001,7.96
23/01/2026 20:55,15.875,0.001,7.96
23/01/2026 20:25,15.875,0.001,7.96
23/01/2026 19:55,14.875,0.001,7.96
23/01/2026 19:25,16,0.001,7.96
23/01/2026 18:55,15.75,0.001,7.96
23/01/2026 18:25,15.875,0.001,7.97
23/01/2026 17:55,16,0.001,7.97
23/01/2026 17:55,16,0.001,7.97
23/01/2026 17:25,16,0.001,7.97
23/01/2026 16:55,16,0.001,7.97
23/01/2026 16:25,16,0.001,7.96
23/01/2026 15:55,16,0.001,7.97
23/01/2026 15:25,16,0.001,7.97
23/01/2026 14:55,15.875,0.001,7.98
23/01/2026 14:25,16,0.001,7.98
23/01/2026 13:59,16.25,0.001,7.99
23/01/2026 13:55,16,0.001,7.98
23/01/2026 13:25,15.875,0.001,7.98
23/01/2026 12:55,15.875,0.001,7.97
23/01/2026 12:25,15.75,0.001,7.97
23/01/2026 11:55,15.75,0.001,7.96
23/01/2026 11:25,15.75,0.001,7.96
23/01/2026 10:55,15.75,0.001,7.95
23/01/2026 10:25,15.625,0.001,7.95
23/01/2026 09:55,15.75,0.001,7.94
23/01/2026 09:25,14.75,0.001,7.94
23/01/2026 08:55,16,0.001,7.94
23/01/2026 08:25,15.875,0.001,7.94
23/01/2026 07:55,14.75,0.001,7.93
23/01/2026 07:25,15.625,0.001,7.93
23/01/2026 06:55,15.875,0.001,7.92
23/01/2026 06:25,14.75,0.001,7.93
23/01/2026 05:55,15.625,0.001,7.93
23/01/2026 05:25,15.75,0.001,7.93
23/01/2026 04:55,16.625,0.001,7.93
23/01/2026 04:25,15.625,0.001,7.94
23/01/2026 03:55,15.625,0.001,7.94
23/01/2026 03:25,15.875,0.001,7.94
23/01/2026 02:55,15.75,0.001,7.94
23/01/2026 02:25,15.75,0.001,7.94
23/01/2026 01:55,15.75,0.001,7.95
23/01/2026 01:25,14.75,0.001,7.95
23/01/2026 00:55,15.75,0.001,7.95
23/01/2026 00:25,15.75,0.001,7.95
23/01/2026 00:25,15.75,0.001,7.95
22/01/2026 23:55,15.75,0.001,7.96
22/01/2026 23:25,15.75,0.001,7.96
22/01/2026 22:55,15.75,0.001,7.96
22/01/2026 22:25,15.75,0.001,7.96
22/01/2026 21:55,15.75,0.001,7.97
22/01/2026 21:25,15.75,0.001,7.97
22/01/2026 20:55,15.875,0.001,7.97
22/01/2026 20:25,15.875,0.001,7.97
22/01/2026 20:19,15.875,0.001,7.97
22/01/2026 20:15,16.125,0.001,7.97
22/01/2026 20:15,16,0.001,8.66
22/01/2026 19:55,15.875,0.001,7.97
22/01/2026 19:25,15.875,0.001,7.98
22/01/2026 18:55,16,0.001,7.98
22/01/2026 18:25,16,0.001,7.99
22/01/2026 17:55,16,0.001,7.99
22/01/2026 17:25,16.125,0.001,7.99
22/01/2026 16:55,16.25,0.001,7.98
22/01/2026 16:25,16.25,0.001,7.98
22/01/2026 15:55,16.125,0.001,7.97
22/01/2026 15:25,16.125,0.001,7.97
22/01/2026 15:10,16.25,0.001,7.96
22/01/2026 12:55,16,0.001,7.89
22/01/2026 12:25,16,0.001,7.86
22/01/2026 11:55,15.875,0.001,7.8
22/01/2026 11:25,16.25,0.001,7.69
22/01/2026 10:55,16.125,0.001,7.45
22/01/2026 10:25,16.125,0.001,7
22/01/2026 09:55,16.125,0.001,6.58
22/01/2026 09:25,15.875,0.001,6.4
22/01/2026 08:55,16.125,0.001,8.01
22/01/2026 08:25,15.875,0.001,8.01
22/01/2026 07:55,15.875,0.001,8.01
22/01/2026 07:25,15.875,0.001,8
22/01/2026 06:55,15.875,0.001,8
22/01/2026 06:25,15.875,0.001,8
22/01/2026 05:55,16,0.001,8
22/01/2026 05:25,15.75,0.001,8
22/01/2026 04:55,15.75,0.001,8
22/01/2026 04:25,15.875,0.001,8.01
22/01/2026 03:55,16,0.001,8.01
22/01/2026 03:25,15.875,0.001,8.01
22/01/2026 02:55,15.875,0.001,8.01
22/01/2026 02:25,15.75,0.001,8.01
22/01/2026 01:55,16,0.001,8.01
22/01/2026 01:25,16,0.001,8.02
22/01/2026 00:55,16,0.001,8.02
22/01/2026 00:25,15.75,0.001,8.02
21/01/2026 23:55,16,0.001,8.02
21/01/2026 23:25,15.875,0.001,8.02
21/01/2026 22:55,16,0.001,8.03
21/01/2026 22:25,16,0.001,8.03
21/01/2026 21:55,15.875,0.001,8.03
21/01/2026 21:25,16,0.001,8.03
21/01/2026 20:55,16.25,0.001,8.04
21/01/2026 20:25,16.25,0.001,8.04
21/01/2026 19:55,16.125,0.001,8.04
21/01/2026 19:25,16.25,0.001,8.04
21/01/2026 18:55,16.25,0.001,8.05
21/01/2026 18:25,16.25,0.001,8.05
21/01/2026 17:55,16.375,0.001,8.05
21/01/2026 17:25,16.625,0.001,8.05
21/01/2026 16:55,16.5,0.001,8.05
21/01/2026 16:25,16.5,0.001,8.05
21/01/2026 15:55,16.25,0.001,8.05
21/01/2026 15:25,15.75,0.001,8.05
21/01/2026 14:55,16.625,0.001,8.05
21/01/2026 14:25,16.625,0.001,8.05
21/01/2026 13:55,16.5,0.001,8.04
21/01/2026 13:25,16.375,0.001,8.04
21/01/2026 12:55,16.25,0.001,8.04
21/01/2026 12:25,16.125,0.001,8.03
21/01/2026 11:55,16,0.001,8.03
21/01/2026 11:55,16,0.001,8.03
21/01/2026 11:25,15.75,0.001,8.02
21/01/2026 10:55,14.75,0.001,8.02
21/01/2026 10:25,15.5,0.001,8.02
21/01/2026 09:55,15.5,0.001,8.01
21/01/2026 09:25,15.375,0.001,8.01
21/01/2026 08:55,15.5,0.001,8
21/01/2026 08:25,15.25,0.001,8
21/01/2026 07:55,15.25,0.001,8
21/01/2026 07:25,15.125,0.001,7.99
21/01/2026 06:55,14.875,0.001,7.99
21/01/2026 06:55,14.875,0.001,7.99
21/01/2026 06:25,15.125,0.001,7.99
21/01/2026 05:55,15.125,0.001,7.99
21/01/2026 05:25,15,0.001,7.99
21/01/2026 04:55,15,0.001,8
21/01/2026 04:25,15.125,0.001,8
21/01/2026 03:55,15.125,0.001,8
21/01/2026 03:25,15.125,0.001,8
21/01/2026 02:55,15.125,0.001,8
21/01/2026 02:25,15.125,0.001,8
21/01/2026 01:55,15.375,0.001,8.01
21/01/2026 01:25,15.5,0.001,8.01
21/01/2026 00:55,15.375,0.001,8.01
21/01/2026 00:25,15.5,0.001,8.01
20/01/2026 23:55,15.375,0.001,8.01
20/01/2026 23:25,15.5,0.001,8.02
20/01/2026 22:55,15.5,0.001,8.02
20/01/2026 22:25,15.625,0.001,8.02
20/01/2026 21:55,16.625,0.001,8.02
20/01/2026 21:25,14.75,0.001,8.03
20/01/2026 20:55,14.75,0.001,8.03
20/01/2026 20:25,15.75,0.001,8.03
20/01/2026 20:25,15.75,0.001,8.03
20/01/2026 19:55,15.75,0.001,8.03
20/01/2026 19:25,15.875,0.001,8.03
20/01/2026 18:55,15.875,0.001,8.04
20/01/2026 18:25,15.875,0.001,8.04
20/01/2026 18:25,15.875,0.001,8.04
20/01/2026 17:55,16,0.001,8.04
20/01/2026 17:25,15.875,0.001,8.04
20/01/2026 16:55,15.75,0.001,8.04
20/01/2026 16:25,15.75,0.001,8.04
20/01/2026 15:55,15.75,0.001,8.03
20/01/2026 15:25,15.5,0.001,8.03
20/01/2026 14:55,15.5,0.001,8.03
20/01/2026 14:25,15.375,0.001,8.03
20/01/2026 13:55,15.125,0.001,8.02
20/01/2026 13:25,15,0.001,8.02
20/01/2026 12:55,14.875,0.001,8.02
20/01/2026 12:25,14.875,0.001,8.01
20/01/2026 11:55,14.75,0.001,8.01
20/01/2026 11:25,14.75,0.001,8.01
20/01/2026 10:55,15.125,0.001,8.02
20/01/2026 10:25,15,0.001,8.01
20/01/2026 10:25,15,0.001,8.01
20/01/2026 09:55,15.125,0.001,8.01
20/01/2026 09:25,15.25,0.001,8.01
20/01/2026 08:55,15.125,0.001,8.01
20/01/2026 08:25,15.125,0.001,8
20/01/2026 07:55,15.125,0.001,8
20/01/2026 07:25,15.125,0.001,8
20/01/2026 06:55,15,0.001,8
20/01/2026 06:25,15,0.001,8
20/01/2026 05:55,15.125,0.001,8
20/01/2026 05:25,15.125,0.001,8
20/01/2026 04:55,15.125,0.001,8
20/01/2026 04:25,15.25,0.001,8
20/01/2026 03:55,15.375,0.001,8
20/01/2026 03:25,15.375,0.001,8.01
20/01/2026 02:55,15.375,0.001,8.01
20/01/2026 02:25,15.375,0.001,8.01
20/01/2026 01:55,15.625,0.001,8.01
20/01/2026 01:55,15.625,0.001,8.01
20/01/2026 01:25,15.625,0.001,8.01
20/01/2026 00:55,15.625,0.001,8.02
20/01/2026 00:25,15.625,0.001,8.02
19/01/2026 23:55,16.625,0.001,8.02
19/01/2026 23:25,14.75,0.001,8.02
19/01/2026 22:55,15.875,0.001,8.02
19/01/2026 22:25,15.875,0.001,8.03
19/01/2026 21:55,15.875,0.001,8.03
19/01/2026 21:25,16,0.001,8.03
19/01/2026 20:55,16.125,0.001,8.03
19/01/2026 20:25,15.875,0.001,8.04
19/01/2026 19:55,16.125,0.001,8.04
19/01/2026 19:25,16.125,0.001,8.04
19/01/2026 19:25,16.125,0.001,8.04
19/01/2026 18:55,16.125,0.001,8.05
19/01/2026 18:25,16.125,0.001,8.05
19/01/2026 17:55,16.375,0.001,8.05
19/01/2026 17:25,16.25,0.001,8.05
19/01/2026 17:25,16.25,0.001,8.05
19/01/2026 16:55,16,0.001,8.05
19/01/2026 16:25,16.125,0.001,8.04
19/01/2026 15:55,16,0.001,8.04
19/01/2026 15:25,15.875,0.001,8.04
19/01/2026 14:55,15.75,0.001,8.03
19/01/2026 14:25,14.75,0.001,8.03
19/01/2026 13:55,15.5,0.001,8.03
19/01/2026 13:25,15.375,0.001,8.02
19/01/2026 12:55,15.125,0.001,8.02
19/01/2026 12:25,15,0.001,8.02
19/01/2026 11:55,15,0.001,8.01
19/01/2026 11:25,14.875,0.001,8.01
19/01/2026 10:55,14.875,0.001,8.01
19/01/2026 10:25,14.75,0.001,8
19/01/2026 09:55,14.75,0.001,8
19/01/2026 09:25,14.75,0.001,8
19/01/2026 08:55,14.875,0.001,8
19/01/2026 08:25,14.875,0.001,8
19/01/2026 07:55,14.75,0.001,8
19/01/2026 07:25,14.75,0.001,8
19/01/2026 06:55,13.75,0.001,7.99
19/01/2026 06:25,13.75,0.001,7.99
19/01/2026 05:55,14.75,0.001,8
19/01/2026 05:25,13.75,0.001,8
19/01/2026 04:55,14.75,0.001,8
19/01/2026 04:25,14.75,0.001,8
19/01/2026 03:55,14.875,0.001,8
19/01/2026 03:25,14.875,0.001,8
19/01/2026 02:55,14.75,0.001,8.01
19/01/2026 02:25,15,0.001,8.01
19/01/2026 01:55,14.875,0.001,8.01
19/01/2026 01:25,15,0.001,8.01
19/01/2026 00:55,15,0.001,8.02
19/01/2026 00:25,15,0.001,8.02
18/01/2026 23:55,14.875,0.001,8.02
18/01/2026 23:25,15,0.001,8.02
18/01/2026 22:55,15,0.001,8.03
18/01/2026 22:55,15,0.001,8.03
18/01/2026 22:25,14.875,0.001,8.03
18/01/2026 21:55,15,0.001,8.03
18/01/2026 21:25,15,0.001,8.03
18/01/2026 20:55,15,0.001,8.04
18/01/2026 20:25,14.875,0.001,8.04
18/01/2026 19:55,15,0.001,8.04
18/01/2026 19:55,15,0.001,8.04
18/01/2026 19:25,15,0.001,8.04
18/01/2026 18:55,15,0.001,8.05
18/01/2026 18:25,15,0.001,8.05
18/01/2026 17:55,15,0.001,8.05
18/01/2026 17:25,15.125,0.001,8.05
18/01/2026 16:55,15,0.001,8.05
18/01/2026 16:25,15,0.001,8.05
18/01/2026 15:55,15.125,0.001,8.05
18/01/2026 15:25,15.125,0.001,8.05
18/01/2026 14:55,15,0.001,8.04
18/01/2026 14:25,15,0.001,8.04
18/01/2026 13:55,15,0.001,8.04
18/01/2026 13:25,15,0.001,8.04
18/01/2026 13:25,15,0.001,8.04
18/01/2026 12:55,15,0.001,8.03
18/01/2026 12:25,15.125,0.001,8.03
18/01/2026 11:55,15.125,0.001,8.03
18/01/2026 11:25,15,0.001,8.03
18/01/2026 10:55,15,0.001,8.02
18/01/2026 10:25,14.875,0.001,8.02
18/01/2026 09:55,15,0.001,8.02
18/01/2026 09:25,15,0.001,8.02
18/01/2026 08:55,15,0.001,8.01
18/01/2026 08:25,15,0.001,8.01
18/01/2026 07:55,14.875,0.001,8.01
18/01/2026 07:25,14.875,0.001,8
18/01/2026 06:55,15,0.001,8.01
18/01/2026 06:25,14.875,0.001,8
18/01/2026 05:55,14.875,0.001,8.01
18/01/2026 05:25,14.875,0.001,8.01
18/01/2026 04:55,14.875,0.001,8.01
18/01/2026 04:25,15,0.001,8.01
18/01/2026 03:55,15,0.001,8.01
18/01/2026 03:25,14.875,0.001,8.02
18/01/2026 03:25,14.875,0.001,8.02
18/01/2026 02:55,15,0.001,8.02
18/01/2026 02:25,15,0.001,8.02
18/01/2026 01:55,15,0.001,8.02
18/01/2026 01:55,15,0.001,8.02
18/01/2026 01:25,15,0.001,8.03
18/01/2026 00:55,15.125,0.001,8.03
18/01/2026 00:25,15.125,0.001,8.03
17/01/2026 23:55,15.125,0.001,8.03
17/01/2026 23:25,15.125,0.001,8.04
17/01/2026 22:55,15.25,0.001,8.04
17/01/2026 22:25,15.125,0.001,8.04
17/01/2026 21:55,15.125,0.001,8.04
17/01/2026 21:25,15.25,0.001,8.04
17/01/2026 20:55,15.25,0.001,8.05
17/01/2026 20:55,15.25,0.001,8.05
17/01/2026 20:25,15.25,0.001,8.05
17/01/2026 19:55,15.375,0.001,8.06
17/01/2026 19:25,15.375,0.001,8.06
17/01/2026 18:55,15.375,0.001,8.06
17/01/2026 18:25,15.375,0.001,8.06
17/01/2026 17:55,15.375,0.001,8.06
17/01/2026 17:25,15.625,0.001,8.06
17/01/2026 16:55,15.625,0.001,8.06
17/01/2026 16:25,15.625,0.001,8.06
17/01/2026 15:55,15.625,0.001,8.06
17/01/2026 15:25,14.75,0.001,8.06
17/01/2026 14:55,15.75,0.001,8.06
17/01/2026 14:25,15.625,0.001,8.05
17/01/2026 13:55,15.625,0.001,8.05
17/01/2026 13:25,15.625,0.001,8.05
17/01/2026 12:55,15.5,0.001,8.05
17/01/2026 12:25,15.625,0.001,8.04
17/01/2026 11:55,15.375,0.001,8.04
17/01/2026 11:25,15.375,0.001,8.04
17/01/2026 10:55,15.375,0.001,8.04
17/01/2026 10:25,15.375,0.001,8.03
17/01/2026 09:55,15.375,0.001,8.03
17/01/2026 09:25,15.375,0.001,8.02
17/01/2026 08:55,15.375,0.001,8.02
17/01/2026 08:25,15.5,0.001,8.02
17/01/2026 07:55,15.625,0.001,8.02
17/01/2026 07:25,15.375,0.001,8.01
17/01/2026 06:55,15.375,0.001,8.01
17/01/2026 06:25,15.25,0.001,8.01
17/01/2026 05:55,15.5,0.001,8.01
17/01/2026 05:25,15.375,0.001,8.01
17/01/2026 04:55,15.5,0.001,8.01
17/01/2026 04:25,15.5,0.001,8.02
17/01/2026 03:55,15.5,0.001,8.02
17/01/2026 03:25,15.5,0.001,8.02
17/01/2026 02:55,15.625,0.001,8.02
17/01/2026 02:55,15.625,0.001,8.02
17/01/2026 02:25,15.5,0.001,8.03
17/01/2026 01:55,15.625,0.001,8.03
17/01/2026 01:25,14.75,0.001,8.03
17/01/2026 00:55,15.75,0.001,8.03
17/01/2026 00:25,15.75,0.001,8.03
16/01/2026 23:55,15.875,0.001,8.04
16/01/2026 23:25,15.75,0.001,8.04
16/01/2026 22:55,15.875,0.001,8.04
16/01/2026 22:25,15.75,0.001,8.04
16/01/2026 21:55,15.75,0.001,8.05
16/01/2026 21:25,15.75,0.001,8.05
16/01/2026 20:55,15.75,0.001,8.05
16/01/2026 20:25,15.75,0.001,8.05
16/01/2026 19:55,15.75,0.001,8.06
16/01/2026 19:25,15.75,0.001,8.06
16/01/2026 18:55,15.75,0.001,8.06
16/01/2026 18:25,15.75,0.001,8.06
16/01/2026 17:55,15.875,0.001,8.07
16/01/2026 17:25,16,0.001,8.07
16/01/2026 17:25,16,0.001,8.07
16/01/2026 16:55,16,0.001,8.07
16/01/2026 16:25,16,0.001,8.07
16/01/2026 15:55,15.875,0.001,8.06
16/01/2026 15:25,16,0.001,8.06
16/01/2026 14:55,16.125,0.001,8.06
16/01/2026 14:25,16,0.001,8.06
16/01/2026 13:55,16,0.001,8.05
16/01/2026 13:25,16,0.001,8.05
16/01/2026 12:55,15.875,0.001,8.05
16/01/2026 12:25,16,0.001,8.04
16/01/2026 11:55,15.75,0.001,8.04
16/01/2026 11:25,15.75,0.001,8.04
16/01/2026 10:55,15.75,0.001,8.04
16/01/2026 10:55,15.75,0.001,8.04
16/01/2026 10:25,15.75,0.001,8.03
16/01/2026 09:55,15.75,0.001,8.03
16/01/2026 09:25,15.875,0.001,8.03
16/01/2026 08:55,15.75,0.001,8.02
16/01/2026 08:25,15.875,0.001,8.02
16/01/2026 07:55,15.875,0.001,8.02
16/01/2026 07:25,16.625,0.001,8.01
16/01/2026 06:55,15.75,0.001,8.01
16/01/2026 06:55,15.75,0.001,8.01
16/01/2026 06:25,16.625,0.001,8.01
16/01/2026 05:55,15.75,0.001,8.01
16/01/2026 05:25,15.75,0.001,8.01
16/01/2026 04:55,15.75,0.001,8.01
16/01/2026 04:25,15.625,0.001,8.01
16/01/2026 03:55,15.625,0.001,8.01
16/01/2026 03:25,15.75,0.001,8.02
16/01/2026 02:55,15.75,0.001,8.02
16/01/2026 02:25,15.875,0.001,8.02
16/01/2026 01:55,15.875,0.001,8.02
16/01/2026 01:25,14.75,0.001,8.02
16/01/2026 00:55,14.75,0.001,8.03
16/01/2026 00:55,14.75,0.001,8.03
16/01/2026 00:25,16.625,0.001,8.03
15/01/2026 23:55,16.625,0.001,8.03
15/01/2026 23:25,15.625,0.001,8.03
15/01/2026 22:55,15.625,0.001,8.03
15/01/2026 22:25,15.625,0.001,8.04
15/01/2026 21:55,15.75,0.001,8.04
15/01/2026 21:25,15.75,0.001,8.04
15/01/2026 20:55,14.75,0.001,8.05
15/01/2026 20:25,15.625,0.001,8.05
15/01/2026 19:55,15.75,0.001,8.05
15/01/2026 19:25,16.625,0.001,8.05
15/01/2026 18:55,14.75,0.001,8.06
15/01/2026 18:25,14.875,0.001,8.06
15/01/2026 17:55,15.75,0.001,8.06
15/01/2026 17:25,15.875,0.001,8.06
15/01/2026 16:55,16,0.001,8.06
15/01/2026 16:25,15.875,0.001,8.06
15/01/2026 15:55,15.75,0.001,8.05
15/01/2026 15:25,15.75,0.001,8.05
15/01/2026 14:55,15.75,0.001,8.05
15/01/2026 14:25,15.75,0.001,8.05
15/01/2026 13:55,15.875,0.001,8.05
15/01/2026 13:25,15.75,0.001,8.04
15/01/2026 12:55,16.625,0.001,8.04
15/01/2026 12:55,16.625,0.001,8.04
15/01/2026 12:25,15.75,0.001,8.04
15/01/2026 11:55,15.75,0.001,8.03
15/01/2026 11:25,16.625,0.001,8.03
15/01/2026 10:55,15.875,0.001,8.03
15/01/2026 10:25,14.75,0.001,8.02
15/01/2026 09:55,16.625,0.001,8.02
15/01/2026 09:25,16.5,0.001,8.01
15/01/2026 08:55,15.75,0.001,8.01
15/01/2026 08:25,16.625,0.001,8.01
15/01/2026 07:55,15.625,0.001,8.01
15/01/2026 07:55,15.625,0.001,8.01
15/01/2026 07:25,15.625,0.001,8
15/01/2026 06:55,14.875,0.001,8
15/01/2026 06:25,14.75,0.001,8
15/01/2026 05:55,16.625,0.001,8
15/01/2026 05:25,15.625,0.001,8
15/01/2026 04:55,15.625,0.001,8
15/01/2026 04:25,16.625,0.001,8.01
15/01/2026 03:55,16.625,0.001,8.01
15/01/2026 03:25,15.875,0.001,8.01
15/01/2026 02:55,14.75,0.001,8.01
15/01/2026 02:25,14.875,0.001,8.01
15/01/2026 01:55,16.625,0.001,8.02
15/01/2026 01:25,15.75,0.001,8.02
15/01/2026 00:55,15.75,0.001,8.02
15/01/2026 00:25,15.75,0.001,8.02
14/01/2026 23:55,16.625,0.001,8.02
14/01/2026 23:25,15.875,0.001,8.03
14/01/2026 22:55,15.75,0.001,8.03
14/01/2026 22:25,16.625,0.001,8.03
14/01/2026 21:55,15.75,0.001,8.03
14/01/2026 21:25,15.75,0.001,8.03
14/01/2026 20:55,15.75,0.001,8.04
14/01/2026 20:25,15.875,0.001,8.04
14/01/2026 19:55,15.875,0.001,8.04
14/01/2026 19:25,15.75,0.001,8.04
14/01/2026 18:55,15.875,0.001,8.05
14/01/2026 18:25,15.75,0.001,8.05
14/01/2026 17:55,16,0.001,8.05
14/01/2026 17:25,16.125,0.001,8.05
14/01/2026 16:55,16,0.001,8.05
14/01/2026 16:25,16.125,0.001,8.05
14/01/2026 15:55,16.125,0.001,8.05
14/01/2026 15:25,16,0.001,8.05
14/01/2026 14:55,16,0.001,8.04
14/01/2026 14:25,16.125,0.001,8.04
14/01/2026 13:55,16.125,0.001,8.04
14/01/2026 13:25,15.875,0.001,8.03
14/01/2026 12:55,16,0.001,8.03
14/01/2026 12:25,16,0.001,8.03
14/01/2026 11:55,15.875,0.001,8.02
14/01/2026 11:25,15.875,0.001,8.02
14/01/2026 10:55,15.75,0.001,8.02
14/01/2026 10:25,15.875,0.001,8.01
14/01/2026 09:55,15.875,0.001,8.01
14/01/2026 09:25,15.875,0.001,8
14/01/2026 08:55,16.625,0.001,8
14/01/2026 08:25,15.875,0.001,8
14/01/2026 07:55,15.75,0.001,7.99
14/01/2026 07:25,15.75,0.001,7.99
14/01/2026 06:55,15.75,0.001,7.99
14/01/2026 06:25,15.75,0.001,7.98
14/01/2026 05:55,15.875,0.001,7.98
14/01/2026 05:25,15.875,0.001,7.98
14/01/2026 04:55,16,0.001,7.98
14/01/2026 04:25,15.875,0.001,7.98
14/01/2026 03:55,15.75,0.001,7.98
14/01/2026 03:25,15.75,0.001,7.98
14/01/2026 02:55,15.75,0.001,7.98
14/01/2026 02:25,15.75,0.001,7.99
14/01/2026 01:55,15.75,0.001,7.99
14/01/2026 01:25,15.875,0.001,7.99
14/01/2026 00:55,15.875,0.001,7.99
14/01/2026 00:25,15.75,0.001,7.99
13/01/2026 23:55,14.75,0.001,7.99
13/01/2026 23:25,15.75,0.001,7.99
13/01/2026 22:55,15.75,0.001,7.99
13/01/2026 22:25,15.75,0.001,7.99
13/01/2026 21:55,15.75,0.001,7.99
13/01/2026 21:25,14.75,0.001,7.99
13/01/2026 20:55,15.75,0.001,8
13/01/2026 20:25,15.75,0.001,8
13/01/2026 19:55,15.75,0.001,8
13/01/2026 19:25,15.875,0.001,8
13/01/2026 18:55,15.625,0.001,8
13/01/2026 18:25,15.75,0.001,8
13/01/2026 17:55,15.875,0.001,8
13/01/2026 17:25,16,0.001,8
13/01/2026 16:55,15.875,0.001,8
13/01/2026 16:25,16,0.001,8
13/01/2026 15:55,16,0.001,7.99
13/01/2026 15:25,15.875,0.001,7.99
13/01/2026 14:55,16,0.001,7.99
13/01/2026 14:25,15.75,0.001,7.99
13/01/2026 13:55,15.875,0.001,7.98
13/01/2026 13:25,16.625,0.001,7.98
13/01/2026 12:55,16,0.001,7.99
13/01/2026 12:25,15.875,0.001,7.99
13/01/2026 11:55,15.75,0.001,7.99
13/01/2026 11:25,16.625,0.001,8
13/01/2026 10:55,15.75,0.001,8.01
13/01/2026 10:25,16.625,0.001,8.02
13/01/2026 09:55,15.625,0.001,8.02
13/01/2026 09:25,15.5,0.001,8.02
13/01/2026 08:55,15.625,0.001,8.02
13/01/2026 08:25,15.75,0.001,8.02
13/01/2026 07:55,15.625,0.001,8.01
13/01/2026 07:25,15.625,0.001,8.01
13/01/2026 06:55,14.75,0.001,8.01
13/01/2026 06:25,15.625,0.001,8.01
13/01/2026 05:55,15.625,0.001,8.01
13/01/2026 05:25,15.625,0.001,8.01
13/01/2026 04:55,15.625,0.001,8.01
13/01/2026 04:25,15.5,0.001,8.01
13/01/2026 03:55,15.5,0.001,8.01
13/01/2026 03:25,15.5,0.001,8.01
13/01/2026 02:55,15.5,0.001,8.02
13/01/2026 02:55,15.5,0.001,8.02
13/01/2026 02:25,16.5,0.001,8.02
13/01/2026 01:55,15.5,0.001,8.02
13/01/2026 01:25,15.625,0.001,8.02
13/01/2026 00:55,15.5,0.001,8.02
13/01/2026 00:25,15.5,0.001,8.03
12/01/2026 23:55,15.625,0.001,8.03
12/01/2026 23:25,15.5,0.001,8.03
12/01/2026 22:55,15.5,0.001,8.03
12/01/2026 22:25,15.5,0.001,8.04
12/01/2026 21:55,15.5,0.001,8.04
12/01/2026 21:25,15.5,0.001,8.04
12/01/2026 20:55,15.5,0.001,8.05
12/01/2026 20:25,15.625,0.001,8.05
12/01/2026 19:55,15.5,0.001,8.05
12/01/2026 19:25,15.5,0.001,8.05
12/01/2026 18:55,15.375,0.001,8.05
12/01/2026 18:25,15.625,0.001,8.06
12/01/2026 17:55,15.625,0.001,8.06
12/01/2026 17:25,15.625,0.001,8.06
12/01/2026 16:55,15.75,0.001,8.06
12/01/2026 16:25,16.625,0.001,8.06
12/01/2026 15:55,15.625,0.001,8.05
12/01/2026 15:25,15.625,0.001,8.05
12/01/2026 14:55,14.75,0.001,8.05
12/01/2026 14:25,15.5,0.001,8.04
12/01/2026 13:55,15.375,0.001,8.04
12/01/2026 13:55,15.375,0.001,8.04
12/01/2026 13:25,15.5,0.001,8.04
12/01/2026 12:55,15.5,0.001,8.03
12/01/2026 12:25,15.375,0.001,8.03
12/01/2026 11:55,15.25,0.001,8.03
12/01/2026 11:25,15.25,0.001,8.03
12/01/2026 10:55,15.25,0.001,8.02
12/01/2026 10:25,15.25,0.001,8.02
12/01/2026 09:55,15.375,0.001,8.02
12/01/2026 09:55,15.375,0.001,8.02
12/01/2026 09:25,15.25,0.001,8.01
12/01/2026 08:55,15.25,0.001,8.01
12/01/2026 08:25,15.5,0.001,8.01
12/01/2026 07:55,15.25,0.001,8
12/01/2026 07:25,15.25,0.001,8
12/01/2026 06:55,15.25,0.001,8
12/01/2026 06:25,15.25,0.001,8
12/01/2026 05:55,15.25,0.001,8
12/01/2026 05:25,15.25,0.001,8
12/01/2026 04:55,15.25,0.001,8
12/01/2026 04:25,15.375,0.001,8.01
12/01/2026 03:55,15.375,0.001,8.01
12/01/2026 03:25,15.375,0.001,8.01
12/01/2026 02:55,15.375,0.001,8.01
12/01/2026 02:25,15.375,0.001,8.02
12/01/2026 01:55,15.625,0.001,8.02
12/01/2026 01:25,15.5,0.001,8.02
12/01/2026 00:55,15.5,0.001,8.02
12/01/2026 00:55,15.5,0.001,8.02
12/01/2026 00:25,15.375,0.001,8.03
11/01/2026 23:55,15.625,0.001,8.03
11/01/2026 23:25,15.5,0.001,8.03
11/01/2026 22:55,15.5,0.001,8.04
11/01/2026 22:25,15.625,0.001,8.04
11/01/2026 21:55,15.5,0.001,8.05
11/01/2026 21:25,15.625,0.001,8.05
11/01/2026 20:55,15.75,0.001,8.06
11/01/2026 20:25,15.75,0.001,8.07
11/01/2026 19:55,16.625,0.001,8.07
11/01/2026 19:25,15.625,0.001,8.07
11/01/2026 18:55,14.75,0.001,8.07
11/01/2026 18:25,15.625,0.001,8.08
11/01/2026 17:55,15.75,0.001,8.08
11/01/2026 17:25,15.75,0.001,8.08
11/01/2026 17:21,15.875,0.001,8.08
11/01/2026 16:25,15.75,0.001,8.07
11/01/2026 15:55,15.875,0.001,8.07
11/01/2026 15:25,15.75,0.001,8.07
11/01/2026 14:55,15.75,0.001,8.07
11/01/2026 14:25,15.875,0.001,8.07
11/01/2026 14:25,15.875,0.001,8.07
11/01/2026 13:55,15.75,0.001,8.06
11/01/2026 13:25,14.75,0.001,8.06
11/01/2026 12:55,15.5,0.001,8.06
11/01/2026 12:25,15.625,0.001,8.05
11/01/2026 11:55,15.5,0.001,8.05
11/01/2026 11:25,15.5,0.001,8.05
11/01/2026 10:55,15.375,0.001,8.04
11/01/2026 10:55,15.375,0.001,8.04
11/01/2026 10:25,15.5,0.001,8.04
11/01/2026 09:55,15.375,0.001,8.04
11/01/2026 09:25,15.5,0.001,8.03
11/01/2026 08:55,15.375,0.001,8.03
11/01/2026 08:25,16.5,0.001,8.03
11/01/2026 07:55,15.375,0.001,8.02
11/01/2026 07:25,15.5,0.001,8.02
11/01/2026 07:25,15.5,0.001,8.02
11/01/2026 06:55,15.375,0.001,8.02
11/01/2026 06:25,15.375,0.001,8.02
11/01/2026 05:55,15.25,0.001,8.02
11/01/2026 05:25,15.5,0.001,8.02
11/01/2026 04:55,15.5,0.001,8.02
11/01/2026 04:25,15.5,0.001,8.03
11/01/2026 03:55,15.5,0.001,8.03
11/01/2026 03:25,15.5,0.001,8.03
11/01/2026 02:55,15.625,0.001,8.03
11/01/2026 02:25,15.625,0.001,8.04
11/01/2026 01:55,15.375,0.001,8.04
11/01/2026 01:25,15.5,0.001,8.04
11/01/2026 00:55,15.5,0.001,8.04
11/01/2026 00:25,15.5,0.001,8.05
10/01/2026 23:55,15.5,0.001,8.05
10/01/2026 23:25,15.625,0.001,8.05
10/01/2026 22:55,15.625,0.001,8.06
10/01/2026 22:55,15.625,0.001,8.06
10/01/2026 22:25,16.625,0.001,8.06
10/01/2026 21:55,15.5,0.001,8.06
10/01/2026 21:25,15.625,0.001,8.06
10/01/2026 20:55,15.625,0.001,8.07
10/01/2026 20:25,15.625,0.001,8.07
10/01/2026 19:55,16.625,0.001,8.07
10/01/2026 19:25,15.75,0.001,8.08
10/01/2026 18:55,14.75,0.001,8.08
10/01/2026 18:25,15.75,0.001,8.09
10/01/2026 18:25,15.75,0.001,8.09
10/01/2026 17:55,15.75,0.001,8.09
10/01/2026 17:25,15.75,0.001,8.09
10/01/2026 16:55,15.875,0.001,8.09
10/01/2026 16:25,15.875,0.001,8.08
10/01/2026 15:55,15.875,0.001,8.08
10/01/2026 15:25,16,0.001,8.08
10/01/2026 14:55,15.875,0.001,8.08
10/01/2026 14:25,15.875,0.001,8.07
10/01/2026 13:55,16,0.001,8.07
10/01/2026 13:25,15.875,0.001,8.07
10/01/2026 12:55,15.75,0.001,8.06
10/01/2026 12:25,15.875,0.001,8.06
10/01/2026 11:55,15.625,0.001,8.05
10/01/2026 11:25,15.75,0.001,8.05
10/01/2026 10:55,14.75,0.001,8.05
10/01/2026 10:25,16.625,0.001,8.04
10/01/2026 09:55,15.625,0.001,8.04
10/01/2026 09:55,15.625,0.001,8.04
10/01/2026 09:25,15.625,0.001,8.04
10/01/2026 08:55,15.625,0.001,8.03
10/01/2026 08:25,15.75,0.001,8.03
10/01/2026 07:55,15.625,0.001,8.03
10/01/2026 07:25,15.625,0.001,8.02
10/01/2026 06:55,15.75,0.001,8.02
10/01/2026 06:25,14.75,0.001,8.02
10/01/2026 05:55,15.75,0.001,8.02
10/01/2026 05:25,15.875,0.001,8.02
10/01/2026 04:55,15.75,0.001,8.03
10/01/2026 04:25,14.75,0.001,8.03
10/01/2026 03:55,16.625,0.001,8.03
10/01/2026 03:25,15.75,0.001,8.03
10/01/2026 02:55,15.75,0.001,8.03
10/01/2026 02:55,15.75,0.001,8.03
10/01/2026 02:25,16.625,0.001,8.04
10/01/2026 01:55,15.75,0.001,8.04
10/01/2026 01:25,15.75,0.001,8.04
10/01/2026 00:55,15.625,0.001,8.04
10/01/2026 00:25,14.75,0.001,8.05
09/01/2026 23:55,15.5,0.001,8.05
09/01/2026 23:55,15.5,0.001,8.05
09/01/2026 23:25,15.75,0.001,8.05
09/01/2026 22:55,16.625,0.001,8.05
09/01/2026 22:25,15.75,0.001,8.06
09/01/2026 21:55,15.625,0.001,8.06
09/01/2026 21:25,16.625,0.001,8.06
09/01/2026 20:55,15.75,0.001,8.06
09/01/2026 20:25,15.75,0.001,8.07
09/01/2026 19:55,15.75,0.001,8.07
09/01/2026 19:25,15.75,0.001,8.07
09/01/2026 18:55,15.75,0.001,8.08
09/01/2026 18:25,15.75,0.001,8.08
09/01/2026 17:55,15.75,0.001,8.08
09/01/2026 17:25,15.875,0.001,8.08
09/01/2026 16:55,15.875,0.001,8.08
09/01/2026 16:25,15.875,0.001,8.08
09/01/2026 15:55,15.875,0.001,8.08
09/01/2026 15:25,16.125,0.001,8.07
09/01/2026 14:55,16,0.001,8.07
09/01/2026 14:55,16,0.001,8.07
09/01/2026 14:25,15.875,0.001,8.06
09/01/2026 13:55,16,0.001,8.06
09/01/2026 13:25,15.75,0.001,8.06
09/01/2026 12:55,15.875,0.001,8.05
09/01/2026 12:25,15.875,0.001,8.05
09/01/2026 11:55,14.75,0.001,8.05
09/01/2026 11:25,14.75,0.001,8.04
09/01/2026 10:55,15.75,0.001,8.04
09/01/2026 10:25,15.875,0.001,8.04
09/01/2026 09:55,14.75,0.001,8.04
09/01/2026 09:25,15.625,0.001,8.03
09/01/2026 08:55,14.75,0.001,8.03
09/01/2026 08:25,15.75,0.001,8.03
09/01/2026 07:55,15.625,0.001,8.02
09/01/2026 07:25,15.625,0.001,8.02
09/01/2026 06:55,15.75,0.001,8.02
09/01/2026 06:25,15.625,0.001,8.02
09/01/2026 05:55,15.75,0.001,8.02
09/01/2026 05:25,15.75,0.001,8.02
09/01/2026 05:25,15.75,0.001,8.02
09/01/2026 04:55,15.875,0.001,8.02
09/01/2026 04:25,15.75,0.001,8.02
09/01/2026 04:25,15.75,0.001,8.02
09/01/2026 03:55,15.75,0.001,8.02
09/01/2026 03:25,16,0.001,8.03
09/01/2026 02:55,15.875,0.001,8.03
09/01/2026 02:25,16,0.001,8.03
09/01/2026 01:55,15.875,0.001,8.03
09/01/2026 01:25,15.875,0.001,8.04
09/01/2026 00:55,15.875,0.001,8.04
09/01/2026 00:25,16,0.001,8.04
08/01/2026 23:55,16,0.001,8.04
08/01/2026 23:25,16,0.001,8.05
08/01/2026 22:55,16.25,0.001,8.05
08/01/2026 22:25,16.125,0.001,8.05
08/01/2026 21:55,16.25,0.001,8.06
08/01/2026 21:25,16.125,0.001,8.06
08/01/2026 20:55,16.125,0.001,8.06
08/01/2026 20:25,16.375,0.001,8.06
08/01/2026 19:55,16.375,0.001,8.07
08/01/2026 19:25,16.25,0.001,8.07
08/01/2026 19:25,16.25,0.001,8.07
08/01/2026 18:55,16.375,0.001,8.07
08/01/2026 18:25,16.5,0.001,8.08
08/01/2026 17:55,16.625,0.001,8.08
08/01/2026 17:25,16.625,0.001,8.08
08/01/2026 16:55,16.625,0.001,8.08
08/01/2026 16:25,17.625,0.001,8.08
08/01/2026 15:55,16.625,0.001,8.07
08/01/2026 15:25,17.5,0.001,8.07
08/01/2026 14:55,16.75,0.001,8.07
08/01/2026 14:25,16.75,0.001,8.06
08/01/2026 13:55,16.75,0.001,8.06
08/01/2026 13:55,16.75,0.001,8.06
08/01/2026 13:25,17.625,0.001,8.06
08/01/2026 12:55,16.5,0.001,8.05
08/01/2026 12:25,16.5,0.001,8.05
08/01/2026 11:55,16.375,0.001,8.04
08/01/2026 11:55,16.375,0.001,8.04
08/01/2026 11:25,16.25,0.001,8.04
08/01/2026 10:55,16.125,0.001,8.04
08/01/2026 10:25,15.875,0.001,8.03
08/01/2026 09:55,16,0.001,8.03
08/01/2026 09:25,15.75,0.001,8.02
08/01/2026 08:55,15.5,0.001,8.02
08/01/2026 08:25,15.5,0.001,8.01
08/01/2026 08:25,15.5,0.001,8.01
08/01/2026 07:55,15.375,0.001,8.01
08/01/2026 07:55,15.375,0.001,8.01
08/01/2026 07:25,15.25,0.001,8.01
08/01/2026 06:55,15.125,0.001,8.01
08/01/2026 06:25,15.125,0.001,8
08/01/2026 05:55,15.125,0.001,8
08/01/2026 05:25,15.125,0.001,8.01
08/01/2026 04:55,15.25,0.001,8.01
08/01/2026 04:55,15.25,0.001,8.01
08/01/2026 04:25,15.25,0.001,8.01
08/01/2026 03:55,15.125,0.001,8.01
08/01/2026 03:25,15.125,0.001,8.01
08/01/2026 02:55,15.25,0.001,8.02
08/01/2026 02:25,15.25,0.001,8.02
08/01/2026 01:55,15.125,0.001,8.02
08/01/2026 01:25,15.25,0.001,8.02
08/01/2026 00:55,15.25,0.001,8.02
08/01/2026 00:25,15.25,0.001,8.03
07/01/2026 23:55,15.25,0.001,8.03
07/01/2026 23:25,15.25,0.001,8.03
07/01/2026 22:55,15.375,0.001,8.03
07/01/2026 22:25,15.25,0.001,8.04
07/01/2026 21:55,15.25,0.001,8.04
07/01/2026 21:25,15.375,0.001,8.04
07/01/2026 20:55,15.5,0.001,8.05
07/01/2026 20:25,15.5,0.001,8.05
07/01/2026 19:55,15.625,0.001,8.06
07/01/2026 19:25,15.5,0.001,8.06
07/01/2026 18:55,15.625,0.001,8.06
07/01/2026 18:25,16.5,0.001,8.06
07/01/2026 17:55,15.5,0.001,8.06
07/01/2026 17:25,15.625,0.001,8.06
07/01/2026 16:55,15.5,0.001,8.06
07/01/2026 16:25,15.25,0.001,8.06
07/01/2026 15:55,15.25,0.001,8.05
07/01/2026 15:25,15.125,0.001,8.05
07/01/2026 14:55,15.375,0.001,8.05
07/01/2026 14:55,15.375,0.001,8.05
07/01/2026 14:25,15,0.001,8.04
07/01/2026 13:55,14.875,0.001,8.04
07/01/2026 13:25,14.875,0.001,8.03
07/01/2026 12:55,14.75,0.001,8.03
07/01/2026 12:25,13.75,0.001,8.02
07/01/2026 11:55,14.5,0.001,8.02
07/01/2026 11:25,14.625,0.001,8.01
07/01/2026 10:55,14.5,0.001,8.01
07/01/2026 10:25,14.25,0.001,8.01
07/01/2026 09:55,14.375,0.001,8
07/01/2026 09:25,14.25,0.001,8
07/01/2026 08:55,14.125,0.001,7.99
07/01/2026 08:25,14.375,0.001,7.99
07/01/2026 07:55,14.125,0.001,7.98
07/01/2026 07:25,14.25,0.001,7.98
07/01/2026 06:55,14.125,0.001,7.98
07/01/2026 06:25,14.25,0.001,7.98
07/01/2026 05:55,14.25,0.001,7.98
07/01/2026 05:25,14.25,0.001,7.98
07/01/2026 04:55,14.375,0.001,7.98
07/01/2026 04:25,14.5,0.001,7.98
07/01/2026 03:55,14.5,0.001,7.99
07/01/2026 03:25,14.625,0.001,7.99
07/01/2026 02:55,15.625,0.001,7.99
07/01/2026 02:25,14.625,0.001,8
07/01/2026 01:55,14.75,0.001,8
07/01/2026 01:25,14.875,0.001,8
07/01/2026 00:55,14.875,0.001,8
07/01/2026 00:25,14.875,0.001,8.01
06/01/2026 23:55,15,0.001,8.01
06/01/2026 23:25,15,0.001,8.02
06/01/2026 22:55,15.125,0.001,8.02
06/01/2026 22:25,15.125,0.001,8.02
06/01/2026 21:55,15.25,0.001,8.02
06/01/2026 21:25,15.25,0.001,8.03
06/01/2026 20:55,15.375,0.001,8.03
06/01/2026 20:25,15.625,0.001,8.03
06/01/2026 19:55,15.5,0.001,8.04
06/01/2026 19:25,15.5,0.001,8.04
06/01/2026 18:55,15.625,0.001,8.04
06/01/2026 18:25,15.75,0.001,8.05
06/01/2026 17:55,15.75,0.001,8.05
06/01/2026 17:25,14.75,0.001,8.05
06/01/2026 16:55,16.625,0.001,8.05
06/01/2026 16:25,14.75,0.001,8.05
06/01/2026 15:55,15.625,0.001,8.05
06/01/2026 15:25,15.5,0.001,8.04
06/01/2026 14:55,16.625,0.001,8.04
06/01/2026 14:25,15.25,0.001,8.04
06/01/2026 13:55,15.25,0.001,8.03
06/01/2026 13:25,15.125,0.001,8.03
06/01/2026 12:55,15.125,0.001,8.03
06/01/2026 12:25,15,0.001,8.03
06/01/2026 11:55,15,0.001,8.03
06/01/2026 11:25,14.875,0.001,8.02
06/01/2026 10:55,14.875,0.001,8.02
06/01/2026 10:25,15,0.001,8.02
06/01/2026 09:55,15,0.001,8.02
06/01/2026 09:25,15,0.001,8.01
06/01/2026 08:55,15,0.001,8.01
06/01/2026 08:25,15,0.001,8.01
06/01/2026 07:55,14.875,0.001,8.01
06/01/2026 07:25,15,0.001,8
06/01/2026 06:55,14.875,0.001,8
06/01/2026 06:25,14.875,0.001,8
06/01/2026 05:55,15,0.001,8
06/01/2026 05:25,15,0.001,8
06/01/2026 04:55,15.125,0.001,8.01
06/01/2026 04:25,15.125,0.001,8.01
06/01/2026 03:55,15.125,0.001,8.01
06/01/2026 03:25,15.25,0.001,8.01
06/01/2026 02:55,15.25,0.001,8.02
06/01/2026 02:25,15.375,0.001,8.02
06/01/2026 01:55,15.375,0.001,8.02
06/01/2026 01:25,15.375,0.001,8.02
06/01/2026 00:55,15.375,0.001,8.03
06/01/2026 00:25,15.625,0.001,8.03
05/01/2026 23:55,14.75,0.001,8.03
05/01/2026 23:25,16.625,0.001,8.03
05/01/2026 22:55,15.875,0.001,8.04
05/01/2026 22:25,16.625,0.001,8.04
05/01/2026 21:55,14.75,0.001,8.04
05/01/2026 21:25,15.875,0.001,8.04
05/01/2026 20:55,15.875,0.001,8.05
05/01/2026 20:25,15.75,0.001,8.05
05/01/2026 19:55,15.875,0.001,8.05
05/01/2026 19:25,15.875,0.001,8.05
05/01/2026 18:55,16,0.001,8.06
05/01/2026 18:25,15.875,0.001,8.06
05/01/2026 17:55,16,0.001,8.06
05/01/2026 17:25,16.125,0.001,8.06
05/01/2026 16:55,16.125,0.001,8.06
05/01/2026 16:25,16.25,0.001,8.06
05/01/2026 15:55,16.25,0.001,8.05
05/01/2026 15:25,16.125,0.001,8.05
05/01/2026 14:55,16.375,0.001,8.05
05/01/2026 14:25,16.125,0.001,8.05
05/01/2026 13:55,16.125,0.001,8.05
05/01/2026 13:25,16.25,0.001,8.05
05/01/2026 12:55,16.125,0.001,8.06
05/01/2026 12:25,16,0.001,8.06
05/01/2026 11:55,16.125,0.001,8.06
05/01/2026 11:25,16,0.001,8.06
05/01/2026 10:55,15.875,0.001,8.05
05/01/2026 10:25,15.75,0.001,8.05
05/01/2026 09:55,15.75,0.001,8.05
05/01/2026 09:25,15.875,0.001,8.04
05/01/2026 08:55,15.875,0.001,8.04
05/01/2026 08:25,15.875,0.001,8.04
05/01/2026 07:55,15.875,0.001,8.03
05/01/2026 07:25,15.875,0.001,8.03
05/01/2026 06:55,15.75,0.001,8.03
05/01/2026 06:25,16,0.001,8.02
05/01/2026 05:55,15.875,0.001,8.03
05/01/2026 05:25,15.875,0.001,8.03
05/01/2026 04:55,15.875,0.001,8.03
05/01/2026 04:25,15.875,0.001,8.03
05/01/2026 03:55,16.625,0.001,8.04
05/01/2026 03:25,15.875,0.001,8.04
05/01/2026 02:55,15.875,0.001,8.04
05/01/2026 02:25,15.875,0.001,8.04
05/01/2026 01:55,15.875,0.001,8.04
05/01/2026 01:25,15.75,0.001,8.05
05/01/2026 00:55,15.75,0.001,8.05
05/01/2026 00:25,15.75,0.001,8.05
04/01/2026 23:55,14.75,0.001,8.06
04/01/2026 23:25,15.75,0.001,8.06
04/01/2026 22:55,15.625,0.001,8.06
04/01/2026 22:25,14.75,0.001,8.07
04/01/2026 21:55,14.75,0.001,8.07
04/01/2026 21:55,14.75,0.001,8.07
04/01/2026 21:25,15.625,0.001,8.07
04/01/2026 20:55,15.75,0.001,8.08
04/01/2026 20:25,15.75,0.001,8.08
04/01/2026 19:55,15.875,0.001,8.09
04/01/2026 19:25,15.75,0.001,8.09
04/01/2026 18:55,15.75,0.001,8.09
04/01/2026 18:25,15.75,0.001,8.09
04/01/2026 17:55,15.875,0.001,8.1
04/01/2026 17:25,16,0.001,8.1
04/01/2026 16:55,15.875,0.001,8.09
04/01/2026 16:25,16.125,0.001,8.09
04/01/2026 15:55,16.125,0.001,8.09
04/01/2026 15:25,16.125,0.001,8.09
04/01/2026 14:55,16,0.001,8.09
04/01/2026 14:25,16.125,0.001,8.08
04/01/2026 13:55,16,0.001,8.08
04/01/2026 13:25,16,0.001,8.08
04/01/2026 12:55,15.875,0.001,8.07
04/01/2026 12:25,16,0.001,8.07
04/01/2026 11:55,16,0.001,8.06
04/01/2026 11:25,15.875,0.001,8.06
04/01/2026 10:55,15.75,0.001,8.06
04/01/2026 10:25,15.875,0.001,8.05
04/01/2026 09:55,15.875,0.001,8.05
04/01/2026 09:25,15.75,0.001,8.04
04/01/2026 08:55,14.75,0.001,8.04
04/01/2026 08:25,15.75,0.001,8.04
04/01/2026 07:55,15.75,0.001,8.03
04/01/2026 07:25,15.75,0.001,8.03
04/01/2026 07:21,15.75,0.001,8.03
04/01/2026 06:25,14.75,0.001,8.02
04/01/2026 05:55,16.625,0.001,8.03
04/01/2026 05:25,15.875,0.001,8.03
04/01/2026 04:55,15.75,0.001,8.03
04/01/2026 04:25,16.625,0.001,8.03
04/01/2026 03:55,14.75,0.001,8.04
04/01/2026 03:25,15.625,0.001,8.04
04/01/2026 02:55,15.75,0.001,8.04
04/01/2026 02:25,15.625,0.001,8.04
04/01/2026 01:55,15.75,0.001,8.04
04/01/2026 01:25,16.625,0.001,8.04
04/01/2026 00:55,15.625,0.001,8.05
04/01/2026 00:25,15.625,0.001,8.05
03/01/2026 23:55,15.625,0.001,8.05
03/01/2026 23:25,15.75,0.001,8.05
03/01/2026 22:55,15.75,0.001,8.06
03/01/2026 22:25,15.75,0.001,8.06
03/01/2026 21:55,15.75,0.001,8.06
03/01/2026 21:25,15.625,0.001,8.06
03/01/2026 20:55,14.75,0.001,8.07
03/01/2026 20:25,15.75,0.001,8.07
03/01/2026 19:55,15.625,0.001,8.07
03/01/2026 19:25,15.75,0.001,8.07
03/01/2026 18:55,15.75,0.001,8.08
03/01/2026 18:25,15.75,0.001,8.08
03/01/2026 17:55,15.875,0.001,8.08
03/01/2026 17:25,15.75,0.001,8.08
03/01/2026 16:55,15.875,0.001,8.08
03/01/2026 16:25,16,0.001,8.07
03/01/2026 15:55,16,0.001,8.07
03/01/2026 15:25,16,0.001,8.07
03/01/2026 14:55,16.125,0.001,8.07
03/01/2026 14:25,15.875,0.001,8.06
03/01/2026 13:55,15.875,0.001,8.06
03/01/2026 13:25,15.875,0.001,8.06
03/01/2026 12:55,15.875,0.001,8.05
03/01/2026 12:25,15.75,0.001,8.05
03/01/2026 11:55,15.75,0.001,8.05
03/01/2026 11:25,15.75,0.001,8.04
03/01/2026 10:55,14.75,0.001,8.04
03/01/2026 10:25,15.75,0.001,8.03
03/01/2026 09:55,15.625,0.001,8.03
03/01/2026 09:25,15.625,0.001,8.02
03/01/2026 09:25,15.625,0.001,8.02
03/01/2026 08:55,15.625,0.001,8.02
03/01/2026 08:25,15.625,0.001,8.02
03/01/2026 07:55,15.625,0.001,8.01
03/01/2026 07:25,15.5,0.001,8.01
03/01/2026 06:55,16.625,0.001,8.01
03/01/2026 06:25,15.625,0.001,8
03/01/2026 05:55,15.5,0.001,8.01
03/01/2026 05:25,15.5,0.001,8.01
03/01/2026 04:55,15.625,0.001,8.01
03/01/2026 04:25,15.625,0.001,8.01
03/01/2026 03:55,15.5,0.001,8.01
03/01/2026 03:25,15.5,0.001,8.01
03/01/2026 02:55,15.5,0.001,8.01
03/01/2026 02:25,15.375,0.001,8.02
03/01/2026 01:55,15.5,0.001,8.02
03/01/2026 01:25,15.5,0.001,8.02
03/01/2026 00:55,15.375,0.001,8.02
03/01/2026 00:25,15.375,0.001,8.02
02/01/2026 23:55,15.375,0.001,8.03
02/01/2026 23:25,15.5,0.001,8.03
02/01/2026 22:55,15.375,0.001,8.03
02/01/2026 22:25,15.25,0.001,8.03
02/01/2026 21:55,15.25,0.001,8.03
02/01/2026 21:25,15.375,0.001,8.04
02/01/2026 20:55,15.25,0.001,8.04
02/01/2026 20:25,15.375,0.001,8.04
02/01/2026 19:55,15.25,0.001,8.04
02/01/2026 19:25,15.25,0.001,8.04
02/01/2026 18:55,15.25,0.001,8.05
02/01/2026 18:25,15.25,0.001,8.05
02/01/2026 17:55,15.25,0.001,8.05
02/01/2026 17:55,15.25,0.001,8.05
02/01/2026 17:25,15.375,0.001,8.05
02/01/2026 16:55,15.375,0.001,8.05
02/01/2026 16:25,15.375,0.001,8.05
02/01/2026 15:55,15.5,0.001,8.04
02/01/2026 15:25,15.375,0.001,8.04
02/01/2026 14:55,15.625,0.001,8.04
02/01/2026 14:25,15.375,0.001,8.04
02/01/2026 13:55,15.25,0.001,8.03
02/01/2026 13:25,15.25,0.001,8.03
02/01/2026 12:55,15.125,0.001,8.03
02/01/2026 12:25,15.25,0.001,8.03
02/01/2026 11:55,15.125,0.001,8.03
02/01/2026 11:25,15.125,0.001,8.03
02/01/2026 10:55,15.125,0.001,8.03
02/01/2026 10:25,15,0.001,8.03
02/01/2026 09:55,15,0.001,8.03
02/01/2026 09:25,15,0.001,8.02
02/01/2026 08:55,14.875,0.001,8.02
02/01/2026 08:25,14.875,0.001,8.02
02/01/2026 07:55,15,0.001,8.01
02/01/2026 07:25,15,0.001,8.01
02/01/2026 06:55,14.875,0.001,8.01
02/01/2026 06:25,14.875,0.001,8.01
02/01/2026 05:55,14.875,0.001,8.01
02/01/2026 05:25,14.875,0.001,8.01
02/01/2026 04:55,14.875,0.001,8.01
02/01/2026 04:25,14.875,0.001,8.01
02/01/2026 03:55,15,0.001,8.01
02/01/2026 03:55,15,0.001,8.01
02/01/2026 03:25,15,0.001,8.02
02/01/2026 02:55,15,0.001,8.02
02/01/2026 02:25,15,0.001,8.02
02/01/2026 02:25,15,0.001,8.02
02/01/2026 01:55,14.875,0.001,8.02
02/01/2026 01:25,14.875,0.001,8.02
02/01/2026 00:55,14.875,0.001,8.03
02/01/2026 00:25,15,0.001,8.03
01/01/2026 23:55,15,0.001,8.03
01/01/2026 23:25,15,0.001,8.03
01/01/2026 22:55,15,0.001,8.04
01/01/2026 22:25,15,0.001,8.04
01/01/2026 21:55,15,0.001,8.04
01/01/2026 21:25,15.125,0.001,8.04
01/01/2026 20:55,15,0.001,8.05
01/01/2026 20:25,15.125,0.001,8.05
01/01/2026 19:55,15.125,0.001,8.05
01/01/2026 19:25,15.125,0.001,8.05
01/01/2026 18:55,15.25,0.001,8.06
01/01/2026 18:25,15.25,0.001,8.06
01/01/2026 17:55,15.375,0.001,8.06
01/01/2026 17:25,15.25,0.001,8.06
01/01/2026 16:55,15.5,0.001,8.06
01/01/2026 16:25,15.375,0.001,8.05
01/01/2026 15:55,15.25,0.001,8.05
01/01/2026 15:55,15.25,0.001,8.05
01/01/2026 15:25,15.25,0.001,8.05
01/01/2026 14:55,15.625,0.001,8.05
01/01/2026 14:25,15.25,0.001,8.04
01/01/2026 13:55,15.375,0.001,8.04
01/01/2026 13:25,15.125,0.001,8.03
01/01/2026 12:55,15.25,0.001,8.03
01/01/2026 12:25,15.125,0.001,8.03
01/01/2026 11:55,15.125,0.001,8.02
01/01/2026 11:25,15.125,0.001,8.02
01/01/2026 10:55,15.125,0.001,8.01
01/01/2026 10:25,15.125,0.001,8.01
01/01/2026 09:55,15,0.001,8
01/01/2026 09:25,15.125,0.001,8
01/01/2026 08:55,15,0.001,7.99
01/01/2026 08:25,15,0.001,7.99
01/01/2026 07:55,15,0.001,7.99
01/01/2026 07:25,15,0.001,7.98
01/01/2026 06:55,15,0.001,7.98
01/01/2026 06:25,14.875,0.001,7.98
01/01/2026 05:55,14.875,0.001,7.98
01/01/2026 05:25,15,0.001,7.98
01/01/2026 04:55,15,0.001,7.98
01/01/2026 04:25,15,0.001,7.98
01/01/2026 03:55,14.875,0.001,7.98
01/01/2026 03:25,15,0.001,7.98
01/01/2026 03:25,15,0.001,7.98
01/01/2026 02:55,14.875,0.001,7.99
01/01/2026 02:25,15,0.001,7.99
01/01/2026 01:55,15,0.001,7.99
01/01/2026 01:25,15,0.001,7.99
01/01/2026 00:55,15,0.001,7.99
01/01/2026 00:25,15,0.001,7.99
31/12/2025 23:55,14.875,0.001,7.99
31/12/2025 23:25,15,0.001,7.99
31/12/2025 22:55,15,0.001,8
31/12/2025 22:55,15,0.001,8
31/12/2025 22:25,15,0.001,8
31/12/2025 21:55,15,0.001,8
31/12/2025 21:25,15,0.001,8
31/12/2025 20:55,15.125,0.001,8
31/12/2025 20:25,15,0.001,8
31/12/2025 19:55,15.125,0.001,8.01
31/12/2025 19:25,15.125,0.001,8.01
31/12/2025 18:55,15.25,0.001,8.01
31/12/2025 18:25,15.125,0.001,8.01
31/12/2025 17:55,15.25,0.001,8.01
31/12/2025 17:25,15.375,0.001,8.01
31/12/2025 16:55,15.25,0.001,8.01
31/12/2025 16:25,15.375,0.001,8.01
31/12/2025 15:55,15.25,0.001,8
31/12/2025 15:25,15.25,0.001,8
31/12/2025 14:55,15.625,0.001,8
31/12/2025 14:25,15.25,0.001,7.99
31/12/2025 13:55,15.25,0.001,7.98
31/12/2025 13:25,15.25,0.001,7.98
31/12/2025 12:55,15.125,0.001,7.98
31/12/2025 12:25,15.125,0.001,7.97
31/12/2025 11:55,15.125,0.001,7.97
31/12/2025 11:25,15.125,0.001,7.96
31/12/2025 10:55,15.125,0.001,7.95
31/12/2025 10:25,15.125,0.001,7.95
31/12/2025 09:55,15.125,0.001,7.94
31/12/2025 09:25,15.125,0.001,7.94
31/12/2025 08:55,15,0.001,7.93
31/12/2025 08:25,15,0.001,7.92
31/12/2025 07:55,15,0.001,7.92
31/12/2025 07:25,15.125,0.001,7.91
31/12/2025 06:55,15,0.001,7.91
31/12/2025 06:25,15,0.001,7.9
31/12/2025 05:55,15,0.001,7.9
31/12/2025 05:25,15,0.001,7.9
31/12/2025 04:55,15,0.001,7.9
31/12/2025 04:25,15,0.001,7.9
31/12/2025 03:55,15,0.001,7.9
31/12/2025 03:25,15.125,0.001,7.89
31/12/2025 02:55,15.125,0.001,7.89
31/12/2025 02:25,15,0.001,7.89
31/12/2025 01:55,15,0.001,7.89
31/12/2025 01:25,15,0.001,7.89
31/12/2025 00:55,15.125,0.001,7.89
31/12/2025 00:25,15,0.001,7.89
30/12/2025 23:55,15.125,0.001,7.89
30/12/2025 23:25,15.125,0.001,7.89
30/12/2025 22:55,15.125,0.001,7.89
30/12/2025 22:25,15.125,0.001,7.89
30/12/2025 21:55,15.125,0.001,7.89
30/12/2025 21:25,15.125,0.001,7.88
30/12/2025 20:55,15.25,0.001,7.89
30/12/2025 20:25,15.25,0.001,7.89
30/12/2025 19:55,15.25,0.001,7.89
30/12/2025 19:25,15.375,0.001,7.89
30/12/2025 18:55,15.5,0.001,7.89
30/12/2025 18:55,15.5,0.001,7.89
30/12/2025 18:25,15.5,0.001,7.89
30/12/2025 17:55,15.625,0.001,7.9
30/12/2025 17:25,15.625,0.001,7.9
30/12/2025 17:18,15.75,0.001,7.9
30/12/2025 17:18,15.875,0.001,7.9
30/12/2025 17:17,16,0.001,7.9
30/12/2025 17:17,16,0.001,7.9
30/12/2025 17:17,16,0.001,7.9
30/12/2025 17:17,16.125,0.001,7.9
30/12/2025 17:16,16.25,0.001,7.9
30/12/2025 17:16,16.25,0.001,7.9
30/12/2025 17:16,16.25,0.001,7.9
30/12/2025 16:55,16.25,0.001,7.9
30/12/2025 16:25,16.375,0.001,7.9
30/12/2025 15:55,16.25,0.001,7.91
30/12/2025 15:25,16.25,0.001,7.91
30/12/2025 14:55,16.5,0.001,7.92
30/12/2025 14:25,16.375,0.001,7.93
30/12/2025 13:55,16.125,0.001,7.94
30/12/2025 13:25,16.25,0.001,7.95
30/12/2025 12:55,16.25,0.001,7.96
30/12/2025 12:25,16.375,0.001,7.98
30/12/2025 12:25,16.375,0.001,7.98
30/12/2025 11:55,16.25,0.001,7.99
30/12/2025 11:25,16.25,0.001,8
30/12/2025 10:55,16.25,0.001,8.01
30/12/2025 10:25,16.125,0.001,8.02
30/12/2025 09:55,16.25,0.001,8.02
30/12/2025 09:25,15.875,0.001,8.02
30/12/2025 08:55,15.875,0.001,8.02
30/12/2025 08:25,16,0.001,8.01
30/12/2025 08:25,16,0.001,8.01
30/12/2025 07:55,15.875,0.001,8.01
30/12/2025 07:25,16,0.001,8.01
30/12/2025 06:55,16,0.001,8.01
30/12/2025 06:25,16,0.001,8.01
30/12/2025 05:55,16.125,0.001,8.01
30/12/2025 05:25,16.125,0.001,8.01
30/12/2025 04:55,16.125,0.001,8.01
30/12/2025 04:25,16.125,0.001,8.01
30/12/2025 03:55,16.125,0.001,8.02
30/12/2025 03:25,16.25,0.001,8.02
30/12/2025 02:55,16.125,0.001,8.02
30/12/2025 02:25,16.125,0.001,8.02
30/12/2025 01:55,16.25,0.001,8.03
30/12/2025 01:25,16.125,0.001,8.03
30/12/2025 00:55,16.125,0.001,8.03
30/12/2025 00:25,16.125,0.001,8.03
29/12/2025 23:55,16.125,0.001,8.04
29/12/2025 23:25,16.25,0.001,8.04
29/12/2025 22:55,16.25,0.001,8.04
29/12/2025 22:25,16.25,0.001,8.05
29/12/2025 21:55,16.125,0.001,8.05
29/12/2025 21:25,16.25,0.001,8.05
29/12/2025 20:55,16.25,0.001,8.05
29/12/2025 20:25,16.25,0.001,8.06
29/12/2025 19:55,16.125,0.001,8.06
29/12/2025 19:55,16.125,0.001,8.06
29/12/2025 19:25,16.125,0.001,8.06
29/12/2025 18:55,16.125,0.001,8.06
29/12/2025 18:25,16.25,0.001,8.07
29/12/2025 17:55,16.25,0.001,8.07
29/12/2025 17:25,16.25,0.001,8.07
29/12/2025 16:55,16.25,0.001,8.06
29/12/2025 16:55,16.25,0.001,8.06
29/12/2025 16:25,16.25,0.001,8.06
29/12/2025 15:55,16.375,0.001,8.06
29/12/2025 15:25,16.375,0.001,8.06
29/12/2025 14:55,16.25,0.001,8.05
29/12/2025 14:25,16.25,0.001,8.05
29/12/2025 13:55,16.25,0.001,8.05
29/12/2025 13:25,16.25,0.001,8.04
29/12/2025 12:55,16.125,0.001,8.04
29/12/2025 12:25,16.25,0.001,8.04
29/12/2025 11:55,16.125,0.001,8.03
29/12/2025 11:25,16.125,0.001,8.03
29/12/2025 10:55,16,0.001,8.03
29/12/2025 10:25,16,0.001,8.03
29/12/2025 09:55,16.125,0.001,8.02
29/12/2025 09:25,16,0.001,8.02
29/12/2025 08:55,16,0.001,8.02
29/12/2025 08:25,16,0.001,8.01
29/12/2025 07:55,16,0.001,8.01
29/12/2025 07:25,16,0.001,8.01
29/12/2025 06:55,16,0.001,8.01
29/12/2025 06:25,15.875,0.001,8.01
29/12/2025 05:55,16,0.001,8.01
29/12/2025 05:25,16,0.001,8.02
29/12/2025 04:55,16,0.001,8.02
29/12/2025 04:25,16.125,0.001,8.02
29/12/2025 03:55,16,0.001,8.02
29/12/2025 03:25,16,0.001,8.03
29/12/2025 02:55,16.125,0.001,8.03
29/12/2025 02:25,15.875,0.001,8.03
29/12/2025 01:55,16,0.001,8.03
29/12/2025 01:25,16.125,0.001,8.04
29/12/2025 00:55,16,0.001,8.04
29/12/2025 00:25,16,0.001,8.04
28/12/2025 23:55,16,0.001,8.04
28/12/2025 23:25,16.125,0.001,8.05
28/12/2025 22:55,16,0.001,8.05
28/12/2025 22:25,16,0.001,8.05
28/12/2025 21:55,15.875,0.001,8.05
28/12/2025 21:25,16,0.001,8.05
28/12/2025 20:55,16,0.001,8.06
28/12/2025 20:55,16,0.001,8.06
28/12/2025 20:51,15.875,0.001,8.06
28/12/2025 20:25,16,0.001,8.06
28/12/2025 19:55,16,0.001,8.06
28/12/2025 19:25,16,0.001,8.06
28/12/2025 18:55,16,0.001,8.07
28/12/2025 18:25,16,0.001,8.07
28/12/2025 17:55,16.125,0.001,8.07
28/12/2025 17:25,16,0.001,8.07
28/12/2025 16:55,16.125,0.001,8.07
28/12/2025 16:25,16.125,0.001,8.06
28/12/2025 15:55,16.125,0.001,8.06
28/12/2025 15:25,16.25,0.001,8.06
28/12/2025 14:55,16.375,0.001,8.06
28/12/2025 14:25,16.125,0.001,8.05
28/12/2025 14:25,16.125,0.001,8.05
28/12/2025 13:55,16.25,0.001,8.05
28/12/2025 13:25,16.125,0.001,8.05
28/12/2025 12:55,16.125,0.001,8.04
28/12/2025 12:25,16,0.001,8.04
28/12/2025 11:55,16.125,0.001,8.04
28/12/2025 11:25,16,0.001,8.04
28/12/2025 10:55,16,0.001,8.03
28/12/2025 10:55,16,0.001,8.03
28/12/2025 10:25,16,0.001,8.03
28/12/2025 09:55,15.875,0.001,8.02
28/12/2025 09:25,16.125,0.001,8.02
28/12/2025 08:55,16.125,0.001,8.02
28/12/2025 08:25,16,0.001,8.01
28/12/2025 07:55,16,0.001,8.01
28/12/2025 07:25,16,0.001,8.01
28/12/2025 06:55,15.875,0.001,8.01
28/12/2025 06:25,15.875,0.001,8
28/12/2025 05:55,16,0.001,8.01
28/12/2025 05:25,15.875,0.001,8.01
28/12/2025 04:55,16.125,0.001,8.01
28/12/2025 04:25,16,0.001,8.01
28/12/2025 03:55,15.875,0.001,8.01
28/12/2025 03:25,15.875,0.001,8.02
28/12/2025 02:55,16,0.001,8.02
28/12/2025 02:25,16,0.001,8.02
28/12/2025 01:55,15.875,0.001,8.02
28/12/2025 01:25,16,0.001,8.02
28/12/2025 00:55,16,0.001,8.03
28/12/2025 00:25,15.875,0.001,8.03
28/12/2025 00:25,15.875,0.001,8.03
27/12/2025 23:55,15.875,0.001,8.03
27/12/2025 23:25,16,0.001,8.03
27/12/2025 22:55,16,0.001,8.04
27/12/2025 22:25,15.875,0.001,8.03
27/12/2025 21:55,16,0.001,8.04
27/12/2025 21:25,16,0.001,8.04
27/12/2025 20:55,15.875,0.001,8.04
27/12/2025 20:25,15.875,0.001,8.04
27/12/2025 19:55,15.875,0.001,8.05
27/12/2025 19:25,15.875,0.001,8.05
27/12/2025 18:55,16,0.001,8.05
27/12/2025 18:25,15.875,0.001,8.05
27/12/2025 17:55,15.875,0.001,8.05
27/12/2025 17:25,15.875,0.001,8.05
27/12/2025 16:55,15.875,0.001,8.05
27/12/2025 16:25,16,0.001,8.05
27/12/2025 15:55,15.875,0.001,8.05
27/12/2025 15:25,15.875,0.001,8.04
27/12/2025 14:55,16.25,0.001,8.04
27/12/2025 14:25,16,0.001,8.04
27/12/2025 13:55,16,0.001,8.03
27/12/2025 13:25,15.875,0.001,8.03
27/12/2025 12:55,16,0.001,8.03
27/12/2025 12:25,15.875,0.001,8.02
27/12/2025 11:55,15.875,0.001,8.02
27/12/2025 11:25,15.875,0.001,8.02
27/12/2025 10:55,16,0.001,8.01
27/12/2025 10:25,15.75,0.001,8.01
27/12/2025 09:55,15.875,0.001,8
27/12/2025 09:25,15.875,0.001,8
27/12/2025 08:55,15.75,0.001,8
27/12/2025 08:25,15.75,0.001,7.99
27/12/2025 07:55,15.75,0.001,7.99
27/12/2025 07:25,15.75,0.001,7.99
27/12/2025 06:55,16.625,0.001,7.99
27/12/2025 06:25,15.625,0.001,7.99
27/12/2025 05:55,16.625,0.001,7.99
27/12/2025 05:25,15.75,0.001,7.99
27/12/2025 04:55,15.875,0.001,7.99
27/12/2025 04:25,15.875,0.001,7.99
27/12/2025 03:55,15.75,0.001,8
27/12/2025 03:25,16,0.001,8
27/12/2025 02:55,16,0.001,8
27/12/2025 02:25,15.875,0.001,8
27/12/2025 02:25,15.875,0.001,8
27/12/2025 01:55,16,0.001,8.01
27/12/2025 01:25,15.875,0.001,8.01
27/12/2025 00:55,16,0.001,8.01
27/12/2025 00:25,16.125,0.001,8.01
26/12/2025 23:55,16,0.001,8.01
26/12/2025 23:25,16.125,0.001,8.01
26/12/2025 22:55,16.25,0.001,8.02
26/12/2025 22:25,16,0.001,8.02
26/12/2025 21:55,16,0.001,8.02
26/12/2025 21:25,16.125,0.001,8.02
26/12/2025 20:55,16.125,0.001,8.02
26/12/2025 20:55,16.125,0.001,8.02
26/12/2025 20:25,16.125,0.001,8.03
26/12/2025 19:55,16.125,0.001,8.03
26/12/2025 19:25,16,0.001,8.03
26/12/2025 18:55,16.125,0.001,8.03
26/12/2025 18:25,16,0.001,8.04
26/12/2025 17:55,16.125,0.001,8.03
26/12/2025 17:25,16.25,0.001,8.04
26/12/2025 16:55,16.25,0.001,8.03
26/12/2025 16:25,16.25,0.001,8.03
26/12/2025 15:55,16.25,0.001,8.03
26/12/2025 15:25,16.25,0.001,8.03
26/12/2025 14:55,16.25,0.001,8.02
26/12/2025 14:25,16.375,0.001,8.02
26/12/2025 13:55,16.125,0.001,8.02
26/12/2025 13:25,16.25,0.001,8.01
26/12/2025 12:55,16.125,0.001,8.01
26/12/2025 12:25,16.125,0.001,8.01
26/12/2025 11:55,16.125,0.001,8.01
26/12/2025 11:25,16,0.001,8.01
26/12/2025 10:55,16.125,0.001,8.01
26/12/2025 10:25,16.125,0.001,8.01
26/12/2025 09:55,15.875,0.001,8
26/12/2025 09:25,16.125,0.001,8
26/12/2025 08:55,16,0.001,8
26/12/2025 08:25,16.25,0.001,8
26/12/2025 07:55,16,0.001,7.99
26/12/2025 07:25,16,0.001,7.99
26/12/2025 06:55,16,0.001,7.99
26/12/2025 06:25,15.875,0.001,7.99
26/12/2025 05:55,16,0.001,7.99
26/12/2025 05:25,15.875,0.001,7.99
26/12/2025 04:55,15.875,0.001,7.99
26/12/2025 04:25,16.125,0.001,7.99
26/12/2025 03:55,16.125,0.001,8
26/12/2025 03:25,16,0.001,8
26/12/2025 02:55,16,0.001,8
26/12/2025 02:25,16,0.001,8
26/12/2025 01:55,16,0.001,8
26/12/2025 01:25,16,0.001,8
26/12/2025 00:55,16,0.001,8.01
26/12/2025 00:25,16,0.001,8.01
25/12/2025 23:55,16,0.001,8.01
25/12/2025 23:25,15.875,0.001,8.01
25/12/2025 22:55,16.125,0.001,8.01
25/12/2025 22:25,16,0.001,8.01
25/12/2025 21:55,16.125,0.001,8.02
25/12/2025 21:25,16,0.001,8.02
25/12/2025 20:55,16.125,0.001,8.02
25/12/2025 20:25,16.125,0.001,8.02
25/12/2025 19:55,16.125,0.001,8.02
25/12/2025 19:25,16.125,0.001,8.03
25/12/2025 18:55,16,0.001,8.03
25/12/2025 18:25,16.125,0.001,8.03
25/12/2025 17:55,16.125,0.001,8.03
25/12/2025 17:25,16.125,0.001,8.03
25/12/2025 16:55,16.25,0.001,8.03
25/12/2025 16:25,16.25,0.001,8.03
25/12/2025 15:55,16.125,0.001,8.02
25/12/2025 15:25,16.125,0.001,8.02
25/12/2025 14:55,16.25,0.001,8.02
25/12/2025 14:25,16.25,0.001,8.01
25/12/2025 13:55,16.125,0.001,8.01
25/12/2025 13:25,16.25,0.001,8.01
25/12/2025 12:55,16,0.001,8
25/12/2025 12:25,16,0.001,8
25/12/2025 12:25,16,0.001,8
25/12/2025 11:55,15.875,0.001,7.99
25/12/2025 11:25,15.875,0.001,7.99
25/12/2025 10:55,15.875,0.001,7.99
25/12/2025 10:25,15.875,0.001,7.98
25/12/2025 09:55,15.75,0.001,7.98
25/12/2025 09:25,16,0.001,7.98
25/12/2025 08:55,15.875,0.001,7.97
25/12/2025 08:25,16,0.001,7.97
25/12/2025 07:55,15.875,0.001,7.96
25/12/2025 07:25,15.875,0.001,7.96
25/12/2025 06:55,15.875,0.001,7.96
25/12/2025 06:55,15.875,0.001,7.96
25/12/2025 06:25,15.875,0.001,7.96
25/12/2025 05:55,15.875,0.001,7.96
25/12/2025 05:25,15.875,0.001,7.96
25/12/2025 04:55,16,0.001,7.96
25/12/2025 04:25,15.875,0.001,7.96
25/12/2025 03:55,15.875,0.001,7.96
25/12/2025 03:25,16,0.001,7.96
25/12/2025 02:55,15.875,0.001,7.97
25/12/2025 02:25,16,0.001,7.97
25/12/2025 01:55,16,0.001,7.97
25/12/2025 01:25,16.125,0.001,7.97
25/12/2025 00:55,16,0.001,7.97
25/12/2025 00:25,16.125,0.001,7.97
24/12/2025 23:55,16.125,0.001,7.97
24/12/2025 23:25,16,0.001,7.98
24/12/2025 22:55,16.125,0.001,7.98
24/12/2025 22:25,16,0.001,7.98
24/12/2025 21:55,16.125,0.001,7.98
24/12/2025 21:25,16,0.001,7.98
24/12/2025 20:55,16,0.001,7.98
24/12/2025 20:25,16.125,0.001,7.99
24/12/2025 19:55,16,0.001,7.99
24/12/2025 19:25,16.125,0.001,7.99
24/12/2025 18:55,16.25,0.001,7.99
24/12/2025 18:25,16.125,0.001,7.99
24/12/2025 17:55,16.25,0.001,7.99
24/12/2025 17:25,16.25,0.001,7.99
24/12/2025 16:55,16.25,0.001,7.99
24/12/2025 16:25,16.375,0.001,7.99
24/12/2025 15:55,16.25,0.001,7.98
24/12/2025 15:25,16.375,0.001,7.98
24/12/2025 14:55,16.25,0.001,7.97
24/12/2025 14:25,16.5,0.001,7.97
24/12/2025 13:55,16.25,0.001,7.96
24/12/2025 13:25,16.125,0.001,7.96
24/12/2025 12:55,16.25,0.001,7.95
24/12/2025 12:25,16.25,0.001,7.94
24/12/2025 11:55,16.25,0.001,7.94
24/12/2025 11:25,16.125,0.001,7.93
24/12/2025 10:55,16,0.001,7.92
24/12/2025 10:25,16.125,0.001,7.92
24/12/2025 09:55,16.125,0.001,7.91
24/12/2025 09:25,16.125,0.001,7.91
24/12/2025 09:25,16.125,0.001,7.91
24/12/2025 08:55,16.125,0.001,7.9
24/12/2025 08:25,16.125,0.001,7.89
24/12/2025 07:55,16.25,0.001,7.88
24/12/2025 07:25,16.125,0.001,7.88
24/12/2025 06:55,16.125,0.001,7.88
24/12/2025 06:25,16.125,0.001,7.87
24/12/2025 05:55,16,0.001,7.87
24/12/2025 05:25,16,0.001,7.87
24/12/2025 04:55,16,0.001,7.87
24/12/2025 04:25,16.125,0.001,7.86
24/12/2025 03:55,16,0.001,7.86
24/12/2025 03:25,16,0.001,7.85
24/12/2025 02:55,16,0.001,7.85
24/12/2025 02:25,16,0.001,7.85
24/12/2025 01:55,15.875,0.001,7.84
24/12/2025 01:25,16,0.001,7.84
24/12/2025 00:55,15.875,0.001,7.83
24/12/2025 00:25,15.75,0.001,7.83
23/12/2025 23:55,16.125,0.001,7.82
23/12/2025 23:25,16,0.001,7.82
23/12/2025 22:55,16,0.001,7.81
23/12/2025 22:45,16.125,0.001,7.81
23/12/2025 22:25,16.125,0.001,7.8
23/12/2025 21:55,16.25,0.001,7.79
23/12/2025 21:25,16,0.001,7.78
23/12/2025 20:55,16.125,0.001,7.79
23/12/2025 20:25,16,0.001,7.8
23/12/2025 19:55,16,0.001,7.82
23/12/2025 19:25,15.875,0.001,7.83
23/12/2025 18:55,15.75,0.001,7.83
23/12/2025 18:25,15.75,0.001,7.82
23/12/2025 17:58,16.125,0.001,7.81
23/12/2025 17:55,16.125,0.001,7.8
23/12/2025 17:25,16.125,0.001,7.77
23/12/2025 16:55,16.25,0.001,7.73
23/12/2025 16:25,16,0.001,7.65
23/12/2025 15:55,16.25,0.001,7.55
23/12/2025 15:25,16.125,0.001,7.36
23/12/2025 14:55,16.25,0.001,7.07
23/12/2025 14:25,16.125,0.001,6.79
23/12/2025 13:55,16.125,0.001,6.58
23/12/2025 13:25,15.875,0.001,6.52
23/12/2025 13:25,15.875,0.001,6.63
27/10/2025 09:55,26.375,0.007,6.75
27/10/2025 09:25,26,0.007,6.75
27/10/2025 09:25,26,0.007,6.75
27/10/2025 08:55,25.75,0.007,6.75
27/10/2025 08:25,25.125,0.007,6.75
27/10/2025 07:55,25.125,0.007,6.74
27/10/2025 07:25,25,0.007,6.74
27/10/2025 06:55,24.875,0.007,6.74
27/10/2025 06:25,24.875,0.007,6.74
27/10/2025 05:55,24.875,0.007,6.74
27/10/2025 05:25,25,0.007,6.74
27/10/2025 05:25,25,0.007,6.74
27/10/2025 04:55,24.875,0.007,6.74
27/10/2025 04:25,25,0.007,6.74
27/10/2025 03:55,25,0.007,6.74
27/10/2025 03:25,24.75,0.007,6.74
27/10/2025 02:55,25,0.007,6.74
27/10/2025 02:25,25,0.007,6.74
27/10/2025 01:55,25.125,0.007,6.74
27/10/2025 01:25,25,0.007,6.74
27/10/2025 00:55,25,0.007,6.74
27/10/2025 00:25,25,0.007,6.74
26/10/2025 23:55,25.125,0.007,6.74
26/10/2025 23:25,25,0.007,6.74
26/10/2025 22:55,25,0.007,6.74
26/10/2025 22:25,25.125,0.007,6.74
26/10/2025 21:55,25,0.007,6.74
26/10/2025 21:25,25,0.007,6.74
26/10/2025 20:55,25,0.007,6.74
26/10/2025 20:25,25.125,0.007,6.74
26/10/2025 19:55,25,0.006,6.74
26/10/2025 19:25,25.125,0.006,6.74
26/10/2025 18:55,25,0.006,6.74
26/10/2025 18:25,25.25,0.006,6.74
26/10/2025 17:55,25.375,0.007,6.74
26/10/2025 17:25,25.375,0.006,6.74
26/10/2025 16:55,25.375,0.006,6.74
26/10/2025 16:25,25.625,0.006,6.74
26/10/2025 15:55,25.5,0.006,6.74
26/10/2025 15:25,25.5,0.006,6.75
26/10/2025 14:55,25.625,0.006,6.74
26/10/2025 14:25,25.875,0.006,6.75
26/10/2025 13:55,26.125,0.006,6.75
26/10/2025 13:25,25.875,0.006,6.75
26/10/2025 12:55,26,0.006,6.75
26/10/2025 12:25,25.625,0.006,6.75
26/10/2025 11:55,25.25,0.006,6.74
26/10/2025 11:25,25.25,0.006,6.74
26/10/2025 10:55,25,0.006,6.74
26/10/2025 10:25,25.125,0.006,6.74
26/10/2025 09:55,25,0.006,6.74
26/10/2025 09:25,25.125,0.006,6.73
26/10/2025 08:55,25,0.006,6.73
26/10/2025 08:25,24.875,0.006,6.73
26/10/2025 07:55,24.875,0.006,6.73
26/10/2025 07:25,25,0.006,6.73
26/10/2025 06:55,25.125,0.006,6.73
26/10/2025 06:25,25,0.006,6.73
26/10/2025 05:55,24.875,0.006,6.73
26/10/2025 05:25,25.125,0.006,6.73
26/10/2025 04:55,25,0.006,6.73
26/10/2025 04:25,25.25,0.006,6.73
26/10/2025 03:55,25.125,0.006,6.73
26/10/2025 03:25,25.25,0.006,6.73
26/10/2025 02:55,25,0.006,6.73
26/10/2025 02:25,25.125,0.006,6.73
26/10/2025 01:55,25.25,0.006,6.73
26/10/2025 01:25,25.375,0.006,6.73
26/10/2025 01:55,25.375,0.006,6.73
26/10/2025 01:25,25.25,0.005,6.73
26/10/2025 00:55,25.375,0.005,6.73
26/10/2025 00:55,25.375,0.005,6.73
26/10/2025 00:25,25.625,0.005,6.73
25/10/2025 23:55,25.5,0.005,6.73
25/10/2025 23:25,25.625,0.005,6.73
25/10/2025 22:55,25.875,0.005,6.73
25/10/2025 22:25,25.75,0.005,6.73
25/10/2025 21:55,25.75,0.005,6.74
25/10/2025 21:25,26,0.005,6.73
25/10/2025 20:55,26.125,0.005,6.73
25/10/2025 20:25,26.25,0.005,6.74
25/10/2025 19:55,26.375,0.005,6.73
25/10/2025 19:25,26.625,0.005,6.74
25/10/2025 18:55,26.5,0.005,6.74
25/10/2025 18:25,25.75,0.005,6.74
25/10/2025 17:55,26.625,0.005,6.74
25/10/2025 17:25,27,0.005,6.74
25/10/2025 16:55,27.125,0.005,6.74
25/10/2025 16:25,27.125,0.005,6.74
25/10/2025 15:55,27,0.005,6.74
25/10/2025 15:25,26.875,0.005,6.74
25/10/2025 14:55,26.875,0.005,6.74
25/10/2025 14:25,27.25,0.005,6.74
25/10/2025 13:55,27.125,0.005,6.74
25/10/2025 13:25,26.875,0.005,6.74
25/10/2025 12:55,26.75,0.005,6.73
25/10/2025 12:25,27,0.005,6.73
25/10/2025 11:55,25.75,0.004,6.73
25/10/2025 11:25,26.875,0.004,6.73
25/10/2025 10:55,25.875,0.004,6.74
25/10/2025 10:40,26.75,0.004,6.74
25/10/2025 10:25,27.75,0.004,6.74
25/10/2025 09:55,27.875,0.004,6.74
25/10/2025 09:25,27.875,0.004,6.74
25/10/2025 08:55,27.875,0.004,6.74
25/10/2025 08:25,28,0.004,6.74
25/10/2025 07:55,28,0.004,6.74
25/10/2025 07:25,27.875,0.004,6.74
25/10/2025 06:55,27.875,0.004,6.74
25/10/2025 06:25,28,0.004,6.74
25/10/2025 05:55,27.875,0.004,6.74
25/10/2025 05:25,27.875,0.004,6.74
25/10/2025 04:55,28,0.004,6.74
25/10/2025 04:25,28,0.004,6.74
25/10/2025 03:55,28,0.004,6.74
25/10/2025 03:25,28,0.004,6.74
25/10/2025 02:55,27.875,0.004,6.74
25/10/2025 02:25,28,0.004,6.74
25/10/2025 01:55,27.875,0.004,6.74
25/10/2025 01:25,28.125,0.004,6.74
25/10/2025 00:55,28.25,0.004,6.74
25/10/2025 00:25,28.125,0.004,6.74
24/10/2025 23:55,28.25,0.004,6.74
24/10/2025 23:25,28.25,0.005,6.74
24/10/2025 22:55,28.5,0.005,6.74
24/10/2025 22:25,28.75,0.005,6.74
24/10/2025 21:55,28.75,0.005,6.74
24/10/2025 21:25,29,0.005,6.75
24/10/2025 20:55,29.125,0.005,6.75
24/10/2025 20:25,29,0.005,6.75
24/10/2025 19:55,29.125,0.005,6.75
24/10/2025 19:25,29.375,0.005,6.76
24/10/2025 18:55,29.5,0.005,6.76
24/10/2025 18:25,29.875,0.005,6.76
24/10/2025 18:25,29.875,0.005,6.76
24/10/2025 17:55,30.125,0.005,6.77
24/10/2025 17:25,30.375,0.005,6.77
24/10/2025 16:55,31.625,0.006,6.78
24/10/2025 16:25,30.875,0.006,6.78
24/10/2025 15:55,30.875,0.006,6.79
24/10/2025 15:25,30.75,0.007,6.79
24/10/2025 14:55,30.75,0.007,6.8
24/10/2025 14:25,30.25,0.008,6.8
24/10/2025 13:55,29.375,0.009,6.8
24/10/2025 13:50,28.5,0.01,6.79
24/10/2025 13:25,26.875,0.011,6.76
24/10/2025 13:08,25.625,0.013,6.7
