Declared,Temperature,NH3,pH
22/09/2026 15:12,15.125,0.001,7.97
22/09/2026 14:41,15,0.001,7.97
22/09/2026 14:12,14.625,0.001,7.97
22/09/2026 13:41,14.25,0.001,7.96
22/09/2026 13:11,14,0.001,7.96
22/09/2026 12:41,14.625,0.001,7.96
22/09/2026 12:11,14.875,0.001,7.96
22/09/2026 11:41,15.375,0.001,7.96
22/09/2026 11:11,15.875,0.001,7.95
22/09/2026 10:41,15.75,0.001,7.95
22/09/2026 10:11,16.625,0.001,7.94
22/09/2026 09:41,15.625,0.001,7.94
22/09/2026 09:11,15.375,0.001,7.93
22/09/2026 08:41,15.25,0.001,7.93
22/09/2026 08:11,15.25,0.001,7.92
22/09/2026 07:41,15.125,0.001,7.92
22/09/2026 07:11,15.125,0.001,7.91
22/09/2026 06:41,14.875,0.001,7.9
22/09/2026 06:11,14.875,0.001,7.9
22/09/2026 05:41,13.75,0.001,7.9
22/09/2026 05:11,13.75,0.001,7.89
22/09/2026 04:41,14.625,0.001,7.9
22/09/2026 04:11,14.625,0.001,7.9
22/09/2026 03:41,14.625,0.001,7.91
22/09/2026 03:11,14.5,0.001,7.91
22/09/2026 02:41,14.375,0.001,7.92
22/09/2026 02:11,14.375,0.001,7.92
22/09/2026 01:41,14,0.001,7.93
22/09/2026 01:11,13.875,0.001,7.93
22/09/2026 00:41,14.25,0.001,7.94
22/09/2026 00:11,15,0.001,7.94
21/09/2026 23:41,15.625,0.001,7.94
21/09/2026 23:11,16.125,0.001,7.94
21/09/2026 22:41,16.875,0.001,7.93
21/09/2026 22:11,17,0.001,7.92
21/09/2026 21:41,16.875,0.001,7.93
21/09/2026 21:11,16.875,0.001,7.93
21/09/2026 20:41,16.875,0.001,7.92
21/09/2026 20:11,16.875,0.001,7.93
21/09/2026 19:41,16.875,0.001,7.93
21/09/2026 19:02,16.875,0.001,7.94
21/09/2026 18:12,16.75,0.001,7.94
21/09/2026 17:42,16.875,0.001,7.94
21/09/2026 17:12,16.75,0.001,7.94
21/09/2026 16:42,16.5,0.001,7.94
21/09/2026 16:12,16.375,0.001,7.94
21/09/2026 15:42,16.375,0.001,7.93
21/09/2026 15:12,16,0.001,7.93
21/09/2026 14:42,15.875,0.001,7.93
21/09/2026 14:12,15.875,0.001,7.92
21/09/2026 13:42,15.625,0.001,7.92
21/09/2026 13:12,15.625,0.001,7.92
21/09/2026 12:42,15.375,0.001,7.92
21/09/2026 12:12,15.125,0.001,7.93
21/09/2026 11:41,15.375,0.001,7.93
21/09/2026 11:11,15.75,0.001,7.93
21/09/2026 10:41,15.75,0.001,7.93
21/09/2026 10:01,15.5,0.001,7.94
21/09/2026 09:31,15.375,0.001,7.95
21/09/2026 09:01,15,0.001,7.95
21/09/2026 08:31,15,0.001,7.96
21/09/2026 08:01,15.25,0.001,7.95
21/09/2026 07:21,15.25,0.001,7.95
21/09/2026 06:51,15,0.001,7.94
21/09/2026 06:21,15,0.001,7.93
21/09/2026 05:51,14.875,0.001,7.93
21/09/2026 05:21,14.875,0.001,7.93
21/09/2026 04:41,14.5,0.001,7.94
21/09/2026 04:11,14.625,0.001,7.94
21/09/2026 03:41,14.5,0.001,7.94
21/09/2026 03:11,14.375,0.001,7.94
21/09/2026 02:41,14.375,0.001,7.95
21/09/2026 02:11,13.75,0.001,7.95
21/09/2026 02:01,14.125,0.001,7.96
21/09/2026 02:01,13.75,0.001,7.95
21/09/2026 01:21,13.75,0.001,7.97
21/09/2026 00:51,13.75,0.001,7.98
21/09/2026 00:20,14.375,0.001,7.98
20/09/2026 23:50,15,0.001,7.98
20/09/2026 23:20,15.75,0.001,7.99
20/09/2026 22:40,16.25,0.002,7.98
20/09/2026 22:10,16.5,0.002,7.97
20/09/2026 21:40,16.5,0.002,7.97
20/09/2026 21:10,16.375,0.002,7.97
20/09/2026 20:40,16.25,0.002,7.97
20/09/2026 20:10,16.25,0.002,7.97
20/09/2026 19:40,16.25,0.002,7.97
20/09/2026 19:00,16.25,0.002,7.99
20/09/2026 18:30,16,0.002,7.99
20/09/2026 18:00,15.875,0.002,7.99
20/09/2026 17:30,15.875,0.002,7.99
20/09/2026 17:00,15.625,0.002,7.99
20/09/2026 16:20,15.625,0.002,7.98
20/09/2026 15:50,15.375,0.002,7.98
20/09/2026 15:20,15,0.002,7.98
20/09/2026 14:49,14.75,0.001,7.97
20/09/2026 14:19,14.5,0.001,7.97
20/09/2026 13:49,14,0.001,7.97
20/09/2026 13:09,13.75,0.001,7.98
20/09/2026 12:39,14.125,0.001,7.98
20/09/2026 12:09,13.75,0.001,7.97
20/09/2026 11:39,15.25,0.001,7.97
20/09/2026 11:09,15.25,0.002,7.96
20/09/2026 10:39,15.125,0.001,7.96
20/09/2026 10:09,13.75,0.001,7.95
20/09/2026 09:29,14.25,0.001,7.95
20/09/2026 08:59,14.25,0.001,7.95
20/09/2026 08:29,14.25,0.001,7.95
20/09/2026 07:59,14.5,0.001,7.95
20/09/2026 07:29,15,0.002,7.95
20/09/2026 06:49,15.25,0.002,7.93
20/09/2026 06:19,15.25,0.002,7.93
20/09/2026 05:49,15.125,0.002,7.93
20/09/2026 05:19,15.125,0.002,7.94
20/09/2026 04:49,15.125,0.002,7.94
20/09/2026 04:18,15,0.002,7.94
20/09/2026 03:38,15,0.002,7.94
20/09/2026 03:08,15.5,0.002,7.94
20/09/2026 02:38,14.625,0.002,7.94
20/09/2026 02:08,14.5,0.002,7.95
20/09/2026 01:38,14.25,0.001,7.96
20/09/2026 01:08,14,0.001,7.97
20/09/2026 00:28,15.625,0.002,7.98
19/09/2026 23:58,15.125,0.001,7.99
19/09/2026 23:28,16.625,0.001,7.99
19/09/2026 22:58,16,0.002,7.99
19/09/2026 22:28,16.5,0.001,7.98
19/09/2026 21:48,16.375,0.001,7.98
19/09/2026 21:18,16.375,0.001,7.98
19/09/2026 20:48,16.375,0.001,7.98
19/09/2026 20:18,16.375,0.001,7.99
19/09/2026 19:48,16.375,0.001,7.99
19/09/2026 19:18,16.25,0.001,7.99
19/09/2026 18:38,16.125,0.001,7.99
19/09/2026 18:08,16,0.001,8
19/09/2026 17:37,16,0.001,7.99
19/09/2026 17:07,16,0.001,7.99
19/09/2026 16:37,15.625,0.001,7.99
19/09/2026 16:07,15.5,0.001,7.98
19/09/2026 15:27,15.25,0.001,7.98
19/09/2026 14:57,15,0.001,7.98
19/09/2026 14:27,14.875,0.001,7.97
19/09/2026 13:57,14.25,0.001,7.98
19/09/2026 13:27,14.25,0.001,7.99
19/09/2026 12:57,14.375,0.001,7.99
19/09/2026 12:17,14.875,0.001,7.99
19/09/2026 11:47,15.25,0.001,7.99
19/09/2026 11:17,15.75,0.001,7.98
19/09/2026 10:47,15.875,0.001,7.96
19/09/2026 10:17,15.625,0.001,7.96
19/09/2026 09:47,15.5,0.001,7.96
19/09/2026 09:07,15.375,0.001,7.95
19/09/2026 08:37,15.25,0.001,7.96
19/09/2026 08:07,15.25,0.001,7.93
19/09/2026 07:37,15.25,0.001,7.93
19/09/2026 07:06,15.125,0.001,7.94
19/09/2026 06:26,15,0.001,7.93
19/09/2026 05:56,14.875,0.001,7.94
19/09/2026 05:26,15,0.001,7.94
19/09/2026 04:56,14.875,0.001,7.94
19/09/2026 04:26,14.75,0.001,7.94
19/09/2026 03:56,15.625,0.001,7.93
19/09/2026 03:16,14.5,0.001,7.94
19/09/2026 02:46,14.5,0.001,7.94
19/09/2026 02:16,14.375,0.001,7.94
19/09/2026 01:46,14.125,0.001,7.95
19/09/2026 01:16,14.125,0.001,7.96
19/09/2026 00:46,14.25,0.001,7.97
19/09/2026 00:06,14.875,0.001,7.97
18/09/2026 23:36,15.375,0.001,7.97
18/09/2026 23:06,15.875,0.001,7.97
18/09/2026 22:36,16.375,0.001,7.96
18/09/2026 22:06,16.375,0.001,7.96
18/09/2026 21:26,16.375,0.001,7.96
18/09/2026 20:56,16.25,0.001,7.96
18/09/2026 20:25,16.25,0.001,7.96
18/09/2026 19:55,16.25,0.001,7.96
18/09/2026 19:25,16.375,0.001,7.96
18/09/2026 18:45,16.125,0.001,7.97
18/09/2026 18:15,16,0.001,7.97
18/09/2026 17:45,15.875,0.001,7.97
18/09/2026 17:15,16,0.001,7.96
18/09/2026 16:45,15.625,0.001,7.96
18/09/2026 16:15,15.25,0.001,7.96
18/09/2026 16:10,15.25,0.001,7.96
18/09/2026 16:00,15.375,0.001,7.96
18/09/2026 15:30,15.125,0.001,7.96
18/09/2026 15:00,14.875,0.001,7.95
18/09/2026 14:30,14.625,0.001,7.94
18/09/2026 13:49,14.125,0.001,7.95
18/09/2026 13:19,14,0.001,7.97
18/09/2026 12:49,14.375,0.001,7.96
18/09/2026 12:19,13.75,0.001,7.95
18/09/2026 11:49,15,0.001,7.96
18/09/2026 11:19,15.625,0.001,7.94
18/09/2026 10:49,15.5,0.001,7.92
18/09/2026 10:09,15.5,0.001,7.92
18/09/2026 09:39,15.375,0.001,7.91
18/09/2026 09:09,15,0.001,7.91
18/09/2026 08:39,15,0.001,7.91
18/09/2026 08:09,14.875,0.001,7.9
18/09/2026 07:29,13.875,0.001,7.9
18/09/2026 06:59,14.625,0.001,7.9
18/09/2026 06:29,14.625,0.001,7.89
18/09/2026 05:59,14.625,0.001,7.9
18/09/2026 05:29,14.5,0.001,7.9
18/09/2026 04:59,14.375,0.001,7.9
18/09/2026 04:19,14.375,0.001,7.91
18/09/2026 03:49,14.125,0.001,7.91
18/09/2026 03:18,14.125,0.001,7.92
18/09/2026 02:48,14.125,0.001,7.91
18/09/2026 02:18,13.875,0.001,7.92
18/09/2026 01:48,13.875,0.001,7.93
18/09/2026 01:08,13.625,0.001,7.94
18/09/2026 00:38,13.875,0.001,7.95
18/09/2026 00:08,14.375,0.001,7.95
17/09/2026 23:38,15,0.001,7.96
17/09/2026 23:08,15.75,0.001,7.96
17/09/2026 22:38,16.25,0.001,7.96
17/09/2026 21:58,16,0.001,7.95
17/09/2026 21:28,16.125,0.001,7.96
17/09/2026 20:58,16.125,0.001,7.97
17/09/2026 20:28,16,0.001,7.97
17/09/2026 19:58,16.125,0.001,7.96
17/09/2026 19:28,16,0.001,7.95
17/09/2026 18:58,16,0.001,7.95
17/09/2026 18:18,15.875,0.001,7.96
17/09/2026 17:48,15.875,0.001,7.96
17/09/2026 17:18,15.75,0.001,7.97
17/09/2026 16:47,15.625,0.001,7.94
17/09/2026 16:17,15.375,0.001,7.93
17/09/2026 15:47,15.125,0.001,7.93
17/09/2026 15:07,15,0.001,7.92
17/09/2026 14:37,14.5,0.001,7.92
17/09/2026 14:07,14.25,0.001,7.92
17/09/2026 13:37,14.125,0.001,7.95
17/09/2026 13:07,13.875,0.001,7.96
17/09/2026 12:37,14.5,0.001,7.96
17/09/2026 11:57,14.875,0.001,7.96
17/09/2026 11:27,15.375,0.001,7.95
17/09/2026 10:57,15.625,0.001,7.91
17/09/2026 10:26,15.625,0.001,7.91
17/09/2026 09:56,15.375,0.001,7.9
17/09/2026 09:26,15.375,0.001,7.9
17/09/2026 06:29,14.5,0.001,7.9
17/09/2026 06:29,14.75,0.001,7.89
17/09/2026 06:29,15,0.001,7.89
17/09/2026 06:29,15,0.001,7.89
17/09/2026 06:29,15.125,0.001,7.89
17/09/2026 06:09,14.625,0.001,7.89
17/09/2026 05:39,14.375,0.001,7.88
17/09/2026 05:09,14.5,0.001,7.9
17/09/2026 04:39,14.5,0.001,7.91
17/09/2026 04:09,14.375,0.001,7.89
17/09/2026 03:39,14.125,0.001,7.91
17/09/2026 03:09,14.375,0.001,7.92
17/09/2026 02:28,14,0.001,7.92
17/09/2026 01:58,13.875,0.001,7.93
17/09/2026 01:28,14,0.001,7.94
17/09/2026 00:58,13.75,0.001,7.95
17/09/2026 00:28,14.5,0.001,7.95
16/09/2026 23:58,15.125,0.001,7.96
16/09/2026 23:18,15.625,0.001,7.96
16/09/2026 22:48,16,0.001,7.96
16/09/2026 22:18,16.375,0.001,7.95
16/09/2026 21:48,16.25,0.001,7.95
16/09/2026 21:18,16.25,0.001,7.95
16/09/2026 20:48,16.375,0.001,7.95
16/09/2026 20:07,16.125,0.001,7.95
16/09/2026 19:37,16.125,0.001,7.94
16/09/2026 19:06,16.125,0.001,7.94
16/09/2026 18:36,16.125,0.001,7.95
16/09/2026 18:06,16,0.001,7.95
16/09/2026 17:36,16,0.001,7.94
16/09/2026 16:56,15.75,0.001,7.93
16/09/2026 16:26,15.625,0.001,7.93
16/09/2026 15:56,15.25,0.001,7.92
16/09/2026 15:26,15.125,0.001,7.92
16/09/2026 14:56,14.75,0.001,7.92
16/09/2026 14:16,14.5,0.001,7.92
16/09/2026 13:46,14,0.001,7.94
16/09/2026 13:16,13.875,0.001,7.95
16/09/2026 12:46,14,0.001,7.95
16/09/2026 12:16,14.5,0.001,7.95
16/09/2026 11:46,15.125,0.001,7.95
16/09/2026 11:16,15.5,0.001,7.92
16/09/2026 10:36,15.625,0.001,7.9
16/09/2026 10:06,15.375,0.001,7.89
16/09/2026 09:36,15.25,0.001,7.89
16/09/2026 09:06,15.125,0.001,7.88
16/09/2026 08:35,15,0.001,7.88
16/09/2026 08:05,15,0.001,7.88
16/09/2026 07:25,15,0.001,7.87
16/09/2026 06:55,14.875,0.001,7.89
16/09/2026 06:25,13.75,0.001,7.88
16/09/2026 05:55,14.75,0.001,7.88
16/09/2026 05:25,14.375,0.001,7.88
16/09/2026 04:45,14.625,0.001,7.88
16/09/2026 04:15,14.625,0.001,7.89
16/09/2026 03:45,14.5,0.001,7.88
16/09/2026 03:15,14.25,0.001,7.88
16/09/2026 02:45,14.375,0.001,7.88
16/09/2026 02:15,14.375,0.001,7.89
16/09/2026 01:35,14.25,0.001,7.91
16/09/2026 01:05,13.875,0.001,7.92
16/09/2026 00:35,14.375,0.001,7.92
16/09/2026 00:05,15,0.001,7.92
15/09/2026 23:35,15.625,0.001,7.93
15/09/2026 23:05,16,0.001,7.92
15/09/2026 22:35,16.5,0.001,7.9
15/09/2026 21:54,16.5,0.001,7.89
15/09/2026 21:24,16.375,0.001,7.89
15/09/2026 20:54,16.5,0.001,7.9
15/09/2026 20:24,16.375,0.001,7.9
15/09/2026 19:54,16.375,0.001,7.9
15/09/2026 19:14,16.25,0.001,7.9
15/09/2026 18:44,16.125,0.001,7.91
15/09/2026 18:14,16,0.001,7.91
15/09/2026 17:44,16,0.001,7.91
15/09/2026 17:14,15.875,0.001,7.91
15/09/2026 16:44,14.75,0.001,7.91
15/09/2026 16:04,15.375,0.001,7.9
15/09/2026 15:34,15.25,0.001,7.9
15/09/2026 15:04,14.875,0.001,7.9
15/09/2026 14:34,14.625,0.001,7.9
15/09/2026 14:04,14.375,0.001,7.91
15/09/2026 13:24,14,0.001,7.93
15/09/2026 12:54,14.125,0.001,7.92
15/09/2026 12:24,14.25,0.001,7.92
15/09/2026 11:54,14.875,0.001,7.91
15/09/2026 11:23,15.25,0.001,7.89
15/09/2026 10:53,15.375,0.001,7.87
15/09/2026 10:13,15.5,0.001,7.87
15/09/2026 09:43,15.25,0.001,7.87
15/09/2026 09:13,15.125,0.001,7.86
15/09/2026 08:43,15,0.001,7.85
15/09/2026 08:13,14.75,0.001,7.85
15/09/2026 07:33,15.625,0.001,7.85
15/09/2026 07:03,14.625,0.001,7.86
15/09/2026 06:33,14.375,0.001,7.86
15/09/2026 06:03,14.375,0.001,7.87
15/09/2026 05:33,14.375,0.001,7.87
15/09/2026 05:03,14.25,0.001,7.87
15/09/2026 04:23,14,0.001,7.87
15/09/2026 03:53,13.875,0.001,7.87
15/09/2026 03:23,13.875,0.001,7.88
15/09/2026 02:53,14,0.001,7.88
15/09/2026 02:23,12.875,0.001,7.88
15/09/2026 01:53,12.75,0.001,7.89
15/09/2026 01:12,13.375,0.001,7.9
15/09/2026 00:42,13.75,0.001,7.9
15/09/2026 00:12,14.375,0.001,7.9
14/09/2026 23:42,15,0.001,7.9
14/09/2026 23:12,15.5,0.001,7.9
14/09/2026 22:42,16,0.001,7.89
14/09/2026 22:02,16,0.001,7.89
14/09/2026 21:32,16,0.001,7.9
14/09/2026 21:02,16,0.001,7.9
14/09/2026 20:32,16,0.001,7.91
14/09/2026 20:02,15.875,0.001,7.91
14/09/2026 19:22,15.75,0.001,7.91
14/09/2026 18:52,15.875,0.001,7.91
14/09/2026 18:22,15.75,0.001,7.89
14/09/2026 17:52,15.625,0.001,7.9
14/09/2026 17:22,15.375,0.001,7.89
14/09/2026 16:52,15.25,0.001,7.88
14/09/2026 16:12,15.125,0.001,7.87
14/09/2026 15:42,14.625,0.001,7.85
14/09/2026 15:12,14.125,0.001,7.83
14/09/2026 14:42,14,0.001,7.81
14/09/2026 14:11,13.75,0.001,7.77
14/09/2026 13:41,13.125,0.001,7.71
14/09/2026 13:11,13,0.001,7.63
14/09/2026 12:41,13.25,0.001,7.51
14/09/2026 12:11,13.5,0.001,7.32
14/09/2026 11:41,14.25,0.001,7.06
14/09/2026 11:11,14.5,0.001,6.87
12/09/2026 12:43,14.125,0.002,7.93
12/09/2026 12:13,14.625,0.002,7.93
12/09/2026 11:43,15.125,0.002,7.93
12/09/2026 11:13,15.5,0.002,7.93
12/09/2026 10:43,15.5,0.002,7.92
12/09/2026 10:13,15.375,0.002,7.92
12/09/2026 09:43,15.25,0.002,7.91
12/09/2026 09:13,15.125,0.002,7.91
12/09/2026 08:43,15.125,0.002,7.91
12/09/2026 08:13,14.875,0.002,7.9
12/09/2026 07:43,14.75,0.002,7.9
12/09/2026 07:13,14.75,0.002,7.9
12/09/2026 06:43,14.5,0.002,7.89
12/09/2026 06:13,14.375,0.002,7.9
12/09/2026 05:43,14.375,0.002,7.9
12/09/2026 05:13,14.25,0.002,7.9
12/09/2026 04:43,14.125,0.002,7.9
12/09/2026 04:13,14,0.002,7.9
12/09/2026 03:43,14.125,0.002,7.9
12/09/2026 03:13,14,0.002,7.9
12/09/2026 02:43,13.875,0.002,7.91
12/09/2026 02:13,12.875,0.002,7.91
12/09/2026 01:43,13.75,0.002,7.91
12/09/2026 01:13,13.5,0.002,7.91
12/09/2026 00:43,13.875,0.002,7.92
12/09/2026 00:13,14.125,0.002,7.92
11/09/2026 23:43,15,0.002,7.93
11/09/2026 23:13,15.375,0.002,7.93
11/09/2026 22:43,15.875,0.002,7.94
11/09/2026 22:13,15.875,0.002,7.94
11/09/2026 21:43,16,0.002,7.94
11/09/2026 21:13,16,0.002,7.94
11/09/2026 20:43,16,0.002,7.95
11/09/2026 20:13,15.875,0.002,7.95
11/09/2026 19:43,15.875,0.002,7.95
11/09/2026 19:13,16,0.002,7.95
11/09/2026 18:43,15.875,0.002,7.95
11/09/2026 18:13,15.75,0.002,7.95
11/09/2026 17:43,15.75,0.002,7.95
11/09/2026 17:13,15.625,0.002,7.95
11/09/2026 16:43,15.375,0.002,7.95
11/09/2026 16:03,15.375,0.002,7.94
11/09/2026 15:33,15,0.002,7.94
11/09/2026 15:03,15.625,0.002,7.94
11/09/2026 14:33,14.375,0.002,7.93
11/09/2026 14:03,14.25,0.002,7.93
11/09/2026 13:33,13.75,0.002,7.93
11/09/2026 13:03,13.875,0.002,7.92
11/09/2026 12:33,14.25,0.002,7.92
11/09/2026 12:03,14.75,0.002,7.93
11/09/2026 11:33,15.25,0.002,7.93
11/09/2026 11:03,14.75,0.002,7.92
11/09/2026 10:33,15.625,0.002,7.92
11/09/2026 10:03,15.5,0.002,7.92
11/09/2026 09:33,15.25,0.002,7.91
11/09/2026 09:03,15.25,0.002,7.91
11/09/2026 08:33,15.125,0.002,7.9
11/09/2026 08:03,15,0.002,7.9
11/09/2026 07:33,14.875,0.002,7.9
11/09/2026 07:03,14.75,0.002,7.9
11/09/2026 06:33,13.75,0.002,7.9
11/09/2026 06:03,14.625,0.002,7.9
11/09/2026 05:33,14.625,0.002,7.9
11/09/2026 05:03,14.25,0.002,7.9
11/09/2026 04:33,14.5,0.002,7.9
11/09/2026 04:03,14.25,0.002,7.9
11/09/2026 03:33,14.125,0.002,7.9
11/09/2026 03:03,14.375,0.002,7.9
11/09/2026 02:33,14,0.002,7.91
11/09/2026 02:02,14,0.002,7.91
11/09/2026 01:32,13,0.002,7.91
11/09/2026 01:02,13.75,0.002,7.91
11/09/2026 00:32,14.375,0.002,7.92
11/09/2026 00:02,15,0.002,7.92
10/09/2026 23:32,15.375,0.002,7.93
10/09/2026 23:02,16,0.002,7.94
10/09/2026 22:32,16.5,0.002,7.94
10/09/2026 22:02,16.375,0.002,7.94
10/09/2026 21:32,16.5,0.002,7.95
10/09/2026 21:02,16.5,0.002,7.95
10/09/2026 20:32,16.375,0.002,7.95
10/09/2026 20:02,16.375,0.002,7.95
10/09/2026 19:32,16.25,0.002,7.95
10/09/2026 19:02,16.125,0.002,7.96
10/09/2026 18:32,16.25,0.002,7.96
10/09/2026 18:02,16,0.002,7.96
10/09/2026 17:32,16,0.002,7.95
10/09/2026 17:02,15.875,0.002,7.95
10/09/2026 16:32,14.75,0.002,7.95
10/09/2026 16:02,15.375,0.002,7.94
10/09/2026 15:32,15.375,0.002,7.94
10/09/2026 15:02,15.125,0.002,7.93
10/09/2026 14:32,14.75,0.002,7.93
10/09/2026 14:02,14.5,0.002,7.93
10/09/2026 13:32,14.25,0.002,7.92
10/09/2026 13:02,14.25,0.002,7.92
10/09/2026 12:32,14.625,0.002,7.92
10/09/2026 12:02,15.125,0.002,7.92
10/09/2026 11:32,15.5,0.002,7.92
10/09/2026 11:02,15.75,0.002,7.92
10/09/2026 10:32,15.625,0.002,7.91
10/09/2026 10:02,15.625,0.002,7.91
10/09/2026 09:32,15.375,0.002,7.9
10/09/2026 09:02,15.25,0.002,7.9
10/09/2026 08:32,15.25,0.002,7.9
10/09/2026 08:02,15,0.002,7.89
10/09/2026 07:32,15,0.002,7.89
10/09/2026 07:02,14.75,0.002,7.89
10/09/2026 06:32,14.75,0.002,7.89
10/09/2026 06:02,14.75,0.002,7.89
10/09/2026 05:32,14.625,0.002,7.89
10/09/2026 05:02,14.375,0.002,7.89
10/09/2026 04:22,14.5,0.002,7.89
10/09/2026 03:52,14.625,0.002,7.89
10/09/2026 03:22,14.375,0.002,7.89
10/09/2026 02:52,14.375,0.002,7.9
10/09/2026 02:22,14.375,0.002,7.9
10/09/2026 01:52,14.125,0.002,7.9
10/09/2026 01:22,14.125,0.002,7.9
10/09/2026 00:52,14,0.002,7.9
10/09/2026 00:22,14.625,0.002,7.9
09/09/2026 23:52,15,0.002,7.91
09/09/2026 23:22,15.625,0.002,7.92
09/09/2026 22:52,16.125,0.002,7.93
09/09/2026 22:22,16.375,0.002,7.93
09/09/2026 21:52,16.5,0.002,7.93
09/09/2026 21:22,16.375,0.002,7.93
09/09/2026 20:52,16.25,0.002,7.93
09/09/2026 20:22,16.25,0.002,7.93
09/09/2026 19:52,16.25,0.002,7.94
09/09/2026 19:22,16.125,0.002,7.94
09/09/2026 18:52,16,0.002,7.94
09/09/2026 18:22,16.125,0.002,7.94
09/09/2026 17:52,16,0.002,7.94
09/09/2026 17:22,16,0.002,7.93
09/09/2026 16:52,15.75,0.002,7.93
09/09/2026 16:22,15.625,0.002,7.93
09/09/2026 15:52,15.25,0.002,7.92
09/09/2026 15:22,15.125,0.002,7.92
09/09/2026 14:52,14.75,0.002,7.91
09/09/2026 14:22,14.5,0.002,7.91
09/09/2026 13:52,14.25,0.002,7.9
09/09/2026 13:22,14,0.002,7.9
09/09/2026 12:52,14.375,0.002,7.89
09/09/2026 12:22,14.75,0.002,7.9
09/09/2026 11:52,15,0.002,7.9
09/09/2026 11:22,15.5,0.002,7.9
09/09/2026 10:52,14.75,0.002,7.89
09/09/2026 10:22,15.5,0.002,7.89
09/09/2026 09:52,15.25,0.002,7.89
09/09/2026 09:22,15.125,0.002,7.88
09/09/2026 08:52,15.125,0.002,7.87
09/09/2026 08:22,15.25,0.002,7.87
09/09/2026 07:52,15.375,0.002,7.87
09/09/2026 07:22,15.25,0.002,7.87
09/09/2026 06:52,15.125,0.002,7.86
09/09/2026 06:22,15.125,0.002,7.86
09/09/2026 05:52,15.125,0.002,7.86
09/09/2026 05:12,15,0.002,7.86
09/09/2026 04:41,15,0.002,7.86
09/09/2026 04:11,14.875,0.002,7.86
09/09/2026 03:41,14.75,0.002,7.86
09/09/2026 03:11,14.75,0.002,7.86
09/09/2026 02:41,14.875,0.002,7.86
09/09/2026 02:11,14.5,0.002,7.86
09/09/2026 01:41,14.625,0.002,7.86
09/09/2026 01:11,14.25,0.002,7.86
09/09/2026 00:41,14.75,0.002,7.86
09/09/2026 00:11,15.375,0.002,7.87
08/09/2026 23:41,15.625,0.002,7.88
08/09/2026 23:11,16,0.002,7.88
08/09/2026 22:41,16.625,0.002,7.89
08/09/2026 22:11,16.875,0.002,7.89
08/09/2026 21:41,16.875,0.002,7.89
08/09/2026 21:11,16.75,0.002,7.89
08/09/2026 20:41,16.625,0.002,7.89
08/09/2026 20:11,17.625,0.002,7.89
08/09/2026 19:41,15.75,0.002,7.89
08/09/2026 19:11,16.625,0.002,7.89
08/09/2026 18:41,16.5,0.002,7.89
08/09/2026 18:11,16.375,0.002,7.89
08/09/2026 17:41,16.375,0.002,7.89
08/09/2026 17:11,16.125,0.002,7.89
08/09/2026 16:41,16,0.002,7.88
08/09/2026 16:11,15.75,0.002,7.88
08/09/2026 15:41,15.625,0.002,7.87
08/09/2026 15:11,15.375,0.002,7.87
08/09/2026 14:41,15.125,0.002,7.87
08/09/2026 14:11,14.75,0.002,7.86
08/09/2026 13:41,14.5,0.002,7.86
08/09/2026 13:11,14.125,0.002,7.87
08/09/2026 12:41,13.75,0.002,7.87
08/09/2026 12:11,14.875,0.002,7.88
08/09/2026 11:41,15.25,0.002,7.89
08/09/2026 11:11,15.625,0.002,7.9
08/09/2026 10:41,15.375,0.002,7.89
08/09/2026 10:11,15.25,0.002,7.88
08/09/2026 09:41,15.125,0.002,7.88
08/09/2026 09:11,14.75,0.002,7.87
08/09/2026 08:41,14.625,0.002,7.87
08/09/2026 08:11,15,0.002,7.87
08/09/2026 07:41,15.25,0.002,7.87
08/09/2026 07:11,15.25,0.002,7.86
08/09/2026 06:41,15.125,0.002,7.86
08/09/2026 06:11,15.125,0.002,7.86
08/09/2026 05:41,15,0.002,7.86
08/09/2026 05:01,15,0.002,7.86
08/09/2026 04:31,14.875,0.002,7.86
08/09/2026 04:01,14.875,0.002,7.86
08/09/2026 03:31,14.875,0.002,7.86
08/09/2026 03:01,14.75,0.002,7.86
08/09/2026 02:21,14.375,0.002,7.86
08/09/2026 01:51,14.25,0.002,7.86
08/09/2026 01:20,14.25,0.002,7.86
08/09/2026 00:50,14.25,0.002,7.86
08/09/2026 00:20,15,0.002,7.87
07/09/2026 23:50,15.5,0.002,7.87
07/09/2026 23:20,16.125,0.002,7.88
07/09/2026 22:50,17.625,0.002,7.88
07/09/2026 22:20,16.875,0.002,7.89
07/09/2026 21:40,16.75,0.002,7.89
07/09/2026 21:10,16.75,0.002,7.88
07/09/2026 20:40,16.75,0.002,7.89
07/09/2026 20:10,16.75,0.002,7.88
07/09/2026 19:40,16.75,0.002,7.88
07/09/2026 19:00,16.625,0.002,7.89
07/09/2026 18:30,16.5,0.002,7.89
07/09/2026 18:00,16.375,0.002,7.88
07/09/2026 17:30,16.375,0.002,7.88
07/09/2026 17:00,16,0.002,7.87
07/09/2026 16:30,16,0.002,7.87
07/09/2026 15:50,15.875,0.002,7.86
07/09/2026 15:20,15.625,0.002,7.86
07/09/2026 14:50,15.375,0.002,7.85
07/09/2026 14:19,15,0.002,7.85
07/09/2026 13:49,14.625,0.002,7.85
07/09/2026 13:19,14.125,0.002,7.85
07/09/2026 12:39,14.625,0.002,7.86
07/09/2026 12:09,15,0.002,7.87
07/09/2026 11:39,15.375,0.002,7.89
07/09/2026 11:09,15.75,0.002,7.9
07/09/2026 10:39,15.625,0.002,7.9
07/09/2026 09:59,15.5,0.002,7.91
07/09/2026 09:29,15.25,0.002,7.91
07/09/2026 08:59,15,0.002,7.91
07/09/2026 08:29,14.875,0.002,7.9
07/09/2026 07:59,14.75,0.002,7.9
07/09/2026 07:19,14.625,0.002,7.89
07/09/2026 06:49,14.5,0.002,7.89
07/09/2026 06:19,14.125,0.002,7.89
07/09/2026 05:49,14.125,0.002,7.89
07/09/2026 05:19,14.25,0.002,7.9
07/09/2026 04:49,14,0.002,7.9
07/09/2026 04:08,13.875,0.002,7.9
07/09/2026 03:38,14,0.002,7.9
07/09/2026 03:08,12.75,0.002,7.9
07/09/2026 02:38,12.875,0.002,7.9
07/09/2026 02:08,13.5,0.002,7.9
07/09/2026 01:28,13.375,0.002,7.91
07/09/2026 00:58,13.5,0.002,7.9
07/09/2026 00:28,13.875,0.002,7.91
06/09/2026 23:58,14.625,0.002,7.92
06/09/2026 23:28,15.25,0.002,7.93
06/09/2026 22:58,15.875,0.002,7.94
06/09/2026 22:28,16.25,0.002,7.94
06/09/2026 21:58,16.25,0.002,7.95
06/09/2026 21:28,16.25,0.002,7.95
06/09/2026 20:58,16.25,0.002,7.95
06/09/2026 20:18,16.125,0.002,7.95
06/09/2026 19:48,16.125,0.002,7.95
06/09/2026 19:18,16,0.002,7.96
06/09/2026 18:48,16,0.002,7.96
06/09/2026 18:18,15.875,0.002,7.96
06/09/2026 17:37,15.75,0.002,7.96
06/09/2026 17:07,15.75,0.002,7.96
06/09/2026 16:37,15.625,0.002,7.95
06/09/2026 16:07,15.5,0.002,7.95
06/09/2026 15:37,15.375,0.002,7.95
06/09/2026 15:07,15.125,0.002,7.94
06/09/2026 14:37,15,0.002,7.94
06/09/2026 14:07,14.625,0.002,7.93
06/09/2026 13:37,14.375,0.002,7.93
06/09/2026 13:07,14.25,0.002,7.92
06/09/2026 12:37,15,0.002,7.92
06/09/2026 11:57,15.25,0.002,7.92
06/09/2026 11:27,15.75,0.002,7.93
06/09/2026 10:57,16,0.002,7.93
06/09/2026 10:27,15.875,0.002,7.92
06/09/2026 09:57,15.625,0.002,7.92
06/09/2026 09:27,15.375,0.002,7.91
06/09/2026 08:57,15.25,0.002,7.91
06/09/2026 08:27,15.25,0.002,7.9
06/09/2026 07:57,15.125,0.002,7.9
06/09/2026 07:17,15,0.002,7.89
06/09/2026 06:46,14.75,0.002,7.89
06/09/2026 06:16,14.625,0.002,7.89
06/09/2026 05:46,14.5,0.002,7.89
06/09/2026 05:16,14.375,0.002,7.89
06/09/2026 04:46,14.5,0.002,7.89
06/09/2026 04:16,14.125,0.002,7.89
06/09/2026 03:46,14.25,0.002,7.89
06/09/2026 03:16,13.875,0.002,7.89
06/09/2026 02:36,14,0.002,7.9
06/09/2026 02:06,13.75,0.002,7.9
06/09/2026 01:36,13.5,0.002,7.9
06/09/2026 01:06,13.25,0.002,7.9
06/09/2026 00:36,14.625,0.002,7.9
06/09/2026 00:06,14.375,0.002,7.91
05/09/2026 23:36,14.875,0.002,7.91
05/09/2026 23:06,15.5,0.002,7.92
05/09/2026 22:36,15.875,0.002,7.93
05/09/2026 22:06,15.875,0.002,7.93
05/09/2026 21:26,16,0.002,7.93
05/09/2026 20:56,16,0.002,7.93
05/09/2026 20:26,15.875,0.002,7.94
05/09/2026 19:55,16,0.002,7.94
05/09/2026 19:25,16,0.002,7.94
05/09/2026 18:45,15.875,0.002,7.94
05/09/2026 18:15,15.875,0.002,7.94
05/09/2026 17:45,15.75,0.002,7.94
05/09/2026 17:15,16.625,0.002,7.94
05/09/2026 16:45,15.5,0.002,7.94
05/09/2026 16:15,15.5,0.002,7.94
05/09/2026 15:45,15.25,0.002,7.93
05/09/2026 15:15,15,0.002,7.93
05/09/2026 14:45,14.875,0.002,7.93
05/09/2026 14:15,14.625,0.002,7.92
05/09/2026 13:45,14.25,0.002,7.92
05/09/2026 13:15,14,0.002,7.91
05/09/2026 12:35,14.625,0.002,7.91
05/09/2026 12:05,15,0.002,7.9
05/09/2026 11:35,15.5,0.002,7.9
05/09/2026 11:05,15.875,0.002,7.9
05/09/2026 10:35,15.75,0.002,7.9
05/09/2026 10:04,15.75,0.002,7.9
05/09/2026 09:34,15.5,0.002,7.9
05/09/2026 09:04,15.375,0.002,7.89
05/09/2026 08:34,15.25,0.002,7.89
05/09/2026 08:04,15,0.002,7.89
05/09/2026 07:24,15,0.002,7.88
05/09/2026 06:54,14.875,0.002,7.88
05/09/2026 06:24,14.625,0.002,7.88
05/09/2026 05:54,14.625,0.002,7.88
05/09/2026 05:24,14.25,0.002,7.88
05/09/2026 04:44,14.5,0.002,7.88
05/09/2026 04:14,14.125,0.002,7.88
05/09/2026 03:44,14.25,0.002,7.88
05/09/2026 03:14,14,0.002,7.88
05/09/2026 02:44,14,0.002,7.88
05/09/2026 02:14,13.75,0.002,7.88
05/09/2026 01:44,13.625,0.002,7.88
05/09/2026 01:04,13.375,0.002,7.88
05/09/2026 00:34,14.125,0.002,7.88
05/09/2026 00:04,14.75,0.002,7.89
04/09/2026 23:33,15.25,0.002,7.9
04/09/2026 23:03,15.875,0.002,7.9
04/09/2026 22:33,16.375,0.002,7.91
04/09/2026 22:03,16.375,0.002,7.91
04/09/2026 21:33,16.25,0.002,7.92
04/09/2026 21:03,16.25,0.002,7.92
04/09/2026 20:33,16.125,0.002,7.92
04/09/2026 20:03,16.25,0.002,7.92
04/09/2026 19:33,16.125,0.002,7.92
04/09/2026 18:53,16,0.002,7.92
04/09/2026 18:23,16,0.002,7.92
04/09/2026 17:53,15.875,0.002,7.92
04/09/2026 17:23,15.75,0.002,7.92
04/09/2026 16:53,15.625,0.002,7.91
04/09/2026 16:13,15.375,0.002,7.91
04/09/2026 15:43,15.125,0.002,7.91
04/09/2026 15:13,14.875,0.002,7.9
04/09/2026 14:43,15.625,0.002,7.9
04/09/2026 14:13,14.25,0.002,7.89
04/09/2026 13:43,14,0.002,7.89
04/09/2026 13:13,12.75,0.002,7.89
04/09/2026 12:42,14.125,0.002,7.88
04/09/2026 12:12,14.375,0.002,7.88
04/09/2026 11:42,14.875,0.002,7.88
04/09/2026 11:12,15.25,0.002,7.89
04/09/2026 10:42,15.375,0.002,7.89
04/09/2026 10:12,15.125,0.002,7.88
04/09/2026 09:42,14.75,0.002,7.87
04/09/2026 09:12,14.625,0.002,7.87
04/09/2026 08:42,14.375,0.002,7.85
04/09/2026 08:12,14.75,0.002,7.85
04/09/2026 07:42,15.25,0.002,7.85
04/09/2026 07:12,15.125,0.002,7.85
04/09/2026 06:42,15.125,0.002,7.85
04/09/2026 06:12,15,0.002,7.84
04/09/2026 05:42,14.875,0.002,7.85
04/09/2026 05:12,14.875,0.002,7.85
04/09/2026 04:32,14.75,0.002,7.85
04/09/2026 04:02,14.5,0.002,7.85
04/09/2026 03:32,14.25,0.002,7.84
04/09/2026 03:02,14.5,0.002,7.84
04/09/2026 02:32,14.125,0.002,7.84
04/09/2026 02:01,14.125,0.002,7.84
04/09/2026 01:31,13.875,0.002,7.84
04/09/2026 01:01,13.875,0.002,7.84
04/09/2026 00:31,14.375,0.002,7.84
04/09/2026 00:01,15,0.002,7.85
03/09/2026 23:31,15.625,0.002,7.85
03/09/2026 22:51,16.125,0.002,7.85
03/09/2026 22:21,16.5,0.002,7.86
03/09/2026 21:51,16.625,0.002,7.86
03/09/2026 21:21,16.625,0.002,7.86
03/09/2026 20:51,16.375,0.002,7.86
03/09/2026 20:21,16.5,0.002,7.86
03/09/2026 19:51,16.5,0.002,7.86
03/09/2026 19:21,16.375,0.002,7.86
03/09/2026 18:51,16.25,0.002,7.86
03/09/2026 18:21,16.25,0.002,7.86
03/09/2026 17:51,16,0.002,7.86
03/09/2026 17:21,16,0.002,7.86
03/09/2026 16:51,15.875,0.002,7.86
03/09/2026 16:21,15.625,0.002,7.86
03/09/2026 15:51,15.25,0.002,7.86
03/09/2026 15:10,15,0.002,7.87
03/09/2026 14:40,14.75,0.002,7.88
03/09/2026 14:10,14.125,0.002,7.89
03/09/2026 13:40,13.75,0.002,7.89
03/09/2026 13:10,12.75,0.002,7.89
03/09/2026 12:40,14,0.002,7.89
03/09/2026 12:00,14.375,0.002,7.88
03/09/2026 11:30,15,0.002,7.89
03/09/2026 11:00,15.375,0.002,7.89
03/09/2026 10:30,15.25,0.002,7.89
03/09/2026 10:00,15,0.002,7.89
03/09/2026 09:30,14.5,0.002,7.89
03/09/2026 09:00,14.5,0.002,7.89
03/09/2026 08:30,14.25,0.002,7.88
03/09/2026 07:50,14.75,0.002,7.89
03/09/2026 07:20,15.375,0.002,7.88
03/09/2026 06:50,15.125,0.002,7.88
03/09/2026 06:20,15.125,0.002,7.88
03/09/2026 05:50,15.125,0.002,7.89
03/09/2026 05:20,15,0.002,7.88
03/09/2026 04:49,15.125,0.002,7.89
03/09/2026 04:19,15,0.002,7.89
03/09/2026 03:49,15,0.002,7.89
03/09/2026 03:19,14.875,0.002,7.89
03/09/2026 02:49,14.75,0.002,7.89
03/09/2026 02:09,14.625,0.002,7.89
03/09/2026 01:39,14.625,0.002,7.89
03/09/2026 01:09,14.5,0.002,7.89
03/09/2026 00:39,14.75,0.002,7.9
03/09/2026 00:09,15.375,0.002,7.9
02/09/2026 23:29,15.875,0.002,7.91
02/09/2026 22:59,16.375,0.002,7.92
02/09/2026 22:29,17,0.002,7.91
02/09/2026 21:59,17,0.002,7.91
02/09/2026 21:29,16.875,0.002,7.92
02/09/2026 20:59,17,0.003,7.92
02/09/2026 20:29,17,0.002,7.92
02/09/2026 19:59,17,0.002,7.92
02/09/2026 19:29,16.875,0.002,7.92
02/09/2026 18:49,16.75,0.002,7.93
02/09/2026 18:18,16.75,0.002,7.93
02/09/2026 17:48,16.625,0.002,7.93
02/09/2026 17:18,16.625,0.002,7.92
02/09/2026 16:48,16.375,0.002,7.92
02/09/2026 16:18,16,0.002,7.92
02/09/2026 15:48,15.875,0.002,7.91
02/09/2026 15:18,14.75,0.002,7.9
02/09/2026 14:38,15.375,0.002,7.9
02/09/2026 14:08,15.25,0.002,7.9
02/09/2026 13:38,14.875,0.002,7.9
02/09/2026 13:08,15.625,0.002,7.9
02/09/2026 12:38,15.125,0.002,7.91
02/09/2026 12:08,15.375,0.002,7.91
02/09/2026 11:38,15.75,0.002,7.92
02/09/2026 11:08,16.125,0.002,7.92
02/09/2026 10:28,15.875,0.002,7.93
02/09/2026 09:58,15.75,0.002,7.93
02/09/2026 09:28,15.625,0.002,7.93
02/09/2026 08:58,15.375,0.002,7.92
02/09/2026 08:28,15.375,0.002,7.92
02/09/2026 07:57,15.25,0.002,7.91
02/09/2026 07:27,15.125,0.002,7.91
02/09/2026 06:57,15,0.002,7.9
02/09/2026 06:27,14.875,0.002,7.9
02/09/2026 05:57,14.75,0.002,7.91
02/09/2026 05:27,13.75,0.002,7.91
02/09/2026 04:47,14.625,0.002,7.91
02/09/2026 04:17,14.625,0.002,7.91
02/09/2026 03:47,14.5,0.002,7.91
02/09/2026 03:17,14.125,0.002,7.91
02/09/2026 02:47,14.375,0.002,7.92
02/09/2026 02:17,14,0.002,7.92
02/09/2026 01:37,14.625,0.002,7.92
02/09/2026 01:07,14.625,0.002,7.92
02/09/2026 00:37,14.125,0.002,7.92
02/09/2026 00:07,14.75,0.002,7.93
01/09/2026 23:37,15.375,0.002,7.93
01/09/2026 23:07,16,0.002,7.94
01/09/2026 22:37,16.25,0.002,7.95
01/09/2026 21:57,16.375,0.002,7.95
01/09/2026 21:26,16.125,0.003,7.95
01/09/2026 20:56,16.125,0.002,7.95
01/09/2026 20:26,16.25,0.002,7.95
01/09/2026 19:56,16.125,0.002,7.96
01/09/2026 19:26,16.125,0.002,7.95
01/09/2026 18:56,16,0.002,7.96
01/09/2026 18:26,16,0.002,7.96
01/09/2026 17:56,15.75,0.002,7.96
01/09/2026 17:16,16.625,0.002,7.95
01/09/2026 16:46,15.5,0.002,7.95
01/09/2026 16:16,15.25,0.002,7.95
01/09/2026 15:46,15.125,0.002,7.94
01/09/2026 15:16,14.875,0.002,7.94
01/09/2026 14:46,14.5,0.002,7.94
01/09/2026 14:06,14.125,0.002,7.94
01/09/2026 13:36,13.75,0.002,7.93
01/09/2026 13:06,13.75,0.002,7.93
01/09/2026 12:36,14.5,0.002,7.93
01/09/2026 12:06,14.75,0.002,7.93
01/09/2026 11:36,15.375,0.002,7.94
01/09/2026 11:06,15.75,0.002,7.94
01/09/2026 10:35,15.625,0.002,7.94
01/09/2026 10:05,15.375,0.002,7.93
01/09/2026 09:25,15.25,0.002,7.92
01/09/2026 08:55,15.125,0.002,7.92
01/09/2026 08:25,15,0.002,7.92
01/09/2026 07:55,14.875,0.002,7.91
01/09/2026 07:25,14.75,0.002,7.91
01/09/2026 06:55,14.625,0.002,7.91
01/09/2026 06:25,14.5,0.002,7.91
01/09/2026 04:28,14.25,0.002,7.91
01/09/2026 03:58,14,0.002,7.91
01/09/2026 03:28,14,0.002,7.92
01/09/2026 02:58,14,0.002,7.92
01/09/2026 02:28,13.875,0.002,7.92
01/09/2026 01:58,13.625,0.002,7.92
01/09/2026 01:28,13.625,0.002,7.92
01/09/2026 00:58,12.875,0.002,7.93
01/09/2026 00:28,14.375,0.002,7.93
31/08/2026 23:58,15,0.002,7.94
31/08/2026 23:28,15.5,0.002,7.95
31/08/2026 22:58,16,0.002,7.96
31/08/2026 22:28,16.375,0.002,7.96
31/08/2026 21:58,16.25,0.002,7.96
31/08/2026 21:28,16.25,0.003,7.96
31/08/2026 20:58,16.125,0.003,7.96
31/08/2026 20:28,16.125,0.003,7.97
31/08/2026 19:58,16.125,0.003,7.97
31/08/2026 19:28,16,0.003,7.97
31/08/2026 18:58,16,0.003,7.97
31/08/2026 18:28,15.875,0.003,7.97
31/08/2026 17:58,15.75,0.002,7.97
31/08/2026 17:28,15.625,0.002,7.97
31/08/2026 16:58,15.5,0.002,7.96
31/08/2026 16:28,15.25,0.002,7.96
31/08/2026 15:58,15,0.002,7.95
31/08/2026 15:28,14.75,0.002,7.95
31/08/2026 14:58,14.625,0.002,7.93
31/08/2026 14:28,14.375,0.002,7.93
31/08/2026 13:58,13.875,0.002,7.93
31/08/2026 13:28,13.375,0.002,7.93
31/08/2026 12:58,13.875,0.002,7.93
31/08/2026 12:22,14.125,0.002,7.93
31/08/2026 11:28,15,0.002,7.93
31/08/2026 10:28,15,0.002,7.91
31/08/2026 09:58,15.125,0.002,7.91
31/08/2026 09:28,14.75,0.002,7.91
31/08/2026 08:44,14.75,0.002,7.91
31/08/2026 08:34,14.625,0.002,7.9
31/08/2026 08:04,14.75,0.002,7.9
31/08/2026 07:23,14.5,0.002,7.9
31/08/2026 07:00,14.375,0.002,7.9
31/08/2026 06:25,14.125,0.002,7.9
31/08/2026 05:43,14.125,0.002,7.9
31/08/2026 05:33,13.875,0.002,7.9
31/08/2026 05:03,14,0.002,7.91
31/08/2026 04:33,13.875,0.002,7.91
31/08/2026 03:56,13.75,0.002,7.91
31/08/2026 03:26,14.625,0.002,7.91
31/08/2026 02:54,13.625,0.002,7.91
31/08/2026 02:24,12.75,0.002,7.91
31/08/2026 01:53,13.625,0.002,7.92
31/08/2026 01:23,13.375,0.002,7.92
31/08/2026 00:37,13.375,0.002,7.92
31/08/2026 00:27,14.25,0.002,7.93
30/08/2026 23:53,13.75,0.002,7.94
30/08/2026 23:23,15.25,0.002,7.94
30/08/2026 22:53,15.875,0.003,7.95
30/08/2026 22:22,16.125,0.003,7.96
30/08/2026 21:52,16.25,0.003,7.96
30/08/2026 21:22,16.125,0.003,7.96
30/08/2026 20:46,16.25,0.003,7.96
30/08/2026 20:28,16.125,0.003,7.96
30/08/2026 19:28,16,0.003,7.96
30/08/2026 18:58,16,0.003,7.97
30/08/2026 18:28,15.875,0.003,7.96
30/08/2026 17:58,15.875,0.003,7.96
30/08/2026 17:28,15.875,0.003,7.96
30/08/2026 16:58,16.625,0.003,7.96
30/08/2026 16:28,15.5,0.003,7.95
30/08/2026 15:58,15.25,0.003,7.95
30/08/2026 15:28,15,0.002,7.94
30/08/2026 14:58,14.875,0.002,7.93
30/08/2026 14:28,14.5,0.002,7.92
30/08/2026 13:58,14.25,0.002,7.93
30/08/2026 13:28,13.75,0.002,7.92
30/08/2026 12:58,13.875,0.002,7.92
30/08/2026 12:28,14.25,0.002,7.92
30/08/2026 11:58,15,0.002,7.93
30/08/2026 11:28,15.25,0.003,7.93
30/08/2026 10:58,15.625,0.003,7.93
30/08/2026 10:28,15.25,0.002,7.92
30/08/2026 09:58,15.375,0.003,7.92
30/08/2026 09:28,15.25,0.002,7.92
30/08/2026 08:58,15.125,0.003,7.91
30/08/2026 08:28,15,0.002,7.91
30/08/2026 07:58,15,0.002,7.9
30/08/2026 07:28,14.875,0.002,7.9
30/08/2026 06:58,14.625,0.002,7.9
30/08/2026 06:28,14.375,0.002,7.9
30/08/2026 05:58,14.125,0.002,7.9
30/08/2026 05:28,14.125,0.002,7.9
30/08/2026 04:58,13.875,0.002,7.9
30/08/2026 04:28,14.125,0.002,7.9
30/08/2026 03:58,13.875,0.002,7.9
30/08/2026 03:28,13.75,0.002,7.9
30/08/2026 02:57,13.75,0.002,7.9
30/08/2026 02:27,13.75,0.002,7.9
30/08/2026 01:57,14.625,0.002,7.9
30/08/2026 01:27,13.375,0.002,7.91
30/08/2026 00:57,13.625,0.002,7.91
30/08/2026 00:27,13.875,0.002,7.91
29/08/2026 23:57,14.625,0.002,7.92
29/08/2026 23:27,15.25,0.003,7.93
29/08/2026 22:57,15.875,0.003,7.93
29/08/2026 22:27,16.125,0.003,7.93
29/08/2026 21:57,16.125,0.003,7.94
29/08/2026 21:27,16.125,0.003,7.94
29/08/2026 20:57,16.25,0.003,7.94
29/08/2026 20:27,16.125,0.003,7.94
29/08/2026 19:57,16.125,0.003,7.94
29/08/2026 19:27,16,0.003,7.93
29/08/2026 18:57,16,0.003,7.94
29/08/2026 18:27,16,0.003,7.94
29/08/2026 17:57,16,0.003,7.94
29/08/2026 17:27,15.75,0.003,7.93
29/08/2026 16:27,15.5,0.003,7.93
29/08/2026 15:57,15.25,0.003,7.92
29/08/2026 15:27,15.125,0.003,7.92
29/08/2026 14:57,14.75,0.003,7.91
29/08/2026 14:27,14.5,0.003,7.91
29/08/2026 13:57,14.125,0.003,7.9
29/08/2026 13:27,13.75,0.002,7.9
29/08/2026 12:57,13.875,0.002,7.91
29/08/2026 12:27,14.5,0.003,7.91
29/08/2026 11:57,14.875,0.003,7.91
29/08/2026 11:27,15.375,0.003,7.9
29/08/2026 10:57,15.25,0.003,7.89
29/08/2026 10:27,15.125,0.003,7.89
29/08/2026 09:57,15,0.003,7.89
29/08/2026 09:27,14.875,0.003,7.88
29/08/2026 08:57,15.625,0.003,7.87
29/08/2026 08:27,13.75,0.003,7.87
29/08/2026 07:57,14.625,0.003,7.87
29/08/2026 07:27,14.5,0.003,7.87
29/08/2026 06:57,14.125,0.003,7.86
29/08/2026 06:27,14.25,0.003,7.86
29/08/2026 05:57,14.125,0.003,7.86
29/08/2026 05:27,14,0.002,7.86
29/08/2026 04:57,14,0.002,7.86
29/08/2026 04:27,14,0.003,7.86
29/08/2026 03:57,12.875,0.002,7.86
29/08/2026 03:27,13.625,0.002,7.87
29/08/2026 02:57,13.625,0.002,7.86
29/08/2026 02:27,12.75,0.002,7.86
29/08/2026 01:57,13.625,0.003,7.86
29/08/2026 01:27,13.375,0.003,7.87
29/08/2026 00:57,13.125,0.002,7.87
29/08/2026 00:27,13.875,0.003,7.88
28/08/2026 23:57,14.625,0.003,7.88
28/08/2026 23:25,15,0.003,7.89
28/08/2026 22:25,15.875,0.003,7.89
28/08/2026 21:55,15.875,0.003,7.9
28/08/2026 21:25,15.75,0.003,7.9
28/08/2026 20:45,15.875,0.003,7.91
28/08/2026 20:15,15.75,0.003,7.91
28/08/2026 19:45,15.75,0.003,7.92
28/08/2026 19:15,15.625,0.003,7.93
28/08/2026 18:45,15.625,0.003,7.94
28/08/2026 18:14,15.625,0.003,7.95
28/08/2026 17:44,15.5,0.003,7.95
28/08/2026 17:14,15.5,0.003,7.95
28/08/2026 16:44,15.125,0.003,7.95
28/08/2026 16:14,15,0.003,7.94
28/08/2026 15:44,14.875,0.003,7.94
28/08/2026 15:14,14.625,0.003,7.93
28/08/2026 14:44,14.25,0.003,7.93
28/08/2026 14:14,14.125,0.003,7.93
28/08/2026 13:44,12.75,0.003,7.93
28/08/2026 13:14,13.25,0.003,7.93
28/08/2026 12:44,13.75,0.003,7.93
28/08/2026 12:14,14.25,0.003,7.93
28/08/2026 11:44,14.875,0.003,7.94
28/08/2026 11:14,15.125,0.003,7.93
28/08/2026 10:44,15.25,0.003,7.93
28/08/2026 10:14,15.125,0.003,7.93
28/08/2026 09:44,15,0.003,7.92
28/08/2026 09:14,14.875,0.003,7.92
28/08/2026 08:44,15.625,0.003,7.91
28/08/2026 08:14,14.5,0.003,7.91
28/08/2026 07:44,14.5,0.003,7.91
28/08/2026 07:14,14.125,0.003,7.9
28/08/2026 06:44,14.25,0.003,7.9
28/08/2026 06:14,13.875,0.003,7.91
28/08/2026 05:44,13.875,0.003,7.91
28/08/2026 05:14,13.75,0.003,7.91
28/08/2026 04:44,14.625,0.003,7.91
28/08/2026 04:14,13.625,0.003,7.91
28/08/2026 03:44,13.5,0.003,7.91
28/08/2026 03:14,13.375,0.003,7.91
28/08/2026 02:44,13.25,0.003,7.91
28/08/2026 02:14,13.25,0.003,7.91
28/08/2026 01:44,13.375,0.002,7.92
28/08/2026 01:14,13,0.003,7.93
28/08/2026 00:44,13.25,0.003,7.93
28/08/2026 00:14,14.625,0.003,7.93
27/08/2026 23:44,14.5,0.003,7.94
27/08/2026 23:14,15,0.003,7.94
27/08/2026 22:44,15.875,0.003,7.94
27/08/2026 22:14,15.875,0.003,7.94
27/08/2026 21:44,15.875,0.003,7.94
27/08/2026 21:14,15.875,0.003,7.95
27/08/2026 20:44,15.875,0.003,7.95
27/08/2026 20:14,15.75,0.003,7.95
27/08/2026 19:44,15.875,0.003,7.95
27/08/2026 19:04,15.75,0.003,7.95
27/08/2026 18:34,15.75,0.003,7.95
27/08/2026 18:04,15.625,0.003,7.94
27/08/2026 17:34,15.5,0.003,7.94
27/08/2026 17:04,15.375,0.003,7.94
27/08/2026 16:34,15.25,0.003,7.94
27/08/2026 16:04,15.125,0.003,7.94
27/08/2026 15:34,14.875,0.003,7.93
27/08/2026 15:04,15.625,0.003,7.93
27/08/2026 14:34,14.25,0.003,7.93
27/08/2026 14:04,14,0.003,7.92
27/08/2026 13:34,13.75,0.003,7.92
27/08/2026 13:04,14,0.003,7.91
27/08/2026 12:34,14.375,0.003,7.91
27/08/2026 12:04,14.75,0.003,7.91
27/08/2026 11:34,15.375,0.003,7.91
27/08/2026 11:04,15.875,0.003,7.91
27/08/2026 10:34,14.75,0.003,7.89
27/08/2026 10:04,15.625,0.003,7.89
27/08/2026 09:34,15.5,0.003,7.89
27/08/2026 09:04,15.25,0.003,7.88
27/08/2026 08:34,15.25,0.003,7.88
27/08/2026 08:04,15.125,0.003,7.87
27/08/2026 07:34,15,0.003,7.88
27/08/2026 07:04,14.75,0.003,7.87
27/08/2026 06:34,15.625,0.003,7.87
27/08/2026 06:04,14.5,0.003,7.88
27/08/2026 05:34,14.625,0.003,7.88
27/08/2026 05:04,14.5,0.003,7.88
27/08/2026 04:34,14.375,0.003,7.88
27/08/2026 04:04,14.375,0.003,7.88
27/08/2026 03:34,14,0.003,7.87
27/08/2026 03:04,14.125,0.003,7.88
27/08/2026 02:34,13.875,0.003,7.88
27/08/2026 02:04,14,0.003,7.88
27/08/2026 01:34,13.875,0.003,7.88
27/08/2026 01:04,13.5,0.003,7.88
27/08/2026 00:34,14.25,0.003,7.89
27/08/2026 00:04,14.875,0.003,7.89
26/08/2026 23:34,15.375,0.003,7.9
26/08/2026 23:04,16,0.003,7.89
26/08/2026 22:34,16.375,0.003,7.89
26/08/2026 22:04,16.5,0.003,7.89
26/08/2026 21:33,16.5,0.003,7.89
26/08/2026 21:03,16.375,0.003,7.89
26/08/2026 20:33,16.375,0.003,7.9
26/08/2026 20:03,16.375,0.003,7.9
26/08/2026 19:33,16.125,0.003,7.9
26/08/2026 19:03,16.25,0.003,7.9
26/08/2026 18:33,16.125,0.003,7.9
26/08/2026 18:03,16,0.003,7.9
26/08/2026 17:33,16,0.003,7.89
26/08/2026 17:03,15.875,0.003,7.89
26/08/2026 16:33,14.75,0.003,7.89
26/08/2026 16:03,15.375,0.003,7.88
26/08/2026 15:33,15.25,0.003,7.88
26/08/2026 15:03,15.125,0.003,7.87
26/08/2026 14:33,14.75,0.003,7.87
26/08/2026 14:03,14.375,0.003,7.87
26/08/2026 13:33,14,0.003,7.87
26/08/2026 13:03,14.25,0.003,7.87
26/08/2026 12:33,15.625,0.003,7.88
26/08/2026 12:04,15,0.003,7.88
26/08/2026 12:02,15,0.003,7.88
24/08/2026 10:51,15.625,0.003,7.93
24/08/2026 10:21,15.5,0.003,7.93
24/08/2026 09:51,15.375,0.003,7.92
24/08/2026 09:21,15.125,0.003,7.92
24/08/2026 08:51,14.875,0.003,7.92
24/08/2026 08:21,14.75,0.003,7.92
24/08/2026 07:51,15.625,0.003,7.92
24/08/2026 07:21,14.625,0.003,7.92
24/08/2026 06:51,14.375,0.003,7.92
24/08/2026 06:21,14.5,0.003,7.92
24/08/2026 05:51,14.25,0.003,7.92
24/08/2026 05:21,14.25,0.003,7.92
24/08/2026 04:51,14,0.003,7.92
24/08/2026 04:12,14.125,0.003,7.92
24/08/2026 03:22,13.875,0.003,7.92
24/08/2026 02:52,13.75,0.003,7.92
24/08/2026 02:22,12.875,0.003,7.93
24/08/2026 01:52,12.875,0.003,7.92
24/08/2026 01:22,13.625,0.003,7.92
24/08/2026 00:52,13.75,0.003,7.93
24/08/2026 00:22,14.5,0.003,7.93
23/08/2026 23:52,15,0.003,7.94
23/08/2026 23:22,15.5,0.003,7.94
23/08/2026 22:52,16,0.003,7.95
23/08/2026 22:22,16.125,0.003,7.95
23/08/2026 21:52,16.125,0.003,7.95
23/08/2026 21:22,16.125,0.003,7.96
23/08/2026 20:52,16.125,0.003,7.96
23/08/2026 20:22,16,0.003,7.96
23/08/2026 19:52,16.125,0.003,7.95
23/08/2026 19:22,16,0.003,7.96
23/08/2026 18:52,16,0.003,7.96
23/08/2026 18:22,15.875,0.003,7.96
23/08/2026 17:52,15.75,0.003,7.96
23/08/2026 17:22,15.75,0.003,7.96
23/08/2026 16:52,15.5,0.003,7.95
23/08/2026 16:22,15.25,0.003,7.95
23/08/2026 15:52,15.125,0.003,7.95
23/08/2026 15:22,15,0.003,7.94
23/08/2026 14:42,14.75,0.003,7.94
23/08/2026 14:12,14.5,0.003,7.94
23/08/2026 13:42,14.125,0.003,7.93
23/08/2026 13:12,13.75,0.003,7.92
23/08/2026 12:42,14.125,0.003,7.92
23/08/2026 12:12,14.625,0.003,7.93
23/08/2026 11:42,15.125,0.003,7.93
23/08/2026 11:12,15.5,0.003,7.93
23/08/2026 10:42,15.5,0.003,7.92
23/08/2026 10:12,15.375,0.003,7.92
23/08/2026 09:42,15.375,0.003,7.92
23/08/2026 09:12,15.125,0.003,7.92
23/08/2026 08:42,15.125,0.003,7.91
23/08/2026 08:12,15,0.003,7.91
23/08/2026 07:42,14.875,0.003,7.91
23/08/2026 07:12,14.875,0.003,7.91
23/08/2026 06:42,13.75,0.003,7.91
23/08/2026 06:12,14.625,0.003,7.91
23/08/2026 05:42,14.5,0.003,7.91
23/08/2026 05:12,14.5,0.003,7.91
23/08/2026 04:42,14.375,0.003,7.91
23/08/2026 04:12,14.25,0.003,7.91
23/08/2026 03:42,14.25,0.003,7.91
23/08/2026 03:12,14.125,0.003,7.91
23/08/2026 02:42,14.125,0.003,7.91
23/08/2026 02:12,14.25,0.003,7.91
23/08/2026 01:42,14.125,0.003,7.91
23/08/2026 01:11,13.875,0.003,7.9
23/08/2026 00:41,14.125,0.003,7.91
23/08/2026 00:11,14.75,0.003,7.91
22/08/2026 23:41,15.375,0.003,7.92
22/08/2026 23:11,15.75,0.003,7.92
22/08/2026 22:41,16.25,0.003,7.93
22/08/2026 22:11,16.375,0.003,7.93
22/08/2026 21:41,16.375,0.003,7.93
22/08/2026 21:11,16.25,0.003,7.93
22/08/2026 20:41,16.25,0.003,7.93
22/08/2026 20:11,16.25,0.003,7.93
22/08/2026 19:41,16.125,0.003,7.93
22/08/2026 19:11,16.125,0.003,7.93
22/08/2026 18:41,16.125,0.003,7.93
22/08/2026 18:11,16.125,0.003,7.93
22/08/2026 17:41,15.875,0.003,7.92
22/08/2026 17:11,15.875,0.003,7.92
22/08/2026 16:41,15.625,0.003,7.92
22/08/2026 16:11,15.5,0.003,7.92
22/08/2026 15:41,15.375,0.003,7.91
22/08/2026 15:11,15.125,0.003,7.9
22/08/2026 14:41,14.75,0.003,7.9
22/08/2026 14:11,14.5,0.003,7.89
22/08/2026 13:41,14.25,0.003,7.88
22/08/2026 13:11,14,0.003,7.88
22/08/2026 12:41,14.25,0.003,7.88
22/08/2026 12:11,14.875,0.003,7.88
22/08/2026 11:41,15.125,0.003,7.88
22/08/2026 11:11,16.625,0.003,7.88
22/08/2026 10:41,15.5,0.003,7.87
22/08/2026 10:11,15.5,0.003,7.87
22/08/2026 09:41,15.375,0.003,7.86
22/08/2026 09:11,15.25,0.003,7.85
22/08/2026 08:41,15.125,0.003,7.85
22/08/2026 08:11,15,0.003,7.84
22/08/2026 07:41,15.625,0.003,7.84
22/08/2026 07:11,13.75,0.003,7.83
22/08/2026 06:41,13.75,0.003,7.83
22/08/2026 06:11,14.5,0.003,7.83
22/08/2026 05:41,14.5,0.003,7.83
22/08/2026 05:11,14.125,0.003,7.83
22/08/2026 04:41,14.375,0.003,7.82
22/08/2026 04:11,14.25,0.003,7.82
22/08/2026 03:41,14.375,0.003,7.83
22/08/2026 03:11,14.125,0.003,7.82
22/08/2026 02:41,13.875,0.003,7.82
22/08/2026 02:11,13.875,0.003,7.82
22/08/2026 01:41,14.625,0.003,7.82
22/08/2026 01:11,12.75,0.003,7.82
22/08/2026 00:41,14.25,0.003,7.82
22/08/2026 00:11,14.875,0.003,7.82
21/08/2026 23:41,15.375,0.003,7.82
21/08/2026 23:11,15.875,0.003,7.81
21/08/2026 22:41,16.375,0.003,7.81
21/08/2026 22:11,16.375,0.003,7.81
21/08/2026 21:41,16.5,0.003,7.81
21/08/2026 21:11,16.25,0.003,7.81
21/08/2026 20:41,16.25,0.003,7.8
21/08/2026 20:11,16.125,0.003,7.8
21/08/2026 19:41,16.125,0.003,7.8
21/08/2026 19:11,16,0.003,7.8
21/08/2026 18:41,16,0.003,7.8
21/08/2026 18:11,16,0.003,7.8
21/08/2026 17:41,15.875,0.003,7.79
21/08/2026 17:11,14.75,0.003,7.79
21/08/2026 16:41,15.5,0.003,7.79
21/08/2026 16:01,15.25,0.003,7.79
21/08/2026 15:31,15,0.003,7.79
21/08/2026 15:01,14.625,0.003,7.8
21/08/2026 14:31,14.25,0.003,7.81
21/08/2026 14:01,14.625,0.002,7.81
21/08/2026 13:31,13.25,0.002,7.82
21/08/2026 13:01,13.25,0.002,7.83
21/08/2026 12:31,13.5,0.003,7.84
21/08/2026 12:01,13.875,0.003,7.85
21/08/2026 11:31,14.375,0.003,7.87
21/08/2026 11:01,14.625,0.003,7.89
21/08/2026 10:31,14.125,0.003,7.9
21/08/2026 10:01,14.125,0.003,7.91
21/08/2026 09:31,14,0.003,7.9
21/08/2026 09:01,13.375,0.003,7.9
21/08/2026 08:31,13.25,0.002,7.9
21/08/2026 08:01,13.25,0.003,7.9
21/08/2026 07:31,13.75,0.003,7.9
21/08/2026 07:01,14,0.003,7.9
21/08/2026 06:31,14.75,0.003,7.9
21/08/2026 06:01,15.25,0.003,7.9
21/08/2026 05:31,15.375,0.003,7.9
21/08/2026 05:01,15.125,0.003,7.9
21/08/2026 04:30,15.375,0.003,7.91
21/08/2026 04:01,15.125,0.003,7.91
21/08/2026 03:30,15.25,0.003,7.91
21/08/2026 03:00,15.125,0.003,7.91
21/08/2026 02:30,15.125,0.003,7.91
21/08/2026 02:00,15,0.003,7.9
21/08/2026 01:30,14.875,0.003,7.9
21/08/2026 01:00,14.875,0.003,7.91
21/08/2026 00:30,15.375,0.003,7.91
20/08/2026 23:56,15.875,0.003,7.91
20/08/2026 23:06,17.125,0.003,7.92
20/08/2026 22:36,17.75,0.003,7.92
20/08/2026 22:06,17.75,0.003,7.92
20/08/2026 21:36,17.75,0.003,7.93
20/08/2026 21:06,17.75,0.003,7.93
20/08/2026 20:36,17.75,0.003,7.93
20/08/2026 20:06,17.75,0.003,7.93
20/08/2026 19:36,17.875,0.003,7.93
20/08/2026 19:06,17.875,0.003,7.93
20/08/2026 18:36,17.75,0.003,7.94
20/08/2026 18:06,17.75,0.003,7.94
20/08/2026 17:36,17.5,0.003,7.95
20/08/2026 17:06,17.5,0.003,7.95
20/08/2026 16:36,17.375,0.003,7.94
20/08/2026 16:06,17.25,0.003,7.94
20/08/2026 15:36,17,0.003,7.94
20/08/2026 15:06,16.75,0.003,7.93
20/08/2026 14:36,15.75,0.003,7.93
20/08/2026 14:06,16.5,0.003,7.92
20/08/2026 13:36,16.25,0.003,7.92
20/08/2026 13:06,16.125,0.003,7.92
20/08/2026 12:36,16,0.003,7.91
20/08/2026 12:01,15.875,0.003,7.91
20/08/2026 11:01,15.375,0.003,7.91
20/08/2026 10:30,15.25,0.003,7.9
20/08/2026 10:00,15.125,0.003,7.9
20/08/2026 09:30,14.875,0.003,7.9
20/08/2026 09:00,14.625,0.003,7.9
20/08/2026 08:30,14.5,0.003,7.89
20/08/2026 08:00,15,0.003,7.89
20/08/2026 07:30,15.25,0.003,7.89
20/08/2026 07:00,15.25,0.003,7.89
20/08/2026 06:30,15.125,0.003,7.89
20/08/2026 06:00,15,0.003,7.88
20/08/2026 05:30,14.875,0.003,7.89
20/08/2026 05:00,14.875,0.003,7.88
20/08/2026 04:30,14.75,0.003,7.89
20/08/2026 04:00,15.625,0.003,7.88
20/08/2026 03:30,13.75,0.003,7.88
20/08/2026 03:00,14.625,0.003,7.88
20/08/2026 02:30,14.375,0.003,7.88
20/08/2026 02:00,14.25,0.003,7.88
20/08/2026 01:30,14.25,0.003,7.88
20/08/2026 01:00,14,0.003,7.88
20/08/2026 00:30,13.75,0.003,7.89
20/08/2026 00:00,15.125,0.003,7.89
19/08/2026 23:30,15.75,0.003,7.89
19/08/2026 23:00,16.125,0.003,7.9
19/08/2026 22:30,16.75,0.003,7.9
19/08/2026 22:00,16.75,0.003,7.89
19/08/2026 21:30,17.625,0.003,7.9
19/08/2026 21:00,17.625,0.003,7.9
19/08/2026 20:30,15.75,0.003,7.9
19/08/2026 20:00,16.625,0.003,7.9
19/08/2026 19:30,16.5,0.003,7.9
19/08/2026 19:00,16.375,0.003,7.9
19/08/2026 18:30,16.375,0.003,7.9
19/08/2026 18:00,16.125,0.003,7.89
19/08/2026 17:30,16.125,0.003,7.89
19/08/2026 17:00,16,0.003,7.89
19/08/2026 16:30,15.875,0.003,7.88
19/08/2026 16:00,15.625,0.003,7.88
19/08/2026 15:30,15.25,0.003,7.87
19/08/2026 15:00,15.25,0.003,7.87
19/08/2026 14:30,15.125,0.003,7.86
19/08/2026 14:00,14.75,0.003,7.86
19/08/2026 13:30,14.5,0.003,7.86
19/08/2026 13:00,15.625,0.003,7.85
19/08/2026 12:30,15.125,0.003,7.85
19/08/2026 12:00,14.875,0.003,7.85
19/08/2026 11:30,14.75,0.003,7.84
19/08/2026 11:00,14.25,0.003,7.85
19/08/2026 10:30,14.125,0.003,7.85
19/08/2026 10:00,13.75,0.003,7.85
19/08/2026 09:30,14.5,0.003,7.86
19/08/2026 09:00,13.25,0.003,7.85
19/08/2026 08:30,13.125,0.003,7.85
19/08/2026 08:00,13.5,0.003,7.85
19/08/2026 07:30,14.125,0.003,7.85
19/08/2026 07:00,14.625,0.003,7.84
19/08/2026 06:30,15.125,0.003,7.85
19/08/2026 06:00,15.375,0.003,7.84
19/08/2026 05:30,15.375,0.003,7.84
19/08/2026 04:59,15.375,0.003,7.83
19/08/2026 04:29,15.125,0.003,7.83
19/08/2026 03:59,15.25,0.003,7.83
19/08/2026 03:29,15.125,0.003,7.83
19/08/2026 02:59,15,0.003,7.83
19/08/2026 02:29,14.875,0.003,7.83
19/08/2026 01:59,14.875,0.003,7.83
19/08/2026 01:20,14.625,0.003,7.83
19/08/2026 00:30,15.125,0.003,7.83
19/08/2026 00:00,14.75,0.003,7.83
18/08/2026 23:30,16,0.003,7.83
18/08/2026 23:00,16.5,0.003,7.83
18/08/2026 22:30,17.25,0.003,7.83
18/08/2026 21:59,17.25,0.003,7.83
18/08/2026 21:29,17.25,0.003,7.83
18/08/2026 20:59,17.125,0.003,7.83
18/08/2026 20:29,17,0.003,7.83
18/08/2026 19:59,17.125,0.003,7.83
18/08/2026 19:29,17.125,0.003,7.83
18/08/2026 18:59,17.125,0.003,7.83
18/08/2026 18:29,16.875,0.003,7.82
18/08/2026 17:59,15.75,0.003,7.82
18/08/2026 17:29,16.5,0.003,7.82
18/08/2026 16:59,16.25,0.003,7.82
18/08/2026 16:29,15.875,0.003,7.82
18/08/2026 15:59,15.875,0.003,7.82
18/08/2026 15:29,15.75,0.003,7.82
18/08/2026 14:59,15.375,0.003,7.82
18/08/2026 14:29,15.25,0.003,7.82
18/08/2026 13:59,14.875,0.003,7.83
18/08/2026 13:29,14.25,0.003,7.84
18/08/2026 12:59,14.5,0.003,7.87
18/08/2026 12:29,15.625,0.003,7.89
18/08/2026 11:59,14.875,0.003,7.91
18/08/2026 11:29,14.875,0.003,7.91
18/08/2026 10:59,14.875,0.003,7.91
18/08/2026 10:29,14.375,0.003,7.91
18/08/2026 09:59,14.125,0.003,7.9
18/08/2026 09:20,14.125,0.003,7.9
18/08/2026 08:30,14.625,0.002,7.89
18/08/2026 08:00,14,0.002,7.89
18/08/2026 07:30,14.125,0.003,7.89
18/08/2026 07:00,14.625,0.003,7.89
18/08/2026 06:30,15,0.003,7.89
18/08/2026 05:59,15.25,0.003,7.9
18/08/2026 05:30,15.25,0.003,7.9
18/08/2026 04:59,15.25,0.003,7.9
18/08/2026 04:29,15.25,0.003,7.9
18/08/2026 03:59,15.125,0.003,7.9
18/08/2026 03:29,15.125,0.003,7.9
18/08/2026 02:59,15.125,0.003,7.9
18/08/2026 02:29,15,0.003,7.9
18/08/2026 01:59,14.875,0.003,7.9
18/08/2026 01:29,14.75,0.003,7.9
18/08/2026 00:59,15,0.002,7.9
18/08/2026 00:29,15.375,0.002,7.91
17/08/2026 23:59,14.75,0.002,7.91
17/08/2026 23:29,16.125,0.002,7.91
17/08/2026 22:59,16.5,0.002,7.91
17/08/2026 22:29,16.875,0.002,7.92
17/08/2026 21:59,16.875,0.002,7.92
17/08/2026 21:29,17.125,0.002,7.92
17/08/2026 20:59,17,0.002,7.92
17/08/2026 20:29,17,0.002,7.92
17/08/2026 19:59,17.125,0.002,7.92
17/08/2026 19:29,17.25,0.002,7.92
17/08/2026 18:59,17.125,0.002,7.92
17/08/2026 18:29,16.875,0.002,7.92
17/08/2026 17:59,17,0.002,7.92
17/08/2026 17:29,16.875,0.002,7.92
17/08/2026 16:59,16.75,0.002,7.92
17/08/2026 16:29,16.5,0.002,7.92
17/08/2026 15:59,16.375,0.002,7.92
17/08/2026 15:22,16.25,0.002,7.92
17/08/2026 14:32,16.125,0.002,7.93
17/08/2026 14:02,16.375,0.002,7.93
17/08/2026 13:32,16.625,0.002,7.95
17/08/2026 13:02,14.5,0.002,7.94
17/08/2026 12:32,14.75,0.002,7.95
17/08/2026 11:52,14.875,0.002,7.96
17/08/2026 11:42,15.375,0.002,7.96
17/08/2026 11:12,15.75,0.002,7.95
17/08/2026 10:42,15.75,0.002,7.95
17/08/2026 10:12,14.875,0.002,7.95
17/08/2026 09:42,15.625,0.002,7.94
17/08/2026 09:12,15.375,0.002,7.94
17/08/2026 08:42,15.375,0.002,7.94
17/08/2026 08:12,15.375,0.002,7.94
17/08/2026 07:42,15.125,0.002,7.93
17/08/2026 07:12,15.125,0.002,7.93
17/08/2026 06:42,15,0.002,7.93
17/08/2026 06:12,15,0.002,7.93
17/08/2026 05:42,15.125,0.002,7.93
17/08/2026 05:12,14.875,0.002,7.94
17/08/2026 04:42,14.875,0.002,7.94
17/08/2026 04:12,14.875,0.002,7.94
17/08/2026 03:42,13.875,0.002,7.94
17/08/2026 03:11,14.625,0.002,7.94
17/08/2026 02:42,14.625,0.002,7.95
17/08/2026 02:11,14.625,0.002,7.95
17/08/2026 01:41,14.125,0.002,7.95
17/08/2026 01:11,14.25,0.002,7.95
17/08/2026 00:41,14.625,0.002,7.96
17/08/2026 00:11,15,0.002,7.97
16/08/2026 23:41,15.25,0.002,7.97
16/08/2026 23:11,15.875,0.002,7.97
16/08/2026 22:41,16.25,0.002,7.98
16/08/2026 22:11,16.5,0.002,7.98
16/08/2026 21:41,16.375,0.002,7.98
16/08/2026 21:11,16.375,0.002,7.99
16/08/2026 20:41,16.25,0.002,7.99
16/08/2026 20:11,16.25,0.002,7.99
16/08/2026 19:41,16.25,0.002,7.99
16/08/2026 19:11,16.25,0.002,7.99
16/08/2026 18:41,16.375,0.002,7.99
16/08/2026 18:11,16.25,0.002,7.99
16/08/2026 17:41,16,0.002,7.98
16/08/2026 17:11,15.875,0.002,7.97
16/08/2026 16:41,15.875,0.002,7.97
16/08/2026 16:11,15.5,0.002,7.97
16/08/2026 15:41,15.5,0.002,7.97
16/08/2026 15:11,15.25,0.002,7.97
16/08/2026 14:41,15,0.002,7.96
16/08/2026 14:11,15.625,0.002,7.96
16/08/2026 13:41,14.625,0.002,7.96
16/08/2026 13:11,14.25,0.002,7.96
16/08/2026 12:41,14.75,0.002,7.96
16/08/2026 12:11,15,0.002,7.96
16/08/2026 11:41,15.375,0.002,7.96
16/08/2026 11:11,15.875,0.002,7.96
16/08/2026 10:41,15.75,0.002,7.96
16/08/2026 10:11,14.75,0.002,7.95
16/08/2026 09:41,15.5,0.002,7.96
16/08/2026 09:11,15.25,0.002,7.95
16/08/2026 08:41,15.125,0.002,7.95
16/08/2026 08:11,15.125,0.002,7.94
16/08/2026 07:41,15.125,0.002,7.94
16/08/2026 07:11,15,0.002,7.94
16/08/2026 06:41,14.875,0.002,7.93
16/08/2026 06:11,14.875,0.002,7.93
16/08/2026 05:41,13.875,0.002,7.93
16/08/2026 05:11,13.75,0.002,7.94
16/08/2026 04:41,14.75,0.002,7.94
16/08/2026 04:11,14.625,0.002,7.94
16/08/2026 03:41,14.5,0.002,7.94
16/08/2026 03:11,14.5,0.002,7.94
16/08/2026 02:41,14.5,0.002,7.94
16/08/2026 02:11,14.375,0.002,7.95
16/08/2026 01:41,14,0.002,7.95
16/08/2026 01:11,14.125,0.002,7.95
16/08/2026 00:41,14.25,0.002,7.96
16/08/2026 00:11,14.875,0.002,7.96
15/08/2026 23:41,15.375,0.002,7.96
15/08/2026 23:01,14.75,0.002,7.97
15/08/2026 22:31,16.125,0.002,7.97
15/08/2026 22:01,16.25,0.002,7.97
15/08/2026 21:31,16.125,0.002,7.97
15/08/2026 21:01,16.25,0.002,7.97
15/08/2026 20:31,16.25,0.002,7.97
15/08/2026 20:01,16.25,0.002,7.97
15/08/2026 19:31,16.125,0.002,7.97
15/08/2026 19:01,16.125,0.002,7.97
15/08/2026 18:31,16,0.002,7.97
15/08/2026 18:01,16,0.002,7.97
15/08/2026 17:31,15.875,0.002,7.97
15/08/2026 17:01,15.875,0.002,7.97
15/08/2026 16:31,16.625,0.002,7.96
15/08/2026 16:01,15.5,0.002,7.95
15/08/2026 15:31,15.375,0.002,7.95
15/08/2026 15:01,15.125,0.002,7.94
15/08/2026 14:31,14.875,0.002,7.94
15/08/2026 14:01,14.5,0.002,7.94
15/08/2026 13:31,14.25,0.002,7.93
15/08/2026 13:01,14.25,0.002,7.93
15/08/2026 12:31,14.75,0.002,7.93
15/08/2026 12:01,15.125,0.002,7.94
15/08/2026 11:31,15.375,0.002,7.94
15/08/2026 11:01,15.875,0.002,7.94
15/08/2026 10:31,15.75,0.002,7.94
15/08/2026 10:01,15.625,0.002,7.93
15/08/2026 09:31,15.375,0.002,7.93
15/08/2026 09:01,15.25,0.002,7.93
15/08/2026 08:31,15.25,0.002,7.93
15/08/2026 08:01,15.25,0.002,7.92
15/08/2026 07:31,15,0.002,7.92
15/08/2026 07:01,15,0.002,7.91
15/08/2026 06:31,15,0.002,7.91
15/08/2026 06:31,15,0.002,7.91
15/08/2026 06:01,14.875,0.002,7.91
15/08/2026 05:30,14.875,0.002,7.92
15/08/2026 05:00,14.875,0.002,7.92
15/08/2026 04:30,14.75,0.002,7.93
15/08/2026 04:00,14.75,0.002,7.93
15/08/2026 03:30,14.625,0.002,7.93
15/08/2026 03:00,14.625,0.002,7.93
15/08/2026 02:30,14.375,0.002,7.93
15/08/2026 02:00,14.375,0.002,7.93
15/08/2026 01:30,14.125,0.002,7.93
15/08/2026 01:00,14,0.002,7.93
15/08/2026 00:30,14.375,0.002,7.94
15/08/2026 00:00,15,0.002,7.94
14/08/2026 23:30,15.625,0.002,7.95
14/08/2026 23:00,15.875,0.002,7.96
14/08/2026 22:30,16.5,0.002,7.97
14/08/2026 22:00,16.5,0.002,7.97
14/08/2026 21:30,16.375,0.002,7.97
14/08/2026 21:00,16.375,0.002,7.97
14/08/2026 20:30,16.375,0.002,7.97
14/08/2026 20:00,16.25,0.002,7.97
14/08/2026 19:30,16.25,0.002,7.97
14/08/2026 19:00,16.25,0.002,7.97
14/08/2026 18:20,16.125,0.002,7.97
14/08/2026 17:50,16,0.002,7.97
14/08/2026 17:20,15.875,0.002,7.96
14/08/2026 16:50,15.75,0.002,7.96
14/08/2026 16:20,14.75,0.002,7.95
14/08/2026 15:50,15.5,0.002,7.95
14/08/2026 15:20,15.25,0.002,7.95
14/08/2026 14:50,15,0.002,7.94
14/08/2026 14:20,15.5,0.002,7.94
14/08/2026 13:50,14.25,0.002,7.93
14/08/2026 13:20,13.875,0.002,7.93
14/08/2026 12:50,14.125,0.002,7.93
14/08/2026 12:20,14.5,0.002,7.93
14/08/2026 11:50,14.875,0.002,7.93
14/08/2026 11:20,15.25,0.002,7.93
14/08/2026 10:50,15.25,0.002,7.93
14/08/2026 10:20,15.25,0.002,7.93
14/08/2026 09:50,15,0.002,7.92
14/08/2026 09:20,14.875,0.002,7.92
14/08/2026 08:50,14.625,0.002,7.91
14/08/2026 08:20,14.625,0.002,7.91
14/08/2026 07:50,15,0.002,7.91
14/08/2026 07:20,15.375,0.002,7.91
14/08/2026 06:50,15.125,0.002,7.91
14/08/2026 06:20,15.125,0.002,7.91
14/08/2026 05:50,15.125,0.002,7.91
14/08/2026 05:20,15,0.002,7.91
14/08/2026 04:50,15,0.002,7.9
14/08/2026 04:20,15,0.002,7.9
14/08/2026 03:50,15,0.002,7.9
14/08/2026 03:20,14.875,0.002,7.89
14/08/2026 02:50,14.875,0.002,7.89
14/08/2026 02:20,14.625,0.002,7.88
14/08/2026 01:50,14.5,0.002,7.87
14/08/2026 01:20,14.125,0.002,7.87
14/08/2026 00:50,14.5,0.002,7.9
14/08/2026 00:20,15,0.002,7.92
13/08/2026 23:50,15.625,0.002,7.93
13/08/2026 23:20,16,0.002,7.94
13/08/2026 22:50,15.75,0.002,7.95
13/08/2026 22:20,17,0.002,7.95
13/08/2026 21:50,16.875,0.002,7.95
13/08/2026 21:20,17,0.002,7.95
13/08/2026 20:50,17,0.002,7.95
13/08/2026 20:20,16.875,0.002,7.94
13/08/2026 19:50,16.875,0.002,7.94
13/08/2026 19:20,16.75,0.002,7.93
13/08/2026 18:50,17.625,0.002,7.92
13/08/2026 18:20,16.625,0.002,7.91
13/08/2026 17:50,16.5,0.002,7.89
13/08/2026 17:20,16.375,0.002,7.87
13/08/2026 16:50,16.125,0.002,7.83
13/08/2026 16:20,16,0.002,7.79
13/08/2026 15:50,15.875,0.002,7.73
13/08/2026 15:20,16.625,0.002,7.65
13/08/2026 14:50,15.5,0.002,7.51
13/08/2026 14:30,15.375,0.002,7.37
13/08/2026 13:51,15.125,0.002,7.09
13/08/2026 12:57,14.875,0.003,6.67
13/08/2026 07:26,13.875,0.001,7.83
13/08/2026 06:56,14.5,0.001,7.83
13/08/2026 06:26,14.875,0.001,7.83
13/08/2026 05:56,15.25,0.001,7.84
13/08/2026 05:26,15.25,0.001,7.84
13/08/2026 04:56,15.375,0.001,7.84
13/08/2026 04:26,15.125,0.001,7.84
13/08/2026 03:56,15.25,0.001,7.84
13/08/2026 03:26,15,0.001,7.84
13/08/2026 02:56,14.875,0.001,7.84
13/08/2026 02:26,14.875,0.001,7.84
13/08/2026 01:56,14.75,0.001,7.84
13/08/2026 01:26,14.625,0.001,7.84
13/08/2026 00:56,14.625,0.001,7.84
13/08/2026 00:26,15,0.001,7.85
12/08/2026 23:56,15.5,0.001,7.86
12/08/2026 23:26,16,0.001,7.86
12/08/2026 22:56,16.5,0.001,7.87
12/08/2026 22:26,16.875,0.001,7.87
12/08/2026 21:56,16.75,0.001,7.87
12/08/2026 21:26,16.875,0.001,7.87
12/08/2026 20:56,17,0.001,7.87
12/08/2026 20:26,16.75,0.001,7.87
12/08/2026 19:56,16.75,0.001,7.87
12/08/2026 19:26,17.625,0.001,7.87
12/08/2026 18:56,16.5,0.001,7.87
12/08/2026 18:26,16.5,0.001,7.87
12/08/2026 17:56,16.25,0.001,7.87
12/08/2026 17:26,16.25,0.001,7.86
12/08/2026 16:46,15.875,0.001,7.86
12/08/2026 16:46,15.875,0.001,7.86
12/08/2026 16:16,15.875,0.001,7.85
12/08/2026 15:46,15.625,0.001,7.85
12/08/2026 15:16,15.375,0.001,7.85
12/08/2026 14:46,15.25,0.001,7.84
12/08/2026 14:16,14.875,0.001,7.83
12/08/2026 13:46,15.625,0.001,7.83
12/08/2026 13:16,14.25,0.001,7.83
12/08/2026 12:46,14.5,0.001,7.83
12/08/2026 12:16,15,0.001,7.83
12/08/2026 11:46,15.125,0.001,7.83
12/08/2026 11:16,15.5,0.001,7.83
12/08/2026 10:46,15.625,0.001,7.82
12/08/2026 10:16,15.25,0.001,7.82
12/08/2026 09:46,15.25,0.001,7.82
12/08/2026 09:16,15.25,0.001,7.81
12/08/2026 08:46,15.125,0.001,7.81
12/08/2026 08:16,15.125,0.001,7.81
12/08/2026 07:46,15,0.001,7.81
12/08/2026 07:16,14.875,0.001,7.8
12/08/2026 06:46,14.875,0.001,7.8
12/08/2026 06:16,14.75,0.001,7.8
12/08/2026 05:46,14.875,0.001,7.8
12/08/2026 05:16,14.75,0.001,7.8
12/08/2026 04:46,14.75,0.001,7.8
12/08/2026 04:16,15.625,0.001,7.8
12/08/2026 03:46,14.625,0.001,7.8
12/08/2026 03:16,14.375,0.001,7.8
12/08/2026 02:46,14.5,0.001,7.8
12/08/2026 02:16,14.5,0.001,7.8
12/08/2026 01:46,14.25,0.001,7.8
12/08/2026 01:16,14.125,0.001,7.8
12/08/2026 00:46,14.375,0.001,7.81
12/08/2026 00:16,14.875,0.001,7.81
11/08/2026 23:46,15.125,0.001,7.81
11/08/2026 23:16,14.75,0.001,7.81
11/08/2026 22:46,16.125,0.001,7.82
11/08/2026 22:16,16.25,0.001,7.82
11/08/2026 21:46,16.25,0.001,7.82
11/08/2026 21:16,16.375,0.001,7.82
11/08/2026 20:46,16.25,0.001,7.82
11/08/2026 20:16,16.25,0.001,7.82
11/08/2026 20:16,16.25,0.001,7.82
11/08/2026 19:46,16.125,0.001,7.82
11/08/2026 19:16,16.25,0.001,7.82
11/08/2026 18:46,16.125,0.001,7.82
11/08/2026 18:16,16,0.001,7.82
11/08/2026 17:46,15.875,0.001,7.82
11/08/2026 17:16,15.875,0.001,7.81
11/08/2026 16:46,15.625,0.001,7.81
11/08/2026 16:16,15.5,0.001,7.81
11/08/2026 15:46,15.25,0.001,7.81
11/08/2026 15:16,15,0.001,7.81
11/08/2026 14:46,14.875,0.001,7.8
11/08/2026 14:16,14.75,0.001,7.8
11/08/2026 13:46,14,0.001,7.79
11/08/2026 13:16,14,0.001,7.8
11/08/2026 12:46,14.125,0.001,7.79
11/08/2026 12:16,14.5,0.001,7.79
11/08/2026 11:46,15,0.001,7.79
11/08/2026 11:16,15.25,0.001,7.79
11/08/2026 10:46,15.25,0.001,7.79
11/08/2026 10:15,15.25,0.001,7.78
11/08/2026 09:46,15.125,0.001,7.78
11/08/2026 09:15,14.875,0.001,7.78
11/08/2026 08:45,14.875,0.001,7.77
11/08/2026 08:15,14.75,0.001,7.77
11/08/2026 07:45,13.75,0.001,7.76
11/08/2026 07:15,15.625,0.001,7.76
11/08/2026 06:45,14.625,0.001,7.76
11/08/2026 06:15,14.625,0.001,7.76
11/08/2026 05:45,14.25,0.001,7.76
11/08/2026 05:15,14.5,0.001,7.77
11/08/2026 04:45,14.375,0.001,7.76
11/08/2026 04:15,14.375,0.001,7.76
11/08/2026 03:45,14.125,0.001,7.76
11/08/2026 03:15,14,0.001,7.76
11/08/2026 02:45,14,0.001,7.76
11/08/2026 02:15,13.75,0.001,7.76
11/08/2026 01:45,13.625,0.001,7.75
11/08/2026 01:15,13.5,0.001,7.76
11/08/2026 00:45,13.25,0.001,7.76
11/08/2026 00:15,13.25,0.001,7.76
10/08/2026 23:45,13.625,0.001,7.76
10/08/2026 23:15,14.25,0.001,7.76
10/08/2026 22:45,14.5,0.001,7.76
10/08/2026 22:15,15,0.001,7.77
10/08/2026 21:45,15.375,0.001,7.77
10/08/2026 21:15,15.5,0.001,7.77
10/08/2026 20:45,16,0.001,7.78
10/08/2026 20:15,16.25,0.001,7.78
10/08/2026 19:45,17.625,0.001,7.78
10/08/2026 19:15,17.25,0.001,7.78
10/08/2026 18:45,18.625,0.001,7.79
10/08/2026 18:15,18.125,0.001,7.79
10/08/2026 17:45,18.625,0.001,7.79
10/08/2026 17:15,19.5,0.001,7.79
10/08/2026 17:05,19.625,0.001,7.79
10/08/2026 16:35,20.125,0.001,7.79
10/08/2026 16:05,20.625,0.001,7.79
10/08/2026 16:05,18.75,0.001,7.79
10/08/2026 16:05,20.5,0.001,7.79
10/08/2026 15:35,19.5,0.001,7.79
10/08/2026 15:05,19.125,0.001,7.79
10/08/2026 14:35,19.125,0.001,7.79
10/08/2026 14:05,19.125,0.001,7.8
10/08/2026 13:35,18.875,0.001,7.81
10/08/2026 13:05,18.5,0.001,7.82
10/08/2026 13:05,19.5,0.001,7.82
10/08/2026 12:35,19.625,0.001,7.84
10/08/2026 12:05,19.875,0.001,7.86
10/08/2026 11:35,20.625,0.001,7.88
10/08/2026 11:05,21.625,0.001,7.9
10/08/2026 10:35,22.625,0.001,7.93
10/08/2026 10:25,18.125,0.001,7.88
09/08/2026 11:56,15.5,0.001,7.93
09/08/2026 11:56,17.875,0.001,7.88
09/08/2026 11:26,15.875,0.001,7.93
09/08/2026 10:56,15.875,0.001,7.93
09/08/2026 10:26,15.75,0.001,7.93
09/08/2026 09:56,16.625,0.001,7.92
09/08/2026 09:26,15.625,0.001,7.92
09/08/2026 08:56,15.375,0.001,7.91
09/08/2026 08:17,15.375,0.001,7.91
09/08/2026 07:27,15.125,0.001,7.91
09/08/2026 06:57,15.125,0.001,7.9
09/08/2026 06:27,15.25,0.001,7.9
09/08/2026 05:57,15.125,0.001,7.91
09/08/2026 05:27,15,0.001,7.91
09/08/2026 04:57,15,0.001,7.91
09/08/2026 04:27,14.875,0.001,7.91
09/08/2026 03:57,14.75,0.001,7.91
09/08/2026 03:27,14.875,0.001,7.92
09/08/2026 02:57,15.625,0.001,7.92
09/08/2026 02:27,14.375,0.001,7.92
09/08/2026 01:57,14.25,0.001,7.92
09/08/2026 01:27,14.25,0.001,7.92
09/08/2026 00:57,14.125,0.001,7.93
09/08/2026 00:21,15,0.001,7.93
08/08/2026 23:21,15.875,0.001,7.95
08/08/2026 22:51,16.375,0.001,7.95
08/08/2026 22:21,17.625,0.001,7.95
08/08/2026 21:51,16.75,0.001,7.95
08/08/2026 21:21,17.625,0.001,7.96
08/08/2026 20:51,17.625,0.001,7.96
08/08/2026 20:21,16.625,0.001,7.96
08/08/2026 19:51,15.75,0.001,7.96
08/08/2026 19:21,16.5,0.001,7.96
08/08/2026 18:51,16.5,0.001,7.96
08/08/2026 18:21,16.375,0.001,7.96
08/08/2026 17:51,16.375,0.001,7.95
08/08/2026 17:21,16.125,0.001,7.95
08/08/2026 16:51,16,0.001,7.95
08/08/2026 16:21,15.875,0.001,7.94
08/08/2026 15:51,15.75,0.001,7.94
08/08/2026 15:21,15.625,0.001,7.94
08/08/2026 14:51,15.25,0.001,7.93
08/08/2026 14:21,15.125,0.001,7.93
08/08/2026 13:51,14.875,0.001,7.92
08/08/2026 13:21,14.625,0.001,7.92
08/08/2026 12:51,14.75,0.001,7.92
08/08/2026 12:21,15,0.001,7.92
08/08/2026 11:51,15.5,0.001,7.92
08/08/2026 11:21,15.875,0.001,7.91
08/08/2026 10:51,15.875,0.001,7.91
08/08/2026 10:21,15.875,0.001,7.91
08/08/2026 09:51,15.75,0.001,7.9
08/08/2026 09:21,14.75,0.001,7.89
08/08/2026 08:51,15.5,0.001,7.89
08/08/2026 08:21,15.375,0.001,7.89
08/08/2026 07:51,15.25,0.001,7.88
08/08/2026 07:21,15.125,0.001,7.88
08/08/2026 06:51,15.125,0.001,7.88
08/08/2026 06:21,15,0.001,7.87
08/08/2026 05:51,14.875,0.001,7.87
08/08/2026 05:21,15,0.001,7.88
08/08/2026 05:21,15,0.001,7.88
08/08/2026 04:51,14.875,0.001,7.88
08/08/2026 04:17,14.75,0.001,7.88
08/08/2026 03:27,13.75,0.001,7.87
08/08/2026 02:56,14.5,0.001,7.88
08/08/2026 02:26,14.375,0.001,7.88
08/08/2026 01:56,14.25,0.001,7.89
08/08/2026 01:26,14.25,0.001,7.89
08/08/2026 00:56,14.25,0.001,7.89
08/08/2026 00:26,14.75,0.001,7.89
07/08/2026 23:56,15.125,0.001,7.9
07/08/2026 23:26,15.75,0.001,7.91
07/08/2026 22:56,16.125,0.001,7.92
07/08/2026 22:26,16.5,0.001,7.92
07/08/2026 21:56,16.625,0.001,7.92
07/08/2026 21:26,16.5,0.001,7.92
07/08/2026 20:56,16.375,0.001,7.91
07/08/2026 20:26,16.5,0.001,7.92
07/08/2026 19:56,16.5,0.001,7.92
07/08/2026 19:26,16.375,0.001,7.92
07/08/2026 18:56,16.25,0.001,7.91
07/08/2026 18:16,16.25,0.001,7.91
07/08/2026 17:46,16,0.001,7.9
07/08/2026 17:16,16,0.001,7.9
07/08/2026 16:46,16,0.001,7.9
07/08/2026 16:16,14.75,0.001,7.89
07/08/2026 15:46,15.375,0.001,7.88
07/08/2026 15:16,15.25,0.001,7.88
07/08/2026 14:46,15,0.001,7.88
07/08/2026 14:16,15.5,0.001,7.88
07/08/2026 13:46,14.375,0.001,7.87
07/08/2026 13:16,14,0.001,7.86
07/08/2026 12:46,14.25,0.001,7.85
07/08/2026 12:16,15.625,0.001,7.86
07/08/2026 11:46,15.125,0.001,7.86
07/08/2026 11:16,15.5,0.001,7.86
07/08/2026 10:46,15.5,0.001,7.86
07/08/2026 10:16,15.375,0.001,7.85
07/08/2026 09:46,15.25,0.001,7.84
07/08/2026 09:16,15.125,0.001,7.84
07/08/2026 08:46,14.875,0.001,7.84
07/08/2026 08:16,15.125,0.001,7.84
07/08/2026 07:46,15.375,0.001,7.83
07/08/2026 07:16,15.375,0.001,7.83
07/08/2026 06:46,15.375,0.001,7.83
07/08/2026 06:16,15.375,0.001,7.83
07/08/2026 05:46,15.375,0.001,7.82
07/08/2026 05:16,15.125,0.001,7.83
07/08/2026 04:46,15.25,0.001,7.82
07/08/2026 04:16,15.25,0.001,7.82
07/08/2026 03:46,15.125,0.001,7.83
07/08/2026 03:16,15,0.001,7.83
07/08/2026 02:46,15,0.001,7.82
07/08/2026 02:16,15,0.001,7.82
07/08/2026 01:46,14.75,0.001,7.82
07/08/2026 01:16,15.625,0.001,7.83
07/08/2026 00:46,14.875,0.001,7.83
07/08/2026 00:16,15.25,0.001,7.84
06/08/2026 23:46,15.75,0.001,7.84
06/08/2026 23:16,16.125,0.001,7.84
06/08/2026 22:46,16.625,0.001,7.85
06/08/2026 22:16,16.875,0.001,7.84
06/08/2026 21:46,16.75,0.001,7.85
06/08/2026 21:16,16.75,0.001,7.84
06/08/2026 20:46,16.75,0.001,7.84
06/08/2026 20:16,16.875,0.001,7.84
06/08/2026 19:46,17.625,0.001,7.84
06/08/2026 19:16,16.625,0.001,7.84
06/08/2026 18:46,16.375,0.001,7.84
06/08/2026 18:16,16.375,0.001,7.84
06/08/2026 17:46,16.5,0.001,7.83
06/08/2026 17:16,16.25,0.001,7.82
06/08/2026 16:46,16,0.001,7.82
06/08/2026 16:16,15.875,0.001,7.82
06/08/2026 15:46,15.75,0.001,7.81
06/08/2026 15:16,15.625,0.001,7.82
06/08/2026 14:36,15.25,0.001,7.82
06/08/2026 14:06,15.25,0.001,7.83
06/08/2026 13:36,14.875,0.001,7.82
06/08/2026 13:06,14.5,0.001,7.83
06/08/2026 12:36,14.875,0.001,7.85
06/08/2026 12:06,15.25,0.001,7.86
06/08/2026 11:36,15.625,0.001,7.89
06/08/2026 11:06,15.75,0.001,7.9
06/08/2026 10:36,15.875,0.001,7.92
06/08/2026 10:06,15.625,0.001,7.93
06/08/2026 09:36,15.625,0.001,7.94
06/08/2026 09:06,15.375,0.001,7.94
06/08/2026 08:36,15.25,0.001,7.95
06/08/2026 08:06,15.125,0.001,7.95
06/08/2026 07:36,15,0.001,7.94
06/08/2026 07:06,15,0.001,7.94
06/08/2026 06:36,14.75,0.001,7.94
06/08/2026 06:06,14.75,0.001,7.94
06/08/2026 05:35,13.75,0.001,7.95
06/08/2026 05:05,14.625,0.001,7.94
06/08/2026 04:35,14.5,0.001,7.95
06/08/2026 04:05,14.625,0.001,7.95
06/08/2026 03:35,14.25,0.001,7.95
06/08/2026 03:05,14.25,0.001,7.95
06/08/2026 02:35,14.25,0.001,7.95
06/08/2026 02:05,13.875,0.001,7.95
06/08/2026 01:35,13.75,0.001,7.94
06/08/2026 01:05,13.5,0.001,7.95
06/08/2026 00:35,14,0.001,7.95
06/08/2026 00:05,14.25,0.001,7.96
05/08/2026 23:35,15,0.001,7.96
05/08/2026 23:05,15.5,0.001,7.96
05/08/2026 22:35,16,0.001,7.97
05/08/2026 22:05,16,0.001,7.97
05/08/2026 21:35,16,0.001,7.97
05/08/2026 21:05,16,0.001,7.97
05/08/2026 20:35,15.875,0.001,7.97
05/08/2026 20:05,16,0.001,7.97
05/08/2026 19:35,16,0.001,7.97
05/08/2026 19:05,15.875,0.001,7.98
05/08/2026 18:35,15.75,0.001,7.97
05/08/2026 18:05,15.75,0.001,7.98
05/08/2026 17:35,15.625,0.001,7.97
05/08/2026 17:05,15.5,0.001,7.97
05/08/2026 16:35,15.375,0.001,7.97
05/08/2026 16:05,15.125,0.001,7.96
05/08/2026 15:35,14.875,0.001,7.96
05/08/2026 15:05,13.75,0.001,7.95
05/08/2026 14:25,14.125,0.001,7.95
05/08/2026 13:55,14,0.001,7.94
05/08/2026 13:25,13.75,0.001,7.94
05/08/2026 12:55,13.875,0.001,7.94
05/08/2026 12:25,14.25,0.001,7.94
05/08/2026 11:55,13.75,0.001,7.94
05/08/2026 11:25,15.125,0.001,7.94
05/08/2026 10:55,15.5,0.001,7.93
05/08/2026 10:25,15.375,0.001,7.93
05/08/2026 09:55,15.25,0.001,7.93
05/08/2026 09:25,15,0.001,7.92
05/08/2026 08:55,14.75,0.001,7.92
05/08/2026 08:25,14.625,0.001,7.92
05/08/2026 07:55,15,0.001,7.91
05/08/2026 07:25,15.5,0.001,7.9
05/08/2026 06:55,15.25,0.001,7.9
05/08/2026 06:25,15.25,0.001,7.91
05/08/2026 05:55,15.25,0.001,7.91
05/08/2026 05:25,15.125,0.001,7.91
05/08/2026 04:55,15.125,0.001,7.91
05/08/2026 04:25,15.125,0.001,7.91
05/08/2026 03:55,15,0.001,7.91
05/08/2026 03:25,14.875,0.001,7.91
05/08/2026 02:55,14.875,0.001,7.92
05/08/2026 02:25,14.75,0.001,7.92
05/08/2026 01:55,15.5,0.001,7.92
05/08/2026 01:25,14.375,0.001,7.92
05/08/2026 00:55,14.5,0.001,7.92
05/08/2026 00:25,14.875,0.001,7.93
04/08/2026 23:55,15.375,0.001,7.93
04/08/2026 23:25,15.75,0.001,7.94
04/08/2026 22:55,16.375,0.001,7.94
04/08/2026 22:25,16.875,0.001,7.94
04/08/2026 21:55,16.875,0.001,7.94
04/08/2026 21:25,17,0.001,7.94
04/08/2026 20:55,16.875,0.001,7.94
04/08/2026 20:25,16.875,0.001,7.94
04/08/2026 19:55,17,0.001,7.95
04/08/2026 19:25,17,0.001,7.95
04/08/2026 18:55,17,0.001,7.95
04/08/2026 18:25,16.875,0.001,7.94
04/08/2026 17:55,16.75,0.001,7.95
04/08/2026 17:25,15.75,0.001,7.95
04/08/2026 16:55,16.375,0.001,7.95
04/08/2026 16:25,16.125,0.001,7.94
04/08/2026 15:55,15.875,0.001,7.94
04/08/2026 15:25,15.875,0.001,7.94
04/08/2026 14:55,16.625,0.001,7.93
04/08/2026 14:25,15.5,0.001,7.93
04/08/2026 13:55,15.125,0.001,7.93
04/08/2026 13:25,14.75,0.001,7.93
04/08/2026 12:55,14.875,0.001,7.93
04/08/2026 12:25,15.125,0.001,7.94
04/08/2026 11:55,15.375,0.001,7.95
04/08/2026 11:25,15.75,0.001,7.96
04/08/2026 10:55,15.875,0.001,7.97
04/08/2026 10:25,15.75,0.001,7.97
04/08/2026 09:55,15.75,0.001,7.97
04/08/2026 09:25,15.5,0.001,7.98
04/08/2026 08:55,15.375,0.001,7.98
04/08/2026 08:24,15.5,0.001,7.98
04/08/2026 07:54,15.25,0.001,7.98
04/08/2026 07:24,15.25,0.001,7.98
04/08/2026 06:54,15.25,0.001,7.98
04/08/2026 06:24,15.125,0.001,7.98
04/08/2026 05:54,15,0.001,7.98
04/08/2026 05:24,15,0.001,7.98
04/08/2026 04:54,15,0.001,7.98
04/08/2026 04:24,15,0.001,7.99
04/08/2026 03:54,14.875,0.001,7.98
04/08/2026 03:24,13.875,0.001,7.99
04/08/2026 02:54,14.5,0.001,7.99
04/08/2026 02:24,14.5,0.001,7.99
04/08/2026 01:54,14.25,0.001,7.99
04/08/2026 01:24,14.125,0.001,7.99
04/08/2026 00:54,14.25,0.001,8
04/08/2026 00:24,15.625,0.001,8
03/08/2026 23:54,15.25,0.001,8.01
03/08/2026 23:24,15.75,0.001,8.01
03/08/2026 22:54,16.25,0.001,8.02
03/08/2026 22:24,16.625,0.001,8.02
03/08/2026 21:54,15.75,0.001,8.02
03/08/2026 21:24,17.5,0.001,8.02
03/08/2026 20:54,15.75,0.001,8.03
03/08/2026 20:24,16.625,0.001,8.03
03/08/2026 19:54,16.625,0.001,8.03
03/08/2026 19:24,16.5,0.001,8.03
03/08/2026 18:54,16.375,0.001,8.03
03/08/2026 18:24,16.5,0.001,8.03
03/08/2026 17:54,16.25,0.001,8.03
03/08/2026 17:24,16.125,0.001,8.03
03/08/2026 16:54,16,0.001,8.03
03/08/2026 16:24,15.875,0.001,8.02
03/08/2026 15:54,15.625,0.001,8.02
03/08/2026 15:14,15.375,0.001,8.01
03/08/2026 14:44,15.25,0.001,8.01
03/08/2026 14:14,14.875,0.001,8
03/08/2026 13:44,14.625,0.001,8
03/08/2026 13:14,14.5,0.001,8
03/08/2026 12:44,14.75,0.001,8
03/08/2026 12:14,15.25,0.001,8
03/08/2026 11:44,15.625,0.001,8
03/08/2026 11:14,16,0.001,8
03/08/2026 10:44,15.875,0.001,8
03/08/2026 10:14,16.625,0.001,7.99
03/08/2026 09:44,15.625,0.001,7.99
03/08/2026 09:14,15.375,0.001,7.98
03/08/2026 08:44,15.375,0.001,7.97
03/08/2026 08:14,15.5,0.001,7.97
03/08/2026 07:44,15.25,0.001,7.97
03/08/2026 07:14,15.25,0.001,7.97
03/08/2026 06:44,15.125,0.001,7.97
03/08/2026 06:14,15.125,0.001,7.97
03/08/2026 05:44,15.125,0.001,7.97
03/08/2026 05:14,15,0.001,7.98
03/08/2026 04:44,15,0.001,7.98
03/08/2026 04:14,15,0.001,7.98
03/08/2026 03:44,14.875,0.001,7.98
03/08/2026 03:14,13.75,0.001,7.98
03/08/2026 02:44,15.625,0.001,7.98
03/08/2026 02:14,14.625,0.001,7.99
03/08/2026 01:44,14.375,0.001,7.99
03/08/2026 01:14,14.125,0.001,7.99
03/08/2026 00:44,14.375,0.001,8
03/08/2026 00:14,15,0.001,8
02/08/2026 23:44,15.5,0.001,8.01
02/08/2026 23:14,15.875,0.001,8.01
02/08/2026 22:44,16.375,0.001,8.02
02/08/2026 22:14,16.5,0.001,8.02
02/08/2026 21:35,16.375,0.001,8.02
02/08/2026 20:45,16.375,0.001,8.02
02/08/2026 20:15,16.375,0.001,8.02
02/08/2026 19:45,16.375,0.001,8.03
02/08/2026 19:15,16.375,0.001,8.03
02/08/2026 18:45,16.125,0.001,8.03
02/08/2026 18:15,16.25,0.001,8.03
02/08/2026 17:45,16.125,0.001,8.03
02/08/2026 17:15,16,0.001,8.03
02/08/2026 16:45,15.875,0.001,8.03
02/08/2026 16:15,15.75,0.001,8.02
02/08/2026 15:45,15.5,0.001,8.02
02/08/2026 15:15,15.375,0.001,8.01
02/08/2026 14:45,15.125,0.001,8.01
02/08/2026 14:15,14.75,0.001,8.01
02/08/2026 13:45,14.25,0.001,8.01
02/08/2026 13:15,14.25,0.001,8.01
02/08/2026 12:45,14.875,0.001,8.01
02/08/2026 12:15,15.25,0.001,8.01
02/08/2026 11:45,15.5,0.001,8
02/08/2026 11:15,15.875,0.001,8
02/08/2026 10:45,15.875,0.001,8
02/08/2026 10:15,16.625,0.001,7.99
02/08/2026 09:45,15.625,0.001,7.99
02/08/2026 09:15,15.375,0.001,7.99
02/08/2026 08:45,15.375,0.001,7.98
02/08/2026 08:15,15.25,0.001,7.98
02/08/2026 07:45,15.25,0.001,7.98
02/08/2026 07:15,15.125,0.001,7.98
02/08/2026 06:45,15,0.001,7.98
02/08/2026 06:15,15,0.001,7.98
02/08/2026 05:43,15,0.001,7.98
02/08/2026 04:43,15,0.001,7.98
02/08/2026 04:13,14.875,0.001,7.99
02/08/2026 03:43,14.75,0.001,7.99
02/08/2026 03:13,15.625,0.001,7.99
02/08/2026 02:43,14.625,0.001,7.99
02/08/2026 02:13,14.375,0.001,7.99
02/08/2026 01:43,14.25,0.001,7.99
02/08/2026 01:13,14,0.001,7.99
02/08/2026 00:43,14.375,0.001,8
02/08/2026 00:13,14.875,0.001,8
01/08/2026 23:43,15.25,0.001,8.01
01/08/2026 23:13,15.625,0.001,8.02
01/08/2026 22:43,16.125,0.001,8.02
01/08/2026 22:13,16.25,0.001,8.02
01/08/2026 21:43,16.25,0.001,8.02
01/08/2026 21:13,16.25,0.001,8.02
01/08/2026 20:43,16.25,0.001,8.03
01/08/2026 20:13,16.125,0.001,8.03
01/08/2026 19:43,16,0.001,8.03
01/08/2026 19:13,16.125,0.001,8.03
01/08/2026 18:43,16,0.001,8.03
01/08/2026 18:13,16,0.001,8.03
01/08/2026 17:43,16,0.001,8.03
01/08/2026 17:12,15.75,0.001,8.02
01/08/2026 16:42,16.625,0.001,8.02
01/08/2026 16:12,15.375,0.001,8.02
01/08/2026 15:42,15.25,0.001,8.01
01/08/2026 15:12,15,0.001,8.01
01/08/2026 14:42,13.75,0.001,8.01
01/08/2026 14:12,14.25,0.001,8
01/08/2026 13:42,14.125,0.001,8
01/08/2026 13:12,13.75,0.001,8
01/08/2026 12:42,14,0.001,8
01/08/2026 12:12,14.625,0.001,8
01/08/2026 11:42,14.875,0.001,8
01/08/2026 11:02,15.25,0.001,7.99
01/08/2026 10:32,15.125,0.001,7.99
01/08/2026 10:02,15,0.001,7.98
01/08/2026 09:32,14.75,0.001,7.98
01/08/2026 09:02,14.25,0.001,7.98
01/08/2026 08:22,14.375,0.001,7.98
01/08/2026 07:52,13.75,0.001,7.98
01/08/2026 07:22,15.25,0.001,7.98
01/08/2026 06:52,15.25,0.001,7.98
01/08/2026 06:22,15.25,0.001,7.98
01/08/2026 05:52,15.25,0.001,7.98
01/08/2026 05:12,15.25,0.001,7.98
01/08/2026 04:42,15.125,0.001,7.98
01/08/2026 04:12,15.125,0.001,7.98
01/08/2026 03:42,15.125,0.001,7.99
01/08/2026 03:12,15,0.001,7.99
01/08/2026 02:41,15,0.001,7.99
01/08/2026 02:11,14.75,0.001,7.99
01/08/2026 01:41,14.625,0.001,7.99
01/08/2026 01:01,14.625,0.001,8
01/08/2026 00:31,14.875,0.001,8
01/08/2026 00:01,15.375,0.001,8
31/07/2026 23:31,14.75,0.001,8.01
31/07/2026 23:01,16.125,0.001,8.01
31/07/2026 22:21,16.375,0.001,8.02
31/07/2026 21:51,16.375,0.001,8.02
31/07/2026 21:21,16.375,0.001,8.02
31/07/2026 20:51,16.5,0.001,8.02
31/07/2026 20:21,16.375,0.001,8.03
31/07/2026 19:51,16.375,0.001,8.03
31/07/2026 19:11,16.5,0.001,8.03
31/07/2026 18:41,16.25,0.001,8.03
31/07/2026 18:11,16.25,0.001,8.03
31/07/2026 17:41,16.125,0.001,8.03
31/07/2026 17:10,16,0.001,8.03
31/07/2026 16:40,16,0.001,8.02
31/07/2026 16:00,15.75,0.001,8.02
31/07/2026 15:30,15.5,0.001,8.01
31/07/2026 15:00,15.25,0.001,8.01
31/07/2026 14:30,15.125,0.001,8
31/07/2026 14:00,13.75,0.001,8
31/07/2026 13:20,14.25,0.001,8
31/07/2026 12:50,15.625,0.001,8
31/07/2026 12:20,15,0.001,8
31/07/2026 11:50,15.375,0.001,8
31/07/2026 11:20,15.875,0.001,7.99
31/07/2026 10:50,15.875,0.001,7.99
31/07/2026 10:10,16.625,0.001,7.99
31/07/2026 09:40,15.5,0.001,7.98
31/07/2026 09:10,15.375,0.001,7.98
31/07/2026 08:40,15.25,0.001,7.97
31/07/2026 08:10,15.375,0.001,7.97
31/07/2026 07:30,15.25,0.001,7.97
31/07/2026 07:00,15.375,0.001,7.97
31/07/2026 06:30,15.25,0.001,7.97
31/07/2026 05:59,15.25,0.001,7.97
31/07/2026 05:29,15.125,0.001,7.97
31/07/2026 04:59,15,0.001,7.97
31/07/2026 04:19,15.125,0.001,7.97
31/07/2026 03:49,14.875,0.001,7.98
31/07/2026 03:19,14.875,0.001,7.98
31/07/2026 02:49,14.75,0.001,7.98
31/07/2026 02:19,14.625,0.001,7.98
31/07/2026 01:49,14.5,0.001,7.98
31/07/2026 01:09,14.25,0.001,7.98
31/07/2026 00:39,15.5,0.001,7.99
31/07/2026 00:09,15.125,0.001,7.99
30/07/2026 23:39,15.5,0.001,8
30/07/2026 23:09,15.875,0.001,8
30/07/2026 22:29,16.375,0.001,8
30/07/2026 21:59,16.25,0.001,8.01
30/07/2026 21:29,16.375,0.001,8.01
30/07/2026 20:59,16.25,0.001,8.01
30/07/2026 20:29,16.25,0.001,8.01
30/07/2026 19:59,16.25,0.001,8.01
30/07/2026 19:18,16.25,0.001,8.01
30/07/2026 18:48,16.125,0.001,8.02
30/07/2026 18:18,16,0.001,8.02
30/07/2026 17:48,16,0.001,8.01
30/07/2026 17:18,15.875,0.001,8.01
30/07/2026 16:38,15.75,0.001,8
30/07/2026 16:08,15.625,0.001,8
30/07/2026 15:38,15.25,0.001,7.99
30/07/2026 15:08,15.125,0.001,7.99
30/07/2026 14:38,14.75,0.001,7.99
30/07/2026 13:58,14.375,0.001,7.98
30/07/2026 13:28,14.125,0.001,7.97
30/07/2026 12:58,14.25,0.001,7.97
30/07/2026 12:28,14.625,0.001,7.97
30/07/2026 11:58,14.875,0.001,7.97
30/07/2026 11:18,15.125,0.001,7.97
30/07/2026 10:48,15.375,0.001,7.97
30/07/2026 10:18,15.125,0.001,7.96
30/07/2026 09:48,15,0.001,7.95
30/07/2026 09:17,13.75,0.001,7.94
30/07/2026 08:37,14.375,0.001,7.94
30/07/2026 08:01,14.75,0.001,7.95
30/07/2026 07:05,15.25,0.001,7.95
30/07/2026 06:07,15.125,0.001,7.95
30/07/2026 05:09,15.125,0.001,7.95
30/07/2026 04:11,15,0.001,7.95
30/07/2026 03:15,14.75,0.001,7.96
30/07/2026 02:19,13.75,0.001,7.96
30/07/2026 01:21,14.5,0.001,7.96
30/07/2026 00:22,14.875,0.001,7.97
29/07/2026 23:26,15.875,0.001,7.98
29/07/2026 22:28,16.5,0.001,7.98
29/07/2026 21:32,16.5,0.001,7.99
29/07/2026 20:36,16.5,0.001,7.99
29/07/2026 18:46,16.375,0.001,7.99
29/07/2026 18:40,16.25,0.001,7.99
29/07/2026 17:41,16.25,0.001,7.99
29/07/2026 16:43,15.875,0.001,7.98
29/07/2026 15:46,15.5,0.001,7.98
29/07/2026 13:49,15.625,0.001,7.95
29/07/2026 13:49,15.125,0.001,7.96
29/07/2026 12:53,14.625,0.001,7.93
29/07/2026 11:54,15.125,0.001,7.93
29/07/2026 10:56,16.625,0.001,7.94
29/07/2026 09:58,15.25,0.001,7.93
29/07/2026 09:00,15,0.001,7.92
29/07/2026 08:02,15.375,0.001,7.91
29/07/2026 07:04,15.25,0.001,7.91
29/07/2026 06:06,15.125,0.001,7.91
29/07/2026 05:08,15.125,0.001,7.91
29/07/2026 04:11,14.875,0.001,7.91
29/07/2026 03:13,14.75,0.001,7.91
29/07/2026 02:15,14.5,0.001,7.91
29/07/2026 01:19,14.25,0.001,7.91
29/07/2026 00:21,13.75,0.001,7.93
28/07/2026 23:23,16.625,0.001,7.93
28/07/2026 22:25,16.5,0.001,7.94
28/07/2026 21:27,16.5,0.001,7.94
28/07/2026 20:28,16.375,0.001,7.95
28/07/2026 19:30,16.375,0.001,7.95
28/07/2026 18:32,16.25,0.001,7.95
28/07/2026 17:34,16.25,0.001,7.94
28/07/2026 16:36,16,0.001,7.94
28/07/2026 15:40,15.625,0.001,7.93
28/07/2026 14:42,15.25,0.001,7.92
28/07/2026 13:44,14.75,0.001,7.92
28/07/2026 12:45,15,0.001,7.93
28/07/2026 11:47,14.75,0.001,7.95
28/07/2026 10:49,16,0.001,7.97
28/07/2026 09:53,15.75,0.001,7.99
28/07/2026 08:55,15.375,0.001,7.99
28/07/2026 08:01,15.25,0.001,7.99
28/07/2026 06:11,14.875,0.001,7.99
28/07/2026 06:02,14.875,0.001,7.98
28/07/2026 05:04,15.625,0.001,7.99
28/07/2026 04:06,14.5,0.001,7.99
28/07/2026 03:08,14.25,0.001,7.99
28/07/2026 02:10,14.125,0.001,8
28/07/2026 01:14,14,0.001,8
28/07/2026 00:16,14.625,0.001,8.01
27/07/2026 23:17,15.625,0.001,8.01
27/07/2026 22:19,16.25,0.001,8.02
27/07/2026 21:21,16.25,0.001,8.03
27/07/2026 20:25,16.25,0.001,8.03
27/07/2026 19:27,16.125,0.001,8.03
27/07/2026 18:29,16,0.001,8.03
27/07/2026 17:33,16,0.001,8.03
27/07/2026 16:34,15.75,0.001,8.02
27/07/2026 15:36,15.375,0.001,8.01
27/07/2026 14:38,15,0.001,8.01
27/07/2026 13:40,14.25,0.001,8
27/07/2026 12:42,14.625,0.001,7.99
27/07/2026 11:34,15.5,0.001,7.98
27/07/2026 10:36,15.75,0.001,7.98
27/07/2026 09:38,15.5,0.001,7.98
27/07/2026 08:41,15.375,0.001,7.97
27/07/2026 07:43,15,0.001,7.97
27/07/2026 06:50,14.75,0.001,7.96
26/07/2026 22:20,15.625,0.001,8
26/07/2026 22:20,14.625,0.001,7.99
26/07/2026 22:20,13.5,0.001,7.98
26/07/2026 22:20,14,0.001,7.98
26/07/2026 22:20,14.125,0.001,7.98
26/07/2026 22:20,14.25,0.001,7.97
26/07/2026 22:20,14.25,0.001,7.97
26/07/2026 22:20,14.375,0.001,7.97
26/07/2026 22:12,16.125,0.001,8
26/07/2026 21:14,16.125,0.001,8.01
26/07/2026 20:16,16,0.001,8.01
26/07/2026 19:17,16,0.001,8.01
26/07/2026 18:20,16,0.001,8.01
26/07/2026 17:21,15.75,0.001,8.01
26/07/2026 16:25,15.375,0.001,8
26/07/2026 15:29,15,0.001,7.99
26/07/2026 14:31,13.75,0.001,7.99
26/07/2026 13:33,14,0.001,7.98
26/07/2026 12:34,14.375,0.001,7.97
26/07/2026 08:54,15.375,0.001,7.95
26/07/2026 08:54,15.625,0.001,7.96
26/07/2026 08:54,15.25,0.001,7.96
26/07/2026 08:46,15.125,0.001,7.95
26/07/2026 07:48,15,0.001,7.94
26/07/2026 06:53,15.625,0.001,7.93
26/07/2026 04:03,14.375,0.001,7.94
26/07/2026 04:03,13.75,0.001,7.94
26/07/2026 03:55,14.25,0.001,7.94
26/07/2026 03:01,14,0.001,7.95
26/07/2026 02:03,14,0.001,7.95
26/07/2026 01:05,13.5,0.001,7.95
26/07/2026 00:06,13.75,0.001,7.96
25/07/2026 23:08,15.875,0.001,7.96
25/07/2026 22:10,16.25,0.001,7.97
25/07/2026 21:12,16.125,0.001,7.98
25/07/2026 20:14,16.125,0.001,7.98
25/07/2026 19:16,16.125,0.001,7.99
25/07/2026 18:18,16,0.001,7.98
25/07/2026 17:20,15.875,0.001,7.98
25/07/2026 16:22,15.625,0.001,7.97
25/07/2026 15:23,15.25,0.001,7.96
25/07/2026 14:27,14.875,0.001,7.95
25/07/2026 13:29,14.25,0.001,7.94
25/07/2026 12:33,15.625,0.001,7.93
25/07/2026 11:43,15.375,0.001,7.93
25/07/2026 09:40,15.375,0.001,7.92
25/07/2026 08:44,15.125,0.001,7.91
25/07/2026 07:47,15.125,0.001,7.9
25/07/2026 06:50,14.875,0.001,7.9
25/07/2026 05:54,14.75,0.001,7.9
25/07/2026 04:57,13.75,0.001,7.9
25/07/2026 04:01,14.625,0.001,7.9
25/07/2026 03:03,14.5,0.001,7.9
25/07/2026 02:04,14,0.001,7.91
25/07/2026 01:06,13.875,0.001,7.91
25/07/2026 00:08,15,0.001,7.91
24/07/2026 23:10,15.875,0.001,7.92
24/07/2026 22:10,16.375,0.001,7.93
24/07/2026 18:25,16.25,0.001,7.94
24/07/2026 18:25,16.25,0.001,7.94
24/07/2026 18:25,16.375,0.001,7.94
24/07/2026 18:25,16.375,0.001,7.94
24/07/2026 16:35,16,0.001,7.93
24/07/2026 16:35,16,0.001,7.93
24/07/2026 16:27,15.875,0.001,7.92
24/07/2026 15:29,15.5,0.001,7.91
24/07/2026 14:31,15.125,0.001,7.9
24/07/2026 13:33,14.625,0.001,7.9
24/07/2026 12:35,15,0.001,7.89
24/07/2026 11:41,15.75,0.001,7.89
24/07/2026 10:38,15.875,0.001,7.9
24/07/2026 09:40,14.75,0.001,7.9
24/07/2026 08:42,15.375,0.001,7.91
24/07/2026 07:44,15.375,0.001,7.9
24/07/2026 06:46,15.25,0.001,7.9
24/07/2026 05:50,15.125,0.001,7.9
24/07/2026 04:51,15,0.001,7.9
24/07/2026 03:53,14.875,0.001,7.91
24/07/2026 02:55,14.75,0.001,7.91
24/07/2026 01:57,14.625,0.001,7.91
24/07/2026 00:59,14.25,0.001,7.91
24/07/2026 00:01,15,0.001,7.92
23/07/2026 23:03,15.875,0.001,7.93
23/07/2026 22:05,16.25,0.001,7.94
23/07/2026 21:06,16.125,0.001,7.94
23/07/2026 20:08,16.125,0.001,7.94
23/07/2026 19:12,16.125,0.001,7.94
23/07/2026 17:22,16.125,0.001,7.94
23/07/2026 17:14,16,0.001,7.94
23/07/2026 16:16,15.625,0.001,7.93
23/07/2026 15:18,15.25,0.001,7.92
23/07/2026 14:22,14.875,0.001,7.91
23/07/2026 13:23,14,0.001,7.9
23/07/2026 12:25,14.625,0.001,7.9
23/07/2026 11:27,15.125,0.001,7.9
23/07/2026 10:13,15,0.001,7.9
23/07/2026 09:06,14.125,0.001,7.93
23/07/2026 08:08,14.625,0.001,7.93
23/07/2026 07:10,13.375,0.001,7.92
23/07/2026 06:09,13.875,0.001,7.93
23/07/2026 06:09,13.875,0.001,7.93
23/07/2026 04:14,15,0.001,7.94
23/07/2026 04:14,14.875,0.001,7.94
23/07/2026 03:15,15,0.001,7.94
23/07/2026 02:17,14.875,0.001,7.95
23/07/2026 01:19,14.75,0.001,7.95
23/07/2026 00:21,14.5,0.001,7.96
22/07/2026 23:23,14.375,0.001,7.96
22/07/2026 22:25,14,0.001,7.96
22/07/2026 21:27,13,0.001,7.96
22/07/2026 20:29,13.5,0.001,7.97
22/07/2026 19:30,13,0.001,7.97
22/07/2026 18:32,13.625,0.001,7.97
22/07/2026 17:36,14.125,0.001,7.97
22/07/2026 16:38,14.5,0.001,7.97
22/07/2026 15:40,15.625,0.001,7.97
22/07/2026 14:42,14.875,0.001,7.97
22/07/2026 13:46,15.125,0.001,7.97
22/07/2026 12:48,15.625,0.001,7.97
22/07/2026 11:49,16,0.001,7.98
22/07/2026 10:52,17,0.001,8
22/07/2026 05:37,14.625,0.001,8.01
22/07/2026 05:37,14.75,0.001,8.01
22/07/2026 05:37,15,0.001,8.01
22/07/2026 05:37,15.5,0.001,8
22/07/2026 05:29,14.25,0.001,8.01
22/07/2026 04:31,14.25,0.001,8.02
22/07/2026 03:35,14.125,0.001,8.02
22/07/2026 02:39,13.875,0.001,8.03
22/07/2026 01:41,13.625,0.001,8.03
22/07/2026 00:43,13.125,0.001,8.03
21/07/2026 23:46,14.375,0.001,8.04
21/07/2026 22:50,15.625,0.001,8.06
21/07/2026 21:52,15.75,0.001,8.06
21/07/2026 20:54,15.875,0.001,8.07
21/07/2026 15:06,14.875,0.001,8.05
21/07/2026 15:06,15.125,0.001,8.06
21/07/2026 15:06,15.25,0.001,8.07
21/07/2026 15:06,15.5,0.001,8.07
21/07/2026 15:06,15.75,0.001,8.07
21/07/2026 15:06,15.75,0.001,8.07
21/07/2026 14:09,14.125,0.001,8.05
21/07/2026 13:11,12.875,0.001,8.04
21/07/2026 12:13,14.625,0.001,8.04
21/07/2026 11:14,15.625,0.001,8.04
21/07/2026 10:16,15.5,0.001,8.04
21/07/2026 09:18,15.25,0.001,8.03
21/07/2026 08:20,14.875,0.001,8.02
21/07/2026 07:22,15.625,0.001,8.02
21/07/2026 06:26,14.375,0.001,8.02
21/07/2026 05:28,14.5,0.001,8.03
21/07/2026 04:32,14,0.001,8.03
21/07/2026 03:33,14.125,0.001,8.03
21/07/2026 02:36,13,0.001,8.03
20/07/2026 19:06,16,0.001,8.07
20/07/2026 19:06,16.125,0.001,8.07
20/07/2026 19:06,16.125,0.001,8.07
20/07/2026 19:06,15.75,0.001,8.06
20/07/2026 19:06,14.625,0.001,8.05
20/07/2026 19:06,13.375,0.001,8.04
20/07/2026 19:06,13.375,0.001,8.04
20/07/2026 19:02,15.875,0.001,8.08
20/07/2026 15:09,15.25,0.001,8.06
20/07/2026 15:09,15.625,0.001,8.07
20/07/2026 15:09,15.75,0.001,8.07
20/07/2026 15:09,16,0.001,8.08
20/07/2026 14:13,14.875,0.001,8.05
20/07/2026 13:15,14.25,0.001,8.05
20/07/2026 12:19,14.875,0.001,8.04
20/07/2026 11:21,15.875,0.001,8.05
20/07/2026 10:23,15.875,0.001,8.04
20/07/2026 09:25,15.5,0.001,8.04
20/07/2026 08:27,15.375,0.001,8.03
20/07/2026 07:29,15.25,0.001,8.03
20/07/2026 06:30,15.125,0.001,8.03
20/07/2026 05:34,15,0.001,8.03
20/07/2026 04:36,14.875,0.001,8.03
20/07/2026 03:42,14.875,0.001,8.04
19/07/2026 14:54,16.875,0.001,8.07
19/07/2026 14:54,17,0.001,8.07
19/07/2026 14:54,17,0.001,8.08
19/07/2026 14:54,17.25,0.001,8.09
19/07/2026 14:54,17.25,0.001,8.09
19/07/2026 14:54,17.25,0.001,8.08
19/07/2026 14:54,17.125,0.001,8.08
19/07/2026 14:54,16.875,0.001,8.08
19/07/2026 14:54,16.875,0.001,8.07
19/07/2026 14:54,16.5,0.001,8.07
19/07/2026 14:54,15.375,0.001,8.06
19/07/2026 14:54,14.375,0.001,8.05
19/07/2026 14:54,14.25,0.001,8.04
19/07/2026 14:54,14.625,0.001,8.04
19/07/2026 13:58,16.625,0.001,8.06
19/07/2026 13:00,16.5,0.001,8.05
19/07/2026 12:02,16.25,0.001,8.05
19/07/2026 11:04,16.125,0.001,8.04
19/07/2026 10:08,15.75,0.001,8.03
19/07/2026 09:10,15.75,0.001,8.02
19/07/2026 08:11,15.625,0.001,8.02
19/07/2026 07:20,15.5,0.001,8.01
18/07/2026 14:47,15.875,0.001,8.04
18/07/2026 14:47,16,0.001,8.05
18/07/2026 14:47,16.125,0.001,8.06
18/07/2026 14:47,16.25,0.001,8.06
18/07/2026 14:47,16.375,0.001,8.06
18/07/2026 14:47,16.5,0.001,8.06
18/07/2026 14:47,16.5,0.001,8.06
18/07/2026 14:47,15.875,0.001,8.05
18/07/2026 14:47,15,0.001,8.04
18/07/2026 14:47,14.625,0.001,8.04
18/07/2026 14:47,14.875,0.001,8.04
18/07/2026 14:47,15,0.001,8.03
18/07/2026 14:47,15,0.001,8.03
18/07/2026 14:47,15.125,0.001,8.03
18/07/2026 14:47,15.125,0.001,8.02
18/07/2026 14:47,15.25,0.001,8.02
18/07/2026 14:47,15.25,0.001,8.02
18/07/2026 14:47,15.25,0.001,8.02
18/07/2026 12:57,15.625,0.001,8.03
18/07/2026 12:48,15.375,0.001,8.02
18/07/2026 11:50,15.125,0.001,8.02
18/07/2026 11:50,15.125,0.001,8.02
18/07/2026 10:52,14.625,0.001,8.01
18/07/2026 09:56,14.125,0.001,8
18/07/2026 08:58,14.625,0.001,8
18/07/2026 08:00,15,0.001,7.99
18/07/2026 07:04,13.75,0.001,7.99
18/07/2026 06:06,14.5,0.001,7.99
18/07/2026 05:07,14.25,0.001,8
18/07/2026 04:09,14.125,0.001,8
18/07/2026 03:19,14.125,0.001,8
18/07/2026 01:16,14.5,0.001,8
18/07/2026 00:19,13.25,0.001,8
17/07/2026 23:25,13.5,0.001,8.01
17/07/2026 22:29,14.25,0.001,8.01
17/07/2026 21:32,15.25,0.001,8.02
17/07/2026 20:36,16.125,0.001,8.03
17/07/2026 19:39,16.875,0.001,8.04
17/07/2026 18:43,16.75,0.001,8.04
17/07/2026 17:47,16.75,0.001,8.04
17/07/2026 16:50,16.5,0.001,8.03
17/07/2026 16:00,16.25,0.001,8.02
17/07/2026 15:58,16.25,0.001,8.02
16/07/2026 17:41,17.375,0.001,8
16/07/2026 16:45,17.25,0.001,8
16/07/2026 15:48,17.875,0.001,7.99
16/07/2026 14:51,17.75,0.001,7.99
16/07/2026 13:55,17.5,0.001,7.99
16/07/2026 12:59,17.25,0.001,7.99
16/07/2026 12:02,16.875,0.001,7.99
16/07/2026 11:04,15.75,0.001,7.98
15/07/2026 23:14,16,0.001,7.95
15/07/2026 23:14,16.625,0.001,7.95
15/07/2026 23:14,16.625,0.001,7.95
15/07/2026 23:14,16.5,0.001,7.95
15/07/2026 23:14,16.625,0.001,7.95
15/07/2026 23:14,16.5,0.001,7.95
15/07/2026 23:14,16.25,0.001,7.95
15/07/2026 23:14,16.25,0.001,7.95
15/07/2026 23:14,16.375,0.001,7.96
15/07/2026 23:14,16.5,0.001,7.97
15/07/2026 23:14,16.375,0.001,7.97
15/07/2026 23:14,16.375,0.001,7.97
15/07/2026 23:14,16.5,0.001,7.98
15/07/2026 23:06,16.875,0.001,7.95
15/07/2026 22:08,17,0.001,7.95
15/07/2026 21:09,17.125,0.001,7.95
15/07/2026 20:15,17.25,0.001,7.95
15/07/2026 16:25,17.5,0.001,7.95
15/07/2026 16:25,17.625,0.001,7.95
15/07/2026 16:25,17.5,0.001,7.96
15/07/2026 16:17,17.375,0.001,7.94
15/07/2026 15:19,17.375,0.001,7.93
15/07/2026 14:23,17.25,0.001,7.93
15/07/2026 13:28,17.125,0.001,7.93
15/07/2026 11:30,16.625,0.001,7.92
15/07/2026 11:30,17.625,0.001,7.93
15/07/2026 10:32,16.5,0.001,7.92
15/07/2026 09:36,16.375,0.001,7.92
15/07/2026 08:37,16.125,0.001,7.92
15/07/2026 07:41,16.125,0.001,7.92
15/07/2026 05:51,16.25,0.001,7.91
15/07/2026 05:43,16.25,0.001,7.91
15/07/2026 04:45,16.25,0.001,7.92
15/07/2026 03:49,16.5,0.001,7.92
15/07/2026 02:53,16.5,0.001,7.93
15/07/2026 01:55,16.375,0.001,7.93
15/07/2026 00:56,16.75,0.001,7.93
15/07/2026 00:00,16.75,0.001,7.94
14/07/2026 23:02,16.875,0.001,7.95
14/07/2026 22:04,17,0.001,7.95
14/07/2026 21:06,17,0.001,7.96
14/07/2026 20:10,17.25,0.001,7.96
14/07/2026 19:12,17.25,0.001,7.97
14/07/2026 18:14,17.375,0.001,7.96
14/07/2026 17:15,17.5,0.001,7.96
14/07/2026 16:16,17.375,0.001,7.97
14/07/2026 15:18,17.375,0.001,7.97
14/07/2026 14:20,17.375,0.001,7.97
14/07/2026 13:22,17.25,0.001,7.94
14/07/2026 12:24,17.125,0.001,7.87
14/07/2026 11:26,17.125,0.001,7.76
14/07/2026 10:36,17.375,0.001,7.52
14/07/2026 09:46,17.375,0.001,7.08
14/07/2026 08:25,17.25,0.001,7.06
14/07/2026 08:06,17.25,0.001,6.55
11/07/2026 10:19,16.625,0.001,8.01
11/07/2026 09:21,16.375,0.001,8
11/07/2026 08:23,16.25,0.001,7.99
11/07/2026 07:25,16.25,0.001,7.99
11/07/2026 06:27,16.25,0.001,7.99
11/07/2026 05:31,16.25,0.001,8
11/07/2026 04:35,16.375,0.001,8
11/07/2026 03:39,16.5,0.001,8.01
11/07/2026 02:46,16.625,0.001,8.01
10/07/2026 17:08,16.75,0.001,8.04
10/07/2026 17:08,17.75,0.001,8.04
10/07/2026 17:08,17.625,0.001,8.04
10/07/2026 17:08,17.625,0.001,8.04
10/07/2026 17:08,17.375,0.001,8.03
10/07/2026 17:08,17.25,0.001,8.03
10/07/2026 17:08,17.125,0.001,8.02
10/07/2026 17:08,16.875,0.001,8.02
10/07/2026 17:08,16.875,0.001,8.02
10/07/2026 17:08,16.875,0.001,8.01
10/07/2026 16:10,17.625,0.001,8.03
10/07/2026 15:18,17.5,0.001,8.03
10/07/2026 12:28,17,0.001,8.02
10/07/2026 12:28,17.125,0.001,8.02
10/07/2026 12:22,16.875,0.001,8.01
10/07/2026 12:22,16.875,0.001,8.01
10/07/2026 11:26,17.625,0.001,8.01
10/07/2026 10:28,16.75,0.001,8
10/07/2026 09:29,16.625,0.001,7.99
10/07/2026 08:35,16.375,0.001,7.98
10/07/2026 07:39,16.375,0.001,7.98
10/07/2026 06:41,16.25,0.001,7.98
10/07/2026 05:43,16.5,0.001,7.98
10/07/2026 04:45,16.5,0.001,7.98
10/07/2026 03:47,16.625,0.001,7.99
10/07/2026 02:49,16.625,0.001,7.99
10/07/2026 01:50,16.75,0.001,7.99
10/07/2026 00:52,16.75,0.001,8
09/07/2026 23:54,16.875,0.001,8
09/07/2026 22:56,16.875,0.001,8
09/07/2026 21:58,17.125,0.001,8
09/07/2026 21:05,17.375,0.001,8.01
09/07/2026 17:09,17.5,0.001,8.02
09/07/2026 17:09,17.5,0.001,8.02
09/07/2026 17:09,17.5,0.001,8.02
09/07/2026 17:09,17.375,0.001,8.01
09/07/2026 16:10,17.25,0.001,8.03
09/07/2026 09:23,16.5,0.001,8.02
09/07/2026 09:23,16.625,0.001,8.03
09/07/2026 09:23,15.75,0.001,8.04
09/07/2026 09:23,16.875,0.001,8.05
09/07/2026 09:23,17,0.001,8.05
09/07/2026 09:23,17.25,0.001,8.05
09/07/2026 08:26,16.125,0.001,8.02
09/07/2026 07:31,16.25,0.001,8.01
09/07/2026 06:34,16.25,0.001,8.01
09/07/2026 05:38,16.125,0.001,8.02
09/07/2026 04:41,16.375,0.001,8.02
08/07/2026 10:31,15.75,0.001,8.03
08/07/2026 10:31,17.625,0.001,8.04
08/07/2026 10:31,16.875,0.001,8.04
08/07/2026 10:31,17,0.001,8.05
08/07/2026 10:31,17.25,0.001,8.05
08/07/2026 10:31,17.25,0.001,8.06
08/07/2026 10:31,17.375,0.001,8.06
08/07/2026 10:31,17.25,0.001,8.06
08/07/2026 10:31,17.375,0.001,8.06
08/07/2026 10:31,17.375,0.001,8.06
08/07/2026 10:31,17.125,0.001,8.05
08/07/2026 10:31,17,0.001,8.05
08/07/2026 10:31,17,0.001,8.04
08/07/2026 10:31,16.875,0.001,8.04
08/07/2026 10:31,15.75,0.001,8.04
08/07/2026 10:31,16.625,0.001,8.03
08/07/2026 10:31,16.375,0.001,8.03
08/07/2026 10:31,16.375,0.001,8.02
08/07/2026 10:23,16.375,0.001,8.03
08/07/2026 09:27,16.25,0.001,8.02
08/07/2026 08:31,16.25,0.001,8.02
08/07/2026 07:33,16.25,0.001,8.01
08/07/2026 06:34,16.125,0.001,8.02
08/07/2026 05:36,16.25,0.001,8.02
08/07/2026 04:38,16.375,0.001,8.02
08/07/2026 03:40,16.5,0.001,8.03
08/07/2026 02:44,16.625,0.001,8.03
08/07/2026 01:46,15.75,0.001,8.04
08/07/2026 00:48,16.75,0.001,8.04
07/07/2026 23:52,17,0.001,8.05
07/07/2026 22:53,17,0.001,8.05
07/07/2026 21:57,17.25,0.001,8.05
07/07/2026 20:59,17.375,0.001,8.06
07/07/2026 20:05,17.375,0.001,8.06
07/07/2026 19:09,17.5,0.001,8.07
07/07/2026 18:11,17.5,0.001,8.07
07/07/2026 17:13,17.5,0.001,8.06
07/07/2026 16:15,17.375,0.001,8.06
07/07/2026 15:16,17.25,0.001,8.06
07/07/2026 14:20,17.125,0.001,8.05
07/07/2026 13:22,16.875,0.001,8.05
07/07/2026 12:26,17.625,0.001,8.04
07/07/2026 11:30,16.75,0.001,8.04
07/07/2026 10:34,16.5,0.001,8.03
07/07/2026 09:36,16.5,0.001,8.02
07/07/2026 08:38,16.375,0.001,8.02
07/07/2026 07:39,16.375,0.001,8.02
07/07/2026 06:41,16.375,0.001,8.02
07/07/2026 05:43,16.5,0.001,8.02
07/07/2026 04:45,16.5,0.001,8.02
07/07/2026 03:47,16.625,0.001,8.03
07/07/2026 02:51,16.625,0.001,8.03
07/07/2026 01:55,16.625,0.001,8.03
07/07/2026 00:57,16.875,0.001,8.04
06/07/2026 23:58,17,0.001,8.04
06/07/2026 23:00,17.125,0.001,8.04
06/07/2026 22:04,17.25,0.001,8.05
06/07/2026 21:08,17.375,0.001,8.05
06/07/2026 20:10,17.5,0.001,8.06
06/07/2026 19:12,17.625,0.001,8.06
06/07/2026 18:16,17.5,0.001,8.06
06/07/2026 17:20,16.75,0.001,8.06
06/07/2026 16:21,17.625,0.001,8.06
06/07/2026 15:23,17.5,0.001,8.05
06/07/2026 14:27,17.25,0.001,8.05
06/07/2026 13:29,17.125,0.001,8.04
06/07/2026 12:33,16.875,0.001,8.04
06/07/2026 11:35,16.875,0.001,8.03
06/07/2026 10:44,16.75,0.001,8.03
06/07/2026 09:44,16.625,0.001,8.02
05/07/2026 20:53,17.25,0.001,8.04
05/07/2026 20:53,17.125,0.001,8.04
05/07/2026 20:53,17,0.001,8.03
05/07/2026 20:53,16.75,0.001,8.03
05/07/2026 20:53,16.875,0.001,8.02
05/07/2026 20:53,17.625,0.001,8.02
05/07/2026 20:53,16.625,0.001,8.02
05/07/2026 20:53,16.625,0.001,8.02
05/07/2026 20:53,16.5,0.001,8.01
05/07/2026 20:53,16.5,0.001,8.01
05/07/2026 20:53,16.5,0.001,8.01
05/07/2026 20:53,16.5,0.001,8.01
05/07/2026 20:53,16.5,0.001,8.01
05/07/2026 20:53,16.625,0.001,8.02
05/07/2026 20:53,17.625,0.001,8.02
05/07/2026 19:55,17.375,0.001,8.05
05/07/2026 18:57,17.375,0.001,8.05
05/07/2026 17:59,17.625,0.001,8.05
05/07/2026 17:01,17.625,0.001,8.05
05/07/2026 16:04,17.5,0.001,8.05
05/07/2026 15:06,17.375,0.001,8.04
05/07/2026 14:09,17.125,0.001,8.03
05/07/2026 13:16,17,0.001,8.03
05/07/2026 12:14,16.75,0.001,8.02
05/07/2026 11:16,15.75,0.001,8.01
05/07/2026 10:17,16.625,0.001,8.01
05/07/2026 03:47,16.375,0.001,7.99
05/07/2026 03:47,16.25,0.001,7.99
05/07/2026 03:47,16.25,0.001,7.99
05/07/2026 03:47,16.125,0.001,7.99
05/07/2026 03:47,16.375,0.001,7.99
05/07/2026 03:47,16.5,0.001,8
05/07/2026 03:45,16.5,0.001,8
04/07/2026 23:48,16.75,0.001,8.01
04/07/2026 23:48,16.75,0.001,8.01
04/07/2026 23:48,16.625,0.001,8.01
04/07/2026 23:48,16.5,0.001,8
04/07/2026 22:58,16.75,0.001,8.01
04/07/2026 20:07,17,0.001,8.02
04/07/2026 20:07,16.875,0.001,8.02
04/07/2026 20:01,17.125,0.001,8.03
04/07/2026 19:03,17.125,0.001,8.03
04/07/2026 18:07,17.375,0.001,8.03
04/07/2026 17:09,17.375,0.001,8.03
04/07/2026 16:12,17.25,0.001,8.03
04/07/2026 15:16,17.125,0.001,8.02
04/07/2026 14:18,17.125,0.001,8.01
04/07/2026 13:23,16.75,0.001,8.01
04/07/2026 12:24,16.75,0.001,8
04/07/2026 11:26,16.625,0.001,7.99
04/07/2026 10:28,16.5,0.001,7.98
04/07/2026 09:30,16.375,0.001,7.98
04/07/2026 08:31,16.25,0.001,7.97
04/07/2026 07:34,16.125,0.001,7.96
03/07/2026 23:54,16.625,0.001,7.98
03/07/2026 23:54,16.5,0.001,7.98
03/07/2026 23:54,16.25,0.001,7.97
03/07/2026 23:54,16.375,0.001,7.97
03/07/2026 23:54,16.25,0.001,7.97
03/07/2026 23:54,16.25,0.001,7.96
03/07/2026 23:54,16.125,0.001,7.96
03/07/2026 23:54,16.125,0.001,7.96
03/07/2026 22:57,16.5,0.001,7.98
03/07/2026 22:01,16.5,0.001,7.99
03/07/2026 21:03,16.75,0.001,7.99
03/07/2026 20:05,16.75,0.001,7.99
03/07/2026 19:09,17,0.001,7.99
03/07/2026 18:11,17.125,0.001,8
03/07/2026 17:13,17,0.001,7.99
03/07/2026 16:17,16.875,0.001,7.99
03/07/2026 15:18,16.875,0.001,7.98
03/07/2026 14:20,16.5,0.001,7.97
03/07/2026 13:22,16.375,0.001,7.96
03/07/2026 12:26,16.25,0.001,7.95
03/07/2026 11:28,16.125,0.001,7.94
03/07/2026 10:30,16,0.001,7.93
03/07/2026 09:34,16,0.001,7.92
03/07/2026 08:37,15.75,0.001,7.91
03/07/2026 07:47,15.875,0.001,7.91
03/07/2026 03:57,15.625,0.001,7.9
03/07/2026 03:57,15.75,0.001,7.9
03/07/2026 03:57,15.625,0.001,7.9
03/07/2026 03:49,15.625,0.001,7.9
03/07/2026 02:50,14.75,0.001,7.9
03/07/2026 01:51,15.625,0.001,7.9
02/07/2026 17:21,15.375,0.001,7.92
02/07/2026 17:21,15.375,0.001,7.92
02/07/2026 17:21,15.625,0.001,7.91
02/07/2026 17:21,15.625,0.001,7.91
02/07/2026 17:21,15.625,0.001,7.91
02/07/2026 17:21,15.75,0.001,7.91
02/07/2026 17:21,15.75,0.001,7.91
02/07/2026 17:21,15.625,0.001,7.91
02/07/2026 17:15,15.375,0.001,7.91
02/07/2026 16:16,15.125,0.001,7.9
02/07/2026 15:18,15,0.001,7.89
02/07/2026 14:22,14.625,0.001,7.88
02/07/2026 13:24,14.375,0.001,7.87
02/07/2026 12:26,13.75,0.001,7.87
02/07/2026 11:28,13.5,0.001,7.87
02/07/2026 10:30,13,0.001,7.87
02/07/2026 09:32,13.125,0.001,7.88
02/07/2026 08:35,13.5,0.001,7.91
02/07/2026 07:37,14.375,0.001,7.92
02/07/2026 06:39,15.375,0.001,7.94
02/07/2026 05:41,15.75,0.001,7.94
02/07/2026 04:43,15.875,0.001,7.94
02/07/2026 03:47,15.75,0.001,7.95
02/07/2026 02:49,15.875,0.001,7.95
02/07/2026 01:58,16,0.001,7.95
01/07/2026 23:55,15.875,0.001,7.95
01/07/2026 22:59,15.875,0.001,7.96
01/07/2026 22:03,15.875,0.001,7.96
01/07/2026 21:06,15.875,0.001,7.96
01/07/2026 20:08,15.875,0.001,7.97
01/07/2026 19:10,15.875,0.001,7.97
01/07/2026 18:12,16,0.001,7.97
01/07/2026 17:14,16,0.001,7.97
01/07/2026 16:16,16,0.001,7.97
01/07/2026 15:17,15.75,0.001,7.96
01/07/2026 14:21,15.75,0.001,7.96
01/07/2026 13:23,15.375,0.001,7.96
01/07/2026 12:27,15.25,0.001,7.98
01/07/2026 11:29,15.75,0.001,8
01/07/2026 10:34,16.5,0.001,8.01
30/06/2026 20:34,17.375,0.001,8.04
30/06/2026 20:34,17.25,0.001,8.04
30/06/2026 20:34,17,0.001,8.03
30/06/2026 20:34,17.125,0.001,8.03
30/06/2026 20:34,17,0.001,8.02
30/06/2026 20:34,16.875,0.001,8.02
30/06/2026 20:34,16.75,0.001,8.02
30/06/2026 20:34,16.625,0.001,8.01
30/06/2026 20:34,16.5,0.001,8.01
30/06/2026 20:34,16.5,0.001,8.01
30/06/2026 20:34,16.375,0.001,8
30/06/2026 20:34,16.375,0.001,8.01
30/06/2026 20:34,16.5,0.001,8.01
30/06/2026 20:34,16.625,0.001,8.01
30/06/2026 20:28,17.375,0.001,8.05
30/06/2026 19:30,17.5,0.001,8.05
30/06/2026 18:36,18.625,0.001,8.05
30/06/2026 12:44,17,0.001,8.03
30/06/2026 12:44,17.125,0.001,8.03
30/06/2026 12:44,17.375,0.001,8.04
30/06/2026 12:44,17.5,0.001,8.05
30/06/2026 12:44,17.625,0.001,8.05
30/06/2026 12:44,17.625,0.001,8.05
30/06/2026 11:46,16.75,0.001,8.02
30/06/2026 10:50,16.625,0.001,8.02
30/06/2026 09:52,16.625,0.001,8.01
30/06/2026 08:54,16.375,0.001,8
30/06/2026 07:55,16.25,0.001,8
30/06/2026 06:57,16.25,0.001,7.99
30/06/2026 05:59,16.25,0.001,8
30/06/2026 05:00,16.25,0.001,8.01
29/06/2026 23:12,16.75,0.001,8.03
29/06/2026 23:12,15.75,0.001,8.02
29/06/2026 23:12,16.625,0.001,8.01
29/06/2026 23:12,16.5,0.001,8.01
29/06/2026 23:12,16.5,0.001,8.01
29/06/2026 23:12,16.375,0.001,8.01
29/06/2026 22:14,16.75,0.001,8.03
29/06/2026 21:16,17,0.001,8.04
29/06/2026 20:18,17.125,0.001,8.04
29/06/2026 19:20,17.25,0.001,8.04
29/06/2026 18:21,17.375,0.001,8.05
29/06/2026 17:23,17.25,0.001,8.05
29/06/2026 16:27,17.375,0.001,8.04
29/06/2026 15:29,17.25,0.001,8.04
29/06/2026 14:33,17,0.001,8.03
29/06/2026 13:37,17,0.001,8.03
29/06/2026 12:41,16.875,0.001,8.02
29/06/2026 11:43,15.75,0.001,8.01
29/06/2026 10:46,16.5,0.001,8.01
29/06/2026 09:48,16.375,0.001,8
29/06/2026 08:52,16.25,0.001,8
29/06/2026 07:54,16.25,0.001,7.99
29/06/2026 06:58,16.125,0.001,7.99
29/06/2026 06:00,16.125,0.001,7.99
29/06/2026 05:02,16.25,0.001,7.99
29/06/2026 04:04,16.375,0.001,8
29/06/2026 03:08,16.375,0.001,8.01
29/06/2026 02:09,16.375,0.001,8.01
29/06/2026 01:13,16.625,0.001,8.01
29/06/2026 00:17,16.625,0.001,8.01
28/06/2026 23:19,17.625,0.001,8.02
28/06/2026 22:21,16.875,0.001,8.02
28/06/2026 21:23,17,0.001,8.03
28/06/2026 20:25,17.125,0.001,8.03
28/06/2026 19:29,17.25,0.001,8.03
28/06/2026 18:30,17.25,0.001,8.04
28/06/2026 17:32,17.375,0.001,8.04
28/06/2026 16:34,17.25,0.001,8.04
28/06/2026 15:36,17.125,0.001,8.03
28/06/2026 14:38,17,0.001,8.03
28/06/2026 13:40,16.875,0.001,8.02
28/06/2026 12:42,15.875,0.001,8.01
28/06/2026 11:44,16.625,0.001,8
28/06/2026 10:45,16.5,0.001,8
28/06/2026 09:47,16.375,0.001,7.99
28/06/2026 08:49,16.125,0.001,7.99
28/06/2026 07:53,16.125,0.001,7.98
28/06/2026 06:57,16,0.001,7.98
28/06/2026 05:59,16.125,0.001,7.98
28/06/2026 05:03,16.125,0.001,7.99
28/06/2026 04:05,16.125,0.001,7.99
28/06/2026 03:06,16.25,0.001,7.99
28/06/2026 02:08,16.5,0.001,7.99
28/06/2026 01:10,16.5,0.001,8
28/06/2026 00:12,16.625,0.001,8.01
27/06/2026 23:16,16.625,0.001,8.01
27/06/2026 22:18,16.875,0.001,8.01
27/06/2026 21:21,16.875,0.001,8.02
27/06/2026 06:01,16.125,0.001,7.96
27/06/2026 06:01,16.25,0.001,7.97
27/06/2026 06:01,16.375,0.001,7.97
27/06/2026 06:01,16.375,0.001,7.98
27/06/2026 06:01,16.625,0.001,7.98
27/06/2026 06:01,15.75,0.001,7.99
27/06/2026 06:01,16.75,0.001,8
27/06/2026 06:01,17,0.001,8
27/06/2026 06:01,17,0.001,8.01
27/06/2026 06:01,17.25,0.001,8.02
27/06/2026 06:01,17.25,0.001,8.02
27/06/2026 06:01,17.25,0.001,8.03
27/06/2026 06:01,17.25,0.001,8.02
27/06/2026 06:01,17.125,0.001,8.02
27/06/2026 06:01,17,0.001,8.02
27/06/2026 05:53,16.25,0.001,7.97
27/06/2026 04:55,16.375,0.001,7.97
27/06/2026 03:57,16.5,0.001,7.97
27/06/2026 02:59,16.5,0.001,7.97
27/06/2026 02:02,16.625,0.001,7.97
27/06/2026 01:04,16.75,0.001,7.97
27/06/2026 00:06,16.75,0.001,7.98
26/06/2026 23:08,16.75,0.001,7.98
26/06/2026 22:10,17,0.001,7.99
26/06/2026 21:12,17.25,0.001,7.99
26/06/2026 20:14,17.25,0.001,7.99
26/06/2026 19:16,17.5,0.001,8
26/06/2026 18:19,17.375,0.001,8
26/06/2026 17:21,17.5,0.001,8
26/06/2026 16:25,17.375,0.001,7.99
26/06/2026 15:27,17.25,0.001,7.98
26/06/2026 14:37,16.5,0.001,7.99
26/06/2026 12:42,16.25,0.001,7.99
26/06/2026 12:36,16.375,0.001,8
26/06/2026 11:39,16.375,0.001,8
26/06/2026 10:41,16.25,0.001,7.99
26/06/2026 09:43,16.125,0.001,7.99
26/06/2026 08:45,16,0.001,7.98
26/06/2026 07:49,16,0.001,7.97
26/06/2026 06:51,16,0.001,7.97
26/06/2026 05:55,16,0.001,7.97
26/06/2026 04:59,16,0.001,7.98
26/06/2026 04:03,16.125,0.001,7.98
26/06/2026 03:04,16.375,0.001,7.98
26/06/2026 02:06,16.375,0.001,7.99
26/06/2026 01:10,16.5,0.001,7.99
26/06/2026 00:12,16.625,0.001,7.99
25/06/2026 23:18,16.625,0.001,8
25/06/2026 22:20,15.875,0.001,8
25/06/2026 21:22,17,0.001,8
25/06/2026 20:25,17,0.001,8.01
25/06/2026 19:27,17,0.001,8.01
25/06/2026 18:29,17.25,0.001,8.01
25/06/2026 17:33,17.375,0.001,8.02
25/06/2026 16:35,17.25,0.001,8.01
25/06/2026 15:39,17.375,0.001,8.01
25/06/2026 14:41,17.375,0.001,8
25/06/2026 13:45,17.25,0.001,8
25/06/2026 12:48,17.5,0.001,8
25/06/2026 11:52,17.5,0.001,7.99
25/06/2026 10:54,18.625,0.001,7.99
25/06/2026 09:58,17.875,0.001,7.99
25/06/2026 09:06,18.75,0.001,8.01
25/06/2026 08:08,16.125,0.001,7.99
25/06/2026 07:12,16,0.001,7.98
25/06/2026 06:16,16,0.001,7.98
25/06/2026 05:17,16.125,0.001,7.99
25/06/2026 04:22,16,0.001,7.99
24/06/2026 19:35,16.625,0.001,8.02
24/06/2026 19:35,16.625,0.001,8.01
24/06/2026 19:35,16.375,0.001,8.01
24/06/2026 19:35,16.375,0.001,8.01
24/06/2026 19:35,16.25,0.001,8
24/06/2026 19:35,16.25,0.001,8
24/06/2026 19:35,16.25,0.001,8
24/06/2026 19:35,16.125,0.001,7.99
24/06/2026 18:38,17.625,0.001,8.03
24/06/2026 17:42,16.75,0.001,8.03
24/06/2026 16:45,17.625,0.001,8.02
24/06/2026 15:51,16.75,0.001,8.02
24/06/2026 14:57,15.75,0.001,8.01
24/06/2026 14:00,16.5,0.001,8.01
24/06/2026 13:03,16.375,0.001,8
24/06/2026 12:07,16.125,0.001,7.99
24/06/2026 11:10,16.125,0.001,7.99
24/06/2026 10:14,16.125,0.001,7.98
24/06/2026 09:17,16,0.001,7.98
24/06/2026 08:21,15.875,0.001,7.97
24/06/2026 07:28,15.75,0.001,7.97
24/06/2026 06:32,16.625,0.001,7.96
24/06/2026 06:02,15.75,0.001,7.96
24/06/2026 05:32,15.625,0.001,7.97
24/06/2026 05:02,15.875,0.001,7.96
24/06/2026 04:58,14.75,0.001,7.96
24/06/2026 04:02,16.625,0.001,7.97
24/06/2026 03:32,14.75,0.001,7.97
24/06/2026 03:02,15.75,0.001,7.97
24/06/2026 02:32,15.75,0.001,7.97
24/06/2026 02:02,15.75,0.001,7.97
24/06/2026 01:32,15.875,0.001,7.97
24/06/2026 01:02,15.75,0.001,7.98
24/06/2026 00:32,15.75,0.001,7.98
24/06/2026 00:02,15.75,0.001,7.98
23/06/2026 23:32,15.875,0.001,7.98
23/06/2026 23:02,15.75,0.001,7.98
23/06/2026 22:32,15.75,0.001,7.99
23/06/2026 22:02,15.75,0.001,7.99
23/06/2026 21:32,15.875,0.001,7.99
23/06/2026 21:02,15.625,0.001,7.99
23/06/2026 20:32,15.625,0.001,7.99
23/06/2026 20:02,15.625,0.001,7.99
23/06/2026 19:32,15.625,0.001,7.99
23/06/2026 19:02,15.5,0.001,8
23/06/2026 18:32,15.625,0.001,7.99
23/06/2026 18:02,15.5,0.001,7.99
23/06/2026 17:32,15.5,0.001,7.99
23/06/2026 17:02,15.5,0.001,7.99
23/06/2026 16:32,15.375,0.001,7.99
23/06/2026 16:02,15.375,0.001,7.98
23/06/2026 15:32,15.125,0.001,7.98
23/06/2026 15:02,15.125,0.001,7.98
23/06/2026 14:32,15.125,0.001,7.98
23/06/2026 14:02,14.875,0.001,7.97
23/06/2026 13:32,14.75,0.001,7.97
23/06/2026 13:02,14.5,0.001,7.96
23/06/2026 12:32,14.5,0.001,7.96
23/06/2026 12:02,14.25,0.001,7.96
23/06/2026 11:32,14.125,0.001,7.96
23/06/2026 11:02,14.625,0.001,7.96
23/06/2026 10:32,14.875,0.001,7.96
23/06/2026 10:02,15.375,0.001,7.96
23/06/2026 09:32,15.5,0.001,7.95
23/06/2026 09:02,15.875,0.001,7.95
23/06/2026 08:32,15.875,0.001,7.95
23/06/2026 08:02,15.625,0.001,7.95
23/06/2026 07:32,15.625,0.001,7.94
23/06/2026 07:02,15.5,0.001,7.94
23/06/2026 06:32,15.5,0.001,7.94
23/06/2026 06:02,15.375,0.001,7.94
23/06/2026 06:02,15.375,0.001,7.94
23/06/2026 05:32,15.5,0.001,7.94
23/06/2026 05:02,15.375,0.001,7.94
23/06/2026 04:32,15.25,0.001,7.94
23/06/2026 04:02,15.375,0.001,7.94
23/06/2026 03:32,15.25,0.001,7.94
23/06/2026 03:02,15.25,0.001,7.95
23/06/2026 02:32,15.25,0.001,7.95
23/06/2026 02:02,15,0.001,7.95
23/06/2026 01:32,15,0.001,7.95
23/06/2026 01:02,15.125,0.001,7.95
23/06/2026 00:32,15,0.001,7.95
23/06/2026 00:02,14.875,0.001,7.95
22/06/2026 23:32,14.75,0.001,7.95
22/06/2026 23:02,14.875,0.001,7.95
22/06/2026 22:32,14.75,0.001,7.95
22/06/2026 22:02,14.625,0.001,7.95
22/06/2026 21:32,14.5,0.001,7.95
22/06/2026 21:02,14.5,0.001,7.95
22/06/2026 20:32,14.25,0.001,7.96
22/06/2026 20:02,14.375,0.001,7.96
22/06/2026 20:02,14.375,0.001,7.96
22/06/2026 19:32,14.125,0.001,7.96
22/06/2026 19:02,13.875,0.001,7.96
22/06/2026 18:32,12.875,0.001,7.96
22/06/2026 18:02,13.5,0.001,7.96
22/06/2026 17:32,13.25,0.001,7.96
22/06/2026 17:02,13.125,0.001,7.96
22/06/2026 16:32,13.5,0.001,7.96
22/06/2026 16:02,13.5,0.001,7.96
22/06/2026 15:32,13.625,0.001,7.96
22/06/2026 15:02,13.625,0.001,7.97
22/06/2026 15:02,13.625,0.001,7.97
22/06/2026 14:32,13.625,0.001,7.98
22/06/2026 14:02,13.75,0.001,7.98
22/06/2026 13:32,13.625,0.001,7.99
22/06/2026 13:02,13.75,0.001,7.99
22/06/2026 12:32,14,0.001,7.99
22/06/2026 12:02,14.125,0.001,8
22/06/2026 11:32,14.375,0.001,7.99
22/06/2026 11:02,14.75,0.001,8
22/06/2026 10:32,15.125,0.001,7.99
22/06/2026 10:02,15.375,0.001,7.99
22/06/2026 09:32,15.75,0.001,7.99
22/06/2026 09:02,15.75,0.001,7.99
22/06/2026 08:32,15.75,0.001,7.99
22/06/2026 08:02,15.75,0.001,7.99
22/06/2026 07:32,15.5,0.001,7.98
22/06/2026 07:02,15.625,0.001,7.98
22/06/2026 06:32,15.375,0.001,7.98
22/06/2026 06:02,15.375,0.001,7.98
22/06/2026 05:32,15.375,0.001,7.98
22/06/2026 05:02,15.375,0.001,7.99
22/06/2026 04:32,15.375,0.001,7.99
22/06/2026 04:32,15.375,0.001,7.99
22/06/2026 04:02,15.25,0.001,7.99
22/06/2026 03:32,15.375,0.001,7.99
22/06/2026 03:02,15.375,0.001,7.99
22/06/2026 02:32,15.25,0.001,7.99
22/06/2026 02:02,15.25,0.001,7.99
22/06/2026 01:32,15.125,0.001,8
22/06/2026 01:02,15.125,0.001,8
22/06/2026 00:32,15,0.001,8
22/06/2026 00:02,14.875,0.001,8
21/06/2026 23:32,15,0.001,8
21/06/2026 23:02,14.875,0.001,8
21/06/2026 22:32,14.75,0.001,8
21/06/2026 22:02,14.625,0.001,8
21/06/2026 21:32,14.5,0.001,8
21/06/2026 21:02,14.375,0.001,8.01
21/06/2026 20:32,14.375,0.001,8.01
21/06/2026 20:02,14.25,0.001,8.01
21/06/2026 19:32,14,0.001,8.01
21/06/2026 19:02,13.75,0.001,8.01
21/06/2026 18:32,13.75,0.001,8.01
21/06/2026 18:02,13.375,0.001,8.01
21/06/2026 17:32,13.125,0.001,8.01
21/06/2026 17:02,13.125,0.001,8.01
21/06/2026 16:32,13.375,0.001,8
21/06/2026 16:02,13.375,0.001,8
21/06/2026 15:32,13.5,0.001,8
21/06/2026 15:32,13.5,0.001,8
21/06/2026 15:02,12.875,0.001,8
21/06/2026 14:32,13.75,0.001,8
21/06/2026 14:02,14.25,0.001,8
21/06/2026 13:32,14.25,0.001,8
21/06/2026 13:02,14.5,0.001,8
21/06/2026 12:32,13.75,0.001,8
21/06/2026 12:02,14.875,0.001,8
21/06/2026 11:32,15.125,0.001,7.99
21/06/2026 11:02,15.375,0.001,7.99
21/06/2026 10:32,15.75,0.001,7.99
21/06/2026 10:02,15.875,0.001,7.99
21/06/2026 09:32,15.875,0.001,7.99
21/06/2026 09:02,15.75,0.001,7.98
21/06/2026 08:32,15.625,0.001,7.98
21/06/2026 08:02,15.25,0.001,7.98
21/06/2026 07:32,15.5,0.001,7.98
21/06/2026 07:02,15.375,0.001,7.98
21/06/2026 06:32,15.25,0.001,7.98
21/06/2026 06:02,15.125,0.001,7.98
21/06/2026 05:32,15.125,0.001,7.98
21/06/2026 05:02,15,0.001,7.98
21/06/2026 04:32,15.125,0.001,7.98
21/06/2026 04:02,15,0.001,7.98
21/06/2026 03:32,15,0.001,7.98
21/06/2026 03:02,14.75,0.001,7.98
21/06/2026 02:32,14.75,0.001,7.99
21/06/2026 02:02,15.625,0.001,7.99
21/06/2026 01:32,14.625,0.001,7.99
21/06/2026 01:02,14.375,0.001,7.99
21/06/2026 01:02,14.375,0.001,7.99
21/06/2026 00:32,14.375,0.001,7.99
21/06/2026 00:02,14.25,0.001,7.99
20/06/2026 23:32,14.25,0.001,7.99
20/06/2026 23:02,14,0.001,8
20/06/2026 22:32,14.125,0.001,8
20/06/2026 22:32,14.125,0.001,8
20/06/2026 22:02,13.875,0.001,8
20/06/2026 21:32,13.75,0.001,8
20/06/2026 21:02,13.625,0.001,8
20/06/2026 20:32,13.5,0.001,8
20/06/2026 20:02,13.375,0.001,8
20/06/2026 19:32,13.125,0.001,8
20/06/2026 19:02,13,0.001,8
20/06/2026 18:32,13.25,0.001,8
20/06/2026 18:02,13.5,0.001,8.01
20/06/2026 17:32,13.625,0.001,8.01
20/06/2026 17:02,13.75,0.001,8.01
20/06/2026 16:32,13.75,0.001,8.01
20/06/2026 16:02,14,0.001,8
20/06/2026 15:32,14.25,0.001,8
20/06/2026 15:02,14,0.001,8
20/06/2026 14:32,14.375,0.001,8
20/06/2026 14:02,14.5,0.001,8
20/06/2026 13:32,14.625,0.001,8
20/06/2026 13:02,14.625,0.001,8
20/06/2026 12:32,14.875,0.001,7.99
20/06/2026 12:32,14.875,0.001,7.99
20/06/2026 12:02,15.25,0.001,7.99
20/06/2026 11:32,15.375,0.001,7.99
20/06/2026 11:02,14.75,0.001,7.99
20/06/2026 10:32,15.875,0.001,7.99
20/06/2026 10:32,15.875,0.001,7.99
20/06/2026 10:02,15.875,0.001,7.99
20/06/2026 09:32,14.75,0.001,7.98
20/06/2026 09:02,15.625,0.001,7.98
20/06/2026 08:32,15.5,0.001,7.98
20/06/2026 08:02,15.375,0.001,7.97
20/06/2026 07:32,15.375,0.001,7.97
20/06/2026 07:02,15.25,0.001,7.97
20/06/2026 06:32,15.375,0.001,7.97
20/06/2026 06:02,15.25,0.001,7.97
20/06/2026 05:32,15,0.001,7.97
20/06/2026 05:02,15.125,0.001,7.98
20/06/2026 04:32,15.125,0.001,7.98
20/06/2026 04:02,15,0.001,7.98
20/06/2026 03:32,15,0.001,7.98
20/06/2026 03:02,15,0.001,7.98
20/06/2026 02:32,14.875,0.001,7.98
20/06/2026 02:02,15,0.001,7.98
20/06/2026 01:32,14.75,0.001,7.98
20/06/2026 01:02,14.875,0.001,7.98
20/06/2026 00:32,15.625,0.001,7.98
20/06/2026 00:32,15.625,0.001,7.98
20/06/2026 00:02,14.625,0.001,7.99
19/06/2026 23:32,14.75,0.001,7.99
19/06/2026 23:02,14.375,0.001,7.99
19/06/2026 22:32,14.375,0.001,7.99
19/06/2026 22:02,14.25,0.001,7.99
19/06/2026 21:32,14.375,0.001,7.99
19/06/2026 21:02,14.125,0.001,7.99
19/06/2026 20:32,14,0.001,7.99
19/06/2026 20:02,13.875,0.001,8
19/06/2026 19:32,14,0.001,8
19/06/2026 19:02,13.625,0.001,7.99
19/06/2026 18:32,13.375,0.001,8
19/06/2026 18:02,13.125,0.001,8
19/06/2026 17:32,13.25,0.001,8
19/06/2026 17:02,13.375,0.001,8
19/06/2026 16:32,13.25,0.001,7.99
19/06/2026 16:02,13.375,0.001,7.99
19/06/2026 15:32,13.625,0.001,7.99
19/06/2026 15:02,13.75,0.001,7.99
19/06/2026 14:32,13.875,0.001,7.99
19/06/2026 14:02,14,0.001,7.99
19/06/2026 13:32,14.375,0.001,7.99
19/06/2026 13:02,14.75,0.001,7.99
19/06/2026 12:32,14.875,0.001,7.99
19/06/2026 12:02,15.25,0.001,7.99
19/06/2026 11:32,15.625,0.001,7.99
19/06/2026 11:02,15.875,0.001,7.99
19/06/2026 10:32,16,0.001,7.98
19/06/2026 10:02,15.875,0.001,7.98
19/06/2026 09:32,15.75,0.001,7.98
19/06/2026 09:02,15.625,0.001,7.97
19/06/2026 08:32,15.375,0.001,7.97
19/06/2026 08:02,15.375,0.001,7.97
19/06/2026 07:32,15.25,0.001,7.97
19/06/2026 07:02,15.25,0.001,7.97
19/06/2026 06:32,15.125,0.001,7.97
19/06/2026 06:02,15.125,0.001,7.97
19/06/2026 05:32,15.25,0.001,7.97
19/06/2026 05:02,15.125,0.001,7.97
19/06/2026 04:32,15.125,0.001,7.97
19/06/2026 04:02,15.125,0.001,7.97
19/06/2026 03:32,15,0.001,7.97
19/06/2026 03:02,14.875,0.001,7.97
19/06/2026 02:32,14.875,0.001,7.97
19/06/2026 02:02,14.875,0.001,7.98
19/06/2026 01:32,14.875,0.001,7.98
19/06/2026 01:02,13.875,0.001,7.98
19/06/2026 00:32,15.625,0.001,7.98
19/06/2026 00:02,15.625,0.001,7.98
18/06/2026 23:32,14.625,0.001,7.98
18/06/2026 23:02,14.25,0.001,7.98
18/06/2026 22:32,14.25,0.001,7.98
18/06/2026 22:02,14.25,0.001,7.98
18/06/2026 21:32,14.375,0.001,7.98
18/06/2026 21:02,14.25,0.001,7.99
18/06/2026 20:32,14,0.001,7.99
18/06/2026 20:02,14,0.001,7.99
18/06/2026 19:32,13.875,0.001,7.99
18/06/2026 19:02,13.875,0.001,7.99
18/06/2026 18:32,13.625,0.001,7.99
18/06/2026 18:32,13.625,0.001,7.99
18/06/2026 18:02,13.125,0.001,7.99
18/06/2026 18:02,13.125,0.001,7.99
18/06/2026 17:32,13.25,0.001,7.99
18/06/2026 17:02,13.5,0.001,7.99
18/06/2026 16:32,14.5,0.001,7.99
18/06/2026 16:02,13.75,0.001,7.99
18/06/2026 15:32,13.875,0.001,7.99
18/06/2026 15:02,14.25,0.001,7.99
18/06/2026 14:32,14.375,0.001,7.99
18/06/2026 14:02,14.5,0.001,7.99
18/06/2026 13:32,15.625,0.001,7.99
18/06/2026 13:02,14.875,0.001,7.99
18/06/2026 13:02,14.875,0.001,7.99
18/06/2026 12:32,15.125,0.001,8
18/06/2026 12:02,15.5,0.001,8
18/06/2026 11:32,15.75,0.001,8.01
18/06/2026 11:02,15.75,0.001,8.01
18/06/2026 10:32,15.875,0.001,8.01
18/06/2026 10:02,15.625,0.001,8.01
18/06/2026 09:32,15.625,0.001,8
18/06/2026 09:02,15.375,0.001,8
18/06/2026 08:32,15.375,0.001,8
18/06/2026 08:02,15.25,0.001,8
18/06/2026 07:32,15.125,0.001,8
18/06/2026 07:02,15.125,0.001,8
18/06/2026 06:32,15.125,0.001,8
18/06/2026 06:02,15,0.001,8
18/06/2026 05:32,15,0.001,8
18/06/2026 05:02,15,0.001,8
18/06/2026 04:32,15,0.001,8
18/06/2026 04:02,15,0.001,8
18/06/2026 03:32,14.875,0.001,8
18/06/2026 03:02,14.875,0.001,8.01
18/06/2026 02:32,14.75,0.001,8.01
18/06/2026 02:02,14.75,0.001,8.01
18/06/2026 01:32,14.625,0.001,8.01
18/06/2026 01:02,14.625,0.001,8.01
18/06/2026 00:32,14.625,0.001,8.01
18/06/2026 00:02,14.375,0.001,8.01
17/06/2026 23:32,14.25,0.001,8.01
17/06/2026 23:02,14.25,0.001,8.02
17/06/2026 22:32,14.375,0.001,8.02
17/06/2026 22:02,14.125,0.001,8.02
17/06/2026 21:32,14,0.001,8.02
17/06/2026 21:02,14,0.001,8.02
17/06/2026 20:32,13.75,0.001,8.03
17/06/2026 20:02,13.875,0.001,8.03
17/06/2026 19:32,12.875,0.001,8.03
17/06/2026 19:02,13.25,0.001,8.03
17/06/2026 18:32,13.25,0.001,8.03
17/06/2026 18:02,13.125,0.001,8.03
17/06/2026 17:32,13.25,0.001,8.03
17/06/2026 17:02,13.375,0.001,8.03
17/06/2026 16:32,12.75,0.001,8.03
17/06/2026 16:02,13.875,0.001,8.03
17/06/2026 15:32,13.875,0.001,8.03
17/06/2026 15:02,14.25,0.001,8.03
17/06/2026 14:32,14.375,0.001,8.03
17/06/2026 14:02,14.625,0.001,8.03
17/06/2026 13:32,15.625,0.001,8.03
17/06/2026 13:02,15,0.001,8.03
17/06/2026 12:32,15.25,0.001,8.02
17/06/2026 12:02,15.375,0.001,8.02
17/06/2026 11:32,15.75,0.001,8.02
17/06/2026 11:02,15.875,0.001,8.02
17/06/2026 10:32,15.875,0.001,8.01
17/06/2026 10:02,15.875,0.001,8.01
17/06/2026 09:32,15.75,0.001,8.01
17/06/2026 09:02,14.75,0.001,8.01
17/06/2026 08:32,15.5,0.001,8
17/06/2026 08:02,15.5,0.001,8
17/06/2026 07:32,15.375,0.001,8
17/06/2026 07:02,15.375,0.001,8
17/06/2026 06:32,15.375,0.001,8
17/06/2026 06:02,15.25,0.001,8
17/06/2026 05:32,15.25,0.001,8
17/06/2026 05:02,15.25,0.001,8
17/06/2026 04:32,15.25,0.001,8
17/06/2026 04:02,15.125,0.001,8.01
17/06/2026 03:32,15.125,0.001,8.01
17/06/2026 03:02,15.25,0.001,8.01
17/06/2026 02:32,15.125,0.001,8.01
17/06/2026 02:02,15.125,0.001,8.01
17/06/2026 01:32,15,0.001,8.01
17/06/2026 01:02,15.125,0.001,8.01
17/06/2026 00:32,15,0.001,8.02
17/06/2026 00:02,15,0.001,8.02
16/06/2026 23:32,14.875,0.001,8.02
16/06/2026 23:02,14.75,0.001,8.02
16/06/2026 22:32,14.875,0.001,8.02
16/06/2026 22:02,13.75,0.001,8.03
16/06/2026 21:32,14.625,0.001,8.03
16/06/2026 21:02,14.375,0.001,8.03
16/06/2026 20:32,14.5,0.001,8.03
16/06/2026 20:02,14.375,0.001,8.03
16/06/2026 19:32,14.375,0.001,8.03
16/06/2026 19:02,14,0.001,8.03
16/06/2026 18:32,13.75,0.001,8.03
16/06/2026 18:02,13.625,0.001,8.03
16/06/2026 17:32,14.5,0.001,8.03
16/06/2026 17:02,13.25,0.001,8.03
16/06/2026 16:32,13.625,0.001,8.03
16/06/2026 16:02,13.875,0.001,8.03
16/06/2026 15:32,14,0.001,8.03
16/06/2026 15:02,14,0.001,8.03
16/06/2026 15:02,14,0.001,8.03
16/06/2026 14:32,14.375,0.001,8.03
16/06/2026 14:32,14.375,0.001,8.03
16/06/2026 14:02,14.5,0.001,8.03
16/06/2026 13:32,14.875,0.001,8.03
16/06/2026 13:02,15.25,0.001,8.03
16/06/2026 12:32,15.375,0.001,8.03
16/06/2026 12:02,15.75,0.001,8.03
16/06/2026 11:32,16,0.001,8.02
16/06/2026 11:02,16,0.001,8.02
16/06/2026 10:32,15.75,0.001,8.02
16/06/2026 10:02,15.875,0.001,8.01
16/06/2026 09:32,15.75,0.001,8.01
16/06/2026 09:02,15.625,0.001,8.01
16/06/2026 08:32,15.625,0.001,8
16/06/2026 08:02,15.375,0.001,8
16/06/2026 07:32,15.375,0.001,8
16/06/2026 07:02,15.375,0.001,8
16/06/2026 06:32,15.375,0.001,8
16/06/2026 06:02,15.25,0.001,8
16/06/2026 05:32,15.375,0.001,8
16/06/2026 05:02,15.25,0.001,8.01
16/06/2026 04:32,15.25,0.001,8.01
16/06/2026 04:02,15.25,0.001,8.01
16/06/2026 03:32,15.125,0.001,8.01
16/06/2026 03:02,15.125,0.001,8.01
16/06/2026 02:32,15,0.001,8.01
16/06/2026 02:02,15.125,0.001,8.01
16/06/2026 01:32,15.125,0.001,8.02
16/06/2026 01:32,15.125,0.001,8.02
16/06/2026 01:02,15.125,0.001,8.02
16/06/2026 00:32,15,0.001,8.02
16/06/2026 00:02,15,0.001,8.02
15/06/2026 23:32,15,0.001,8.02
15/06/2026 23:02,14.875,0.001,8.02
15/06/2026 22:32,14.875,0.001,8.03
15/06/2026 22:02,14.875,0.001,8.03
15/06/2026 21:32,14.875,0.001,8.03
15/06/2026 21:02,14.75,0.001,8.03
15/06/2026 20:32,15.5,0.001,8.03
15/06/2026 20:02,14.625,0.001,8.03
15/06/2026 19:32,14.5,0.001,8.03
15/06/2026 19:02,14.5,0.001,8.04
15/06/2026 18:32,14.375,0.001,8.04
15/06/2026 18:02,14.375,0.001,8.03
15/06/2026 17:32,13.875,0.001,8.03
15/06/2026 17:02,14.625,0.001,8.03
15/06/2026 16:32,13.5,0.001,8.03
15/06/2026 16:02,13.25,0.001,8.03
15/06/2026 15:32,13.5,0.001,8.03
15/06/2026 15:02,13.5,0.001,8.03
15/06/2026 14:32,13.75,0.001,8.03
15/06/2026 14:02,14,0.001,8.03
15/06/2026 13:32,14.375,0.001,8.03
15/06/2026 13:02,15.625,0.001,8.03
15/06/2026 12:32,15,0.001,8.03
15/06/2026 12:02,15.375,0.001,8.02
15/06/2026 11:32,15.625,0.001,8.02
15/06/2026 11:02,15.875,0.001,8.02
15/06/2026 10:32,15.875,0.001,8.01
15/06/2026 10:02,15.875,0.001,8.01
15/06/2026 09:32,15.75,0.001,8.01
15/06/2026 09:02,15.875,0.001,8
15/06/2026 08:32,16.625,0.001,8
15/06/2026 08:02,14.75,0.001,8
15/06/2026 07:32,15.625,0.001,8
15/06/2026 07:02,15.625,0.001,8
15/06/2026 06:32,15.375,0.001,8
15/06/2026 06:02,15.5,0.001,8
15/06/2026 05:32,15.625,0.001,8
15/06/2026 05:02,15.5,0.001,8
15/06/2026 04:32,15.5,0.001,8
15/06/2026 04:02,15.375,0.001,8
15/06/2026 03:32,15.375,0.001,8.01
15/06/2026 03:02,15.375,0.001,8.01
15/06/2026 02:32,15.375,0.001,8.01
15/06/2026 02:02,15.375,0.001,8.01
15/06/2026 01:32,15.375,0.001,8.01
15/06/2026 01:02,15.375,0.001,8.01
15/06/2026 00:32,15.375,0.001,8.02
15/06/2026 00:02,15.25,0.001,8.02
14/06/2026 23:32,15.375,0.001,8.02
14/06/2026 23:02,15.25,0.001,8.02
14/06/2026 23:02,15.25,0.001,8.02
14/06/2026 22:32,15.375,0.001,8.02
14/06/2026 22:02,15.375,0.001,8.02
14/06/2026 22:02,15.375,0.001,8.02
14/06/2026 21:32,15.375,0.001,8.03
14/06/2026 21:02,15.25,0.001,8.03
14/06/2026 20:32,15.125,0.001,8.03
14/06/2026 20:02,15.125,0.001,8.03
14/06/2026 19:32,15.125,0.001,8.03
14/06/2026 19:02,15,0.001,8.03
14/06/2026 18:32,15,0.001,8.03
14/06/2026 18:02,14.875,0.001,8.03
14/06/2026 17:32,15.5,0.001,8.03
14/06/2026 17:02,14.5,0.001,8.03
14/06/2026 16:32,14.375,0.001,8.02
14/06/2026 16:02,13.875,0.001,8.02
14/06/2026 15:32,14.625,0.001,8.02
14/06/2026 15:02,14,0.001,8.02
14/06/2026 14:32,14.375,0.001,8.02
14/06/2026 14:02,14.5,0.001,8.01
14/06/2026 13:32,14.75,0.001,8.01
14/06/2026 13:02,15.125,0.001,8.01
14/06/2026 12:32,15.5,0.001,8.01
14/06/2026 12:02,15.75,0.001,8.01
14/06/2026 11:32,15.875,0.001,8
14/06/2026 11:02,15.875,0.001,8
14/06/2026 10:32,15.75,0.001,8
14/06/2026 10:02,15.75,0.001,8
14/06/2026 09:32,14.875,0.001,7.99
14/06/2026 09:02,15.625,0.001,7.99
14/06/2026 08:32,15.625,0.001,7.99
14/06/2026 08:02,15.625,0.001,7.99
14/06/2026 07:32,15.5,0.001,7.98
14/06/2026 07:02,15.5,0.001,7.98
14/06/2026 06:32,15.25,0.001,7.98
14/06/2026 06:02,15.25,0.001,7.98
14/06/2026 05:32,15.25,0.001,7.98
14/06/2026 05:02,15.25,0.001,7.99
14/06/2026 04:32,15.25,0.001,7.99
14/06/2026 04:32,15.25,0.001,7.99
14/06/2026 04:02,15.25,0.001,7.99
14/06/2026 03:32,15.25,0.001,7.99
14/06/2026 03:02,15.25,0.001,7.99
14/06/2026 02:32,15.125,0.001,7.99
14/06/2026 02:02,15,0.001,7.99
14/06/2026 01:32,15.125,0.001,7.99
14/06/2026 01:02,15.125,0.001,8
14/06/2026 00:32,15,0.001,8
14/06/2026 00:02,15,0.001,8
13/06/2026 23:32,15.125,0.001,8
13/06/2026 23:02,15,0.001,8
13/06/2026 22:32,15,0.001,8
13/06/2026 22:02,14.875,0.001,8
13/06/2026 21:32,14.875,0.001,8
13/06/2026 21:02,14.75,0.001,8
13/06/2026 20:32,14.875,0.001,8
13/06/2026 20:02,15.625,0.001,8
13/06/2026 19:32,14.625,0.001,8.01
13/06/2026 19:02,14.625,0.001,8.01
13/06/2026 18:32,14.5,0.001,8
13/06/2026 18:02,14.125,0.001,8
13/06/2026 17:32,13.875,0.001,8
13/06/2026 17:02,13.75,0.001,8
13/06/2026 16:32,14.5,0.001,8
13/06/2026 16:02,13.25,0.001,7.99
13/06/2026 15:32,13.25,0.001,7.99
13/06/2026 15:02,13.375,0.001,7.99
13/06/2026 14:32,12.75,0.001,7.99
13/06/2026 14:32,12.75,0.001,7.99
13/06/2026 14:02,13.75,0.001,7.98
13/06/2026 13:32,14,0.001,7.98
13/06/2026 13:02,14.375,0.001,7.98
13/06/2026 12:32,14.875,0.001,7.97
13/06/2026 12:02,15,0.001,7.97
13/06/2026 11:32,15.375,0.001,7.97
13/06/2026 11:02,16,0.001,7.97
13/06/2026 10:32,15.875,0.001,7.96
13/06/2026 10:02,15.875,0.001,7.95
13/06/2026 09:32,15.75,0.001,7.95
13/06/2026 09:02,15.75,0.001,7.95
13/06/2026 08:32,15.75,0.001,7.95
13/06/2026 08:02,15.75,0.001,7.95
13/06/2026 07:32,15.625,0.001,7.94
13/06/2026 07:02,15.5,0.001,7.94
13/06/2026 06:32,15.5,0.001,7.94
13/06/2026 06:02,15.5,0.001,7.94
13/06/2026 05:32,15.5,0.001,7.94
13/06/2026 05:02,15.5,0.001,7.94
13/06/2026 04:32,15.5,0.001,7.94
13/06/2026 04:02,15.5,0.001,7.94
13/06/2026 03:32,15.625,0.001,7.94
13/06/2026 03:02,15.375,0.001,7.94
13/06/2026 02:32,15.375,0.001,7.95
13/06/2026 02:02,15.5,0.001,7.95
13/06/2026 01:32,15.375,0.001,7.95
13/06/2026 01:02,15.375,0.001,7.95
13/06/2026 00:32,15.25,0.001,7.95
13/06/2026 00:02,15.375,0.001,7.95
12/06/2026 23:32,15.25,0.001,7.95
12/06/2026 23:02,15.375,0.001,7.96
12/06/2026 22:32,15.25,0.001,7.96
12/06/2026 22:02,15.25,0.001,7.96
12/06/2026 21:32,15.125,0.001,7.96
12/06/2026 21:02,15.25,0.001,7.96
12/06/2026 20:32,15.125,0.001,7.96
12/06/2026 20:02,15.25,0.001,7.97
12/06/2026 19:32,15.125,0.001,7.97
12/06/2026 19:02,15.125,0.001,7.97
12/06/2026 18:32,15,0.001,7.97
12/06/2026 18:02,15,0.001,7.96
12/06/2026 17:32,14.75,0.001,7.96
12/06/2026 17:02,14.25,0.001,7.96
12/06/2026 16:32,14.375,0.001,7.95
12/06/2026 16:02,14.25,0.001,7.95
12/06/2026 15:32,13.75,0.001,7.95
12/06/2026 15:02,13.625,0.001,7.95
12/06/2026 14:32,13.875,0.001,7.95
12/06/2026 14:02,14.125,0.001,7.95
12/06/2026 14:02,14.125,0.001,7.95
12/06/2026 13:32,14.5,0.001,7.95
12/06/2026 13:02,15,0.001,7.95
12/06/2026 13:02,15,0.001,7.95
12/06/2026 12:32,15.25,0.001,7.96
12/06/2026 12:02,15.5,0.001,7.96
12/06/2026 11:32,16,0.001,7.96
12/06/2026 11:02,16,0.001,7.95
12/06/2026 10:32,15.875,0.001,7.95
12/06/2026 10:02,15.75,0.001,7.95
12/06/2026 09:32,16.625,0.001,7.94
12/06/2026 09:02,15.625,0.001,7.94
12/06/2026 08:32,15.5,0.001,7.94
12/06/2026 08:02,15.25,0.001,7.94
12/06/2026 07:32,15.25,0.001,7.94
12/06/2026 07:02,15.25,0.001,7.93
12/06/2026 06:32,15.125,0.001,7.93
12/06/2026 06:02,15.125,0.001,7.93
12/06/2026 05:32,15.25,0.001,7.94
12/06/2026 05:02,15.125,0.001,7.94
12/06/2026 04:32,15,0.001,7.94
12/06/2026 04:02,15,0.001,7.94
12/06/2026 03:32,15,0.001,7.94
12/06/2026 03:02,15,0.001,7.94
12/06/2026 02:32,15,0.001,7.94
12/06/2026 02:02,14.75,0.001,7.95
12/06/2026 01:32,14.75,0.001,7.95
12/06/2026 01:02,13.875,0.001,7.95
12/06/2026 00:32,13.75,0.001,7.95
12/06/2026 00:02,14.625,0.001,7.95
12/06/2026 00:02,14.625,0.001,7.95
11/06/2026 23:32,14.625,0.001,7.95
11/06/2026 23:02,14.375,0.001,7.95
11/06/2026 22:32,14.25,0.001,7.95
11/06/2026 22:02,14.125,0.001,7.95
11/06/2026 21:32,14.125,0.001,7.96
11/06/2026 21:02,14.25,0.001,7.96
11/06/2026 20:32,14,0.001,7.96
11/06/2026 20:02,13.75,0.001,7.96
11/06/2026 19:32,15.75,0.001,7.96
11/06/2026 19:12,13.5,0.001,7.96
11/06/2026 19:12,13.5,0.001,7.96
11/06/2026 19:12,13.5,0.001,8.64
11/06/2026 17:32,13.625,0.001,7.95
11/06/2026 17:32,13.625,0.001,7.95
07/06/2026 13:02,15.25,0.001,7.94
07/06/2026 12:32,15.625,0.001,7.93
07/06/2026 12:02,16,0.001,7.93
07/06/2026 11:32,16,0.001,7.93
07/06/2026 11:02,15.875,0.001,7.92
07/06/2026 10:32,15.875,0.001,7.92
07/06/2026 10:02,15.875,0.001,7.91
07/06/2026 09:32,14.75,0.001,7.91
07/06/2026 09:02,15.75,0.001,7.91
07/06/2026 08:32,15.625,0.001,7.91
07/06/2026 08:02,15.5,0.001,7.9
07/06/2026 07:32,15.5,0.001,7.9
07/06/2026 07:02,15.5,0.001,7.9
07/06/2026 06:32,15.5,0.001,7.9
07/06/2026 06:02,15.375,0.001,7.9
07/06/2026 05:32,15.375,0.001,7.91
07/06/2026 05:02,15.375,0.001,7.91
07/06/2026 04:32,15.25,0.001,7.91
07/06/2026 04:02,15.25,0.001,7.91
07/06/2026 04:02,15.25,0.001,7.91
07/06/2026 03:32,15.25,0.001,7.91
07/06/2026 03:02,15.25,0.001,7.91
07/06/2026 02:32,15.25,0.001,7.91
07/06/2026 02:02,15.125,0.001,7.92
07/06/2026 01:32,15.25,0.001,7.92
07/06/2026 01:02,15.125,0.001,7.92
07/06/2026 00:32,15,0.001,7.92
07/06/2026 00:02,15,0.001,7.92
06/06/2026 23:32,15.125,0.001,7.93
06/06/2026 23:02,15,0.001,7.93
06/06/2026 22:32,14.875,0.001,7.93
06/06/2026 22:02,15,0.001,7.93
06/06/2026 21:32,15,0.001,7.93
06/06/2026 21:02,14.875,0.001,7.93
06/06/2026 20:32,14.875,0.001,7.94
06/06/2026 20:02,14.875,0.001,7.94
06/06/2026 19:32,14.75,0.001,7.94
06/06/2026 19:02,13.75,0.001,7.94
06/06/2026 18:32,14.625,0.001,7.94
06/06/2026 18:02,14.5,0.001,7.94
06/06/2026 17:32,14.25,0.001,7.94
06/06/2026 17:02,14.25,0.001,7.94
06/06/2026 16:32,13.75,0.001,7.93
06/06/2026 16:02,13.75,0.001,7.93
06/06/2026 15:32,12.75,0.001,7.93
06/06/2026 15:02,14,0.001,7.93
06/06/2026 14:32,14.5,0.001,7.93
06/06/2026 14:02,14.75,0.001,7.93
06/06/2026 13:32,15,0.001,7.93
06/06/2026 13:02,15.125,0.001,7.93
06/06/2026 12:32,15.625,0.001,7.93
06/06/2026 12:02,15.875,0.001,7.92
06/06/2026 11:32,16.125,0.001,7.92
06/06/2026 11:02,15.875,0.001,7.92
06/06/2026 10:32,15.875,0.001,7.91
06/06/2026 10:02,15.875,0.001,7.91
06/06/2026 09:32,15.875,0.001,7.9
06/06/2026 09:02,15.875,0.001,7.9
06/06/2026 08:32,15.75,0.001,7.9
06/06/2026 08:02,15.75,0.001,7.9
06/06/2026 07:32,14.75,0.001,7.89
06/06/2026 07:02,16.625,0.001,7.89
06/06/2026 06:32,14.75,0.001,7.9
06/06/2026 06:02,15.625,0.001,7.9
06/06/2026 05:32,15.625,0.001,7.9
06/06/2026 05:02,15.625,0.001,7.9
06/06/2026 04:32,15.625,0.001,7.9
06/06/2026 04:02,15.625,0.001,7.9
06/06/2026 03:32,15.625,0.001,7.91
06/06/2026 03:02,16.625,0.001,7.91
06/06/2026 02:32,15.75,0.001,7.91
06/06/2026 02:02,15.5,0.001,7.91
06/06/2026 01:32,15.625,0.001,7.91
06/06/2026 01:02,16.625,0.001,7.92
06/06/2026 00:32,15.625,0.001,7.92
06/06/2026 00:02,14.75,0.001,7.92
05/06/2026 23:32,15.75,0.001,7.92
05/06/2026 23:02,15.75,0.001,7.93
05/06/2026 22:32,15.625,0.001,7.93
05/06/2026 22:02,15.5,0.001,7.93
05/06/2026 21:32,15.75,0.001,7.93
05/06/2026 21:02,15.75,0.001,7.93
05/06/2026 20:32,15.625,0.001,7.94
05/06/2026 20:02,15.75,0.001,7.94
05/06/2026 19:32,15.625,0.001,7.94
05/06/2026 19:02,15.625,0.001,7.94
05/06/2026 18:32,15.5,0.001,7.94
05/06/2026 18:02,15.625,0.001,7.94
05/06/2026 17:32,15.375,0.001,7.94
05/06/2026 17:02,15.375,0.001,7.93
05/06/2026 16:32,15.375,0.001,7.93
05/06/2026 16:02,15,0.001,7.93
05/06/2026 15:32,14.875,0.001,7.93
05/06/2026 15:02,14.875,0.001,7.92
05/06/2026 14:32,14.625,0.001,7.92
05/06/2026 14:02,14.5,0.001,7.92
05/06/2026 13:32,14.25,0.001,7.91
05/06/2026 13:02,14.375,0.001,7.91
05/06/2026 12:32,14.75,0.001,7.91
05/06/2026 12:32,14.75,0.001,7.91
05/06/2026 12:02,15.375,0.001,7.91
05/06/2026 11:32,15.75,0.001,7.92
05/06/2026 11:02,15.875,0.001,7.92
05/06/2026 10:32,15.75,0.001,7.92
05/06/2026 10:02,15.875,0.001,7.92
05/06/2026 09:32,14.75,0.001,7.91
05/06/2026 09:02,16.625,0.001,7.91
05/06/2026 08:32,15.625,0.001,7.91
05/06/2026 08:02,15.5,0.001,7.9
05/06/2026 07:32,15.5,0.001,7.9
05/06/2026 07:02,15.5,0.001,7.9
05/06/2026 06:32,15.5,0.001,7.9
05/06/2026 06:02,15.5,0.001,7.9
05/06/2026 05:32,15.375,0.001,7.91
05/06/2026 05:02,15.375,0.001,7.91
05/06/2026 04:32,15.375,0.001,7.91
05/06/2026 04:02,15.375,0.001,7.91
05/06/2026 03:32,15.25,0.001,7.92
05/06/2026 03:32,15.25,0.001,7.92
05/06/2026 03:02,15.375,0.001,7.92
05/06/2026 02:32,15.375,0.001,7.92
05/06/2026 02:02,15.375,0.001,7.92
05/06/2026 01:32,15.25,0.001,7.92
05/06/2026 01:02,15.375,0.001,7.92
05/06/2026 00:32,15.375,0.001,7.93
05/06/2026 00:02,15.375,0.001,7.93
04/06/2026 23:32,15.375,0.001,7.93
04/06/2026 23:02,15.25,0.001,7.93
04/06/2026 22:32,15.375,0.001,7.94
04/06/2026 22:02,15.375,0.001,7.94
04/06/2026 22:02,15.375,0.001,7.94
04/06/2026 21:32,15.25,0.001,7.94
04/06/2026 21:02,15.25,0.001,7.94
04/06/2026 20:32,15.125,0.001,7.94
04/06/2026 20:02,15.125,0.001,7.94
04/06/2026 19:32,15.125,0.001,7.95
04/06/2026 19:02,15,0.001,7.95
04/06/2026 18:32,15,0.001,7.95
04/06/2026 18:02,14.875,0.001,7.95
04/06/2026 17:32,14.75,0.001,7.95
04/06/2026 17:02,14.625,0.001,7.94
04/06/2026 16:32,14.5,0.001,7.94
04/06/2026 16:02,14.125,0.001,7.94
04/06/2026 15:32,14.25,0.001,7.94
04/06/2026 15:02,15.625,0.001,7.94
04/06/2026 14:32,15.125,0.001,7.94
04/06/2026 14:32,15.125,0.001,7.94
04/06/2026 14:02,15.5,0.001,7.94
04/06/2026 13:32,15.875,0.001,7.94
04/06/2026 13:02,16,0.001,7.93
04/06/2026 12:32,15.875,0.001,7.93
04/06/2026 12:02,15.875,0.001,7.92
04/06/2026 11:32,15.75,0.001,7.92
04/06/2026 11:02,15.625,0.001,7.92
04/06/2026 10:32,16.5,0.001,7.91
04/06/2026 10:02,15.5,0.001,7.91
04/06/2026 09:32,15.25,0.001,7.9
04/06/2026 09:02,15.375,0.001,7.9
04/06/2026 08:32,15.25,0.001,7.9
04/06/2026 08:02,15.25,0.001,7.9
04/06/2026 07:32,15.25,0.001,7.9
04/06/2026 07:02,15,0.001,7.9
04/06/2026 06:32,15,0.001,7.9
04/06/2026 06:02,15,0.001,7.9
04/06/2026 05:32,15,0.001,7.9
04/06/2026 05:02,15,0.001,7.9
04/06/2026 05:02,15,0.001,7.9
04/06/2026 04:32,15,0.001,7.91
04/06/2026 04:02,15.625,0.001,7.91
04/06/2026 03:32,14.875,0.001,7.91
04/06/2026 03:02,14.875,0.001,7.91
04/06/2026 02:32,14.75,0.001,7.92
04/06/2026 02:02,13.75,0.001,7.92
04/06/2026 01:32,14.75,0.001,7.92
04/06/2026 01:02,14.5,0.001,7.92
04/06/2026 00:32,14.375,0.001,7.92
04/06/2026 00:02,14.625,0.001,7.92
03/06/2026 23:32,14.625,0.001,7.93
03/06/2026 23:02,14.375,0.001,7.93
03/06/2026 22:32,14.125,0.001,7.93
03/06/2026 22:02,14.25,0.001,7.93
03/06/2026 21:32,14,0.001,7.93
03/06/2026 21:02,13.875,0.001,7.94
03/06/2026 20:32,14.125,0.001,7.94
03/06/2026 20:02,14,0.001,7.94
03/06/2026 19:32,13.875,0.001,7.94
03/06/2026 19:02,13.5,0.001,7.94
03/06/2026 18:32,13.25,0.001,7.94
03/06/2026 18:02,13.375,0.001,7.94
03/06/2026 17:32,12.75,0.001,7.95
03/06/2026 17:02,13.875,0.001,7.94
03/06/2026 16:32,14,0.001,7.94
03/06/2026 16:02,14.375,0.001,7.94
03/06/2026 15:32,14.5,0.001,7.95
03/06/2026 15:02,13.875,0.001,7.94
03/06/2026 14:32,15,0.001,7.94
03/06/2026 14:02,15,0.001,7.94
03/06/2026 13:32,15.375,0.001,7.94
03/06/2026 13:02,14.75,0.001,7.94
03/06/2026 13:02,14.75,0.001,7.94
03/06/2026 12:32,16,0.001,7.93
03/06/2026 12:02,15.75,0.001,7.93
03/06/2026 12:02,15.75,0.001,7.93
03/06/2026 11:32,15.75,0.001,7.92
03/06/2026 11:02,14.75,0.001,7.92
03/06/2026 10:32,15.625,0.001,7.92
03/06/2026 10:02,15.625,0.001,7.91
03/06/2026 09:32,15.5,0.001,7.91
03/06/2026 09:02,15.25,0.001,7.9
03/06/2026 08:32,15.25,0.001,7.9
03/06/2026 08:02,15.125,0.001,7.9
03/06/2026 07:32,15.25,0.001,7.9
03/06/2026 07:02,15.125,0.001,7.9
03/06/2026 06:32,15,0.001,7.9
03/06/2026 06:02,15,0.001,7.9
03/06/2026 05:32,15,0.001,7.9
03/06/2026 05:02,14.875,0.001,7.9
03/06/2026 04:32,15,0.001,7.9
03/06/2026 04:02,15,0.001,7.91
03/06/2026 03:32,14.875,0.001,7.91
03/06/2026 03:02,14.875,0.001,7.91
03/06/2026 02:32,14.75,0.001,7.91
03/06/2026 02:02,14.875,0.001,7.91
03/06/2026 01:32,14.75,0.001,7.92
03/06/2026 01:02,14.75,0.001,7.92
03/06/2026 00:32,14.625,0.001,7.92
03/06/2026 00:02,14.375,0.001,7.92
02/06/2026 23:32,14.5,0.001,7.92
02/06/2026 23:02,14.5,0.001,7.93
02/06/2026 22:32,14.375,0.001,7.93
02/06/2026 22:02,14.25,0.001,7.93
02/06/2026 21:32,14.25,0.001,7.93
02/06/2026 21:02,14.25,0.001,7.94
02/06/2026 20:32,14.25,0.001,7.94
02/06/2026 20:02,14.125,0.001,7.94
02/06/2026 19:32,14,0.001,7.94
02/06/2026 19:02,13.875,0.001,7.94
02/06/2026 18:32,14.5,0.001,7.94
02/06/2026 18:02,13.5,0.001,7.94
02/06/2026 17:32,13.5,0.001,7.94
02/06/2026 17:02,13.875,0.001,7.94
02/06/2026 16:32,13.875,0.001,7.94
02/06/2026 16:02,14.375,0.001,7.94
02/06/2026 15:32,14.5,0.001,7.94
02/06/2026 15:32,14.5,0.001,7.94
02/06/2026 15:02,15,0.001,7.94
02/06/2026 14:32,15.125,0.001,7.94
02/06/2026 14:02,15.5,0.001,7.94
02/06/2026 13:32,15.875,0.001,7.93
02/06/2026 13:02,16,0.001,7.93
02/06/2026 12:32,15.875,0.001,7.93
02/06/2026 12:02,15.75,0.001,7.92
02/06/2026 11:32,15.75,0.001,7.92
02/06/2026 11:02,15.625,0.001,7.91
02/06/2026 10:32,15.5,0.001,7.91
02/06/2026 10:02,15.5,0.001,7.91
02/06/2026 09:32,15.375,0.001,7.9
02/06/2026 09:02,15.375,0.001,7.9
02/06/2026 09:02,15.375,0.001,7.9
02/06/2026 08:32,15.25,0.001,7.89
02/06/2026 08:02,15.375,0.001,7.89
02/06/2026 07:32,15.25,0.001,7.89
02/06/2026 07:02,15.125,0.001,7.89
02/06/2026 06:32,15.125,0.001,7.89
02/06/2026 06:02,15.125,0.001,7.89
02/06/2026 05:32,14.875,0.001,7.89
02/06/2026 05:02,15,0.001,7.9
02/06/2026 04:32,14.875,0.001,7.9
02/06/2026 04:02,14.875,0.001,7.9
02/06/2026 03:32,14.875,0.001,7.9
02/06/2026 03:02,14.75,0.001,7.9
02/06/2026 02:32,14.75,0.001,7.9
02/06/2026 02:02,14.625,0.001,7.9
02/06/2026 01:32,15.625,0.001,7.91
02/06/2026 01:02,13.75,0.001,7.91
02/06/2026 00:32,14.625,0.001,7.91
02/06/2026 00:02,14.625,0.001,7.92
01/06/2026 23:32,14.5,0.001,7.92
01/06/2026 23:02,14.25,0.001,7.92
01/06/2026 22:32,14.125,0.001,7.92
01/06/2026 22:02,14.25,0.001,7.92
01/06/2026 21:32,14.375,0.001,7.92
01/06/2026 21:02,14.125,0.001,7.93
01/06/2026 20:32,14.125,0.001,7.93
01/06/2026 20:02,14,0.001,7.93
01/06/2026 19:32,13.625,0.001,7.93
01/06/2026 19:02,13.375,0.001,7.93
01/06/2026 18:32,13.25,0.001,7.93
01/06/2026 18:02,13.625,0.001,7.94
01/06/2026 17:32,14.625,0.001,7.94
01/06/2026 17:02,13.875,0.001,7.94
01/06/2026 16:32,14.125,0.001,7.94
01/06/2026 16:02,14.375,0.001,7.94
01/06/2026 15:32,14.375,0.001,7.94
01/06/2026 15:32,14.375,0.001,7.94
01/06/2026 15:02,14.625,0.001,7.94
01/06/2026 14:32,15,0.001,7.94
01/06/2026 14:02,15.125,0.001,7.94
01/06/2026 13:32,15.375,0.001,7.93
01/06/2026 13:02,15.625,0.001,7.93
01/06/2026 12:32,16,0.001,7.93
01/06/2026 12:02,15.875,0.001,7.93
01/06/2026 11:32,15.875,0.001,7.92
01/06/2026 11:02,15.875,0.001,7.92
01/06/2026 10:32,15.625,0.001,7.91
01/06/2026 10:02,15.625,0.001,7.91
01/06/2026 09:32,15.5,0.001,7.9
01/06/2026 09:02,15.5,0.001,7.9
01/06/2026 08:32,15.5,0.001,7.9
01/06/2026 08:02,15.5,0.001,7.9
01/06/2026 07:32,15.375,0.001,7.89
01/06/2026 07:02,15.375,0.001,7.9
01/06/2026 06:32,15.25,0.001,7.89
01/06/2026 06:02,15.25,0.001,7.9
01/06/2026 06:02,15.25,0.001,7.9
01/06/2026 05:32,15.25,0.001,7.9
01/06/2026 05:02,15.25,0.001,7.9
01/06/2026 04:32,15.125,0.001,7.9
01/06/2026 04:02,15.125,0.001,7.9
01/06/2026 03:32,15.125,0.001,7.91
01/06/2026 03:02,15,0.001,7.91
01/06/2026 02:32,15,0.001,7.91
01/06/2026 02:02,15,0.001,7.91
01/06/2026 02:02,15,0.001,7.91
01/06/2026 01:32,14.75,0.001,7.92
01/06/2026 01:02,14.75,0.001,7.92
01/06/2026 00:32,14.625,0.001,7.92
01/06/2026 00:02,13.75,0.001,7.92
31/05/2026 23:32,14.5,0.001,7.92
31/05/2026 23:02,14.5,0.001,7.92
31/05/2026 22:32,14.5,0.001,7.93
31/05/2026 22:02,14.125,0.001,7.93
31/05/2026 21:32,14.25,0.001,7.93
31/05/2026 21:02,14.125,0.001,7.93
31/05/2026 20:32,14,0.001,7.93
31/05/2026 20:02,14,0.001,7.93
31/05/2026 19:32,14.5,0.001,7.93
31/05/2026 19:02,13.375,0.001,7.93
31/05/2026 18:32,13.25,0.001,7.93
31/05/2026 18:32,13.25,0.001,7.93
31/05/2026 18:02,13.625,0.001,7.94
31/05/2026 17:32,13.75,0.001,7.94
31/05/2026 17:02,14,0.001,7.94
31/05/2026 17:02,14,0.001,7.94
31/05/2026 16:32,14.125,0.001,7.94
31/05/2026 16:02,14.25,0.001,7.94
31/05/2026 15:32,15.625,0.001,7.94
31/05/2026 15:32,15.625,0.001,7.94
31/05/2026 15:02,14.875,0.001,7.94
31/05/2026 14:32,15.125,0.001,7.93
31/05/2026 14:02,15.375,0.001,7.93
31/05/2026 14:02,15.375,0.001,7.93
31/05/2026 13:32,16.625,0.001,7.93
31/05/2026 13:02,16,0.001,7.93
31/05/2026 12:32,15.875,0.001,7.92
31/05/2026 12:02,15.75,0.001,7.92
31/05/2026 11:32,15.75,0.001,7.91
31/05/2026 11:02,15.625,0.001,7.91
31/05/2026 11:02,15.625,0.001,7.91
31/05/2026 10:32,15.625,0.001,7.9
31/05/2026 10:02,15.625,0.001,7.9
31/05/2026 09:32,15.375,0.001,7.9
31/05/2026 09:02,15.375,0.001,7.9
31/05/2026 08:32,15.375,0.001,7.89
31/05/2026 08:02,15.375,0.001,7.89
31/05/2026 07:32,15.25,0.001,7.89
31/05/2026 07:02,15.25,0.001,7.89
31/05/2026 06:32,15.25,0.001,7.89
31/05/2026 06:02,15.25,0.001,7.89
31/05/2026 05:32,15.125,0.001,7.89
31/05/2026 05:02,15,0.001,7.89
31/05/2026 04:57,15,0.001,7.89
31/05/2026 04:02,15,0.001,7.9
31/05/2026 03:32,14.875,0.001,7.9
31/05/2026 03:02,14.875,0.001,7.9
31/05/2026 02:32,14.875,0.001,7.91
31/05/2026 02:02,15.625,0.001,7.91
31/05/2026 01:32,14.625,0.001,7.91
31/05/2026 01:02,14.625,0.001,7.91
31/05/2026 00:32,14.375,0.001,7.91
31/05/2026 00:02,14.25,0.001,7.91
30/05/2026 23:32,14.125,0.001,7.91
30/05/2026 23:02,14.125,0.001,7.92
30/05/2026 22:32,14.125,0.001,7.92
30/05/2026 22:02,13.875,0.001,7.92
30/05/2026 21:32,14,0.001,7.92
30/05/2026 21:02,12.75,0.001,7.92
30/05/2026 20:32,13.75,0.001,7.92
30/05/2026 20:02,13.5,0.001,7.92
30/05/2026 19:32,13.25,0.001,7.92
30/05/2026 19:02,13.625,0.001,7.93
30/05/2026 18:32,13.75,0.001,7.93
30/05/2026 18:02,13.875,0.001,7.93
30/05/2026 17:32,14.25,0.001,7.93
30/05/2026 17:02,14.25,0.001,7.93
30/05/2026 16:32,14.5,0.001,7.93
30/05/2026 16:02,15.625,0.001,7.93
30/05/2026 15:32,14.875,0.001,7.93
30/05/2026 15:02,15,0.001,7.92
30/05/2026 14:32,15.125,0.001,7.93
30/05/2026 14:02,15.625,0.001,7.92
30/05/2026 13:32,15.875,0.001,7.92
30/05/2026 13:02,16,0.001,7.92
30/05/2026 12:32,15.875,0.001,7.91
30/05/2026 12:02,15.875,0.001,7.91
30/05/2026 11:32,15.875,0.001,7.9
30/05/2026 11:02,15.75,0.001,7.9
30/05/2026 10:32,15.75,0.001,7.89
30/05/2026 10:02,15.625,0.001,7.89
30/05/2026 09:32,16.625,0.001,7.88
30/05/2026 09:02,15.625,0.001,7.88
30/05/2026 08:32,15.625,0.001,7.88
30/05/2026 08:02,15.5,0.001,7.88
30/05/2026 07:32,15.5,0.001,7.88
30/05/2026 07:02,15.375,0.001,7.87
30/05/2026 06:32,15.375,0.001,7.87
30/05/2026 06:02,15.25,0.001,7.88
30/05/2026 05:32,15.125,0.001,7.88
30/05/2026 05:02,15.25,0.001,7.88
30/05/2026 05:02,15.25,0.001,7.88
30/05/2026 04:32,15.125,0.001,7.88
30/05/2026 04:02,15.125,0.001,7.88
30/05/2026 03:32,15.125,0.001,7.88
30/05/2026 03:02,15.125,0.001,7.89
30/05/2026 02:32,15.125,0.001,7.89
30/05/2026 02:02,15,0.001,7.89
30/05/2026 01:32,14.875,0.001,7.89
30/05/2026 01:02,14.875,0.001,7.89
30/05/2026 00:32,14.75,0.001,7.89
30/05/2026 00:02,14.75,0.001,7.9
29/05/2026 23:32,13.75,0.001,7.89
29/05/2026 23:02,14.625,0.001,7.9
29/05/2026 22:32,14.5,0.001,7.9
29/05/2026 22:32,14.5,0.001,7.9
29/05/2026 22:02,14.375,0.001,7.9
29/05/2026 21:32,14.375,0.001,7.9
29/05/2026 21:02,14.25,0.001,7.9
29/05/2026 20:32,14,0.001,7.9
29/05/2026 20:02,14.125,0.001,7.9
29/05/2026 19:32,13.75,0.001,7.9
29/05/2026 19:02,13.625,0.001,7.91
29/05/2026 18:32,13.375,0.001,7.91
29/05/2026 18:02,13.375,0.001,7.9
29/05/2026 17:32,12.75,0.001,7.91
29/05/2026 17:32,12.75,0.001,7.91
29/05/2026 17:02,14,0.001,7.9
29/05/2026 16:32,14.125,0.001,7.9
29/05/2026 16:02,14.375,0.001,7.9
29/05/2026 15:32,13.75,0.001,7.9
29/05/2026 15:02,14.875,0.001,7.9
29/05/2026 14:32,15.25,0.001,7.9
29/05/2026 14:02,15.625,0.001,7.9
29/05/2026 13:32,15.875,0.001,7.89
29/05/2026 13:32,15.875,0.001,7.89
29/05/2026 13:02,16,0.001,7.89
29/05/2026 12:32,15.875,0.001,7.88
29/05/2026 12:02,15.875,0.001,7.88
29/05/2026 11:32,15.75,0.001,7.87
29/05/2026 11:02,15.75,0.001,7.87
29/05/2026 10:32,14.75,0.001,7.86
29/05/2026 10:02,15.5,0.001,7.86
29/05/2026 09:32,15.5,0.001,7.85
29/05/2026 09:02,15.375,0.001,7.85
29/05/2026 08:32,15.375,0.001,7.84
29/05/2026 08:02,15.375,0.001,7.84
29/05/2026 07:32,15.25,0.001,7.84
29/05/2026 07:02,15.25,0.001,7.84
29/05/2026 06:32,15.125,0.001,7.84
29/05/2026 06:02,15.25,0.001,7.84
29/05/2026 05:32,15.125,0.001,7.84
29/05/2026 05:02,15.125,0.001,7.84
29/05/2026 04:32,15,0.001,7.84
29/05/2026 04:02,15,0.001,7.84
29/05/2026 03:32,14.875,0.001,7.84
29/05/2026 03:02,14.875,0.001,7.84
29/05/2026 02:32,14.875,0.001,7.84
29/05/2026 02:02,14.75,0.001,7.85
29/05/2026 01:32,13.875,0.001,7.85
29/05/2026 01:02,13.75,0.001,7.85
29/05/2026 00:32,14.625,0.001,7.85
29/05/2026 00:02,14.25,0.001,7.85
28/05/2026 23:32,14.375,0.001,7.85
28/05/2026 23:02,14.375,0.001,7.85
28/05/2026 22:32,14.25,0.001,7.85
28/05/2026 22:02,14.25,0.001,7.85
28/05/2026 21:32,13.875,0.001,7.85
28/05/2026 21:02,14,0.001,7.85
28/05/2026 20:32,13.875,0.001,7.86
28/05/2026 20:02,13.75,0.001,7.86
28/05/2026 20:02,13.75,0.001,7.86
28/05/2026 19:32,13.5,0.001,7.86
28/05/2026 19:02,13.25,0.001,7.86
28/05/2026 18:32,13.5,0.001,7.86
28/05/2026 18:02,12.75,0.001,7.86
28/05/2026 17:32,14,0.001,7.86
28/05/2026 17:02,13.875,0.001,7.86
28/05/2026 16:32,14.375,0.001,7.85
28/05/2026 16:32,14.375,0.001,7.85
28/05/2026 16:02,14.375,0.001,7.85
28/05/2026 15:32,14.5,0.001,7.85
28/05/2026 15:02,14.875,0.001,7.85
28/05/2026 14:32,14.875,0.001,7.85
28/05/2026 14:02,15.125,0.001,7.85
28/05/2026 13:32,15.25,0.001,7.85
28/05/2026 13:02,15.5,0.001,7.85
28/05/2026 12:32,15.75,0.001,7.85
28/05/2026 12:02,16.125,0.001,7.86
28/05/2026 11:32,16.25,0.001,7.88
28/05/2026 11:02,16,0.001,7.88
28/05/2026 10:32,15.875,0.001,7.9
28/05/2026 10:02,16,0.001,7.91
28/05/2026 09:32,15.75,0.001,7.92
28/05/2026 09:02,15.625,0.001,7.92
28/05/2026 08:32,16.625,0.001,7.92
28/05/2026 08:02,15.625,0.001,7.91
28/05/2026 07:32,14.75,0.001,7.91
28/05/2026 07:02,15.5,0.001,7.91
28/05/2026 06:32,15.5,0.001,7.91
28/05/2026 06:02,15.5,0.001,7.91
28/05/2026 05:32,15.5,0.001,7.91
28/05/2026 05:02,15.625,0.001,7.91
28/05/2026 04:32,15.5,0.001,7.92
28/05/2026 04:02,15.375,0.001,7.92
28/05/2026 03:32,15.25,0.001,7.92
28/05/2026 03:02,15.375,0.001,7.92
28/05/2026 02:32,15.375,0.001,7.92
28/05/2026 02:02,15.25,0.001,7.93
28/05/2026 01:32,15.25,0.001,7.93
28/05/2026 01:02,15.125,0.001,7.93
28/05/2026 00:32,15.125,0.001,7.93
28/05/2026 00:02,15,0.001,7.93
27/05/2026 23:32,14.875,0.001,7.93
27/05/2026 23:02,14.875,0.001,7.93
27/05/2026 22:32,14.875,0.001,7.93
27/05/2026 22:32,14.875,0.001,7.93
27/05/2026 22:02,13.75,0.001,7.94
27/05/2026 21:32,14.625,0.001,7.94
27/05/2026 21:02,14.5,0.001,7.94
27/05/2026 20:32,14.5,0.001,7.94
27/05/2026 20:02,14.125,0.001,7.94
27/05/2026 19:32,14.125,0.001,7.94
27/05/2026 19:02,13.875,0.001,7.94
27/05/2026 18:32,14.625,0.001,7.95
27/05/2026 18:02,14.25,0.001,7.95
27/05/2026 17:32,14.375,0.001,7.95
27/05/2026 17:02,14.5,0.001,7.95
27/05/2026 16:32,14.5,0.001,7.95
27/05/2026 16:02,13.75,0.001,7.95
27/05/2026 15:32,14.875,0.001,7.95
27/05/2026 15:02,14.875,0.001,7.95
27/05/2026 14:32,15.125,0.001,7.94
27/05/2026 14:02,15.25,0.001,7.94
27/05/2026 13:32,15.5,0.001,7.94
27/05/2026 13:02,15.75,0.001,7.94
27/05/2026 12:32,15.875,0.001,7.94
27/05/2026 12:02,16,0.001,7.94
27/05/2026 11:32,15.875,0.001,7.94
27/05/2026 11:02,15.875,0.001,7.93
27/05/2026 10:32,15.875,0.001,7.93
27/05/2026 10:02,16,0.001,7.93
27/05/2026 09:32,15.75,0.001,7.92
27/05/2026 09:02,15.75,0.001,7.92
27/05/2026 08:32,14.75,0.001,7.91
27/05/2026 08:02,16.625,0.001,7.91
27/05/2026 07:32,14.75,0.001,7.91
27/05/2026 07:02,15.75,0.001,7.91
27/05/2026 06:32,15.625,0.001,7.91
27/05/2026 06:02,15.5,0.001,7.91
27/05/2026 05:32,15.5,0.001,7.91
27/05/2026 05:02,15.5,0.001,7.91
27/05/2026 04:32,15.625,0.001,7.92
27/05/2026 04:02,15.5,0.001,7.92
27/05/2026 03:32,15.375,0.001,7.92
27/05/2026 03:02,15.375,0.001,7.92
27/05/2026 02:32,15.25,0.001,7.92
27/05/2026 02:02,15.375,0.001,7.92
27/05/2026 01:32,15.25,0.001,7.92
27/05/2026 01:02,15.125,0.001,7.92
27/05/2026 00:32,15.125,0.001,7.93
27/05/2026 00:02,15,0.001,7.93
26/05/2026 23:32,15,0.001,7.93
26/05/2026 23:02,14.875,0.001,7.93
26/05/2026 22:32,14.875,0.001,7.93
26/05/2026 22:02,14.75,0.001,7.94
26/05/2026 21:32,14.75,0.001,7.94
26/05/2026 21:02,14.625,0.001,7.94
26/05/2026 21:02,14.625,0.001,7.94
26/05/2026 20:32,14.375,0.001,7.94
26/05/2026 20:02,14.25,0.001,7.94
26/05/2026 19:32,14.375,0.001,7.94
26/05/2026 19:02,14.125,0.001,7.95
26/05/2026 18:32,14,0.001,7.95
26/05/2026 18:02,13.875,0.001,7.94
26/05/2026 17:32,14.25,0.001,7.95
26/05/2026 17:02,14.25,0.001,7.95
26/05/2026 16:32,14.5,0.001,7.95
26/05/2026 16:02,14.5,0.001,7.95
26/05/2026 15:32,14.625,0.001,7.95
26/05/2026 15:02,14.875,0.001,7.94
26/05/2026 14:32,15,0.001,7.94
26/05/2026 14:02,15,0.001,7.94
26/05/2026 13:32,15.375,0.001,7.94
26/05/2026 13:02,15.625,0.001,7.94
26/05/2026 12:32,15.875,0.001,7.94
26/05/2026 12:02,15.875,0.001,7.94
26/05/2026 11:32,15.875,0.001,7.93
26/05/2026 11:02,16,0.001,7.93
26/05/2026 10:32,15.75,0.001,7.93
26/05/2026 10:02,15.875,0.001,7.92
26/05/2026 09:32,15.75,0.001,7.92
26/05/2026 09:02,15.75,0.001,7.91
26/05/2026 08:32,15.75,0.001,7.91
26/05/2026 08:32,15.75,0.001,7.91
26/05/2026 08:02,15.75,0.001,7.91
26/05/2026 07:32,15.625,0.001,7.91
26/05/2026 07:02,16.625,0.001,7.91
26/05/2026 06:32,15.625,0.001,7.91
26/05/2026 06:02,15.5,0.001,7.9
26/05/2026 05:32,15.5,0.001,7.91
26/05/2026 05:02,15.5,0.001,7.91
26/05/2026 04:32,15.5,0.001,7.91
26/05/2026 04:02,15.5,0.001,7.91
26/05/2026 03:32,15.375,0.001,7.91
26/05/2026 03:02,15.25,0.001,7.91
26/05/2026 02:32,15.375,0.001,7.92
26/05/2026 02:02,15.375,0.001,7.92
26/05/2026 01:32,15.25,0.001,7.92
26/05/2026 01:02,15.125,0.001,7.92
26/05/2026 00:32,15.25,0.001,7.92
26/05/2026 00:02,15.25,0.001,7.92
25/05/2026 23:32,15,0.001,7.93
25/05/2026 23:02,15,0.001,7.93
25/05/2026 22:32,14.875,0.001,7.93
25/05/2026 22:02,14.875,0.001,7.93
25/05/2026 21:32,14.875,0.001,7.93
25/05/2026 21:02,13.75,0.001,7.94
25/05/2026 20:32,14.5,0.001,7.93
25/05/2026 20:02,14.375,0.001,7.94
25/05/2026 19:32,14.125,0.001,7.94
25/05/2026 19:02,14.125,0.001,7.94
25/05/2026 18:32,13.875,0.001,7.94
25/05/2026 18:02,14,0.001,7.94
25/05/2026 17:32,14.5,0.001,7.94
25/05/2026 17:02,14.625,0.001,7.94
25/05/2026 16:32,14.75,0.001,7.94
25/05/2026 16:02,14.875,0.001,7.94
25/05/2026 15:32,15,0.001,7.94
25/05/2026 15:02,15,0.001,7.94
25/05/2026 15:02,15,0.001,7.94
25/05/2026 14:32,15.125,0.001,7.94
25/05/2026 14:02,15.375,0.001,7.93
25/05/2026 13:32,15.5,0.001,7.93
25/05/2026 13:02,15.875,0.001,7.93
25/05/2026 12:32,16,0.001,7.93
25/05/2026 12:02,16,0.001,7.93
25/05/2026 11:32,15.875,0.001,7.92
25/05/2026 11:02,15.875,0.001,7.92
25/05/2026 10:32,15.875,0.001,7.92
25/05/2026 10:02,15.875,0.001,7.91
25/05/2026 09:32,15.75,0.001,7.91
25/05/2026 09:02,14.75,0.001,7.91
25/05/2026 08:32,15.625,0.001,7.9
25/05/2026 08:02,15.625,0.001,7.9
25/05/2026 07:32,15.625,0.001,7.9
25/05/2026 07:02,15.5,0.001,7.89
25/05/2026 06:32,15.625,0.001,7.89
25/05/2026 06:02,15.5,0.001,7.9
25/05/2026 05:32,15.625,0.001,7.9
25/05/2026 05:02,15.5,0.001,7.9
25/05/2026 04:32,15.5,0.001,7.9
25/05/2026 04:02,15.5,0.001,7.9
25/05/2026 03:32,15.375,0.001,7.9
25/05/2026 03:02,15.5,0.001,7.9
25/05/2026 02:32,15.375,0.001,7.91
25/05/2026 02:32,15.375,0.001,7.91
25/05/2026 02:02,15.375,0.001,7.91
25/05/2026 01:32,15.25,0.001,7.91
25/05/2026 01:02,15.375,0.001,7.91
25/05/2026 00:32,15,0.001,7.91
25/05/2026 00:02,15.25,0.001,7.91
24/05/2026 23:32,15,0.001,7.91
24/05/2026 23:02,15,0.001,7.92
24/05/2026 22:32,14.875,0.001,7.92
24/05/2026 22:02,14.875,0.001,7.92
24/05/2026 21:32,13.75,0.001,7.92
24/05/2026 21:02,14.625,0.001,7.92
24/05/2026 20:32,14.5,0.001,7.93
24/05/2026 20:32,14.5,0.001,7.93
24/05/2026 20:02,14.5,0.001,7.92
24/05/2026 19:58,14.375,0.001,7.92
24/05/2026 19:02,14.125,0.001,7.93
24/05/2026 18:32,14.125,0.001,7.93
24/05/2026 18:02,14.625,0.001,7.93
24/05/2026 17:32,14.625,0.001,7.93
24/05/2026 17:02,14,0.001,7.93
24/05/2026 16:32,14,0.001,7.92
24/05/2026 16:02,14.25,0.001,7.92
24/05/2026 15:32,14.5,0.001,7.92
24/05/2026 15:02,14.625,0.001,7.92
24/05/2026 15:02,14.625,0.001,7.92
24/05/2026 14:32,14.625,0.001,7.92
24/05/2026 14:02,15,0.001,7.92
24/05/2026 13:32,15.125,0.001,7.92
24/05/2026 13:02,15.25,0.001,7.92
24/05/2026 12:32,15.75,0.001,7.92
24/05/2026 12:02,15.875,0.001,7.92
24/05/2026 11:32,15.875,0.001,7.91
24/05/2026 11:02,15.875,0.001,7.91
24/05/2026 10:32,16,0.001,7.91
24/05/2026 10:02,15.875,0.001,7.9
24/05/2026 09:32,15.75,0.001,7.9
24/05/2026 09:02,14.875,0.001,7.9
24/05/2026 08:32,16.625,0.001,7.89
24/05/2026 08:02,14.75,0.001,7.89
24/05/2026 07:32,15.625,0.001,7.89
24/05/2026 07:02,15.5,0.001,7.88
24/05/2026 06:32,15.5,0.001,7.89
24/05/2026 06:02,15.5,0.001,7.88
24/05/2026 05:32,15.5,0.001,7.89
24/05/2026 05:02,15.5,0.001,7.89
24/05/2026 04:32,15.375,0.001,7.89
24/05/2026 04:02,15.375,0.001,7.89
24/05/2026 03:32,15.375,0.001,7.89
24/05/2026 03:02,15.375,0.001,7.89
24/05/2026 02:32,15.25,0.001,7.9
24/05/2026 02:02,15.25,0.001,7.89
24/05/2026 01:32,15.25,0.001,7.9
24/05/2026 01:02,15.125,0.001,7.9
24/05/2026 00:32,15.125,0.001,7.9
24/05/2026 00:02,15,0.001,7.9
23/05/2026 23:32,14.875,0.001,7.9
23/05/2026 23:02,14.875,0.001,7.9
23/05/2026 22:32,14.875,0.001,7.9
23/05/2026 22:02,14.75,0.001,7.9
23/05/2026 21:32,14.5,0.001,7.91
23/05/2026 21:02,14.625,0.001,7.91
23/05/2026 20:32,14.375,0.001,7.91
23/05/2026 20:02,14.375,0.001,7.91
23/05/2026 19:32,14,0.001,7.91
23/05/2026 19:02,13.875,0.001,7.91
23/05/2026 18:32,13.875,0.001,7.91
23/05/2026 18:02,13.875,0.001,7.91
23/05/2026 17:32,14.375,0.001,7.92
23/05/2026 17:02,14.5,0.001,7.91
23/05/2026 16:32,13.75,0.001,7.91
23/05/2026 16:02,15.5,0.001,7.91
23/05/2026 15:32,14.875,0.001,7.91
23/05/2026 15:02,14.875,0.001,7.91
23/05/2026 14:32,15,0.001,7.91
23/05/2026 14:02,15.25,0.001,7.9
23/05/2026 13:32,15.25,0.001,7.91
23/05/2026 13:02,15.5,0.001,7.9
23/05/2026 12:32,15.875,0.001,7.9
23/05/2026 12:02,16,0.001,7.9
23/05/2026 11:32,15.875,0.001,7.9
23/05/2026 11:02,15.875,0.001,7.9
23/05/2026 10:32,15.875,0.001,7.89
23/05/2026 10:02,16,0.001,7.89
23/05/2026 09:32,15.75,0.001,7.88
23/05/2026 09:02,15.75,0.001,7.88
23/05/2026 08:32,16.625,0.001,7.87
23/05/2026 08:02,15.625,0.001,7.87
23/05/2026 07:32,15.625,0.001,7.87
23/05/2026 07:02,15.625,0.001,7.87
23/05/2026 06:32,15.5,0.001,7.87
23/05/2026 06:02,15.625,0.001,7.87
23/05/2026 05:32,15.625,0.001,7.87
23/05/2026 05:02,15.375,0.001,7.87
23/05/2026 04:32,15.375,0.001,7.87
23/05/2026 04:02,15.25,0.001,7.87
23/05/2026 03:32,15.375,0.001,7.87
23/05/2026 03:02,15.25,0.001,7.87
23/05/2026 02:32,15.25,0.001,7.87
23/05/2026 02:02,15.25,0.001,7.87
23/05/2026 01:32,15.125,0.001,7.88
23/05/2026 01:02,15.125,0.001,7.88
23/05/2026 00:32,15.125,0.001,7.88
23/05/2026 00:02,15,0.001,7.88
22/05/2026 23:32,15,0.001,7.88
22/05/2026 23:02,14.875,0.001,7.88
22/05/2026 22:32,14.75,0.001,7.88
22/05/2026 22:02,15.625,0.001,7.88
22/05/2026 21:32,14.625,0.001,7.88
22/05/2026 21:02,14.5,0.001,7.89
22/05/2026 20:32,14.375,0.001,7.89
22/05/2026 20:02,14.25,0.001,7.89
22/05/2026 19:32,13.875,0.001,7.89
22/05/2026 19:02,14.125,0.001,7.89
22/05/2026 18:32,14.375,0.001,7.89
22/05/2026 18:02,14.625,0.001,7.89
22/05/2026 17:32,14.875,0.001,7.89
22/05/2026 17:02,14.875,0.001,7.9
22/05/2026 16:32,15,0.001,7.89
22/05/2026 16:02,15.125,0.001,7.89
22/05/2026 15:32,15.25,0.001,7.89
22/05/2026 15:02,15.125,0.001,7.89
22/05/2026 14:32,14.75,0.001,7.89
22/05/2026 14:02,14.625,0.001,7.88
22/05/2026 13:32,14.25,0.001,7.88
22/05/2026 13:02,14.25,0.001,7.87
22/05/2026 12:32,14.25,0.001,7.87
22/05/2026 12:02,14.625,0.001,7.87
22/05/2026 11:32,15,0.001,7.87
22/05/2026 11:02,15.375,0.001,7.87
22/05/2026 10:32,15.625,0.001,7.87
22/05/2026 10:32,15.625,0.001,7.87
22/05/2026 10:02,16,0.001,7.88
22/05/2026 09:32,16.375,0.001,7.88
22/05/2026 09:02,17,0.001,7.88
22/05/2026 08:32,18.125,0.001,7.89
22/05/2026 08:02,19.5,0.001,7.89
22/05/2026 07:32,15.625,0.001,7.89
22/05/2026 07:02,15.375,0.001,7.89
22/05/2026 06:32,15.375,0.001,7.89
22/05/2026 06:02,15.375,0.001,7.89
22/05/2026 05:32,15.25,0.001,7.9
22/05/2026 05:02,15.25,0.001,7.9
22/05/2026 04:32,15.25,0.001,7.9
22/05/2026 04:02,15.25,0.001,7.9
22/05/2026 03:32,15.125,0.001,7.9
22/05/2026 03:02,15.25,0.001,7.91
22/05/2026 02:32,15.125,0.001,7.91
22/05/2026 02:02,15,0.001,7.91
22/05/2026 01:32,15,0.001,7.91
22/05/2026 01:02,14.875,0.001,7.92
22/05/2026 00:32,14.75,0.001,7.92
22/05/2026 00:02,14.875,0.001,7.92
21/05/2026 23:32,14.75,0.001,7.92
21/05/2026 23:02,14.625,0.001,7.92
21/05/2026 22:32,14.375,0.001,7.93
21/05/2026 22:02,14.375,0.001,7.93
21/05/2026 21:32,14.5,0.001,7.93
21/05/2026 21:02,14,0.001,7.93
21/05/2026 20:32,14,0.001,7.94
21/05/2026 20:02,13.875,0.001,7.94
21/05/2026 19:32,13.75,0.001,7.94
21/05/2026 19:02,13.875,0.001,7.94
21/05/2026 19:02,13.875,0.001,7.94
21/05/2026 18:32,13.75,0.001,7.94
21/05/2026 18:02,13.375,0.001,7.94
21/05/2026 17:32,14.625,0.001,7.94
21/05/2026 17:02,14,0.001,7.94
21/05/2026 16:32,14,0.001,7.94
21/05/2026 16:02,14.125,0.001,7.94
21/05/2026 15:32,14.625,0.001,7.94
21/05/2026 15:32,14.625,0.001,7.94
21/05/2026 15:02,15,0.001,7.93
21/05/2026 14:32,15,0.001,7.93
21/05/2026 14:02,15.625,0.001,7.93
21/05/2026 13:32,15.75,0.001,7.93
21/05/2026 13:02,16,0.001,7.93
21/05/2026 12:32,16,0.001,7.92
21/05/2026 12:02,15.75,0.001,7.92
21/05/2026 11:32,15.875,0.001,7.91
21/05/2026 11:02,15.75,0.001,7.91
21/05/2026 10:32,15.75,0.001,7.9
21/05/2026 10:02,15.625,0.001,7.9
21/05/2026 09:32,15.5,0.001,7.89
21/05/2026 09:02,15.625,0.001,7.88
21/05/2026 08:32,15.5,0.001,7.88
21/05/2026 08:02,15.375,0.001,7.87
21/05/2026 07:32,15.375,0.001,7.87
21/05/2026 07:02,15.25,0.001,7.87
21/05/2026 06:32,15.25,0.001,7.87
21/05/2026 06:02,15.25,0.001,7.88
21/05/2026 05:32,15.25,0.001,7.88
21/05/2026 05:02,15.125,0.001,7.88
21/05/2026 04:32,15,0.001,7.88
21/05/2026 04:02,15,0.001,7.88
21/05/2026 03:32,14.875,0.001,7.88
21/05/2026 03:02,14.875,0.001,7.89
21/05/2026 02:32,14.875,0.001,7.89
21/05/2026 02:02,15.625,0.001,7.89
21/05/2026 01:32,15.625,0.001,7.89
21/05/2026 01:02,14.625,0.001,7.89
21/05/2026 00:32,14.375,0.001,7.89
21/05/2026 00:02,14.25,0.001,7.9
20/05/2026 23:32,14.25,0.001,7.9
20/05/2026 23:02,14.125,0.001,7.9
20/05/2026 22:32,14,0.001,7.9
20/05/2026 22:02,14.125,0.001,7.91
20/05/2026 21:32,13.75,0.001,7.91
20/05/2026 21:02,13.875,0.001,7.91
20/05/2026 20:32,13.5,0.001,7.91
20/05/2026 20:02,13.375,0.001,7.91
20/05/2026 19:32,13.375,0.001,7.91
20/05/2026 19:02,13.125,0.001,7.91
20/05/2026 18:37,13.5,0.001,7.92
20/05/2026 18:32,12.75,0.001,7.92
20/05/2026 18:02,13.25,0.001,7.91
20/05/2026 17:32,13.125,0.001,7.91
20/05/2026 17:02,13,0.001,7.91
20/05/2026 16:42,12.5,0.001,7.91
20/05/2026 16:32,12.625,0.001,7.91
20/05/2026 16:02,12.75,0.001,7.9
20/05/2026 15:32,12.875,0.001,7.9
20/05/2026 15:02,12.875,0.001,7.9
20/05/2026 14:32,13.25,0.001,7.9
20/05/2026 14:02,13.375,0.001,7.89
20/05/2026 13:32,13.5,0.001,7.89
20/05/2026 13:02,14,0.001,7.89
20/05/2026 12:32,14.125,0.001,7.89
20/05/2026 12:02,14.625,0.001,7.88
20/05/2026 11:32,15.125,0.001,7.88
20/05/2026 11:02,15.5,0.001,7.87
20/05/2026 10:32,15.5,0.001,7.87
20/05/2026 10:02,15.375,0.001,7.86
20/05/2026 09:32,15.375,0.001,7.86
20/05/2026 09:02,15.25,0.001,7.85
20/05/2026 08:32,15.125,0.001,7.85
20/05/2026 08:02,15,0.001,7.84
20/05/2026 07:32,15,0.001,7.84
20/05/2026 07:02,14.875,0.001,7.84
20/05/2026 06:32,14.875,0.001,7.84
20/05/2026 06:02,14.875,0.001,7.84
20/05/2026 05:32,14.75,0.001,7.84
20/05/2026 05:02,14.625,0.001,7.84
20/05/2026 04:32,13.75,0.001,7.85
20/05/2026 04:32,13.75,0.001,7.85
20/05/2026 04:02,14.625,0.001,7.85
20/05/2026 03:32,14.625,0.001,7.85
20/05/2026 03:02,14.375,0.001,7.85
20/05/2026 02:32,14.375,0.001,7.85
20/05/2026 02:02,14.125,0.001,7.86
20/05/2026 01:32,14.25,0.001,7.86
20/05/2026 01:02,14,0.001,7.86
20/05/2026 00:32,14.125,0.001,7.86
20/05/2026 00:02,13.875,0.001,7.86
19/05/2026 23:32,13.875,0.001,7.86
19/05/2026 23:02,13.625,0.001,7.87
19/05/2026 22:32,13.625,0.001,7.87
19/05/2026 22:02,13.375,0.001,7.87
19/05/2026 21:32,13.375,0.001,7.87
19/05/2026 21:02,13.25,0.001,7.87
19/05/2026 20:37,13.5,0.001,7.88
19/05/2026 20:32,13.375,0.001,7.88
19/05/2026 20:02,13.375,0.001,7.88
19/05/2026 19:42,12.5,0.001,7.88
19/05/2026 19:32,12.625,0.001,7.88
19/05/2026 19:02,12.875,0.001,7.88
19/05/2026 19:02,12.875,0.001,7.88
19/05/2026 18:32,13.25,0.001,7.89
19/05/2026 18:02,13.5,0.001,7.89
19/05/2026 17:32,13.75,0.001,7.89
19/05/2026 17:02,14.125,0.001,7.89
19/05/2026 16:32,14.75,0.001,7.9
19/05/2026 16:02,15.125,0.001,7.9
19/05/2026 15:32,15.5,0.001,7.9
19/05/2026 15:02,15.375,0.001,7.9
19/05/2026 14:32,15.375,0.001,7.9
19/05/2026 14:02,15.25,0.001,7.9
19/05/2026 13:32,15.125,0.001,7.89
19/05/2026 13:02,15.125,0.001,7.89
19/05/2026 12:32,15,0.001,7.89
19/05/2026 12:02,14.75,0.001,7.88
19/05/2026 11:32,13.75,0.001,7.88
19/05/2026 11:02,14.5,0.001,7.88
19/05/2026 10:32,14.375,0.001,7.87
19/05/2026 10:02,14.25,0.001,7.87
19/05/2026 09:32,14.25,0.001,7.86
19/05/2026 09:02,14,0.001,7.86
19/05/2026 08:32,13.875,0.001,7.86
19/05/2026 08:02,14.625,0.001,7.85
19/05/2026 07:32,14.125,0.001,7.85
19/05/2026 07:02,14.625,0.001,7.85
19/05/2026 06:32,15,0.001,7.85
19/05/2026 06:02,15.5,0.001,7.86
19/05/2026 05:32,15.5,0.001,7.86
19/05/2026 05:02,15.375,0.001,7.86
19/05/2026 04:32,15.375,0.001,7.87
19/05/2026 04:02,15.375,0.001,7.87
19/05/2026 03:32,15.25,0.001,7.87
19/05/2026 03:02,15.375,0.001,7.87
19/05/2026 02:32,15.25,0.001,7.87
19/05/2026 02:02,15.25,0.001,7.88
19/05/2026 01:32,15.25,0.001,7.88
19/05/2026 01:02,15.125,0.001,7.88
19/05/2026 00:32,15,0.001,7.88
19/05/2026 00:02,15,0.001,7.88
18/05/2026 23:32,15,0.001,7.89
18/05/2026 23:02,15,0.001,7.89
18/05/2026 22:32,14.875,0.001,7.89
18/05/2026 22:02,14.875,0.001,7.89
18/05/2026 21:32,14.75,0.001,7.9
18/05/2026 21:02,14.75,0.001,7.9
18/05/2026 20:32,14.75,0.001,7.9
18/05/2026 20:02,13.75,0.001,7.9
18/05/2026 19:32,14.375,0.001,7.9
18/05/2026 19:02,14.625,0.001,7.91
18/05/2026 18:32,14.625,0.001,7.91
18/05/2026 18:02,14.5,0.001,7.91
18/05/2026 17:32,14.375,0.001,7.9
18/05/2026 17:32,14.375,0.001,7.9
18/05/2026 17:02,14.25,0.001,7.9
18/05/2026 16:32,13.75,0.001,7.9
18/05/2026 16:02,12.875,0.001,7.89
18/05/2026 15:32,13.5,0.001,7.89
18/05/2026 15:02,13.25,0.001,7.89
18/05/2026 14:32,13.75,0.001,7.9
18/05/2026 14:02,14,0.001,7.9
18/05/2026 13:32,14.375,0.001,7.9
18/05/2026 13:02,15,0.001,7.9
18/05/2026 12:32,15.25,0.001,7.9
18/05/2026 12:32,15.25,0.001,7.9
18/05/2026 12:02,15.375,0.001,7.9
18/05/2026 11:32,15.25,0.001,7.89
18/05/2026 11:02,15.25,0.001,7.89
18/05/2026 10:32,15,0.001,7.89
18/05/2026 10:02,15,0.001,7.9
18/05/2026 09:32,14.125,0.001,7.89
18/05/2026 09:02,14.375,0.001,7.89
18/05/2026 09:02,14.375,0.001,7.89
18/05/2026 08:32,14,0.001,7.89
18/05/2026 08:02,14.25,0.001,7.88
18/05/2026 07:32,14,0.001,7.88
18/05/2026 07:02,13.875,0.001,7.88
18/05/2026 06:32,14.125,0.001,7.88
18/05/2026 06:02,13.875,0.001,7.88
18/05/2026 05:32,13.875,0.001,7.88
18/05/2026 05:02,13.875,0.001,7.88
18/05/2026 04:32,14,0.001,7.89
18/05/2026 04:02,14,0.001,7.89
18/05/2026 03:32,14.125,0.001,7.89
18/05/2026 03:02,14.25,0.001,7.89
18/05/2026 02:32,14.125,0.001,7.9
18/05/2026 02:02,14.125,0.001,7.9
18/05/2026 01:32,14,0.001,7.9
18/05/2026 01:02,14,0.001,7.9
18/05/2026 00:32,14.25,0.001,7.91
18/05/2026 00:02,14.25,0.001,7.91
17/05/2026 23:32,14.25,0.001,7.91
17/05/2026 23:02,14.125,0.001,7.91
17/05/2026 22:32,14.25,0.001,7.91
17/05/2026 22:02,14.125,0.001,7.92
17/05/2026 21:32,14,0.001,7.92
17/05/2026 21:02,14.125,0.001,7.92
17/05/2026 20:32,14,0.001,7.92
17/05/2026 20:02,13.875,0.001,7.93
17/05/2026 19:32,12.75,0.001,7.93
17/05/2026 19:02,13.625,0.001,7.93
17/05/2026 18:32,13.625,0.001,7.93
17/05/2026 18:02,13.125,0.001,7.93
17/05/2026 17:32,13.125,0.001,7.93
17/05/2026 17:02,13.5,0.001,7.93
17/05/2026 16:32,13.625,0.001,7.93
17/05/2026 16:02,12.875,0.001,7.93
17/05/2026 16:02,12.875,0.001,7.93
17/05/2026 15:32,14,0.001,7.93
17/05/2026 15:02,14.125,0.001,7.93
17/05/2026 14:32,14.125,0.001,7.93
17/05/2026 14:02,14.25,0.001,7.93
17/05/2026 13:32,14.5,0.001,7.93
17/05/2026 13:02,14.5,0.001,7.93
17/05/2026 12:32,14.75,0.001,7.93
17/05/2026 12:02,15.125,0.001,7.92
17/05/2026 11:32,15.125,0.001,7.92
17/05/2026 11:02,15.5,0.001,7.92
17/05/2026 10:32,15.25,0.001,7.92
17/05/2026 10:02,15.125,0.001,7.91
17/05/2026 09:32,14.875,0.001,7.91
17/05/2026 09:02,14.625,0.001,7.9
17/05/2026 08:32,14.5,0.001,7.9
17/05/2026 08:02,14.125,0.001,7.89
17/05/2026 07:32,14,0.001,7.89
17/05/2026 07:02,13.75,0.001,7.89
17/05/2026 06:32,13.875,0.001,7.89
17/05/2026 06:02,13.5,0.001,7.89
17/05/2026 05:32,13.625,0.001,7.89
17/05/2026 05:02,13.875,0.001,7.9
17/05/2026 04:32,14.125,0.001,7.9
17/05/2026 04:02,13.75,0.001,7.9
17/05/2026 03:32,15,0.001,7.91
17/05/2026 03:02,15.5,0.001,7.92
17/05/2026 02:32,15.375,0.001,7.92
17/05/2026 02:32,15.375,0.001,7.92
17/05/2026 02:02,15.25,0.001,7.92
17/05/2026 01:32,15.125,0.001,7.92
17/05/2026 01:02,15,0.001,7.92
17/05/2026 00:32,15,0.001,7.92
17/05/2026 00:02,14.875,0.001,7.93
16/05/2026 23:32,13.75,0.001,7.93
16/05/2026 23:02,14.625,0.001,7.93
16/05/2026 22:32,14.25,0.001,7.93
16/05/2026 22:02,14.375,0.001,7.93
16/05/2026 21:32,13.875,0.001,7.93
16/05/2026 21:02,13.75,0.001,7.93
16/05/2026 20:32,13.5,0.001,7.94
16/05/2026 20:02,13.375,0.001,7.94
16/05/2026 19:32,13,0.001,7.94
16/05/2026 19:02,13,0.001,7.94
16/05/2026 18:32,13.125,0.001,7.94
16/05/2026 18:32,13.125,0.001,7.94
16/05/2026 18:02,13.25,0.001,7.94
16/05/2026 17:32,13.375,0.001,7.94
16/05/2026 17:02,13.25,0.001,7.94
16/05/2026 17:02,13.25,0.001,7.94
16/05/2026 16:32,13.375,0.001,7.94
16/05/2026 16:02,13.375,0.001,7.94
16/05/2026 16:02,13.375,0.001,7.94
16/05/2026 15:32,14.625,0.001,7.94
16/05/2026 15:32,14.625,0.001,7.94
16/05/2026 15:02,13.75,0.001,7.94
16/05/2026 14:32,13.875,0.001,7.94
16/05/2026 14:02,14.125,0.001,7.93
16/05/2026 13:32,14.125,0.001,7.93
16/05/2026 13:02,14.5,0.001,7.93
16/05/2026 12:32,14.5,0.001,7.93
16/05/2026 12:02,14.875,0.001,7.93
16/05/2026 11:32,15.125,0.001,7.93
16/05/2026 11:02,15.25,0.001,7.92
16/05/2026 10:32,15.375,0.001,7.92
16/05/2026 10:02,15.25,0.001,7.92
16/05/2026 09:32,15.125,0.001,7.91
16/05/2026 09:02,15,0.001,7.91
16/05/2026 08:32,14.875,0.001,7.9
16/05/2026 08:02,14.625,0.001,7.9
16/05/2026 07:32,14.5,0.001,7.9
16/05/2026 07:02,14.25,0.001,7.89
16/05/2026 06:32,14.25,0.001,7.89
16/05/2026 06:02,13.875,0.001,7.89
16/05/2026 05:32,14,0.001,7.9
16/05/2026 05:02,13.75,0.001,7.9
16/05/2026 04:32,14.625,0.001,7.9
16/05/2026 04:02,12.75,0.001,7.9
16/05/2026 03:32,13.375,0.001,7.9
16/05/2026 03:02,13.375,0.001,7.9
16/05/2026 02:32,13.625,0.001,7.91
16/05/2026 02:02,14.375,0.001,7.91
16/05/2026 01:32,14.625,0.001,7.92
16/05/2026 01:02,14.875,0.001,7.92
16/05/2026 00:32,15,0.001,7.93
16/05/2026 00:02,15,0.001,7.93
15/05/2026 23:32,15,0.001,7.93
15/05/2026 23:02,14.875,0.001,7.93
15/05/2026 22:32,14.875,0.001,7.93
15/05/2026 22:02,15.5,0.001,7.93
15/05/2026 21:32,14.625,0.001,7.93
15/05/2026 21:02,14.375,0.001,7.94
15/05/2026 20:32,14.375,0.001,7.94
15/05/2026 20:02,14,0.001,7.94
15/05/2026 19:32,14,0.001,7.94
15/05/2026 19:02,13.5,0.001,7.94
15/05/2026 18:32,13.25,0.001,7.94
15/05/2026 18:32,13.25,0.001,7.94
15/05/2026 18:02,13.375,0.001,7.94
15/05/2026 17:32,13.375,0.001,7.94
15/05/2026 17:02,14.625,0.001,7.94
15/05/2026 16:32,14.125,0.001,7.94
15/05/2026 16:32,14.125,0.001,7.94
15/05/2026 16:02,14.125,0.001,7.94
15/05/2026 15:32,14.5,0.001,7.94
15/05/2026 15:02,14.625,0.001,7.94
15/05/2026 14:32,15,0.001,7.94
15/05/2026 14:02,15.125,0.001,7.94
15/05/2026 13:32,15,0.001,7.93
15/05/2026 13:02,15,0.001,7.93
15/05/2026 12:32,14.625,0.001,7.92
15/05/2026 12:02,14.25,0.001,7.92
15/05/2026 11:32,14,0.001,7.91
15/05/2026 11:02,14,0.001,7.91
15/05/2026 10:32,14.625,0.001,7.9
15/05/2026 10:02,13.375,0.001,7.9
15/05/2026 09:32,13.25,0.001,7.9
15/05/2026 09:02,13.5,0.001,7.89
15/05/2026 08:32,13.875,0.001,7.9
15/05/2026 08:02,14.375,0.001,7.89
15/05/2026 07:32,14.875,0.001,7.89
15/05/2026 07:02,15.25,0.001,7.9
15/05/2026 06:32,15.5,0.001,7.9
15/05/2026 06:02,15.5,0.001,7.9
15/05/2026 05:32,15.5,0.001,7.9
15/05/2026 05:02,15.5,0.001,7.9
15/05/2026 04:32,15.25,0.001,7.9
15/05/2026 04:02,15.375,0.001,7.91
15/05/2026 03:32,15.375,0.001,7.91
15/05/2026 03:02,15.375,0.001,7.91
15/05/2026 02:32,15.25,0.001,7.91
15/05/2026 02:02,15.25,0.001,7.91
15/05/2026 01:32,15.125,0.001,7.92
15/05/2026 01:02,15.25,0.001,7.92
15/05/2026 00:32,15.125,0.001,7.92
15/05/2026 00:02,15,0.001,7.92
14/05/2026 23:32,15,0.001,7.92
14/05/2026 23:02,15,0.001,7.92
14/05/2026 22:32,14.75,0.001,7.92
14/05/2026 22:02,14.75,0.001,7.93
14/05/2026 21:32,14.75,0.001,7.93
14/05/2026 21:02,14.5,0.001,7.93
14/05/2026 20:32,14.125,0.001,7.93
14/05/2026 20:02,14,0.001,7.94
14/05/2026 19:32,13.875,0.001,7.93
14/05/2026 19:02,12.875,0.001,7.94
14/05/2026 18:32,13.625,0.001,7.94
14/05/2026 18:02,13.125,0.001,7.93
14/05/2026 17:32,13,0.001,7.93
14/05/2026 17:02,13,0.001,7.93
14/05/2026 16:32,13.25,0.001,7.93
14/05/2026 16:02,13.375,0.001,7.93
14/05/2026 15:32,14.625,0.001,7.93
14/05/2026 15:02,14.125,0.001,7.93
14/05/2026 15:02,14.125,0.001,7.93
14/05/2026 14:32,14.25,0.001,7.93
14/05/2026 14:02,14.375,0.001,7.93
14/05/2026 14:02,14.375,0.001,7.93
14/05/2026 13:32,14.75,0.001,7.93
14/05/2026 13:02,15,0.001,7.92
14/05/2026 12:32,15.125,0.001,7.92
14/05/2026 12:02,15,0.001,7.91
14/05/2026 11:32,14.875,0.001,7.91
14/05/2026 11:02,14.875,0.001,7.91
14/05/2026 10:32,14.625,0.001,7.9
14/05/2026 10:02,14.625,0.001,7.9
14/05/2026 09:32,14.625,0.001,7.9
14/05/2026 09:02,14.5,0.001,7.89
14/05/2026 08:32,14.125,0.001,7.89
14/05/2026 08:02,14.125,0.001,7.88
14/05/2026 07:32,14.125,0.001,7.88
14/05/2026 07:02,14.25,0.001,7.88
14/05/2026 06:32,14.375,0.001,7.88
14/05/2026 06:02,14.25,0.001,7.88
14/05/2026 05:32,14,0.001,7.88
14/05/2026 05:02,14.25,0.001,7.89
14/05/2026 04:32,14.25,0.001,7.89
14/05/2026 04:02,14.25,0.001,7.89
14/05/2026 04:02,14.25,0.001,7.89
14/05/2026 03:32,14,0.001,7.89
14/05/2026 03:02,14.125,0.001,7.89
14/05/2026 02:32,14,0.001,7.9
14/05/2026 02:02,13.875,0.001,7.9
14/05/2026 01:32,14.125,0.001,7.9
14/05/2026 01:02,14.25,0.001,7.91
14/05/2026 00:32,14,0.001,7.91
14/05/2026 00:02,14.25,0.001,7.91
13/05/2026 23:32,14.125,0.001,7.91
13/05/2026 23:02,13.875,0.001,7.91
13/05/2026 22:32,14,0.001,7.91
13/05/2026 22:02,14,0.001,7.92
13/05/2026 21:32,13.875,0.001,7.92
13/05/2026 21:02,13.875,0.001,7.92
13/05/2026 20:32,13.75,0.001,7.93
13/05/2026 20:02,13.875,0.001,7.93
13/05/2026 19:32,13.75,0.001,7.93
13/05/2026 19:02,13.625,0.001,7.93
13/05/2026 18:32,13.375,0.001,7.93
13/05/2026 18:02,13.25,0.001,7.93
13/05/2026 17:32,13.25,0.001,7.93
13/05/2026 17:02,13.25,0.001,7.93
13/05/2026 16:32,13.375,0.001,7.93
13/05/2026 16:02,14.625,0.001,7.93
13/05/2026 15:32,14.125,0.001,7.93
13/05/2026 15:02,14.25,0.001,7.92
13/05/2026 14:32,14.25,0.001,7.92
13/05/2026 14:02,15.625,0.001,7.92
13/05/2026 13:32,15,0.001,7.92
13/05/2026 13:02,15,0.001,7.92
13/05/2026 12:32,14.875,0.001,7.91
13/05/2026 12:02,14.75,0.001,7.91
13/05/2026 11:32,13.75,0.001,7.9
13/05/2026 11:02,14.5,0.001,7.9
13/05/2026 10:32,14.625,0.001,7.9
13/05/2026 10:02,14.5,0.001,7.89
13/05/2026 09:32,14.5,0.001,7.89
13/05/2026 09:02,14.125,0.001,7.88
13/05/2026 08:32,14.125,0.001,7.88
13/05/2026 08:02,14.25,0.001,7.88
13/05/2026 07:32,14.125,0.001,7.88
13/05/2026 07:02,14.25,0.001,7.88
13/05/2026 06:32,14.375,0.001,7.88
13/05/2026 06:02,14.375,0.001,7.88
13/05/2026 05:32,14.25,0.001,7.88
13/05/2026 05:02,14.125,0.001,7.88
13/05/2026 04:32,14.125,0.001,7.88
13/05/2026 04:02,14.125,0.001,7.89
13/05/2026 03:32,14.25,0.001,7.89
13/05/2026 03:02,14.25,0.001,7.89
13/05/2026 02:32,14.125,0.001,7.89
13/05/2026 02:02,14,0.001,7.9
13/05/2026 01:32,14.125,0.001,7.9
13/05/2026 01:02,14.25,0.001,7.9
13/05/2026 00:32,13.875,0.001,7.9
13/05/2026 00:02,13.875,0.001,7.9
12/05/2026 23:32,14.125,0.001,7.9
12/05/2026 23:02,13.875,0.001,7.91
12/05/2026 22:32,14,0.001,7.91
12/05/2026 22:02,13.875,0.001,7.91
12/05/2026 21:32,14,0.001,7.91
12/05/2026 21:02,13.875,0.001,7.92
12/05/2026 20:32,13.75,0.001,7.92
12/05/2026 20:02,13.875,0.001,7.92
12/05/2026 19:32,14.625,0.001,7.92
12/05/2026 19:02,12.75,0.001,7.92
12/05/2026 18:32,13.375,0.001,7.92
12/05/2026 18:02,13.25,0.001,7.92
12/05/2026 17:32,13.125,0.001,7.92
12/05/2026 17:02,13.5,0.001,7.92
12/05/2026 16:32,12.875,0.001,7.92
12/05/2026 16:02,14,0.001,7.92
12/05/2026 15:32,14.125,0.001,7.92
12/05/2026 15:02,14.625,0.001,7.92
12/05/2026 14:32,14.875,0.001,7.92
12/05/2026 14:02,14.875,0.001,7.92
12/05/2026 13:32,14.875,0.001,7.91
12/05/2026 13:02,14.875,0.001,7.91
12/05/2026 12:32,14.75,0.001,7.91
12/05/2026 12:02,15.375,0.001,7.9
12/05/2026 11:32,13.75,0.001,7.9
12/05/2026 11:02,14.625,0.001,7.89
12/05/2026 10:32,14.375,0.001,7.89
12/05/2026 10:02,14.5,0.001,7.89
12/05/2026 09:32,14.5,0.001,7.88
12/05/2026 09:02,14.375,0.001,7.88
12/05/2026 08:32,14.25,0.001,7.88
12/05/2026 08:02,14.5,0.001,7.88
12/05/2026 07:32,14.375,0.001,7.87
12/05/2026 07:02,14.25,0.001,7.87
12/05/2026 06:32,14.25,0.001,7.87
12/05/2026 06:02,14.125,0.001,7.87
12/05/2026 05:32,14.375,0.001,7.87
12/05/2026 05:02,14.375,0.001,7.88
12/05/2026 04:32,14.375,0.001,7.88
12/05/2026 04:02,14.375,0.001,7.88
12/05/2026 03:32,14.125,0.001,7.88
12/05/2026 03:02,14.375,0.001,7.89
12/05/2026 02:32,14.125,0.001,7.89
12/05/2026 02:02,14.25,0.001,7.89
12/05/2026 01:32,14.125,0.001,7.89
12/05/2026 01:02,14.125,0.001,7.89
12/05/2026 00:32,14.25,0.001,7.89
12/05/2026 00:02,14.125,0.001,7.9
11/05/2026 23:32,14.125,0.001,7.9
11/05/2026 23:02,14.375,0.001,7.9
11/05/2026 22:32,14.375,0.001,7.9
11/05/2026 22:02,14.25,0.001,7.91
11/05/2026 21:32,14,0.001,7.91
11/05/2026 21:02,14.125,0.001,7.91
11/05/2026 20:32,14.125,0.001,7.91
11/05/2026 20:02,14.125,0.001,7.91
11/05/2026 19:32,14,0.001,7.92
11/05/2026 19:02,14.125,0.001,7.92
11/05/2026 18:32,14,0.001,7.92
11/05/2026 18:02,13.75,0.001,7.92
11/05/2026 17:32,14.625,0.001,7.92
11/05/2026 17:02,13.625,0.001,7.92
11/05/2026 16:32,13.5,0.001,7.91
11/05/2026 16:02,13.125,0.001,7.91
11/05/2026 15:32,13.125,0.001,7.91
11/05/2026 15:02,13,0.001,7.91
11/05/2026 14:32,13.375,0.001,7.91
11/05/2026 14:02,13.375,0.001,7.91
11/05/2026 13:32,14.5,0.001,7.91
11/05/2026 13:02,13.75,0.001,7.91
11/05/2026 12:32,14.125,0.001,7.91
11/05/2026 12:02,14.5,0.001,7.92
11/05/2026 11:32,15.125,0.001,7.92
11/05/2026 11:02,15.75,0.001,7.95
11/05/2026 10:32,14.75,0.001,7.92
11/05/2026 10:02,14.875,0.001,7.91
11/05/2026 09:32,14.75,0.001,7.91
11/05/2026 09:02,13.75,0.001,7.9
11/05/2026 08:32,14.625,0.001,7.9
11/05/2026 08:02,14.625,0.001,7.9
11/05/2026 07:32,14.625,0.001,7.89
11/05/2026 07:02,14.5,0.001,7.89
11/05/2026 06:32,14.5,0.001,7.9
11/05/2026 06:02,14.375,0.001,7.9
11/05/2026 05:32,14.25,0.001,7.9
11/05/2026 05:02,14.125,0.001,7.9
11/05/2026 05:02,14.125,0.001,7.9
11/05/2026 04:32,14.375,0.001,7.9
11/05/2026 04:02,14.25,0.001,7.91
11/05/2026 03:32,14.375,0.001,7.91
11/05/2026 03:32,14.375,0.001,7.91
11/05/2026 03:02,14.25,0.001,7.91
11/05/2026 02:32,14.25,0.001,7.91
11/05/2026 02:02,14.25,0.001,7.91
11/05/2026 01:32,14.125,0.001,7.91
11/05/2026 01:02,14.125,0.001,7.92
11/05/2026 00:32,14,0.001,7.92
11/05/2026 00:02,13.875,0.001,7.92
10/05/2026 23:32,13.875,0.001,7.93
10/05/2026 23:02,14,0.001,7.92
10/05/2026 22:32,14,0.001,7.93
10/05/2026 22:02,13.875,0.001,7.93
10/05/2026 21:32,13.875,0.001,7.93
10/05/2026 21:02,13.75,0.001,7.93
10/05/2026 20:32,13.75,0.001,7.94
10/05/2026 20:02,13.625,0.001,7.94
10/05/2026 19:32,14.625,0.001,7.94
10/05/2026 19:02,14.5,0.001,7.94
10/05/2026 18:32,13.75,0.001,7.94
10/05/2026 18:02,13.5,0.001,7.94
10/05/2026 17:32,13.25,0.001,7.94
10/05/2026 17:02,13.375,0.001,7.94
10/05/2026 16:32,13.25,0.001,7.94
10/05/2026 16:02,14,0.001,7.94
10/05/2026 15:32,14.5,0.001,7.94
10/05/2026 15:02,15,0.001,7.94
10/05/2026 14:32,15.625,0.001,7.94
10/05/2026 14:02,15.5,0.001,7.94
10/05/2026 13:32,15.5,0.001,7.94
10/05/2026 13:02,15.375,0.001,7.93
10/05/2026 13:02,15.375,0.001,7.93
10/05/2026 12:32,15.375,0.001,7.93
10/05/2026 12:02,15.375,0.001,7.93
10/05/2026 11:32,15.25,0.001,7.92
10/05/2026 11:02,15.125,0.001,7.91
10/05/2026 10:32,15,0.001,7.91
10/05/2026 10:02,15,0.001,7.9
10/05/2026 09:32,14.875,0.001,7.9
10/05/2026 09:02,14.75,0.001,7.9
10/05/2026 08:32,14.625,0.001,7.89
10/05/2026 08:02,13.75,0.001,7.89
10/05/2026 07:32,14.5,0.001,7.89
10/05/2026 07:02,14.625,0.001,7.89
10/05/2026 06:32,14.625,0.001,7.89
10/05/2026 06:02,14.5,0.001,7.9
10/05/2026 06:02,14.5,0.001,7.9
10/05/2026 05:32,14.375,0.001,7.9
10/05/2026 05:02,14.25,0.001,7.91
10/05/2026 04:32,14.5,0.001,7.91
10/05/2026 04:02,14.5,0.001,7.91
10/05/2026 03:32,14.5,0.001,7.91
10/05/2026 03:02,14.5,0.001,7.91
10/05/2026 02:32,14.5,0.001,7.92
10/05/2026 02:02,14.375,0.001,7.92
10/05/2026 01:32,14.25,0.001,7.92
10/05/2026 01:02,14.125,0.001,7.92
10/05/2026 00:32,14.25,0.001,7.92
10/05/2026 00:02,14.25,0.001,7.92
09/05/2026 23:32,14.375,0.001,7.92
09/05/2026 23:02,14.125,0.001,7.92
09/05/2026 22:32,14.375,0.001,7.92
09/05/2026 22:02,14,0.001,7.92
09/05/2026 21:32,14.25,0.001,7.92
09/05/2026 21:02,14.125,0.001,7.91
09/05/2026 21:02,14.125,0.001,7.91
09/05/2026 20:32,14.125,0.001,7.92
09/05/2026 20:02,14,0.001,7.91
09/05/2026 19:32,14.125,0.001,7.91
09/05/2026 19:02,13.875,0.001,7.92
09/05/2026 18:32,14,0.001,7.93
09/05/2026 18:02,14.125,0.001,7.93
09/05/2026 17:32,13.75,0.001,7.92
09/05/2026 17:02,13.625,0.001,7.91
09/05/2026 16:32,13.5,0.001,7.91
09/05/2026 16:02,13.25,0.001,7.89
09/05/2026 16:02,13.25,0.001,7.89
09/05/2026 15:32,14,0.001,7.88
09/05/2026 15:02,15.625,0.001,7.85
09/05/2026 14:32,15.125,0.001,7.81
09/05/2026 14:02,15.5,0.001,7.75
09/05/2026 13:32,15.5,0.001,7.65
09/05/2026 13:32,15.5,0.001,8.21
01/05/2026 09:32,15.25,0.001,7.89
01/05/2026 09:02,15.125,0.001,7.88
01/05/2026 08:32,15,0.001,7.88
01/05/2026 08:02,15.125,0.001,7.88
01/05/2026 07:32,15,0.001,7.88
01/05/2026 07:02,15,0.001,7.88
01/05/2026 06:32,15.125,0.001,7.88
01/05/2026 06:02,15.125,0.001,7.88
01/05/2026 05:32,15.25,0.001,7.88
01/05/2026 05:02,15.125,0.001,7.88
01/05/2026 04:32,15.125,0.001,7.88
01/05/2026 04:02,15.125,0.001,7.89
01/05/2026 03:32,15.25,0.001,7.89
01/05/2026 03:02,15.25,0.001,7.89
01/05/2026 02:32,15.25,0.001,7.89
01/05/2026 02:32,15.25,0.001,7.89
01/05/2026 02:02,15.25,0.001,7.89
01/05/2026 01:32,15.25,0.001,7.9
01/05/2026 01:02,15.375,0.001,7.9
01/05/2026 00:32,15.25,0.001,7.9
01/05/2026 00:02,15.375,0.001,7.9
30/04/2026 23:32,15.375,0.001,7.9
30/04/2026 23:02,15.375,0.001,7.9
30/04/2026 22:32,15.375,0.001,7.9
30/04/2026 22:02,15.5,0.001,7.91
30/04/2026 21:32,15.625,0.001,7.91
30/04/2026 21:02,15.625,0.001,7.91
30/04/2026 20:32,15.5,0.001,7.91
30/04/2026 20:02,15.75,0.001,7.92
30/04/2026 19:32,15.625,0.001,7.92
30/04/2026 19:02,15.75,0.001,7.92
30/04/2026 18:32,14.875,0.001,7.92
30/04/2026 18:02,15.75,0.001,7.92
30/04/2026 17:32,15.75,0.001,7.92
30/04/2026 17:02,14.75,0.001,7.92
30/04/2026 16:32,15.625,0.001,7.91
30/04/2026 16:02,14.75,0.001,7.91
30/04/2026 15:32,15.625,0.001,7.91
30/04/2026 15:02,15.625,0.001,7.91
30/04/2026 14:32,15.625,0.001,7.9
30/04/2026 14:02,15.5,0.001,7.9
30/04/2026 13:32,15.5,0.001,7.89
30/04/2026 13:32,15.5,0.001,7.89
30/04/2026 13:02,15.375,0.001,7.89
30/04/2026 12:32,15.375,0.001,7.88
30/04/2026 12:02,15.25,0.001,7.88
30/04/2026 11:32,15.375,0.001,7.88
30/04/2026 11:02,15.125,0.001,7.87
30/04/2026 10:32,15.125,0.001,7.87
30/04/2026 10:02,15.25,0.001,7.87
30/04/2026 09:32,15,0.001,7.86
30/04/2026 09:02,15.125,0.001,7.86
30/04/2026 08:32,15.125,0.001,7.86
30/04/2026 08:32,15.125,0.001,7.86
30/04/2026 08:02,15.125,0.001,7.85
30/04/2026 07:32,15,0.001,7.86
30/04/2026 07:02,15.125,0.001,7.85
30/04/2026 06:32,15.25,0.001,7.86
30/04/2026 06:02,15.125,0.001,7.86
30/04/2026 05:32,15.125,0.001,7.86
30/04/2026 05:02,15.125,0.001,7.86
30/04/2026 04:32,15.125,0.001,7.86
30/04/2026 04:02,15.25,0.001,7.87
30/04/2026 03:32,15.25,0.001,7.86
30/04/2026 03:02,15,0.001,7.87
30/04/2026 02:32,15.125,0.001,7.87
30/04/2026 02:02,15.125,0.001,7.87
30/04/2026 01:32,15.25,0.001,7.87
30/04/2026 01:02,15.25,0.001,7.87
30/04/2026 00:32,15.125,0.001,7.87
30/04/2026 00:02,15.25,0.001,7.87
29/04/2026 23:32,15.375,0.001,7.88
29/04/2026 23:02,15.375,0.001,7.88
29/04/2026 22:32,15.375,0.001,7.88
29/04/2026 22:02,15.5,0.001,7.88
29/04/2026 21:32,15.5,0.001,7.88
29/04/2026 21:02,15.5,0.001,7.89
29/04/2026 20:32,15.625,0.001,7.89
29/04/2026 20:02,15.625,0.001,7.89
29/04/2026 19:32,14.75,0.001,7.89
29/04/2026 19:02,15.75,0.001,7.89
29/04/2026 18:32,15.75,0.001,7.89
29/04/2026 18:02,15.75,0.001,7.89
29/04/2026 17:32,15.75,0.001,7.89
29/04/2026 17:02,14.75,0.001,7.89
29/04/2026 16:32,16.625,0.001,7.88
29/04/2026 16:02,15.75,0.001,7.88
29/04/2026 15:32,15.75,0.001,7.88
29/04/2026 15:02,15.625,0.001,7.87
29/04/2026 14:32,16.625,0.001,7.87
29/04/2026 14:02,15.625,0.001,7.86
29/04/2026 13:32,16.625,0.001,7.86
29/04/2026 13:02,15.625,0.001,7.86
29/04/2026 12:32,15.5,0.001,7.85
29/04/2026 12:02,15.375,0.001,7.84
29/04/2026 11:32,15.5,0.001,7.84
29/04/2026 11:02,15.375,0.001,7.83
29/04/2026 10:32,15.375,0.001,7.83
29/04/2026 10:02,15.25,0.001,7.82
29/04/2026 09:32,15.25,0.001,7.82
29/04/2026 09:02,15.25,0.001,7.81
29/04/2026 08:32,15.125,0.001,7.81
29/04/2026 08:02,15.25,0.001,7.8
29/04/2026 07:32,15.25,0.001,7.8
29/04/2026 07:02,15.125,0.001,7.8
29/04/2026 06:32,15.25,0.001,7.79
29/04/2026 06:02,15.375,0.001,7.79
29/04/2026 05:32,15.25,0.001,7.79
29/04/2026 05:32,15.25,0.001,7.79
29/04/2026 05:02,15.25,0.001,7.79
29/04/2026 04:32,15.375,0.001,7.79
29/04/2026 04:02,15.375,0.001,7.79
29/04/2026 03:32,15.5,0.001,7.79
29/04/2026 03:02,15.375,0.001,7.79
29/04/2026 02:32,15.5,0.001,7.79
29/04/2026 02:02,15.5,0.001,7.79
29/04/2026 01:32,15.375,0.001,7.79
29/04/2026 01:02,15.5,0.001,7.79
29/04/2026 00:32,15.75,0.001,7.79
29/04/2026 00:02,14.75,0.001,7.79
28/04/2026 23:32,14.75,0.001,7.79
28/04/2026 23:02,15.75,0.001,7.79
28/04/2026 22:32,15.75,0.001,7.79
28/04/2026 22:02,15.875,0.001,7.79
28/04/2026 21:32,15.75,0.001,7.79
28/04/2026 21:02,15.75,0.001,7.79
28/04/2026 20:32,15.875,0.001,7.79
28/04/2026 20:32,15.875,0.001,7.79
28/04/2026 20:02,16,0.001,7.79
28/04/2026 20:02,16,0.001,7.79
28/04/2026 19:32,16,0.001,7.79
28/04/2026 19:02,16,0.001,7.8
28/04/2026 18:32,16,0.001,7.8
28/04/2026 18:32,16,0.001,7.8
28/04/2026 18:02,16,0.001,7.79
28/04/2026 17:32,16,0.001,7.79
28/04/2026 17:02,16,0.001,7.79
28/04/2026 16:32,16,0.001,7.78
28/04/2026 16:02,16,0.001,7.78
28/04/2026 15:32,15.875,0.001,7.78
28/04/2026 15:02,16,0.001,7.79
28/04/2026 14:32,15.875,0.001,7.8
28/04/2026 14:02,15.875,0.001,7.81
28/04/2026 13:32,15.75,0.001,7.81
28/04/2026 13:02,15.875,0.001,7.82
28/04/2026 13:02,15.875,0.001,7.82
28/04/2026 12:32,14.75,0.001,7.82
28/04/2026 12:02,14.75,0.001,7.82
28/04/2026 11:32,15.625,0.001,7.82
28/04/2026 11:02,15.5,0.001,7.83
28/04/2026 10:32,15.375,0.001,7.84
28/04/2026 10:02,15.375,0.001,7.85
28/04/2026 09:32,15.375,0.001,7.85
28/04/2026 09:02,15.375,0.001,7.86
28/04/2026 08:32,15.125,0.001,7.85
28/04/2026 08:02,15.25,0.001,7.85
28/04/2026 07:32,15.25,0.001,7.85
28/04/2026 07:02,15.25,0.001,7.84
28/04/2026 06:32,15.25,0.001,7.85
28/04/2026 06:02,15.375,0.001,7.85
28/04/2026 05:32,15.375,0.001,7.85
28/04/2026 05:02,15.375,0.001,7.85
28/04/2026 04:32,15.25,0.001,7.85
28/04/2026 04:02,15.375,0.001,7.85
28/04/2026 03:32,15.375,0.001,7.85
28/04/2026 03:02,15.5,0.001,7.85
28/04/2026 02:32,15.375,0.001,7.86
28/04/2026 02:02,15.5,0.001,7.85
28/04/2026 02:02,15.5,0.001,7.85
28/04/2026 01:32,15.625,0.001,7.86
28/04/2026 01:02,15.625,0.001,7.86
28/04/2026 00:32,15.625,0.001,7.86
28/04/2026 00:02,15.625,0.001,7.86
27/04/2026 23:32,15.625,0.001,7.86
27/04/2026 23:02,15.75,0.001,7.86
27/04/2026 22:32,15.75,0.001,7.86
27/04/2026 22:02,15.875,0.001,7.86
27/04/2026 21:32,15.875,0.001,7.87
27/04/2026 21:02,15.875,0.001,7.87
27/04/2026 20:32,16,0.001,7.87
27/04/2026 20:02,16,0.001,7.87
27/04/2026 19:32,16,0.001,7.88
27/04/2026 19:32,16,0.001,7.88
27/04/2026 19:02,16,0.001,7.88
27/04/2026 18:32,16,0.001,7.89
27/04/2026 18:02,16.125,0.001,7.89
27/04/2026 17:32,16.125,0.001,7.9
27/04/2026 17:02,16,0.001,7.9
27/04/2026 16:32,16,0.001,7.9
27/04/2026 16:02,16,0.001,7.9
27/04/2026 15:32,16,0.001,7.91
27/04/2026 15:02,15.875,0.001,7.91
27/04/2026 14:32,15.75,0.001,7.91
27/04/2026 14:02,15.75,0.001,7.92
27/04/2026 13:32,16.625,0.001,7.93
27/04/2026 13:02,15.625,0.001,7.93
27/04/2026 12:32,15.5,0.001,7.93
27/04/2026 12:02,15.5,0.001,7.93
27/04/2026 11:32,15.25,0.001,7.93
27/04/2026 11:02,15.25,0.001,7.93
27/04/2026 10:32,15.25,0.001,7.93
27/04/2026 10:02,15.25,0.001,7.94
27/04/2026 09:32,15.125,0.001,7.94
27/04/2026 09:02,15,0.001,7.94
27/04/2026 08:32,15.125,0.001,7.94
27/04/2026 08:02,15.125,0.001,7.94
27/04/2026 07:32,15,0.001,7.94
27/04/2026 07:02,14.875,0.001,7.94
27/04/2026 06:32,15,0.001,7.94
27/04/2026 06:02,15,0.001,7.94
27/04/2026 05:32,14.875,0.001,7.95
27/04/2026 05:02,15,0.001,7.95
27/04/2026 04:32,15.125,0.001,7.95
27/04/2026 04:02,15,0.001,7.95
27/04/2026 03:32,15.125,0.001,7.95
27/04/2026 03:02,15.125,0.001,7.95
27/04/2026 02:32,15.25,0.001,7.96
27/04/2026 02:02,15.25,0.001,7.96
27/04/2026 01:32,15.25,0.001,7.96
27/04/2026 01:02,15.25,0.001,7.97
27/04/2026 00:32,15.25,0.001,7.97
27/04/2026 00:02,15.25,0.001,7.97
26/04/2026 23:32,15.375,0.001,7.98
26/04/2026 23:02,15.5,0.001,7.98
26/04/2026 22:32,15.375,0.001,7.98
26/04/2026 22:02,15.5,0.001,7.98
26/04/2026 21:32,15.625,0.001,7.98
26/04/2026 21:02,15.5,0.001,7.99
26/04/2026 20:32,15.625,0.001,7.99
26/04/2026 20:02,16.625,0.001,7.99
26/04/2026 19:32,15.75,0.001,8
26/04/2026 19:02,15.75,0.001,8
26/04/2026 18:32,15.75,0.001,8
26/04/2026 18:02,15.75,0.001,8
26/04/2026 17:32,15.75,0.001,8
26/04/2026 17:02,15.875,0.001,8
26/04/2026 16:32,15.625,0.001,7.99
26/04/2026 16:02,14.75,0.001,7.99
26/04/2026 15:32,15.625,0.001,7.99
26/04/2026 15:02,15.625,0.001,7.99
26/04/2026 14:32,15.5,0.001,7.98
26/04/2026 14:02,15.5,0.001,7.98
26/04/2026 13:32,15.375,0.001,7.97
26/04/2026 13:02,15.375,0.001,7.97
26/04/2026 12:32,15.25,0.001,7.96
26/04/2026 12:02,15.25,0.001,7.96
26/04/2026 11:32,15.25,0.001,7.96
26/04/2026 11:02,15.125,0.001,7.96
26/04/2026 10:32,15.125,0.001,7.95
26/04/2026 10:02,15.125,0.001,7.95
26/04/2026 09:32,15.125,0.001,7.94
26/04/2026 09:02,15,0.001,7.94
26/04/2026 08:32,15,0.001,7.94
26/04/2026 08:02,14.875,0.001,7.94
26/04/2026 07:32,15,0.001,7.94
26/04/2026 07:02,15,0.001,7.94
26/04/2026 06:32,15,0.001,7.94
26/04/2026 06:02,15.125,0.001,7.94
26/04/2026 05:32,15.125,0.001,7.94
26/04/2026 05:02,15,0.001,7.94
26/04/2026 04:32,15,0.001,7.95
26/04/2026 04:02,15,0.001,7.95
26/04/2026 03:32,15.125,0.001,7.95
26/04/2026 03:02,15,0.001,7.95
26/04/2026 02:32,15.25,0.001,7.96
26/04/2026 02:02,15,0.001,7.96
26/04/2026 01:32,15.125,0.001,7.96
26/04/2026 01:02,15.25,0.001,7.96
26/04/2026 00:32,15.375,0.001,7.96
26/04/2026 00:02,15.375,0.001,7.96
25/04/2026 23:32,15.375,0.001,7.97
25/04/2026 23:02,15.375,0.001,7.97
25/04/2026 22:32,15.5,0.001,7.97
25/04/2026 22:02,15.375,0.001,7.98
25/04/2026 21:32,15.625,0.001,7.98
25/04/2026 21:02,15.625,0.001,7.97
25/04/2026 20:32,15.625,0.001,7.98
25/04/2026 20:02,15.625,0.001,7.99
25/04/2026 19:32,15.75,0.001,7.99
25/04/2026 19:02,15.75,0.001,7.99
25/04/2026 18:32,15.75,0.001,7.99
25/04/2026 18:02,15.875,0.001,7.99
25/04/2026 17:32,15.75,0.001,7.99
25/04/2026 17:02,15.75,0.001,7.99
25/04/2026 16:32,15.75,0.001,7.98
25/04/2026 16:02,16.625,0.001,7.98
25/04/2026 15:32,15.625,0.001,7.97
25/04/2026 15:02,15.625,0.001,7.97
25/04/2026 14:32,15.5,0.001,7.97
25/04/2026 14:02,15.5,0.001,7.96
25/04/2026 13:32,15.375,0.001,7.96
25/04/2026 13:02,15.25,0.001,7.96
25/04/2026 12:32,15.25,0.001,7.95
25/04/2026 12:02,15.125,0.001,7.95
25/04/2026 11:32,15.25,0.001,7.95
25/04/2026 11:02,15.125,0.001,7.94
25/04/2026 10:32,15.125,0.001,7.94
25/04/2026 10:02,15.125,0.001,7.94
25/04/2026 09:32,15.125,0.001,7.94
25/04/2026 09:02,15.125,0.001,7.94
25/04/2026 08:32,15,0.001,7.93
25/04/2026 08:02,15,0.001,7.93
25/04/2026 07:32,15,0.001,7.93
25/04/2026 07:02,14.875,0.001,7.93
25/04/2026 06:32,15,0.001,7.93
25/04/2026 06:02,15,0.001,7.93
25/04/2026 05:32,14.875,0.001,7.94
25/04/2026 05:02,15,0.001,7.94
25/04/2026 04:32,15,0.001,7.94
25/04/2026 04:02,15,0.001,7.95
25/04/2026 03:32,15,0.001,7.94
25/04/2026 03:02,14.875,0.001,7.95
25/04/2026 02:32,15,0.001,7.95
25/04/2026 02:02,15,0.001,7.95
25/04/2026 01:32,15,0.001,7.95
25/04/2026 01:02,15,0.001,7.95
25/04/2026 00:32,15.25,0.001,7.95
25/04/2026 00:02,15,0.001,7.95
24/04/2026 23:32,15.125,0.001,7.96
24/04/2026 23:02,15,0.001,7.96
24/04/2026 22:32,15.25,0.001,7.96
24/04/2026 22:02,15.125,0.001,7.96
24/04/2026 21:32,15.125,0.001,7.97
24/04/2026 21:02,15.125,0.001,7.97
24/04/2026 20:32,15.125,0.001,7.98
24/04/2026 20:02,15.25,0.001,7.98
24/04/2026 19:32,15.375,0.001,7.98
24/04/2026 19:02,15.375,0.001,7.99
24/04/2026 18:32,15.25,0.001,7.99
24/04/2026 18:02,15.375,0.001,7.99
24/04/2026 17:32,15.5,0.001,7.99
24/04/2026 17:02,15.375,0.001,7.99
24/04/2026 16:32,15.5,0.001,7.99
24/04/2026 16:02,15.5,0.001,7.98
24/04/2026 15:32,15.5,0.001,7.98
24/04/2026 15:02,15.375,0.001,7.98
24/04/2026 14:32,15.375,0.001,7.98
24/04/2026 14:02,15.375,0.001,7.98
24/04/2026 13:32,15.375,0.001,7.98
24/04/2026 13:02,15.25,0.001,7.98
24/04/2026 12:32,15.375,0.001,7.98
24/04/2026 12:02,15.25,0.001,7.98
24/04/2026 11:32,15.25,0.001,7.98
24/04/2026 11:02,15.125,0.001,7.97
24/04/2026 10:32,15.25,0.001,7.97
24/04/2026 10:02,15.25,0.001,7.97
24/04/2026 09:32,15.125,0.001,7.96
24/04/2026 09:02,15,0.001,7.96
24/04/2026 08:32,15,0.001,7.96
24/04/2026 08:02,15,0.001,7.96
24/04/2026 07:32,15,0.001,7.95
24/04/2026 07:02,15,0.001,7.95
24/04/2026 06:32,15,0.001,7.95
24/04/2026 06:02,15.125,0.001,7.96
24/04/2026 05:32,15.25,0.001,7.96
24/04/2026 05:02,15.125,0.001,7.97
24/04/2026 04:32,15.25,0.001,7.97
24/04/2026 04:02,15.25,0.001,7.97
24/04/2026 03:32,15.125,0.001,7.97
24/04/2026 03:02,15.125,0.001,7.97
24/04/2026 02:32,15.25,0.001,7.98
24/04/2026 02:02,15.25,0.001,7.97
24/04/2026 01:32,15.375,0.001,7.98
24/04/2026 01:02,15.375,0.001,7.98
24/04/2026 00:32,15.375,0.001,7.98
24/04/2026 00:02,15.5,0.001,7.99
23/04/2026 23:32,15.375,0.001,7.99
23/04/2026 23:02,15.5,0.001,7.99
23/04/2026 22:32,15.5,0.001,7.99
23/04/2026 22:02,15.625,0.001,7.99
23/04/2026 21:32,15.625,0.001,8
23/04/2026 21:02,16.625,0.001,8
23/04/2026 20:32,15.75,0.001,8
23/04/2026 20:02,15.875,0.001,8.01
23/04/2026 19:32,15.75,0.001,8.01
23/04/2026 19:02,15.875,0.001,8.01
23/04/2026 18:32,16,0.001,8.01
23/04/2026 18:02,15.875,0.001,8.01
23/04/2026 17:32,16,0.001,8.01
23/04/2026 17:02,15.875,0.001,8.01
23/04/2026 16:32,15.875,0.001,8.01
23/04/2026 16:02,16,0.001,8.01
23/04/2026 15:32,15.875,0.001,8
23/04/2026 15:02,15.75,0.001,8
23/04/2026 14:32,15.875,0.001,8
23/04/2026 14:02,14.75,0.001,8
23/04/2026 13:32,15.625,0.001,7.99
23/04/2026 13:02,15.5,0.001,7.99
23/04/2026 12:32,15.625,0.001,7.99
23/04/2026 12:02,15.375,0.001,7.99
23/04/2026 11:32,15.375,0.001,7.98
23/04/2026 11:02,15.25,0.001,7.98
23/04/2026 10:32,15.25,0.001,7.97
23/04/2026 10:02,15.125,0.001,7.97
23/04/2026 09:32,15.25,0.001,7.97
23/04/2026 09:02,15.25,0.001,7.97
23/04/2026 08:32,15.25,0.001,7.97
23/04/2026 08:02,15.25,0.001,7.96
23/04/2026 07:32,15.125,0.001,7.96
23/04/2026 07:02,15.375,0.001,7.96
23/04/2026 06:32,15.25,0.001,7.96
23/04/2026 06:02,15.25,0.001,7.96
23/04/2026 05:32,15.375,0.001,7.97
23/04/2026 05:02,15.25,0.001,7.97
23/04/2026 04:32,15.375,0.001,7.97
23/04/2026 04:02,15.25,0.001,7.97
23/04/2026 04:02,15.25,0.001,7.97
23/04/2026 03:32,15.375,0.001,7.97
23/04/2026 03:02,15.375,0.001,7.97
23/04/2026 02:32,15.375,0.001,7.98
23/04/2026 02:02,15.375,0.001,7.98
23/04/2026 01:32,15.5,0.001,7.98
23/04/2026 01:02,15.5,0.001,7.99
23/04/2026 00:32,15.625,0.001,7.99
23/04/2026 00:02,15.625,0.001,7.99
22/04/2026 23:32,15.625,0.001,7.99
22/04/2026 23:02,14.75,0.001,8
22/04/2026 22:32,15.75,0.001,8
22/04/2026 22:02,15.875,0.001,8
22/04/2026 21:32,15.875,0.001,8.01
22/04/2026 21:02,15.875,0.001,8.01
22/04/2026 20:32,15.875,0.001,8.01
22/04/2026 20:02,16,0.001,8.01
22/04/2026 19:32,16,0.001,8.01
22/04/2026 19:02,16,0.001,8.02
22/04/2026 18:32,16,0.001,8.02
22/04/2026 18:02,16,0.001,8.02
22/04/2026 17:32,16,0.001,8.02
22/04/2026 17:02,16,0.001,8.02
22/04/2026 17:02,16,0.001,8.02
22/04/2026 16:32,15.875,0.001,8.01
22/04/2026 16:02,15.875,0.001,8.01
22/04/2026 15:32,15.75,0.001,8.01
22/04/2026 15:02,15.75,0.001,8.01
22/04/2026 14:32,16.625,0.001,8
22/04/2026 14:02,15.625,0.001,8
22/04/2026 13:32,14.75,0.001,8
22/04/2026 13:02,15.625,0.001,7.99
22/04/2026 12:32,15.375,0.001,7.99
22/04/2026 12:02,15.375,0.001,7.99
22/04/2026 11:32,15.375,0.001,7.98
22/04/2026 11:02,15.25,0.001,7.98
22/04/2026 10:32,15.25,0.001,7.98
22/04/2026 10:02,15.25,0.001,7.97
22/04/2026 09:32,15.125,0.001,7.97
22/04/2026 09:02,15.125,0.001,7.97
22/04/2026 08:32,15.125,0.001,7.96
22/04/2026 08:02,15.125,0.001,7.96
22/04/2026 07:32,15,0.001,7.96
22/04/2026 07:02,15,0.001,7.96
22/04/2026 06:32,14.875,0.001,7.96
22/04/2026 06:02,15.125,0.001,7.96
22/04/2026 05:32,15.125,0.001,7.97
22/04/2026 05:32,15.125,0.001,7.97
22/04/2026 05:02,15.25,0.001,7.97
22/04/2026 04:32,15.125,0.001,7.97
22/04/2026 04:02,15.125,0.001,7.97
22/04/2026 03:32,15.25,0.001,7.97
22/04/2026 03:02,15.125,0.001,7.98
22/04/2026 02:32,15.25,0.001,7.98
22/04/2026 02:02,15.25,0.001,7.98
22/04/2026 01:32,15.375,0.001,7.98
22/04/2026 01:02,15.25,0.001,7.99
22/04/2026 00:32,15.375,0.001,7.99
22/04/2026 00:02,15.5,0.001,7.99
21/04/2026 23:32,15.375,0.001,7.99
21/04/2026 23:02,15.5,0.001,8
21/04/2026 22:32,15.625,0.001,8
21/04/2026 22:02,15.375,0.001,8
21/04/2026 21:32,15.625,0.001,8
21/04/2026 21:02,15.625,0.001,8
21/04/2026 20:32,16.625,0.001,8.01
21/04/2026 20:02,16.625,0.001,8.01
21/04/2026 19:32,15.75,0.001,8.01
21/04/2026 19:02,15.875,0.001,8.02
21/04/2026 18:32,15.875,0.001,8.02
21/04/2026 18:02,16,0.001,8.02
21/04/2026 17:32,16,0.001,8.02
21/04/2026 17:02,15.875,0.001,8.01
21/04/2026 16:32,16,0.001,8.01
21/04/2026 16:02,15.75,0.001,8.01
21/04/2026 15:32,15.75,0.001,8.01
21/04/2026 15:02,15.75,0.001,8
21/04/2026 14:32,15.625,0.001,8
21/04/2026 14:02,15.625,0.001,8
21/04/2026 13:32,15.5,0.001,7.99
21/04/2026 13:02,15.5,0.001,7.99
21/04/2026 12:32,15.375,0.001,7.99
21/04/2026 12:02,15.375,0.001,7.98
21/04/2026 11:32,15.375,0.001,7.98
21/04/2026 11:02,15.25,0.001,7.98
21/04/2026 10:32,15.25,0.001,7.98
21/04/2026 10:02,15.125,0.001,7.97
21/04/2026 09:32,15.25,0.001,7.97
21/04/2026 09:02,15.125,0.001,7.96
21/04/2026 08:32,15.125,0.001,7.96
21/04/2026 08:02,15.25,0.001,7.96
21/04/2026 07:32,15.125,0.001,7.95
21/04/2026 07:02,15.25,0.001,7.95
21/04/2026 06:32,15.125,0.001,7.96
21/04/2026 06:32,15.125,0.001,7.96
21/04/2026 06:02,15.125,0.001,7.96
21/04/2026 05:32,15.125,0.001,7.96
21/04/2026 05:02,15.25,0.001,7.97
21/04/2026 04:32,15.25,0.001,7.96
21/04/2026 04:02,15.25,0.001,7.97
21/04/2026 03:32,15.25,0.001,7.97
21/04/2026 03:02,15.25,0.001,7.97
21/04/2026 02:32,15.25,0.001,7.97
21/04/2026 02:02,15.25,0.001,7.98
21/04/2026 01:32,15.25,0.001,7.98
21/04/2026 01:02,15.5,0.001,7.98
21/04/2026 00:32,15.375,0.001,7.99
21/04/2026 00:02,15.375,0.001,7.98
20/04/2026 23:32,15.375,0.001,7.99
20/04/2026 23:02,15.5,0.001,7.99
20/04/2026 22:32,15.5,0.001,7.99
20/04/2026 22:02,16.625,0.001,8
20/04/2026 21:32,15.75,0.001,8
20/04/2026 21:02,16.625,0.001,8
20/04/2026 20:32,15.75,0.001,8
20/04/2026 20:02,15.875,0.001,8
20/04/2026 19:32,15.75,0.001,8
20/04/2026 19:02,15.75,0.001,8.01
20/04/2026 18:32,15.875,0.001,8.01
20/04/2026 18:02,15.875,0.001,8.01
20/04/2026 17:32,16,0.001,8.01
20/04/2026 17:02,16,0.001,8.01
20/04/2026 16:32,15.875,0.001,8.01
20/04/2026 16:02,15.875,0.001,8.01
20/04/2026 15:32,15.875,0.001,8.01
20/04/2026 15:02,15.75,0.001,8.01
20/04/2026 14:32,14.75,0.001,8.01
20/04/2026 14:02,14.75,0.001,8.01
20/04/2026 13:32,15.75,0.001,8.01
20/04/2026 13:02,15.5,0.001,8.01
20/04/2026 12:32,15.25,0.001,8.01
20/04/2026 12:02,15.375,0.001,8
20/04/2026 11:32,15.25,0.001,8
20/04/2026 11:02,15.25,0.001,8
20/04/2026 10:32,15.25,0.001,7.99
20/04/2026 10:02,15.125,0.001,7.99
20/04/2026 09:32,15.375,0.001,7.99
20/04/2026 09:02,15.25,0.001,7.98
20/04/2026 08:32,15.25,0.001,7.98
20/04/2026 08:02,15.125,0.001,7.98
20/04/2026 07:32,15.125,0.001,7.98
20/04/2026 07:02,15.25,0.001,7.98
20/04/2026 06:32,15,0.001,7.98
20/04/2026 06:02,15,0.001,7.98
20/04/2026 05:32,15,0.001,7.98
20/04/2026 05:02,15.125,0.001,7.99
20/04/2026 04:32,15.125,0.001,7.99
20/04/2026 04:02,15.125,0.001,7.99
20/04/2026 03:32,15.25,0.001,7.99
20/04/2026 03:02,15.125,0.001,7.99
20/04/2026 02:32,15.375,0.001,8
20/04/2026 02:02,15.375,0.001,8
20/04/2026 01:32,15.375,0.001,8
20/04/2026 01:02,15.25,0.001,8
20/04/2026 00:32,15.375,0.001,8.01
20/04/2026 00:02,15.375,0.001,8.01
19/04/2026 23:32,15.375,0.001,8.01
19/04/2026 23:02,15.5,0.001,8.01
19/04/2026 22:32,15.625,0.001,8.02
19/04/2026 22:02,15.625,0.001,8.02
19/04/2026 21:32,16.625,0.001,8.02
19/04/2026 21:02,16.625,0.001,8.02
19/04/2026 20:32,15.75,0.001,8.03
19/04/2026 20:02,15.75,0.001,8.03
19/04/2026 19:32,15.875,0.001,8.03
19/04/2026 19:02,15.875,0.001,8.03
19/04/2026 18:32,15.875,0.001,8.03
19/04/2026 18:02,15.875,0.001,8.03
19/04/2026 17:32,15.875,0.001,8.03
19/04/2026 17:02,15.875,0.001,8.03
19/04/2026 16:32,15.875,0.001,8.03
19/04/2026 16:02,15.75,0.001,8.03
19/04/2026 15:32,15.75,0.001,8.03
19/04/2026 15:02,15.75,0.001,8.02
19/04/2026 14:32,15.75,0.001,8.02
19/04/2026 14:02,16.625,0.001,8.02
19/04/2026 13:32,15.625,0.001,8.01
19/04/2026 13:02,15.5,0.001,8.01
19/04/2026 12:32,15.375,0.001,8.01
19/04/2026 12:02,15.375,0.001,8
19/04/2026 11:32,15.25,0.001,8
19/04/2026 11:32,15.25,0.001,8
19/04/2026 11:02,15.25,0.001,8
19/04/2026 10:32,15.25,0.001,8
19/04/2026 10:02,15.25,0.001,7.99
19/04/2026 09:32,15,0.001,7.99
19/04/2026 09:02,15.125,0.001,7.99
19/04/2026 08:32,15.125,0.001,7.98
19/04/2026 08:02,15.125,0.001,7.98
19/04/2026 07:32,15,0.001,7.98
19/04/2026 07:02,15.125,0.001,7.98
19/04/2026 06:32,15.125,0.001,7.98
19/04/2026 06:02,15.125,0.001,7.98
19/04/2026 05:32,15.125,0.001,7.98
19/04/2026 05:02,15.25,0.001,7.98
19/04/2026 04:32,15.125,0.001,7.99
19/04/2026 04:02,15.25,0.001,7.99
19/04/2026 03:32,15.25,0.001,7.99
19/04/2026 03:02,15.25,0.001,8
19/04/2026 02:32,15.25,0.001,8
19/04/2026 02:02,15.25,0.001,8
19/04/2026 01:32,15.375,0.001,8
19/04/2026 01:02,15.375,0.001,8
19/04/2026 00:32,15.375,0.001,8.01
19/04/2026 00:02,15.375,0.001,8.01
18/04/2026 23:32,15.5,0.001,8.01
18/04/2026 23:02,15.5,0.001,8.01
18/04/2026 22:32,15.625,0.001,8.01
18/04/2026 22:02,15.625,0.001,8.02
18/04/2026 21:32,14.75,0.001,8.02
18/04/2026 21:32,14.75,0.001,8.02
18/04/2026 21:02,15.75,0.001,8.02
18/04/2026 20:32,16.625,0.001,8.02
18/04/2026 20:02,15.875,0.001,8.02
18/04/2026 19:32,15.875,0.001,8.03
18/04/2026 19:02,15.875,0.001,8.03
18/04/2026 18:32,15.875,0.001,8.03
18/04/2026 18:02,15.875,0.001,8.03
18/04/2026 17:32,16,0.001,8.03
18/04/2026 17:02,15.875,0.001,8.03
18/04/2026 16:32,15.75,0.001,8.03
18/04/2026 16:02,15.875,0.001,8.03
18/04/2026 15:32,15.75,0.001,8.02
18/04/2026 15:02,15.75,0.001,8.02
18/04/2026 14:32,15.75,0.001,8.02
18/04/2026 14:02,15.75,0.001,8.02
18/04/2026 13:32,15.5,0.001,8.01
18/04/2026 13:02,15.625,0.001,8.01
18/04/2026 12:32,15.5,0.001,8
18/04/2026 12:02,15.5,0.001,8
18/04/2026 11:32,15.5,0.001,8
18/04/2026 11:02,15.375,0.001,8
18/04/2026 10:32,15.25,0.001,7.99
18/04/2026 10:02,15.25,0.001,7.99
18/04/2026 09:32,15.125,0.001,7.99
18/04/2026 09:02,15.125,0.001,7.99
18/04/2026 08:32,15.125,0.001,7.98
18/04/2026 08:02,15.125,0.001,7.98
18/04/2026 08:02,15.125,0.001,7.98
18/04/2026 07:32,15.125,0.001,7.98
18/04/2026 07:02,15.25,0.001,7.98
18/04/2026 06:32,15.125,0.001,7.98
18/04/2026 06:02,15.125,0.001,7.98
18/04/2026 05:32,15.125,0.001,7.98
18/04/2026 05:02,15.375,0.001,7.98
18/04/2026 04:32,15.25,0.001,7.98
18/04/2026 04:02,15.375,0.001,7.98
18/04/2026 03:32,15.375,0.001,7.99
18/04/2026 03:02,15.25,0.001,7.99
18/04/2026 02:32,15.375,0.001,7.99
18/04/2026 02:02,15.375,0.001,8
18/04/2026 01:32,15.25,0.001,8
18/04/2026 01:02,15.375,0.001,8
18/04/2026 00:32,15.625,0.001,8
18/04/2026 00:02,15.5,0.001,8
17/04/2026 23:32,15.625,0.001,8.01
17/04/2026 23:02,15.625,0.001,8.01
17/04/2026 22:32,16.625,0.001,8.01
17/04/2026 22:02,15.75,0.001,8.01
17/04/2026 21:32,15.875,0.001,8.02
17/04/2026 21:02,15.75,0.001,8.02
17/04/2026 20:32,16,0.001,8.02
17/04/2026 20:02,15.75,0.001,8.02
17/04/2026 19:32,15.875,0.001,8.03
17/04/2026 19:02,15.875,0.001,8.03
17/04/2026 18:32,15.875,0.001,8.03
17/04/2026 18:02,16,0.001,8.03
17/04/2026 17:32,16,0.001,8.03
17/04/2026 17:02,15.75,0.001,8.02
17/04/2026 16:32,15.75,0.001,8.02
17/04/2026 16:02,15.75,0.001,8.02
17/04/2026 15:32,15.75,0.001,8.02
17/04/2026 15:02,14.75,0.001,8.02
17/04/2026 14:32,16.625,0.001,8.01
17/04/2026 14:02,15.5,0.001,8.01
17/04/2026 13:32,15.5,0.001,8.01
17/04/2026 13:02,15.5,0.001,8
17/04/2026 12:32,15.5,0.001,8
17/04/2026 12:02,15.375,0.001,7.99
17/04/2026 11:32,15.25,0.001,7.99
17/04/2026 11:02,15.375,0.001,7.99
17/04/2026 10:32,15.25,0.001,7.98
17/04/2026 10:02,15.125,0.001,7.98
17/04/2026 09:32,15.25,0.001,7.98
17/04/2026 09:02,15.125,0.001,7.97
17/04/2026 08:32,15,0.001,7.97
17/04/2026 08:02,15.125,0.001,7.97
17/04/2026 08:02,15.125,0.001,7.97
17/04/2026 07:32,15,0.001,7.97
17/04/2026 07:02,15.125,0.001,7.96
17/04/2026 06:32,15,0.001,7.97
17/04/2026 06:02,15,0.001,7.97
17/04/2026 05:32,15.125,0.001,7.97
17/04/2026 05:02,15.125,0.001,7.97
17/04/2026 04:32,15.125,0.001,7.97
17/04/2026 04:02,15.125,0.001,7.98
17/04/2026 03:32,15.125,0.001,7.98
17/04/2026 03:02,15.125,0.001,7.98
17/04/2026 02:32,15.125,0.001,7.98
17/04/2026 02:02,15.125,0.001,7.99
17/04/2026 01:32,15.25,0.001,7.99
17/04/2026 01:02,15.25,0.001,7.99
17/04/2026 00:32,15.375,0.001,7.99
17/04/2026 00:02,15.375,0.001,7.99
16/04/2026 23:32,15.5,0.001,7.99
16/04/2026 23:02,15.5,0.001,7.99
16/04/2026 22:32,15.625,0.001,8
16/04/2026 22:02,15.625,0.001,8
16/04/2026 21:32,16.625,0.001,8
16/04/2026 21:02,14.75,0.001,8
16/04/2026 20:32,14.75,0.001,8.01
16/04/2026 20:02,16.625,0.001,8.01
16/04/2026 19:32,15.75,0.001,8.01
16/04/2026 19:02,15.875,0.001,8.01
16/04/2026 18:32,15.75,0.001,8.02
16/04/2026 18:02,15.875,0.001,8.02
16/04/2026 17:32,15.875,0.001,8.02
16/04/2026 17:02,15.75,0.001,8.02
16/04/2026 16:32,15.75,0.001,8.01
16/04/2026 16:02,15.75,0.001,8.01
16/04/2026 16:02,15.75,0.001,8.01
16/04/2026 15:32,15.75,0.001,8.01
16/04/2026 15:02,15.5,0.001,8.01
16/04/2026 14:32,15.625,0.001,8
16/04/2026 14:02,15.75,0.001,8
16/04/2026 13:32,15.625,0.001,7.99
16/04/2026 13:02,15.375,0.001,7.99
16/04/2026 12:32,15.375,0.001,7.99
16/04/2026 12:02,15.375,0.001,7.98
16/04/2026 11:32,15.375,0.001,7.98
16/04/2026 11:02,15.375,0.001,7.98
16/04/2026 10:32,15.25,0.001,7.98
16/04/2026 10:02,15.25,0.001,7.97
16/04/2026 09:32,15.25,0.001,7.97
16/04/2026 09:02,15.125,0.001,7.97
16/04/2026 08:32,15.25,0.001,7.97
16/04/2026 08:02,15.25,0.001,7.96
16/04/2026 07:32,15,0.001,7.96
16/04/2026 07:02,15.25,0.001,7.96
16/04/2026 06:32,15.125,0.001,7.96
16/04/2026 06:02,15.375,0.001,7.96
16/04/2026 05:32,15.125,0.001,7.97
16/04/2026 05:02,15.125,0.001,7.97
16/04/2026 04:32,15.375,0.001,7.97
16/04/2026 04:02,15.375,0.001,7.97
16/04/2026 03:32,15.375,0.001,7.97
16/04/2026 03:02,15.375,0.001,7.97
16/04/2026 02:32,15.25,0.001,7.98
16/04/2026 02:02,15.5,0.001,7.98
16/04/2026 01:32,15.375,0.001,7.98
16/04/2026 01:02,15.25,0.001,7.98
16/04/2026 00:32,15.5,0.001,7.98
16/04/2026 00:02,15.375,0.001,7.98
15/04/2026 23:32,15.375,0.001,7.98
15/04/2026 23:02,15.5,0.001,7.99
15/04/2026 22:32,15.625,0.001,7.99
15/04/2026 22:02,16.625,0.001,7.99
15/04/2026 21:32,14.75,0.001,8
15/04/2026 21:02,15.875,0.001,8
15/04/2026 20:32,15.875,0.001,8
15/04/2026 20:02,15.75,0.001,8.01
15/04/2026 19:32,15.875,0.001,8.01
15/04/2026 19:02,15.875,0.001,8.01
15/04/2026 18:32,15.875,0.001,8.02
15/04/2026 18:02,15.875,0.001,8.01
15/04/2026 17:32,16,0.001,8.01
15/04/2026 17:02,15.875,0.001,8.01
15/04/2026 16:32,15.875,0.001,8.01
15/04/2026 16:02,15.875,0.001,8.01
15/04/2026 15:32,15.875,0.001,8
15/04/2026 15:02,15.75,0.001,8
15/04/2026 14:32,15.625,0.001,8
15/04/2026 14:02,16.625,0.001,7.99
15/04/2026 13:32,14.75,0.001,7.99
15/04/2026 13:02,15.5,0.001,7.98
15/04/2026 12:32,15.375,0.001,7.98
15/04/2026 12:02,15.5,0.001,7.98
15/04/2026 11:32,15.375,0.001,7.97
15/04/2026 11:02,15.375,0.001,7.97
15/04/2026 10:32,15.25,0.001,7.97
15/04/2026 10:02,15.375,0.001,7.96
15/04/2026 09:32,15.25,0.001,7.96
15/04/2026 09:02,15.25,0.001,7.96
15/04/2026 08:32,15.375,0.001,7.96
15/04/2026 08:02,15.25,0.001,7.95
15/04/2026 07:32,15.25,0.001,7.95
15/04/2026 07:02,15.375,0.001,7.95
15/04/2026 06:32,15.375,0.001,7.95
15/04/2026 06:02,15.375,0.001,7.95
15/04/2026 05:32,15.25,0.001,7.95
15/04/2026 05:02,15.375,0.001,7.96
15/04/2026 04:32,15.5,0.001,7.96
15/04/2026 04:02,15.375,0.001,7.96
15/04/2026 03:32,15.375,0.001,7.96
15/04/2026 03:02,15.5,0.001,7.97
15/04/2026 02:32,15.5,0.001,7.97
15/04/2026 02:02,15.5,0.001,7.97
15/04/2026 01:32,15.5,0.001,7.97
15/04/2026 01:02,15.625,0.001,7.97
15/04/2026 00:32,15.625,0.001,7.97
15/04/2026 00:02,15.625,0.001,7.97
14/04/2026 23:32,15.75,0.001,7.98
14/04/2026 23:02,15.75,0.001,7.98
14/04/2026 22:32,15.75,0.001,7.98
14/04/2026 22:02,15.75,0.001,7.98
14/04/2026 21:32,15.875,0.001,7.99
14/04/2026 21:32,15.875,0.001,7.99
14/04/2026 21:02,15.875,0.001,7.99
14/04/2026 20:32,16,0.001,8
14/04/2026 20:02,16,0.001,8
14/04/2026 19:32,16.125,0.001,8
14/04/2026 19:02,16.25,0.001,8
14/04/2026 18:32,16.375,0.001,8
14/04/2026 18:02,16.375,0.001,8.01
14/04/2026 17:32,16.25,0.001,8
14/04/2026 17:02,16.375,0.001,8
14/04/2026 16:32,16.375,0.001,8
14/04/2026 16:02,16.375,0.001,8
14/04/2026 15:32,16.875,0.001,8
14/04/2026 15:02,15.625,0.001,8.01
14/04/2026 14:32,15.625,0.001,8.02
14/04/2026 14:02,15.625,0.001,8.01
14/04/2026 13:32,15.5,0.001,8.01
14/04/2026 13:02,15.375,0.001,8
14/04/2026 12:32,15.25,0.001,8
14/04/2026 12:02,15.25,0.001,8
14/04/2026 11:32,15.25,0.001,7.99
14/04/2026 11:02,15.25,0.001,7.99
14/04/2026 10:32,15.125,0.001,7.99
14/04/2026 10:02,15.125,0.001,7.99
14/04/2026 09:32,15.125,0.001,7.98
14/04/2026 09:02,15.125,0.001,7.98
14/04/2026 08:32,15.125,0.001,7.98
14/04/2026 08:02,15.25,0.001,7.97
14/04/2026 07:32,15.125,0.001,7.97
14/04/2026 07:02,15.25,0.001,7.97
14/04/2026 06:32,15.25,0.001,7.97
14/04/2026 06:02,15.125,0.001,7.98
14/04/2026 05:32,15.125,0.001,7.98
14/04/2026 05:02,15.25,0.001,7.98
14/04/2026 04:32,15.125,0.001,7.98
14/04/2026 04:02,15.125,0.001,7.98
14/04/2026 03:32,15.125,0.001,7.99
14/04/2026 03:02,15.25,0.001,7.99
14/04/2026 02:32,15.125,0.001,7.99
14/04/2026 02:02,15.125,0.001,7.99
14/04/2026 01:32,15.125,0.001,8
14/04/2026 01:02,15.25,0.001,8
14/04/2026 00:32,15.125,0.001,8
14/04/2026 00:02,15.125,0.001,8
13/04/2026 23:32,15,0.001,8
13/04/2026 23:02,15.25,0.001,8.01
13/04/2026 22:32,15.25,0.001,8.01
13/04/2026 22:02,15.375,0.001,8.01
13/04/2026 21:32,15.125,0.001,8
13/04/2026 21:02,15.25,0.001,8
13/04/2026 20:32,15.25,0.001,8.01
13/04/2026 20:02,15.375,0.001,8.01
13/04/2026 19:32,15.375,0.001,8.01
13/04/2026 19:02,15.5,0.001,8.02
13/04/2026 18:32,15.625,0.001,8.02
13/04/2026 18:02,15.375,0.001,8.02
13/04/2026 17:32,15.5,0.001,8.02
13/04/2026 17:02,15.625,0.001,8.02
13/04/2026 16:32,15.5,0.001,8.02
13/04/2026 16:02,15.5,0.001,8.01
13/04/2026 15:32,15.5,0.001,8.01
13/04/2026 15:02,15.375,0.001,8.01
13/04/2026 14:32,15.375,0.001,8.01
13/04/2026 14:02,15.25,0.001,8
13/04/2026 13:32,15.125,0.001,8
13/04/2026 13:02,15.25,0.001,8
13/04/2026 12:32,15.125,0.001,7.99
13/04/2026 12:02,15.125,0.001,7.99
13/04/2026 11:32,15.125,0.001,7.99
13/04/2026 11:02,15,0.001,7.99
13/04/2026 10:32,15.125,0.001,7.98
13/04/2026 10:02,15,0.001,7.98
13/04/2026 09:32,15,0.001,7.98
13/04/2026 09:02,15.25,0.001,7.97
13/04/2026 08:32,15.25,0.001,7.97
13/04/2026 08:02,15.125,0.001,7.97
13/04/2026 07:32,15.125,0.001,7.97
13/04/2026 07:02,15,0.001,7.97
13/04/2026 06:32,15.125,0.001,7.97
13/04/2026 06:02,15.25,0.001,7.97
13/04/2026 05:32,15.125,0.001,7.97
13/04/2026 05:02,15.125,0.001,7.97
13/04/2026 05:02,15.125,0.001,7.97
13/04/2026 04:32,15.125,0.001,7.97
13/04/2026 04:02,15.125,0.001,7.98
13/04/2026 03:32,15.125,0.001,7.98
13/04/2026 03:02,15.25,0.001,7.98
13/04/2026 02:32,15.125,0.001,7.99
13/04/2026 02:02,15,0.001,7.99
13/04/2026 01:32,15.125,0.001,7.99
13/04/2026 01:02,15.125,0.001,7.99
13/04/2026 00:32,15.125,0.001,7.99
13/04/2026 00:02,15.125,0.001,8
12/04/2026 23:32,15.25,0.001,8
12/04/2026 23:02,15.25,0.001,8
12/04/2026 22:32,15,0.001,8
12/04/2026 22:02,15.25,0.001,8
12/04/2026 21:32,15.25,0.001,8
12/04/2026 21:02,15.125,0.001,8
12/04/2026 20:32,15.25,0.001,8.01
12/04/2026 20:32,15.25,0.001,8.01
12/04/2026 20:02,15.25,0.001,8.01
12/04/2026 19:32,15.375,0.001,8.01
12/04/2026 19:02,15.375,0.001,8.01
12/04/2026 18:32,15.5,0.001,8.01
12/04/2026 18:02,15.5,0.001,8.02
12/04/2026 17:32,15.5,0.001,8.01
12/04/2026 17:02,15.375,0.001,8.01
12/04/2026 16:32,15.375,0.001,8.01
12/04/2026 16:02,15.375,0.001,8.01
12/04/2026 15:32,15.5,0.001,8
12/04/2026 15:02,15.5,0.001,8
12/04/2026 14:32,15.375,0.001,8
12/04/2026 14:02,15.375,0.001,7.99
12/04/2026 13:32,15.25,0.001,7.99
12/04/2026 13:32,15.25,0.001,7.99
12/04/2026 13:02,15.25,0.001,7.99
12/04/2026 12:32,15.25,0.001,7.98
12/04/2026 12:02,15.375,0.001,7.98
12/04/2026 11:32,15.25,0.001,7.98
12/04/2026 11:02,15.25,0.001,7.98
12/04/2026 10:32,15.25,0.001,7.98
12/04/2026 10:02,15.125,0.001,7.97
12/04/2026 09:32,15.25,0.001,7.97
12/04/2026 09:02,15.125,0.001,7.97
12/04/2026 08:32,15.25,0.001,7.96
12/04/2026 08:02,15,0.001,7.96
12/04/2026 07:32,15.25,0.001,7.96
12/04/2026 07:02,15,0.001,7.96
12/04/2026 06:32,15.125,0.001,7.96
12/04/2026 06:02,15.125,0.001,7.96
12/04/2026 05:32,15.25,0.001,7.96
12/04/2026 05:02,15.25,0.001,7.96
12/04/2026 04:32,15.125,0.001,7.96
12/04/2026 04:02,15.125,0.001,7.97
12/04/2026 03:32,15.125,0.001,7.97
12/04/2026 03:02,15.125,0.001,7.97
12/04/2026 02:32,15.125,0.001,7.97
12/04/2026 02:02,15.375,0.001,7.97
12/04/2026 01:32,15.25,0.001,7.98
12/04/2026 01:32,15.25,0.001,7.98
12/04/2026 01:02,15.25,0.001,7.98
12/04/2026 00:32,15.25,0.001,7.98
12/04/2026 00:02,15.25,0.001,7.98
11/04/2026 23:32,15.25,0.001,7.99
11/04/2026 23:02,15.5,0.001,7.99
11/04/2026 22:32,15.375,0.001,7.99
11/04/2026 22:02,15.5,0.001,7.99
11/04/2026 22:02,15.5,0.001,7.99
11/04/2026 21:32,15.625,0.001,8
11/04/2026 21:02,15.625,0.001,8
11/04/2026 20:32,14.75,0.001,8
11/04/2026 20:02,14.75,0.001,8
11/04/2026 19:32,15.75,0.001,8
11/04/2026 19:02,15.875,0.001,8.01
11/04/2026 18:32,15.875,0.001,8.01
11/04/2026 18:02,15.875,0.001,8.01
11/04/2026 17:32,15.875,0.001,8.01
11/04/2026 17:02,15.875,0.001,8.01
11/04/2026 16:32,15.875,0.001,8
11/04/2026 16:02,15.75,0.001,8
11/04/2026 15:32,15.75,0.001,8
11/04/2026 15:02,15.625,0.001,8
11/04/2026 14:32,14.75,0.001,7.99
11/04/2026 14:02,15.625,0.001,7.99
11/04/2026 13:32,15.5,0.001,7.99
11/04/2026 13:02,15.5,0.001,7.98
11/04/2026 12:32,15.375,0.001,7.98
11/04/2026 12:02,15.25,0.001,7.97
11/04/2026 11:32,15.25,0.001,7.97
11/04/2026 11:02,15.25,0.001,7.97
11/04/2026 10:32,15.125,0.001,7.96
11/04/2026 10:02,15.25,0.001,7.96
11/04/2026 10:02,15.25,0.001,7.96
11/04/2026 09:32,15.125,0.001,7.96
11/04/2026 09:02,15.25,0.001,7.95
11/04/2026 08:32,15.25,0.001,7.95
11/04/2026 08:02,15,0.001,7.95
11/04/2026 07:32,15.25,0.001,7.94
11/04/2026 07:02,15.125,0.001,7.94
11/04/2026 06:32,15,0.001,7.95
11/04/2026 06:02,15.125,0.001,7.95
11/04/2026 05:32,15.125,0.001,7.95
11/04/2026 05:02,15.25,0.001,7.95
11/04/2026 05:02,15.25,0.001,7.95
11/04/2026 04:32,15.125,0.001,7.95
11/04/2026 04:02,15.125,0.001,7.95
11/04/2026 03:32,15.25,0.001,7.95
11/04/2026 03:02,15.125,0.001,7.96
11/04/2026 02:32,15.125,0.001,7.96
11/04/2026 02:02,15.25,0.001,7.96
11/04/2026 01:32,15.25,0.001,7.96
11/04/2026 01:02,15.25,0.001,7.97
11/04/2026 00:32,15.25,0.001,7.97
11/04/2026 00:02,15.25,0.001,7.97
10/04/2026 23:32,15.375,0.001,7.97
10/04/2026 23:02,15.5,0.001,7.97
10/04/2026 22:32,15.5,0.001,7.97
10/04/2026 22:02,15.5,0.001,7.97
10/04/2026 21:32,15.625,0.001,7.98
10/04/2026 21:02,15.625,0.001,7.98
10/04/2026 20:32,15.625,0.001,7.99
10/04/2026 20:02,16.625,0.001,7.99
10/04/2026 19:32,15.75,0.001,7.99
10/04/2026 19:02,15.875,0.001,7.99
10/04/2026 18:32,15.75,0.001,8
10/04/2026 18:02,15.875,0.001,8
10/04/2026 17:32,15.75,0.001,7.99
10/04/2026 17:02,15.875,0.001,7.99
10/04/2026 16:32,15.875,0.001,7.99
10/04/2026 16:02,15.875,0.001,7.99
10/04/2026 15:32,15.75,0.001,7.98
10/04/2026 15:02,15.625,0.001,7.98
10/04/2026 14:58,16.625,0.001,7.98
10/04/2026 14:02,15.5,0.001,7.97
10/04/2026 13:32,15.5,0.001,7.97
10/04/2026 13:02,15.5,0.001,7.97
10/04/2026 12:32,15.375,0.001,7.96
10/04/2026 12:02,15.375,0.001,7.96
10/04/2026 11:32,15.375,0.001,7.96
10/04/2026 11:02,15.25,0.001,7.95
10/04/2026 10:32,15.25,0.001,7.95
10/04/2026 10:02,15.25,0.001,7.94
10/04/2026 09:32,15.25,0.001,7.94
10/04/2026 09:02,15.375,0.001,7.94
10/04/2026 08:32,15.25,0.001,7.93
10/04/2026 08:02,15.125,0.001,7.93
10/04/2026 07:32,15.25,0.001,7.93
10/04/2026 07:02,15.25,0.001,7.93
10/04/2026 06:32,15.25,0.001,7.93
10/04/2026 06:02,15.25,0.001,7.93
10/04/2026 05:32,15.25,0.001,7.93
10/04/2026 05:02,15.25,0.001,7.93
10/04/2026 04:32,15.25,0.001,7.93
10/04/2026 04:02,15.25,0.001,7.94
10/04/2026 03:32,15.375,0.001,7.94
10/04/2026 03:02,15.25,0.001,7.94
10/04/2026 02:32,15.25,0.001,7.94
10/04/2026 02:02,15.25,0.001,7.95
10/04/2026 02:02,15.25,0.001,7.95
10/04/2026 01:32,15.25,0.001,7.95
10/04/2026 01:02,15.375,0.001,7.95
10/04/2026 00:32,15.375,0.001,7.95
10/04/2026 00:02,15.25,0.001,7.96
09/04/2026 23:32,15.5,0.001,7.96
09/04/2026 23:02,15.5,0.001,7.96
09/04/2026 22:32,15.5,0.001,7.96
09/04/2026 22:02,15.375,0.001,7.96
09/04/2026 21:32,15.625,0.001,7.97
09/04/2026 21:02,15.625,0.001,7.97
09/04/2026 20:32,15.75,0.001,7.97
09/04/2026 20:02,15.75,0.001,7.97
09/04/2026 20:02,15.75,0.001,7.97
09/04/2026 19:32,15.75,0.001,7.98
09/04/2026 19:02,15.75,0.001,7.98
09/04/2026 18:32,16,0.001,7.98
09/04/2026 18:02,15.75,0.001,7.98
09/04/2026 17:32,15.75,0.001,7.98
09/04/2026 17:02,15.875,0.001,7.98
09/04/2026 16:32,15.875,0.001,7.97
09/04/2026 16:02,15.75,0.001,7.97
09/04/2026 15:32,15.625,0.001,7.96
09/04/2026 15:02,15.75,0.001,7.96
09/04/2026 14:32,15.625,0.001,7.96
09/04/2026 14:02,15.625,0.001,7.95
09/04/2026 13:32,15.5,0.001,7.95
09/04/2026 13:02,15.5,0.001,7.95
09/04/2026 12:32,15.5,0.001,7.94
09/04/2026 12:02,15.375,0.001,7.94
09/04/2026 11:32,15.375,0.001,7.93
09/04/2026 11:02,15.375,0.001,7.93
09/04/2026 11:02,15.375,0.001,7.93
09/04/2026 10:32,15.375,0.001,7.93
09/04/2026 10:02,15.25,0.001,7.92
09/04/2026 09:32,15.375,0.001,7.92
09/04/2026 09:02,15.375,0.001,7.91
09/04/2026 08:32,15.375,0.001,7.91
09/04/2026 08:02,15.375,0.001,7.91
09/04/2026 07:32,15.375,0.001,7.91
09/04/2026 07:02,15.25,0.001,7.91
09/04/2026 06:32,15.25,0.001,7.9
09/04/2026 06:02,15.25,0.001,7.91
09/04/2026 05:32,15.25,0.001,7.91
09/04/2026 05:02,15.375,0.001,7.91
09/04/2026 04:32,15.25,0.001,7.91
09/04/2026 04:02,15.25,0.001,7.91
09/04/2026 03:32,15.375,0.001,7.92
09/04/2026 03:02,15.25,0.001,7.91
09/04/2026 03:02,15.25,0.001,7.91
09/04/2026 02:32,15.25,0.001,7.92
09/04/2026 02:02,15.25,0.001,7.92
09/04/2026 01:32,15.25,0.001,7.92
09/04/2026 01:02,15.25,0.001,7.92
09/04/2026 00:32,15.375,0.001,7.92
09/04/2026 00:02,15.5,0.001,7.92
08/04/2026 23:32,15.375,0.001,7.93
08/04/2026 23:02,15.25,0.001,7.93
08/04/2026 22:32,15.125,0.001,7.93
08/04/2026 22:02,15.25,0.001,7.93
08/04/2026 22:02,15.25,0.001,7.93
08/04/2026 21:32,15.25,0.001,7.93
08/04/2026 21:02,15.375,0.001,7.93
08/04/2026 20:32,15.375,0.001,7.94
08/04/2026 20:02,15.25,0.001,7.94
08/04/2026 19:32,15.25,0.001,7.94
08/04/2026 19:02,15.25,0.001,7.94
08/04/2026 18:32,15.25,0.001,7.94
08/04/2026 18:02,15.25,0.001,7.94
08/04/2026 17:32,15.375,0.001,7.94
08/04/2026 17:02,15.375,0.001,7.94
08/04/2026 16:32,15.375,0.001,7.93
08/04/2026 16:02,15.5,0.001,7.93
08/04/2026 15:32,15.5,0.001,7.93
08/04/2026 15:02,15.375,0.001,7.92
08/04/2026 14:32,15.375,0.001,7.92
08/04/2026 14:02,15.5,0.001,7.91
08/04/2026 13:32,15.5,0.001,7.91
08/04/2026 13:02,15.5,0.001,7.91
08/04/2026 12:32,15.5,0.001,7.9
08/04/2026 12:02,15.375,0.001,7.9
08/04/2026 11:32,15.5,0.001,7.89
08/04/2026 11:02,15.5,0.001,7.89
08/04/2026 10:32,15.5,0.001,7.88
08/04/2026 10:02,15.5,0.001,7.88
08/04/2026 09:32,15.5,0.001,7.87
08/04/2026 09:02,15.5,0.001,7.86
08/04/2026 08:32,15.625,0.001,7.86
08/04/2026 08:32,15.625,0.001,7.86
08/04/2026 08:02,15.5,0.001,7.86
08/04/2026 07:32,15.625,0.001,7.85
08/04/2026 07:02,15.5,0.001,7.85
08/04/2026 06:32,15.5,0.001,7.85
08/04/2026 06:02,15.5,0.001,7.85
08/04/2026 05:32,15.5,0.001,7.85
08/04/2026 05:02,15.625,0.001,7.85
08/04/2026 04:32,15.5,0.001,7.86
08/04/2026 04:02,15.625,0.001,7.86
08/04/2026 03:32,15.625,0.001,7.86
08/04/2026 03:02,16.625,0.001,7.86
08/04/2026 02:32,14.75,0.001,7.86
08/04/2026 02:02,15.75,0.001,7.86
08/04/2026 01:32,15.75,0.001,7.86
08/04/2026 01:02,15.75,0.001,7.87
08/04/2026 00:32,15.875,0.001,7.87
08/04/2026 00:02,16,0.001,7.87
07/04/2026 23:32,15.875,0.001,7.88
07/04/2026 23:02,16.125,0.001,7.88
07/04/2026 22:32,16.125,0.001,7.89
07/04/2026 22:02,16.125,0.001,7.89
07/04/2026 21:32,16.125,0.001,7.9
07/04/2026 21:02,16.25,0.001,7.9
07/04/2026 20:32,16.375,0.001,7.91
07/04/2026 20:02,16.5,0.001,7.92
07/04/2026 19:32,17.625,0.001,7.92
07/04/2026 19:02,16.75,0.001,7.93
07/04/2026 18:32,16.75,0.001,7.94
07/04/2026 18:02,17,0.001,7.95
07/04/2026 17:32,16.875,0.001,7.96
07/04/2026 17:02,17.125,0.001,7.96
07/04/2026 16:32,17.125,0.001,7.97
07/04/2026 16:02,17.75,0.001,7.98
07/04/2026 15:32,16.875,0.001,8.01
07/04/2026 15:02,14.75,0.001,8.02
07/04/2026 14:32,16.625,0.001,8.02
07/04/2026 14:02,15.5,0.001,8.02
07/04/2026 13:32,15.5,0.001,8.01
07/04/2026 13:02,15.375,0.001,8.01
07/04/2026 12:32,15.375,0.001,8.01
07/04/2026 12:02,15.375,0.001,8
07/04/2026 11:32,15.25,0.001,8
07/04/2026 11:02,15.25,0.001,8
07/04/2026 10:32,15.25,0.001,7.99
07/04/2026 10:02,15.125,0.001,7.99
07/04/2026 09:32,15.25,0.001,7.99
07/04/2026 09:02,15,0.001,7.99
07/04/2026 08:32,15.125,0.001,7.98
07/04/2026 08:32,15.125,0.001,7.98
07/04/2026 08:02,15.125,0.001,7.98
07/04/2026 07:32,15,0.001,7.98
07/04/2026 07:02,15,0.001,7.98
07/04/2026 06:32,15,0.001,7.98
07/04/2026 06:02,15,0.001,7.98
07/04/2026 05:32,15.125,0.001,7.99
07/04/2026 05:02,15.125,0.001,7.99
07/04/2026 04:32,15,0.001,7.99
07/04/2026 04:02,15,0.001,7.99
07/04/2026 03:32,15,0.001,8
07/04/2026 03:02,15.125,0.001,8
07/04/2026 02:32,15.125,0.001,8
07/04/2026 02:02,15.125,0.001,8
07/04/2026 01:32,15.25,0.001,8.01
07/04/2026 01:32,15.25,0.001,8.01
07/04/2026 01:02,15.125,0.001,8.01
07/04/2026 00:32,15.375,0.001,8.01
07/04/2026 00:02,15.375,0.001,8.01
06/04/2026 23:32,15.375,0.001,8.02
06/04/2026 23:02,15.375,0.001,8.02
06/04/2026 22:32,15.5,0.001,8.02
06/04/2026 22:02,15.5,0.001,8.03
06/04/2026 21:32,15.625,0.001,8.03
06/04/2026 21:02,15.625,0.001,8.03
06/04/2026 20:32,15.625,0.001,8.04
06/04/2026 20:02,16.625,0.001,8.04
06/04/2026 19:32,15.75,0.001,8.04
06/04/2026 19:02,15.875,0.001,8.05
06/04/2026 18:32,15.875,0.001,8.05
06/04/2026 18:02,16,0.001,8.05
06/04/2026 17:32,15.875,0.001,8.05
06/04/2026 17:02,15.875,0.001,8.05
06/04/2026 16:32,15.875,0.001,8.04
06/04/2026 16:02,15.875,0.001,8.04
06/04/2026 15:32,15.75,0.001,8.04
06/04/2026 15:02,15.75,0.001,8.03
06/04/2026 14:32,15.625,0.001,8.03
06/04/2026 14:02,15.625,0.001,8.03
06/04/2026 13:32,15.625,0.001,8.02
06/04/2026 13:02,15.5,0.001,8.02
06/04/2026 12:32,15.375,0.001,8.02
06/04/2026 12:02,15.25,0.001,8.01
06/04/2026 12:02,15.25,0.001,8.01
06/04/2026 11:32,15.375,0.001,8.01
06/04/2026 11:32,15.375,0.001,8.01
06/04/2026 11:02,15.25,0.001,8.01
06/04/2026 10:32,15.25,0.001,8
06/04/2026 10:02,15.25,0.001,8
06/04/2026 09:32,15.25,0.001,8
06/04/2026 09:02,15.125,0.001,7.99
06/04/2026 08:32,15,0.001,7.99
06/04/2026 08:02,15.125,0.001,7.99
06/04/2026 07:32,15.25,0.001,7.99
06/04/2026 07:02,15.125,0.001,7.99
06/04/2026 06:32,15.25,0.001,7.99
06/04/2026 06:02,15.125,0.001,7.99
06/04/2026 05:32,15.25,0.001,7.99
06/04/2026 05:02,15.125,0.001,7.99
06/04/2026 05:02,15.125,0.001,7.99
06/04/2026 04:32,15.25,0.001,8
06/04/2026 04:02,15.25,0.001,8
06/04/2026 03:32,15.25,0.001,8
06/04/2026 03:02,15.375,0.001,8.01
06/04/2026 02:32,15.25,0.001,8.01
06/04/2026 02:02,15.125,0.001,8.01
06/04/2026 01:32,15.25,0.001,8.01
06/04/2026 01:02,15.375,0.001,8.02
06/04/2026 00:32,15.25,0.001,8.02
06/04/2026 00:02,15.375,0.001,8.02
05/04/2026 23:32,15.375,0.001,8.02
05/04/2026 23:02,15.5,0.001,8.03
05/04/2026 22:32,15.5,0.001,8.03
05/04/2026 22:02,15.375,0.001,8.03
05/04/2026 21:32,14.75,0.001,8.04
05/04/2026 21:02,14.75,0.001,8.04
05/04/2026 20:32,15.75,0.001,8.05
05/04/2026 20:02,15.75,0.001,8.05
05/04/2026 19:32,15.875,0.001,8.05
05/04/2026 19:02,15.875,0.001,8.06
05/04/2026 19:02,15.875,0.001,8.06
05/04/2026 18:32,16,0.001,8.06
05/04/2026 18:02,15.875,0.001,8.06
05/04/2026 17:32,15.75,0.001,8.05
05/04/2026 17:02,15.875,0.001,8.05
05/04/2026 16:32,15.875,0.001,8.05
05/04/2026 16:02,15.875,0.001,8.05
05/04/2026 15:32,15.75,0.001,8.05
05/04/2026 15:02,15.625,0.001,8.04
05/04/2026 14:32,15.625,0.001,8.04
05/04/2026 14:02,16.625,0.001,8.04
05/04/2026 13:32,15.5,0.001,8.03
05/04/2026 13:02,15.625,0.001,8.03
05/04/2026 12:32,15.5,0.001,8.03
05/04/2026 12:02,15.375,0.001,8.02
05/04/2026 11:32,15.5,0.001,8.02
05/04/2026 11:02,15.375,0.001,8.01
05/04/2026 10:32,15.375,0.001,8.01
05/04/2026 10:02,15.25,0.001,8.01
05/04/2026 09:32,15.125,0.001,8.01
05/04/2026 09:02,15.375,0.001,8
05/04/2026 08:32,15.25,0.001,8
05/04/2026 08:02,15.25,0.001,8
05/04/2026 07:32,15.125,0.001,8
05/04/2026 07:02,15.25,0.001,7.99
05/04/2026 06:32,15,0.001,8
05/04/2026 06:02,15.25,0.001,8
05/04/2026 05:32,15.25,0.001,8
05/04/2026 05:02,15.125,0.001,8.01
05/04/2026 04:32,15.125,0.001,8.01
05/04/2026 04:02,15.25,0.001,8.01
05/04/2026 03:32,15.25,0.001,8.01
05/04/2026 03:02,15.375,0.001,8.02
05/04/2026 02:32,15.25,0.001,8.02
05/04/2026 02:02,15.25,0.001,8.02
05/04/2026 01:32,15.375,0.001,8.02
05/04/2026 01:02,15.375,0.001,8.03
05/04/2026 00:32,15.375,0.001,8.03
05/04/2026 00:32,15.375,0.001,8.03
05/04/2026 00:02,15.375,0.001,8.03
04/04/2026 23:32,15.5,0.001,8.03
04/04/2026 23:02,15.5,0.001,8.04
04/04/2026 22:32,15.625,0.001,8.04
04/04/2026 22:02,15.5,0.001,8.04
04/04/2026 21:32,15.625,0.001,8.05
04/04/2026 21:32,15.625,0.001,8.05
04/04/2026 21:02,15.625,0.001,8.05
04/04/2026 20:32,15.625,0.001,8.06
04/04/2026 20:02,15.75,0.001,8.06
04/04/2026 19:32,15.75,0.001,8.06
04/04/2026 19:02,15.875,0.001,8.06
04/04/2026 19:02,15.875,0.001,8.06
04/04/2026 18:32,15.875,0.001,8.06
04/04/2026 18:02,15.875,0.001,8.07
04/04/2026 17:32,15.875,0.001,8.07
04/04/2026 17:02,15.875,0.001,8.06
04/04/2026 16:32,15.875,0.001,8.06
04/04/2026 16:02,15.75,0.001,8.06
04/04/2026 15:32,15.75,0.001,8.05
04/04/2026 15:02,15.625,0.001,8.05
04/04/2026 14:32,16.625,0.001,8.05
04/04/2026 14:02,16.5,0.001,8.04
04/04/2026 13:32,15.5,0.001,8.04
04/04/2026 13:02,15.5,0.001,8.04
04/04/2026 12:32,15.5,0.001,8.03
04/04/2026 12:02,15.375,0.001,8.03
04/04/2026 11:32,15.25,0.001,8.02
04/04/2026 11:02,15.25,0.001,8.02
04/04/2026 10:32,15.25,0.001,8.02
04/04/2026 10:02,15.25,0.001,8.01
04/04/2026 09:32,15.25,0.001,8.01
04/04/2026 09:02,15.25,0.001,8.01
04/04/2026 08:32,15.25,0.001,8
04/04/2026 08:02,15.125,0.001,8
04/04/2026 07:32,15.25,0.001,8
04/04/2026 07:02,15.125,0.001,8
04/04/2026 06:32,15.125,0.001,8
04/04/2026 06:02,15.25,0.001,8
04/04/2026 06:02,15.25,0.001,8
04/04/2026 05:32,15.125,0.001,8
04/04/2026 05:02,15.125,0.001,8
04/04/2026 04:32,15.25,0.001,8.01
04/04/2026 04:32,15.25,0.001,8.01
04/04/2026 04:02,15.125,0.001,8.01
04/04/2026 03:32,15.25,0.001,8.01
04/04/2026 03:32,15.25,0.001,8.01
04/04/2026 03:02,15.125,0.001,8.01
04/04/2026 02:32,15.375,0.001,8.02
04/04/2026 02:02,15.125,0.001,8.02
04/04/2026 01:32,15.25,0.001,8.02
04/04/2026 01:02,15.375,0.001,8.02
04/04/2026 00:32,15.375,0.001,8.03
04/04/2026 00:02,15.375,0.001,8.03
04/04/2026 00:02,15.375,0.001,8.03
03/04/2026 23:32,15.375,0.001,8.03
03/04/2026 23:02,15.625,0.001,8.04
03/04/2026 22:32,15.5,0.001,8.04
03/04/2026 22:02,15.5,0.001,8.04
03/04/2026 21:32,15.625,0.001,8.04
03/04/2026 21:02,14.75,0.001,8.05
03/04/2026 20:32,14.875,0.001,8.05
03/04/2026 20:02,15.875,0.001,8.05
03/04/2026 19:32,15.875,0.001,8.06
03/04/2026 19:02,15.875,0.001,8.06
03/04/2026 18:32,15.875,0.001,8.06
03/04/2026 18:02,15.875,0.001,8.06
03/04/2026 17:32,15.875,0.001,8.06
03/04/2026 17:02,15.75,0.001,8.06
03/04/2026 16:32,15.75,0.001,8.05
03/04/2026 16:02,15.875,0.001,8.05
03/04/2026 15:32,15.75,0.001,8.04
03/04/2026 15:02,15.75,0.001,8.04
03/04/2026 14:32,15.625,0.001,8.04
03/04/2026 14:02,15.625,0.001,8.04
03/04/2026 13:32,15.5,0.001,8.03
03/04/2026 13:02,15.5,0.001,8.03
03/04/2026 12:32,15.375,0.001,8.03
03/04/2026 12:02,15.25,0.001,8.02
03/04/2026 11:32,15.25,0.001,8.02
03/04/2026 11:02,15.125,0.001,8.01
03/04/2026 10:32,15.25,0.001,8.01
03/04/2026 10:02,15.125,0.001,8.01
03/04/2026 09:32,15.125,0.001,8
03/04/2026 09:02,15.125,0.001,8
03/04/2026 08:32,15.125,0.001,8
03/04/2026 08:02,15.125,0.001,7.99
03/04/2026 07:32,15.125,0.001,7.99
03/04/2026 07:02,15.125,0.001,7.99
03/04/2026 06:32,15.125,0.001,7.99
03/04/2026 06:02,15.25,0.001,7.99
03/04/2026 05:32,15.125,0.001,7.99
03/04/2026 05:02,15.125,0.001,8
03/04/2026 04:32,15.125,0.001,8
03/04/2026 04:02,15.25,0.001,8
03/04/2026 03:32,15.25,0.001,8
03/04/2026 03:02,15.25,0.001,8
03/04/2026 02:32,15.375,0.001,8.01
03/04/2026 02:02,15.25,0.001,8.01
03/04/2026 01:32,15.25,0.001,8.01
03/04/2026 01:32,15.25,0.001,8.01
03/04/2026 01:02,15.375,0.001,8.01
03/04/2026 00:32,15.25,0.001,8.02
03/04/2026 00:02,15.25,0.001,8.02
02/04/2026 23:32,15.625,0.001,8.02
02/04/2026 23:02,15.625,0.001,8.02
02/04/2026 22:32,15.625,0.001,8.03
02/04/2026 22:02,15.625,0.001,8.03
02/04/2026 21:32,15.75,0.001,8.03
02/04/2026 21:02,15.875,0.001,8.04
02/04/2026 20:32,15.75,0.001,8.04
02/04/2026 20:02,15.875,0.001,8.04
02/04/2026 19:32,16,0.001,8.04
02/04/2026 19:02,15.875,0.001,8.05
02/04/2026 18:32,16,0.001,8.05
02/04/2026 18:02,15.875,0.001,8.05
02/04/2026 17:32,15.75,0.001,8.05
02/04/2026 17:02,15.75,0.001,8.05
02/04/2026 16:32,15.875,0.001,8.04
02/04/2026 16:02,15.875,0.001,8.04
02/04/2026 15:32,15.75,0.001,8.04
02/04/2026 15:02,16.625,0.001,8.03
02/04/2026 15:02,16.625,0.001,8.03
02/04/2026 14:32,16.625,0.001,8.03
02/04/2026 14:02,15.625,0.001,8.03
02/04/2026 13:32,15.625,0.001,8.02
02/04/2026 13:02,15.5,0.001,8.01
02/04/2026 12:32,15.625,0.001,8.01
02/04/2026 12:02,15.375,0.001,8.01
02/04/2026 11:32,15.375,0.001,8
02/04/2026 11:02,15.375,0.001,8
02/04/2026 10:32,15.25,0.001,7.99
02/04/2026 10:02,15.25,0.001,7.99
02/04/2026 09:32,15.375,0.001,7.99
02/04/2026 09:02,15.25,0.001,7.98
02/04/2026 08:32,15.25,0.001,7.98
02/04/2026 08:02,15.375,0.001,7.97
02/04/2026 07:32,15.25,0.001,7.97
02/04/2026 07:02,15.25,0.001,7.97
02/04/2026 06:32,15.25,0.001,7.97
02/04/2026 06:02,15.375,0.001,7.97
02/04/2026 06:02,15.375,0.001,7.97
02/04/2026 05:32,15.25,0.001,7.98
02/04/2026 05:02,15.25,0.001,7.98
02/04/2026 04:32,15.25,0.001,7.98
02/04/2026 04:02,15.375,0.001,7.98
02/04/2026 03:32,15.375,0.001,7.98
02/04/2026 03:32,15.375,0.001,7.98
02/04/2026 03:02,15.375,0.001,7.98
02/04/2026 02:32,15.375,0.001,7.98
02/04/2026 02:02,15.25,0.001,7.98
02/04/2026 01:32,15.375,0.001,7.99
02/04/2026 01:02,15.5,0.001,7.99
02/04/2026 00:32,15.375,0.001,7.99
02/04/2026 00:02,15.5,0.001,8
01/04/2026 23:32,15.375,0.001,8
01/04/2026 23:02,15.5,0.001,8
01/04/2026 22:32,15.5,0.001,8
01/04/2026 22:02,15.5,0.001,8
01/04/2026 21:32,15.625,0.001,8.01
01/04/2026 21:02,15.75,0.001,8.01
01/04/2026 20:32,15.875,0.001,8.01
01/04/2026 20:02,15.75,0.001,8.01
01/04/2026 19:32,16,0.001,8.01
01/04/2026 19:02,15.875,0.001,8.01
01/04/2026 18:32,16,0.001,8.02
01/04/2026 18:02,16,0.001,8.02
01/04/2026 17:36,16,0.001,8.02
01/04/2026 17:32,16,0.001,8.01
01/04/2026 17:31,16,0.001,8.02
01/04/2026 17:31,16,0.001,8.72
01/04/2026 17:02,15.875,0.001,8.01
01/04/2026 16:32,16,0.001,8.01
01/04/2026 16:02,15.875,0.001,8.01
01/04/2026 15:32,15.875,0.001,8
01/04/2026 15:02,15.875,0.001,8
01/04/2026 14:32,15.875,0.001,7.99
01/04/2026 14:02,15.875,0.001,7.99
01/04/2026 14:02,15.875,0.001,7.99
01/04/2026 13:32,14.75,0.001,7.98
01/04/2026 13:02,15.625,0.001,7.98
01/04/2026 13:02,15.625,0.001,7.98
01/04/2026 12:32,15.5,0.001,7.98
01/04/2026 12:02,15.5,0.001,7.98
01/04/2026 11:32,15.5,0.001,7.97
01/04/2026 11:02,15.375,0.001,7.97
01/04/2026 10:32,15.25,0.001,7.97
28/03/2026 11:32,15.25,0.003,7.93
28/03/2026 11:02,15.25,0.003,7.92
28/03/2026 10:32,15.25,0.003,7.92
28/03/2026 10:02,15.25,0.003,7.91
28/03/2026 09:32,15.125,0.003,7.91
28/03/2026 09:02,15.25,0.003,7.9
28/03/2026 08:32,15.125,0.003,7.9
28/03/2026 08:02,15.25,0.003,7.9
28/03/2026 07:32,15.125,0.003,7.9
28/03/2026 07:02,15.125,0.003,7.89
28/03/2026 06:32,15.25,0.003,7.9
28/03/2026 06:02,15.25,0.003,7.9
28/03/2026 05:32,15.125,0.002,7.91
28/03/2026 05:02,15.25,0.003,7.91
28/03/2026 04:32,15.125,0.003,7.91
28/03/2026 04:02,15.25,0.003,7.91
28/03/2026 03:32,15.25,0.002,7.91
28/03/2026 03:02,15.25,0.003,7.92
28/03/2026 02:32,15.125,0.003,7.92
28/03/2026 02:02,15.125,0.003,7.92
28/03/2026 01:32,15.25,0.003,7.93
28/03/2026 01:02,15.25,0.003,7.93
28/03/2026 00:32,15.125,0.003,7.93
28/03/2026 00:02,15.125,0.003,7.93
27/03/2026 23:32,15.125,0.003,7.94
27/03/2026 23:02,15.25,0.003,7.94
27/03/2026 22:32,15.25,0.003,7.95
27/03/2026 22:02,15.25,0.003,7.95
27/03/2026 21:32,15.25,0.003,7.95
27/03/2026 21:02,15.25,0.003,7.96
27/03/2026 20:32,15.25,0.003,7.96
27/03/2026 20:02,15.375,0.003,7.96
27/03/2026 19:32,15.25,0.003,7.97
27/03/2026 19:02,15.25,0.003,7.98
27/03/2026 18:32,15.375,0.003,7.98
27/03/2026 18:02,15.5,0.003,7.97
27/03/2026 17:32,15.625,0.003,7.97
27/03/2026 17:02,15.375,0.003,7.96
27/03/2026 16:32,15.5,0.003,7.96
27/03/2026 16:02,15.5,0.003,7.95
27/03/2026 15:32,15.5,0.003,7.94
27/03/2026 15:02,15.5,0.002,7.94
27/03/2026 14:32,15.375,0.003,7.94
27/03/2026 14:02,15.5,0.003,7.92
27/03/2026 13:32,15.375,0.003,7.92
27/03/2026 13:02,15.375,0.002,7.91
27/03/2026 12:32,15.375,0.003,7.9
27/03/2026 12:02,15.25,0.003,7.9
27/03/2026 11:32,15.25,0.003,7.9
27/03/2026 11:02,15.25,0.002,7.89
27/03/2026 10:32,15.375,0.003,7.88
27/03/2026 10:02,15.25,0.003,7.87
27/03/2026 09:32,15.25,0.003,7.87
27/03/2026 09:02,15.25,0.003,7.87
27/03/2026 08:32,15.375,0.003,7.86
27/03/2026 08:02,15.25,0.003,7.86
27/03/2026 07:32,15.375,0.003,7.85
27/03/2026 07:02,15.25,0.003,7.84
27/03/2026 06:32,15.25,0.003,7.85
27/03/2026 06:02,15.25,0.003,7.85
27/03/2026 05:32,15.25,0.003,7.86
27/03/2026 05:02,15.375,0.003,7.85
27/03/2026 04:32,15.25,0.003,7.85
27/03/2026 04:32,15.25,0.003,7.85
27/03/2026 04:02,15.25,0.003,7.85
27/03/2026 03:32,15.25,0.003,7.86
27/03/2026 03:02,15.25,0.003,7.87
27/03/2026 02:32,15.25,0.003,7.86
27/03/2026 02:02,15.25,0.003,7.86
27/03/2026 01:32,15.375,0.003,7.87
27/03/2026 01:02,15.25,0.003,7.87
27/03/2026 00:32,15.25,0.003,7.87
27/03/2026 00:02,15.375,0.003,7.87
26/03/2026 23:32,15.5,0.003,7.88
26/03/2026 23:02,15.375,0.003,7.88
26/03/2026 22:32,15.375,0.003,7.88
26/03/2026 22:02,15.5,0.003,7.88
26/03/2026 21:32,15.625,0.003,7.89
26/03/2026 21:02,15.5,0.003,7.89
26/03/2026 20:32,15.5,0.003,7.89
26/03/2026 20:32,15.5,0.003,7.89
26/03/2026 20:02,16.625,0.003,7.89
26/03/2026 19:32,15.875,0.002,7.9
26/03/2026 19:02,14.875,0.003,7.9
26/03/2026 18:32,15.875,0.003,7.9
26/03/2026 18:02,15.875,0.003,7.89
26/03/2026 17:32,15.875,0.003,7.89
26/03/2026 17:02,15.75,0.003,7.89
26/03/2026 16:32,15.75,0.003,7.88
26/03/2026 16:02,14.75,0.003,7.88
26/03/2026 15:32,15.75,0.003,7.87
26/03/2026 15:02,15.625,0.003,7.87
26/03/2026 14:32,15.625,0.003,7.87
26/03/2026 14:02,15.5,0.003,7.87
26/03/2026 13:32,15.5,0.003,7.87
26/03/2026 13:02,15.375,0.003,7.87
26/03/2026 12:32,15.25,0.003,7.88
26/03/2026 12:02,15.25,0.003,7.89
26/03/2026 11:32,15.125,0.003,7.91
26/03/2026 11:02,15.125,0.003,7.92
26/03/2026 10:32,15,0.003,7.92
26/03/2026 10:02,14.75,0.003,7.93
26/03/2026 09:32,14.625,0.002,7.92
26/03/2026 09:02,14.625,0.002,7.92
26/03/2026 08:32,14.75,0.003,7.92
26/03/2026 08:02,14.75,0.002,7.91
26/03/2026 07:32,14.75,0.002,7.91
26/03/2026 07:02,15.625,0.002,7.91
26/03/2026 06:32,14.875,0.002,7.91
26/03/2026 06:02,13.875,0.002,7.92
26/03/2026 05:32,14.75,0.002,7.92
26/03/2026 05:02,14.75,0.002,7.92
26/03/2026 04:32,14.75,0.002,7.92
26/03/2026 04:02,14.875,0.002,7.93
26/03/2026 03:32,14.875,0.002,7.93
26/03/2026 03:02,14.875,0.002,7.93
26/03/2026 02:32,14.875,0.002,7.93
26/03/2026 02:02,14.75,0.002,7.93
26/03/2026 01:32,14.75,0.002,7.94
26/03/2026 01:02,15,0.002,7.94
26/03/2026 00:32,15,0.002,7.94
26/03/2026 00:02,14.875,0.002,7.95
25/03/2026 23:32,14.875,0.002,7.95
25/03/2026 23:02,14.875,0.002,7.95
25/03/2026 22:32,14.875,0.002,7.95
25/03/2026 22:02,15,0.002,7.96
25/03/2026 21:32,15,0.002,7.96
25/03/2026 21:02,15,0.002,7.96
25/03/2026 20:32,15,0.002,7.97
25/03/2026 20:02,15.125,0.002,7.97
25/03/2026 19:32,15.25,0.002,7.97
25/03/2026 19:02,15.25,0.002,7.98
25/03/2026 18:32,15.25,0.002,7.98
25/03/2026 18:02,15.5,0.002,7.98
25/03/2026 17:32,15.375,0.003,7.98
25/03/2026 17:02,15.25,0.002,7.98
25/03/2026 16:32,15.25,0.002,7.98
25/03/2026 16:02,15.125,0.002,7.97
25/03/2026 15:32,15,0.002,7.97
25/03/2026 15:02,15.125,0.002,7.97
25/03/2026 14:32,15,0.002,7.97
25/03/2026 14:02,15.125,0.002,7.96
25/03/2026 13:32,14.875,0.002,7.96
25/03/2026 13:02,15,0.002,7.96
25/03/2026 12:32,14.75,0.002,7.96
25/03/2026 12:02,14.875,0.002,7.95
25/03/2026 11:32,14.75,0.002,7.95
25/03/2026 11:02,14.75,0.002,7.94
25/03/2026 10:32,14.75,0.002,7.94
25/03/2026 10:02,14.875,0.002,7.94
25/03/2026 09:32,14.75,0.002,7.94
25/03/2026 09:02,15.625,0.002,7.93
25/03/2026 08:32,14.75,0.002,7.93
25/03/2026 08:02,14.875,0.003,7.93
25/03/2026 07:32,14.875,0.002,7.93
25/03/2026 07:02,14.875,0.002,7.93
25/03/2026 06:32,14.75,0.002,7.93
25/03/2026 06:02,14.875,0.003,7.93
25/03/2026 05:32,14.875,0.002,7.93
25/03/2026 05:02,14.875,0.002,7.94
25/03/2026 04:32,14.75,0.002,7.94
25/03/2026 04:02,15,0.002,7.94
25/03/2026 03:32,14.875,0.002,7.95
25/03/2026 03:02,14.875,0.003,7.95
25/03/2026 02:32,14.875,0.003,7.95
25/03/2026 02:02,14.75,0.002,7.96
25/03/2026 01:32,15,0.002,7.96
25/03/2026 01:02,15,0.003,7.96
25/03/2026 00:32,15,0.002,7.96
25/03/2026 00:02,14.875,0.003,7.97
24/03/2026 23:32,15,0.002,7.97
24/03/2026 23:02,14.875,0.003,7.97
24/03/2026 22:32,15,0.002,7.98
24/03/2026 22:02,15,0.002,7.98
24/03/2026 21:32,15,0.002,7.98
24/03/2026 21:02,14.875,0.003,7.99
24/03/2026 20:32,15,0.002,7.99
24/03/2026 20:02,15,0.002,8
24/03/2026 19:32,15.125,0.002,8
24/03/2026 19:02,15,0.002,8.01
24/03/2026 18:32,15.25,0.003,8.01
24/03/2026 18:02,15.25,0.002,8.02
24/03/2026 17:32,15.25,0.003,8.01
24/03/2026 17:02,15.25,0.003,8.01
24/03/2026 16:32,15.25,0.003,8.02
24/03/2026 16:02,15.25,0.003,8.03
24/03/2026 15:32,15,0.003,8.01
24/03/2026 15:02,12.875,0.002,7.96
24/03/2026 14:32,13.875,0.002,7.97
24/03/2026 14:02,12.75,0.002,7.97
24/03/2026 13:32,13.875,0.002,7.97
24/03/2026 13:02,13.875,0.002,7.97
24/03/2026 12:32,13.875,0.002,7.97
24/03/2026 12:02,13.875,0.002,7.97
24/03/2026 11:32,13.875,0.002,7.97
24/03/2026 11:02,14.125,0.002,7.98
24/03/2026 10:32,14.125,0.002,7.98
24/03/2026 10:02,14.125,0.002,7.98
24/03/2026 09:32,14.25,0.002,7.97
24/03/2026 09:02,14,0.002,7.97
24/03/2026 08:32,14.125,0.002,7.97
24/03/2026 08:02,14.25,0.002,7.97
24/03/2026 07:32,14.375,0.002,7.97
24/03/2026 07:02,14.375,0.002,7.97
24/03/2026 06:32,14.5,0.002,7.97
24/03/2026 06:32,14.5,0.002,7.97
24/03/2026 06:02,14.5,0.002,7.97
24/03/2026 05:32,14.5,0.002,7.97
24/03/2026 05:32,14.5,0.002,7.97
24/03/2026 05:02,14.375,0.002,7.97
24/03/2026 04:32,14.5,0.002,7.97
24/03/2026 04:02,14.5,0.002,7.97
24/03/2026 03:32,14.625,0.002,7.97
24/03/2026 03:02,14.5,0.002,7.97
24/03/2026 02:32,14.625,0.002,7.97
24/03/2026 02:02,14.625,0.002,7.97
24/03/2026 01:32,15.5,0.002,7.98
24/03/2026 01:02,14.625,0.001,7.98
24/03/2026 00:32,15.625,0.001,7.98
24/03/2026 00:02,15.625,0.001,7.98
23/03/2026 23:32,14.625,0.001,7.98
23/03/2026 23:02,15.625,0.001,7.98
23/03/2026 22:32,13.75,0.001,7.98
23/03/2026 22:02,14.75,0.001,7.99
23/03/2026 21:32,14.75,0.001,7.99
23/03/2026 21:02,14.875,0.001,7.99
23/03/2026 20:32,14.875,0.001,7.99
23/03/2026 20:02,15,0.001,8
23/03/2026 19:32,15,0.001,8
23/03/2026 19:02,15,0.001,8.01
23/03/2026 18:32,15,0.001,8.01
23/03/2026 18:02,15,0.001,8.01
23/03/2026 17:32,15.125,0.001,8.01
23/03/2026 17:02,15.125,0.001,8.01
23/03/2026 16:32,15.375,0.001,8.02
23/03/2026 16:02,15.25,0.001,8.02
23/03/2026 15:32,15.25,0.001,8.02
23/03/2026 15:02,15.375,0.001,8.02
23/03/2026 14:32,15.5,0.001,8.02
23/03/2026 14:02,15.5,0.001,8.02
23/03/2026 13:32,15.5,0.001,8.03
23/03/2026 13:02,15.5,0.001,8.03
23/03/2026 12:32,15.5,0.001,8.03
23/03/2026 12:02,15.5,0.001,8.02
23/03/2026 11:32,15.5,0.001,8.02
23/03/2026 11:02,15.5,0.001,8.02
23/03/2026 10:32,15.375,0.001,8.01
23/03/2026 10:02,15.375,0.001,8.01
23/03/2026 09:32,15.25,0.001,8
23/03/2026 09:02,15.25,0.001,8
23/03/2026 08:32,15.25,0.001,7.99
23/03/2026 08:02,15.25,0.001,7.99
23/03/2026 07:32,15.375,0.001,7.99
23/03/2026 07:02,15.375,0.001,7.99
23/03/2026 06:32,15.375,0.001,7.99
23/03/2026 06:32,15.375,0.001,7.99
23/03/2026 06:02,15.25,0.001,7.99
23/03/2026 05:32,15.375,0.001,7.99
23/03/2026 05:32,15.375,0.001,7.99
23/03/2026 05:02,15.375,0.001,8
23/03/2026 04:32,15.375,0.001,8
23/03/2026 04:02,15.25,0.001,8.01
23/03/2026 03:32,15.375,0.001,8.01
23/03/2026 03:02,15.5,0.001,8.01
23/03/2026 02:32,15.375,0.001,8.02
23/03/2026 02:02,15.375,0.001,8.02
23/03/2026 01:32,15.375,0.001,8.02
23/03/2026 01:02,15.375,0.001,8.03
23/03/2026 00:32,15.375,0.001,8.03
23/03/2026 00:02,15.375,0.001,8.03
22/03/2026 23:32,15.375,0.001,8.04
22/03/2026 23:02,15.375,0.001,8.04
22/03/2026 22:32,15.375,0.001,8.04
22/03/2026 22:02,15.5,0.001,8.04
22/03/2026 21:32,15.5,0.001,8.05
22/03/2026 21:02,15.375,0.001,8.05
22/03/2026 20:32,15.5,0.001,8.05
22/03/2026 20:02,15.5,0.001,8.06
22/03/2026 19:32,15.625,0.001,8.06
22/03/2026 19:02,15.5,0.001,8.07
22/03/2026 19:02,15.5,0.001,8.07
22/03/2026 18:32,16.625,0.001,8.07
22/03/2026 18:02,15.75,0.001,8.07
22/03/2026 17:32,15.75,0.001,8.07
22/03/2026 17:02,15.75,0.001,8.06
22/03/2026 16:32,15.75,0.001,8.06
22/03/2026 16:02,16.625,0.001,8.06
22/03/2026 15:32,15.625,0.001,8.06
22/03/2026 15:02,15.625,0.001,8.05
22/03/2026 14:32,15.625,0.001,8.05
22/03/2026 14:02,15.5,0.001,8.05
22/03/2026 13:32,15.5,0.001,8.04
22/03/2026 13:02,15.5,0.001,8.03
22/03/2026 12:32,15.375,0.001,8.03
22/03/2026 12:02,15.375,0.001,8.02
22/03/2026 11:32,15.375,0.001,8.02
22/03/2026 11:02,15.375,0.001,8.01
22/03/2026 10:32,15.375,0.001,8.01
22/03/2026 10:02,15.375,0.001,8
22/03/2026 09:32,15.375,0.001,8
22/03/2026 09:02,15.375,0.001,8
22/03/2026 08:32,15.25,0.001,7.99
22/03/2026 08:02,15.25,0.001,7.99
22/03/2026 07:32,15.25,0.001,7.99
22/03/2026 07:02,15.375,0.001,7.99
22/03/2026 06:32,15.25,0.001,7.99
22/03/2026 06:02,15.375,0.001,7.99
22/03/2026 05:32,15.25,0.001,7.99
22/03/2026 05:02,15.25,0.001,8
22/03/2026 04:32,15.25,0.001,8
22/03/2026 04:02,15.25,0.001,8
22/03/2026 03:32,15.25,0.001,8.01
22/03/2026 03:02,15.25,0.001,8.01
22/03/2026 02:32,15.25,0.001,8.01
22/03/2026 02:02,15.25,0.001,8.02
22/03/2026 01:32,15.25,0.001,8.02
22/03/2026 01:02,15.25,0.001,8.02
22/03/2026 00:32,15.125,0.001,8.02
22/03/2026 00:02,15.25,0.001,8.03
21/03/2026 23:32,15.25,0.001,8.03
21/03/2026 23:02,15.25,0.001,8.04
21/03/2026 22:32,15.375,0.001,8.04
21/03/2026 22:02,15.25,0.001,8.04
21/03/2026 21:32,15.375,0.001,8.04
21/03/2026 21:32,15.375,0.001,8.04
21/03/2026 21:02,15.375,0.001,8.05
21/03/2026 20:32,15.375,0.001,8.05
21/03/2026 20:02,15.25,0.001,8.05
21/03/2026 19:32,15.25,0.001,8.06
21/03/2026 19:32,15.25,0.001,8.06
21/03/2026 19:02,15.25,0.001,8.06
21/03/2026 18:32,15.375,0.001,8.06
21/03/2026 18:02,15.25,0.001,8.06
21/03/2026 17:32,15.375,0.001,8.06
21/03/2026 17:02,15.375,0.001,8.06
21/03/2026 16:32,15.375,0.001,8.05
21/03/2026 16:32,15.375,0.001,8.05
21/03/2026 16:02,15.25,0.001,8.05
21/03/2026 15:32,15.375,0.001,8.05
21/03/2026 15:02,15.375,0.001,8.05
21/03/2026 14:32,15.5,0.001,8.04
21/03/2026 14:02,15.5,0.001,8.04
21/03/2026 13:32,15.375,0.001,8.03
21/03/2026 13:02,15.375,0.001,8.03
21/03/2026 12:32,15.5,0.001,8.02
21/03/2026 12:02,15.375,0.001,8.01
21/03/2026 11:32,15.5,0.001,8.01
21/03/2026 11:02,15.375,0.001,8.01
21/03/2026 10:32,15.25,0.001,8
21/03/2026 10:02,15.375,0.001,8
21/03/2026 09:32,15.25,0.001,7.99
21/03/2026 09:02,15.375,0.001,7.99
21/03/2026 08:32,15.375,0.001,7.99
21/03/2026 08:02,15.25,0.001,7.98
21/03/2026 07:32,15.375,0.001,7.98
21/03/2026 07:02,15.25,0.001,7.98
21/03/2026 06:32,15.25,0.001,7.98
21/03/2026 06:02,15.25,0.001,7.99
21/03/2026 05:32,15.375,0.001,7.99
21/03/2026 05:02,15.375,0.001,7.99
21/03/2026 04:32,15.375,0.001,8
21/03/2026 04:02,15.375,0.001,8
21/03/2026 03:32,15.25,0.001,8
21/03/2026 03:02,15.25,0.001,8
21/03/2026 02:32,15.25,0.001,8.01
21/03/2026 02:02,15.25,0.001,8.01
21/03/2026 01:32,15.375,0.001,8.01
21/03/2026 01:02,15.25,0.001,8.02
21/03/2026 00:32,15.25,0.001,8.02
21/03/2026 00:02,15.25,0.001,8.02
20/03/2026 23:32,15.25,0.001,8.03
20/03/2026 23:02,15.25,0.001,8.03
20/03/2026 22:32,15.25,0.001,8.03
20/03/2026 22:02,15.25,0.001,8.03
20/03/2026 21:32,15.25,0.001,8.04
20/03/2026 21:02,15.125,0.001,8.04
20/03/2026 20:32,15.25,0.001,8.04
20/03/2026 20:02,15.25,0.001,8.05
20/03/2026 19:32,15.125,0.001,8.05
20/03/2026 19:02,15.25,0.001,8.05
20/03/2026 18:32,15.125,0.001,8.05
20/03/2026 18:02,15.25,0.001,8.05
20/03/2026 17:32,15.25,0.001,8.05
20/03/2026 17:02,15.375,0.001,8.05
20/03/2026 16:32,15.375,0.001,8.04
20/03/2026 16:02,15.375,0.001,8.04
20/03/2026 15:32,15.375,0.001,8.04
20/03/2026 15:02,15.5,0.001,8.03
20/03/2026 14:32,15.375,0.001,8.03
20/03/2026 14:02,15.375,0.001,8.02
20/03/2026 13:32,15.25,0.001,8.02
20/03/2026 13:02,15.375,0.001,8.01
20/03/2026 12:32,15.25,0.001,8.01
20/03/2026 12:02,15.25,0.001,8.01
20/03/2026 11:32,15.375,0.001,8
20/03/2026 11:02,15.25,0.001,7.99
20/03/2026 10:32,15.25,0.001,7.99
20/03/2026 10:02,15.375,0.001,7.98
20/03/2026 09:32,15.25,0.001,7.98
20/03/2026 09:02,15.25,0.001,7.97
20/03/2026 08:32,15.25,0.001,7.96
20/03/2026 08:02,15.25,0.001,7.96
20/03/2026 07:32,15.25,0.001,7.96
20/03/2026 07:02,15.25,0.001,7.96
20/03/2026 06:32,15.25,0.001,7.96
20/03/2026 06:02,15.25,0.001,7.97
20/03/2026 05:32,15.25,0.001,7.97
20/03/2026 05:02,15.25,0.001,7.97
20/03/2026 04:32,15.25,0.001,7.97
20/03/2026 04:02,15.25,0.001,7.98
20/03/2026 03:32,15.125,0.001,7.98
20/03/2026 03:02,15.25,0.001,7.98
20/03/2026 02:32,15.25,0.001,7.98
20/03/2026 02:02,15.125,0.001,7.99
20/03/2026 01:32,15.375,0.001,7.99
20/03/2026 01:02,15.25,0.001,7.99
20/03/2026 00:32,15.375,0.001,8
20/03/2026 00:02,15.25,0.001,8
19/03/2026 23:32,15.25,0.001,8
19/03/2026 23:32,15.25,0.001,8
19/03/2026 23:02,15.125,0.001,8
19/03/2026 22:32,15.125,0.001,8.01
19/03/2026 22:02,15.25,0.001,8.01
19/03/2026 21:32,15.25,0.001,8.02
19/03/2026 21:02,15.25,0.001,8.02
19/03/2026 20:32,15.125,0.001,8.03
19/03/2026 20:02,15.125,0.001,8.03
19/03/2026 19:32,15.375,0.001,8.03
19/03/2026 19:02,15.25,0.001,8.03
19/03/2026 18:32,15.375,0.001,8.03
19/03/2026 18:02,15.375,0.001,8.03
19/03/2026 17:32,15.375,0.001,8.03
19/03/2026 17:02,15.375,0.001,8.02
19/03/2026 16:32,15.375,0.001,8.02
19/03/2026 16:02,15.375,0.001,8.02
19/03/2026 15:32,15.375,0.001,8.01
19/03/2026 15:02,15.375,0.001,8.01
19/03/2026 14:32,15.375,0.001,8
19/03/2026 14:32,15.375,0.001,8
19/03/2026 14:02,15.375,0.001,7.99
19/03/2026 13:32,15.375,0.001,7.99
19/03/2026 13:02,15.375,0.001,7.98
19/03/2026 12:32,15.375,0.001,7.98
19/03/2026 12:02,15.375,0.001,7.97
19/03/2026 11:32,15.375,0.001,7.96
19/03/2026 11:02,15.25,0.001,7.95
19/03/2026 10:32,15.25,0.001,7.95
19/03/2026 10:02,15.25,0.001,7.94
19/03/2026 09:32,15.25,0.001,7.94
19/03/2026 09:02,15.375,0.001,7.93
19/03/2026 08:32,15.375,0.001,7.92
19/03/2026 08:02,15.375,0.001,7.92
19/03/2026 07:32,15.25,0.001,7.91
19/03/2026 07:02,15.25,0.001,7.91
19/03/2026 06:32,15.375,0.001,7.91
19/03/2026 06:02,15.25,0.001,7.91
19/03/2026 05:32,15.25,0.001,7.92
19/03/2026 05:02,15.25,0.001,7.92
19/03/2026 04:32,15.375,0.001,7.92
19/03/2026 04:02,15.25,0.001,7.92
19/03/2026 03:32,15.375,0.001,7.92
19/03/2026 03:02,15.375,0.001,7.92
19/03/2026 02:32,15.375,0.001,7.93
19/03/2026 02:02,15.375,0.001,7.93
19/03/2026 01:32,15.375,0.001,7.93
19/03/2026 01:02,15.375,0.001,7.93
19/03/2026 00:32,15.5,0.001,7.93
19/03/2026 00:02,15.5,0.001,7.94
18/03/2026 23:32,15.375,0.001,7.94
18/03/2026 23:02,15.625,0.001,7.95
18/03/2026 22:32,15.5,0.001,7.95
18/03/2026 22:02,15.625,0.001,7.94
18/03/2026 21:32,15.625,0.001,7.95
18/03/2026 21:02,15.5,0.001,7.95
18/03/2026 20:32,14.75,0.001,7.95
18/03/2026 20:32,14.75,0.001,7.95
18/03/2026 20:02,15.75,0.001,7.96
18/03/2026 19:32,15.875,0.001,7.96
18/03/2026 19:02,15.75,0.001,7.96
18/03/2026 18:32,16,0.001,7.96
18/03/2026 18:02,15.875,0.001,7.96
18/03/2026 17:32,15.875,0.001,7.95
18/03/2026 17:02,15.75,0.001,7.95
18/03/2026 16:32,15.75,0.001,7.94
18/03/2026 16:02,15.875,0.001,7.94
18/03/2026 15:32,15.75,0.001,7.93
18/03/2026 15:02,15.875,0.001,7.93
18/03/2026 14:32,15.75,0.001,7.92
18/03/2026 14:02,15.75,0.001,7.92
18/03/2026 13:32,15.75,0.001,7.91
18/03/2026 13:32,15.75,0.001,7.91
18/03/2026 13:02,15.625,0.001,7.9
18/03/2026 12:32,15.625,0.001,7.9
18/03/2026 12:02,15.5,0.001,7.9
18/03/2026 11:32,15.375,0.001,7.89
18/03/2026 11:02,15.5,0.001,7.89
18/03/2026 10:32,15.25,0.001,7.89
18/03/2026 10:02,15.25,0.001,7.89
18/03/2026 09:58,15.375,0.001,7.89
18/03/2026 09:32,15.375,0.001,7.9
18/03/2026 09:02,15.25,0.001,7.9
18/03/2026 08:32,15.25,0.001,7.89
18/03/2026 08:02,15.25,0.001,7.89
18/03/2026 07:32,15.25,0.001,7.88
18/03/2026 07:02,15.125,0.001,7.88
18/03/2026 06:32,15.25,0.001,7.88
18/03/2026 06:02,15.25,0.001,7.88
18/03/2026 05:32,15.25,0.001,7.89
18/03/2026 05:02,15.25,0.001,7.89
18/03/2026 04:32,15.25,0.001,7.89
18/03/2026 04:02,15.25,0.001,7.89
18/03/2026 03:32,15.25,0.001,7.89
18/03/2026 03:14,15.375,0.001,7.89
18/03/2026 03:02,15.25,0.001,7.89
18/03/2026 02:32,15.375,0.001,7.89
18/03/2026 01:32,15.375,0.001,7.9
18/03/2026 01:32,15.375,0.001,7.9
18/03/2026 01:02,15.375,0.001,7.89
18/03/2026 00:32,15.375,0.001,7.9
18/03/2026 00:02,15.375,0.001,7.9
17/03/2026 23:32,15.625,0.001,7.9
17/03/2026 23:02,15.375,0.001,7.91
17/03/2026 22:32,15.5,0.001,7.91
17/03/2026 22:02,15.625,0.001,7.91
17/03/2026 21:32,15.625,0.001,7.91
17/03/2026 21:02,15.625,0.001,7.92
17/03/2026 20:32,15.625,0.001,7.92
17/03/2026 20:02,15.875,0.001,7.92
17/03/2026 19:32,15.75,0.001,7.93
17/03/2026 19:02,15.875,0.001,7.93
17/03/2026 18:32,15.875,0.001,7.94
17/03/2026 18:02,15.875,0.001,7.95
17/03/2026 17:32,16,0.001,7.96
17/03/2026 17:02,15.875,0.001,7.97
17/03/2026 17:02,15.875,0.001,7.97
17/03/2026 16:32,15.75,0.001,7.95
17/03/2026 16:02,15.875,0.001,7.98
17/03/2026 15:32,15.375,0.001,7.98
17/03/2026 15:02,15.25,0.001,7.98
17/03/2026 14:32,15.25,0.001,7.97
17/03/2026 14:02,15.125,0.001,7.97
17/03/2026 13:32,15.125,0.001,7.96
17/03/2026 13:02,15.125,0.001,7.96
17/03/2026 12:32,15,0.001,7.95
17/03/2026 12:02,15,0.001,7.95
17/03/2026 11:32,14.875,0.001,7.94
17/03/2026 11:02,14.875,0.001,7.94
17/03/2026 10:32,14.875,0.001,7.93
17/03/2026 10:02,13.75,0.001,7.93
17/03/2026 09:32,14.75,0.001,7.92
17/03/2026 09:02,14.75,0.001,7.92
17/03/2026 08:32,13.75,0.001,7.91
17/03/2026 08:02,14.75,0.001,7.91
17/03/2026 07:32,14.75,0.001,7.9
17/03/2026 07:02,14.75,0.001,7.9
17/03/2026 06:32,14.875,0.001,7.9
17/03/2026 06:02,14.875,0.001,7.91
17/03/2026 05:32,14.875,0.001,7.91
17/03/2026 05:02,14.75,0.001,7.91
17/03/2026 04:32,14.875,0.001,7.92
17/03/2026 04:02,15,0.001,7.92
17/03/2026 03:32,15,0.001,7.92
17/03/2026 03:02,14.875,0.001,7.93
17/03/2026 02:32,14.875,0.001,7.92
17/03/2026 02:02,14.875,0.001,7.93
17/03/2026 01:32,14.875,0.001,7.94
17/03/2026 01:02,15,0.001,7.94
17/03/2026 00:32,14.875,0.001,7.94
17/03/2026 00:02,15,0.001,7.95
16/03/2026 23:32,15,0.001,7.95
16/03/2026 23:02,15,0.001,7.95
16/03/2026 22:32,15,0.001,7.96
16/03/2026 22:02,15,0.001,7.96
16/03/2026 21:32,15,0.001,7.97
16/03/2026 21:02,15,0.001,7.97
16/03/2026 20:32,15.125,0.001,7.97
16/03/2026 20:02,15.125,0.001,7.98
16/03/2026 19:32,15.125,0.001,7.98
16/03/2026 19:02,15.25,0.001,7.99
16/03/2026 18:32,15.25,0.001,7.99
16/03/2026 18:32,15.25,0.001,7.99
16/03/2026 18:02,15.375,0.001,8
16/03/2026 17:32,15.375,0.001,7.99
16/03/2026 17:02,15.25,0.001,7.99
16/03/2026 16:32,15.25,0.001,7.99
16/03/2026 16:02,15.375,0.001,7.98
16/03/2026 15:32,15.125,0.001,7.98
16/03/2026 15:02,15.125,0.001,7.97
16/03/2026 14:32,15,0.001,7.97
16/03/2026 14:02,15,0.001,7.96
16/03/2026 14:02,15,0.001,7.96
16/03/2026 13:32,14.875,0.001,7.96
16/03/2026 13:02,15,0.001,7.96
16/03/2026 12:32,14.75,0.001,7.95
16/03/2026 12:02,14.75,0.001,7.95
16/03/2026 11:32,14.875,0.001,7.94
16/03/2026 11:02,14.75,0.001,7.94
16/03/2026 10:32,14.75,0.001,7.93
16/03/2026 10:02,13.75,0.001,7.92
16/03/2026 09:32,14.75,0.001,7.92
16/03/2026 09:02,13.75,0.001,7.91
16/03/2026 09:02,13.75,0.001,7.91
16/03/2026 08:32,13.75,0.001,7.91
16/03/2026 08:02,14.75,0.001,7.9
16/03/2026 07:32,14.75,0.001,7.9
16/03/2026 07:02,14.875,0.001,7.9
16/03/2026 06:32,14.875,0.001,7.9
16/03/2026 06:02,14.75,0.001,7.91
16/03/2026 05:32,14.875,0.001,7.91
16/03/2026 05:02,15,0.001,7.91
16/03/2026 04:32,14.875,0.001,7.91
16/03/2026 04:02,14.75,0.001,7.92
16/03/2026 03:32,15,0.001,7.92
16/03/2026 03:32,15,0.001,7.92
16/03/2026 03:02,15,0.001,7.93
16/03/2026 02:32,15,0.001,7.93
16/03/2026 02:02,15,0.001,7.93
16/03/2026 01:32,15,0.001,7.94
16/03/2026 01:02,15,0.001,7.94
16/03/2026 00:32,15.125,0.001,7.94
16/03/2026 00:02,15,0.001,7.95
15/03/2026 23:32,15.125,0.001,7.95
15/03/2026 23:02,15.125,0.001,7.96
15/03/2026 23:02,15.125,0.001,7.96
15/03/2026 22:32,15.125,0.001,7.96
15/03/2026 22:02,15.125,0.001,7.96
15/03/2026 21:32,15.125,0.001,7.97
15/03/2026 21:02,15.125,0.001,7.98
15/03/2026 20:32,15.375,0.001,7.98
15/03/2026 20:02,15.375,0.001,7.99
15/03/2026 19:32,15.375,0.001,7.99
15/03/2026 19:02,15.5,0.001,7.99
15/03/2026 18:32,15.5,0.001,8
15/03/2026 18:02,15.5,0.001,8
15/03/2026 17:32,15.5,0.001,8
15/03/2026 17:02,15.5,0.001,7.99
15/03/2026 16:32,15.5,0.001,7.99
15/03/2026 16:32,15.5,0.001,7.99
15/03/2026 16:02,15.5,0.001,7.99
15/03/2026 16:02,15.5,0.001,7.99
15/03/2026 15:32,15.375,0.001,7.99
15/03/2026 15:02,15.25,0.001,7.98
15/03/2026 15:02,15.25,0.001,7.98
15/03/2026 14:32,15.25,0.001,7.97
15/03/2026 14:02,15.125,0.001,7.97
15/03/2026 13:32,15.125,0.001,7.97
15/03/2026 13:02,15,0.001,7.96
15/03/2026 12:32,14.875,0.001,7.95
15/03/2026 12:02,14.875,0.001,7.95
15/03/2026 11:32,14.875,0.001,7.94
15/03/2026 11:02,14.75,0.001,7.93
15/03/2026 10:32,14.75,0.001,7.93
15/03/2026 10:02,14.75,0.001,7.92
15/03/2026 09:32,15.625,0.001,7.92
15/03/2026 09:02,13.75,0.001,7.91
15/03/2026 08:32,14.75,0.001,7.91
15/03/2026 08:02,14.625,0.001,7.9
15/03/2026 07:32,14.75,0.001,7.9
15/03/2026 07:02,14.75,0.001,7.9
15/03/2026 06:32,14.75,0.001,7.9
15/03/2026 06:02,14.75,0.001,7.9
15/03/2026 05:32,14.875,0.001,7.91
15/03/2026 05:02,14.875,0.001,7.91
15/03/2026 04:32,14.875,0.001,7.91
15/03/2026 04:02,14.875,0.001,7.92
15/03/2026 03:32,14.75,0.001,7.92
15/03/2026 03:02,14.875,0.001,7.92
15/03/2026 02:32,14.75,0.001,7.93
15/03/2026 02:02,14.75,0.001,7.93
15/03/2026 01:32,13.75,0.001,7.93
15/03/2026 01:02,14.75,0.001,7.94
15/03/2026 01:02,14.75,0.001,7.94
15/03/2026 00:32,14.875,0.001,7.94
15/03/2026 00:02,14.75,0.001,7.95
14/03/2026 23:32,14.75,0.001,7.95
14/03/2026 23:02,14.875,0.001,7.95
14/03/2026 22:32,14.875,0.001,7.96
14/03/2026 22:02,15.625,0.001,7.96
14/03/2026 21:32,14.875,0.001,7.96
14/03/2026 21:02,15,0.001,7.97
14/03/2026 20:32,14.875,0.001,7.98
14/03/2026 20:02,14.75,0.001,7.98
14/03/2026 19:32,15,0.001,7.99
14/03/2026 19:02,15,0.001,7.99
14/03/2026 18:32,15.125,0.001,7.99
14/03/2026 18:02,15.125,0.001,7.99
14/03/2026 17:32,15.125,0.001,7.99
14/03/2026 17:02,15.125,0.001,7.99
14/03/2026 16:32,15.25,0.001,7.98
14/03/2026 16:02,15.125,0.001,7.98
14/03/2026 15:32,15,0.001,7.98
14/03/2026 15:02,15,0.001,7.98
14/03/2026 14:32,14.875,0.001,7.97
14/03/2026 14:02,14.75,0.001,7.97
14/03/2026 13:32,14.75,0.001,7.96
14/03/2026 13:02,14.75,0.001,7.95
14/03/2026 12:32,14.75,0.001,7.95
14/03/2026 12:02,14.75,0.001,7.94
14/03/2026 11:32,13.75,0.001,7.94
14/03/2026 11:02,14.875,0.001,7.93
14/03/2026 10:32,13.75,0.001,7.93
14/03/2026 10:02,15.625,0.001,7.92
14/03/2026 09:32,14.75,0.001,7.92
14/03/2026 09:02,14.625,0.001,7.91
14/03/2026 08:32,14.75,0.001,7.9
14/03/2026 08:02,14.75,0.001,7.9
14/03/2026 07:32,14.75,0.001,7.9
14/03/2026 07:02,14.75,0.001,7.9
14/03/2026 06:32,14.875,0.001,7.9
14/03/2026 06:02,14.75,0.001,7.9
14/03/2026 05:32,14.875,0.001,7.91
14/03/2026 05:02,15,0.001,7.91
14/03/2026 04:32,14.875,0.001,7.91
14/03/2026 04:02,14.75,0.001,7.92
14/03/2026 03:32,14.875,0.001,7.92
14/03/2026 03:02,14.875,0.001,7.93
14/03/2026 02:32,15,0.001,7.93
14/03/2026 02:02,15,0.001,7.93
14/03/2026 01:32,15,0.001,7.94
14/03/2026 01:02,15,0.001,7.94
14/03/2026 00:32,14.875,0.001,7.95
14/03/2026 00:02,15,0.001,7.95
13/03/2026 23:32,14.875,0.001,7.96
13/03/2026 23:02,15,0.001,7.96
13/03/2026 22:32,15.125,0.001,7.96
13/03/2026 22:02,15,0.001,7.97
13/03/2026 21:32,15.125,0.001,7.98
13/03/2026 21:02,15.375,0.001,7.98
13/03/2026 20:32,15.375,0.001,7.98
13/03/2026 20:02,15.25,0.001,7.99
13/03/2026 19:32,15.5,0.001,8
13/03/2026 19:02,15.375,0.001,8
13/03/2026 18:32,15.625,0.001,8
13/03/2026 18:02,15.625,0.001,8
13/03/2026 17:32,15.5,0.001,8
13/03/2026 17:02,15.5,0.001,8
13/03/2026 16:32,15.375,0.001,7.99
13/03/2026 16:02,15.5,0.001,7.99
13/03/2026 15:32,15.375,0.001,7.98
13/03/2026 15:02,15.125,0.001,7.98
13/03/2026 14:32,15.125,0.001,7.97
13/03/2026 14:02,15.125,0.001,7.97
13/03/2026 13:32,15.125,0.001,7.96
13/03/2026 13:02,14.875,0.001,7.96
13/03/2026 12:32,15,0.001,7.95
13/03/2026 12:02,14.875,0.001,7.94
13/03/2026 12:02,14.875,0.001,7.94
13/03/2026 11:32,14.875,0.001,7.94
13/03/2026 11:02,14.75,0.001,7.93
13/03/2026 10:32,14.75,0.001,7.93
13/03/2026 10:02,13.75,0.001,7.92
13/03/2026 09:32,14.5,0.001,7.91
13/03/2026 09:02,14.75,0.001,7.91
13/03/2026 08:32,14.75,0.001,7.9
13/03/2026 08:02,14.75,0.001,7.9
13/03/2026 07:32,14.75,0.001,7.89
13/03/2026 07:02,14.75,0.001,7.89
13/03/2026 06:32,14.875,0.001,7.9
13/03/2026 06:02,14.875,0.001,7.9
13/03/2026 05:32,14.75,0.001,7.9
13/03/2026 05:02,15,0.001,7.9
13/03/2026 04:32,14.75,0.001,7.91
13/03/2026 04:02,14.875,0.001,7.91
13/03/2026 03:32,15,0.001,7.92
13/03/2026 03:02,14.875,0.001,7.92
13/03/2026 03:02,14.875,0.001,7.92
13/03/2026 02:32,14.875,0.001,7.92
13/03/2026 02:02,15,0.001,7.93
13/03/2026 01:32,14.875,0.001,7.93
13/03/2026 01:02,14.875,0.001,7.94
13/03/2026 00:32,15,0.001,7.94
13/03/2026 00:02,14.875,0.001,7.94
12/03/2026 23:32,15,0.001,7.95
12/03/2026 23:02,15,0.001,7.95
12/03/2026 22:32,15,0.001,7.96
12/03/2026 22:02,15,0.001,7.96
12/03/2026 21:32,15.125,0.001,7.97
12/03/2026 21:02,15,0.001,7.97
12/03/2026 20:32,15.125,0.001,7.98
12/03/2026 20:02,15,0.001,7.98
12/03/2026 19:32,15.125,0.001,7.99
12/03/2026 19:02,15.125,0.001,7.99
12/03/2026 18:32,15.25,0.001,7.99
12/03/2026 18:02,15.25,0.001,7.99
12/03/2026 17:32,15.25,0.001,7.99
12/03/2026 17:02,15.375,0.001,7.99
12/03/2026 16:32,15.25,0.001,7.98
12/03/2026 16:02,15.125,0.001,7.98
12/03/2026 15:32,15.125,0.001,7.98
12/03/2026 15:02,15.125,0.001,7.97
12/03/2026 14:32,15,0.001,7.96
12/03/2026 14:02,14.875,0.001,7.96
12/03/2026 13:32,14.875,0.001,7.96
12/03/2026 13:02,14.75,0.001,7.95
12/03/2026 12:32,14.75,0.001,7.94
12/03/2026 12:02,15.625,0.001,7.93
12/03/2026 11:32,14.75,0.001,7.93
12/03/2026 11:02,13.75,0.001,7.92
12/03/2026 10:32,13.75,0.001,7.92
12/03/2026 10:02,15.625,0.001,7.91
12/03/2026 09:32,15.625,0.001,7.9
12/03/2026 09:02,13.75,0.001,7.89
12/03/2026 08:32,14.75,0.001,7.89
12/03/2026 08:02,13.75,0.001,7.88
12/03/2026 07:32,13.75,0.001,7.88
12/03/2026 07:02,14.75,0.001,7.88
12/03/2026 06:32,14.75,0.001,7.88
12/03/2026 06:02,14.875,0.001,7.88
12/03/2026 05:32,14.75,0.001,7.89
12/03/2026 05:02,14.875,0.001,7.89
12/03/2026 04:32,15,0.001,7.89
12/03/2026 04:02,14.875,0.001,7.9
12/03/2026 03:32,14.75,0.001,7.9
12/03/2026 03:02,14.875,0.001,7.9
12/03/2026 02:32,14.875,0.001,7.91
12/03/2026 02:02,14.875,0.001,7.91
12/03/2026 01:32,14.875,0.001,7.91
12/03/2026 01:02,14.875,0.001,7.92
12/03/2026 00:32,14.875,0.001,7.92
12/03/2026 00:02,14.875,0.001,7.93
11/03/2026 23:32,14.875,0.001,7.93
11/03/2026 23:02,14.75,0.001,7.94
11/03/2026 22:32,14.75,0.001,7.94
11/03/2026 22:02,14.875,0.001,7.94
11/03/2026 21:32,14.875,0.001,7.95
11/03/2026 21:02,14.875,0.001,7.95
11/03/2026 20:32,14.875,0.001,7.96
11/03/2026 20:02,15,0.001,7.96
11/03/2026 19:32,15,0.001,7.97
11/03/2026 19:02,14.875,0.001,7.97
11/03/2026 18:32,14.875,0.001,7.98
11/03/2026 18:02,15,0.001,7.98
11/03/2026 17:32,15,0.001,7.97
11/03/2026 17:02,14.875,0.001,7.97
11/03/2026 16:32,15,0.001,7.97
11/03/2026 16:02,15,0.001,7.97
11/03/2026 15:32,14.875,0.001,7.96
11/03/2026 15:02,14.75,0.001,7.96
11/03/2026 14:32,14.875,0.001,7.96
11/03/2026 14:02,14.875,0.001,7.96
11/03/2026 14:02,14.875,0.001,7.96
11/03/2026 13:32,15.625,0.001,7.96
11/03/2026 13:02,14.75,0.001,7.96
11/03/2026 12:32,14.625,0.001,7.96
11/03/2026 12:02,14.5,0.001,7.97
11/03/2026 11:32,15.625,0.001,7.98
11/03/2026 11:02,14.5,0.001,7.98
11/03/2026 10:32,14.25,0.001,7.98
11/03/2026 10:02,14.125,0.001,7.96
11/03/2026 09:32,14.125,0.001,7.95
11/03/2026 09:02,14.125,0.001,7.94
11/03/2026 08:32,14.125,0.001,7.94
11/03/2026 08:02,14.125,0.001,7.94
11/03/2026 07:32,14.125,0.001,7.94
11/03/2026 07:02,14.125,0.001,7.94
11/03/2026 06:32,13.875,0.001,7.94
11/03/2026 06:02,14.125,0.001,7.94
11/03/2026 05:32,14.125,0.001,7.95
11/03/2026 05:02,14.125,0.001,7.95
11/03/2026 04:32,14.375,0.001,7.95
11/03/2026 04:02,14.25,0.001,7.96
11/03/2026 03:32,14.125,0.001,7.96
11/03/2026 03:02,14.25,0.001,7.96
11/03/2026 02:32,14.25,0.001,7.97
11/03/2026 02:32,14.25,0.001,7.97
11/03/2026 02:02,14.25,0.001,7.97
11/03/2026 01:32,14.5,0.001,7.98
11/03/2026 01:02,14.375,0.001,7.98
11/03/2026 00:32,14.5,0.001,7.99
11/03/2026 00:02,14.375,0.001,7.99
10/03/2026 23:32,14.5,0.001,7.99
10/03/2026 23:02,14.375,0.001,8
10/03/2026 22:32,14.25,0.001,8.01
10/03/2026 22:02,14.5,0.001,8.01
10/03/2026 21:32,14.5,0.001,8.02
10/03/2026 21:02,14.5,0.001,8.02
10/03/2026 20:32,14.375,0.001,8.02
10/03/2026 20:02,14.25,0.001,8.03
10/03/2026 19:32,14.125,0.001,8.03
10/03/2026 19:02,14.5,0.001,8.04
10/03/2026 18:32,14.125,0.001,8.04
10/03/2026 18:04,14.375,0.001,8.04
10/03/2026 18:02,14.5,0.001,8.05
10/03/2026 17:32,14.375,0.001,8.04
10/03/2026 17:02,14.5,0.001,8.04
10/03/2026 16:32,14.25,0.001,8.04
10/03/2026 16:02,14.375,0.001,8.04
10/03/2026 15:32,14.5,0.001,8.03
10/03/2026 15:32,14.5,0.001,8.03
10/03/2026 15:02,14.5,0.001,8.03
10/03/2026 14:32,14.5,0.001,8.03
10/03/2026 14:02,14.5,0.001,8.02
10/03/2026 13:32,14.125,0.001,8.02
10/03/2026 13:32,14.125,0.001,8.02
10/03/2026 13:02,14.375,0.001,8.01
10/03/2026 12:32,14.25,0.001,8.01
10/03/2026 12:02,14.5,0.001,8
10/03/2026 11:32,14.25,0.001,8
10/03/2026 11:02,14.125,0.001,7.99
10/03/2026 10:32,14.5,0.001,7.99
10/03/2026 10:02,14.125,0.001,7.98
10/03/2026 09:32,14.25,0.001,7.98
10/03/2026 09:02,14.5,0.001,7.97
10/03/2026 09:02,14.5,0.001,7.97
10/03/2026 08:32,14.375,0.001,7.97
10/03/2026 08:02,14.5,0.001,7.97
10/03/2026 07:32,14.625,0.001,7.96
10/03/2026 07:02,14.75,0.001,7.96
10/03/2026 06:32,14.75,0.001,7.96
10/03/2026 06:02,15.625,0.001,7.97
10/03/2026 05:32,13.75,0.001,7.97
10/03/2026 05:02,14.875,0.001,7.98
10/03/2026 04:32,15,0.001,7.98
10/03/2026 04:02,14.875,0.001,7.98
10/03/2026 03:32,15,0.001,7.99
10/03/2026 03:02,15,0.001,7.99
10/03/2026 02:32,15,0.001,7.99
10/03/2026 02:32,15,0.001,7.99
10/03/2026 02:02,14.875,0.001,8
10/03/2026 01:32,15,0.001,8
10/03/2026 01:02,15,0.001,8
10/03/2026 00:32,15,0.001,8.01
10/03/2026 00:02,14.875,0.001,8.01
09/03/2026 23:32,15,0.001,8.02
09/03/2026 23:02,15,0.001,8.02
09/03/2026 22:32,15.125,0.001,8.02
09/03/2026 21:32,15,0.001,8.03
09/03/2026 21:02,15.125,0.001,8.03
09/03/2026 20:32,15,0.001,8.04
09/03/2026 20:32,15,0.001,8.04
09/03/2026 20:02,15,0.001,8.04
09/03/2026 20:02,15,0.001,8.04
09/03/2026 19:32,15,0.001,8.04
09/03/2026 19:02,15.125,0.001,8.05
09/03/2026 18:32,15.25,0.001,8.05
09/03/2026 18:02,15.125,0.001,8.05
09/03/2026 17:32,15.25,0.001,8.05
09/03/2026 17:02,15.25,0.001,8.05
09/03/2026 16:32,15.25,0.001,8.04
09/03/2026 16:02,15.25,0.001,8.04
09/03/2026 15:32,15,0.001,8.03
09/03/2026 15:02,15.125,0.001,8.03
09/03/2026 14:32,14.875,0.001,8.02
09/03/2026 14:02,14.875,0.001,8.02
09/03/2026 13:32,14.75,0.001,8.02
09/03/2026 13:02,14.75,0.001,8.01
09/03/2026 12:32,14.75,0.001,8
09/03/2026 12:02,14.625,0.001,7.99
09/03/2026 11:32,14.625,0.001,7.99
09/03/2026 11:02,14.5,0.001,7.98
09/03/2026 10:32,14.5,0.001,7.98
09/03/2026 10:02,14.5,0.001,7.98
09/03/2026 09:32,14.5,0.001,7.97
09/03/2026 09:02,14.5,0.001,7.97
09/03/2026 08:32,14.5,0.001,7.96
09/03/2026 08:02,14.5,0.001,7.96
09/03/2026 07:32,14.75,0.001,7.96
09/03/2026 07:02,14.625,0.001,7.95
09/03/2026 06:32,13.75,0.001,7.96
09/03/2026 06:32,13.75,0.001,7.96
09/03/2026 06:02,14.625,0.001,7.96
09/03/2026 05:32,14.5,0.001,7.96
09/03/2026 05:02,15.625,0.001,7.97
09/03/2026 04:32,15.625,0.001,7.97
09/03/2026 04:02,14.625,0.001,7.98
09/03/2026 03:32,13.75,0.001,7.98
09/03/2026 03:02,14.625,0.001,7.98
09/03/2026 02:32,14.75,0.001,7.99
09/03/2026 02:02,14.75,0.001,7.99
09/03/2026 01:32,15.625,0.001,7.99
09/03/2026 01:02,14.75,0.001,8
09/03/2026 00:32,14.75,0.001,8
09/03/2026 00:02,14.75,0.001,8.01
08/03/2026 23:32,14.75,0.001,8.01
08/03/2026 23:02,13.75,0.001,8.01
08/03/2026 22:32,14.625,0.001,8.02
08/03/2026 22:02,14.625,0.001,8.02
08/03/2026 21:32,13.75,0.001,8.03
08/03/2026 21:02,15.625,0.001,8.03
08/03/2026 20:32,14.875,0.001,8.03
08/03/2026 20:02,13.75,0.001,8.04
08/03/2026 19:32,14.875,0.001,8.04
08/03/2026 19:02,14.75,0.001,8.04
08/03/2026 18:32,14.75,0.001,8.05
08/03/2026 18:02,14.875,0.001,8.05
08/03/2026 17:32,14.875,0.001,8.04
08/03/2026 17:02,15,0.001,8.04
08/03/2026 17:02,15,0.001,8.04
08/03/2026 16:32,15,0.001,8.04
08/03/2026 16:02,15,0.001,8.03
08/03/2026 15:32,14.875,0.001,8.03
08/03/2026 15:32,14.875,0.001,8.03
08/03/2026 15:02,14.875,0.001,8.03
08/03/2026 14:32,14.875,0.001,8.02
08/03/2026 14:02,14.75,0.001,8.02
08/03/2026 13:32,14.75,0.001,8.01
08/03/2026 13:32,14.75,0.001,8.01
08/03/2026 13:02,14.625,0.001,8.01
08/03/2026 12:32,14.5,0.001,8
08/03/2026 12:02,14.625,0.001,8
08/03/2026 11:32,14.5,0.001,7.99
08/03/2026 11:02,14.5,0.001,7.99
08/03/2026 10:32,14.5,0.001,7.98
08/03/2026 10:02,14.25,0.001,7.98
08/03/2026 09:32,14.5,0.001,7.97
08/03/2026 09:02,14.25,0.001,7.96
08/03/2026 08:32,14.5,0.001,7.96
08/03/2026 08:02,14.25,0.001,7.96
08/03/2026 07:32,14.5,0.001,7.96
08/03/2026 07:02,14.375,0.001,7.96
08/03/2026 07:02,14.375,0.001,7.96
08/03/2026 06:32,14.5,0.001,7.96
08/03/2026 06:02,14.375,0.001,7.96
08/03/2026 05:32,14.625,0.001,7.96
08/03/2026 05:02,14.5,0.001,7.97
08/03/2026 04:32,14.5,0.001,7.97
08/03/2026 04:02,14.375,0.001,7.98
08/03/2026 03:32,14.375,0.001,7.98
08/03/2026 03:02,14.375,0.001,7.98
08/03/2026 02:32,14.5,0.001,7.99
08/03/2026 02:02,14.25,0.001,7.99
08/03/2026 01:32,14.5,0.001,7.99
08/03/2026 01:02,14.5,0.001,8
08/03/2026 00:32,14.5,0.001,8
08/03/2026 00:02,14.5,0.001,8
07/03/2026 23:32,14.5,0.001,8.01
07/03/2026 23:02,14.25,0.001,8.01
07/03/2026 22:32,14.125,0.001,8.02
07/03/2026 22:02,14.125,0.001,8.02
07/03/2026 21:32,14.25,0.001,8.02
07/03/2026 21:02,14.25,0.001,8.03
07/03/2026 20:32,14.375,0.001,8.03
07/03/2026 20:02,14,0.001,8.03
07/03/2026 19:32,14,0.001,8.04
07/03/2026 19:02,14,0.001,8.04
07/03/2026 18:32,14.125,0.001,8.04
07/03/2026 18:02,14.125,0.001,8.04
07/03/2026 17:32,13.875,0.001,8.04
07/03/2026 17:02,14.25,0.001,8.04
07/03/2026 16:32,14,0.001,8.03
07/03/2026 16:02,14,0.001,8.03
07/03/2026 15:32,14.25,0.001,8.03
07/03/2026 15:02,14,0.001,8.02
07/03/2026 14:32,14.25,0.001,8.02
07/03/2026 14:02,14.125,0.001,8.01
07/03/2026 13:32,14.125,0.001,8.01
07/03/2026 13:02,14.125,0.001,8
07/03/2026 12:32,14,0.001,8
07/03/2026 12:02,13.75,0.001,7.99
07/03/2026 11:32,14,0.001,7.99
07/03/2026 11:02,13.75,0.001,7.98
07/03/2026 10:32,13.875,0.001,7.97
07/03/2026 10:02,13.875,0.001,7.97
07/03/2026 09:32,13.75,0.001,7.97
07/03/2026 09:02,13,0.001,7.97
07/03/2026 09:02,13,0.001,7.97
07/03/2026 08:32,12.75,0.001,7.96
07/03/2026 08:02,13.75,0.001,7.96
07/03/2026 07:32,14,0.001,7.95
07/03/2026 07:32,14,0.001,7.95
07/03/2026 07:02,13.75,0.001,7.95
07/03/2026 06:32,13.875,0.001,7.96
07/03/2026 06:02,14.625,0.001,7.96
07/03/2026 05:32,13.625,0.001,7.96
07/03/2026 05:02,13.625,0.001,7.96
07/03/2026 04:32,13.875,0.001,7.97
07/03/2026 04:02,13.625,0.001,7.97
07/03/2026 03:32,13.75,0.001,7.97
07/03/2026 03:02,14.625,0.001,7.98
07/03/2026 02:32,13.875,0.001,7.98
07/03/2026 02:02,13.875,0.001,7.99
07/03/2026 01:32,14.625,0.001,7.99
07/03/2026 01:02,12.875,0.001,7.99
07/03/2026 00:32,13.875,0.001,8
07/03/2026 00:02,13.75,0.001,8
06/03/2026 23:32,13.625,0.001,8
06/03/2026 23:02,12.75,0.001,8.01
06/03/2026 22:32,13.75,0.001,8.02
06/03/2026 22:02,13.75,0.001,8.02
06/03/2026 21:32,13.75,0.001,8.03
06/03/2026 21:02,14.625,0.001,8.03
06/03/2026 20:32,13,0.001,8.04
06/03/2026 20:02,13.625,0.001,8.04
06/03/2026 19:32,13.875,0.001,8.05
06/03/2026 19:02,14,0.001,8.05
06/03/2026 18:32,13.75,0.001,8.05
06/03/2026 18:02,13.75,0.001,8.05
06/03/2026 17:32,13.875,0.001,8.05
06/03/2026 17:02,13.875,0.001,8.05
06/03/2026 16:32,13.75,0.001,8.05
06/03/2026 16:02,13.75,0.001,8.04
06/03/2026 15:32,12.75,0.001,8.04
06/03/2026 15:02,13.75,0.001,8.04
06/03/2026 14:32,14,0.001,8.03
06/03/2026 14:02,14,0.001,8.03
06/03/2026 13:32,13.875,0.001,8.02
06/03/2026 13:02,13.875,0.001,8.02
06/03/2026 12:32,14,0.001,8.01
06/03/2026 12:02,14.25,0.001,8.01
06/03/2026 11:32,14,0.001,8.01
06/03/2026 11:02,14.125,0.001,8
06/03/2026 10:32,14.125,0.001,7.99
06/03/2026 10:02,14.375,0.001,7.99
06/03/2026 09:32,14.125,0.001,7.99
06/03/2026 09:02,14.375,0.001,7.98
06/03/2026 08:32,14.125,0.001,7.98
06/03/2026 08:02,14.375,0.001,7.97
06/03/2026 07:32,14.5,0.001,7.97
06/03/2026 07:02,14.375,0.001,7.97
06/03/2026 06:32,14.5,0.001,7.97
06/03/2026 06:02,14.5,0.001,7.98
06/03/2026 05:32,14.25,0.001,7.98
06/03/2026 05:02,14.5,0.001,7.98
06/03/2026 04:32,14.5,0.001,7.99
06/03/2026 04:02,14.5,0.001,7.99
06/03/2026 03:32,14.375,0.001,7.99
06/03/2026 03:02,14.375,0.001,8
06/03/2026 02:32,14.625,0.001,8
06/03/2026 02:02,14.5,0.001,8
06/03/2026 02:02,14.5,0.001,8
06/03/2026 01:32,14.5,0.001,8.01
06/03/2026 01:02,14.375,0.001,8.01
06/03/2026 00:32,14.375,0.001,8.01
06/03/2026 00:02,14.25,0.001,8.02
06/03/2026 00:02,14.25,0.001,8.02
05/03/2026 23:32,14.5,0.001,8.02
05/03/2026 23:02,14.125,0.001,8.02
05/03/2026 22:32,14.125,0.001,8.03
05/03/2026 22:32,14.125,0.001,8.03
05/03/2026 22:02,14.125,0.001,8.03
05/03/2026 21:32,14.375,0.001,8.03
05/03/2026 21:02,14,0.001,8.04
05/03/2026 20:32,14.375,0.001,8.04
05/03/2026 20:02,14.25,0.001,8.04
05/03/2026 19:32,14.25,0.001,8.05
05/03/2026 19:02,14,0.001,8.05
05/03/2026 19:02,14,0.001,8.05
05/03/2026 18:32,14,0.001,8.05
05/03/2026 18:32,14,0.001,8.05
05/03/2026 18:02,14,0.001,8.05
05/03/2026 17:32,14,0.001,8.05
05/03/2026 17:02,13.875,0.001,8.04
05/03/2026 17:02,13.875,0.001,8.04
05/03/2026 16:32,13.875,0.001,8.04
05/03/2026 16:02,14.125,0.001,8.04
05/03/2026 15:32,14.125,0.001,8.03
05/03/2026 15:02,14,0.001,8.03
05/03/2026 14:32,13.875,0.001,8.02
05/03/2026 14:02,14.125,0.001,8.02
05/03/2026 13:32,14.125,0.001,8.02
05/03/2026 13:02,13.75,0.001,8.01
05/03/2026 12:32,13.75,0.001,8.01
05/03/2026 12:02,13.875,0.001,8
05/03/2026 11:32,13.75,0.001,8
05/03/2026 11:02,13.75,0.001,7.99
05/03/2026 10:32,13.75,0.001,7.99
05/03/2026 10:02,14,0.001,7.98
05/03/2026 09:32,13.75,0.001,7.98
05/03/2026 09:02,14.125,0.001,7.97
05/03/2026 08:32,14,0.001,7.97
05/03/2026 08:02,14,0.001,7.96
05/03/2026 07:32,13.875,0.001,7.96
05/03/2026 07:02,13.875,0.001,7.96
05/03/2026 06:32,13.875,0.001,7.96
05/03/2026 06:02,14,0.001,7.97
05/03/2026 05:32,14,0.001,7.97
05/03/2026 05:02,13.75,0.001,7.97
05/03/2026 04:32,14.125,0.001,7.97
05/03/2026 04:02,14,0.001,7.98
05/03/2026 03:32,13.875,0.001,7.98
05/03/2026 03:02,14.125,0.001,7.98
05/03/2026 02:32,14.125,0.001,7.99
05/03/2026 02:02,13.875,0.001,7.99
05/03/2026 01:32,14.125,0.001,8
05/03/2026 01:02,13.875,0.001,8
05/03/2026 00:32,14,0.001,8
05/03/2026 00:02,14,0.001,8
04/03/2026 23:32,13.875,0.001,8.01
04/03/2026 23:02,14.125,0.001,8.01
04/03/2026 22:32,14.125,0.001,8.02
04/03/2026 22:02,14,0.001,8.02
04/03/2026 21:32,14.25,0.001,8.02
04/03/2026 21:02,14.125,0.001,8.03
04/03/2026 20:32,13.875,0.001,8.03
04/03/2026 20:02,14.125,0.001,8.03
04/03/2026 19:32,14.125,0.001,8.04
04/03/2026 19:02,14.125,0.001,8.04
04/03/2026 18:32,14,0.001,8.04
04/03/2026 18:02,14.125,0.001,8.04
04/03/2026 17:32,14.125,0.001,8.04
04/03/2026 17:02,14.25,0.001,8.04
04/03/2026 16:32,14.125,0.001,8.03
04/03/2026 16:02,14,0.001,8.03
04/03/2026 15:32,14.25,0.001,8.03
04/03/2026 15:02,14.125,0.001,8.02
04/03/2026 14:32,14.125,0.001,8.02
04/03/2026 14:02,14.25,0.001,8.02
04/03/2026 13:32,14.375,0.001,8.01
04/03/2026 13:02,14.25,0.001,8.01
04/03/2026 12:32,14.25,0.001,8
04/03/2026 12:02,14.25,0.001,8
04/03/2026 11:32,14.25,0.001,7.99
04/03/2026 11:02,14.25,0.001,7.99
04/03/2026 10:32,14.25,0.001,7.99
04/03/2026 10:02,14.25,0.001,7.98
04/03/2026 09:32,14.375,0.001,7.98
04/03/2026 09:02,14.5,0.001,7.97
04/03/2026 08:32,14.625,0.001,7.96
04/03/2026 08:02,14.625,0.001,7.96
04/03/2026 07:32,14.75,0.001,7.95
04/03/2026 07:02,14.625,0.001,7.95
04/03/2026 06:32,15.625,0.001,7.96
04/03/2026 06:02,14.625,0.001,7.96
04/03/2026 05:32,14.75,0.001,7.96
04/03/2026 05:02,13.75,0.001,7.96
04/03/2026 04:32,14.875,0.001,7.97
04/03/2026 04:02,14.75,0.001,7.97
04/03/2026 03:32,14.875,0.001,7.98
04/03/2026 03:02,14.875,0.001,7.98
04/03/2026 03:02,14.875,0.001,7.98
04/03/2026 02:32,14.875,0.001,7.98
04/03/2026 02:02,14.75,0.001,7.98
04/03/2026 01:32,14.875,0.001,7.99
04/03/2026 01:02,14.75,0.001,7.99
04/03/2026 01:02,14.75,0.001,7.99
04/03/2026 00:32,14.75,0.001,7.99
04/03/2026 00:02,13.75,0.001,8
03/03/2026 23:32,14.875,0.001,8.01
03/03/2026 23:02,14.75,0.001,8.01
03/03/2026 22:32,14.75,0.001,8.01
03/03/2026 22:02,14.75,0.001,8.02
03/03/2026 21:32,14.875,0.001,8.02
03/03/2026 21:02,14.75,0.001,8.03
03/03/2026 20:32,14.75,0.001,8.04
03/03/2026 20:02,14.875,0.001,8.04
03/03/2026 19:32,14.875,0.001,8.05
03/03/2026 19:02,14.75,0.001,8.06
03/03/2026 18:32,15,0.001,8.06
03/03/2026 18:02,15,0.001,8.07
03/03/2026 17:32,15,0.001,8.07
03/03/2026 17:02,15.125,0.001,8.08
03/03/2026 16:32,15.125,0.001,8.09
03/03/2026 16:02,14.875,0.001,8.09
03/03/2026 16:02,14.875,0.001,8.09
03/03/2026 15:32,14.875,0.001,8.08
03/03/2026 15:02,14.875,0.001,8.08
03/03/2026 14:32,14.875,0.001,8.07
03/03/2026 14:02,14.875,0.001,8.07
03/03/2026 13:32,14.875,0.001,8.06
03/03/2026 13:02,14.75,0.001,8.06
03/03/2026 12:32,14.875,0.001,8.06
03/03/2026 12:02,14.875,0.001,8.05
03/03/2026 11:32,14.875,0.001,8.05
03/03/2026 11:02,13.75,0.001,8.04
03/03/2026 10:32,14.875,0.001,8.04
03/03/2026 10:32,14.875,0.001,8.04
03/03/2026 10:02,14.75,0.001,8.03
03/03/2026 09:32,14.875,0.001,8.03
03/03/2026 09:02,14.625,0.001,8.02
03/03/2026 08:32,14.75,0.001,8.02
03/03/2026 08:02,14.75,0.001,8.01
03/03/2026 07:32,14.75,0.001,8.01
03/03/2026 07:02,13.75,0.001,8.01
03/03/2026 06:32,13.75,0.001,8.01
03/03/2026 06:02,13.75,0.001,8.01
03/03/2026 05:32,14.875,0.001,8.02
03/03/2026 05:32,14.875,0.001,8.02
03/03/2026 05:02,14.625,0.001,8.02
03/03/2026 04:32,14.625,0.001,8.02
03/03/2026 04:02,13.75,0.001,8.02
03/03/2026 03:32,14.75,0.001,8.03
03/03/2026 03:02,14.75,0.001,8.03
03/03/2026 02:32,14.625,0.001,8.03
03/03/2026 02:02,14.75,0.001,8.04
03/03/2026 01:32,14.625,0.001,8.04
03/03/2026 01:02,14.75,0.001,8.05
03/03/2026 00:32,14.625,0.001,8.05
03/03/2026 00:02,13.75,0.001,8.05
02/03/2026 23:32,15.625,0.001,8.06
02/03/2026 23:02,14.625,0.001,8.06
02/03/2026 22:32,14.625,0.001,8.06
02/03/2026 22:02,13.75,0.001,8.06
02/03/2026 21:32,14.75,0.001,8.07
02/03/2026 21:02,15.625,0.001,8.07
02/03/2026 20:32,14.625,0.001,8.08
02/03/2026 20:02,14.625,0.001,8.08
02/03/2026 19:32,14.625,0.001,8.08
02/03/2026 19:02,15.625,0.001,8.09
02/03/2026 18:32,14.5,0.001,8.09
02/03/2026 18:02,14.75,0.001,8.09
02/03/2026 17:32,14.875,0.001,8.09
02/03/2026 17:02,14.875,0.001,8.09
02/03/2026 16:32,14.875,0.001,8.08
02/03/2026 16:02,14.75,0.001,8.08
02/03/2026 15:32,14.875,0.001,8.08
02/03/2026 15:02,14.875,0.001,8.07
02/03/2026 14:32,14.75,0.001,8.07
02/03/2026 14:02,14.875,0.001,8.06
02/03/2026 13:32,14.75,0.001,8.06
02/03/2026 13:02,14.75,0.001,8.06
02/03/2026 12:32,14.75,0.001,8.05
02/03/2026 12:02,14.75,0.001,8.04
02/03/2026 11:32,14.5,0.001,8.04
02/03/2026 11:02,14.75,0.001,8.03
02/03/2026 10:32,14.625,0.001,8.03
02/03/2026 10:02,14.625,0.001,8.02
02/03/2026 09:32,14.625,0.001,8.02
02/03/2026 09:02,13.75,0.001,8.01
02/03/2026 08:32,14.625,0.001,8.01
02/03/2026 08:02,15.625,0.001,8
02/03/2026 07:32,14.75,0.001,8
02/03/2026 07:02,15.625,0.001,8
02/03/2026 06:32,15.625,0.001,8
02/03/2026 06:02,15.625,0.001,8
02/03/2026 05:32,14.75,0.001,8
02/03/2026 05:32,14.75,0.001,8
02/03/2026 05:02,14.875,0.001,8.01
02/03/2026 04:32,14.625,0.001,8.01
02/03/2026 04:02,15.5,0.001,8.01
02/03/2026 03:32,14.75,0.001,8.01
02/03/2026 03:02,14.625,0.001,8.02
02/03/2026 02:32,14.625,0.001,8.02
02/03/2026 02:02,14.625,0.001,8.02
02/03/2026 01:32,14.75,0.001,8.03
02/03/2026 01:02,14.625,0.001,8.03
02/03/2026 00:32,14.75,0.001,8.03
02/03/2026 00:02,14.75,0.001,8.04
01/03/2026 23:32,14.75,0.001,8.04
01/03/2026 23:02,14.75,0.001,8.05
01/03/2026 22:32,14.625,0.001,8.05
01/03/2026 22:02,13.75,0.001,8.05
01/03/2026 21:32,14.75,0.001,8.06
01/03/2026 21:02,14.5,0.001,8.06
01/03/2026 20:32,14.625,0.001,8.06
01/03/2026 20:02,14.75,0.001,8.07
01/03/2026 19:32,13.75,0.001,8.07
01/03/2026 19:02,14.625,0.001,8.07
01/03/2026 18:32,14.625,0.001,8.08
01/03/2026 18:02,14.625,0.001,8.08
01/03/2026 17:32,14.875,0.001,8.08
01/03/2026 17:02,14.75,0.001,8.07
01/03/2026 16:32,14.875,0.001,8.07
01/03/2026 16:02,14.875,0.001,8.07
01/03/2026 15:32,14.75,0.001,8.06
01/03/2026 15:02,14.875,0.001,8.06
01/03/2026 14:32,15,0.001,8.05
01/03/2026 14:02,14.875,0.001,8.05
01/03/2026 13:32,14.75,0.001,8.04
01/03/2026 13:02,14.875,0.001,8.04
01/03/2026 12:32,14.875,0.001,8.03
01/03/2026 12:02,14.75,0.001,8.03
01/03/2026 11:32,14.75,0.001,8.02
01/03/2026 11:02,14.75,0.001,8.02
01/03/2026 10:32,14.75,0.001,8.01
01/03/2026 10:02,15.625,0.001,8
01/03/2026 09:32,14.625,0.001,8
01/03/2026 09:02,13.75,0.001,7.99
01/03/2026 08:32,14.625,0.001,7.99
01/03/2026 08:02,15.625,0.001,7.98
01/03/2026 07:32,15.625,0.001,7.97
01/03/2026 07:02,13.75,0.001,7.97
01/03/2026 06:32,14.75,0.001,7.97
01/03/2026 06:02,14.75,0.001,7.97
01/03/2026 05:32,14.625,0.001,7.98
01/03/2026 05:02,13.875,0.001,7.98
01/03/2026 04:32,14.75,0.001,7.98
01/03/2026 04:02,14.75,0.001,7.99
01/03/2026 04:02,14.75,0.001,7.99
01/03/2026 03:32,14.625,0.001,7.99
01/03/2026 03:02,14.75,0.001,7.99
01/03/2026 02:32,14.75,0.001,7.99
01/03/2026 02:02,15.625,0.001,8
01/03/2026 01:32,14.625,0.001,8
01/03/2026 01:32,14.625,0.001,8
01/03/2026 01:02,14.75,0.001,8
01/03/2026 00:32,14.75,0.001,8
01/03/2026 00:02,14.75,0.001,8.01
28/02/2026 23:32,14.625,0.001,8.01
28/02/2026 23:02,14.625,0.001,8.01
28/02/2026 22:32,15.625,0.001,8.02
28/02/2026 22:02,14.75,0.001,8.02
28/02/2026 21:32,13.875,0.001,8.02
28/02/2026 21:02,15.5,0.001,8.03
28/02/2026 20:32,13.75,0.001,8.03
28/02/2026 20:02,14.5,0.001,8.04
28/02/2026 19:32,14.875,0.001,8.04
28/02/2026 19:02,14.875,0.001,8.04
28/02/2026 18:32,14.875,0.001,8.04
28/02/2026 18:02,14.75,0.001,8.04
28/02/2026 17:32,14.875,0.001,8.04
28/02/2026 17:02,14.875,0.001,8.03
28/02/2026 16:32,15,0.001,8.03
28/02/2026 16:02,14.875,0.001,8.03
28/02/2026 15:32,15,0.001,8.02
28/02/2026 15:02,14.875,0.001,8.02
28/02/2026 14:32,15,0.001,8.01
28/02/2026 14:02,15,0.001,8.01
28/02/2026 13:32,14.875,0.001,8
28/02/2026 13:02,14.75,0.001,8
28/02/2026 12:32,14.75,0.001,7.99
28/02/2026 12:02,14.75,0.001,7.99
28/02/2026 12:02,14.75,0.001,7.99
28/02/2026 11:32,15.625,0.001,7.98
28/02/2026 11:02,14.75,0.001,7.97
28/02/2026 10:32,14.625,0.001,7.96
28/02/2026 10:02,14.75,0.001,7.96
28/02/2026 09:32,14.75,0.001,7.95
28/02/2026 09:02,14.625,0.001,7.94
28/02/2026 09:02,14.625,0.001,7.94
28/02/2026 08:32,15.625,0.001,7.93
28/02/2026 08:02,14.625,0.001,7.93
28/02/2026 07:32,14.875,0.001,7.93
28/02/2026 07:02,15,0.001,7.92
28/02/2026 06:32,14.875,0.001,7.93
28/02/2026 06:02,14.875,0.001,7.93
28/02/2026 05:32,14.875,0.001,7.93
28/02/2026 05:02,15,0.001,7.93
28/02/2026 04:32,14.75,0.001,7.94
28/02/2026 04:02,15,0.001,7.94
28/02/2026 03:32,15,0.001,7.94
28/02/2026 03:02,14.875,0.001,7.94
28/02/2026 02:32,14.875,0.001,7.95
28/02/2026 02:02,15,0.001,7.95
28/02/2026 01:32,15,0.001,7.95
28/02/2026 01:02,15,0.001,7.96
28/02/2026 00:32,15.125,0.001,7.96
28/02/2026 00:02,15,0.001,7.96
27/02/2026 23:32,15.125,0.001,7.97
27/02/2026 23:32,15.125,0.001,7.97
27/02/2026 23:02,15,0.001,7.97
27/02/2026 22:32,15.25,0.001,7.97
27/02/2026 22:02,15.25,0.001,7.98
27/02/2026 21:32,15.25,0.001,7.98
27/02/2026 21:02,15.25,0.001,7.98
27/02/2026 20:32,15.25,0.001,7.99
27/02/2026 20:02,15.5,0.001,7.99
27/02/2026 19:32,15.5,0.001,7.99
27/02/2026 19:02,15.5,0.001,8
27/02/2026 18:32,15.625,0.001,8
27/02/2026 18:02,16.625,0.001,8
27/02/2026 17:32,15.625,0.001,8
27/02/2026 17:02,15.75,0.001,7.99
27/02/2026 16:32,15.75,0.001,7.99
27/02/2026 16:02,15.625,0.001,7.98
27/02/2026 15:32,15.625,0.001,7.98
27/02/2026 15:02,15.625,0.001,7.97
27/02/2026 14:32,15.5,0.001,7.97
27/02/2026 14:02,15.5,0.001,7.96
27/02/2026 13:32,15.5,0.001,7.95
27/02/2026 13:02,15.5,0.001,7.95
27/02/2026 12:32,15.25,0.001,7.95
27/02/2026 12:02,15.125,0.001,7.96
27/02/2026 11:32,15.25,0.001,7.97
27/02/2026 11:02,15.25,0.001,7.95
27/02/2026 10:32,15,0.001,7.95
27/02/2026 10:02,14.875,0.001,7.95
27/02/2026 09:32,14.875,0.001,7.95
27/02/2026 09:02,15.625,0.001,7.94
27/02/2026 08:32,14.75,0.001,7.94
27/02/2026 08:02,14.875,0.001,7.93
27/02/2026 07:32,14.75,0.001,7.93
27/02/2026 07:02,14.875,0.001,7.93
27/02/2026 06:32,14.875,0.001,7.93
27/02/2026 06:02,15,0.001,7.93
27/02/2026 05:32,15,0.001,7.93
27/02/2026 05:02,14.875,0.001,7.94
27/02/2026 04:32,14.875,0.001,7.94
27/02/2026 04:02,15,0.001,7.94
27/02/2026 03:32,14.875,0.001,7.95
27/02/2026 03:02,14.875,0.001,7.95
27/02/2026 02:32,14.875,0.001,7.95
27/02/2026 02:02,15,0.001,7.95
27/02/2026 01:32,15.125,0.001,7.96
27/02/2026 01:02,15,0.001,7.96
27/02/2026 00:32,15,0.001,7.96
27/02/2026 00:02,14.875,0.001,7.96
26/02/2026 23:32,15.125,0.001,7.96
26/02/2026 23:02,15.125,0.001,7.96
26/02/2026 22:32,15,0.001,7.96
26/02/2026 22:02,15.25,0.001,7.96
26/02/2026 21:32,15.125,0.001,7.96
26/02/2026 21:02,15.25,0.001,7.95
26/02/2026 20:32,15.25,0.001,7.95
26/02/2026 20:02,15.25,0.001,7.95
26/02/2026 19:32,15.25,0.001,7.97
26/02/2026 19:02,15.25,0.001,7.99
26/02/2026 18:32,15.375,0.001,8
26/02/2026 18:02,15.375,0.001,8
26/02/2026 17:32,15.625,0.001,8
26/02/2026 17:02,15.625,0.001,7.99
26/02/2026 16:32,15.625,0.001,7.98
26/02/2026 16:02,15.5,0.001,7.97
26/02/2026 15:32,15.5,0.001,7.95
26/02/2026 15:02,15.5,0.001,7.92
26/02/2026 14:32,15.5,0.001,7.88
26/02/2026 14:02,15.375,0.001,7.82
26/02/2026 13:32,15.375,0.001,7.74
26/02/2026 13:02,15.25,0.001,7.62
26/02/2026 13:02,15.25,0.001,7.62
26/02/2026 12:45,15.5,0.001,7.52
26/02/2026 12:32,15.5,0.001,7.4
26/02/2026 12:02,15.5,0.001,7.12
26/02/2026 12:02,15.5,0.001,7.47
21/02/2026 16:02,16,0.001,8.07
21/02/2026 15:32,16,0.001,8.07
21/02/2026 15:02,15.875,0.001,8.06
21/02/2026 14:32,15.875,0.001,8.06
21/02/2026 14:02,16,0.001,8.05
21/02/2026 13:32,15.875,0.001,8.05
21/02/2026 13:02,15.75,0.001,8.04
21/02/2026 12:32,15.75,0.001,8.03
21/02/2026 12:02,15.625,0.001,8.03
21/02/2026 11:32,15.5,0.001,8.02
21/02/2026 11:02,15.5,0.001,8.01
21/02/2026 10:32,15.375,0.001,8
21/02/2026 10:02,15.5,0.001,8
21/02/2026 09:32,15.5,0.001,7.99
21/02/2026 09:02,15.625,0.001,7.98
21/02/2026 08:32,15.5,0.001,7.98
21/02/2026 08:02,15.375,0.001,7.98
21/02/2026 07:32,15.5,0.001,7.97
21/02/2026 07:02,15.5,0.001,7.97
21/02/2026 06:32,15.375,0.001,7.97
21/02/2026 06:02,15.5,0.001,7.98
21/02/2026 05:32,15.5,0.001,7.98
21/02/2026 05:02,15.5,0.001,7.99
21/02/2026 04:32,15.5,0.001,7.99
21/02/2026 04:02,15.5,0.001,7.99
21/02/2026 03:32,15.625,0.001,8
21/02/2026 03:02,15.5,0.001,8
21/02/2026 02:32,15.5,0.001,8
21/02/2026 02:02,15.625,0.001,8.01
21/02/2026 01:32,15.625,0.001,8.01
21/02/2026 01:02,15.625,0.001,8.02
21/02/2026 00:32,16.625,0.001,8.02
21/02/2026 00:02,15.5,0.001,8.03
20/02/2026 23:32,15.625,0.001,8.03
20/02/2026 23:02,15.625,0.001,8.03
20/02/2026 22:32,16.625,0.001,8.04
20/02/2026 22:02,15.875,0.001,8.04
20/02/2026 21:32,14.875,0.001,8.05
20/02/2026 21:02,16.625,0.001,8.05
20/02/2026 20:32,15.75,0.001,8.06
20/02/2026 20:32,15.75,0.001,8.06
20/02/2026 20:02,15.875,0.001,8.06
20/02/2026 19:32,15.875,0.001,8.07
20/02/2026 19:02,15.875,0.001,8.07
20/02/2026 18:32,15.875,0.001,8.08
20/02/2026 18:32,15.875,0.001,8.08
20/02/2026 18:02,16,0.001,8.08
20/02/2026 17:32,16,0.001,8.08
20/02/2026 17:02,16.125,0.001,8.08
20/02/2026 16:32,15.875,0.001,8.07
20/02/2026 16:02,16,0.001,8.06
20/02/2026 15:32,15.875,0.001,8.06
20/02/2026 15:02,15.875,0.001,8.05
20/02/2026 14:32,15.75,0.001,8.05
20/02/2026 14:02,15.875,0.001,8.04
20/02/2026 13:32,14.75,0.001,8.04
20/02/2026 13:02,15.625,0.001,8.03
20/02/2026 12:32,15.5,0.001,8.03
20/02/2026 12:02,15.5,0.001,8.02
20/02/2026 11:32,15.5,0.001,8.02
20/02/2026 11:02,15.5,0.001,8.01
20/02/2026 10:32,15.5,0.001,8
20/02/2026 10:02,15.375,0.001,7.99
20/02/2026 09:32,15.375,0.001,7.99
20/02/2026 09:02,15.375,0.001,7.98
20/02/2026 08:32,15.375,0.001,7.98
20/02/2026 08:02,15.375,0.001,7.97
20/02/2026 07:32,15.5,0.001,7.97
20/02/2026 07:02,15.375,0.001,7.97
20/02/2026 06:32,15.375,0.001,7.97
20/02/2026 06:02,15.5,0.001,7.97
20/02/2026 05:32,15.375,0.001,7.98
20/02/2026 05:02,15.5,0.001,7.98
20/02/2026 04:32,15.625,0.001,7.98
20/02/2026 04:02,15.5,0.001,7.99
20/02/2026 03:32,15.5,0.001,7.99
20/02/2026 03:32,15.5,0.001,7.99
20/02/2026 03:02,15.375,0.001,7.99
20/02/2026 02:32,15.375,0.001,8
20/02/2026 02:02,15.5,0.001,8
20/02/2026 01:32,15.375,0.001,8.01
20/02/2026 01:02,15.625,0.001,8.01
20/02/2026 00:32,15.625,0.001,8.01
20/02/2026 00:02,15.625,0.001,8.02
19/02/2026 23:32,15.375,0.001,8.02
19/02/2026 23:02,15.5,0.001,8.03
19/02/2026 22:32,15.625,0.001,8.03
19/02/2026 22:02,15.5,0.001,8.03
19/02/2026 21:32,15.625,0.001,8.04
19/02/2026 21:02,15.625,0.001,8.04
19/02/2026 20:32,15.625,0.001,8.05
19/02/2026 20:02,15.75,0.001,8.05
19/02/2026 19:32,15.75,0.001,8.06
19/02/2026 19:02,15.875,0.001,8.06
19/02/2026 18:32,15.75,0.001,8.07
19/02/2026 18:02,16,0.001,8.07
19/02/2026 17:32,15.875,0.001,8.07
19/02/2026 17:02,15.875,0.001,8.07
19/02/2026 16:32,16,0.001,8.07
19/02/2026 16:02,15.875,0.001,8.06
19/02/2026 15:32,15.875,0.001,8.06
19/02/2026 15:02,15.75,0.001,8.05
19/02/2026 14:32,15.75,0.001,8.05
19/02/2026 14:02,16.625,0.001,8.04
19/02/2026 13:32,15.625,0.001,8.03
19/02/2026 13:02,15.625,0.001,8.03
19/02/2026 12:32,15.5,0.001,8.02
19/02/2026 12:02,15.5,0.001,8.02
19/02/2026 11:32,15.25,0.001,8.01
19/02/2026 11:32,15.25,0.001,8.01
19/02/2026 11:02,15.375,0.001,8.01
19/02/2026 10:32,15.25,0.001,8
19/02/2026 10:02,15.375,0.001,7.99
19/02/2026 09:32,15.25,0.001,7.99
19/02/2026 09:02,15.25,0.001,7.98
19/02/2026 08:32,15.125,0.001,7.98
19/02/2026 08:02,15.375,0.001,7.97
19/02/2026 07:32,15.25,0.001,7.97
19/02/2026 07:02,15.375,0.001,7.97
19/02/2026 06:32,15.375,0.001,7.97
19/02/2026 06:02,15.375,0.001,7.97
19/02/2026 05:32,15.375,0.001,7.97
19/02/2026 05:02,15.375,0.001,7.97
19/02/2026 04:32,15.375,0.001,7.98
19/02/2026 04:02,15.375,0.001,7.98
19/02/2026 03:32,15.375,0.001,7.99
19/02/2026 03:02,15.375,0.001,7.99
19/02/2026 02:32,15.375,0.001,7.99
19/02/2026 02:02,15.5,0.001,8
19/02/2026 01:32,15.375,0.001,8
19/02/2026 01:02,15.375,0.001,8
19/02/2026 00:32,15.5,0.001,8.01
19/02/2026 00:02,15.375,0.001,8.01
18/02/2026 23:32,15.375,0.001,8.02
18/02/2026 23:02,15.5,0.001,8.02
18/02/2026 22:32,15.5,0.001,8.03
18/02/2026 22:02,15.5,0.001,8.03
18/02/2026 21:32,15.375,0.001,8.03
18/02/2026 21:02,15.625,0.001,8.04
18/02/2026 20:32,15.5,0.001,8.04
18/02/2026 20:02,15.625,0.001,8.04
18/02/2026 19:32,15.625,0.001,8.05
18/02/2026 19:02,15.625,0.001,8.05
18/02/2026 18:32,14.75,0.001,8.06
18/02/2026 18:02,15.75,0.001,8.06
18/02/2026 17:32,15.75,0.001,8.06
18/02/2026 17:02,15.75,0.001,8.06
18/02/2026 16:32,15.75,0.001,8.06
18/02/2026 16:32,15.75,0.001,8.06
18/02/2026 16:02,15.75,0.001,8.05
18/02/2026 15:32,14.875,0.001,8.05
18/02/2026 15:02,15.875,0.001,8.05
18/02/2026 14:32,15.75,0.001,8.04
18/02/2026 14:02,15.75,0.001,8.04
18/02/2026 13:32,15.875,0.001,8.03
18/02/2026 13:02,16.625,0.001,8.03
18/02/2026 12:32,15.625,0.001,8.02
18/02/2026 12:02,15.625,0.001,8.02
18/02/2026 11:32,15.5,0.001,8.01
18/02/2026 11:02,15.5,0.001,8
18/02/2026 10:32,15.5,0.001,8
18/02/2026 10:02,15.5,0.001,7.99
18/02/2026 09:32,15.5,0.001,7.99
18/02/2026 09:02,15.375,0.001,7.98
18/02/2026 08:32,15.375,0.001,7.98
18/02/2026 08:02,15.5,0.001,7.97
18/02/2026 07:32,15.5,0.001,7.97
18/02/2026 07:02,15.5,0.001,7.97
18/02/2026 06:32,15.5,0.001,7.97
18/02/2026 06:02,15.5,0.001,7.97
18/02/2026 05:32,15.5,0.001,7.98
18/02/2026 05:02,15.375,0.001,7.98
18/02/2026 04:32,15.5,0.001,7.98
18/02/2026 04:02,15.375,0.001,7.99
18/02/2026 04:02,15.375,0.001,7.99
18/02/2026 03:32,15.5,0.001,7.99
18/02/2026 03:02,15.625,0.001,7.99
18/02/2026 02:32,15.5,0.001,8
18/02/2026 02:02,15.375,0.001,8
18/02/2026 01:32,15.625,0.001,8.01
18/02/2026 01:02,15.625,0.001,8.01
18/02/2026 00:32,14.75,0.001,8.02
18/02/2026 00:02,15.625,0.001,8.02
17/02/2026 23:32,15.625,0.001,8.02
17/02/2026 23:02,15.75,0.001,8.03
17/02/2026 22:32,15.75,0.001,8.03
17/02/2026 22:02,15.75,0.001,8.04
17/02/2026 21:32,15.875,0.001,8.04
17/02/2026 21:02,15.875,0.001,8.05
17/02/2026 20:32,16,0.001,8.05
17/02/2026 20:02,16,0.001,8.06
17/02/2026 19:32,16.125,0.001,8.06
17/02/2026 19:02,16.25,0.001,8.07
17/02/2026 18:32,16.25,0.001,8.07
17/02/2026 18:02,16.25,0.001,8.07
17/02/2026 17:32,16.25,0.001,8.07
17/02/2026 17:02,16.125,0.001,8.07
17/02/2026 16:32,16.125,0.001,8.06
17/02/2026 16:02,16.125,0.001,8.06
17/02/2026 15:32,16,0.001,8.06
17/02/2026 15:02,16,0.001,8.05
17/02/2026 14:32,16,0.001,8.05
17/02/2026 14:02,15.875,0.001,8.04
17/02/2026 13:32,15.75,0.001,8.04
17/02/2026 13:02,15.875,0.001,8.03
17/02/2026 12:32,15.625,0.001,8.02
17/02/2026 12:02,14.75,0.001,8.02
17/02/2026 11:32,15.625,0.001,8.01
17/02/2026 11:02,15.625,0.001,8.01
17/02/2026 10:32,15.5,0.001,8
17/02/2026 10:02,15.5,0.001,7.99
17/02/2026 09:32,15.375,0.001,7.99
17/02/2026 09:02,15.5,0.001,7.98
17/02/2026 08:32,15.375,0.001,7.98
17/02/2026 08:02,15.375,0.001,7.97
17/02/2026 07:32,15.375,0.001,7.97
17/02/2026 07:02,15.375,0.001,7.97
17/02/2026 06:32,15.375,0.001,7.97
17/02/2026 06:02,15.375,0.001,7.97
17/02/2026 05:32,15.5,0.001,7.98
17/02/2026 05:02,15.625,0.001,7.98
17/02/2026 04:32,15.5,0.001,7.98
17/02/2026 04:02,15.5,0.001,7.98
17/02/2026 03:32,15.5,0.001,7.99
17/02/2026 03:02,15.375,0.001,7.99
17/02/2026 02:32,15.5,0.001,7.99
17/02/2026 02:02,15.375,0.001,8
17/02/2026 01:32,15.5,0.001,8
17/02/2026 01:02,15.5,0.001,8.01
17/02/2026 01:02,15.5,0.001,8.01
17/02/2026 00:32,15.5,0.001,8.01
17/02/2026 00:02,15.625,0.001,8.01
16/02/2026 23:32,15.625,0.001,8.02
16/02/2026 23:02,15.625,0.001,8.02
16/02/2026 22:32,15.625,0.001,8.03
16/02/2026 22:02,14.75,0.001,8.03
16/02/2026 21:32,14.75,0.001,8.03
16/02/2026 21:02,15.625,0.001,8.04
16/02/2026 20:32,15.875,0.001,8.04
16/02/2026 20:02,15.875,0.001,8.05
16/02/2026 19:32,15.75,0.001,8.05
16/02/2026 19:02,15.875,0.001,8.06
16/02/2026 18:32,15.875,0.001,8.06
16/02/2026 18:02,16,0.001,8.06
16/02/2026 17:32,16.125,0.001,8.06
16/02/2026 17:02,16,0.001,8.06
16/02/2026 16:32,15.875,0.001,8.06
16/02/2026 16:02,15.875,0.001,8.05
16/02/2026 15:32,15.875,0.001,8.05
16/02/2026 15:32,15.875,0.001,8.05
16/02/2026 15:02,15.75,0.001,8.05
16/02/2026 14:32,15.875,0.001,8.04
16/02/2026 14:32,15.875,0.001,8.04
16/02/2026 14:02,15.75,0.001,8.04
16/02/2026 13:32,15.625,0.001,8.03
16/02/2026 13:02,15.625,0.001,8.03
16/02/2026 12:32,15.5,0.001,8.02
16/02/2026 12:02,15.375,0.001,8.02
16/02/2026 11:32,15.5,0.001,8.01
16/02/2026 11:02,15.375,0.001,8
16/02/2026 10:32,15.5,0.001,8
16/02/2026 10:02,15.25,0.001,7.99
16/02/2026 09:32,15.375,0.001,7.99
16/02/2026 09:02,15.375,0.001,7.98
16/02/2026 08:32,15.375,0.001,7.98
16/02/2026 08:02,15.375,0.001,7.98
16/02/2026 07:32,15.25,0.001,7.97
16/02/2026 07:02,15.375,0.001,7.97
16/02/2026 06:32,15.25,0.001,7.97
16/02/2026 06:02,15.375,0.001,7.98
16/02/2026 05:32,15.375,0.001,7.98
16/02/2026 05:02,15.375,0.001,7.98
16/02/2026 04:32,15.375,0.001,7.99
16/02/2026 04:02,15.25,0.001,7.99
16/02/2026 03:32,15.25,0.001,7.99
16/02/2026 03:02,15.375,0.001,8
16/02/2026 02:32,15.375,0.001,8
16/02/2026 02:02,15.375,0.001,8
16/02/2026 01:32,15.375,0.001,8
16/02/2026 01:02,15.5,0.001,8.01
16/02/2026 00:32,15.5,0.001,8.01
16/02/2026 00:02,15.5,0.001,8.02
15/02/2026 23:32,15.375,0.001,8.02
15/02/2026 23:02,15.375,0.001,8.02
15/02/2026 22:32,15.375,0.001,8.03
15/02/2026 22:02,15.375,0.001,8.03
15/02/2026 21:32,15.375,0.001,8.03
15/02/2026 21:02,15.25,0.001,8.04
15/02/2026 20:32,15.5,0.001,8.04
15/02/2026 20:02,15.25,0.001,8.05
15/02/2026 19:32,15.5,0.001,8.05
15/02/2026 19:02,15.5,0.001,8.05
15/02/2026 18:32,15.5,0.001,8.06
15/02/2026 18:02,15.5,0.001,8.06
15/02/2026 17:32,15.5,0.001,8.06
15/02/2026 17:02,15.625,0.001,8.06
15/02/2026 16:32,15.625,0.001,8.06
15/02/2026 16:02,15.5,0.001,8.05
15/02/2026 15:32,15.5,0.001,8.05
15/02/2026 15:02,15.375,0.001,8.04
15/02/2026 14:32,15.5,0.001,8.04
15/02/2026 14:02,15.375,0.001,8.03
15/02/2026 13:32,15.375,0.001,8.03
15/02/2026 13:02,15.375,0.001,8.02
15/02/2026 12:32,15.25,0.001,8.02
15/02/2026 12:02,15.25,0.001,8.01
15/02/2026 11:32,15.125,0.001,8.01
15/02/2026 11:02,15.125,0.001,8
15/02/2026 10:32,15.125,0.001,8
15/02/2026 10:02,15.125,0.001,7.99
15/02/2026 09:32,15.125,0.001,7.99
15/02/2026 09:02,15.125,0.001,7.98
15/02/2026 08:32,15.125,0.001,7.98
15/02/2026 08:02,15,0.001,7.97
15/02/2026 07:32,15.125,0.001,7.97
15/02/2026 07:02,15,0.001,7.97
15/02/2026 06:32,15,0.001,7.97
15/02/2026 06:02,15,0.001,7.97
15/02/2026 05:32,15.125,0.001,7.98
15/02/2026 05:02,15.125,0.001,7.98
15/02/2026 04:32,15.25,0.001,7.98
15/02/2026 04:02,15.125,0.001,7.98
15/02/2026 03:32,15.25,0.001,7.99
15/02/2026 03:02,15.125,0.001,7.99
15/02/2026 02:32,15.25,0.001,8
15/02/2026 02:02,15.25,0.001,8
15/02/2026 01:32,15.25,0.001,8
15/02/2026 01:02,15.125,0.001,8.01
15/02/2026 00:32,15.25,0.001,8.01
15/02/2026 00:02,15.125,0.001,8.01
14/02/2026 23:32,15.25,0.001,8.02
14/02/2026 23:02,15.125,0.001,8.02
14/02/2026 22:32,15.125,0.001,8.03
14/02/2026 22:02,15.125,0.001,8.03
14/02/2026 21:32,15.25,0.001,8.03
14/02/2026 21:02,15.125,0.001,8.04
14/02/2026 20:32,15.125,0.001,8.04
14/02/2026 20:02,15.25,0.001,8.05
14/02/2026 19:32,15.25,0.001,8.05
14/02/2026 19:02,15.125,0.001,8.05
14/02/2026 18:32,15.25,0.001,8.06
14/02/2026 18:02,15.375,0.001,8.06
14/02/2026 17:32,15.25,0.001,8.06
14/02/2026 17:02,15.375,0.001,8.06
14/02/2026 16:32,15.375,0.001,8.05
14/02/2026 16:02,15.25,0.001,8.05
14/02/2026 15:32,15.375,0.001,8.05
14/02/2026 15:02,15.25,0.001,8.05
14/02/2026 14:32,15.25,0.001,8.04
14/02/2026 14:02,15.375,0.001,8.03
14/02/2026 13:32,15.25,0.001,8.03
14/02/2026 13:02,15.25,0.001,8.02
14/02/2026 12:32,15.25,0.001,8.02
14/02/2026 12:02,15.125,0.001,8.02
14/02/2026 11:32,15.125,0.001,8.01
14/02/2026 11:02,15.25,0.001,8.01
14/02/2026 10:32,15.125,0.001,8.01
14/02/2026 10:02,15,0.001,8
14/02/2026 09:32,15.125,0.001,8
14/02/2026 09:02,15.25,0.001,8
14/02/2026 08:32,15.125,0.001,7.99
14/02/2026 08:02,15.125,0.001,7.99
14/02/2026 07:32,15.25,0.001,7.99
14/02/2026 07:02,15.125,0.001,7.99
14/02/2026 06:32,15.125,0.001,7.99
14/02/2026 06:02,15.125,0.001,7.99
14/02/2026 05:32,15.125,0.001,8
14/02/2026 05:02,15.25,0.001,8
14/02/2026 04:32,15.25,0.001,8.01
14/02/2026 04:02,15.25,0.001,8.01
14/02/2026 03:32,15.25,0.001,8.01
14/02/2026 03:02,15.25,0.001,8.02
14/02/2026 02:32,15.375,0.001,8.02
14/02/2026 02:02,15.25,0.001,8.03
14/02/2026 01:32,15.25,0.001,8.03
14/02/2026 01:02,15.25,0.001,8.03
14/02/2026 00:32,15.375,0.001,8.04
14/02/2026 00:32,15.375,0.001,8.04
14/02/2026 00:02,15.25,0.001,8.04
13/02/2026 23:32,15.25,0.001,8.04
13/02/2026 23:32,15.25,0.001,8.04
13/02/2026 23:02,15.25,0.001,8.05
13/02/2026 22:32,15.375,0.001,8.05
13/02/2026 22:02,15.25,0.001,8.06
13/02/2026 21:32,15.25,0.001,8.06
13/02/2026 21:02,15.25,0.001,8.06
13/02/2026 20:32,15.375,0.001,8.07
13/02/2026 20:02,15.375,0.001,8.07
13/02/2026 19:32,15.375,0.001,8.08
13/02/2026 19:02,15.375,0.001,8.08
13/02/2026 18:32,15.375,0.001,8.09
13/02/2026 18:02,15.375,0.001,8.09
13/02/2026 17:32,15.375,0.001,8.08
13/02/2026 17:02,15.5,0.001,8.08
13/02/2026 16:32,15.5,0.001,8.08
13/02/2026 16:32,15.5,0.001,8.08
13/02/2026 16:02,15.5,0.001,8.08
13/02/2026 15:32,15.5,0.001,8.08
13/02/2026 15:02,15.625,0.001,8.07
13/02/2026 14:32,15.625,0.001,8.07
13/02/2026 14:02,15.5,0.001,8.06
13/02/2026 13:32,15.5,0.001,8.06
13/02/2026 13:02,15.375,0.001,8.06
13/02/2026 12:32,15.375,0.001,8.05
13/02/2026 12:02,15.375,0.001,8.05
13/02/2026 11:32,15.25,0.001,8.05
13/02/2026 11:02,15.25,0.001,8.04
13/02/2026 10:32,15.375,0.001,8.03
13/02/2026 10:02,15.25,0.001,8.03
13/02/2026 09:32,15.375,0.001,8.02
13/02/2026 09:02,15.25,0.001,8.02
13/02/2026 08:32,15.25,0.001,8.01
13/02/2026 08:02,15.375,0.001,8.01
13/02/2026 08:02,15.375,0.001,8.01
13/02/2026 07:32,15.25,0.001,8.01
13/02/2026 07:02,15.25,0.001,8
13/02/2026 07:02,15.25,0.001,8
13/02/2026 06:32,15.25,0.001,8.01
13/02/2026 06:02,15.25,0.001,8.01
13/02/2026 05:32,15.25,0.001,8.01
13/02/2026 05:02,15.25,0.001,8.01
13/02/2026 04:32,15.25,0.001,8.01
13/02/2026 04:02,15.25,0.001,8.01
13/02/2026 03:32,15.25,0.001,8.02
13/02/2026 03:02,15.25,0.001,8.02
13/02/2026 02:32,15.25,0.001,8.03
13/02/2026 02:02,15.25,0.001,8.02
13/02/2026 01:32,15.25,0.001,8.03
13/02/2026 01:32,15.25,0.001,8.03
13/02/2026 01:02,15.25,0.001,8.03
13/02/2026 00:32,15.25,0.001,8.04
13/02/2026 00:02,15.375,0.001,8.04
12/02/2026 23:32,15.375,0.001,8.04
12/02/2026 23:02,15.375,0.001,8.04
12/02/2026 22:32,15.375,0.001,8.05
12/02/2026 22:02,15.5,0.001,8.05
12/02/2026 21:32,15.5,0.001,8.05
12/02/2026 21:02,15.375,0.001,8.06
12/02/2026 20:32,15.375,0.001,8.06
12/02/2026 20:02,15.625,0.001,8.06
12/02/2026 19:32,15.5,0.001,8.07
12/02/2026 19:02,15.625,0.001,8.07
12/02/2026 18:56,14.75,0.001,8.07
12/02/2026 18:00,15.875,0.001,8.08
12/02/2026 17:40,14.625,0.001,8.07
12/02/2026 11:32,15.375,0.001,8.07
12/02/2026 11:02,15.25,0.001,8.07
12/02/2026 10:32,15.25,0.001,8.06
12/02/2026 10:02,15.25,0.001,8.06
12/02/2026 09:32,15,0.001,8.06
12/02/2026 09:02,15.125,0.001,8.05
12/02/2026 08:32,15.25,0.001,8.05
12/02/2026 08:02,15.25,0.001,8.05
12/02/2026 07:32,15.125,0.001,8.04
12/02/2026 07:02,15.125,0.001,8.04
12/02/2026 06:32,15.125,0.001,8.04
12/02/2026 06:02,15.125,0.001,8.05
12/02/2026 05:32,15.125,0.001,8.05
12/02/2026 05:02,15.125,0.001,8.05
12/02/2026 04:32,15.125,0.001,8.06
12/02/2026 04:02,15.25,0.001,8.06
12/02/2026 03:32,15.25,0.001,8.06
12/02/2026 03:02,15.125,0.001,8.06
12/02/2026 02:32,15.25,0.001,8.07
12/02/2026 02:02,15.375,0.001,8.07
12/02/2026 01:32,15.125,0.001,8.07
12/02/2026 01:02,15.125,0.001,8.08
12/02/2026 00:32,15.25,0.001,8.08
12/02/2026 00:02,15.25,0.001,8.09
11/02/2026 23:32,15.25,0.001,8.09
11/02/2026 23:02,15.25,0.001,8.09
11/02/2026 22:32,15.375,0.001,8.09
11/02/2026 22:02,15.375,0.001,8.1
11/02/2026 21:32,15.5,0.001,8.1
11/02/2026 21:02,15.375,0.001,8.1
11/02/2026 20:32,15.375,0.001,8.11
11/02/2026 20:02,15.5,0.001,8.11
11/02/2026 19:32,15.5,0.001,8.12
11/02/2026 19:02,15.625,0.001,8.12
11/02/2026 18:32,14.75,0.001,8.12
11/02/2026 18:02,15.625,0.001,8.12
11/02/2026 17:32,15.75,0.001,8.12
11/02/2026 17:32,15.75,0.001,8.12
11/02/2026 17:02,15.75,0.001,8.12
11/02/2026 16:32,15.75,0.001,8.12
11/02/2026 16:02,15.75,0.001,8.11
11/02/2026 16:02,15.75,0.001,8.11
11/02/2026 15:32,15.75,0.001,8.11
11/02/2026 15:02,14.875,0.001,8.11
11/02/2026 14:32,15.75,0.001,8.1
11/02/2026 14:02,14.75,0.001,8.1
11/02/2026 13:32,15.625,0.001,8.1
11/02/2026 13:02,15.625,0.001,8.09
11/02/2026 12:32,15.5,0.001,8.09
11/02/2026 12:02,15.5,0.001,8.08
11/02/2026 11:32,15.375,0.001,8.08
11/02/2026 11:02,15.25,0.001,8.07
11/02/2026 10:32,15.25,0.001,8.07
11/02/2026 10:02,15.25,0.001,8.07
11/02/2026 09:32,15.125,0.001,8.06
11/02/2026 09:02,15.125,0.001,8.06
11/02/2026 08:32,15.25,0.001,8.05
11/02/2026 08:02,15.125,0.001,8.05
11/02/2026 07:32,15.125,0.001,8.05
11/02/2026 07:02,15.125,0.001,8.05
11/02/2026 06:32,15.125,0.001,8.05
11/02/2026 06:02,15,0.001,8.05
11/02/2026 05:32,15,0.001,8.05
11/02/2026 05:02,15,0.001,8.05
11/02/2026 04:32,15,0.001,8.06
11/02/2026 04:32,15,0.001,8.06
11/02/2026 04:02,15.25,0.001,8.06
11/02/2026 03:32,15.125,0.001,8.06
11/02/2026 03:02,15.125,0.001,8.07
11/02/2026 02:32,15.125,0.001,8.07
11/02/2026 02:02,15,0.001,8.07
11/02/2026 01:32,15.125,0.001,8.08
11/02/2026 01:02,15.25,0.001,8.08
11/02/2026 00:32,15.125,0.001,8.08
11/02/2026 00:02,15.125,0.001,8.08
10/02/2026 23:32,15.125,0.001,8.09
10/02/2026 23:02,15.125,0.001,8.09
10/02/2026 22:32,15.125,0.001,8.09
10/02/2026 22:02,15.25,0.001,8.1
10/02/2026 21:32,15.375,0.001,8.1
10/02/2026 21:02,15.375,0.001,8.11
10/02/2026 20:32,15.375,0.001,8.11
10/02/2026 20:02,15.25,0.001,8.11
10/02/2026 19:32,15.5,0.001,8.11
10/02/2026 19:02,15.375,0.001,8.12
10/02/2026 18:32,15.625,0.001,8.12
10/02/2026 18:02,15.625,0.001,8.12
10/02/2026 17:32,16.625,0.001,8.12
10/02/2026 17:02,15.625,0.001,8.12
10/02/2026 16:32,16.625,0.001,8.12
10/02/2026 16:02,15.625,0.001,8.12
10/02/2026 15:32,15.625,0.001,8.11
10/02/2026 15:02,15.625,0.001,8.11
10/02/2026 14:32,15.625,0.001,8.11
10/02/2026 14:02,15.5,0.001,8.1
10/02/2026 13:32,15.625,0.001,8.1
10/02/2026 13:02,15.5,0.001,8.09
10/02/2026 12:32,15.5,0.001,8.09
10/02/2026 12:02,15.375,0.001,8.09
10/02/2026 11:32,15.375,0.001,8.08
10/02/2026 11:02,15.25,0.001,8.08
10/02/2026 10:32,15.25,0.001,8.07
10/02/2026 10:02,15.25,0.001,8.07
10/02/2026 09:32,15.125,0.001,8.06
10/02/2026 09:02,15.25,0.001,8.06
10/02/2026 08:32,15.25,0.001,8.06
10/02/2026 08:02,15.25,0.001,8.05
10/02/2026 07:32,15.25,0.001,8.05
10/02/2026 07:02,15.25,0.001,8.05
10/02/2026 06:32,15.125,0.001,8.05
10/02/2026 06:02,15.25,0.001,8.05
10/02/2026 05:32,15.25,0.001,8.06
10/02/2026 05:02,15.125,0.001,8.06
10/02/2026 04:32,15.25,0.001,8.06
10/02/2026 04:02,15.25,0.001,8.06
10/02/2026 03:32,15.375,0.001,8.07
10/02/2026 03:02,15.375,0.001,8.07
10/02/2026 02:32,15.25,0.001,8.07
10/02/2026 02:02,15.5,0.001,8.08
10/02/2026 01:32,15.5,0.001,8.08
10/02/2026 01:02,15.375,0.001,8.08
10/02/2026 00:32,15.5,0.001,8.09
10/02/2026 00:02,15.5,0.001,8.09
09/02/2026 23:32,15.625,0.001,8.09
09/02/2026 23:02,15.625,0.001,8.1
09/02/2026 22:32,15.625,0.001,8.1
09/02/2026 22:02,15.75,0.001,8.1
09/02/2026 21:32,14.75,0.001,8.11
09/02/2026 21:02,16.625,0.001,8.11
09/02/2026 20:32,15.75,0.001,8.11
09/02/2026 20:02,15.75,0.001,8.12
09/02/2026 19:32,15.75,0.001,8.12
09/02/2026 19:02,15.875,0.001,8.12
09/02/2026 18:32,15.875,0.001,8.13
09/02/2026 18:02,16,0.001,8.13
09/02/2026 17:32,15.875,0.001,8.13
09/02/2026 17:02,16,0.001,8.14
09/02/2026 16:32,15.75,0.001,8.15
09/02/2026 16:02,16.125,0.001,8.14
09/02/2026 15:32,15.875,0.001,8.14
09/02/2026 15:02,15.875,0.001,8.14
09/02/2026 14:32,15.875,0.001,8.15
09/02/2026 14:02,15.875,0.001,8.14
09/02/2026 13:32,15.875,0.001,8.14
09/02/2026 13:02,15.75,0.001,8.13
09/02/2026 12:32,15.625,0.001,8.13
09/02/2026 12:02,15.625,0.001,8.13
09/02/2026 11:32,15.625,0.001,8.12
09/02/2026 11:02,14.75,0.001,8.12
09/02/2026 10:32,15.375,0.001,8.11
09/02/2026 10:02,15.375,0.001,8.11
09/02/2026 09:32,15.25,0.001,8.11
09/02/2026 09:02,15.25,0.001,8.1
09/02/2026 08:32,15.375,0.001,8.1
09/02/2026 08:32,15.375,0.001,8.1
09/02/2026 08:02,15.25,0.001,8.1
09/02/2026 07:32,15.25,0.001,8.09
09/02/2026 07:02,15.25,0.001,8.09
09/02/2026 06:32,15.125,0.001,8.09
09/02/2026 06:02,15.25,0.001,8.09
09/02/2026 05:32,15.375,0.001,8.09
09/02/2026 05:02,15.375,0.001,8.1
09/02/2026 04:32,15.375,0.001,8.1
09/02/2026 04:02,15.375,0.001,8.1
09/02/2026 03:32,15.375,0.001,8.1
09/02/2026 03:32,15.375,0.001,8.1
09/02/2026 03:02,15.375,0.001,8.11
09/02/2026 02:32,15.25,0.001,8.11
09/02/2026 02:02,15.375,0.001,8.11
09/02/2026 01:32,15.375,0.001,8.11
09/02/2026 01:02,15.375,0.001,8.12
09/02/2026 00:32,15.5,0.001,8.12
09/02/2026 00:02,15.375,0.001,8.12
08/02/2026 23:32,15.375,0.001,8.13
08/02/2026 23:02,15.375,0.001,8.13
08/02/2026 22:32,15.375,0.001,8.13
08/02/2026 22:02,15.375,0.001,8.13
08/02/2026 21:32,15.375,0.001,8.14
08/02/2026 21:02,15.25,0.001,8.14
08/02/2026 21:02,15.25,0.001,8.14
08/02/2026 20:32,15.25,0.001,8.14
08/02/2026 20:02,15.25,0.001,8.15
08/02/2026 19:32,15.25,0.001,8.15
08/02/2026 19:02,15.125,0.001,8.15
08/02/2026 18:32,15.375,0.001,8.15
08/02/2026 18:32,15.375,0.001,8.15
08/02/2026 18:02,15.375,0.001,8.16
08/02/2026 17:32,15.5,0.001,8.16
08/02/2026 17:02,15.375,0.001,8.16
08/02/2026 16:32,15.5,0.001,8.16
08/02/2026 16:02,15.5,0.001,8.15
08/02/2026 15:32,15.5,0.001,8.15
08/02/2026 15:02,15.625,0.001,8.15
08/02/2026 14:32,15.5,0.001,8.14
08/02/2026 14:02,15.5,0.001,8.14
08/02/2026 13:32,15.5,0.001,8.14
08/02/2026 13:02,15.375,0.001,8.13
08/02/2026 12:32,15.5,0.001,8.13
08/02/2026 12:02,15.25,0.001,8.12
08/02/2026 11:32,15.375,0.001,8.12
08/02/2026 11:02,15.375,0.001,8.12
08/02/2026 11:02,15.375,0.001,8.12
08/02/2026 10:32,15.375,0.001,8.11
08/02/2026 10:02,15.25,0.001,8.11
08/02/2026 09:32,15.25,0.001,8.11
08/02/2026 09:02,15.25,0.001,8.1
08/02/2026 08:32,15.25,0.001,8.1
08/02/2026 08:02,15.125,0.001,8.1
08/02/2026 07:32,15.25,0.001,8.09
08/02/2026 07:02,15.25,0.001,8.09
08/02/2026 06:32,15.25,0.001,8.09
08/02/2026 06:02,15.25,0.001,8.09
08/02/2026 05:32,15.25,0.001,8.1
08/02/2026 05:02,15.375,0.001,8.1
08/02/2026 04:32,15.25,0.001,8.1
08/02/2026 04:02,15.125,0.001,8.11
08/02/2026 03:32,15.25,0.001,8.11
08/02/2026 03:02,15.25,0.001,8.11
08/02/2026 02:32,15.25,0.001,8.11
08/02/2026 02:02,15.25,0.001,8.12
08/02/2026 01:32,15.25,0.001,8.12
08/02/2026 01:02,15.25,0.001,8.12
08/02/2026 00:32,15.375,0.001,8.12
08/02/2026 00:02,15.25,0.001,8.13
07/02/2026 23:32,15.375,0.001,8.13
07/02/2026 23:02,15.25,0.001,8.13
07/02/2026 22:32,15.25,0.001,8.14
07/02/2026 22:02,15.375,0.001,8.14
07/02/2026 21:32,15.25,0.001,8.14
07/02/2026 21:02,15.375,0.001,8.14
07/02/2026 20:32,15.25,0.001,8.15
07/02/2026 20:02,15.375,0.001,8.15
07/02/2026 19:32,15.25,0.001,8.15
07/02/2026 19:02,15.25,0.001,8.16
07/02/2026 18:32,15.375,0.001,8.16
07/02/2026 18:02,15.5,0.001,8.16
07/02/2026 17:32,15.375,0.001,8.16
07/02/2026 17:02,15.375,0.001,8.16
07/02/2026 16:32,15.5,0.001,8.16
07/02/2026 16:02,15.625,0.001,8.15
07/02/2026 15:32,15.5,0.001,8.15
07/02/2026 15:02,15.375,0.001,8.15
07/02/2026 14:32,15.5,0.001,8.15
07/02/2026 14:02,15.5,0.001,8.14
07/02/2026 13:32,15.375,0.001,8.14
07/02/2026 13:02,15.375,0.001,8.14
07/02/2026 12:32,15.375,0.001,8.13
07/02/2026 12:02,15.25,0.001,8.13
07/02/2026 11:32,15.375,0.001,8.12
07/02/2026 11:02,15.25,0.001,8.12
07/02/2026 10:32,15.25,0.001,8.12
07/02/2026 10:02,15.125,0.001,8.11
07/02/2026 09:32,15.125,0.001,8.11
07/02/2026 09:02,15.25,0.001,8.1
07/02/2026 08:32,15.25,0.001,8.1
07/02/2026 08:02,15.25,0.001,8.1
07/02/2026 07:32,15.25,0.001,8.1
07/02/2026 07:32,15.25,0.001,8.1
07/02/2026 07:02,15.25,0.001,8.09
07/02/2026 06:32,15.25,0.001,8.09
07/02/2026 06:02,15.25,0.001,8.1
07/02/2026 05:32,15.125,0.001,8.1
07/02/2026 05:32,15.125,0.001,8.1
07/02/2026 05:02,15.25,0.001,8.1
07/02/2026 04:32,15.25,0.001,8.1
07/02/2026 04:02,15.25,0.001,8.11
07/02/2026 03:32,15.375,0.001,8.11
07/02/2026 03:02,15.25,0.001,8.11
07/02/2026 02:32,15.375,0.001,8.11
07/02/2026 02:02,15.375,0.001,8.12
07/02/2026 01:32,15.375,0.001,8.12
07/02/2026 01:32,15.375,0.001,8.12
07/02/2026 01:02,15.5,0.001,8.12
07/02/2026 00:32,15.375,0.001,8.13
07/02/2026 00:02,15.5,0.001,8.13
06/02/2026 23:32,15.5,0.001,8.13
06/02/2026 23:02,15.5,0.001,8.14
06/02/2026 22:32,15.5,0.001,8.14
06/02/2026 22:02,15.375,0.001,8.14
06/02/2026 21:32,15.5,0.001,8.15
06/02/2026 21:02,15.5,0.001,8.15
06/02/2026 20:32,15.5,0.001,8.15
06/02/2026 20:02,15.5,0.001,8.16
06/02/2026 19:32,15.625,0.001,8.16
06/02/2026 19:02,15.5,0.001,8.16
06/02/2026 18:32,15.5,0.001,8.16
06/02/2026 18:02,15.75,0.001,8.17
06/02/2026 17:32,16.625,0.001,8.17
06/02/2026 17:02,16.625,0.001,8.17
06/02/2026 16:32,15.75,0.001,8.16
06/02/2026 16:02,15.75,0.001,8.16
06/02/2026 15:32,15.75,0.001,8.16
06/02/2026 15:02,15.75,0.001,8.15
06/02/2026 14:32,15.75,0.001,8.15
06/02/2026 14:02,15.625,0.001,8.15
06/02/2026 13:32,15.625,0.001,8.14
06/02/2026 13:02,15.75,0.001,8.14
06/02/2026 12:32,15.5,0.001,8.14
06/02/2026 12:02,15.625,0.001,8.13
06/02/2026 11:32,15.5,0.001,8.13
06/02/2026 11:02,15.625,0.001,8.13
06/02/2026 10:32,15.375,0.001,8.12
06/02/2026 10:02,15.375,0.001,8.12
06/02/2026 09:32,15.375,0.001,8.12
06/02/2026 09:02,15.375,0.001,8.11
06/02/2026 08:32,15.25,0.001,8.11
06/02/2026 08:02,15.375,0.001,8.11
06/02/2026 07:32,15.375,0.001,8.1
06/02/2026 07:02,15.375,0.001,8.1
06/02/2026 06:32,15.375,0.001,8.1
06/02/2026 06:02,15.25,0.001,8.1
06/02/2026 05:32,15.375,0.001,8.1
06/02/2026 05:02,15.375,0.001,8.11
06/02/2026 04:32,15.25,0.001,8.11
06/02/2026 04:02,15.375,0.001,8.11
06/02/2026 03:32,15.25,0.001,8.11
06/02/2026 03:02,15.375,0.001,8.12
06/02/2026 02:32,15.5,0.001,8.12
06/02/2026 02:02,15.375,0.001,8.12
06/02/2026 01:32,15.375,0.001,8.13
06/02/2026 01:02,15.5,0.001,8.13
06/02/2026 00:32,15.375,0.001,8.13
06/02/2026 00:02,15.375,0.001,8.13
05/02/2026 23:32,15.375,0.001,8.14
05/02/2026 23:02,15.5,0.001,8.14
05/02/2026 22:32,15.5,0.001,8.14
05/02/2026 22:02,15.5,0.001,8.15
05/02/2026 21:32,15.625,0.001,8.15
05/02/2026 21:02,15.5,0.001,8.15
05/02/2026 20:32,15.5,0.001,8.15
05/02/2026 20:02,15.625,0.001,8.16
05/02/2026 19:32,14.75,0.001,8.16
05/02/2026 19:02,15.625,0.001,8.16
05/02/2026 19:02,15.625,0.001,8.16
05/02/2026 18:32,15.75,0.001,8.17
05/02/2026 18:02,14.875,0.001,8.17
05/02/2026 17:32,15.75,0.001,8.17
05/02/2026 17:02,15.75,0.001,8.16
05/02/2026 16:32,14.875,0.001,8.16
05/02/2026 16:02,15.75,0.001,8.16
05/02/2026 15:32,15.75,0.001,8.16
05/02/2026 15:02,15.75,0.001,8.15
05/02/2026 14:32,16.625,0.001,8.15
05/02/2026 14:02,14.75,0.001,8.15
05/02/2026 13:32,15.75,0.001,8.14
05/02/2026 13:02,16.625,0.001,8.14
05/02/2026 12:32,16.625,0.001,8.14
05/02/2026 12:02,15.625,0.001,8.13
05/02/2026 11:32,15.625,0.001,8.13
05/02/2026 11:02,15.625,0.001,8.13
05/02/2026 10:32,15.5,0.001,8.12
05/02/2026 10:02,15.375,0.001,8.12
05/02/2026 09:32,15.25,0.001,8.11
05/02/2026 09:02,15.5,0.001,8.11
05/02/2026 08:32,15.375,0.001,8.11
05/02/2026 08:02,15.375,0.001,8.1
05/02/2026 07:32,15.5,0.001,8.1
05/02/2026 07:02,15.25,0.001,8.1
05/02/2026 06:32,15.25,0.001,8.1
05/02/2026 06:02,15.25,0.001,8.1
05/02/2026 05:32,15.25,0.001,8.1
05/02/2026 05:02,15.375,0.001,8.11
05/02/2026 04:32,15.375,0.001,8.11
05/02/2026 04:02,15.375,0.001,8.11
05/02/2026 03:32,15.5,0.001,8.11
05/02/2026 03:02,15.25,0.001,8.12
05/02/2026 02:32,15.375,0.001,8.12
05/02/2026 02:02,15.375,0.001,8.12
05/02/2026 01:32,15.5,0.001,8.12
05/02/2026 01:02,15.5,0.001,8.13
05/02/2026 00:32,15.375,0.001,8.13
05/02/2026 00:02,15.5,0.001,8.13
04/02/2026 23:32,15.625,0.001,8.13
04/02/2026 23:02,15.5,0.001,8.14
04/02/2026 22:32,15.5,0.001,8.14
04/02/2026 22:02,15.5,0.001,8.14
04/02/2026 21:32,14.75,0.001,8.14
04/02/2026 21:02,16.625,0.001,8.15
04/02/2026 20:32,16.625,0.001,8.15
04/02/2026 20:02,15.75,0.001,8.15
04/02/2026 19:32,15.75,0.001,8.15
04/02/2026 19:02,15.75,0.001,8.16
04/02/2026 18:32,15.875,0.001,8.16
04/02/2026 18:02,15.875,0.001,8.16
04/02/2026 17:32,16,0.001,8.16
04/02/2026 17:02,15.875,0.001,8.16
04/02/2026 16:32,15.875,0.001,8.16
04/02/2026 16:02,15.875,0.001,8.15
04/02/2026 15:32,15.875,0.001,8.15
04/02/2026 15:02,15.75,0.001,8.15
04/02/2026 14:32,15.75,0.001,8.15
04/02/2026 14:02,15.75,0.001,8.14
04/02/2026 13:32,15.75,0.001,8.14
04/02/2026 13:02,15.875,0.001,8.13
04/02/2026 12:32,15.75,0.001,8.13
04/02/2026 12:02,15.625,0.001,8.13
04/02/2026 11:32,16.5,0.001,8.12
04/02/2026 11:32,16.5,0.001,8.12
04/02/2026 11:02,15.625,0.001,8.12
04/02/2026 10:32,15.5,0.001,8.11
04/02/2026 10:02,15.625,0.001,8.11
04/02/2026 10:02,15.625,0.001,8.11
04/02/2026 09:32,15.375,0.001,8.11
04/02/2026 09:02,15.25,0.001,8.1
04/02/2026 08:32,15.25,0.001,8.1
04/02/2026 08:02,15.25,0.001,8.1
04/02/2026 07:32,15.25,0.001,8.09
04/02/2026 07:32,15.25,0.001,8.09
04/02/2026 07:02,15.25,0.001,8.09
04/02/2026 06:32,15.25,0.001,8.09
04/02/2026 06:02,15.25,0.001,8.09
04/02/2026 05:32,15.25,0.001,8.09
04/02/2026 05:02,15.125,0.001,8.1
04/02/2026 04:32,15.25,0.001,8.1
04/02/2026 04:02,15.25,0.001,8.1
04/02/2026 03:32,15.25,0.001,8.1
04/02/2026 03:02,15.375,0.001,8.1
04/02/2026 02:32,15.25,0.001,8.11
04/02/2026 02:02,15.25,0.001,8.11
04/02/2026 01:32,15.125,0.001,8.11
04/02/2026 01:02,15.25,0.001,8.11
04/02/2026 00:32,15.25,0.001,8.12
04/02/2026 00:32,15.25,0.001,8.12
04/02/2026 00:02,15.25,0.001,8.12
03/02/2026 23:32,15.125,0.001,8.12
03/02/2026 23:02,15.25,0.001,8.12
03/02/2026 22:32,15,0.001,8.13
03/02/2026 22:02,15.125,0.001,8.13
03/02/2026 21:32,15.125,0.001,8.13
03/02/2026 21:02,15.25,0.001,8.13
03/02/2026 20:32,15.25,0.001,8.14
03/02/2026 20:02,15.125,0.001,8.14
03/02/2026 19:32,15,0.001,8.14
03/02/2026 19:02,15.125,0.001,8.15
03/02/2026 18:32,15,0.001,8.15
03/02/2026 18:02,15.25,0.001,8.15
03/02/2026 17:32,15.125,0.001,8.15
03/02/2026 17:02,15.125,0.001,8.14
03/02/2026 16:32,15.125,0.001,8.14
03/02/2026 16:02,15.25,0.001,8.14
03/02/2026 15:32,15.25,0.001,8.14
03/02/2026 15:02,15.25,0.001,8.14
03/02/2026 14:32,15.25,0.001,8.14
03/02/2026 14:02,15.125,0.001,8.13
03/02/2026 13:32,15.25,0.001,8.13
03/02/2026 13:02,15.25,0.001,8.12
03/02/2026 12:32,15.375,0.001,8.12
03/02/2026 12:02,15.375,0.001,8.12
03/02/2026 12:02,15.375,0.001,8.12
03/02/2026 11:32,15.25,0.001,8.11
03/02/2026 11:02,15.375,0.001,8.11
03/02/2026 10:32,15.375,0.001,8.11
03/02/2026 10:02,15.25,0.001,8.1
03/02/2026 09:32,15.125,0.001,8.1
03/02/2026 09:02,15.125,0.001,8.1
03/02/2026 08:32,15.25,0.001,8.09
03/02/2026 08:02,15.375,0.001,8.09
03/02/2026 07:32,15.375,0.001,8.09
03/02/2026 07:02,15.25,0.001,8.09
03/02/2026 06:32,15.125,0.001,8.09
03/02/2026 06:02,15.375,0.001,8.09
03/02/2026 06:02,15.375,0.001,8.09
03/02/2026 05:32,15.25,0.001,8.1
03/02/2026 05:02,15.375,0.001,8.1
03/02/2026 04:32,15.375,0.001,8.1
03/02/2026 04:02,15.25,0.001,8.1
03/02/2026 03:32,15.25,0.001,8.11
03/02/2026 03:02,15.25,0.001,8.11
03/02/2026 02:32,15.25,0.001,8.11
03/02/2026 02:02,15.375,0.001,8.11
03/02/2026 01:32,15.25,0.001,8.12
03/02/2026 01:02,15.25,0.001,8.12
03/02/2026 00:32,15.25,0.001,8.12
03/02/2026 00:02,15.5,0.001,8.12
02/02/2026 23:32,15.375,0.001,8.13
02/02/2026 23:02,15.375,0.001,8.13
02/02/2026 22:32,15.375,0.001,8.13
02/02/2026 22:02,15.375,0.001,8.13
02/02/2026 21:32,15.375,0.001,8.14
02/02/2026 21:02,15.375,0.001,8.14
02/02/2026 20:32,15.375,0.001,8.14
02/02/2026 20:02,15.375,0.001,8.15
02/02/2026 19:32,15.375,0.001,8.15
02/02/2026 19:02,15.375,0.001,8.15
02/02/2026 18:32,15.375,0.001,8.15
02/02/2026 18:02,15.25,0.001,8.15
02/02/2026 17:32,15.375,0.001,8.15
02/02/2026 17:02,15.375,0.001,8.15
02/02/2026 16:32,15.375,0.001,8.15
02/02/2026 16:02,15.5,0.001,8.15
02/02/2026 15:32,15.5,0.001,8.14
02/02/2026 15:32,15.5,0.001,8.14
02/02/2026 15:02,15.25,0.001,8.14
02/02/2026 14:32,15.5,0.001,8.14
02/02/2026 14:02,15.5,0.001,8.13
02/02/2026 13:32,15.375,0.001,8.13
02/02/2026 13:02,15.5,0.001,8.13
02/02/2026 12:32,15.5,0.001,8.13
02/02/2026 12:02,15.5,0.001,8.12
02/02/2026 11:32,15.5,0.001,8.12
02/02/2026 11:02,15.5,0.001,8.12
02/02/2026 10:32,15.5,0.001,8.11
02/02/2026 10:02,15.375,0.001,8.11
02/02/2026 09:32,15.5,0.001,8.11
02/02/2026 09:02,15.5,0.001,8.1
02/02/2026 08:32,15.5,0.001,8.1
02/02/2026 08:02,15.5,0.001,8.1
02/02/2026 07:32,15.375,0.001,8.09
02/02/2026 07:02,15.5,0.001,8.09
02/02/2026 06:32,15.625,0.001,8.09
02/02/2026 06:02,15.5,0.001,8.1
02/02/2026 05:32,15.375,0.001,8.1
02/02/2026 05:02,15.5,0.001,8.1
02/02/2026 04:32,15.5,0.001,8.1
02/02/2026 04:02,15.375,0.001,8.11
02/02/2026 03:32,15.5,0.001,8.11
02/02/2026 03:02,15.5,0.001,8.11
02/02/2026 02:32,15.5,0.001,8.11
02/02/2026 02:02,15.5,0.001,8.12
02/02/2026 01:32,15.5,0.001,8.12
02/02/2026 01:02,15.5,0.001,8.12
02/02/2026 00:32,15.5,0.001,8.12
02/02/2026 00:02,15.5,0.001,8.13
01/02/2026 23:32,15.5,0.001,8.13
01/02/2026 23:02,15.5,0.001,8.13
01/02/2026 22:32,15.5,0.001,8.13
01/02/2026 22:02,15.625,0.001,8.14
01/02/2026 21:32,15.5,0.001,8.14
01/02/2026 21:02,15.5,0.001,8.14
01/02/2026 20:32,15.625,0.001,8.14
01/02/2026 20:02,15.5,0.001,8.15
01/02/2026 19:32,14.75,0.001,8.15
01/02/2026 19:02,16.625,0.001,8.15
01/02/2026 18:32,14.75,0.001,8.15
01/02/2026 18:02,15.75,0.001,8.16
01/02/2026 17:32,15.875,0.001,8.15
01/02/2026 17:02,15.75,0.001,8.15
01/02/2026 16:32,15.75,0.001,8.15
01/02/2026 16:02,15.75,0.001,8.15
01/02/2026 15:32,15.875,0.001,8.15
01/02/2026 15:02,15.75,0.001,8.15
01/02/2026 14:32,15.875,0.001,8.14
01/02/2026 14:02,15.75,0.001,8.14
01/02/2026 13:32,15.75,0.001,8.13
01/02/2026 13:02,15.75,0.001,8.13
01/02/2026 12:32,15.75,0.001,8.13
01/02/2026 12:02,15.625,0.001,8.12
01/02/2026 11:32,16.625,0.001,8.12
01/02/2026 11:02,15.625,0.001,8.12
01/02/2026 10:32,15.625,0.001,8.11
01/02/2026 10:02,15.625,0.001,8.11
01/02/2026 09:32,15.5,0.001,8.11
01/02/2026 09:02,15.5,0.001,8.1
01/02/2026 08:32,15.5,0.001,8.1
01/02/2026 08:02,15.625,0.001,8.1
01/02/2026 08:02,15.625,0.001,8.1
01/02/2026 07:32,15.5,0.001,8.09
01/02/2026 07:02,15.5,0.001,8.09
01/02/2026 06:32,15.5,0.001,8.09
01/02/2026 06:02,15.5,0.001,8.09
01/02/2026 05:32,15.5,0.001,8.1
01/02/2026 05:02,15.5,0.001,8.1
01/02/2026 04:32,15.625,0.001,8.1
01/02/2026 04:02,15.625,0.001,8.1
01/02/2026 03:32,15.5,0.001,8.1
01/02/2026 03:02,15.5,0.001,8.11
01/02/2026 03:02,15.5,0.001,8.11
01/02/2026 02:32,14.75,0.001,8.11
01/02/2026 02:02,15.625,0.001,8.11
01/02/2026 01:32,15.625,0.001,8.12
01/02/2026 01:02,15.625,0.001,8.12
01/02/2026 00:32,15.625,0.001,8.12
01/02/2026 00:02,15.625,0.001,8.12
31/01/2026 23:32,15.625,0.001,8.12
31/01/2026 23:02,15.75,0.001,8.13
31/01/2026 22:32,15.625,0.001,8.13
31/01/2026 22:02,16.625,0.001,8.13
31/01/2026 21:32,15.75,0.001,8.14
31/01/2026 21:02,15.75,0.001,8.14
31/01/2026 20:32,16.625,0.001,8.14
31/01/2026 20:02,15.875,0.001,8.14
31/01/2026 19:32,15.75,0.001,8.15
31/01/2026 19:02,15.75,0.001,8.15
31/01/2026 18:32,15.75,0.001,8.15
31/01/2026 18:02,15.875,0.001,8.15
31/01/2026 17:32,15.75,0.001,8.15
31/01/2026 17:32,15.75,0.001,8.15
31/01/2026 17:02,15.875,0.001,8.15
31/01/2026 16:32,15.75,0.001,8.15
31/01/2026 16:02,15.875,0.001,8.15
31/01/2026 15:32,15.875,0.001,8.15
31/01/2026 15:02,15.875,0.001,8.14
31/01/2026 14:32,15.75,0.001,8.14
31/01/2026 14:02,15.75,0.001,8.13
31/01/2026 13:32,16.625,0.001,8.13
31/01/2026 13:02,15.625,0.001,8.13
31/01/2026 12:32,15.625,0.001,8.13
31/01/2026 12:02,16.625,0.001,8.12
31/01/2026 11:32,15.5,0.001,8.12
31/01/2026 11:02,15.5,0.001,8.11
31/01/2026 10:32,15.5,0.001,8.11
31/01/2026 10:02,15.5,0.001,8.11
31/01/2026 09:32,15.375,0.001,8.1
31/01/2026 09:02,15.375,0.001,8.1
31/01/2026 08:32,15.5,0.001,8.1
31/01/2026 08:02,15.5,0.001,8.1
31/01/2026 07:32,15.5,0.001,8.09
31/01/2026 07:02,15.5,0.001,8.09
31/01/2026 06:32,15.5,0.001,8.09
31/01/2026 06:02,15.5,0.001,8.09
31/01/2026 05:32,15.375,0.001,8.1
31/01/2026 05:02,15.5,0.001,8.1
31/01/2026 04:32,15.375,0.001,8.1
31/01/2026 04:02,15.625,0.001,8.1
31/01/2026 03:32,15.5,0.001,8.11
31/01/2026 03:02,15.375,0.001,8.11
31/01/2026 02:32,15.5,0.001,8.11
31/01/2026 02:02,15.5,0.001,8.11
31/01/2026 01:32,15.375,0.001,8.11
31/01/2026 01:02,15.5,0.001,8.12
31/01/2026 00:32,15.375,0.001,8.12
31/01/2026 00:02,15.625,0.001,8.12
30/01/2026 23:32,15.5,0.001,8.12
30/01/2026 23:02,15.5,0.001,8.13
30/01/2026 22:32,15.625,0.001,8.13
30/01/2026 22:02,15.625,0.001,8.13
30/01/2026 21:32,15.625,0.001,8.14
30/01/2026 21:02,14.75,0.001,8.14
30/01/2026 20:32,16.625,0.001,8.14
30/01/2026 20:02,15.875,0.001,8.15
30/01/2026 19:32,15.875,0.001,8.15
30/01/2026 19:02,15.75,0.001,8.15
30/01/2026 18:32,15.75,0.001,8.15
30/01/2026 18:02,16,0.001,8.16
30/01/2026 17:32,15.875,0.001,8.16
30/01/2026 17:02,15.875,0.001,8.15
30/01/2026 16:32,15.875,0.001,8.15
30/01/2026 16:02,15.875,0.001,8.15
30/01/2026 16:02,15.875,0.001,8.15
30/01/2026 15:32,15.875,0.001,8.15
30/01/2026 15:02,15.875,0.001,8.14
30/01/2026 14:32,15.875,0.001,8.14
30/01/2026 14:02,15.875,0.001,8.13
30/01/2026 13:32,14.75,0.001,8.13
30/01/2026 13:02,14.75,0.001,8.13
30/01/2026 12:32,14.75,0.001,8.13
30/01/2026 12:02,16.625,0.001,8.12
30/01/2026 11:32,15.5,0.001,8.12
30/01/2026 11:02,15.5,0.001,8.12
30/01/2026 10:32,15.375,0.001,8.11
30/01/2026 10:02,15.5,0.001,8.11
30/01/2026 09:32,15.5,0.001,8.1
30/01/2026 09:02,15.375,0.001,8.1
30/01/2026 08:32,15.25,0.001,8.09
30/01/2026 08:02,15.25,0.001,8.09
30/01/2026 07:32,15.375,0.001,8.09
30/01/2026 07:02,15.25,0.001,8.09
30/01/2026 06:32,15.25,0.001,8.09
30/01/2026 06:02,15.375,0.001,8.09
30/01/2026 05:32,15.375,0.001,8.09
30/01/2026 05:02,15.375,0.001,8.1
30/01/2026 04:32,15.375,0.001,8.1
30/01/2026 04:02,15.25,0.001,8.1
30/01/2026 03:32,15.5,0.001,8.1
30/01/2026 03:02,15.5,0.001,8.11
30/01/2026 02:32,15.375,0.001,8.11
30/01/2026 02:02,15.375,0.001,8.11
30/01/2026 01:32,15.375,0.001,8.11
30/01/2026 01:02,15.5,0.001,8.12
30/01/2026 00:32,15.5,0.001,8.12
30/01/2026 00:02,15.5,0.001,8.12
29/01/2026 23:32,15.375,0.001,8.12
29/01/2026 23:02,15.625,0.001,8.13
29/01/2026 22:32,15.625,0.001,8.13
29/01/2026 22:02,16.625,0.001,8.13
29/01/2026 21:32,15.625,0.001,8.13
29/01/2026 21:02,16.625,0.001,8.14
29/01/2026 20:32,15.75,0.001,8.14
29/01/2026 20:02,15.75,0.001,8.14
29/01/2026 19:32,15.875,0.001,8.15
29/01/2026 19:02,15.875,0.001,8.15
29/01/2026 18:32,16,0.001,8.15
29/01/2026 18:02,15.875,0.001,8.15
29/01/2026 17:32,16,0.001,8.15
29/01/2026 17:02,15.875,0.001,8.15
29/01/2026 16:32,16,0.001,8.15
29/01/2026 16:02,16,0.001,8.14
29/01/2026 15:32,15.875,0.001,8.14
29/01/2026 15:02,15.75,0.001,8.14
29/01/2026 15:02,15.75,0.001,8.14
29/01/2026 14:32,15.75,0.001,8.14
29/01/2026 14:02,15.875,0.001,8.13
29/01/2026 13:32,15.75,0.001,8.13
29/01/2026 13:02,16.625,0.001,8.13
29/01/2026 12:32,15.625,0.001,8.13
29/01/2026 12:02,15.625,0.001,8.12
29/01/2026 11:32,15.5,0.001,8.12
29/01/2026 11:02,15.5,0.001,8.11
29/01/2026 10:32,15.5,0.001,8.11
29/01/2026 10:02,15.375,0.001,8.11
29/01/2026 09:32,15.375,0.001,8.1
29/01/2026 09:02,15.375,0.001,8.1
29/01/2026 08:32,15.25,0.001,8.1
29/01/2026 08:02,15.125,0.001,8.1
29/01/2026 07:32,15.25,0.001,8.09
29/01/2026 07:02,15.25,0.001,8.09
29/01/2026 06:32,15.25,0.001,8.09
29/01/2026 06:02,15.125,0.001,8.09
29/01/2026 05:32,15.375,0.001,8.1
29/01/2026 05:02,15.25,0.001,8.1
29/01/2026 04:32,15.25,0.001,8.1
29/01/2026 04:02,15.375,0.001,8.1
29/01/2026 03:32,15.375,0.001,8.11
29/01/2026 03:02,15.375,0.001,8.11
29/01/2026 02:32,15.25,0.001,8.11
29/01/2026 02:02,15.375,0.001,8.11
29/01/2026 01:32,15.25,0.001,8.12
29/01/2026 01:02,15.375,0.001,8.12
29/01/2026 00:32,15.375,0.001,8.12
29/01/2026 00:02,15.5,0.001,8.12
29/01/2026 00:02,15.5,0.001,8.12
28/01/2026 23:32,15.625,0.001,8.12
28/01/2026 23:02,15.375,0.001,8.13
28/01/2026 22:32,15.5,0.001,8.13
28/01/2026 22:02,15.5,0.001,8.13
28/01/2026 21:32,15.5,0.001,8.14
28/01/2026 21:02,15.5,0.001,8.14
28/01/2026 20:32,15.625,0.001,8.14
28/01/2026 20:02,16.625,0.001,8.15
28/01/2026 19:32,15.625,0.001,8.15
28/01/2026 19:02,15.625,0.001,8.15
28/01/2026 18:32,15.875,0.001,8.15
28/01/2026 18:02,15.75,0.001,8.16
28/01/2026 17:32,15.75,0.001,8.15
28/01/2026 17:02,15.875,0.001,8.15
28/01/2026 16:32,15.875,0.001,8.15
28/01/2026 16:02,15.75,0.001,8.15
28/01/2026 15:32,15.75,0.001,8.15
28/01/2026 15:02,15.875,0.001,8.14
28/01/2026 14:32,15.875,0.001,8.14
28/01/2026 14:02,15.875,0.001,8.14
28/01/2026 13:32,15.875,0.001,8.13
28/01/2026 13:02,15.875,0.001,8.13
28/01/2026 12:32,15.75,0.001,8.13
28/01/2026 12:02,15.75,0.001,8.12
28/01/2026 11:32,16.625,0.001,8.12
28/01/2026 11:02,15.75,0.001,8.11
28/01/2026 10:32,15.625,0.001,8.11
28/01/2026 10:02,16.625,0.001,8.11
28/01/2026 09:32,15.625,0.001,8.1
28/01/2026 09:02,15.625,0.001,8.1
28/01/2026 08:32,15.625,0.001,8.1
28/01/2026 08:32,15.625,0.001,8.1
28/01/2026 08:02,15.625,0.001,8.09
28/01/2026 07:32,15.5,0.001,8.09
28/01/2026 07:02,15.625,0.001,8.09
28/01/2026 06:32,15.625,0.001,8.09
28/01/2026 06:02,15.5,0.001,8.09
28/01/2026 05:32,15.5,0.001,8.09
28/01/2026 05:02,15.375,0.001,8.1
28/01/2026 04:32,15.375,0.001,8.1
28/01/2026 04:02,15.5,0.001,8.1
28/01/2026 03:32,15.625,0.001,8.1
28/01/2026 03:32,15.625,0.001,8.1
28/01/2026 03:02,15.5,0.001,8.1
28/01/2026 02:32,15.5,0.001,8.11
28/01/2026 02:02,15.5,0.001,8.11
28/01/2026 01:32,15.5,0.001,8.11
28/01/2026 01:02,15.5,0.001,8.11
28/01/2026 00:32,15.625,0.001,8.12
28/01/2026 00:02,15.625,0.001,8.12
27/01/2026 23:32,15.625,0.001,8.12
27/01/2026 23:02,15.5,0.001,8.12
27/01/2026 22:32,15.5,0.001,8.12
27/01/2026 22:02,15.625,0.001,8.13
27/01/2026 21:32,15.5,0.001,8.13
27/01/2026 21:02,15.625,0.001,8.13
27/01/2026 20:32,15.5,0.001,8.14
27/01/2026 20:02,15.625,0.001,8.14
27/01/2026 19:32,15.5,0.001,8.14
27/01/2026 19:02,15.5,0.001,8.14
27/01/2026 18:32,15.5,0.001,8.15
27/01/2026 18:02,15.625,0.001,8.15
27/01/2026 17:32,15.75,0.001,8.15
27/01/2026 17:32,15.75,0.001,8.15
27/01/2026 17:02,15.75,0.001,8.14
27/01/2026 16:32,15.75,0.001,8.14
27/01/2026 16:02,15.75,0.001,8.14
27/01/2026 15:32,15.75,0.001,8.14
27/01/2026 15:02,15.875,0.001,8.13
27/01/2026 14:32,15.75,0.001,8.13
27/01/2026 14:02,15.625,0.001,8.13
27/01/2026 13:32,15.625,0.001,8.12
27/01/2026 13:02,16.625,0.001,8.12
27/01/2026 12:32,15.625,0.001,8.12
27/01/2026 12:02,15.625,0.001,8.11
27/01/2026 11:32,15.5,0.001,8.11
27/01/2026 11:02,15.625,0.001,8.11
27/01/2026 10:32,15.625,0.001,8.1
27/01/2026 10:02,15.5,0.001,8.1
27/01/2026 09:32,15.5,0.001,8.1
27/01/2026 09:02,15.375,0.001,8.09
27/01/2026 08:32,15.5,0.001,8.09
27/01/2026 08:02,15.5,0.001,8.08
27/01/2026 07:32,15.5,0.001,8.08
27/01/2026 07:02,15.5,0.001,8.08
27/01/2026 06:32,15.5,0.001,8.08
27/01/2026 06:02,15.5,0.001,8.08
27/01/2026 05:32,15.5,0.001,8.09
27/01/2026 05:02,15.5,0.001,8.09
27/01/2026 05:02,15.5,0.001,8.09
27/01/2026 04:32,15.5,0.001,8.09
27/01/2026 04:02,15.25,0.001,8.09
27/01/2026 03:32,15.5,0.001,8.09
27/01/2026 03:02,15.375,0.001,8.1
27/01/2026 02:32,15.625,0.001,8.1
27/01/2026 02:02,15.5,0.001,8.1
27/01/2026 01:32,15.5,0.001,8.1
27/01/2026 01:02,15.5,0.001,8.1
27/01/2026 00:32,15.5,0.001,8.11
27/01/2026 00:02,15.5,0.001,8.11
26/01/2026 23:32,15.375,0.001,8.11
26/01/2026 23:02,15.375,0.001,8.11
26/01/2026 22:32,15.5,0.001,8.12
26/01/2026 22:02,15.625,0.001,8.12
26/01/2026 21:32,15.5,0.001,8.12
26/01/2026 21:02,15.5,0.001,8.12
26/01/2026 20:32,15.625,0.001,8.13
26/01/2026 20:02,15.625,0.001,8.13
26/01/2026 19:32,14.75,0.001,8.13
26/01/2026 19:02,15.75,0.001,8.13
26/01/2026 18:32,16.625,0.001,8.14
26/01/2026 18:02,15.875,0.001,8.14
26/01/2026 17:32,15.75,0.001,8.14
26/01/2026 17:02,15.875,0.001,8.13
26/01/2026 16:32,15.875,0.001,8.13
26/01/2026 16:32,15.875,0.001,8.13
26/01/2026 16:02,15.75,0.001,8.13
26/01/2026 15:32,15.875,0.001,8.13
26/01/2026 15:02,15.875,0.001,8.13
26/01/2026 14:32,15.875,0.001,8.12
26/01/2026 14:02,15.875,0.001,8.12
26/01/2026 13:32,15.75,0.001,8.12
26/01/2026 13:02,15.75,0.001,8.11
26/01/2026 12:32,15.75,0.001,8.11
26/01/2026 12:02,14.75,0.001,8.1
26/01/2026 11:32,15.625,0.001,8.1
26/01/2026 11:02,15.625,0.001,8.09
26/01/2026 11:02,15.625,0.001,8.09
26/01/2026 10:32,15.375,0.001,8.09
26/01/2026 10:02,15.375,0.001,8.09
26/01/2026 09:32,15.5,0.001,8.08
26/01/2026 09:02,15.375,0.001,8.08
26/01/2026 08:32,15.375,0.001,8.08
26/01/2026 08:02,15.5,0.001,8.07
26/01/2026 07:32,15.375,0.001,8.07
26/01/2026 07:32,15.375,0.001,8.07
26/01/2026 07:02,15.5,0.001,8.07
26/01/2026 06:32,15.375,0.001,8.07
26/01/2026 06:02,15.375,0.001,8.07
26/01/2026 05:32,15.25,0.001,8.07
26/01/2026 05:32,15.25,0.001,8.07
26/01/2026 05:02,15.5,0.001,8.07
26/01/2026 04:32,15.5,0.001,8.08
26/01/2026 04:02,15.375,0.001,8.08
26/01/2026 03:32,15.25,0.001,8.08
26/01/2026 03:02,15.25,0.001,8.08
26/01/2026 02:32,15.375,0.001,8.08
26/01/2026 02:02,15.375,0.001,8.09
26/01/2026 01:32,15.375,0.001,8.09
26/01/2026 01:02,15.5,0.001,8.09
26/01/2026 00:32,15.5,0.001,8.09
26/01/2026 00:02,15.25,0.001,8.09
25/01/2026 23:32,15.375,0.001,8.1
25/01/2026 23:02,15.375,0.001,8.1
25/01/2026 23:02,15.375,0.001,8.1
25/01/2026 22:32,15.5,0.001,8.1
25/01/2026 22:02,15.375,0.001,8.1
25/01/2026 21:32,15.375,0.001,8.1
25/01/2026 21:02,15.375,0.001,8.11
25/01/2026 20:32,15.25,0.001,8.11
25/01/2026 20:02,15.25,0.001,8.11
25/01/2026 19:32,15.25,0.001,8.11
25/01/2026 19:02,15.25,0.001,8.12
25/01/2026 18:32,15.375,0.001,8.12
25/01/2026 18:32,15.375,0.001,8.12
25/01/2026 18:02,15.375,0.001,8.12
25/01/2026 17:32,15.5,0.001,8.12
25/01/2026 17:02,15.5,0.001,8.12
25/01/2026 16:32,15.375,0.001,8.11
25/01/2026 16:02,15.375,0.001,8.11
25/01/2026 15:32,15.375,0.001,8.11
25/01/2026 15:02,15.5,0.001,8.11
25/01/2026 14:32,15.375,0.001,8.1
25/01/2026 14:02,15.375,0.001,8.1
25/01/2026 13:32,15.25,0.001,8.09
25/01/2026 13:02,15.25,0.001,8.09
25/01/2026 12:32,15.25,0.001,8.09
25/01/2026 12:02,15.25,0.001,8.08
25/01/2026 11:32,15.375,0.001,8.08
25/01/2026 11:02,15.25,0.001,8.08
25/01/2026 10:32,15.125,0.001,8.07
25/01/2026 10:02,15.125,0.001,8.07
25/01/2026 09:32,15.25,0.001,8.06
25/01/2026 09:02,15.125,0.001,8.06
25/01/2026 08:32,15,0.001,8.06
25/01/2026 08:02,15,0.001,8.05
25/01/2026 07:32,15,0.001,8.05
25/01/2026 07:02,15,0.001,8.05
25/01/2026 06:32,15,0.001,8.05
25/01/2026 06:02,15,0.001,8.05
25/01/2026 05:32,15,0.001,8.06
25/01/2026 05:02,14.875,0.001,8.06
25/01/2026 05:02,14.875,0.001,8.06
25/01/2026 04:32,14.875,0.001,8.06
25/01/2026 04:02,15,0.001,8.06
25/01/2026 03:32,15,0.001,8.06
25/01/2026 03:02,15,0.001,8.06
25/01/2026 02:32,15,0.001,8.07
25/01/2026 02:02,15,0.001,8.07
25/01/2026 01:32,15,0.001,8.07
25/01/2026 01:02,14.875,0.001,8.07
25/01/2026 00:32,15,0.001,8.08
25/01/2026 00:02,15,0.001,8.08
24/01/2026 23:32,15,0.001,8.08
24/01/2026 23:02,15,0.001,8.08
24/01/2026 23:02,15,0.001,8.08
24/01/2026 22:32,15.125,0.001,8.08
24/01/2026 22:02,15.125,0.001,8.09
24/01/2026 21:32,15,0.001,8.09
24/01/2026 21:02,15.125,0.001,8.09
24/01/2026 20:32,15.125,0.001,8.09
24/01/2026 20:02,15,0.001,8.09
24/01/2026 19:32,15.125,0.001,8.1
24/01/2026 19:02,15.125,0.001,8.1
24/01/2026 18:32,15.25,0.001,8.1
24/01/2026 18:02,15.25,0.001,8.1
24/01/2026 17:32,15.25,0.001,8.1
24/01/2026 17:02,15.25,0.001,8.1
24/01/2026 16:32,15.25,0.001,8.1
24/01/2026 16:02,15.375,0.001,8.1
24/01/2026 15:32,15.25,0.001,8.09
24/01/2026 15:02,15.25,0.001,8.09
24/01/2026 14:32,15.25,0.001,8.09
24/01/2026 14:02,15.125,0.001,8.08
24/01/2026 13:32,15.125,0.001,8.08
24/01/2026 13:02,15.125,0.001,8.08
24/01/2026 12:32,15.25,0.001,8.07
24/01/2026 12:02,15.125,0.001,8.07
24/01/2026 11:32,15.25,0.001,8.07
24/01/2026 11:02,15.25,0.001,8.06
24/01/2026 10:32,15.25,0.001,8.06
24/01/2026 10:02,15.25,0.001,8.05
24/01/2026 09:32,15.25,0.001,8.05
24/01/2026 09:02,15.25,0.001,8.04
24/01/2026 08:32,15.25,0.001,8.04
24/01/2026 08:02,15.25,0.001,8.04
24/01/2026 07:32,15.25,0.001,8.03
24/01/2026 07:02,15.125,0.001,8.03
24/01/2026 06:32,15.125,0.001,8.03
24/01/2026 06:02,15.25,0.001,8.03
24/01/2026 05:32,15.25,0.001,8.03
24/01/2026 05:02,15.25,0.001,8.04
24/01/2026 04:32,15.375,0.001,8.04
24/01/2026 04:02,15.375,0.001,8.04
24/01/2026 03:32,15.375,0.001,8.04
24/01/2026 03:02,15.375,0.001,8.04
24/01/2026 02:32,15.375,0.001,8.05
24/01/2026 02:02,15.375,0.001,8.05
24/01/2026 01:32,15.375,0.001,8.05
24/01/2026 01:02,15.5,0.001,8.06
24/01/2026 00:32,15.5,0.001,8.06
24/01/2026 00:02,15.5,0.001,8.06
23/01/2026 23:32,15.5,0.001,8.06
23/01/2026 23:02,15.625,0.001,8.07
23/01/2026 22:32,15.5,0.001,8.07
23/01/2026 22:02,15.625,0.001,8.07
23/01/2026 21:32,15.5,0.001,8.07
23/01/2026 21:02,15.5,0.001,8.07
23/01/2026 20:32,15.5,0.001,8.08
23/01/2026 20:02,15.625,0.001,8.08
23/01/2026 19:32,15.625,0.001,8.08
23/01/2026 19:02,15.625,0.001,8.09
23/01/2026 18:32,15.75,0.001,8.09
23/01/2026 18:02,16.625,0.001,8.09
23/01/2026 17:32,15.875,0.001,8.09
23/01/2026 17:02,15.75,0.001,8.09
23/01/2026 16:32,15.875,0.001,8.09
23/01/2026 16:02,15.875,0.001,8.09
23/01/2026 15:32,15.75,0.001,8.1
23/01/2026 15:02,15.875,0.001,8.1
23/01/2026 15:02,15.875,0.001,8.1
23/01/2026 14:32,16.625,0.001,8.1
23/01/2026 14:02,15.875,0.001,8.1
23/01/2026 14:02,15.875,0.001,8.1
23/01/2026 14:00,16.125,0.001,8.1
23/01/2026 13:59,16.125,0.001,8.85
22/01/2026 13:02,16.375,0.001,7.86
22/01/2026 12:42,16.5,0.001,7.81
22/01/2026 12:32,16.5,0.001,7.78
22/01/2026 12:02,16.375,0.001,7.64
22/01/2026 11:32,16.375,0.001,7.43
22/01/2026 11:02,16.25,0.001,7.17
22/01/2026 10:32,16.375,0.001,6.95
22/01/2026 10:02,16.375,0.001,6.82
22/01/2026 09:32,16.25,0.002,6.79
22/01/2026 09:22,16.125,0.003,6.74
22/01/2026 09:02,16.125,0.001,7.95
22/01/2026 08:32,16.25,0.001,7.95
22/01/2026 08:02,16.125,0.001,7.94
22/01/2026 07:32,16.125,0.001,7.94
22/01/2026 07:02,16.25,0.001,7.94
22/01/2026 06:32,16.125,0.001,7.94
22/01/2026 06:02,16.25,0.001,7.94
22/01/2026 05:32,16.125,0.001,7.94
22/01/2026 05:02,16.125,0.001,7.95
22/01/2026 04:32,16,0.001,7.95
22/01/2026 04:02,16.125,0.001,7.95
22/01/2026 03:32,16.125,0.001,7.95
22/01/2026 03:32,16.125,0.001,7.95
22/01/2026 03:02,16.25,0.001,7.96
22/01/2026 02:32,16.125,0.001,7.96
22/01/2026 02:02,16.125,0.001,7.96
22/01/2026 01:32,16.25,0.001,7.96
22/01/2026 01:02,16.375,0.001,7.97
22/01/2026 00:32,16.375,0.001,7.97
22/01/2026 00:02,16.375,0.001,7.97
21/01/2026 23:32,16.375,0.001,7.98
21/01/2026 23:02,16.375,0.001,7.98
21/01/2026 22:32,16.375,0.001,7.98
21/01/2026 22:02,16.375,0.001,7.98
21/01/2026 21:32,16.375,0.001,7.99
21/01/2026 21:02,16.5,0.001,7.99
21/01/2026 20:32,16.5,0.001,7.99
21/01/2026 20:02,16.625,0.001,8
21/01/2026 19:32,16.625,0.001,8
21/01/2026 19:02,16.625,0.001,8
21/01/2026 18:32,16.75,0.001,8
21/01/2026 18:02,16.75,0.001,8
21/01/2026 17:32,17,0.001,8.01
21/01/2026 17:02,16.875,0.001,8
21/01/2026 16:32,17,0.001,8
21/01/2026 16:02,16.75,0.001,7.99
21/01/2026 15:32,17.125,0.001,8
21/01/2026 15:02,17,0.001,8
21/01/2026 14:32,17.125,0.001,7.99
21/01/2026 14:02,17,0.001,7.99
21/01/2026 13:32,16.75,0.001,7.98
21/01/2026 13:02,15.75,0.001,7.98
21/01/2026 12:32,17.625,0.001,7.97
21/01/2026 12:02,16.625,0.001,7.97
21/01/2026 12:02,16.625,0.001,7.97
21/01/2026 11:32,16.375,0.001,7.96
21/01/2026 11:02,16.25,0.001,7.96
21/01/2026 10:32,16.25,0.001,7.95
21/01/2026 10:02,16.125,0.001,7.95
21/01/2026 09:32,16,0.001,7.94
21/01/2026 09:02,16,0.001,7.94
21/01/2026 08:32,16,0.001,7.93
21/01/2026 08:02,15.875,0.001,7.93
21/01/2026 07:32,15.875,0.001,7.93
21/01/2026 07:02,15.875,0.001,7.93
21/01/2026 06:32,15.875,0.001,7.93
21/01/2026 06:02,15.875,0.001,7.93
21/01/2026 05:32,15.75,0.001,7.93
21/01/2026 05:02,15.875,0.001,7.94
21/01/2026 04:32,15.875,0.001,7.93
21/01/2026 04:02,15.875,0.001,7.94
21/01/2026 03:32,15.875,0.001,7.94
21/01/2026 03:02,15.875,0.001,7.94
21/01/2026 02:32,15.875,0.001,7.94
21/01/2026 02:02,15.875,0.001,7.95
21/01/2026 01:32,16,0.001,7.95
21/01/2026 01:02,16,0.001,7.95
21/01/2026 00:32,16,0.001,7.96
21/01/2026 00:02,16.125,0.001,7.96
20/01/2026 23:32,16.125,0.001,7.96
20/01/2026 23:02,16.125,0.001,7.97
20/01/2026 22:32,16.25,0.001,7.97
20/01/2026 22:02,16.125,0.001,7.97
20/01/2026 21:32,16.125,0.001,7.97
20/01/2026 21:02,16.375,0.001,7.98
20/01/2026 20:32,16.25,0.001,7.98
20/01/2026 20:02,16.375,0.001,7.98
20/01/2026 19:32,16.5,0.001,7.99
20/01/2026 19:02,16.5,0.001,7.99
20/01/2026 18:32,16.375,0.001,7.99
20/01/2026 18:02,16.375,0.001,7.99
20/01/2026 17:32,16.5,0.001,7.99
20/01/2026 17:02,16.5,0.001,7.99
20/01/2026 16:32,16.375,0.001,7.98
20/01/2026 16:02,16.25,0.001,7.98
20/01/2026 15:32,16.125,0.001,7.98
20/01/2026 15:02,16.25,0.001,7.97
20/01/2026 14:32,16,0.001,7.97
20/01/2026 14:02,15.875,0.001,7.96
20/01/2026 13:32,15.875,0.001,7.96
20/01/2026 13:02,14.875,0.001,7.96
20/01/2026 13:02,14.875,0.001,7.96
20/01/2026 12:32,15.75,0.001,7.95
20/01/2026 12:02,15.75,0.001,7.94
20/01/2026 11:32,15.375,0.001,7.94
20/01/2026 11:02,15.25,0.001,7.92
20/01/2026 10:32,15.75,0.001,7.95
20/01/2026 10:02,15.875,0.001,7.95
20/01/2026 09:32,15.75,0.001,7.95
20/01/2026 09:02,15.75,0.001,7.94
20/01/2026 08:32,15.75,0.001,7.94
20/01/2026 08:32,15.75,0.001,7.94
20/01/2026 08:02,15.625,0.001,7.94
20/01/2026 07:32,16.625,0.001,7.93
20/01/2026 07:02,14.75,0.001,7.94
20/01/2026 06:32,15.625,0.001,7.94
20/01/2026 06:02,14.75,0.001,7.94
20/01/2026 05:32,16.625,0.001,7.94
20/01/2026 05:02,15.75,0.001,7.94
20/01/2026 04:32,15.75,0.001,7.94
20/01/2026 04:02,15.75,0.001,7.95
20/01/2026 03:32,15.875,0.001,7.95
20/01/2026 03:02,16,0.001,7.95
20/01/2026 02:32,16,0.001,7.96
20/01/2026 02:02,15.875,0.001,7.96
20/01/2026 01:32,16,0.001,7.96
20/01/2026 01:02,15.875,0.001,7.96
20/01/2026 00:32,16,0.001,7.96
20/01/2026 00:02,16,0.001,7.97
19/01/2026 23:32,16.125,0.001,7.97
19/01/2026 23:02,16,0.001,7.97
19/01/2026 22:32,16.125,0.001,7.97
19/01/2026 22:02,16.25,0.001,7.98
19/01/2026 21:32,16.25,0.001,7.98
19/01/2026 21:02,16.25,0.001,7.98
19/01/2026 20:32,16.25,0.001,7.99
19/01/2026 20:02,16.25,0.001,7.99
19/01/2026 19:32,16.375,0.001,7.99
19/01/2026 19:02,16.5,0.001,8
19/01/2026 18:32,16.375,0.001,8
19/01/2026 18:02,16.5,0.001,8
19/01/2026 17:32,16.5,0.001,8
19/01/2026 17:02,16.375,0.001,7.99
19/01/2026 16:32,16.375,0.001,7.99
19/01/2026 16:02,16.25,0.001,7.99
19/01/2026 15:32,16.25,0.001,7.98
19/01/2026 15:02,16.125,0.001,7.98
19/01/2026 14:32,16,0.001,7.97
19/01/2026 14:02,15.875,0.001,7.97
19/01/2026 13:32,15.875,0.001,7.97
19/01/2026 13:02,15.625,0.001,7.96
19/01/2026 12:32,16.625,0.001,7.96
19/01/2026 12:02,15.625,0.001,7.95
19/01/2026 11:32,15.375,0.001,7.95
19/01/2026 11:02,15.375,0.001,7.95
19/01/2026 10:32,15.25,0.001,7.94
19/01/2026 10:02,15.25,0.001,7.94
19/01/2026 10:02,15.25,0.001,7.94
19/01/2026 09:32,15.125,0.001,7.94
19/01/2026 09:02,15.375,0.001,7.94
19/01/2026 08:32,15.25,0.001,7.93
19/01/2026 08:02,15.25,0.001,7.93
19/01/2026 07:32,15.25,0.001,7.93
19/01/2026 07:02,15.375,0.001,7.93
19/01/2026 06:32,15.25,0.001,7.93
19/01/2026 06:02,15.25,0.001,7.93
19/01/2026 05:32,15.25,0.001,7.93
19/01/2026 05:02,15.25,0.001,7.94
19/01/2026 04:32,15.375,0.001,7.94
19/01/2026 04:02,15.25,0.001,7.94
19/01/2026 03:32,15.5,0.001,7.94
19/01/2026 03:02,15.25,0.001,7.95
19/01/2026 02:32,15.375,0.001,7.95
19/01/2026 02:02,15.5,0.001,7.95
19/01/2026 01:32,15.375,0.001,7.96
19/01/2026 01:02,15.375,0.001,7.96
19/01/2026 00:32,15.5,0.001,7.96
19/01/2026 00:02,15.5,0.001,7.96
18/01/2026 23:32,15.5,0.001,7.97
18/01/2026 23:02,15.625,0.001,7.97
18/01/2026 22:32,15.625,0.001,7.97
18/01/2026 22:02,15.5,0.001,7.97
18/01/2026 22:02,15.5,0.001,7.97
18/01/2026 21:32,15.5,0.001,7.98
18/01/2026 21:02,15.5,0.001,7.98
18/01/2026 20:32,15.5,0.001,7.98
18/01/2026 20:02,15.625,0.001,7.98
18/01/2026 19:32,15.5,0.001,7.99
18/01/2026 19:32,15.5,0.001,7.99
18/01/2026 19:02,15.625,0.001,7.99
18/01/2026 18:32,15.625,0.001,7.99
18/01/2026 18:02,15.5,0.001,7.99
18/01/2026 17:32,15.625,0.001,7.99
18/01/2026 17:02,15.625,0.001,7.99
18/01/2026 17:02,15.625,0.001,7.99
18/01/2026 16:32,15.625,0.001,7.99
18/01/2026 16:02,15.625,0.001,7.99
18/01/2026 15:32,15.625,0.001,7.98
18/01/2026 15:02,15.625,0.001,7.98
18/01/2026 14:32,15.5,0.001,7.98
18/01/2026 14:02,15.625,0.001,7.98
18/01/2026 13:32,15.5,0.001,7.97
18/01/2026 13:02,15.625,0.001,7.97
18/01/2026 12:32,15.5,0.001,7.97
18/01/2026 12:02,14.75,0.001,7.96
18/01/2026 11:32,15.5,0.001,7.96
18/01/2026 11:02,15.625,0.001,7.96
18/01/2026 10:32,15.5,0.001,7.95
18/01/2026 10:02,15.625,0.001,7.95
18/01/2026 09:32,15.5,0.001,7.95
18/01/2026 09:02,15.625,0.001,7.95
18/01/2026 08:32,15.5,0.001,7.95
18/01/2026 08:02,15.625,0.001,7.94
18/01/2026 07:32,15.625,0.001,7.94
18/01/2026 07:02,15.375,0.001,7.94
18/01/2026 06:32,15.375,0.001,7.94
18/01/2026 06:02,15.5,0.001,7.94
18/01/2026 05:32,15.5,0.001,7.94
18/01/2026 05:02,15.5,0.001,7.95
18/01/2026 04:32,15.375,0.001,7.95
18/01/2026 04:02,15.5,0.001,7.95
18/01/2026 03:32,15.5,0.001,7.95
18/01/2026 03:02,15.5,0.001,7.96
18/01/2026 02:32,15.375,0.001,7.96
18/01/2026 02:02,15.5,0.001,7.96
18/01/2026 01:32,15.5,0.001,7.96
18/01/2026 01:02,15.5,0.001,7.97
18/01/2026 00:32,16.5,0.001,7.97
18/01/2026 00:02,15.625,0.001,7.97
17/01/2026 23:32,15.625,0.001,7.97
17/01/2026 23:02,16.625,0.001,7.98
17/01/2026 22:32,16.625,0.001,7.98
17/01/2026 22:02,15.625,0.001,7.98
17/01/2026 21:32,16.625,0.001,7.98
17/01/2026 21:02,15.75,0.001,7.99
17/01/2026 20:32,15.75,0.001,7.99
17/01/2026 20:02,15.875,0.001,7.99
17/01/2026 19:32,15.75,0.001,8
17/01/2026 19:02,15.75,0.001,8
17/01/2026 18:32,15.75,0.001,8
17/01/2026 18:02,15.875,0.001,8
17/01/2026 17:32,15.75,0.001,8
17/01/2026 17:02,15.875,0.001,8
17/01/2026 16:32,15.875,0.001,8
17/01/2026 16:02,15.75,0.001,8
17/01/2026 15:32,15.875,0.001,7.99
17/01/2026 15:02,16,0.001,7.99
17/01/2026 14:32,15.875,0.001,7.99
17/01/2026 14:02,15.875,0.001,7.98
17/01/2026 13:32,15.75,0.001,7.98
17/01/2026 13:02,15.875,0.001,7.98
17/01/2026 12:32,15.875,0.001,7.97
17/01/2026 12:02,15.75,0.001,7.97
17/01/2026 11:32,15.75,0.001,7.96
17/01/2026 11:02,15.875,0.001,7.96
17/01/2026 10:32,15.75,0.001,7.96
17/01/2026 10:02,16,0.001,7.96
17/01/2026 09:32,15.75,0.001,7.95
17/01/2026 09:02,15.75,0.001,7.95
17/01/2026 08:32,15.875,0.001,7.95
17/01/2026 08:02,15.875,0.001,7.95
17/01/2026 07:32,15.875,0.001,7.94
17/01/2026 07:02,15.75,0.001,7.94
17/01/2026 06:32,15.875,0.001,7.95
17/01/2026 06:02,15.875,0.001,7.95
17/01/2026 05:32,15.875,0.001,7.95
17/01/2026 05:02,15.75,0.001,7.95
17/01/2026 04:32,15.875,0.001,7.95
17/01/2026 04:02,15.875,0.001,7.96
17/01/2026 03:32,15.875,0.001,7.96
17/01/2026 03:02,15.875,0.001,7.96
17/01/2026 02:32,15.875,0.001,7.96
17/01/2026 02:02,16,0.001,7.96
17/01/2026 01:32,16,0.001,7.97
17/01/2026 01:02,15.875,0.001,7.97
17/01/2026 00:32,16,0.001,7.97
17/01/2026 00:02,16,0.001,7.97
16/01/2026 23:32,16,0.001,7.98
16/01/2026 23:02,16,0.001,7.98
16/01/2026 22:32,16,0.001,7.98
16/01/2026 22:02,15.875,0.001,7.98
16/01/2026 21:32,15.875,0.001,7.99
16/01/2026 21:02,16,0.001,7.99
16/01/2026 20:32,15.875,0.001,7.99
16/01/2026 20:32,15.875,0.001,7.99
16/01/2026 20:02,16,0.001,7.99
16/01/2026 19:32,16,0.001,7.99
16/01/2026 19:02,15.875,0.001,7.99
16/01/2026 18:32,16,0.001,8
16/01/2026 18:02,15.875,0.001,8
16/01/2026 17:32,16,0.001,8
16/01/2026 17:02,16.125,0.001,8
16/01/2026 16:32,16.125,0.001,8
16/01/2026 16:02,16.125,0.001,8
16/01/2026 15:32,16.125,0.001,7.99
16/01/2026 15:02,16.125,0.001,7.99
16/01/2026 14:32,16.125,0.001,7.98
16/01/2026 14:02,16.125,0.001,7.98
16/01/2026 13:32,16,0.001,7.98
16/01/2026 13:02,16,0.001,7.98
16/01/2026 12:32,15.875,0.001,7.97
16/01/2026 12:02,16,0.001,7.97
16/01/2026 11:32,16,0.001,7.96
16/01/2026 11:02,16,0.001,7.96
16/01/2026 10:32,15.875,0.001,7.96
16/01/2026 10:02,16,0.001,7.95
16/01/2026 09:32,16,0.001,7.95
16/01/2026 09:02,16,0.001,7.95
16/01/2026 08:32,15.875,0.001,7.94
16/01/2026 08:02,16,0.001,7.94
16/01/2026 07:32,15.875,0.001,7.94
16/01/2026 07:02,16,0.001,7.94
16/01/2026 06:32,16,0.001,7.94
16/01/2026 06:02,15.875,0.001,7.93
16/01/2026 05:32,16,0.001,7.94
16/01/2026 05:02,16,0.001,7.94
16/01/2026 04:32,16,0.001,7.94
16/01/2026 04:02,15.875,0.001,7.94
16/01/2026 03:32,16,0.001,7.94
16/01/2026 03:02,16,0.001,7.95
16/01/2026 02:32,16,0.001,7.95
16/01/2026 02:02,16,0.001,7.95
16/01/2026 02:02,16,0.001,7.95
16/01/2026 01:32,16,0.001,7.95
16/01/2026 01:02,15.875,0.001,7.95
16/01/2026 00:32,16,0.001,7.96
16/01/2026 00:02,16,0.001,7.96
15/01/2026 23:32,15.875,0.001,7.96
15/01/2026 23:02,16,0.001,7.96
15/01/2026 22:32,16,0.001,7.96
15/01/2026 22:02,16,0.001,7.97
15/01/2026 21:32,15.875,0.001,7.97
15/01/2026 21:02,15.875,0.001,7.97
15/01/2026 21:02,15.875,0.001,7.97
15/01/2026 20:32,15.875,0.001,7.97
15/01/2026 20:02,15.875,0.001,7.98
15/01/2026 19:32,16,0.001,7.98
15/01/2026 19:02,15.875,0.001,7.98
15/01/2026 18:32,16,0.001,7.98
15/01/2026 18:02,16,0.001,7.99
15/01/2026 17:32,16,0.001,7.99
15/01/2026 17:02,16,0.001,7.99
15/01/2026 16:32,16,0.001,7.98
15/01/2026 16:02,16,0.001,7.98
15/01/2026 15:32,16,0.001,7.98
15/01/2026 15:02,16,0.001,7.97
15/01/2026 14:32,16,0.001,7.97
15/01/2026 14:32,16,0.001,7.97
15/01/2026 14:02,16,0.001,7.97
15/01/2026 13:32,16,0.001,7.97
15/01/2026 13:02,16,0.001,7.96
15/01/2026 12:32,16,0.001,7.96
15/01/2026 12:32,16,0.001,7.96
15/01/2026 12:02,16,0.001,7.95
15/01/2026 11:32,15.875,0.001,7.95
15/01/2026 11:02,15.875,0.001,7.95
15/01/2026 10:32,15.875,0.001,7.94
15/01/2026 10:02,16,0.001,7.94
15/01/2026 09:32,15.875,0.001,7.94
15/01/2026 09:02,16,0.001,7.93
15/01/2026 09:02,16,0.001,7.93
15/01/2026 08:32,15.875,0.001,7.93
15/01/2026 08:02,16,0.001,7.93
15/01/2026 07:32,16,0.001,7.93
15/01/2026 07:02,16,0.001,7.92
15/01/2026 06:32,16,0.001,7.92
15/01/2026 06:02,15.875,0.001,7.92
15/01/2026 05:32,16,0.001,7.92
15/01/2026 05:02,16,0.001,7.93
15/01/2026 04:32,15.875,0.001,7.93
15/01/2026 04:02,16,0.001,7.93
15/01/2026 03:32,15.875,0.001,7.93
15/01/2026 03:02,15.875,0.001,7.93
15/01/2026 02:32,16,0.001,7.93
15/01/2026 02:02,15.875,0.001,7.94
15/01/2026 01:32,16,0.001,7.94
15/01/2026 01:02,16,0.001,7.94
15/01/2026 00:32,15.875,0.001,7.94
15/01/2026 00:02,16,0.001,7.94
14/01/2026 23:32,15.875,0.001,7.95
14/01/2026 23:02,15.875,0.001,7.95
14/01/2026 22:32,16,0.001,7.95
14/01/2026 22:02,15.875,0.001,7.95
14/01/2026 21:32,16,0.001,7.95
14/01/2026 21:02,16,0.001,7.96
14/01/2026 20:32,16,0.001,7.96
14/01/2026 20:02,16,0.001,7.96
14/01/2026 19:32,16,0.001,7.96
14/01/2026 19:02,16.125,0.001,7.96
14/01/2026 18:32,16,0.001,7.97
14/01/2026 18:02,16,0.001,7.97
14/01/2026 17:32,16.125,0.001,7.97
14/01/2026 17:02,16.25,0.001,7.97
14/01/2026 16:32,16.125,0.001,7.97
14/01/2026 16:02,16.25,0.001,7.96
14/01/2026 15:32,16.25,0.001,7.96
14/01/2026 15:02,16.375,0.001,7.96
14/01/2026 14:32,16.25,0.001,7.95
14/01/2026 14:02,16.125,0.001,7.95
14/01/2026 13:32,16.125,0.001,7.95
14/01/2026 13:02,16,0.001,7.94
14/01/2026 12:32,16,0.001,7.94
14/01/2026 12:02,16,0.001,7.93
14/01/2026 11:32,16,0.001,7.93
14/01/2026 11:02,16,0.001,7.93
14/01/2026 10:32,16,0.001,7.92
14/01/2026 10:02,16,0.001,7.92
14/01/2026 09:32,16,0.001,7.91
14/01/2026 09:02,15.875,0.001,7.91
14/01/2026 08:32,16,0.001,7.91
14/01/2026 08:02,16,0.001,7.9
14/01/2026 07:32,15.875,0.001,7.9
14/01/2026 07:02,16,0.001,7.9
14/01/2026 06:32,16,0.001,7.9
14/01/2026 06:02,16,0.001,7.9
14/01/2026 05:32,16,0.001,7.9
14/01/2026 05:02,16,0.001,7.9
14/01/2026 04:32,16,0.001,7.9
14/01/2026 04:02,16,0.001,7.9
14/01/2026 03:32,16,0.001,7.9
14/01/2026 03:02,16,0.001,7.9
14/01/2026 02:32,16,0.001,7.9
14/01/2026 02:02,16,0.001,7.9
14/01/2026 01:32,16,0.001,7.9
14/01/2026 01:02,16.125,0.001,7.9
14/01/2026 00:32,16,0.001,7.9
14/01/2026 00:02,16.125,0.001,7.91
13/01/2026 23:32,15.875,0.001,7.91
13/01/2026 23:02,16,0.001,7.91
13/01/2026 22:32,16,0.001,7.91
13/01/2026 22:02,16,0.001,7.91
13/01/2026 21:32,16,0.001,7.91
13/01/2026 21:02,16,0.001,7.91
13/01/2026 20:32,16,0.001,7.91
13/01/2026 20:02,16,0.001,7.92
13/01/2026 19:32,15.875,0.001,7.92
13/01/2026 19:02,16,0.001,7.92
13/01/2026 18:32,15.875,0.001,7.92
13/01/2026 18:02,16.125,0.001,7.92
13/01/2026 17:32,16,0.001,7.92
13/01/2026 17:02,16.125,0.001,7.92
13/01/2026 16:32,16,0.001,7.91
13/01/2026 16:02,16.125,0.001,7.91
13/01/2026 16:02,16.125,0.001,7.91
13/01/2026 15:32,16.125,0.001,7.91
13/01/2026 15:02,16.125,0.001,7.91
13/01/2026 14:32,16.125,0.001,7.91
13/01/2026 14:02,16.125,0.001,7.91
13/01/2026 13:32,16,0.001,7.91
13/01/2026 13:02,16,0.001,7.91
13/01/2026 12:32,16,0.001,7.91
13/01/2026 12:02,16,0.001,7.91
13/01/2026 11:32,16,0.001,7.92
13/01/2026 11:02,16,0.001,7.93
13/01/2026 10:32,16,0.001,7.94
13/01/2026 10:02,16,0.001,7.94
13/01/2026 09:32,16,0.001,7.94
13/01/2026 09:02,16,0.001,7.93
13/01/2026 08:32,15.875,0.001,7.93
13/01/2026 08:02,16,0.001,7.93
13/01/2026 07:32,15.875,0.001,7.93
13/01/2026 07:02,15.875,0.001,7.93
13/01/2026 06:32,15.875,0.001,7.92
13/01/2026 06:02,15.875,0.001,7.93
13/01/2026 06:02,15.875,0.001,7.93
13/01/2026 05:32,15.875,0.001,7.93
13/01/2026 05:02,15.875,0.001,7.93
13/01/2026 05:02,15.875,0.001,7.93
13/01/2026 04:32,16,0.001,7.93
13/01/2026 04:02,15.875,0.001,7.93
13/01/2026 03:32,16,0.001,7.93
13/01/2026 03:02,15.875,0.001,7.94
13/01/2026 02:32,15.875,0.001,7.94
13/01/2026 02:02,15.875,0.001,7.94
13/01/2026 02:02,15.875,0.001,7.94
13/01/2026 01:32,15.875,0.001,7.94
13/01/2026 01:02,16,0.001,7.94
13/01/2026 00:32,16,0.001,7.94
13/01/2026 00:02,15.75,0.001,7.94
12/01/2026 23:32,15.875,0.001,7.95
12/01/2026 23:02,15.875,0.001,7.95
12/01/2026 22:32,15.875,0.001,7.95
12/01/2026 22:02,15.875,0.001,7.96
12/01/2026 21:32,15.875,0.001,7.96
12/01/2026 21:02,15.875,0.001,7.96
12/01/2026 20:32,15.875,0.001,7.96
12/01/2026 20:02,15.875,0.001,7.97
12/01/2026 19:32,16,0.001,7.97
12/01/2026 19:02,15.875,0.001,7.97
12/01/2026 18:32,15.875,0.001,7.97
12/01/2026 18:02,15.875,0.001,7.97
12/01/2026 17:32,15.875,0.001,7.97
12/01/2026 17:02,16,0.001,7.97
12/01/2026 16:32,16,0.001,7.96
12/01/2026 16:02,15.875,0.001,7.96
12/01/2026 15:32,15.875,0.001,7.96
12/01/2026 15:02,15.875,0.001,7.96
12/01/2026 14:32,15.875,0.001,7.96
12/01/2026 14:02,15.875,0.001,7.95
12/01/2026 13:32,15.875,0.001,7.95
12/01/2026 13:02,15.75,0.001,7.95
12/01/2026 12:32,15.875,0.001,7.94
12/01/2026 12:02,14.75,0.001,7.94
12/01/2026 12:02,14.75,0.001,7.94
12/01/2026 11:32,15.75,0.001,7.94
12/01/2026 11:32,15.75,0.001,7.94
12/01/2026 11:02,15.875,0.001,7.93
12/01/2026 10:32,15.875,0.001,7.93
12/01/2026 10:02,15.75,0.001,7.93
12/01/2026 09:32,15.75,0.001,7.92
12/01/2026 09:02,15.75,0.001,7.92
12/01/2026 08:32,15.875,0.001,7.92
12/01/2026 08:02,15.75,0.001,7.92
12/01/2026 07:32,15.75,0.001,7.92
12/01/2026 07:02,15.875,0.001,7.91
12/01/2026 06:32,15.75,0.001,7.92
12/01/2026 06:02,15.75,0.001,7.92
12/01/2026 05:32,15.75,0.001,7.92
12/01/2026 05:02,15.875,0.001,7.92
12/01/2026 04:32,15.875,0.001,7.92
12/01/2026 04:02,15.75,0.001,7.93
12/01/2026 03:32,15.75,0.001,7.93
12/01/2026 03:32,15.75,0.001,7.93
12/01/2026 03:02,15.875,0.001,7.93
12/01/2026 02:32,15.75,0.001,7.93
12/01/2026 02:02,15.75,0.001,7.94
12/01/2026 01:32,15.75,0.001,7.94
12/01/2026 01:02,15.75,0.001,7.94
12/01/2026 01:02,15.75,0.001,7.94
12/01/2026 00:32,15.875,0.001,7.94
12/01/2026 00:02,15.75,0.001,7.95
11/01/2026 23:32,15.875,0.001,7.95
11/01/2026 23:32,15.875,0.001,7.95
11/01/2026 23:02,15.875,0.001,7.96
11/01/2026 22:32,15.875,0.001,7.96
11/01/2026 22:02,15.75,0.001,7.96
11/01/2026 21:32,15.75,0.001,7.97
11/01/2026 21:32,15.75,0.001,7.97
11/01/2026 21:02,16,0.001,7.97
11/01/2026 20:32,15.875,0.001,7.98
11/01/2026 20:02,15.875,0.001,7.98
11/01/2026 19:32,15.875,0.001,7.98
11/01/2026 19:02,15.875,0.001,7.98
11/01/2026 18:32,15.875,0.001,7.99
11/01/2026 18:02,15.875,0.001,7.99
11/01/2026 17:32,15.875,0.001,7.98
11/01/2026 17:02,16,0.001,7.98
11/01/2026 16:32,15.875,0.001,7.98
11/01/2026 16:02,15.875,0.001,7.98
11/01/2026 15:32,16,0.001,7.98
11/01/2026 15:02,15.875,0.001,7.97
11/01/2026 14:32,16,0.001,7.97
11/01/2026 14:02,15.875,0.001,7.97
11/01/2026 13:32,15.75,0.001,7.96
11/01/2026 13:02,15.75,0.001,7.96
11/01/2026 13:02,15.75,0.001,7.96
11/01/2026 12:32,15.875,0.001,7.96
11/01/2026 12:02,15.875,0.001,7.95
11/01/2026 11:32,15.875,0.001,7.95
11/01/2026 11:02,15.75,0.001,7.95
11/01/2026 10:32,15.75,0.001,7.95
11/01/2026 10:02,15.75,0.001,7.94
11/01/2026 09:32,15.75,0.001,7.94
11/01/2026 09:02,15.875,0.001,7.94
11/01/2026 08:32,15.75,0.001,7.94
11/01/2026 08:02,15.875,0.001,7.94
11/01/2026 07:32,15.875,0.001,7.94
11/01/2026 07:02,15.75,0.001,7.93
11/01/2026 06:32,15.75,0.001,7.94
11/01/2026 06:32,15.75,0.001,7.94
11/01/2026 06:02,15.75,0.001,7.94
11/01/2026 05:32,15.75,0.001,7.94
11/01/2026 05:02,15.875,0.001,7.94
11/01/2026 04:32,15.875,0.001,7.94
11/01/2026 04:02,15.875,0.001,7.94
11/01/2026 03:32,15.875,0.001,7.95
11/01/2026 03:02,15.875,0.001,7.95
11/01/2026 02:32,15.875,0.001,7.95
11/01/2026 02:02,15.875,0.001,7.95
11/01/2026 01:32,15.875,0.001,7.95
11/01/2026 01:02,15.875,0.001,7.96
11/01/2026 00:32,15.875,0.001,7.96
11/01/2026 00:02,15.875,0.001,7.96
10/01/2026 23:32,15.875,0.001,7.96
10/01/2026 23:02,15.75,0.001,7.96
10/01/2026 22:32,15.75,0.001,7.97
10/01/2026 22:32,15.75,0.001,7.97
10/01/2026 22:02,15.875,0.001,7.97
10/01/2026 21:32,15.875,0.001,7.97
10/01/2026 21:02,16,0.001,7.97
10/01/2026 20:32,15.875,0.001,7.98
10/01/2026 20:02,15.875,0.001,7.98
10/01/2026 19:32,15.875,0.001,7.98
10/01/2026 19:02,16,0.001,7.98
10/01/2026 18:32,16,0.001,7.99
10/01/2026 18:02,16,0.001,7.99
10/01/2026 17:32,16,0.001,7.98
10/01/2026 17:02,15.875,0.001,7.98
10/01/2026 16:32,16,0.001,7.98
10/01/2026 16:02,16,0.001,7.98
10/01/2026 15:32,16,0.001,7.98
10/01/2026 15:02,16,0.001,7.97
10/01/2026 14:32,16,0.001,7.97
10/01/2026 14:02,16,0.001,7.97
10/01/2026 13:32,16,0.001,7.97
10/01/2026 13:02,15.875,0.001,7.96
10/01/2026 12:32,15.875,0.001,7.96
10/01/2026 12:02,15.875,0.001,7.95
10/01/2026 12:02,15.875,0.001,7.95
10/01/2026 11:32,15.875,0.001,7.95
10/01/2026 11:02,15.875,0.001,7.95
10/01/2026 10:32,15.75,0.001,7.95
10/01/2026 10:32,15.75,0.001,7.95
10/01/2026 10:02,15.75,0.001,7.94
10/01/2026 09:32,15.875,0.001,7.94
10/01/2026 09:02,15.75,0.001,7.94
10/01/2026 08:32,15.875,0.001,7.93
10/01/2026 08:02,16,0.001,7.93
10/01/2026 07:32,15.875,0.001,7.93
10/01/2026 07:02,16,0.001,7.93
10/01/2026 06:32,16,0.001,7.93
10/01/2026 06:02,16,0.001,7.93
10/01/2026 05:32,16,0.001,7.93
10/01/2026 05:02,15.875,0.001,7.94
10/01/2026 04:32,15.875,0.001,7.94
10/01/2026 04:02,15.875,0.001,7.94
10/01/2026 03:32,16,0.001,7.94
10/01/2026 03:02,15.875,0.001,7.94
10/01/2026 02:32,15.875,0.001,7.94
10/01/2026 02:02,15.875,0.001,7.94
10/01/2026 01:32,15.875,0.001,7.95
10/01/2026 01:02,15.875,0.001,7.95
10/01/2026 00:32,15.875,0.001,7.95
10/01/2026 00:02,16,0.001,7.95
10/01/2026 00:02,16,0.001,7.95
09/01/2026 23:32,15.875,0.001,7.95
09/01/2026 23:02,16,0.001,7.96
09/01/2026 22:32,15.875,0.001,7.96
09/01/2026 22:02,16,0.001,7.96
09/01/2026 21:32,15.875,0.001,7.96
09/01/2026 21:02,16,0.001,7.96
09/01/2026 20:32,15.875,0.001,7.96
09/01/2026 20:02,16,0.001,7.97
09/01/2026 19:32,16,0.001,7.97
09/01/2026 19:02,16,0.001,7.97
09/01/2026 18:32,16,0.001,7.97
09/01/2026 18:02,16,0.001,7.97
09/01/2026 17:32,16,0.001,7.97
09/01/2026 17:02,16.125,0.001,7.97
09/01/2026 16:32,16,0.001,7.97
09/01/2026 16:02,16,0.001,7.97
09/01/2026 16:02,16,0.001,7.97
09/01/2026 15:32,16,0.001,7.97
09/01/2026 15:32,16,0.001,7.97
09/01/2026 15:02,16,0.001,7.96
09/01/2026 14:32,16,0.001,7.96
09/01/2026 14:02,16,0.001,7.96
09/01/2026 13:32,16.125,0.001,7.95
09/01/2026 13:02,16,0.001,7.95
09/01/2026 12:32,16,0.001,7.95
09/01/2026 12:02,16,0.001,7.94
09/01/2026 11:32,16,0.001,7.94
09/01/2026 11:02,15.875,0.001,7.94
09/01/2026 10:32,15.875,0.001,7.94
09/01/2026 10:02,15.875,0.001,7.94
09/01/2026 09:32,16,0.001,7.93
09/01/2026 09:02,15.875,0.001,7.93
09/01/2026 08:32,16,0.001,7.93
09/01/2026 08:02,15.875,0.001,7.93
09/01/2026 07:32,16,0.001,7.93
09/01/2026 07:02,16.125,0.001,7.92
09/01/2026 06:32,16,0.001,7.93
09/01/2026 06:02,16,0.001,7.93
09/01/2026 06:02,16,0.001,7.93
09/01/2026 05:32,16,0.001,7.93
09/01/2026 05:02,16,0.001,7.93
09/01/2026 04:32,16,0.001,7.93
09/01/2026 04:02,16.125,0.001,7.93
09/01/2026 03:32,16.125,0.001,7.93
09/01/2026 03:02,16.125,0.001,7.94
09/01/2026 02:32,16.125,0.001,7.94
09/01/2026 02:02,16.125,0.001,7.94
09/01/2026 01:32,16.125,0.001,7.94
09/01/2026 01:02,16.25,0.001,7.94
09/01/2026 00:32,16.25,0.001,7.94
09/01/2026 00:02,16.125,0.001,7.95
08/01/2026 23:32,16.125,0.001,7.95
08/01/2026 23:02,16.125,0.001,7.95
08/01/2026 22:32,16.125,0.001,7.95
08/01/2026 22:02,16.25,0.001,7.95
08/01/2026 21:32,16.25,0.001,7.96
08/01/2026 21:02,16.375,0.001,7.96
08/01/2026 21:02,16.375,0.001,7.96
08/01/2026 20:32,16.5,0.001,7.96
08/01/2026 20:02,16.375,0.001,7.97
08/01/2026 19:32,16.5,0.001,7.97
08/01/2026 19:02,16.5,0.001,7.97
08/01/2026 18:32,16.625,0.001,7.97
08/01/2026 18:02,16.875,0.001,7.97
08/01/2026 17:32,16.875,0.001,7.97
08/01/2026 17:02,17,0.001,7.97
08/01/2026 16:32,16.875,0.001,7.97
08/01/2026 16:32,16.875,0.001,7.97
08/01/2026 16:02,17,0.001,7.97
08/01/2026 15:32,17,0.001,7.97
08/01/2026 15:02,17.125,0.001,7.96
08/01/2026 14:32,17.125,0.001,7.96
08/01/2026 14:02,17.375,0.001,7.96
08/01/2026 13:32,17.125,0.001,7.95
08/01/2026 13:02,17,0.001,7.95
08/01/2026 13:02,17,0.001,7.95
08/01/2026 12:32,16.875,0.001,7.95
08/01/2026 12:02,17.625,0.001,7.94
08/01/2026 11:32,15.75,0.001,7.94
08/01/2026 11:02,16.375,0.001,7.93
08/01/2026 10:32,16.375,0.001,7.93
08/01/2026 10:02,16.25,0.001,7.93
08/01/2026 09:32,16.25,0.001,7.92
08/01/2026 09:02,16,0.001,7.92
08/01/2026 08:32,16,0.001,7.92
08/01/2026 08:02,15.875,0.001,7.91
08/01/2026 07:32,15.875,0.001,7.91
08/01/2026 07:32,15.875,0.001,7.91
08/01/2026 07:02,15.875,0.001,7.91
08/01/2026 06:32,15.75,0.001,7.91
08/01/2026 06:02,15.75,0.001,7.91
08/01/2026 05:32,15.75,0.001,7.91
08/01/2026 05:02,15.75,0.001,7.92
08/01/2026 04:32,15.875,0.001,7.92
08/01/2026 04:02,15.875,0.001,7.92
08/01/2026 03:32,15.875,0.001,7.92
08/01/2026 03:02,16,0.001,7.92
08/01/2026 02:32,15.75,0.001,7.92
08/01/2026 02:02,15.875,0.001,7.92
08/01/2026 01:32,15.875,0.001,7.92
08/01/2026 01:02,16,0.001,7.92
08/01/2026 00:32,16,0.001,7.93
08/01/2026 00:02,16,0.001,7.93
07/01/2026 23:32,15.875,0.001,7.93
07/01/2026 23:02,16,0.001,7.93
07/01/2026 22:32,15.875,0.001,7.94
07/01/2026 22:02,16,0.001,7.94
07/01/2026 21:32,16,0.001,7.94
07/01/2026 21:02,16,0.001,7.95
07/01/2026 20:32,16,0.001,7.95
07/01/2026 20:02,16,0.001,7.95
07/01/2026 19:32,16,0.001,7.95
07/01/2026 19:02,16.125,0.001,7.95
07/01/2026 18:32,16.125,0.001,7.95
07/01/2026 18:02,16.125,0.001,7.95
07/01/2026 17:32,16.125,0.001,7.95
07/01/2026 17:02,16,0.001,7.95
07/01/2026 16:32,15.875,0.001,7.95
07/01/2026 16:02,16,0.001,7.94
07/01/2026 15:32,16,0.001,7.94
07/01/2026 15:02,15.875,0.001,7.94
07/01/2026 14:32,15.75,0.001,7.93
07/01/2026 14:02,15.625,0.001,7.93
07/01/2026 13:32,15.625,0.001,7.92
07/01/2026 13:02,15.625,0.001,7.92
07/01/2026 12:32,15.375,0.001,7.91
07/01/2026 12:32,15.375,0.001,7.91
07/01/2026 12:02,15.375,0.001,7.91
07/01/2026 11:32,15.25,0.001,7.9
07/01/2026 11:02,15.125,0.001,7.9
07/01/2026 10:32,15.125,0.001,7.9
07/01/2026 10:02,14.875,0.001,7.9
07/01/2026 09:32,15,0.001,7.89
07/01/2026 09:02,14.875,0.001,7.89
07/01/2026 08:32,14.875,0.001,7.88
07/01/2026 08:02,14.875,0.001,7.88
07/01/2026 07:32,13.875,0.001,7.88
07/01/2026 07:02,14.75,0.001,7.88
07/01/2026 06:32,14.875,0.001,7.88
07/01/2026 06:02,15,0.001,7.88
07/01/2026 05:32,14.875,0.001,7.88
07/01/2026 05:02,15.125,0.001,7.89
07/01/2026 04:32,15.125,0.001,7.89
07/01/2026 04:02,15.125,0.001,7.89
07/01/2026 03:32,15.25,0.001,7.89
07/01/2026 03:02,15.375,0.001,7.89
07/01/2026 02:32,15.375,0.001,7.9
07/01/2026 02:02,15.5,0.001,7.9
07/01/2026 01:32,15.5,0.001,7.9
07/01/2026 01:02,15.5,0.001,7.9
07/01/2026 00:32,15.625,0.001,7.91
07/01/2026 00:02,16.625,0.001,7.91
06/01/2026 23:32,16.625,0.001,7.91
06/01/2026 23:02,15.75,0.001,7.92
06/01/2026 22:32,16,0.001,7.92
06/01/2026 22:02,15.875,0.001,7.92
06/01/2026 21:32,15.875,0.001,7.92
06/01/2026 21:02,15.875,0.001,7.92
06/01/2026 20:32,16,0.001,7.93
06/01/2026 20:02,16,0.001,7.93
06/01/2026 19:32,16,0.001,7.93
06/01/2026 19:02,16,0.001,7.93
06/01/2026 18:32,16.125,0.001,7.94
06/01/2026 18:02,16.125,0.001,7.94
06/01/2026 17:32,16.25,0.001,7.94
06/01/2026 17:32,16.25,0.001,7.94
06/01/2026 17:02,16.125,0.001,7.94
06/01/2026 16:32,16,0.001,7.93
06/01/2026 16:02,16,0.001,7.93
06/01/2026 15:32,15.875,0.001,7.93
06/01/2026 15:02,16,0.001,7.93
06/01/2026 14:32,15.75,0.001,7.92
06/01/2026 14:02,15.75,0.001,7.92
06/01/2026 13:32,15.875,0.001,7.92
06/01/2026 13:02,15.625,0.001,7.92
06/01/2026 12:32,15.625,0.001,7.92
06/01/2026 12:02,15.5,0.001,7.92
06/01/2026 11:32,15.5,0.001,7.91
06/01/2026 11:02,15.5,0.001,7.91
06/01/2026 10:32,15.5,0.001,7.91
06/01/2026 10:02,15.5,0.001,7.91
06/01/2026 09:32,15.5,0.001,7.91
06/01/2026 09:02,15.5,0.001,7.91
06/01/2026 08:32,15.5,0.001,7.9
06/01/2026 08:02,15.5,0.001,7.9
06/01/2026 07:32,15.375,0.001,7.9
06/01/2026 07:32,15.375,0.001,7.9
06/01/2026 07:02,15.5,0.001,7.9
06/01/2026 06:32,15.375,0.001,7.9
06/01/2026 06:02,15.5,0.001,7.9
06/01/2026 05:32,15.5,0.001,7.9
06/01/2026 05:02,15.625,0.001,7.91
06/01/2026 04:32,15.625,0.001,7.91
06/01/2026 04:02,15.625,0.001,7.91
06/01/2026 04:02,15.625,0.001,7.91
06/01/2026 03:32,16.625,0.001,7.91
06/01/2026 03:02,15.75,0.001,7.91
06/01/2026 02:32,15.875,0.001,7.91
06/01/2026 02:02,15.875,0.001,7.92
06/01/2026 01:32,15.875,0.001,7.92
06/01/2026 01:02,15.75,0.001,7.92
06/01/2026 00:32,15.875,0.001,7.92
06/01/2026 00:02,15.875,0.001,7.92
05/01/2026 23:32,15.875,0.001,7.93
05/01/2026 23:02,16,0.001,7.93
05/01/2026 22:32,15.875,0.001,7.93
05/01/2026 22:32,15.875,0.001,7.93
05/01/2026 22:02,15.875,0.001,7.93
05/01/2026 21:32,16,0.001,7.93
05/01/2026 21:02,16,0.001,7.93
05/01/2026 20:32,16,0.001,7.94
05/01/2026 20:02,15.875,0.001,7.94
05/01/2026 19:32,16,0.001,7.94
05/01/2026 19:02,16,0.001,7.94
05/01/2026 18:32,16,0.001,7.94
05/01/2026 18:02,16,0.001,7.94
05/01/2026 17:32,16.125,0.001,7.94
05/01/2026 17:02,16.125,0.001,7.94
05/01/2026 16:32,16.125,0.001,7.94
05/01/2026 16:02,16,0.001,7.94
05/01/2026 15:32,16.125,0.001,7.93
05/01/2026 15:02,16.125,0.001,7.94
05/01/2026 14:32,16.25,0.001,7.94
05/01/2026 14:02,16.125,0.001,7.94
05/01/2026 13:32,16.125,0.001,7.94
05/01/2026 13:02,16.125,0.001,7.94
05/01/2026 12:32,16,0.001,7.95
05/01/2026 12:02,16,0.001,7.95
05/01/2026 11:32,16,0.001,7.95
05/01/2026 11:02,16,0.001,7.94
05/01/2026 10:32,16,0.001,7.94
05/01/2026 10:02,16,0.001,7.94
05/01/2026 09:32,15.875,0.001,7.94
05/01/2026 09:02,15.875,0.001,7.93
05/01/2026 08:32,15.875,0.001,7.93
05/01/2026 08:02,16,0.001,7.93
05/01/2026 07:32,16,0.001,7.93
05/01/2026 07:02,16,0.001,7.92
05/01/2026 06:32,16,0.001,7.93
05/01/2026 06:02,16,0.001,7.93
05/01/2026 05:32,16,0.001,7.93
05/01/2026 05:32,16,0.001,7.93
05/01/2026 05:02,16,0.001,7.93
05/01/2026 04:32,16,0.001,7.93
05/01/2026 04:02,15.875,0.001,7.93
05/01/2026 03:32,16,0.001,7.94
05/01/2026 03:02,16,0.001,7.94
05/01/2026 02:32,16,0.001,7.94
05/01/2026 02:02,15.875,0.001,7.94
05/01/2026 01:32,15.875,0.001,7.94
05/01/2026 01:02,16,0.001,7.94
05/01/2026 00:32,15.875,0.001,7.95
05/01/2026 00:32,15.875,0.001,7.95
05/01/2026 00:02,15.875,0.001,7.95
04/01/2026 23:32,15.875,0.001,7.95
04/01/2026 23:02,15.875,0.001,7.95
04/01/2026 22:32,15.875,0.001,7.96
04/01/2026 22:02,15.875,0.001,7.96
04/01/2026 21:32,15.875,0.001,7.96
04/01/2026 21:02,16,0.001,7.97
04/01/2026 20:32,16,0.001,7.97
04/01/2026 20:02,16,0.001,7.97
04/01/2026 19:32,16,0.001,7.97
04/01/2026 19:02,15.875,0.001,7.97
04/01/2026 18:32,16,0.001,7.98
04/01/2026 18:32,16,0.001,7.98
04/01/2026 18:02,16,0.001,7.98
04/01/2026 17:32,15.875,0.001,7.98
04/01/2026 17:32,15.875,0.001,7.98
04/01/2026 17:02,16,0.001,7.97
04/01/2026 16:32,16,0.001,7.97
04/01/2026 16:32,16,0.001,7.97
04/01/2026 16:02,15.875,0.001,7.97
04/01/2026 15:32,16,0.001,7.97
04/01/2026 15:02,16,0.001,7.97
04/01/2026 15:02,16,0.001,7.97
04/01/2026 14:32,16,0.001,7.97
04/01/2026 14:02,16,0.001,7.96
04/01/2026 13:32,16,0.001,7.96
04/01/2026 13:02,16,0.001,7.96
04/01/2026 12:32,16,0.001,7.95
04/01/2026 12:02,15.875,0.001,7.95
04/01/2026 11:32,15.875,0.001,7.95
04/01/2026 11:02,16,0.001,7.94
04/01/2026 10:32,15.875,0.001,7.94
04/01/2026 10:02,16,0.001,7.94
04/01/2026 10:02,16,0.001,7.94
04/01/2026 09:32,15.875,0.001,7.93
04/01/2026 09:02,16,0.001,7.93
04/01/2026 08:32,15.875,0.001,7.93
04/01/2026 08:02,16,0.001,7.93
04/01/2026 07:32,16,0.001,7.92
04/01/2026 07:02,15.875,0.001,7.92
04/01/2026 06:32,15.875,0.001,7.93
04/01/2026 06:02,15.875,0.001,7.93
04/01/2026 05:32,15.875,0.001,7.93
04/01/2026 05:02,16,0.001,7.93
04/01/2026 04:32,16,0.001,7.93
04/01/2026 04:02,15.875,0.001,7.93
04/01/2026 03:32,15.875,0.001,7.93
04/01/2026 03:02,16,0.001,7.93
04/01/2026 02:32,15.875,0.001,7.93
04/01/2026 02:02,16,0.001,7.94
04/01/2026 01:32,15.75,0.001,7.94
04/01/2026 01:02,15.875,0.001,7.94
04/01/2026 00:32,15.875,0.001,7.94
04/01/2026 00:02,16,0.001,7.94
03/01/2026 23:32,16,0.001,7.94
03/01/2026 23:02,16,0.001,7.95
03/01/2026 22:32,15.875,0.001,7.95
03/01/2026 22:02,16,0.001,7.95
03/01/2026 21:32,15.75,0.001,7.95
03/01/2026 21:02,15.75,0.001,7.95
03/01/2026 20:32,15.875,0.001,7.95
03/01/2026 20:02,16,0.001,7.95
03/01/2026 19:32,15.75,0.001,7.96
03/01/2026 19:02,16,0.001,7.96
03/01/2026 18:32,15.875,0.001,7.96
03/01/2026 18:02,15.875,0.001,7.96
03/01/2026 17:32,16,0.001,7.96
03/01/2026 17:02,16,0.001,7.96
03/01/2026 16:32,16,0.001,7.96
03/01/2026 16:02,16,0.001,7.95
03/01/2026 15:32,16,0.001,7.95
03/01/2026 15:02,16,0.001,7.95
03/01/2026 14:32,16,0.001,7.95
03/01/2026 14:32,16,0.001,7.95
03/01/2026 14:02,16,0.001,7.94
03/01/2026 13:32,16,0.001,7.94
03/01/2026 13:02,16,0.001,7.94
03/01/2026 12:32,16,0.001,7.93
03/01/2026 12:02,15.75,0.001,7.93
03/01/2026 11:32,15.875,0.001,7.93
03/01/2026 10:32,15.875,0.001,7.92
03/01/2026 10:02,16,0.001,7.92
03/01/2026 09:32,15.75,0.001,7.92
03/01/2026 09:32,15.75,0.001,7.92
03/01/2026 09:02,15.875,0.001,7.91
03/01/2026 08:32,15.875,0.001,7.91
03/01/2026 08:02,15.875,0.001,7.91
03/01/2026 07:32,15.875,0.001,7.9
03/01/2026 07:02,15.875,0.001,7.9
03/01/2026 06:32,15.875,0.001,7.9
03/01/2026 06:02,15.75,0.001,7.9
03/01/2026 05:32,15.875,0.001,7.91
03/01/2026 05:02,15.875,0.001,7.91
03/01/2026 04:32,16,0.001,7.91
03/01/2026 04:02,15.75,0.001,7.91
03/01/2026 03:32,15.875,0.001,7.91
03/01/2026 03:02,15.75,0.001,7.91
03/01/2026 02:32,15.875,0.001,7.91
03/01/2026 02:02,15.75,0.001,7.91
03/01/2026 01:32,15.75,0.001,7.91
03/01/2026 01:02,15.75,0.001,7.92
03/01/2026 00:32,16,0.001,7.92
03/01/2026 00:02,15.75,0.001,7.92
02/01/2026 23:32,15.75,0.001,7.92
02/01/2026 23:02,15.75,0.001,7.92
02/01/2026 22:32,16.625,0.001,7.92
02/01/2026 22:02,15.75,0.001,7.92
02/01/2026 21:32,15.75,0.001,7.92
02/01/2026 21:02,15.75,0.001,7.93
02/01/2026 20:32,15.625,0.001,7.93
02/01/2026 20:02,15.75,0.001,7.93
02/01/2026 19:32,14.75,0.001,7.93
02/01/2026 19:02,15.75,0.001,7.93
02/01/2026 18:32,14.75,0.001,7.93
02/01/2026 18:02,15.625,0.001,7.93
02/01/2026 17:32,16.625,0.001,7.93
02/01/2026 17:02,15.75,0.001,7.93
02/01/2026 16:32,15.75,0.001,7.92
02/01/2026 16:02,15.625,0.001,7.92
02/01/2026 15:32,15.75,0.001,7.92
02/01/2026 15:02,15.75,0.001,7.92
02/01/2026 14:32,14.75,0.001,7.92
02/01/2026 14:02,15.75,0.001,7.91
02/01/2026 13:32,15.625,0.001,7.92
02/01/2026 13:02,15.625,0.001,7.91
02/01/2026 12:32,14.75,0.001,7.91
02/01/2026 12:02,15.625,0.001,7.92
02/01/2026 11:32,15.625,0.001,7.92
02/01/2026 11:02,15.625,0.001,7.92
02/01/2026 11:02,15.625,0.001,7.92
02/01/2026 10:32,15.375,0.001,7.92
02/01/2026 10:02,15.5,0.001,7.92
02/01/2026 09:32,15.375,0.001,7.91
02/01/2026 09:02,15.5,0.001,7.91
02/01/2026 08:32,15.25,0.001,7.91
02/01/2026 08:02,15.5,0.001,7.9
02/01/2026 07:32,15.375,0.001,7.9
02/01/2026 07:02,15.25,0.001,7.9
02/01/2026 06:32,15.375,0.001,7.9
02/01/2026 06:02,15.375,0.001,7.9
02/01/2026 05:32,15.375,0.001,7.9
02/01/2026 05:02,15.375,0.001,7.9
02/01/2026 04:32,15.25,0.001,7.91
02/01/2026 04:02,15.375,0.001,7.91
02/01/2026 03:32,15.375,0.001,7.91
02/01/2026 03:02,15.375,0.001,7.91
02/01/2026 02:32,15.25,0.001,7.91
02/01/2026 02:02,15.375,0.001,7.91
02/01/2026 01:32,15.375,0.001,7.92
02/01/2026 01:02,15.25,0.001,7.92
02/01/2026 00:32,15.375,0.001,7.92
02/01/2026 00:02,15.375,0.001,7.92
01/01/2026 23:32,15.5,0.001,7.92
01/01/2026 23:02,15.5,0.001,7.92
01/01/2026 22:32,15.625,0.001,7.92
01/01/2026 22:02,15.5,0.001,7.92
01/01/2026 21:32,15.5,0.001,7.93
01/01/2026 21:32,15.5,0.001,7.93
01/01/2026 21:02,15.5,0.001,7.93
01/01/2026 20:32,15.5,0.001,7.93
01/01/2026 20:02,15.5,0.001,7.93
01/01/2026 19:32,15.625,0.001,7.93
01/01/2026 19:02,15.625,0.001,7.94
01/01/2026 18:32,15.625,0.001,7.94
01/01/2026 18:02,15.75,0.001,7.94
01/01/2026 17:32,16.625,0.001,7.94
01/01/2026 17:02,15.75,0.001,7.93
01/01/2026 16:32,15.75,0.001,7.93
01/01/2026 16:32,15.75,0.001,7.93
01/01/2026 16:02,15.75,0.001,7.93
01/01/2026 15:32,14.75,0.001,7.93
01/01/2026 15:02,16.625,0.001,7.92
01/01/2026 14:32,15.75,0.001,7.92
01/01/2026 14:02,15.75,0.001,7.92
01/01/2026 13:32,16.625,0.001,7.91
01/01/2026 13:02,15.75,0.001,7.91
01/01/2026 12:32,15.625,0.001,7.91
01/01/2026 12:02,15.625,0.001,7.9
01/01/2026 11:32,14.75,0.001,7.9
01/01/2026 11:02,15.625,0.001,7.89
01/01/2026 10:32,15.625,0.001,7.89
01/01/2026 10:02,15.625,0.001,7.89
01/01/2026 09:32,15.5,0.001,7.88
01/01/2026 09:02,15.375,0.001,7.88
01/01/2026 08:32,15.375,0.001,7.87
01/01/2026 08:02,15.375,0.001,7.87
01/01/2026 07:32,15.5,0.001,7.87
01/01/2026 07:02,15.375,0.001,7.87
01/01/2026 06:32,15.375,0.001,7.87
01/01/2026 06:02,15.375,0.001,7.87
01/01/2026 05:32,15.5,0.001,7.87
01/01/2026 05:02,15.5,0.001,7.87
01/01/2026 04:32,15.5,0.001,7.87
01/01/2026 04:02,15.375,0.001,7.87
01/01/2026 03:32,15.375,0.001,7.87
01/01/2026 03:02,15.375,0.001,7.87
01/01/2026 02:32,15.5,0.001,7.87
01/01/2026 02:02,15.375,0.001,7.87
01/01/2026 01:32,15.375,0.001,7.87
01/01/2026 01:02,15.375,0.001,7.87
01/01/2026 00:32,15.375,0.001,7.87
01/01/2026 00:02,15.375,0.001,7.88
31/12/2025 23:32,15.5,0.001,7.88
31/12/2025 23:02,15.5,0.001,7.88
31/12/2025 22:32,15.375,0.001,7.88
31/12/2025 22:02,15.5,0.001,7.88
31/12/2025 21:32,15.375,0.001,7.88
31/12/2025 21:02,15.5,0.001,7.88
31/12/2025 20:32,15.5,0.001,7.88
31/12/2025 20:32,15.5,0.001,7.88
31/12/2025 20:02,15.625,0.001,7.88
31/12/2025 19:32,15.625,0.001,7.89
31/12/2025 19:32,15.625,0.001,7.89
31/12/2025 19:02,15.625,0.001,7.89
31/12/2025 18:32,15.75,0.001,7.88
31/12/2025 18:02,15.75,0.001,7.88
31/12/2025 17:32,15.75,0.001,7.88
31/12/2025 17:02,15.75,0.001,7.88
31/12/2025 16:32,15.75,0.001,7.88
31/12/2025 16:02,14.75,0.001,7.87
31/12/2025 15:32,15.625,0.001,7.87
31/12/2025 15:02,15.75,0.001,7.87
31/12/2025 14:32,15.75,0.001,7.86
31/12/2025 14:02,16.625,0.001,7.86
31/12/2025 13:32,14.75,0.001,7.85
31/12/2025 13:02,15.625,0.001,7.85
31/12/2025 12:32,15.625,0.001,7.84
31/12/2025 12:02,15.625,0.001,7.84
31/12/2025 11:32,15.625,0.001,7.83
31/12/2025 11:02,15.625,0.001,7.83
31/12/2025 10:32,15.625,0.001,7.82
31/12/2025 10:02,15.625,0.001,7.82
31/12/2025 09:32,15.625,0.001,7.81
31/12/2025 09:02,15.75,0.001,7.81
31/12/2025 08:52,15.625,0.001,7.8
31/12/2025 08:42,15.75,0.001,7.81
31/12/2025 08:32,15.75,0.001,7.8
31/12/2025 08:02,15.75,0.001,7.8
31/12/2025 07:32,15.75,0.001,7.79
31/12/2025 07:02,14.75,0.001,7.79
31/12/2025 06:32,15.625,0.001,7.79
31/12/2025 06:32,15.625,0.001,7.79
31/12/2025 06:02,14.75,0.001,7.79
31/12/2025 05:32,15.75,0.001,7.79
31/12/2025 05:02,14.75,0.001,7.79
31/12/2025 04:32,15.625,0.001,7.78
31/12/2025 04:02,15.75,0.001,7.78
31/12/2025 03:32,16.625,0.001,7.78
31/12/2025 03:02,15.75,0.001,7.78
31/12/2025 02:32,15.75,0.001,7.78
31/12/2025 02:02,15.875,0.001,7.78
31/12/2025 01:32,14.75,0.001,7.78
31/12/2025 01:02,15.75,0.001,7.78
31/12/2025 00:32,15.75,0.001,7.78
31/12/2025 00:02,15.875,0.001,7.78
30/12/2025 23:32,15.75,0.001,7.78
30/12/2025 23:02,15.75,0.001,7.78
30/12/2025 23:02,15.75,0.001,7.78
30/12/2025 22:32,15.75,0.001,7.77
30/12/2025 22:02,15.875,0.001,7.78
30/12/2025 21:32,15.875,0.001,7.77
30/12/2025 21:02,15.75,0.001,7.78
30/12/2025 20:32,15.875,0.001,7.78
30/12/2025 20:02,15.875,0.001,7.78
30/12/2025 19:32,15.875,0.001,7.78
30/12/2025 19:02,15.875,0.001,7.78
30/12/2025 18:32,15.875,0.001,7.78
30/12/2025 18:02,16.125,0.001,7.79
30/12/2025 17:32,16.125,0.001,7.79
30/12/2025 17:02,16.125,0.001,7.79
30/12/2025 16:32,16,0.001,7.79
30/12/2025 16:02,16.125,0.001,7.8
30/12/2025 15:42,15.875,0.001,7.8
30/12/2025 15:32,15.875,0.001,7.81
30/12/2025 15:02,15.875,0.001,7.82
30/12/2025 14:32,15.875,0.001,7.82
30/12/2025 14:02,16,0.001,7.83
30/12/2025 14:02,16,0.001,7.83
30/12/2025 13:32,15.875,0.001,7.85
30/12/2025 13:02,16,0.001,7.86
30/12/2025 12:32,15.75,0.001,7.88
30/12/2025 12:02,15.875,0.001,7.89
30/12/2025 11:32,15.75,0.001,7.9
30/12/2025 11:32,15.75,0.001,7.9
30/12/2025 11:02,15.75,0.001,7.91
30/12/2025 10:32,15.75,0.001,7.92
30/12/2025 10:02,15.75,0.001,7.92
30/12/2025 09:32,15.75,0.001,7.92
30/12/2025 09:02,15.75,0.001,7.91
30/12/2025 08:32,14.875,0.001,7.91
30/12/2025 08:02,15.875,0.001,7.91
30/12/2025 07:32,15.75,0.001,7.91
30/12/2025 07:02,15.75,0.001,7.91
30/12/2025 06:32,15.75,0.001,7.91
30/12/2025 06:02,15.875,0.001,7.91
30/12/2025 05:32,15.875,0.001,7.91
30/12/2025 05:02,15.875,0.001,7.91
30/12/2025 04:32,15.875,0.001,7.92
30/12/2025 04:02,15.875,0.001,7.92
30/12/2025 03:32,15.875,0.001,7.92
30/12/2025 03:32,15.875,0.001,7.92
30/12/2025 03:02,15.75,0.001,7.92
30/12/2025 02:32,15.875,0.001,7.92
30/12/2025 02:02,15.75,0.001,7.93
30/12/2025 01:32,15.75,0.001,7.93
30/12/2025 01:02,15.875,0.001,7.93
30/12/2025 00:32,15.875,0.001,7.93
30/12/2025 00:32,15.875,0.001,7.93
30/12/2025 00:02,15.875,0.001,7.93
29/12/2025 23:32,15.75,0.001,7.94
29/12/2025 23:02,15.875,0.001,7.94
29/12/2025 22:32,15.875,0.001,7.94
29/12/2025 22:02,15.75,0.001,7.94
29/12/2025 21:32,15.875,0.001,7.94
29/12/2025 21:02,15.875,0.001,7.95
29/12/2025 21:02,15.875,0.001,7.95
29/12/2025 20:32,15.875,0.001,7.95
29/12/2025 20:02,15.75,0.001,7.95
29/12/2025 19:32,15.75,0.001,7.95
29/12/2025 19:02,15.875,0.001,7.95
29/12/2025 18:32,15.75,0.001,7.96
29/12/2025 18:02,15.875,0.001,7.96
29/12/2025 17:32,15.75,0.001,7.96
29/12/2025 17:02,15.875,0.001,7.95
29/12/2025 16:32,16,0.001,7.95
29/12/2025 16:02,15.875,0.001,7.95
29/12/2025 15:32,15.875,0.001,7.95
29/12/2025 15:32,15.875,0.001,7.95
29/12/2025 15:02,16,0.001,7.94
29/12/2025 14:32,15.875,0.001,7.94
29/12/2025 14:02,15.875,0.001,7.94
29/12/2025 13:32,15.875,0.001,7.94
29/12/2025 13:02,15.75,0.001,7.94
29/12/2025 12:32,15.75,0.001,7.93
29/12/2025 12:02,15.75,0.001,7.93
29/12/2025 11:32,15.75,0.001,7.93
29/12/2025 11:02,15.75,0.001,7.92
29/12/2025 11:02,15.75,0.001,7.92
29/12/2025 10:32,15.75,0.001,7.92
29/12/2025 10:02,16.625,0.001,7.92
29/12/2025 09:32,15.75,0.001,7.92
29/12/2025 09:02,15.75,0.001,7.92
29/12/2025 08:32,15.75,0.001,7.92
29/12/2025 08:02,15.75,0.001,7.91
29/12/2025 08:02,15.75,0.001,7.91
29/12/2025 07:32,15.75,0.001,7.91
29/12/2025 07:02,15.875,0.001,7.91
29/12/2025 06:32,15.75,0.001,7.91
29/12/2025 06:02,15.75,0.001,7.91
29/12/2025 05:32,15.75,0.001,7.92
29/12/2025 05:02,15.75,0.001,7.92
29/12/2025 04:32,15.75,0.001,7.92
29/12/2025 04:02,15.75,0.001,7.92
29/12/2025 04:02,15.75,0.001,7.92
29/12/2025 03:32,16.625,0.001,7.93
29/12/2025 03:02,15.875,0.001,7.93
29/12/2025 03:02,15.875,0.001,7.93
29/12/2025 02:32,14.875,0.001,7.93
29/12/2025 02:02,15.75,0.001,7.93
29/12/2025 01:32,15.75,0.001,7.93
29/12/2025 01:02,15.75,0.001,7.94
29/12/2025 00:32,15.875,0.001,7.94
29/12/2025 00:02,15.75,0.001,7.94
28/12/2025 23:32,15.75,0.001,7.94
28/12/2025 23:02,15.75,0.001,7.94
28/12/2025 22:32,15.75,0.001,7.95
28/12/2025 22:02,15.75,0.001,7.95
28/12/2025 21:32,15.75,0.001,7.95
28/12/2025 21:02,14.75,0.001,7.95
28/12/2025 20:32,14.75,0.001,7.95
28/12/2025 20:02,15.75,0.001,7.96
28/12/2025 19:32,14.75,0.001,7.96
28/12/2025 19:02,15.75,0.001,7.96
28/12/2025 18:32,15.75,0.001,7.96
28/12/2025 18:02,15.875,0.001,7.96
28/12/2025 17:32,15.75,0.001,7.96
28/12/2025 17:02,14.75,0.001,7.96
28/12/2025 16:32,15.75,0.001,7.95
28/12/2025 16:02,15.875,0.001,7.95
28/12/2025 15:32,15.75,0.001,7.95
28/12/2025 15:02,15.875,0.001,7.95
28/12/2025 14:32,15.75,0.001,7.95
28/12/2025 14:02,15.75,0.001,7.94
28/12/2025 13:32,15.75,0.001,7.94
28/12/2025 13:02,15.875,0.001,7.94
28/12/2025 12:32,15.875,0.001,7.93
28/12/2025 12:02,15.875,0.001,7.93
28/12/2025 11:32,15.75,0.001,7.93
28/12/2025 11:02,16.625,0.001,7.93
28/12/2025 10:32,15.875,0.001,7.92
28/12/2025 10:02,14.75,0.001,7.92
28/12/2025 09:32,15.75,0.001,7.92
28/12/2025 09:02,15.75,0.001,7.91
28/12/2025 08:32,15.875,0.001,7.91
28/12/2025 08:02,14.75,0.001,7.91
28/12/2025 07:32,15.75,0.001,7.91
28/12/2025 07:02,15.75,0.001,7.91
28/12/2025 06:32,15.75,0.001,7.91
28/12/2025 06:02,15.75,0.001,7.91
28/12/2025 05:32,16.625,0.001,7.91
28/12/2025 05:02,15.75,0.001,7.91
28/12/2025 04:32,15.75,0.001,7.91
28/12/2025 04:32,15.75,0.001,7.91
28/12/2025 04:02,16.625,0.001,7.91
28/12/2025 03:32,15.75,0.001,7.92
28/12/2025 03:02,15.75,0.001,7.92
28/12/2025 02:32,14.75,0.001,7.92
28/12/2025 02:02,15.75,0.001,7.92
28/12/2025 01:32,15.625,0.001,7.92
28/12/2025 01:02,15.625,0.001,7.92
28/12/2025 00:32,14.75,0.001,7.92
28/12/2025 00:02,16.625,0.001,7.93
27/12/2025 23:32,15.75,0.001,7.93
27/12/2025 23:02,15.625,0.001,7.93
27/12/2025 23:02,15.625,0.001,7.93
27/12/2025 22:32,14.75,0.001,7.93
27/12/2025 22:02,15.75,0.001,7.93
27/12/2025 21:32,16.625,0.001,7.93
27/12/2025 21:02,15.625,0.001,7.94
27/12/2025 20:32,16.625,0.001,7.94
27/12/2025 20:02,15.625,0.001,7.94
27/12/2025 19:32,16.625,0.001,7.94
27/12/2025 19:02,15.625,0.001,7.94
27/12/2025 18:32,15.625,0.001,7.94
27/12/2025 18:02,15.625,0.001,7.94
27/12/2025 17:32,16.625,0.001,7.94
27/12/2025 17:02,14.75,0.001,7.94
27/12/2025 16:32,15.75,0.001,7.94
27/12/2025 16:02,15.75,0.001,7.94
27/12/2025 15:32,15.875,0.001,7.93
27/12/2025 15:02,15.75,0.001,7.93
27/12/2025 15:02,15.75,0.001,7.93
27/12/2025 14:32,14.75,0.001,7.93
27/12/2025 14:02,15.75,0.001,7.92
27/12/2025 13:32,15.75,0.001,7.92
27/12/2025 13:02,14.75,0.001,7.92
27/12/2025 12:32,16.625,0.001,7.92
27/12/2025 12:02,15.75,0.001,7.91
27/12/2025 11:32,15.625,0.001,7.91
27/12/2025 11:02,15.625,0.001,7.91
27/12/2025 10:32,15.75,0.001,7.9
27/12/2025 10:02,14.75,0.001,7.9
27/12/2025 09:32,15.625,0.001,7.89
27/12/2025 09:02,15.625,0.001,7.89
27/12/2025 08:32,15.625,0.001,7.89
27/12/2025 08:02,15.625,0.001,7.89
27/12/2025 07:32,15.5,0.001,7.89
27/12/2025 07:02,15.625,0.001,7.88
27/12/2025 06:32,15.5,0.001,7.88
27/12/2025 06:02,15.625,0.001,7.89
27/12/2025 05:32,15.5,0.001,7.89
27/12/2025 05:02,15.5,0.001,7.89
27/12/2025 04:32,15.625,0.001,7.89
27/12/2025 04:02,15.75,0.001,7.89
27/12/2025 03:32,14.75,0.001,7.89
27/12/2025 03:02,15.625,0.001,7.89
27/12/2025 02:32,15.75,0.001,7.9
27/12/2025 02:02,15.75,0.001,7.9
27/12/2025 01:32,15.75,0.001,7.9
27/12/2025 01:02,16.625,0.001,7.9
27/12/2025 00:32,15.75,0.001,7.9
27/12/2025 00:02,15.75,0.001,7.9
26/12/2025 23:32,15.75,0.001,7.91
26/12/2025 23:02,15.875,0.001,7.91
26/12/2025 23:02,15.875,0.001,7.91
26/12/2025 22:32,15.75,0.001,7.91
26/12/2025 22:02,15.75,0.001,7.91
26/12/2025 21:32,15.875,0.001,7.91
26/12/2025 21:02,15.75,0.001,7.91
26/12/2025 20:32,16.625,0.001,7.92
26/12/2025 20:02,15.875,0.001,7.92
26/12/2025 19:32,15.875,0.001,7.92
26/12/2025 19:02,15.75,0.001,7.92
26/12/2025 18:32,15.75,0.001,7.92
26/12/2025 18:02,15.75,0.001,7.92
26/12/2025 17:32,15.875,0.001,7.92
26/12/2025 17:02,15.75,0.001,7.92
26/12/2025 16:32,15.875,0.001,7.92
26/12/2025 16:02,15.875,0.001,7.91
26/12/2025 15:32,15.875,0.001,7.91
26/12/2025 15:02,15.75,0.001,7.91
26/12/2025 14:32,15.875,0.001,7.91
26/12/2025 14:02,15.875,0.001,7.9
26/12/2025 13:32,15.875,0.001,7.9
26/12/2025 13:02,15.875,0.001,7.9
26/12/2025 12:32,15.875,0.001,7.9
26/12/2025 12:02,15.75,0.001,7.9
26/12/2025 11:32,15.875,0.001,7.91
26/12/2025 11:02,15.875,0.001,7.91
26/12/2025 10:32,15.75,0.001,7.9
26/12/2025 10:02,15.875,0.001,7.9
26/12/2025 09:32,15.625,0.001,7.9
26/12/2025 09:02,15.75,0.001,7.9
26/12/2025 08:32,15.75,0.001,7.89
26/12/2025 08:02,14.75,0.001,7.9
26/12/2025 07:32,15.75,0.001,7.89
26/12/2025 07:02,15.75,0.001,7.89
26/12/2025 06:32,15.875,0.001,7.89
26/12/2025 06:02,15.75,0.001,7.9
26/12/2025 05:32,15.75,0.001,7.9
26/12/2025 05:02,15.75,0.001,7.9
26/12/2025 04:32,15.75,0.001,7.9
26/12/2025 04:02,15.875,0.001,7.9
26/12/2025 03:32,15.75,0.001,7.9
26/12/2025 03:02,14.75,0.001,7.9
26/12/2025 02:32,15.75,0.001,7.91
26/12/2025 02:02,15.75,0.001,7.91
26/12/2025 01:32,15.75,0.001,7.91
26/12/2025 01:02,15.75,0.001,7.91
26/12/2025 00:32,15.75,0.001,7.91
26/12/2025 00:02,15.75,0.001,7.91
25/12/2025 23:32,15.75,0.001,7.92
25/12/2025 23:02,15.75,0.001,7.92
25/12/2025 22:32,15.875,0.001,7.92
25/12/2025 22:02,15.75,0.001,7.92
25/12/2025 21:32,14.875,0.001,7.93
25/12/2025 21:02,15.875,0.001,7.93
25/12/2025 21:02,15.875,0.001,7.93
25/12/2025 20:32,15.875,0.001,7.93
25/12/2025 20:02,15.75,0.001,7.93
25/12/2025 19:32,15.875,0.001,7.93
25/12/2025 19:02,15.875,0.001,7.93
25/12/2025 18:32,15.75,0.001,7.93
25/12/2025 18:02,15.75,0.001,7.93
25/12/2025 17:32,15.75,0.001,7.93
25/12/2025 17:02,15.875,0.001,7.93
25/12/2025 16:32,15.75,0.001,7.92
25/12/2025 16:02,15.875,0.001,7.92
25/12/2025 15:32,15.875,0.001,7.92
25/12/2025 15:02,15.75,0.001,7.92
25/12/2025 14:32,15.875,0.001,7.91
25/12/2025 14:02,15.75,0.001,7.91
25/12/2025 13:32,15.75,0.001,7.9
25/12/2025 13:02,15.75,0.001,7.9
25/12/2025 12:32,15.75,0.001,7.89
25/12/2025 12:02,16.625,0.001,7.89
25/12/2025 11:32,15.75,0.001,7.88
25/12/2025 11:02,14.75,0.001,7.88
25/12/2025 10:32,15.75,0.001,7.88
25/12/2025 10:02,15.75,0.001,7.87
25/12/2025 09:32,16.625,0.001,7.87
25/12/2025 09:02,15.75,0.001,7.87
25/12/2025 08:32,15.75,0.001,7.86
25/12/2025 08:02,14.75,0.001,7.86
25/12/2025 07:32,15.75,0.001,7.86
25/12/2025 07:02,15.875,0.001,7.85
25/12/2025 06:32,15.625,0.001,7.86
25/12/2025 06:02,16.625,0.001,7.86
25/12/2025 05:32,15.625,0.001,7.86
25/12/2025 05:02,14.75,0.001,7.86
25/12/2025 04:32,14.75,0.001,7.86
25/12/2025 04:02,15.75,0.001,7.86
25/12/2025 03:32,15.75,0.001,7.86
25/12/2025 03:02,15.75,0.001,7.86
25/12/2025 02:32,15.875,0.001,7.86
25/12/2025 02:02,15.875,0.001,7.86
25/12/2025 01:32,15.75,0.001,7.86
25/12/2025 01:02,15.75,0.001,7.86
25/12/2025 00:32,15.875,0.001,7.86
25/12/2025 00:02,15.75,0.001,7.87
24/12/2025 23:32,15.875,0.001,7.87
24/12/2025 23:02,15.75,0.001,7.87
24/12/2025 22:32,15.75,0.001,7.87
24/12/2025 22:02,15.875,0.001,7.87
24/12/2025 21:32,15.875,0.001,7.87
24/12/2025 21:02,15.75,0.001,7.88
24/12/2025 20:32,15.875,0.001,7.88
24/12/2025 20:32,15.875,0.001,7.88
24/12/2025 20:02,15.875,0.001,7.88
24/12/2025 19:32,15.75,0.001,7.88
24/12/2025 19:02,15.875,0.001,7.88
24/12/2025 18:32,15.875,0.001,7.88
24/12/2025 18:02,16,0.001,7.88
24/12/2025 17:32,15.875,0.001,7.87
24/12/2025 17:02,15.875,0.001,7.87
24/12/2025 16:32,15.875,0.001,7.87
24/12/2025 16:02,15.875,0.001,7.86
24/12/2025 15:32,16,0.001,7.86
24/12/2025 15:02,15.875,0.001,7.86
24/12/2025 14:32,16,0.001,7.85
24/12/2025 14:02,15.875,0.001,7.85
24/12/2025 13:32,16,0.001,7.84
24/12/2025 13:02,15.875,0.001,7.84
24/12/2025 12:32,15.875,0.001,7.83
24/12/2025 12:02,15.875,0.001,7.83
24/12/2025 11:32,15.75,0.001,7.83
24/12/2025 11:02,15.75,0.001,7.82
24/12/2025 10:32,15.75,0.001,7.82
24/12/2025 10:02,15.75,0.001,7.81
24/12/2025 09:32,15.75,0.001,7.81
24/12/2025 09:02,15.75,0.001,7.81
24/12/2025 08:32,15.75,0.001,7.81
24/12/2025 08:02,15.75,0.001,7.81
24/12/2025 07:32,16,0.001,7.81
24/12/2025 07:02,15.875,0.001,7.8
24/12/2025 06:32,16,0.001,7.8
24/12/2025 06:02,16,0.001,7.8
24/12/2025 05:32,16,0.001,7.8
24/12/2025 05:02,16,0.001,7.8
24/12/2025 04:32,15.875,0.001,7.8
24/12/2025 04:02,15.875,0.001,7.8
24/12/2025 03:32,15.875,0.001,7.8
24/12/2025 03:02,16,0.001,7.8
24/12/2025 02:32,15.875,0.001,7.8
24/12/2025 02:32,15.875,0.001,7.8
24/12/2025 02:02,15.875,0.001,7.8
24/12/2025 01:32,15.875,0.001,7.8
24/12/2025 01:02,15.875,0.001,7.8
24/12/2025 00:32,16,0.001,7.8
24/12/2025 00:02,15.875,0.001,7.79
23/12/2025 23:32,15.875,0.001,7.79
23/12/2025 23:02,15.875,0.001,7.79
23/12/2025 22:32,16,0.001,7.79
23/12/2025 22:02,15.875,0.001,7.79
23/12/2025 21:32,15.875,0.001,7.79
23/12/2025 21:02,15.75,0.001,7.79
23/12/2025 20:32,15.75,0.001,7.79
23/12/2025 20:02,15.75,0.001,7.79
23/12/2025 19:32,15.75,0.001,7.79
23/12/2025 19:02,15.875,0.001,7.79
23/12/2025 18:32,15.75,0.001,7.78
23/12/2025 18:02,15.875,0.001,7.77
23/12/2025 17:32,15.75,0.001,7.76
23/12/2025 17:02,15.875,0.001,7.73
23/12/2025 16:32,16,0.001,7.69
23/12/2025 16:02,15.875,0.001,7.63
23/12/2025 15:32,15.75,0.001,7.5
23/12/2025 15:02,15.875,0.001,7.25
23/12/2025 14:32,15.875,0.001,6.81
23/12/2025 14:02,15.875,0.001,6.4
23/12/2025 13:32,15.75,0.002,6.4
23/12/2025 13:14,17.25,0.006,6.4
23/12/2025 13:14,17,0.006,6.4
27/10/2025 11:02,21.875,0.009,6.81
27/10/2025 10:32,21.75,0.009,6.81
27/10/2025 10:02,21.5,0.009,6.81
27/10/2025 09:32,21.125,0.009,6.81
27/10/2025 09:02,21,0.009,6.81
27/10/2025 08:42,21.625,0.01,6.82
27/10/2025 08:32,21.125,0.01,6.81
27/10/2025 08:27,20.5,0.01,6.81
27/10/2025 08:07,21.5,0.01,6.82
27/10/2025 08:02,21.25,0.01,6.82
27/10/2025 07:32,21,0.01,6.81
27/10/2025 07:02,21.125,0.01,6.81
27/10/2025 06:32,21.125,0.01,6.81
27/10/2025 06:02,21.25,0.01,6.81
27/10/2025 05:32,21.125,0.01,6.81
27/10/2025 05:02,21.125,0.01,6.81
27/10/2025 04:32,21.25,0.01,6.81
27/10/2025 04:32,21.25,0.01,6.81
27/10/2025 04:02,21.125,0.01,6.81
27/10/2025 03:32,21.25,0.01,6.81
27/10/2025 03:02,21.125,0.01,6.81
27/10/2025 02:32,21.25,0.01,6.81
27/10/2025 02:32,21.25,0.01,6.81
27/10/2025 02:02,21.25,0.01,6.81
27/10/2025 02:02,21.25,0.01,6.81
27/10/2025 01:32,20.375,0.01,6.81
27/10/2025 01:22,21.5,0.01,6.81
27/10/2025 01:02,21.375,0.01,6.81
27/10/2025 00:32,21.25,0.01,6.81
27/10/2025 00:32,21.25,0.01,6.81
27/10/2025 00:02,21.25,0.01,6.81
26/10/2025 23:32,21.25,0.01,6.81
26/10/2025 23:22,20.5,0.01,6.81
26/10/2025 23:12,21.5,0.01,6.81
26/10/2025 23:02,21.25,0.01,6.81
26/10/2025 22:32,21.25,0.01,6.81
26/10/2025 22:02,21.375,0.01,6.81
26/10/2025 21:32,21.375,0.01,6.81
26/10/2025 21:02,21.375,0.01,6.81
26/10/2025 20:32,19.875,0.01,6.81
26/10/2025 20:27,21.5,0.01,6.81
26/10/2025 20:02,21.375,0.01,6.81
26/10/2025 19:32,21.25,0.01,6.82
26/10/2025 19:02,21.125,0.01,6.81
26/10/2025 18:57,20.5,0.01,6.81
26/10/2025 18:42,21.5,0.01,6.82
26/10/2025 18:32,21.375,0.01,6.82
26/10/2025 18:02,21.125,0.01,6.81
26/10/2025 17:57,20.375,0.01,6.81
26/10/2025 17:42,21.5,0.01,6.82
26/10/2025 17:42,21.5,0.01,6.82
26/10/2025 17:32,21.375,0.01,6.82
26/10/2025 17:17,20.5,0.01,6.81
26/10/2025 17:02,20.875,0.01,6.81
26/10/2025 16:57,21.5,0.01,6.82
26/10/2025 16:42,20.5,0.01,6.81
26/10/2025 16:32,20.875,0.01,6.81
26/10/2025 16:32,20.875,0.01,6.81
26/10/2025 16:22,21.5,0.01,6.82
26/10/2025 16:07,19.75,0.01,6.81
26/10/2025 16:02,20.75,0.01,6.81
26/10/2025 15:52,21.5,0.01,6.81
26/10/2025 15:42,20.5,0.01,6.81
26/10/2025 15:32,20.625,0.01,6.81
26/10/2025 15:02,21,0.01,6.82
26/10/2025 14:57,21.625,0.01,6.81
26/10/2025 14:47,19.75,0.01,6.81
26/10/2025 14:32,20.875,0.01,6.81
26/10/2025 14:02,20.75,0.01,6.81
26/10/2025 13:32,21,0.01,6.82
26/10/2025 13:02,21.125,0.01,6.82
26/10/2025 12:32,21.125,0.01,6.82
26/10/2025 12:32,21.125,0.01,6.82
26/10/2025 12:12,21.5,0.01,6.82
26/10/2025 12:02,19.75,0.01,6.81
26/10/2025 11:32,21.5,0.01,6.82
26/10/2025 11:22,19.75,0.01,6.81
26/10/2025 11:02,21.5,0.01,6.81
26/10/2025 10:32,21.25,0.01,6.81
26/10/2025 10:17,20.5,0.01,6.81
26/10/2025 10:07,21.5,0.01,6.82
26/10/2025 10:02,21.375,0.01,6.82
26/10/2025 09:32,21.375,0.01,6.81
26/10/2025 09:02,21.375,0.01,6.81
26/10/2025 08:32,21.25,0.01,6.81
26/10/2025 08:02,21.375,0.01,6.81
26/10/2025 07:32,21.125,0.01,6.81
26/10/2025 07:02,21.25,0.01,6.81
26/10/2025 06:32,21.25,0.01,6.81
26/10/2025 06:02,21.375,0.01,6.81
26/10/2025 05:32,21.25,0.01,6.81
26/10/2025 05:22,19.75,0.01,6.81
26/10/2025 05:17,21.5,0.01,6.81
26/10/2025 05:02,21.25,0.01,6.81
26/10/2025 04:32,21.375,0.01,6.81
26/10/2025 04:02,20.5,0.01,6.81
26/10/2025 03:47,21.5,0.01,6.81
26/10/2025 03:32,21.375,0.01,6.81
26/10/2025 03:32,21.375,0.01,6.81
26/10/2025 03:17,20.375,0.01,6.81
26/10/2025 03:02,21.5,0.01,6.81
26/10/2025 02:37,20.5,0.01,6.81
26/10/2025 02:32,20.75,0.01,6.81
26/10/2025 02:27,21.5,0.01,6.81
26/10/2025 02:07,20.5,0.01,6.81
26/10/2025 02:02,20.75,0.01,6.81
26/10/2025 01:52,21.5,0.01,6.81
26/10/2025 01:37,19.75,0.01,6.81
26/10/2025 01:32,20.875,0.01,6.81
26/10/2025 01:27,21.5,0.01,6.81
26/10/2025 01:12,19.75,0.01,6.81
26/10/2025 01:02,21.5,0.01,6.81
26/10/2025 01:42,20.5,0.01,6.81
26/10/2025 01:32,20.625,0.01,6.81
26/10/2025 01:12,21.5,0.01,6.81
26/10/2025 01:02,21.25,0.01,6.81
26/10/2025 00:57,20.5,0.01,6.81
26/10/2025 00:32,20.875,0.01,6.81
26/10/2025 00:22,21.5,0.01,6.81
26/10/2025 00:12,19.75,0.01,6.81
26/10/2025 00:02,20.75,0.01,6.81
25/10/2025 23:42,21.5,0.01,6.81
25/10/2025 23:37,19.75,0.01,6.81
25/10/2025 23:32,21.625,0.01,6.81
25/10/2025 23:02,20.75,0.01,6.81
25/10/2025 22:32,20.875,0.01,6.81
25/10/2025 22:02,20.875,0.01,6.81
25/10/2025 21:32,21,0.01,6.81
25/10/2025 21:02,21,0.01,6.81
25/10/2025 20:32,21.125,0.01,6.81
25/10/2025 20:02,21.25,0.01,6.81
25/10/2025 19:32,21.375,0.01,6.81
25/10/2025 19:32,21.375,0.01,6.81
25/10/2025 19:02,21.25,0.01,6.81
25/10/2025 18:32,21.5,0.01,6.81
25/10/2025 18:02,21.5,0.01,6.81
25/10/2025 17:32,21.625,0.01,6.81
25/10/2025 17:02,21.875,0.01,6.81
25/10/2025 16:32,21.875,0.01,6.81
25/10/2025 16:02,22,0.009,6.81
25/10/2025 15:32,22.125,0.009,6.81
25/10/2025 15:02,22.25,0.009,6.81
25/10/2025 14:32,22.25,0.009,6.81
25/10/2025 14:02,22.25,0.009,6.81
25/10/2025 13:32,22.125,0.01,6.81
25/10/2025 13:02,22,0.01,6.81
25/10/2025 12:32,21.875,0.01,6.81
25/10/2025 12:02,21.75,0.01,6.81
25/10/2025 11:32,22.625,0.01,6.81
25/10/2025 11:02,21.625,0.01,6.81
25/10/2025 10:32,21.5,0.01,6.81
25/10/2025 10:02,21.375,0.01,6.8
25/10/2025 09:32,21.375,0.01,6.8
25/10/2025 09:02,21.5,0.01,6.8
25/10/2025 08:32,21.5,0.01,6.8
25/10/2025 08:02,21.5,0.01,6.8
25/10/2025 07:32,21.5,0.01,6.8
25/10/2025 07:02,21.5,0.01,6.8
25/10/2025 06:32,21.5,0.01,6.8
25/10/2025 06:02,21.5,0.01,6.8
25/10/2025 05:32,21.625,0.009,6.8
25/10/2025 05:02,21.625,0.01,6.8
25/10/2025 04:32,21.625,0.009,6.8
25/10/2025 04:02,21.625,0.009,6.8
25/10/2025 03:32,20.75,0.009,6.8
25/10/2025 03:02,21.75,0.009,6.8
25/10/2025 02:32,21.75,0.009,6.8
25/10/2025 02:02,22,0.009,6.8
25/10/2025 01:32,22,0.009,6.8
25/10/2025 01:02,22,0.009,6.8
25/10/2025 00:32,22.125,0.009,6.8
25/10/2025 00:02,22.125,0.009,6.8
24/10/2025 23:32,22.125,0.009,6.8
24/10/2025 23:02,22.125,0.009,6.8
24/10/2025 22:32,22.375,0.009,6.8
24/10/2025 22:32,22.375,0.009,6.8
24/10/2025 22:02,22.5,0.009,6.8
24/10/2025 21:32,22.375,0.009,6.8
24/10/2025 21:02,22.5,0.01,6.8
24/10/2025 20:32,22.75,0.009,6.8
24/10/2025 20:02,22.75,0.009,6.8
24/10/2025 20:02,22.75,0.009,6.8
24/10/2025 19:32,22.875,0.009,6.8
24/10/2025 19:02,23,0.009,6.8
24/10/2025 18:32,23.125,0.009,6.8
24/10/2025 18:02,23.375,0.009,6.8
24/10/2025 17:32,22.875,0.009,6.8
24/10/2025 17:02,24.125,0.009,6.81
24/10/2025 16:32,24.625,0.01,6.81
24/10/2025 16:02,24.625,0.01,6.81
24/10/2025 15:32,24.875,0.01,6.81
24/10/2025 15:32,24.875,0.01,6.81
24/10/2025 15:02,23.75,0.01,6.82
24/10/2025 14:32,24.375,0.01,6.82
24/10/2025 14:02,24.25,0.01,6.82
24/10/2025 14:02,24.25,0.01,6.82
24/10/2025 13:32,24.375,0.011,6.82
24/10/2025 13:08,24.25,0.011,6.82
