Declared,Temperature,NH3,pH
22/09/2026 15:06,16,0.005,7.9
22/09/2026 14:36,16,0.005,7.9
22/09/2026 14:06,16,0.005,7.9
22/09/2026 13:36,16.625,0.005,7.9
22/09/2026 13:06,15.75,0.005,7.9
22/09/2026 12:36,15.625,0.005,7.9
22/09/2026 12:06,15.5,0.005,7.9
22/09/2026 11:36,15.625,0.005,7.9
22/09/2026 11:06,15.5,0.005,7.89
22/09/2026 10:36,15.375,0.005,7.89
22/09/2026 10:06,15.375,0.005,7.89
22/09/2026 09:36,15.375,0.005,7.89
22/09/2026 09:06,15.125,0.004,7.89
22/09/2026 08:36,15.125,0.004,7.89
22/09/2026 08:06,15.25,0.004,7.89
22/09/2026 07:36,15.125,0.004,7.89
22/09/2026 07:06,15,0.004,7.89
22/09/2026 06:36,15.125,0.004,7.89
22/09/2026 06:06,15,0.004,7.89
22/09/2026 05:36,14.75,0.004,7.88
22/09/2026 05:06,15,0.004,7.88
22/09/2026 04:36,14.875,0.004,7.88
22/09/2026 04:06,14.75,0.004,7.88
22/09/2026 03:36,14.75,0.004,7.88
22/09/2026 03:06,15.625,0.004,7.88
22/09/2026 02:36,14.625,0.004,7.88
22/09/2026 02:06,14.625,0.004,7.88
22/09/2026 01:36,14.5,0.004,7.88
22/09/2026 01:06,14.5,0.004,7.88
22/09/2026 00:36,14.25,0.004,7.87
22/09/2026 00:06,14.125,0.004,7.88
21/09/2026 23:36,13.875,0.004,7.87
21/09/2026 23:06,13.875,0.004,7.87
21/09/2026 22:36,13.75,0.004,7.87
21/09/2026 22:06,14,0.004,7.87
21/09/2026 21:36,14.625,0.004,7.88
21/09/2026 21:06,15.5,0.004,7.88
21/09/2026 20:36,16.125,0.004,7.89
21/09/2026 20:06,16.75,0.004,7.89
21/09/2026 19:36,16.75,0.004,7.89
21/09/2026 19:06,16.75,0.004,7.89
21/09/2026 18:36,16.75,0.004,7.88
21/09/2026 18:06,15.75,0.004,7.88
21/09/2026 17:36,16.625,0.004,7.88
21/09/2026 17:06,16.625,0.004,7.88
21/09/2026 16:36,16.625,0.004,7.88
21/09/2026 16:06,16.5,0.004,7.88
21/09/2026 15:36,16.375,0.004,7.88
21/09/2026 15:06,16.375,0.004,7.88
21/09/2026 14:36,16.375,0.004,7.87
21/09/2026 14:06,16.25,0.004,7.87
21/09/2026 13:36,16.25,0.004,7.87
21/09/2026 13:06,16.125,0.004,7.87
21/09/2026 12:36,16.125,0.004,7.87
21/09/2026 12:06,16,0.004,7.88
21/09/2026 11:36,16,0.004,7.88
21/09/2026 11:06,15.75,0.004,7.89
21/09/2026 10:36,15.75,0.004,7.89
21/09/2026 10:06,14.875,0.004,7.9
21/09/2026 09:36,16.625,0.004,7.91
21/09/2026 09:06,15.625,0.005,7.91
21/09/2026 08:36,15.5,0.004,7.92
21/09/2026 08:06,15.375,0.005,7.92
21/09/2026 07:36,15.5,0.005,7.92
21/09/2026 07:06,15.5,0.005,7.92
21/09/2026 06:36,15.25,0.005,7.92
21/09/2026 06:06,15.25,0.005,7.92
21/09/2026 05:36,15.25,0.005,7.92
21/09/2026 05:06,15.125,0.004,7.92
21/09/2026 04:36,15,0.004,7.91
21/09/2026 04:06,14.875,0.004,7.91
21/09/2026 03:36,15,0.004,7.92
21/09/2026 03:06,14.75,0.004,7.91
21/09/2026 02:36,15.625,0.004,7.91
21/09/2026 02:11,14.375,0.004,7.91
21/09/2026 02:11,14.375,0.004,7.91
21/09/2026 02:11,14.375,0.004,8.58
21/09/2026 02:06,14.625,0.004,7.91
21/09/2026 01:58,14.25,0.004,7.91
21/09/2026 01:58,14.25,0.004,7.91
21/09/2026 01:58,14.25,0.004,8.58
21/09/2026 01:36,14.5,0.004,7.91
21/09/2026 01:06,14.5,0.004,7.91
21/09/2026 00:36,14.375,0.004,7.91
21/09/2026 00:06,14.25,0.004,7.91
20/09/2026 23:36,14.125,0.004,7.91
20/09/2026 23:06,13.75,0.004,7.91
20/09/2026 22:36,12.75,0.004,7.91
20/09/2026 22:06,14.25,0.004,7.91
20/09/2026 21:36,14.75,0.004,7.92
20/09/2026 21:06,15.625,0.005,7.92
20/09/2026 20:36,16.25,0.005,7.92
20/09/2026 20:06,16.875,0.005,7.93
20/09/2026 19:36,16.75,0.005,7.93
20/09/2026 19:31,17.25,0.005,7.93
20/09/2026 18:06,16.625,0.005,7.93
20/09/2026 17:36,16.5,0.005,7.92
20/09/2026 17:06,16.5,0.005,7.92
20/09/2026 16:36,16.375,0.004,7.92
20/09/2026 16:06,16.5,0.004,7.92
20/09/2026 15:36,16.25,0.005,7.92
20/09/2026 15:06,16.25,0.005,7.92
20/09/2026 14:36,16.125,0.005,7.92
20/09/2026 14:06,16.125,0.004,7.92
20/09/2026 13:36,16.125,0.005,7.92
20/09/2026 13:06,16,0.004,7.92
20/09/2026 12:36,16.125,0.005,7.92
20/09/2026 12:06,15.875,0.004,7.91
20/09/2026 11:36,15.875,0.005,7.92
20/09/2026 11:06,15.75,0.005,7.91
20/09/2026 10:36,15.75,0.005,7.91
20/09/2026 10:06,16.625,0.004,7.91
20/09/2026 09:36,15.5,0.004,7.91
20/09/2026 09:06,15.5,0.004,7.91
20/09/2026 08:36,15.625,0.004,7.91
20/09/2026 08:06,15.375,0.004,7.91
20/09/2026 07:36,15.375,0.004,7.91
20/09/2026 07:06,15.25,0.004,7.91
20/09/2026 06:36,15.25,0.004,7.91
20/09/2026 06:12,15.125,0.004,7.91
20/09/2026 06:12,15,0.004,7.91
20/09/2026 06:12,15.125,0.004,8.58
20/09/2026 06:06,15.25,0.004,7.91
20/09/2026 05:36,15.25,0.004,7.91
20/09/2026 05:06,15.125,0.004,7.91
20/09/2026 04:36,15,0.004,7.91
20/09/2026 04:12,14.625,0.004,7.91
20/09/2026 04:12,14.5,0.004,7.91
20/09/2026 04:12,14.5,0.004,8.57
20/09/2026 04:06,14.875,0.004,7.9
20/09/2026 03:36,14.875,0.004,7.91
20/09/2026 03:06,14.875,0.004,7.9
20/09/2026 02:36,14.625,0.004,7.9
20/09/2026 02:06,14.625,0.004,7.91
20/09/2026 01:36,14.375,0.004,7.9
20/09/2026 01:06,14.25,0.004,7.9
20/09/2026 00:36,14.25,0.004,7.9
20/09/2026 00:06,14,0.004,7.9
19/09/2026 23:36,13.875,0.004,7.9
19/09/2026 23:06,13.75,0.004,7.9
19/09/2026 22:36,12.75,0.004,7.9
19/09/2026 22:06,14.25,0.004,7.9
19/09/2026 21:36,15.625,0.004,7.9
19/09/2026 21:06,15.5,0.004,7.91
19/09/2026 20:36,16.125,0.005,7.91
19/09/2026 20:06,16.5,0.005,7.92
19/09/2026 19:36,16.625,0.005,7.92
19/09/2026 19:06,16.625,0.005,7.91
19/09/2026 18:36,16.625,0.005,7.91
19/09/2026 18:06,16.625,0.005,7.91
19/09/2026 17:36,16.5,0.005,7.91
19/09/2026 17:06,16.375,0.005,7.91
19/09/2026 16:36,16.375,0.004,7.91
19/09/2026 16:06,16.25,0.005,7.91
19/09/2026 15:36,16.25,0.004,7.91
19/09/2026 15:06,16.125,0.004,7.91
19/09/2026 14:36,16.125,0.004,7.9
19/09/2026 14:06,15.875,0.004,7.9
19/09/2026 13:36,15.875,0.004,7.9
19/09/2026 13:06,15.875,0.004,7.9
19/09/2026 12:36,15.75,0.004,7.9
19/09/2026 12:06,15.75,0.004,7.9
19/09/2026 11:36,15.625,0.004,7.9
19/09/2026 11:06,15.625,0.004,7.9
19/09/2026 10:36,15.625,0.004,7.9
19/09/2026 10:06,15.5,0.004,7.89
19/09/2026 09:36,15.25,0.004,7.9
19/09/2026 09:06,15.375,0.004,7.9
19/09/2026 08:36,15.125,0.004,7.89
19/09/2026 08:06,15.25,0.004,7.89
19/09/2026 07:36,15.25,0.004,7.89
19/09/2026 07:06,15,0.004,7.89
19/09/2026 06:36,15.125,0.004,7.89
19/09/2026 06:06,15,0.004,7.89
19/09/2026 05:36,15,0.004,7.89
19/09/2026 05:06,15,0.004,7.89
19/09/2026 04:36,15.625,0.004,7.89
19/09/2026 04:06,14.75,0.004,7.89
19/09/2026 03:36,14.625,0.004,7.89
19/09/2026 03:06,14.625,0.004,7.89
19/09/2026 02:36,15.625,0.004,7.89
19/09/2026 02:06,14.625,0.004,7.89
19/09/2026 01:36,14.5,0.004,7.89
19/09/2026 01:06,14.25,0.004,7.89
19/09/2026 00:36,14.125,0.004,7.89
19/09/2026 00:06,14,0.003,7.89
18/09/2026 23:36,14,0.004,7.89
18/09/2026 23:06,13.875,0.004,7.89
18/09/2026 22:36,13.75,0.004,7.89
18/09/2026 22:06,14,0.004,7.89
18/09/2026 21:36,14.5,0.004,7.9
18/09/2026 21:06,15.25,0.004,7.9
18/09/2026 20:36,16,0.004,7.91
18/09/2026 20:06,16.375,0.004,7.91
18/09/2026 19:36,16.5,0.004,7.91
18/09/2026 19:06,16.5,0.004,7.91
18/09/2026 18:36,16.375,0.004,7.91
18/09/2026 18:06,16.375,0.004,7.91
18/09/2026 17:36,16.25,0.004,7.91
18/09/2026 17:06,16.25,0.004,7.91
18/09/2026 16:36,16.125,0.004,7.91
18/09/2026 16:17,15.75,0.004,7.91
18/09/2026 16:17,14.75,0.004,7.91
18/09/2026 16:16,15.625,0.004,8.57
18/09/2026 16:06,16.125,0.004,7.91
18/09/2026 15:36,16,0.004,7.91
18/09/2026 15:06,15.875,0.004,7.9
18/09/2026 14:36,15.75,0.004,7.9
18/09/2026 14:06,15.75,0.004,7.9
18/09/2026 13:36,14.75,0.004,7.9
18/09/2026 13:06,15.625,0.004,7.9
18/09/2026 12:36,15.625,0.004,7.9
18/09/2026 12:06,15.375,0.004,7.9
18/09/2026 11:36,15.25,0.004,7.9
18/09/2026 11:06,15.25,0.004,7.9
18/09/2026 10:36,15.125,0.004,7.9
18/09/2026 10:06,15.25,0.004,7.9
18/09/2026 09:36,15.125,0.003,7.9
18/09/2026 09:06,15,0.003,7.9
18/09/2026 08:36,14.875,0.003,7.9
18/09/2026 08:06,14.875,0.003,7.9
18/09/2026 07:36,14.875,0.003,7.9
18/09/2026 07:06,14.875,0.003,7.9
18/09/2026 06:36,14.75,0.003,7.9
18/09/2026 06:06,14.75,0.003,7.9
18/09/2026 05:36,15.625,0.003,7.89
18/09/2026 05:06,14.5,0.003,7.9
18/09/2026 04:36,14.625,0.003,7.89
18/09/2026 04:06,13.75,0.003,7.9
18/09/2026 03:36,14.5,0.003,7.89
18/09/2026 03:06,14.5,0.003,7.89
18/09/2026 02:36,14.375,0.003,7.89
18/09/2026 02:06,14.5,0.003,7.89
18/09/2026 01:36,14.25,0.003,7.9
18/09/2026 01:06,14.25,0.003,7.9
18/09/2026 00:36,14.125,0.003,7.9
18/09/2026 00:06,14,0.003,7.9
17/09/2026 23:36,13.875,0.002,7.9
17/09/2026 23:06,13.75,0.002,7.89
17/09/2026 22:36,13.75,0.002,7.9
17/09/2026 22:06,14.625,0.002,7.9
17/09/2026 21:36,14.375,0.002,7.9
17/09/2026 21:06,15.125,0.003,7.91
17/09/2026 20:36,15.875,0.003,7.91
17/09/2026 20:06,16.25,0.003,7.91
17/09/2026 19:36,16.375,0.003,7.91
17/09/2026 19:06,16.25,0.003,7.91
17/09/2026 18:36,16.25,0.003,7.91
17/09/2026 18:06,16.25,0.003,7.91
17/09/2026 17:36,16.25,0.003,7.91
17/09/2026 17:06,16.125,0.003,7.91
17/09/2026 16:36,16,0.003,7.9
17/09/2026 16:06,16.125,0.003,7.9
17/09/2026 15:36,15.875,0.003,7.9
17/09/2026 15:06,15.75,0.003,7.9
17/09/2026 14:36,15.75,0.003,7.9
17/09/2026 14:06,14.75,0.002,7.9
17/09/2026 13:36,16.5,0.002,7.9
17/09/2026 13:06,15.5,0.002,7.9
17/09/2026 12:36,15.5,0.002,7.9
17/09/2026 12:06,15.5,0.002,7.89
17/09/2026 11:36,15.25,0.002,7.89
17/09/2026 11:06,15.25,0.002,7.89
17/09/2026 10:36,15.25,0.002,7.89
17/09/2026 10:06,15.25,0.002,7.89
17/09/2026 09:36,14.875,0.002,7.89
17/09/2026 09:06,15,0.002,7.89
17/09/2026 08:36,14.875,0.002,7.89
17/09/2026 08:06,15,0.002,7.89
17/09/2026 07:36,15,0.002,7.89
17/09/2026 07:06,15,0.002,7.89
17/09/2026 06:36,14.75,0.002,7.89
17/09/2026 06:06,14.75,0.002,7.89
17/09/2026 05:36,14.875,0.002,7.89
17/09/2026 05:06,13.75,0.002,7.89
17/09/2026 04:36,14.625,0.002,7.88
17/09/2026 04:06,14.625,0.002,7.89
17/09/2026 03:45,14.375,0.002,7.88
17/09/2026 03:44,14.5,0.002,7.88
17/09/2026 03:44,14.375,0.002,8.54
17/09/2026 03:36,13.75,0.002,7.89
17/09/2026 03:06,14.625,0.002,7.88
17/09/2026 02:36,14.625,0.002,7.88
17/09/2026 02:06,14.5,0.002,7.88
17/09/2026 01:36,14.5,0.002,7.88
17/09/2026 01:06,14.25,0.002,7.88
17/09/2026 00:36,14.25,0.002,7.88
17/09/2026 00:13,14,0.002,7.88
17/09/2026 00:13,14.125,0.002,7.88
17/09/2026 00:13,14,0.002,8.53
17/09/2026 00:06,14.125,0.002,7.88
16/09/2026 23:36,14,0.002,7.88
16/09/2026 23:06,13.875,0.002,7.88
16/09/2026 22:36,13.875,0.002,7.88
16/09/2026 22:06,14.25,0.002,7.88
16/09/2026 21:36,13.75,0.002,7.88
16/09/2026 21:06,15.375,0.002,7.89
16/09/2026 20:36,16,0.003,7.9
16/09/2026 20:06,16.625,0.003,7.9
16/09/2026 19:36,16.5,0.002,7.9
16/09/2026 19:06,16.625,0.002,7.9
16/09/2026 18:36,16.5,0.002,7.9
16/09/2026 18:06,16.375,0.002,7.9
16/09/2026 17:36,16.25,0.002,7.9
16/09/2026 17:06,16.25,0.002,7.9
16/09/2026 16:36,16.25,0.002,7.89
16/09/2026 16:06,16,0.002,7.89
16/09/2026 15:36,16,0.002,7.89
16/09/2026 15:06,15.875,0.002,7.89
16/09/2026 14:36,15.875,0.002,7.89
16/09/2026 14:06,15.625,0.002,7.89
16/09/2026 13:36,15.5,0.002,7.89
16/09/2026 13:06,15.5,0.002,7.88
16/09/2026 12:36,15.375,0.002,7.86
16/09/2026 12:06,15.375,0.002,7.86
16/09/2026 11:36,15.25,0.002,7.86
16/09/2026 11:06,15.25,0.002,7.85
16/09/2026 10:36,15.25,0.002,7.85
16/09/2026 10:06,14.875,0.002,7.85
16/09/2026 09:36,15,0.002,7.85
16/09/2026 09:06,14.75,0.002,7.86
16/09/2026 08:36,14.875,0.002,7.86
16/09/2026 08:06,15,0.002,7.86
16/09/2026 07:36,15,0.002,7.86
16/09/2026 07:06,14.75,0.002,7.86
16/09/2026 06:36,14.75,0.002,7.86
16/09/2026 06:06,13.875,0.002,7.87
16/09/2026 05:39,14.25,0.002,7.87
16/09/2026 05:36,15.625,0.002,7.87
16/09/2026 05:06,13.75,0.002,7.87
16/09/2026 04:36,13.75,0.002,7.86
16/09/2026 04:06,14.5,0.002,7.86
16/09/2026 03:36,14.5,0.002,7.86
16/09/2026 03:06,14.5,0.002,7.86
16/09/2026 02:36,14.5,0.002,7.86
16/09/2026 02:06,14.375,0.002,7.86
16/09/2026 01:36,14.375,0.002,7.86
16/09/2026 01:06,14.25,0.002,7.87
16/09/2026 00:36,14.375,0.002,7.86
16/09/2026 00:06,14.125,0.002,7.86
15/09/2026 23:36,14,0.002,7.86
15/09/2026 23:06,14,0.002,7.87
15/09/2026 22:36,12.75,0.002,7.86
15/09/2026 22:06,14.25,0.002,7.87
15/09/2026 21:36,14.75,0.002,7.87
15/09/2026 21:06,15.375,0.002,7.87
15/09/2026 20:36,16.125,0.002,7.88
15/09/2026 20:06,16.625,0.002,7.89
15/09/2026 19:36,16.75,0.002,7.89
15/09/2026 19:06,16.5,0.002,7.89
15/09/2026 18:36,16.625,0.002,7.89
15/09/2026 18:06,16.5,0.002,7.9
15/09/2026 17:36,16.375,0.002,7.9
15/09/2026 17:06,16.375,0.002,7.91
15/09/2026 16:36,16.25,0.002,7.91
15/09/2026 16:06,16.25,0.002,7.91
15/09/2026 15:36,16,0.002,7.91
15/09/2026 15:06,16.125,0.002,7.88
15/09/2026 14:36,16,0.002,7.88
15/09/2026 14:06,15.75,0.002,7.89
15/09/2026 13:36,16.625,0.002,7.89
15/09/2026 13:06,15.5,0.002,7.89
15/09/2026 12:36,15.625,0.002,7.89
15/09/2026 12:06,15.5,0.002,7.89
15/09/2026 11:36,15.375,0.002,7.89
15/09/2026 11:06,15.375,0.002,7.89
15/09/2026 10:36,15.25,0.002,7.89
15/09/2026 10:06,15.125,0.002,7.89
15/09/2026 09:36,15.125,0.002,7.9
15/09/2026 09:06,15,0.002,7.92
15/09/2026 08:36,15.125,0.002,7.92
15/09/2026 08:06,14.875,0.002,7.88
15/09/2026 07:36,15.125,0.002,7.88
15/09/2026 07:06,14.875,0.002,7.89
15/09/2026 06:36,14.875,0.002,7.89
15/09/2026 06:06,14.875,0.002,7.88
15/09/2026 05:36,15,0.002,7.89
15/09/2026 05:06,14.75,0.002,7.89
15/09/2026 04:36,14.75,0.002,7.88
15/09/2026 04:06,15.625,0.002,7.87
15/09/2026 03:36,14.75,0.002,7.88
15/09/2026 03:06,14.5,0.002,7.88
15/09/2026 02:36,13.75,0.002,7.88
15/09/2026 02:06,14.625,0.002,7.88
15/09/2026 01:36,14.5,0.002,7.88
15/09/2026 01:06,14.25,0.002,7.88
15/09/2026 00:36,14.25,0.002,7.88
15/09/2026 00:06,14,0.002,7.87
14/09/2026 23:36,14,0.002,7.87
14/09/2026 23:06,13.75,0.002,7.86
14/09/2026 22:36,14,0.002,7.87
14/09/2026 22:06,14.5,0.002,7.87
14/09/2026 21:36,15.125,0.002,7.87
14/09/2026 21:06,15.75,0.002,7.87
14/09/2026 20:36,16.25,0.002,7.87
14/09/2026 20:06,16.875,0.002,7.88
14/09/2026 19:36,16.875,0.002,7.88
14/09/2026 19:06,16.875,0.002,7.88
14/09/2026 18:36,16.875,0.002,7.89
14/09/2026 18:06,16.75,0.002,7.88
14/09/2026 17:36,15.75,0.002,7.88
14/09/2026 17:06,16.75,0.002,7.87
14/09/2026 16:36,15.75,0.002,7.86
14/09/2026 16:06,16.625,0.002,7.85
14/09/2026 15:36,16.5,0.002,7.84
14/09/2026 15:06,16.375,0.002,7.82
14/09/2026 14:36,16.375,0.002,7.79
14/09/2026 14:06,16.25,0.002,7.76
14/09/2026 13:36,16.25,0.002,7.7
14/09/2026 13:06,16.125,0.002,7.63
14/09/2026 12:36,16,0.002,7.53
14/09/2026 12:34,16.125,0.002,7.52
14/09/2026 12:06,16.125,0.002,7.33
14/09/2026 11:36,16,0.003,7.02
14/09/2026 11:06,16,0.003,6.66
14/09/2026 10:36,15.875,0.003,6.4
14/09/2026 10:36,15.875,0.003,6.4
12/09/2026 12:36,15.75,0.002,7.93
12/09/2026 12:06,14.75,0.002,7.93
12/09/2026 11:36,16.625,0.002,7.93
12/09/2026 11:06,15.75,0.002,7.93
12/09/2026 10:36,15.625,0.002,7.93
12/09/2026 10:06,14.75,0.002,7.93
12/09/2026 09:36,16.625,0.002,7.93
12/09/2026 09:06,14.75,0.002,7.93
12/09/2026 08:36,15.625,0.002,7.93
12/09/2026 08:06,15.625,0.002,7.93
12/09/2026 07:36,14.75,0.002,7.93
12/09/2026 07:06,15.5,0.002,7.93
12/09/2026 06:36,15.75,0.002,7.92
12/09/2026 06:06,15.75,0.002,7.92
12/09/2026 05:36,15.75,0.002,7.93
12/09/2026 05:06,14.875,0.002,7.93
12/09/2026 04:36,15.75,0.002,7.92
12/09/2026 04:06,15.75,0.002,7.93
12/09/2026 03:36,15.875,0.002,7.93
12/09/2026 03:06,15.875,0.002,7.93
12/09/2026 02:36,15.75,0.002,7.93
12/09/2026 02:06,15.875,0.002,7.93
12/09/2026 01:36,15.875,0.002,7.93
12/09/2026 01:06,16,0.002,7.93
12/09/2026 00:36,15.875,0.002,7.93
12/09/2026 00:06,16,0.002,7.93
11/09/2026 23:36,16.125,0.002,7.93
11/09/2026 23:06,16.125,0.002,7.93
11/09/2026 22:36,16.125,0.002,7.93
11/09/2026 22:06,16,0.002,7.93
11/09/2026 21:36,16.125,0.002,7.93
11/09/2026 21:06,16.125,0.002,7.93
11/09/2026 20:36,16.125,0.002,7.93
11/09/2026 20:06,16.125,0.002,7.93
11/09/2026 19:36,16.125,0.002,7.93
11/09/2026 19:06,16.125,0.002,7.93
11/09/2026 18:36,16.25,0.002,7.93
11/09/2026 18:06,16.25,0.002,7.93
11/09/2026 17:36,16.125,0.002,7.92
11/09/2026 17:06,16,0.002,7.92
11/09/2026 16:36,16,0.002,7.92
11/09/2026 16:06,15.875,0.002,7.92
11/09/2026 15:36,15.75,0.002,7.92
11/09/2026 15:06,15.625,0.002,7.92
11/09/2026 14:36,16.625,0.002,7.92
11/09/2026 14:06,15.5,0.002,7.92
11/09/2026 13:36,15.5,0.002,7.92
11/09/2026 13:06,15.25,0.002,7.92
11/09/2026 12:36,15.25,0.002,7.92
11/09/2026 12:06,15.25,0.002,7.92
11/09/2026 11:36,15.125,0.002,7.92
11/09/2026 11:06,15.125,0.002,7.92
11/09/2026 10:36,15.125,0.002,7.92
11/09/2026 10:06,15,0.002,7.91
11/09/2026 09:36,15.125,0.002,7.91
11/09/2026 09:06,14.75,0.002,7.91
11/09/2026 08:36,14.875,0.002,7.91
11/09/2026 08:06,14.75,0.002,7.91
11/09/2026 07:36,15.625,0.002,7.91
11/09/2026 07:06,14.75,0.002,7.91
11/09/2026 06:36,13.75,0.002,7.91
11/09/2026 06:06,15.625,0.002,7.91
11/09/2026 05:36,14.5,0.002,7.91
11/09/2026 05:06,14.625,0.002,7.91
11/09/2026 04:36,14.625,0.002,7.91
11/09/2026 04:06,14.625,0.002,7.91
11/09/2026 03:36,14.375,0.002,7.91
11/09/2026 03:06,14.375,0.002,7.91
11/09/2026 02:36,14.375,0.002,7.91
11/09/2026 02:06,14.375,0.002,7.91
11/09/2026 01:36,14.25,0.002,7.9
11/09/2026 01:06,14.25,0.002,7.9
11/09/2026 00:36,14,0.002,7.9
11/09/2026 00:06,13.875,0.002,7.9
10/09/2026 23:36,14,0.002,7.91
10/09/2026 23:06,13.625,0.002,7.91
10/09/2026 22:36,13.625,0.002,7.9
10/09/2026 22:06,14,0.002,7.9
10/09/2026 21:36,14.375,0.002,7.91
10/09/2026 21:06,15.125,0.002,7.91
10/09/2026 20:36,15.875,0.002,7.92
10/09/2026 20:06,16.5,0.002,7.93
10/09/2026 19:36,16.5,0.002,7.93
10/09/2026 19:06,16.5,0.002,7.92
10/09/2026 18:36,16.5,0.002,7.92
10/09/2026 18:06,16.5,0.002,7.92
10/09/2026 17:36,16.375,0.002,7.92
10/09/2026 17:06,16.375,0.002,7.92
10/09/2026 16:36,16.25,0.002,7.91
10/09/2026 16:06,16.125,0.002,7.91
10/09/2026 15:36,16.125,0.002,7.9
10/09/2026 15:06,16,0.002,7.91
10/09/2026 14:36,15.875,0.002,7.91
10/09/2026 14:06,15.875,0.002,7.92
10/09/2026 13:36,15.75,0.002,7.91
10/09/2026 13:06,14.75,0.002,7.91
10/09/2026 12:36,14.75,0.002,7.91
10/09/2026 12:06,15.625,0.002,7.91
10/09/2026 11:36,15.5,0.002,7.91
10/09/2026 11:06,15.375,0.002,7.91
10/09/2026 10:36,15.25,0.002,7.91
10/09/2026 10:06,15.25,0.002,7.91
10/09/2026 09:36,15.25,0.002,7.91
10/09/2026 09:06,15.125,0.002,7.91
10/09/2026 08:36,14.875,0.002,7.91
10/09/2026 08:06,15,0.002,7.91
10/09/2026 07:36,14.875,0.002,7.91
10/09/2026 07:06,15,0.002,7.91
10/09/2026 06:36,14.75,0.002,7.91
10/09/2026 06:06,14.875,0.002,7.91
10/09/2026 05:36,14.75,0.002,7.9
10/09/2026 05:06,14.75,0.002,7.9
10/09/2026 04:36,14.75,0.002,7.9
10/09/2026 04:06,14.625,0.002,7.9
10/09/2026 03:36,14.625,0.002,7.9
10/09/2026 03:06,14.375,0.002,7.9
10/09/2026 02:36,14.5,0.002,7.9
10/09/2026 02:06,14.375,0.002,7.9
10/09/2026 01:36,14.375,0.002,7.89
10/09/2026 01:06,14.25,0.002,7.89
10/09/2026 00:36,14.25,0.002,7.89
10/09/2026 00:06,14,0.002,7.89
09/09/2026 23:36,14,0.002,7.9
09/09/2026 23:06,14,0.002,7.89
09/09/2026 22:36,14.625,0.002,7.89
09/09/2026 22:06,14.25,0.002,7.9
09/09/2026 21:36,14.875,0.002,7.9
09/09/2026 21:06,15.375,0.002,7.91
09/09/2026 20:36,16,0.002,7.91
09/09/2026 20:06,16.75,0.002,7.92
09/09/2026 19:36,16.75,0.002,7.91
09/09/2026 19:06,15.75,0.002,7.91
09/09/2026 18:36,16.625,0.002,7.91
09/09/2026 18:06,16.625,0.002,7.9
09/09/2026 17:36,16.5,0.002,7.9
09/09/2026 17:06,16.5,0.002,7.9
09/09/2026 16:36,16.375,0.002,7.9
09/09/2026 16:06,16.25,0.002,7.9
09/09/2026 15:36,16.25,0.002,7.9
09/09/2026 15:06,16.125,0.002,7.9
09/09/2026 14:36,16.125,0.002,7.9
09/09/2026 14:06,16.125,0.002,7.9
09/09/2026 13:36,15.875,0.002,7.89
09/09/2026 13:06,15.875,0.002,7.89
09/09/2026 12:36,15.75,0.002,7.89
09/09/2026 12:06,15.75,0.002,7.89
09/09/2026 11:36,15.625,0.002,7.89
09/09/2026 11:06,15.5,0.002,7.89
09/09/2026 10:36,15.5,0.002,7.89
09/09/2026 10:06,15.375,0.002,7.89
09/09/2026 09:36,15.375,0.002,7.89
09/09/2026 09:06,15.375,0.002,7.89
09/09/2026 08:36,15.25,0.002,7.89
09/09/2026 08:06,15.25,0.002,7.88
09/09/2026 07:36,15.25,0.002,7.88
09/09/2026 07:06,15.25,0.002,7.88
09/09/2026 06:36,15.125,0.002,7.88
09/09/2026 06:06,15.125,0.002,7.88
09/09/2026 05:36,15,0.002,7.88
09/09/2026 05:06,15,0.002,7.88
09/09/2026 04:36,15,0.002,7.88
09/09/2026 04:06,15.125,0.002,7.88
09/09/2026 03:36,15,0.002,7.88
09/09/2026 03:06,14.75,0.002,7.88
09/09/2026 02:36,15,0.002,7.87
09/09/2026 02:06,13.75,0.002,7.87
09/09/2026 01:36,14.5,0.002,7.87
09/09/2026 01:06,14.625,0.002,7.87
09/09/2026 00:36,14.375,0.002,7.87
09/09/2026 00:06,14.5,0.002,7.87
08/09/2026 23:36,14.125,0.002,7.87
08/09/2026 23:06,14.25,0.002,7.86
08/09/2026 22:36,13.875,0.002,7.87
08/09/2026 22:06,14.25,0.002,7.87
08/09/2026 21:36,15,0.002,7.87
08/09/2026 21:06,15.75,0.002,7.87
08/09/2026 20:36,16.5,0.002,7.88
08/09/2026 20:06,17,0.002,7.88
08/09/2026 19:36,17.125,0.002,7.88
08/09/2026 19:06,17.125,0.002,7.88
08/09/2026 18:36,17.125,0.002,7.88
08/09/2026 18:06,17.125,0.002,7.87
08/09/2026 17:36,16.875,0.002,7.87
08/09/2026 17:06,16.75,0.002,7.87
08/09/2026 16:36,15.75,0.002,7.87
08/09/2026 16:06,16.625,0.002,7.87
08/09/2026 15:36,16.5,0.002,7.87
08/09/2026 15:06,16.375,0.002,7.87
08/09/2026 14:36,16.375,0.002,7.87
08/09/2026 14:06,16.125,0.002,7.87
08/09/2026 13:36,16,0.002,7.87
08/09/2026 13:06,16,0.002,7.87
08/09/2026 12:36,15.75,0.002,7.88
08/09/2026 12:06,14.875,0.002,7.88
08/09/2026 11:36,16.625,0.002,7.89
08/09/2026 11:06,15.625,0.002,7.89
08/09/2026 10:36,15.625,0.002,7.88
08/09/2026 10:06,15.625,0.002,7.88
08/09/2026 09:36,15.375,0.002,7.88
08/09/2026 09:06,15.375,0.002,7.88
08/09/2026 08:36,15.25,0.002,7.88
08/09/2026 08:06,15.25,0.002,7.88
08/09/2026 07:36,15.25,0.002,7.88
08/09/2026 07:06,15.125,0.002,7.88
08/09/2026 06:36,15.125,0.002,7.88
08/09/2026 06:06,15.125,0.002,7.87
08/09/2026 05:36,15,0.002,7.88
08/09/2026 05:06,14.875,0.002,7.87
08/09/2026 04:36,15.125,0.002,7.87
08/09/2026 04:06,14.875,0.002,7.87
08/09/2026 03:36,14.75,0.002,7.87
08/09/2026 03:06,14.75,0.002,7.87
08/09/2026 02:36,13.75,0.002,7.87
08/09/2026 02:06,14.375,0.002,7.86
08/09/2026 01:36,14.5,0.002,7.86
08/09/2026 01:06,14.375,0.002,7.86
08/09/2026 00:36,14.25,0.002,7.86
08/09/2026 00:06,14.125,0.002,7.86
07/09/2026 23:36,14,0.002,7.86
07/09/2026 23:06,13.875,0.002,7.86
07/09/2026 22:36,12.75,0.002,7.86
07/09/2026 22:06,14.25,0.002,7.86
07/09/2026 21:36,13.875,0.002,7.86
07/09/2026 21:06,15.625,0.002,7.86
07/09/2026 20:36,16.125,0.002,7.87
07/09/2026 20:06,16.75,0.002,7.87
07/09/2026 19:36,16.875,0.002,7.87
07/09/2026 19:06,16.75,0.002,7.87
07/09/2026 18:36,16.75,0.002,7.86
07/09/2026 18:06,16.75,0.002,7.86
07/09/2026 17:36,16.75,0.002,7.86
07/09/2026 17:06,16.5,0.002,7.86
07/09/2026 16:36,16.375,0.002,7.86
07/09/2026 16:06,16.625,0.002,7.85
07/09/2026 15:36,16.25,0.002,7.85
07/09/2026 15:06,16.25,0.002,7.85
07/09/2026 14:36,16.25,0.002,7.85
07/09/2026 14:06,16.125,0.002,7.86
07/09/2026 13:36,15.875,0.002,7.86
07/09/2026 13:06,16.625,0.002,7.86
07/09/2026 12:36,15.875,0.002,7.87
07/09/2026 12:06,15.625,0.002,7.89
07/09/2026 11:36,15.5,0.002,7.9
07/09/2026 11:06,15.375,0.002,7.9
07/09/2026 10:36,15.25,0.002,7.91
07/09/2026 10:06,15.25,0.002,7.91
07/09/2026 09:36,15.125,0.002,7.91
07/09/2026 09:06,15,0.002,7.91
07/09/2026 08:36,15,0.002,7.91
07/09/2026 08:06,14.875,0.002,7.91
07/09/2026 07:36,14.875,0.002,7.91
07/09/2026 07:06,14.75,0.002,7.91
07/09/2026 06:36,14.75,0.002,7.91
07/09/2026 06:06,14.875,0.002,7.91
07/09/2026 05:36,14.75,0.002,7.92
07/09/2026 05:06,13.75,0.002,7.91
07/09/2026 04:36,15.625,0.002,7.91
07/09/2026 04:06,14.5,0.002,7.91
07/09/2026 03:36,14.625,0.002,7.91
07/09/2026 03:06,14.625,0.002,7.91
07/09/2026 02:36,14.625,0.002,7.91
07/09/2026 02:06,14.5,0.002,7.91
07/09/2026 01:36,14.375,0.002,7.91
07/09/2026 01:06,14.375,0.002,7.91
07/09/2026 00:36,14.25,0.002,7.91
07/09/2026 00:06,14.25,0.002,7.91
06/09/2026 23:36,14,0.002,7.91
06/09/2026 23:06,13.875,0.002,7.91
06/09/2026 22:36,12.75,0.002,7.91
06/09/2026 22:06,13.625,0.002,7.91
06/09/2026 21:36,14.5,0.002,7.91
06/09/2026 21:06,14.875,0.002,7.92
06/09/2026 20:36,15.75,0.002,7.92
06/09/2026 20:06,16.5,0.002,7.93
06/09/2026 19:36,16.375,0.002,7.93
06/09/2026 19:06,16.375,0.002,7.93
06/09/2026 18:36,16.375,0.002,7.93
06/09/2026 18:06,16.25,0.002,7.93
06/09/2026 17:36,16.375,0.002,7.93
06/09/2026 17:06,16.375,0.002,7.92
06/09/2026 16:36,16.375,0.002,7.92
06/09/2026 16:06,16.25,0.002,7.92
06/09/2026 15:36,16.25,0.002,7.92
06/09/2026 15:06,16.125,0.002,7.92
06/09/2026 14:36,16,0.002,7.92
06/09/2026 14:06,16.125,0.002,7.92
06/09/2026 13:36,16.125,0.002,7.92
06/09/2026 13:06,16,0.002,7.92
06/09/2026 12:36,16,0.002,7.92
06/09/2026 12:06,14.875,0.002,7.91
06/09/2026 11:36,15.875,0.002,7.92
06/09/2026 11:06,15.75,0.002,7.92
06/09/2026 10:36,16.625,0.002,7.92
06/09/2026 10:06,15.625,0.002,7.91
06/09/2026 09:36,15.625,0.002,7.91
06/09/2026 09:06,15.5,0.002,7.91
06/09/2026 08:36,15.5,0.002,7.91
06/09/2026 08:06,15.375,0.002,7.91
06/09/2026 07:36,15.25,0.002,7.9
06/09/2026 07:06,15.25,0.002,7.91
06/09/2026 06:36,15.125,0.002,7.91
06/09/2026 06:06,15.125,0.002,7.9
06/09/2026 05:59,15.125,0.002,7.91
06/09/2026 05:59,15.125,0.002,7.9
06/09/2026 05:59,15,0.002,8.57
06/09/2026 05:36,15.125,0.002,7.91
06/09/2026 05:06,15,0.002,7.9
06/09/2026 04:36,14.875,0.002,7.9
06/09/2026 04:06,15,0.002,7.9
06/09/2026 03:36,14.875,0.002,7.9
06/09/2026 03:06,15,0.002,7.9
06/09/2026 02:36,14.75,0.002,7.9
06/09/2026 02:06,14.75,0.002,7.9
06/09/2026 01:36,14.625,0.002,7.9
06/09/2026 01:06,14.5,0.002,7.9
06/09/2026 00:36,14.375,0.002,7.9
06/09/2026 00:06,14.25,0.002,7.89
05/09/2026 23:36,14.25,0.002,7.89
05/09/2026 23:06,14.25,0.002,7.9
05/09/2026 22:36,14,0.002,7.9
05/09/2026 22:06,14,0.002,7.9
05/09/2026 21:36,13.875,0.002,7.9
05/09/2026 21:06,14.625,0.002,7.9
05/09/2026 20:36,15.375,0.002,7.91
05/09/2026 20:06,16.125,0.002,7.91
05/09/2026 19:36,16.125,0.002,7.91
05/09/2026 19:06,16.125,0.002,7.91
05/09/2026 18:36,16.25,0.002,7.91
05/09/2026 18:06,16.25,0.002,7.91
05/09/2026 17:36,16.125,0.002,7.91
05/09/2026 17:06,16.125,0.002,7.91
05/09/2026 16:36,16.125,0.002,7.91
05/09/2026 16:06,16.125,0.002,7.9
05/09/2026 15:36,16,0.002,7.9
05/09/2026 15:06,15.875,0.002,7.89
05/09/2026 14:36,15.875,0.002,7.89
05/09/2026 14:06,15.75,0.002,7.9
05/09/2026 13:36,16.625,0.002,7.89
05/09/2026 13:06,16.625,0.002,7.89
05/09/2026 12:36,15.625,0.002,7.9
05/09/2026 12:06,15.625,0.002,7.9
05/09/2026 11:36,15.5,0.002,7.9
05/09/2026 11:06,15.5,0.002,7.89
05/09/2026 10:36,15.375,0.002,7.89
05/09/2026 10:06,15.375,0.002,7.89
05/09/2026 09:36,15.25,0.002,7.89
05/09/2026 09:06,15.125,0.002,7.89
05/09/2026 08:36,15.25,0.002,7.89
05/09/2026 08:06,15.125,0.002,7.89
05/09/2026 07:36,15.125,0.002,7.89
05/09/2026 07:06,15,0.002,7.89
05/09/2026 06:36,15,0.002,7.88
05/09/2026 06:06,14.875,0.002,7.88
05/09/2026 05:36,14.625,0.002,7.88
05/09/2026 05:06,15.625,0.002,7.88
05/09/2026 04:36,15.5,0.002,7.88
05/09/2026 04:06,15.625,0.002,7.88
05/09/2026 03:36,14.5,0.002,7.88
05/09/2026 03:06,14.5,0.002,7.88
05/09/2026 02:36,14.5,0.002,7.88
05/09/2026 02:06,14.25,0.002,7.87
05/09/2026 01:36,14.25,0.002,7.87
05/09/2026 01:06,14,0.002,7.87
05/09/2026 00:36,14.125,0.002,7.87
05/09/2026 00:22,12.75,0.002,7.87
05/09/2026 00:22,13.375,0.002,7.87
05/09/2026 00:22,13.625,0.002,8.52
05/09/2026 00:06,13.875,0.002,7.87
04/09/2026 23:36,13.75,0.002,7.87
04/09/2026 23:06,13.625,0.002,7.87
04/09/2026 22:36,13.375,0.002,7.87
04/09/2026 22:06,13.875,0.002,7.87
04/09/2026 21:36,14.5,0.002,7.87
04/09/2026 21:06,15.25,0.002,7.88
04/09/2026 20:36,16.125,0.002,7.88
04/09/2026 20:06,16.75,0.002,7.89
04/09/2026 19:36,16.625,0.002,7.88
04/09/2026 19:06,17.625,0.002,7.88
04/09/2026 18:50,16.375,0.002,7.88
04/09/2026 18:50,16.375,0.002,7.88
04/09/2026 18:50,16.25,0.002,8.54
04/09/2026 18:36,15.75,0.002,7.88
04/09/2026 18:06,16.625,0.002,7.88
04/09/2026 17:36,16.625,0.002,7.87
04/09/2026 17:06,16.5,0.002,7.88
04/09/2026 16:36,16.5,0.002,7.87
04/09/2026 16:06,16.375,0.002,7.87
04/09/2026 15:36,16.25,0.002,7.87
04/09/2026 15:06,16.125,0.002,7.87
04/09/2026 14:36,16.125,0.002,7.87
04/09/2026 14:06,16.125,0.002,7.87
04/09/2026 13:36,16,0.002,7.87
04/09/2026 13:06,15.875,0.002,7.88
04/09/2026 12:36,14.75,0.002,7.87
04/09/2026 12:06,15.75,0.002,7.87
04/09/2026 11:36,15.75,0.002,7.87
04/09/2026 11:06,16.5,0.002,7.87
04/09/2026 10:36,15.5,0.002,7.87
04/09/2026 10:06,15.5,0.002,7.87
04/09/2026 09:36,15.5,0.002,7.87
04/09/2026 09:06,15.375,0.002,7.86
04/09/2026 08:36,15.375,0.002,7.86
04/09/2026 08:06,15.25,0.002,7.86
04/09/2026 07:36,15.25,0.002,7.86
04/09/2026 07:06,15.25,0.002,7.86
04/09/2026 06:36,15.25,0.002,7.86
04/09/2026 06:06,15.125,0.002,7.86
04/09/2026 05:36,15.125,0.002,7.85
04/09/2026 05:06,15,0.002,7.85
04/09/2026 04:36,15.125,0.002,7.85
04/09/2026 04:06,15.125,0.002,7.84
04/09/2026 03:36,14.75,0.002,7.85
04/09/2026 03:06,14.875,0.002,7.84
04/09/2026 02:36,15.625,0.002,7.84
04/09/2026 02:06,14.625,0.002,7.84
04/09/2026 01:36,14.5,0.002,7.84
04/09/2026 01:06,14.375,0.002,7.83
04/09/2026 00:36,14.25,0.002,7.83
04/09/2026 00:06,14.25,0.002,7.83
03/09/2026 23:36,14,0.002,7.83
03/09/2026 23:06,13.875,0.002,7.83
03/09/2026 22:36,13.625,0.001,7.83
03/09/2026 22:06,14.125,0.001,7.83
03/09/2026 21:36,15,0.001,7.83
03/09/2026 21:06,16.625,0.001,7.84
03/09/2026 20:36,16.375,0.001,7.84
03/09/2026 20:06,17,0.001,7.85
03/09/2026 19:36,17,0.001,7.84
03/09/2026 19:06,17,0.001,7.84
03/09/2026 18:36,17,0.001,7.84
03/09/2026 18:06,16.875,0.001,7.84
03/09/2026 17:36,16.875,0.001,7.84
03/09/2026 17:06,16.875,0.001,7.84
03/09/2026 16:36,16.75,0.001,7.84
03/09/2026 16:06,16.5,0.001,7.85
03/09/2026 15:36,16.375,0.001,7.85
03/09/2026 15:06,16.25,0.001,7.86
03/09/2026 14:36,16.375,0.001,7.87
03/09/2026 14:06,16,0.001,7.88
03/09/2026 13:36,16.125,0.001,7.88
03/09/2026 13:06,16,0.001,7.88
03/09/2026 12:36,14.875,0.001,7.88
03/09/2026 12:06,15.875,0.001,7.88
03/09/2026 11:36,14.75,0.001,7.88
03/09/2026 11:06,15.625,0.001,7.88
03/09/2026 10:36,16.625,0.001,7.88
03/09/2026 10:06,15.5,0.001,7.88
03/09/2026 09:36,15.5,0.001,7.89
03/09/2026 09:06,15.375,0.001,7.89
03/09/2026 08:36,15.25,0.001,7.89
03/09/2026 08:06,15.25,0.001,7.89
03/09/2026 07:36,15.25,0.001,7.89
03/09/2026 07:06,15.125,0.001,7.89
03/09/2026 06:36,15.25,0.001,7.89
03/09/2026 06:06,14.875,0.001,7.89
03/09/2026 05:36,15.125,0.001,7.89
03/09/2026 05:06,15,0.001,7.89
03/09/2026 04:36,15,0.001,7.89
03/09/2026 04:06,14.875,0.001,7.89
03/09/2026 03:36,15.625,0.001,7.88
03/09/2026 03:06,14.75,0.001,7.88
03/09/2026 02:36,14.625,0.001,7.88
03/09/2026 02:06,14.5,0.001,7.88
03/09/2026 01:36,14.625,0.001,7.88
03/09/2026 01:06,14.625,0.001,7.88
03/09/2026 00:36,14.375,0.001,7.88
03/09/2026 00:06,14.125,0.001,7.87
02/09/2026 23:36,13.875,0.001,7.87
02/09/2026 23:06,13.875,0.001,7.87
02/09/2026 22:36,12.75,0.001,7.87
02/09/2026 22:06,14.25,0.001,7.88
02/09/2026 21:36,14.875,0.001,7.89
02/09/2026 21:06,15.625,0.001,7.89
02/09/2026 20:36,16.375,0.001,7.89
02/09/2026 20:06,17.125,0.001,7.89
02/09/2026 19:36,17.125,0.001,7.89
02/09/2026 19:06,17.125,0.001,7.89
02/09/2026 18:36,17.125,0.001,7.89
02/09/2026 18:06,17,0.001,7.89
02/09/2026 17:36,17,0.001,7.89
02/09/2026 17:06,17,0.001,7.89
02/09/2026 16:36,16.75,0.001,7.89
02/09/2026 16:06,16.75,0.001,7.88
02/09/2026 15:36,16.625,0.001,7.88
02/09/2026 15:06,16.5,0.001,7.88
02/09/2026 14:36,16.375,0.001,7.88
02/09/2026 14:06,16.25,0.001,7.88
02/09/2026 13:36,16.125,0.001,7.88
02/09/2026 13:06,16.125,0.001,7.88
02/09/2026 12:36,16,0.001,7.89
02/09/2026 12:06,16,0.001,7.89
02/09/2026 11:36,15.75,0.001,7.89
02/09/2026 11:06,15.75,0.001,7.9
02/09/2026 10:36,15.5,0.001,7.91
02/09/2026 10:06,15.375,0.001,7.91
02/09/2026 09:36,15.25,0.001,7.91
02/09/2026 09:06,15.25,0.001,7.91
02/09/2026 08:36,15.25,0.001,7.91
02/09/2026 08:06,15.25,0.001,7.91
02/09/2026 07:36,15.25,0.001,7.91
02/09/2026 07:06,14.875,0.001,7.91
02/09/2026 06:36,15.125,0.001,7.91
02/09/2026 06:06,15.125,0.001,7.91
02/09/2026 05:36,14.875,0.001,7.91
02/09/2026 05:06,14.875,0.001,7.91
02/09/2026 04:36,15,0.001,7.91
02/09/2026 04:06,14.875,0.001,7.91
02/09/2026 03:36,14.75,0.001,7.91
02/09/2026 03:06,14.75,0.001,7.91
02/09/2026 02:36,14.625,0.001,7.91
02/09/2026 02:06,14.375,0.001,7.9
02/09/2026 02:02,14.5,0.001,7.91
02/09/2026 02:01,14.5,0.001,7.91
02/09/2026 02:01,14.375,0.001,8.57
02/09/2026 01:36,14.5,0.001,7.9
02/09/2026 01:06,14.375,0.001,7.9
02/09/2026 00:36,14.125,0.001,7.9
02/09/2026 00:06,14.125,0.001,7.91
01/09/2026 23:36,14,0.001,7.9
01/09/2026 23:06,13.875,0.001,7.9
01/09/2026 22:36,13.625,0.001,7.9
01/09/2026 22:06,13.625,0.001,7.9
01/09/2026 21:36,14.25,0.001,7.91
01/09/2026 21:06,15.125,0.001,7.91
01/09/2026 20:36,15.875,0.001,7.92
01/09/2026 20:06,16.5,0.001,7.92
01/09/2026 19:36,16.375,0.001,7.92
01/09/2026 19:06,16.375,0.001,7.92
01/09/2026 18:36,16.25,0.001,7.92
01/09/2026 18:06,16.25,0.001,7.92
01/09/2026 17:36,16.25,0.001,7.92
01/09/2026 17:06,16,0.001,7.91
01/09/2026 16:36,16,0.001,7.91
01/09/2026 16:06,16,0.001,7.91
01/09/2026 15:36,15.875,0.001,7.92
01/09/2026 15:06,15.75,0.001,7.91
01/09/2026 14:36,15.5,0.001,7.91
01/09/2026 14:06,16.625,0.001,7.91
01/09/2026 13:36,15.5,0.001,7.91
01/09/2026 13:06,15.375,0.001,7.91
01/09/2026 12:36,15.375,0.001,7.91
01/09/2026 12:06,15.5,0.001,7.91
01/09/2026 11:36,15.25,0.001,7.91
01/09/2026 11:06,15.25,0.001,7.91
01/09/2026 10:36,15.25,0.001,7.91
01/09/2026 10:06,15.125,0.001,7.91
01/09/2026 09:36,14.875,0.001,7.91
01/09/2026 09:06,15.125,0.001,7.9
01/09/2026 08:36,14.875,0.001,7.9
01/09/2026 08:06,14.875,0.001,7.9
01/09/2026 07:36,14.75,0.001,7.9
01/09/2026 07:06,14.75,0.001,7.9
01/09/2026 06:36,14.875,0.001,7.9
01/09/2026 06:06,14.75,0.001,7.9
01/09/2026 05:36,14.75,0.001,7.9
01/09/2026 05:06,14.625,0.001,7.9
01/09/2026 04:36,14.5,0.001,7.9
01/09/2026 04:06,15.625,0.001,7.9
01/09/2026 03:36,14.5,0.001,7.9
01/09/2026 03:06,14.5,0.001,7.9
01/09/2026 02:36,14.375,0.001,7.9
01/09/2026 02:06,14.25,0.001,7.9
01/09/2026 01:36,14.375,0.001,7.9
01/09/2026 01:06,14.25,0.001,7.9
01/09/2026 00:36,14,0.001,7.9
01/09/2026 00:06,13.875,0.001,7.9
31/08/2026 23:36,14,0.001,7.9
31/08/2026 23:06,14.625,0.001,7.89
31/08/2026 22:36,13.625,0.001,7.9
31/08/2026 22:06,13.375,0.001,7.9
31/08/2026 21:36,13.875,0.001,7.9
31/08/2026 21:06,14.625,0.001,7.9
31/08/2026 20:36,15.5,0.001,7.91
31/08/2026 20:06,16.25,0.001,7.91
31/08/2026 19:36,16.375,0.001,7.91
31/08/2026 19:06,16.25,0.001,7.91
31/08/2026 18:36,16.125,0.001,7.91
31/08/2026 18:06,16.125,0.001,7.91
31/08/2026 17:36,16.125,0.001,7.91
31/08/2026 17:06,16,0.001,7.91
31/08/2026 16:36,16,0.001,7.91
31/08/2026 16:06,15.75,0.001,7.91
31/08/2026 15:36,15.625,0.001,7.9
31/08/2026 15:06,15.375,0.001,7.9
31/08/2026 14:36,15.375,0.001,7.9
31/08/2026 14:06,15.375,0.001,7.9
31/08/2026 13:36,15.25,0.001,7.9
31/08/2026 13:06,15.125,0.001,7.9
31/08/2026 12:36,15,0.001,7.9
31/08/2026 12:06,15,0.001,7.9
31/08/2026 11:36,14.75,0.001,7.9
31/08/2026 11:06,14.875,0.001,7.9
31/08/2026 10:36,14.75,0.001,7.9
31/08/2026 10:06,14.625,0.001,7.9
31/08/2026 09:36,14.625,0.001,7.9
31/08/2026 09:06,14.625,0.001,7.9
31/08/2026 08:36,13.75,0.001,7.9
31/08/2026 08:06,14.625,0.001,7.9
31/08/2026 07:36,14.5,0.001,7.9
31/08/2026 07:06,14.625,0.001,7.9
31/08/2026 06:36,14.625,0.001,7.9
31/08/2026 06:06,14.625,0.001,7.9
31/08/2026 05:36,14.625,0.001,7.9
31/08/2026 05:06,14.625,0.001,7.9
31/08/2026 04:36,14.375,0.001,7.9
31/08/2026 04:06,14.375,0.001,7.9
31/08/2026 03:36,14.5,0.001,7.9
31/08/2026 03:06,14.5,0.001,7.9
31/08/2026 02:36,14.375,0.001,7.9
31/08/2026 02:06,14.375,0.001,7.9
31/08/2026 01:36,14.375,0.001,7.9
31/08/2026 01:06,14.25,0.001,7.9
31/08/2026 00:36,14.25,0.001,7.9
31/08/2026 00:06,14,0.001,7.9
30/08/2026 23:36,14,0.001,7.9
30/08/2026 23:06,13.875,0.001,7.9
30/08/2026 22:36,13.75,0.001,7.9
30/08/2026 22:06,12.75,0.001,7.89
30/08/2026 21:36,14.125,0.001,7.9
30/08/2026 21:06,13.75,0.001,7.9
30/08/2026 20:36,15.5,0.001,7.91
30/08/2026 20:06,16.375,0.001,7.91
30/08/2026 19:36,16.375,0.001,7.91
30/08/2026 19:06,16.25,0.001,7.91
30/08/2026 18:36,16.25,0.001,7.91
30/08/2026 18:06,16.25,0.001,7.91
30/08/2026 17:36,16.125,0.001,7.91
30/08/2026 17:06,16.125,0.001,7.91
30/08/2026 16:36,16,0.001,7.9
30/08/2026 16:06,15.875,0.001,7.9
30/08/2026 15:36,15.875,0.001,7.9
30/08/2026 15:06,15.875,0.001,7.9
30/08/2026 14:36,14.75,0.001,7.9
30/08/2026 14:06,15.625,0.001,7.9
30/08/2026 13:36,15.5,0.001,7.9
30/08/2026 13:06,15.375,0.001,7.89
30/08/2026 12:36,15.125,0.001,7.89
30/08/2026 12:06,15.25,0.001,7.89
30/08/2026 11:36,15,0.001,7.9
30/08/2026 11:06,15.125,0.001,7.89
30/08/2026 10:36,15,0.001,7.89
30/08/2026 10:06,15,0.001,7.89
30/08/2026 09:36,14.875,0.001,7.89
30/08/2026 09:06,14.75,0.001,7.89
30/08/2026 08:36,14.875,0.001,7.89
30/08/2026 08:06,14.875,0.001,7.89
30/08/2026 07:36,14.75,0.001,7.89
30/08/2026 07:06,14.75,0.001,7.89
30/08/2026 06:36,14.625,0.001,7.89
30/08/2026 06:06,14.5,0.001,7.89
30/08/2026 05:36,14.625,0.001,7.89
30/08/2026 05:06,14.5,0.001,7.89
30/08/2026 04:36,14.5,0.001,7.89
30/08/2026 04:06,14.375,0.001,7.89
30/08/2026 03:36,14.375,0.001,7.89
30/08/2026 03:06,14.5,0.001,7.89
30/08/2026 02:36,14.375,0.001,7.89
30/08/2026 02:06,14.375,0.001,7.89
30/08/2026 01:36,14.375,0.001,7.89
30/08/2026 01:06,14.125,0.001,7.89
30/08/2026 00:36,14.25,0.001,7.89
30/08/2026 00:06,14,0.001,7.89
29/08/2026 23:36,14,0.001,7.89
29/08/2026 23:06,13.875,0.001,7.88
29/08/2026 22:36,13.75,0.001,7.88
29/08/2026 22:06,14.625,0.001,7.88
29/08/2026 21:36,13.875,0.001,7.88
29/08/2026 21:06,14.625,0.001,7.89
29/08/2026 20:36,15.5,0.001,7.89
29/08/2026 20:06,16.25,0.001,7.9
29/08/2026 19:36,16.25,0.001,7.9
29/08/2026 19:06,16.25,0.001,7.9
29/08/2026 18:36,16.125,0.001,7.9
29/08/2026 18:06,16.125,0.001,7.89
29/08/2026 17:36,16.125,0.001,7.89
29/08/2026 17:06,16,0.001,7.89
29/08/2026 16:36,16,0.001,7.89
29/08/2026 16:06,15.75,0.001,7.89
29/08/2026 15:36,14.75,0.001,7.88
29/08/2026 15:06,15.5,0.001,7.88
29/08/2026 14:36,15.5,0.001,7.88
29/08/2026 14:06,15.375,0.001,7.88
29/08/2026 13:36,15.375,0.001,7.88
29/08/2026 13:06,15.25,0.001,7.88
29/08/2026 12:36,15.125,0.001,7.88
29/08/2026 12:06,14.75,0.001,7.88
29/08/2026 11:36,15,0.001,7.87
29/08/2026 11:06,14.75,0.001,7.87
29/08/2026 10:36,15.625,0.001,7.87
29/08/2026 10:06,14.75,0.001,7.87
29/08/2026 09:36,14.625,0.001,7.87
29/08/2026 09:06,13.75,0.001,7.87
29/08/2026 08:36,14.5,0.001,7.87
29/08/2026 08:06,14.625,0.001,7.87
29/08/2026 07:36,14.625,0.001,7.87
29/08/2026 07:06,14.625,0.001,7.87
29/08/2026 06:36,14.625,0.001,7.87
29/08/2026 06:06,14.75,0.001,7.87
29/08/2026 05:36,14.5,0.001,7.86
29/08/2026 05:06,14.5,0.001,7.86
29/08/2026 04:36,14.625,0.001,7.86
29/08/2026 04:06,14.5,0.001,7.86
29/08/2026 03:36,14.5,0.001,7.86
29/08/2026 03:06,14.625,0.001,7.86
29/08/2026 02:36,14.375,0.001,7.86
29/08/2026 02:06,14.5,0.001,7.86
29/08/2026 01:36,14.375,0.001,7.86
29/08/2026 01:06,14.375,0.001,7.86
29/08/2026 00:36,14.375,0.001,7.86
29/08/2026 00:06,14.125,0.001,7.86
28/08/2026 23:36,14,0.001,7.86
28/08/2026 23:06,14,0.001,7.86
28/08/2026 22:36,13.875,0.001,7.86
28/08/2026 22:06,13.75,0.001,7.86
28/08/2026 21:36,14.625,0.001,7.86
28/08/2026 21:06,14.375,0.001,7.87
28/08/2026 20:36,15.375,0.001,7.88
28/08/2026 20:06,16.125,0.001,7.89
28/08/2026 19:36,16.125,0.001,7.89
28/08/2026 19:06,16.125,0.001,7.9
28/08/2026 18:36,16.125,0.001,7.9
28/08/2026 18:06,16,0.001,7.91
28/08/2026 17:36,16.125,0.001,7.92
28/08/2026 17:06,16,0.001,7.92
28/08/2026 16:36,16,0.001,7.91
28/08/2026 16:06,15.875,0.001,7.91
28/08/2026 15:36,16,0.001,7.91
28/08/2026 15:06,15.875,0.001,7.91
28/08/2026 14:36,15.875,0.001,7.91
28/08/2026 14:06,15.75,0.001,7.91
28/08/2026 13:36,16.625,0.001,7.91
28/08/2026 13:06,16.5,0.001,7.91
28/08/2026 12:36,15.375,0.001,7.91
28/08/2026 12:06,15.5,0.001,7.91
28/08/2026 11:36,15.5,0.001,7.91
28/08/2026 11:06,15.375,0.001,7.91
28/08/2026 10:36,15.375,0.001,7.91
28/08/2026 10:06,15.375,0.001,7.91
28/08/2026 09:36,15.375,0.001,7.91
28/08/2026 09:06,15.375,0.001,7.91
28/08/2026 08:36,15.25,0.001,7.91
28/08/2026 08:06,15.375,0.001,7.9
28/08/2026 07:36,15.375,0.001,7.91
28/08/2026 07:06,15.375,0.001,7.91
28/08/2026 06:36,15.5,0.001,7.91
28/08/2026 06:06,15.5,0.001,7.91
28/08/2026 05:36,15.5,0.001,7.91
28/08/2026 05:06,15.625,0.001,7.91
28/08/2026 04:36,15.5,0.001,7.9
28/08/2026 04:06,15.625,0.001,7.9
28/08/2026 03:36,15.5,0.001,7.91
28/08/2026 03:06,15.5,0.001,7.91
28/08/2026 02:36,15.5,0.001,7.9
28/08/2026 02:06,15.75,0.001,7.91
28/08/2026 01:36,15.75,0.001,7.91
28/08/2026 01:06,15.875,0.001,7.9
28/08/2026 00:36,15.75,0.001,7.91
28/08/2026 00:06,16,0.001,7.9
27/08/2026 23:36,15.875,0.001,7.9
27/08/2026 23:06,15.75,0.001,7.91
27/08/2026 22:36,15.75,0.001,7.91
27/08/2026 22:06,15.875,0.001,7.9
27/08/2026 21:36,16.125,0.001,7.9
27/08/2026 21:06,16,0.001,7.9
27/08/2026 20:36,16,0.001,7.9
27/08/2026 20:06,16,0.001,7.9
27/08/2026 19:36,16,0.001,7.9
27/08/2026 19:06,16.125,0.001,7.9
27/08/2026 18:36,15.875,0.001,7.9
27/08/2026 18:06,16,0.001,7.9
27/08/2026 17:36,15.875,0.001,7.9
27/08/2026 17:06,15.75,0.001,7.89
27/08/2026 16:36,15.75,0.001,7.89
27/08/2026 16:06,14.75,0.001,7.89
27/08/2026 15:36,16.625,0.001,7.89
27/08/2026 15:06,15.625,0.001,7.89
27/08/2026 14:36,15.375,0.001,7.89
27/08/2026 14:06,15.625,0.001,7.89
27/08/2026 13:36,15.5,0.001,7.89
27/08/2026 13:06,15.25,0.001,7.89
27/08/2026 12:36,15.625,0.001,7.89
27/08/2026 12:06,15.25,0.001,7.89
27/08/2026 11:36,15.375,0.001,7.88
27/08/2026 11:06,15.25,0.001,7.88
27/08/2026 10:36,15.25,0.001,7.88
27/08/2026 10:06,15.25,0.001,7.88
27/08/2026 09:36,15.125,0.001,7.88
27/08/2026 09:06,15.125,0.001,7.88
27/08/2026 08:36,14.875,0.001,7.88
27/08/2026 08:06,15,0.001,7.88
27/08/2026 07:36,14.875,0.001,7.88
27/08/2026 07:06,15,0.001,7.88
27/08/2026 06:36,14.75,0.001,7.87
27/08/2026 06:06,13.75,0.001,7.88
27/08/2026 05:36,14.625,0.001,7.87
27/08/2026 05:06,14.625,0.001,7.87
27/08/2026 04:36,14.5,0.001,7.87
27/08/2026 04:06,14.5,0.001,7.87
27/08/2026 03:36,14.5,0.001,7.87
27/08/2026 03:06,14.375,0.001,7.87
27/08/2026 02:36,14.375,0.001,7.87
27/08/2026 02:06,14.25,0.001,7.87
27/08/2026 01:36,14.375,0.001,7.86
27/08/2026 01:06,14,0.001,7.86
27/08/2026 00:36,14,0.001,7.86
27/08/2026 00:06,14,0.001,7.86
26/08/2026 23:36,13.75,0.001,7.86
26/08/2026 23:06,13.75,0.001,7.86
26/08/2026 22:36,13.375,0.001,7.85
26/08/2026 22:06,13.75,0.001,7.86
26/08/2026 21:36,14.375,0.001,7.86
26/08/2026 21:06,15.125,0.001,7.86
26/08/2026 20:36,16,0.001,7.87
26/08/2026 20:06,16.625,0.001,7.87
26/08/2026 19:36,16.625,0.001,7.87
26/08/2026 19:06,16.625,0.001,7.86
26/08/2026 18:36,16.5,0.001,7.86
26/08/2026 18:06,16.5,0.001,7.86
26/08/2026 17:36,16.375,0.001,7.86
26/08/2026 17:06,16.375,0.001,7.85
26/08/2026 16:36,16.25,0.001,7.85
26/08/2026 16:06,16.25,0.001,7.85
26/08/2026 15:36,16.125,0.001,7.84
26/08/2026 15:06,16,0.001,7.84
26/08/2026 14:36,15.875,0.001,7.84
26/08/2026 14:06,16,0.001,7.84
26/08/2026 13:36,15.875,0.001,7.84
26/08/2026 13:06,15.625,0.001,7.84
26/08/2026 12:36,15.875,0.001,7.84
26/08/2026 12:06,15.75,0.001,7.85
26/08/2026 11:36,15.625,0.001,7.86
26/08/2026 11:06,15.5,0.001,7.86
26/08/2026 10:36,15.5,0.001,7.87
26/08/2026 10:06,15.375,0.001,7.87
26/08/2026 09:36,15.25,0.001,7.87
26/08/2026 09:06,14.875,0.001,7.87
26/08/2026 08:36,15,0.001,7.87
26/08/2026 08:06,14.875,0.001,7.86
26/08/2026 07:36,15.625,0.001,7.86
26/08/2026 07:06,14.75,0.001,7.86
26/08/2026 06:36,13.75,0.001,7.86
26/08/2026 06:06,13.75,0.001,7.86
26/08/2026 05:36,14.625,0.001,7.85
26/08/2026 05:06,14.5,0.001,7.85
26/08/2026 04:36,14.625,0.002,7.85
26/08/2026 04:06,14.5,0.002,7.85
26/08/2026 03:36,14.375,0.002,7.85
26/08/2026 03:06,14.5,0.001,7.84
26/08/2026 02:36,14.375,0.002,7.84
26/08/2026 02:06,14.25,0.001,7.84
26/08/2026 01:36,14.125,0.001,7.84
26/08/2026 01:06,13.875,0.001,7.83
26/08/2026 00:36,13.875,0.001,7.83
26/08/2026 00:06,14,0.001,7.83
25/08/2026 23:36,14.625,0.001,7.83
25/08/2026 23:06,13.5,0.001,7.83
25/08/2026 22:36,13.375,0.001,7.83
25/08/2026 22:06,13.75,0.001,7.83
25/08/2026 21:36,14.375,0.001,7.83
25/08/2026 21:06,15.25,0.001,7.84
25/08/2026 20:36,15.875,0.001,7.84
25/08/2026 20:06,16.5,0.001,7.84
25/08/2026 19:36,16.5,0.001,7.84
25/08/2026 19:06,16.5,0.001,7.84
25/08/2026 18:36,16.375,0.001,7.84
25/08/2026 18:06,16.5,0.001,7.83
25/08/2026 17:36,16.375,0.001,7.83
25/08/2026 17:06,16.375,0.001,7.83
25/08/2026 16:36,16.25,0.001,7.83
25/08/2026 16:06,16.125,0.001,7.83
25/08/2026 15:36,16.125,0.001,7.83
25/08/2026 15:06,16,0.001,7.83
25/08/2026 14:36,16.125,0.001,7.83
25/08/2026 14:06,15.75,0.001,7.84
25/08/2026 13:36,15.75,0.001,7.85
25/08/2026 13:06,14.875,0.001,7.86
25/08/2026 12:36,15.625,0.001,7.85
25/08/2026 12:06,15.5,0.001,7.85
25/08/2026 11:36,15.625,0.001,7.86
25/08/2026 11:06,15.375,0.001,7.86
25/08/2026 10:36,15.125,0.001,7.86
25/08/2026 10:06,15.125,0.001,7.86
25/08/2026 09:36,15.125,0.001,7.86
25/08/2026 09:06,15.125,0.001,7.87
25/08/2026 08:36,15.125,0.001,7.86
25/08/2026 08:06,15,0.001,7.86
25/08/2026 07:36,15,0.001,7.86
25/08/2026 07:06,15,0.001,7.86
25/08/2026 06:36,14.875,0.001,7.86
25/08/2026 06:06,14.875,0.001,7.86
25/08/2026 05:36,14.75,0.001,7.86
25/08/2026 05:06,14.75,0.001,7.86
25/08/2026 04:36,14.75,0.001,7.86
25/08/2026 04:06,14.625,0.001,7.85
25/08/2026 03:36,14.5,0.001,7.86
25/08/2026 03:06,14.5,0.001,7.85
25/08/2026 02:36,14.625,0.001,7.86
25/08/2026 02:06,14.375,0.001,7.85
25/08/2026 01:36,14.375,0.001,7.85
25/08/2026 01:06,14.25,0.001,7.85
25/08/2026 00:36,14.25,0.001,7.85
25/08/2026 00:06,14,0.001,7.85
24/08/2026 23:36,13.875,0.001,7.85
24/08/2026 23:06,13.875,0.001,7.84
24/08/2026 22:36,14.625,0.001,7.84
24/08/2026 22:06,14.625,0.001,7.84
24/08/2026 21:36,14.375,0.001,7.85
24/08/2026 21:06,15.125,0.001,7.85
24/08/2026 20:36,16,0.001,7.85
24/08/2026 20:06,16.5,0.001,7.86
24/08/2026 19:36,16.5,0.001,7.86
24/08/2026 19:06,16.5,0.001,7.86
24/08/2026 18:36,16.5,0.001,7.86
24/08/2026 18:06,16.5,0.001,7.85
24/08/2026 17:36,16.375,0.001,7.85
24/08/2026 17:06,16.25,0.001,7.85
24/08/2026 16:36,16.125,0.001,7.85
24/08/2026 16:06,16.125,0.001,7.85
24/08/2026 15:36,16,0.001,7.85
24/08/2026 15:06,15.875,0.001,7.85
24/08/2026 14:36,15.75,0.001,7.86
24/08/2026 14:06,15.75,0.001,7.87
24/08/2026 13:36,15.5,0.001,7.87
24/08/2026 13:06,14.75,0.001,7.87
24/08/2026 12:36,15.625,0.001,7.88
24/08/2026 12:06,15.375,0.001,7.89
24/08/2026 11:36,15.375,0.001,7.89
24/08/2026 11:06,15.375,0.001,7.89
24/08/2026 10:36,15.125,0.001,7.89
24/08/2026 10:06,15.25,0.001,7.89
24/08/2026 09:36,15,0.001,7.89
24/08/2026 09:06,15,0.001,7.89
24/08/2026 08:36,15.625,0.001,7.89
24/08/2026 08:06,13.75,0.001,7.89
24/08/2026 07:36,14.5,0.001,7.89
24/08/2026 07:06,14.375,0.001,7.89
24/08/2026 06:36,14.625,0.001,7.89
24/08/2026 06:06,14.5,0.001,7.89
24/08/2026 05:36,14.375,0.001,7.89
24/08/2026 05:06,14.375,0.001,7.89
24/08/2026 04:36,14.375,0.001,7.89
24/08/2026 04:06,14.375,0.001,7.89
24/08/2026 03:36,14.375,0.001,7.89
24/08/2026 03:06,14.25,0.001,7.89
24/08/2026 02:36,14.125,0.001,7.88
24/08/2026 02:06,14.25,0.001,7.89
24/08/2026 01:36,14,0.001,7.88
24/08/2026 01:06,13.875,0.001,7.88
24/08/2026 00:36,13.875,0.001,7.88
24/08/2026 00:06,13.75,0.001,7.88
23/08/2026 23:36,12.75,0.001,7.88
23/08/2026 23:06,13.5,0.001,7.88
23/08/2026 22:36,13.5,0.001,7.88
23/08/2026 22:06,13.5,0.001,7.88
23/08/2026 21:36,14.125,0.001,7.89
23/08/2026 21:06,14.875,0.001,7.89
23/08/2026 20:36,15.5,0.001,7.9
23/08/2026 20:06,16.25,0.001,7.9
23/08/2026 19:36,16.25,0.002,7.9
23/08/2026 19:06,16.375,0.001,7.9
23/08/2026 18:36,16.25,0.001,7.9
23/08/2026 18:06,16.25,0.001,7.9
23/08/2026 17:36,16.125,0.001,7.89
23/08/2026 17:06,16.125,0.001,7.9
23/08/2026 16:36,16.125,0.001,7.89
23/08/2026 16:06,15.875,0.001,7.89
23/08/2026 15:36,15.875,0.001,7.89
23/08/2026 15:06,15.75,0.001,7.89
23/08/2026 14:36,14.75,0.001,7.89
23/08/2026 14:06,15.625,0.001,7.89
23/08/2026 13:36,15.875,0.001,7.89
23/08/2026 13:06,14.75,0.001,7.88
23/08/2026 12:36,16.5,0.001,7.88
23/08/2026 12:06,15.5,0.001,7.88
23/08/2026 11:36,15.375,0.001,7.88
23/08/2026 11:06,15.25,0.001,7.88
23/08/2026 10:36,15.25,0.001,7.88
23/08/2026 10:06,15.125,0.001,7.87
23/08/2026 09:36,15,0.001,7.87
23/08/2026 09:06,14.875,0.001,7.87
23/08/2026 08:36,14.75,0.001,7.87
23/08/2026 08:06,14.75,0.001,7.87
23/08/2026 07:36,14.875,0.001,7.87
23/08/2026 07:06,14.875,0.001,7.87
23/08/2026 06:36,14.875,0.001,7.87
23/08/2026 06:06,14.75,0.001,7.87
23/08/2026 05:36,15.625,0.001,7.87
23/08/2026 05:06,14.75,0.001,7.87
23/08/2026 04:36,14.625,0.001,7.86
23/08/2026 04:06,14.625,0.001,7.86
23/08/2026 03:36,14.5,0.001,7.86
23/08/2026 03:06,14.625,0.001,7.86
23/08/2026 02:36,14.5,0.001,7.86
23/08/2026 02:06,14.375,0.001,7.86
23/08/2026 01:36,14.5,0.001,7.86
23/08/2026 01:06,14.25,0.001,7.86
23/08/2026 00:36,14.25,0.001,7.86
23/08/2026 00:06,14.125,0.001,7.85
22/08/2026 23:36,14,0.001,7.85
22/08/2026 23:06,13.875,0.001,7.85
22/08/2026 22:36,13.625,0.001,7.85
22/08/2026 22:06,13.875,0.001,7.85
22/08/2026 21:36,14.5,0.001,7.85
22/08/2026 21:06,15.25,0.001,7.86
22/08/2026 20:36,16,0.001,7.86
22/08/2026 20:06,16.5,0.001,7.86
22/08/2026 19:36,16.5,0.001,7.86
22/08/2026 19:06,16.5,0.001,7.86
22/08/2026 18:36,16.5,0.001,7.85
22/08/2026 18:06,16.5,0.001,7.85
22/08/2026 17:36,16.375,0.001,7.85
22/08/2026 17:06,16.5,0.001,7.85
22/08/2026 16:36,16.25,0.001,7.85
22/08/2026 16:06,16.25,0.001,7.84
22/08/2026 15:36,16,0.001,7.84
22/08/2026 15:06,16,0.001,7.84
22/08/2026 14:36,16,0.001,7.83
22/08/2026 14:06,15.75,0.001,7.83
22/08/2026 13:36,15.625,0.001,7.83
22/08/2026 13:06,15.625,0.001,7.82
22/08/2026 12:36,14.75,0.001,7.82
22/08/2026 12:06,15.5,0.001,7.82
22/08/2026 11:36,15.625,0.001,7.82
22/08/2026 11:06,15.5,0.001,7.82
22/08/2026 10:36,15.25,0.001,7.81
22/08/2026 10:06,15.25,0.001,7.81
22/08/2026 09:36,15.125,0.001,7.81
22/08/2026 09:06,15,0.001,7.8
22/08/2026 08:36,15,0.001,7.8
22/08/2026 08:06,15,0.001,7.8
22/08/2026 07:36,15,0.001,7.8
22/08/2026 07:06,15,0.001,7.79
22/08/2026 06:36,15.625,0.001,7.79
22/08/2026 06:06,15.625,0.001,7.79
22/08/2026 05:36,13.75,0.001,7.79
22/08/2026 05:06,14.75,0.001,7.79
22/08/2026 04:36,13.75,0.001,7.78
22/08/2026 04:06,14.75,0.001,7.78
22/08/2026 03:36,14.625,0.001,7.77
22/08/2026 03:06,14.625,0.001,7.77
22/08/2026 02:36,14.625,0.001,7.77
22/08/2026 02:06,14.625,0.001,7.76
22/08/2026 01:36,14.375,0.001,7.76
22/08/2026 01:06,14.5,0.001,7.76
22/08/2026 00:36,14.25,0.001,7.75
22/08/2026 00:06,14.125,0.001,7.74
21/08/2026 23:36,14,0.001,7.74
21/08/2026 23:06,13.875,0.001,7.74
21/08/2026 22:36,13.75,0.001,7.73
21/08/2026 22:06,14.25,0.001,7.73
21/08/2026 21:36,15.125,0.001,7.73
21/08/2026 21:06,14.75,0.001,7.73
21/08/2026 20:36,16.25,0.001,7.73
21/08/2026 20:06,16.875,0.002,7.73
21/08/2026 19:36,17.125,0.002,7.73
21/08/2026 19:06,16.875,0.001,7.73
21/08/2026 18:36,17,0.002,7.72
21/08/2026 18:06,17,0.001,7.72
21/08/2026 17:36,16.875,0.001,7.71
21/08/2026 17:06,16.875,0.001,7.71
21/08/2026 16:36,17.625,0.001,7.71
21/08/2026 16:06,16.625,0.001,7.71
21/08/2026 15:36,16.5,0.001,7.72
21/08/2026 15:06,16.5,0.001,7.73
21/08/2026 14:36,16.375,0.001,7.74
21/08/2026 14:06,16.375,0.001,7.75
21/08/2026 13:36,16.25,0.001,7.76
21/08/2026 13:06,16.25,0.001,7.76
21/08/2026 12:36,16.125,0.001,7.77
21/08/2026 12:06,15.75,0.001,7.79
21/08/2026 11:36,15.75,0.001,7.81
21/08/2026 11:06,15.875,0.001,7.84
21/08/2026 10:36,15.625,0.001,7.86
21/08/2026 10:06,15.625,0.001,7.87
21/08/2026 09:36,15.5,0.001,7.88
21/08/2026 09:06,15.5,0.001,7.88
21/08/2026 08:36,15.375,0.001,7.88
21/08/2026 08:06,15.375,0.001,7.88
21/08/2026 07:36,15.5,0.001,7.88
21/08/2026 07:06,15.375,0.001,7.87
21/08/2026 06:36,15.375,0.001,7.87
21/08/2026 06:06,15.25,0.001,7.87
21/08/2026 05:36,15.25,0.001,7.87
21/08/2026 05:06,15.125,0.001,7.87
21/08/2026 04:36,15.125,0.001,7.87
21/08/2026 04:06,15.125,0.001,7.87
21/08/2026 03:36,15.125,0.001,7.87
21/08/2026 03:06,15.125,0.001,7.87
21/08/2026 02:36,15.125,0.001,7.87
21/08/2026 02:06,15.125,0.001,7.86
21/08/2026 01:36,14.75,0.001,7.86
21/08/2026 01:06,14.75,0.001,7.86
21/08/2026 00:36,14.5,0.001,7.86
21/08/2026 00:06,14.5,0.001,7.86
20/08/2026 23:36,14.5,0.001,7.85
20/08/2026 23:06,14.125,0.001,7.85
20/08/2026 22:36,14,0.001,7.85
20/08/2026 22:06,14.625,0.001,7.86
20/08/2026 21:36,15.25,0.001,7.86
20/08/2026 21:06,16,0.001,7.87
20/08/2026 20:36,17.625,0.001,7.87
20/08/2026 20:06,17.375,0.002,7.88
20/08/2026 19:36,17.375,0.002,7.88
20/08/2026 19:06,17.25,0.002,7.87
20/08/2026 18:36,17.25,0.002,7.88
20/08/2026 18:06,17.375,0.002,7.88
20/08/2026 17:36,17.25,0.002,7.89
20/08/2026 17:06,17,0.002,7.89
20/08/2026 16:36,17.125,0.002,7.89
20/08/2026 16:06,17,0.002,7.89
20/08/2026 15:36,16.75,0.002,7.89
20/08/2026 15:06,16.875,0.002,7.88
20/08/2026 14:36,16.75,0.002,7.88
20/08/2026 14:06,16.5,0.002,7.88
20/08/2026 13:36,16.5,0.002,7.88
20/08/2026 13:06,16.5,0.002,7.87
20/08/2026 12:36,16.375,0.002,7.87
20/08/2026 12:06,16.375,0.002,7.87
20/08/2026 11:36,16.125,0.001,7.87
20/08/2026 11:06,16.125,0.001,7.87
20/08/2026 10:36,15.875,0.001,7.87
20/08/2026 10:06,15.75,0.001,7.87
20/08/2026 09:36,15.5,0.001,7.88
20/08/2026 09:06,15.5,0.001,7.89
20/08/2026 08:36,15.5,0.001,7.89
20/08/2026 08:06,15.375,0.001,7.88
20/08/2026 07:36,15.375,0.001,7.89
20/08/2026 07:06,15.5,0.001,7.88
20/08/2026 06:36,15.25,0.001,7.88
20/08/2026 06:06,15.125,0.001,7.88
20/08/2026 05:36,15.125,0.001,7.88
20/08/2026 05:06,15,0.001,7.88
20/08/2026 04:36,15.125,0.001,7.88
20/08/2026 04:06,15,0.001,7.88
20/08/2026 03:36,15,0.001,7.88
20/08/2026 03:06,15,0.001,7.88
20/08/2026 02:36,14.875,0.001,7.88
20/08/2026 02:06,13.75,0.001,7.87
20/08/2026 01:36,14.5,0.001,7.87
20/08/2026 01:06,14.625,0.001,7.87
20/08/2026 00:36,14.375,0.001,7.87
20/08/2026 00:06,14.375,0.001,7.86
19/08/2026 23:36,14.125,0.001,7.86
19/08/2026 23:06,14,0.001,7.86
19/08/2026 22:36,13.875,0.001,7.86
19/08/2026 22:06,14.375,0.001,7.86
19/08/2026 21:36,15,0.001,7.86
19/08/2026 21:06,16.625,0.001,7.87
19/08/2026 20:36,16.375,0.002,7.87
19/08/2026 20:06,17,0.002,7.88
19/08/2026 19:36,17,0.002,7.87
19/08/2026 19:06,17,0.002,7.87
19/08/2026 18:36,16.875,0.002,7.86
19/08/2026 18:06,17,0.002,7.86
19/08/2026 17:36,17,0.002,7.86
19/08/2026 17:06,16.875,0.002,7.85
19/08/2026 16:36,16.75,0.002,7.85
19/08/2026 16:06,16.625,0.002,7.85
19/08/2026 15:36,16.5,0.002,7.85
19/08/2026 15:06,16.5,0.002,7.84
19/08/2026 14:36,16.25,0.002,7.84
19/08/2026 14:06,16.375,0.002,7.84
19/08/2026 13:36,16.25,0.002,7.83
19/08/2026 13:06,16.125,0.002,7.83
19/08/2026 12:36,16.125,0.002,7.83
19/08/2026 12:06,16,0.002,7.83
19/08/2026 11:36,15.875,0.002,7.83
19/08/2026 11:06,16.625,0.002,7.83
19/08/2026 10:36,16.625,0.001,7.84
19/08/2026 10:06,15.5,0.002,7.85
19/08/2026 09:36,15.625,0.001,7.86
19/08/2026 09:06,15.5,0.001,7.86
19/08/2026 08:36,15.25,0.001,7.86
19/08/2026 08:06,15.25,0.001,7.86
19/08/2026 07:36,15.375,0.001,7.85
19/08/2026 07:06,15.25,0.001,7.85
19/08/2026 06:36,15.25,0.001,7.85
19/08/2026 06:06,15.125,0.001,7.84
19/08/2026 05:36,15.125,0.001,7.84
19/08/2026 05:06,15.125,0.001,7.84
19/08/2026 04:36,15.125,0.001,7.83
19/08/2026 04:06,14.875,0.001,7.82
19/08/2026 03:36,15,0.001,7.82
19/08/2026 03:06,15,0.001,7.81
19/08/2026 02:36,14.875,0.001,7.81
19/08/2026 02:06,14.625,0.001,7.81
19/08/2026 01:36,13.75,0.001,7.81
19/08/2026 01:06,14.625,0.001,7.8
19/08/2026 00:36,14.375,0.001,7.8
19/08/2026 00:06,14.5,0.001,7.8
18/08/2026 23:36,14.375,0.001,7.79
18/08/2026 23:06,14.25,0.001,7.78
18/08/2026 22:36,13.875,0.001,7.78
18/08/2026 22:06,14.5,0.001,7.78
18/08/2026 21:36,15.25,0.001,7.78
18/08/2026 21:06,15.875,0.002,7.78
18/08/2026 20:36,16.375,0.002,7.78
18/08/2026 20:06,17.125,0.002,7.78
18/08/2026 19:36,17,0.002,7.77
18/08/2026 19:06,17,0.002,7.77
18/08/2026 18:36,17,0.002,7.76
18/08/2026 18:06,17,0.002,7.75
18/08/2026 17:36,16.875,0.002,7.75
18/08/2026 17:06,16.875,0.002,7.74
18/08/2026 16:36,16.75,0.002,7.74
18/08/2026 16:06,16.625,0.002,7.74
18/08/2026 15:36,16.5,0.002,7.74
18/08/2026 15:06,16.25,0.002,7.74
18/08/2026 14:36,16.25,0.002,7.76
18/08/2026 14:06,16.125,0.002,7.77
18/08/2026 13:36,16.125,0.002,7.79
18/08/2026 13:06,16.125,0.002,7.82
18/08/2026 12:36,15.875,0.002,7.85
18/08/2026 12:06,15.75,0.002,7.88
18/08/2026 11:36,15.5,0.002,7.88
18/08/2026 11:06,15.625,0.002,7.88
18/08/2026 10:36,15.5,0.002,7.88
18/08/2026 10:06,15.375,0.002,7.88
18/08/2026 09:36,15.25,0.002,7.88
18/08/2026 09:06,15.25,0.002,7.87
18/08/2026 08:36,15.25,0.002,7.87
18/08/2026 08:06,15,0.002,7.87
18/08/2026 07:36,15.125,0.002,7.87
18/08/2026 07:06,15,0.002,7.87
18/08/2026 06:36,14.875,0.001,7.87
18/08/2026 06:06,14.75,0.002,7.86
18/08/2026 05:36,14.75,0.002,7.86
18/08/2026 05:06,13.75,0.001,7.86
18/08/2026 04:36,14.5,0.001,7.85
18/08/2026 04:06,14.375,0.001,7.85
18/08/2026 03:36,14.375,0.001,7.85
18/08/2026 03:06,14.375,0.001,7.84
18/08/2026 02:36,14.375,0.001,7.84
18/08/2026 02:06,14.125,0.001,7.84
18/08/2026 01:36,14.125,0.001,7.84
18/08/2026 01:06,13.875,0.001,7.84
18/08/2026 00:36,13.875,0.001,7.84
18/08/2026 00:06,13.75,0.001,7.83
17/08/2026 23:36,14.625,0.001,7.83
17/08/2026 23:06,13.5,0.001,7.83
17/08/2026 22:36,13.375,0.001,7.83
17/08/2026 22:06,13.875,0.001,7.83
17/08/2026 21:36,14.625,0.001,7.83
17/08/2026 21:06,15.25,0.001,7.83
17/08/2026 20:36,16.125,0.002,7.83
17/08/2026 20:06,15.75,0.002,7.84
17/08/2026 19:36,17.625,0.002,7.83
17/08/2026 19:06,15.75,0.002,7.84
17/08/2026 18:36,16.625,0.002,7.83
17/08/2026 18:06,16.625,0.002,7.83
17/08/2026 17:36,16.5,0.002,7.83
17/08/2026 17:06,16.375,0.002,7.83
17/08/2026 16:36,16.375,0.002,7.83
17/08/2026 16:06,16.25,0.002,7.83
17/08/2026 15:36,16.25,0.002,7.83
17/08/2026 15:06,16.25,0.002,7.84
17/08/2026 14:36,16,0.002,7.84
17/08/2026 14:06,16.125,0.002,7.86
17/08/2026 13:36,16,0.002,7.87
17/08/2026 13:06,15.875,0.002,7.89
17/08/2026 12:36,15.75,0.002,7.91
17/08/2026 12:06,15.625,0.002,7.93
17/08/2026 12:03,15.625,0.002,7.93
17/08/2026 12:02,15.25,0.002,7.93
17/08/2026 12:02,15.25,0.002,8.6
17/08/2026 11:36,15.5,0.002,7.93
17/08/2026 11:06,15.5,0.002,7.93
17/08/2026 10:36,15.5,0.002,7.93
17/08/2026 10:06,15.5,0.002,7.93
17/08/2026 09:36,15.25,0.002,7.93
17/08/2026 09:06,15.25,0.002,7.93
17/08/2026 08:36,15.125,0.002,7.94
17/08/2026 08:06,15.25,0.002,7.93
17/08/2026 07:36,15.125,0.002,7.93
17/08/2026 07:06,15,0.002,7.93
17/08/2026 06:36,15.125,0.002,7.93
17/08/2026 06:06,15,0.002,7.93
17/08/2026 05:36,14.75,0.002,7.93
17/08/2026 05:06,15.625,0.002,7.93
17/08/2026 04:36,14.625,0.002,7.93
17/08/2026 04:32,14.75,0.002,7.93
17/08/2026 03:36,14.625,0.002,7.93
17/08/2026 03:06,14.5,0.002,7.93
17/08/2026 02:36,14.625,0.002,7.93
17/08/2026 02:06,14.375,0.002,7.93
17/08/2026 01:36,14.25,0.001,7.93
17/08/2026 01:06,14.25,0.002,7.92
17/08/2026 00:36,14.125,0.001,7.93
17/08/2026 00:06,14,0.001,7.92
16/08/2026 23:36,13.875,0.001,7.92
16/08/2026 23:06,13.625,0.001,7.92
16/08/2026 22:36,13.625,0.001,7.92
16/08/2026 22:06,14,0.001,7.92
16/08/2026 21:36,14.625,0.001,7.92
16/08/2026 21:06,15.375,0.001,7.93
16/08/2026 20:36,16.125,0.001,7.92
16/08/2026 20:06,16.5,0.002,7.93
16/08/2026 19:36,16.625,0.001,7.93
16/08/2026 19:06,16.625,0.001,7.93
16/08/2026 18:36,16.5,0.001,7.93
16/08/2026 18:06,16.5,0.001,7.93
16/08/2026 17:36,16.5,0.001,7.93
16/08/2026 17:06,16.375,0.001,7.93
16/08/2026 16:36,16.375,0.001,7.93
16/08/2026 16:06,16.25,0.001,7.92
16/08/2026 15:36,16.125,0.001,7.92
16/08/2026 15:06,16,0.001,7.92
16/08/2026 14:36,16.125,0.001,7.92
16/08/2026 14:06,16,0.001,7.92
16/08/2026 13:36,15.875,0.001,7.92
16/08/2026 13:06,15.875,0.001,7.92
16/08/2026 12:36,15.625,0.001,7.92
16/08/2026 12:06,15.625,0.001,7.92
16/08/2026 11:36,15.625,0.001,7.91
16/08/2026 11:06,15.625,0.001,7.91
16/08/2026 10:36,15.375,0.001,7.91
16/08/2026 10:06,15.25,0.001,7.92
16/08/2026 09:36,15.125,0.001,7.91
16/08/2026 09:06,15.25,0.001,7.91
16/08/2026 08:36,15.125,0.001,7.91
16/08/2026 08:06,15,0.001,7.91
16/08/2026 07:36,15,0.001,7.91
16/08/2026 07:06,15,0.001,7.91
16/08/2026 06:36,15,0.001,7.91
16/08/2026 06:06,14.625,0.001,7.91
16/08/2026 05:36,13.75,0.001,7.91
16/08/2026 05:06,15.625,0.001,7.91
16/08/2026 04:36,15.5,0.001,7.91
16/08/2026 04:06,14.5,0.001,7.91
16/08/2026 03:36,14.5,0.001,7.91
16/08/2026 03:06,14.375,0.001,7.91
16/08/2026 02:36,14.25,0.001,7.9
16/08/2026 02:06,14.125,0.001,7.9
16/08/2026 01:36,14,0.001,7.9
16/08/2026 01:36,14,0.001,7.9
16/08/2026 01:06,14.125,0.001,7.9
16/08/2026 00:36,13.875,0.001,7.9
16/08/2026 00:06,13.75,0.001,7.9
15/08/2026 23:36,12.75,0.001,7.9
15/08/2026 23:06,13.5,0.001,7.9
15/08/2026 22:36,13.5,0.001,7.9
15/08/2026 22:06,14,0.001,7.9
15/08/2026 21:36,14.5,0.001,7.91
15/08/2026 21:06,15.25,0.001,7.91
15/08/2026 20:36,16,0.001,7.92
15/08/2026 20:06,16.625,0.002,7.92
15/08/2026 19:36,16.5,0.002,7.92
15/08/2026 19:06,16.625,0.002,7.92
15/08/2026 18:36,16.5,0.002,7.92
15/08/2026 18:06,16.5,0.002,7.92
15/08/2026 17:36,16.5,0.002,7.92
15/08/2026 17:06,16.375,0.002,7.92
15/08/2026 16:36,16.375,0.002,7.92
15/08/2026 16:06,16.25,0.002,7.92
15/08/2026 15:36,16.125,0.002,7.91
15/08/2026 15:06,16.125,0.002,7.91
15/08/2026 14:36,16.25,0.001,7.91
15/08/2026 14:06,16,0.001,7.91
15/08/2026 13:36,15.875,0.001,7.91
15/08/2026 13:06,15.875,0.001,7.91
15/08/2026 12:36,16.625,0.001,7.91
15/08/2026 12:06,15.625,0.001,7.91
15/08/2026 11:36,15.625,0.001,7.91
15/08/2026 11:06,15.5,0.001,7.91
15/08/2026 10:36,15.375,0.001,7.91
15/08/2026 10:06,15.25,0.001,7.91
15/08/2026 09:36,15.5,0.001,7.91
15/08/2026 09:06,15.25,0.001,7.91
15/08/2026 08:36,15.25,0.001,7.9
15/08/2026 08:06,15.25,0.001,7.91
15/08/2026 07:36,15.25,0.001,7.9
15/08/2026 07:06,15.125,0.002,7.9
15/08/2026 06:36,15.125,0.001,7.9
15/08/2026 06:36,15.125,0.001,7.9
15/08/2026 06:06,15.125,0.001,7.9
15/08/2026 05:36,15.125,0.001,7.9
15/08/2026 05:06,15,0.001,7.9
15/08/2026 04:36,15,0.001,7.9
15/08/2026 04:06,15,0.001,7.9
15/08/2026 03:36,14.875,0.001,7.9
15/08/2026 03:06,14.75,0.001,7.9
15/08/2026 02:36,14.625,0.001,7.9
15/08/2026 02:06,14.5,0.001,7.9
15/08/2026 01:36,14.625,0.001,7.9
15/08/2026 01:36,14.625,0.001,7.9
15/08/2026 01:06,14.5,0.001,7.9
15/08/2026 00:36,14.375,0.001,7.9
15/08/2026 00:36,14.375,0.001,7.9
15/08/2026 00:06,14.25,0.001,7.9
15/08/2026 00:06,14.25,0.001,7.9
14/08/2026 23:36,14,0.001,7.89
14/08/2026 23:06,13.875,0.001,7.89
14/08/2026 22:36,13.75,0.001,7.89
14/08/2026 22:06,14.375,0.001,7.89
14/08/2026 21:36,15.25,0.002,7.9
14/08/2026 21:06,15.875,0.002,7.9
14/08/2026 20:36,16.375,0.002,7.9
14/08/2026 20:06,16.875,0.002,7.91
14/08/2026 19:36,16.875,0.002,7.91
14/08/2026 19:06,16.875,0.002,7.91
14/08/2026 18:36,16.75,0.002,7.9
14/08/2026 18:06,16.875,0.002,7.9
14/08/2026 17:36,16.75,0.002,7.9
14/08/2026 17:06,17.625,0.002,7.9
14/08/2026 16:36,16.625,0.002,7.91
14/08/2026 16:06,16.5,0.002,7.91
14/08/2026 15:36,16.375,0.002,7.91
14/08/2026 15:06,16.375,0.002,7.91
14/08/2026 14:36,16.375,0.002,7.91
14/08/2026 14:06,16.125,0.002,7.9
14/08/2026 13:36,16,0.002,7.9
14/08/2026 13:06,16.125,0.002,7.9
14/08/2026 12:36,15.75,0.002,7.9
14/08/2026 12:06,15.875,0.002,7.89
14/08/2026 11:36,15.875,0.002,7.89
14/08/2026 11:06,15.75,0.002,7.89
14/08/2026 10:36,14.75,0.002,7.89
14/08/2026 10:06,15.625,0.002,7.89
14/08/2026 09:36,15.5,0.002,7.89
14/08/2026 09:06,15.5,0.002,7.89
14/08/2026 08:36,15.5,0.002,7.88
14/08/2026 08:06,15.375,0.002,7.88
14/08/2026 07:36,15.375,0.002,7.87
14/08/2026 07:06,15.375,0.002,7.87
14/08/2026 06:36,15.25,0.002,7.87
14/08/2026 06:06,15.375,0.002,7.87
14/08/2026 05:36,15.125,0.002,7.87
14/08/2026 05:06,15.25,0.002,7.87
14/08/2026 04:36,15.25,0.002,7.87
14/08/2026 04:06,15.25,0.002,7.87
14/08/2026 03:36,15.125,0.002,7.87
14/08/2026 03:06,15.125,0.002,7.87
14/08/2026 02:36,15,0.002,7.87
14/08/2026 02:06,14.875,0.002,7.86
14/08/2026 01:36,14.875,0.002,7.87
14/08/2026 01:06,14.75,0.002,7.86
14/08/2026 00:36,14.75,0.002,7.87
14/08/2026 00:06,14.5,0.002,7.86
13/08/2026 23:36,14.5,0.002,7.86
13/08/2026 23:06,14.5,0.002,7.86
13/08/2026 22:36,14.25,0.002,7.87
13/08/2026 22:06,14.625,0.002,7.87
13/08/2026 21:36,15.375,0.002,7.88
13/08/2026 21:06,16.125,0.002,7.88
13/08/2026 20:36,16.75,0.002,7.88
13/08/2026 20:06,17.375,0.002,7.87
13/08/2026 19:36,17.375,0.002,7.87
13/08/2026 19:06,17.375,0.002,7.88
13/08/2026 18:36,17.25,0.002,7.87
13/08/2026 18:06,17.375,0.002,7.86
13/08/2026 17:36,17.125,0.002,7.85
13/08/2026 17:06,17,0.002,7.82
13/08/2026 16:36,17,0.002,7.78
13/08/2026 16:06,16.875,0.002,7.72
13/08/2026 15:36,16.75,0.002,7.63
13/08/2026 15:14,16.75,0.002,7.53
13/08/2026 15:06,16.875,0.002,7.49
13/08/2026 14:36,15.75,0.002,7.24
13/08/2026 14:06,16.5,0.002,6.87
13/08/2026 13:36,16.625,0.002,6.44
13/08/2026 07:36,15.25,0.002,7.86
13/08/2026 07:06,15.125,0.002,7.86
13/08/2026 06:36,15.25,0.002,7.86
13/08/2026 06:06,15.375,0.002,7.85
13/08/2026 05:36,15.125,0.002,7.85
13/08/2026 05:06,15,0.002,7.85
13/08/2026 04:36,15.125,0.002,7.85
13/08/2026 04:06,15.125,0.002,7.85
13/08/2026 03:36,15,0.002,7.85
13/08/2026 03:36,15,0.002,7.85
13/08/2026 03:06,15,0.002,7.85
13/08/2026 02:36,13.875,0.002,7.85
13/08/2026 02:06,14.75,0.002,7.85
13/08/2026 01:36,14.5,0.002,7.85
13/08/2026 01:06,14.625,0.002,7.85
13/08/2026 00:36,14.375,0.002,7.85
13/08/2026 00:06,14.25,0.002,7.84
12/08/2026 23:36,14,0.002,7.84
12/08/2026 23:06,14,0.002,7.84
12/08/2026 22:36,13.875,0.002,7.84
12/08/2026 22:06,14.375,0.002,7.84
12/08/2026 21:36,15,0.002,7.85
12/08/2026 21:36,15,0.002,7.85
12/08/2026 21:06,15.625,0.002,7.85
12/08/2026 20:36,16.25,0.002,7.85
12/08/2026 20:06,16.75,0.002,7.85
12/08/2026 19:36,16.75,0.002,7.85
12/08/2026 19:06,16.875,0.002,7.85
12/08/2026 18:36,16.75,0.002,7.85
12/08/2026 18:06,17.5,0.002,7.84
12/08/2026 17:36,16.5,0.002,7.84
12/08/2026 17:06,16.5,0.002,7.84
12/08/2026 16:36,16.375,0.002,7.84
12/08/2026 16:06,16.25,0.002,7.83
12/08/2026 15:36,16.25,0.002,7.83
12/08/2026 15:06,16,0.002,7.83
12/08/2026 14:36,15.875,0.002,7.83
12/08/2026 14:06,14.875,0.002,7.82
12/08/2026 13:36,16.625,0.002,7.82
12/08/2026 13:06,15.625,0.002,7.82
12/08/2026 12:36,15.625,0.002,7.82
12/08/2026 12:06,15.375,0.002,7.82
12/08/2026 11:36,15.25,0.002,7.82
12/08/2026 11:06,15.125,0.002,7.82
12/08/2026 10:36,15.125,0.002,7.82
12/08/2026 10:06,15,0.002,7.82
12/08/2026 09:36,15,0.002,7.82
12/08/2026 09:06,15,0.002,7.82
12/08/2026 08:36,15,0.002,7.82
12/08/2026 08:06,13.75,0.002,7.82
12/08/2026 07:36,14.75,0.002,7.82
12/08/2026 07:06,14.75,0.002,7.82
12/08/2026 06:36,15.625,0.002,7.82
12/08/2026 06:06,14.625,0.002,7.82
12/08/2026 05:36,14.75,0.002,7.82
12/08/2026 05:06,14.5,0.002,7.81
12/08/2026 04:36,13.75,0.002,7.82
12/08/2026 04:06,14.625,0.002,7.81
12/08/2026 04:06,14.625,0.002,7.81
12/08/2026 03:36,14.625,0.002,7.81
12/08/2026 03:06,14.5,0.002,7.81
12/08/2026 02:36,14.375,0.002,7.81
12/08/2026 02:06,14.5,0.002,7.8
12/08/2026 01:36,14.25,0.002,7.8
12/08/2026 01:06,14.125,0.002,7.8
12/08/2026 00:36,14.125,0.002,7.8
12/08/2026 00:06,13.875,0.002,7.8
11/08/2026 23:36,13.75,0.002,7.79
11/08/2026 23:06,12.75,0.002,7.79
11/08/2026 22:36,13.5,0.002,7.79
11/08/2026 22:06,13.875,0.002,7.79
11/08/2026 21:36,14.5,0.002,7.8
11/08/2026 21:06,15.125,0.002,7.8
11/08/2026 20:36,15.875,0.002,7.8
11/08/2026 20:06,16.25,0.002,7.8
11/08/2026 19:36,16.25,0.002,7.8
11/08/2026 19:06,16.375,0.002,7.8
11/08/2026 18:36,16.25,0.002,7.8
11/08/2026 18:06,16.125,0.002,7.79
11/08/2026 18:06,16.125,0.002,7.79
11/08/2026 17:36,16.125,0.002,7.8
11/08/2026 17:06,16,0.002,7.79
11/08/2026 16:36,16,0.002,7.79
11/08/2026 16:06,15.75,0.002,7.8
11/08/2026 16:06,15.75,0.002,7.8
11/08/2026 15:36,16.625,0.002,7.8
11/08/2026 15:06,15.5,0.002,7.8
11/08/2026 14:36,15.5,0.002,7.8
11/08/2026 14:06,15.25,0.002,7.8
11/08/2026 13:36,15.125,0.002,7.8
11/08/2026 13:06,15,0.002,7.8
11/08/2026 12:36,15.125,0.002,7.79
11/08/2026 12:06,14.875,0.002,7.8
11/08/2026 11:36,13.75,0.002,7.79
11/08/2026 11:06,15.625,0.002,7.79
11/08/2026 10:36,14.625,0.002,7.79
11/08/2026 10:06,14.625,0.002,7.79
11/08/2026 09:36,14.5,0.002,7.79
11/08/2026 09:06,14.375,0.002,7.79
11/08/2026 08:36,14.375,0.002,7.78
11/08/2026 08:06,14.25,0.002,7.78
11/08/2026 07:36,14.25,0.002,7.78
11/08/2026 07:06,14.125,0.002,7.77
11/08/2026 06:36,14.25,0.002,7.77
11/08/2026 06:06,14.125,0.002,7.77
11/08/2026 05:36,14.125,0.002,7.76
11/08/2026 05:06,13.875,0.002,7.76
11/08/2026 04:36,14.25,0.002,7.76
11/08/2026 04:06,15.25,0.002,7.77
11/08/2026 03:36,16.125,0.002,7.76
11/08/2026 03:06,16,0.002,7.76
11/08/2026 02:36,16,0.002,7.76
11/08/2026 02:06,16.125,0.002,7.75
11/08/2026 01:36,16.125,0.002,7.75
11/08/2026 01:06,16,0.002,7.74
11/08/2026 00:36,16,0.002,7.74
11/08/2026 00:06,15.875,0.002,7.73
10/08/2026 23:36,16,0.002,7.73
10/08/2026 23:06,15.75,0.002,7.72
10/08/2026 22:36,15.875,0.001,7.72
10/08/2026 22:06,16.375,0.002,7.72
10/08/2026 21:36,16.875,0.001,7.72
10/08/2026 21:06,16.75,0.001,7.72
10/08/2026 20:36,18.5,0.002,7.72
10/08/2026 20:06,19.125,0.002,7.71
10/08/2026 19:36,19.25,0.002,7.7
10/08/2026 19:06,19.125,0.002,7.7
10/08/2026 18:36,19.375,0.002,7.69
10/08/2026 18:06,19.375,0.002,7.69
10/08/2026 17:36,19.375,0.002,7.68
10/08/2026 17:06,19.375,0.002,7.67
10/08/2026 16:36,19.375,0.002,7.67
10/08/2026 16:06,19.25,0.002,7.67
10/08/2026 15:36,19.375,0.002,7.67
10/08/2026 15:06,19.25,0.002,7.68
10/08/2026 14:36,19.125,0.002,7.69
10/08/2026 14:06,19.25,0.002,7.71
10/08/2026 13:36,19.25,0.002,7.74
10/08/2026 13:06,19.25,0.002,7.78
10/08/2026 12:36,19.125,0.002,7.82
10/08/2026 12:06,19.125,0.002,7.85
10/08/2026 11:36,19,0.002,7.89
10/08/2026 11:06,19,0.002,7.9
10/08/2026 10:27,18.375,0.002,7.9
10/08/2026 10:26,18.125,0.002,7.9
10/08/2026 10:25,17.875,0.002,7.9
10/08/2026 10:25,17.75,0.002,8.56
09/08/2026 12:36,16.75,0.002,7.9
09/08/2026 12:06,16.5,0.002,7.91
09/08/2026 11:36,16.5,0.001,7.91
09/08/2026 11:06,16.625,0.001,7.91
09/08/2026 10:36,16.5,0.002,7.91
09/08/2026 10:06,16.5,0.001,7.91
09/08/2026 09:36,16.5,0.001,7.91
09/08/2026 09:06,16.5,0.001,7.91
09/08/2026 08:36,16.5,0.001,7.91
09/08/2026 08:06,16.5,0.002,7.91
09/08/2026 07:36,16.5,0.002,7.91
09/08/2026 07:06,16.5,0.002,7.91
09/08/2026 06:36,16.5,0.001,7.91
09/08/2026 06:06,16.625,0.001,7.91
09/08/2026 05:36,16.625,0.002,7.91
09/08/2026 05:06,16.625,0.002,7.91
09/08/2026 04:36,16.75,0.002,7.91
09/08/2026 04:06,15.75,0.001,7.91
09/08/2026 03:36,16.75,0.002,7.91
09/08/2026 03:06,16.75,0.002,7.91
09/08/2026 02:36,16.75,0.002,7.91
09/08/2026 02:06,16.875,0.002,7.91
09/08/2026 01:36,16.75,0.002,7.91
09/08/2026 01:06,16.875,0.002,7.91
09/08/2026 00:36,17,0.002,7.91
09/08/2026 00:06,16.875,0.002,7.91
08/08/2026 23:36,16.875,0.002,7.91
08/08/2026 23:06,17,0.002,7.91
08/08/2026 22:36,17,0.002,7.91
08/08/2026 22:06,17,0.002,7.91
08/08/2026 21:36,17,0.002,7.91
08/08/2026 21:06,17.125,0.001,7.91
08/08/2026 20:36,17,0.002,7.91
08/08/2026 20:06,17,0.002,7.91
08/08/2026 19:36,17,0.002,7.91
08/08/2026 19:06,17,0.002,7.91
08/08/2026 18:36,17,0.002,7.91
08/08/2026 18:06,17,0.002,7.91
08/08/2026 17:36,16.875,0.002,7.91
08/08/2026 17:06,17,0.002,7.91
08/08/2026 16:36,17,0.002,7.9
08/08/2026 16:06,16.875,0.002,7.9
08/08/2026 15:36,16.75,0.002,7.9
08/08/2026 15:06,16.75,0.002,7.9
08/08/2026 14:36,16.75,0.002,7.9
08/08/2026 14:06,15.75,0.002,7.9
08/08/2026 13:36,16.625,0.002,7.9
08/08/2026 13:06,16.625,0.001,7.9
08/08/2026 12:36,16.625,0.001,7.9
08/08/2026 12:06,16.625,0.002,7.9
08/08/2026 11:36,16.5,0.002,7.9
08/08/2026 11:06,16.625,0.001,7.89
08/08/2026 10:36,16.5,0.002,7.89
08/08/2026 10:06,16.625,0.002,7.89
08/08/2026 09:36,16.625,0.002,7.89
08/08/2026 09:06,16.5,0.002,7.89
08/08/2026 08:36,16.5,0.002,7.89
08/08/2026 08:06,16.5,0.002,7.89
08/08/2026 07:36,16.625,0.002,7.89
08/08/2026 07:06,16.5,0.002,7.89
08/08/2026 06:36,16.5,0.002,7.89
08/08/2026 06:06,17.625,0.002,7.89
08/08/2026 05:36,16.625,0.001,7.89
08/08/2026 05:06,16.75,0.001,7.89
08/08/2026 04:36,17.625,0.001,7.89
08/08/2026 04:06,16.875,0.001,7.89
08/08/2026 03:36,16.75,0.001,7.89
08/08/2026 03:06,16.75,0.001,7.89
08/08/2026 02:36,16.75,0.001,7.89
08/08/2026 02:06,16.875,0.001,7.89
08/08/2026 01:36,16.875,0.001,7.89
08/08/2026 01:06,17,0.001,7.89
08/08/2026 00:36,17.125,0.002,7.89
08/08/2026 00:06,17,0.001,7.89
07/08/2026 23:36,17,0.002,7.89
07/08/2026 23:06,17.125,0.002,7.89
07/08/2026 22:36,17.125,0.002,7.88
07/08/2026 22:36,17.125,0.002,7.88
07/08/2026 22:06,17,0.002,7.88
07/08/2026 21:36,17.125,0.002,7.88
07/08/2026 21:06,17,0.002,7.88
07/08/2026 20:36,17.125,0.002,7.88
07/08/2026 20:06,17,0.002,7.88
07/08/2026 19:36,17.375,0.002,7.88
07/08/2026 19:06,17.125,0.001,7.88
07/08/2026 18:36,17.25,0.001,7.88
07/08/2026 18:06,17,0.002,7.87
07/08/2026 17:36,17.125,0.001,7.87
07/08/2026 17:06,17,0.001,7.87
07/08/2026 16:36,17,0.002,7.87
07/08/2026 16:06,16.875,0.001,7.87
07/08/2026 15:36,17,0.001,7.87
07/08/2026 15:06,17,0.001,7.86
07/08/2026 14:36,16.875,0.001,7.86
07/08/2026 14:06,16.75,0.001,7.86
07/08/2026 13:36,16.75,0.001,7.86
07/08/2026 13:06,16.75,0.001,7.85
07/08/2026 12:36,16.875,0.001,7.85
07/08/2026 12:06,16.75,0.001,7.85
07/08/2026 11:36,16.75,0.001,7.85
07/08/2026 11:06,16.875,0.001,7.85
07/08/2026 10:36,16.75,0.001,7.84
07/08/2026 10:06,16.75,0.001,7.84
07/08/2026 09:36,16.875,0.001,7.85
07/08/2026 09:06,16.875,0.001,7.84
07/08/2026 08:36,16.75,0.001,7.84
07/08/2026 08:06,16.875,0.001,7.84
07/08/2026 07:36,16.875,0.001,7.84
07/08/2026 07:06,16.875,0.001,7.83
07/08/2026 07:06,16.875,0.001,7.83
07/08/2026 06:36,17,0.001,7.83
07/08/2026 06:06,17,0.001,7.83
07/08/2026 05:36,17,0.001,7.83
07/08/2026 05:06,17.125,0.002,7.83
07/08/2026 04:36,17.125,0.002,7.83
07/08/2026 04:06,17.125,0.002,7.82
07/08/2026 03:36,17.25,0.001,7.82
07/08/2026 03:06,17.5,0.002,7.82
07/08/2026 02:36,17.5,0.002,7.82
07/08/2026 02:06,17.5,0.002,7.81
07/08/2026 01:36,16.75,0.002,7.81
07/08/2026 01:06,17.875,0.002,7.81
07/08/2026 00:36,17.875,0.002,7.8
07/08/2026 00:06,18,0.002,7.8
06/08/2026 23:36,18,0.002,7.79
06/08/2026 23:06,18.125,0.002,7.79
06/08/2026 22:36,18.25,0.002,7.78
06/08/2026 22:06,18.375,0.002,7.78
06/08/2026 21:36,18.375,0.002,7.77
06/08/2026 21:06,18.5,0.002,7.77
06/08/2026 21:06,18.5,0.002,7.77
06/08/2026 20:36,18.625,0.002,7.76
06/08/2026 20:06,19.625,0.002,7.76
06/08/2026 19:36,18.875,0.002,7.75
06/08/2026 19:06,18.875,0.002,7.74
06/08/2026 18:36,19,0.002,7.74
06/08/2026 18:06,18.875,0.002,7.73
06/08/2026 17:36,19,0.002,7.73
06/08/2026 17:06,18.875,0.002,7.72
06/08/2026 16:36,19,0.002,7.72
06/08/2026 16:06,19,0.002,7.72
06/08/2026 15:36,19.125,0.002,7.72
06/08/2026 15:11,19.5,0.002,7.73
06/08/2026 15:06,19.625,0.002,7.73
06/08/2026 14:36,19.75,0.002,7.74
06/08/2026 14:06,20,0.002,7.76
06/08/2026 13:36,21.5,0.002,7.81
06/08/2026 13:16,20.5,0.002,7.75
06/08/2026 13:06,19.625,0.002,7.67
06/08/2026 13:06,19.625,0.002,7.67
06/08/2026 12:36,16.625,0.002,7.66
06/08/2026 12:06,16.75,0.001,7.7
06/08/2026 11:36,16.875,0.002,7.74
06/08/2026 11:06,15.75,0.002,7.77
06/08/2026 10:36,16.5,0.002,7.81
06/08/2026 10:06,16.5,0.002,7.84
06/08/2026 09:36,16.375,0.002,7.86
06/08/2026 09:06,16.25,0.002,7.89
06/08/2026 08:36,16.375,0.002,7.9
06/08/2026 08:06,16.375,0.002,7.91
06/08/2026 07:36,16.25,0.002,7.91
06/08/2026 07:06,16.375,0.002,7.91
06/08/2026 06:36,16.375,0.002,7.91
06/08/2026 06:36,16.375,0.002,7.91
06/08/2026 06:06,16.375,0.002,7.91
06/08/2026 05:36,16.5,0.002,7.91
06/08/2026 05:06,16.5,0.002,7.91
06/08/2026 04:36,16.5,0.002,7.91
06/08/2026 04:06,16.5,0.002,7.91
06/08/2026 03:36,16.5,0.002,7.91
06/08/2026 03:06,16.625,0.002,7.91
06/08/2026 02:36,17.625,0.002,7.91
06/08/2026 02:06,16.625,0.002,7.91
06/08/2026 01:36,17.625,0.002,7.91
06/08/2026 01:06,15.75,0.002,7.91
06/08/2026 00:36,15.75,0.002,7.91
06/08/2026 00:06,16.75,0.002,7.91
05/08/2026 23:36,16.875,0.002,7.91
05/08/2026 23:06,16.875,0.002,7.91
05/08/2026 22:36,16.875,0.002,7.91
05/08/2026 22:06,17,0.002,7.91
05/08/2026 21:36,16.875,0.002,7.91
05/08/2026 21:06,17,0.002,7.91
05/08/2026 20:36,17,0.002,7.91
05/08/2026 20:06,17.125,0.002,7.91
05/08/2026 19:36,17,0.002,7.9
05/08/2026 19:06,17,0.002,7.9
05/08/2026 18:36,17,0.002,7.9
05/08/2026 18:06,17.125,0.002,7.91
05/08/2026 17:36,17,0.002,7.9
05/08/2026 17:06,17.125,0.002,7.9
05/08/2026 16:36,17,0.002,7.9
05/08/2026 16:06,16.875,0.002,7.9
05/08/2026 15:36,17,0.002,7.9
05/08/2026 15:06,16.875,0.002,7.9
05/08/2026 14:36,16.75,0.002,7.9
05/08/2026 14:06,16.75,0.002,7.89
05/08/2026 13:36,16.75,0.002,7.89
05/08/2026 13:06,16.875,0.002,7.89
05/08/2026 12:36,16.75,0.002,7.89
05/08/2026 12:06,16.75,0.002,7.89
05/08/2026 11:36,16.875,0.002,7.89
05/08/2026 11:06,16.75,0.002,7.89
05/08/2026 10:36,16.75,0.002,7.89
05/08/2026 10:06,16.875,0.002,7.89
05/08/2026 09:36,16.875,0.002,7.89
05/08/2026 09:06,16.875,0.002,7.89
05/08/2026 09:06,16.875,0.002,7.89
05/08/2026 08:36,16.75,0.002,7.89
05/08/2026 08:06,16.875,0.002,7.89
05/08/2026 07:36,16.875,0.002,7.88
05/08/2026 07:06,16.875,0.002,7.89
05/08/2026 06:36,16.875,0.002,7.88
05/08/2026 06:06,17.125,0.002,7.88
05/08/2026 05:36,17,0.002,7.88
05/08/2026 05:36,17,0.002,7.88
05/08/2026 05:06,17.25,0.002,7.88
05/08/2026 04:36,17.25,0.002,7.88
05/08/2026 04:06,17.375,0.002,7.88
05/08/2026 03:36,17.375,0.002,7.88
05/08/2026 03:06,17.5,0.002,7.88
05/08/2026 02:36,17.375,0.002,7.88
05/08/2026 02:06,17.625,0.002,7.87
05/08/2026 01:36,17.75,0.002,7.88
05/08/2026 01:06,17.75,0.002,7.87
05/08/2026 00:36,17.875,0.002,7.87
05/08/2026 00:06,17.875,0.002,7.87
04/08/2026 23:36,18,0.002,7.87
04/08/2026 23:36,18,0.002,7.87
04/08/2026 23:06,18,0.001,7.86
04/08/2026 22:36,18.125,0.002,7.87
04/08/2026 22:06,18.25,0.002,7.86
04/08/2026 21:36,18.375,0.002,7.86
04/08/2026 21:06,18.5,0.002,7.86
04/08/2026 20:36,17.75,0.002,7.86
04/08/2026 20:06,18.75,0.002,7.85
04/08/2026 19:36,18.875,0.002,7.85
04/08/2026 19:06,18.875,0.002,7.85
04/08/2026 18:36,19,0.002,7.85
04/08/2026 18:06,19,0.002,7.85
04/08/2026 17:36,19.125,0.002,7.84
04/08/2026 17:06,19.125,0.002,7.84
04/08/2026 16:36,19.125,0.002,7.84
04/08/2026 16:06,19.125,0.002,7.84
04/08/2026 15:36,19.25,0.002,7.84
04/08/2026 15:06,19.125,0.002,7.84
04/08/2026 14:36,19.25,0.002,7.84
04/08/2026 14:06,18.75,0.002,7.84
04/08/2026 13:36,19.875,0.002,7.85
04/08/2026 13:06,20.25,0.002,7.87
04/08/2026 12:46,21,0.002,7.9
04/08/2026 12:36,18.5,0.002,7.89
04/08/2026 12:06,16.875,0.002,7.85
04/08/2026 11:36,16.75,0.002,7.87
04/08/2026 11:06,16.875,0.002,7.88
04/08/2026 11:06,16.875,0.002,7.88
04/08/2026 10:36,16.5,0.002,7.9
04/08/2026 10:06,15.75,0.002,7.91
04/08/2026 09:36,16.625,0.002,7.93
04/08/2026 09:06,16.5,0.002,7.94
04/08/2026 08:36,16.5,0.002,7.95
04/08/2026 08:06,16.5,0.002,7.95
04/08/2026 07:36,16.5,0.002,7.95
04/08/2026 07:06,16.625,0.002,7.95
04/08/2026 06:36,16.625,0.002,7.95
04/08/2026 06:06,16.625,0.002,7.95
04/08/2026 05:36,16.75,0.002,7.95
04/08/2026 05:06,17.625,0.002,7.95
04/08/2026 04:36,17.625,0.002,7.95
04/08/2026 04:06,16.75,0.002,7.95
04/08/2026 03:36,16.75,0.002,7.95
04/08/2026 03:06,16.75,0.002,7.96
04/08/2026 02:36,17,0.002,7.95
04/08/2026 02:06,16.875,0.002,7.95
04/08/2026 01:36,17.125,0.002,7.95
04/08/2026 01:06,17.125,0.002,7.96
04/08/2026 00:36,17.125,0.002,7.96
04/08/2026 00:06,17.125,0.002,7.96
03/08/2026 23:36,17.25,0.002,7.96
03/08/2026 23:06,17.125,0.002,7.96
03/08/2026 22:36,17.25,0.002,7.96
03/08/2026 22:06,17.375,0.002,7.96
03/08/2026 21:36,17.25,0.002,7.95
03/08/2026 21:06,17.25,0.002,7.96
03/08/2026 20:36,17.25,0.002,7.96
03/08/2026 20:06,17.25,0.002,7.96
03/08/2026 19:36,17.25,0.002,7.96
03/08/2026 19:06,17.25,0.002,7.96
03/08/2026 18:36,17.25,0.002,7.96
03/08/2026 18:06,17.25,0.002,7.96
03/08/2026 18:06,17.25,0.002,7.96
03/08/2026 17:36,17.125,0.002,7.95
03/08/2026 17:36,17.125,0.002,7.95
03/08/2026 17:06,17,0.002,7.95
03/08/2026 16:36,17,0.002,7.95
03/08/2026 16:06,17,0.002,7.95
03/08/2026 15:36,16.75,0.002,7.95
03/08/2026 15:36,16.75,0.002,7.95
03/08/2026 15:06,16.75,0.002,7.95
03/08/2026 14:36,16.75,0.002,7.95
03/08/2026 14:06,16.875,0.002,7.95
03/08/2026 13:36,16.75,0.002,7.95
03/08/2026 13:36,16.75,0.002,7.95
03/08/2026 13:06,16.625,0.002,7.95
03/08/2026 12:36,15.75,0.002,7.95
03/08/2026 12:06,16.5,0.002,7.95
03/08/2026 11:36,16.5,0.002,7.95
03/08/2026 11:06,16.5,0.002,7.95
03/08/2026 10:36,16.5,0.002,7.95
03/08/2026 10:06,16.5,0.002,7.95
03/08/2026 09:36,16.5,0.001,7.95
03/08/2026 09:06,16.375,0.002,7.95
03/08/2026 08:36,16.5,0.002,7.95
03/08/2026 08:06,16.375,0.002,7.95
03/08/2026 07:36,16.5,0.002,7.95
03/08/2026 07:06,16.5,0.002,7.95
03/08/2026 06:36,16.375,0.002,7.95
03/08/2026 06:06,16.5,0.002,7.95
03/08/2026 05:36,16.5,0.002,7.95
03/08/2026 05:06,16.625,0.002,7.95
03/08/2026 04:36,16.5,0.002,7.95
03/08/2026 04:06,16.625,0.002,7.95
03/08/2026 03:36,17.625,0.002,7.95
03/08/2026 03:06,16.625,0.002,7.95
03/08/2026 03:06,16.625,0.002,7.95
03/08/2026 02:36,16.75,0.002,7.95
03/08/2026 02:06,16.75,0.002,7.95
03/08/2026 01:36,16.875,0.002,7.95
03/08/2026 01:06,16.875,0.002,7.95
03/08/2026 00:36,16.875,0.002,7.95
03/08/2026 00:06,17,0.002,7.95
02/08/2026 23:36,16.875,0.002,7.95
02/08/2026 23:06,17,0.002,7.95
02/08/2026 22:36,17.125,0.002,7.95
02/08/2026 22:06,17.125,0.002,7.95
02/08/2026 21:36,17.125,0.002,7.95
02/08/2026 21:06,17.125,0.002,7.95
02/08/2026 20:36,17,0.002,7.95
02/08/2026 20:06,17.125,0.002,7.95
02/08/2026 19:36,17.125,0.002,7.95
02/08/2026 19:06,17.125,0.002,7.95
02/08/2026 18:36,17,0.002,7.95
02/08/2026 18:06,17.125,0.002,7.95
02/08/2026 17:36,17,0.002,7.95
02/08/2026 17:06,17,0.002,7.95
02/08/2026 16:36,16.875,0.002,7.95
02/08/2026 16:06,16.875,0.002,7.95
02/08/2026 15:36,16.75,0.002,7.95
02/08/2026 15:06,16.75,0.002,7.94
02/08/2026 14:36,16.75,0.002,7.94
02/08/2026 14:06,17.625,0.002,7.94
02/08/2026 13:36,16.5,0.002,7.94
02/08/2026 13:06,16.5,0.002,7.94
02/08/2026 12:36,16.5,0.001,7.94
02/08/2026 12:06,16.5,0.002,7.94
02/08/2026 11:36,16.5,0.002,7.94
02/08/2026 11:06,16.375,0.002,7.94
02/08/2026 10:36,16.375,0.002,7.94
02/08/2026 10:06,16.25,0.002,7.94
02/08/2026 09:36,16.375,0.002,7.94
02/08/2026 09:06,16.375,0.002,7.94
02/08/2026 08:36,16.375,0.002,7.94
02/08/2026 08:06,16.375,0.002,7.94
02/08/2026 07:36,16.5,0.002,7.94
02/08/2026 07:06,16.5,0.002,7.94
02/08/2026 06:36,16.5,0.002,7.94
02/08/2026 06:06,16.5,0.002,7.94
02/08/2026 05:36,16.5,0.002,7.95
02/08/2026 05:36,16.5,0.002,7.95
02/08/2026 05:06,16.625,0.002,7.95
02/08/2026 04:36,16.625,0.002,7.94
02/08/2026 04:06,15.75,0.001,7.95
02/08/2026 03:36,16.75,0.002,7.95
02/08/2026 03:06,16.75,0.002,7.95
02/08/2026 02:36,16.75,0.002,7.95
02/08/2026 02:06,16.75,0.002,7.95
02/08/2026 01:36,16.875,0.002,7.95
02/08/2026 01:06,16.875,0.001,7.95
02/08/2026 00:36,17,0.002,7.95
02/08/2026 00:06,17,0.002,7.95
01/08/2026 23:36,16.875,0.002,7.95
01/08/2026 23:06,17.125,0.002,7.95
01/08/2026 22:36,17,0.002,7.95
01/08/2026 22:06,17,0.002,7.95
01/08/2026 21:36,17,0.002,7.95
01/08/2026 21:06,17.125,0.002,7.95
01/08/2026 20:36,17.125,0.002,7.95
01/08/2026 20:06,17.25,0.002,7.95
01/08/2026 19:36,17.25,0.002,7.95
01/08/2026 19:06,17.25,0.002,7.95
01/08/2026 18:36,17.125,0.002,7.95
01/08/2026 18:06,17.125,0.002,7.95
01/08/2026 17:36,17,0.002,7.95
01/08/2026 17:06,17,0.002,7.95
01/08/2026 16:36,17.125,0.002,7.95
01/08/2026 16:06,17.125,0.002,7.95
01/08/2026 15:36,16.875,0.002,7.94
01/08/2026 15:06,16.875,0.002,7.94
01/08/2026 14:36,16.875,0.002,7.94
01/08/2026 14:06,16.75,0.002,7.94
01/08/2026 13:36,16.75,0.002,7.94
01/08/2026 13:06,16.75,0.002,7.94
01/08/2026 12:36,16.75,0.002,7.94
01/08/2026 12:06,17.625,0.002,7.94
01/08/2026 11:36,16.625,0.002,7.94
01/08/2026 11:06,16.625,0.002,7.94
01/08/2026 10:36,16.625,0.002,7.94
01/08/2026 10:06,16.625,0.002,7.94
01/08/2026 09:36,16.5,0.002,7.94
01/08/2026 09:06,17.5,0.002,7.94
01/08/2026 08:36,16.625,0.002,7.94
01/08/2026 08:06,16.5,0.002,7.94
01/08/2026 07:36,16.375,0.002,7.94
01/08/2026 07:06,16.5,0.002,7.94
01/08/2026 06:36,16.625,0.002,7.94
01/08/2026 06:06,16.625,0.002,7.94
01/08/2026 05:36,17.625,0.002,7.94
01/08/2026 05:06,16.75,0.002,7.94
01/08/2026 04:36,16.75,0.002,7.94
01/08/2026 04:06,16.75,0.002,7.94
01/08/2026 03:36,16.75,0.002,7.94
01/08/2026 03:06,16.875,0.002,7.94
01/08/2026 02:36,16.875,0.002,7.94
01/08/2026 02:06,17,0.002,7.94
01/08/2026 01:36,17,0.002,7.94
01/08/2026 01:06,17,0.002,7.94
01/08/2026 00:36,17,0.002,7.94
01/08/2026 00:06,17,0.002,7.94
31/07/2026 23:36,17,0.002,7.94
31/07/2026 23:06,17.125,0.002,7.94
31/07/2026 22:36,17.125,0.002,7.94
31/07/2026 22:06,17.125,0.002,7.94
31/07/2026 21:36,17.125,0.002,7.94
31/07/2026 21:06,17.125,0.002,7.94
31/07/2026 20:36,17.25,0.002,7.94
31/07/2026 20:06,17.125,0.002,7.94
31/07/2026 19:36,17.125,0.002,7.94
31/07/2026 19:06,17.25,0.002,7.94
31/07/2026 18:36,17,0.002,7.94
31/07/2026 18:06,17.125,0.002,7.94
31/07/2026 17:36,17.125,0.002,7.93
31/07/2026 17:06,17,0.002,7.93
31/07/2026 16:36,17.125,0.002,7.93
31/07/2026 16:06,17,0.002,7.93
31/07/2026 15:36,17,0.002,7.93
31/07/2026 15:06,16.875,0.002,7.93
31/07/2026 14:36,16.75,0.002,7.93
31/07/2026 14:06,16.75,0.002,7.93
31/07/2026 13:36,16.75,0.002,7.92
31/07/2026 13:06,16.75,0.002,7.92
31/07/2026 12:36,16.625,0.002,7.93
31/07/2026 12:06,16.625,0.002,7.92
31/07/2026 12:06,16.625,0.002,7.92
31/07/2026 11:36,16.625,0.002,7.93
31/07/2026 11:06,16.625,0.002,7.93
31/07/2026 10:36,16.625,0.002,7.92
31/07/2026 10:06,16.5,0.002,7.93
31/07/2026 09:36,16.5,0.002,7.93
31/07/2026 09:06,16.5,0.002,7.92
31/07/2026 08:36,16.5,0.002,7.93
31/07/2026 08:06,16.625,0.002,7.93
31/07/2026 07:36,16.5,0.002,7.93
31/07/2026 07:06,16.5,0.002,7.93
31/07/2026 07:06,16.5,0.002,7.93
31/07/2026 06:36,16.625,0.002,7.93
31/07/2026 06:06,17.5,0.002,7.93
31/07/2026 05:36,15.75,0.002,7.93
31/07/2026 05:06,16.75,0.002,7.93
31/07/2026 04:36,16.875,0.002,7.93
31/07/2026 04:06,16.875,0.002,7.93
31/07/2026 03:36,16.875,0.002,7.93
31/07/2026 03:06,16.875,0.002,7.93
31/07/2026 02:36,16.875,0.002,7.93
31/07/2026 02:06,16.875,0.002,7.93
31/07/2026 01:36,17,0.002,7.93
31/07/2026 01:06,17,0.002,7.93
31/07/2026 00:36,17.125,0.002,7.93
31/07/2026 00:06,17.125,0.002,7.93
30/07/2026 23:36,17,0.002,7.93
30/07/2026 23:06,17.125,0.002,7.93
30/07/2026 22:36,17.25,0.002,7.93
30/07/2026 22:06,17.125,0.002,7.93
30/07/2026 21:36,17.25,0.002,7.93
30/07/2026 21:06,17.25,0.002,7.93
30/07/2026 20:36,17.125,0.002,7.93
30/07/2026 20:06,17.25,0.002,7.93
30/07/2026 19:36,17.125,0.002,7.93
30/07/2026 19:06,17.25,0.002,7.92
30/07/2026 18:36,17.25,0.002,7.92
30/07/2026 18:06,17.25,0.002,7.92
30/07/2026 17:36,17.125,0.002,7.92
30/07/2026 17:06,17.125,0.002,7.92
30/07/2026 16:36,17.125,0.002,7.92
30/07/2026 16:06,17,0.002,7.92
30/07/2026 15:36,16.875,0.002,7.92
30/07/2026 15:06,16.875,0.002,7.92
30/07/2026 14:36,16.875,0.002,7.92
30/07/2026 14:06,16.875,0.002,7.92
30/07/2026 13:36,16.875,0.002,7.92
30/07/2026 13:06,16.75,0.002,7.92
30/07/2026 12:36,16.75,0.002,7.92
30/07/2026 12:06,16.875,0.002,7.91
30/07/2026 11:36,16.75,0.002,7.91
30/07/2026 11:06,16.75,0.002,7.91
30/07/2026 10:36,16.75,0.002,7.91
30/07/2026 10:06,16.75,0.002,7.91
30/07/2026 10:06,16.75,0.002,7.91
30/07/2026 09:36,16.75,0.002,7.91
30/07/2026 09:06,16.75,0.002,7.91
30/07/2026 08:36,16.625,0.002,7.91
30/07/2026 08:06,16.625,0.002,7.91
30/07/2026 07:36,16.625,0.002,7.91
30/07/2026 07:06,17.625,0.002,7.91
30/07/2026 06:36,16.75,0.002,7.91
30/07/2026 06:06,16.75,0.002,7.91
30/07/2026 05:36,15.875,0.002,7.91
30/07/2026 05:06,16.875,0.002,7.91
30/07/2026 04:36,16.75,0.002,7.91
30/07/2026 04:06,16.75,0.002,7.91
30/07/2026 03:36,16.75,0.002,7.91
30/07/2026 03:06,17,0.002,7.91
30/07/2026 02:36,17,0.002,7.9
30/07/2026 02:06,17,0.002,7.91
30/07/2026 01:36,17,0.002,7.91
30/07/2026 01:06,17,0.002,7.9
30/07/2026 00:36,17,0.002,7.9
30/07/2026 00:06,17.125,0.002,7.91
29/07/2026 23:36,17.125,0.002,7.9
29/07/2026 23:06,17.25,0.002,7.9
29/07/2026 22:36,17.375,0.002,7.9
29/07/2026 22:06,17.25,0.002,7.9
29/07/2026 21:54,17.125,0.002,7.9
29/07/2026 21:36,17.25,0.002,7.9
29/07/2026 21:06,17.25,0.002,7.9
29/07/2026 20:36,17.375,0.002,7.9
29/07/2026 20:06,17.25,0.002,7.9
29/07/2026 19:36,17.25,0.002,7.9
29/07/2026 19:06,17.25,0.002,7.9
29/07/2026 18:36,17.25,0.002,7.9
29/07/2026 18:06,17.375,0.002,7.89
29/07/2026 17:36,17.25,0.002,7.89
29/07/2026 17:06,17.25,0.002,7.89
29/07/2026 16:36,17.125,0.002,7.89
29/07/2026 16:06,17.125,0.002,7.88
29/07/2026 15:36,17,0.002,7.89
29/07/2026 15:06,17,0.002,7.88
29/07/2026 14:36,17,0.002,7.88
29/07/2026 14:19,16.75,0.002,7.88
29/07/2026 14:19,16.75,0.002,8.53
29/07/2026 14:06,16.875,0.002,7.87
29/07/2026 13:36,16.75,0.002,7.87
29/07/2026 13:06,17.625,0.002,7.87
29/07/2026 13:06,17.625,0.002,7.87
29/07/2026 12:36,16.75,0.002,7.87
29/07/2026 12:06,15.75,0.002,7.87
29/07/2026 11:36,17.625,0.002,7.86
29/07/2026 11:06,16.75,0.002,7.86
29/07/2026 10:36,17.625,0.002,7.86
29/07/2026 10:06,16.625,0.002,7.86
29/07/2026 09:36,16.625,0.002,7.86
29/07/2026 09:06,16.5,0.002,7.86
29/07/2026 08:36,16.625,0.002,7.86
29/07/2026 08:06,16.5,0.002,7.85
29/07/2026 07:36,16.625,0.002,7.85
29/07/2026 07:06,16.625,0.002,7.85
29/07/2026 06:36,15.75,0.002,7.85
29/07/2026 06:06,16.75,0.002,7.84
29/07/2026 05:36,16.625,0.002,7.84
29/07/2026 05:06,16.75,0.002,7.84
29/07/2026 04:36,16.75,0.002,7.84
29/07/2026 04:06,16.75,0.002,7.83
29/07/2026 03:36,16.75,0.002,7.83
29/07/2026 03:06,16.875,0.001,7.83
29/07/2026 02:36,16.75,0.002,7.83
29/07/2026 02:06,16.875,0.002,7.82
29/07/2026 02:06,16.875,0.002,7.82
29/07/2026 01:36,16.875,0.002,7.82
29/07/2026 01:06,17,0.002,7.82
29/07/2026 00:36,16.875,0.002,7.82
29/07/2026 00:06,17,0.002,7.81
28/07/2026 23:36,17,0.002,7.8
28/07/2026 23:06,17,0.002,7.8
28/07/2026 22:36,17,0.002,7.8
28/07/2026 22:06,17.125,0.002,7.8
28/07/2026 21:36,17.125,0.002,7.79
28/07/2026 21:06,17.125,0.002,7.79
28/07/2026 20:36,17.125,0.002,7.78
28/07/2026 20:06,17.375,0.002,7.78
28/07/2026 19:36,17.375,0.002,7.77
28/07/2026 19:06,17.25,0.002,7.77
28/07/2026 18:36,17.25,0.002,7.76
28/07/2026 18:06,17.25,0.002,7.76
28/07/2026 17:36,17.25,0.002,7.75
28/07/2026 17:06,17.25,0.002,7.75
28/07/2026 16:36,17,0.002,7.74
28/07/2026 16:06,17.125,0.002,7.74
28/07/2026 15:36,17,0.002,7.73
28/07/2026 15:21,16.625,0.002,7.73
28/07/2026 15:06,17,0.002,7.73
28/07/2026 14:36,17,0.002,7.73
28/07/2026 14:06,16.75,0.002,7.73
28/07/2026 13:36,16.875,0.002,7.73
28/07/2026 13:06,16.875,0.002,7.74
28/07/2026 12:36,17.625,0.002,7.75
28/07/2026 12:06,16.75,0.002,7.77
28/07/2026 11:36,16.625,0.002,7.8
28/07/2026 11:06,16.5,0.002,7.83
28/07/2026 10:36,16.5,0.002,7.86
28/07/2026 10:06,16.5,0.002,7.88
28/07/2026 09:36,16.375,0.002,7.9
28/07/2026 09:06,16.375,0.002,7.92
28/07/2026 08:36,16.375,0.002,7.92
28/07/2026 08:06,16.375,0.002,7.92
28/07/2026 07:36,16.5,0.002,7.92
28/07/2026 07:06,16.5,0.002,7.92
28/07/2026 07:06,16.5,0.002,7.92
28/07/2026 06:36,16.375,0.002,7.92
28/07/2026 06:06,16.375,0.002,7.92
28/07/2026 05:36,16.5,0.002,7.92
28/07/2026 05:06,16.375,0.002,7.92
28/07/2026 04:36,16.5,0.002,7.92
28/07/2026 04:06,16.375,0.002,7.92
28/07/2026 03:36,16.5,0.002,7.92
28/07/2026 03:06,16.5,0.002,7.92
28/07/2026 02:36,16.625,0.002,7.92
28/07/2026 02:06,16.625,0.002,7.92
28/07/2026 01:36,16.625,0.002,7.92
28/07/2026 01:06,15.75,0.002,7.92
28/07/2026 00:36,16.75,0.002,7.92
28/07/2026 00:06,16.875,0.002,7.92
27/07/2026 23:36,16.75,0.002,7.92
27/07/2026 23:06,16.75,0.002,7.92
27/07/2026 22:36,16.75,0.002,7.92
27/07/2026 22:06,16.75,0.002,7.92
27/07/2026 21:36,16.75,0.002,7.92
27/07/2026 21:06,16.75,0.002,7.92
27/07/2026 20:36,16.75,0.002,7.92
27/07/2026 20:06,16.75,0.002,7.91
27/07/2026 19:36,16.75,0.002,7.92
27/07/2026 19:06,17.625,0.002,7.91
27/07/2026 18:36,15.75,0.002,7.91
27/07/2026 18:06,16.75,0.002,7.91
27/07/2026 17:36,16.5,0.002,7.91
27/07/2026 17:06,16.5,0.002,7.91
27/07/2026 16:36,16.5,0.002,7.91
27/07/2026 16:06,16.375,0.002,7.91
27/07/2026 15:36,16.375,0.002,7.91
27/07/2026 15:06,16.375,0.002,7.91
27/07/2026 14:36,16.25,0.002,7.91
27/07/2026 14:06,16.25,0.002,7.9
27/07/2026 14:06,16.25,0.002,7.9
27/07/2026 13:36,16.125,0.002,7.9
27/07/2026 13:06,16.125,0.002,7.9
27/07/2026 12:36,16,0.002,7.9
27/07/2026 12:06,15.875,0.002,7.9
27/07/2026 11:36,15.75,0.002,7.9
27/07/2026 11:06,15.75,0.002,7.9
27/07/2026 10:36,15.625,0.002,7.9
27/07/2026 10:06,14.75,0.002,7.9
27/07/2026 10:06,14.75,0.002,7.9
27/07/2026 09:36,16.5,0.002,7.9
27/07/2026 09:06,14.75,0.002,7.9
27/07/2026 08:36,15.375,0.002,7.9
27/07/2026 08:06,15.375,0.002,7.9
27/07/2026 07:36,15.25,0.002,7.9
27/07/2026 07:06,15.25,0.002,7.9
27/07/2026 06:36,15.125,0.002,7.89
27/07/2026 06:06,15.125,0.002,7.89
27/07/2026 05:36,15.125,0.002,7.9
27/07/2026 05:06,15,0.002,7.89
27/07/2026 04:36,14.75,0.002,7.89
27/07/2026 04:25,14.5,0.002,7.9
27/07/2026 04:25,14.625,0.002,8.55
27/07/2026 04:06,14.75,0.002,7.89
27/07/2026 03:36,14.75,0.002,7.89
27/07/2026 03:06,14.75,0.002,7.89
27/07/2026 02:36,13.75,0.002,7.89
27/07/2026 02:18,14.375,0.002,7.89
27/07/2026 02:18,14.25,0.002,7.89
27/07/2026 02:18,14.25,0.002,8.55
27/07/2026 02:06,14.625,0.002,7.89
27/07/2026 01:36,14.5,0.002,7.89
27/07/2026 01:06,14.375,0.002,7.89
27/07/2026 00:58,15,0.002,7.89
26/07/2026 23:36,14,0.002,7.88
26/07/2026 23:06,13.75,0.002,7.88
26/07/2026 22:36,14.625,0.002,7.88
26/07/2026 22:06,14.375,0.002,7.89
26/07/2026 21:36,15.625,0.002,7.89
26/07/2026 21:06,15.5,0.002,7.9
26/07/2026 20:36,16.125,0.002,7.9
26/07/2026 20:06,16.75,0.002,7.91
26/07/2026 19:36,16.75,0.002,7.91
26/07/2026 19:06,16.75,0.002,7.9
26/07/2026 18:36,16.625,0.002,7.91
26/07/2026 18:36,16.625,0.002,7.91
26/07/2026 18:06,16.625,0.002,7.9
26/07/2026 17:36,16.5,0.002,7.9
26/07/2026 17:06,16.375,0.002,7.9
26/07/2026 16:36,16.375,0.002,7.9
26/07/2026 16:06,16.25,0.002,7.9
26/07/2026 15:36,16.25,0.002,7.9
26/07/2026 15:06,16.25,0.002,7.9
26/07/2026 14:36,16.125,0.002,7.9
26/07/2026 14:06,16,0.002,7.9
26/07/2026 13:36,16,0.002,7.89
26/07/2026 13:06,16,0.002,7.9
26/07/2026 12:36,15.75,0.002,7.89
26/07/2026 12:06,15.875,0.002,7.89
26/07/2026 11:36,15.875,0.002,7.89
26/07/2026 11:06,15.875,0.002,7.89
26/07/2026 10:36,14.75,0.002,7.89
26/07/2026 10:06,15.5,0.002,7.89
26/07/2026 10:06,15.5,0.002,7.89
26/07/2026 09:36,15.375,0.002,7.89
26/07/2026 09:06,15.5,0.002,7.89
26/07/2026 08:36,15.5,0.002,7.89
26/07/2026 08:06,15.25,0.002,7.89
26/07/2026 07:36,15.375,0.002,7.89
26/07/2026 07:06,15.375,0.002,7.89
26/07/2026 06:36,15.375,0.002,7.89
26/07/2026 06:06,15.125,0.002,7.89
26/07/2026 06:06,15.125,0.002,7.89
26/07/2026 05:36,15.125,0.002,7.89
26/07/2026 05:06,15.125,0.002,7.89
26/07/2026 04:36,15.125,0.002,7.88
26/07/2026 04:06,14.875,0.002,7.88
26/07/2026 03:36,14.875,0.002,7.88
26/07/2026 03:06,14.75,0.002,7.88
26/07/2026 02:36,14.75,0.002,7.88
26/07/2026 02:06,15.625,0.002,7.88
26/07/2026 01:36,14.625,0.002,7.88
26/07/2026 01:06,15.625,0.002,7.88
26/07/2026 00:36,14.5,0.002,7.88
26/07/2026 00:06,14.5,0.002,7.88
25/07/2026 23:36,14.25,0.002,7.87
25/07/2026 23:06,14,0.002,7.87
25/07/2026 22:36,13.875,0.002,7.87
25/07/2026 22:06,14.375,0.002,7.87
25/07/2026 21:36,15,0.002,7.88
25/07/2026 21:06,15.75,0.002,7.88
25/07/2026 20:36,16.25,0.002,7.89
25/07/2026 20:06,16.75,0.002,7.89
25/07/2026 20:06,16.75,0.002,7.89
25/07/2026 19:36,16.75,0.002,7.89
25/07/2026 19:06,16.75,0.002,7.89
25/07/2026 18:36,16.75,0.002,7.89
25/07/2026 18:36,16.75,0.002,7.89
25/07/2026 18:06,16.5,0.002,7.89
25/07/2026 17:36,16.625,0.002,7.88
25/07/2026 17:06,16.5,0.002,7.88
25/07/2026 16:36,16.375,0.002,7.88
25/07/2026 16:06,16.25,0.002,7.88
25/07/2026 15:36,16.375,0.002,7.88
25/07/2026 15:06,16.25,0.002,7.88
25/07/2026 14:36,16.25,0.002,7.87
25/07/2026 14:06,16.125,0.002,7.87
25/07/2026 13:36,16.125,0.002,7.87
25/07/2026 13:06,15.875,0.002,7.87
25/07/2026 12:36,15.875,0.002,7.86
25/07/2026 12:06,15.875,0.002,7.86
25/07/2026 12:06,15.875,0.002,7.86
25/07/2026 11:36,15.75,0.002,7.86
25/07/2026 11:06,14.75,0.002,7.86
25/07/2026 10:36,16.625,0.002,7.86
25/07/2026 10:06,15.625,0.002,7.85
25/07/2026 09:36,15.625,0.002,7.85
25/07/2026 09:06,15.5,0.002,7.85
25/07/2026 08:36,15.5,0.002,7.85
25/07/2026 08:06,15.625,0.002,7.85
25/07/2026 07:36,15.375,0.002,7.85
25/07/2026 07:06,15.5,0.002,7.85
25/07/2026 06:36,15.375,0.002,7.85
25/07/2026 06:06,15.25,0.002,7.85
25/07/2026 05:36,15.25,0.002,7.84
25/07/2026 05:06,15.25,0.002,7.84
25/07/2026 04:36,15.25,0.002,7.84
25/07/2026 04:06,15.125,0.002,7.84
25/07/2026 03:36,15.125,0.002,7.84
25/07/2026 03:06,15,0.002,7.84
25/07/2026 02:36,15.125,0.002,7.83
25/07/2026 02:06,14.875,0.002,7.83
25/07/2026 01:36,14.75,0.002,7.83
25/07/2026 01:06,14.625,0.002,7.83
25/07/2026 00:48,14.375,0.002,7.82
25/07/2026 00:48,14.375,0.002,7.83
25/07/2026 00:47,14.375,0.002,8.46
25/07/2026 00:36,13.75,0.002,7.82
25/07/2026 00:06,14.5,0.002,7.82
24/07/2026 23:36,14.25,0.002,7.82
24/07/2026 23:06,14.125,0.002,7.82
24/07/2026 23:06,14.125,0.002,7.82
24/07/2026 22:36,14.125,0.002,7.81
24/07/2026 22:06,14.5,0.002,7.82
24/07/2026 21:36,15.375,0.002,7.81
24/07/2026 21:06,16,0.002,7.82
24/07/2026 21:06,16,0.002,7.82
24/07/2026 21:00,16.125,0.002,7.82
24/07/2026 21:00,16.25,0.002,7.82
24/07/2026 21:00,16.25,0.002,8.45
24/07/2026 20:36,16.5,0.002,7.82
24/07/2026 20:06,16.875,0.002,7.83
24/07/2026 19:36,17,0.002,7.83
24/07/2026 19:07,17.125,0.002,7.82
24/07/2026 18:36,17.125,0.002,7.82
24/07/2026 18:06,17,0.002,7.82
24/07/2026 17:36,16.875,0.002,7.81
24/07/2026 17:06,16.75,0.002,7.81
24/07/2026 16:36,16.75,0.002,7.81
24/07/2026 16:06,16.75,0.002,7.8
24/07/2026 15:36,16.625,0.002,7.8
24/07/2026 15:06,16.625,0.002,7.79
24/07/2026 14:36,16.5,0.002,7.79
24/07/2026 14:06,16.5,0.002,7.79
24/07/2026 13:36,16.375,0.002,7.79
24/07/2026 13:06,16.5,0.002,7.79
24/07/2026 12:36,16.25,0.002,7.79
24/07/2026 12:06,16.25,0.002,7.79
24/07/2026 11:36,16.25,0.002,7.79
24/07/2026 11:06,16.25,0.002,7.79
24/07/2026 10:36,16.125,0.002,7.8
24/07/2026 10:06,16,0.002,7.81
24/07/2026 09:36,15.875,0.002,7.83
24/07/2026 09:06,15.875,0.002,7.85
24/07/2026 08:36,15.625,0.002,7.85
24/07/2026 08:06,15.625,0.002,7.85
24/07/2026 07:36,15.5,0.002,7.85
24/07/2026 07:06,15.5,0.002,7.85
24/07/2026 06:36,15.625,0.002,7.85
24/07/2026 06:06,15.625,0.002,7.85
24/07/2026 05:36,15.625,0.002,7.85
24/07/2026 05:06,15.5,0.002,7.85
24/07/2026 05:06,15.5,0.002,7.85
24/07/2026 04:36,15.375,0.002,7.84
24/07/2026 04:06,15.25,0.002,7.84
24/07/2026 03:36,15.25,0.002,7.84
24/07/2026 03:06,15.125,0.002,7.84
24/07/2026 02:36,15.125,0.002,7.84
24/07/2026 02:06,15.125,0.002,7.84
24/07/2026 01:36,14.875,0.002,7.84
24/07/2026 01:06,14.75,0.002,7.83
24/07/2026 00:36,14.625,0.002,7.83
24/07/2026 00:06,14.5,0.002,7.83
23/07/2026 23:36,14.375,0.002,7.83
23/07/2026 23:36,14.375,0.002,7.83
23/07/2026 23:06,14.375,0.002,7.82
23/07/2026 22:36,14.125,0.002,7.82
23/07/2026 22:06,14.875,0.002,7.82
23/07/2026 21:36,15.375,0.002,7.83
23/07/2026 21:06,16.125,0.002,7.83
23/07/2026 21:06,16.125,0.002,7.83
23/07/2026 20:36,17.625,0.002,7.83
23/07/2026 20:06,17.25,0.002,7.84
23/07/2026 19:36,17.5,0.002,7.83
23/07/2026 19:07,17.25,0.002,7.83
23/07/2026 19:07,17,0.002,7.83
23/07/2026 19:07,16.875,0.002,8.47
23/07/2026 18:36,17.25,0.002,7.83
23/07/2026 18:06,17.375,0.002,7.83
23/07/2026 17:36,17.25,0.002,7.82
23/07/2026 17:06,17.25,0.002,7.82
23/07/2026 16:36,17.25,0.002,7.81
23/07/2026 16:06,17.125,0.002,7.81
23/07/2026 15:36,17,0.002,7.81
23/07/2026 15:06,17,0.002,7.8
23/07/2026 14:36,16.875,0.002,7.8
23/07/2026 14:06,16.875,0.002,7.8
23/07/2026 13:36,16.875,0.002,7.79
23/07/2026 13:06,16.75,0.002,7.79
23/07/2026 12:36,16.75,0.002,7.79
23/07/2026 12:06,16.625,0.002,7.79
23/07/2026 11:36,16.5,0.002,7.79
23/07/2026 11:06,16.375,0.002,7.78
23/07/2026 10:36,16.25,0.002,7.79
23/07/2026 10:36,16.25,0.002,7.79
23/07/2026 10:06,16.25,0.002,7.79
23/07/2026 09:36,15.875,0.002,7.81
23/07/2026 09:06,15.75,0.002,7.84
23/07/2026 08:36,16.625,0.002,7.85
23/07/2026 08:06,15.5,0.002,7.86
23/07/2026 07:36,15.5,0.002,7.86
23/07/2026 07:06,16.625,0.002,7.85
23/07/2026 06:36,15.5,0.002,7.85
23/07/2026 06:06,15.625,0.002,7.85
23/07/2026 05:36,15.375,0.002,7.85
23/07/2026 05:06,15.375,0.002,7.84
23/07/2026 04:36,15.25,0.002,7.84
23/07/2026 04:06,15.125,0.002,7.84
23/07/2026 03:36,15.25,0.002,7.84
23/07/2026 03:06,15.125,0.002,7.83
23/07/2026 02:36,15.125,0.002,7.83
23/07/2026 02:06,15,0.002,7.83
23/07/2026 01:36,14.75,0.002,7.82
23/07/2026 01:06,13.75,0.002,7.82
23/07/2026 00:36,14.5,0.002,7.82
23/07/2026 00:06,14.625,0.002,7.81
23/07/2026 00:06,14.625,0.002,7.81
22/07/2026 23:36,14.5,0.002,7.81
22/07/2026 23:06,14.125,0.002,7.81
22/07/2026 22:36,14.125,0.002,7.8
22/07/2026 22:06,15.625,0.002,7.8
22/07/2026 21:36,15.375,0.002,7.8
22/07/2026 21:06,16.125,0.002,7.8
22/07/2026 21:06,16.125,0.002,7.8
22/07/2026 20:36,16.75,0.002,7.8
22/07/2026 20:10,17.5,0.002,7.8
22/07/2026 20:06,17.5,0.002,7.8
22/07/2026 19:36,17.375,0.002,7.8
22/07/2026 19:06,17.5,0.002,7.79
22/07/2026 18:36,17.375,0.002,7.79
22/07/2026 18:06,17.375,0.002,7.78
22/07/2026 17:36,17.375,0.002,7.77
22/07/2026 17:06,17.375,0.002,7.76
22/07/2026 16:36,17.375,0.002,7.75
22/07/2026 16:06,17.25,0.002,7.75
22/07/2026 15:36,17.125,0.002,7.74
22/07/2026 15:06,17.125,0.002,7.74
22/07/2026 14:36,17,0.002,7.73
22/07/2026 14:06,17,0.002,7.73
22/07/2026 13:36,16.875,0.002,7.73
22/07/2026 13:06,16.75,0.002,7.74
22/07/2026 12:36,16.875,0.002,7.74
22/07/2026 12:06,16.875,0.002,7.75
22/07/2026 11:36,16.75,0.002,7.77
22/07/2026 11:06,16.875,0.002,7.8
22/07/2026 10:36,16.75,0.002,7.85
22/07/2026 09:36,15.5,0.002,7.87
22/07/2026 09:36,15.5,0.002,7.87
22/07/2026 09:06,15.625,0.002,7.86
22/07/2026 09:06,15.5,0.002,7.88
22/07/2026 08:36,15.375,0.002,7.9
22/07/2026 08:06,15.25,0.002,7.92
22/07/2026 07:36,15.125,0.002,7.92
22/07/2026 07:06,15.125,0.002,7.92
22/07/2026 07:02,15.125,0.002,7.92
22/07/2026 07:02,15.25,0.002,8.59
22/07/2026 06:36,15.125,0.002,7.92
22/07/2026 06:06,14.75,0.002,7.92
22/07/2026 05:36,14.875,0.002,7.92
22/07/2026 05:06,15,0.002,7.92
22/07/2026 04:55,14.75,0.002,7.92
22/07/2026 04:55,13.75,0.002,7.92
22/07/2026 04:55,14.75,0.002,8.59
22/07/2026 04:36,14.875,0.002,7.92
22/07/2026 04:06,14.75,0.002,7.92
22/07/2026 03:36,15.625,0.002,7.92
22/07/2026 03:36,15.625,0.002,7.92
22/07/2026 03:06,13.75,0.002,7.92
22/07/2026 02:36,14.5,0.002,7.92
22/07/2026 02:06,14.5,0.002,7.92
22/07/2026 01:36,14.5,0.002,7.91
22/07/2026 01:36,14.5,0.002,7.91
22/07/2026 01:06,14.25,0.002,7.91
22/07/2026 00:36,14.25,0.002,7.91
22/07/2026 00:06,14.125,0.002,7.91
21/07/2026 23:36,14,0.002,7.91
21/07/2026 23:06,13.875,0.002,7.91
21/07/2026 22:36,14.625,0.002,7.91
21/07/2026 22:06,13.75,0.002,7.91
21/07/2026 21:36,14.125,0.002,7.92
21/07/2026 21:06,14.75,0.002,7.92
21/07/2026 20:36,15.5,0.002,7.92
21/07/2026 20:06,16.25,0.002,7.93
21/07/2026 19:36,16.25,0.002,7.93
21/07/2026 19:06,16.375,0.002,7.93
21/07/2026 19:06,16.375,0.002,7.93
21/07/2026 18:36,16.25,0.002,7.93
21/07/2026 18:06,16.375,0.002,7.93
21/07/2026 17:36,16.25,0.002,7.93
21/07/2026 17:06,16.25,0.002,7.93
21/07/2026 16:36,16.25,0.002,7.93
21/07/2026 16:06,16.125,0.002,7.93
21/07/2026 15:36,16.125,0.002,7.93
21/07/2026 15:06,16.125,0.002,7.93
21/07/2026 14:36,16.125,0.002,7.92
21/07/2026 14:06,15.875,0.002,7.92
21/07/2026 13:36,15.875,0.002,7.93
21/07/2026 13:06,15.75,0.002,7.92
21/07/2026 12:36,15.75,0.002,7.92
21/07/2026 12:06,15.875,0.002,7.92
21/07/2026 11:36,15.625,0.002,7.92
21/07/2026 11:06,16.625,0.002,7.92
21/07/2026 10:36,15.625,0.002,7.92
21/07/2026 10:06,15.5,0.002,7.92
21/07/2026 09:36,15.5,0.002,7.92
21/07/2026 09:06,15.375,0.002,7.92
21/07/2026 08:36,15.25,0.002,7.92
21/07/2026 08:06,15.25,0.002,7.92
21/07/2026 07:36,15.25,0.002,7.92
21/07/2026 07:06,15,0.002,7.92
21/07/2026 06:36,15.125,0.002,7.91
21/07/2026 06:06,15,0.002,7.92
21/07/2026 05:36,15,0.002,7.91
21/07/2026 05:06,14.875,0.002,7.92
21/07/2026 04:36,13.75,0.002,7.92
21/07/2026 04:06,14.75,0.002,7.92
21/07/2026 03:36,13.75,0.002,7.91
21/07/2026 03:06,14.625,0.002,7.91
21/07/2026 02:36,14.5,0.002,7.91
21/07/2026 02:06,14.625,0.002,7.91
21/07/2026 02:06,14.625,0.002,7.91
21/07/2026 01:36,14.5,0.002,7.91
21/07/2026 01:06,14.375,0.002,7.91
21/07/2026 00:36,14.25,0.002,7.91
21/07/2026 00:06,14.125,0.002,7.91
20/07/2026 23:36,14.125,0.002,7.91
20/07/2026 23:06,14,0.002,7.91
20/07/2026 22:36,13.75,0.002,7.91
20/07/2026 22:06,13.875,0.002,7.91
20/07/2026 21:36,14.5,0.002,7.92
20/07/2026 21:06,15.125,0.002,7.92
20/07/2026 20:36,16,0.002,7.92
20/07/2026 20:06,16.625,0.002,7.93
20/07/2026 19:36,16.5,0.002,7.93
20/07/2026 19:36,16.5,0.002,7.93
20/07/2026 19:06,16.5,0.002,7.93
20/07/2026 18:36,16.5,0.002,7.93
20/07/2026 18:06,16.625,0.002,7.93
20/07/2026 17:36,16.5,0.002,7.93
20/07/2026 17:06,16.5,0.002,7.92
20/07/2026 16:36,16.5,0.002,7.93
20/07/2026 16:06,16.5,0.002,7.93
20/07/2026 15:36,16.375,0.002,7.92
20/07/2026 15:06,16.25,0.002,7.92
20/07/2026 14:36,16.25,0.002,7.92
20/07/2026 14:06,16.25,0.002,7.92
20/07/2026 13:36,16,0.002,7.92
20/07/2026 13:06,16.125,0.002,7.92
20/07/2026 12:36,16.125,0.002,7.92
20/07/2026 12:06,16,0.002,7.92
20/07/2026 11:36,16,0.002,7.92
20/07/2026 11:06,15.75,0.002,7.92
20/07/2026 10:36,16.625,0.002,7.93
20/07/2026 10:06,15.625,0.002,7.93
20/07/2026 09:36,15.625,0.002,7.93
20/07/2026 09:06,15.5,0.002,7.93
20/07/2026 08:36,15.375,0.002,7.93
20/07/2026 08:06,15.25,0.002,7.93
20/07/2026 07:36,15.125,0.002,7.93
20/07/2026 07:36,15.125,0.002,7.93
20/07/2026 07:09,15.25,0.002,7.93
20/07/2026 07:09,15.125,0.002,7.93
20/07/2026 07:09,15.375,0.002,8.6
20/07/2026 07:06,15.125,0.002,7.93
20/07/2026 06:36,15.125,0.002,7.93
20/07/2026 06:06,14.875,0.002,7.93
20/07/2026 05:36,15,0.002,7.93
20/07/2026 05:06,15,0.002,7.93
20/07/2026 04:36,14.75,0.002,7.93
20/07/2026 04:06,14.625,0.002,7.93
20/07/2026 03:36,14.875,0.002,7.93
20/07/2026 03:06,13.75,0.002,7.93
20/07/2026 02:36,14.625,0.002,7.93
20/07/2026 02:06,14.375,0.002,7.93
20/07/2026 01:36,14.375,0.002,7.93
20/07/2026 01:06,14.25,0.002,7.93
20/07/2026 00:36,14.125,0.002,7.93
20/07/2026 00:06,14,0.002,7.93
19/07/2026 23:41,14,0.002,7.93
19/07/2026 23:41,14,0.002,7.93
19/07/2026 23:41,13.875,0.002,8.6
19/07/2026 23:36,13.875,0.002,7.93
19/07/2026 23:06,13.625,0.002,7.93
19/07/2026 22:36,13.5,0.002,7.94
19/07/2026 22:06,13.875,0.002,7.94
19/07/2026 21:43,14.625,0.002,7.95
19/07/2026 21:36,14.375,0.002,7.95
19/07/2026 21:06,15.25,0.002,7.95
19/07/2026 20:36,15.875,0.002,7.96
19/07/2026 20:06,16.5,0.002,7.96
19/07/2026 19:36,16.5,0.002,7.96
19/07/2026 19:06,16.5,0.002,7.96
19/07/2026 18:36,16.5,0.002,7.96
19/07/2026 18:06,16.375,0.002,7.96
19/07/2026 17:36,16.5,0.002,7.95
19/07/2026 17:06,16.5,0.002,7.95
19/07/2026 16:36,16.25,0.002,7.96
19/07/2026 16:06,16.375,0.002,7.95
19/07/2026 15:36,16.375,0.002,7.95
19/07/2026 15:06,16.25,0.002,7.95
19/07/2026 14:36,16.25,0.002,7.95
19/07/2026 14:06,16,0.002,7.95
19/07/2026 13:36,16,0.002,7.95
19/07/2026 13:06,16,0.002,7.95
19/07/2026 12:56,16.125,0.002,7.95
19/07/2026 12:56,15.875,0.002,7.95
19/07/2026 12:56,16,0.002,8.63
19/07/2026 12:36,16,0.002,7.95
19/07/2026 12:06,16.625,0.002,7.95
19/07/2026 11:36,15.875,0.002,7.95
19/07/2026 11:06,15.75,0.002,7.95
19/07/2026 10:36,16.625,0.002,7.95
19/07/2026 10:06,15.625,0.002,7.95
19/07/2026 09:36,15.625,0.002,7.95
19/07/2026 09:06,15.375,0.002,7.95
19/07/2026 08:36,15.5,0.002,7.94
19/07/2026 08:06,15.25,0.002,7.94
19/07/2026 07:36,15.125,0.002,7.94
19/07/2026 07:06,15.25,0.002,7.94
19/07/2026 06:36,15.125,0.002,7.94
19/07/2026 06:06,15.125,0.002,7.94
19/07/2026 05:36,15,0.002,7.94
19/07/2026 05:06,15,0.002,7.94
19/07/2026 04:52,14.75,0.002,7.94
19/07/2026 04:52,14.625,0.002,7.94
19/07/2026 04:52,13.75,0.002,8.62
19/07/2026 04:36,15,0.002,7.94
19/07/2026 04:06,15.625,0.002,7.94
19/07/2026 03:36,14.75,0.002,7.94
19/07/2026 03:06,14.625,0.002,7.94
19/07/2026 02:36,14.625,0.002,7.94
19/07/2026 02:06,14.5,0.002,7.94
19/07/2026 01:36,14.375,0.002,7.94
19/07/2026 01:06,14.5,0.002,7.94
19/07/2026 00:36,14.25,0.002,7.94
19/07/2026 00:06,14.25,0.002,7.94
18/07/2026 23:36,14.125,0.002,7.94
18/07/2026 23:06,13.875,0.002,7.94
18/07/2026 22:59,13.875,0.002,7.94
18/07/2026 22:59,13.875,0.002,7.95
18/07/2026 22:59,13.875,0.002,8.62
18/07/2026 22:36,13.625,0.002,7.95
18/07/2026 22:06,14,0.002,7.95
18/07/2026 21:36,13.75,0.002,7.94
18/07/2026 21:06,15.5,0.002,7.95
18/07/2026 20:36,16.125,0.002,7.95
18/07/2026 20:06,16.75,0.002,7.96
18/07/2026 19:36,16.75,0.002,7.96
18/07/2026 19:06,16.75,0.002,7.96
18/07/2026 18:36,15.75,0.002,7.96
18/07/2026 18:06,16.625,0.002,7.96
18/07/2026 17:36,16.5,0.002,7.96
18/07/2026 17:06,16.5,0.002,7.96
18/07/2026 16:36,16.5,0.002,7.96
18/07/2026 16:06,16.375,0.002,7.96
18/07/2026 15:36,16.25,0.002,7.96
18/07/2026 15:06,16.25,0.002,7.96
18/07/2026 14:36,16.25,0.002,7.96
18/07/2026 14:06,16.125,0.002,7.95
18/07/2026 13:36,16.125,0.002,7.95
18/07/2026 13:27,15.75,0.002,7.95
18/07/2026 13:06,16,0.002,7.95
18/07/2026 12:36,15.875,0.002,7.95
18/07/2026 12:06,15.875,0.002,7.95
18/07/2026 11:36,15.875,0.002,7.95
18/07/2026 11:06,15.75,0.002,7.95
18/07/2026 10:36,15.75,0.002,7.94
18/07/2026 10:06,15.625,0.002,7.94
18/07/2026 09:36,15.5,0.002,7.94
18/07/2026 09:06,15.5,0.002,7.93
18/07/2026 08:36,15.5,0.002,7.93
18/07/2026 08:06,15.375,0.002,7.93
18/07/2026 07:36,15.25,0.002,7.93
18/07/2026 07:36,15.25,0.002,7.93
18/07/2026 07:06,15.25,0.002,7.93
18/07/2026 06:36,15.125,0.002,7.92
18/07/2026 06:06,15.125,0.002,7.93
18/07/2026 05:36,15,0.002,7.92
18/07/2026 05:06,15,0.002,7.92
18/07/2026 04:36,14.75,0.002,7.92
18/07/2026 04:06,14.75,0.002,7.92
18/07/2026 03:36,14.625,0.002,7.92
18/07/2026 03:06,14.625,0.002,7.91
18/07/2026 02:36,14.625,0.002,7.91
18/07/2026 02:06,14.375,0.002,7.91
18/07/2026 01:36,14.5,0.002,7.91
18/07/2026 01:06,14.375,0.002,7.91
18/07/2026 00:36,14.125,0.002,7.9
18/07/2026 00:06,14,0.002,7.9
17/07/2026 23:36,13.875,0.002,7.9
17/07/2026 23:06,13.75,0.002,7.9
17/07/2026 22:36,13.625,0.002,7.9
17/07/2026 22:06,13.875,0.002,7.9
17/07/2026 22:06,13.875,0.002,7.9
17/07/2026 21:36,14.625,0.002,7.9
17/07/2026 21:06,15.375,0.002,7.9
17/07/2026 20:36,16,0.002,7.91
17/07/2026 20:06,16.5,0.002,7.91
17/07/2026 19:36,16.375,0.002,7.91
17/07/2026 19:06,16.5,0.002,7.91
17/07/2026 18:36,16.375,0.002,7.91
17/07/2026 18:06,16.375,0.002,7.91
17/07/2026 17:36,16.25,0.002,7.91
17/07/2026 17:36,16.25,0.002,7.91
17/07/2026 17:06,16.25,0.002,7.9
17/07/2026 16:36,16.25,0.002,7.9
17/07/2026 16:06,16.25,0.002,7.9
17/07/2026 16:06,16.25,0.002,7.9
17/07/2026 15:36,15.875,0.002,7.9
17/07/2026 15:06,16,0.002,7.9
17/07/2026 14:36,16,0.002,7.89
17/07/2026 14:06,15.875,0.002,7.89
17/07/2026 13:36,16.5,0.003,7.89
17/07/2026 13:06,14.75,0.003,7.89
17/07/2026 12:36,15.5,0.003,7.89
17/07/2026 12:06,15.375,0.003,7.89
17/07/2026 11:36,15.25,0.003,7.88
17/07/2026 11:06,15.125,0.003,7.88
17/07/2026 10:36,15,0.003,7.89
17/07/2026 10:06,14.875,0.003,7.89
17/07/2026 09:36,15.625,0.003,7.89
17/07/2026 09:06,14.625,0.003,7.89
17/07/2026 08:36,14.625,0.003,7.89
17/07/2026 08:06,14.5,0.003,7.89
17/07/2026 08:06,14.5,0.003,7.89
17/07/2026 07:36,14.625,0.003,7.89
17/07/2026 07:06,14.25,0.003,7.89
17/07/2026 06:36,14.125,0.003,7.89
17/07/2026 06:06,14.25,0.003,7.88
17/07/2026 05:36,14.125,0.003,7.88
17/07/2026 05:06,14,0.003,7.88
17/07/2026 04:36,13.75,0.003,7.88
17/07/2026 04:06,13.625,0.003,7.88
17/07/2026 03:36,13.5,0.003,7.88
17/07/2026 03:06,13.5,0.003,7.88
17/07/2026 02:36,13.375,0.003,7.87
17/07/2026 02:06,13.25,0.003,7.87
17/07/2026 01:36,12.875,0.003,7.87
17/07/2026 01:06,13.125,0.003,7.87
17/07/2026 01:06,13.125,0.003,7.87
17/07/2026 00:36,13.5,0.003,7.87
17/07/2026 00:06,14.625,0.003,7.87
16/07/2026 23:36,14.125,0.003,7.87
16/07/2026 23:06,14.625,0.003,7.87
16/07/2026 22:36,15.125,0.003,7.87
16/07/2026 22:06,15.375,0.003,7.87
16/07/2026 21:36,16.125,0.003,7.86
16/07/2026 21:06,16.625,0.003,7.87
16/07/2026 20:36,17,0.003,7.87
16/07/2026 20:06,16.75,0.004,7.87
16/07/2026 19:36,16.75,0.004,7.87
16/07/2026 19:06,17.875,0.004,7.86
16/07/2026 18:36,17.875,0.004,7.86
16/07/2026 18:06,17.75,0.004,7.86
16/07/2026 17:36,17.75,0.004,7.86
16/07/2026 17:06,17.75,0.004,7.85
16/07/2026 16:36,17.875,0.004,7.85
16/07/2026 16:06,17.625,0.004,7.85
16/07/2026 15:36,17.625,0.004,7.85
16/07/2026 15:06,17.5,0.003,7.86
16/07/2026 14:36,17.25,0.002,7.87
16/07/2026 14:06,17.125,0.002,7.87
16/07/2026 13:36,17,0.002,7.88
16/07/2026 13:06,17.25,0.002,7.89
16/07/2026 12:36,17,0.002,7.9
16/07/2026 12:06,16.875,0.002,7.91
16/07/2026 11:36,16.75,0.002,7.91
16/07/2026 11:06,16.75,0.002,7.91
16/07/2026 10:36,16.75,0.002,7.91
16/07/2026 10:06,16.625,0.002,7.92
16/07/2026 09:36,17.625,0.002,7.91
16/07/2026 09:06,16.625,0.002,7.91
16/07/2026 08:36,15.75,0.002,7.91
16/07/2026 08:06,16.5,0.002,7.91
16/07/2026 07:36,16.625,0.002,7.9
16/07/2026 07:06,16.625,0.002,7.9
16/07/2026 06:36,16.625,0.002,7.9
16/07/2026 06:06,15.75,0.002,7.9
16/07/2026 05:36,16.75,0.002,7.9
16/07/2026 05:06,17.625,0.002,7.89
16/07/2026 04:36,16.75,0.002,7.89
16/07/2026 04:06,16.875,0.002,7.88
16/07/2026 03:36,17,0.002,7.87
16/07/2026 03:36,17,0.002,7.87
16/07/2026 03:09,16.875,0.002,7.87
16/07/2026 03:09,16.875,0.002,8.52
16/07/2026 03:06,16.875,0.002,7.87
16/07/2026 02:36,16.875,0.002,7.87
16/07/2026 02:06,17,0.002,7.87
16/07/2026 01:36,16.875,0.002,7.86
16/07/2026 01:06,17,0.002,7.86
16/07/2026 00:36,17.125,0.002,7.85
16/07/2026 00:06,17.125,0.002,7.85
15/07/2026 23:36,17,0.002,7.84
15/07/2026 23:34,16.875,0.002,7.85
15/07/2026 23:33,16.875,0.002,7.85
15/07/2026 23:33,16.75,0.002,8.49
15/07/2026 23:06,17.125,0.002,7.84
15/07/2026 22:36,17.125,0.002,7.84
15/07/2026 22:06,17.125,0.002,7.84
15/07/2026 21:36,17,0.002,7.84
15/07/2026 21:06,17.25,0.002,7.83
15/07/2026 20:36,17.125,0.002,7.83
15/07/2026 20:06,17.25,0.002,7.82
15/07/2026 19:36,17.375,0.002,7.82
15/07/2026 19:06,17.25,0.002,7.82
15/07/2026 18:36,17.375,0.002,7.82
15/07/2026 18:06,17.375,0.002,7.81
15/07/2026 17:36,17.375,0.002,7.81
15/07/2026 17:06,17.375,0.002,7.81
15/07/2026 16:36,17.25,0.002,7.81
15/07/2026 16:06,17.25,0.002,7.8
15/07/2026 16:06,17.25,0.002,7.8
15/07/2026 15:36,17.125,0.002,7.8
15/07/2026 15:06,17,0.002,7.8
15/07/2026 14:36,17,0.002,7.8
15/07/2026 14:06,17.125,0.002,7.79
15/07/2026 13:36,17,0.002,7.8
15/07/2026 13:06,16.875,0.002,7.81
15/07/2026 12:36,16.75,0.002,7.82
15/07/2026 12:06,16.625,0.002,7.82
15/07/2026 11:36,16.625,0.002,7.83
15/07/2026 11:06,16.625,0.002,7.84
15/07/2026 10:36,16.5,0.002,7.85
15/07/2026 10:06,16.5,0.002,7.86
15/07/2026 09:36,16.5,0.002,7.87
15/07/2026 09:06,16.5,0.002,7.87
15/07/2026 08:36,16.5,0.002,7.87
15/07/2026 08:06,16.5,0.002,7.87
15/07/2026 07:36,16.375,0.002,7.86
15/07/2026 07:06,16.375,0.002,7.87
15/07/2026 07:06,16.375,0.002,7.87
15/07/2026 06:36,16.5,0.002,7.87
15/07/2026 06:06,16.5,0.002,7.86
15/07/2026 05:36,16.5,0.002,7.86
15/07/2026 05:06,16.625,0.002,7.86
15/07/2026 04:36,15.75,0.002,7.86
15/07/2026 04:06,17.625,0.002,7.87
15/07/2026 03:36,16.875,0.002,7.86
15/07/2026 03:06,16.75,0.002,7.86
15/07/2026 02:36,16.875,0.002,7.86
15/07/2026 02:06,16.875,0.002,7.86
15/07/2026 01:36,16.875,0.002,7.86
15/07/2026 01:06,16.875,0.002,7.85
15/07/2026 00:36,17,0.002,7.85
15/07/2026 00:06,17.125,0.002,7.85
14/07/2026 23:36,17.125,0.002,7.84
14/07/2026 23:36,17.125,0.002,7.84
14/07/2026 23:06,17.125,0.002,7.84
14/07/2026 22:36,17,0.002,7.83
14/07/2026 22:36,17,0.002,7.83
14/07/2026 22:06,17.125,0.002,7.83
14/07/2026 21:36,17.25,0.002,7.82
14/07/2026 21:06,17.375,0.002,7.82
14/07/2026 20:36,17.25,0.002,7.81
14/07/2026 20:06,17.25,0.002,7.81
14/07/2026 19:36,17.25,0.002,7.81
14/07/2026 19:06,17.375,0.002,7.83
14/07/2026 18:36,17.375,0.002,7.82
14/07/2026 18:06,17.375,0.002,7.83
14/07/2026 17:36,17.375,0.002,7.83
14/07/2026 17:06,17.375,0.002,7.83
14/07/2026 16:36,17.375,0.002,7.84
14/07/2026 16:06,17.25,0.002,7.85
14/07/2026 15:36,17.375,0.002,7.86
14/07/2026 15:06,17.25,0.002,7.88
14/07/2026 14:36,17.375,0.002,7.88
14/07/2026 14:06,17.25,0.002,7.88
14/07/2026 14:06,17.25,0.002,7.88
14/07/2026 13:36,17.375,0.002,7.86
14/07/2026 13:06,17.25,0.002,7.84
14/07/2026 12:36,17.375,0.002,7.8
14/07/2026 12:06,17.5,0.002,7.75
14/07/2026 11:36,17.625,0.002,7.67
14/07/2026 11:06,17.625,0.002,7.55
14/07/2026 10:58,17.875,0.002,7.51
14/07/2026 10:58,17.875,0.002,7.5
14/07/2026 10:58,17.875,0.002,7.51
14/07/2026 10:36,17.75,0.002,7.33
14/07/2026 10:06,17.75,0.002,7.01
14/07/2026 09:46,17.25,0.002,6.79
14/07/2026 09:36,17.75,0.002,6.69
14/07/2026 09:06,17.875,0.002,6.46
14/07/2026 08:36,17.875,0.002,6.4
14/07/2026 08:06,17.75,0.002,6.4
11/07/2026 10:36,16.375,0.002,7.98
11/07/2026 10:06,16.375,0.002,7.98
11/07/2026 09:36,16.25,0.002,7.98
11/07/2026 09:06,16.25,0.002,7.97
11/07/2026 08:36,16.25,0.002,7.97
11/07/2026 08:06,16.25,0.002,7.97
11/07/2026 07:36,16.375,0.002,7.97
11/07/2026 07:06,16.375,0.002,7.97
11/07/2026 06:36,16.25,0.002,7.97
11/07/2026 06:06,16.25,0.002,7.97
11/07/2026 05:36,16.375,0.002,7.97
11/07/2026 05:06,16.375,0.003,7.97
11/07/2026 04:36,16.375,0.002,7.97
11/07/2026 04:06,16.5,0.002,7.97
11/07/2026 03:36,16.5,0.003,7.97
11/07/2026 03:06,16.625,0.002,7.97
11/07/2026 03:06,16.625,0.002,7.97
11/07/2026 02:36,16.5,0.002,7.97
11/07/2026 02:36,16.5,0.002,7.97
11/07/2026 02:06,16.625,0.002,7.97
11/07/2026 01:36,16.75,0.002,7.97
11/07/2026 01:06,16.75,0.002,7.97
11/07/2026 00:36,16.75,0.002,7.97
11/07/2026 00:06,16.875,0.002,7.97
10/07/2026 23:36,16.875,0.002,7.98
10/07/2026 23:36,16.875,0.002,7.98
10/07/2026 23:07,17.125,0.002,7.98
10/07/2026 23:07,17,0.002,7.98
10/07/2026 23:07,17,0.002,8.67
10/07/2026 23:06,16.75,0.002,7.98
10/07/2026 22:36,17,0.002,7.97
10/07/2026 22:06,16.875,0.002,7.98
10/07/2026 21:36,17,0.002,7.98
10/07/2026 21:06,16.875,0.002,7.98
10/07/2026 21:06,17,0.002,7.98
10/07/2026 20:36,17.125,0.002,7.98
10/07/2026 20:06,17.125,0.002,7.98
10/07/2026 19:36,17.125,0.002,7.98
10/07/2026 19:17,17.125,0.002,7.98
10/07/2026 19:17,17.25,0.002,8.67
10/07/2026 19:06,17.125,0.002,7.98
10/07/2026 18:36,17.125,0.002,7.98
10/07/2026 18:06,17.125,0.002,7.98
10/07/2026 17:36,17.125,0.002,7.98
10/07/2026 17:06,17,0.002,7.98
10/07/2026 16:36,17,0.002,7.98
10/07/2026 16:06,17,0.002,7.98
10/07/2026 15:36,16.875,0.002,7.98
10/07/2026 15:06,17,0.002,7.98
10/07/2026 14:36,16.75,0.002,7.97
10/07/2026 14:06,16.625,0.002,7.97
10/07/2026 13:36,16.5,0.002,7.97
10/07/2026 13:06,16.625,0.002,7.97
10/07/2026 12:36,16.5,0.002,7.97
10/07/2026 12:06,16.5,0.002,7.96
10/07/2026 11:36,16.5,0.002,7.96
10/07/2026 11:06,16.375,0.002,7.96
10/07/2026 10:36,16.375,0.002,7.96
10/07/2026 10:36,16.375,0.002,7.96
10/07/2026 10:06,16.375,0.002,7.95
10/07/2026 09:36,16.375,0.002,7.95
10/07/2026 09:06,16.5,0.002,7.95
10/07/2026 09:06,16.5,0.002,7.95
10/07/2026 08:36,16.375,0.002,7.95
10/07/2026 08:06,16.375,0.002,7.94
10/07/2026 07:36,16.375,0.002,7.94
10/07/2026 07:06,16.375,0.002,7.94
10/07/2026 06:36,16.375,0.002,7.94
10/07/2026 06:06,16.5,0.002,7.94
10/07/2026 05:36,16.375,0.002,7.93
10/07/2026 05:06,16.5,0.002,7.93
10/07/2026 04:36,16.5,0.002,7.93
10/07/2026 04:06,16.625,0.002,7.93
10/07/2026 03:36,16.75,0.002,7.93
10/07/2026 03:06,16.75,0.002,7.93
10/07/2026 02:36,17.625,0.002,7.93
10/07/2026 02:06,16.75,0.002,7.93
10/07/2026 01:36,16.875,0.002,7.92
10/07/2026 01:06,16.875,0.002,7.92
10/07/2026 00:36,16.875,0.002,7.92
10/07/2026 00:06,17,0.002,7.92
09/07/2026 23:36,16.875,0.002,7.92
09/07/2026 23:06,17,0.003,7.92
09/07/2026 22:36,17.125,0.002,7.92
09/07/2026 22:06,17.125,0.002,7.91
09/07/2026 22:05,17,0.002,7.91
09/07/2026 21:36,17,0.002,7.91
09/07/2026 21:06,17.125,0.002,7.91
09/07/2026 20:36,17,0.002,7.91
09/07/2026 20:06,17,0.002,7.9
09/07/2026 19:36,17.125,0.002,7.9
09/07/2026 19:11,17.5,0.002,7.9
09/07/2026 19:11,17.375,0.002,8.57
09/07/2026 19:06,17,0.002,7.9
09/07/2026 18:36,17.125,0.002,7.9
09/07/2026 18:06,17,0.002,7.9
09/07/2026 17:36,17,0.002,7.91
09/07/2026 17:06,16.875,0.002,7.91
09/07/2026 16:36,17,0.002,7.92
09/07/2026 16:06,16.875,0.003,7.94
09/07/2026 15:36,16.875,0.002,7.96
09/07/2026 15:06,16.75,0.002,7.99
09/07/2026 14:36,16.625,0.002,8
09/07/2026 14:06,16.625,0.002,8
09/07/2026 13:36,16.625,0.002,8
09/07/2026 13:06,16.5,0.002,7.99
09/07/2026 12:36,16.375,0.002,7.99
09/07/2026 12:36,16.375,0.002,7.99
09/07/2026 12:06,16.5,0.002,7.99
09/07/2026 12:03,16.5,0.002,7.99
09/07/2026 12:01,16.375,0.002,7.99
09/07/2026 11:36,16.5,0.002,7.99
09/07/2026 11:06,16.375,0.002,7.99
09/07/2026 10:36,16.375,0.002,7.98
09/07/2026 10:06,16.375,0.002,7.98
09/07/2026 09:36,16.25,0.002,7.98
09/07/2026 09:06,16.25,0.002,7.98
09/07/2026 08:36,16.25,0.002,7.98
09/07/2026 08:06,16.25,0.002,7.98
09/07/2026 07:36,16.25,0.002,7.97
09/07/2026 07:06,16.25,0.002,7.98
09/07/2026 06:36,16.25,0.002,7.97
09/07/2026 06:06,16.25,0.002,7.98
09/07/2026 05:36,16.25,0.002,7.98
09/07/2026 05:06,16.25,0.002,7.98
09/07/2026 04:36,16.5,0.002,7.98
09/07/2026 04:06,16.5,0.002,7.98
09/07/2026 03:36,16.375,0.002,7.98
09/07/2026 03:06,16.5,0.002,7.98
09/07/2026 02:36,16.5,0.002,7.98
09/07/2026 02:06,16.5,0.002,7.98
09/07/2026 01:36,16.5,0.002,7.98
09/07/2026 01:06,16.625,0.002,7.99
09/07/2026 00:36,15.75,0.002,7.99
09/07/2026 00:06,17.625,0.002,7.99
08/07/2026 23:36,16.75,0.002,7.99
08/07/2026 23:06,15.75,0.002,7.99
08/07/2026 22:36,16.75,0.002,7.99
08/07/2026 22:06,16.875,0.002,7.99
08/07/2026 21:36,16.875,0.002,7.99
08/07/2026 21:15,16.375,0.002,7.99
08/07/2026 21:06,16.875,0.002,7.99
08/07/2026 20:36,16.875,0.002,7.99
08/07/2026 20:06,16.875,0.002,7.99
08/07/2026 19:36,17,0.002,7.99
08/07/2026 19:06,16.875,0.002,7.99
08/07/2026 18:36,16.875,0.002,8
08/07/2026 18:06,16.875,0.002,7.99
08/07/2026 17:36,16.75,0.002,7.99
08/07/2026 17:06,16.75,0.002,8
08/07/2026 16:36,16.75,0.002,8
08/07/2026 16:06,17.625,0.002,8
08/07/2026 15:36,16.625,0.002,8
08/07/2026 15:26,16.875,0.002,8
08/07/2026 15:26,16.75,0.002,8.7
08/07/2026 15:06,16.625,0.002,8
08/07/2026 14:36,16.5,0.002,8
08/07/2026 14:06,16.625,0.002,8
08/07/2026 13:36,16.5,0.002,7.99
08/07/2026 13:06,16.5,0.002,7.99
08/07/2026 12:36,16.25,0.002,7.99
08/07/2026 12:06,16.25,0.002,7.99
08/07/2026 11:36,16.25,0.002,7.99
08/07/2026 11:22,16.375,0.002,7.99
08/07/2026 11:06,16.25,0.002,7.99
08/07/2026 10:48,16.25,0.002,7.98
08/07/2026 10:48,16.25,0.002,7.99
08/07/2026 10:48,16.125,0.002,8.68
08/07/2026 10:36,16.375,0.002,7.99
08/07/2026 10:06,16.375,0.002,7.98
08/07/2026 09:36,16.25,0.002,7.98
08/07/2026 09:06,16.25,0.002,7.98
08/07/2026 08:36,16.25,0.002,7.98
08/07/2026 08:06,16.25,0.002,7.98
08/07/2026 07:36,16.25,0.002,7.98
08/07/2026 07:06,16.25,0.002,7.98
08/07/2026 06:36,16.25,0.002,7.98
08/07/2026 06:06,16.25,0.002,7.99
08/07/2026 05:36,16.375,0.002,7.99
08/07/2026 05:06,16.5,0.002,7.98
08/07/2026 04:36,16.375,0.002,7.99
08/07/2026 04:06,16.5,0.002,7.99
08/07/2026 03:36,16.5,0.002,7.99
08/07/2026 03:06,16.625,0.002,7.99
08/07/2026 02:36,16.625,0.002,7.99
08/07/2026 02:06,16.625,0.002,7.99
08/07/2026 01:36,16.75,0.002,8
08/07/2026 01:06,16.75,0.002,8
08/07/2026 00:36,16.75,0.002,8
08/07/2026 00:06,16.75,0.002,8
07/07/2026 23:36,16.75,0.002,8
07/07/2026 23:06,17,0.002,8
07/07/2026 23:06,17,0.002,8
07/07/2026 22:36,16.875,0.002,8
07/07/2026 22:06,17.125,0.002,8
07/07/2026 21:36,17,0.002,8
07/07/2026 21:36,17,0.002,8
07/07/2026 21:06,17,0.002,8.01
07/07/2026 20:36,17,0.002,8.01
07/07/2026 20:06,17.125,0.002,8.01
07/07/2026 19:36,17.125,0.002,8.01
07/07/2026 19:06,17.125,0.002,8.01
07/07/2026 18:36,17,0.002,8.01
07/07/2026 18:06,17.125,0.002,8.01
07/07/2026 17:36,17.125,0.002,8.01
07/07/2026 17:36,17.125,0.002,8.01
07/07/2026 17:06,17,0.001,8.01
07/07/2026 16:36,16.875,0.001,8.01
07/07/2026 16:06,16.875,0.001,8.01
07/07/2026 15:36,16.875,0.001,8.01
07/07/2026 15:06,16.75,0.001,8.01
07/07/2026 14:36,17.625,0.001,8.01
07/07/2026 14:06,16.75,0.001,8.01
07/07/2026 14:06,16.75,0.001,8.01
07/07/2026 13:36,16.625,0.001,8.01
07/07/2026 13:06,16.625,0.001,8.01
07/07/2026 12:36,16.5,0.001,8
07/07/2026 12:06,16.5,0.002,8
07/07/2026 11:36,16.5,0.001,8
07/07/2026 11:06,16.5,0.002,8
07/07/2026 10:36,16.375,0.002,7.99
07/07/2026 10:06,16.375,0.002,7.99
07/07/2026 09:36,16.375,0.002,7.99
07/07/2026 09:06,16.375,0.002,7.99
07/07/2026 08:36,16.375,0.002,7.99
07/07/2026 08:06,16.375,0.002,7.99
07/07/2026 07:36,16.25,0.002,7.99
07/07/2026 07:06,16.375,0.002,7.99
07/07/2026 07:06,16.375,0.002,7.99
07/07/2026 06:36,16.375,0.002,7.99
07/07/2026 06:06,16.5,0.002,7.99
07/07/2026 05:36,16.5,0.002,7.99
07/07/2026 05:06,16.625,0.002,7.99
07/07/2026 04:36,16.625,0.002,7.99
07/07/2026 04:06,16.5,0.002,8
07/07/2026 03:36,16.625,0.002,8
07/07/2026 03:06,17.625,0.002,8
07/07/2026 02:36,16.75,0.002,8
07/07/2026 02:06,16.75,0.002,8
07/07/2026 01:36,16.875,0.002,8
07/07/2026 01:06,16.75,0.002,8
07/07/2026 00:36,16.875,0.002,8
07/07/2026 00:06,16.875,0.002,8
06/07/2026 23:36,16.875,0.002,8.01
06/07/2026 23:06,16.875,0.002,8.01
06/07/2026 22:36,17.125,0.002,8.01
06/07/2026 22:06,17.125,0.002,8.01
06/07/2026 21:36,17.125,0.002,8.01
06/07/2026 21:06,17.125,0.002,8.01
06/07/2026 20:36,17,0.002,8.01
06/07/2026 20:06,17.375,0.002,8.01
06/07/2026 19:36,17.375,0.002,8.01
06/07/2026 19:06,17.125,0.002,8.02
06/07/2026 18:36,17.25,0.002,8.02
06/07/2026 18:06,17.25,0.002,8.02
06/07/2026 17:36,17.25,0.002,8.02
06/07/2026 17:06,17.125,0.002,8.02
06/07/2026 16:36,17.125,0.002,8.02
06/07/2026 16:06,17,0.002,8.02
06/07/2026 15:36,16.875,0.002,8.02
06/07/2026 15:06,16.875,0.002,8.02
06/07/2026 14:36,16.875,0.002,8.02
06/07/2026 14:06,17,0.002,8.02
06/07/2026 13:36,16.875,0.002,8.01
06/07/2026 13:06,16.75,0.002,8.01
06/07/2026 12:36,16.75,0.002,8.01
06/07/2026 12:06,16.625,0.002,8.01
06/07/2026 11:36,16.625,0.002,8.01
06/07/2026 11:06,15.75,0.002,8
06/07/2026 11:06,15.75,0.002,8
06/07/2026 10:36,16.5,0.002,8
06/07/2026 10:06,16.625,0.002,8
06/07/2026 09:36,15.75,0.002,7.99
06/07/2026 09:06,16.5,0.002,7.99
06/07/2026 08:36,16.5,0.002,7.99
06/07/2026 08:06,16.5,0.002,7.99
06/07/2026 07:36,16.5,0.002,7.99
06/07/2026 07:10,16.5,0.002,7.99
06/07/2026 07:06,16.625,0.002,7.99
06/07/2026 07:06,16.625,0.002,7.99
06/07/2026 06:36,16.5,0.002,7.99
06/07/2026 06:06,16.5,0.002,7.99
06/07/2026 05:36,16.625,0.002,7.99
06/07/2026 05:06,16.5,0.002,7.99
06/07/2026 04:36,16.5,0.002,7.99
06/07/2026 04:06,15.75,0.002,7.99
06/07/2026 03:36,16.625,0.002,7.99
06/07/2026 03:06,16.75,0.002,8
06/07/2026 02:36,16.75,0.002,7.99
06/07/2026 02:06,16.75,0.002,8
06/07/2026 01:36,15.75,0.002,8
06/07/2026 01:06,16.75,0.002,8
06/07/2026 00:36,16.75,0.002,8
06/07/2026 00:06,16.875,0.002,8
05/07/2026 23:44,17,0.002,8
05/07/2026 23:44,17,0.002,8.7
05/07/2026 23:36,16.75,0.002,8
05/07/2026 23:06,16.75,0.002,8
05/07/2026 22:36,16.875,0.002,8
05/07/2026 22:06,17,0.002,8
05/07/2026 21:36,17,0.002,8.01
05/07/2026 21:06,17,0.002,8.01
05/07/2026 20:36,17,0.002,8.01
05/07/2026 20:36,17,0.002,8.01
05/07/2026 20:34,17,0.002,8.01
05/07/2026 20:34,17,0.002,8.01
05/07/2026 20:34,17,0.002,8.71
05/07/2026 20:06,17.125,0.002,8.01
05/07/2026 19:36,17.125,0.002,8.01
05/07/2026 19:36,17.125,0.002,8.01
05/07/2026 19:06,17,0.002,8.01
05/07/2026 19:06,17,0.002,8.01
05/07/2026 18:36,17,0.002,8.01
05/07/2026 18:06,17,0.002,8.01
05/07/2026 17:36,17,0.002,8.01
05/07/2026 17:06,17.125,0.002,8.01
05/07/2026 16:36,17,0.002,8.01
05/07/2026 16:06,17,0.002,8.02
05/07/2026 15:36,17,0.002,8.02
05/07/2026 15:06,16.75,0.002,8.02
05/07/2026 14:36,16.875,0.002,8.02
05/07/2026 14:06,16.875,0.002,8.01
05/07/2026 13:36,16.75,0.002,8.01
05/07/2026 13:06,17.625,0.002,8.01
05/07/2026 12:36,16.625,0.002,8
05/07/2026 12:06,16.5,0.002,8
05/07/2026 11:36,16.5,0.002,8
05/07/2026 11:06,16.5,0.002,8
05/07/2026 10:36,16.5,0.002,7.99
05/07/2026 10:06,16.5,0.002,7.99
05/07/2026 09:36,16.625,0.002,7.99
05/07/2026 09:06,16.5,0.002,7.98
05/07/2026 08:36,16.25,0.002,7.98
05/07/2026 08:06,16.25,0.002,7.98
05/07/2026 07:52,16.375,0.002,7.98
05/07/2026 07:52,16.25,0.002,7.98
05/07/2026 07:52,16.375,0.002,8.68
05/07/2026 07:36,16.25,0.002,7.98
05/07/2026 07:10,16.5,0.002,7.98
05/07/2026 07:06,16.25,0.002,7.98
05/07/2026 06:36,16.375,0.002,7.98
05/07/2026 06:06,16.375,0.002,7.98
05/07/2026 05:36,16.25,0.002,7.98
05/07/2026 05:06,16.5,0.002,7.98
05/07/2026 04:36,16.5,0.002,7.98
05/07/2026 04:06,16.5,0.002,7.98
05/07/2026 03:36,16.625,0.002,7.99
05/07/2026 03:06,16.5,0.002,7.99
05/07/2026 02:39,16.5,0.002,7.99
05/07/2026 01:36,16.625,0.002,7.99
05/07/2026 01:06,16.625,0.002,7.99
05/07/2026 00:36,16.625,0.002,7.99
05/07/2026 00:06,15.75,0.002,7.99
04/07/2026 23:36,15.75,0.002,7.99
04/07/2026 23:06,16.75,0.002,7.99
04/07/2026 22:36,16.75,0.002,7.99
04/07/2026 22:06,16.75,0.002,7.99
04/07/2026 22:06,16.75,0.002,7.99
04/07/2026 21:36,16.75,0.002,7.99
04/07/2026 21:06,16.875,0.002,8
04/07/2026 20:36,16.75,0.002,8
04/07/2026 20:06,16.875,0.002,8
04/07/2026 19:36,16.75,0.002,8
04/07/2026 19:06,16.75,0.002,8
04/07/2026 18:36,16.875,0.002,8
04/07/2026 18:06,16.875,0.002,8
04/07/2026 17:36,16.875,0.002,8
04/07/2026 17:06,16.875,0.002,8
04/07/2026 16:36,16.75,0.002,8
04/07/2026 16:06,17.625,0.002,8
04/07/2026 15:36,16.875,0.002,8
04/07/2026 15:06,15.75,0.002,8
04/07/2026 14:36,16.625,0.002,8
04/07/2026 14:06,16.75,0.002,8
04/07/2026 13:36,16.5,0.002,7.99
04/07/2026 13:06,16.5,0.002,7.99
04/07/2026 12:36,16.5,0.002,7.99
04/07/2026 12:06,16.375,0.002,7.99
04/07/2026 11:36,16.375,0.002,7.98
04/07/2026 11:06,16.375,0.002,7.98
04/07/2026 10:36,16.375,0.002,7.98
04/07/2026 10:06,16.375,0.002,7.97
04/07/2026 09:36,16.375,0.002,7.97
04/07/2026 09:06,16.25,0.002,7.97
04/07/2026 08:36,16.25,0.002,7.96
04/07/2026 08:06,16.25,0.002,7.96
04/07/2026 07:36,16.25,0.002,7.96
04/07/2026 07:06,16.25,0.002,7.96
04/07/2026 06:36,16.25,0.002,7.96
04/07/2026 06:06,16.375,0.002,7.96
04/07/2026 05:36,16.375,0.002,7.96
04/07/2026 05:06,16.25,0.002,7.96
04/07/2026 04:36,16.25,0.002,7.96
04/07/2026 04:06,16.25,0.002,7.96
04/07/2026 03:36,16.375,0.002,7.97
04/07/2026 03:06,16.375,0.002,7.97
04/07/2026 02:36,16.375,0.002,7.97
04/07/2026 02:06,16.5,0.002,7.96
04/07/2026 01:40,16.5,0.002,7.97
04/07/2026 01:40,16.5,0.002,8.65
04/07/2026 01:36,16.375,0.002,7.97
04/07/2026 01:06,16.5,0.002,7.96
04/07/2026 01:06,16.5,0.002,7.96
04/07/2026 00:36,16.625,0.002,7.96
04/07/2026 00:06,16.5,0.002,7.97
03/07/2026 23:36,16.625,0.002,7.97
03/07/2026 23:06,16.5,0.002,7.96
03/07/2026 23:06,16.5,0.002,7.96
03/07/2026 22:36,16.5,0.002,7.97
03/07/2026 22:06,16.5,0.002,7.96
03/07/2026 21:36,16.625,0.002,7.96
03/07/2026 21:06,15.75,0.002,7.97
03/07/2026 20:36,15.75,0.002,7.96
03/07/2026 20:06,16.75,0.002,7.96
03/07/2026 20:06,16.75,0.002,7.96
03/07/2026 19:36,16.75,0.002,7.97
03/07/2026 19:06,16.75,0.002,7.96
03/07/2026 18:36,17.625,0.002,7.96
03/07/2026 18:06,16.75,0.002,7.97
03/07/2026 17:36,16.75,0.002,7.97
03/07/2026 17:06,15.75,0.002,7.97
03/07/2026 16:36,16.625,0.002,7.96
03/07/2026 16:06,16.625,0.002,7.96
03/07/2026 15:36,16.375,0.002,7.96
03/07/2026 15:06,16.5,0.002,7.96
03/07/2026 14:36,16.5,0.002,7.96
03/07/2026 14:06,16.625,0.002,7.96
03/07/2026 13:36,16.375,0.002,7.95
03/07/2026 13:06,16.25,0.002,7.95
03/07/2026 12:36,16.25,0.001,7.95
03/07/2026 12:06,16.25,0.001,7.94
03/07/2026 11:36,16.25,0.001,7.94
03/07/2026 11:06,16.25,0.001,7.93
03/07/2026 10:36,16.25,0.001,7.93
03/07/2026 10:06,16.125,0.001,7.93
03/07/2026 09:36,16.25,0.001,7.92
03/07/2026 09:06,16.125,0.001,7.92
03/07/2026 08:36,16.25,0.001,7.91
03/07/2026 08:06,16.125,0.001,7.91
03/07/2026 07:36,16.125,0.001,7.91
03/07/2026 07:06,16,0.001,7.9
03/07/2026 06:36,16.125,0.001,7.9
03/07/2026 06:32,16.125,0.001,7.9
03/07/2026 06:06,16.125,0.001,7.9
03/07/2026 05:36,16,0.001,7.9
03/07/2026 05:06,16.25,0.001,7.9
03/07/2026 04:36,16.25,0.001,7.9
03/07/2026 04:06,16.25,0.001,7.89
03/07/2026 03:36,16.25,0.001,7.89
03/07/2026 03:06,16.25,0.001,7.89
03/07/2026 02:36,16.25,0.001,7.89
03/07/2026 02:06,16.25,0.001,7.88
03/07/2026 01:36,16.375,0.001,7.88
03/07/2026 01:06,16.25,0.001,7.88
03/07/2026 01:06,16.25,0.001,7.88
03/07/2026 00:36,16.375,0.001,7.88
03/07/2026 00:06,16.25,0.001,7.87
02/07/2026 23:36,16.25,0.001,7.87
02/07/2026 23:06,16.375,0.001,7.87
02/07/2026 22:36,16.375,0.001,7.87
02/07/2026 22:06,16.375,0.001,7.86
02/07/2026 21:36,16.375,0.001,7.86
02/07/2026 21:06,16.5,0.001,7.85
02/07/2026 20:36,16.625,0.001,7.85
02/07/2026 20:06,16.5,0.001,7.84
02/07/2026 19:36,16.5,0.001,7.84
02/07/2026 19:06,16.375,0.001,7.83
02/07/2026 18:36,16.5,0.001,7.83
02/07/2026 18:06,16.5,0.001,7.82
02/07/2026 17:36,16.5,0.001,7.82
02/07/2026 17:06,16.5,0.001,7.81
02/07/2026 16:36,16.5,0.001,7.8
02/07/2026 16:06,16.5,0.001,7.8
02/07/2026 15:36,16.5,0.001,7.79
02/07/2026 15:06,16.625,0.001,7.78
02/07/2026 14:36,16.5,0.001,7.77
02/07/2026 14:06,16.5,0.001,7.76
02/07/2026 13:36,16.375,0.001,7.75
02/07/2026 13:06,16.375,0.002,7.74
02/07/2026 12:36,16.375,0.002,7.72
02/07/2026 12:06,16.375,0.002,7.72
02/07/2026 11:36,16.375,0.002,7.71
02/07/2026 11:06,16.375,0.002,7.71
02/07/2026 10:36,16.25,0.002,7.72
02/07/2026 10:06,16.375,0.002,7.74
02/07/2026 09:36,16.125,0.002,7.76
02/07/2026 09:06,16.25,0.002,7.8
02/07/2026 08:36,16.375,0.002,7.83
02/07/2026 08:06,16.125,0.002,7.85
02/07/2026 07:36,16.25,0.002,7.87
02/07/2026 07:06,16.25,0.002,7.89
02/07/2026 06:36,16.125,0.002,7.91
02/07/2026 06:06,16.125,0.002,7.92
02/07/2026 05:36,16.125,0.002,7.91
02/07/2026 05:36,16.125,0.002,7.91
02/07/2026 05:06,16,0.002,7.91
02/07/2026 04:36,16.125,0.002,7.91
02/07/2026 04:06,16.25,0.002,7.91
02/07/2026 03:36,16.25,0.002,7.91
02/07/2026 03:06,16.25,0.002,7.91
02/07/2026 02:36,16.25,0.002,7.91
02/07/2026 02:36,16.25,0.002,7.91
02/07/2026 02:06,16.25,0.002,7.91
02/07/2026 02:06,16.25,0.002,7.91
02/07/2026 01:36,16.25,0.002,7.9
02/07/2026 01:06,16.25,0.002,7.9
02/07/2026 00:36,16.25,0.002,7.9
02/07/2026 00:06,16.375,0.002,7.9
01/07/2026 23:36,16.375,0.002,7.9
01/07/2026 23:06,16.25,0.002,7.89
01/07/2026 22:36,16.25,0.002,7.89
01/07/2026 22:36,16.25,0.002,7.89
01/07/2026 22:06,16.25,0.002,7.89
01/07/2026 21:36,16.375,0.002,7.89
01/07/2026 21:06,16.375,0.002,7.88
01/07/2026 20:46,16.625,0.002,7.88
01/07/2026 20:46,16.75,0.002,7.88
01/07/2026 20:46,16.625,0.002,8.54
01/07/2026 20:45,15.75,0.002,7.88
01/07/2026 20:45,16.5,0.002,8.54
01/07/2026 20:44,16.5,0.002,7.88
01/07/2026 20:44,16.375,0.002,8.54
01/07/2026 20:36,16.5,0.002,7.88
01/07/2026 20:06,16.5,0.002,7.88
01/07/2026 19:36,16.5,0.002,7.88
01/07/2026 19:06,16.625,0.002,7.87
01/07/2026 18:36,16.625,0.002,7.87
01/07/2026 18:06,16.75,0.002,7.87
01/07/2026 17:36,15.75,0.002,7.87
01/07/2026 17:06,17.625,0.002,7.87
01/07/2026 16:36,16.75,0.002,7.86
01/07/2026 16:06,16.875,0.002,7.86
01/07/2026 15:36,16.875,0.002,7.86
01/07/2026 15:06,16.875,0.002,7.86
01/07/2026 14:36,17,0.002,7.87
01/07/2026 14:25,16.625,0.002,7.86
01/07/2026 14:06,17,0.002,7.87
01/07/2026 13:36,17,0.002,7.88
01/07/2026 13:06,17.125,0.002,7.89
01/07/2026 12:36,17.125,0.002,7.91
01/07/2026 12:06,17,0.002,7.94
01/07/2026 11:36,17,0.002,7.96
01/07/2026 11:06,16.875,0.002,7.98
01/07/2026 10:36,16.75,0.002,7.98
01/07/2026 10:06,16.625,0.002,7.99
01/07/2026 09:36,16.75,0.002,7.99
01/07/2026 09:06,16.5,0.002,7.99
01/07/2026 08:36,16.5,0.002,7.99
01/07/2026 08:36,16.5,0.002,7.99
01/07/2026 08:06,16.5,0.002,7.98
01/07/2026 07:36,16.5,0.002,7.98
01/07/2026 07:23,17.625,0.002,7.99
01/07/2026 07:23,15.75,0.002,8.68
01/07/2026 07:06,16.5,0.002,7.98
01/07/2026 06:36,16.625,0.002,7.99
01/07/2026 06:06,16.625,0.002,7.99
01/07/2026 05:36,16.75,0.002,7.99
01/07/2026 05:06,15.75,0.002,7.99
01/07/2026 04:36,16.75,0.002,7.99
01/07/2026 04:36,16.75,0.002,7.99
01/07/2026 04:06,16.75,0.002,7.99
01/07/2026 03:36,16.875,0.002,7.99
01/07/2026 03:06,16.875,0.002,7.99
01/07/2026 02:36,16.875,0.002,7.99
01/07/2026 02:06,16.875,0.002,7.99
01/07/2026 01:36,16.875,0.002,7.99
01/07/2026 01:06,17,0.002,7.99
01/07/2026 00:45,16.75,0.002,8
01/07/2026 00:36,17,0.002,7.99
01/07/2026 00:06,17,0.002,8
01/07/2026 00:05,16.875,0.002,8
01/07/2026 00:05,16.875,0.002,8.69
30/06/2026 23:52,17.25,0.002,8
30/06/2026 23:51,17.25,0.002,8
30/06/2026 23:51,17.375,0.002,8.69
30/06/2026 23:36,17,0.002,8
30/06/2026 23:06,17.125,0.002,8
30/06/2026 22:36,17,0.002,8
30/06/2026 22:06,17.125,0.002,8
30/06/2026 21:36,17.25,0.002,8
30/06/2026 21:06,17.25,0.002,8
30/06/2026 20:36,17.375,0.002,8
30/06/2026 20:06,17.25,0.002,8
30/06/2026 19:36,17.25,0.002,8
30/06/2026 19:06,17.25,0.002,8
30/06/2026 18:36,17.375,0.002,8
30/06/2026 18:06,17.25,0.002,8
30/06/2026 17:36,17.25,0.002,8
30/06/2026 17:06,17.125,0.002,8.01
30/06/2026 16:36,17.125,0.002,8
30/06/2026 16:06,17,0.002,8
30/06/2026 15:36,17,0.002,8.01
30/06/2026 15:06,17,0.002,8
30/06/2026 14:36,16.875,0.002,8
30/06/2026 14:06,17.125,0.002,8
30/06/2026 13:36,16.75,0.002,8
30/06/2026 13:06,16.75,0.002,8
30/06/2026 12:36,17.625,0.002,7.99
30/06/2026 12:06,16.625,0.002,7.99
30/06/2026 11:36,16.5,0.002,7.99
30/06/2026 11:06,16.5,0.002,7.99
30/06/2026 10:36,16.5,0.002,7.98
30/06/2026 10:06,16.625,0.002,7.98
30/06/2026 09:36,15.75,0.002,7.98
30/06/2026 09:06,16.5,0.002,7.98
30/06/2026 08:52,16.5,0.002,7.98
30/06/2026 08:36,16.375,0.002,7.98
30/06/2026 08:06,16.5,0.002,7.97
30/06/2026 07:36,16.375,0.002,7.97
30/06/2026 07:06,16.5,0.002,7.97
30/06/2026 06:36,16.375,0.002,7.98
30/06/2026 06:06,16.5,0.002,7.98
30/06/2026 05:36,16.5,0.002,7.98
30/06/2026 05:06,16.5,0.002,7.98
30/06/2026 04:36,16.5,0.002,7.98
30/06/2026 04:06,16.375,0.002,7.98
30/06/2026 03:36,16.5,0.002,7.98
30/06/2026 03:06,16.625,0.002,7.98
30/06/2026 02:36,16.5,0.002,7.98
30/06/2026 02:06,16.5,0.002,7.98
30/06/2026 01:36,16.75,0.002,7.98
30/06/2026 01:06,15.75,0.002,7.98
30/06/2026 00:54,16.75,0.002,7.98
30/06/2026 00:54,17,0.002,8.68
30/06/2026 00:36,16.75,0.002,7.98
30/06/2026 00:06,16.75,0.002,7.98
29/06/2026 23:36,16.75,0.002,7.98
29/06/2026 23:06,16.875,0.002,7.99
29/06/2026 22:36,16.75,0.002,7.99
29/06/2026 22:06,16.875,0.002,7.99
29/06/2026 21:36,16.75,0.002,7.99
29/06/2026 21:06,17,0.002,7.99
29/06/2026 20:36,16.875,0.002,7.99
29/06/2026 20:06,17,0.002,7.99
29/06/2026 19:36,16.875,0.002,7.99
29/06/2026 19:06,16.875,0.002,7.99
29/06/2026 18:36,17,0.002,7.99
29/06/2026 18:06,17,0.002,7.99
29/06/2026 17:36,17,0.002,7.99
29/06/2026 17:06,16.875,0.002,7.99
29/06/2026 16:36,16.875,0.002,7.99
29/06/2026 16:06,16.75,0.002,7.99
29/06/2026 15:36,16.875,0.002,7.99
29/06/2026 15:06,16.75,0.002,7.99
29/06/2026 14:36,16.75,0.002,7.99
29/06/2026 14:06,16.875,0.002,7.99
29/06/2026 13:36,16.625,0.002,7.99
29/06/2026 13:06,16.5,0.002,7.99
29/06/2026 12:36,16.5,0.002,7.98
29/06/2026 12:06,16.5,0.002,7.98
29/06/2026 11:36,16.5,0.002,7.98
29/06/2026 11:06,16.5,0.002,7.98
29/06/2026 10:36,16.5,0.002,7.98
29/06/2026 10:06,16.375,0.002,7.98
29/06/2026 09:36,16.5,0.002,7.97
29/06/2026 09:06,16.25,0.002,7.97
29/06/2026 08:36,16.25,0.002,7.97
29/06/2026 08:06,16.375,0.002,7.97
29/06/2026 07:36,16.375,0.002,7.97
29/06/2026 07:06,16.375,0.002,7.97
29/06/2026 06:36,16.25,0.002,7.97
29/06/2026 06:06,16.375,0.002,7.97
29/06/2026 05:36,16.375,0.002,7.97
29/06/2026 05:06,16.375,0.002,7.97
29/06/2026 04:36,16.5,0.002,7.97
29/06/2026 04:06,16.5,0.002,7.97
29/06/2026 03:36,16.5,0.002,7.98
29/06/2026 03:06,16.625,0.002,7.98
29/06/2026 02:36,16.625,0.002,7.97
29/06/2026 02:06,17.625,0.002,7.98
29/06/2026 01:36,16.625,0.002,7.98
29/06/2026 01:36,16.625,0.002,7.98
29/06/2026 01:17,16.875,0.002,7.98
29/06/2026 01:17,17.625,0.002,7.98
29/06/2026 01:17,15.75,0.002,8.67
29/06/2026 01:06,16.75,0.002,7.98
29/06/2026 00:36,16.75,0.002,7.98
29/06/2026 00:06,16.75,0.002,7.98
28/06/2026 23:36,16.75,0.002,7.98
28/06/2026 23:06,16.75,0.002,7.98
28/06/2026 22:36,16.75,0.002,7.98
28/06/2026 22:06,16.75,0.002,7.98
28/06/2026 21:36,16.875,0.002,7.98
28/06/2026 21:36,16.875,0.002,7.98
28/06/2026 21:06,17,0.002,7.98
28/06/2026 21:06,17,0.002,7.98
28/06/2026 20:36,17,0.002,7.98
28/06/2026 20:06,17,0.002,7.98
28/06/2026 19:36,17.125,0.002,7.98
28/06/2026 19:06,16.875,0.002,7.98
28/06/2026 18:36,17,0.002,7.98
28/06/2026 18:36,17,0.002,7.98
28/06/2026 18:06,17,0.002,7.98
28/06/2026 17:36,17,0.002,7.98
28/06/2026 17:06,16.875,0.002,7.98
28/06/2026 16:36,16.875,0.002,7.98
28/06/2026 16:06,16.875,0.002,7.98
28/06/2026 15:36,16.75,0.002,7.98
28/06/2026 15:06,16.75,0.002,7.98
28/06/2026 14:36,15.75,0.002,7.98
28/06/2026 14:06,16.75,0.002,7.98
28/06/2026 13:36,16.5,0.002,7.98
28/06/2026 13:06,16.625,0.002,7.97
28/06/2026 12:36,16.5,0.002,7.97
28/06/2026 12:06,16.375,0.002,7.97
28/06/2026 11:36,16.375,0.002,7.97
28/06/2026 11:06,16.375,0.002,7.97
28/06/2026 10:36,16.375,0.002,7.97
28/06/2026 10:06,16.375,0.002,7.96
28/06/2026 09:36,16.5,0.002,7.96
28/06/2026 09:06,16.25,0.002,7.96
28/06/2026 08:36,16.25,0.002,7.96
28/06/2026 08:06,16.25,0.002,7.96
28/06/2026 08:06,16.25,0.002,7.96
28/06/2026 07:36,16.25,0.002,7.96
28/06/2026 07:06,16.125,0.002,7.96
28/06/2026 06:36,16.375,0.002,7.96
28/06/2026 06:06,16.25,0.002,7.96
28/06/2026 05:36,16.375,0.002,7.96
28/06/2026 05:06,16.375,0.002,7.96
28/06/2026 04:36,16.375,0.002,7.97
28/06/2026 04:06,16.375,0.002,7.97
28/06/2026 03:36,16.5,0.002,7.97
28/06/2026 03:36,16.5,0.002,7.97
28/06/2026 03:06,16.5,0.002,7.97
28/06/2026 02:36,16.5,0.002,7.97
28/06/2026 02:06,16.5,0.002,7.97
28/06/2026 01:36,16.5,0.002,7.97
28/06/2026 01:06,16.625,0.002,7.97
28/06/2026 00:36,16.625,0.002,7.97
28/06/2026 00:06,15.75,0.002,7.97
27/06/2026 23:36,17.5,0.002,7.97
27/06/2026 23:06,15.75,0.002,7.97
27/06/2026 22:41,16.625,0.002,7.97
27/06/2026 22:40,16.5,0.002,7.97
27/06/2026 22:40,16.5,0.002,8.66
27/06/2026 22:36,16.625,0.002,7.97
27/06/2026 22:06,17.625,0.002,7.97
27/06/2026 22:06,17.625,0.002,7.97
27/06/2026 21:36,16.75,0.002,7.97
27/06/2026 21:06,16.75,0.002,7.97
27/06/2026 20:36,16.75,0.002,7.97
27/06/2026 20:06,16.875,0.002,7.97
27/06/2026 19:58,17,0.002,7.97
27/06/2026 19:46,17.25,0.002,7.97
27/06/2026 18:36,16.875,0.002,7.97
27/06/2026 18:06,16.875,0.002,7.97
27/06/2026 17:36,16.875,0.002,7.97
27/06/2026 17:06,16.875,0.002,7.97
27/06/2026 16:36,16.75,0.002,7.97
27/06/2026 16:06,16.75,0.002,7.97
27/06/2026 15:36,16.75,0.002,7.97
27/06/2026 15:06,16.75,0.002,7.97
27/06/2026 14:36,17.625,0.002,7.97
27/06/2026 14:06,16.875,0.002,7.97
27/06/2026 13:36,16.5,0.002,7.97
27/06/2026 13:06,16.5,0.002,7.96
27/06/2026 12:36,16.375,0.002,7.96
27/06/2026 12:06,16.5,0.002,7.96
27/06/2026 11:36,16.5,0.002,7.96
27/06/2026 11:06,16.5,0.002,7.96
27/06/2026 11:06,16.5,0.002,7.96
27/06/2026 10:36,16.5,0.002,7.96
27/06/2026 10:06,16.5,0.002,7.96
27/06/2026 09:36,16.5,0.002,7.95
27/06/2026 09:06,16.375,0.002,7.95
27/06/2026 08:36,16.375,0.002,7.95
27/06/2026 08:06,16.375,0.002,7.95
27/06/2026 07:36,16.375,0.002,7.95
27/06/2026 07:06,16.375,0.002,7.95
27/06/2026 06:36,16.375,0.002,7.95
27/06/2026 06:06,16.5,0.002,7.95
27/06/2026 05:36,16.5,0.002,7.95
27/06/2026 05:06,16.375,0.002,7.95
27/06/2026 04:36,16.5,0.002,7.95
27/06/2026 04:06,16.5,0.002,7.95
27/06/2026 03:36,16.625,0.002,7.95
27/06/2026 03:06,17.625,0.002,7.95
27/06/2026 02:36,16.75,0.002,7.95
27/06/2026 02:06,16.75,0.002,7.95
27/06/2026 01:36,16.75,0.002,7.95
27/06/2026 01:06,16.875,0.002,7.95
27/06/2026 00:36,16.75,0.002,7.95
27/06/2026 00:06,16.75,0.002,7.95
26/06/2026 23:36,16.75,0.002,7.95
26/06/2026 23:06,16.875,0.002,7.95
26/06/2026 22:36,16.875,0.002,7.95
26/06/2026 22:06,16.875,0.002,7.95
26/06/2026 21:36,17,0.002,7.95
26/06/2026 21:06,17,0.002,7.95
26/06/2026 20:36,17,0.002,7.95
26/06/2026 20:36,17,0.002,7.95
26/06/2026 20:06,17,0.002,7.95
26/06/2026 19:36,17,0.002,7.95
26/06/2026 19:06,17,0.002,7.95
26/06/2026 18:36,17.125,0.002,7.95
26/06/2026 18:06,17,0.002,7.95
26/06/2026 17:36,17,0.002,7.95
26/06/2026 17:06,17,0.002,7.95
26/06/2026 16:36,16.875,0.002,7.95
26/06/2026 16:06,16.75,0.002,7.95
26/06/2026 15:36,16.75,0.002,7.95
26/06/2026 15:06,16.875,0.002,7.95
26/06/2026 14:37,15.5,0.002,7.95
26/06/2026 13:36,16.625,0.002,7.95
26/06/2026 13:06,16.5,0.002,7.95
26/06/2026 12:36,16.375,0.002,7.95
26/06/2026 12:06,16.375,0.002,7.95
26/06/2026 12:06,16.375,0.002,7.95
26/06/2026 11:36,16.375,0.002,7.95
26/06/2026 11:06,16.375,0.002,7.95
26/06/2026 10:36,16.375,0.002,7.95
26/06/2026 10:06,16.25,0.002,7.94
26/06/2026 09:36,16.5,0.002,7.94
26/06/2026 09:06,16.25,0.002,7.94
26/06/2026 08:36,16.25,0.002,7.94
26/06/2026 08:06,16.25,0.002,7.94
26/06/2026 07:36,16.25,0.002,7.94
26/06/2026 07:06,16.25,0.002,7.94
26/06/2026 06:36,16.25,0.002,7.94
26/06/2026 06:06,16.25,0.002,7.94
26/06/2026 05:36,16.375,0.002,7.94
26/06/2026 05:06,16.375,0.002,7.94
26/06/2026 04:36,16.25,0.002,7.94
26/06/2026 04:06,16.375,0.002,7.94
26/06/2026 03:36,16.375,0.002,7.94
26/06/2026 03:06,16.375,0.002,7.94
26/06/2026 02:36,16.375,0.002,7.94
26/06/2026 02:06,16.5,0.002,7.94
26/06/2026 01:36,16.5,0.002,7.94
26/06/2026 01:06,16.5,0.002,7.94
26/06/2026 00:36,16.5,0.002,7.94
26/06/2026 00:36,16.5,0.002,7.94
26/06/2026 00:06,16.5,0.002,7.93
25/06/2026 23:36,16.625,0.002,7.94
25/06/2026 23:06,16.625,0.002,7.93
25/06/2026 22:36,16.5,0.002,7.93
25/06/2026 22:36,16.5,0.002,7.93
25/06/2026 22:06,16.5,0.002,7.94
25/06/2026 21:36,16.375,0.002,7.93
25/06/2026 21:06,16.625,0.002,7.93
25/06/2026 20:36,16.625,0.002,7.93
25/06/2026 20:06,16.5,0.002,7.93
25/06/2026 19:36,17.625,0.002,7.93
25/06/2026 19:06,15.75,0.002,7.93
25/06/2026 18:36,16.625,0.002,7.93
25/06/2026 18:06,16.75,0.002,7.93
25/06/2026 17:36,16.625,0.002,7.93
25/06/2026 17:06,16.625,0.002,7.92
25/06/2026 16:36,16.5,0.002,7.92
25/06/2026 16:06,16.5,0.002,7.92
25/06/2026 15:36,16.5,0.002,7.92
25/06/2026 15:06,16.5,0.002,7.92
25/06/2026 14:36,16.375,0.002,7.92
25/06/2026 14:06,16.5,0.002,7.92
25/06/2026 13:36,16.5,0.002,7.91
25/06/2026 13:06,16.5,0.002,7.91
25/06/2026 12:36,16.375,0.002,7.91
25/06/2026 12:06,16.375,0.002,7.91
25/06/2026 11:36,16.375,0.002,7.91
25/06/2026 11:36,16.375,0.002,7.91
25/06/2026 11:06,16.375,0.002,7.91
25/06/2026 10:36,16.375,0.002,7.91
25/06/2026 10:06,16.375,0.002,7.92
25/06/2026 09:36,16.25,0.002,7.93
25/06/2026 09:06,16.25,0.002,7.94
25/06/2026 08:36,16.25,0.002,7.94
25/06/2026 08:06,16.25,0.002,7.94
25/06/2026 07:36,16.25,0.002,7.94
25/06/2026 07:06,16.25,0.002,7.94
25/06/2026 06:36,16.125,0.002,7.94
25/06/2026 06:06,16.25,0.002,7.94
25/06/2026 05:36,16.25,0.002,7.94
25/06/2026 05:06,16.25,0.002,7.94
25/06/2026 04:36,16.25,0.002,7.94
25/06/2026 04:06,16.25,0.002,7.94
25/06/2026 03:36,16.25,0.002,7.94
25/06/2026 03:06,16.25,0.002,7.94
25/06/2026 02:36,16.25,0.002,7.94
25/06/2026 02:06,16.375,0.002,7.94
25/06/2026 01:36,16.375,0.002,7.94
25/06/2026 01:24,16.5,0.002,7.94
25/06/2026 01:24,16.5,0.002,8.62
25/06/2026 01:06,16.375,0.002,7.94
25/06/2026 00:40,16.25,0.002,7.94
25/06/2026 00:36,16.375,0.002,7.94
25/06/2026 00:06,16.375,0.002,7.94
24/06/2026 23:36,16.5,0.002,7.94
24/06/2026 23:06,16.5,0.002,7.94
24/06/2026 22:36,16.5,0.002,7.94
24/06/2026 22:20,16.5,0.002,7.94
24/06/2026 22:20,16.5,0.002,8.62
24/06/2026 22:06,16.5,0.002,7.94
24/06/2026 21:36,16.375,0.002,7.94
24/06/2026 21:06,16.5,0.002,7.94
24/06/2026 20:36,16.5,0.002,7.94
24/06/2026 20:06,16.5,0.002,7.94
24/06/2026 19:36,16.5,0.002,7.94
24/06/2026 19:06,16.375,0.002,7.94
24/06/2026 18:36,16.375,0.002,7.93
24/06/2026 18:06,16.375,0.002,7.94
24/06/2026 17:36,16.5,0.002,7.94
24/06/2026 17:06,16.5,0.002,7.93
24/06/2026 16:36,16.375,0.002,7.93
24/06/2026 16:06,16.375,0.002,7.93
24/06/2026 15:36,16.375,0.002,7.93
24/06/2026 15:36,16.375,0.002,7.93
24/06/2026 15:06,16.375,0.002,7.93
24/06/2026 14:36,16.25,0.002,7.93
24/06/2026 14:06,16.25,0.002,7.93
24/06/2026 13:36,16.375,0.002,7.93
24/06/2026 13:06,16.25,0.002,7.92
24/06/2026 12:36,16.25,0.003,7.92
24/06/2026 12:06,16.125,0.003,7.92
24/06/2026 11:36,16.125,0.003,7.92
24/06/2026 11:06,16.125,0.003,7.92
24/06/2026 10:36,16.125,0.003,7.92
24/06/2026 10:06,16.125,0.003,7.91
24/06/2026 09:36,16.125,0.003,7.92
24/06/2026 09:06,16,0.003,7.91
24/06/2026 08:36,16,0.003,7.91
24/06/2026 08:06,15.75,0.003,7.91
24/06/2026 07:36,15.75,0.003,7.91
24/06/2026 07:06,15.75,0.003,7.91
24/06/2026 06:36,15.875,0.003,7.91
24/06/2026 06:06,15.75,0.003,7.91
24/06/2026 05:36,15.75,0.003,7.91
24/06/2026 05:06,15.875,0.003,7.91
24/06/2026 04:36,15.875,0.003,7.91
24/06/2026 04:06,15.75,0.002,7.91
24/06/2026 03:36,15.75,0.002,7.91
24/06/2026 03:06,15.875,0.002,7.9
24/06/2026 02:36,14.875,0.001,7.9
24/06/2026 02:06,15.875,0.001,7.9
24/06/2026 01:36,15.75,0.001,7.91
24/06/2026 01:06,15.75,0.001,7.9
24/06/2026 00:36,15.75,0.001,7.9
24/06/2026 00:36,15.75,0.001,7.9
24/06/2026 00:06,15.75,0.001,7.9
23/06/2026 23:36,15.75,0.001,7.9
23/06/2026 23:06,15.75,0.001,7.9
23/06/2026 22:36,15.625,0.001,7.9
23/06/2026 22:06,15.625,0.001,7.89
23/06/2026 21:36,15.625,0.001,7.89
23/06/2026 21:06,15.625,0.001,7.89
23/06/2026 20:36,15.625,0.001,7.89
23/06/2026 20:06,15.5,0.001,7.89
23/06/2026 19:36,15.5,0.001,7.89
23/06/2026 19:06,15.25,0.001,7.89
23/06/2026 18:36,15.25,0.001,7.89
23/06/2026 18:06,15.5,0.002,7.88
23/06/2026 17:36,15.375,0.002,7.88
23/06/2026 17:36,15.375,0.002,7.88
23/06/2026 17:06,15.25,0.002,7.88
23/06/2026 16:36,15.125,0.002,7.88
23/06/2026 16:06,15,0.001,7.88
23/06/2026 15:36,15,0.001,7.87
23/06/2026 15:06,14.875,0.001,7.87
23/06/2026 14:36,14.75,0.001,7.87
23/06/2026 14:06,15,0.001,7.87
23/06/2026 13:36,14.625,0.001,7.87
23/06/2026 13:06,14.5,0.001,7.86
23/06/2026 12:36,14.375,0.001,7.86
23/06/2026 12:06,14.25,0.001,7.86
23/06/2026 11:36,14.375,0.001,7.86
23/06/2026 11:06,14.5,0.001,7.86
23/06/2026 10:36,15.125,0.001,7.87
23/06/2026 10:06,16.5,0.001,7.87
23/06/2026 09:36,16,0.001,7.87
23/06/2026 09:06,15.75,0.001,7.86
23/06/2026 08:36,14.875,0.001,7.86
23/06/2026 08:06,15.625,0.001,7.86
23/06/2026 07:36,15.5,0.001,7.86
23/06/2026 07:06,15.5,0.001,7.86
23/06/2026 06:36,15.375,0.001,7.86
23/06/2026 06:06,15.375,0.001,7.85
23/06/2026 05:36,15.5,0.001,7.85
23/06/2026 05:06,15.375,0.001,7.85
23/06/2026 04:36,15.25,0.001,7.85
23/06/2026 04:06,15.25,0.001,7.84
23/06/2026 03:36,15.25,0.001,7.85
23/06/2026 03:06,15,0.001,7.84
23/06/2026 02:36,15,0.001,7.84
23/06/2026 02:06,14.875,0.001,7.84
23/06/2026 01:36,14.875,0.001,7.83
23/06/2026 01:06,14.875,0.001,7.83
23/06/2026 00:36,15.625,0.001,7.83
23/06/2026 00:06,13.75,0.001,7.83
22/06/2026 23:36,14.625,0.001,7.83
22/06/2026 23:06,14.5,0.001,7.83
22/06/2026 22:36,14.5,0.001,7.82
22/06/2026 22:36,14.5,0.001,7.82
22/06/2026 22:06,14.25,0.001,7.82
22/06/2026 21:36,14.25,0.001,7.82
22/06/2026 21:06,14.125,0.001,7.81
22/06/2026 20:36,13.875,0.001,7.81
22/06/2026 20:06,13.875,0.001,7.81
22/06/2026 20:06,13.875,0.001,7.81
22/06/2026 19:36,12.75,0.001,7.81
22/06/2026 19:06,13.5,0.001,7.81
22/06/2026 18:36,13.5,0.001,7.8
22/06/2026 18:06,13.25,0.001,7.8
22/06/2026 17:36,13.125,0.001,7.8
22/06/2026 17:06,12.75,0.001,7.8
22/06/2026 16:36,12.75,0.001,7.81
22/06/2026 16:06,13.125,0.001,7.81
22/06/2026 15:36,13.5,0.001,7.83
22/06/2026 15:06,14.625,0.001,7.84
22/06/2026 14:36,13.875,0.001,7.86
22/06/2026 14:06,14,0.001,7.87
22/06/2026 13:36,14.25,0.001,7.88
22/06/2026 13:06,14.375,0.001,7.89
22/06/2026 12:36,14.5,0.001,7.9
22/06/2026 12:06,14.5,0.001,7.9
22/06/2026 11:36,14.75,0.001,7.9
22/06/2026 11:06,15.125,0.001,7.91
22/06/2026 10:36,15.625,0.001,7.91
22/06/2026 10:06,16,0.001,7.91
22/06/2026 09:36,15.75,0.001,7.91
22/06/2026 09:06,15.75,0.001,7.91
22/06/2026 08:36,15.625,0.001,7.91
22/06/2026 08:06,16.5,0.001,7.91
22/06/2026 07:36,15.625,0.001,7.91
22/06/2026 07:36,15.625,0.001,7.91
22/06/2026 07:06,15.5,0.001,7.91
22/06/2026 06:36,15.5,0.001,7.9
22/06/2026 06:36,15.5,0.001,7.9
22/06/2026 06:06,15.375,0.001,7.91
22/06/2026 05:36,15.375,0.001,7.91
22/06/2026 05:06,15.5,0.001,7.9
22/06/2026 04:36,15.375,0.001,7.91
22/06/2026 04:36,15.375,0.001,7.91
22/06/2026 04:06,15.25,0.001,7.9
22/06/2026 03:36,15,0.001,7.91
22/06/2026 03:06,15.25,0.001,7.9
22/06/2026 02:36,15.125,0.001,7.9
22/06/2026 02:06,15,0.001,7.9
22/06/2026 01:36,15,0.001,7.9
22/06/2026 01:06,15,0.001,7.9
22/06/2026 00:36,14.875,0.001,7.9
22/06/2026 00:06,14.75,0.001,7.9
21/06/2026 23:36,14.625,0.001,7.9
21/06/2026 23:06,15.375,0.001,7.9
21/06/2026 22:36,14.5,0.001,7.9
21/06/2026 22:06,14.375,0.001,7.9
21/06/2026 21:36,14.25,0.001,7.9
21/06/2026 21:06,14.25,0.001,7.9
21/06/2026 20:36,14.125,0.001,7.9
21/06/2026 20:06,14,0.001,7.89
21/06/2026 19:36,13.75,0.001,7.9
21/06/2026 19:06,12.75,0.001,7.89
21/06/2026 18:36,13.5,0.001,7.89
21/06/2026 18:06,13.375,0.001,7.89
21/06/2026 17:36,13.5,0.001,7.89
21/06/2026 17:06,13.375,0.001,7.89
21/06/2026 16:56,11.75,0.001,7.89
21/06/2026 16:36,12.75,0.001,7.89
21/06/2026 16:06,13.125,0.001,7.89
21/06/2026 15:36,13.375,0.001,7.89
21/06/2026 15:06,13.375,0.001,7.89
21/06/2026 14:36,13.625,0.001,7.89
21/06/2026 14:06,13.875,0.001,7.9
21/06/2026 13:36,14,0.001,7.9
21/06/2026 13:06,14.25,0.001,7.9
21/06/2026 13:06,14.25,0.001,7.9
21/06/2026 12:36,14.5,0.001,7.9
21/06/2026 12:06,14.875,0.001,7.9
21/06/2026 11:36,15.25,0.001,7.91
21/06/2026 11:06,16.625,0.001,7.91
21/06/2026 10:36,16,0.001,7.91
21/06/2026 10:06,15.75,0.001,7.91
21/06/2026 09:36,15.75,0.001,7.91
21/06/2026 09:06,15.75,0.001,7.9
21/06/2026 08:36,15.5,0.001,7.91
21/06/2026 08:06,15.5,0.001,7.9
21/06/2026 07:36,15.375,0.001,7.9
21/06/2026 07:06,15.625,0.001,7.9
21/06/2026 06:36,15.375,0.001,7.9
21/06/2026 06:06,15.5,0.001,7.9
21/06/2026 05:36,15.375,0.001,7.9
21/06/2026 05:06,15.375,0.001,7.9
21/06/2026 04:36,15.375,0.001,7.9
21/06/2026 04:06,15.25,0.001,7.9
21/06/2026 03:36,15.125,0.001,7.9
21/06/2026 03:06,15.125,0.001,7.9
21/06/2026 03:06,15.125,0.001,7.9
21/06/2026 02:36,15.25,0.001,7.9
21/06/2026 02:06,15,0.001,7.9
21/06/2026 01:36,15,0.001,7.89
21/06/2026 01:06,15,0.001,7.89
21/06/2026 00:36,14.75,0.001,7.89
21/06/2026 00:36,14.75,0.001,7.89
21/06/2026 00:06,14.875,0.001,7.89
20/06/2026 23:36,13.75,0.001,7.89
20/06/2026 23:06,14.5,0.001,7.89
20/06/2026 23:06,14.5,0.001,7.89
20/06/2026 22:36,14.5,0.001,7.89
20/06/2026 22:06,14.5,0.001,7.89
20/06/2026 21:36,14.5,0.001,7.89
20/06/2026 21:06,14.125,0.001,7.89
20/06/2026 20:36,14.125,0.001,7.89
20/06/2026 20:06,14.125,0.001,7.89
20/06/2026 19:36,13.875,0.001,7.89
20/06/2026 19:06,14.625,0.001,7.89
20/06/2026 18:36,12.75,0.001,7.88
20/06/2026 18:06,13.375,0.001,7.88
20/06/2026 17:36,13.125,0.001,7.88
20/06/2026 17:06,12.875,0.001,7.88
20/06/2026 16:36,13.125,0.001,7.88
20/06/2026 16:06,13.375,0.001,7.88
20/06/2026 15:36,13.5,0.001,7.88
20/06/2026 15:06,13.75,0.001,7.89
20/06/2026 14:36,13.875,0.001,7.89
20/06/2026 14:06,14.25,0.001,7.89
20/06/2026 14:06,14.25,0.001,7.89
20/06/2026 13:36,14.625,0.001,7.89
20/06/2026 13:06,14.75,0.001,7.89
20/06/2026 12:36,15.375,0.001,7.89
20/06/2026 12:06,15.75,0.001,7.9
20/06/2026 11:36,16,0.001,7.9
20/06/2026 11:06,15.875,0.001,7.89
20/06/2026 10:36,15.875,0.001,7.9
20/06/2026 10:06,15.75,0.001,7.89
20/06/2026 09:36,15.75,0.001,7.89
20/06/2026 09:06,15.5,0.001,7.89
20/06/2026 08:36,15.5,0.001,7.89
20/06/2026 08:06,15.625,0.001,7.89
20/06/2026 08:06,15.625,0.001,7.89
20/06/2026 07:36,15.625,0.001,7.89
20/06/2026 07:06,15.375,0.001,7.89
20/06/2026 06:36,15.5,0.001,7.89
20/06/2026 06:06,15.5,0.001,7.89
20/06/2026 05:36,15.25,0.001,7.89
20/06/2026 05:06,15.25,0.001,7.89
20/06/2026 04:36,15.25,0.001,7.89
20/06/2026 04:06,15.25,0.001,7.89
20/06/2026 03:36,15.25,0.001,7.88
20/06/2026 03:06,15.25,0.001,7.88
20/06/2026 02:36,15.125,0.001,7.88
20/06/2026 02:06,15.125,0.001,7.88
20/06/2026 01:36,15,0.001,7.88
20/06/2026 01:06,14.875,0.001,7.88
20/06/2026 00:36,14.875,0.001,7.88
20/06/2026 00:36,14.875,0.001,7.88
20/06/2026 00:06,14.75,0.001,7.88
19/06/2026 23:36,14.625,0.001,7.88
19/06/2026 23:06,15.625,0.001,7.88
19/06/2026 22:36,14.625,0.001,7.88
19/06/2026 22:06,14.625,0.001,7.87
19/06/2026 21:36,14.625,0.001,7.87
19/06/2026 21:36,14.625,0.001,7.87
19/06/2026 21:06,14.375,0.001,7.87
19/06/2026 20:36,14.375,0.001,7.87
19/06/2026 20:06,14.25,0.001,7.87
19/06/2026 19:36,14.25,0.001,7.87
19/06/2026 19:06,14,0.001,7.87
19/06/2026 18:36,13.875,0.001,7.87
19/06/2026 18:06,13.75,0.001,7.86
19/06/2026 18:06,13.75,0.001,7.86
19/06/2026 17:36,13.5,0.001,7.86
19/06/2026 17:06,13.375,0.001,7.86
19/06/2026 16:36,13.125,0.001,7.86
19/06/2026 16:06,12.875,0.001,7.86
19/06/2026 15:36,13.125,0.001,7.86
19/06/2026 15:06,13.5,0.001,7.86
19/06/2026 14:36,13.75,0.001,7.86
19/06/2026 14:06,14.125,0.001,7.87
19/06/2026 13:36,14.375,0.001,7.87
19/06/2026 13:06,15.625,0.001,7.87
19/06/2026 12:36,15.25,0.001,7.88
19/06/2026 12:06,15.75,0.001,7.88
19/06/2026 11:36,14.875,0.001,7.88
19/06/2026 11:06,15.75,0.001,7.88
19/06/2026 10:36,14.875,0.001,7.88
19/06/2026 10:06,16.5,0.001,7.88
19/06/2026 09:36,15.625,0.001,7.88
19/06/2026 09:06,15.625,0.001,7.88
19/06/2026 08:36,15.5,0.001,7.87
19/06/2026 08:06,15.5,0.001,7.87
19/06/2026 07:36,15.25,0.001,7.87
19/06/2026 07:06,15.25,0.001,7.87
19/06/2026 06:36,15.25,0.001,7.87
19/06/2026 06:06,15.25,0.001,7.87
19/06/2026 05:36,15.25,0.001,7.86
19/06/2026 05:06,15.25,0.001,7.86
19/06/2026 04:36,15.125,0.001,7.86
19/06/2026 04:06,15.125,0.001,7.86
19/06/2026 03:36,15.125,0.001,7.86
19/06/2026 03:36,15.125,0.001,7.86
19/06/2026 03:06,15.125,0.001,7.86
19/06/2026 02:36,14.875,0.001,7.85
19/06/2026 02:06,15,0.001,7.85
19/06/2026 01:36,14.75,0.001,7.85
19/06/2026 01:06,14.75,0.001,7.85
19/06/2026 00:36,14.75,0.001,7.85
19/06/2026 00:06,14.625,0.001,7.85
18/06/2026 23:36,14.625,0.001,7.84
18/06/2026 23:06,14.5,0.001,7.85
18/06/2026 22:36,14.5,0.001,7.84
18/06/2026 22:06,14.375,0.001,7.84
18/06/2026 21:36,14.25,0.001,7.84
18/06/2026 21:06,14.25,0.001,7.84
18/06/2026 20:36,14.25,0.001,7.84
18/06/2026 20:06,14.125,0.001,7.83
18/06/2026 19:36,14,0.001,7.83
18/06/2026 19:36,14,0.001,7.83
18/06/2026 19:06,13.875,0.001,7.83
18/06/2026 18:36,12.75,0.001,7.83
18/06/2026 18:06,13.375,0.001,7.83
18/06/2026 17:36,13.25,0.001,7.82
18/06/2026 17:06,13,0.001,7.82
18/06/2026 16:36,13,0.001,7.82
18/06/2026 16:06,13.25,0.001,7.82
18/06/2026 15:36,13.5,0.001,7.83
18/06/2026 15:06,12.75,0.001,7.83
18/06/2026 14:36,13.875,0.001,7.83
18/06/2026 14:06,14.125,0.001,7.83
18/06/2026 13:36,14.5,0.001,7.84
18/06/2026 13:06,14.875,0.001,7.85
18/06/2026 12:36,15.25,0.001,7.86
18/06/2026 12:06,15.75,0.001,7.87
18/06/2026 11:36,15.875,0.001,7.89
18/06/2026 11:06,15.75,0.001,7.89
18/06/2026 10:36,15.75,0.001,7.9
18/06/2026 10:06,14.75,0.001,7.91
18/06/2026 09:36,15.625,0.001,7.91
18/06/2026 09:06,15.375,0.001,7.9
18/06/2026 08:36,15.25,0.001,7.9
18/06/2026 08:06,15.25,0.001,7.9
18/06/2026 07:36,15.375,0.001,7.9
18/06/2026 07:06,15.25,0.001,7.9
18/06/2026 06:36,15.125,0.001,7.9
18/06/2026 06:36,15.125,0.001,7.9
18/06/2026 06:06,15.25,0.001,7.9
18/06/2026 05:36,15.25,0.001,7.9
18/06/2026 05:06,15.125,0.001,7.9
18/06/2026 04:36,15.125,0.001,7.9
18/06/2026 04:06,14.875,0.001,7.9
18/06/2026 03:36,15.125,0.001,7.9
18/06/2026 03:06,15,0.001,7.91
18/06/2026 02:36,15,0.001,7.9
18/06/2026 02:36,15,0.001,7.9
18/06/2026 02:06,14.75,0.001,7.9
18/06/2026 01:36,13.75,0.001,7.9
18/06/2026 01:06,14.75,0.001,7.9
18/06/2026 00:36,15.5,0.001,7.9
18/06/2026 00:06,15.5,0.001,7.9
17/06/2026 23:36,14.5,0.001,7.9
17/06/2026 23:36,14.5,0.001,7.9
17/06/2026 23:06,14.375,0.001,7.9
17/06/2026 22:36,14.5,0.001,7.9
17/06/2026 22:06,14.25,0.001,7.9
17/06/2026 21:36,14.25,0.001,7.9
17/06/2026 21:06,14.125,0.001,7.9
17/06/2026 20:36,13.875,0.001,7.9
17/06/2026 20:06,14,0.001,7.9
17/06/2026 19:36,13.875,0.001,7.91
17/06/2026 19:06,13.75,0.001,7.9
17/06/2026 18:36,13.5,0.001,7.9
17/06/2026 18:06,13.5,0.001,7.9
17/06/2026 17:36,13.375,0.001,7.9
17/06/2026 17:06,13,0.001,7.9
17/06/2026 17:06,13,0.001,7.9
17/06/2026 16:36,13.25,0.001,7.9
17/06/2026 16:06,13.625,0.001,7.91
17/06/2026 15:36,13.625,0.001,7.91
17/06/2026 15:06,14.125,0.001,7.91
17/06/2026 14:36,14.125,0.001,7.91
17/06/2026 14:36,14.125,0.001,7.91
17/06/2026 14:06,14.5,0.001,7.91
17/06/2026 13:36,14.75,0.001,7.92
17/06/2026 13:06,15.25,0.001,7.92
17/06/2026 12:36,15.875,0.001,7.93
17/06/2026 12:06,15.75,0.001,7.93
17/06/2026 11:36,15.875,0.001,7.93
17/06/2026 11:06,15.625,0.001,7.92
17/06/2026 10:36,15.75,0.001,7.92
17/06/2026 10:06,15.5,0.001,7.92
17/06/2026 09:36,15.875,0.001,7.93
17/06/2026 09:06,15.625,0.001,7.92
17/06/2026 08:36,15.5,0.001,7.92
17/06/2026 08:06,15.5,0.001,7.92
17/06/2026 07:36,15.375,0.001,7.92
17/06/2026 07:06,15.375,0.001,7.92
17/06/2026 06:36,15.375,0.001,7.93
17/06/2026 06:06,15.375,0.001,7.93
17/06/2026 05:36,15.25,0.001,7.93
17/06/2026 05:06,15.25,0.001,7.93
17/06/2026 04:36,15.25,0.001,7.93
17/06/2026 04:06,15.125,0.001,7.93
17/06/2026 03:36,15.125,0.001,7.93
17/06/2026 03:06,15,0.001,7.93
17/06/2026 02:36,15.125,0.001,7.92
17/06/2026 02:06,14.875,0.001,7.93
17/06/2026 01:36,15,0.001,7.93
17/06/2026 01:06,14.75,0.001,7.93
17/06/2026 00:36,14.625,0.001,7.93
17/06/2026 00:06,14.625,0.001,7.93
16/06/2026 23:36,14.625,0.001,7.93
16/06/2026 23:06,14.375,0.001,7.93
16/06/2026 22:36,14.5,0.001,7.93
16/06/2026 22:06,14.375,0.001,7.93
16/06/2026 21:36,14.625,0.001,7.93
16/06/2026 21:06,14.375,0.001,7.92
16/06/2026 20:36,14.125,0.001,7.92
16/06/2026 20:06,14.25,0.001,7.92
16/06/2026 19:36,14,0.001,7.91
16/06/2026 19:06,14,0.001,7.91
16/06/2026 19:06,14,0.001,7.91
16/06/2026 18:36,13.75,0.001,7.91
16/06/2026 18:06,14.625,0.001,7.91
16/06/2026 17:36,13.5,0.001,7.91
16/06/2026 17:06,13.375,0.001,7.91
16/06/2026 16:36,13.25,0.001,7.91
16/06/2026 16:06,13.5,0.001,7.91
16/06/2026 15:36,13.875,0.001,7.91
16/06/2026 15:36,13.875,0.001,7.91
16/06/2026 15:06,14.125,0.001,7.92
16/06/2026 15:06,14.125,0.001,7.92
16/06/2026 14:36,14.375,0.001,7.92
16/06/2026 14:06,14.75,0.001,7.92
16/06/2026 13:36,15.25,0.001,7.92
16/06/2026 13:06,15.75,0.001,7.93
16/06/2026 12:36,15.75,0.001,7.93
16/06/2026 12:06,15.875,0.001,7.93
16/06/2026 11:36,15.875,0.001,7.93
16/06/2026 11:06,15.625,0.001,7.93
16/06/2026 10:36,15.625,0.001,7.93
16/06/2026 10:06,15.625,0.001,7.93
16/06/2026 09:36,15.75,0.001,7.93
16/06/2026 09:06,15.5,0.001,7.93
16/06/2026 08:36,15.5,0.001,7.92
16/06/2026 08:06,15.375,0.001,7.92
16/06/2026 07:36,15.5,0.001,7.93
16/06/2026 07:06,15.375,0.001,7.92
16/06/2026 06:36,15.375,0.001,7.92
16/06/2026 06:06,15.25,0.001,7.92
16/06/2026 05:36,15.25,0.001,7.92
16/06/2026 05:06,15.375,0.001,7.92
16/06/2026 04:36,15.125,0.001,7.92
16/06/2026 04:36,15.125,0.001,7.92
16/06/2026 04:06,15.25,0.001,7.92
16/06/2026 03:36,15.25,0.001,7.92
16/06/2026 03:06,15,0.001,7.92
16/06/2026 02:36,15,0.001,7.92
16/06/2026 02:06,15.125,0.001,7.92
16/06/2026 01:36,15.125,0.001,7.92
16/06/2026 01:06,15,0.001,7.92
16/06/2026 00:36,14.875,0.001,7.92
16/06/2026 00:06,14.75,0.001,7.92
15/06/2026 23:36,15.625,0.001,7.92
15/06/2026 23:36,15.625,0.001,7.92
15/06/2026 23:06,14.625,0.001,7.93
15/06/2026 22:36,15.5,0.001,7.92
15/06/2026 22:06,14.5,0.001,7.92
15/06/2026 21:36,14.375,0.001,7.92
15/06/2026 21:06,14.375,0.001,7.92
15/06/2026 20:36,14.375,0.001,7.92
15/06/2026 20:06,14.25,0.001,7.92
15/06/2026 19:36,14.125,0.001,7.92
15/06/2026 19:06,14,0.001,7.92
15/06/2026 18:36,13.875,0.001,7.92
15/06/2026 18:06,13.75,0.001,7.92
15/06/2026 18:06,13.75,0.001,7.92
15/06/2026 17:36,13.5,0.001,7.92
15/06/2026 17:06,13.5,0.001,7.92
15/06/2026 16:36,13.375,0.001,7.92
15/06/2026 16:06,13.25,0.001,7.91
15/06/2026 15:36,13.375,0.001,7.92
15/06/2026 15:06,13.625,0.001,7.92
15/06/2026 14:36,13.75,0.001,7.92
15/06/2026 14:06,13.875,0.001,7.92
15/06/2026 13:36,14.25,0.001,7.93
15/06/2026 13:06,14.5,0.001,7.93
15/06/2026 12:36,14.875,0.001,7.93
15/06/2026 12:06,15.375,0.001,7.94
15/06/2026 11:36,15.75,0.001,7.94
15/06/2026 11:06,15.75,0.001,7.94
15/06/2026 10:36,14.875,0.001,7.94
15/06/2026 10:06,15.5,0.001,7.94
15/06/2026 09:36,15.625,0.001,7.94
15/06/2026 09:06,15.5,0.001,7.93
15/06/2026 08:36,15.5,0.001,7.94
15/06/2026 08:06,15.375,0.001,7.93
15/06/2026 07:36,15.375,0.001,7.93
15/06/2026 07:06,15.375,0.001,7.93
15/06/2026 06:36,15.375,0.001,7.93
15/06/2026 06:06,15.375,0.001,7.93
15/06/2026 05:36,15.25,0.001,7.93
15/06/2026 05:06,15.25,0.001,7.93
15/06/2026 04:36,15.25,0.001,7.93
15/06/2026 04:36,15.25,0.001,7.93
15/06/2026 04:06,15.125,0.001,7.93
15/06/2026 03:36,15.25,0.001,7.93
15/06/2026 03:06,15.25,0.001,7.93
15/06/2026 03:06,15.25,0.001,7.93
15/06/2026 02:36,15.125,0.001,7.93
15/06/2026 02:06,15.125,0.001,7.93
15/06/2026 01:36,15,0.001,7.93
15/06/2026 01:06,14.75,0.001,7.93
15/06/2026 00:36,14.875,0.001,7.93
15/06/2026 00:06,14.875,0.001,7.93
14/06/2026 23:36,14.875,0.001,7.93
14/06/2026 23:06,14.625,0.001,7.93
14/06/2026 22:36,14.625,0.001,7.92
14/06/2026 22:06,13.75,0.001,7.92
14/06/2026 21:36,14.625,0.001,7.92
14/06/2026 21:06,14.375,0.001,7.92
14/06/2026 20:36,14.5,0.001,7.92
14/06/2026 20:06,14.375,0.001,7.92
14/06/2026 19:36,14,0.001,7.92
14/06/2026 19:06,14.125,0.001,7.92
14/06/2026 18:36,13.875,0.001,7.92
14/06/2026 18:06,14.625,0.001,7.92
14/06/2026 18:06,14.625,0.001,7.92
14/06/2026 17:36,13.5,0.001,7.92
14/06/2026 17:06,13.375,0.001,7.92
14/06/2026 16:36,13.125,0.001,7.92
14/06/2026 16:06,13.375,0.001,7.92
14/06/2026 15:36,13.75,0.001,7.92
14/06/2026 15:06,14.25,0.001,7.92
14/06/2026 14:36,14.625,0.001,7.93
14/06/2026 14:06,15.25,0.001,7.93
14/06/2026 13:36,15.75,0.001,7.93
14/06/2026 13:06,16,0.001,7.93
14/06/2026 12:36,15.875,0.001,7.93
14/06/2026 12:06,15.875,0.001,7.93
14/06/2026 11:36,15.75,0.001,7.93
14/06/2026 11:06,15.75,0.001,7.93
14/06/2026 10:36,14.75,0.001,7.93
14/06/2026 10:06,15.5,0.001,7.93
14/06/2026 09:36,15.75,0.001,7.93
14/06/2026 09:06,15.5,0.001,7.93
14/06/2026 08:36,15.5,0.001,7.93
14/06/2026 08:06,15.5,0.001,7.92
14/06/2026 07:36,15.375,0.001,7.92
14/06/2026 07:06,15.375,0.001,7.93
14/06/2026 06:36,15.5,0.001,7.92
14/06/2026 06:06,15.25,0.001,7.92
14/06/2026 05:36,15.25,0.001,7.92
14/06/2026 05:06,15.375,0.001,7.92
14/06/2026 04:36,15.25,0.001,7.92
14/06/2026 04:06,15.125,0.001,7.92
14/06/2026 03:36,15.125,0.001,7.92
14/06/2026 03:06,15.125,0.001,7.92
14/06/2026 02:36,15.125,0.001,7.92
14/06/2026 02:06,14.875,0.001,7.92
14/06/2026 01:36,15.125,0.001,7.92
14/06/2026 01:06,14.75,0.001,7.92
14/06/2026 00:36,14.75,0.001,7.92
14/06/2026 00:06,13.75,0.001,7.92
13/06/2026 23:36,14.75,0.001,7.91
13/06/2026 23:06,14.75,0.001,7.92
13/06/2026 22:36,14.625,0.001,7.92
13/06/2026 22:06,14.625,0.001,7.91
13/06/2026 21:36,14.5,0.001,7.91
13/06/2026 21:06,14.5,0.001,7.91
13/06/2026 20:36,14.5,0.001,7.91
13/06/2026 20:06,14.25,0.001,7.91
13/06/2026 19:36,14.125,0.001,7.91
13/06/2026 19:06,14,0.001,7.91
13/06/2026 18:36,14,0.001,7.91
13/06/2026 18:36,14,0.001,7.91
13/06/2026 18:06,14,0.001,7.91
13/06/2026 17:36,13.75,0.001,7.91
13/06/2026 17:06,14.625,0.001,7.91
13/06/2026 16:36,13.625,0.001,7.91
13/06/2026 16:06,13.5,0.001,7.9
13/06/2026 15:36,13.5,0.001,7.9
13/06/2026 15:36,13.5,0.001,7.9
13/06/2026 15:06,13.625,0.001,7.91
13/06/2026 15:06,13.625,0.001,7.91
13/06/2026 14:36,14.125,0.001,7.91
13/06/2026 14:06,14.375,0.001,7.91
13/06/2026 13:36,14.75,0.001,7.92
13/06/2026 13:06,15.125,0.001,7.92
13/06/2026 12:36,15.75,0.001,7.92
13/06/2026 12:06,16.125,0.001,7.92
13/06/2026 11:36,15.75,0.001,7.92
13/06/2026 11:06,15.875,0.001,7.92
13/06/2026 10:36,15.75,0.001,7.92
13/06/2026 10:06,15.75,0.001,7.93
13/06/2026 09:36,15.875,0.001,7.93
13/06/2026 09:06,15.625,0.001,7.92
13/06/2026 08:36,15.625,0.001,7.92
13/06/2026 08:06,15.5,0.001,7.92
13/06/2026 07:36,15.5,0.001,7.92
13/06/2026 07:06,15.5,0.001,7.92
13/06/2026 06:36,15.5,0.001,7.92
13/06/2026 06:06,15.5,0.001,7.92
13/06/2026 05:36,15.25,0.001,7.92
13/06/2026 05:36,15.25,0.001,7.92
13/06/2026 05:06,15.375,0.001,7.92
13/06/2026 04:36,15.375,0.001,7.92
13/06/2026 04:06,15.25,0.001,7.92
13/06/2026 03:36,15.25,0.001,7.92
13/06/2026 03:06,15.375,0.001,7.92
13/06/2026 02:36,15.125,0.001,7.92
13/06/2026 02:06,15.375,0.001,7.92
13/06/2026 01:36,15.25,0.001,7.91
13/06/2026 01:06,15.125,0.001,7.92
13/06/2026 00:36,15,0.001,7.91
13/06/2026 00:06,15,0.001,7.91
12/06/2026 23:36,14.75,0.001,7.91
12/06/2026 23:06,14.875,0.001,7.91
12/06/2026 22:36,14.75,0.001,7.91
12/06/2026 22:06,13.75,0.001,7.92
12/06/2026 21:36,13.75,0.001,7.89
12/06/2026 21:06,14.625,0.001,7.89
12/06/2026 20:36,14.5,0.001,7.89
12/06/2026 20:06,14.5,0.001,7.88
12/06/2026 19:36,14.5,0.001,7.89
12/06/2026 19:06,14.25,0.001,7.89
12/06/2026 18:36,14.125,0.001,7.89
12/06/2026 18:06,14,0.001,7.89
12/06/2026 17:36,13.875,0.001,7.88
12/06/2026 17:06,13.75,0.001,7.86
12/06/2026 16:36,13.625,0.001,7.86
12/06/2026 16:06,13.5,0.001,7.86
12/06/2026 15:36,13.25,0.001,7.87
12/06/2026 15:06,13.5,0.001,7.88
12/06/2026 14:36,13.75,0.001,7.88
12/06/2026 14:06,14.25,0.001,7.88
12/06/2026 13:36,14.625,0.001,7.88
12/06/2026 13:06,15.125,0.001,7.88
12/06/2026 12:36,15.75,0.001,7.89
12/06/2026 12:06,16,0.001,7.89
12/06/2026 11:36,16.125,0.001,7.9
12/06/2026 11:06,15.75,0.001,7.9
12/06/2026 10:36,15.875,0.001,7.9
12/06/2026 10:06,15.75,0.001,7.9
12/06/2026 09:36,16,0.001,7.9
12/06/2026 09:06,14.75,0.001,7.9
12/06/2026 08:36,15.5,0.001,7.9
12/06/2026 08:06,16.5,0.001,7.9
12/06/2026 07:36,15.5,0.001,7.9
12/06/2026 07:06,15.5,0.001,7.89
12/06/2026 06:36,15.625,0.001,7.89
12/06/2026 06:06,15.5,0.001,7.89
12/06/2026 05:36,15.375,0.001,7.89
12/06/2026 05:06,15.5,0.001,7.89
12/06/2026 04:36,15.5,0.001,7.89
12/06/2026 04:06,15.625,0.001,7.89
12/06/2026 03:36,15.25,0.001,7.88
12/06/2026 03:06,15.25,0.001,7.88
12/06/2026 02:36,15.5,0.001,7.88
12/06/2026 02:06,15.375,0.001,7.88
12/06/2026 01:36,15.25,0.001,7.88
12/06/2026 01:06,15.125,0.001,7.87
12/06/2026 00:36,15.25,0.001,7.87
12/06/2026 00:06,15.125,0.001,7.87
11/06/2026 23:36,15.25,0.001,7.87
11/06/2026 23:36,15.25,0.001,7.87
11/06/2026 23:06,15.125,0.001,7.87
11/06/2026 22:36,14.875,0.001,7.87
11/06/2026 22:06,14.875,0.001,7.87
11/06/2026 21:36,15,0.001,7.87
11/06/2026 21:06,14.75,0.001,7.87
11/06/2026 20:36,14.75,0.001,7.87
11/06/2026 20:06,14.625,0.001,7.86
11/06/2026 19:36,14.5,0.001,7.86
11/06/2026 19:13,13.375,0.001,7.86
11/06/2026 19:12,11.75,0.001,7.86
11/06/2026 19:12,11.75,0.001,8.5
11/06/2026 17:49,14.125,0.001,7.87
11/06/2026 17:48,14.125,0.001,7.87
11/06/2026 17:48,14.25,0.001,8.51
11/06/2026 17:06,13.625,0.001,7.85
11/06/2026 17:06,13.625,0.001,7.85
11/06/2026 16:36,13.5,0.001,7.84
11/06/2026 16:06,13.75,0.001,7.84
11/06/2026 15:36,14.125,0.001,7.84
11/06/2026 15:06,14.5,0.001,7.84
11/06/2026 14:36,15.125,0.001,7.83
11/06/2026 14:06,14.875,0.001,7.81
11/06/2026 13:36,16,0.001,7.76
11/06/2026 13:06,16,0.001,7.69
11/06/2026 12:36,16,0.002,7.56
11/06/2026 12:28,16.25,0.002,7.51
11/06/2026 12:06,16.25,0.002,7.28
11/06/2026 12:06,16.25,0.002,7.28
11/06/2026 11:36,16.25,0.002,6.78
11/06/2026 11:07,16,0.003,6.4
11/06/2026 11:06,16,0.003,6.4
11/06/2026 11:06,16,0.003,6.4
07/06/2026 13:06,16,0.004,7.87
07/06/2026 12:36,16,0.004,7.87
07/06/2026 12:06,15.875,0.004,7.87
07/06/2026 11:36,15.875,0.004,7.87
07/06/2026 11:06,16.625,0.004,7.87
07/06/2026 10:36,14.75,0.004,7.87
07/06/2026 10:06,15.75,0.004,7.87
07/06/2026 09:36,15.625,0.004,7.87
07/06/2026 09:06,15.625,0.004,7.87
07/06/2026 08:36,15.5,0.004,7.87
07/06/2026 08:06,15.625,0.004,7.86
07/06/2026 07:36,16.5,0.004,7.86
07/06/2026 07:06,15.5,0.004,7.86
07/06/2026 06:36,15.375,0.003,7.86
07/06/2026 06:06,15.5,0.004,7.87
07/06/2026 05:36,15.25,0.004,7.86
07/06/2026 05:06,15.375,0.004,7.87
07/06/2026 04:36,15.375,0.004,7.86
07/06/2026 04:06,15.25,0.004,7.86
07/06/2026 03:36,15.125,0.004,7.86
07/06/2026 03:06,15.25,0.004,7.85
07/06/2026 02:36,15.125,0.004,7.87
07/06/2026 02:06,14.875,0.004,7.86
07/06/2026 02:06,14.875,0.004,7.86
07/06/2026 01:36,15,0.004,7.86
07/06/2026 01:06,15,0.004,7.86
07/06/2026 00:36,15,0.004,7.86
07/06/2026 00:06,14.75,0.004,7.86
06/06/2026 23:36,14.875,0.004,7.86
06/06/2026 23:06,14.625,0.004,7.86
06/06/2026 22:36,14.625,0.004,7.86
06/06/2026 22:06,14.5,0.004,7.85
06/06/2026 21:36,14.375,0.004,7.85
06/06/2026 21:06,14.25,0.004,7.86
06/06/2026 20:36,14.25,0.003,7.85
06/06/2026 20:06,14.25,0.003,7.85
06/06/2026 20:06,14.25,0.003,7.85
06/06/2026 19:36,14,0.003,7.86
06/06/2026 19:06,13.875,0.003,7.85
06/06/2026 18:36,14,0.003,7.85
06/06/2026 18:06,14.625,0.003,7.85
06/06/2026 17:36,13.5,0.003,7.85
06/06/2026 17:06,13.875,0.004,7.85
06/06/2026 16:36,14.25,0.004,7.85
06/06/2026 16:06,15.625,0.004,7.85
06/06/2026 15:36,15.125,0.004,7.86
06/06/2026 15:06,15.5,0.004,7.86
06/06/2026 14:36,16,0.004,7.87
06/06/2026 14:06,16,0.004,7.86
06/06/2026 13:36,15.875,0.004,7.86
06/06/2026 13:06,15.75,0.004,7.86
06/06/2026 12:36,15.75,0.004,7.86
06/06/2026 12:33,15.75,0.004,7.86
06/06/2026 12:06,15.75,0.004,7.86
06/06/2026 11:36,15.625,0.004,7.86
06/06/2026 11:06,15.625,0.004,7.85
06/06/2026 11:06,15.625,0.004,7.85
06/06/2026 10:36,15.625,0.004,7.85
06/06/2026 10:06,15.625,0.004,7.86
06/06/2026 09:36,15.5,0.004,7.85
06/06/2026 09:06,15.375,0.004,7.85
06/06/2026 08:36,15.625,0.004,7.86
06/06/2026 08:06,15.5,0.004,7.85
06/06/2026 07:36,15.375,0.004,7.85
06/06/2026 07:06,15.375,0.004,7.86
06/06/2026 06:36,15.25,0.004,7.85
06/06/2026 06:06,15.25,0.004,7.85
06/06/2026 05:36,15.25,0.004,7.86
06/06/2026 05:06,15.25,0.004,7.85
06/06/2026 04:36,15.125,0.004,7.85
06/06/2026 04:06,15,0.004,7.85
06/06/2026 03:36,15,0.004,7.85
06/06/2026 03:06,15,0.004,7.85
06/06/2026 02:36,15,0.004,7.85
06/06/2026 02:06,14.875,0.004,7.84
06/06/2026 02:06,14.875,0.004,7.84
06/06/2026 01:36,14.75,0.004,7.85
06/06/2026 01:06,14.75,0.004,7.85
06/06/2026 00:36,14.75,0.004,7.85
06/06/2026 00:06,14.5,0.004,7.84
05/06/2026 23:36,14.5,0.004,7.85
05/06/2026 23:06,14.625,0.004,7.84
05/06/2026 22:36,14.375,0.004,7.85
05/06/2026 22:06,14.5,0.004,7.85
05/06/2026 21:36,14.375,0.004,7.84
05/06/2026 21:06,14.25,0.004,7.85
05/06/2026 20:36,14,0.004,7.84
05/06/2026 20:06,14.125,0.004,7.85
05/06/2026 19:36,13.75,0.004,7.84
05/06/2026 19:06,14.125,0.004,7.84
05/06/2026 18:36,14.625,0.004,7.85
05/06/2026 18:06,15.125,0.004,7.85
05/06/2026 17:36,16.5,0.004,7.85
05/06/2026 17:06,16.125,0.004,7.85
05/06/2026 16:36,16.125,0.004,7.86
05/06/2026 16:06,16,0.004,7.85
05/06/2026 15:36,16,0.004,7.85
05/06/2026 15:06,16.125,0.004,7.85
05/06/2026 14:36,16,0.004,7.85
05/06/2026 14:06,16,0.004,7.85
05/06/2026 13:36,15.875,0.004,7.85
05/06/2026 13:06,15.75,0.004,7.85
05/06/2026 12:36,15.75,0.004,7.85
05/06/2026 12:06,15.875,0.004,7.85
05/06/2026 11:36,15.75,0.004,7.86
05/06/2026 11:06,15.75,0.004,7.86
05/06/2026 10:36,15.625,0.004,7.88
05/06/2026 10:06,15.625,0.004,7.88
05/06/2026 09:36,15.625,0.004,7.88
05/06/2026 09:06,15.625,0.004,7.88
05/06/2026 08:36,15.5,0.004,7.87
05/06/2026 08:06,15.5,0.004,7.87
05/06/2026 07:36,15.375,0.004,7.87
05/06/2026 07:06,15.25,0.004,7.87
05/06/2026 07:06,15.25,0.004,7.87
05/06/2026 06:36,15.375,0.004,7.87
05/06/2026 06:06,15.375,0.004,7.86
05/06/2026 06:06,15.375,0.004,7.86
05/06/2026 05:36,15.25,0.004,7.87
05/06/2026 05:06,15.125,0.004,7.87
05/06/2026 05:06,15.125,0.004,7.87
05/06/2026 04:36,15.125,0.004,7.87
05/06/2026 04:06,15.125,0.004,7.88
05/06/2026 03:36,15.25,0.004,7.88
05/06/2026 03:06,15.125,0.004,7.87
05/06/2026 02:36,15,0.004,7.87
05/06/2026 02:06,14.875,0.004,7.88
05/06/2026 01:36,14.875,0.004,7.87
05/06/2026 01:06,14.75,0.004,7.88
05/06/2026 01:06,14.75,0.004,7.88
05/06/2026 00:36,14.75,0.004,7.87
05/06/2026 00:36,14.75,0.004,7.87
05/06/2026 00:06,14.5,0.004,7.88
04/06/2026 23:36,14.5,0.004,7.87
04/06/2026 23:06,14.5,0.004,7.87
04/06/2026 22:36,14.625,0.004,7.87
04/06/2026 22:06,14.25,0.004,7.87
04/06/2026 21:36,14.25,0.004,7.87
04/06/2026 21:06,14.125,0.004,7.87
04/06/2026 20:36,14,0.004,7.87
04/06/2026 20:06,13.875,0.004,7.87
04/06/2026 19:36,12.875,0.004,7.87
04/06/2026 19:06,13.875,0.004,7.86
04/06/2026 18:36,14.25,0.004,7.86
04/06/2026 18:06,14.75,0.004,7.87
04/06/2026 17:36,15.25,0.004,7.87
04/06/2026 17:06,15.875,0.004,7.87
04/06/2026 16:36,16.125,0.004,7.88
04/06/2026 16:06,16.125,0.004,7.88
04/06/2026 15:36,16.125,0.004,7.88
04/06/2026 15:06,16.125,0.004,7.88
04/06/2026 14:36,16.125,0.004,7.87
04/06/2026 14:06,16,0.004,7.88
04/06/2026 13:36,16,0.004,7.88
04/06/2026 13:06,15.875,0.004,7.88
04/06/2026 12:36,15.75,0.004,7.88
04/06/2026 12:06,15.75,0.004,7.87
04/06/2026 11:36,16.625,0.004,7.87
04/06/2026 11:06,15.625,0.004,7.87
04/06/2026 10:36,15.625,0.004,7.87
04/06/2026 10:06,15.5,0.004,7.87
04/06/2026 09:36,15.5,0.004,7.87
04/06/2026 09:06,15.375,0.004,7.87
04/06/2026 08:36,15.375,0.004,7.87
04/06/2026 08:06,15.375,0.004,7.87
04/06/2026 07:36,15.25,0.004,7.87
04/06/2026 07:06,15.5,0.004,7.87
04/06/2026 06:36,15.25,0.004,7.87
04/06/2026 06:06,15.375,0.004,7.87
04/06/2026 05:36,15.125,0.004,7.87
04/06/2026 05:06,15,0.004,7.87
04/06/2026 04:36,14.875,0.004,7.87
04/06/2026 04:06,15,0.004,7.87
04/06/2026 03:36,14.875,0.004,7.87
04/06/2026 03:06,14.875,0.004,7.87
04/06/2026 02:36,14.625,0.004,7.87
04/06/2026 02:06,15.625,0.004,7.87
04/06/2026 01:36,13.75,0.004,7.87
04/06/2026 01:06,14.5,0.004,7.87
04/06/2026 00:36,14.375,0.004,7.86
04/06/2026 00:06,14.375,0.004,7.86
03/06/2026 23:36,14.375,0.004,7.86
03/06/2026 23:06,14.25,0.004,7.86
03/06/2026 22:36,14.25,0.004,7.86
03/06/2026 22:06,14,0.004,7.86
03/06/2026 21:36,14,0.004,7.86
03/06/2026 21:06,13.875,0.004,7.86
03/06/2026 20:36,13.75,0.004,7.86
03/06/2026 20:06,13.625,0.004,7.86
03/06/2026 19:36,13.5,0.004,7.86
03/06/2026 19:06,13.5,0.004,7.86
03/06/2026 18:36,13.375,0.004,7.85
03/06/2026 18:06,13.5,0.004,7.86
03/06/2026 17:36,13.75,0.004,7.86
03/06/2026 17:06,13.875,0.004,7.86
03/06/2026 16:36,14.25,0.004,7.86
03/06/2026 16:06,14.375,0.004,7.86
03/06/2026 15:36,14.625,0.004,7.86
03/06/2026 15:06,14.75,0.004,7.86
03/06/2026 14:36,15.125,0.004,7.86
03/06/2026 14:06,15.625,0.004,7.87
03/06/2026 13:36,15.875,0.004,7.87
03/06/2026 13:06,15.875,0.004,7.87
03/06/2026 12:36,15.875,0.004,7.87
03/06/2026 12:06,15.875,0.004,7.87
03/06/2026 11:36,15.75,0.004,7.87
03/06/2026 11:06,15.625,0.004,7.87
03/06/2026 10:36,15.75,0.004,7.87
03/06/2026 10:06,15.5,0.004,7.87
03/06/2026 09:36,15.5,0.004,7.87
03/06/2026 09:06,15.5,0.004,7.87
03/06/2026 08:36,15.375,0.004,7.87
03/06/2026 08:06,15.25,0.004,7.87
03/06/2026 07:36,15.375,0.004,7.86
03/06/2026 07:06,15.375,0.004,7.86
03/06/2026 06:36,15.25,0.004,7.86
03/06/2026 06:06,15.25,0.004,7.86
03/06/2026 05:36,15.25,0.004,7.86
03/06/2026 04:36,15.125,0.004,7.86
03/06/2026 04:06,15,0.004,7.86
03/06/2026 03:36,14.875,0.004,7.86
03/06/2026 03:06,14.875,0.004,7.86
03/06/2026 02:36,14.875,0.004,7.86
03/06/2026 02:06,14.75,0.004,7.86
03/06/2026 01:36,14.625,0.004,7.85
03/06/2026 01:06,14.5,0.004,7.86
03/06/2026 00:36,14.625,0.004,7.86
03/06/2026 00:36,14.625,0.004,7.86
03/06/2026 00:06,14.625,0.004,7.85
02/06/2026 23:36,14.5,0.004,7.85
02/06/2026 23:06,14.5,0.004,7.85
02/06/2026 22:36,14.375,0.004,7.85
02/06/2026 22:06,14.375,0.004,7.85
02/06/2026 22:06,14.375,0.004,7.85
02/06/2026 21:36,14,0.004,7.85
02/06/2026 21:06,14.25,0.004,7.85
02/06/2026 20:36,14,0.004,7.85
02/06/2026 20:06,13.875,0.004,7.84
02/06/2026 19:36,14.625,0.004,7.85
02/06/2026 19:06,13.625,0.004,7.84
02/06/2026 18:36,13.625,0.004,7.84
02/06/2026 18:06,13.25,0.004,7.84
02/06/2026 17:36,13.375,0.004,7.84
02/06/2026 17:06,13.625,0.004,7.84
02/06/2026 16:36,13.875,0.004,7.85
02/06/2026 16:06,14.125,0.004,7.85
02/06/2026 15:36,14.5,0.004,7.85
02/06/2026 15:06,15,0.004,7.85
02/06/2026 14:36,15.25,0.004,7.85
02/06/2026 14:06,14.75,0.004,7.85
02/06/2026 13:36,16,0.004,7.86
02/06/2026 13:06,15.75,0.004,7.86
02/06/2026 12:36,15.75,0.004,7.85
02/06/2026 12:06,15.75,0.004,7.85
02/06/2026 11:36,15.625,0.004,7.85
02/06/2026 11:06,15.5,0.004,7.85
02/06/2026 10:36,15.5,0.004,7.84
02/06/2026 10:06,15.5,0.004,7.85
02/06/2026 09:36,15.375,0.004,7.85
02/06/2026 09:06,15.375,0.004,7.84
02/06/2026 08:36,15.375,0.004,7.84
02/06/2026 08:06,15.25,0.004,7.84
02/06/2026 07:36,15.25,0.004,7.84
02/06/2026 07:06,15.375,0.004,7.84
02/06/2026 06:36,15.125,0.004,7.84
02/06/2026 06:06,15.125,0.004,7.84
02/06/2026 05:36,14.875,0.004,7.84
02/06/2026 05:06,15.125,0.004,7.84
02/06/2026 05:06,15.125,0.004,7.84
02/06/2026 04:36,14.875,0.004,7.84
02/06/2026 04:06,14.75,0.004,7.84
02/06/2026 03:36,14.75,0.004,7.84
02/06/2026 03:06,14.875,0.004,7.84
02/06/2026 02:36,14.625,0.004,7.84
02/06/2026 02:06,14.5,0.004,7.83
02/06/2026 01:36,14.5,0.004,7.83
02/06/2026 01:06,14.5,0.004,7.84
02/06/2026 00:36,14.375,0.004,7.83
02/06/2026 00:06,14.25,0.004,7.83
01/06/2026 23:36,14.25,0.004,7.83
01/06/2026 23:06,14.25,0.004,7.83
01/06/2026 22:36,14.125,0.004,7.83
01/06/2026 22:06,13.875,0.004,7.83
01/06/2026 21:36,13.75,0.004,7.83
01/06/2026 21:06,14.625,0.004,7.83
01/06/2026 20:36,13.5,0.004,7.83
01/06/2026 20:06,13.25,0.004,7.83
01/06/2026 20:06,13.25,0.004,7.83
01/06/2026 19:36,13.375,0.004,7.83
01/06/2026 19:36,13.375,0.004,7.83
01/06/2026 19:06,13.5,0.004,7.83
01/06/2026 18:36,13.75,0.004,7.83
01/06/2026 18:06,13.875,0.004,7.84
01/06/2026 17:36,14.125,0.004,7.84
01/06/2026 17:06,14.125,0.004,7.84
01/06/2026 16:36,14.375,0.004,7.84
01/06/2026 16:06,14.5,0.004,7.85
01/06/2026 15:36,15.625,0.004,7.85
01/06/2026 15:06,15.125,0.004,7.86
01/06/2026 14:36,15.125,0.004,7.86
01/06/2026 14:06,15.5,0.004,7.86
01/06/2026 13:36,15.75,0.004,7.85
01/06/2026 13:06,15.75,0.004,7.85
01/06/2026 12:36,14.75,0.004,7.85
01/06/2026 12:06,15.75,0.004,7.85
01/06/2026 11:36,15.625,0.004,7.85
01/06/2026 11:36,15.625,0.004,7.85
01/06/2026 11:06,15.5,0.004,7.85
01/06/2026 10:36,15.625,0.004,7.85
01/06/2026 10:06,15.625,0.004,7.84
01/06/2026 09:36,15.625,0.004,7.84
01/06/2026 09:06,15.625,0.004,7.85
01/06/2026 08:36,15.5,0.004,7.85
01/06/2026 08:06,15.5,0.004,7.85
01/06/2026 07:36,15.5,0.004,7.85
01/06/2026 07:06,15.5,0.004,7.85
01/06/2026 06:36,15.375,0.004,7.85
01/06/2026 06:06,15.5,0.004,7.85
01/06/2026 05:36,15.375,0.004,7.85
01/06/2026 05:06,15.25,0.004,7.85
01/06/2026 04:36,15.25,0.004,7.84
01/06/2026 04:06,15.125,0.004,7.85
01/06/2026 03:36,15.125,0.004,7.85
01/06/2026 03:06,15,0.004,7.85
01/06/2026 02:36,15,0.004,7.85
01/06/2026 02:06,15.625,0.004,7.85
01/06/2026 01:36,13.875,0.004,7.84
01/06/2026 01:06,15.625,0.004,7.84
01/06/2026 00:36,14.625,0.004,7.84
01/06/2026 00:06,14.625,0.004,7.84
01/06/2026 00:06,14.625,0.004,7.84
31/05/2026 23:36,14.375,0.004,7.84
31/05/2026 23:36,14.375,0.004,7.84
31/05/2026 23:06,14.25,0.004,7.84
31/05/2026 22:36,14.25,0.004,7.84
31/05/2026 22:06,14.125,0.004,7.84
31/05/2026 21:36,14.125,0.004,7.84
31/05/2026 21:06,13.75,0.004,7.84
31/05/2026 20:36,12.875,0.004,7.84
31/05/2026 20:06,13.5,0.004,7.84
31/05/2026 19:36,13.5,0.004,7.84
31/05/2026 19:06,13.5,0.004,7.84
31/05/2026 19:06,13.5,0.004,7.84
31/05/2026 18:36,13.5,0.004,7.85
31/05/2026 18:06,14.625,0.004,7.85
31/05/2026 17:36,13.875,0.004,7.84
31/05/2026 17:06,14.125,0.004,7.85
31/05/2026 16:36,14.5,0.004,7.85
31/05/2026 16:06,14.625,0.004,7.85
31/05/2026 15:36,15,0.004,7.85
31/05/2026 15:06,15.25,0.004,7.85
31/05/2026 14:36,15.625,0.004,7.86
31/05/2026 14:06,15.875,0.004,7.85
31/05/2026 13:36,15.875,0.004,7.85
31/05/2026 13:06,14.75,0.004,7.85
31/05/2026 12:36,15.75,0.004,7.85
31/05/2026 12:06,15.5,0.004,7.85
31/05/2026 11:36,16.625,0.004,7.85
31/05/2026 11:06,15.625,0.004,7.85
31/05/2026 10:36,15.625,0.004,7.85
31/05/2026 10:06,15.625,0.004,7.85
31/05/2026 09:36,15.375,0.004,7.85
31/05/2026 09:06,15.375,0.004,7.85
31/05/2026 08:36,15.625,0.004,7.85
31/05/2026 08:06,15.5,0.004,7.85
31/05/2026 07:36,15.5,0.004,7.84
31/05/2026 07:06,15.625,0.004,7.85
31/05/2026 06:36,15.5,0.004,7.85
31/05/2026 06:06,15.5,0.004,7.84
31/05/2026 05:36,15.5,0.004,7.84
31/05/2026 05:06,15.375,0.004,7.85
31/05/2026 04:36,15.375,0.004,7.84
31/05/2026 04:06,15.25,0.004,7.85
31/05/2026 03:36,15.125,0.004,7.85
31/05/2026 03:06,15.125,0.004,7.85
31/05/2026 02:36,15.125,0.004,7.85
31/05/2026 02:06,14.875,0.004,7.85
31/05/2026 01:36,14.75,0.004,7.85
31/05/2026 01:06,14.625,0.004,7.84
31/05/2026 00:36,14.625,0.004,7.84
31/05/2026 00:06,14.375,0.004,7.84
31/05/2026 00:06,14.375,0.004,7.84
30/05/2026 23:36,14.5,0.004,7.85
30/05/2026 23:06,14.5,0.004,7.84
30/05/2026 22:36,14.25,0.004,7.84
30/05/2026 22:06,14,0.004,7.84
30/05/2026 21:36,13.875,0.004,7.84
30/05/2026 21:06,13.875,0.004,7.84
30/05/2026 20:36,13.75,0.004,7.84
30/05/2026 20:06,12.75,0.004,7.84
30/05/2026 19:36,13.375,0.004,7.84
30/05/2026 19:06,13.25,0.004,7.84
30/05/2026 18:36,13.375,0.004,7.84
30/05/2026 18:06,14.625,0.004,7.84
30/05/2026 17:36,13.875,0.004,7.84
30/05/2026 17:06,14.125,0.004,7.84
30/05/2026 16:36,14.5,0.004,7.84
30/05/2026 16:06,14.625,0.004,7.84
30/05/2026 15:36,15,0.004,7.84
30/05/2026 15:06,15.375,0.004,7.84
30/05/2026 14:36,14.75,0.004,7.85
30/05/2026 14:06,15.75,0.004,7.84
30/05/2026 13:36,16.625,0.004,7.84
30/05/2026 13:06,15.75,0.004,7.84
30/05/2026 12:36,14.75,0.004,7.84
30/05/2026 12:06,15.625,0.004,7.84
30/05/2026 11:36,15.75,0.004,7.84
30/05/2026 11:06,15.625,0.004,7.84
30/05/2026 10:36,16.5,0.004,7.84
30/05/2026 10:06,15.625,0.004,7.84
30/05/2026 09:36,15.5,0.004,7.84
30/05/2026 09:06,15.5,0.004,7.84
30/05/2026 08:36,15.625,0.004,7.84
30/05/2026 08:06,15.625,0.004,7.84
30/05/2026 07:36,15.625,0.004,7.84
30/05/2026 07:36,15.625,0.004,7.84
30/05/2026 07:06,15.625,0.004,7.84
30/05/2026 06:36,15.625,0.004,7.84
30/05/2026 06:06,15.5,0.004,7.84
30/05/2026 05:36,15.5,0.004,7.84
30/05/2026 05:06,15.5,0.004,7.84
30/05/2026 04:36,15.375,0.004,7.83
30/05/2026 04:06,15.25,0.004,7.83
30/05/2026 03:36,15.25,0.004,7.83
30/05/2026 03:06,15.125,0.004,7.84
30/05/2026 02:36,15.125,0.004,7.83
30/05/2026 02:06,15,0.004,7.83
30/05/2026 01:36,14.875,0.004,7.83
30/05/2026 01:06,14.875,0.004,7.83
30/05/2026 01:06,14.875,0.004,7.83
30/05/2026 00:36,14.875,0.004,7.83
30/05/2026 00:06,13.75,0.004,7.83
29/05/2026 23:36,14.625,0.004,7.83
29/05/2026 23:06,14.5,0.004,7.83
29/05/2026 22:36,14.25,0.004,7.82
29/05/2026 22:06,14.375,0.004,7.82
29/05/2026 21:36,14.25,0.004,7.82
29/05/2026 21:06,14,0.004,7.82
29/05/2026 20:36,13.75,0.004,7.82
29/05/2026 20:06,13.625,0.004,7.82
29/05/2026 20:06,13.625,0.004,7.82
29/05/2026 19:36,13.625,0.004,7.82
29/05/2026 19:06,13.5,0.003,7.82
29/05/2026 18:36,13.25,0.004,7.82
29/05/2026 18:06,13.75,0.004,7.82
29/05/2026 17:36,13.875,0.004,7.82
29/05/2026 17:06,14.25,0.004,7.82
29/05/2026 16:36,14.5,0.004,7.82
29/05/2026 16:06,14.5,0.004,7.82
29/05/2026 15:36,15,0.004,7.82
29/05/2026 15:06,15.375,0.004,7.82
29/05/2026 14:36,15.625,0.004,7.82
29/05/2026 14:36,15.625,0.004,7.82
29/05/2026 14:06,16,0.004,7.8
29/05/2026 13:36,15.75,0.004,7.79
29/05/2026 13:06,16.625,0.004,7.8
29/05/2026 12:36,15.875,0.004,7.8
29/05/2026 12:06,16.625,0.004,7.8
29/05/2026 11:36,15.625,0.004,7.8
29/05/2026 11:06,15.625,0.004,7.8
29/05/2026 10:36,15.625,0.004,7.79
29/05/2026 10:06,15.75,0.004,7.79
29/05/2026 09:36,15.5,0.004,7.78
29/05/2026 09:06,14.75,0.004,7.78
29/05/2026 08:36,14.75,0.004,7.77
29/05/2026 08:06,15.75,0.004,7.78
29/05/2026 07:36,15.625,0.004,7.78
29/05/2026 07:06,15.75,0.004,7.77
29/05/2026 06:36,16.625,0.004,7.77
29/05/2026 06:06,15.625,0.004,7.78
29/05/2026 05:36,15.5,0.004,7.77
29/05/2026 05:06,15.625,0.004,7.77
29/05/2026 04:36,15.5,0.004,7.77
29/05/2026 04:06,15.375,0.004,7.78
29/05/2026 03:36,15.375,0.004,7.77
29/05/2026 03:06,15.25,0.004,7.78
29/05/2026 02:36,15.25,0.004,7.78
29/05/2026 02:06,15.25,0.004,7.78
29/05/2026 01:36,15.125,0.004,7.77
29/05/2026 01:06,15,0.004,7.78
29/05/2026 00:36,14.75,0.004,7.78
29/05/2026 00:06,13.875,0.004,7.77
28/05/2026 23:36,13.75,0.004,7.77
28/05/2026 23:06,13.75,0.004,7.77
28/05/2026 22:36,14.5,0.004,7.77
28/05/2026 22:36,14.5,0.004,7.77
28/05/2026 22:06,14.375,0.004,7.76
28/05/2026 21:36,14.5,0.004,7.76
28/05/2026 21:06,14.125,0.004,7.75
28/05/2026 20:36,14.125,0.004,7.75
28/05/2026 20:06,14.125,0.004,7.74
28/05/2026 19:36,13.875,0.004,7.74
28/05/2026 19:06,14.625,0.004,7.73
28/05/2026 18:36,12.75,0.004,7.74
28/05/2026 18:06,13.375,0.004,7.74
28/05/2026 17:36,13.375,0.004,7.74
28/05/2026 17:06,13.5,0.004,7.74
28/05/2026 16:36,14.625,0.004,7.74
28/05/2026 16:06,14,0.004,7.74
28/05/2026 15:36,14,0.004,7.74
28/05/2026 15:06,14.375,0.004,7.75
28/05/2026 14:36,14.625,0.004,7.74
28/05/2026 14:06,14.75,0.004,7.75
28/05/2026 14:06,14.75,0.004,7.75
28/05/2026 13:36,15.25,0.004,7.76
28/05/2026 13:06,15.625,0.004,7.76
28/05/2026 12:36,16,0.004,7.78
28/05/2026 12:06,15.875,0.004,7.8
28/05/2026 11:36,15.75,0.004,7.81
28/05/2026 11:06,14.875,0.004,7.82
28/05/2026 10:36,16.625,0.004,7.84
28/05/2026 10:06,15.75,0.004,7.85
28/05/2026 09:36,15.5,0.004,7.86
28/05/2026 09:06,15.625,0.004,7.86
28/05/2026 08:36,14.75,0.004,7.85
28/05/2026 08:06,15.625,0.004,7.85
28/05/2026 07:36,15.5,0.004,7.86
28/05/2026 07:06,15.625,0.004,7.86
28/05/2026 06:36,15.625,0.004,7.85
28/05/2026 06:06,15.5,0.004,7.86
28/05/2026 05:36,15.625,0.004,7.86
28/05/2026 05:06,15.375,0.004,7.86
28/05/2026 04:36,15.5,0.004,7.86
28/05/2026 04:06,15.375,0.004,7.85
28/05/2026 03:36,15.375,0.004,7.86
28/05/2026 03:36,15.375,0.004,7.86
28/05/2026 03:06,15.25,0.004,7.85
28/05/2026 02:36,15.375,0.004,7.86
28/05/2026 02:06,15.125,0.004,7.85
28/05/2026 01:36,15.125,0.004,7.83
28/05/2026 01:06,15,0.004,7.83
28/05/2026 00:36,15.125,0.004,7.84
28/05/2026 00:06,15,0.004,7.84
27/05/2026 23:36,14.75,0.004,7.83
27/05/2026 23:06,14.5,0.004,7.83
27/05/2026 22:36,14.625,0.004,7.83
27/05/2026 22:06,14.5,0.004,7.83
27/05/2026 21:36,14.5,0.004,7.84
27/05/2026 21:06,14.125,0.004,7.84
27/05/2026 20:36,14.25,0.004,7.83
27/05/2026 20:06,14,0.004,7.83
27/05/2026 19:36,13.875,0.004,7.83
27/05/2026 19:06,13.75,0.004,7.83
27/05/2026 18:36,13.625,0.004,7.83
27/05/2026 18:06,13.5,0.004,7.84
27/05/2026 17:36,13.375,0.004,7.86
27/05/2026 17:06,13.75,0.004,7.86
27/05/2026 16:36,14.375,0.004,7.86
27/05/2026 16:06,14.75,0.004,7.87
27/05/2026 15:36,15.125,0.004,7.87
27/05/2026 15:06,14.75,0.004,7.86
27/05/2026 14:36,16,0.004,7.85
27/05/2026 14:06,16.125,0.004,7.84
27/05/2026 13:36,16.125,0.004,7.85
27/05/2026 13:06,15.875,0.004,7.84
27/05/2026 12:36,16,0.004,7.84
27/05/2026 12:06,15.875,0.004,7.84
27/05/2026 11:36,14.875,0.004,7.84
27/05/2026 11:06,15.875,0.004,7.84
27/05/2026 10:36,15.875,0.004,7.84
27/05/2026 10:36,15.875,0.004,7.84
27/05/2026 10:06,15.875,0.004,7.85
27/05/2026 09:36,15.875,0.004,7.85
27/05/2026 09:06,15.75,0.004,7.84
27/05/2026 08:36,15.75,0.004,7.83
27/05/2026 08:06,15.75,0.004,7.83
27/05/2026 07:36,16.625,0.004,7.83
27/05/2026 07:32,15.75,0.004,7.84
27/05/2026 07:06,15.875,0.004,7.83
27/05/2026 06:36,15.625,0.004,7.84
27/05/2026 06:06,15.75,0.004,7.84
27/05/2026 05:36,15.75,0.004,7.83
27/05/2026 05:06,15.625,0.004,7.84
27/05/2026 04:36,15.5,0.004,7.83
27/05/2026 04:06,15.5,0.004,7.83
27/05/2026 03:36,15.5,0.004,7.82
27/05/2026 03:06,15.5,0.004,7.82
27/05/2026 03:06,15.5,0.004,7.82
27/05/2026 02:36,15.5,0.004,7.81
27/05/2026 02:06,15.25,0.004,7.81
27/05/2026 01:36,15.375,0.004,7.81
27/05/2026 01:06,15.125,0.004,7.81
27/05/2026 00:36,15.125,0.004,7.81
27/05/2026 00:06,15.125,0.004,7.82
26/05/2026 23:36,15,0.004,7.82
26/05/2026 23:06,14.75,0.004,7.81
26/05/2026 22:36,13.75,0.004,7.81
26/05/2026 22:06,14.75,0.004,7.82
26/05/2026 21:36,14.625,0.004,7.82
26/05/2026 21:06,14.5,0.004,7.81
26/05/2026 20:36,14.375,0.004,7.82
26/05/2026 20:06,14.125,0.004,7.83
26/05/2026 19:36,14.125,0.004,7.83
26/05/2026 19:06,14.125,0.004,7.83
26/05/2026 18:36,13.875,0.004,7.82
26/05/2026 18:06,13.875,0.004,7.82
26/05/2026 17:36,13.625,0.004,7.83
26/05/2026 17:06,13.75,0.004,7.85
26/05/2026 16:36,14.375,0.004,7.85
26/05/2026 16:06,14.75,0.004,7.85
26/05/2026 15:36,15.5,0.004,7.85
26/05/2026 15:06,15.75,0.004,7.83
26/05/2026 14:36,16,0.004,7.82
26/05/2026 14:06,15.875,0.004,7.82
26/05/2026 13:36,15.875,0.004,7.82
26/05/2026 13:06,15.875,0.004,7.82
26/05/2026 12:36,15.75,0.004,7.81
26/05/2026 12:06,15.75,0.004,7.81
26/05/2026 11:36,15.75,0.004,7.81
26/05/2026 11:06,15.875,0.004,7.81
26/05/2026 10:36,15.75,0.004,7.8
26/05/2026 10:06,14.75,0.004,7.81
26/05/2026 09:36,15.75,0.004,7.82
26/05/2026 09:06,15.75,0.004,7.81
26/05/2026 09:06,15.75,0.004,7.81
26/05/2026 08:36,15.75,0.004,7.81
26/05/2026 08:06,14.75,0.004,7.81
26/05/2026 07:36,15.625,0.004,7.81
26/05/2026 07:36,15.625,0.004,7.81
26/05/2026 07:06,15.75,0.004,7.81
26/05/2026 06:36,15.75,0.004,7.81
26/05/2026 06:06,16.625,0.004,7.8
26/05/2026 05:36,14.75,0.004,7.8
26/05/2026 05:06,15.625,0.004,7.81
26/05/2026 04:36,15.625,0.004,7.82
26/05/2026 04:06,15.5,0.004,7.81
26/05/2026 03:36,15.625,0.004,7.8
26/05/2026 03:06,15.5,0.004,7.8
26/05/2026 02:36,15.5,0.004,7.8
26/05/2026 02:06,15.25,0.004,7.8
26/05/2026 01:36,15.25,0.004,7.8
26/05/2026 01:06,15.125,0.004,7.8
26/05/2026 00:36,15,0.004,7.8
26/05/2026 00:06,15.125,0.004,7.81
25/05/2026 23:36,14.875,0.004,7.8
25/05/2026 23:06,15.625,0.004,7.8
25/05/2026 22:36,13.75,0.004,7.8
25/05/2026 22:06,14.375,0.004,7.8
25/05/2026 21:36,14.625,0.004,7.8
25/05/2026 21:06,14.5,0.004,7.8
25/05/2026 20:36,14.375,0.004,7.79
25/05/2026 20:06,14.125,0.004,7.8
25/05/2026 19:36,14.125,0.004,7.8
25/05/2026 19:06,13.875,0.004,7.8
25/05/2026 18:36,14,0.004,7.8
25/05/2026 18:06,13.875,0.004,7.8
25/05/2026 17:36,13.625,0.004,7.81
25/05/2026 17:06,13.5,0.004,7.84
25/05/2026 17:06,13.5,0.004,7.84
25/05/2026 16:36,13.875,0.004,7.84
25/05/2026 16:06,14.375,0.004,7.84
25/05/2026 15:36,14.625,0.004,7.84
25/05/2026 15:06,15,0.004,7.85
25/05/2026 14:36,15.625,0.004,7.84
25/05/2026 14:06,16,0.004,7.81
25/05/2026 13:36,16,0.004,7.8
25/05/2026 13:06,16,0.004,7.8
25/05/2026 12:36,15.875,0.004,7.8
25/05/2026 12:06,15.75,0.004,7.8
25/05/2026 12:06,15.75,0.004,7.8
25/05/2026 11:36,15.75,0.004,7.8
25/05/2026 11:06,15.875,0.004,7.8
25/05/2026 10:36,15.875,0.004,7.8
25/05/2026 10:06,14.875,0.004,7.8
25/05/2026 09:36,15.75,0.004,7.8
25/05/2026 09:06,15.875,0.004,7.8
25/05/2026 08:36,15.75,0.004,7.81
25/05/2026 08:06,15.75,0.004,7.81
25/05/2026 07:36,15.75,0.004,7.8
25/05/2026 07:06,15.875,0.004,7.82
25/05/2026 06:36,15.75,0.004,7.8
25/05/2026 06:06,15.625,0.004,7.8
25/05/2026 05:36,15.625,0.004,7.79
25/05/2026 05:06,15.5,0.004,7.79
25/05/2026 04:36,15.625,0.004,7.8
25/05/2026 04:06,15.625,0.004,7.81
25/05/2026 03:36,15.5,0.004,7.8
25/05/2026 03:06,15.375,0.004,7.81
25/05/2026 02:36,15.375,0.004,7.81
25/05/2026 02:06,15.25,0.004,7.81
25/05/2026 01:36,15.25,0.004,7.8
25/05/2026 01:06,15.125,0.004,7.81
25/05/2026 00:36,15.125,0.004,7.8
25/05/2026 00:06,15.125,0.004,7.81
24/05/2026 23:36,15,0.004,7.81
24/05/2026 23:06,15.625,0.004,7.81
24/05/2026 22:36,14.875,0.004,7.81
24/05/2026 22:06,13.75,0.004,7.81
24/05/2026 21:36,14.5,0.004,7.81
24/05/2026 21:06,14.375,0.004,7.81
24/05/2026 20:36,14.25,0.004,7.81
24/05/2026 20:06,14.25,0.004,7.81
24/05/2026 20:06,14.25,0.004,7.81
24/05/2026 19:36,14.125,0.004,7.82
24/05/2026 19:06,14.125,0.004,7.82
24/05/2026 18:36,14,0.004,7.82
24/05/2026 18:36,14,0.004,7.82
24/05/2026 18:06,12.75,0.003,7.83
24/05/2026 17:36,13.625,0.003,7.83
24/05/2026 17:06,13.75,0.003,7.84
24/05/2026 16:36,14.375,0.004,7.84
24/05/2026 16:06,14.875,0.003,7.84
24/05/2026 15:36,15.375,0.004,7.84
24/05/2026 15:06,15.875,0.004,7.81
24/05/2026 14:36,16,0.004,7.81
24/05/2026 14:06,16,0.004,7.8
24/05/2026 13:36,15.75,0.004,7.82
24/05/2026 13:06,16,0.004,7.81
24/05/2026 12:36,16,0.004,7.81
24/05/2026 12:06,15.875,0.004,7.81
24/05/2026 11:36,15.75,0.004,7.82
24/05/2026 11:06,15.75,0.004,7.81
24/05/2026 10:36,15.875,0.004,7.82
24/05/2026 10:06,15.75,0.004,7.82
24/05/2026 09:36,15.75,0.004,7.82
24/05/2026 09:06,14.75,0.004,7.82
24/05/2026 09:06,14.75,0.004,7.82
24/05/2026 08:36,16.625,0.004,7.83
24/05/2026 08:06,15.75,0.004,7.82
24/05/2026 08:06,15.75,0.004,7.82
24/05/2026 07:36,15.75,0.004,7.81
24/05/2026 07:06,14.75,0.004,7.81
24/05/2026 06:36,14.75,0.004,7.81
24/05/2026 06:36,14.75,0.004,7.81
24/05/2026 06:06,15.75,0.004,7.8
24/05/2026 05:36,15.625,0.004,7.8
24/05/2026 05:06,15.625,0.004,7.8
24/05/2026 04:36,15.625,0.004,7.81
24/05/2026 04:06,15.625,0.004,7.8
24/05/2026 03:36,15.5,0.004,7.79
24/05/2026 03:06,15.625,0.004,7.8
24/05/2026 02:36,15.375,0.004,7.8
24/05/2026 02:06,15.25,0.004,7.8
24/05/2026 01:36,15.125,0.004,7.8
24/05/2026 01:06,15.125,0.004,7.8
24/05/2026 00:36,15,0.004,7.8
24/05/2026 00:06,15,0.004,7.79
23/05/2026 23:36,15,0.004,7.79
23/05/2026 23:06,14.875,0.004,7.79
23/05/2026 22:36,14.75,0.004,7.79
23/05/2026 22:06,14.625,0.004,7.78
23/05/2026 21:36,14.625,0.004,7.79
23/05/2026 21:06,14.5,0.004,7.79
23/05/2026 20:36,14.375,0.004,7.79
23/05/2026 20:06,14.375,0.004,7.79
23/05/2026 19:36,14.125,0.004,7.78
23/05/2026 19:06,14,0.004,7.77
23/05/2026 18:36,14,0.004,7.78
23/05/2026 18:06,13.75,0.004,7.78
23/05/2026 17:36,14.625,0.004,7.79
23/05/2026 17:06,14.5,0.003,7.81
23/05/2026 16:36,13.875,0.003,7.82
23/05/2026 16:06,14.25,0.003,7.82
23/05/2026 15:36,13.75,0.004,7.83
23/05/2026 15:06,15.125,0.004,7.83
23/05/2026 14:36,15.5,0.004,7.83
23/05/2026 14:06,16,0.004,7.8
23/05/2026 13:36,16,0.004,7.78
23/05/2026 13:06,15.875,0.004,7.79
23/05/2026 12:36,15.75,0.004,7.78
23/05/2026 12:06,15.875,0.004,7.79
23/05/2026 11:36,15.75,0.004,7.79
23/05/2026 11:06,15.875,0.004,7.78
23/05/2026 10:36,15.75,0.004,7.8
23/05/2026 10:06,15.75,0.004,7.79
23/05/2026 09:36,15.625,0.004,7.8
23/05/2026 09:06,15.625,0.004,7.79
23/05/2026 08:36,14.75,0.004,7.8
23/05/2026 08:06,16.625,0.004,7.79
23/05/2026 07:36,15.625,0.004,7.79
23/05/2026 07:06,15.625,0.004,7.78
23/05/2026 06:36,15.75,0.004,7.78
23/05/2026 06:06,15.625,0.004,7.79
23/05/2026 05:36,15.625,0.004,7.79
23/05/2026 05:06,15.5,0.004,7.8
23/05/2026 04:36,15.5,0.004,7.79
23/05/2026 04:06,15.5,0.004,7.8
23/05/2026 03:36,15.5,0.004,7.79
23/05/2026 03:06,15.375,0.004,7.78
23/05/2026 02:36,15.25,0.004,7.78
23/05/2026 02:06,15.25,0.004,7.78
23/05/2026 01:36,15.25,0.004,7.78
23/05/2026 01:06,15,0.004,7.79
23/05/2026 00:36,15,0.004,7.79
23/05/2026 00:06,15,0.004,7.79
22/05/2026 23:36,15,0.004,7.77
22/05/2026 23:06,14.75,0.004,7.77
22/05/2026 22:36,14.625,0.004,7.77
22/05/2026 22:06,14.625,0.004,7.77
22/05/2026 21:36,14.625,0.004,7.76
22/05/2026 21:06,14.375,0.004,7.77
22/05/2026 20:36,14.25,0.004,7.77
22/05/2026 20:06,14.125,0.004,7.76
22/05/2026 19:36,14.125,0.004,7.77
22/05/2026 19:06,13.75,0.004,7.77
22/05/2026 18:36,13.75,0.004,7.77
22/05/2026 18:06,14.625,0.004,7.78
22/05/2026 17:36,13.5,0.004,7.8
22/05/2026 17:06,13.625,0.004,7.8
22/05/2026 16:36,14.25,0.004,7.81
22/05/2026 16:06,14.5,0.004,7.81
22/05/2026 15:36,15,0.004,7.81
22/05/2026 15:06,15.375,0.004,7.81
22/05/2026 14:36,14.75,0.004,7.81
22/05/2026 14:06,16.125,0.004,7.8
22/05/2026 13:36,16,0.004,7.8
22/05/2026 13:06,16.125,0.004,7.81
22/05/2026 12:36,16,0.004,7.81
22/05/2026 12:06,15.875,0.004,7.81
22/05/2026 11:36,15.875,0.004,7.81
22/05/2026 11:06,15.875,0.004,7.8
22/05/2026 10:36,15.75,0.004,7.81
22/05/2026 10:06,15.875,0.004,7.81
22/05/2026 09:36,15.75,0.004,7.81
22/05/2026 09:06,15.875,0.004,7.81
22/05/2026 08:36,15.875,0.004,7.81
22/05/2026 08:06,15.75,0.004,7.81
22/05/2026 07:36,16.625,0.004,7.8
22/05/2026 07:06,16.625,0.004,7.81
22/05/2026 06:36,15.75,0.004,7.79
22/05/2026 06:06,15.75,0.004,7.77
22/05/2026 06:06,15.75,0.004,7.77
22/05/2026 05:36,15.625,0.004,7.79
22/05/2026 05:06,15.5,0.004,7.78
22/05/2026 04:36,15.5,0.004,7.78
22/05/2026 04:06,15.625,0.004,7.8
22/05/2026 03:36,15.5,0.004,7.8
22/05/2026 03:06,15.5,0.004,7.8
22/05/2026 02:36,15.25,0.004,7.8
22/05/2026 02:06,15.25,0.004,7.79
22/05/2026 02:06,15.25,0.004,7.79
22/05/2026 01:36,15.25,0.004,7.81
22/05/2026 01:06,15.125,0.004,7.81
22/05/2026 00:36,15.125,0.004,7.81
22/05/2026 00:06,14.875,0.004,7.79
21/05/2026 23:36,14.75,0.004,7.81
21/05/2026 23:06,15.625,0.004,7.8
21/05/2026 23:06,15.625,0.004,7.8
21/05/2026 22:36,14.75,0.004,7.8
21/05/2026 22:06,14.625,0.004,7.8
21/05/2026 21:36,14.5,0.004,7.78
21/05/2026 21:06,14.5,0.004,7.78
21/05/2026 21:06,14.5,0.004,7.78
21/05/2026 20:36,14.25,0.004,7.79
21/05/2026 20:06,14.125,0.004,7.78
21/05/2026 19:36,14.125,0.004,7.78
21/05/2026 19:36,14.125,0.004,7.78
21/05/2026 19:06,13.875,0.004,7.8
21/05/2026 18:36,13.875,0.004,7.81
21/05/2026 18:06,13.75,0.004,7.81
21/05/2026 17:36,14.25,0.004,7.81
21/05/2026 17:06,14.75,0.004,7.81
21/05/2026 16:36,15.25,0.004,7.81
21/05/2026 16:06,15.875,0.004,7.81
21/05/2026 15:36,16,0.004,7.78
21/05/2026 15:06,16,0.004,7.79
21/05/2026 14:36,16,0.004,7.78
21/05/2026 14:06,16,0.004,7.78
21/05/2026 13:36,15.75,0.004,7.8
21/05/2026 13:06,15.875,0.004,7.82
21/05/2026 12:36,15.875,0.004,7.81
21/05/2026 12:06,15.75,0.004,7.8
21/05/2026 11:36,15.875,0.004,7.8
21/05/2026 11:06,15.75,0.004,7.81
21/05/2026 10:36,15.875,0.004,7.81
21/05/2026 10:06,14.75,0.004,7.81
21/05/2026 09:36,16.625,0.004,7.81
21/05/2026 09:06,15.625,0.004,7.79
21/05/2026 08:36,16.5,0.004,7.81
21/05/2026 08:06,15.625,0.004,7.8
21/05/2026 07:36,15.625,0.004,7.81
21/05/2026 07:06,15.625,0.004,7.8
21/05/2026 06:36,15.5,0.005,7.77
21/05/2026 06:06,15.5,0.004,7.78
21/05/2026 05:36,15.5,0.004,7.8
21/05/2026 05:06,15.5,0.004,7.79
21/05/2026 04:36,15.25,0.004,7.8
21/05/2026 04:06,15.25,0.004,7.8
21/05/2026 03:36,15.375,0.004,7.79
21/05/2026 03:06,15.125,0.004,7.79
21/05/2026 02:36,15,0.004,7.77
21/05/2026 02:06,15,0.004,7.76
21/05/2026 01:36,14.75,0.004,7.76
21/05/2026 01:06,15.625,0.005,7.75
21/05/2026 00:36,14.625,0.004,7.74
21/05/2026 00:06,14.5,0.004,7.74
20/05/2026 23:36,14.5,0.004,7.75
20/05/2026 23:06,14.375,0.004,7.74
20/05/2026 22:36,14.25,0.004,7.75
20/05/2026 22:06,14.125,0.004,7.75
20/05/2026 21:36,14,0.004,7.75
20/05/2026 21:06,14,0.004,7.75
20/05/2026 21:06,14,0.004,7.75
20/05/2026 20:36,13.75,0.004,7.75
20/05/2026 20:06,12.75,0.004,7.74
20/05/2026 19:36,13.375,0.004,7.74
20/05/2026 19:36,13.375,0.004,7.74
20/05/2026 19:06,13.375,0.004,7.75
20/05/2026 18:36,13.125,0.004,7.75
20/05/2026 18:06,13.125,0.004,7.76
20/05/2026 17:36,13.5,0.004,7.76
20/05/2026 17:06,13.125,0.004,7.76
20/05/2026 16:36,13.125,0.004,7.78
20/05/2026 16:06,13,0.004,7.8
20/05/2026 15:41,11.875,0.004,7.81
20/05/2026 15:36,12.625,0.004,7.81
20/05/2026 15:06,13,0.004,7.81
20/05/2026 14:36,13.25,0.004,7.81
20/05/2026 14:06,13.625,0.004,7.81
20/05/2026 13:36,13.75,0.004,7.81
20/05/2026 13:06,14.125,0.004,7.81
20/05/2026 12:36,14.625,0.004,7.81
20/05/2026 12:06,14.875,0.004,7.81
20/05/2026 11:36,15.25,0.004,7.8
20/05/2026 11:06,15.125,0.004,7.81
20/05/2026 10:36,15.25,0.004,7.8
20/05/2026 10:06,15.25,0.004,7.81
20/05/2026 09:36,15.25,0.004,7.8
20/05/2026 09:06,15.375,0.004,7.79
20/05/2026 08:36,15.25,0.004,7.78
20/05/2026 08:06,15.125,0.004,7.78
20/05/2026 07:36,15.25,0.004,7.76
20/05/2026 07:06,15.125,0.004,7.77
20/05/2026 06:36,14.875,0.004,7.77
20/05/2026 06:06,15,0.004,7.77
20/05/2026 05:36,15.625,0.004,7.76
20/05/2026 05:36,15.625,0.004,7.76
20/05/2026 05:06,14.75,0.004,7.75
20/05/2026 04:36,14.75,0.004,7.75
20/05/2026 04:06,14.625,0.004,7.75
20/05/2026 04:06,14.625,0.004,7.75
20/05/2026 03:36,14.625,0.004,7.77
20/05/2026 03:06,14.5,0.003,7.76
20/05/2026 02:36,14.625,0.004,7.76
20/05/2026 02:06,14.375,0.004,7.76
20/05/2026 01:36,14.375,0.004,7.77
20/05/2026 01:06,14.125,0.004,7.75
20/05/2026 00:36,14.125,0.004,7.76
20/05/2026 00:06,13.875,0.004,7.77
19/05/2026 23:36,13.875,0.004,7.76
19/05/2026 23:06,12.75,0.004,7.76
19/05/2026 22:36,13.625,0.004,7.75
19/05/2026 22:06,13.625,0.004,7.76
19/05/2026 21:36,13.5,0.004,7.77
19/05/2026 21:06,13.125,0.004,7.79
19/05/2026 20:36,12.875,0.004,7.81
19/05/2026 20:36,12.875,0.004,7.81
19/05/2026 20:06,13.25,0.004,7.82
19/05/2026 19:36,13.5,0.004,7.82
19/05/2026 19:06,13.875,0.004,7.82
19/05/2026 18:36,14.25,0.004,7.83
19/05/2026 18:06,15.625,0.004,7.83
19/05/2026 17:36,15.25,0.004,7.84
19/05/2026 17:06,15.75,0.004,7.84
19/05/2026 16:36,16.125,0.004,7.82
19/05/2026 16:06,16.125,0.004,7.83
19/05/2026 15:36,16,0.004,7.82
19/05/2026 15:06,16,0.004,7.82
19/05/2026 14:36,16,0.004,7.84
19/05/2026 14:06,16,0.004,7.85
19/05/2026 13:36,16,0.004,7.85
19/05/2026 13:06,16,0.004,7.85
19/05/2026 12:36,15.875,0.004,7.86
19/05/2026 12:06,16,0.004,7.86
19/05/2026 11:36,15.875,0.004,7.87
19/05/2026 11:06,16,0.004,7.87
19/05/2026 10:36,15.875,0.004,7.86
19/05/2026 10:06,16,0.004,7.86
19/05/2026 09:36,16.125,0.004,7.86
19/05/2026 09:06,16.125,0.004,7.87
19/05/2026 08:36,16.125,0.004,7.86
19/05/2026 08:06,16.125,0.004,7.87
19/05/2026 07:36,16.125,0.004,7.86
19/05/2026 07:06,16.25,0.005,7.86
19/05/2026 07:06,16.25,0.005,7.86
19/05/2026 06:36,16.25,0.004,7.86
19/05/2026 06:06,16.125,0.004,7.85
19/05/2026 05:36,16.125,0.004,7.86
19/05/2026 05:06,16.125,0.004,7.85
19/05/2026 04:36,16.125,0.004,7.86
19/05/2026 04:06,16,0.004,7.84
19/05/2026 03:36,16.125,0.004,7.86
19/05/2026 03:06,16,0.004,7.85
19/05/2026 02:36,16,0.004,7.84
19/05/2026 02:06,16.125,0.004,7.85
19/05/2026 01:36,16,0.004,7.85
19/05/2026 01:06,15.875,0.004,7.85
19/05/2026 00:36,15.875,0.004,7.85
19/05/2026 00:06,15.875,0.004,7.84
18/05/2026 23:36,15.875,0.004,7.86
18/05/2026 23:06,15.875,0.004,7.85
18/05/2026 22:36,15.75,0.004,7.86
18/05/2026 22:06,15.75,0.004,7.86
18/05/2026 21:36,15.875,0.004,7.86
18/05/2026 21:06,15.875,0.004,7.87
18/05/2026 20:36,15.75,0.004,7.87
18/05/2026 20:06,15.875,0.004,7.87
18/05/2026 19:36,15.875,0.004,7.87
18/05/2026 19:06,16,0.004,7.88
18/05/2026 18:36,15.875,0.004,7.87
18/05/2026 18:06,15.875,0.004,7.86
18/05/2026 17:36,16,0.004,7.87
18/05/2026 17:06,16,0.004,7.87
18/05/2026 16:36,15.875,0.004,7.87
18/05/2026 16:06,16.625,0.004,7.87
18/05/2026 15:36,15.75,0.004,7.87
18/05/2026 15:06,15.75,0.004,7.87
18/05/2026 14:36,15.75,0.004,7.87
18/05/2026 14:06,15.875,0.004,7.87
18/05/2026 13:36,14.75,0.004,7.87
18/05/2026 13:06,15.5,0.004,7.89
18/05/2026 12:36,16.5,0.004,7.89
18/05/2026 12:06,15.5,0.004,7.9
18/05/2026 11:36,15.5,0.004,7.91
18/05/2026 11:06,15.375,0.004,7.92
18/05/2026 10:36,15.375,0.003,7.93
18/05/2026 10:06,15.25,0.003,7.93
18/05/2026 09:36,14.75,0.003,7.92
18/05/2026 09:06,14.875,0.003,7.92
18/05/2026 08:36,15.625,0.003,7.92
18/05/2026 08:06,14.875,0.003,7.92
18/05/2026 07:36,15,0.003,7.92
18/05/2026 07:06,15,0.003,7.94
18/05/2026 06:36,15.125,0.003,7.93
18/05/2026 06:06,15.25,0.003,7.94
18/05/2026 05:36,15.25,0.003,7.93
18/05/2026 05:06,15.375,0.003,7.93
18/05/2026 04:36,15.5,0.003,7.94
18/05/2026 04:06,15.625,0.003,7.94
18/05/2026 03:36,15.75,0.003,7.93
18/05/2026 03:06,15.875,0.003,7.94
18/05/2026 03:06,15.875,0.003,7.94
18/05/2026 02:36,15.875,0.003,7.94
18/05/2026 02:06,16.125,0.003,7.95
18/05/2026 01:36,16.125,0.003,7.95
18/05/2026 01:06,16.25,0.003,7.95
18/05/2026 00:36,16.375,0.003,7.95
18/05/2026 00:06,16.375,0.003,7.95
17/05/2026 23:36,16.5,0.003,7.96
17/05/2026 23:06,15.75,0.003,7.96
17/05/2026 22:36,16.75,0.003,7.95
17/05/2026 22:06,16.875,0.003,7.96
17/05/2026 21:36,17.125,0.003,7.96
17/05/2026 21:06,17.25,0.003,7.96
17/05/2026 20:36,17.375,0.003,7.97
17/05/2026 20:06,17.375,0.003,7.96
17/05/2026 19:36,17.5,0.003,7.97
17/05/2026 19:06,17.75,0.003,7.96
17/05/2026 18:36,17.875,0.004,7.97
17/05/2026 18:06,18,0.004,7.97
17/05/2026 17:36,18.125,0.004,7.96
17/05/2026 17:06,18.25,0.004,7.96
17/05/2026 16:36,18.25,0.003,7.96
17/05/2026 16:06,18.25,0.003,7.97
17/05/2026 15:36,18,0.003,7.96
17/05/2026 15:06,18.125,0.003,7.97
17/05/2026 14:36,18.25,0.003,7.95
17/05/2026 14:06,18.125,0.003,7.96
17/05/2026 13:36,18,0.003,7.96
17/05/2026 13:06,17.875,0.003,7.96
17/05/2026 12:36,18.625,0.003,7.97
17/05/2026 12:06,17.625,0.003,7.96
17/05/2026 12:06,17.625,0.003,7.96
17/05/2026 11:36,17.625,0.003,7.96
17/05/2026 11:06,17.5,0.003,7.96
17/05/2026 10:36,17.5,0.003,7.97
17/05/2026 10:06,17.625,0.003,7.95
17/05/2026 09:36,17.5,0.003,7.95
17/05/2026 09:06,17.5,0.003,7.95
17/05/2026 08:36,17.5,0.003,7.95
17/05/2026 08:06,17.5,0.003,7.95
17/05/2026 07:36,17.5,0.003,7.96
17/05/2026 07:06,17.375,0.003,7.97
17/05/2026 06:36,17.5,0.003,7.97
17/05/2026 06:36,17.5,0.003,7.97
17/05/2026 06:06,17.5,0.003,7.97
17/05/2026 05:36,17.625,0.003,7.98
17/05/2026 05:06,17.5,0.003,7.97
17/05/2026 04:36,18.625,0.003,7.97
17/05/2026 04:06,17.5,0.003,7.97
17/05/2026 03:36,17.625,0.003,7.97
17/05/2026 03:06,17.875,0.003,7.97
17/05/2026 02:36,17.75,0.003,7.97
17/05/2026 02:06,17.875,0.003,7.97
17/05/2026 01:36,17.875,0.003,7.96
17/05/2026 01:06,17.875,0.003,7.96
17/05/2026 00:36,18,0.003,7.95
17/05/2026 00:06,17.875,0.003,7.94
16/05/2026 23:36,17.75,0.003,7.95
16/05/2026 23:06,17.75,0.003,7.94
16/05/2026 22:36,18,0.003,7.94
16/05/2026 22:36,18,0.003,7.94
16/05/2026 22:06,17.875,0.003,7.94
16/05/2026 22:06,17.875,0.003,7.94
16/05/2026 21:36,17.875,0.003,7.93
16/05/2026 21:06,18.125,0.003,7.94
16/05/2026 20:36,18,0.003,7.93
16/05/2026 20:06,17.875,0.003,7.94
16/05/2026 19:36,18.125,0.003,7.94
16/05/2026 19:06,18,0.003,7.94
16/05/2026 18:36,17.875,0.003,7.94
16/05/2026 18:06,17.875,0.003,7.94
16/05/2026 17:36,17.875,0.003,7.94
16/05/2026 17:06,17.875,0.003,7.94
16/05/2026 16:36,17.875,0.003,7.94
16/05/2026 16:06,17.75,0.003,7.94
16/05/2026 15:36,17.625,0.003,7.94
16/05/2026 15:06,17.625,0.003,7.94
16/05/2026 14:36,17.5,0.003,7.94
16/05/2026 14:06,17.5,0.003,7.93
16/05/2026 13:36,17.375,0.003,7.94
16/05/2026 13:06,17.375,0.003,7.94
16/05/2026 12:36,17.25,0.003,7.94
16/05/2026 12:36,17.25,0.003,7.94
16/05/2026 12:06,17.25,0.003,7.93
16/05/2026 11:36,17,0.003,7.94
16/05/2026 11:06,17,0.003,7.93
16/05/2026 11:06,17,0.003,7.93
16/05/2026 10:36,17.125,0.003,7.93
16/05/2026 10:06,17,0.003,7.92
16/05/2026 09:36,17,0.003,7.92
16/05/2026 09:06,17,0.003,7.92
16/05/2026 08:36,16.875,0.003,7.91
16/05/2026 08:06,17,0.003,7.92
16/05/2026 07:36,17,0.003,7.92
16/05/2026 07:06,17,0.003,7.91
16/05/2026 06:36,17.125,0.003,7.91
16/05/2026 06:06,17,0.003,7.92
16/05/2026 05:36,17.125,0.003,7.91
16/05/2026 05:06,17,0.003,7.92
16/05/2026 04:36,17.25,0.003,7.92
16/05/2026 04:06,17.125,0.003,7.93
16/05/2026 03:36,17.25,0.003,7.93
16/05/2026 03:06,17.25,0.003,7.92
16/05/2026 02:36,17.25,0.003,7.92
16/05/2026 02:06,17.25,0.003,7.93
16/05/2026 01:36,17.25,0.003,7.92
16/05/2026 01:06,17.25,0.003,7.91
16/05/2026 00:36,17.25,0.003,7.93
16/05/2026 00:06,17.375,0.003,7.92
15/05/2026 23:36,17.375,0.003,7.93
15/05/2026 23:06,17.375,0.003,7.92
15/05/2026 22:36,17.375,0.003,7.91
15/05/2026 22:06,17.5,0.003,7.91
15/05/2026 21:36,17.5,0.003,7.92
15/05/2026 21:06,17.375,0.003,7.91
15/05/2026 20:36,17.375,0.003,7.91
15/05/2026 20:06,17.625,0.003,7.91
15/05/2026 19:36,17.5,0.003,7.92
15/05/2026 19:06,17.375,0.003,7.92
15/05/2026 18:36,17.375,0.003,7.92
15/05/2026 18:06,17.5,0.003,7.92
15/05/2026 17:36,17.375,0.003,7.91
15/05/2026 17:06,17.25,0.003,7.92
15/05/2026 16:36,17.25,0.003,7.92
15/05/2026 16:06,17.25,0.003,7.92
15/05/2026 15:36,17.125,0.003,7.92
15/05/2026 15:06,17.125,0.003,7.93
15/05/2026 14:36,17,0.003,7.92
15/05/2026 14:06,16.875,0.003,7.92
15/05/2026 13:36,17,0.003,7.92
15/05/2026 13:06,16.875,0.003,7.92
15/05/2026 12:36,16.75,0.003,7.92
15/05/2026 12:06,16.75,0.003,7.91
15/05/2026 11:36,16.75,0.003,7.92
15/05/2026 11:06,16.625,0.003,7.91
15/05/2026 10:36,16.625,0.003,7.92
15/05/2026 10:06,16.5,0.003,7.91
15/05/2026 09:36,16.375,0.003,7.91
15/05/2026 09:06,16.5,0.003,7.91
15/05/2026 08:36,16.5,0.003,7.91
15/05/2026 08:06,16.5,0.003,7.91
15/05/2026 07:36,16.5,0.003,7.91
15/05/2026 07:06,16.375,0.003,7.9
15/05/2026 06:36,16.375,0.003,7.9
15/05/2026 06:06,16.375,0.003,7.9
15/05/2026 05:36,16.375,0.003,7.91
15/05/2026 05:06,16.375,0.003,7.9
15/05/2026 04:36,16.375,0.003,7.9
15/05/2026 04:06,16.5,0.003,7.9
15/05/2026 03:36,16.375,0.003,7.9
15/05/2026 03:06,16.375,0.003,7.9
15/05/2026 02:36,16.5,0.003,7.9
15/05/2026 02:06,16.5,0.003,7.9
15/05/2026 01:36,16.5,0.003,7.9
15/05/2026 01:06,16.5,0.003,7.9
15/05/2026 00:36,16.5,0.003,7.9
15/05/2026 00:06,16.5,0.003,7.9
14/05/2026 23:36,16.375,0.003,7.9
14/05/2026 23:06,16.375,0.003,7.89
14/05/2026 22:36,16.5,0.003,7.9
14/05/2026 22:06,16.375,0.003,7.89
14/05/2026 21:36,16.375,0.003,7.9
14/05/2026 21:06,16.375,0.003,7.9
14/05/2026 20:36,16.375,0.003,7.9
14/05/2026 20:36,16.375,0.003,7.9
14/05/2026 20:06,16.375,0.003,7.89
14/05/2026 19:36,16.375,0.003,7.9
14/05/2026 19:06,16.125,0.003,7.89
14/05/2026 18:36,16.125,0.003,7.89
14/05/2026 18:06,16.125,0.003,7.89
14/05/2026 17:36,16,0.003,7.9
14/05/2026 17:06,16,0.003,7.89
14/05/2026 16:36,15.875,0.003,7.89
14/05/2026 16:06,15.75,0.003,7.89
14/05/2026 15:36,15.75,0.003,7.89
14/05/2026 15:06,15.625,0.003,7.89
14/05/2026 14:36,15.5,0.003,7.89
14/05/2026 14:06,15.625,0.003,7.89
14/05/2026 13:36,15.5,0.003,7.89
14/05/2026 13:06,15.375,0.003,7.89
14/05/2026 12:36,15.25,0.003,7.89
14/05/2026 12:06,15.25,0.003,7.88
14/05/2026 11:36,15.25,0.003,7.89
14/05/2026 11:06,15.125,0.003,7.9
14/05/2026 10:36,15.375,0.003,7.89
14/05/2026 10:06,15.375,0.003,7.9
14/05/2026 09:36,15.25,0.003,7.89
14/05/2026 09:06,15.125,0.003,7.9
14/05/2026 08:36,15.25,0.003,7.89
14/05/2026 08:06,15.125,0.003,7.9
14/05/2026 07:36,15.25,0.003,7.89
14/05/2026 07:06,15.375,0.003,7.89
14/05/2026 06:36,15.375,0.003,7.9
14/05/2026 06:06,15.25,0.003,7.9
14/05/2026 05:36,15.25,0.003,7.9
14/05/2026 05:06,15.375,0.003,7.89
14/05/2026 04:36,15.25,0.003,7.9
14/05/2026 04:06,15.25,0.003,7.9
14/05/2026 03:36,15.375,0.003,7.9
14/05/2026 03:06,15.375,0.003,7.89
14/05/2026 02:36,15.5,0.003,7.9
14/05/2026 02:06,15.25,0.003,7.9
14/05/2026 01:36,15.5,0.003,7.9
14/05/2026 01:06,15.5,0.003,7.9
14/05/2026 00:36,15.5,0.003,7.9
14/05/2026 00:06,15.5,0.003,7.9
13/05/2026 23:36,15.625,0.003,7.89
13/05/2026 23:06,15.625,0.003,7.91
13/05/2026 22:36,15.5,0.003,7.9
13/05/2026 22:06,14.75,0.003,7.9
13/05/2026 21:36,15.625,0.003,7.9
13/05/2026 21:36,15.625,0.003,7.9
13/05/2026 21:06,14.75,0.003,7.91
13/05/2026 20:36,16.625,0.003,7.9
13/05/2026 20:06,15.75,0.003,7.9
13/05/2026 19:36,15.875,0.003,7.89
13/05/2026 19:06,14.75,0.003,7.89
13/05/2026 18:36,15.75,0.003,7.89
13/05/2026 18:06,14.75,0.003,7.89
13/05/2026 17:36,15.75,0.003,7.9
13/05/2026 17:06,15.625,0.003,7.9
13/05/2026 16:36,15.625,0.003,7.9
13/05/2026 16:06,14.75,0.003,7.9
13/05/2026 15:36,14.75,0.003,7.9
13/05/2026 15:06,15.375,0.003,7.9
13/05/2026 14:36,15.5,0.003,7.89
13/05/2026 14:06,15.5,0.003,7.9
13/05/2026 13:36,15.375,0.003,7.9
13/05/2026 13:06,15.25,0.003,7.9
13/05/2026 12:36,15.25,0.003,7.89
13/05/2026 12:06,15.25,0.003,7.89
13/05/2026 11:36,15.25,0.003,7.89
13/05/2026 11:06,15.25,0.003,7.89
13/05/2026 10:36,15.125,0.003,7.89
13/05/2026 10:06,15.125,0.003,7.88
13/05/2026 09:36,15.125,0.003,7.89
13/05/2026 09:06,15.125,0.003,7.89
13/05/2026 08:36,15.25,0.003,7.89
13/05/2026 08:36,15.25,0.003,7.89
13/05/2026 08:06,15.25,0.003,7.89
13/05/2026 07:36,15.25,0.003,7.89
13/05/2026 07:36,15.25,0.003,7.89
13/05/2026 07:06,15.375,0.003,7.89
13/05/2026 06:36,15.25,0.003,7.89
13/05/2026 06:06,15.375,0.003,7.89
13/05/2026 05:36,15.375,0.003,7.89
13/05/2026 05:06,15.25,0.003,7.89
13/05/2026 04:36,15.375,0.003,7.89
13/05/2026 04:06,15.375,0.003,7.89
13/05/2026 03:36,15.25,0.003,7.89
13/05/2026 03:06,15.375,0.003,7.89
13/05/2026 02:36,15.375,0.003,7.89
13/05/2026 02:36,15.375,0.003,7.89
13/05/2026 02:06,15.375,0.003,7.89
13/05/2026 01:36,15.375,0.003,7.89
13/05/2026 01:06,15.25,0.003,7.89
13/05/2026 00:36,15.375,0.003,7.89
13/05/2026 00:36,15.375,0.003,7.89
13/05/2026 00:06,15.375,0.003,7.89
12/05/2026 23:36,15.375,0.003,7.89
12/05/2026 23:06,15.5,0.003,7.89
12/05/2026 22:36,15.5,0.003,7.89
12/05/2026 22:06,15.375,0.003,7.89
12/05/2026 21:36,15.625,0.003,7.89
12/05/2026 21:06,15.625,0.002,7.89
12/05/2026 20:36,15.5,0.002,7.89
12/05/2026 20:06,16.625,0.003,7.88
12/05/2026 19:36,15.625,0.002,7.89
12/05/2026 19:06,15.5,0.002,7.89
12/05/2026 18:36,15.5,0.002,7.88
12/05/2026 18:06,16.5,0.002,7.88
12/05/2026 17:36,14.75,0.002,7.88
12/05/2026 17:06,15.5,0.002,7.88
12/05/2026 16:36,15.375,0.002,7.88
12/05/2026 16:06,15.375,0.002,7.88
12/05/2026 15:36,15.375,0.002,7.88
12/05/2026 15:06,15.375,0.002,7.88
12/05/2026 14:36,15.375,0.002,7.88
12/05/2026 14:36,15.375,0.002,7.88
12/05/2026 14:06,15.25,0.002,7.88
12/05/2026 13:36,15.375,0.002,7.88
12/05/2026 13:06,15.25,0.002,7.88
12/05/2026 12:36,15.125,0.002,7.88
12/05/2026 12:06,15.125,0.002,7.88
12/05/2026 11:36,15.25,0.002,7.88
12/05/2026 11:06,15.25,0.002,7.88
12/05/2026 10:36,15.25,0.002,7.88
12/05/2026 10:06,15.25,0.002,7.88
12/05/2026 09:36,15.25,0.002,7.88
12/05/2026 09:06,15.25,0.002,7.88
12/05/2026 09:06,15.25,0.002,7.88
12/05/2026 08:36,15.25,0.002,7.88
12/05/2026 08:06,15.25,0.002,7.88
12/05/2026 08:06,15.25,0.002,7.88
12/05/2026 07:36,15.25,0.002,7.88
12/05/2026 07:06,15.375,0.002,7.88
12/05/2026 06:36,15.375,0.002,7.88
12/05/2026 06:36,15.375,0.002,7.88
12/05/2026 06:06,15.375,0.002,7.88
12/05/2026 05:36,15.25,0.002,7.87
12/05/2026 05:06,15.375,0.002,7.88
12/05/2026 04:36,15.375,0.002,7.87
12/05/2026 04:06,15.375,0.002,7.87
12/05/2026 03:36,15.375,0.002,7.85
12/05/2026 03:36,15.375,0.002,7.85
12/05/2026 03:06,15.5,0.002,7.86
12/05/2026 02:36,15.25,0.002,7.86
12/05/2026 02:36,15.25,0.002,7.86
12/05/2026 02:06,15.375,0.002,7.85
12/05/2026 01:36,15.5,0.002,7.86
12/05/2026 01:06,15.375,0.002,7.86
12/05/2026 00:36,15.375,0.002,7.86
12/05/2026 00:06,15.375,0.002,7.85
11/05/2026 23:36,15.5,0.002,7.86
11/05/2026 23:06,15.375,0.002,7.87
11/05/2026 22:36,15.5,0.002,7.85
11/05/2026 22:06,15.375,0.002,7.86
11/05/2026 22:06,15.375,0.002,7.86
11/05/2026 21:36,15.5,0.002,7.86
11/05/2026 21:36,15.5,0.002,7.86
11/05/2026 21:06,15.5,0.002,7.85
11/05/2026 20:36,15.5,0.002,7.85
11/05/2026 20:06,15.5,0.002,7.85
11/05/2026 19:36,15.625,0.002,7.85
11/05/2026 19:06,14.75,0.002,7.85
11/05/2026 18:36,14.75,0.002,7.85
11/05/2026 18:06,15.625,0.002,7.85
11/05/2026 17:36,16.625,0.002,7.84
11/05/2026 17:06,15.5,0.002,7.84
11/05/2026 16:36,15.625,0.002,7.84
11/05/2026 16:06,15.625,0.002,7.84
11/05/2026 15:36,15.625,0.002,7.85
11/05/2026 15:06,15.375,0.002,7.85
11/05/2026 14:36,15.5,0.002,7.85
11/05/2026 14:06,15.5,0.002,7.84
11/05/2026 13:36,15.5,0.002,7.85
11/05/2026 13:06,15.375,0.002,7.85
11/05/2026 12:36,15.25,0.002,7.86
11/05/2026 12:06,15.375,0.002,7.86
11/05/2026 11:36,15.125,0.002,7.86
11/05/2026 11:06,15.25,0.002,7.89
11/05/2026 10:36,15.125,0.002,7.88
11/05/2026 10:06,15.125,0.002,7.88
11/05/2026 09:36,15.125,0.002,7.87
11/05/2026 09:06,15.125,0.002,7.87
11/05/2026 08:36,15.25,0.002,7.88
11/05/2026 08:06,15.25,0.002,7.88
11/05/2026 07:36,15.25,0.002,7.89
11/05/2026 07:06,15.375,0.002,7.9
11/05/2026 06:36,15.375,0.002,7.9
11/05/2026 06:06,15.5,0.002,7.9
11/05/2026 05:36,15.25,0.002,7.9
11/05/2026 05:06,15.375,0.002,7.89
11/05/2026 04:36,15.25,0.002,7.89
11/05/2026 04:06,15.375,0.002,7.89
11/05/2026 03:36,15.375,0.001,7.89
11/05/2026 03:06,15.25,0.001,7.89
11/05/2026 02:36,15.25,0.001,7.89
11/05/2026 02:06,15.375,0.001,7.89
11/05/2026 01:36,15.375,0.001,7.89
11/05/2026 01:06,15.375,0.001,7.89
11/05/2026 00:36,15.375,0.001,7.89
11/05/2026 00:06,15.25,0.001,7.89
10/05/2026 23:36,15.25,0.001,7.89
10/05/2026 23:06,15.375,0.001,7.9
10/05/2026 22:36,15.25,0.001,7.9
10/05/2026 22:06,15.375,0.001,7.89
10/05/2026 21:36,15.375,0.001,7.89
10/05/2026 21:36,15.375,0.001,7.89
10/05/2026 21:06,15.25,0.001,7.89
10/05/2026 20:36,15.375,0.001,7.89
10/05/2026 20:06,15.25,0.001,7.88
10/05/2026 19:36,15.5,0.001,7.89
10/05/2026 19:06,15.5,0.001,7.88
10/05/2026 18:36,15.375,0.001,7.89
10/05/2026 18:06,15.5,0.001,7.88
10/05/2026 17:36,15.375,0.001,7.88
10/05/2026 17:06,15.625,0.001,7.88
10/05/2026 16:36,15.375,0.001,7.89
10/05/2026 16:06,15.5,0.001,7.89
10/05/2026 15:36,15.5,0.001,7.89
10/05/2026 15:06,15.375,0.001,7.89
10/05/2026 14:36,15.5,0.001,7.89
10/05/2026 14:06,15.5,0.001,7.9
10/05/2026 13:36,15.375,0.001,7.89
10/05/2026 13:06,15.5,0.001,7.89
10/05/2026 12:36,15.25,0.001,7.89
10/05/2026 12:06,15.375,0.001,7.89
10/05/2026 11:36,15.375,0.001,7.9
10/05/2026 11:06,15.25,0.001,7.89
10/05/2026 10:36,15.375,0.001,7.89
10/05/2026 10:06,15.125,0.001,7.89
10/05/2026 09:36,15.25,0.001,7.89
10/05/2026 09:06,15.125,0.001,7.89
10/05/2026 08:36,15.25,0.001,7.89
10/05/2026 08:06,15.375,0.001,7.89
10/05/2026 07:36,15.25,0.001,7.88
10/05/2026 07:06,15.25,0.001,7.88
10/05/2026 06:36,15.375,0.001,7.89
10/05/2026 06:06,15.25,0.001,7.88
10/05/2026 05:36,15.25,0.001,7.89
10/05/2026 05:06,15.375,0.001,7.88
10/05/2026 04:36,15.25,0.002,7.89
10/05/2026 04:06,15.375,0.001,7.89
10/05/2026 03:36,15.375,0.002,7.89
10/05/2026 03:06,15.25,0.001,7.88
10/05/2026 02:36,15.375,0.001,7.88
10/05/2026 02:06,15.25,0.001,7.88
10/05/2026 01:36,15.375,0.002,7.88
10/05/2026 01:06,15.375,0.001,7.88
10/05/2026 00:36,15.375,0.001,7.87
10/05/2026 00:06,15.25,0.001,7.87
09/05/2026 23:36,15.375,0.002,7.87
09/05/2026 23:06,15.375,0.001,7.87
09/05/2026 22:36,15.5,0.001,7.86
09/05/2026 22:06,15.375,0.001,7.86
09/05/2026 21:36,15.25,0.002,7.86
09/05/2026 21:06,15.5,0.002,7.86
09/05/2026 20:36,15.5,0.002,7.86
09/05/2026 20:06,15.5,0.002,7.87
09/05/2026 19:36,15.5,0.002,7.86
09/05/2026 19:06,15.5,0.002,7.85
09/05/2026 18:36,15.5,0.002,7.86
09/05/2026 18:06,15.5,0.002,7.86
09/05/2026 17:36,15.5,0.002,7.85
09/05/2026 17:06,15.5,0.002,7.86
09/05/2026 16:36,15.625,0.002,7.85
09/05/2026 16:36,15.625,0.002,7.85
09/05/2026 16:06,15.5,0.002,7.85
09/05/2026 15:36,15.625,0.002,7.85
09/05/2026 15:06,15.5,0.002,7.85
09/05/2026 14:36,15.5,0.002,7.85
09/05/2026 14:06,15.25,0.002,7.85
09/05/2026 13:36,15.5,0.002,7.85
09/05/2026 13:06,15.25,0.002,7.85
09/05/2026 12:36,15.25,0.002,7.84
09/05/2026 12:06,15.25,0.002,7.84
09/05/2026 11:36,15.375,0.002,7.84
09/05/2026 11:06,15.375,0.002,7.84
09/05/2026 10:36,15.25,0.002,7.84
09/05/2026 10:06,15.25,0.002,7.84
09/05/2026 09:36,15.25,0.002,7.84
09/05/2026 09:06,15.375,0.002,7.84
09/05/2026 08:36,15.25,0.002,7.84
09/05/2026 08:06,15.25,0.002,7.84
09/05/2026 07:36,15.25,0.002,7.83
09/05/2026 07:06,15.25,0.002,7.83
09/05/2026 06:36,15.25,0.002,7.83
09/05/2026 06:06,15.25,0.002,7.83
09/05/2026 06:06,15.25,0.002,7.83
09/05/2026 05:36,15.375,0.002,7.82
09/05/2026 05:06,15.375,0.002,7.82
09/05/2026 05:06,15.375,0.002,7.82
09/05/2026 04:36,15.25,0.002,7.81
09/05/2026 04:06,15.375,0.002,7.8
09/05/2026 03:36,15.5,0.002,7.79
09/05/2026 03:06,15.375,0.002,7.78
09/05/2026 03:06,15.375,0.002,7.78
09/05/2026 02:36,15.375,0.002,7.76
09/05/2026 02:06,15.375,0.002,7.78
09/05/2026 01:36,15.375,0.002,7.8
09/05/2026 01:06,15.625,0.002,7.81
09/05/2026 00:36,15.625,0.001,7.83
09/05/2026 00:06,15.5,0.002,7.83
08/05/2026 23:36,15.625,0.001,7.83
08/05/2026 23:06,15.5,0.002,7.84
08/05/2026 22:36,15.625,0.001,7.84
08/05/2026 22:06,15.625,0.001,7.84
08/05/2026 21:36,15.5,0.001,7.84
08/05/2026 21:06,15.625,0.001,7.84
08/05/2026 20:36,15.75,0.001,7.84
08/05/2026 20:06,14.875,0.001,7.83
08/05/2026 19:36,15.75,0.001,7.82
08/05/2026 19:06,15.75,0.001,7.8
08/05/2026 18:36,15.75,0.001,7.78
08/05/2026 18:06,15.75,0.001,7.75
08/05/2026 17:36,15.75,0.001,7.71
08/05/2026 17:06,15.75,0.001,7.65
08/05/2026 17:06,15.75,0.001,7.65
08/05/2026 16:36,15.875,0.002,7.56
08/05/2026 16:24,15.875,0.002,7.52
08/05/2026 16:06,16,0.002,7.42
08/05/2026 15:36,15.875,0.002,7.18
08/05/2026 15:06,15.75,0.002,6.87
08/05/2026 14:36,15.875,0.002,6.62
08/05/2026 14:36,15.875,0.002,6.62
08/05/2026 14:06,15.75,0.002,6.42
08/05/2026 13:36,16.625,0.002,6.4
01/05/2026 09:36,15.125,0.004,7.82
01/05/2026 09:06,15.125,0.004,7.81
01/05/2026 08:36,15.125,0.004,7.81
01/05/2026 08:06,15.125,0.004,7.82
01/05/2026 08:06,15.125,0.004,7.82
01/05/2026 07:36,15.25,0.004,7.81
01/05/2026 07:06,15.125,0.004,7.82
01/05/2026 06:36,15.125,0.004,7.82
01/05/2026 06:06,15.25,0.004,7.82
01/05/2026 05:36,15.375,0.004,7.82
01/05/2026 05:06,15.25,0.004,7.82
01/05/2026 05:06,15.25,0.004,7.82
01/05/2026 04:36,15.25,0.004,7.82
01/05/2026 04:06,15.25,0.004,7.82
01/05/2026 03:36,15.25,0.004,7.82
01/05/2026 03:06,15.25,0.004,7.82
01/05/2026 02:36,15.125,0.004,7.82
01/05/2026 02:06,15.25,0.004,7.82
01/05/2026 01:36,15.25,0.004,7.82
01/05/2026 01:06,15.375,0.004,7.82
01/05/2026 00:36,15.25,0.004,7.82
01/05/2026 00:06,15.375,0.004,7.82
30/04/2026 23:36,15.375,0.004,7.82
30/04/2026 23:27,15,0.004,7.82
30/04/2026 23:26,14.75,0.004,7.82
30/04/2026 23:26,14.875,0.004,8.45
30/04/2026 23:06,15.25,0.004,7.82
30/04/2026 22:36,15.25,0.004,7.82
30/04/2026 22:06,15.375,0.004,7.82
30/04/2026 21:36,15.375,0.004,7.82
30/04/2026 21:12,15.25,0.004,7.82
30/04/2026 21:06,15.5,0.004,7.81
30/04/2026 20:36,15.5,0.004,7.82
30/04/2026 20:06,15.5,0.004,7.82
30/04/2026 19:36,15.375,0.004,7.81
30/04/2026 19:06,15.375,0.004,7.81
30/04/2026 18:36,15.375,0.004,7.82
30/04/2026 18:06,15.375,0.004,7.81
30/04/2026 17:36,15.5,0.004,7.81
30/04/2026 17:06,15.375,0.004,7.81
30/04/2026 16:36,15.375,0.004,7.81
30/04/2026 16:06,15.375,0.004,7.81
30/04/2026 15:36,15.25,0.004,7.81
30/04/2026 15:06,15.375,0.004,7.81
30/04/2026 14:36,15.375,0.004,7.81
30/04/2026 14:06,15.25,0.004,7.8
30/04/2026 13:36,15.25,0.004,7.8
30/04/2026 13:06,15.125,0.004,7.8
30/04/2026 12:36,15.125,0.004,7.8
30/04/2026 12:06,15,0.004,7.8
30/04/2026 11:36,15,0.004,7.79
30/04/2026 11:06,15.125,0.004,7.8
30/04/2026 10:36,15.125,0.004,7.79
30/04/2026 10:25,15.125,0.004,7.79
30/04/2026 10:25,15.125,0.004,8.41
30/04/2026 10:07,14.75,0.004,7.79
30/04/2026 10:06,15.125,0.004,7.8
30/04/2026 09:36,15,0.004,7.8
30/04/2026 09:06,15.125,0.004,7.8
30/04/2026 08:36,15.125,0.004,7.8
30/04/2026 08:06,15.25,0.004,7.8
30/04/2026 07:56,14.75,0.004,7.8
30/04/2026 07:56,14.75,0.004,8.42
30/04/2026 07:36,15.25,0.004,7.8
30/04/2026 07:24,15.25,0.004,7.8
30/04/2026 07:24,15.25,0.004,7.8
30/04/2026 07:24,15.25,0.004,8.42
30/04/2026 07:06,15.375,0.004,7.8
30/04/2026 06:36,15.25,0.004,7.8
30/04/2026 06:06,15.25,0.004,7.8
30/04/2026 05:36,15.125,0.004,7.8
30/04/2026 05:36,15.125,0.004,7.8
30/04/2026 05:06,15.25,0.004,7.8
30/04/2026 04:36,15.25,0.004,7.8
30/04/2026 04:06,15.375,0.004,7.8
30/04/2026 03:36,15.25,0.004,7.8
30/04/2026 03:06,15.25,0.004,7.8
30/04/2026 02:36,15.25,0.004,7.8
30/04/2026 02:06,15.25,0.004,7.8
30/04/2026 01:36,15.375,0.004,7.8
30/04/2026 01:06,15.375,0.004,7.8
30/04/2026 00:36,15.25,0.004,7.8
30/04/2026 00:06,15.125,0.004,7.8
30/04/2026 00:04,14.875,0.004,7.8
30/04/2026 00:04,14.75,0.004,7.8
30/04/2026 00:04,14.75,0.004,8.42
29/04/2026 23:36,15.5,0.004,7.8
29/04/2026 23:06,15.25,0.004,7.8
29/04/2026 22:36,15.375,0.004,7.8
29/04/2026 22:36,15.375,0.004,7.8
29/04/2026 22:06,15.5,0.004,7.8
29/04/2026 21:36,15.375,0.004,7.8
29/04/2026 21:06,15.5,0.004,7.8
29/04/2026 20:36,15.5,0.004,7.8
29/04/2026 20:06,15.625,0.004,7.8
29/04/2026 19:36,15.5,0.004,7.8
29/04/2026 19:06,15.375,0.004,7.8
29/04/2026 18:36,15.5,0.004,7.8
29/04/2026 18:36,15.5,0.004,7.8
29/04/2026 18:06,15.5,0.004,7.8
29/04/2026 17:36,15.5,0.004,7.8
29/04/2026 17:06,15.5,0.004,7.8
29/04/2026 16:36,15.625,0.004,7.8
29/04/2026 16:06,15.5,0.004,7.8
29/04/2026 15:36,15.5,0.004,7.8
29/04/2026 15:06,15.5,0.004,7.79
29/04/2026 14:36,15.5,0.004,7.79
29/04/2026 14:06,15.375,0.004,7.79
29/04/2026 13:36,15.375,0.004,7.79
29/04/2026 13:36,15.375,0.004,7.79
29/04/2026 13:06,15.25,0.004,7.79
29/04/2026 12:36,15.5,0.004,7.79
29/04/2026 12:06,15.25,0.004,7.79
29/04/2026 11:36,15.375,0.004,7.78
29/04/2026 11:06,15.5,0.004,7.78
29/04/2026 10:36,15.5,0.004,7.78
29/04/2026 10:06,15.375,0.004,7.78
29/04/2026 09:36,15.375,0.004,7.78
29/04/2026 09:06,15.25,0.004,7.77
29/04/2026 09:00,15.375,0.004,7.78
29/04/2026 09:00,15.25,0.004,7.77
29/04/2026 09:00,15.375,0.004,8.39
29/04/2026 08:36,15.25,0.004,7.77
29/04/2026 08:06,15.25,0.004,7.77
29/04/2026 07:36,15.5,0.004,7.77
29/04/2026 07:06,15.375,0.004,7.77
29/04/2026 06:36,15.375,0.004,7.76
29/04/2026 06:06,15.375,0.004,7.76
29/04/2026 05:36,15.5,0.004,7.76
29/04/2026 05:06,15.375,0.004,7.76
29/04/2026 04:36,15.375,0.004,7.75
29/04/2026 04:06,15.5,0.004,7.75
29/04/2026 03:47,15.25,0.004,7.75
29/04/2026 03:36,15.5,0.004,7.75
29/04/2026 03:24,15.375,0.004,7.75
29/04/2026 03:24,15.125,0.004,8.35
29/04/2026 03:06,15.5,0.004,7.74
29/04/2026 03:06,15.5,0.004,7.74
29/04/2026 02:36,15.5,0.004,7.74
29/04/2026 02:31,14.75,0.004,7.74
29/04/2026 02:31,15.5,0.004,7.74
29/04/2026 02:30,15.625,0.004,8.33
29/04/2026 02:06,15.625,0.004,7.73
29/04/2026 01:36,15.5,0.004,7.73
29/04/2026 01:34,15.25,0.004,7.73
29/04/2026 01:06,15.5,0.004,7.72
29/04/2026 00:36,15.75,0.004,7.72
29/04/2026 00:06,15.625,0.004,7.71
28/04/2026 23:36,14.75,0.004,7.7
28/04/2026 23:06,15.75,0.004,7.7
28/04/2026 22:36,15.75,0.004,7.69
28/04/2026 22:06,15.625,0.004,7.69
28/04/2026 21:36,14.875,0.004,7.68
28/04/2026 21:06,15.875,0.004,7.67
28/04/2026 20:36,15.875,0.004,7.66
28/04/2026 20:36,15.875,0.004,7.66
28/04/2026 20:06,15.875,0.004,7.65
28/04/2026 19:36,15.875,0.004,7.64
28/04/2026 19:06,15.875,0.004,7.64
28/04/2026 18:36,15.75,0.004,7.63
28/04/2026 18:06,15.875,0.004,7.62
28/04/2026 17:36,15.75,0.004,7.61
28/04/2026 17:06,15.75,0.004,7.6
28/04/2026 16:36,15.875,0.004,7.59
28/04/2026 16:06,15.875,0.004,7.58
28/04/2026 15:36,15.875,0.004,7.57
28/04/2026 15:06,15.875,0.004,7.58
28/04/2026 14:36,15.875,0.004,7.59
28/04/2026 14:06,15.75,0.004,7.61
28/04/2026 13:36,15.75,0.004,7.63
28/04/2026 13:06,15.5,0.004,7.66
28/04/2026 12:36,15.625,0.004,7.68
28/04/2026 12:06,15.5,0.004,7.71
28/04/2026 11:36,15.5,0.004,7.73
28/04/2026 11:06,15.5,0.004,7.73
28/04/2026 10:36,15.25,0.004,7.75
28/04/2026 10:06,15.25,0.004,7.78
28/04/2026 09:36,15.25,0.004,7.81
28/04/2026 09:06,15.25,0.004,7.82
28/04/2026 08:36,15.25,0.004,7.83
28/04/2026 08:06,15.25,0.004,7.83
28/04/2026 07:36,15.25,0.004,7.83
28/04/2026 07:06,15.375,0.004,7.83
28/04/2026 06:36,15.25,0.004,7.82
28/04/2026 06:26,15.5,0.004,7.83
28/04/2026 06:26,15.375,0.004,8.46
28/04/2026 06:06,15.125,0.004,7.82
28/04/2026 05:36,15.375,0.004,7.82
28/04/2026 05:06,15.375,0.004,7.82
28/04/2026 04:36,15.25,0.004,7.82
28/04/2026 04:25,15.125,0.004,7.81
28/04/2026 04:06,15.375,0.004,7.81
28/04/2026 03:36,15.375,0.004,7.81
28/04/2026 03:25,15.25,0.004,7.81
28/04/2026 03:25,15.375,0.004,8.43
28/04/2026 03:11,15.875,0.004,7.81
28/04/2026 02:06,15.375,0.004,7.8
28/04/2026 01:36,15.375,0.004,7.8
28/04/2026 01:06,15.375,0.004,7.79
28/04/2026 00:36,15.375,0.004,7.79
28/04/2026 00:06,15.375,0.004,7.78
27/04/2026 23:36,15.5,0.004,7.78
27/04/2026 23:06,15.5,0.004,7.77
27/04/2026 22:36,15.5,0.004,7.76
27/04/2026 22:06,15.625,0.004,7.76
27/04/2026 21:36,15.625,0.004,7.75
27/04/2026 21:06,15.625,0.004,7.75
27/04/2026 20:36,15.625,0.004,7.74
27/04/2026 20:06,15.625,0.004,7.73
27/04/2026 19:36,14.75,0.004,7.73
27/04/2026 19:06,15.75,0.004,7.72
27/04/2026 18:36,14.75,0.004,7.72
27/04/2026 18:06,15.75,0.004,7.72
27/04/2026 17:36,15.625,0.004,7.73
27/04/2026 17:06,15.5,0.004,7.73
27/04/2026 16:36,15.625,0.004,7.73
27/04/2026 16:06,15.375,0.004,7.75
27/04/2026 15:36,15.375,0.004,7.76
27/04/2026 15:06,15.5,0.004,7.76
27/04/2026 14:36,15.5,0.004,7.77
27/04/2026 14:06,15.375,0.004,7.78
27/04/2026 13:36,15.375,0.004,7.8
27/04/2026 13:06,15.25,0.004,7.82
27/04/2026 12:36,15.25,0.004,7.84
27/04/2026 12:06,15.25,0.004,7.86
27/04/2026 11:36,15.125,0.004,7.87
27/04/2026 11:06,15,0.004,7.87
27/04/2026 10:36,15.125,0.004,7.88
27/04/2026 10:06,15,0.004,7.89
27/04/2026 09:36,15,0.004,7.9
27/04/2026 09:06,15.125,0.004,7.91
27/04/2026 08:36,15,0.004,7.92
27/04/2026 08:06,15,0.004,7.92
27/04/2026 07:36,15,0.004,7.92
27/04/2026 07:06,15,0.004,7.92
27/04/2026 06:36,15,0.004,7.92
27/04/2026 06:06,15,0.004,7.92
27/04/2026 05:36,14.875,0.004,7.92
27/04/2026 05:06,15,0.004,7.92
27/04/2026 04:36,15,0.004,7.92
27/04/2026 04:06,15.125,0.004,7.92
27/04/2026 03:36,15.125,0.004,7.92
27/04/2026 03:06,15.125,0.004,7.92
27/04/2026 02:36,15,0.004,7.92
27/04/2026 02:06,15.125,0.004,7.92
27/04/2026 01:36,15.125,0.004,7.92
27/04/2026 01:06,15.25,0.004,7.92
27/04/2026 00:36,15.25,0.004,7.92
27/04/2026 00:06,15.125,0.004,7.92
26/04/2026 23:36,15,0.004,7.92
26/04/2026 23:06,15.125,0.004,7.92
26/04/2026 22:36,15.125,0.004,7.92
26/04/2026 22:06,15.125,0.004,7.92
26/04/2026 21:36,15.25,0.004,7.92
26/04/2026 21:06,15.375,0.004,7.92
26/04/2026 20:36,15.25,0.004,7.92
26/04/2026 20:06,15.25,0.004,7.92
26/04/2026 19:36,15.25,0.004,7.92
26/04/2026 19:06,15.25,0.004,7.92
26/04/2026 18:36,15.25,0.004,7.92
26/04/2026 18:06,15.25,0.004,7.92
26/04/2026 17:36,15.25,0.004,7.92
26/04/2026 17:06,15.25,0.004,7.92
26/04/2026 16:36,15.125,0.004,7.92
26/04/2026 16:06,15.125,0.004,7.92
26/04/2026 15:36,15.125,0.004,7.92
26/04/2026 15:36,15.125,0.004,7.92
26/04/2026 15:06,15.125,0.004,7.92
26/04/2026 14:36,15.25,0.004,7.92
26/04/2026 14:06,15.125,0.004,7.92
26/04/2026 13:36,15,0.004,7.92
26/04/2026 13:06,15,0.004,7.92
26/04/2026 12:36,14.875,0.004,7.92
26/04/2026 12:06,15.125,0.004,7.92
26/04/2026 11:36,15,0.004,7.92
26/04/2026 11:06,14.875,0.004,7.92
26/04/2026 10:36,15,0.004,7.92
26/04/2026 10:06,15,0.004,7.92
26/04/2026 09:36,15,0.004,7.92
26/04/2026 09:06,15,0.004,7.92
26/04/2026 08:36,15,0.004,7.92
26/04/2026 08:06,15,0.004,7.92
26/04/2026 07:36,15,0.004,7.92
26/04/2026 07:06,15.125,0.004,7.92
26/04/2026 06:36,15.125,0.004,7.92
26/04/2026 06:06,15.125,0.004,7.92
26/04/2026 05:36,15,0.004,7.92
26/04/2026 05:06,15.125,0.004,7.92
26/04/2026 05:06,15.125,0.004,7.92
26/04/2026 04:36,15.125,0.004,7.92
26/04/2026 04:06,15.25,0.004,7.92
26/04/2026 03:36,15.125,0.004,7.92
26/04/2026 03:36,15.125,0.004,7.92
26/04/2026 03:06,15,0.004,7.92
26/04/2026 02:36,15.125,0.004,7.92
26/04/2026 02:06,15.125,0.004,7.92
26/04/2026 02:06,15.125,0.004,7.92
26/04/2026 01:36,15.125,0.004,7.92
26/04/2026 01:06,15.125,0.004,7.91
26/04/2026 00:36,15.25,0.004,7.92
26/04/2026 00:06,15.125,0.004,7.92
25/04/2026 23:36,15,0.004,7.91
25/04/2026 23:06,15.125,0.004,7.92
25/04/2026 22:36,15.25,0.004,7.91
25/04/2026 22:06,15.375,0.004,7.91
25/04/2026 21:36,15.25,0.004,7.91
25/04/2026 21:06,15.375,0.004,7.91
25/04/2026 20:36,15.25,0.004,7.92
25/04/2026 20:06,15.25,0.004,7.91
25/04/2026 20:06,15.25,0.004,7.91
25/04/2026 19:36,15.25,0.004,7.91
25/04/2026 19:06,15.125,0.004,7.91
25/04/2026 18:36,15.25,0.004,7.91
25/04/2026 18:06,15.25,0.004,7.91
25/04/2026 17:36,15.25,0.004,7.91
25/04/2026 17:06,15.25,0.004,7.91
25/04/2026 16:36,15.25,0.004,7.91
25/04/2026 16:06,15.25,0.004,7.91
25/04/2026 15:36,15.125,0.004,7.91
25/04/2026 15:06,15.125,0.004,7.91
25/04/2026 14:36,15.375,0.004,7.91
25/04/2026 14:06,15.25,0.004,7.9
25/04/2026 13:36,15.125,0.004,7.91
25/04/2026 13:06,15.125,0.004,7.91
25/04/2026 12:36,15.125,0.004,7.9
25/04/2026 12:06,15,0.004,7.9
25/04/2026 11:36,15,0.004,7.91
25/04/2026 11:06,15.125,0.004,7.9
25/04/2026 11:06,15.125,0.004,7.9
25/04/2026 10:36,14.875,0.004,7.9
25/04/2026 10:06,14.875,0.004,7.9
25/04/2026 09:36,15,0.004,7.9
25/04/2026 09:06,15.25,0.004,7.9
25/04/2026 08:36,15,0.004,7.9
25/04/2026 08:06,15.125,0.004,7.9
25/04/2026 07:36,14.875,0.004,7.9
25/04/2026 07:06,15,0.004,7.9
25/04/2026 06:36,15.125,0.004,7.9
25/04/2026 06:06,14.875,0.004,7.9
25/04/2026 05:36,15,0.004,7.9
25/04/2026 05:06,14.875,0.004,7.9
25/04/2026 04:36,15,0.004,7.9
25/04/2026 04:06,15.125,0.004,7.9
25/04/2026 03:36,15,0.004,7.9
25/04/2026 03:06,15,0.004,7.9
25/04/2026 02:36,15.125,0.004,7.9
25/04/2026 02:06,14.875,0.004,7.9
25/04/2026 01:36,15,0.004,7.9
25/04/2026 01:06,15,0.004,7.9
25/04/2026 00:36,15.125,0.004,7.9
25/04/2026 00:06,15,0.004,7.9
24/04/2026 23:36,14.75,0.004,7.89
24/04/2026 23:06,15,0.004,7.89
24/04/2026 22:36,15,0.004,7.89
24/04/2026 22:06,14.75,0.004,7.89
24/04/2026 21:36,14.875,0.004,7.89
24/04/2026 21:06,14.875,0.004,7.89
24/04/2026 20:36,15,0.004,7.89
24/04/2026 20:06,15,0.004,7.89
24/04/2026 19:36,15,0.004,7.89
24/04/2026 19:06,14.875,0.004,7.89
24/04/2026 18:36,14.875,0.004,7.89
24/04/2026 18:06,15,0.004,7.89
24/04/2026 17:36,14.875,0.004,7.89
24/04/2026 17:06,15,0.004,7.9
24/04/2026 16:36,15,0.004,7.89
24/04/2026 16:06,15.125,0.004,7.9
24/04/2026 15:36,15,0.004,7.9
24/04/2026 15:06,15.125,0.004,7.9
24/04/2026 14:36,15.25,0.004,7.9
24/04/2026 14:06,15.125,0.004,7.9
24/04/2026 13:36,15.25,0.004,7.91
24/04/2026 13:36,15.25,0.004,7.91
24/04/2026 13:06,15.125,0.004,7.91
24/04/2026 12:36,15.125,0.004,7.92
24/04/2026 12:36,15.125,0.004,7.92
24/04/2026 12:06,15.25,0.004,7.92
24/04/2026 11:36,15.125,0.004,7.92
24/04/2026 11:06,15.125,0.004,7.92
24/04/2026 10:36,15.125,0.004,7.92
24/04/2026 10:22,15.125,0.004,7.92
24/04/2026 10:06,15.125,0.004,7.92
24/04/2026 09:36,15.125,0.004,7.92
24/04/2026 09:06,15.125,0.004,7.92
24/04/2026 08:36,15.25,0.004,7.92
24/04/2026 08:06,15.25,0.004,7.92
24/04/2026 07:36,15.25,0.004,7.92
24/04/2026 07:06,15.25,0.004,7.92
24/04/2026 06:36,15.25,0.004,7.92
24/04/2026 06:06,15.375,0.004,7.92
24/04/2026 05:36,15.25,0.004,7.92
24/04/2026 05:06,15.25,0.004,7.92
24/04/2026 04:36,15.375,0.004,7.92
24/04/2026 04:12,15.25,0.004,7.92
24/04/2026 04:12,15.25,0.004,8.59
24/04/2026 04:06,15.375,0.004,7.92
24/04/2026 03:36,15.375,0.004,7.92
24/04/2026 03:06,15.25,0.004,7.92
24/04/2026 02:36,15.375,0.004,7.92
24/04/2026 02:06,15.375,0.004,7.92
24/04/2026 01:36,15.5,0.004,7.92
24/04/2026 01:06,15.375,0.003,7.92
24/04/2026 01:06,15.375,0.003,7.92
24/04/2026 00:36,15.5,0.004,7.92
24/04/2026 00:10,15,0.004,7.92
24/04/2026 00:06,15.5,0.004,7.92
23/04/2026 23:36,15.375,0.004,7.92
23/04/2026 23:10,15.625,0.004,7.92
23/04/2026 23:10,15.5,0.004,8.59
23/04/2026 23:06,15.25,0.004,7.92
23/04/2026 22:36,15.5,0.004,7.92
23/04/2026 22:06,15.5,0.004,7.92
23/04/2026 21:36,15.375,0.004,7.92
23/04/2026 21:06,15.625,0.004,7.92
23/04/2026 21:06,15.625,0.004,7.92
23/04/2026 20:36,15.5,0.004,7.92
23/04/2026 20:06,15.5,0.004,7.92
23/04/2026 19:36,15.625,0.004,7.92
23/04/2026 19:06,15.625,0.004,7.92
23/04/2026 19:06,15.625,0.004,7.92
23/04/2026 18:36,15.625,0.004,7.92
23/04/2026 18:06,15.625,0.004,7.92
23/04/2026 17:36,15.5,0.004,7.92
23/04/2026 17:06,15.625,0.004,7.92
23/04/2026 16:36,15.5,0.004,7.92
23/04/2026 16:06,15.375,0.004,7.92
23/04/2026 15:36,15.5,0.004,7.92
23/04/2026 15:06,15.375,0.004,7.92
23/04/2026 14:36,15.5,0.004,7.92
23/04/2026 14:06,15.375,0.004,7.92
23/04/2026 13:36,15.375,0.004,7.92
23/04/2026 13:06,15.5,0.004,7.92
23/04/2026 12:36,15.25,0.004,7.92
23/04/2026 12:06,15.25,0.004,7.91
23/04/2026 11:36,15.25,0.004,7.92
23/04/2026 11:06,15.25,0.004,7.92
23/04/2026 10:36,15.5,0.004,7.92
23/04/2026 10:06,15.25,0.004,7.92
23/04/2026 10:06,15.25,0.004,7.92
23/04/2026 09:43,15.625,0.004,7.92
23/04/2026 09:43,15.5,0.004,7.92
23/04/2026 09:43,15.5,0.004,8.59
23/04/2026 09:36,15.25,0.004,7.92
23/04/2026 09:06,15.375,0.004,7.92
23/04/2026 08:36,15.375,0.004,7.92
23/04/2026 08:06,15.375,0.004,7.92
23/04/2026 07:36,15.375,0.004,7.92
23/04/2026 07:06,15.25,0.004,7.92
23/04/2026 06:36,15.375,0.004,7.92
23/04/2026 06:06,15.5,0.004,7.92
23/04/2026 05:36,15.25,0.004,7.92
23/04/2026 05:06,15.375,0.004,7.92
23/04/2026 04:51,15.375,0.004,7.93
23/04/2026 04:50,15.375,0.004,7.93
23/04/2026 04:50,15.375,0.004,8.59
23/04/2026 04:36,15.5,0.004,7.92
23/04/2026 04:06,15.5,0.004,7.92
23/04/2026 03:36,15.625,0.004,7.93
23/04/2026 03:06,15.5,0.004,7.93
23/04/2026 02:36,15.5,0.004,7.93
23/04/2026 02:36,15.5,0.004,7.93
23/04/2026 02:06,15.5,0.004,7.93
23/04/2026 01:36,15.5,0.004,7.93
23/04/2026 01:06,16.5,0.004,7.93
23/04/2026 00:36,15.375,0.004,7.93
23/04/2026 00:06,15.5,0.004,7.93
22/04/2026 23:36,15.625,0.004,7.93
22/04/2026 23:06,15.625,0.004,7.93
22/04/2026 22:56,15.75,0.004,7.93
22/04/2026 22:36,15.625,0.004,7.93
22/04/2026 22:36,15.625,0.004,7.93
22/04/2026 22:06,16.625,0.004,7.93
22/04/2026 21:36,15.625,0.004,7.93
22/04/2026 21:06,15.625,0.004,7.93
22/04/2026 21:03,15.625,0.004,7.93
22/04/2026 21:03,15.625,0.004,7.93
22/04/2026 21:03,15.625,0.004,8.6
22/04/2026 20:36,15.75,0.004,7.93
22/04/2026 20:06,14.75,0.004,7.93
22/04/2026 19:36,15.625,0.004,7.93
22/04/2026 19:06,15.75,0.004,7.93
22/04/2026 18:36,14.75,0.004,7.92
22/04/2026 18:06,14.75,0.004,7.92
22/04/2026 17:36,16.625,0.004,7.92
22/04/2026 17:36,16.625,0.004,7.92
22/04/2026 17:06,15.625,0.004,7.92
22/04/2026 16:36,15.5,0.004,7.92
22/04/2026 16:06,15.375,0.004,7.92
22/04/2026 15:36,15.5,0.004,7.92
22/04/2026 15:06,15.25,0.004,7.92
22/04/2026 14:36,15.625,0.004,7.92
22/04/2026 14:06,15.25,0.004,7.92
22/04/2026 13:36,15.375,0.004,7.92
22/04/2026 13:06,15.125,0.004,7.92
22/04/2026 12:36,15.25,0.004,7.92
22/04/2026 12:06,15.25,0.004,7.92
22/04/2026 11:47,14.625,0.004,7.92
22/04/2026 11:47,14.5,0.004,7.92
22/04/2026 11:47,14.5,0.004,8.59
22/04/2026 11:36,15.125,0.004,7.92
22/04/2026 11:06,15.125,0.004,7.92
22/04/2026 10:36,15.125,0.004,7.92
22/04/2026 10:36,15.125,0.004,7.92
22/04/2026 10:06,15.125,0.004,7.92
22/04/2026 09:36,15.125,0.004,7.92
22/04/2026 09:06,15.375,0.004,7.92
22/04/2026 08:36,15.25,0.004,7.91
22/04/2026 08:06,15.25,0.004,7.92
22/04/2026 07:36,15.25,0.004,7.92
22/04/2026 07:06,15.125,0.004,7.92
22/04/2026 06:36,15.25,0.004,7.91
22/04/2026 06:06,15.25,0.004,7.92
22/04/2026 05:36,15.125,0.004,7.92
22/04/2026 05:06,15.375,0.004,7.92
22/04/2026 04:36,15.25,0.004,7.91
22/04/2026 04:06,15.25,0.004,7.92
22/04/2026 03:36,15.25,0.004,7.92
22/04/2026 03:06,15.375,0.004,7.91
22/04/2026 02:36,15.25,0.004,7.91
22/04/2026 02:06,15.25,0.004,7.92
22/04/2026 01:36,15.375,0.004,7.92
22/04/2026 01:06,15.25,0.004,7.91
22/04/2026 00:36,15.375,0.004,7.91
22/04/2026 00:06,15.25,0.004,7.91
21/04/2026 23:36,15.5,0.004,7.92
21/04/2026 23:06,15.375,0.004,7.92
21/04/2026 22:36,15.375,0.004,7.91
21/04/2026 22:26,15.375,0.004,7.91
21/04/2026 22:26,15.125,0.004,7.92
21/04/2026 22:26,15.375,0.004,8.58
21/04/2026 22:06,15.375,0.004,7.92
21/04/2026 21:36,15.5,0.004,7.91
21/04/2026 21:06,15.375,0.004,7.91
21/04/2026 20:36,15.5,0.004,7.91
21/04/2026 20:06,15.375,0.004,7.91
21/04/2026 19:36,15.5,0.004,7.91
21/04/2026 19:06,15.5,0.004,7.91
21/04/2026 18:36,15.375,0.004,7.91
21/04/2026 18:06,15.5,0.004,7.91
21/04/2026 17:36,15.375,0.004,7.91
21/04/2026 17:06,15.5,0.004,7.91
21/04/2026 16:36,15.375,0.004,7.91
21/04/2026 16:06,15.5,0.004,7.91
21/04/2026 15:36,15.375,0.004,7.91
21/04/2026 15:06,15.375,0.004,7.91
21/04/2026 14:36,15.375,0.004,7.91
21/04/2026 14:06,15.375,0.004,7.91
21/04/2026 13:36,15.25,0.004,7.9
21/04/2026 13:06,15.25,0.004,7.9
21/04/2026 12:36,15.125,0.004,7.9
21/04/2026 12:06,15.25,0.003,7.9
21/04/2026 11:36,15.25,0.004,7.9
21/04/2026 11:06,15.25,0.004,7.9
21/04/2026 10:36,15.25,0.004,7.9
21/04/2026 10:06,15.25,0.004,7.9
21/04/2026 09:36,15.25,0.004,7.9
21/04/2026 09:06,15.5,0.004,7.9
21/04/2026 09:06,15.5,0.004,7.9
21/04/2026 08:36,15.25,0.004,7.9
21/04/2026 08:06,15.25,0.004,7.9
21/04/2026 07:36,15.25,0.004,7.9
21/04/2026 07:06,15.5,0.004,7.9
21/04/2026 06:36,15.375,0.004,7.9
21/04/2026 06:06,15.375,0.004,7.9
21/04/2026 05:36,15.25,0.004,7.9
21/04/2026 05:06,15.125,0.004,7.9
21/04/2026 04:36,15.5,0.004,7.9
21/04/2026 04:06,15.25,0.004,7.9
21/04/2026 03:36,15.25,0.004,7.9
21/04/2026 03:06,15.375,0.004,7.89
21/04/2026 02:36,15.375,0.004,7.9
21/04/2026 02:06,15.5,0.004,7.89
21/04/2026 01:36,15.5,0.004,7.89
21/04/2026 01:06,15.375,0.004,7.89
21/04/2026 00:36,15.375,0.004,7.89
21/04/2026 00:06,15.25,0.004,7.89
20/04/2026 23:36,15.5,0.004,7.89
20/04/2026 23:06,15.5,0.004,7.89
20/04/2026 22:36,15.5,0.004,7.89
20/04/2026 22:06,15.375,0.004,7.89
20/04/2026 22:06,15.375,0.004,7.89
20/04/2026 21:36,15.5,0.004,7.89
20/04/2026 21:06,15.5,0.004,7.88
20/04/2026 20:36,15.625,0.004,7.88
20/04/2026 20:06,15.5,0.004,7.88
20/04/2026 19:36,15.625,0.004,7.88
20/04/2026 19:06,14.75,0.004,7.88
20/04/2026 18:36,15.5,0.004,7.88
20/04/2026 18:06,15.625,0.004,7.88
20/04/2026 17:36,15.625,0.004,7.88
20/04/2026 17:06,15.625,0.004,7.88
20/04/2026 16:36,15.375,0.004,7.88
20/04/2026 16:36,15.375,0.004,7.88
20/04/2026 16:06,15.375,0.004,7.88
20/04/2026 15:36,15.5,0.004,7.89
20/04/2026 15:06,15.375,0.004,7.89
20/04/2026 14:36,15.5,0.004,7.89
20/04/2026 14:06,15.375,0.004,7.9
20/04/2026 13:36,15.5,0.004,7.91
20/04/2026 13:06,15.25,0.004,7.91
20/04/2026 12:36,15.25,0.004,7.91
20/04/2026 12:06,15.25,0.004,7.91
20/04/2026 11:36,15.25,0.003,7.91
20/04/2026 11:06,15.125,0.004,7.91
20/04/2026 10:36,15.25,0.004,7.91
20/04/2026 10:06,15.125,0.004,7.91
20/04/2026 09:36,15.375,0.004,7.91
20/04/2026 09:06,15.375,0.004,7.91
20/04/2026 08:36,15.25,0.004,7.91
20/04/2026 08:06,15.25,0.004,7.91
20/04/2026 07:36,15.25,0.004,7.91
20/04/2026 07:06,15.25,0.004,7.91
20/04/2026 06:36,15.375,0.004,7.91
20/04/2026 06:06,15.25,0.004,7.91
20/04/2026 05:36,15.375,0.004,7.91
20/04/2026 05:06,15.375,0.004,7.91
20/04/2026 05:06,15.375,0.004,7.91
20/04/2026 04:36,15.375,0.004,7.91
20/04/2026 04:06,15.25,0.004,7.91
20/04/2026 03:36,15.375,0.004,7.91
20/04/2026 03:06,15.25,0.004,7.91
20/04/2026 03:06,15.25,0.004,7.91
20/04/2026 02:36,15.375,0.004,7.92
20/04/2026 02:14,15.5,0.004,7.91
20/04/2026 02:14,15.375,0.004,7.92
20/04/2026 02:14,15.25,0.004,8.58
20/04/2026 02:06,15.375,0.004,7.91
20/04/2026 01:36,15.5,0.004,7.91
20/04/2026 01:06,15.25,0.004,7.91
20/04/2026 00:36,15.375,0.004,7.91
20/04/2026 00:36,15.375,0.004,7.91
20/04/2026 00:06,15.5,0.004,7.91
19/04/2026 23:36,15.5,0.004,7.91
19/04/2026 23:06,15.5,0.004,7.91
19/04/2026 22:36,15.5,0.004,7.91
19/04/2026 22:06,15.625,0.004,7.92
19/04/2026 21:36,15.5,0.004,7.91
19/04/2026 21:06,15.5,0.004,7.91
19/04/2026 20:36,15.375,0.004,7.92
19/04/2026 20:06,16.5,0.004,7.92
19/04/2026 19:36,15.625,0.004,7.91
19/04/2026 19:06,15.5,0.004,7.91
19/04/2026 18:36,15.625,0.004,7.91
19/04/2026 18:06,15.5,0.004,7.91
19/04/2026 17:36,15.5,0.004,7.91
19/04/2026 17:06,15.5,0.004,7.91
19/04/2026 16:36,15.5,0.004,7.91
19/04/2026 16:06,15.625,0.004,7.91
19/04/2026 15:36,15.5,0.004,7.91
19/04/2026 15:06,15.5,0.004,7.91
19/04/2026 14:36,15.625,0.004,7.91
19/04/2026 14:06,15.625,0.004,7.91
19/04/2026 13:36,15.5,0.004,7.91
19/04/2026 13:06,15.375,0.004,7.91
19/04/2026 12:36,15.375,0.004,7.91
19/04/2026 12:06,15.25,0.004,7.91
19/04/2026 11:36,15.25,0.004,7.91
19/04/2026 11:06,15.25,0.004,7.91
19/04/2026 10:36,15.375,0.004,7.91
19/04/2026 10:06,15.125,0.004,7.91
19/04/2026 09:36,15.25,0.004,7.91
19/04/2026 09:31,15.25,0.004,7.91
19/04/2026 09:06,15.5,0.004,7.91
19/04/2026 08:36,15.25,0.004,7.91
19/04/2026 08:06,15.25,0.004,7.91
19/04/2026 07:36,15.375,0.004,7.91
19/04/2026 07:06,15.25,0.004,7.91
19/04/2026 06:36,15.25,0.004,7.91
19/04/2026 06:06,15.375,0.004,7.91
19/04/2026 05:36,15.25,0.004,7.91
19/04/2026 05:06,15.375,0.004,7.91
19/04/2026 04:36,15.375,0.004,7.91
19/04/2026 04:06,15.375,0.004,7.91
19/04/2026 03:36,15.25,0.004,7.91
19/04/2026 03:36,15.25,0.004,7.91
19/04/2026 03:06,15.5,0.004,7.91
19/04/2026 02:36,15.375,0.004,7.91
19/04/2026 02:06,15.5,0.004,7.91
19/04/2026 01:36,15.25,0.004,7.91
19/04/2026 01:06,15.5,0.004,7.91
19/04/2026 00:36,15.5,0.004,7.91
19/04/2026 00:06,15.375,0.004,7.91
18/04/2026 23:36,15.5,0.004,7.91
18/04/2026 23:36,15.5,0.004,7.91
18/04/2026 23:06,15.5,0.004,7.91
18/04/2026 22:36,15.5,0.004,7.91
18/04/2026 22:06,15.625,0.004,7.91
18/04/2026 22:06,15.625,0.004,7.91
18/04/2026 21:36,15.5,0.004,7.91
18/04/2026 21:06,16.5,0.004,7.91
18/04/2026 20:36,15.625,0.004,7.91
18/04/2026 20:06,15.625,0.004,7.91
18/04/2026 19:36,15.5,0.004,7.91
18/04/2026 19:06,15.625,0.004,7.91
18/04/2026 18:36,16.5,0.004,7.91
18/04/2026 18:06,15.5,0.004,7.91
18/04/2026 17:36,15.625,0.004,7.91
18/04/2026 17:06,15.625,0.004,7.91
18/04/2026 16:36,15.5,0.004,7.9
18/04/2026 16:06,15.625,0.004,7.91
18/04/2026 15:36,14.75,0.004,7.9
18/04/2026 15:06,15.625,0.004,7.91
18/04/2026 14:36,15.625,0.004,7.91
18/04/2026 14:06,15.25,0.004,7.9
18/04/2026 13:36,15.375,0.004,7.9
18/04/2026 13:06,15.375,0.004,7.9
18/04/2026 12:36,15.375,0.004,7.9
18/04/2026 12:06,15.25,0.004,7.9
18/04/2026 11:36,15.25,0.004,7.9
18/04/2026 11:06,15.25,0.004,7.9
18/04/2026 10:36,15.25,0.004,7.9
18/04/2026 10:06,15.25,0.004,7.9
18/04/2026 09:36,15.5,0.004,7.9
18/04/2026 09:06,15.375,0.004,7.9
18/04/2026 08:36,15.25,0.004,7.9
18/04/2026 08:06,15.25,0.004,7.9
18/04/2026 07:36,15.375,0.004,7.9
18/04/2026 07:17,15.375,0.004,7.9
18/04/2026 07:17,15.375,0.004,7.9
18/04/2026 07:17,15.25,0.004,8.57
18/04/2026 07:06,15.375,0.004,7.9
18/04/2026 06:36,15.375,0.004,7.9
18/04/2026 06:06,15.5,0.004,7.9
18/04/2026 06:06,15.5,0.004,7.9
18/04/2026 05:36,15.5,0.004,7.9
18/04/2026 05:06,15.5,0.004,7.9
18/04/2026 04:36,15.25,0.004,7.9
18/04/2026 04:06,15.375,0.004,7.9
18/04/2026 03:47,16,0.004,7.9
18/04/2026 02:36,15.25,0.004,7.9
18/04/2026 02:06,15.5,0.004,7.91
18/04/2026 01:36,15.5,0.004,7.9
18/04/2026 01:06,15.375,0.004,7.9
18/04/2026 00:36,15.375,0.004,7.9
18/04/2026 00:36,15.375,0.004,7.9
18/04/2026 00:06,15.5,0.004,7.9
17/04/2026 23:36,15.625,0.004,7.9
17/04/2026 23:06,15.625,0.004,7.9
17/04/2026 22:45,15.625,0.004,7.91
17/04/2026 22:45,14.75,0.004,7.91
17/04/2026 22:45,15.5,0.004,8.57
17/04/2026 22:36,15.625,0.004,7.9
17/04/2026 22:06,15.625,0.004,7.9
17/04/2026 21:36,15.625,0.004,7.9
17/04/2026 21:06,15.625,0.004,7.9
17/04/2026 20:36,16.625,0.004,7.9
17/04/2026 20:06,14.75,0.004,7.9
17/04/2026 19:36,15.5,0.004,7.9
17/04/2026 19:06,15.5,0.004,7.9
17/04/2026 18:36,15.625,0.004,7.9
17/04/2026 18:06,15.5,0.004,7.9
17/04/2026 17:36,14.75,0.004,7.9
17/04/2026 17:06,15.5,0.004,7.9
17/04/2026 16:36,15.5,0.004,7.9
17/04/2026 16:06,15.375,0.004,7.9
17/04/2026 15:36,15.5,0.004,7.9
17/04/2026 15:16,15.125,0.004,7.9
17/04/2026 15:15,15,0.004,7.9
17/04/2026 15:15,15,0.004,8.56
17/04/2026 15:06,15.5,0.004,7.9
17/04/2026 14:36,15.375,0.004,7.9
17/04/2026 14:06,15.375,0.004,7.9
17/04/2026 13:36,15.5,0.004,7.9
17/04/2026 13:06,15.375,0.004,7.9
17/04/2026 12:36,15.375,0.004,7.89
17/04/2026 12:06,15.25,0.004,7.9
17/04/2026 12:06,15.25,0.004,7.9
17/04/2026 11:36,15.25,0.004,7.9
17/04/2026 11:06,15.125,0.004,7.89
17/04/2026 10:36,15.25,0.004,7.89
17/04/2026 10:06,15.25,0.004,7.89
17/04/2026 09:36,15.375,0.004,7.89
17/04/2026 09:06,15.5,0.004,7.89
17/04/2026 08:36,15.375,0.004,7.89
17/04/2026 08:06,15.25,0.004,7.89
17/04/2026 07:36,15.125,0.004,7.89
17/04/2026 07:06,15.375,0.003,7.89
17/04/2026 06:36,15.25,0.004,7.89
17/04/2026 06:06,15.25,0.004,7.89
17/04/2026 05:36,15.125,0.004,7.89
17/04/2026 05:06,15.25,0.004,7.89
17/04/2026 04:36,15.25,0.004,7.89
17/04/2026 04:06,15.25,0.004,7.89
17/04/2026 03:36,15.375,0.004,7.89
17/04/2026 03:06,15.375,0.004,7.89
17/04/2026 02:36,15.25,0.004,7.89
17/04/2026 02:06,15.375,0.004,7.89
17/04/2026 01:36,15.375,0.004,7.89
17/04/2026 01:06,15.375,0.004,7.89
17/04/2026 01:06,15.375,0.004,7.89
17/04/2026 00:36,15.25,0.004,7.89
17/04/2026 00:06,15.5,0.004,7.89
16/04/2026 23:36,15.375,0.004,7.89
16/04/2026 23:06,15.375,0.004,7.89
16/04/2026 22:36,15.375,0.004,7.89
16/04/2026 22:06,15.5,0.004,7.89
16/04/2026 21:36,15.375,0.004,7.89
16/04/2026 21:06,15.5,0.004,7.89
16/04/2026 20:36,15.375,0.004,7.89
16/04/2026 20:06,15.375,0.004,7.89
16/04/2026 19:36,15.5,0.004,7.89
16/04/2026 19:06,15.5,0.004,7.89
16/04/2026 18:36,15.375,0.004,7.89
16/04/2026 18:06,15.375,0.004,7.88
16/04/2026 17:36,15.5,0.004,7.88
16/04/2026 17:06,15.375,0.004,7.88
16/04/2026 16:36,15.5,0.004,7.88
16/04/2026 16:06,15.375,0.004,7.88
16/04/2026 15:36,15.375,0.004,7.88
16/04/2026 15:06,15.375,0.004,7.88
16/04/2026 14:36,15.5,0.004,7.88
16/04/2026 14:06,15.375,0.004,7.88
16/04/2026 13:36,15.25,0.004,7.88
16/04/2026 13:06,15.125,0.004,7.88
16/04/2026 12:36,15.125,0.004,7.88
16/04/2026 12:06,15.125,0.004,7.88
16/04/2026 11:36,15.25,0.004,7.88
16/04/2026 11:06,15.125,0.004,7.88
16/04/2026 11:06,15.125,0.004,7.88
16/04/2026 10:36,15.125,0.004,7.88
16/04/2026 10:06,15.25,0.004,7.88
16/04/2026 09:36,15.25,0.004,7.88
16/04/2026 09:06,15.5,0.004,7.88
16/04/2026 08:36,15.375,0.004,7.88
16/04/2026 08:06,15.25,0.004,7.88
16/04/2026 07:36,15.25,0.004,7.88
16/04/2026 07:06,15.375,0.004,7.89
16/04/2026 06:36,15.375,0.004,7.89
16/04/2026 06:06,15.375,0.004,7.88
16/04/2026 05:36,15.375,0.004,7.89
16/04/2026 05:06,15.25,0.004,7.89
16/04/2026 04:36,15.375,0.004,7.89
16/04/2026 04:06,15.375,0.004,7.89
16/04/2026 03:36,15.25,0.004,7.89
16/04/2026 03:06,15.5,0.004,7.89
16/04/2026 02:36,15.375,0.004,7.89
16/04/2026 02:06,15.125,0.004,7.89
16/04/2026 01:36,15.375,0.004,7.89
16/04/2026 01:06,15.375,0.004,7.89
16/04/2026 00:36,15.25,0.004,7.89
16/04/2026 00:06,15.375,0.004,7.89
15/04/2026 23:36,15.375,0.004,7.89
15/04/2026 23:06,15.375,0.004,7.89
15/04/2026 22:36,15.5,0.004,7.89
15/04/2026 22:06,15.5,0.004,7.89
15/04/2026 21:36,15.5,0.004,7.89
15/04/2026 21:06,15.5,0.004,7.89
15/04/2026 20:36,15.625,0.004,7.89
15/04/2026 20:06,15.5,0.004,7.89
15/04/2026 19:36,15.5,0.004,7.89
15/04/2026 19:06,15.625,0.004,7.89
15/04/2026 18:36,15.625,0.004,7.89
15/04/2026 18:06,15.5,0.004,7.89
15/04/2026 17:36,15.5,0.004,7.89
15/04/2026 17:06,15.5,0.004,7.88
15/04/2026 16:36,15.5,0.004,7.88
15/04/2026 16:06,15.5,0.004,7.88
15/04/2026 15:36,15.375,0.004,7.88
15/04/2026 15:06,15.25,0.004,7.88
15/04/2026 14:36,15.5,0.004,7.88
15/04/2026 14:06,15.25,0.004,7.88
15/04/2026 13:36,15.25,0.004,7.87
15/04/2026 13:06,15.25,0.004,7.88
15/04/2026 12:36,15.25,0.004,7.88
15/04/2026 12:06,15.25,0.004,7.88
15/04/2026 11:36,15.125,0.004,7.88
15/04/2026 11:06,15.25,0.004,7.88
15/04/2026 10:36,15.125,0.004,7.87
15/04/2026 10:36,15.125,0.004,7.87
15/04/2026 10:06,15.25,0.004,7.88
15/04/2026 09:36,15.125,0.004,7.88
15/04/2026 09:06,15.5,0.004,7.88
15/04/2026 08:36,15.25,0.004,7.88
15/04/2026 08:06,15.125,0.004,7.88
15/04/2026 07:36,15.25,0.004,7.88
15/04/2026 07:06,15.25,0.004,7.88
15/04/2026 06:36,15.375,0.004,7.88
15/04/2026 06:06,15.375,0.004,7.88
15/04/2026 05:36,15.25,0.004,7.88
15/04/2026 05:06,15.25,0.004,7.88
15/04/2026 04:36,15.375,0.004,7.88
15/04/2026 04:06,15.25,0.004,7.88
15/04/2026 03:36,15.25,0.004,7.88
15/04/2026 03:06,15.375,0.004,7.88
15/04/2026 03:06,15.375,0.004,7.88
15/04/2026 02:36,15.25,0.004,7.88
15/04/2026 02:06,15.375,0.004,7.87
15/04/2026 01:36,15.25,0.004,7.87
15/04/2026 01:06,15.375,0.004,7.88
15/04/2026 00:36,15.375,0.004,7.87
15/04/2026 00:06,15.375,0.004,7.87
14/04/2026 23:36,15.25,0.004,7.87
14/04/2026 23:06,15.375,0.004,7.87
14/04/2026 23:06,15.375,0.004,7.87
14/04/2026 22:36,15.375,0.004,7.87
14/04/2026 22:06,15.25,0.004,7.87
14/04/2026 21:36,15.5,0.004,7.87
14/04/2026 21:06,15.375,0.004,7.87
14/04/2026 20:36,15.375,0.004,7.87
14/04/2026 20:06,15.375,0.004,7.87
14/04/2026 19:36,15.375,0.004,7.87
14/04/2026 19:06,15.5,0.004,7.87
14/04/2026 18:36,15.5,0.004,7.87
14/04/2026 18:06,15.5,0.004,7.87
14/04/2026 17:36,15.625,0.004,7.87
14/04/2026 17:06,15.375,0.004,7.87
14/04/2026 16:36,15.375,0.004,7.87
14/04/2026 16:06,15.625,0.004,7.88
14/04/2026 15:36,15.5,0.004,7.89
14/04/2026 15:06,14.875,0.004,7.89
14/04/2026 14:36,15,0.004,7.89
14/04/2026 14:06,14.875,0.004,7.89
14/04/2026 13:36,14.875,0.004,7.89
14/04/2026 13:06,14.75,0.004,7.89
14/04/2026 12:36,14.75,0.004,7.89
14/04/2026 12:06,15.625,0.004,7.89
14/04/2026 11:36,14.75,0.004,7.89
14/04/2026 11:06,14.625,0.004,7.89
14/04/2026 10:36,14.875,0.004,7.89
14/04/2026 10:06,14.75,0.004,7.89
14/04/2026 09:36,14.75,0.004,7.89
14/04/2026 09:06,14.875,0.004,7.89
14/04/2026 09:06,14.875,0.004,7.89
14/04/2026 08:36,14.875,0.004,7.89
14/04/2026 08:06,15,0.004,7.89
14/04/2026 07:36,14.875,0.004,7.89
14/04/2026 07:36,14.875,0.004,7.89
14/04/2026 07:06,15.125,0.004,7.89
14/04/2026 06:36,15.125,0.004,7.89
14/04/2026 06:06,15,0.004,7.89
14/04/2026 05:36,15.125,0.004,7.89
14/04/2026 05:06,15,0.004,7.89
14/04/2026 04:36,15,0.004,7.89
14/04/2026 04:06,15.125,0.004,7.89
14/04/2026 03:36,15,0.004,7.89
14/04/2026 03:06,15,0.004,7.89
14/04/2026 02:36,14.875,0.004,7.89
14/04/2026 02:06,15,0.004,7.89
14/04/2026 01:36,14.875,0.004,7.89
14/04/2026 01:36,14.875,0.004,7.89
14/04/2026 01:06,14.875,0.004,7.89
14/04/2026 00:36,14.75,0.004,7.89
14/04/2026 00:06,14.875,0.004,7.89
13/04/2026 23:36,14.875,0.004,7.89
13/04/2026 23:06,14.75,0.004,7.89
13/04/2026 22:36,15.625,0.004,7.89
13/04/2026 22:06,14.75,0.004,7.89
13/04/2026 21:36,13.75,0.004,7.89
13/04/2026 21:06,13.75,0.004,7.89
13/04/2026 20:36,14.75,0.004,7.89
13/04/2026 20:06,14.75,0.004,7.89
13/04/2026 19:36,14.75,0.004,7.89
13/04/2026 19:06,14.75,0.004,7.89
13/04/2026 18:36,15.625,0.004,7.89
13/04/2026 18:06,14.75,0.004,7.89
13/04/2026 17:36,15.625,0.004,7.89
13/04/2026 17:06,14.75,0.004,7.89
13/04/2026 16:36,14.75,0.004,7.89
13/04/2026 16:06,14.75,0.004,7.89
13/04/2026 15:36,15.625,0.004,7.89
13/04/2026 15:06,14.75,0.004,7.89
13/04/2026 15:06,14.75,0.004,7.89
13/04/2026 14:36,14.75,0.004,7.89
13/04/2026 14:06,13.75,0.004,7.89
13/04/2026 13:36,14.625,0.004,7.89
13/04/2026 13:06,14.625,0.004,7.89
13/04/2026 12:36,14.5,0.004,7.89
13/04/2026 12:06,14.625,0.004,7.89
13/04/2026 11:36,14.5,0.004,7.89
13/04/2026 11:06,15.625,0.004,7.89
13/04/2026 10:36,14.75,0.004,7.89
13/04/2026 10:06,14.875,0.004,7.89
13/04/2026 09:36,14.625,0.004,7.89
13/04/2026 09:06,14.875,0.004,7.89
13/04/2026 08:36,15,0.004,7.89
13/04/2026 08:06,14.875,0.004,7.89
13/04/2026 07:36,14.875,0.004,7.89
13/04/2026 07:06,15,0.004,7.89
13/04/2026 06:36,15.25,0.004,7.89
13/04/2026 06:06,15.125,0.004,7.89
13/04/2026 05:36,15.125,0.004,7.89
13/04/2026 05:06,15.125,0.004,7.89
13/04/2026 04:36,14.875,0.004,7.89
13/04/2026 04:06,14.875,0.004,7.89
13/04/2026 03:36,15.125,0.004,7.9
13/04/2026 03:06,14.875,0.004,7.89
13/04/2026 02:36,14.875,0.004,7.89
13/04/2026 02:06,14.875,0.004,7.89
13/04/2026 01:36,15,0.004,7.89
13/04/2026 01:06,14.75,0.004,7.89
13/04/2026 00:36,14.875,0.004,7.89
13/04/2026 00:06,14.75,0.004,7.89
12/04/2026 23:36,14.75,0.004,7.89
12/04/2026 23:06,15.625,0.004,7.89
12/04/2026 22:36,14.75,0.004,7.89
12/04/2026 22:06,14.625,0.004,7.89
12/04/2026 22:06,14.625,0.004,7.89
12/04/2026 21:36,15,0.004,7.89
12/04/2026 21:06,14.875,0.004,7.89
12/04/2026 20:36,14.75,0.004,7.89
12/04/2026 20:06,14.875,0.004,7.89
12/04/2026 19:36,14.75,0.004,7.89
12/04/2026 19:06,13.75,0.004,7.89
12/04/2026 18:36,15.625,0.004,7.89
12/04/2026 18:06,14.75,0.004,7.89
12/04/2026 17:36,13.75,0.004,7.89
12/04/2026 17:06,14.875,0.004,7.89
12/04/2026 16:36,14.75,0.004,7.89
12/04/2026 16:06,14.75,0.004,7.89
12/04/2026 15:36,14.75,0.004,7.89
12/04/2026 15:06,13.75,0.004,7.89
12/04/2026 14:36,14.875,0.004,7.89
12/04/2026 14:06,14.625,0.004,7.89
12/04/2026 13:36,13.75,0.004,7.89
12/04/2026 13:06,13.875,0.004,7.89
12/04/2026 12:36,14.875,0.004,7.89
12/04/2026 12:36,14.875,0.004,7.89
12/04/2026 12:06,14.625,0.004,7.89
12/04/2026 11:36,14.875,0.004,7.89
12/04/2026 11:06,14.875,0.004,7.89
12/04/2026 10:36,14.75,0.004,7.89
12/04/2026 10:06,14.875,0.004,7.89
12/04/2026 09:36,14.875,0.004,7.89
12/04/2026 09:06,15.125,0.004,7.9
12/04/2026 08:36,15,0.004,7.89
12/04/2026 08:06,14.875,0.004,7.9
12/04/2026 07:36,15,0.004,7.9
12/04/2026 07:06,15.25,0.004,7.9
12/04/2026 06:36,15,0.004,7.9
12/04/2026 06:06,15.125,0.004,7.9
12/04/2026 05:36,15.25,0.004,7.9
12/04/2026 05:06,15.25,0.004,7.9
12/04/2026 04:36,15.125,0.004,7.9
12/04/2026 04:06,15,0.004,7.9
12/04/2026 03:36,15,0.004,7.9
12/04/2026 03:06,15,0.004,7.9
12/04/2026 02:36,15,0.004,7.9
12/04/2026 02:06,15.125,0.004,7.9
12/04/2026 01:36,15,0.004,7.9
12/04/2026 01:06,15.125,0.004,7.9
12/04/2026 00:36,15.125,0.004,7.9
12/04/2026 00:06,15.25,0.004,7.9
11/04/2026 23:36,15.25,0.004,7.9
11/04/2026 23:06,15.375,0.004,7.9
11/04/2026 22:36,15.125,0.004,7.9
11/04/2026 22:06,15.25,0.004,7.9
11/04/2026 21:36,15.125,0.004,7.9
11/04/2026 21:36,15.125,0.004,7.9
11/04/2026 21:06,15.25,0.004,7.9
11/04/2026 20:36,15.25,0.004,7.9
11/04/2026 20:06,15.25,0.004,7.9
11/04/2026 19:36,15.25,0.004,7.9
11/04/2026 19:06,15.25,0.004,7.9
11/04/2026 18:36,15.375,0.004,7.9
11/04/2026 18:06,15.375,0.004,7.9
11/04/2026 17:36,15.25,0.004,7.9
11/04/2026 17:06,15.25,0.004,7.9
11/04/2026 16:36,15.125,0.004,7.9
11/04/2026 16:06,15.125,0.004,7.89
11/04/2026 15:36,15.125,0.004,7.9
11/04/2026 15:06,15.125,0.004,7.89
11/04/2026 14:36,15.25,0.004,7.9
11/04/2026 14:06,15.125,0.004,7.89
11/04/2026 13:36,15,0.004,7.89
11/04/2026 13:36,15,0.004,7.89
11/04/2026 13:06,15.125,0.004,7.89
11/04/2026 12:36,15.125,0.004,7.89
11/04/2026 12:06,15,0.004,7.89
11/04/2026 11:36,15.125,0.004,7.89
11/04/2026 11:06,15,0.004,7.89
11/04/2026 10:36,15,0.004,7.89
11/04/2026 10:06,15.125,0.004,7.89
11/04/2026 09:36,15.125,0.004,7.89
11/04/2026 09:06,15.25,0.004,7.89
11/04/2026 08:36,15,0.004,7.89
11/04/2026 08:36,15,0.004,7.89
11/04/2026 08:06,15.125,0.004,7.89
11/04/2026 07:36,15,0.004,7.89
11/04/2026 07:06,15.125,0.004,7.89
11/04/2026 06:36,15,0.004,7.89
11/04/2026 06:06,15,0.004,7.89
11/04/2026 05:36,15,0.004,7.89
11/04/2026 05:06,14.875,0.004,7.89
11/04/2026 04:36,15,0.004,7.89
11/04/2026 04:06,15.125,0.004,7.89
11/04/2026 03:36,15,0.004,7.89
11/04/2026 03:31,15.25,0.004,7.89
11/04/2026 03:06,15,0.004,7.89
11/04/2026 02:36,15,0.004,7.89
11/04/2026 02:06,15.125,0.004,7.89
11/04/2026 01:36,14.875,0.004,7.89
11/04/2026 01:06,15.125,0.004,7.89
11/04/2026 00:36,15.125,0.004,7.89
11/04/2026 00:06,15.125,0.004,7.89
10/04/2026 23:36,15.125,0.004,7.89
10/04/2026 23:06,15.125,0.004,7.89
10/04/2026 22:36,15.125,0.004,7.89
10/04/2026 22:06,15.25,0.004,7.89
10/04/2026 21:36,15.25,0.004,7.89
10/04/2026 21:06,15.25,0.004,7.89
10/04/2026 20:36,15.25,0.004,7.89
10/04/2026 20:06,15.125,0.004,7.89
10/04/2026 19:36,15.25,0.004,7.89
10/04/2026 19:06,15.25,0.004,7.89
10/04/2026 18:36,15.25,0.004,7.89
10/04/2026 18:06,15.25,0.004,7.89
10/04/2026 17:36,15.25,0.004,7.88
10/04/2026 17:06,15.125,0.004,7.89
10/04/2026 16:36,15.125,0.004,7.88
10/04/2026 16:06,15.25,0.004,7.88
10/04/2026 15:36,15.125,0.004,7.88
10/04/2026 15:06,15.125,0.004,7.88
10/04/2026 14:36,15.125,0.004,7.88
10/04/2026 14:06,15,0.004,7.88
10/04/2026 13:36,14.875,0.004,7.88
10/04/2026 13:06,14.875,0.004,7.88
10/04/2026 12:36,15,0.004,7.88
10/04/2026 12:06,15,0.004,7.88
10/04/2026 11:36,14.875,0.004,7.88
10/04/2026 11:36,14.875,0.004,7.88
10/04/2026 11:06,14.75,0.004,7.88
10/04/2026 10:36,15,0.004,7.88
10/04/2026 10:06,15,0.004,7.88
10/04/2026 09:36,15,0.004,7.88
10/04/2026 09:06,15.25,0.004,7.88
10/04/2026 08:36,15,0.004,7.88
10/04/2026 08:06,15,0.004,7.89
10/04/2026 07:36,15.125,0.004,7.88
10/04/2026 07:06,15.125,0.004,7.88
10/04/2026 06:36,15.375,0.004,7.89
10/04/2026 06:06,15.25,0.004,7.88
10/04/2026 05:36,15.25,0.004,7.88
10/04/2026 05:06,15.125,0.004,7.88
10/04/2026 04:36,15.125,0.004,7.88
10/04/2026 04:06,15.125,0.004,7.88
10/04/2026 03:36,15.125,0.004,7.88
10/04/2026 03:06,14.875,0.005,7.89
10/04/2026 02:36,15.125,0.004,7.88
10/04/2026 02:06,15,0.004,7.88
10/04/2026 01:36,15.125,0.005,7.88
10/04/2026 01:06,14.875,0.004,7.88
10/04/2026 00:36,15,0.004,7.88
10/04/2026 00:06,15.125,0.005,7.88
09/04/2026 23:36,15,0.005,7.88
09/04/2026 23:06,14.875,0.004,7.88
09/04/2026 22:36,15,0.004,7.88
09/04/2026 22:06,15,0.005,7.88
09/04/2026 21:36,15,0.004,7.88
09/04/2026 21:06,15.125,0.005,7.88
09/04/2026 20:36,15.125,0.005,7.88
09/04/2026 20:06,15.125,0.005,7.88
09/04/2026 19:36,15.125,0.005,7.88
09/04/2026 19:06,15.125,0.005,7.87
09/04/2026 18:36,15.25,0.005,7.88
09/04/2026 18:06,15.25,0.005,7.88
09/04/2026 17:36,15.125,0.005,7.87
09/04/2026 17:06,15.25,0.005,7.87
09/04/2026 16:36,15.25,0.005,7.87
09/04/2026 16:06,15.125,0.005,7.87
09/04/2026 16:06,15.125,0.005,7.87
09/04/2026 15:36,15,0.005,7.87
09/04/2026 15:06,15,0.005,7.87
09/04/2026 14:36,15.125,0.005,7.87
09/04/2026 14:06,14.875,0.005,7.87
09/04/2026 13:36,14.75,0.005,7.87
09/04/2026 13:06,14.875,0.005,7.87
09/04/2026 12:36,15,0.005,7.87
09/04/2026 12:06,14.875,0.005,7.87
09/04/2026 11:36,14.875,0.005,7.87
09/04/2026 11:36,14.875,0.005,7.87
09/04/2026 11:06,15,0.005,7.87
09/04/2026 10:36,14.75,0.005,7.87
09/04/2026 10:06,14.875,0.005,7.87
09/04/2026 09:36,15.125,0.005,7.87
09/04/2026 09:06,15.375,0.005,7.87
09/04/2026 08:36,15,0.005,7.87
09/04/2026 08:06,15.125,0.005,7.87
09/04/2026 07:36,15.125,0.005,7.87
09/04/2026 07:06,15.125,0.005,7.87
09/04/2026 06:36,15.125,0.005,7.87
09/04/2026 06:06,15.25,0.005,7.87
09/04/2026 05:36,15.125,0.005,7.86
09/04/2026 05:06,15.25,0.005,7.86
09/04/2026 05:06,15.25,0.005,7.86
09/04/2026 04:36,15,0.005,7.86
09/04/2026 04:06,15,0.005,7.86
09/04/2026 03:36,15.25,0.005,7.86
09/04/2026 03:06,15.125,0.005,7.86
09/04/2026 03:06,15.125,0.005,7.86
09/04/2026 02:36,15,0.005,7.86
09/04/2026 02:06,14.875,0.005,7.86
09/04/2026 01:36,15,0.005,7.85
09/04/2026 01:06,14.875,0.005,7.85
09/04/2026 00:36,14.875,0.005,7.85
09/04/2026 00:06,15,0.005,7.85
08/04/2026 23:36,15,0.005,7.85
08/04/2026 23:06,14.875,0.005,7.85
08/04/2026 22:36,14.875,0.005,7.85
08/04/2026 22:06,13.75,0.005,7.84
08/04/2026 21:36,13.75,0.005,7.84
08/04/2026 21:06,14.625,0.005,7.84
08/04/2026 20:36,14.75,0.005,7.84
08/04/2026 20:06,15.625,0.005,7.84
08/04/2026 19:36,14.5,0.005,7.84
08/04/2026 19:06,14.5,0.005,7.83
08/04/2026 18:36,14.5,0.005,7.83
08/04/2026 18:06,14.625,0.005,7.83
08/04/2026 17:36,14.5,0.005,7.83
08/04/2026 17:06,14.625,0.005,7.83
08/04/2026 16:36,13.75,0.005,7.83
08/04/2026 16:06,14.75,0.005,7.82
08/04/2026 16:06,14.75,0.005,7.82
08/04/2026 15:36,14.75,0.005,7.82
08/04/2026 15:06,14.75,0.005,7.82
08/04/2026 14:36,13.75,0.005,7.82
08/04/2026 14:06,14.875,0.005,7.81
08/04/2026 13:36,14.75,0.005,7.81
08/04/2026 13:06,14.875,0.005,7.81
08/04/2026 12:36,14.875,0.005,7.81
08/04/2026 12:06,14.75,0.005,7.81
08/04/2026 11:36,14.875,0.005,7.8
08/04/2026 11:06,15,0.005,7.8
08/04/2026 10:36,14.875,0.005,7.8
08/04/2026 10:06,15,0.005,7.8
08/04/2026 09:36,15.25,0.005,7.79
08/04/2026 09:06,15.25,0.005,7.79
08/04/2026 08:36,15.125,0.005,7.79
08/04/2026 08:06,15.125,0.005,7.78
08/04/2026 07:36,15.25,0.005,7.77
08/04/2026 07:06,15.25,0.005,7.77
08/04/2026 06:36,15.25,0.005,7.77
08/04/2026 06:06,15.25,0.005,7.76
08/04/2026 05:58,15.25,0.005,7.76
08/04/2026 05:36,15.5,0.005,7.76
08/04/2026 05:06,15.125,0.005,7.75
08/04/2026 04:36,15.375,0.005,7.74
08/04/2026 04:06,15.25,0.005,7.74
08/04/2026 03:36,15.125,0.005,7.73
08/04/2026 03:06,15.25,0.005,7.73
08/04/2026 02:36,15.25,0.005,7.72
08/04/2026 02:06,15.25,0.005,7.71
08/04/2026 01:36,15.375,0.005,7.71
08/04/2026 01:06,15.25,0.005,7.7
08/04/2026 00:36,15.25,0.005,7.7
08/04/2026 00:06,15.25,0.005,7.7
07/04/2026 23:36,15.125,0.005,7.7
07/04/2026 23:06,15.25,0.005,7.7
07/04/2026 22:36,15.25,0.005,7.7
07/04/2026 22:06,15.25,0.005,7.7
07/04/2026 21:36,15.25,0.005,7.7
07/04/2026 21:06,15.5,0.005,7.7
07/04/2026 20:36,15.375,0.005,7.7
07/04/2026 20:36,15.375,0.005,7.7
07/04/2026 20:06,15.5,0.005,7.71
07/04/2026 19:36,15.375,0.005,7.71
07/04/2026 19:36,15.375,0.005,7.71
07/04/2026 19:06,15.375,0.005,7.72
07/04/2026 18:36,15.625,0.005,7.73
07/04/2026 18:06,15.5,0.005,7.75
07/04/2026 17:36,15.375,0.005,7.77
07/04/2026 17:06,15.375,0.005,7.79
07/04/2026 16:36,15.25,0.005,7.82
07/04/2026 16:06,15.375,0.005,7.85
07/04/2026 15:36,15.25,0.005,7.87
07/04/2026 15:06,15.125,0.005,7.88
07/04/2026 14:36,15,0.005,7.9
07/04/2026 14:06,15.125,0.005,7.91
07/04/2026 14:01,15.375,0.005,7.91
07/04/2026 14:01,15.25,0.005,8.57
07/04/2026 14:00,15.375,0.005,7.91
07/04/2026 14:00,15.5,0.005,7.91
07/04/2026 14:00,15.375,0.005,8.57
02/04/2026 02:33,16.125,0.008,7.92
02/04/2026 02:32,16.125,0.008,7.92
02/04/2026 02:32,16.125,0.008,7.92
02/04/2026 02:32,16.125,0.008,7.92
02/04/2026 02:32,16,0.008,7.92
02/04/2026 02:32,16.125,0.008,7.92
02/04/2026 02:32,16.125,0.008,7.92
02/04/2026 02:32,16.25,0.008,7.92
02/04/2026 02:31,16.25,0.008,7.92
02/04/2026 02:31,16.25,0.008,7.92
02/04/2026 02:30,16.25,0.008,7.92
02/04/2026 02:30,16.25,0.008,7.92
02/04/2026 02:30,16.375,0.008,7.92
02/04/2026 02:24,16,0.008,7.92
02/04/2026 02:23,16,0.008,7.92
02/04/2026 02:23,15.75,0.008,7.92
02/04/2026 02:22,15.75,0.008,7.92
02/04/2026 02:22,15.875,0.008,7.92
02/04/2026 02:22,15.875,0.008,7.92
02/04/2026 02:22,15.875,0.008,7.92
02/04/2026 02:22,16.625,0.008,7.92
02/04/2026 02:21,15.75,0.008,7.92
02/04/2026 02:21,15.75,0.008,7.92
02/04/2026 02:21,15.875,0.008,7.92
02/04/2026 02:21,15.75,0.008,7.92
02/04/2026 02:21,15.875,0.008,7.92
02/04/2026 02:21,15.75,0.008,7.92
02/04/2026 02:21,15.75,0.008,7.92
02/04/2026 02:20,16.625,0.008,7.92
02/04/2026 02:20,15.625,0.008,7.92
02/04/2026 02:20,15.5,0.008,7.92
02/04/2026 02:19,15.375,0.008,7.92
02/04/2026 02:06,15.25,0.008,7.92
02/04/2026 01:36,15.25,0.008,7.9
02/04/2026 01:06,15.5,0.008,7.89
02/04/2026 00:36,15.25,0.008,7.89
02/04/2026 00:06,15.25,0.008,7.89
01/04/2026 23:36,15.25,0.008,7.89
01/04/2026 23:06,15.25,0.008,7.89
01/04/2026 22:36,15.25,0.008,7.89
01/04/2026 22:06,15.375,0.008,7.89
01/04/2026 21:36,15.25,0.008,7.9
01/04/2026 21:06,15.375,0.008,7.9
01/04/2026 21:06,15.375,0.008,7.9
01/04/2026 20:36,15.5,0.008,7.91
01/04/2026 20:06,15.375,0.008,7.91
01/04/2026 19:36,15.5,0.008,7.91
01/04/2026 19:06,15.375,0.008,7.91
01/04/2026 18:36,15.5,0.008,7.91
01/04/2026 18:06,15.375,0.008,7.91
01/04/2026 17:36,15.5,0.008,7.91
01/04/2026 17:32,15.625,0.008,7.91
01/04/2026 17:31,15.5,0.008,7.91
01/04/2026 17:31,15.5,0.008,8.58
01/04/2026 17:06,15.375,0.008,7.91
01/04/2026 16:36,15.375,0.008,7.91
01/04/2026 16:36,15.375,0.008,7.91
01/04/2026 16:06,15.125,0.008,7.91
01/04/2026 15:36,15.375,0.008,7.9
01/04/2026 15:06,15.25,0.008,7.91
01/04/2026 15:06,15.25,0.008,7.91
01/04/2026 14:36,15.25,0.008,7.9
01/04/2026 14:06,15.25,0.008,7.9
01/04/2026 13:36,15.25,0.008,7.91
01/04/2026 13:06,15.25,0.008,7.9
01/04/2026 12:36,15.125,0.008,7.9
01/04/2026 12:06,15.125,0.008,7.89
01/04/2026 11:36,15.125,0.008,7.89
01/04/2026 11:06,15.125,0.008,7.89
01/04/2026 10:36,15.125,0.008,7.89
28/03/2026 11:36,15.25,0.006,7.89
28/03/2026 11:06,15.125,0.006,7.89
28/03/2026 10:36,15.125,0.006,7.89
28/03/2026 10:06,15.25,0.006,7.89
28/03/2026 09:36,15.25,0.006,7.89
28/03/2026 09:06,15.25,0.006,7.89
28/03/2026 08:36,15.25,0.006,7.89
28/03/2026 08:06,15.25,0.006,7.89
28/03/2026 07:36,15.375,0.006,7.89
28/03/2026 07:06,15.25,0.006,7.89
28/03/2026 06:36,15.25,0.006,7.89
28/03/2026 06:06,15.375,0.006,7.89
28/03/2026 05:36,15.25,0.006,7.89
28/03/2026 05:06,15.25,0.006,7.89
28/03/2026 04:36,15.25,0.006,7.89
28/03/2026 04:06,15.25,0.006,7.89
28/03/2026 03:36,15.375,0.006,7.89
28/03/2026 03:06,15.125,0.006,7.89
28/03/2026 02:36,15.25,0.006,7.88
28/03/2026 02:06,15.375,0.006,7.89
28/03/2026 01:36,15.125,0.006,7.88
28/03/2026 01:06,15.125,0.006,7.88
28/03/2026 00:36,15.125,0.006,7.88
28/03/2026 00:06,15.125,0.006,7.88
27/03/2026 23:36,15.125,0.006,7.88
27/03/2026 23:06,15,0.006,7.88
27/03/2026 22:36,15.125,0.006,7.88
27/03/2026 22:06,15.125,0.006,7.88
27/03/2026 21:36,15,0.006,7.88
27/03/2026 21:06,15.125,0.006,7.87
27/03/2026 20:36,15,0.006,7.87
27/03/2026 20:06,14.875,0.006,7.88
27/03/2026 19:36,15,0.006,7.87
27/03/2026 19:06,15,0.006,7.87
27/03/2026 18:36,15,0.006,7.87
27/03/2026 18:06,15.125,0.006,7.87
27/03/2026 17:36,15.125,0.006,7.87
27/03/2026 17:06,14.875,0.006,7.87
27/03/2026 16:36,15.125,0.006,7.87
27/03/2026 16:06,15,0.006,7.87
27/03/2026 15:36,15.25,0.006,7.87
27/03/2026 15:06,15.125,0.006,7.87
27/03/2026 14:36,15.125,0.006,7.86
27/03/2026 14:06,15.25,0.006,7.86
27/03/2026 13:36,15.125,0.006,7.86
27/03/2026 13:06,15.25,0.006,7.86
27/03/2026 12:36,15.25,0.006,7.86
27/03/2026 12:06,15.125,0.006,7.86
27/03/2026 11:36,15.125,0.005,7.86
27/03/2026 11:06,15.125,0.005,7.86
27/03/2026 10:36,15.125,0.005,7.85
27/03/2026 10:06,15.125,0.005,7.85
27/03/2026 09:36,15.375,0.005,7.85
27/03/2026 09:36,15.375,0.005,7.85
27/03/2026 09:06,15.25,0.005,7.85
27/03/2026 08:36,15.25,0.005,7.85
27/03/2026 08:06,15.375,0.005,7.85
27/03/2026 07:36,15.375,0.005,7.85
27/03/2026 07:06,15.5,0.005,7.85
27/03/2026 06:36,15.375,0.005,7.85
27/03/2026 06:06,15.5,0.005,7.84
27/03/2026 06:06,15.5,0.005,7.84
27/03/2026 05:36,15.375,0.005,7.84
27/03/2026 05:06,15.5,0.005,7.84
27/03/2026 04:36,15.375,0.005,7.84
27/03/2026 04:06,15.375,0.005,7.83
27/03/2026 04:06,15.375,0.005,7.83
27/03/2026 03:36,15.375,0.005,7.83
27/03/2026 03:06,15.25,0.005,7.83
27/03/2026 02:36,15.375,0.005,7.83
27/03/2026 02:06,15.5,0.005,7.82
27/03/2026 01:36,15.375,0.005,7.82
27/03/2026 01:06,15.375,0.005,7.82
27/03/2026 00:36,15.375,0.005,7.81
27/03/2026 00:06,15.25,0.005,7.81
26/03/2026 23:36,15.25,0.005,7.81
26/03/2026 23:06,15.25,0.005,7.81
26/03/2026 22:36,15.375,0.005,7.8
26/03/2026 22:06,15.375,0.005,7.8
26/03/2026 21:36,15.25,0.005,7.79
26/03/2026 21:06,15.375,0.005,7.79
26/03/2026 20:36,15.375,0.005,7.79
26/03/2026 20:06,15.5,0.005,7.79
26/03/2026 19:36,15.5,0.005,7.78
26/03/2026 19:06,15.5,0.005,7.78
26/03/2026 18:36,15.5,0.005,7.77
26/03/2026 18:06,15.5,0.005,7.77
26/03/2026 17:36,15.5,0.005,7.77
26/03/2026 17:06,15.5,0.005,7.76
26/03/2026 16:36,15.375,0.005,7.76
26/03/2026 16:06,15.375,0.005,7.75
26/03/2026 15:36,15.375,0.005,7.75
26/03/2026 15:06,15.375,0.005,7.75
26/03/2026 14:36,15.375,0.005,7.75
26/03/2026 14:06,15.375,0.005,7.75
26/03/2026 13:36,15.375,0.005,7.75
26/03/2026 13:06,15.25,0.005,7.76
26/03/2026 12:36,15.25,0.005,7.78
26/03/2026 12:06,15.25,0.005,7.79
26/03/2026 11:36,15.375,0.005,7.81
26/03/2026 11:06,15.25,0.006,7.84
26/03/2026 10:36,15.125,0.006,7.87
26/03/2026 10:06,15.25,0.006,7.88
26/03/2026 09:36,15.125,0.006,7.88
26/03/2026 09:06,15.25,0.006,7.89
26/03/2026 08:36,15.25,0.006,7.89
26/03/2026 08:06,15.375,0.006,7.89
26/03/2026 07:36,15.375,0.006,7.89
26/03/2026 07:36,15.375,0.006,7.89
26/03/2026 07:06,15.375,0.006,7.89
26/03/2026 06:36,15.25,0.006,7.89
26/03/2026 06:06,15.375,0.006,7.89
26/03/2026 05:36,15.5,0.006,7.89
26/03/2026 05:06,15.25,0.006,7.89
26/03/2026 04:36,15.25,0.006,7.89
26/03/2026 04:06,15.25,0.006,7.89
26/03/2026 03:36,15.5,0.006,7.88
26/03/2026 03:06,15.375,0.006,7.89
26/03/2026 02:36,15.375,0.006,7.89
26/03/2026 02:06,15.25,0.006,7.88
26/03/2026 01:36,15.375,0.006,7.88
26/03/2026 01:06,15.375,0.006,7.88
26/03/2026 00:36,15.25,0.006,7.88
26/03/2026 00:06,15.25,0.006,7.88
25/03/2026 23:36,15.375,0.006,7.88
25/03/2026 23:06,15.375,0.006,7.88
25/03/2026 22:36,15.25,0.006,7.88
25/03/2026 22:06,15.25,0.006,7.88
25/03/2026 21:36,15.125,0.006,7.88
25/03/2026 21:06,15.25,0.006,7.88
25/03/2026 20:36,15.25,0.006,7.88
25/03/2026 20:06,15.375,0.006,7.88
25/03/2026 19:36,15.375,0.006,7.88
25/03/2026 19:06,15.375,0.006,7.87
25/03/2026 18:36,15.375,0.006,7.87
25/03/2026 18:06,15.5,0.006,7.87
25/03/2026 17:36,15.25,0.006,7.87
25/03/2026 17:06,15.375,0.006,7.87
25/03/2026 16:36,15.25,0.006,7.87
25/03/2026 16:06,15.375,0.006,7.87
25/03/2026 15:36,15.25,0.006,7.87
25/03/2026 15:06,15.375,0.006,7.87
25/03/2026 14:36,15.125,0.006,7.87
25/03/2026 14:06,15.125,0.006,7.88
25/03/2026 13:36,15.25,0.006,7.88
25/03/2026 13:06,15.25,0.006,7.88
25/03/2026 12:36,15.125,0.006,7.88
25/03/2026 12:06,15.125,0.006,7.88
25/03/2026 11:36,15.125,0.006,7.89
25/03/2026 11:06,15.25,0.006,7.88
25/03/2026 10:36,15.125,0.006,7.88
25/03/2026 10:06,15.25,0.006,7.88
25/03/2026 09:36,15.25,0.006,7.88
25/03/2026 09:06,15.25,0.006,7.88
25/03/2026 08:36,15.25,0.006,7.88
25/03/2026 08:06,15.25,0.006,7.88
25/03/2026 07:36,15.25,0.006,7.88
25/03/2026 07:06,15.375,0.006,7.88
25/03/2026 06:36,15.375,0.006,7.88
25/03/2026 06:06,15.25,0.006,7.88
25/03/2026 05:36,15.25,0.006,7.88
25/03/2026 05:06,15.25,0.006,7.88
25/03/2026 04:36,15.25,0.006,7.88
25/03/2026 04:06,15.25,0.006,7.88
25/03/2026 03:36,15.25,0.006,7.88
25/03/2026 03:06,15.375,0.006,7.88
25/03/2026 02:36,15.25,0.006,7.87
25/03/2026 02:06,15.125,0.006,7.87
25/03/2026 01:36,15.25,0.006,7.87
25/03/2026 01:06,15.125,0.006,7.87
25/03/2026 00:36,15.25,0.006,7.87
25/03/2026 00:12,15.25,0.006,7.87
25/03/2026 00:12,15.25,0.006,7.87
25/03/2026 00:12,15.125,0.006,8.52
25/03/2026 00:06,15.125,0.006,7.87
24/03/2026 23:36,15.375,0.006,7.87
24/03/2026 23:06,15.25,0.006,7.87
24/03/2026 22:36,15.125,0.006,7.87
24/03/2026 22:06,15.125,0.006,7.86
24/03/2026 21:36,15.125,0.006,7.86
24/03/2026 21:06,14.875,0.006,7.86
24/03/2026 20:36,15,0.006,7.86
24/03/2026 20:06,15.125,0.006,7.86
24/03/2026 19:36,15,0.006,7.86
24/03/2026 19:06,15.125,0.006,7.86
24/03/2026 18:36,15.125,0.006,7.86
24/03/2026 18:06,15.125,0.006,7.86
24/03/2026 17:36,15.125,0.006,7.86
24/03/2026 17:06,15.125,0.006,7.86
24/03/2026 16:36,15.125,0.006,7.86
24/03/2026 16:06,15.125,0.006,7.87
24/03/2026 15:36,15.125,0.006,7.87
24/03/2026 15:06,15,0.007,7.89
24/03/2026 14:36,15,0.007,7.89
24/03/2026 14:36,15,0.007,7.89
24/03/2026 14:06,15.125,0.007,7.89
24/03/2026 13:36,15.125,0.007,7.89
24/03/2026 13:06,15,0.007,7.89
24/03/2026 13:01,15.25,0.007,7.89
24/03/2026 13:00,15.25,0.007,7.89
24/03/2026 13:00,15.25,0.007,8.55
24/03/2026 12:36,15.125,0.007,7.89
24/03/2026 12:06,15,0.007,7.89
24/03/2026 11:36,15.125,0.007,7.89
24/03/2026 11:36,15.125,0.007,7.89
24/03/2026 11:06,15.125,0.007,7.89
24/03/2026 10:36,15.25,0.007,7.89
24/03/2026 10:06,15.25,0.007,7.89
24/03/2026 09:36,15.125,0.007,7.89
24/03/2026 09:06,15.125,0.007,7.89
24/03/2026 08:36,15.375,0.007,7.89
24/03/2026 08:06,15.375,0.007,7.89
24/03/2026 07:36,15.25,0.007,7.89
24/03/2026 07:06,15.375,0.007,7.89
24/03/2026 06:36,15.5,0.007,7.89
24/03/2026 06:06,15.375,0.007,7.89
24/03/2026 05:36,15.25,0.007,7.89
24/03/2026 05:06,15.25,0.007,7.88
24/03/2026 04:36,15.375,0.007,7.89
24/03/2026 04:06,15.25,0.007,7.88
24/03/2026 03:36,15.375,0.007,7.88
24/03/2026 03:06,15.25,0.007,7.88
24/03/2026 02:36,15.25,0.007,7.88
24/03/2026 02:06,15.125,0.007,7.88
24/03/2026 01:36,15.25,0.007,7.88
24/03/2026 01:06,15.375,0.007,7.87
24/03/2026 00:36,15.25,0.007,7.88
24/03/2026 00:06,15.25,0.007,7.88
23/03/2026 23:36,15.375,0.007,7.88
23/03/2026 23:06,15.375,0.007,7.87
23/03/2026 22:36,15.25,0.007,7.87
23/03/2026 22:06,15.25,0.007,7.87
23/03/2026 21:36,15.25,0.007,7.87
23/03/2026 21:06,15.375,0.007,7.87
23/03/2026 20:36,15.25,0.007,7.87
23/03/2026 20:06,15.5,0.007,7.87
23/03/2026 19:36,15.25,0.007,7.87
23/03/2026 19:36,15.25,0.007,7.87
23/03/2026 19:06,15.25,0.007,7.87
23/03/2026 18:36,15.375,0.007,7.87
23/03/2026 18:36,15.375,0.007,7.87
23/03/2026 18:06,15.375,0.007,7.87
23/03/2026 17:36,15.375,0.006,7.87
23/03/2026 17:06,15.375,0.007,7.88
23/03/2026 16:36,15.375,0.007,7.87
23/03/2026 16:06,15.25,0.007,7.88
23/03/2026 15:36,15.25,0.007,7.88
23/03/2026 15:06,15.25,0.007,7.88
23/03/2026 14:36,15.25,0.007,7.88
23/03/2026 14:06,15.25,0.007,7.88
23/03/2026 13:36,15.25,0.007,7.89
23/03/2026 13:06,15.25,0.007,7.89
23/03/2026 12:36,15.125,0.007,7.89
23/03/2026 12:36,15.125,0.007,7.89
23/03/2026 12:28,15.125,0.007,7.9
23/03/2026 12:28,14.875,0.007,7.9
23/03/2026 12:28,14.875,0.007,8.56
23/03/2026 12:06,15,0.007,7.9
23/03/2026 12:03,14.875,0.007,7.9
23/03/2026 12:03,14.75,0.007,7.9
23/03/2026 12:03,13.75,0.007,8.56
23/03/2026 11:36,15.125,0.007,7.9
23/03/2026 11:06,15.125,0.007,7.9
23/03/2026 10:36,15.25,0.007,7.9
23/03/2026 10:32,15.25,0.007,7.9
23/03/2026 10:31,15.25,0.007,7.9
23/03/2026 10:31,15.125,0.007,8.56
23/03/2026 10:06,15.125,0.007,7.9
23/03/2026 09:36,15.125,0.007,7.9
23/03/2026 09:06,15.125,0.007,7.9
23/03/2026 08:36,15.375,0.007,7.9
23/03/2026 08:06,15.25,0.007,7.9
23/03/2026 08:01,15.25,0.007,7.9
23/03/2026 08:00,15.375,0.007,7.9
23/03/2026 08:00,15.375,0.007,8.56
23/03/2026 07:36,15.25,0.007,7.9
23/03/2026 07:06,15.5,0.007,7.9
23/03/2026 06:36,15.25,0.007,7.9
23/03/2026 06:06,15.25,0.007,7.9
23/03/2026 05:36,15.25,0.007,7.9
23/03/2026 05:06,15.5,0.007,7.9
23/03/2026 05:06,15.5,0.007,7.9
23/03/2026 04:36,15.25,0.007,7.9
23/03/2026 04:06,15.25,0.007,7.9
23/03/2026 03:36,15.375,0.007,7.9
23/03/2026 03:06,15.375,0.007,7.9
23/03/2026 02:36,15.125,0.007,7.9
23/03/2026 02:06,15.25,0.007,7.9
23/03/2026 01:36,15.25,0.007,7.9
23/03/2026 01:06,15.25,0.007,7.9
23/03/2026 00:36,15.125,0.007,7.9
23/03/2026 00:06,15.125,0.007,7.9
22/03/2026 23:36,15.125,0.007,7.9
22/03/2026 23:13,15.25,0.007,7.9
22/03/2026 23:13,15,0.007,7.9
22/03/2026 23:13,15,0.007,8.56
22/03/2026 23:06,15.125,0.007,7.9
22/03/2026 22:36,15.125,0.007,7.9
22/03/2026 22:06,15,0.007,7.9
22/03/2026 21:36,15.125,0.007,7.9
22/03/2026 21:06,14.875,0.007,7.9
22/03/2026 20:36,15,0.007,7.9
22/03/2026 20:06,14.875,0.007,7.89
22/03/2026 19:36,15,0.007,7.9
22/03/2026 19:06,14.875,0.007,7.9
22/03/2026 18:36,15,0.007,7.9
22/03/2026 18:06,15,0.007,7.9
22/03/2026 17:36,15.25,0.007,7.9
22/03/2026 17:06,15.25,0.007,7.9
22/03/2026 16:36,15.125,0.007,7.89
22/03/2026 16:06,15.25,0.007,7.9
22/03/2026 15:36,15.125,0.007,7.9
22/03/2026 15:06,15.125,0.007,7.9
22/03/2026 15:06,15.125,0.007,7.9
22/03/2026 14:36,15.25,0.007,7.9
22/03/2026 14:06,15.125,0.007,7.9
22/03/2026 13:36,15.125,0.007,7.89
22/03/2026 13:06,15.125,0.007,7.9
22/03/2026 12:36,15,0.007,7.89
22/03/2026 12:06,15,0.007,7.89
22/03/2026 11:36,15.125,0.007,7.89
22/03/2026 11:36,15.125,0.007,7.89
22/03/2026 11:06,15.125,0.007,7.9
22/03/2026 10:35,15.125,0.007,7.9
22/03/2026 10:35,15.125,0.007,7.9
22/03/2026 10:35,15,0.007,8.55
22/03/2026 10:06,15.125,0.007,7.9
22/03/2026 09:36,15.125,0.007,7.89
22/03/2026 09:06,15.125,0.007,7.9
22/03/2026 08:36,15.25,0.007,7.9
22/03/2026 08:17,15.125,0.007,7.89
22/03/2026 08:16,14.875,0.007,7.9
22/03/2026 08:16,14.875,0.007,8.56
22/03/2026 08:06,15.25,0.007,7.89
22/03/2026 07:36,15.25,0.007,7.89
22/03/2026 07:06,15.5,0.007,7.9
22/03/2026 06:36,15.25,0.007,7.9
22/03/2026 06:06,15.375,0.007,7.9
22/03/2026 05:36,15.25,0.007,7.9
22/03/2026 05:36,15.25,0.007,7.9
22/03/2026 05:06,15.25,0.007,7.89
22/03/2026 04:36,15.25,0.007,7.89
22/03/2026 04:06,15.125,0.007,7.89
22/03/2026 03:36,15.125,0.007,7.89
22/03/2026 03:06,15.25,0.007,7.89
22/03/2026 02:36,15.25,0.007,7.89
22/03/2026 02:06,15.25,0.007,7.89
22/03/2026 01:53,15.25,0.007,7.89
22/03/2026 01:52,15.25,0.007,7.89
22/03/2026 01:52,15.25,0.007,8.55
22/03/2026 01:36,15.125,0.007,7.89
22/03/2026 01:06,15,0.007,7.89
22/03/2026 00:36,15,0.007,7.89
22/03/2026 00:22,15,0.007,7.89
22/03/2026 00:22,14.875,0.007,7.89
22/03/2026 00:22,15,0.007,8.55
22/03/2026 00:06,15.125,0.007,7.89
21/03/2026 23:36,15.125,0.007,7.89
21/03/2026 23:36,15.125,0.007,7.89
21/03/2026 23:06,15,0.007,7.89
21/03/2026 22:36,15,0.007,7.89
21/03/2026 22:06,15.125,0.007,7.88
21/03/2026 21:36,14.75,0.007,7.89
21/03/2026 21:06,14.875,0.007,7.89
21/03/2026 20:36,14.75,0.007,7.89
21/03/2026 20:06,14.75,0.007,7.89
21/03/2026 19:36,14.75,0.007,7.89
21/03/2026 19:06,14.75,0.007,7.89
21/03/2026 18:36,13.75,0.007,7.89
21/03/2026 18:06,13.75,0.007,7.89
21/03/2026 17:36,14.625,0.007,7.89
21/03/2026 17:06,14.875,0.007,7.89
21/03/2026 16:36,14.75,0.007,7.89
21/03/2026 16:06,14.75,0.007,7.89
21/03/2026 15:36,13.75,0.007,7.89
21/03/2026 15:06,14.875,0.007,7.89
21/03/2026 14:36,14.875,0.007,7.89
21/03/2026 14:06,15.625,0.005,7.89
21/03/2026 13:36,15,0.007,7.89
21/03/2026 13:06,15,0.007,7.89
21/03/2026 13:06,15,0.007,7.89
21/03/2026 12:36,15,0.007,7.89
21/03/2026 12:06,14.875,0.007,7.89
21/03/2026 11:36,15,0.007,7.89
21/03/2026 11:33,15,0.007,7.89
21/03/2026 11:06,15,0.007,7.88
21/03/2026 10:36,15.125,0.007,7.89
21/03/2026 10:06,15.125,0.007,7.89
21/03/2026 09:49,13.875,0.007,7.89
21/03/2026 09:49,14.75,0.007,7.89
21/03/2026 09:49,13.75,0.007,8.55
21/03/2026 09:36,15.125,0.007,7.89
21/03/2026 09:06,15.25,0.007,7.89
21/03/2026 08:36,15.25,0.007,7.89
21/03/2026 08:36,15.25,0.007,7.89
21/03/2026 08:06,15.25,0.007,7.89
21/03/2026 07:36,15.125,0.007,7.89
21/03/2026 07:06,15.25,0.007,7.89
21/03/2026 06:36,15.375,0.007,7.89
21/03/2026 06:06,15.25,0.007,7.89
21/03/2026 06:06,15.25,0.007,7.89
21/03/2026 05:36,15.25,0.007,7.89
21/03/2026 05:06,15.25,0.007,7.89
21/03/2026 04:36,15.125,0.007,7.89
21/03/2026 04:06,15.25,0.007,7.89
21/03/2026 03:36,15.125,0.007,7.89
21/03/2026 03:06,15.125,0.007,7.89
21/03/2026 02:36,15.125,0.007,7.89
21/03/2026 02:06,15.125,0.007,7.89
21/03/2026 01:36,15.125,0.007,7.89
21/03/2026 01:06,15,0.007,7.89
21/03/2026 00:36,14.875,0.007,7.89
21/03/2026 00:06,15.125,0.007,7.89
20/03/2026 23:36,14.875,0.007,7.89
20/03/2026 23:06,14.875,0.007,7.89
20/03/2026 22:36,15,0.007,7.89
20/03/2026 22:06,14.875,0.007,7.89
20/03/2026 21:36,14.875,0.007,7.88
20/03/2026 21:06,14.75,0.007,7.89
20/03/2026 20:36,14.75,0.007,7.88
20/03/2026 20:06,14.625,0.007,7.89
20/03/2026 19:36,14.625,0.007,7.88
20/03/2026 19:06,14.5,0.007,7.89
20/03/2026 18:36,14.625,0.007,7.88
20/03/2026 18:06,14.5,0.007,7.88
20/03/2026 17:36,14.625,0.007,7.89
20/03/2026 17:06,14.625,0.007,7.88
20/03/2026 16:36,15.625,0.007,7.88
20/03/2026 16:29,14.75,0.007,7.88
20/03/2026 16:29,14.625,0.007,7.89
20/03/2026 16:29,14.625,0.007,8.54
20/03/2026 16:06,14.75,0.007,7.89
20/03/2026 15:36,14.875,0.007,7.88
20/03/2026 15:06,15.625,0.007,7.88
20/03/2026 14:36,14.75,0.007,7.89
20/03/2026 14:06,14.875,0.007,7.89
20/03/2026 13:36,14.875,0.007,7.88
20/03/2026 13:06,14.875,0.007,7.89
20/03/2026 12:36,15,0.007,7.88
20/03/2026 12:06,15,0.007,7.88
20/03/2026 11:36,15,0.007,7.89
20/03/2026 11:06,15.125,0.007,7.88
20/03/2026 10:36,15.125,0.007,7.89
20/03/2026 10:06,15,0.007,7.89
20/03/2026 09:36,15.25,0.007,7.89
20/03/2026 09:27,14.875,0.007,7.88
20/03/2026 09:27,14.875,0.007,7.88
20/03/2026 09:27,14.75,0.007,8.54
20/03/2026 09:06,15.25,0.007,7.89
20/03/2026 08:36,15.25,0.007,7.89
20/03/2026 08:06,15.25,0.007,7.88
20/03/2026 07:36,15.25,0.007,7.89
20/03/2026 07:36,15.25,0.007,7.89
20/03/2026 07:06,15.375,0.007,7.88
20/03/2026 06:56,15.5,0.007,7.88
20/03/2026 06:56,15.25,0.007,7.88
20/03/2026 06:56,15.25,0.007,8.54
20/03/2026 06:36,15.25,0.007,7.89
20/03/2026 06:06,15.25,0.007,7.88
20/03/2026 05:36,15.25,0.007,7.88
20/03/2026 05:06,15.25,0.007,7.88
20/03/2026 04:36,15.125,0.007,7.88
20/03/2026 04:06,15.25,0.007,7.88
20/03/2026 03:36,15.125,0.007,7.88
20/03/2026 03:06,15.25,0.007,7.88
20/03/2026 02:55,15.375,0.007,7.88
20/03/2026 02:55,15.375,0.007,7.88
20/03/2026 02:55,15.25,0.007,8.54
20/03/2026 02:36,15.125,0.007,7.88
20/03/2026 02:06,15.25,0.007,7.88
20/03/2026 01:50,15,0.007,7.88
20/03/2026 01:50,14.75,0.007,7.88
20/03/2026 01:50,15.625,0.007,8.54
20/03/2026 01:36,15.125,0.007,7.88
20/03/2026 01:06,15,0.007,7.88
20/03/2026 01:06,15,0.007,7.88
20/03/2026 00:36,15.25,0.007,7.88
20/03/2026 00:36,15.25,0.007,7.88
20/03/2026 00:34,15.375,0.007,7.88
20/03/2026 00:34,15.25,0.007,7.88
20/03/2026 00:34,15.125,0.007,8.53
20/03/2026 00:06,15,0.006,7.88
19/03/2026 23:36,15,0.007,7.88
19/03/2026 23:06,14.875,0.006,7.88
19/03/2026 22:36,15,0.006,7.88
19/03/2026 22:36,15,0.006,7.88
19/03/2026 22:06,15,0.006,7.88
19/03/2026 21:36,15,0.006,7.87
19/03/2026 21:06,14.875,0.006,7.87
19/03/2026 20:36,14.875,0.006,7.87
19/03/2026 20:06,14.875,0.006,7.87
19/03/2026 19:36,14.875,0.006,7.87
19/03/2026 19:06,14.875,0.006,7.87
19/03/2026 18:36,14.75,0.006,7.87
19/03/2026 18:06,14.75,0.006,7.87
19/03/2026 17:36,14.875,0.006,7.87
19/03/2026 17:06,14.875,0.006,7.87
19/03/2026 16:36,15,0.006,7.87
19/03/2026 16:06,14.875,0.006,7.87
19/03/2026 15:36,15,0.006,7.87
19/03/2026 15:06,15,0.006,7.87
19/03/2026 14:36,15.125,0.006,7.87
19/03/2026 14:06,15.125,0.006,7.87
19/03/2026 13:36,15,0.006,7.86
19/03/2026 13:17,14.875,0.006,7.86
19/03/2026 13:16,14.875,0.006,7.86
19/03/2026 13:16,13.875,0.006,8.51
19/03/2026 13:06,14.875,0.006,7.86
19/03/2026 12:36,15,0.006,7.86
19/03/2026 12:06,15,0.006,7.86
19/03/2026 11:36,15,0.006,7.86
19/03/2026 11:06,15,0.006,7.86
19/03/2026 10:36,15.125,0.006,7.86
19/03/2026 10:06,15.125,0.006,7.86
19/03/2026 09:36,15.125,0.006,7.86
19/03/2026 09:06,15.25,0.006,7.86
19/03/2026 08:36,15.125,0.006,7.86
19/03/2026 08:06,15.125,0.006,7.85
19/03/2026 07:36,15.25,0.006,7.85
19/03/2026 07:06,15.25,0.006,7.85
19/03/2026 07:06,15.25,0.006,7.85
19/03/2026 06:36,15.25,0.006,7.85
19/03/2026 06:06,15.375,0.006,7.85
19/03/2026 05:36,15.375,0.006,7.85
19/03/2026 05:06,15.25,0.006,7.85
19/03/2026 04:36,15.25,0.006,7.85
19/03/2026 04:06,15.375,0.006,7.84
19/03/2026 03:36,15.25,0.006,7.84
19/03/2026 03:06,15.25,0.006,7.83
19/03/2026 02:49,15,0.006,7.84
19/03/2026 02:49,15,0.006,7.84
19/03/2026 02:48,15,0.006,8.48
19/03/2026 02:36,15.375,0.006,7.84
19/03/2026 02:06,15.25,0.006,7.84
19/03/2026 01:36,15.125,0.006,7.84
19/03/2026 01:29,14.875,0.006,7.83
19/03/2026 01:28,13.875,0.006,7.84
19/03/2026 01:28,14.75,0.006,8.47
19/03/2026 01:06,15.25,0.006,7.83
19/03/2026 00:36,15.375,0.006,7.83
19/03/2026 00:06,15.25,0.006,7.83
18/03/2026 23:36,15.25,0.006,7.83
18/03/2026 23:06,15.25,0.006,7.83
18/03/2026 22:36,15.25,0.006,7.83
18/03/2026 22:06,15.25,0.006,7.82
18/03/2026 21:36,15.375,0.006,7.82
18/03/2026 21:06,15.25,0.006,7.82
18/03/2026 21:06,15.25,0.006,7.82
18/03/2026 20:36,15.375,0.006,7.82
18/03/2026 20:06,15.375,0.006,7.81
18/03/2026 19:36,15.375,0.006,7.81
18/03/2026 19:06,15.375,0.006,7.81
18/03/2026 18:36,15.375,0.006,7.81
18/03/2026 18:06,15.375,0.006,7.81
18/03/2026 17:36,15.375,0.006,7.8
18/03/2026 17:06,15.375,0.006,7.79
18/03/2026 16:36,15.5,0.006,7.8
18/03/2026 16:06,15.25,0.005,7.8
18/03/2026 15:36,15.375,0.006,7.79
18/03/2026 15:06,15.375,0.006,7.79
18/03/2026 14:36,15.25,0.005,7.79
18/03/2026 14:06,15.375,0.005,7.79
18/03/2026 13:36,15.25,0.005,7.79
18/03/2026 13:06,15.25,0.005,7.79
18/03/2026 12:36,15.25,0.005,7.79
18/03/2026 12:06,15.125,0.005,7.8
18/03/2026 11:36,15.125,0.006,7.8
18/03/2026 11:06,15.125,0.006,7.81
18/03/2026 10:36,15.25,0.006,7.81
18/03/2026 10:06,15.125,0.006,7.82
18/03/2026 09:58,15.125,0.006,7.82
18/03/2026 09:36,15.25,0.006,7.83
18/03/2026 09:06,15.25,0.006,7.84
18/03/2026 08:36,15.25,0.006,7.85
18/03/2026 08:06,15.25,0.006,7.85
18/03/2026 07:36,15.375,0.006,7.85
18/03/2026 07:06,15.25,0.006,7.85
18/03/2026 06:36,15.5,0.006,7.85
18/03/2026 06:06,15.5,0.006,7.84
18/03/2026 05:36,15.375,0.006,7.84
18/03/2026 05:06,15.375,0.006,7.84
18/03/2026 04:36,15.25,0.006,7.83
18/03/2026 04:06,15.25,0.006,7.84
18/03/2026 03:36,15.25,0.006,7.84
18/03/2026 03:19,15.25,0.006,7.84
18/03/2026 03:06,15.25,0.006,7.84
18/03/2026 02:36,15.375,0.006,7.84
18/03/2026 02:06,15.375,0.006,7.83
18/03/2026 01:36,15.25,0.006,7.84
18/03/2026 01:06,15.25,0.006,7.83
18/03/2026 00:36,15.25,0.006,7.83
18/03/2026 00:06,15.375,0.006,7.83
17/03/2026 23:36,15.25,0.006,7.83
17/03/2026 23:06,15.5,0.006,7.83
17/03/2026 22:36,15.25,0.006,7.83
17/03/2026 22:06,15.5,0.006,7.83
17/03/2026 21:36,15.375,0.006,7.83
17/03/2026 21:06,15.375,0.006,7.83
17/03/2026 20:36,15.375,0.006,7.83
17/03/2026 20:06,15.5,0.006,7.83
17/03/2026 19:36,15.375,0.006,7.83
17/03/2026 19:06,15.5,0.006,7.84
17/03/2026 18:36,15.5,0.006,7.84
17/03/2026 18:06,15.5,0.006,7.85
17/03/2026 17:36,15.5,0.006,7.85
17/03/2026 17:06,15.375,0.006,7.86
17/03/2026 16:36,15.5,0.006,7.87
17/03/2026 16:06,15.375,0.006,7.88
17/03/2026 15:36,15.375,0.006,7.89
17/03/2026 15:06,15.25,0.006,7.89
17/03/2026 14:36,15.25,0.006,7.89
17/03/2026 14:06,15.125,0.006,7.89
17/03/2026 13:36,15.25,0.006,7.89
17/03/2026 13:06,15.125,0.006,7.89
17/03/2026 12:36,15.25,0.006,7.88
17/03/2026 12:06,15.25,0.006,7.89
17/03/2026 11:36,15.25,0.006,7.89
17/03/2026 11:06,15.25,0.006,7.88
17/03/2026 10:36,15.5,0.006,7.89
17/03/2026 10:06,15.25,0.006,7.88
17/03/2026 10:06,15.25,0.006,7.88
17/03/2026 09:36,15.25,0.006,7.89
17/03/2026 09:06,15.25,0.006,7.89
17/03/2026 08:36,15.25,0.006,7.89
17/03/2026 08:06,15.25,0.006,7.89
17/03/2026 07:36,15.25,0.006,7.89
17/03/2026 07:06,15.25,0.006,7.89
17/03/2026 06:36,15.375,0.006,7.89
17/03/2026 06:06,15.375,0.006,7.89
17/03/2026 05:36,15.375,0.006,7.89
17/03/2026 05:36,15.375,0.006,7.89
17/03/2026 05:06,15.375,0.006,7.89
17/03/2026 04:36,15.5,0.006,7.89
17/03/2026 04:36,15.5,0.006,7.89
17/03/2026 04:06,15.25,0.006,7.89
17/03/2026 03:36,15.375,0.006,7.89
17/03/2026 03:06,15.25,0.006,7.88
17/03/2026 02:36,15.375,0.006,7.88
17/03/2026 02:06,15.25,0.006,7.88
17/03/2026 01:36,15.25,0.006,7.88
17/03/2026 01:06,15.25,0.006,7.89
17/03/2026 00:36,15.25,0.006,7.88
17/03/2026 00:06,15.25,0.006,7.89
16/03/2026 23:36,15.125,0.006,7.89
16/03/2026 23:06,15.25,0.006,7.88
16/03/2026 22:36,15.25,0.006,7.88
16/03/2026 22:06,15.25,0.006,7.88
16/03/2026 21:36,15.25,0.006,7.88
16/03/2026 21:06,15.25,0.006,7.88
16/03/2026 20:36,15.25,0.006,7.88
16/03/2026 20:06,15.25,0.006,7.88
16/03/2026 19:36,15.125,0.006,7.88
16/03/2026 19:06,15.125,0.006,7.88
16/03/2026 18:36,15.125,0.006,7.88
16/03/2026 18:06,15.375,0.006,7.88
16/03/2026 18:06,15.375,0.006,7.88
16/03/2026 17:36,15.25,0.006,7.88
16/03/2026 17:36,15.25,0.006,7.88
16/03/2026 17:06,15.25,0.006,7.88
16/03/2026 16:36,15.375,0.006,7.88
16/03/2026 16:06,15.25,0.006,7.88
16/03/2026 15:36,15.25,0.006,7.88
16/03/2026 15:06,15.125,0.006,7.88
16/03/2026 14:36,15.25,0.006,7.88
16/03/2026 14:06,15.25,0.006,7.88
16/03/2026 13:36,15.125,0.006,7.88
16/03/2026 13:06,15.125,0.006,7.88
16/03/2026 12:36,15.25,0.006,7.88
16/03/2026 12:06,15.25,0.006,7.88
16/03/2026 11:36,15.125,0.006,7.88
16/03/2026 11:06,15.125,0.006,7.88
16/03/2026 10:36,15.375,0.006,7.88
16/03/2026 10:06,15.375,0.006,7.88
16/03/2026 09:36,15.125,0.006,7.88
16/03/2026 09:06,15.25,0.006,7.88
16/03/2026 08:36,15.375,0.006,7.88
16/03/2026 08:36,15.375,0.006,7.88
16/03/2026 08:06,15.5,0.006,7.88
16/03/2026 07:36,15.5,0.006,7.88
16/03/2026 07:06,15.5,0.006,7.88
16/03/2026 06:36,15.25,0.006,7.88
16/03/2026 06:06,15.375,0.006,7.88
16/03/2026 05:36,15.375,0.006,7.88
16/03/2026 05:06,15.375,0.006,7.89
16/03/2026 04:36,15.375,0.006,7.88
16/03/2026 04:06,15.375,0.006,7.88
16/03/2026 03:36,15.25,0.006,7.88
16/03/2026 03:06,15.375,0.006,7.88
16/03/2026 02:36,15.25,0.006,7.88
16/03/2026 02:06,15.375,0.006,7.88
16/03/2026 01:36,15.25,0.006,7.88
16/03/2026 01:06,15.25,0.006,7.89
16/03/2026 00:36,15.125,0.006,7.88
16/03/2026 00:06,15.25,0.006,7.88
15/03/2026 23:36,15.375,0.006,7.88
15/03/2026 23:06,15.25,0.006,7.88
15/03/2026 22:36,15.125,0.006,7.88
15/03/2026 22:06,15.25,0.006,7.88
15/03/2026 21:36,15.25,0.006,7.88
15/03/2026 21:06,15.25,0.006,7.88
15/03/2026 20:36,15.375,0.006,7.88
15/03/2026 20:06,15.375,0.006,7.88
15/03/2026 19:36,15.25,0.006,7.88
15/03/2026 19:06,15.375,0.006,7.88
15/03/2026 18:36,15.375,0.006,7.88
15/03/2026 18:06,15.375,0.006,7.88
15/03/2026 17:36,15.375,0.006,7.88
15/03/2026 17:06,15.25,0.006,7.88
15/03/2026 17:06,15.25,0.006,7.88
15/03/2026 16:36,15.125,0.006,7.88
15/03/2026 16:06,15.125,0.006,7.88
15/03/2026 15:36,15.25,0.006,7.88
15/03/2026 15:06,15.375,0.006,7.88
15/03/2026 14:36,15.25,0.006,7.88
15/03/2026 14:06,15.25,0.006,7.88
15/03/2026 13:36,15.25,0.006,7.88
15/03/2026 13:06,15.125,0.006,7.88
15/03/2026 12:36,15.125,0.006,7.88
15/03/2026 12:06,15.125,0.005,7.88
15/03/2026 11:36,15.125,0.006,7.88
15/03/2026 11:06,15.125,0.005,7.88
15/03/2026 10:36,15.25,0.005,7.88
15/03/2026 10:06,14.875,0.005,7.88
15/03/2026 09:36,15.125,0.005,7.88
15/03/2026 09:06,15.125,0.005,7.88
15/03/2026 08:36,15.125,0.005,7.88
15/03/2026 08:06,15.25,0.005,7.88
15/03/2026 07:36,15.25,0.005,7.88
15/03/2026 07:06,15.25,0.005,7.88
15/03/2026 06:36,15.25,0.005,7.88
15/03/2026 06:06,15.25,0.005,7.88
15/03/2026 05:36,15.25,0.005,7.88
15/03/2026 05:06,15.125,0.005,7.88
15/03/2026 04:36,15.125,0.005,7.88
15/03/2026 04:06,15.125,0.005,7.88
15/03/2026 03:36,15.125,0.005,7.88
15/03/2026 03:06,15.125,0.005,7.88
15/03/2026 02:36,15,0.005,7.88
15/03/2026 02:06,15.125,0.005,7.88
15/03/2026 01:36,15.125,0.005,7.88
15/03/2026 01:06,15.125,0.005,7.87
15/03/2026 00:36,15.125,0.005,7.87
15/03/2026 00:36,15.125,0.005,7.87
15/03/2026 00:06,15,0.005,7.88
14/03/2026 23:36,15.125,0.005,7.87
14/03/2026 23:06,15.125,0.005,7.87
14/03/2026 22:36,14.875,0.005,7.87
14/03/2026 22:06,15,0.005,7.87
14/03/2026 21:36,15.125,0.005,7.87
14/03/2026 21:06,15.125,0.005,7.87
14/03/2026 20:36,15,0.005,7.87
14/03/2026 20:06,15,0.005,7.87
14/03/2026 19:36,15,0.005,7.87
14/03/2026 19:06,15,0.005,7.87
14/03/2026 18:36,15.125,0.005,7.87
14/03/2026 18:06,15.125,0.005,7.87
14/03/2026 17:36,15.25,0.005,7.87
14/03/2026 17:06,15.125,0.005,7.87
14/03/2026 16:36,15,0.005,7.87
14/03/2026 16:06,15,0.005,7.87
14/03/2026 15:36,15.125,0.005,7.87
14/03/2026 15:06,15.125,0.005,7.87
14/03/2026 14:36,15,0.005,7.87
14/03/2026 14:06,15,0.005,7.87
14/03/2026 13:36,15.125,0.005,7.87
14/03/2026 13:06,15,0.005,7.87
14/03/2026 12:36,15.125,0.005,7.87
14/03/2026 12:06,15,0.005,7.87
14/03/2026 11:36,15,0.005,7.87
14/03/2026 11:06,15.25,0.005,7.87
14/03/2026 10:36,15.125,0.005,7.87
14/03/2026 10:06,15.25,0.005,7.87
14/03/2026 09:36,15.25,0.005,7.87
14/03/2026 09:06,15.25,0.005,7.87
14/03/2026 08:36,15.25,0.005,7.87
14/03/2026 08:06,15.25,0.005,7.87
14/03/2026 07:36,15.375,0.005,7.87
14/03/2026 07:06,15.375,0.005,7.88
14/03/2026 06:36,15.25,0.005,7.88
14/03/2026 06:06,15.375,0.005,7.87
14/03/2026 05:36,15.25,0.005,7.88
14/03/2026 05:06,15.25,0.005,7.88
14/03/2026 04:36,15.375,0.005,7.87
14/03/2026 04:06,15.25,0.005,7.87
14/03/2026 03:36,15.25,0.005,7.87
14/03/2026 03:06,15.25,0.005,7.87
14/03/2026 02:36,15.375,0.005,7.87
14/03/2026 02:06,15.25,0.005,7.87
14/03/2026 01:36,15.25,0.005,7.87
14/03/2026 01:06,15.375,0.005,7.87
14/03/2026 00:36,15.25,0.005,7.87
14/03/2026 00:06,15.25,0.005,7.87
13/03/2026 23:36,15.125,0.005,7.87
13/03/2026 23:06,15.25,0.005,7.87
13/03/2026 22:36,15.375,0.005,7.87
13/03/2026 22:06,15.125,0.005,7.87
13/03/2026 21:36,15.25,0.005,7.87
13/03/2026 21:06,15.25,0.005,7.87
13/03/2026 20:36,15.125,0.005,7.87
13/03/2026 20:06,15.375,0.005,7.87
13/03/2026 19:36,15.25,0.005,7.87
13/03/2026 19:06,15.375,0.005,7.87
13/03/2026 18:36,15.5,0.005,7.87
13/03/2026 18:06,15.375,0.005,7.87
13/03/2026 17:36,15.375,0.005,7.87
13/03/2026 17:06,15.375,0.005,7.87
13/03/2026 16:36,15.375,0.005,7.87
13/03/2026 16:06,15.25,0.005,7.87
13/03/2026 16:06,15.25,0.005,7.87
13/03/2026 15:36,15.25,0.005,7.87
13/03/2026 15:06,15.5,0.005,7.87
13/03/2026 14:36,15.25,0.005,7.87
13/03/2026 14:06,15.375,0.005,7.87
13/03/2026 13:36,15.25,0.005,7.87
13/03/2026 13:06,15.25,0.005,7.87
13/03/2026 12:36,15.25,0.005,7.87
13/03/2026 12:06,15.125,0.005,7.87
13/03/2026 11:36,15.25,0.005,7.87
13/03/2026 11:06,15,0.005,7.87
13/03/2026 10:36,15.125,0.005,7.87
13/03/2026 10:06,15.125,0.005,7.87
13/03/2026 09:36,15.25,0.005,7.87
13/03/2026 09:06,15.125,0.005,7.87
13/03/2026 08:36,15,0.005,7.87
13/03/2026 08:06,15.25,0.005,7.87
13/03/2026 07:36,15.25,0.005,7.87
13/03/2026 07:36,15.25,0.005,7.87
13/03/2026 07:06,15.25,0.004,7.87
13/03/2026 06:36,15.375,0.005,7.87
13/03/2026 06:06,15.375,0.004,7.87
13/03/2026 05:36,15.25,0.004,7.87
13/03/2026 05:06,15.375,0.005,7.87
13/03/2026 04:36,15.25,0.004,7.87
13/03/2026 04:36,15.25,0.004,7.87
13/03/2026 04:06,15.25,0.004,7.87
13/03/2026 03:36,15.25,0.004,7.87
13/03/2026 03:06,15.375,0.004,7.87
13/03/2026 02:36,15.25,0.004,7.87
13/03/2026 02:06,15.25,0.004,7.87
13/03/2026 01:36,15.25,0.004,7.87
13/03/2026 01:06,15.125,0.004,7.86
13/03/2026 00:36,15.375,0.004,7.87
13/03/2026 00:06,15.25,0.004,7.86
12/03/2026 23:36,15.125,0.004,7.86
12/03/2026 23:06,15.125,0.004,7.86
12/03/2026 22:36,15.125,0.004,7.86
12/03/2026 22:06,15.25,0.004,7.86
12/03/2026 21:36,15,0.004,7.86
12/03/2026 21:06,15.25,0.004,7.86
12/03/2026 20:36,15,0.004,7.86
12/03/2026 20:06,15.125,0.004,7.86
12/03/2026 19:36,15,0.004,7.86
12/03/2026 19:06,15,0.004,7.86
12/03/2026 18:36,15.125,0.004,7.86
12/03/2026 18:06,15.125,0.004,7.85
12/03/2026 17:36,15.125,0.004,7.86
12/03/2026 17:06,15.125,0.004,7.86
12/03/2026 16:36,15.25,0.004,7.86
12/03/2026 16:06,15.25,0.004,7.86
12/03/2026 15:36,15.125,0.004,7.86
12/03/2026 15:06,15.125,0.004,7.86
12/03/2026 14:36,15.125,0.004,7.85
12/03/2026 14:06,15.125,0.004,7.85
12/03/2026 13:36,15.125,0.004,7.85
12/03/2026 13:06,15.125,0.004,7.85
12/03/2026 13:06,15.125,0.004,7.85
12/03/2026 12:36,15.125,0.004,7.85
12/03/2026 12:36,15.125,0.004,7.85
12/03/2026 12:06,15.125,0.004,7.85
12/03/2026 11:36,15,0.004,7.85
12/03/2026 11:06,15.125,0.004,7.85
12/03/2026 10:36,15.125,0.004,7.85
12/03/2026 10:06,15.125,0.004,7.85
12/03/2026 09:36,15.125,0.004,7.85
12/03/2026 09:06,15.125,0.004,7.85
12/03/2026 08:36,15,0.004,7.84
12/03/2026 08:06,15.25,0.004,7.85
12/03/2026 07:36,15.125,0.004,7.84
12/03/2026 07:06,15.25,0.004,7.85
12/03/2026 06:36,15.25,0.004,7.84
12/03/2026 06:06,15.375,0.004,7.84
12/03/2026 05:36,15.25,0.004,7.84
12/03/2026 05:06,15.25,0.004,7.84
12/03/2026 04:36,15.5,0.004,7.84
12/03/2026 04:06,15.375,0.004,7.84
12/03/2026 03:36,15.25,0.004,7.84
12/03/2026 03:06,15.125,0.004,7.84
12/03/2026 02:36,15.25,0.004,7.84
12/03/2026 02:06,15.125,0.004,7.83
12/03/2026 01:36,15.125,0.004,7.83
12/03/2026 01:06,15.125,0.004,7.83
12/03/2026 00:36,15.125,0.004,7.83
12/03/2026 00:06,14.75,0.004,7.83
11/03/2026 23:36,15.125,0.004,7.83
11/03/2026 23:06,15,0.004,7.83
11/03/2026 22:36,15,0.004,7.83
11/03/2026 22:06,14.875,0.004,7.82
11/03/2026 21:36,14.75,0.004,7.82
11/03/2026 21:06,14.75,0.004,7.82
11/03/2026 20:36,14.75,0.004,7.82
11/03/2026 20:06,14.75,0.003,7.82
11/03/2026 19:36,14.75,0.003,7.82
11/03/2026 19:32,14.75,0.003,7.82
11/03/2026 18:36,14.75,0.003,7.82
11/03/2026 18:06,13.75,0.003,7.82
11/03/2026 17:36,14.75,0.003,7.82
11/03/2026 17:06,14.75,0.003,7.82
11/03/2026 16:36,15.625,0.003,7.82
11/03/2026 16:06,14.75,0.003,7.82
11/03/2026 16:06,14.75,0.003,7.82
11/03/2026 15:36,14.875,0.003,7.82
11/03/2026 15:06,14.75,0.003,7.82
11/03/2026 14:36,13.75,0.003,7.82
11/03/2026 14:06,14.75,0.003,7.82
11/03/2026 13:36,14.625,0.003,7.83
11/03/2026 13:06,15.625,0.003,7.83
11/03/2026 12:36,15.625,0.003,7.84
11/03/2026 12:06,14.75,0.003,7.84
11/03/2026 11:36,14.625,0.003,7.85
11/03/2026 11:06,15.625,0.003,7.86
11/03/2026 10:36,14.625,0.003,7.87
11/03/2026 10:06,14.5,0.003,7.85
11/03/2026 09:36,13.75,0.003,7.85
11/03/2026 09:06,14.875,0.003,7.85
11/03/2026 08:36,14.75,0.003,7.86
11/03/2026 08:36,14.75,0.003,7.86
11/03/2026 08:06,14.75,0.003,7.86
11/03/2026 07:36,13.75,0.003,7.86
11/03/2026 07:06,14.75,0.003,7.85
11/03/2026 06:36,14.875,0.003,7.86
11/03/2026 06:06,14.75,0.003,7.86
11/03/2026 05:36,14.75,0.003,7.86
11/03/2026 05:06,14.875,0.003,7.86
11/03/2026 04:36,14.875,0.003,7.86
11/03/2026 04:06,15.625,0.003,7.86
11/03/2026 03:36,14.75,0.003,7.86
11/03/2026 03:06,14.75,0.003,7.86
11/03/2026 02:36,14.875,0.003,7.86
11/03/2026 02:06,13.75,0.003,7.86
11/03/2026 01:36,14.875,0.003,7.86
11/03/2026 01:06,13.75,0.003,7.86
11/03/2026 00:36,14.75,0.003,7.86
11/03/2026 00:36,14.75,0.003,7.86
11/03/2026 00:06,13.75,0.003,7.86
10/03/2026 23:36,13.75,0.003,7.86
10/03/2026 23:06,14.75,0.003,7.86
10/03/2026 22:36,15.625,0.003,7.86
10/03/2026 22:06,14.75,0.003,7.86
10/03/2026 21:36,14.625,0.003,7.86
10/03/2026 21:06,14.5,0.003,7.87
10/03/2026 20:36,15.5,0.003,7.86
10/03/2026 20:06,13.75,0.003,7.86
10/03/2026 19:36,14.5,0.003,7.87
10/03/2026 19:06,14.375,0.003,7.87
10/03/2026 18:36,14.625,0.003,7.87
10/03/2026 18:06,14.625,0.003,7.87
10/03/2026 17:36,14.375,0.003,7.87
10/03/2026 17:06,14.375,0.003,7.88
10/03/2026 16:36,14.625,0.003,7.88
10/03/2026 16:06,14.625,0.003,7.88
10/03/2026 15:36,14.5,0.003,7.88
10/03/2026 15:06,14.625,0.003,7.88
10/03/2026 14:36,15.625,0.003,7.88
10/03/2026 14:06,14.5,0.003,7.88
10/03/2026 13:36,14.5,0.003,7.88
10/03/2026 13:06,13.75,0.003,7.88
10/03/2026 12:36,14.625,0.003,7.88
10/03/2026 12:06,13.75,0.002,7.88
10/03/2026 11:36,15.625,0.003,7.88
10/03/2026 11:06,14.75,0.003,7.88
10/03/2026 11:06,14.75,0.003,7.88
10/03/2026 10:36,14.75,0.003,7.88
10/03/2026 10:06,14.75,0.003,7.88
10/03/2026 09:36,15.125,0.003,7.89
10/03/2026 09:06,15.25,0.003,7.89
10/03/2026 08:36,15.125,0.003,7.89
10/03/2026 08:36,15.125,0.003,7.89
10/03/2026 08:06,15.125,0.003,7.89
10/03/2026 07:36,15.25,0.003,7.89
10/03/2026 07:06,15.125,0.003,7.89
10/03/2026 06:36,15.25,0.003,7.89
10/03/2026 06:06,15.125,0.003,7.89
10/03/2026 05:36,15.25,0.003,7.89
10/03/2026 05:06,15.25,0.003,7.89
10/03/2026 04:36,15.125,0.003,7.89
10/03/2026 04:06,15.125,0.003,7.88
10/03/2026 03:36,15.25,0.003,7.88
10/03/2026 03:06,15.125,0.003,7.89
10/03/2026 03:06,15.125,0.003,7.89
10/03/2026 02:36,15.25,0.003,7.88
10/03/2026 02:06,15.25,0.003,7.88
10/03/2026 01:36,15.25,0.003,7.88
10/03/2026 01:36,15.25,0.003,7.88
10/03/2026 01:06,15.125,0.003,7.88
10/03/2026 00:36,15.25,0.003,7.88
10/03/2026 00:06,15.25,0.003,7.88
09/03/2026 23:36,15.125,0.003,7.88
09/03/2026 23:06,15.125,0.003,7.88
09/03/2026 22:36,15,0.003,7.88
09/03/2026 22:06,15,0.003,7.88
09/03/2026 21:36,15,0.003,7.88
09/03/2026 21:06,15,0.003,7.88
09/03/2026 21:06,15,0.003,7.88
09/03/2026 20:36,15,0.003,7.88
09/03/2026 20:06,15,0.003,7.88
09/03/2026 19:36,15,0.003,7.87
09/03/2026 19:06,14.875,0.003,7.88
09/03/2026 18:36,15,0.003,7.88
09/03/2026 18:06,15,0.003,7.87
09/03/2026 17:36,15,0.003,7.87
09/03/2026 17:06,15,0.003,7.88
09/03/2026 16:36,15.125,0.003,7.87
09/03/2026 16:06,15,0.003,7.87
09/03/2026 16:06,15,0.003,7.87
09/03/2026 15:36,14.875,0.003,7.87
09/03/2026 15:06,14.875,0.003,7.87
09/03/2026 14:36,15,0.003,7.87
09/03/2026 14:06,15,0.003,7.87
09/03/2026 13:36,14.875,0.003,7.87
09/03/2026 13:06,14.875,0.003,7.87
09/03/2026 12:36,14.875,0.003,7.87
09/03/2026 12:06,14.875,0.003,7.87
09/03/2026 11:36,14.875,0.003,7.87
09/03/2026 11:06,15,0.003,7.87
09/03/2026 10:36,14.75,0.002,7.87
09/03/2026 10:06,14.875,0.002,7.87
09/03/2026 09:36,15,0.002,7.87
09/03/2026 09:06,15.25,0.002,7.88
09/03/2026 08:36,14.875,0.002,7.88
09/03/2026 08:06,15,0.002,7.87
09/03/2026 07:36,15.125,0.002,7.88
09/03/2026 07:06,15.125,0.002,7.88
09/03/2026 06:36,15.25,0.002,7.87
09/03/2026 06:06,15.25,0.002,7.88
09/03/2026 05:36,15.125,0.002,7.88
09/03/2026 05:06,15.125,0.002,7.88
09/03/2026 04:36,15.125,0.002,7.88
09/03/2026 04:06,15.125,0.002,7.88
09/03/2026 03:36,15.125,0.002,7.88
09/03/2026 03:06,15.125,0.002,7.88
09/03/2026 02:36,15,0.002,7.88
09/03/2026 02:06,15,0.002,7.88
09/03/2026 01:36,15.125,0.002,7.88
09/03/2026 01:06,15.125,0.002,7.88
09/03/2026 00:36,15.125,0.002,7.88
09/03/2026 00:06,15,0.002,7.88
08/03/2026 23:36,14.875,0.002,7.88
08/03/2026 23:06,14.875,0.002,7.88
08/03/2026 22:36,14.75,0.002,7.88
08/03/2026 22:06,15.625,0.002,7.88
08/03/2026 21:36,14.875,0.002,7.87
08/03/2026 21:06,14.75,0.002,7.87
08/03/2026 20:36,14.75,0.002,7.87
08/03/2026 20:06,14.75,0.002,7.87
08/03/2026 19:36,14.75,0.002,7.87
08/03/2026 19:06,14.75,0.002,7.87
08/03/2026 18:36,14.75,0.002,7.88
08/03/2026 18:06,14.75,0.002,7.87
08/03/2026 17:36,15.625,0.002,7.87
08/03/2026 17:06,14.75,0.002,7.87
08/03/2026 16:36,14.75,0.002,7.87
08/03/2026 16:06,13.75,0.002,7.87
08/03/2026 15:36,14.625,0.002,7.87
08/03/2026 15:06,15.625,0.002,7.87
08/03/2026 14:36,14.75,0.002,7.87
08/03/2026 14:06,14.75,0.002,7.87
08/03/2026 13:36,14.75,0.002,7.87
08/03/2026 13:06,14.75,0.002,7.87
08/03/2026 12:36,14.75,0.002,7.87
08/03/2026 12:06,13.75,0.002,7.87
08/03/2026 11:36,14.625,0.002,7.87
08/03/2026 11:06,14.5,0.002,7.87
08/03/2026 10:36,14.625,0.002,7.87
08/03/2026 10:06,14.625,0.002,7.87
08/03/2026 09:36,14.75,0.002,7.87
08/03/2026 09:06,15.625,0.002,7.87
08/03/2026 08:36,14.75,0.002,7.87
08/03/2026 08:06,14.75,0.002,7.87
08/03/2026 07:36,14.875,0.002,7.87
08/03/2026 07:06,14.875,0.002,7.87
08/03/2026 06:36,14.75,0.002,7.88
08/03/2026 06:06,14.75,0.002,7.87
08/03/2026 05:36,15.625,0.002,7.87
08/03/2026 05:06,14.875,0.002,7.87
08/03/2026 04:36,15.625,0.002,7.87
08/03/2026 04:06,15.625,0.002,7.87
08/03/2026 03:36,14.75,0.002,7.87
08/03/2026 03:06,14.75,0.002,7.87
08/03/2026 02:36,14.75,0.002,7.87
08/03/2026 02:06,13.75,0.002,7.87
08/03/2026 01:36,13.75,0.002,7.87
08/03/2026 01:06,13.75,0.002,7.87
08/03/2026 00:36,14.5,0.002,7.87
08/03/2026 00:06,13.75,0.002,7.87
07/03/2026 23:36,14.5,0.002,7.87
07/03/2026 23:06,14.5,0.002,7.87
07/03/2026 22:36,14.5,0.002,7.87
07/03/2026 22:06,14.5,0.002,7.87
07/03/2026 21:36,14.5,0.002,7.87
07/03/2026 21:06,14.375,0.002,7.87
07/03/2026 20:36,14.375,0.002,7.87
07/03/2026 20:36,14.375,0.002,7.87
07/03/2026 20:06,14.375,0.002,7.87
07/03/2026 19:36,14.375,0.002,7.87
07/03/2026 19:06,14.125,0.002,7.87
07/03/2026 18:36,14.125,0.002,7.87
07/03/2026 18:06,14.25,0.002,7.87
07/03/2026 18:06,14.25,0.002,7.87
07/03/2026 17:36,14.25,0.002,7.87
07/03/2026 17:06,14.25,0.002,7.87
07/03/2026 16:36,14.25,0.002,7.87
07/03/2026 16:06,14.125,0.002,7.87
07/03/2026 15:36,14.375,0.002,7.87
07/03/2026 15:06,14.25,0.002,7.87
07/03/2026 14:36,14.375,0.002,7.87
07/03/2026 14:06,14.25,0.002,7.87
07/03/2026 13:36,14.125,0.002,7.87
07/03/2026 13:06,14.375,0.002,7.87
07/03/2026 13:06,14.375,0.002,7.87
07/03/2026 12:36,14.375,0.002,7.87
07/03/2026 12:06,14.375,0.002,7.87
07/03/2026 11:36,14.25,0.002,7.87
07/03/2026 11:06,14.375,0.002,7.87
07/03/2026 10:36,14.5,0.002,7.87
07/03/2026 10:06,14.5,0.002,7.87
07/03/2026 09:36,14.5,0.002,7.87
07/03/2026 09:06,14.375,0.002,7.86
07/03/2026 08:36,14.375,0.002,7.86
07/03/2026 08:06,14.5,0.002,7.86
07/03/2026 08:06,14.5,0.002,7.86
07/03/2026 07:36,14.5,0.002,7.86
07/03/2026 07:06,14.5,0.002,7.86
07/03/2026 06:36,14.5,0.002,7.86
07/03/2026 06:06,14.5,0.002,7.86
07/03/2026 05:36,14.5,0.002,7.86
07/03/2026 05:06,14.375,0.002,7.86
07/03/2026 04:36,14.375,0.002,7.86
07/03/2026 04:06,14.375,0.002,7.86
07/03/2026 03:36,14.5,0.002,7.86
07/03/2026 03:06,14.5,0.002,7.86
07/03/2026 02:36,14.375,0.002,7.86
07/03/2026 02:06,14.375,0.002,7.86
07/03/2026 01:36,14.375,0.002,7.86
07/03/2026 01:06,14.25,0.002,7.86
07/03/2026 00:36,14.375,0.002,7.86
07/03/2026 00:06,14.375,0.002,7.85
06/03/2026 23:36,14.25,0.002,7.86
06/03/2026 23:06,14.25,0.002,7.86
06/03/2026 22:36,14.25,0.002,7.86
06/03/2026 22:06,14.375,0.002,7.87
06/03/2026 21:36,14.25,0.002,7.87
06/03/2026 21:06,14.25,0.002,7.87
06/03/2026 20:36,14.375,0.002,7.87
06/03/2026 20:06,14.25,0.002,7.87
06/03/2026 19:36,14.25,0.002,7.87
06/03/2026 19:06,14.25,0.002,7.87
06/03/2026 18:36,14.25,0.002,7.87
06/03/2026 18:06,14.25,0.002,7.87
06/03/2026 18:06,14.25,0.002,7.87
06/03/2026 17:36,14.125,0.002,7.87
06/03/2026 17:06,14.375,0.002,7.87
06/03/2026 16:36,14.25,0.002,7.87
06/03/2026 16:06,14.375,0.002,7.87
06/03/2026 15:36,14.375,0.002,7.87
06/03/2026 15:06,14.375,0.002,7.87
06/03/2026 14:36,14.375,0.002,7.87
06/03/2026 14:06,14.625,0.002,7.87
06/03/2026 13:36,14.5,0.002,7.87
06/03/2026 13:06,14.5,0.002,7.87
06/03/2026 12:36,14.5,0.002,7.87
06/03/2026 12:06,13.75,0.002,7.87
06/03/2026 11:36,14.625,0.002,7.87
06/03/2026 11:36,14.625,0.002,7.87
06/03/2026 11:06,14.625,0.002,7.87
06/03/2026 10:36,14.75,0.002,7.87
06/03/2026 10:06,15.625,0.002,7.87
06/03/2026 09:36,15,0.002,7.87
06/03/2026 09:06,15.625,0.002,7.87
06/03/2026 08:36,15,0.002,7.87
06/03/2026 08:06,14.875,0.002,7.87
06/03/2026 07:36,14.875,0.002,7.87
06/03/2026 07:06,15,0.002,7.87
06/03/2026 06:36,15,0.002,7.87
06/03/2026 06:06,14.875,0.002,7.87
06/03/2026 05:36,15.125,0.002,7.87
06/03/2026 05:06,14.875,0.002,7.87
06/03/2026 04:36,14.875,0.002,7.87
06/03/2026 04:06,15,0.002,7.87
06/03/2026 03:36,14.875,0.002,7.87
06/03/2026 03:36,14.875,0.002,7.87
06/03/2026 03:06,15,0.002,7.87
06/03/2026 02:36,14.875,0.002,7.87
06/03/2026 02:06,14.75,0.002,7.87
06/03/2026 01:36,13.75,0.002,7.87
06/03/2026 01:06,13.75,0.002,7.87
06/03/2026 00:36,14.75,0.002,7.87
06/03/2026 00:06,13.75,0.002,7.87
05/03/2026 23:36,14.75,0.002,7.87
05/03/2026 23:06,13.75,0.002,7.87
05/03/2026 22:36,14.625,0.002,7.87
05/03/2026 22:33,14.625,0.001,7.87
05/03/2026 22:06,14.5,0.002,7.87
05/03/2026 21:36,14.625,0.001,7.86
05/03/2026 21:06,14.5,0.002,7.87
05/03/2026 20:36,14.375,0.002,7.86
05/03/2026 20:06,14.5,0.001,7.86
05/03/2026 19:36,14.5,0.001,7.86
05/03/2026 19:06,14.375,0.001,7.86
05/03/2026 18:36,14.25,0.001,7.86
05/03/2026 18:06,14.25,0.001,7.86
05/03/2026 17:36,14.375,0.001,7.86
05/03/2026 17:06,14.375,0.001,7.86
05/03/2026 16:36,14.25,0.001,7.86
05/03/2026 16:06,14.25,0.001,7.86
05/03/2026 15:36,14.375,0.001,7.86
05/03/2026 15:06,14.375,0.001,7.86
05/03/2026 14:36,14.375,0.001,7.86
05/03/2026 14:06,14.625,0.001,7.86
05/03/2026 13:36,14.375,0.001,7.86
05/03/2026 13:06,14.25,0.001,7.86
05/03/2026 12:36,14.375,0.001,7.86
05/03/2026 12:06,14.375,0.001,7.86
05/03/2026 11:36,14.5,0.001,7.86
05/03/2026 11:06,14.625,0.001,7.86
05/03/2026 10:36,14.5,0.001,7.86
05/03/2026 10:06,14.625,0.001,7.86
05/03/2026 09:36,14.75,0.001,7.86
05/03/2026 09:06,14.625,0.001,7.86
05/03/2026 08:36,14.625,0.001,7.86
05/03/2026 08:06,14.625,0.001,7.86
05/03/2026 07:36,15.625,0.001,7.86
05/03/2026 07:06,15.625,0.001,7.86
05/03/2026 06:36,14.75,0.001,7.86
05/03/2026 06:06,13.75,0.001,7.86
05/03/2026 05:36,14.625,0.001,7.86
05/03/2026 05:06,13.75,0.001,7.86
05/03/2026 04:36,14.625,0.001,7.86
05/03/2026 04:06,14.625,0.001,7.86
05/03/2026 03:36,14.625,0.001,7.86
05/03/2026 03:06,14.625,0.001,7.86
05/03/2026 02:36,14.625,0.001,7.86
05/03/2026 02:06,14.625,0.001,7.86
05/03/2026 01:36,14.625,0.001,7.86
05/03/2026 01:07,14.625,0.001,7.86
05/03/2026 01:06,14.5,0.001,7.86
05/03/2026 00:36,14.625,0.001,7.86
05/03/2026 00:06,14.5,0.001,7.86
04/03/2026 23:36,14.625,0.001,7.86
04/03/2026 23:06,14.625,0.001,7.86
04/03/2026 22:36,14.5,0.001,7.86
04/03/2026 22:06,14.625,0.001,7.86
04/03/2026 21:36,14.5,0.001,7.86
04/03/2026 21:06,14.5,0.001,7.86
04/03/2026 20:36,14.5,0.001,7.86
04/03/2026 20:06,14.375,0.001,7.86
04/03/2026 19:36,14.375,0.001,7.86
04/03/2026 19:06,14.5,0.001,7.86
04/03/2026 18:36,14.375,0.001,7.86
04/03/2026 18:06,14.5,0.001,7.85
04/03/2026 17:36,14.25,0.001,7.86
04/03/2026 17:36,14.25,0.001,7.86
04/03/2026 17:06,14.375,0.001,7.86
04/03/2026 16:36,14.5,0.001,7.86
04/03/2026 16:16,15,0.001,7.86
04/03/2026 15:06,14.625,0.001,7.85
04/03/2026 14:36,13.75,0.001,7.85
04/03/2026 14:06,13.75,0.001,7.86
04/03/2026 13:36,15.625,0.001,7.86
04/03/2026 13:06,14.875,0.001,7.86
04/03/2026 12:36,14.875,0.001,7.86
04/03/2026 12:06,15,0.001,7.86
04/03/2026 11:36,15,0.001,7.86
04/03/2026 11:06,15.125,0.001,7.86
04/03/2026 10:36,15.125,0.001,7.86
04/03/2026 10:06,15.25,0.001,7.86
04/03/2026 09:36,15,0.001,7.86
04/03/2026 09:29,15.125,0.001,7.86
04/03/2026 09:29,15,0.001,7.86
04/03/2026 09:29,14.875,0.001,8.51
04/03/2026 09:06,15.125,0.001,7.86
04/03/2026 08:36,15.375,0.001,7.86
04/03/2026 08:06,15.25,0.001,7.86
04/03/2026 07:36,15.25,0.001,7.86
04/03/2026 07:06,15.5,0.001,7.86
04/03/2026 06:36,15.5,0.001,7.86
04/03/2026 06:06,15.375,0.001,7.86
04/03/2026 05:36,15.375,0.001,7.86
04/03/2026 05:06,15.25,0.001,7.86
04/03/2026 04:36,15.375,0.001,7.86
04/03/2026 04:06,15.375,0.001,7.87
04/03/2026 03:36,15.25,0.001,7.87
04/03/2026 03:06,15.375,0.001,7.87
04/03/2026 02:36,15.25,0.001,7.87
04/03/2026 02:06,15.375,0.001,7.87
04/03/2026 01:36,15.375,0.001,7.87
04/03/2026 01:06,15.25,0.001,7.87
04/03/2026 00:36,15.25,0.001,7.87
04/03/2026 00:06,15.25,0.001,7.87
03/03/2026 23:36,15.25,0.002,7.88
03/03/2026 23:06,15.25,0.002,7.88
03/03/2026 22:36,15.25,0.002,7.88
03/03/2026 22:06,15.25,0.002,7.89
03/03/2026 21:36,15.25,0.002,7.89
03/03/2026 21:06,15.375,0.002,7.89
03/03/2026 20:36,15.375,0.002,7.9
03/03/2026 20:06,15.25,0.002,7.9
03/03/2026 19:36,15.25,0.002,7.91
03/03/2026 19:06,15.375,0.002,7.92
03/03/2026 18:36,15.375,0.002,7.92
03/03/2026 18:06,15.375,0.002,7.93
03/03/2026 17:36,15.5,0.002,7.94
03/03/2026 17:06,15.625,0.002,7.95
03/03/2026 16:36,15.625,0.002,7.96
03/03/2026 16:06,15.375,0.002,7.97
03/03/2026 15:36,15.5,0.002,7.97
03/03/2026 15:06,15.5,0.002,7.97
03/03/2026 14:36,15.5,0.002,7.96
03/03/2026 14:06,15.625,0.002,7.96
03/03/2026 14:06,15.625,0.002,7.96
03/03/2026 13:36,15.5,0.002,7.96
03/03/2026 13:06,15.75,0.002,7.95
03/03/2026 12:36,16.625,0.002,7.95
03/03/2026 12:06,15.625,0.002,7.94
03/03/2026 11:36,16.5,0.002,7.94
03/03/2026 11:06,15.5,0.002,7.94
03/03/2026 10:36,15.625,0.002,7.93
03/03/2026 10:06,15.5,0.002,7.93
03/03/2026 09:36,15.375,0.002,7.92
03/03/2026 09:06,15.375,0.002,7.92
03/03/2026 08:36,15.5,0.002,7.92
03/03/2026 08:06,15.375,0.002,7.91
03/03/2026 07:36,15.25,0.002,7.91
03/03/2026 07:06,15.25,0.002,7.91
03/03/2026 06:36,15.5,0.002,7.91
03/03/2026 06:06,15.375,0.002,7.91
03/03/2026 05:36,15.25,0.002,7.91
03/03/2026 05:06,15.375,0.002,7.92
03/03/2026 04:36,15.25,0.002,7.92
03/03/2026 04:36,15.25,0.002,7.92
03/03/2026 04:06,15.375,0.002,7.92
03/03/2026 03:36,15.375,0.002,7.92
03/03/2026 03:06,15.375,0.002,7.92
03/03/2026 02:36,15.25,0.002,7.93
03/03/2026 02:06,15.25,0.002,7.93
03/03/2026 01:36,15.375,0.002,7.93
03/03/2026 01:06,15.375,0.002,7.93
03/03/2026 00:36,15.375,0.002,7.94
03/03/2026 00:06,15.25,0.002,7.94
02/03/2026 23:36,15.25,0.002,7.94
02/03/2026 23:06,15.125,0.002,7.95
02/03/2026 22:36,15.25,0.002,7.95
02/03/2026 22:06,15.375,0.002,7.95
02/03/2026 21:36,15.375,0.002,7.96
02/03/2026 21:06,15.5,0.002,7.96
02/03/2026 20:36,15.25,0.002,7.96
02/03/2026 20:06,15.375,0.002,7.97
02/03/2026 19:36,15.125,0.002,7.97
02/03/2026 19:06,15.25,0.002,7.97
02/03/2026 18:36,15.375,0.002,7.97
02/03/2026 18:06,15.25,0.002,7.97
02/03/2026 17:36,15.375,0.002,7.97
02/03/2026 17:06,15.375,0.002,7.97
02/03/2026 16:36,15.5,0.002,7.97
02/03/2026 16:06,15.5,0.002,7.97
02/03/2026 15:36,15.375,0.002,7.97
02/03/2026 15:06,15.375,0.002,7.96
02/03/2026 14:36,15.375,0.002,7.96
02/03/2026 14:06,15.375,0.002,7.96
02/03/2026 13:36,15.625,0.002,7.95
02/03/2026 13:06,14.75,0.002,7.95
02/03/2026 12:36,15.5,0.002,7.94
02/03/2026 12:06,15.375,0.002,7.94
02/03/2026 11:36,15.5,0.002,7.93
02/03/2026 11:06,15.375,0.002,7.93
02/03/2026 10:36,15.5,0.002,7.93
02/03/2026 10:06,15.375,0.002,7.92
02/03/2026 09:36,15.5,0.002,7.92
02/03/2026 09:06,15.25,0.002,7.92
02/03/2026 08:36,15.375,0.002,7.91
02/03/2026 08:06,15.375,0.002,7.91
02/03/2026 07:36,15.375,0.002,7.91
02/03/2026 07:06,15.375,0.002,7.9
02/03/2026 06:36,15.375,0.002,7.9
02/03/2026 06:06,15.375,0.002,7.9
02/03/2026 05:36,15.375,0.002,7.91
02/03/2026 05:06,15.5,0.002,7.91
02/03/2026 04:36,15.375,0.002,7.91
02/03/2026 04:06,15.25,0.002,7.91
02/03/2026 03:36,15.5,0.002,7.91
02/03/2026 03:06,15.375,0.002,7.91
02/03/2026 02:45,15.375,0.002,7.92
02/03/2026 02:44,15.25,0.002,7.92
02/03/2026 02:44,15.25,0.002,8.59
02/03/2026 02:36,15.375,0.002,7.92
02/03/2026 02:06,15.25,0.002,7.92
02/03/2026 02:06,15.25,0.002,7.92
02/03/2026 01:36,15.25,0.002,7.92
02/03/2026 01:06,15.375,0.002,7.92
02/03/2026 00:36,15.375,0.002,7.93
02/03/2026 00:36,15.375,0.002,7.93
02/03/2026 00:06,15.375,0.002,7.93
01/03/2026 23:36,15.375,0.002,7.93
01/03/2026 23:06,15.25,0.002,7.93
01/03/2026 22:36,15.25,0.002,7.94
01/03/2026 22:06,15.375,0.002,7.94
01/03/2026 21:36,15.375,0.002,7.94
01/03/2026 21:06,15.25,0.002,7.94
01/03/2026 20:36,15.375,0.002,7.95
01/03/2026 20:06,15.375,0.002,7.95
01/03/2026 19:36,15.375,0.002,7.95
01/03/2026 19:06,15.25,0.002,7.96
01/03/2026 18:36,15.375,0.002,7.96
01/03/2026 18:36,15.375,0.002,7.96
01/03/2026 18:06,15.25,0.002,7.96
01/03/2026 17:36,15.375,0.002,7.96
01/03/2026 17:06,15.25,0.002,7.96
01/03/2026 16:36,15.5,0.002,7.96
01/03/2026 16:06,15.5,0.002,7.95
01/03/2026 15:57,15.5,0.002,7.95
01/03/2026 15:56,15.25,0.002,7.95
01/03/2026 15:56,15.375,0.002,8.63
01/03/2026 15:36,15.5,0.002,7.95
01/03/2026 15:06,15.5,0.002,7.95
01/03/2026 14:36,15.5,0.002,7.94
01/03/2026 14:06,15.5,0.002,7.94
01/03/2026 13:36,15.625,0.002,7.93
01/03/2026 13:06,15.5,0.002,7.93
01/03/2026 12:36,15.625,0.002,7.92
01/03/2026 12:06,15.625,0.002,7.92
01/03/2026 11:36,15.5,0.002,7.91
01/03/2026 11:06,15.625,0.002,7.91
01/03/2026 10:36,15.5,0.002,7.9
01/03/2026 10:06,14.75,0.002,7.9
01/03/2026 09:36,15.5,0.002,7.9
01/03/2026 09:06,15.375,0.002,7.89
01/03/2026 08:36,15.375,0.002,7.88
01/03/2026 08:06,15.375,0.002,7.88
01/03/2026 07:36,15.25,0.002,7.88
01/03/2026 07:06,15.5,0.002,7.87
01/03/2026 06:36,15.625,0.002,7.87
01/03/2026 06:06,15.25,0.002,7.88
01/03/2026 06:06,15.25,0.002,7.88
01/03/2026 05:36,15.25,0.002,7.88
01/03/2026 05:06,15.375,0.002,7.88
01/03/2026 04:36,15.375,0.002,7.88
01/03/2026 04:06,15.375,0.002,7.88
01/03/2026 03:36,15.375,0.002,7.88
01/03/2026 03:06,15.375,0.002,7.88
01/03/2026 02:36,15.25,0.002,7.89
01/03/2026 02:06,15.375,0.002,7.89
01/03/2026 01:36,15.375,0.002,7.89
01/03/2026 01:07,15.25,0.002,7.89
01/03/2026 01:07,15.375,0.002,7.89
01/03/2026 01:07,15.25,0.002,8.55
01/03/2026 01:06,15.25,0.002,7.89
01/03/2026 00:36,15.375,0.002,7.89
01/03/2026 00:06,15.375,0.002,7.89
28/02/2026 23:36,15.375,0.002,7.9
28/02/2026 23:06,15.25,0.002,7.9
28/02/2026 22:36,15.25,0.002,7.9
28/02/2026 22:06,15.375,0.002,7.91
28/02/2026 21:36,15.25,0.002,7.91
28/02/2026 21:06,15.25,0.002,7.91
28/02/2026 20:36,15.25,0.002,7.91
28/02/2026 20:06,15.375,0.002,7.91
28/02/2026 19:36,15.5,0.002,7.92
28/02/2026 19:06,15.375,0.002,7.92
28/02/2026 18:36,15.25,0.002,7.93
28/02/2026 18:06,15.5,0.002,7.92
28/02/2026 17:36,15.375,0.002,7.93
28/02/2026 17:06,15.375,0.002,7.93
28/02/2026 16:36,15.5,0.002,7.92
28/02/2026 16:06,15.5,0.002,7.92
28/02/2026 15:36,15.5,0.002,7.91
28/02/2026 15:06,14.75,0.002,7.91
28/02/2026 14:36,15.5,0.002,7.91
28/02/2026 14:06,15.625,0.002,7.91
28/02/2026 13:36,15.625,0.002,7.9
28/02/2026 13:06,15.625,0.002,7.89
28/02/2026 12:36,15.625,0.002,7.89
28/02/2026 12:06,15.75,0.002,7.88
28/02/2026 11:36,15.5,0.002,7.88
28/02/2026 11:06,15.5,0.002,7.87
28/02/2026 10:36,15.625,0.002,7.87
28/02/2026 10:06,16.5,0.002,7.86
28/02/2026 09:36,15.75,0.002,7.86
28/02/2026 09:06,15.375,0.002,7.85
28/02/2026 08:36,15.375,0.002,7.85
28/02/2026 08:06,15.5,0.002,7.84
28/02/2026 07:36,15.5,0.002,7.84
28/02/2026 07:06,15.5,0.002,7.83
28/02/2026 06:36,15.625,0.002,7.83
28/02/2026 06:06,15.5,0.002,7.83
28/02/2026 05:36,15.5,0.002,7.83
28/02/2026 05:06,15.5,0.002,7.84
28/02/2026 04:36,15.625,0.002,7.84
28/02/2026 04:06,15.625,0.002,7.84
28/02/2026 03:36,15.625,0.002,7.84
28/02/2026 03:06,15.5,0.002,7.85
28/02/2026 03:01,15.375,0.002,7.85
28/02/2026 02:36,15.625,0.002,7.85
28/02/2026 02:06,15.5,0.002,7.85
28/02/2026 01:36,15.5,0.002,7.85
28/02/2026 01:06,15.625,0.002,7.86
28/02/2026 01:06,15.625,0.002,7.86
28/02/2026 00:36,15.625,0.002,7.86
28/02/2026 00:06,15.5,0.002,7.86
27/02/2026 23:36,15.375,0.002,7.86
27/02/2026 23:06,15.5,0.002,7.86
27/02/2026 22:36,15.5,0.002,7.87
27/02/2026 22:06,15.5,0.002,7.87
27/02/2026 21:36,15.625,0.002,7.87
27/02/2026 21:06,15.625,0.002,7.88
27/02/2026 20:36,15.625,0.002,7.88
27/02/2026 20:06,15.75,0.002,7.88
27/02/2026 19:36,15.75,0.002,7.88
27/02/2026 19:06,15.75,0.002,7.89
27/02/2026 18:36,15.875,0.002,7.89
27/02/2026 18:06,15.75,0.002,7.89
27/02/2026 17:36,15.75,0.002,7.89
27/02/2026 17:06,15.75,0.002,7.89
27/02/2026 16:36,15.875,0.002,7.88
27/02/2026 16:06,15.875,0.002,7.88
27/02/2026 15:36,15.75,0.002,7.88
27/02/2026 15:06,15.75,0.002,7.88
27/02/2026 14:36,15.75,0.002,7.88
27/02/2026 14:06,15.75,0.002,7.88
27/02/2026 13:36,15.875,0.002,7.87
27/02/2026 13:06,15.625,0.002,7.87
27/02/2026 12:36,15.5,0.002,7.87
27/02/2026 12:06,15.625,0.002,7.88
27/02/2026 11:36,15.375,0.002,7.88
27/02/2026 11:06,15.5,0.002,7.89
27/02/2026 10:36,15.375,0.002,7.89
27/02/2026 10:06,15.5,0.002,7.88
27/02/2026 09:36,15.5,0.002,7.88
27/02/2026 09:06,15.25,0.002,7.88
27/02/2026 08:36,15.375,0.002,7.88
27/02/2026 08:06,15.375,0.002,7.88
27/02/2026 07:36,15.25,0.002,7.88
27/02/2026 07:06,15.5,0.002,7.89
27/02/2026 06:36,15.375,0.002,7.88
27/02/2026 06:06,15.5,0.002,7.89
27/02/2026 05:36,15.5,0.002,7.89
27/02/2026 05:06,15.375,0.002,7.89
27/02/2026 04:36,15.5,0.002,7.89
27/02/2026 04:06,15.5,0.002,7.89
27/02/2026 03:36,15.375,0.002,7.9
27/02/2026 03:06,15.375,0.002,7.9
27/02/2026 02:36,15.5,0.002,7.9
27/02/2026 02:06,15.375,0.002,7.9
27/02/2026 01:36,15.5,0.002,7.9
27/02/2026 01:06,15.5,0.002,7.91
27/02/2026 00:36,15.625,0.002,7.9
27/02/2026 00:06,15.375,0.002,7.9
26/02/2026 23:36,15.5,0.002,7.9
26/02/2026 23:06,15.375,0.002,7.9
26/02/2026 22:36,15.5,0.002,7.9
26/02/2026 22:06,15.5,0.002,7.9
26/02/2026 21:36,15.5,0.002,7.9
26/02/2026 21:06,15.5,0.002,7.9
26/02/2026 20:36,15.625,0.002,7.9
26/02/2026 20:06,15.625,0.002,7.91
26/02/2026 19:36,15.625,0.002,7.91
26/02/2026 19:06,15.5,0.002,7.92
26/02/2026 18:36,15.5,0.002,7.92
26/02/2026 18:06,15.5,0.002,7.92
26/02/2026 17:36,16.625,0.002,7.92
26/02/2026 17:06,16.625,0.002,7.91
26/02/2026 16:36,15.75,0.002,7.9
26/02/2026 16:06,15.625,0.002,7.88
26/02/2026 15:36,14.75,0.002,7.87
26/02/2026 15:36,14.75,0.002,7.87
26/02/2026 15:06,15.625,0.002,7.83
26/02/2026 14:36,15.625,0.002,7.8
26/02/2026 14:06,15.5,0.002,7.74
26/02/2026 13:36,16.625,0.002,7.65
26/02/2026 13:06,15.875,0.002,7.52
26/02/2026 13:03,15.875,0.002,7.51
26/02/2026 13:03,15.75,0.002,7.5
26/02/2026 13:03,15.875,0.002,7.51
26/02/2026 12:36,15.875,0.002,7.29
26/02/2026 12:06,15.5,0.002,6.94
26/02/2026 12:06,15.75,0.002,7.21
21/02/2026 14:36,15.75,0.002,7.95
21/02/2026 14:06,14.75,0.002,7.94
21/02/2026 13:36,15.625,0.002,7.94
21/02/2026 13:06,15.5,0.002,7.94
21/02/2026 12:36,15.5,0.002,7.93
21/02/2026 12:06,15.625,0.002,7.93
21/02/2026 11:36,15.5,0.002,7.93
21/02/2026 11:06,15.375,0.002,7.92
21/02/2026 10:36,15.5,0.002,7.92
21/02/2026 10:06,15.5,0.002,7.91
21/02/2026 09:36,15.5,0.002,7.91
21/02/2026 09:36,15.5,0.002,7.91
21/02/2026 09:06,15.5,0.002,7.91
21/02/2026 09:06,15.5,0.002,7.91
21/02/2026 08:36,15.5,0.002,7.9
21/02/2026 08:06,15.5,0.002,7.9
21/02/2026 07:36,15.625,0.002,7.9
21/02/2026 07:06,16.5,0.002,7.89
21/02/2026 06:36,14.75,0.002,7.89
21/02/2026 06:06,15.625,0.002,7.89
21/02/2026 05:36,15.5,0.002,7.9
21/02/2026 05:06,15.5,0.002,7.9
21/02/2026 04:36,15.625,0.002,7.9
21/02/2026 04:06,15.5,0.002,7.9
21/02/2026 03:36,15.375,0.002,7.9
21/02/2026 03:06,15.625,0.002,7.91
21/02/2026 02:36,15.625,0.002,7.91
21/02/2026 02:06,15.5,0.002,7.91
21/02/2026 01:36,15.5,0.002,7.92
21/02/2026 01:06,16.375,0.002,7.92
21/02/2026 00:36,15.625,0.002,7.92
21/02/2026 00:06,15.625,0.002,7.92
20/02/2026 23:36,15.5,0.002,7.92
20/02/2026 23:06,15.5,0.002,7.93
20/02/2026 22:36,15.375,0.002,7.93
20/02/2026 22:06,15.625,0.002,7.93
20/02/2026 21:36,16.625,0.002,7.93
20/02/2026 21:06,15.5,0.002,7.93
20/02/2026 20:36,15.625,0.002,7.94
20/02/2026 20:06,15.625,0.002,7.94
20/02/2026 19:36,16.625,0.002,7.94
20/02/2026 19:06,15.75,0.002,7.95
20/02/2026 18:36,16.625,0.002,7.95
20/02/2026 18:06,15.75,0.002,7.95
20/02/2026 17:36,15.875,0.002,7.95
20/02/2026 17:06,15.875,0.002,7.95
20/02/2026 16:36,15.875,0.002,7.95
20/02/2026 16:06,15.875,0.002,7.95
20/02/2026 15:36,15.75,0.002,7.94
20/02/2026 15:06,15.75,0.002,7.94
20/02/2026 14:36,15.625,0.002,7.94
20/02/2026 14:06,15.625,0.002,7.94
20/02/2026 13:36,15.5,0.002,7.93
20/02/2026 13:06,15.5,0.002,7.93
20/02/2026 12:36,15.5,0.002,7.92
20/02/2026 12:06,15.375,0.002,7.92
20/02/2026 11:36,15.375,0.002,7.92
20/02/2026 11:06,15.375,0.002,7.91
20/02/2026 10:36,15.375,0.002,7.91
20/02/2026 10:06,15.5,0.002,7.91
20/02/2026 09:36,15.375,0.002,7.91
20/02/2026 09:06,15.375,0.002,7.9
20/02/2026 08:36,15.5,0.002,7.9
20/02/2026 08:06,15.625,0.002,7.9
20/02/2026 07:36,15.75,0.002,7.89
20/02/2026 07:06,15.5,0.002,7.89
20/02/2026 06:36,15.5,0.002,7.89
20/02/2026 06:06,15.5,0.002,7.89
20/02/2026 05:36,15.5,0.002,7.89
20/02/2026 05:06,15.625,0.002,7.9
20/02/2026 04:36,15.625,0.002,7.9
20/02/2026 04:06,15.5,0.002,7.9
20/02/2026 03:36,15.5,0.002,7.9
20/02/2026 03:06,15.5,0.002,7.91
20/02/2026 02:36,15.5,0.002,7.91
20/02/2026 02:06,15.5,0.002,7.91
20/02/2026 01:36,15.375,0.002,7.91
20/02/2026 01:36,15.375,0.002,7.91
20/02/2026 01:06,15.625,0.002,7.91
20/02/2026 00:36,15.625,0.002,7.92
20/02/2026 00:06,15.5,0.002,7.92
19/02/2026 23:36,15.625,0.002,7.92
19/02/2026 23:06,15.5,0.002,7.93
19/02/2026 22:36,15.625,0.002,7.93
19/02/2026 22:06,15.625,0.002,7.93
19/02/2026 21:36,15.5,0.002,7.94
19/02/2026 21:06,15.5,0.002,7.94
19/02/2026 20:36,15.625,0.002,7.94
19/02/2026 20:06,15.5,0.002,7.95
19/02/2026 19:36,15.75,0.002,7.95
19/02/2026 19:06,15.625,0.002,7.95
19/02/2026 18:36,15.875,0.002,7.95
19/02/2026 18:06,14.875,0.002,7.96
19/02/2026 17:36,15.75,0.002,7.95
19/02/2026 17:06,16.625,0.002,7.95
19/02/2026 16:36,16.625,0.002,7.95
19/02/2026 16:06,16.625,0.002,7.95
19/02/2026 15:36,15.5,0.002,7.95
19/02/2026 15:06,15.625,0.002,7.94
19/02/2026 14:36,15.625,0.002,7.94
19/02/2026 14:06,15.5,0.002,7.94
19/02/2026 13:36,15.5,0.002,7.93
19/02/2026 13:36,15.5,0.002,7.93
19/02/2026 13:06,15.5,0.002,7.93
19/02/2026 12:36,15.5,0.002,7.93
19/02/2026 12:06,15.5,0.002,7.92
19/02/2026 11:36,15.5,0.002,7.92
19/02/2026 11:06,15.25,0.002,7.92
19/02/2026 10:36,15.375,0.002,7.92
19/02/2026 10:06,15.375,0.002,7.91
19/02/2026 09:36,15.25,0.002,7.91
19/02/2026 09:06,15.375,0.002,7.9
19/02/2026 08:36,15.5,0.002,7.9
19/02/2026 08:06,15.5,0.002,7.9
19/02/2026 07:36,15.375,0.002,7.9
19/02/2026 07:06,15.5,0.002,7.9
19/02/2026 06:36,15.375,0.002,7.9
19/02/2026 06:06,15.5,0.002,7.9
19/02/2026 05:36,15.5,0.002,7.9
19/02/2026 05:06,15.5,0.002,7.9
19/02/2026 04:36,15.375,0.002,7.9
19/02/2026 04:06,15.5,0.002,7.91
19/02/2026 03:36,15.375,0.002,7.91
19/02/2026 03:06,15.625,0.002,7.91
19/02/2026 02:36,15.5,0.002,7.91
19/02/2026 02:06,15.5,0.002,7.92
19/02/2026 01:36,15.375,0.002,7.91
19/02/2026 01:06,15.375,0.002,7.92
19/02/2026 00:36,15.375,0.002,7.92
19/02/2026 00:06,15.5,0.002,7.92
18/02/2026 23:36,15.5,0.002,7.93
18/02/2026 23:06,15.5,0.002,7.93
18/02/2026 22:36,15.625,0.002,7.93
18/02/2026 22:06,15.5,0.002,7.93
18/02/2026 21:36,15.5,0.002,7.93
18/02/2026 21:06,15.5,0.002,7.94
18/02/2026 20:36,15.5,0.002,7.94
18/02/2026 20:06,15.5,0.002,7.94
18/02/2026 19:36,15.5,0.002,7.95
18/02/2026 19:06,15.375,0.002,7.95
18/02/2026 18:36,15.5,0.002,7.95
18/02/2026 18:06,14.75,0.002,7.95
18/02/2026 17:36,15.5,0.002,7.95
18/02/2026 17:06,15.75,0.002,7.95
18/02/2026 16:36,15.75,0.002,7.95
18/02/2026 16:06,15.625,0.002,7.95
18/02/2026 15:36,15.75,0.002,7.95
18/02/2026 15:06,14.75,0.002,7.94
18/02/2026 14:36,16.625,0.002,7.94
18/02/2026 14:36,16.625,0.002,7.94
18/02/2026 14:06,15.625,0.002,7.94
18/02/2026 13:36,15.625,0.002,7.93
18/02/2026 13:06,15.625,0.002,7.93
18/02/2026 12:36,16.5,0.002,7.93
18/02/2026 12:06,15.375,0.002,7.92
18/02/2026 11:36,15.625,0.002,7.92
18/02/2026 11:06,15.375,0.002,7.92
18/02/2026 10:36,15.625,0.002,7.91
18/02/2026 10:06,15.5,0.002,7.91
18/02/2026 09:36,15.5,0.002,7.9
18/02/2026 09:06,15.5,0.002,7.9
18/02/2026 08:36,15.625,0.002,7.9
18/02/2026 08:06,15.75,0.002,7.9
18/02/2026 07:36,15.5,0.002,7.89
18/02/2026 07:06,15.5,0.002,7.89
18/02/2026 06:36,15.625,0.002,7.89
18/02/2026 06:06,15.625,0.002,7.9
18/02/2026 05:36,14.75,0.002,7.9
18/02/2026 05:06,16.5,0.002,7.9
18/02/2026 04:36,15.625,0.002,7.9
18/02/2026 04:06,15.5,0.002,7.9
18/02/2026 03:36,15.5,0.002,7.91
18/02/2026 03:06,15.625,0.002,7.91
18/02/2026 02:36,14.75,0.002,7.91
18/02/2026 02:06,15.5,0.002,7.91
18/02/2026 01:36,15.625,0.002,7.91
18/02/2026 01:06,16.625,0.002,7.91
18/02/2026 00:36,15.75,0.002,7.91
18/02/2026 00:06,16.625,0.002,7.92
17/02/2026 23:36,15.625,0.002,7.92
17/02/2026 23:06,16.625,0.002,7.93
17/02/2026 22:36,15.875,0.002,7.93
17/02/2026 22:06,15.875,0.002,7.93
17/02/2026 21:36,15.875,0.002,7.93
17/02/2026 21:06,15.875,0.002,7.94
17/02/2026 20:36,16,0.002,7.94
17/02/2026 20:06,16,0.002,7.94
17/02/2026 19:36,16.125,0.002,7.94
17/02/2026 19:06,16,0.002,7.95
17/02/2026 18:36,16,0.002,7.95
17/02/2026 18:06,16.125,0.002,7.95
17/02/2026 17:36,16.125,0.002,7.95
17/02/2026 17:06,16.125,0.002,7.95
17/02/2026 17:06,16.125,0.002,7.95
17/02/2026 16:36,16,0.002,7.95
17/02/2026 16:06,16.125,0.002,7.94
17/02/2026 15:36,15.875,0.002,7.94
17/02/2026 15:06,16,0.002,7.94
17/02/2026 14:36,15.875,0.002,7.93
17/02/2026 14:06,15.875,0.002,7.93
17/02/2026 13:36,16.625,0.002,7.92
17/02/2026 13:06,15.625,0.002,7.92
17/02/2026 12:36,15.625,0.002,7.92
17/02/2026 12:06,15.625,0.002,7.92
17/02/2026 11:36,15.5,0.002,7.91
17/02/2026 11:06,15.375,0.002,7.91
17/02/2026 10:36,15.625,0.002,7.91
17/02/2026 10:06,15.5,0.002,7.9
17/02/2026 09:36,15.5,0.002,7.9
17/02/2026 09:06,15.625,0.002,7.89
17/02/2026 08:36,15.375,0.002,7.89
17/02/2026 08:06,15.5,0.002,7.89
17/02/2026 07:36,15.625,0.002,7.89
17/02/2026 07:06,15.5,0.002,7.89
17/02/2026 06:36,15.375,0.002,7.89
17/02/2026 06:06,15.5,0.002,7.89
17/02/2026 05:36,15.5,0.002,7.89
17/02/2026 05:06,15.5,0.002,7.89
17/02/2026 04:36,15.625,0.002,7.89
17/02/2026 04:06,15.5,0.002,7.89
17/02/2026 03:36,15.5,0.002,7.89
17/02/2026 03:06,15.5,0.002,7.9
17/02/2026 02:36,15.625,0.002,7.9
17/02/2026 02:06,15.5,0.002,7.9
17/02/2026 01:36,15.625,0.002,7.9
17/02/2026 01:06,15.5,0.002,7.91
17/02/2026 00:36,15.5,0.002,7.91
17/02/2026 00:06,15.5,0.002,7.91
16/02/2026 23:36,15.5,0.002,7.91
16/02/2026 23:06,15.625,0.002,7.92
16/02/2026 22:36,15.625,0.002,7.92
16/02/2026 22:06,15.625,0.002,7.92
16/02/2026 21:36,15.5,0.002,7.92
16/02/2026 21:06,15.625,0.002,7.92
16/02/2026 20:36,15.5,0.002,7.93
16/02/2026 20:06,15.5,0.002,7.92
16/02/2026 19:36,15.75,0.002,7.93
16/02/2026 19:06,15.75,0.002,7.93
16/02/2026 18:36,15.75,0.002,7.94
16/02/2026 18:06,15.75,0.002,7.94
16/02/2026 17:36,15.75,0.002,7.94
16/02/2026 17:06,15.75,0.002,7.93
16/02/2026 16:36,15.875,0.002,7.93
16/02/2026 16:06,15,0.002,7.93
16/02/2026 15:36,15.625,0.002,7.93
16/02/2026 15:06,15.625,0.002,7.93
16/02/2026 14:36,15.625,0.002,7.92
16/02/2026 14:06,15.375,0.002,7.92
16/02/2026 13:36,15.5,0.002,7.92
16/02/2026 13:36,15.5,0.002,7.92
16/02/2026 13:06,15.5,0.002,7.91
16/02/2026 12:36,15.5,0.002,7.92
16/02/2026 12:06,15.5,0.002,7.91
16/02/2026 11:36,15.375,0.002,7.91
16/02/2026 11:06,15.375,0.002,7.91
16/02/2026 10:36,15.25,0.002,7.9
16/02/2026 10:06,15.25,0.002,7.9
16/02/2026 10:06,15.25,0.002,7.9
16/02/2026 09:36,15.375,0.002,7.89
16/02/2026 09:06,15.5,0.002,7.89
16/02/2026 08:36,15.375,0.002,7.89
16/02/2026 08:06,15.375,0.002,7.89
16/02/2026 07:36,15.375,0.002,7.89
16/02/2026 07:06,15.5,0.002,7.89
16/02/2026 06:36,15.375,0.002,7.89
16/02/2026 06:06,15.25,0.002,7.89
16/02/2026 05:36,15.5,0.002,7.89
16/02/2026 05:06,15.375,0.002,7.89
16/02/2026 04:36,15.375,0.002,7.89
16/02/2026 04:06,15.375,0.002,7.89
16/02/2026 04:06,15.375,0.002,7.89
16/02/2026 03:36,15.25,0.002,7.89
16/02/2026 03:06,15.375,0.002,7.9
16/02/2026 02:36,15.375,0.002,7.9
16/02/2026 02:06,15.5,0.002,7.9
16/02/2026 01:36,15.5,0.002,7.9
16/02/2026 01:06,15.375,0.002,7.91
16/02/2026 00:36,15.25,0.002,7.91
16/02/2026 00:06,15.375,0.002,7.91
15/02/2026 23:36,15.375,0.002,7.91
15/02/2026 23:06,15.375,0.002,7.91
15/02/2026 22:36,15.25,0.002,7.92
15/02/2026 22:06,15.25,0.002,7.92
15/02/2026 21:36,15.125,0.002,7.92
15/02/2026 21:06,15.25,0.002,7.92
15/02/2026 20:36,15.125,0.002,7.92
15/02/2026 20:06,15.25,0.002,7.92
15/02/2026 19:36,15.25,0.002,7.92
15/02/2026 19:06,15.125,0.002,7.92
15/02/2026 19:06,15.125,0.002,7.92
15/02/2026 18:36,15.25,0.002,7.93
15/02/2026 18:06,15.25,0.002,7.93
15/02/2026 17:36,15.25,0.002,7.93
15/02/2026 17:06,15.25,0.002,7.93
15/02/2026 16:36,15.25,0.002,7.93
15/02/2026 16:06,15.25,0.002,7.93
15/02/2026 15:36,15.25,0.002,7.92
15/02/2026 15:06,15.25,0.002,7.92
15/02/2026 14:36,15.25,0.002,7.92
15/02/2026 14:06,15.125,0.002,7.91
15/02/2026 13:36,15.125,0.002,7.91
15/02/2026 13:06,15,0.002,7.91
15/02/2026 12:36,15,0.002,7.9
15/02/2026 12:06,15,0.002,7.9
15/02/2026 11:36,15,0.002,7.9
15/02/2026 11:36,15,0.002,7.9
15/02/2026 11:06,15,0.002,7.89
15/02/2026 10:36,15,0.002,7.89
15/02/2026 10:36,15,0.002,7.89
15/02/2026 10:06,14.875,0.002,7.88
15/02/2026 09:36,15,0.002,7.88
15/02/2026 09:06,15,0.002,7.88
15/02/2026 08:36,15.25,0.002,7.88
15/02/2026 08:06,15,0.002,7.87
15/02/2026 07:36,15.125,0.002,7.87
15/02/2026 07:06,15,0.002,7.87
15/02/2026 06:36,15.125,0.002,7.87
15/02/2026 06:06,15.125,0.002,7.87
15/02/2026 06:03,15,0.002,7.87
15/02/2026 05:06,15.125,0.002,7.87
15/02/2026 04:36,15.25,0.002,7.88
15/02/2026 04:06,15.125,0.002,7.88
15/02/2026 03:36,15.25,0.002,7.88
15/02/2026 03:06,15.25,0.002,7.88
15/02/2026 02:36,15.25,0.002,7.88
15/02/2026 02:06,15.25,0.002,7.88
15/02/2026 02:06,15.25,0.002,7.88
15/02/2026 01:36,15.125,0.002,7.89
15/02/2026 01:06,15.125,0.002,7.89
15/02/2026 00:36,15.125,0.002,7.89
15/02/2026 00:06,15.125,0.002,7.89
14/02/2026 23:36,15.125,0.002,7.89
14/02/2026 23:06,15.125,0.002,7.9
14/02/2026 22:36,15,0.002,7.9
14/02/2026 22:06,15.125,0.002,7.9
14/02/2026 21:36,15.125,0.002,7.9
14/02/2026 21:06,15.25,0.002,7.91
14/02/2026 20:36,15,0.002,7.91
14/02/2026 20:06,15,0.002,7.91
14/02/2026 19:36,15.125,0.002,7.91
14/02/2026 19:06,15,0.002,7.91
14/02/2026 18:36,15,0.002,7.91
14/02/2026 18:06,15,0.002,7.92
14/02/2026 17:36,15,0.002,7.91
14/02/2026 17:06,15.25,0.002,7.91
14/02/2026 16:36,15.125,0.002,7.91
14/02/2026 16:06,15.125,0.002,7.91
14/02/2026 15:36,15.25,0.001,7.91
14/02/2026 15:06,15.125,0.001,7.91
14/02/2026 14:36,15.125,0.001,7.9
14/02/2026 14:06,15,0.001,7.9
14/02/2026 13:36,15.125,0.001,7.9
14/02/2026 13:06,15,0.001,7.89
14/02/2026 12:36,15,0.001,7.89
14/02/2026 12:06,15.125,0.001,7.89
14/02/2026 11:36,15,0.001,7.89
14/02/2026 11:06,14.875,0.001,7.89
14/02/2026 10:36,15,0.001,7.88
14/02/2026 10:06,15.125,0.001,7.88
14/02/2026 09:36,15.125,0.001,7.88
14/02/2026 09:06,15.125,0.001,7.88
14/02/2026 08:36,15.125,0.001,7.88
14/02/2026 08:06,15.125,0.001,7.87
14/02/2026 07:36,15,0.001,7.87
14/02/2026 07:06,15.125,0.001,7.87
14/02/2026 07:06,15.125,0.001,7.87
14/02/2026 06:36,15.25,0.001,7.87
14/02/2026 06:06,15.125,0.001,7.88
14/02/2026 05:36,15.25,0.001,7.88
14/02/2026 05:06,15.375,0.001,7.88
14/02/2026 04:36,15.25,0.001,7.88
14/02/2026 04:06,15.375,0.001,7.88
14/02/2026 03:36,15.25,0.001,7.88
14/02/2026 03:06,15.25,0.001,7.89
14/02/2026 02:36,15.25,0.001,7.89
14/02/2026 02:06,15.25,0.001,7.89
14/02/2026 01:36,15.375,0.001,7.89
14/02/2026 01:06,15.25,0.001,7.9
14/02/2026 00:36,15.375,0.001,7.9
14/02/2026 00:06,15.25,0.001,7.9
14/02/2026 00:06,15.25,0.001,7.9
13/02/2026 23:36,15.375,0.001,7.9
13/02/2026 23:06,15.375,0.001,7.9
13/02/2026 22:36,15.25,0.001,7.91
13/02/2026 22:06,15.25,0.001,7.91
13/02/2026 21:36,15.25,0.001,7.91
13/02/2026 21:36,15.25,0.001,7.91
13/02/2026 21:06,15.25,0.001,7.91
13/02/2026 20:36,15.25,0.001,7.91
13/02/2026 20:06,15.375,0.001,7.9
13/02/2026 19:36,15.25,0.001,7.92
13/02/2026 19:06,15.25,0.001,7.92
13/02/2026 18:36,15.375,0.001,7.92
13/02/2026 18:06,15.375,0.001,7.92
13/02/2026 17:36,15.25,0.001,7.92
13/02/2026 17:06,15.375,0.001,7.92
13/02/2026 16:36,15.375,0.001,7.92
13/02/2026 16:06,15.5,0.001,7.92
13/02/2026 15:36,15.5,0.001,7.91
13/02/2026 15:06,15.5,0.001,7.91
13/02/2026 14:36,15.375,0.001,7.91
13/02/2026 14:06,15.5,0.001,7.9
13/02/2026 13:36,15.5,0.001,7.91
13/02/2026 13:06,15.625,0.001,7.91
13/02/2026 12:36,15.375,0.001,7.91
13/02/2026 12:06,15.375,0.001,7.91
13/02/2026 11:36,15.375,0.001,7.9
13/02/2026 11:06,15.5,0.001,7.89
13/02/2026 10:36,15.375,0.001,7.9
13/02/2026 10:06,15.375,0.001,7.89
13/02/2026 09:36,15.625,0.001,7.89
13/02/2026 09:06,15.5,0.001,7.89
13/02/2026 08:36,15.375,0.001,7.88
13/02/2026 08:06,15.5,0.001,7.88
13/02/2026 07:36,15.5,0.001,7.88
13/02/2026 07:06,15.5,0.001,7.88
13/02/2026 07:06,15.5,0.001,7.88
13/02/2026 06:36,15.5,0.001,7.88
13/02/2026 06:06,15.625,0.001,7.88
13/02/2026 05:36,15.5,0.001,7.88
13/02/2026 05:06,15.5,0.001,7.88
13/02/2026 04:36,15.375,0.001,7.88
13/02/2026 04:06,15.5,0.001,7.88
13/02/2026 03:36,15.375,0.001,7.88
13/02/2026 03:06,15.5,0.001,7.88
13/02/2026 02:36,15.5,0.001,7.88
13/02/2026 02:06,15.5,0.001,7.89
13/02/2026 01:36,15.5,0.001,7.88
13/02/2026 01:06,15.375,0.001,7.89
13/02/2026 00:36,15.5,0.001,7.88
13/02/2026 00:06,15.625,0.001,7.89
13/02/2026 00:06,15.625,0.001,7.89
12/02/2026 23:36,15.5,0.001,7.89
12/02/2026 23:06,15.5,0.001,7.89
12/02/2026 22:36,15.5,0.001,7.89
12/02/2026 22:06,15.5,0.001,7.9
12/02/2026 21:36,15.625,0.001,7.9
12/02/2026 21:36,15.625,0.001,7.9
12/02/2026 21:06,15.5,0.001,7.9
12/02/2026 20:36,15.5,0.001,7.9
12/02/2026 20:06,15.5,0.001,7.9
12/02/2026 19:36,16.625,0.001,7.9
12/02/2026 19:06,15.5,0.001,7.9
12/02/2026 18:36,15.5,0.001,7.89
12/02/2026 18:06,16.625,0.001,7.9
12/02/2026 17:36,15.875,0.001,7.9
12/02/2026 17:06,15.875,0.001,7.9
12/02/2026 16:36,15.875,0.001,7.9
12/02/2026 16:06,15.75,0.001,7.9
12/02/2026 15:36,15.75,0.001,7.89
12/02/2026 15:06,15.875,0.001,7.89
12/02/2026 14:36,15.75,0.001,7.88
12/02/2026 14:06,16.625,0.001,7.88
12/02/2026 13:36,14.75,0.001,7.89
12/02/2026 13:06,15.625,0.001,7.89
12/02/2026 12:36,14.75,0.001,7.9
12/02/2026 12:06,15.625,0.001,7.91
12/02/2026 11:36,15.375,0.001,7.92
12/02/2026 11:06,15.375,0.001,7.92
12/02/2026 10:36,15.5,0.001,7.92
12/02/2026 10:06,15.5,0.001,7.91
12/02/2026 09:36,15.375,0.001,7.9
12/02/2026 09:06,15.375,0.001,7.88
12/02/2026 08:36,15.5,0.001,7.87
12/02/2026 08:06,15.375,0.001,7.87
12/02/2026 07:36,15.5,0.001,7.87
12/02/2026 07:06,15.5,0.001,7.88
12/02/2026 06:36,15.625,0.001,7.87
12/02/2026 06:06,15.5,0.001,7.87
12/02/2026 05:36,15.5,0.001,7.88
12/02/2026 05:06,15.375,0.001,7.88
12/02/2026 04:36,15.5,0.001,7.87
12/02/2026 04:06,15.5,0.001,7.87
12/02/2026 03:36,15.5,0.001,7.88
12/02/2026 03:06,15.25,0.001,7.88
12/02/2026 02:36,15.5,0.001,7.89
12/02/2026 02:06,15.5,0.001,7.9
12/02/2026 01:36,15.5,0.001,7.91
12/02/2026 01:06,15.625,0.001,7.9
12/02/2026 01:06,15.625,0.001,7.9
12/02/2026 00:36,15.375,0.001,7.9
12/02/2026 00:06,16.625,0.001,7.91
11/02/2026 23:36,15.625,0.001,7.91
11/02/2026 23:06,15.625,0.001,7.92
11/02/2026 22:36,15.75,0.001,7.92
11/02/2026 22:06,15.625,0.001,7.93
11/02/2026 21:36,15.625,0.001,7.93
11/02/2026 21:06,15.375,0.001,7.93
11/02/2026 20:36,15.625,0.001,7.93
11/02/2026 20:06,14.75,0.001,7.94
11/02/2026 19:36,15.75,0.001,7.94
11/02/2026 19:36,15.75,0.001,7.94
11/02/2026 19:06,15.625,0.001,7.94
11/02/2026 18:36,15.75,0.001,7.93
11/02/2026 18:06,15.75,0.001,7.94
11/02/2026 17:36,15.875,0.001,7.93
11/02/2026 17:06,15.75,0.001,7.94
11/02/2026 16:36,15.875,0.001,7.93
11/02/2026 16:06,16.625,0.001,7.93
11/02/2026 15:36,15.875,0.001,7.93
11/02/2026 15:06,15.75,0.001,7.91
11/02/2026 14:36,15.75,0.001,7.92
11/02/2026 14:06,15.75,0.001,7.9
11/02/2026 13:36,15.75,0.001,7.91
11/02/2026 13:06,15.875,0.001,7.91
11/02/2026 12:36,14.75,0.001,7.91
11/02/2026 12:06,15.75,0.001,7.89
11/02/2026 11:36,14.75,0.001,7.88
11/02/2026 11:06,15.625,0.001,7.88
11/02/2026 10:36,15.5,0.001,7.87
11/02/2026 10:06,15.5,0.001,7.86
11/02/2026 09:36,15.5,0.001,7.86
11/02/2026 09:06,15.5,0.001,7.86
11/02/2026 08:36,15.5,0.001,7.86
11/02/2026 08:06,15.5,0.001,7.86
11/02/2026 07:36,15.5,0.001,7.87
11/02/2026 07:06,15.5,0.001,7.88
11/02/2026 06:36,15.5,0.001,7.87
11/02/2026 06:06,15.5,0.001,7.87
11/02/2026 05:36,15.75,0.001,7.86
11/02/2026 05:06,15.5,0.001,7.87
11/02/2026 04:36,15.375,0.001,7.88
11/02/2026 04:06,15.5,0.001,7.87
11/02/2026 03:36,15.625,0.001,7.87
11/02/2026 03:06,15.375,0.001,7.89
11/02/2026 02:36,15.5,0.001,7.89
11/02/2026 02:06,15.5,0.001,7.88
11/02/2026 01:36,15.5,0.001,7.89
11/02/2026 01:06,15.625,0.001,7.9
11/02/2026 01:06,15.625,0.001,7.9
11/02/2026 00:36,15.375,0.001,7.89
11/02/2026 00:06,15.5,0.001,7.89
10/02/2026 23:36,15.625,0.001,7.89
10/02/2026 23:06,15.5,0.001,7.9
10/02/2026 22:36,15.5,0.001,7.91
10/02/2026 22:06,15.625,0.001,7.91
10/02/2026 21:36,15.5,0.001,7.91
10/02/2026 21:06,15.625,0.001,7.91
10/02/2026 20:36,15.625,0.001,7.92
10/02/2026 20:06,15.625,0.001,7.92
10/02/2026 19:36,15.625,0.001,7.93
10/02/2026 19:06,15.75,0.001,7.93
10/02/2026 18:36,15.625,0.001,7.91
10/02/2026 18:06,15.875,0.001,7.92
10/02/2026 17:36,15.75,0.001,7.92
10/02/2026 17:06,16,0.001,7.93
10/02/2026 16:36,15.75,0.001,7.93
10/02/2026 16:06,15.75,0.001,7.91
10/02/2026 15:36,15.875,0.001,7.92
10/02/2026 15:06,15.875,0.001,7.91
10/02/2026 14:36,15.75,0.001,7.9
10/02/2026 14:06,15.75,0.001,7.89
10/02/2026 13:36,15.75,0.001,7.89
10/02/2026 13:06,15.75,0.001,7.89
10/02/2026 13:06,15.75,0.001,7.89
10/02/2026 12:36,15.75,0.001,7.88
10/02/2026 12:06,15.875,0.001,7.87
10/02/2026 11:36,16.5,0.001,7.88
10/02/2026 11:06,15.5,0.001,7.87
10/02/2026 10:36,15.625,0.001,7.87
10/02/2026 10:24,15.875,0.001,7.87
10/02/2026 10:23,15.875,0.001,7.87
10/02/2026 10:23,14.75,0.001,8.52
10/02/2026 10:06,15.625,0.001,7.87
10/02/2026 09:36,15.5,0.001,7.87
10/02/2026 09:06,15.625,0.001,7.86
10/02/2026 08:36,15.5,0.001,7.86
10/02/2026 08:06,15.5,0.001,7.86
10/02/2026 08:06,15.5,0.001,7.86
10/02/2026 07:36,15.375,0.001,7.86
10/02/2026 07:36,15.375,0.001,7.86
10/02/2026 07:06,15.625,0.001,7.87
10/02/2026 06:36,15.375,0.001,7.87
10/02/2026 06:06,15.5,0.001,7.86
10/02/2026 05:36,14.75,0.001,7.87
10/02/2026 05:06,15.625,0.001,7.88
10/02/2026 04:36,15.625,0.001,7.88
10/02/2026 04:06,15.625,0.001,7.89
10/02/2026 03:36,15.625,0.001,7.89
10/02/2026 03:06,15.75,0.001,7.89
10/02/2026 02:36,15.625,0.001,7.89
10/02/2026 02:06,15.625,0.001,7.9
10/02/2026 01:36,16.625,0.001,7.91
10/02/2026 01:36,16.625,0.001,7.91
10/02/2026 01:06,16.625,0.001,7.91
10/02/2026 00:36,15.75,0.001,7.91
10/02/2026 00:06,15.875,0.001,7.91
09/02/2026 23:36,15.875,0.001,7.92
09/02/2026 23:06,15.625,0.001,7.92
09/02/2026 22:36,16,0.001,7.92
09/02/2026 22:06,15.875,0.001,7.93
09/02/2026 21:36,15.875,0.001,7.93
09/02/2026 21:06,15.875,0.001,7.94
09/02/2026 20:36,15.75,0.001,7.94
09/02/2026 20:06,16,0.001,7.94
09/02/2026 19:36,16.125,0.001,7.94
09/02/2026 19:06,16.125,0.001,7.95
09/02/2026 18:36,16,0.001,7.95
09/02/2026 18:06,16.125,0.001,7.96
09/02/2026 17:36,16.125,0.001,7.97
09/02/2026 17:06,16.25,0.001,7.98
09/02/2026 16:36,16.125,0.001,8
09/02/2026 16:06,16.25,0.001,7.99
09/02/2026 15:36,16.375,0.001,8
09/02/2026 15:06,16.25,0.001,7.98
09/02/2026 14:36,16.125,0.001,7.98
09/02/2026 14:06,16.125,0.001,7.97
09/02/2026 13:36,16,0.001,7.97
09/02/2026 13:06,16.125,0.001,7.97
09/02/2026 12:36,16,0.001,7.97
09/02/2026 12:06,16,0.001,7.96
09/02/2026 11:36,15.875,0.001,7.96
09/02/2026 11:06,16,0.001,7.95
09/02/2026 10:36,15.75,0.001,7.94
09/02/2026 10:06,15.75,0.001,7.94
09/02/2026 09:36,15.875,0.001,7.93
09/02/2026 09:06,16.5,0.001,7.93
09/02/2026 08:36,15.625,0.001,7.93
09/02/2026 08:06,15.625,0.001,7.92
09/02/2026 07:36,16.375,0.001,7.91
09/02/2026 07:06,15.5,0.001,7.91
09/02/2026 06:36,15.5,0.001,7.92
09/02/2026 06:06,15.625,0.001,7.92
09/02/2026 05:36,15.625,0.001,7.93
09/02/2026 05:06,15.625,0.001,7.93
09/02/2026 04:36,15.625,0.001,7.92
09/02/2026 04:06,14.75,0.001,7.93
09/02/2026 03:36,15.625,0.001,7.93
09/02/2026 03:06,14.75,0.001,7.94
09/02/2026 02:36,15.5,0.001,7.94
09/02/2026 02:06,15.625,0.001,7.95
09/02/2026 01:36,15.625,0.001,7.95
09/02/2026 01:06,15.625,0.001,7.95
09/02/2026 00:36,15.625,0.001,7.96
09/02/2026 00:06,16.625,0.001,7.96
08/02/2026 23:36,15.625,0.001,7.96
08/02/2026 23:06,15.625,0.001,7.97
08/02/2026 22:36,15.625,0.001,7.97
08/02/2026 22:06,15.625,0.001,7.98
08/02/2026 21:36,15.5,0.001,7.98
08/02/2026 21:06,15.625,0.001,7.98
08/02/2026 20:36,15.625,0.001,7.98
08/02/2026 20:06,15.5,0.001,7.99
08/02/2026 19:36,15.625,0.001,7.99
08/02/2026 19:06,15.5,0.001,8
08/02/2026 18:36,15.5,0.001,8.01
08/02/2026 18:06,15.5,0.001,8.01
08/02/2026 17:36,15.75,0.001,8.01
08/02/2026 17:06,14.75,0.001,8
08/02/2026 16:36,15.75,0.001,8
08/02/2026 16:06,16.625,0.001,8
08/02/2026 16:06,16.625,0.001,8
08/02/2026 15:36,14.875,0.001,8
08/02/2026 15:06,15.75,0.001,7.99
08/02/2026 14:36,15.75,0.001,7.99
08/02/2026 14:06,15.75,0.001,7.98
08/02/2026 13:36,15.625,0.001,7.98
08/02/2026 13:06,15.625,0.001,7.97
08/02/2026 13:06,15.625,0.001,7.97
08/02/2026 12:36,14.75,0.001,7.97
08/02/2026 12:06,14.75,0.001,7.96
08/02/2026 11:36,15.625,0.001,7.96
08/02/2026 11:06,15.5,0.001,7.95
08/02/2026 10:36,15.625,0.001,7.95
08/02/2026 10:06,15.5,0.001,7.95
08/02/2026 09:36,15.375,0.001,7.94
08/02/2026 09:06,15.375,0.001,7.94
08/02/2026 08:36,15.5,0.001,7.93
08/02/2026 08:06,15.5,0.001,7.93
08/02/2026 07:36,15.5,0.001,7.93
08/02/2026 07:06,16.5,0.001,7.92
08/02/2026 06:36,15.5,0.001,7.92
08/02/2026 06:06,15.5,0.001,7.93
08/02/2026 05:36,15.625,0.001,7.93
08/02/2026 05:06,15.5,0.001,7.93
08/02/2026 04:36,15.625,0.001,7.93
08/02/2026 04:06,15.5,0.001,7.93
08/02/2026 03:36,15.375,0.001,7.94
08/02/2026 03:06,15.5,0.001,7.94
08/02/2026 02:36,15.375,0.001,7.95
08/02/2026 02:06,15.5,0.001,7.95
08/02/2026 01:36,15.5,0.001,7.95
08/02/2026 01:06,15.5,0.001,7.95
08/02/2026 00:36,15.5,0.001,7.96
08/02/2026 00:06,15.375,0.001,7.97
07/02/2026 23:36,15.375,0.001,7.97
07/02/2026 23:06,15.5,0.001,7.97
07/02/2026 22:36,15.375,0.001,7.97
07/02/2026 22:06,15.625,0.001,7.97
07/02/2026 21:36,15.5,0.001,7.98
07/02/2026 21:06,15.5,0.001,7.98
07/02/2026 20:36,15.625,0.001,7.99
07/02/2026 20:06,15.5,0.001,7.99
07/02/2026 19:36,15.5,0.001,8
07/02/2026 19:06,15.625,0.001,8.01
07/02/2026 18:36,15.5,0.001,8.01
07/02/2026 18:06,15.625,0.001,8.01
07/02/2026 17:36,15.5,0.001,8.01
07/02/2026 17:06,16.625,0.001,8.01
07/02/2026 16:36,15.75,0.001,8.01
07/02/2026 16:06,14.75,0.001,8
07/02/2026 15:36,15.75,0.001,8
07/02/2026 15:06,15.875,0.001,8
07/02/2026 14:36,14.75,0.001,7.99
07/02/2026 14:06,15.625,0.001,7.99
07/02/2026 13:36,15.5,0.001,7.98
07/02/2026 13:06,15.625,0.001,7.97
07/02/2026 12:36,15.625,0.001,7.97
07/02/2026 12:06,15.625,0.001,7.96
07/02/2026 11:36,15.625,0.001,7.96
07/02/2026 11:06,15.5,0.001,7.95
07/02/2026 10:36,15.625,0.001,7.95
07/02/2026 10:36,15.625,0.001,7.95
07/02/2026 10:06,15.5,0.001,7.95
07/02/2026 09:36,15.5,0.001,7.94
07/02/2026 09:06,15.375,0.001,7.94
07/02/2026 08:36,15.5,0.001,7.93
07/02/2026 08:06,15.5,0.001,7.93
07/02/2026 07:36,15.375,0.001,7.92
07/02/2026 07:06,15.625,0.001,7.92
07/02/2026 06:36,15.5,0.001,7.92
07/02/2026 06:06,15.375,0.001,7.92
07/02/2026 05:36,15.5,0.001,7.93
07/02/2026 05:06,15.5,0.001,7.93
07/02/2026 04:36,15.5,0.001,7.94
07/02/2026 04:06,15.625,0.001,7.94
07/02/2026 03:36,15.5,0.001,7.94
07/02/2026 03:06,15.375,0.001,7.94
07/02/2026 02:36,15.5,0.001,7.95
07/02/2026 02:06,15.625,0.001,7.95
07/02/2026 01:36,15.5,0.001,7.96
07/02/2026 01:06,14.75,0.001,7.96
07/02/2026 00:36,16.625,0.001,7.96
07/02/2026 00:06,16.625,0.001,7.96
06/02/2026 23:36,15.75,0.001,7.96
06/02/2026 23:06,15.625,0.001,7.96
06/02/2026 22:36,15.75,0.001,7.97
06/02/2026 22:06,15.75,0.001,7.98
06/02/2026 21:36,15.75,0.001,7.98
06/02/2026 21:06,15.75,0.001,7.98
06/02/2026 20:36,15.875,0.001,7.99
06/02/2026 20:06,15.875,0.001,8
06/02/2026 19:36,15.75,0.001,8
06/02/2026 19:06,15.75,0.001,8.01
06/02/2026 18:36,16.625,0.001,8.01
06/02/2026 18:06,16,0.001,8.02
06/02/2026 17:36,16,0.001,8.02
06/02/2026 17:06,16,0.001,8.01
06/02/2026 16:36,16,0.001,8.01
06/02/2026 16:06,16.125,0.001,8.01
06/02/2026 15:36,16.125,0.001,8
06/02/2026 15:06,16.125,0.001,8
06/02/2026 14:36,16,0.001,8
06/02/2026 14:36,16,0.001,8
06/02/2026 14:06,16,0.001,7.99
06/02/2026 13:36,16,0.001,7.99
06/02/2026 13:06,15.875,0.001,7.98
06/02/2026 12:36,15.75,0.001,7.98
06/02/2026 12:06,15.875,0.001,7.97
06/02/2026 11:36,15.875,0.001,7.97
06/02/2026 11:06,15.875,0.001,7.96
06/02/2026 10:36,15.875,0.001,7.95
06/02/2026 10:06,15.75,0.001,7.95
06/02/2026 09:36,16.625,0.001,7.94
06/02/2026 09:06,16.625,0.001,7.93
06/02/2026 08:36,15.75,0.001,7.94
06/02/2026 08:06,15.875,0.001,7.93
06/02/2026 07:36,15.75,0.001,7.92
06/02/2026 07:06,15.75,0.001,7.91
06/02/2026 06:36,16.625,0.001,7.92
06/02/2026 06:06,15.75,0.001,7.92
06/02/2026 05:36,15.875,0.001,7.92
06/02/2026 05:06,15.875,0.001,7.93
06/02/2026 04:36,16.625,0.001,7.92
06/02/2026 04:06,16.625,0.001,7.93
06/02/2026 03:36,15.75,0.001,7.93
06/02/2026 03:06,16.625,0.001,7.93
06/02/2026 02:36,15.875,0.001,7.94
06/02/2026 02:06,15.875,0.001,7.94
06/02/2026 01:36,16.625,0.001,7.95
06/02/2026 01:06,15.875,0.001,7.95
06/02/2026 01:06,15.875,0.001,7.95
06/02/2026 00:36,15.75,0.001,7.95
06/02/2026 00:06,15.75,0.001,7.95
05/02/2026 23:36,15.875,0.001,7.96
05/02/2026 23:06,15.75,0.001,7.97
05/02/2026 22:36,15.75,0.001,7.97
05/02/2026 22:06,15.875,0.001,7.97
05/02/2026 21:36,15.75,0.001,7.98
05/02/2026 21:06,15.75,0.001,7.99
05/02/2026 20:36,15.875,0.001,7.99
05/02/2026 20:06,15.75,0.001,8
05/02/2026 19:36,15.75,0.001,8
05/02/2026 19:06,15.75,0.001,8.01
05/02/2026 18:36,16,0.001,8
05/02/2026 18:06,16,0.001,8.01
05/02/2026 17:36,16.125,0.001,8.01
05/02/2026 17:06,16.125,0.001,8.01
05/02/2026 16:36,16.125,0.001,8.01
05/02/2026 16:06,16.125,0.001,8
05/02/2026 15:36,16,0.001,8
05/02/2026 15:06,16,0.001,8
05/02/2026 14:36,15.875,0.001,7.99
05/02/2026 14:06,16,0.001,7.98
05/02/2026 13:36,16.125,0.001,7.98
05/02/2026 13:06,16,0.001,7.97
05/02/2026 12:36,16,0.001,7.97
05/02/2026 12:06,16,0.001,7.96
05/02/2026 11:36,15.875,0.001,7.94
05/02/2026 11:06,16,0.001,7.94
05/02/2026 10:36,15.75,0.001,7.94
05/02/2026 10:06,15.625,0.001,7.93
05/02/2026 09:36,16.625,0.001,7.92
05/02/2026 09:06,15.625,0.001,7.92
05/02/2026 08:36,15.625,0.001,7.92
05/02/2026 08:06,15.625,0.001,7.9
05/02/2026 07:36,15.5,0.001,7.9
05/02/2026 07:06,15.625,0.001,7.91
05/02/2026 06:36,15.5,0.001,7.91
05/02/2026 06:06,15.5,0.001,7.91
05/02/2026 05:36,15.625,0.001,7.92
05/02/2026 05:06,15.5,0.001,7.92
05/02/2026 04:36,15.375,0.001,7.93
05/02/2026 04:06,15.625,0.001,7.92
05/02/2026 03:36,14.75,0.001,7.94
05/02/2026 03:06,14.75,0.001,7.94
05/02/2026 02:36,15.5,0.001,7.94
05/02/2026 02:06,15.625,0.001,7.94
05/02/2026 01:36,15.75,0.001,7.95
05/02/2026 01:06,15.75,0.001,7.95
05/02/2026 00:36,15.625,0.001,7.96
05/02/2026 00:32,15.875,0.001,7.96
04/02/2026 23:36,15.75,0.001,7.96
04/02/2026 23:06,15.875,0.001,7.97
04/02/2026 22:36,15.875,0.001,7.97
04/02/2026 22:06,15.875,0.001,7.98
04/02/2026 21:36,15.875,0.001,7.97
04/02/2026 21:06,15.875,0.001,7.99
04/02/2026 20:36,15.875,0.001,7.99
04/02/2026 20:06,16,0.001,8
04/02/2026 19:36,16,0.001,8
04/02/2026 19:06,16.25,0.001,8.01
04/02/2026 18:36,16.125,0.001,8.01
04/02/2026 18:06,16.125,0.001,8.01
04/02/2026 17:36,16.25,0.001,8.01
04/02/2026 17:06,16.25,0.001,8.01
04/02/2026 16:36,16.25,0.001,8.01
04/02/2026 16:06,16.125,0.001,8
04/02/2026 15:36,16.125,0.001,8
04/02/2026 15:06,16.125,0.001,7.99
04/02/2026 14:36,16,0.001,7.98
04/02/2026 14:06,16,0.001,7.98
04/02/2026 13:36,16.125,0.001,7.98
04/02/2026 13:06,16,0.001,7.97
04/02/2026 12:36,16,0.001,7.97
04/02/2026 12:06,15.75,0.001,7.96
04/02/2026 11:36,15.875,0.001,7.96
04/02/2026 11:06,15.875,0.001,7.95
04/02/2026 10:36,16.625,0.001,7.95
04/02/2026 10:06,15.625,0.001,7.94
04/02/2026 09:36,15.5,0.001,7.93
04/02/2026 09:06,15.5,0.001,7.93
04/02/2026 08:36,15.5,0.001,7.92
04/02/2026 08:06,15.5,0.001,7.92
04/02/2026 07:36,15.5,0.001,7.92
04/02/2026 07:06,15.375,0.001,7.91
04/02/2026 06:36,15.375,0.001,7.91
04/02/2026 06:06,15.25,0.001,7.91
04/02/2026 05:36,15.25,0.001,7.9
04/02/2026 05:06,15.375,0.001,7.91
04/02/2026 04:36,15.25,0.001,7.91
04/02/2026 04:06,15.25,0.001,7.91
04/02/2026 03:36,15.375,0.001,7.92
04/02/2026 03:06,15.375,0.001,7.93
04/02/2026 02:36,15.25,0.001,7.93
04/02/2026 02:06,15.25,0.001,7.93
04/02/2026 01:36,15.25,0.001,7.94
04/02/2026 01:06,15.375,0.001,7.94
04/02/2026 00:36,15.25,0.001,7.94
04/02/2026 00:06,15.25,0.001,7.94
03/02/2026 23:36,15.125,0.001,7.95
03/02/2026 23:06,15.25,0.001,7.95
03/02/2026 22:36,15.25,0.001,7.96
03/02/2026 22:06,15.25,0.001,7.97
03/02/2026 21:36,15.25,0.001,7.97
03/02/2026 21:06,15.125,0.001,7.97
03/02/2026 20:36,15.25,0.001,7.98
03/02/2026 20:06,15.25,0.001,7.98
03/02/2026 19:36,15.125,0.001,7.99
03/02/2026 19:06,15.25,0.001,7.99
03/02/2026 18:36,15.375,0.001,8
03/02/2026 18:06,15.125,0.001,8
03/02/2026 17:36,15.25,0.001,8
03/02/2026 17:06,15.375,0.001,8
03/02/2026 16:36,15.25,0.001,7.99
03/02/2026 16:06,15.25,0.001,7.99
03/02/2026 15:36,15.25,0.001,7.98
03/02/2026 15:06,15.25,0.001,7.98
03/02/2026 14:36,15.25,0.001,7.98
03/02/2026 14:06,15.25,0.001,7.97
03/02/2026 13:36,15.375,0.001,7.98
03/02/2026 13:06,15.375,0.001,7.97
03/02/2026 12:36,15.375,0.001,7.97
03/02/2026 12:06,15.25,0.001,7.97
03/02/2026 11:36,15.25,0.001,7.96
03/02/2026 11:06,15.25,0.001,7.96
03/02/2026 10:36,15.375,0.001,7.95
03/02/2026 10:06,15.25,0.001,7.95
03/02/2026 09:36,15.375,0.001,7.94
03/02/2026 09:06,15.25,0.001,7.94
03/02/2026 08:36,15.25,0.001,7.94
03/02/2026 08:06,15.375,0.001,7.93
03/02/2026 07:36,15.375,0.001,7.92
03/02/2026 07:06,15.375,0.001,7.92
03/02/2026 06:36,15.25,0.001,7.93
03/02/2026 06:06,15.375,0.001,7.93
03/02/2026 05:36,15.375,0.001,7.94
03/02/2026 05:06,15.375,0.001,7.94
03/02/2026 04:36,15.25,0.001,7.94
03/02/2026 04:06,15.5,0.001,7.94
03/02/2026 03:36,15.375,0.001,7.94
03/02/2026 03:06,15.625,0.001,7.95
03/02/2026 02:36,15.5,0.001,7.95
03/02/2026 02:06,15.375,0.001,7.95
03/02/2026 01:36,15.375,0.001,7.96
03/02/2026 01:06,15.5,0.001,7.96
03/02/2026 00:36,15.625,0.001,7.96
03/02/2026 00:06,15.5,0.001,7.97
02/02/2026 23:36,15.625,0.001,7.96
02/02/2026 23:06,15.375,0.001,7.96
02/02/2026 22:36,15.375,0.001,7.97
02/02/2026 22:06,15.625,0.001,7.97
02/02/2026 21:36,15.5,0.001,7.98
02/02/2026 21:36,15.5,0.001,7.98
02/02/2026 21:06,15.5,0.001,7.99
02/02/2026 20:36,15.375,0.001,7.99
02/02/2026 20:06,15.5,0.001,7.99
02/02/2026 19:36,15.5,0.001,8
02/02/2026 19:06,15.625,0.001,8.01
02/02/2026 18:36,15.5,0.001,8
02/02/2026 18:06,15.5,0.001,8
02/02/2026 17:36,15.375,0.001,8.01
02/02/2026 17:36,15.375,0.001,8.01
02/02/2026 17:06,15.625,0.001,8.01
02/02/2026 16:36,15.625,0.001,8.01
02/02/2026 16:06,15.5,0.001,8
02/02/2026 15:36,15.625,0.001,8
02/02/2026 15:06,16.625,0.001,8
02/02/2026 14:36,14.75,0.001,8
02/02/2026 14:36,14.75,0.001,8
02/02/2026 14:06,15.625,0.001,7.99
02/02/2026 13:36,15.625,0.001,7.99
02/02/2026 13:06,15.625,0.001,7.98
02/02/2026 12:36,15.625,0.001,7.98
02/02/2026 12:06,15.625,0.001,7.98
02/02/2026 11:36,15.625,0.001,7.97
02/02/2026 11:06,15.625,0.001,7.96
02/02/2026 10:36,15.875,0.001,7.96
02/02/2026 10:06,15.625,0.001,7.95
02/02/2026 09:36,15.875,0.001,7.95
02/02/2026 09:06,16.625,0.001,7.94
02/02/2026 08:36,16.5,0.001,7.94
02/02/2026 08:06,16.625,0.001,7.93
02/02/2026 07:36,15.625,0.001,7.92
02/02/2026 07:06,16.625,0.001,7.91
02/02/2026 06:36,14.75,0.001,7.93
02/02/2026 06:06,15.75,0.001,7.92
02/02/2026 05:36,14.75,0.001,7.92
02/02/2026 05:06,16.625,0.001,7.93
02/02/2026 04:36,16.625,0.001,7.92
02/02/2026 04:06,15.75,0.001,7.93
02/02/2026 03:36,15.75,0.001,7.94
02/02/2026 03:06,14.75,0.001,7.95
02/02/2026 02:36,15.5,0.001,7.95
02/02/2026 02:06,16.625,0.001,7.95
02/02/2026 01:36,15.625,0.001,7.96
02/02/2026 01:06,15.875,0.001,7.97
02/02/2026 00:36,15.75,0.001,7.97
02/02/2026 00:06,16.625,0.001,7.98
01/02/2026 23:36,15.75,0.001,7.98
01/02/2026 23:06,15.875,0.001,7.98
01/02/2026 22:36,15.75,0.001,7.98
01/02/2026 22:06,15.75,0.001,7.99
01/02/2026 21:36,15.75,0.001,7.99
01/02/2026 21:06,15.875,0.001,8
01/02/2026 20:36,15.75,0.001,8
01/02/2026 20:06,15.875,0.001,8.01
01/02/2026 19:36,15.875,0.001,8.01
01/02/2026 19:06,15.875,0.001,8.02
01/02/2026 18:36,15.875,0.001,8.02
01/02/2026 18:06,16,0.001,8.02
01/02/2026 17:36,16.125,0.001,8.02
01/02/2026 17:06,16.125,0.001,8.02
01/02/2026 16:36,16.125,0.001,8.02
01/02/2026 16:06,16.125,0.001,8.01
01/02/2026 15:36,16,0.001,8.01
01/02/2026 15:06,16.125,0.001,8
01/02/2026 15:06,16.125,0.001,8
01/02/2026 14:36,16.125,0.001,8
01/02/2026 14:06,16,0.001,7.99
01/02/2026 13:36,16.125,0.001,7.99
01/02/2026 13:36,16.125,0.001,7.99
01/02/2026 13:06,16,0.001,7.99
01/02/2026 12:36,16,0.001,7.98
01/02/2026 12:06,16,0.001,7.98
01/02/2026 11:36,15.75,0.001,7.98
01/02/2026 11:06,15.875,0.001,7.97
01/02/2026 10:36,15.75,0.001,7.96
01/02/2026 10:06,15.75,0.001,7.96
01/02/2026 09:36,14.75,0.001,7.96
01/02/2026 09:06,15.75,0.001,7.95
01/02/2026 08:36,15.75,0.001,7.95
01/02/2026 08:06,15.75,0.001,7.94
01/02/2026 07:36,15.75,0.001,7.94
01/02/2026 07:06,16.625,0.001,7.94
01/02/2026 06:36,16.625,0.001,7.94
01/02/2026 06:06,16.625,0.001,7.94
01/02/2026 05:36,15.75,0.001,7.94
01/02/2026 05:06,15.75,0.001,7.95
01/02/2026 04:36,14.75,0.001,7.95
01/02/2026 04:06,15.75,0.001,7.95
01/02/2026 03:36,15.75,0.001,7.96
01/02/2026 03:36,15.75,0.001,7.96
01/02/2026 03:06,15.75,0.001,7.96
01/02/2026 02:36,14.75,0.001,7.96
01/02/2026 02:06,14.75,0.001,7.97
01/02/2026 01:36,15.75,0.001,7.97
01/02/2026 01:06,15.875,0.001,7.98
01/02/2026 00:36,15.75,0.001,7.98
01/02/2026 00:06,14.875,0.001,7.98
31/01/2026 23:36,15.75,0.001,7.99
31/01/2026 23:36,15.75,0.001,7.99
31/01/2026 23:06,15.75,0.001,7.99
31/01/2026 22:36,15.75,0.001,7.99
31/01/2026 22:06,15.75,0.001,8
31/01/2026 21:36,15.875,0.001,8
31/01/2026 21:06,15.75,0.001,8
31/01/2026 20:36,15.75,0.001,8.01
31/01/2026 20:06,15.875,0.001,8.01
31/01/2026 19:36,15.875,0.001,8.01
31/01/2026 19:06,15.875,0.001,8.02
31/01/2026 18:36,16,0.001,8.03
31/01/2026 18:06,16,0.001,8.03
31/01/2026 17:36,16.125,0.001,8.03
31/01/2026 17:06,16,0.001,8.03
31/01/2026 16:36,16.125,0.001,8.02
31/01/2026 16:06,16.125,0.001,8.02
31/01/2026 15:36,16,0.001,8.01
31/01/2026 15:06,16,0.001,8.01
31/01/2026 14:36,16,0.001,8.01
31/01/2026 14:06,16,0.001,8
31/01/2026 13:36,16,0.001,8
31/01/2026 13:06,15.875,0.001,7.99
31/01/2026 12:36,15.75,0.001,7.98
31/01/2026 12:06,15.875,0.001,7.99
31/01/2026 11:36,15.75,0.001,7.98
31/01/2026 11:06,16.5,0.001,7.97
31/01/2026 10:36,15.75,0.001,7.97
31/01/2026 10:06,16.625,0.001,7.96
31/01/2026 09:36,15.625,0.001,7.96
31/01/2026 09:06,15.625,0.001,7.95
31/01/2026 08:36,16.625,0.001,7.95
31/01/2026 08:06,16.625,0.001,7.94
31/01/2026 07:36,16.5,0.001,7.94
31/01/2026 07:06,16.5,0.001,7.94
31/01/2026 06:36,15.625,0.001,7.94
31/01/2026 06:06,14.75,0.001,7.95
31/01/2026 05:36,15.625,0.001,7.95
31/01/2026 05:06,16.625,0.001,7.95
31/01/2026 04:36,16.625,0.001,7.95
31/01/2026 04:06,15.75,0.001,7.96
31/01/2026 03:36,14.75,0.001,7.96
31/01/2026 03:06,16.625,0.001,7.96
31/01/2026 02:36,15.75,0.001,7.97
31/01/2026 02:06,15.75,0.001,7.97
31/01/2026 01:36,16.625,0.001,7.97
31/01/2026 01:06,15.75,0.001,7.98
31/01/2026 00:36,15.75,0.001,7.98
31/01/2026 00:06,15.75,0.001,7.98
30/01/2026 23:36,15.875,0.001,7.99
30/01/2026 23:06,14.875,0.001,7.99
30/01/2026 22:36,15.75,0.001,7.99
30/01/2026 22:06,15.875,0.001,8
30/01/2026 21:36,15.75,0.001,8
30/01/2026 21:06,15.75,0.001,8.01
30/01/2026 20:36,15.875,0.001,8.01
30/01/2026 20:06,16.125,0.001,8.01
30/01/2026 19:36,16,0.001,8.02
30/01/2026 19:06,16,0.001,8.02
30/01/2026 18:36,16,0.001,8.03
30/01/2026 18:06,16.125,0.001,8.03
30/01/2026 17:36,16.25,0.001,8.02
30/01/2026 17:06,16.125,0.001,8.03
30/01/2026 16:36,16.25,0.001,8.02
30/01/2026 16:06,16.25,0.001,8.02
30/01/2026 15:36,16.25,0.001,8.01
30/01/2026 15:06,16.125,0.001,8.01
30/01/2026 14:36,16.25,0.001,8.01
30/01/2026 14:06,16.125,0.001,8
30/01/2026 14:06,16.125,0.001,8
30/01/2026 13:36,16.125,0.001,8
30/01/2026 13:06,16,0.001,7.99
30/01/2026 12:36,15.875,0.001,7.98
30/01/2026 12:06,15.75,0.001,7.97
30/01/2026 11:36,15.75,0.001,7.97
30/01/2026 11:06,15.75,0.001,7.97
30/01/2026 10:36,14.75,0.001,7.96
30/01/2026 10:06,15.75,0.001,7.96
30/01/2026 09:36,15.625,0.001,7.95
30/01/2026 09:06,15.5,0.001,7.95
30/01/2026 08:36,15.5,0.001,7.94
30/01/2026 08:06,15.625,0.001,7.94
30/01/2026 07:36,15.5,0.001,7.93
30/01/2026 07:06,15.5,0.001,7.94
30/01/2026 06:36,15.625,0.001,7.94
30/01/2026 06:06,14.75,0.001,7.94
30/01/2026 05:36,15.5,0.001,7.94
30/01/2026 05:36,15.5,0.001,7.94
30/01/2026 05:06,15.5,0.001,7.94
30/01/2026 04:36,15.5,0.001,7.95
30/01/2026 04:06,15.5,0.001,7.95
30/01/2026 03:36,14.75,0.001,7.96
30/01/2026 03:06,15.625,0.001,7.96
30/01/2026 02:36,15.625,0.001,7.96
30/01/2026 02:06,14.75,0.001,7.96
30/01/2026 01:36,15.75,0.001,7.96
30/01/2026 01:06,15.75,0.001,7.97
30/01/2026 00:36,15.625,0.001,7.97
30/01/2026 00:06,15.75,0.001,7.98
29/01/2026 23:36,15.75,0.001,7.98
29/01/2026 23:06,15.875,0.001,7.98
29/01/2026 22:36,15.875,0.001,7.99
29/01/2026 22:06,15.75,0.001,7.99
29/01/2026 22:06,15.75,0.001,7.99
29/01/2026 21:36,16,0.001,7.99
29/01/2026 21:06,16,0.001,8
29/01/2026 20:36,16,0.001,8
29/01/2026 20:06,16,0.001,8
29/01/2026 19:36,16.125,0.001,8
29/01/2026 19:06,16.125,0.001,8.01
29/01/2026 18:36,16.125,0.001,8.02
29/01/2026 18:06,16.25,0.001,8.02
29/01/2026 17:36,16.25,0.001,8.02
29/01/2026 17:06,16.25,0.001,8.02
29/01/2026 16:36,16.25,0.001,8.01
29/01/2026 16:06,16.25,0.001,8.01
29/01/2026 15:36,16.25,0.001,8
29/01/2026 15:06,16.125,0.001,8
29/01/2026 14:36,16.125,0.001,7.99
29/01/2026 14:06,16.25,0.001,7.98
29/01/2026 13:36,16.125,0.001,7.98
29/01/2026 13:06,16,0.001,7.98
29/01/2026 12:36,16,0.001,7.97
29/01/2026 12:06,15.875,0.001,7.98
29/01/2026 12:06,15.875,0.001,7.98
29/01/2026 11:36,16,0.001,7.98
29/01/2026 11:06,15.875,0.001,7.97
29/01/2026 10:36,15.75,0.001,7.96
29/01/2026 10:06,16.625,0.001,7.96
29/01/2026 09:36,15.625,0.001,7.96
29/01/2026 09:06,15.5,0.001,7.95
29/01/2026 08:36,15.5,0.001,7.95
29/01/2026 08:06,15.625,0.001,7.94
29/01/2026 07:36,15.5,0.001,7.94
29/01/2026 07:06,15.625,0.001,7.94
29/01/2026 06:36,15.625,0.001,7.94
29/01/2026 06:06,15.5,0.001,7.94
29/01/2026 05:36,15.625,0.001,7.95
29/01/2026 05:06,15.5,0.001,7.95
29/01/2026 04:36,15.625,0.001,7.95
29/01/2026 04:06,15.375,0.001,7.96
29/01/2026 03:36,15.5,0.001,7.96
29/01/2026 03:06,16.5,0.001,7.96
29/01/2026 02:36,15.5,0.001,7.96
29/01/2026 02:06,14.75,0.001,7.97
29/01/2026 01:36,14.75,0.001,7.97
29/01/2026 01:06,14.75,0.001,7.97
29/01/2026 00:36,15.75,0.001,7.98
29/01/2026 00:06,16.625,0.001,7.98
28/01/2026 23:36,15.875,0.001,7.98
28/01/2026 23:06,15.75,0.001,7.99
28/01/2026 22:36,15.75,0.001,7.99
28/01/2026 22:06,15.75,0.001,8
28/01/2026 21:36,15.75,0.001,8
28/01/2026 21:06,15.75,0.001,8.01
28/01/2026 20:36,16,0.001,8.01
28/01/2026 20:06,15.875,0.001,8.01
28/01/2026 19:36,16,0.001,8.02
28/01/2026 19:06,16,0.001,8.02
28/01/2026 18:36,16.125,0.001,8.02
28/01/2026 18:06,16,0.001,8.03
28/01/2026 17:36,16,0.001,8.03
28/01/2026 17:06,16.125,0.001,8.03
28/01/2026 16:36,16.25,0.001,8.02
28/01/2026 16:06,16.25,0.001,8.01
28/01/2026 15:36,16.25,0.001,8.01
28/01/2026 15:06,16.25,0.001,8.01
28/01/2026 14:36,16.25,0.001,8.01
28/01/2026 14:06,16.25,0.001,8
28/01/2026 13:36,16.125,0.001,8
28/01/2026 13:06,16.125,0.001,7.99
28/01/2026 12:36,16,0.001,7.99
28/01/2026 12:06,16.125,0.001,7.98
28/01/2026 12:06,16.125,0.001,7.98
28/01/2026 11:36,16,0.001,7.97
28/01/2026 11:06,16,0.001,7.97
28/01/2026 10:36,15.875,0.001,7.97
28/01/2026 10:36,15.875,0.001,7.97
28/01/2026 10:06,16,0.001,7.96
28/01/2026 10:06,16,0.001,7.96
28/01/2026 09:36,15.875,0.001,7.95
28/01/2026 09:06,15.875,0.001,7.95
28/01/2026 08:36,15.75,0.001,7.95
28/01/2026 08:06,15.75,0.001,7.94
28/01/2026 07:36,15.875,0.001,7.94
28/01/2026 07:06,15.75,0.001,7.94
28/01/2026 06:36,15.75,0.001,7.94
28/01/2026 06:06,15.75,0.001,7.94
28/01/2026 05:36,15.875,0.001,7.94
28/01/2026 05:06,15.75,0.001,7.95
28/01/2026 04:36,15.75,0.001,7.95
28/01/2026 04:06,15.75,0.001,7.95
28/01/2026 03:36,14.75,0.001,7.96
28/01/2026 03:06,15.75,0.001,7.96
28/01/2026 02:36,15.75,0.001,7.96
28/01/2026 02:06,15.625,0.001,7.96
28/01/2026 01:36,15.75,0.001,7.97
28/01/2026 01:06,15.875,0.001,7.97
28/01/2026 00:36,15.875,0.001,7.98
28/01/2026 00:06,15.875,0.001,7.98
27/01/2026 23:36,15.75,0.001,7.98
27/01/2026 23:06,15.875,0.001,7.99
27/01/2026 22:36,14.75,0.001,7.99
27/01/2026 22:06,15.875,0.001,7.99
27/01/2026 21:36,15.875,0.001,8
27/01/2026 21:06,14.75,0.001,8
27/01/2026 20:36,15.75,0.001,8
27/01/2026 20:06,15.75,0.001,8.01
27/01/2026 19:36,15.75,0.001,8.01
27/01/2026 19:06,15.75,0.001,8.01
27/01/2026 19:06,15.75,0.001,8.01
27/01/2026 18:36,15.75,0.001,8.02
27/01/2026 18:06,15.875,0.001,8.02
27/01/2026 17:36,15.875,0.001,8.02
27/01/2026 17:06,16,0.001,8.02
27/01/2026 16:36,16.125,0.001,8.01
27/01/2026 16:06,16,0.001,8.02
27/01/2026 15:36,16.125,0.001,8.01
27/01/2026 15:36,16.125,0.001,8.01
27/01/2026 15:06,16.125,0.001,8.01
27/01/2026 14:36,16,0.001,8
27/01/2026 14:06,16,0.001,7.99
27/01/2026 13:36,16.125,0.001,7.99
27/01/2026 13:06,15.875,0.001,7.98
27/01/2026 13:06,15.875,0.001,7.98
27/01/2026 12:36,16,0.001,7.98
27/01/2026 12:06,15.875,0.001,7.97
27/01/2026 11:36,15.875,0.001,7.97
27/01/2026 11:06,15.875,0.001,7.96
27/01/2026 10:36,15.875,0.001,7.96
27/01/2026 10:06,15.875,0.001,7.95
27/01/2026 09:36,15.75,0.001,7.94
27/01/2026 09:06,15.875,0.001,7.94
27/01/2026 08:36,15.875,0.001,7.94
27/01/2026 08:06,14.875,0.001,7.93
27/01/2026 08:06,14.875,0.001,7.93
27/01/2026 07:36,15.75,0.001,7.93
27/01/2026 07:06,15.75,0.001,7.93
27/01/2026 06:36,14.75,0.001,7.93
27/01/2026 06:06,14.75,0.001,7.94
27/01/2026 05:36,15.875,0.001,7.94
27/01/2026 05:06,15.75,0.001,7.94
27/01/2026 04:36,15.75,0.001,7.94
27/01/2026 04:06,15.875,0.001,7.95
27/01/2026 03:36,16.625,0.001,7.95
27/01/2026 03:06,16.625,0.001,7.95
27/01/2026 02:36,15.875,0.001,7.96
27/01/2026 02:06,15.875,0.001,7.96
27/01/2026 01:36,15.75,0.001,7.96
27/01/2026 01:06,15.75,0.001,7.96
27/01/2026 00:36,16.625,0.001,7.96
27/01/2026 00:06,15.875,0.001,7.97
26/01/2026 23:36,15.75,0.001,7.97
26/01/2026 23:36,15.75,0.001,7.97
26/01/2026 23:06,15.75,0.001,7.97
26/01/2026 22:36,15.75,0.001,7.97
26/01/2026 22:06,15.75,0.001,7.98
26/01/2026 21:36,15.875,0.001,7.98
26/01/2026 21:06,15.75,0.001,7.98
26/01/2026 20:36,16,0.001,7.98
26/01/2026 20:06,15.875,0.001,7.99
26/01/2026 19:36,16,0.001,8
26/01/2026 19:06,16.125,0.001,8
26/01/2026 18:36,16.125,0.001,8
26/01/2026 18:06,16.25,0.001,8.01
26/01/2026 17:36,16.125,0.001,8.01
26/01/2026 17:06,16.125,0.001,8
26/01/2026 16:36,16.25,0.001,8
26/01/2026 16:06,16.125,0.001,8
26/01/2026 15:36,16.125,0.001,8
26/01/2026 15:06,16.125,0.001,7.99
26/01/2026 14:36,16.25,0.001,7.99
26/01/2026 14:06,16,0.001,7.99
26/01/2026 13:36,16.125,0.001,7.98
26/01/2026 13:06,16,0.001,7.98
26/01/2026 12:36,16.125,0.001,7.97
26/01/2026 12:06,15.875,0.001,7.97
26/01/2026 11:36,16,0.001,7.96
26/01/2026 11:06,15.875,0.001,7.96
26/01/2026 11:06,15.875,0.001,7.96
26/01/2026 10:36,15.75,0.001,7.95
26/01/2026 10:06,15.75,0.001,7.95
26/01/2026 09:36,14.875,0.001,7.95
26/01/2026 09:06,15.875,0.001,7.94
26/01/2026 08:36,15.625,0.001,7.94
26/01/2026 08:06,15.625,0.001,7.93
26/01/2026 07:36,16.5,0.001,7.93
26/01/2026 07:06,14.75,0.001,7.93
26/01/2026 06:36,14.75,0.001,7.93
26/01/2026 06:06,14.75,0.001,7.93
26/01/2026 05:36,15.625,0.001,7.93
26/01/2026 05:06,15.5,0.001,7.93
26/01/2026 04:36,15.75,0.001,7.94
26/01/2026 04:06,15.625,0.001,7.94
26/01/2026 03:36,15.625,0.001,7.94
26/01/2026 03:06,15.75,0.001,7.94
26/01/2026 02:36,15.625,0.001,7.95
26/01/2026 02:06,15.5,0.001,7.95
26/01/2026 01:36,15.625,0.001,7.95
26/01/2026 01:06,15.625,0.001,7.96
26/01/2026 00:36,15.625,0.001,7.96
26/01/2026 00:36,15.625,0.001,7.96
26/01/2026 00:06,15.5,0.001,7.96
25/01/2026 23:36,15.625,0.001,7.96
25/01/2026 23:06,15.75,0.001,7.96
25/01/2026 22:36,15.625,0.001,7.97
25/01/2026 22:06,15.5,0.001,7.97
25/01/2026 21:36,15.625,0.001,7.98
25/01/2026 21:06,15.625,0.001,7.98
25/01/2026 20:36,15.5,0.001,7.98
25/01/2026 20:06,15.625,0.001,7.98
25/01/2026 19:36,15.375,0.001,7.99
25/01/2026 19:06,15.5,0.001,7.99
25/01/2026 18:36,15.5,0.001,7.99
25/01/2026 18:06,14.75,0.001,8
25/01/2026 17:36,15.5,0.001,8
25/01/2026 17:06,15.625,0.001,7.99
25/01/2026 16:36,15.625,0.001,7.99
25/01/2026 16:06,15.625,0.001,7.99
25/01/2026 16:06,15.625,0.001,7.99
25/01/2026 15:36,15.5,0.001,7.98
25/01/2026 15:06,15.625,0.001,7.98
25/01/2026 14:36,15.5,0.001,7.97
25/01/2026 14:06,15.5,0.001,7.97
25/01/2026 13:36,15.375,0.001,7.96
25/01/2026 13:06,15.5,0.001,7.95
25/01/2026 12:36,15.5,0.001,7.95
25/01/2026 12:06,15.375,0.001,7.95
25/01/2026 11:36,15.25,0.001,7.94
25/01/2026 11:06,15.375,0.001,7.94
25/01/2026 10:36,15.25,0.001,7.94
25/01/2026 10:06,15.25,0.001,7.92
25/01/2026 09:36,15.25,0.001,7.92
25/01/2026 09:06,15.125,0.001,7.92
25/01/2026 08:36,15.125,0.001,7.91
25/01/2026 08:36,15.125,0.001,7.91
25/01/2026 08:06,14.875,0.001,7.91
25/01/2026 07:36,15.125,0.001,7.91
25/01/2026 07:06,15.125,0.001,7.9
25/01/2026 06:36,15.125,0.001,7.9
25/01/2026 06:06,15,0.001,7.91
25/01/2026 05:36,15,0.001,7.91
25/01/2026 05:06,15,0.001,7.91
25/01/2026 04:36,15,0.001,7.92
25/01/2026 04:06,15.125,0.001,7.92
25/01/2026 03:36,14.875,0.001,7.92
25/01/2026 03:06,15.25,0.001,7.92
25/01/2026 02:36,15,0.001,7.92
25/01/2026 02:06,15,0.001,7.92
25/01/2026 01:36,15.25,0.001,7.92
25/01/2026 01:06,15,0.001,7.93
25/01/2026 00:36,15.125,0.001,7.93
25/01/2026 00:06,15.125,0.001,7.93
24/01/2026 23:36,15,0.001,7.94
24/01/2026 23:06,15.125,0.001,7.94
24/01/2026 22:36,15.125,0.001,7.95
24/01/2026 22:06,15.125,0.001,7.95
24/01/2026 21:36,15.125,0.001,7.95
24/01/2026 21:06,15.125,0.001,7.95
24/01/2026 20:36,15.25,0.001,7.96
24/01/2026 20:06,15.25,0.001,7.96
24/01/2026 19:36,15.25,0.001,7.96
24/01/2026 19:06,15.375,0.001,7.96
24/01/2026 18:36,15.25,0.001,7.97
24/01/2026 18:06,15.375,0.001,7.97
24/01/2026 17:36,15.25,0.001,7.97
24/01/2026 17:06,15.375,0.001,7.97
24/01/2026 16:36,15.25,0.001,7.96
24/01/2026 16:06,15.375,0.001,7.96
24/01/2026 15:36,15.5,0.001,7.96
24/01/2026 15:06,15.25,0.001,7.96
24/01/2026 14:36,15.375,0.001,7.95
24/01/2026 14:06,15.375,0.001,7.95
24/01/2026 13:36,15.25,0.001,7.94
24/01/2026 13:06,15.25,0.001,7.93
24/01/2026 12:36,15.5,0.001,7.93
24/01/2026 12:06,15.25,0.001,7.93
24/01/2026 11:36,15.25,0.001,7.92
24/01/2026 11:06,15.25,0.001,7.91
24/01/2026 10:36,15.25,0.001,7.91
24/01/2026 10:06,15.5,0.001,7.91
24/01/2026 09:36,15.375,0.001,7.9
24/01/2026 09:06,15.25,0.001,7.9
24/01/2026 09:06,15.25,0.001,7.9
24/01/2026 08:36,15.25,0.001,7.89
24/01/2026 08:06,15.375,0.001,7.89
24/01/2026 07:36,15.5,0.001,7.89
24/01/2026 07:06,15.375,0.001,7.89
24/01/2026 06:36,15.5,0.001,7.89
24/01/2026 06:36,15.5,0.001,7.89
24/01/2026 06:06,15.25,0.001,7.89
24/01/2026 05:36,15.375,0.001,7.89
24/01/2026 05:06,15.375,0.001,7.9
24/01/2026 04:36,15.5,0.001,7.9
24/01/2026 04:06,15.625,0.001,7.9
24/01/2026 03:36,15.5,0.001,7.91
24/01/2026 03:06,15.5,0.001,7.91
24/01/2026 02:36,16.625,0.001,7.92
24/01/2026 02:06,15.5,0.001,7.92
24/01/2026 01:36,15.625,0.001,7.93
24/01/2026 01:06,15.625,0.001,7.93
24/01/2026 00:36,15.625,0.001,7.93
24/01/2026 00:06,14.75,0.001,7.94
23/01/2026 23:36,16.625,0.001,7.94
23/01/2026 23:06,16.625,0.001,7.94
23/01/2026 22:36,15.75,0.001,7.94
23/01/2026 22:06,15.75,0.001,7.95
23/01/2026 21:36,15.75,0.001,7.95
23/01/2026 21:06,15.75,0.001,7.96
23/01/2026 20:36,15.875,0.001,7.97
23/01/2026 20:06,15.875,0.001,7.97
23/01/2026 19:36,15.875,0.001,7.97
23/01/2026 19:06,15.875,0.001,7.97
23/01/2026 18:36,15.875,0.001,7.97
23/01/2026 18:06,15.875,0.001,7.98
23/01/2026 17:36,16,0.001,7.97
23/01/2026 17:06,16.125,0.001,7.97
23/01/2026 16:36,16,0.001,7.97
23/01/2026 16:06,16.125,0.001,7.97
23/01/2026 15:36,16,0.001,7.97
23/01/2026 15:36,16,0.001,7.97
23/01/2026 15:06,16,0.001,7.97
23/01/2026 14:36,15.75,0.001,7.97
23/01/2026 14:06,15.75,0.001,7.96
23/01/2026 13:36,15,0.001,7.96
23/01/2026 13:06,15.75,0.001,7.96
23/01/2026 12:36,15.875,0.001,7.96
23/01/2026 12:06,15.75,0.001,7.95
23/01/2026 11:36,14.75,0.001,7.95
23/01/2026 11:06,15.75,0.001,7.94
23/01/2026 10:36,15.75,0.001,7.94
23/01/2026 10:06,14.75,0.001,7.93
23/01/2026 09:36,14.75,0.001,7.93
23/01/2026 09:06,15.625,0.001,7.93
23/01/2026 08:36,14.875,0.001,7.92
23/01/2026 08:06,15.75,0.001,7.92
23/01/2026 07:36,15.75,0.001,7.92
23/01/2026 07:06,15.625,0.001,7.92
23/01/2026 06:36,15.75,0.001,7.92
23/01/2026 06:06,14.75,0.001,7.92
23/01/2026 05:36,15.75,0.001,7.92
23/01/2026 05:06,15.75,0.001,7.92
23/01/2026 04:36,15.75,0.001,7.92
23/01/2026 04:06,15.75,0.001,7.92
23/01/2026 03:36,14.75,0.001,7.92
23/01/2026 03:06,15.875,0.001,7.91
23/01/2026 02:36,15.625,0.001,7.91
23/01/2026 02:06,15.75,0.001,7.91
23/01/2026 01:36,16.625,0.001,7.9
23/01/2026 01:06,15.75,0.001,7.9
23/01/2026 00:36,15.875,0.001,7.89
23/01/2026 00:06,15.75,0.001,7.88
22/01/2026 23:36,15.875,0.001,7.89
22/01/2026 23:06,15.75,0.001,7.9
22/01/2026 22:36,15.75,0.001,7.92
22/01/2026 22:06,15.75,0.001,7.95
22/01/2026 21:36,15.75,0.001,7.97
22/01/2026 21:06,15.75,0.001,7.99
22/01/2026 20:36,15.75,0.001,7.99
22/01/2026 20:19,15.75,0.001,7.99
22/01/2026 20:15,16,0.001,8
22/01/2026 20:15,15.875,0.001,8.7
22/01/2026 20:06,15.75,0.001,8
22/01/2026 19:36,15.875,0.001,8
22/01/2026 19:06,15.875,0.001,8
22/01/2026 18:36,16,0.001,8
22/01/2026 18:06,16,0.001,8
22/01/2026 17:36,16.125,0.001,7.99
22/01/2026 17:06,16,0.001,7.98
22/01/2026 16:36,16.125,0.001,7.96
22/01/2026 16:06,16.125,0.001,7.94
22/01/2026 15:36,16.125,0.002,7.92
22/01/2026 15:09,16.125,0.002,7.89
22/01/2026 13:06,16,0.002,7.61
22/01/2026 12:46,16.125,0.002,7.51
22/01/2026 12:36,16.25,0.002,7.44
22/01/2026 12:06,16.125,0.002,7.18
22/01/2026 12:06,16.125,0.002,7.18
22/01/2026 11:36,16.125,0.002,6.86
22/01/2026 11:06,15.875,0.003,6.53
22/01/2026 10:36,16,0.003,6.4
22/01/2026 10:06,16.125,0.004,6.4
22/01/2026 09:36,16,0.006,6.4
22/01/2026 09:16,15.875,0.009,6.4
22/01/2026 09:06,15.625,0.001,7.94
22/01/2026 08:36,15.75,0.001,7.94
22/01/2026 08:06,14.75,0.001,7.94
22/01/2026 07:36,15.875,0.001,7.93
22/01/2026 07:06,15.75,0.001,7.93
22/01/2026 06:36,15.875,0.001,7.93
22/01/2026 06:06,15.75,0.001,7.93
22/01/2026 05:36,15.75,0.001,7.93
22/01/2026 05:06,15.75,0.001,7.93
22/01/2026 04:36,15.875,0.001,7.94
22/01/2026 04:06,15.75,0.001,7.94
22/01/2026 03:36,15.875,0.001,7.94
22/01/2026 03:06,15.875,0.001,7.95
22/01/2026 02:36,16.625,0.001,7.95
22/01/2026 02:36,16.625,0.001,7.95
22/01/2026 02:06,15.75,0.001,7.95
22/01/2026 01:36,15.75,0.001,7.96
22/01/2026 01:06,15.75,0.001,7.96
22/01/2026 00:36,15.875,0.001,7.96
22/01/2026 00:06,15.875,0.001,7.96
21/01/2026 23:36,15.75,0.001,7.97
21/01/2026 23:06,15.875,0.001,7.97
21/01/2026 22:36,15.875,0.001,7.97
21/01/2026 22:06,16,0.001,7.98
21/01/2026 21:36,15.875,0.001,7.98
21/01/2026 21:06,16,0.001,7.98
21/01/2026 20:36,16,0.001,7.98
21/01/2026 20:06,16.125,0.001,7.99
21/01/2026 19:36,16.125,0.001,7.99
21/01/2026 19:06,16,0.001,8
21/01/2026 19:06,16,0.001,8
21/01/2026 18:36,16,0.001,8
21/01/2026 18:06,16.25,0.001,8
21/01/2026 17:36,16.25,0.001,8
21/01/2026 17:06,16.25,0.001,8
21/01/2026 16:36,16.25,0.001,8
21/01/2026 16:06,16.25,0.001,7.99
21/01/2026 15:36,16.5,0.001,8
21/01/2026 15:06,16.375,0.001,8
21/01/2026 14:36,16.5,0.001,7.99
21/01/2026 14:06,16.25,0.001,7.99
21/01/2026 13:36,16.25,0.001,7.98
21/01/2026 13:06,16,0.001,7.98
21/01/2026 12:36,16,0.001,7.97
21/01/2026 12:06,16.125,0.001,7.96
21/01/2026 11:36,15.75,0.001,7.96
21/01/2026 11:06,16.625,0.001,7.95
21/01/2026 10:36,15.75,0.001,7.95
21/01/2026 10:06,15.5,0.001,7.95
21/01/2026 09:36,15.5,0.001,7.94
21/01/2026 09:06,15.375,0.001,7.94
21/01/2026 09:06,15.375,0.001,7.94
21/01/2026 08:36,15.25,0.001,7.93
21/01/2026 08:06,15.25,0.001,7.93
21/01/2026 07:36,15,0.001,7.92
21/01/2026 07:06,14.875,0.001,7.92
21/01/2026 06:36,15.125,0.001,7.92
21/01/2026 06:06,15,0.001,7.92
21/01/2026 05:36,15.125,0.001,7.92
21/01/2026 05:06,15.125,0.001,7.93
21/01/2026 04:36,15.125,0.001,7.93
21/01/2026 04:06,15.125,0.001,7.93
21/01/2026 03:36,15.25,0.001,7.93
21/01/2026 03:06,15.25,0.001,7.94
21/01/2026 02:36,15.125,0.001,7.94
21/01/2026 02:06,15.25,0.001,7.94
21/01/2026 01:36,15.25,0.001,7.94
21/01/2026 01:06,15.375,0.001,7.95
21/01/2026 00:36,15.375,0.001,7.95
21/01/2026 00:06,15.375,0.001,7.95
20/01/2026 23:36,15.375,0.001,7.95
20/01/2026 23:06,15.625,0.001,7.96
20/01/2026 22:36,15.5,0.001,7.96
20/01/2026 22:06,15.5,0.001,7.96
20/01/2026 21:36,15.5,0.001,7.96
20/01/2026 21:06,15.375,0.001,7.97
20/01/2026 20:36,15.5,0.001,7.97
20/01/2026 20:06,15.625,0.001,7.98
20/01/2026 19:36,15.625,0.001,7.98
20/01/2026 19:06,15.625,0.001,7.98
20/01/2026 19:06,15.625,0.001,7.98
20/01/2026 18:36,15.75,0.001,7.98
20/01/2026 18:06,15.625,0.001,7.99
20/01/2026 17:36,15.5,0.001,7.99
20/01/2026 17:06,15.625,0.001,7.98
20/01/2026 16:36,15.5,0.001,7.98
20/01/2026 16:06,15.5,0.001,7.98
20/01/2026 15:36,15.375,0.001,7.98
20/01/2026 15:06,15.25,0.001,7.97
20/01/2026 14:36,15.25,0.001,7.97
20/01/2026 14:36,15.25,0.001,7.97
20/01/2026 14:06,15,0.001,7.96
20/01/2026 13:36,15.625,0.001,7.96
20/01/2026 13:06,14.875,0.001,7.96
20/01/2026 12:36,14.5,0.001,7.95
20/01/2026 12:06,14.5,0.001,7.95
20/01/2026 11:36,13.375,0.001,7.94
20/01/2026 11:06,15.25,0.001,7.94
20/01/2026 10:36,15.375,0.001,7.97
20/01/2026 10:06,15.25,0.001,7.96
20/01/2026 09:36,15.25,0.001,7.95
20/01/2026 09:06,15.25,0.001,7.95
20/01/2026 08:36,15.125,0.001,7.95
20/01/2026 08:06,15.375,0.001,7.95
20/01/2026 07:36,15.125,0.001,7.94
20/01/2026 07:06,15.125,0.001,7.95
20/01/2026 06:36,15.125,0.001,7.95
20/01/2026 06:06,15.25,0.001,7.95
20/01/2026 05:36,15.25,0.001,7.95
20/01/2026 05:06,15.375,0.001,7.95
20/01/2026 04:36,15.25,0.001,7.96
20/01/2026 04:06,15.375,0.001,7.96
20/01/2026 03:36,15.375,0.001,7.96
20/01/2026 03:06,15.375,0.001,7.96
20/01/2026 02:36,15.5,0.001,7.97
20/01/2026 02:06,15.375,0.001,7.97
20/01/2026 01:36,15.5,0.001,7.97
20/01/2026 01:06,15.625,0.001,7.97
20/01/2026 00:36,15.5,0.001,7.98
20/01/2026 00:06,14.75,0.001,7.98
19/01/2026 23:36,14.75,0.001,7.98
19/01/2026 23:06,15.875,0.001,7.98
19/01/2026 22:36,15.75,0.001,7.99
19/01/2026 22:36,15.75,0.001,7.99
19/01/2026 22:06,15.75,0.001,7.99
19/01/2026 21:36,15.75,0.001,7.99
19/01/2026 21:06,15.875,0.001,8
19/01/2026 20:36,16,0.001,8
19/01/2026 20:06,16,0.001,8
19/01/2026 19:36,16,0.001,8
19/01/2026 19:06,16.125,0.001,8.01
19/01/2026 18:36,16.125,0.001,8.01
19/01/2026 18:06,16.25,0.001,8.01
19/01/2026 17:36,16.125,0.001,8.01
19/01/2026 17:06,16.125,0.001,8.01
19/01/2026 16:36,16,0.001,8.01
19/01/2026 16:36,16,0.001,8.01
19/01/2026 16:06,16,0.001,8
19/01/2026 15:36,15.75,0.001,8
19/01/2026 15:06,15.75,0.001,8
19/01/2026 14:36,15.625,0.001,7.99
19/01/2026 14:06,15.5,0.001,7.99
19/01/2026 13:36,15.375,0.001,7.99
19/01/2026 13:06,15.25,0.001,7.98
19/01/2026 12:36,15.125,0.001,7.98
19/01/2026 12:06,15.125,0.001,7.97
19/01/2026 11:36,14.875,0.001,7.97
19/01/2026 11:36,14.875,0.001,7.97
19/01/2026 11:06,14.75,0.001,7.97
19/01/2026 10:36,13.75,0.001,7.96
19/01/2026 10:06,14.625,0.001,7.96
19/01/2026 09:36,14.5,0.001,7.95
19/01/2026 09:06,14.375,0.001,7.96
19/01/2026 08:36,15.625,0.001,7.95
19/01/2026 08:06,14.75,0.001,7.95
19/01/2026 07:36,13.75,0.001,7.95
19/01/2026 07:06,14.625,0.001,7.95
19/01/2026 06:36,14.625,0.001,7.95
19/01/2026 06:06,15.625,0.001,7.95
19/01/2026 05:36,15.625,0.001,7.95
19/01/2026 05:06,14.625,0.001,7.95
19/01/2026 04:36,14.625,0.001,7.95
19/01/2026 04:06,14.75,0.001,7.96
19/01/2026 03:36,14.75,0.001,7.96
19/01/2026 03:06,15.5,0.001,7.96
19/01/2026 02:36,14.75,0.001,7.96
19/01/2026 02:06,14.875,0.001,7.97
19/01/2026 01:36,14.625,0.001,7.97
19/01/2026 01:06,14.75,0.001,7.97
19/01/2026 00:36,14.75,0.001,7.97
19/01/2026 00:06,14.875,0.001,7.98
18/01/2026 23:36,14.875,0.001,7.98
18/01/2026 23:06,15,0.001,7.98
18/01/2026 22:36,14.875,0.001,7.99
18/01/2026 22:06,14.875,0.001,7.99
18/01/2026 21:36,14.875,0.001,7.99
18/01/2026 21:06,15,0.001,7.99
18/01/2026 20:36,15,0.001,8
18/01/2026 20:06,14.875,0.001,8
18/01/2026 19:36,15,0.001,8
18/01/2026 19:06,15,0.001,8.01
18/01/2026 18:36,15,0.001,8.01
18/01/2026 18:06,15.125,0.001,8.01
18/01/2026 17:36,15.125,0.001,8.01
18/01/2026 17:06,15.125,0.001,8.01
18/01/2026 16:36,15.25,0.001,8.01
18/01/2026 16:06,15.125,0.001,8.01
18/01/2026 15:36,15.125,0.001,8.01
18/01/2026 15:06,15.125,0.001,8
18/01/2026 14:36,14.875,0.001,8
18/01/2026 14:06,15,0.001,8
18/01/2026 13:36,15.125,0.001,7.99
18/01/2026 13:06,14.875,0.001,7.99
18/01/2026 12:36,15.125,0.001,7.99
18/01/2026 12:06,15.125,0.001,7.98
18/01/2026 11:36,15,0.001,7.98
18/01/2026 11:06,15,0.001,7.98
18/01/2026 10:36,15,0.001,7.97
18/01/2026 10:06,15,0.001,7.97
18/01/2026 09:36,14.875,0.001,7.97
18/01/2026 09:06,15,0.001,7.97
18/01/2026 08:36,15,0.001,7.96
18/01/2026 08:06,15,0.001,7.96
18/01/2026 07:36,15,0.001,7.96
18/01/2026 07:06,14.875,0.001,7.96
18/01/2026 07:06,14.875,0.001,7.96
18/01/2026 06:36,14.875,0.001,7.96
18/01/2026 06:06,14.875,0.001,7.96
18/01/2026 05:36,14.75,0.001,7.96
18/01/2026 05:06,14.875,0.001,7.96
18/01/2026 04:36,14.875,0.001,7.96
18/01/2026 04:06,15,0.001,7.97
18/01/2026 03:36,15,0.001,7.97
18/01/2026 03:06,15,0.001,7.97
18/01/2026 02:36,14.875,0.001,7.97
18/01/2026 02:06,15,0.001,7.98
18/01/2026 01:36,15,0.001,7.98
18/01/2026 01:06,15.125,0.001,7.98
18/01/2026 00:36,15.125,0.001,7.99
18/01/2026 00:06,15.125,0.001,7.99
17/01/2026 23:36,15.25,0.001,7.99
17/01/2026 23:06,15.375,0.001,8
17/01/2026 22:36,15.25,0.001,8
17/01/2026 22:06,15.25,0.001,8
17/01/2026 21:36,15.25,0.001,8
17/01/2026 21:06,15.25,0.001,8.01
17/01/2026 20:36,15.375,0.001,8.01
17/01/2026 20:06,15.5,0.001,8.01
17/01/2026 19:36,15.25,0.001,8.01
17/01/2026 19:06,15.375,0.001,8.02
17/01/2026 19:06,15.375,0.001,8.02
17/01/2026 18:36,15.375,0.001,8.02
17/01/2026 18:06,15.5,0.001,8.02
17/01/2026 17:36,15.5,0.001,8.02
17/01/2026 17:06,15.5,0.001,8.02
17/01/2026 16:36,15.5,0.001,8.02
17/01/2026 16:06,15.625,0.001,8.02
17/01/2026 15:36,14.75,0.001,8.02
17/01/2026 15:36,14.75,0.001,8.02
17/01/2026 15:06,15.5,0.001,8.01
17/01/2026 14:36,15.75,0.001,8.01
17/01/2026 14:06,15.625,0.001,8.01
17/01/2026 13:36,15.625,0.001,8
17/01/2026 13:06,15.625,0.001,8
17/01/2026 12:36,15.625,0.001,8
17/01/2026 12:06,15.375,0.001,7.99
17/01/2026 11:36,15.625,0.001,7.99
17/01/2026 11:06,15.375,0.001,7.98
17/01/2026 10:36,15.5,0.001,7.98
17/01/2026 10:06,15.5,0.001,7.98
17/01/2026 09:36,15.5,0.001,7.98
17/01/2026 09:06,15.625,0.001,7.97
17/01/2026 08:36,15.375,0.001,7.97
17/01/2026 08:06,15.625,0.001,7.97
17/01/2026 07:36,15.625,0.001,7.96
17/01/2026 07:06,15.625,0.001,7.96
17/01/2026 06:36,15.5,0.001,7.96
17/01/2026 06:06,15.5,0.001,7.96
17/01/2026 05:36,15.625,0.001,7.96
17/01/2026 05:06,15.625,0.001,7.96
17/01/2026 04:36,15.625,0.001,7.97
17/01/2026 04:06,14.75,0.001,7.97
17/01/2026 03:36,14.75,0.001,7.97
17/01/2026 03:06,15.5,0.001,7.97
17/01/2026 02:36,15.625,0.001,7.98
17/01/2026 02:06,15.625,0.001,7.98
17/01/2026 01:36,16.625,0.001,7.98
17/01/2026 01:06,15.625,0.001,7.99
17/01/2026 00:36,15.75,0.001,7.99
17/01/2026 00:06,16.625,0.001,7.99
16/01/2026 23:36,15.875,0.001,7.99
16/01/2026 23:06,14.75,0.001,8
16/01/2026 22:36,14.75,0.001,8
16/01/2026 22:06,15.875,0.001,8
16/01/2026 21:36,15.75,0.001,8
16/01/2026 21:06,15.75,0.001,8.01
16/01/2026 20:36,14.875,0.001,8.01
16/01/2026 20:36,14.875,0.001,8.01
16/01/2026 20:06,14.75,0.001,8.01
16/01/2026 19:36,14.75,0.001,8.01
16/01/2026 19:06,15.75,0.001,8.02
16/01/2026 18:36,15.75,0.001,8.02
16/01/2026 18:06,15.75,0.001,8.02
16/01/2026 17:36,15.875,0.001,8.02
16/01/2026 17:06,16,0.001,8.02
16/01/2026 16:36,16,0.001,8.02
16/01/2026 16:36,16,0.001,8.02
16/01/2026 16:06,15.875,0.001,8.02
16/01/2026 16:06,15.875,0.001,8.02
16/01/2026 15:36,16,0.001,8.01
16/01/2026 15:06,16,0.001,8.01
16/01/2026 14:36,15.875,0.001,8.01
16/01/2026 14:06,15.875,0.001,8
16/01/2026 13:36,16,0.001,8
16/01/2026 13:06,15.875,0.001,8
16/01/2026 12:36,15.875,0.001,8
16/01/2026 12:06,15.875,0.001,7.99
16/01/2026 11:36,15.875,0.001,7.99
16/01/2026 11:06,15.875,0.001,7.99
16/01/2026 10:36,15.75,0.001,7.98
16/01/2026 10:06,15.75,0.001,7.98
16/01/2026 09:36,14.75,0.001,7.97
16/01/2026 09:06,16.625,0.001,7.97
16/01/2026 08:36,15.75,0.001,7.97
16/01/2026 08:06,14.75,0.001,7.96
16/01/2026 07:36,15.75,0.001,7.96
16/01/2026 07:06,15.75,0.001,7.96
16/01/2026 06:36,14.875,0.001,7.96
16/01/2026 06:06,14.75,0.001,7.96
16/01/2026 05:36,15.75,0.001,7.96
16/01/2026 05:06,15.625,0.001,7.96
16/01/2026 05:06,15.625,0.001,7.96
16/01/2026 04:36,16.625,0.001,7.96
16/01/2026 04:06,15.625,0.001,7.96
16/01/2026 03:36,15.75,0.001,7.97
16/01/2026 03:06,14.875,0.001,7.97
16/01/2026 02:36,15.75,0.001,7.97
16/01/2026 02:06,14.75,0.001,7.97
16/01/2026 01:36,14.75,0.001,7.97
16/01/2026 01:06,15.625,0.001,7.98
16/01/2026 00:36,15.75,0.001,7.98
16/01/2026 00:06,15.5,0.001,7.98
15/01/2026 23:36,16.5,0.001,7.98
15/01/2026 23:06,14.75,0.001,7.99
15/01/2026 22:36,16.625,0.001,7.99
15/01/2026 22:06,14.75,0.001,7.99
15/01/2026 21:36,15.75,0.001,8
15/01/2026 21:06,15.625,0.001,8
15/01/2026 20:36,15.75,0.001,8
15/01/2026 20:06,14.75,0.001,8
15/01/2026 19:36,14.75,0.001,8
15/01/2026 19:06,14.75,0.001,8.01
15/01/2026 18:36,15.75,0.001,8.01
15/01/2026 18:06,14.75,0.001,8.01
15/01/2026 17:36,15.75,0.001,8.01
15/01/2026 17:06,16.625,0.001,8.01
15/01/2026 16:36,15.75,0.001,8.01
15/01/2026 16:06,16,0.001,8.01
15/01/2026 15:36,15.875,0.001,8
15/01/2026 15:06,15,0.001,8
15/01/2026 15:06,15,0.001,8
15/01/2026 14:36,16.625,0.001,8
15/01/2026 14:06,15.875,0.001,8
15/01/2026 13:36,15.75,0.001,7.99
15/01/2026 13:06,15.875,0.001,7.98
15/01/2026 12:36,15.75,0.001,7.98
15/01/2026 12:06,16.625,0.001,7.98
15/01/2026 11:36,16.625,0.001,7.98
15/01/2026 11:06,15.75,0.001,7.97
15/01/2026 10:36,15.625,0.001,7.97
15/01/2026 10:06,14.75,0.001,7.96
15/01/2026 09:36,15.625,0.001,7.96
15/01/2026 09:06,16.5,0.001,7.96
15/01/2026 09:06,16.5,0.001,7.96
15/01/2026 08:36,15.75,0.001,7.95
15/01/2026 08:06,14.75,0.001,7.95
15/01/2026 07:36,16.625,0.001,7.95
15/01/2026 07:06,15.875,0.001,7.94
15/01/2026 06:36,15.875,0.001,7.95
15/01/2026 06:36,15.875,0.001,7.95
15/01/2026 06:06,15.5,0.001,7.95
15/01/2026 05:36,15.625,0.001,7.95
15/01/2026 05:06,15.875,0.001,7.95
15/01/2026 05:06,15.875,0.001,7.95
15/01/2026 04:36,15.75,0.001,7.95
15/01/2026 04:06,16.625,0.001,7.95
15/01/2026 03:36,15.625,0.001,7.96
15/01/2026 03:06,15.875,0.001,7.96
15/01/2026 02:36,15.875,0.001,7.96
15/01/2026 02:06,15.75,0.001,7.96
15/01/2026 01:36,15.75,0.001,7.96
15/01/2026 01:06,14.75,0.001,7.96
15/01/2026 00:36,15.75,0.001,7.96
15/01/2026 00:06,16.625,0.001,7.97
14/01/2026 23:36,14.875,0.001,7.97
14/01/2026 23:06,15.625,0.001,7.97
14/01/2026 23:06,15.625,0.001,7.97
14/01/2026 22:36,15.75,0.001,7.98
14/01/2026 22:06,15.75,0.001,7.98
14/01/2026 21:36,15.875,0.001,7.98
14/01/2026 21:06,15.75,0.001,7.99
14/01/2026 20:36,15.75,0.001,7.99
14/01/2026 20:06,15.75,0.001,7.99
14/01/2026 19:36,16.625,0.001,7.99
14/01/2026 19:06,15.875,0.001,7.99
14/01/2026 18:36,15.75,0.001,8
14/01/2026 18:06,15.75,0.001,8
14/01/2026 17:36,15.875,0.001,8
14/01/2026 17:06,16.125,0.001,8
14/01/2026 16:36,16,0.001,7.99
14/01/2026 16:06,16.125,0.001,7.99
14/01/2026 15:36,16.125,0.001,7.99
14/01/2026 15:06,16.125,0.001,7.98
14/01/2026 14:36,16,0.001,7.98
14/01/2026 14:06,16.125,0.001,7.98
14/01/2026 13:36,15.75,0.001,7.97
14/01/2026 13:06,16,0.001,7.97
14/01/2026 12:36,15.875,0.001,7.96
14/01/2026 12:06,15.75,0.001,7.96
14/01/2026 11:36,15.75,0.001,7.95
14/01/2026 11:06,15.75,0.001,7.95
14/01/2026 10:36,15.875,0.001,7.95
14/01/2026 10:06,15.875,0.001,7.94
14/01/2026 09:36,15.875,0.001,7.94
14/01/2026 09:06,15.875,0.001,7.93
14/01/2026 08:36,15.75,0.001,7.93
14/01/2026 08:06,15.75,0.001,7.92
14/01/2026 07:36,16.625,0.001,7.92
14/01/2026 07:06,16.625,0.001,7.92
14/01/2026 06:36,14.75,0.001,7.92
14/01/2026 06:36,14.75,0.001,7.92
14/01/2026 06:06,15.875,0.001,7.92
14/01/2026 05:36,15.875,0.001,7.92
14/01/2026 05:06,15.75,0.001,7.92
14/01/2026 04:36,15.875,0.001,7.92
14/01/2026 04:06,15.875,0.001,7.92
14/01/2026 03:36,15.75,0.001,7.92
14/01/2026 03:06,15.875,0.001,7.92
14/01/2026 02:36,15.75,0.001,7.92
14/01/2026 02:06,15.75,0.001,7.92
14/01/2026 01:36,15.75,0.001,7.92
14/01/2026 01:06,16.625,0.001,7.93
14/01/2026 01:06,16.625,0.001,7.93
14/01/2026 00:36,15.75,0.001,7.93
14/01/2026 00:06,15.75,0.001,7.93
13/01/2026 23:36,15.875,0.001,7.93
13/01/2026 23:06,15.875,0.001,7.93
13/01/2026 22:36,15.875,0.001,7.93
13/01/2026 22:06,15.75,0.001,7.93
13/01/2026 21:36,15.875,0.001,7.94
13/01/2026 21:06,14.75,0.001,7.94
13/01/2026 20:36,15.75,0.001,7.94
13/01/2026 20:06,15.75,0.001,7.94
13/01/2026 19:36,15.75,0.001,7.94
13/01/2026 19:06,16.625,0.001,7.95
13/01/2026 18:36,15.75,0.001,7.95
13/01/2026 18:06,15.875,0.001,7.95
13/01/2026 17:36,15.875,0.001,7.95
13/01/2026 17:06,16,0.001,7.95
13/01/2026 16:36,15.875,0.001,7.95
13/01/2026 16:06,15.875,0.001,7.94
13/01/2026 15:36,15.875,0.001,7.94
13/01/2026 15:36,15.875,0.001,7.94
13/01/2026 15:06,15.875,0.001,7.94
13/01/2026 14:36,15.875,0.001,7.94
13/01/2026 14:06,16,0.001,7.94
13/01/2026 13:36,15.875,0.001,7.93
13/01/2026 13:06,14.875,0.001,7.93
13/01/2026 12:36,15.75,0.001,7.94
13/01/2026 12:06,15.75,0.001,7.94
13/01/2026 11:36,15.75,0.001,7.94
13/01/2026 11:36,15.75,0.001,7.94
13/01/2026 11:06,16.625,0.001,7.95
13/01/2026 10:36,16.625,0.001,7.96
13/01/2026 10:06,15.5,0.001,7.97
13/01/2026 09:36,15.625,0.001,7.96
13/01/2026 09:06,15.5,0.001,7.96
13/01/2026 08:36,15.5,0.001,7.95
13/01/2026 08:06,15.625,0.001,7.95
13/01/2026 07:36,15.5,0.001,7.95
13/01/2026 07:06,15.625,0.001,7.95
13/01/2026 06:36,15.625,0.001,7.94
13/01/2026 06:06,14.75,0.001,7.94
13/01/2026 05:36,15.625,0.001,7.95
13/01/2026 05:06,15.625,0.001,7.95
13/01/2026 04:36,16.5,0.001,7.95
13/01/2026 04:06,15.5,0.001,7.95
13/01/2026 03:36,16.625,0.001,7.96
13/01/2026 03:06,15.5,0.001,7.96
13/01/2026 02:36,15.625,0.001,7.96
13/01/2026 02:06,15.5,0.001,7.96
13/01/2026 01:36,15.625,0.001,7.96
13/01/2026 01:06,15.375,0.001,7.97
13/01/2026 00:36,14.75,0.001,7.97
13/01/2026 00:06,15.625,0.001,7.97
12/01/2026 23:36,15.625,0.001,7.97
12/01/2026 23:06,15.625,0.001,7.98
12/01/2026 23:06,15.625,0.001,7.98
12/01/2026 22:36,15.5,0.001,7.98
12/01/2026 22:06,15.625,0.001,7.98
12/01/2026 21:36,15.625,0.001,7.98
12/01/2026 21:06,15.625,0.001,7.99
12/01/2026 20:36,15.625,0.001,7.99
12/01/2026 20:06,16.625,0.001,7.99
12/01/2026 19:36,15.5,0.001,7.99
12/01/2026 19:06,15.375,0.001,8
12/01/2026 18:36,14.75,0.001,8
12/01/2026 18:06,14.75,0.001,8
12/01/2026 17:36,16.625,0.001,8
12/01/2026 17:06,15.75,0.001,8
12/01/2026 16:36,15.75,0.001,8
12/01/2026 16:06,14.75,0.001,7.99
12/01/2026 15:36,16.625,0.001,7.99
12/01/2026 15:06,16.625,0.001,7.99
12/01/2026 14:36,14.75,0.001,7.98
12/01/2026 14:06,15.5,0.001,7.98
12/01/2026 13:36,15.625,0.001,7.98
12/01/2026 13:06,14.75,0.001,7.98
12/01/2026 12:36,14.75,0.001,7.97
12/01/2026 12:06,15.5,0.001,7.97
12/01/2026 11:36,15.375,0.001,7.97
12/01/2026 11:06,15.375,0.001,7.96
12/01/2026 10:36,15.5,0.001,7.96
12/01/2026 10:06,15.5,0.001,7.95
12/01/2026 09:36,15.25,0.001,7.95
12/01/2026 09:06,15.375,0.001,7.95
12/01/2026 08:36,15.375,0.001,7.95
12/01/2026 08:06,15.375,0.001,7.95
12/01/2026 08:06,15.375,0.001,7.95
12/01/2026 07:36,15.25,0.001,7.94
12/01/2026 07:06,15.25,0.001,7.94
12/01/2026 06:36,15.25,0.001,7.94
12/01/2026 06:06,15.375,0.001,7.94
12/01/2026 05:36,15.375,0.001,7.94
12/01/2026 05:06,15.5,0.001,7.95
12/01/2026 04:36,15.5,0.001,7.94
12/01/2026 04:06,15.5,0.001,7.95
12/01/2026 03:36,15.5,0.001,7.95
12/01/2026 03:06,15.5,0.001,7.96
12/01/2026 02:36,15.5,0.001,7.96
12/01/2026 02:06,15.625,0.001,7.96
12/01/2026 01:36,15.625,0.001,7.96
12/01/2026 01:06,15.5,0.001,7.97
12/01/2026 00:36,15.5,0.001,7.97
12/01/2026 00:06,15.5,0.001,7.97
11/01/2026 23:36,15.625,0.001,7.98
11/01/2026 23:06,15.5,0.001,7.98
11/01/2026 22:36,15.5,0.001,7.98
11/01/2026 22:06,15.625,0.001,7.99
11/01/2026 21:36,14.75,0.001,7.99
11/01/2026 21:06,15.5,0.001,8
11/01/2026 20:36,14.75,0.001,8
11/01/2026 20:06,15.5,0.001,8.01
11/01/2026 19:36,15.625,0.001,8.01
11/01/2026 19:06,15.625,0.001,8.01
11/01/2026 18:36,14.75,0.001,8.02
11/01/2026 18:06,15.625,0.001,8.02
11/01/2026 17:36,15.75,0.001,8.02
11/01/2026 17:06,15.75,0.001,8.02
11/01/2026 16:36,15.875,0.001,8.02
11/01/2026 16:06,16.625,0.001,8.02
11/01/2026 15:36,15.75,0.001,8.01
11/01/2026 15:06,15.875,0.001,8.01
11/01/2026 14:36,14.75,0.001,8.01
11/01/2026 14:06,15.75,0.001,8.01
11/01/2026 13:36,15.5,0.001,8
11/01/2026 13:06,15.75,0.001,8
11/01/2026 12:36,15.5,0.001,7.99
11/01/2026 12:06,15.625,0.001,7.99
11/01/2026 12:06,15.625,0.001,7.99
11/01/2026 11:36,15.625,0.001,7.99
11/01/2026 11:06,15.625,0.001,7.98
11/01/2026 10:36,15.5,0.001,7.98
11/01/2026 10:06,15.625,0.001,7.98
11/01/2026 09:36,15.625,0.001,7.97
11/01/2026 09:06,15.5,0.001,7.97
11/01/2026 08:36,15.5,0.001,7.97
11/01/2026 08:06,15.625,0.001,7.96
11/01/2026 07:36,15.5,0.001,7.96
11/01/2026 07:06,15.5,0.001,7.96
11/01/2026 06:36,15.5,0.001,7.96
11/01/2026 06:06,15.5,0.001,7.96
11/01/2026 05:36,15.5,0.001,7.96
11/01/2026 05:06,15.5,0.001,7.97
11/01/2026 04:36,15.625,0.001,7.97
11/01/2026 04:06,15.625,0.001,7.97
11/01/2026 03:36,15.5,0.001,7.97
11/01/2026 03:06,15.625,0.001,7.98
11/01/2026 02:36,15.625,0.001,7.98
11/01/2026 02:06,15.625,0.001,7.98
11/01/2026 01:36,15.5,0.001,7.98
11/01/2026 01:06,15.5,0.001,7.98
11/01/2026 00:36,15.5,0.001,7.99
11/01/2026 00:06,15.5,0.001,7.99
10/01/2026 23:36,15.5,0.001,7.99
10/01/2026 23:06,15.5,0.001,7.99
10/01/2026 22:36,14.75,0.001,8
10/01/2026 22:06,15.5,0.001,8
10/01/2026 21:36,15.5,0.001,8.01
10/01/2026 21:06,16.625,0.001,8.01
10/01/2026 20:36,15.625,0.001,8.01
10/01/2026 20:06,16.5,0.001,8.01
10/01/2026 19:36,15.625,0.001,8.02
10/01/2026 19:06,15.625,0.001,8.02
10/01/2026 18:36,15.75,0.001,8.02
10/01/2026 18:06,15.75,0.001,8.03
10/01/2026 17:36,15.875,0.001,8.03
10/01/2026 17:06,16,0.001,8.02
10/01/2026 17:06,16,0.001,8.02
10/01/2026 16:36,15.875,0.001,8.02
10/01/2026 16:06,15.75,0.001,8.02
10/01/2026 15:36,16,0.001,8.02
10/01/2026 15:06,15.875,0.001,8.02
10/01/2026 14:36,15.875,0.001,8.01
10/01/2026 14:06,15.75,0.001,8.01
10/01/2026 13:36,15.875,0.001,8.01
10/01/2026 13:06,15.75,0.001,8
10/01/2026 12:36,15.875,0.001,8
10/01/2026 12:06,15.625,0.001,7.99
10/01/2026 11:36,15.625,0.001,7.99
10/01/2026 11:06,15.5,0.001,7.98
10/01/2026 10:36,15.625,0.001,7.98
10/01/2026 10:06,15.625,0.001,7.98
10/01/2026 09:36,15.5,0.001,7.97
10/01/2026 09:06,16.625,0.001,7.97
10/01/2026 08:36,15.875,0.001,7.97
10/01/2026 08:06,15.625,0.001,7.96
10/01/2026 07:36,16.5,0.001,7.96
10/01/2026 07:06,15.75,0.001,7.96
10/01/2026 06:36,15.875,0.001,7.96
10/01/2026 06:06,15.75,0.001,7.96
10/01/2026 05:36,15.75,0.001,7.96
10/01/2026 05:06,15.75,0.001,7.96
10/01/2026 04:36,15.75,0.001,7.96
10/01/2026 04:06,15.75,0.001,7.97
10/01/2026 03:36,15.875,0.001,7.97
10/01/2026 03:06,15.75,0.001,7.97
10/01/2026 02:36,15.875,0.001,7.97
10/01/2026 02:06,15.75,0.001,7.97
10/01/2026 01:36,15.75,0.001,7.98
10/01/2026 01:06,15.875,0.001,7.98
10/01/2026 00:36,15.75,0.001,7.99
10/01/2026 00:06,15.75,0.001,7.99
09/01/2026 23:36,14.75,0.001,7.99
09/01/2026 23:36,14.75,0.001,7.99
09/01/2026 23:06,15.875,0.001,7.99
09/01/2026 22:36,15.75,0.001,8
09/01/2026 22:06,14.875,0.001,8
09/01/2026 22:06,14.875,0.001,8
09/01/2026 21:36,15.875,0.001,8
09/01/2026 21:06,15.75,0.001,8
09/01/2026 20:36,15.75,0.001,8
09/01/2026 20:06,15.875,0.001,8.01
09/01/2026 20:06,15.875,0.001,8.01
09/01/2026 19:36,15.875,0.001,8.01
09/01/2026 19:06,15.75,0.001,8.01
09/01/2026 18:36,15.75,0.001,8.01
09/01/2026 18:06,16,0.001,8.02
09/01/2026 17:36,16,0.001,8.01
09/01/2026 17:06,16,0.001,8.01
09/01/2026 16:36,16.125,0.001,8
09/01/2026 16:36,16.125,0.001,8
09/01/2026 16:06,16,0.001,8
09/01/2026 15:36,16.125,0.001,7.99
09/01/2026 15:06,16,0.001,8
09/01/2026 14:36,16.125,0.001,8
09/01/2026 14:06,16,0.001,7.99
09/01/2026 13:36,16,0.001,7.98
09/01/2026 13:06,16,0.001,7.98
09/01/2026 12:36,15.875,0.001,7.97
09/01/2026 12:06,15.875,0.001,7.97
09/01/2026 11:36,15.875,0.001,7.97
09/01/2026 11:06,15.875,0.001,7.97
09/01/2026 10:36,16,0.001,7.97
09/01/2026 10:06,15.875,0.001,7.97
09/01/2026 09:36,15.75,0.001,7.96
09/01/2026 09:06,15.875,0.001,7.96
09/01/2026 08:36,15.75,0.001,7.96
09/01/2026 08:06,15.75,0.001,7.95
09/01/2026 07:36,16,0.001,7.95
09/01/2026 07:06,15.75,0.001,7.95
09/01/2026 06:36,15.75,0.001,7.95
09/01/2026 06:06,15.875,0.001,7.95
09/01/2026 05:36,15.75,0.001,7.95
09/01/2026 05:06,15.75,0.001,7.95
09/01/2026 04:36,15.75,0.001,7.95
09/01/2026 04:06,15.875,0.001,7.96
09/01/2026 04:06,15.875,0.001,7.96
09/01/2026 03:36,16,0.001,7.96
09/01/2026 03:06,16,0.001,7.96
09/01/2026 02:36,16,0.001,7.96
09/01/2026 02:06,16.125,0.001,7.96
09/01/2026 01:36,16,0.001,7.97
09/01/2026 01:06,16,0.001,7.97
09/01/2026 00:36,16,0.001,7.97
09/01/2026 00:06,16.125,0.001,7.97
08/01/2026 23:36,16.125,0.001,7.98
08/01/2026 23:36,16.125,0.001,7.98
08/01/2026 23:06,16.125,0.001,7.98
08/01/2026 22:36,16.125,0.001,7.98
08/01/2026 22:06,16.125,0.001,7.99
08/01/2026 21:36,16.125,0.001,7.99
08/01/2026 21:06,16.25,0.001,7.99
08/01/2026 20:36,16.25,0.001,7.99
08/01/2026 20:06,16.25,0.001,8
08/01/2026 20:06,16.25,0.001,8
08/01/2026 19:36,16.25,0.001,8
08/01/2026 19:06,16.25,0.001,8
08/01/2026 18:36,16.375,0.001,8.01
08/01/2026 18:06,16.5,0.001,8.01
08/01/2026 17:36,16.625,0.001,8.01
08/01/2026 17:06,16.625,0.001,8.01
08/01/2026 16:36,16.625,0.001,8.01
08/01/2026 16:06,16.625,0.001,8.01
08/01/2026 15:36,16.75,0.001,8
08/01/2026 15:36,16.75,0.001,8
08/01/2026 15:06,16.75,0.001,7.99
08/01/2026 14:36,16.75,0.001,7.99
08/01/2026 14:06,15.75,0.001,7.99
08/01/2026 13:36,16.75,0.001,7.99
08/01/2026 13:06,16.625,0.001,7.98
08/01/2026 12:36,16.5,0.001,7.97
08/01/2026 12:06,16.375,0.001,7.98
08/01/2026 11:36,16.375,0.001,7.97
08/01/2026 11:06,16.25,0.001,7.97
08/01/2026 10:36,16.125,0.001,7.95
08/01/2026 10:36,16.125,0.001,7.95
08/01/2026 10:06,16,0.001,7.95
08/01/2026 09:36,15.875,0.001,7.95
08/01/2026 09:06,15.75,0.001,7.93
08/01/2026 08:36,15.75,0.001,7.94
08/01/2026 08:06,15.75,0.001,7.94
08/01/2026 07:36,15.625,0.001,7.93
08/01/2026 07:06,15.5,0.001,7.93
08/01/2026 06:36,15.5,0.001,7.93
08/01/2026 06:06,15.625,0.001,7.92
08/01/2026 05:36,15.375,0.001,7.94
08/01/2026 05:06,15.375,0.001,7.94
08/01/2026 04:36,15.5,0.001,7.94
08/01/2026 04:06,15.375,0.001,7.94
08/01/2026 03:36,15.5,0.001,7.94
08/01/2026 03:06,15.625,0.001,7.94
08/01/2026 02:36,15.5,0.001,7.95
08/01/2026 02:06,15.5,0.001,7.95
08/01/2026 01:36,16.5,0.001,7.94
08/01/2026 01:06,15.625,0.001,7.95
08/01/2026 00:36,15.5,0.001,7.95
08/01/2026 00:06,15.625,0.001,7.95
07/01/2026 23:36,15.5,0.001,7.96
07/01/2026 23:06,15.75,0.001,7.96
07/01/2026 22:36,15.625,0.001,7.96
07/01/2026 22:06,15.625,0.001,7.97
07/01/2026 21:36,14.75,0.001,7.97
07/01/2026 21:06,15.625,0.001,7.97
07/01/2026 20:36,14.75,0.001,7.97
07/01/2026 20:06,14.75,0.001,7.98
07/01/2026 19:36,14.875,0.001,7.97
07/01/2026 19:06,15.75,0.001,7.98
07/01/2026 18:36,16.625,0.001,7.99
07/01/2026 18:06,15.75,0.001,7.99
07/01/2026 17:36,15.75,0.001,7.99
07/01/2026 17:06,15.75,0.001,7.98
07/01/2026 16:36,15.75,0.001,7.98
07/01/2026 16:06,15.625,0.001,7.98
07/01/2026 15:36,15.5,0.001,7.97
07/01/2026 15:06,15.5,0.001,7.96
07/01/2026 14:36,15.5,0.001,7.96
07/01/2026 14:36,15.5,0.001,7.96
07/01/2026 14:06,15.25,0.001,7.96
07/01/2026 13:36,15,0.001,7.95
07/01/2026 13:06,15,0.001,7.95
07/01/2026 12:36,14.875,0.001,7.94
07/01/2026 12:36,14.875,0.001,7.94
07/01/2026 12:06,14.75,0.001,7.93
07/01/2026 11:36,14.625,0.001,7.93
07/01/2026 11:06,14.5,0.001,7.92
07/01/2026 10:36,14.375,0.001,7.92
07/01/2026 10:06,14.375,0.001,7.91
07/01/2026 10:06,14.375,0.001,7.91
07/01/2026 09:36,14.25,0.001,7.91
07/01/2026 09:06,14.375,0.001,7.9
07/01/2026 08:36,14.25,0.001,7.9
07/01/2026 08:06,14.25,0.001,7.9
07/01/2026 07:36,14.25,0.001,7.9
07/01/2026 07:06,14.125,0.001,7.89
07/01/2026 06:36,14.25,0.001,7.89
07/01/2026 06:06,14.25,0.001,7.89
07/01/2026 05:36,14.375,0.001,7.89
07/01/2026 05:06,14.625,0.001,7.9
07/01/2026 04:36,14.625,0.001,7.9
07/01/2026 04:06,14.5,0.001,7.9
07/01/2026 03:36,14.625,0.001,7.9
07/01/2026 03:06,13.75,0.001,7.9
07/01/2026 02:36,14.75,0.001,7.91
07/01/2026 02:06,14.75,0.001,7.91
07/01/2026 01:36,14.875,0.001,7.92
07/01/2026 01:06,15,0.001,7.92
07/01/2026 00:36,15.125,0.001,7.92
07/01/2026 00:06,15.25,0.001,7.92
06/01/2026 23:36,15.25,0.001,7.93
06/01/2026 23:06,15.25,0.001,7.93
06/01/2026 22:36,15.375,0.001,7.93
06/01/2026 22:06,15.5,0.001,7.94
06/01/2026 21:36,15.625,0.001,7.94
06/01/2026 21:06,15.625,0.001,7.94
06/01/2026 20:36,15.5,0.001,7.95
06/01/2026 20:06,15.625,0.001,7.94
06/01/2026 19:36,15.625,0.001,7.95
06/01/2026 19:06,15.875,0.001,7.95
06/01/2026 18:36,15.875,0.001,7.96
06/01/2026 18:06,15.875,0.001,7.96
06/01/2026 17:36,15.875,0.001,7.96
06/01/2026 17:06,15.875,0.001,7.96
06/01/2026 16:36,15.75,0.001,7.96
06/01/2026 16:06,15.75,0.001,7.96
06/01/2026 15:36,16.625,0.001,7.96
06/01/2026 15:06,16.625,0.001,7.95
06/01/2026 14:36,15.625,0.001,7.95
06/01/2026 14:06,15.5,0.001,7.95
06/01/2026 13:36,15.5,0.001,7.94
06/01/2026 13:06,15.375,0.001,7.94
06/01/2026 12:36,15.25,0.001,7.93
06/01/2026 12:06,15.375,0.001,7.94
06/01/2026 11:36,15.25,0.001,7.93
06/01/2026 11:06,15.125,0.001,7.93
06/01/2026 10:36,15.125,0.001,7.93
06/01/2026 10:06,15.25,0.001,7.93
06/01/2026 09:36,15.375,0.001,7.92
06/01/2026 09:06,15.25,0.001,7.92
06/01/2026 08:36,15.375,0.001,7.92
06/01/2026 08:06,15.25,0.001,7.92
06/01/2026 07:36,15.125,0.001,7.91
06/01/2026 07:06,15.125,0.001,7.91
06/01/2026 06:36,15.125,0.001,7.91
06/01/2026 06:06,15.125,0.001,7.91
06/01/2026 05:36,15.375,0.001,7.92
06/01/2026 05:06,15.25,0.001,7.92
06/01/2026 04:36,15.25,0.001,7.92
06/01/2026 04:06,15.5,0.001,7.92
06/01/2026 03:36,15.5,0.001,7.92
06/01/2026 03:06,15.5,0.001,7.93
06/01/2026 02:36,15.5,0.001,7.93
06/01/2026 02:06,14.75,0.001,7.93
06/01/2026 01:36,15.75,0.001,7.93
06/01/2026 01:06,14.75,0.001,7.94
06/01/2026 00:36,15.875,0.001,7.94
06/01/2026 00:06,15.875,0.001,7.94
05/01/2026 23:36,14.875,0.001,7.94
05/01/2026 23:06,15.875,0.001,7.94
05/01/2026 22:36,15.75,0.001,7.95
05/01/2026 22:06,16,0.001,7.95
05/01/2026 21:36,15.75,0.001,7.95
05/01/2026 21:36,15.75,0.001,7.95
05/01/2026 21:06,16,0.001,7.96
05/01/2026 21:06,16,0.001,7.96
05/01/2026 20:36,15.875,0.001,7.96
05/01/2026 20:06,16,0.001,7.96
05/01/2026 19:36,16.125,0.001,7.96
05/01/2026 19:06,16,0.001,7.97
05/01/2026 18:36,16,0.001,7.97
05/01/2026 18:06,16,0.001,7.97
05/01/2026 17:36,16.125,0.001,7.97
05/01/2026 17:06,16.25,0.001,7.97
05/01/2026 16:36,16.125,0.001,7.97
05/01/2026 16:06,16.375,0.001,7.97
05/01/2026 15:36,16.25,0.001,7.97
05/01/2026 15:06,16.25,0.001,7.97
05/01/2026 14:36,16.25,0.001,7.97
05/01/2026 14:06,16.25,0.001,7.96
05/01/2026 13:36,16.25,0.001,7.97
05/01/2026 13:06,16.375,0.001,7.97
05/01/2026 12:36,16.25,0.001,7.98
05/01/2026 12:06,16.25,0.001,7.99
05/01/2026 11:36,15.875,0.001,7.98
05/01/2026 11:06,16.625,0.001,7.98
05/01/2026 10:36,15.875,0.001,7.98
05/01/2026 10:06,15.875,0.001,7.97
05/01/2026 09:36,15.75,0.001,7.97
05/01/2026 09:06,15.75,0.001,7.97
05/01/2026 08:36,15.75,0.001,7.96
05/01/2026 08:06,15.875,0.001,7.96
05/01/2026 07:36,15.875,0.001,7.96
05/01/2026 07:06,15.75,0.001,7.95
05/01/2026 06:36,15.875,0.001,7.95
05/01/2026 06:06,15.875,0.001,7.95
05/01/2026 05:36,15.875,0.001,7.95
05/01/2026 05:36,15.875,0.001,7.95
05/01/2026 05:06,15.875,0.001,7.96
05/01/2026 04:36,15.875,0.001,7.96
05/01/2026 04:06,15.75,0.001,7.96
05/01/2026 03:36,15.875,0.001,7.96
05/01/2026 03:06,15.75,0.001,7.96
05/01/2026 02:36,15.75,0.001,7.97
05/01/2026 02:06,15.875,0.001,7.97
05/01/2026 01:36,15.75,0.001,7.97
05/01/2026 01:06,15.875,0.001,7.97
05/01/2026 00:36,15.75,0.001,7.98
05/01/2026 00:06,16.625,0.001,7.98
04/01/2026 23:36,15.75,0.001,7.98
04/01/2026 23:06,15.75,0.001,7.99
04/01/2026 22:36,16.625,0.001,7.99
04/01/2026 22:06,15.75,0.001,7.99
04/01/2026 21:36,15.875,0.001,8
04/01/2026 21:06,15.625,0.001,8
04/01/2026 20:36,15.75,0.001,8.01
04/01/2026 20:06,15.75,0.001,8.01
04/01/2026 19:36,14.875,0.001,8.01
04/01/2026 19:06,15.875,0.001,8.02
04/01/2026 18:36,15.75,0.001,8.02
04/01/2026 18:06,15.75,0.001,8.02
04/01/2026 17:36,15.875,0.001,8.02
04/01/2026 17:06,16,0.001,8.02
04/01/2026 16:36,16,0.001,8.02
04/01/2026 16:06,16,0.001,8.02
04/01/2026 15:36,16,0.001,8.02
04/01/2026 15:36,16,0.001,8.02
04/01/2026 15:06,16.125,0.001,8.01
04/01/2026 14:36,16,0.001,8.01
04/01/2026 14:06,16.125,0.001,8.01
04/01/2026 13:36,16,0.001,8
04/01/2026 13:06,15.875,0.001,8
04/01/2026 12:36,15.875,0.001,8
04/01/2026 12:06,15.75,0.001,7.99
04/01/2026 11:36,15.875,0.001,7.99
04/01/2026 11:06,15.875,0.001,7.98
04/01/2026 10:36,15.875,0.001,7.98
04/01/2026 10:06,15.75,0.001,7.97
04/01/2026 09:36,14.75,0.001,7.97
04/01/2026 09:06,15.75,0.001,7.97
04/01/2026 08:36,15.75,0.001,7.96
04/01/2026 08:06,15.75,0.001,7.96
04/01/2026 07:36,15.875,0.001,7.95
04/01/2026 07:06,15.875,0.001,7.95
04/01/2026 06:36,14.875,0.001,7.95
04/01/2026 06:06,15.875,0.001,7.95
04/01/2026 05:36,15.75,0.001,7.95
04/01/2026 05:06,14.75,0.001,7.95
04/01/2026 04:36,15.75,0.001,7.96
04/01/2026 04:06,14.75,0.001,7.96
04/01/2026 03:36,16.625,0.001,7.96
04/01/2026 03:06,15.875,0.001,7.96
04/01/2026 02:36,14.75,0.001,7.96
04/01/2026 02:06,15.625,0.001,7.96
04/01/2026 01:36,15.75,0.001,7.97
04/01/2026 01:06,15.875,0.001,7.97
04/01/2026 01:06,15.875,0.001,7.97
04/01/2026 00:36,15.625,0.001,7.97
04/01/2026 00:06,15.625,0.001,7.97
03/01/2026 23:36,15.75,0.001,7.98
03/01/2026 23:06,15.75,0.001,7.98
03/01/2026 22:36,16.625,0.001,7.98
03/01/2026 22:06,14.75,0.001,7.98
03/01/2026 21:36,15.5,0.001,7.98
03/01/2026 21:06,14.75,0.001,7.99
03/01/2026 20:36,15.625,0.001,7.99
03/01/2026 20:06,16.625,0.001,7.99
03/01/2026 19:36,15.625,0.001,7.99
03/01/2026 19:36,15.625,0.001,7.99
03/01/2026 19:06,16.625,0.001,8
03/01/2026 18:36,15.75,0.001,8
03/01/2026 18:06,15.75,0.001,8
03/01/2026 17:36,16,0.001,8
03/01/2026 17:06,15.875,0.001,8
03/01/2026 16:36,15.875,0.001,8
03/01/2026 16:06,15.875,0.001,8
03/01/2026 15:36,16,0.001,7.99
03/01/2026 15:06,15.875,0.001,7.99
03/01/2026 14:36,15.75,0.001,7.99
03/01/2026 14:06,15.75,0.001,7.98
03/01/2026 13:36,15.875,0.001,7.98
03/01/2026 13:06,15.875,0.001,7.97
03/01/2026 12:36,15.75,0.001,7.97
03/01/2026 12:06,15.875,0.001,7.97
03/01/2026 11:36,15.625,0.001,7.96
03/01/2026 11:06,14.75,0.001,7.96
03/01/2026 10:36,15.625,0.001,7.95
03/01/2026 10:06,15.75,0.001,7.95
03/01/2026 09:36,15.625,0.001,7.94
03/01/2026 09:06,16.625,0.001,7.94
03/01/2026 08:36,15.5,0.001,7.94
03/01/2026 08:06,15.5,0.001,7.93
03/01/2026 07:36,15.5,0.001,7.93
03/01/2026 07:06,14.75,0.001,7.92
03/01/2026 06:36,15.5,0.001,7.92
03/01/2026 06:06,15.625,0.001,7.92
03/01/2026 06:06,15.625,0.001,7.92
03/01/2026 05:36,15.5,0.001,7.92
03/01/2026 05:06,14.75,0.001,7.92
03/01/2026 04:36,15.625,0.001,7.93
03/01/2026 04:06,15.625,0.001,7.93
03/01/2026 03:36,15.5,0.001,7.93
03/01/2026 03:06,15.5,0.001,7.93
03/01/2026 02:36,15.5,0.001,7.93
03/01/2026 02:06,15.5,0.001,7.93
03/01/2026 01:36,15.375,0.001,7.94
03/01/2026 01:06,15.5,0.001,7.94
03/01/2026 00:36,15.375,0.001,7.94
03/01/2026 00:06,15.375,0.001,7.94
02/01/2026 23:36,15.375,0.001,7.94
02/01/2026 23:06,15.25,0.001,7.94
02/01/2026 22:36,15.375,0.001,7.95
02/01/2026 22:06,15.25,0.001,7.94
02/01/2026 21:36,15.375,0.001,7.95
02/01/2026 21:06,15.375,0.001,7.95
02/01/2026 20:36,15.25,0.001,7.95
02/01/2026 20:06,15.25,0.001,7.95
02/01/2026 19:36,15.25,0.001,7.96
02/01/2026 19:06,15.375,0.001,7.96
02/01/2026 18:36,15.125,0.001,7.96
02/01/2026 18:06,15.125,0.001,7.96
02/01/2026 17:36,15.25,0.001,7.96
02/01/2026 17:06,15.375,0.001,7.96
02/01/2026 16:36,15.25,0.001,7.96
02/01/2026 16:06,15.125,0.001,7.96
02/01/2026 15:36,15.125,0.001,7.95
02/01/2026 15:06,15.25,0.001,7.95
02/01/2026 14:36,15,0.001,7.95
02/01/2026 14:06,15.125,0.001,7.94
02/01/2026 13:36,15,0.001,7.94
02/01/2026 13:06,15,0.001,7.94
02/01/2026 12:36,14.875,0.001,7.94
02/01/2026 12:06,14.75,0.001,7.94
02/01/2026 12:06,14.75,0.001,7.94
02/01/2026 11:36,14.75,0.001,7.94
02/01/2026 11:06,14.875,0.001,7.94
02/01/2026 10:36,14.5,0.001,7.94
02/01/2026 10:06,14.5,0.001,7.94
02/01/2026 09:36,14.5,0.001,7.94
02/01/2026 09:06,14.625,0.001,7.93
02/01/2026 08:36,14.625,0.001,7.93
02/01/2026 08:06,14.5,0.001,7.93
02/01/2026 07:36,14.5,0.001,7.92
02/01/2026 07:06,14.375,0.001,7.92
02/01/2026 06:36,14.625,0.001,7.92
02/01/2026 06:06,14.625,0.001,7.92
02/01/2026 05:36,14.625,0.001,7.92
02/01/2026 05:06,14.625,0.001,7.92
02/01/2026 04:36,14.5,0.001,7.92
02/01/2026 04:06,14.625,0.001,7.93
02/01/2026 03:36,14.5,0.001,7.93
02/01/2026 03:06,14.625,0.001,7.93
02/01/2026 02:36,14.5,0.001,7.93
02/01/2026 02:36,14.5,0.001,7.93
02/01/2026 02:06,14.5,0.001,7.93
02/01/2026 01:36,14.625,0.001,7.93
02/01/2026 01:06,14.375,0.001,7.93
02/01/2026 00:36,14.375,0.001,7.94
02/01/2026 00:06,14.375,0.001,7.94
01/01/2026 23:36,14.625,0.001,7.94
01/01/2026 23:06,14.625,0.001,7.94
01/01/2026 22:36,14.5,0.001,7.95
01/01/2026 22:06,14.625,0.001,7.95
01/01/2026 21:36,14.5,0.001,7.95
01/01/2026 21:06,14.375,0.001,7.95
01/01/2026 20:36,14.5,0.001,7.96
01/01/2026 20:06,14.625,0.001,7.96
01/01/2026 19:36,14.5,0.001,7.96
01/01/2026 19:06,14.625,0.001,7.96
01/01/2026 18:36,14.875,0.001,7.97
01/01/2026 18:06,14.75,0.001,7.97
01/01/2026 18:06,14.75,0.001,7.97
01/01/2026 17:36,14.75,0.001,7.97
01/01/2026 17:06,14.875,0.001,7.97
01/01/2026 16:36,14.875,0.001,7.96
01/01/2026 16:06,13.875,0.001,7.96
01/01/2026 15:36,14.875,0.001,7.96
01/01/2026 15:06,14.75,0.001,7.96
01/01/2026 14:36,14.875,0.001,7.95
01/01/2026 14:06,14.75,0.001,7.95
01/01/2026 13:36,14.75,0.001,7.95
01/01/2026 13:06,14.75,0.001,7.94
01/01/2026 12:36,14.75,0.001,7.94
01/01/2026 12:06,14.75,0.001,7.94
01/01/2026 11:36,14.75,0.001,7.93
01/01/2026 11:06,13.75,0.001,7.93
01/01/2026 10:36,14.75,0.001,7.92
01/01/2026 10:06,14.625,0.001,7.92
01/01/2026 09:36,15.625,0.001,7.91
01/01/2026 09:06,14.625,0.001,7.91
01/01/2026 08:36,13.75,0.001,7.9
01/01/2026 08:06,13.75,0.001,7.9
01/01/2026 07:36,15.5,0.001,7.89
01/01/2026 07:06,14.625,0.001,7.89
01/01/2026 06:36,14.75,0.001,7.89
01/01/2026 06:06,15.625,0.001,7.89
01/01/2026 05:36,14.625,0.001,7.89
01/01/2026 05:06,14.625,0.001,7.89
01/01/2026 04:36,14.5,0.001,7.89
01/01/2026 04:06,14.625,0.001,7.89
01/01/2026 03:36,14.75,0.001,7.89
01/01/2026 03:06,14.5,0.001,7.89
01/01/2026 02:36,14.375,0.001,7.89
01/01/2026 02:06,14.625,0.001,7.89
01/01/2026 01:36,14.625,0.001,7.89
01/01/2026 01:06,14.5,0.001,7.9
01/01/2026 00:36,14.5,0.001,7.9
01/01/2026 00:36,14.5,0.001,7.9
01/01/2026 00:06,14.5,0.001,7.9
31/12/2025 23:36,14.625,0.001,7.9
31/12/2025 23:06,14.625,0.001,7.9
31/12/2025 22:36,14.5,0.001,7.9
31/12/2025 22:06,14.625,0.001,7.9
31/12/2025 21:36,14.375,0.001,7.9
31/12/2025 21:06,14.625,0.001,7.9
31/12/2025 20:36,14.625,0.001,7.91
31/12/2025 20:06,14.625,0.001,7.91
31/12/2025 19:36,14.5,0.001,7.91
31/12/2025 19:06,14.625,0.001,7.91
31/12/2025 18:36,14.625,0.001,7.91
31/12/2025 18:06,13.75,0.001,7.92
31/12/2025 17:36,13.875,0.001,7.92
31/12/2025 17:06,15.625,0.001,7.91
31/12/2025 16:36,14.75,0.001,7.91
31/12/2025 16:06,13.875,0.001,7.91
31/12/2025 15:36,14.75,0.001,7.9
31/12/2025 15:06,14.75,0.001,7.9
31/12/2025 14:36,14.875,0.001,7.9
31/12/2025 14:06,14.875,0.001,7.89
31/12/2025 13:36,14.75,0.001,7.88
31/12/2025 13:06,14.75,0.001,7.88
31/12/2025 12:36,15.625,0.001,7.88
31/12/2025 12:06,14.875,0.001,7.87
31/12/2025 11:36,14.875,0.001,7.85
31/12/2025 11:06,14.875,0.001,7.86
31/12/2025 10:36,14.875,0.001,7.85
31/12/2025 10:06,14.75,0.001,7.85
31/12/2025 09:36,14.875,0.001,7.84
31/12/2025 09:06,14.75,0.001,7.83
31/12/2025 08:36,14.75,0.001,7.83
31/12/2025 08:06,13.875,0.001,7.82
31/12/2025 07:36,14.875,0.001,7.81
31/12/2025 07:06,14.875,0.001,7.81
31/12/2025 06:36,14.75,0.001,7.8
31/12/2025 06:06,14.875,0.001,7.8
31/12/2025 05:36,14.875,0.001,7.8
31/12/2025 05:06,14.75,0.001,7.79
31/12/2025 04:36,13.75,0.001,7.79
31/12/2025 04:06,14.75,0.001,7.79
31/12/2025 03:36,14.875,0.001,7.79
31/12/2025 03:06,14.75,0.001,7.79
31/12/2025 02:36,14.75,0.001,7.79
31/12/2025 02:06,14.75,0.001,7.78
31/12/2025 01:36,14.75,0.001,7.78
31/12/2025 01:06,14.75,0.001,7.78
31/12/2025 00:36,14.875,0.001,7.78
31/12/2025 00:06,14.75,0.001,7.77
30/12/2025 23:36,14.875,0.001,7.77
30/12/2025 23:06,15,0.001,7.77
30/12/2025 22:36,14.875,0.001,7.77
30/12/2025 22:06,15,0.001,7.77
30/12/2025 21:36,15,0.001,7.77
30/12/2025 21:06,14.75,0.001,7.77
30/12/2025 20:36,15,0.001,7.77
30/12/2025 20:06,15,0.001,7.77
30/12/2025 19:36,15.125,0.001,7.77
30/12/2025 19:06,15.125,0.001,7.77
30/12/2025 18:36,15.125,0.001,7.77
30/12/2025 18:06,15.375,0.001,7.77
30/12/2025 17:36,15.5,0.001,7.78
30/12/2025 17:20,16,0.001,7.78
30/12/2025 17:20,16.125,0.001,7.78
30/12/2025 17:20,16.25,0.001,7.78
30/12/2025 17:20,16.25,0.001,7.78
30/12/2025 17:20,16.25,0.001,7.78
30/12/2025 17:06,16.25,0.001,7.78
30/12/2025 16:36,16.25,0.001,7.79
30/12/2025 16:06,16.125,0.001,7.79
30/12/2025 15:36,16.375,0.001,7.8
30/12/2025 15:06,16.25,0.001,7.8
30/12/2025 14:36,16.125,0.001,7.82
30/12/2025 14:06,16.25,0.001,7.83
30/12/2025 13:36,16.125,0.001,7.84
30/12/2025 13:06,16.25,0.001,7.86
30/12/2025 12:36,16.25,0.001,7.88
30/12/2025 12:06,16.25,0.001,7.89
30/12/2025 11:36,16.25,0.001,7.91
30/12/2025 11:06,16.125,0.001,7.93
30/12/2025 10:36,16.25,0.001,7.94
30/12/2025 10:06,16.125,0.001,7.94
30/12/2025 09:36,16.125,0.001,7.94
30/12/2025 09:06,16.125,0.001,7.93
30/12/2025 08:36,16,0.001,7.94
30/12/2025 08:06,16.125,0.001,7.93
30/12/2025 07:36,16,0.001,7.93
30/12/2025 07:06,16.125,0.001,7.93
30/12/2025 06:36,16,0.001,7.93
30/12/2025 06:06,16,0.001,7.93
30/12/2025 05:36,16,0.001,7.93
30/12/2025 05:06,16.125,0.001,7.93
30/12/2025 04:36,16,0.001,7.93
30/12/2025 04:36,16,0.001,7.93
30/12/2025 04:06,16.125,0.001,7.94
30/12/2025 03:36,16.125,0.001,7.94
30/12/2025 03:06,16.125,0.001,7.94
30/12/2025 02:36,16,0.001,7.94
30/12/2025 02:06,16.125,0.001,7.95
30/12/2025 01:36,16,0.001,7.95
30/12/2025 01:06,16.125,0.001,7.95
30/12/2025 00:36,16.125,0.001,7.95
30/12/2025 00:06,16.125,0.001,7.96
29/12/2025 23:36,16.125,0.001,7.96
29/12/2025 23:06,16.125,0.001,7.96
29/12/2025 22:36,16.125,0.001,7.97
29/12/2025 22:06,16.125,0.001,7.97
29/12/2025 21:36,16,0.001,7.97
29/12/2025 21:06,16,0.001,7.98
29/12/2025 20:36,16,0.001,7.98
29/12/2025 20:06,16,0.001,7.98
29/12/2025 19:36,16,0.001,7.98
29/12/2025 19:06,16.125,0.001,7.99
29/12/2025 18:36,16.125,0.001,7.99
29/12/2025 18:06,16.125,0.001,7.99
29/12/2025 17:36,16.375,0.001,8
29/12/2025 17:06,16.25,0.001,7.99
29/12/2025 16:36,16.25,0.001,7.99
29/12/2025 16:06,16.125,0.001,7.99
29/12/2025 15:36,16.25,0.001,7.99
29/12/2025 15:06,16.25,0.001,7.98
29/12/2025 14:36,16.25,0.001,7.98
29/12/2025 14:06,16.25,0.001,7.98
29/12/2025 13:36,16,0.001,7.97
29/12/2025 13:06,16.25,0.001,7.96
29/12/2025 12:36,16.25,0.001,7.97
29/12/2025 12:06,16.25,0.001,7.96
29/12/2025 11:36,16.25,0.001,7.96
29/12/2025 11:06,16,0.001,7.95
29/12/2025 10:36,16,0.001,7.95
29/12/2025 10:06,16.125,0.001,7.94
29/12/2025 09:36,16,0.001,7.94
29/12/2025 09:06,15.875,0.001,7.94
29/12/2025 08:36,16,0.001,7.94
29/12/2025 08:06,15.875,0.001,7.94
29/12/2025 08:06,15.875,0.001,7.94
29/12/2025 07:36,15.875,0.001,7.93
29/12/2025 07:06,16,0.001,7.93
29/12/2025 06:36,15.875,0.001,7.93
29/12/2025 06:06,16,0.001,7.93
29/12/2025 05:36,16,0.001,7.93
29/12/2025 05:06,16,0.001,7.94
29/12/2025 04:36,16,0.001,7.94
29/12/2025 04:06,16,0.001,7.95
29/12/2025 03:36,16,0.001,7.95
29/12/2025 03:06,16,0.001,7.95
29/12/2025 02:36,16.125,0.001,7.95
29/12/2025 02:06,15.875,0.001,7.95
29/12/2025 01:36,16,0.001,7.96
29/12/2025 01:06,16.125,0.001,7.96
29/12/2025 00:36,16,0.001,7.96
29/12/2025 00:06,15.875,0.001,7.96
28/12/2025 23:36,16,0.001,7.97
28/12/2025 23:06,16,0.001,7.97
28/12/2025 22:36,16,0.001,7.97
28/12/2025 22:06,16,0.001,7.98
28/12/2025 22:06,16,0.001,7.98
28/12/2025 21:36,16,0.001,7.98
28/12/2025 21:06,16,0.001,7.98
28/12/2025 20:36,16,0.001,7.98
28/12/2025 20:06,16,0.001,7.99
28/12/2025 19:36,15.875,0.001,7.99
28/12/2025 19:06,16,0.001,7.99
28/12/2025 18:36,15.875,0.001,8
28/12/2025 18:06,16.125,0.001,8
28/12/2025 17:36,16,0.001,8
28/12/2025 17:06,16.125,0.001,8
28/12/2025 16:36,15.875,0.001,8
28/12/2025 16:06,16.125,0.001,8
28/12/2025 15:36,16,0.001,7.99
28/12/2025 15:06,16.125,0.001,7.99
28/12/2025 14:36,16.125,0.001,7.99
28/12/2025 14:06,16.125,0.001,7.98
28/12/2025 13:36,16.125,0.001,7.98
28/12/2025 13:06,16.125,0.001,7.98
28/12/2025 12:36,16,0.001,7.97
28/12/2025 12:06,16,0.001,7.97
28/12/2025 11:36,16.125,0.001,7.96
28/12/2025 11:06,16.125,0.001,7.96
28/12/2025 10:36,16,0.001,7.96
28/12/2025 10:06,16,0.001,7.95
28/12/2025 09:36,16,0.001,7.95
28/12/2025 09:06,16,0.001,7.95
28/12/2025 08:36,16,0.001,7.94
28/12/2025 08:36,16,0.001,7.94
28/12/2025 08:06,16,0.001,7.94
28/12/2025 07:36,16,0.001,7.94
28/12/2025 07:06,16,0.001,7.93
28/12/2025 06:36,15.75,0.001,7.93
28/12/2025 06:06,16,0.001,7.93
28/12/2025 05:36,16,0.001,7.94
28/12/2025 05:06,16,0.001,7.94
28/12/2025 05:06,16,0.001,7.94
28/12/2025 04:36,16,0.001,7.94
28/12/2025 04:06,15.75,0.001,7.94
28/12/2025 03:36,16,0.001,7.94
28/12/2025 03:06,16,0.001,7.94
28/12/2025 02:36,15.875,0.001,7.95
28/12/2025 02:06,15.875,0.001,7.95
28/12/2025 01:36,16,0.001,7.95
28/12/2025 01:06,16,0.001,7.95
28/12/2025 00:36,16,0.001,7.95
28/12/2025 00:06,16,0.001,7.96
27/12/2025 23:36,16,0.001,7.96
27/12/2025 23:06,15.875,0.001,7.96
27/12/2025 22:36,15.875,0.001,7.96
27/12/2025 22:06,15.75,0.001,7.96
27/12/2025 21:36,16,0.001,7.97
27/12/2025 21:06,15.875,0.001,7.97
27/12/2025 20:36,16,0.001,7.97
27/12/2025 20:06,15.75,0.001,7.98
27/12/2025 19:36,15.75,0.001,7.98
27/12/2025 19:06,16,0.001,7.98
27/12/2025 18:36,15.875,0.001,7.98
27/12/2025 18:06,15.875,0.001,7.99
27/12/2025 17:36,15.875,0.001,7.99
27/12/2025 17:06,16,0.001,7.98
27/12/2025 16:36,16,0.001,7.98
27/12/2025 16:06,16,0.001,7.98
27/12/2025 15:36,16,0.001,7.98
27/12/2025 15:06,16,0.001,7.98
27/12/2025 14:36,16,0.001,7.97
27/12/2025 14:36,16,0.001,7.97
27/12/2025 14:06,16,0.001,7.97
27/12/2025 13:36,16,0.001,7.96
27/12/2025 13:06,16,0.001,7.96
27/12/2025 12:36,16,0.001,7.96
27/12/2025 12:06,16,0.001,7.95
27/12/2025 11:36,15.875,0.001,7.95
27/12/2025 11:06,15.75,0.001,7.94
27/12/2025 10:36,15.875,0.001,7.94
27/12/2025 10:06,15.75,0.001,7.93
27/12/2025 09:36,15.875,0.001,7.93
27/12/2025 09:06,15.75,0.001,7.93
27/12/2025 08:36,15.875,0.001,7.92
27/12/2025 08:06,15.75,0.001,7.92
27/12/2025 07:36,15.875,0.001,7.91
27/12/2025 07:06,15.75,0.001,7.91
27/12/2025 06:36,15.75,0.001,7.91
27/12/2025 06:06,14.875,0.001,7.91
27/12/2025 05:36,16.625,0.001,7.91
27/12/2025 05:06,15.875,0.001,7.92
27/12/2025 04:36,15.75,0.001,7.92
27/12/2025 04:06,16,0.001,7.92
27/12/2025 03:36,15.875,0.001,7.92
27/12/2025 03:06,16,0.001,7.93
27/12/2025 03:06,16,0.001,7.93
27/12/2025 02:36,15.875,0.001,7.93
27/12/2025 02:06,15.875,0.001,7.93
27/12/2025 01:36,16,0.001,7.93
27/12/2025 01:06,15.875,0.001,7.94
27/12/2025 00:36,16,0.001,7.94
27/12/2025 00:06,16,0.001,7.94
27/12/2025 00:06,16,0.001,7.94
26/12/2025 23:36,16,0.001,7.94
26/12/2025 23:06,16,0.001,7.95
26/12/2025 22:36,16,0.001,7.95
26/12/2025 22:06,16,0.001,7.95
26/12/2025 21:36,16,0.001,7.96
26/12/2025 21:06,16,0.001,7.96
26/12/2025 20:36,16,0.001,7.96
26/12/2025 20:06,16,0.001,7.96
26/12/2025 19:36,16.125,0.001,7.96
26/12/2025 19:06,16.125,0.001,7.96
26/12/2025 18:36,16.25,0.001,7.97
26/12/2025 18:06,16.125,0.001,7.97
26/12/2025 17:36,16.125,0.001,7.97
26/12/2025 17:06,16.25,0.001,7.97
26/12/2025 16:36,16.25,0.001,7.97
26/12/2025 16:06,16.25,0.001,7.97
26/12/2025 15:36,16.25,0.001,7.96
26/12/2025 15:06,16.125,0.001,7.96
26/12/2025 14:36,16.125,0.001,7.96
26/12/2025 14:06,16.125,0.001,7.95
26/12/2025 13:36,16.125,0.001,7.95
26/12/2025 13:06,16.125,0.001,7.95
26/12/2025 12:36,16,0.001,7.94
26/12/2025 12:06,16.25,0.001,7.94
26/12/2025 11:36,16.25,0.001,7.94
26/12/2025 11:06,16,0.001,7.94
26/12/2025 10:36,16,0.001,7.94
26/12/2025 10:06,16,0.001,7.94
26/12/2025 09:36,16,0.001,7.94
26/12/2025 09:06,16,0.001,7.93
26/12/2025 08:36,16.125,0.001,7.93
26/12/2025 08:06,16.125,0.001,7.92
26/12/2025 07:36,16,0.001,7.92
26/12/2025 07:06,16,0.001,7.92
26/12/2025 06:36,16,0.001,7.92
26/12/2025 06:06,16,0.001,7.92
26/12/2025 05:36,16,0.001,7.92
26/12/2025 05:06,16,0.001,7.92
26/12/2025 04:36,16,0.001,7.92
26/12/2025 04:06,16,0.001,7.93
26/12/2025 03:36,16,0.001,7.93
26/12/2025 03:06,16,0.001,7.93
26/12/2025 02:36,16,0.001,7.93
26/12/2025 02:06,16,0.001,7.93
26/12/2025 01:36,16,0.001,7.94
26/12/2025 01:06,16,0.001,7.94
26/12/2025 00:36,16,0.001,7.94
26/12/2025 00:06,16,0.001,7.94
25/12/2025 23:36,16,0.001,7.95
25/12/2025 23:06,16,0.001,7.95
25/12/2025 22:36,16,0.001,7.95
25/12/2025 22:06,16.125,0.001,7.95
25/12/2025 21:36,16,0.001,7.95
25/12/2025 21:06,16.125,0.001,7.96
25/12/2025 20:36,16.125,0.001,7.96
25/12/2025 20:06,16.125,0.001,7.96
25/12/2025 19:36,16.125,0.001,7.97
25/12/2025 19:36,16.125,0.001,7.97
25/12/2025 19:06,16,0.001,7.97
25/12/2025 18:36,16.125,0.001,7.97
25/12/2025 18:06,16,0.001,7.97
25/12/2025 17:36,16.125,0.001,7.97
25/12/2025 17:06,16.125,0.001,7.97
25/12/2025 16:36,16,0.001,7.97
25/12/2025 16:06,16.125,0.001,7.96
25/12/2025 15:36,16.125,0.001,7.96
25/12/2025 15:06,16.125,0.001,7.96
25/12/2025 14:36,16.125,0.001,7.95
25/12/2025 14:36,16.125,0.001,7.95
25/12/2025 14:06,16.25,0.001,7.94
25/12/2025 13:36,16.125,0.001,7.94
25/12/2025 13:06,16.125,0.001,7.94
25/12/2025 12:36,16.125,0.001,7.93
25/12/2025 12:06,16.125,0.001,7.93
25/12/2025 11:36,16,0.001,7.92
25/12/2025 11:06,16,0.001,7.92
25/12/2025 10:36,15.875,0.001,7.91
25/12/2025 10:06,16,0.001,7.91
25/12/2025 09:36,16,0.001,7.9
25/12/2025 09:06,15.75,0.001,7.9
25/12/2025 08:36,15.875,0.001,7.89
25/12/2025 08:06,14.875,0.001,7.89
25/12/2025 07:36,16,0.001,7.88
25/12/2025 07:06,14.875,0.001,7.88
25/12/2025 06:36,15.875,0.001,7.88
25/12/2025 06:06,15.75,0.001,7.88
25/12/2025 05:36,15.875,0.001,7.88
25/12/2025 05:06,15.75,0.001,7.88
25/12/2025 04:36,15.75,0.001,7.88
25/12/2025 04:36,15.75,0.001,7.88
25/12/2025 04:06,15.875,0.001,7.89
25/12/2025 03:36,15.875,0.001,7.89
25/12/2025 03:06,15.875,0.001,7.89
25/12/2025 02:36,15.75,0.001,7.89
25/12/2025 02:06,15.875,0.001,7.89
25/12/2025 01:36,15.75,0.001,7.89
25/12/2025 01:06,15.75,0.001,7.9
25/12/2025 00:36,15.875,0.001,7.9
25/12/2025 00:06,15.875,0.001,7.9
24/12/2025 23:36,15.875,0.001,7.9
24/12/2025 23:06,16,0.001,7.9
24/12/2025 22:36,15.875,0.001,7.91
24/12/2025 22:06,15.875,0.001,7.9
24/12/2025 21:36,15.875,0.001,7.91
24/12/2025 21:06,15.75,0.001,7.91
24/12/2025 20:36,14.875,0.001,7.91
24/12/2025 20:06,15.75,0.001,7.91
24/12/2025 19:36,15.875,0.001,7.92
24/12/2025 19:36,15.875,0.001,7.92
24/12/2025 19:06,15.75,0.001,7.92
24/12/2025 18:36,16,0.001,7.92
24/12/2025 18:06,16,0.001,7.92
24/12/2025 17:36,16,0.001,7.91
24/12/2025 17:06,16,0.001,7.91
24/12/2025 16:36,16,0.001,7.91
24/12/2025 16:36,16,0.001,7.91
24/12/2025 16:06,16,0.001,7.9
24/12/2025 15:36,15.875,0.001,7.9
24/12/2025 15:06,16.125,0.001,7.89
24/12/2025 14:36,16.125,0.001,7.89
24/12/2025 14:06,15.875,0.001,7.88
24/12/2025 13:36,15.875,0.001,7.87
24/12/2025 13:06,15.875,0.001,7.86
24/12/2025 12:36,15.75,0.001,7.85
24/12/2025 12:06,15.75,0.001,7.85
24/12/2025 11:36,15.875,0.001,7.84
24/12/2025 11:06,14.75,0.001,7.83
24/12/2025 10:36,16.625,0.001,7.82
24/12/2025 10:06,15.625,0.001,7.82
24/12/2025 09:36,15.625,0.001,7.81
24/12/2025 09:06,15.75,0.001,7.81
24/12/2025 08:36,15.75,0.001,7.8
24/12/2025 08:36,15.75,0.001,7.8
24/12/2025 08:06,15.75,0.001,7.79
24/12/2025 07:36,15.75,0.001,7.79
24/12/2025 07:06,15.75,0.001,7.78
24/12/2025 06:36,15.625,0.001,7.78
24/12/2025 06:06,14.75,0.001,7.77
24/12/2025 05:36,15.5,0.001,7.77
24/12/2025 05:36,15.5,0.001,7.77
24/12/2025 05:06,15.5,0.001,7.77
24/12/2025 04:36,15.625,0.001,7.77
24/12/2025 04:06,15.375,0.001,7.77
24/12/2025 03:36,15.5,0.001,7.77
24/12/2025 03:06,15.5,0.001,7.77
24/12/2025 02:36,15.5,0.001,7.77
24/12/2025 02:06,15.375,0.001,7.77
24/12/2025 01:36,15.375,0.001,7.77
24/12/2025 01:06,15.375,0.001,7.77
24/12/2025 00:36,15.375,0.001,7.77
24/12/2025 00:06,15.125,0.001,7.77
23/12/2025 23:36,15.125,0.001,7.78
23/12/2025 23:06,15.125,0.001,7.78
23/12/2025 22:36,15.125,0.001,7.78
23/12/2025 22:06,15,0.001,7.78
23/12/2025 21:36,14.875,0.001,7.79
23/12/2025 21:06,15.625,0.001,7.79
23/12/2025 20:36,14.625,0.001,7.78
23/12/2025 20:06,14.75,0.001,7.78
23/12/2025 19:36,14.75,0.001,7.79
23/12/2025 19:06,14.625,0.001,7.78
23/12/2025 18:36,14.625,0.001,7.78
23/12/2025 18:06,14.625,0.001,7.78
23/12/2025 17:36,14.5,0.001,7.77
23/12/2025 17:06,14.375,0.001,7.75
23/12/2025 16:36,14.375,0.001,7.73
23/12/2025 16:06,14.25,0.001,7.7
23/12/2025 15:36,14.125,0.001,7.65
23/12/2025 15:06,14,0.001,7.54
23/12/2025 14:36,13.875,0.001,7.29
23/12/2025 14:06,13.875,0.001,6.77
23/12/2025 13:36,12.75,0.001,6.4
23/12/2025 13:16,13.875,0.005,6.4
23/12/2025 13:15,14,0.005,6.4
23/12/2025 13:15,13.875,0.007,6.4
23/12/2025 13:15,13.75,0.007,6.4
27/10/2025 10:06,21.5,0.009,6.51
27/10/2025 09:36,21.25,0.009,6.51
27/10/2025 09:06,21.625,0.009,6.5
27/10/2025 08:36,20.875,0.009,6.51
27/10/2025 08:31,21.5,0.009,6.5
27/10/2025 08:21,20.5,0.009,6.51
27/10/2025 08:06,21.625,0.009,6.51
27/10/2025 07:46,20.5,0.009,6.51
27/10/2025 07:36,20.875,0.009,6.51
27/10/2025 07:31,21.5,0.009,6.51
27/10/2025 07:21,20.5,0.009,6.51
27/10/2025 07:11,21.5,0.009,6.51
27/10/2025 07:06,21.25,0.009,6.51
27/10/2025 06:56,20.5,0.009,6.5
27/10/2025 06:41,21.625,0.009,6.51
27/10/2025 06:36,21.375,0.009,6.51
27/10/2025 06:21,20.375,0.009,6.51
27/10/2025 06:06,21.5,0.009,6.52
27/10/2025 05:51,19.75,0.009,6.51
27/10/2025 05:46,21.625,0.009,6.51
27/10/2025 05:36,21.25,0.009,6.51
27/10/2025 05:31,19.875,0.009,6.51
27/10/2025 05:21,21.5,0.009,6.51
27/10/2025 05:06,20.375,0.009,6.5
27/10/2025 04:51,21.625,0.009,6.51
27/10/2025 04:41,20.5,0.009,6.51
27/10/2025 04:36,20.625,0.009,6.51
27/10/2025 04:26,21.625,0.009,6.51
27/10/2025 04:06,20.5,0.009,6.5
27/10/2025 03:56,21.5,0.009,6.51
27/10/2025 03:51,19.75,0.009,6.51
27/10/2025 03:41,21.5,0.009,6.51
27/10/2025 03:36,21.375,0.009,6.51
27/10/2025 03:26,20.25,0.009,6.5
27/10/2025 03:06,21.5,0.009,6.51
27/10/2025 02:51,20.5,0.009,6.5
27/10/2025 02:36,21.5,0.009,6.51
27/10/2025 02:26,20.5,0.009,6.51
27/10/2025 02:11,22.625,0.009,6.51
27/10/2025 02:06,20.75,0.009,6.51
27/10/2025 01:51,20.5,0.009,6.51
27/10/2025 01:36,20.75,0.009,6.51
27/10/2025 01:26,21.625,0.009,6.51
27/10/2025 01:16,19.75,0.009,6.51
27/10/2025 01:06,21.625,0.009,6.51
27/10/2025 00:51,20.5,0.009,6.5
27/10/2025 00:36,20.875,0.009,6.5
27/10/2025 00:31,21.5,0.009,6.51
27/10/2025 00:21,20.5,0.009,6.5
27/10/2025 00:06,21.625,0.009,6.5
26/10/2025 23:56,21.625,0.009,6.51
26/10/2025 23:46,20.5,0.009,6.5
26/10/2025 23:36,20.875,0.009,6.51
26/10/2025 23:26,21.625,0.009,6.51
26/10/2025 23:11,19.75,0.009,6.51
26/10/2025 23:06,20.625,0.009,6.51
26/10/2025 22:56,21.5,0.009,6.51
26/10/2025 22:41,20.5,0.009,6.5
26/10/2025 22:36,20.625,0.009,6.5
26/10/2025 22:11,21.5,0.009,6.51
26/10/2025 22:06,20.5,0.009,6.51
26/10/2025 21:46,21.625,0.009,6.51
26/10/2025 21:36,20.5,0.009,6.51
26/10/2025 21:06,21.875,0.009,6.52
26/10/2025 20:46,20.5,0.009,6.51
26/10/2025 20:36,20.625,0.009,6.51
26/10/2025 20:26,21.625,0.009,6.51
26/10/2025 20:16,20.5,0.009,6.5
26/10/2025 20:06,20.75,0.009,6.51
26/10/2025 19:56,21.625,0.009,6.51
26/10/2025 19:46,20.5,0.009,6.5
26/10/2025 19:36,21.625,0.009,6.51
26/10/2025 19:26,21.5,0.009,6.51
26/10/2025 19:21,20.5,0.009,6.5
26/10/2025 19:06,20.625,0.009,6.51
26/10/2025 18:46,21.625,0.009,6.51
26/10/2025 18:36,19.75,0.009,6.51
26/10/2025 18:21,21.5,0.009,6.51
26/10/2025 18:16,19.875,0.009,6.51
26/10/2025 18:06,21.625,0.009,6.51
26/10/2025 18:06,21.625,0.009,6.51
26/10/2025 17:41,21.75,0.009,6.51
26/10/2025 17:36,20.75,0.009,6.51
26/10/2025 17:26,19.75,0.009,6.5
26/10/2025 17:26,19.75,0.009,6.5
26/10/2025 17:06,21.625,0.009,6.51
26/10/2025 16:36,21.625,0.009,6.51
26/10/2025 16:06,21,0.009,6.51
26/10/2025 15:36,20.875,0.009,6.51
26/10/2025 15:06,21.625,0.009,6.51
26/10/2025 14:36,20.75,0.009,6.51
26/10/2025 14:06,20.875,0.009,6.51
26/10/2025 13:36,21.125,0.009,6.52
26/10/2025 13:06,21.25,0.009,6.52
26/10/2025 12:36,21.5,0.009,6.51
26/10/2025 12:06,20.75,0.009,6.51
26/10/2025 11:51,21.5,0.01,6.51
26/10/2025 11:51,21.5,0.01,6.51
26/10/2025 11:46,19.75,0.01,6.51
26/10/2025 11:36,21.625,0.01,6.51
26/10/2025 11:16,21.5,0.01,6.51
26/10/2025 11:11,19.875,0.01,6.51
26/10/2025 11:06,20.75,0.01,6.51
26/10/2025 10:56,21.5,0.01,6.51
26/10/2025 10:51,19.75,0.01,6.51
26/10/2025 10:36,20.875,0.01,6.51
26/10/2025 10:31,21.5,0.01,6.51
26/10/2025 10:21,20.5,0.01,6.5
26/10/2025 10:21,20.5,0.01,6.5
26/10/2025 10:06,21.625,0.01,6.51
26/10/2025 09:56,21.5,0.01,6.51
26/10/2025 09:46,19.75,0.01,6.51
26/10/2025 09:36,21.5,0.01,6.51
26/10/2025 09:31,20.5,0.01,6.51
26/10/2025 09:16,21.5,0.01,6.51
26/10/2025 09:16,21.5,0.01,6.51
26/10/2025 09:06,20.5,0.01,6.5
26/10/2025 08:41,21.5,0.01,6.51
26/10/2025 08:36,20.5,0.01,6.51
26/10/2025 08:21,21.625,0.01,6.51
26/10/2025 08:11,20.5,0.01,6.51
26/10/2025 08:06,20.625,0.01,6.51
26/10/2025 07:56,21.5,0.01,6.5
26/10/2025 07:46,20.5,0.01,6.5
26/10/2025 07:36,20.625,0.01,6.51
26/10/2025 07:21,21.5,0.01,6.5
26/10/2025 07:11,20.5,0.01,6.51
26/10/2025 07:11,20.5,0.01,6.51
26/10/2025 07:06,20.625,0.01,6.51
26/10/2025 06:56,21.625,0.01,6.51
26/10/2025 06:51,20.5,0.01,6.51
26/10/2025 06:36,21.5,0.01,6.51
26/10/2025 06:26,19.75,0.01,6.51
26/10/2025 06:06,21.5,0.01,6.51
26/10/2025 06:06,21.5,0.01,6.51
26/10/2025 05:56,20.5,0.01,6.5
26/10/2025 05:36,20.625,0.01,6.51
26/10/2025 05:26,21.5,0.01,6.51
26/10/2025 05:21,19.75,0.01,6.5
26/10/2025 05:06,20.875,0.01,6.51
26/10/2025 04:51,21.75,0.01,6.5
26/10/2025 04:36,19.75,0.01,6.51
26/10/2025 04:36,19.75,0.01,6.51
26/10/2025 04:06,20.875,0.01,6.51
26/10/2025 03:56,21.625,0.01,6.5
26/10/2025 03:56,21.625,0.01,6.5
26/10/2025 03:46,20.5,0.01,6.5
26/10/2025 03:36,20.625,0.01,6.5
26/10/2025 03:06,20.75,0.01,6.5
26/10/2025 02:36,20.75,0.01,6.5
26/10/2025 02:06,21.875,0.009,6.51
26/10/2025 01:46,19.75,0.009,6.5
26/10/2025 01:36,20.625,0.01,6.49
26/10/2025 01:06,21,0.01,6.5
26/10/2025 01:36,20.875,0.009,6.5
26/10/2025 01:26,21.5,0.01,6.5
26/10/2025 01:21,19.75,0.01,6.5
26/10/2025 01:06,20.875,0.01,6.5
26/10/2025 00:36,21,0.01,6.5
26/10/2025 00:06,21.25,0.01,6.5
25/10/2025 23:36,21.25,0.01,6.5
25/10/2025 23:36,21.25,0.01,6.5
25/10/2025 23:06,21,0.009,6.5
25/10/2025 22:36,21.25,0.01,6.5
25/10/2025 22:06,21.625,0.01,6.5
25/10/2025 21:36,21.625,0.01,6.5
25/10/2025 21:06,21.625,0.009,6.5
25/10/2025 20:36,21.875,0.01,6.5
25/10/2025 20:06,21.75,0.01,6.49
25/10/2025 19:36,21.875,0.01,6.5
25/10/2025 19:06,21.875,0.009,6.5
25/10/2025 18:36,22,0.009,6.5
25/10/2025 18:06,21.875,0.009,6.5
25/10/2025 17:36,22,0.009,6.5
25/10/2025 17:36,22,0.009,6.5
25/10/2025 17:06,22,0.009,6.5
25/10/2025 16:36,22,0.009,6.49
25/10/2025 16:36,22,0.009,6.49
25/10/2025 16:06,22.125,0.009,6.5
25/10/2025 15:36,22.375,0.009,6.5
25/10/2025 15:06,22.375,0.009,6.5
25/10/2025 14:36,22.5,0.009,6.5
25/10/2025 14:06,22.375,0.009,6.5
25/10/2025 13:36,21.75,0.009,6.51
25/10/2025 13:06,22.375,0.009,6.5
25/10/2025 12:36,22,0.009,6.5
25/10/2025 12:06,22.25,0.01,6.5
25/10/2025 11:36,22.25,0.01,6.5
25/10/2025 11:06,22.125,0.009,6.49
25/10/2025 11:06,22.125,0.009,6.49
25/10/2025 10:36,22,0.009,6.49
25/10/2025 10:06,22,0.009,6.49
25/10/2025 09:36,22.125,0.009,6.49
25/10/2025 09:06,21.875,0.009,6.49
25/10/2025 08:36,22.125,0.009,6.49
25/10/2025 08:06,22,0.009,6.49
25/10/2025 07:36,22.125,0.009,6.48
25/10/2025 07:06,22,0.009,6.49
25/10/2025 06:36,22,0.009,6.49
25/10/2025 06:06,22,0.009,6.48
25/10/2025 05:36,21.75,0.009,6.48
25/10/2025 05:06,22.125,0.009,6.48
25/10/2025 04:36,21.875,0.009,6.48
25/10/2025 04:06,22,0.009,6.48
25/10/2025 03:36,22,0.009,6.48
25/10/2025 03:06,22,0.009,6.48
25/10/2025 02:36,22,0.009,6.48
25/10/2025 02:06,22.125,0.009,6.48
25/10/2025 01:36,22,0.009,6.47
25/10/2025 01:06,22,0.009,6.47
25/10/2025 00:36,22,0.009,6.47
25/10/2025 00:06,22.25,0.009,6.47
24/10/2025 23:36,22.125,0.009,6.47
24/10/2025 23:06,22,0.009,6.47
24/10/2025 22:36,22.375,0.009,6.46
24/10/2025 22:06,22.375,0.009,6.47
24/10/2025 21:36,22.375,0.009,6.46
24/10/2025 21:06,22.625,0.009,6.47
24/10/2025 20:36,22.625,0.009,6.46
24/10/2025 20:06,22.75,0.009,6.46
24/10/2025 19:36,22.75,0.009,6.46
24/10/2025 19:06,23.25,0.01,6.46
24/10/2025 18:36,23.25,0.01,6.46
24/10/2025 18:06,23.375,0.009,6.46
24/10/2025 17:36,24.625,0.009,6.45
24/10/2025 17:06,24.25,0.01,6.46
24/10/2025 16:36,24.625,0.01,6.46
24/10/2025 16:06,24.625,0.01,6.46
24/10/2025 15:36,24.75,0.01,6.46
24/10/2025 15:36,24.75,0.01,6.46
24/10/2025 15:06,24.75,0.01,6.46
24/10/2025 14:36,23.75,0.01,6.46
24/10/2025 14:06,24.625,0.01,6.46
24/10/2025 13:36,23.75,0.01,6.46
24/10/2025 13:36,23.75,0.01,6.46
24/10/2025 13:09,22.75,0.011,6.44
