Declared,Temperature,NH3,pH
22/09/2026 14:55,16.625,0.005,8
22/09/2026 14:25,16.625,0.005,8
22/09/2026 13:55,16.375,0.005,8
22/09/2026 13:25,16.375,0.005,8
22/09/2026 12:55,16.125,0.005,8
22/09/2026 12:25,16.25,0.005,7.99
22/09/2026 11:55,16,0.005,8
22/09/2026 11:25,16,0.005,7.99
22/09/2026 10:55,16,0.005,7.99
22/09/2026 10:25,16,0.005,7.99
22/09/2026 09:55,16,0.005,7.99
22/09/2026 09:25,15.875,0.005,7.99
22/09/2026 08:55,15.75,0.005,7.99
22/09/2026 08:25,15.75,0.005,7.99
22/09/2026 07:55,15.75,0.005,7.99
22/09/2026 07:25,15.75,0.005,7.99
22/09/2026 06:55,14.75,0.005,7.99
22/09/2026 06:25,14.75,0.005,7.99
22/09/2026 05:55,15.625,0.005,7.99
22/09/2026 05:25,15.375,0.005,7.99
22/09/2026 04:55,15.5,0.005,7.99
22/09/2026 04:25,15.375,0.005,7.99
22/09/2026 03:55,15.5,0.005,7.99
22/09/2026 03:25,15.625,0.005,7.99
22/09/2026 02:55,15.5,0.005,7.99
22/09/2026 02:25,15.25,0.005,7.99
22/09/2026 01:55,15.25,0.005,7.99
22/09/2026 01:25,15.125,0.005,7.99
22/09/2026 00:55,15.125,0.005,7.99
22/09/2026 00:25,15,0.005,7.99
21/09/2026 23:55,13.875,0.005,7.98
21/09/2026 23:25,14.75,0.005,7.99
21/09/2026 22:55,14.625,0.005,7.99
21/09/2026 22:25,15.5,0.005,7.98
21/09/2026 21:55,15.125,0.005,7.99
21/09/2026 21:25,14.75,0.005,7.99
21/09/2026 20:55,16.25,0.005,7.99
21/09/2026 20:25,17,0.005,7.99
21/09/2026 19:55,17.375,0.005,7.99
21/09/2026 19:25,17.375,0.005,7.99
21/09/2026 18:55,17.375,0.005,7.99
21/09/2026 18:25,17.25,0.005,7.99
21/09/2026 17:55,17.375,0.005,7.99
21/09/2026 17:25,17.25,0.005,7.99
21/09/2026 16:55,17.25,0.005,7.99
21/09/2026 16:25,17.125,0.005,7.98
21/09/2026 15:55,17.125,0.005,7.98
21/09/2026 15:25,17.125,0.005,7.98
21/09/2026 14:55,17,0.005,7.98
21/09/2026 14:25,17,0.005,7.98
21/09/2026 13:55,16.75,0.005,7.98
21/09/2026 13:25,16.625,0.005,7.98
21/09/2026 12:55,16.625,0.005,7.98
21/09/2026 12:25,17.5,0.005,7.98
21/09/2026 11:55,16.5,0.005,7.99
21/09/2026 11:25,16.5,0.005,7.99
21/09/2026 10:55,16.25,0.005,7.99
21/09/2026 10:25,16.375,0.005,8
21/09/2026 09:55,16.25,0.005,8
21/09/2026 09:25,16.25,0.005,8.01
21/09/2026 08:55,16,0.005,8.01
21/09/2026 08:25,16,0.005,8.01
21/09/2026 07:55,16.125,0.005,8.01
21/09/2026 07:25,15.875,0.005,8
21/09/2026 06:55,16,0.005,8
21/09/2026 06:25,16,0.005,8
21/09/2026 05:55,15.75,0.005,7.99
21/09/2026 05:25,15.875,0.005,7.98
21/09/2026 04:55,15.75,0.005,7.98
21/09/2026 04:25,16,0.005,7.98
21/09/2026 03:55,15.875,0.005,7.98
21/09/2026 03:25,15.875,0.005,7.98
21/09/2026 02:55,15.75,0.005,7.98
21/09/2026 02:25,15.625,0.005,7.98
21/09/2026 02:12,15.625,0.005,7.98
21/09/2026 02:12,14.875,0.005,7.98
21/09/2026 02:11,15.5,0.005,8.67
21/09/2026 01:55,15.625,0.005,7.98
21/09/2026 01:25,15.375,0.005,7.98
21/09/2026 00:55,15.625,0.005,7.98
21/09/2026 00:25,15.25,0.005,7.98
20/09/2026 23:55,15.125,0.005,7.97
20/09/2026 23:25,14.75,0.005,7.97
20/09/2026 22:55,13.75,0.005,7.97
20/09/2026 22:25,14.75,0.005,7.97
20/09/2026 21:55,15.5,0.005,7.98
20/09/2026 21:25,16.125,0.005,7.98
20/09/2026 20:55,16.375,0.005,8
20/09/2026 20:25,17.125,0.005,8
20/09/2026 19:55,17.375,0.005,8
20/09/2026 19:25,17.375,0.005,8
20/09/2026 18:55,17.375,0.005,8
20/09/2026 18:25,17.375,0.005,8
20/09/2026 17:55,17.25,0.005,8
20/09/2026 17:25,17.25,0.005,8
20/09/2026 16:55,17.125,0.005,8
20/09/2026 16:25,17,0.005,8
20/09/2026 15:55,17,0.005,8
20/09/2026 15:25,16.75,0.005,8
20/09/2026 14:55,16.75,0.005,8
20/09/2026 14:25,16.625,0.005,8
20/09/2026 13:55,17.625,0.005,8
20/09/2026 13:25,16.5,0.005,8
20/09/2026 12:55,16.5,0.005,7.99
20/09/2026 12:25,16.5,0.005,7.99
20/09/2026 11:55,16.375,0.005,8
20/09/2026 11:25,16.25,0.005,8
20/09/2026 10:55,16.375,0.005,8
20/09/2026 10:25,16.125,0.005,7.99
20/09/2026 09:55,16.25,0.005,7.99
20/09/2026 09:25,16,0.005,7.99
20/09/2026 08:55,16.125,0.005,7.99
20/09/2026 08:25,16.125,0.005,7.99
20/09/2026 07:55,16.125,0.005,8
20/09/2026 07:25,16,0.005,8
20/09/2026 06:55,15.875,0.005,8
20/09/2026 06:25,15.75,0.005,8
20/09/2026 05:55,15.875,0.005,8
20/09/2026 05:25,15.875,0.005,8
20/09/2026 04:55,15.75,0.005,8
20/09/2026 04:25,16,0.005,8
20/09/2026 03:55,15.875,0.005,8
20/09/2026 03:25,15.875,0.005,7.99
20/09/2026 02:55,15.75,0.005,7.99
20/09/2026 02:25,16.5,0.005,7.99
20/09/2026 01:55,15.625,0.005,7.99
20/09/2026 01:25,15.5,0.005,7.99
20/09/2026 00:55,15.375,0.005,7.99
20/09/2026 00:25,15.125,0.005,7.99
19/09/2026 23:55,15,0.005,7.99
19/09/2026 23:25,14.875,0.005,7.99
19/09/2026 22:55,14.75,0.005,7.99
19/09/2026 22:25,15,0.005,7.98
19/09/2026 21:55,15.375,0.005,7.98
19/09/2026 21:25,15.75,0.005,7.98
19/09/2026 20:55,16.375,0.005,7.99
19/09/2026 20:25,17,0.005,7.99
19/09/2026 19:55,17.375,0.005,7.99
19/09/2026 19:25,17.375,0.005,7.99
19/09/2026 18:55,17.25,0.005,7.99
19/09/2026 18:25,17.25,0.005,7.99
19/09/2026 17:55,17.25,0.005,7.99
19/09/2026 17:25,17.125,0.005,7.99
19/09/2026 16:55,17,0.005,7.99
19/09/2026 16:25,16.75,0.005,7.99
19/09/2026 15:55,16.75,0.005,7.99
19/09/2026 15:25,17.625,0.005,7.99
19/09/2026 14:55,16.625,0.005,7.98
19/09/2026 14:25,16.5,0.005,7.98
19/09/2026 13:55,16.25,0.005,7.98
19/09/2026 13:25,16.375,0.005,7.99
19/09/2026 12:55,16.25,0.005,7.98
19/09/2026 12:25,16.25,0.005,7.98
19/09/2026 11:55,16.125,0.005,7.98
19/09/2026 11:25,16,0.005,7.98
19/09/2026 10:55,16.125,0.005,7.98
19/09/2026 10:25,16,0.005,7.98
19/09/2026 09:55,15.875,0.005,7.98
19/09/2026 09:25,15.875,0.005,7.98
19/09/2026 08:55,15.75,0.005,7.98
19/09/2026 08:25,15.75,0.005,7.98
19/09/2026 07:55,14.75,0.005,7.97
19/09/2026 07:25,14.875,0.005,7.97
19/09/2026 06:55,15.625,0.005,7.97
19/09/2026 06:25,15.625,0.005,7.96
19/09/2026 05:55,15.625,0.005,7.96
19/09/2026 05:25,15.625,0.005,7.96
19/09/2026 04:55,14.75,0.005,7.96
19/09/2026 04:25,15.5,0.005,7.96
19/09/2026 03:55,15.625,0.005,7.96
19/09/2026 03:25,15.5,0.005,7.96
19/09/2026 02:55,15.5,0.005,7.96
19/09/2026 02:25,15.375,0.005,7.96
19/09/2026 01:55,15.375,0.005,7.96
19/09/2026 01:25,15.25,0.005,7.97
19/09/2026 00:55,15.125,0.005,7.96
19/09/2026 00:25,15,0.005,7.96
18/09/2026 23:55,15.625,0.005,7.96
18/09/2026 23:25,14.625,0.005,7.96
18/09/2026 22:55,14.625,0.005,7.96
18/09/2026 22:25,13.75,0.005,7.95
18/09/2026 21:55,15.5,0.005,7.96
18/09/2026 21:25,16,0.005,7.96
18/09/2026 20:55,16.25,0.005,7.97
18/09/2026 20:25,16.875,0.005,7.97
18/09/2026 19:55,17.125,0.006,7.97
18/09/2026 19:25,17,0.006,7.97
18/09/2026 18:55,17.125,0.006,7.97
18/09/2026 18:25,17.125,0.006,7.97
18/09/2026 17:55,16.875,0.006,7.97
18/09/2026 17:25,16.875,0.006,7.97
18/09/2026 16:55,16.875,0.006,7.97
18/09/2026 16:25,16.75,0.006,7.97
18/09/2026 16:15,16.125,0.006,7.97
18/09/2026 15:55,16.5,0.006,7.97
18/09/2026 15:25,16.625,0.006,7.97
18/09/2026 14:55,16.375,0.006,7.96
18/09/2026 14:25,16.25,0.006,7.96
18/09/2026 13:55,16.125,0.006,7.96
18/09/2026 13:25,16,0.006,7.96
18/09/2026 12:55,16.125,0.006,7.96
18/09/2026 12:25,16,0.006,7.96
18/09/2026 11:55,15.75,0.006,7.96
18/09/2026 11:25,14.875,0.006,7.96
18/09/2026 10:55,15.5,0.006,7.96
18/09/2026 10:25,15.5,0.006,7.96
18/09/2026 09:55,15.625,0.006,7.96
18/09/2026 09:25,15.5,0.006,7.96
18/09/2026 08:55,15.5,0.005,7.96
18/09/2026 08:25,15.5,0.005,7.96
18/09/2026 07:55,15.375,0.005,7.96
18/09/2026 07:25,15.25,0.005,7.96
18/09/2026 06:55,15.25,0.005,7.96
18/09/2026 06:25,15.25,0.006,7.96
18/09/2026 05:55,15.25,0.006,7.97
18/09/2026 05:25,15.375,0.006,7.97
18/09/2026 04:55,15.25,0.005,7.97
18/09/2026 04:25,15.25,0.006,7.97
18/09/2026 03:55,15.375,0.006,7.97
18/09/2026 03:25,15.125,0.005,7.97
18/09/2026 02:55,15.25,0.005,7.97
18/09/2026 02:25,15,0.005,7.97
18/09/2026 01:55,15.125,0.005,7.97
18/09/2026 01:25,14.75,0.005,7.97
18/09/2026 00:55,14.75,0.005,7.97
18/09/2026 00:25,13.875,0.005,7.97
17/09/2026 23:55,14.625,0.005,7.97
17/09/2026 23:25,14.375,0.005,7.97
17/09/2026 22:55,14.375,0.005,7.97
17/09/2026 22:25,14.25,0.005,7.97
17/09/2026 21:55,14.75,0.005,7.97
17/09/2026 21:25,15.5,0.005,7.97
17/09/2026 20:55,16.125,0.006,7.98
17/09/2026 20:25,17.625,0.006,7.98
17/09/2026 19:55,16.875,0.006,7.98
17/09/2026 19:25,17,0.006,7.98
17/09/2026 18:55,17,0.006,7.98
17/09/2026 18:25,16.75,0.006,7.98
17/09/2026 17:55,16.875,0.006,7.98
17/09/2026 17:25,16.75,0.006,7.98
17/09/2026 16:55,15.75,0.006,7.98
17/09/2026 16:25,16.625,0.006,7.98
17/09/2026 15:55,16.5,0.006,7.98
17/09/2026 15:25,16.375,0.006,7.98
17/09/2026 14:55,16.125,0.006,7.98
17/09/2026 14:25,16.25,0.006,7.97
17/09/2026 13:55,16.125,0.006,7.98
17/09/2026 13:25,16.125,0.006,7.97
17/09/2026 12:55,15.875,0.006,7.97
17/09/2026 12:25,16,0.006,7.97
17/09/2026 11:55,15.75,0.005,7.97
17/09/2026 11:25,14.75,0.005,7.97
17/09/2026 10:55,15.625,0.006,7.97
17/09/2026 10:25,15.5,0.006,7.97
17/09/2026 09:55,15.375,0.005,7.97
17/09/2026 09:25,15.375,0.006,7.97
17/09/2026 08:55,15.375,0.005,7.97
17/09/2026 08:25,15.5,0.005,7.97
17/09/2026 07:55,15.25,0.005,7.96
17/09/2026 07:25,15.375,0.005,7.97
17/09/2026 06:55,15.25,0.005,7.97
17/09/2026 06:25,15.25,0.005,7.97
17/09/2026 05:55,15.25,0.005,7.96
17/09/2026 05:25,15.375,0.005,7.96
17/09/2026 04:55,15.5,0.005,7.97
17/09/2026 04:25,15.375,0.005,7.97
17/09/2026 03:55,15.5,0.005,7.97
17/09/2026 03:25,15.25,0.005,7.97
17/09/2026 02:55,15.25,0.006,7.97
17/09/2026 02:25,15.25,0.006,7.97
17/09/2026 01:55,15.375,0.006,7.97
17/09/2026 01:25,15.25,0.006,7.97
17/09/2026 00:55,15.125,0.006,7.97
17/09/2026 00:25,15.125,0.006,7.96
16/09/2026 23:55,14.875,0.006,7.96
16/09/2026 23:25,13.75,0.006,7.96
16/09/2026 22:55,14.625,0.006,7.96
16/09/2026 22:25,14.75,0.006,7.96
16/09/2026 21:55,15.5,0.006,7.97
16/09/2026 21:25,16,0.006,7.97
16/09/2026 20:55,16.25,0.006,7.98
16/09/2026 20:25,16.875,0.006,7.98
16/09/2026 19:55,17.125,0.006,7.98
16/09/2026 19:25,17.25,0.006,7.98
16/09/2026 18:55,17,0.006,7.98
16/09/2026 18:25,17.125,0.006,7.98
16/09/2026 17:55,17,0.006,7.98
16/09/2026 17:25,16.875,0.006,7.98
16/09/2026 16:55,16.875,0.006,7.97
16/09/2026 16:25,15.75,0.006,7.97
16/09/2026 15:55,16.5,0.006,7.97
16/09/2026 15:25,16.5,0.006,7.97
16/09/2026 14:55,16.375,0.006,7.97
16/09/2026 14:25,16.125,0.006,7.96
16/09/2026 13:55,16,0.006,7.96
16/09/2026 13:25,16.125,0.006,7.96
16/09/2026 12:55,15.875,0.006,7.96
16/09/2026 12:25,15.875,0.006,7.96
16/09/2026 11:55,16.625,0.006,7.96
16/09/2026 11:25,14.75,0.006,7.96
16/09/2026 10:55,15.625,0.006,7.96
16/09/2026 10:25,15.25,0.006,7.96
16/09/2026 09:55,15.625,0.006,7.96
16/09/2026 09:25,15.5,0.006,7.96
16/09/2026 08:55,15.25,0.006,7.96
16/09/2026 08:25,15.5,0.006,7.96
16/09/2026 07:55,15.375,0.006,7.96
16/09/2026 07:25,15.625,0.006,7.96
16/09/2026 06:55,15.375,0.006,7.96
16/09/2026 06:25,15.625,0.006,7.96
16/09/2026 05:55,15.625,0.006,7.96
16/09/2026 05:25,15.5,0.006,7.96
16/09/2026 04:55,15.625,0.006,7.96
16/09/2026 04:25,16.375,0.006,7.96
16/09/2026 03:55,15.625,0.006,7.97
16/09/2026 03:25,15.625,0.006,7.97
16/09/2026 02:55,15.5,0.006,7.97
16/09/2026 02:25,14.75,0.006,7.97
16/09/2026 01:55,15.375,0.006,7.97
16/09/2026 01:25,15.25,0.006,7.97
16/09/2026 00:55,15.375,0.006,7.96
16/09/2026 00:25,15.125,0.006,7.96
15/09/2026 23:55,15.125,0.006,7.96
15/09/2026 23:25,15.125,0.006,7.96
15/09/2026 22:55,14.75,0.006,7.96
15/09/2026 22:25,14.875,0.006,7.96
15/09/2026 21:55,16.625,0.006,7.96
15/09/2026 21:25,16.125,0.006,7.97
15/09/2026 20:55,16.5,0.006,7.98
15/09/2026 20:25,17,0.006,7.98
15/09/2026 19:55,17.375,0.006,7.98
15/09/2026 19:25,17.375,0.006,7.98
15/09/2026 18:55,17.25,0.006,7.98
15/09/2026 18:25,17.375,0.006,7.98
15/09/2026 17:55,17.125,0.006,7.98
15/09/2026 17:25,17.25,0.006,7.99
15/09/2026 16:55,17.125,0.006,7.99
15/09/2026 16:25,17,0.006,7.99
15/09/2026 15:55,16.75,0.006,7.98
15/09/2026 15:25,16.75,0.006,7.98
15/09/2026 14:55,16.625,0.006,7.98
15/09/2026 14:25,16.5,0.006,7.98
15/09/2026 13:55,16.375,0.006,7.97
15/09/2026 13:25,16.25,0.006,7.97
15/09/2026 12:55,16.125,0.006,7.98
15/09/2026 12:25,16,0.006,7.98
15/09/2026 11:55,16,0.006,7.98
15/09/2026 11:25,16,0.006,7.98
15/09/2026 10:55,14.75,0.006,7.98
15/09/2026 10:25,15.75,0.006,7.98
15/09/2026 09:55,15.875,0.006,7.99
15/09/2026 09:25,15.5,0.006,7.99
15/09/2026 08:55,16.5,0.006,7.99
15/09/2026 08:25,15.625,0.006,7.99
15/09/2026 07:55,15.625,0.006,7.99
15/09/2026 07:25,16.625,0.006,7.99
15/09/2026 06:55,15.625,0.006,7.99
15/09/2026 06:25,16.625,0.006,7.99
15/09/2026 05:55,16.625,0.006,8
15/09/2026 05:25,15.625,0.006,8
15/09/2026 04:55,16.625,0.006,8
15/09/2026 04:25,15.625,0.006,8
15/09/2026 03:55,14.75,0.006,8
15/09/2026 03:25,16.625,0.006,8
15/09/2026 02:55,14.75,0.006,8
15/09/2026 02:25,16.625,0.006,8
15/09/2026 01:55,16.625,0.006,8
15/09/2026 01:25,15.625,0.006,8
15/09/2026 00:55,15.625,0.006,8
15/09/2026 00:25,15.25,0.006,7.99
14/09/2026 23:55,15.375,0.006,7.99
14/09/2026 23:25,15.125,0.006,7.99
14/09/2026 22:55,15.25,0.006,7.98
14/09/2026 22:25,15,0.006,7.98
14/09/2026 21:55,16.625,0.006,7.98
14/09/2026 21:25,16.125,0.006,7.99
14/09/2026 20:55,16.625,0.006,8
14/09/2026 20:25,17.25,0.006,8.01
14/09/2026 19:55,18.625,0.006,8.01
14/09/2026 19:25,18.5,0.006,8.01
14/09/2026 18:55,17.625,0.006,8.01
14/09/2026 18:25,17.625,0.006,8
14/09/2026 17:55,17.5,0.006,8
14/09/2026 17:25,17.5,0.006,7.99
14/09/2026 16:55,17.375,0.006,7.99
14/09/2026 16:25,17.25,0.006,7.98
14/09/2026 15:55,17.375,0.006,7.96
14/09/2026 15:25,17.125,0.006,7.95
14/09/2026 14:55,17.125,0.006,7.93
14/09/2026 14:25,16.875,0.006,7.9
14/09/2026 13:55,16.875,0.006,7.87
14/09/2026 13:25,16.875,0.006,7.82
14/09/2026 12:55,15.75,0.006,7.75
14/09/2026 12:25,16.625,0.006,7.65
14/09/2026 12:00,17.625,0.006,7.52
14/09/2026 11:55,16.75,0.006,7.49
14/09/2026 11:25,16.625,0.006,7.25
14/09/2026 10:55,16.625,0.006,7
14/09/2026 10:25,16.625,0.006,6.81
14/09/2026 09:55,16.375,0.006,6.68
14/09/2026 09:25,16.5,0.008,6.62
14/09/2026 08:55,15.75,0.01,6.6
14/09/2026 08:51,15.75,0.011,6.61
14/09/2026 08:25,15.75,0.009,7.97
14/09/2026 07:55,15.75,0.009,7.97
14/09/2026 07:25,15.625,0.009,7.97
14/09/2026 06:55,15.5,0.009,7.97
14/09/2026 06:25,16.625,0.009,7.97
14/09/2026 05:55,15.625,0.009,7.97
14/09/2026 05:25,15.5,0.009,7.97
14/09/2026 04:55,15.5,0.009,7.97
14/09/2026 04:25,15.375,0.009,7.97
14/09/2026 03:55,15.5,0.009,7.97
14/09/2026 03:25,15.375,0.009,7.97
14/09/2026 02:55,15.375,0.009,7.97
14/09/2026 02:25,15.375,0.009,7.97
14/09/2026 01:55,15.25,0.009,7.97
14/09/2026 01:25,15.125,0.009,7.97
14/09/2026 00:55,14.875,0.009,7.97
14/09/2026 00:25,14.875,0.009,7.97
13/09/2026 23:55,14.875,0.009,7.97
13/09/2026 23:25,14.75,0.009,7.97
13/09/2026 22:55,14.375,0.009,7.97
13/09/2026 22:25,14.25,0.009,7.96
13/09/2026 21:55,14.375,0.009,7.96
13/09/2026 21:25,15.125,0.009,7.97
13/09/2026 20:55,16,0.009,7.97
13/09/2026 20:25,16.625,0.009,7.98
13/09/2026 19:55,17,0.009,7.98
13/09/2026 19:25,17.125,0.009,7.98
13/09/2026 18:55,17.125,0.009,7.98
13/09/2026 18:25,17.125,0.009,7.98
13/09/2026 17:55,17.125,0.009,7.98
13/09/2026 17:25,17.125,0.009,7.98
13/09/2026 16:55,17,0.009,7.98
13/09/2026 16:25,16.875,0.009,7.98
13/09/2026 15:55,16.75,0.009,7.98
13/09/2026 15:25,16.5,0.009,7.98
13/09/2026 14:55,16.5,0.009,7.98
13/09/2026 14:25,16.375,0.009,7.98
13/09/2026 13:55,16.125,0.009,7.98
13/09/2026 13:25,16.125,0.009,7.98
13/09/2026 12:55,16,0.009,7.97
13/09/2026 12:25,16,0.009,7.97
13/09/2026 11:55,15.875,0.009,7.97
13/09/2026 11:25,15.875,0.009,7.97
13/09/2026 10:55,15.75,0.009,7.97
13/09/2026 10:25,15.75,0.009,7.97
13/09/2026 09:55,15.75,0.009,7.97
13/09/2026 09:25,16.625,0.009,7.97
13/09/2026 08:55,15.625,0.009,7.97
13/09/2026 08:25,15.625,0.009,7.97
13/09/2026 07:55,15.5,0.009,7.97
13/09/2026 07:25,14.75,0.009,7.97
13/09/2026 06:55,15.5,0.009,7.97
13/09/2026 06:25,15.5,0.009,7.97
13/09/2026 05:55,15.375,0.009,7.97
13/09/2026 05:25,15.375,0.009,7.97
13/09/2026 04:55,15.375,0.009,7.97
13/09/2026 04:25,15.5,0.009,7.97
13/09/2026 03:55,15.5,0.009,7.97
13/09/2026 03:25,15.25,0.009,7.97
13/09/2026 02:55,15.375,0.009,7.97
13/09/2026 02:25,15,0.009,7.97
13/09/2026 01:55,15.125,0.009,7.97
13/09/2026 01:25,15,0.009,7.96
13/09/2026 00:55,14.625,0.009,7.96
13/09/2026 00:25,15.5,0.009,7.96
12/09/2026 23:55,14.375,0.009,7.96
12/09/2026 23:25,14.25,0.009,7.96
12/09/2026 22:55,14.125,0.009,7.96
12/09/2026 22:25,14.125,0.009,7.96
12/09/2026 21:55,15.625,0.009,7.96
12/09/2026 21:25,15.375,0.009,7.97
12/09/2026 20:55,16,0.009,7.97
12/09/2026 20:25,16.5,0.009,7.97
12/09/2026 19:55,16.75,0.009,7.98
12/09/2026 19:25,16.875,0.009,7.98
12/09/2026 18:55,16.875,0.009,7.98
12/09/2026 18:25,16.75,0.009,7.98
12/09/2026 17:55,16.875,0.009,7.98
12/09/2026 17:25,17.625,0.009,7.98
12/09/2026 16:55,17.625,0.009,7.98
12/09/2026 16:25,17.5,0.009,7.97
12/09/2026 15:55,16.5,0.009,7.97
12/09/2026 15:25,16.5,0.009,7.98
12/09/2026 14:55,16.375,0.009,7.97
12/09/2026 14:25,16.125,0.009,7.97
12/09/2026 13:55,16.25,0.009,7.97
12/09/2026 13:25,16.125,0.009,7.97
12/09/2026 12:55,16,0.009,7.97
12/09/2026 12:25,15.875,0.009,7.97
12/09/2026 11:55,15.875,0.009,7.97
12/09/2026 11:25,16,0.009,7.97
12/09/2026 10:55,15.75,0.009,7.97
12/09/2026 10:25,15.875,0.009,7.97
12/09/2026 09:55,16.625,0.009,7.97
12/09/2026 09:25,15.5,0.009,7.97
12/09/2026 08:55,14.75,0.009,7.97
12/09/2026 08:25,14.75,0.009,7.96
12/09/2026 07:55,15.625,0.009,7.97
12/09/2026 07:25,15.625,0.009,7.97
12/09/2026 06:55,15.5,0.009,7.97
12/09/2026 06:25,15.5,0.009,7.97
12/09/2026 05:55,14.75,0.009,7.97
12/09/2026 05:25,15.5,0.009,7.97
12/09/2026 04:55,16.5,0.009,7.97
12/09/2026 04:25,15.5,0.009,7.97
12/09/2026 03:55,15.625,0.009,7.97
12/09/2026 03:25,15.5,0.009,7.96
12/09/2026 02:55,15.5,0.009,7.96
12/09/2026 02:25,15.5,0.009,7.97
12/09/2026 01:55,15.25,0.009,7.96
12/09/2026 01:25,15.5,0.009,7.96
12/09/2026 00:55,15.25,0.009,7.96
12/09/2026 00:25,15,0.009,7.96
11/09/2026 23:55,14.875,0.009,7.96
11/09/2026 23:25,14.75,0.009,7.96
11/09/2026 22:55,14.875,0.009,7.96
11/09/2026 22:25,15.5,0.009,7.96
11/09/2026 21:55,14.5,0.009,7.96
11/09/2026 21:25,15,0.009,7.96
11/09/2026 20:55,14.875,0.009,7.96
11/09/2026 20:25,16.5,0.009,7.97
11/09/2026 19:55,16.875,0.009,7.97
11/09/2026 19:25,16.875,0.009,7.98
11/09/2026 18:55,17,0.009,7.98
11/09/2026 18:25,16.875,0.009,7.98
11/09/2026 17:55,16.875,0.009,7.97
11/09/2026 17:25,16.875,0.009,7.97
11/09/2026 16:55,16.75,0.009,7.97
11/09/2026 16:25,16.5,0.009,7.97
11/09/2026 15:55,16.5,0.009,7.97
11/09/2026 15:25,16.125,0.009,7.97
11/09/2026 14:55,16.25,0.009,7.97
11/09/2026 14:25,16.25,0.009,7.97
11/09/2026 13:55,16,0.009,7.96
11/09/2026 13:25,16.125,0.009,7.97
11/09/2026 12:55,16,0.009,7.96
11/09/2026 12:25,15.875,0.009,7.96
11/09/2026 11:55,16,0.009,7.96
11/09/2026 11:25,15.75,0.009,7.96
11/09/2026 10:55,15.75,0.009,7.96
11/09/2026 10:25,15.5,0.009,7.96
11/09/2026 09:55,16.5,0.009,7.96
11/09/2026 09:25,15.375,0.009,7.96
11/09/2026 08:55,15.5,0.009,7.96
11/09/2026 08:25,15.5,0.009,7.96
11/09/2026 07:55,15.375,0.009,7.96
11/09/2026 07:25,15.375,0.009,7.96
11/09/2026 06:55,15.375,0.009,7.96
11/09/2026 06:25,15.375,0.009,7.96
11/09/2026 05:55,15.375,0.009,7.96
11/09/2026 05:25,15.375,0.009,7.96
11/09/2026 04:55,15.375,0.008,7.96
11/09/2026 04:25,15.375,0.009,7.96
11/09/2026 03:55,15.5,0.009,7.96
11/09/2026 03:25,15.375,0.009,7.96
11/09/2026 02:55,15.125,0.009,7.96
11/09/2026 02:25,15.125,0.009,7.96
11/09/2026 01:55,15.125,0.009,7.96
11/09/2026 01:25,15.125,0.009,7.96
11/09/2026 00:55,15,0.009,7.96
11/09/2026 00:25,14.75,0.009,7.96
10/09/2026 23:55,14.875,0.009,7.96
10/09/2026 23:25,15.5,0.008,7.96
10/09/2026 22:55,14.5,0.009,7.95
10/09/2026 22:25,14.875,0.008,7.96
10/09/2026 21:55,15,0.009,7.96
10/09/2026 21:25,15.75,0.009,7.96
10/09/2026 20:55,16.375,0.009,7.96
10/09/2026 20:25,17.125,0.009,7.97
10/09/2026 19:55,17.375,0.009,7.97
10/09/2026 19:25,17.5,0.009,7.98
10/09/2026 18:55,17.375,0.009,7.97
10/09/2026 18:25,17.5,0.009,7.97
10/09/2026 17:55,17.25,0.009,7.97
10/09/2026 17:25,17.25,0.009,7.97
10/09/2026 16:55,17.125,0.009,7.97
10/09/2026 16:25,17.125,0.009,7.97
10/09/2026 15:55,16.875,0.009,7.97
10/09/2026 15:25,17.625,0.009,7.97
10/09/2026 14:55,16.625,0.009,7.96
10/09/2026 14:25,16.5,0.009,7.96
10/09/2026 13:55,16.375,0.009,7.96
10/09/2026 13:25,16.375,0.009,7.96
10/09/2026 12:55,16.25,0.009,7.96
10/09/2026 12:25,16,0.009,7.96
10/09/2026 11:55,16.125,0.009,7.96
10/09/2026 11:25,15.875,0.009,7.96
10/09/2026 10:55,16,0.009,7.95
10/09/2026 10:25,15.875,0.009,7.96
10/09/2026 09:55,16.625,0.009,7.96
10/09/2026 09:25,15.625,0.009,7.95
10/09/2026 08:55,15.5,0.009,7.95
10/09/2026 08:25,15.5,0.009,7.95
10/09/2026 07:55,15.5,0.009,7.95
10/09/2026 07:25,15.5,0.009,7.95
10/09/2026 06:55,15.625,0.009,7.95
10/09/2026 06:25,15.625,0.009,7.95
10/09/2026 05:55,15.625,0.009,7.95
10/09/2026 05:25,15.5,0.009,7.95
10/09/2026 04:55,15.625,0.009,7.95
10/09/2026 04:25,15.625,0.009,7.95
10/09/2026 03:55,15.75,0.009,7.95
10/09/2026 03:25,15.5,0.009,7.95
10/09/2026 02:55,15.5,0.009,7.95
10/09/2026 02:25,15.375,0.009,7.95
10/09/2026 01:55,15.375,0.009,7.95
10/09/2026 01:25,15.5,0.009,7.95
10/09/2026 00:55,15.25,0.009,7.95
10/09/2026 00:25,15.125,0.009,7.95
09/09/2026 23:55,14.875,0.009,7.95
09/09/2026 23:25,14.875,0.009,7.95
09/09/2026 22:55,14.625,0.009,7.94
09/09/2026 22:25,14.875,0.009,7.94
09/09/2026 21:55,15.5,0.009,7.95
09/09/2026 21:25,16.125,0.009,7.95
09/09/2026 20:55,16.5,0.009,7.96
09/09/2026 20:25,17.25,0.009,7.96
09/09/2026 19:55,17.625,0.009,7.97
09/09/2026 19:25,17.375,0.009,7.96
09/09/2026 18:55,17.625,0.009,7.96
09/09/2026 18:25,17.5,0.009,7.96
09/09/2026 17:55,17.5,0.009,7.96
09/09/2026 17:25,17.25,0.009,7.96
09/09/2026 16:55,17.25,0.009,7.96
09/09/2026 16:25,17,0.009,7.95
09/09/2026 15:55,17,0.009,7.95
09/09/2026 15:25,17,0.009,7.95
09/09/2026 14:55,15.875,0.009,7.95
09/09/2026 14:25,16.625,0.009,7.95
09/09/2026 13:55,16.625,0.009,7.95
09/09/2026 13:25,16.5,0.009,7.95
09/09/2026 12:55,16.5,0.009,7.95
09/09/2026 12:25,16.375,0.009,7.94
09/09/2026 11:55,16.25,0.009,7.94
09/09/2026 11:25,16.375,0.009,7.94
09/09/2026 10:55,16.25,0.009,7.94
09/09/2026 10:25,16.25,0.009,7.94
09/09/2026 09:55,16.125,0.009,7.94
09/09/2026 09:25,16.125,0.009,7.94
09/09/2026 08:55,16,0.009,7.93
09/09/2026 08:25,15.75,0.009,7.93
09/09/2026 07:55,15.875,0.009,7.93
09/09/2026 07:25,15.875,0.009,7.93
09/09/2026 06:55,15.875,0.009,7.93
09/09/2026 06:25,16,0.009,7.93
09/09/2026 05:55,16,0.009,7.93
09/09/2026 05:25,16.125,0.009,7.93
09/09/2026 04:55,15.875,0.009,7.93
09/09/2026 04:25,16.125,0.009,7.93
09/09/2026 03:55,16,0.009,7.93
09/09/2026 03:25,16.125,0.009,7.93
09/09/2026 02:55,16.125,0.009,7.93
09/09/2026 02:25,15.875,0.009,7.93
09/09/2026 01:55,15.875,0.009,7.93
09/09/2026 01:25,15.75,0.009,7.92
09/09/2026 00:55,15.75,0.009,7.92
09/09/2026 00:25,14.75,0.009,7.92
08/09/2026 23:55,15.5,0.009,7.92
08/09/2026 23:25,15.5,0.009,7.92
08/09/2026 22:55,15.125,0.009,7.92
08/09/2026 22:25,15.25,0.009,7.92
08/09/2026 21:55,15.75,0.009,7.92
08/09/2026 21:25,16.25,0.009,7.92
08/09/2026 20:55,17.125,0.009,7.93
08/09/2026 20:25,17.875,0.009,7.93
08/09/2026 19:55,18.125,0.009,7.94
08/09/2026 19:25,18.25,0.009,7.93
08/09/2026 18:55,18.125,0.009,7.93
08/09/2026 18:25,18.375,0.009,7.93
08/09/2026 17:55,18,0.009,7.93
08/09/2026 17:25,18,0.009,7.93
08/09/2026 16:55,17.875,0.009,7.93
08/09/2026 16:25,18,0.009,7.92
08/09/2026 15:55,18.5,0.009,7.92
08/09/2026 15:25,17.375,0.009,7.92
08/09/2026 14:55,17.375,0.009,7.92
08/09/2026 14:25,17.125,0.009,7.92
08/09/2026 13:55,17.125,0.009,7.92
08/09/2026 13:25,17.125,0.009,7.92
08/09/2026 12:55,16.875,0.009,7.93
08/09/2026 12:25,16.875,0.009,7.93
08/09/2026 11:55,16.625,0.009,7.93
08/09/2026 11:25,16.625,0.009,7.94
08/09/2026 10:55,16.375,0.009,7.94
08/09/2026 10:25,16.375,0.009,7.93
08/09/2026 09:55,16.375,0.009,7.93
08/09/2026 09:25,16.375,0.009,7.93
08/09/2026 08:55,16,0.009,7.93
08/09/2026 08:25,16,0.009,7.93
08/09/2026 07:55,16,0.009,7.93
08/09/2026 07:25,16.25,0.009,7.93
08/09/2026 06:55,16.125,0.009,7.93
08/09/2026 06:25,16.125,0.009,7.93
08/09/2026 05:55,16.125,0.009,7.93
08/09/2026 05:25,16.125,0.009,7.93
08/09/2026 04:55,16.125,0.009,7.92
08/09/2026 04:25,16.25,0.009,7.93
08/09/2026 03:55,16,0.009,7.93
08/09/2026 03:25,16.125,0.009,7.93
08/09/2026 02:55,16,0.009,7.92
08/09/2026 02:25,16.125,0.009,7.92
08/09/2026 01:55,16,0.009,7.92
08/09/2026 01:25,16,0.009,7.92
08/09/2026 00:55,15.875,0.009,7.92
08/09/2026 00:25,15.75,0.009,7.92
07/09/2026 23:55,15.625,0.009,7.92
07/09/2026 23:25,15.5,0.009,7.92
07/09/2026 22:55,15.375,0.009,7.92
07/09/2026 22:25,15.375,0.009,7.92
07/09/2026 21:55,16,0.009,7.92
07/09/2026 21:25,16.375,0.009,7.92
07/09/2026 20:55,17,0.009,7.93
07/09/2026 20:25,17.625,0.009,7.93
07/09/2026 19:55,18,0.009,7.93
07/09/2026 19:25,18.25,0.009,7.93
07/09/2026 18:55,18.125,0.009,7.92
07/09/2026 18:25,18,0.009,7.92
07/09/2026 17:55,17.875,0.009,7.92
07/09/2026 17:25,18,0.009,7.92
07/09/2026 16:55,17.875,0.009,7.92
07/09/2026 16:25,17.5,0.009,7.92
07/09/2026 16:19,17.5,0.009,7.92
06/09/2026 11:25,16.75,0.009,7.96
06/09/2026 10:55,17.625,0.009,7.96
06/09/2026 10:25,16.375,0.009,7.95
06/09/2026 09:55,16.375,0.009,7.95
06/09/2026 09:25,16.25,0.009,7.95
06/09/2026 08:55,16.125,0.009,7.95
06/09/2026 08:25,16.125,0.009,7.95
06/09/2026 07:55,16.125,0.009,7.95
06/09/2026 07:25,16,0.009,7.95
06/09/2026 06:55,16.125,0.009,7.95
06/09/2026 06:25,16.125,0.009,7.95
06/09/2026 05:55,16,0.009,7.95
06/09/2026 05:25,16,0.009,7.95
06/09/2026 04:55,16,0.009,7.95
06/09/2026 04:25,16,0.009,7.95
06/09/2026 03:55,16,0.009,7.95
06/09/2026 03:25,15.875,0.009,7.95
06/09/2026 02:55,15.875,0.009,7.95
06/09/2026 02:25,15.875,0.009,7.94
06/09/2026 01:55,15.75,0.009,7.95
06/09/2026 01:25,15.625,0.009,7.94
06/09/2026 00:55,15.5,0.009,7.94
06/09/2026 00:25,15.5,0.009,7.94
05/09/2026 23:55,15.5,0.009,7.94
05/09/2026 23:25,15.125,0.009,7.94
05/09/2026 22:55,15,0.009,7.94
05/09/2026 22:25,14.75,0.009,7.94
05/09/2026 21:55,15.5,0.008,7.94
05/09/2026 21:25,15.5,0.009,7.95
05/09/2026 20:55,16.125,0.009,7.95
05/09/2026 20:25,16.75,0.009,7.95
05/09/2026 19:55,17.125,0.009,7.96
05/09/2026 19:25,17.25,0.009,7.96
05/09/2026 18:55,17.25,0.009,7.96
05/09/2026 18:25,17.125,0.009,7.95
05/09/2026 17:55,17.125,0.009,7.95
05/09/2026 17:25,17.25,0.009,7.95
05/09/2026 16:55,17.25,0.009,7.95
05/09/2026 16:25,17.125,0.009,7.95
05/09/2026 15:55,17,0.009,7.95
05/09/2026 15:25,17,0.009,7.95
05/09/2026 14:55,16.875,0.009,7.95
05/09/2026 14:25,16.875,0.009,7.95
05/09/2026 13:55,16.75,0.009,7.95
05/09/2026 13:25,16.875,0.009,7.94
05/09/2026 12:55,16.75,0.009,7.94
05/09/2026 12:25,17.5,0.009,7.94
05/09/2026 11:55,16.5,0.009,7.94
05/09/2026 11:25,16.5,0.009,7.94
05/09/2026 10:55,16.375,0.009,7.94
05/09/2026 10:25,16.375,0.009,7.94
05/09/2026 09:55,16.25,0.009,7.94
05/09/2026 09:25,16.125,0.009,7.93
05/09/2026 08:55,16.125,0.009,7.93
05/09/2026 08:25,16.125,0.009,7.93
05/09/2026 07:55,16.125,0.009,7.93
05/09/2026 07:25,15.875,0.009,7.93
05/09/2026 06:55,16,0.009,7.93
05/09/2026 06:25,16,0.009,7.93
05/09/2026 05:55,16,0.009,7.93
05/09/2026 05:25,15.875,0.009,7.93
05/09/2026 04:55,16,0.009,7.93
05/09/2026 04:25,16,0.009,7.93
05/09/2026 03:55,15.875,0.009,7.93
05/09/2026 03:25,16,0.009,7.93
05/09/2026 02:55,16.625,0.009,7.92
05/09/2026 02:25,15.625,0.009,7.92
05/09/2026 01:55,15.875,0.009,7.92
05/09/2026 01:25,16.625,0.009,7.92
05/09/2026 00:55,15.625,0.009,7.92
05/09/2026 00:25,14.75,0.009,7.92
04/09/2026 23:55,15.375,0.009,7.92
04/09/2026 23:25,15.375,0.009,7.92
04/09/2026 22:55,15.125,0.009,7.92
04/09/2026 22:25,15.375,0.009,7.92
04/09/2026 21:55,15.625,0.009,7.92
04/09/2026 21:25,16,0.009,7.92
04/09/2026 20:55,16.625,0.009,7.92
04/09/2026 20:25,17.25,0.009,7.93
04/09/2026 19:55,17.75,0.009,7.93
04/09/2026 19:25,18,0.009,7.93
04/09/2026 18:55,17.875,0.009,7.93
04/09/2026 18:25,17.75,0.009,7.93
04/09/2026 17:55,17.875,0.009,7.93
04/09/2026 17:25,16.75,0.009,7.92
04/09/2026 16:55,17.5,0.009,7.92
04/09/2026 16:25,17.25,0.009,7.92
04/09/2026 15:55,17.25,0.009,7.92
04/09/2026 15:25,17.125,0.009,7.92
04/09/2026 14:55,17,0.009,7.92
04/09/2026 14:25,16.875,0.009,7.92
04/09/2026 13:55,16.75,0.009,7.92
04/09/2026 13:25,16.625,0.009,7.92
04/09/2026 12:55,16.5,0.009,7.92
04/09/2026 12:25,16.375,0.009,7.92
04/09/2026 11:55,16.125,0.009,7.92
04/09/2026 11:51,16.125,0.009,7.92
04/09/2026 10:55,16,0.009,7.91
04/09/2026 10:25,16,0.009,7.91
04/09/2026 09:55,16,0.009,7.91
04/09/2026 09:25,15.875,0.009,7.91
04/09/2026 08:55,15.5,0.009,7.9
04/09/2026 08:25,15.5,0.009,7.9
04/09/2026 07:55,15.5,0.009,7.9
04/09/2026 07:25,15.25,0.009,7.9
04/09/2026 06:55,15.25,0.009,7.9
04/09/2026 06:25,15,0.009,7.9
04/09/2026 05:55,14.75,0.009,7.9
04/09/2026 05:25,14.75,0.009,7.89
04/09/2026 04:55,14.5,0.009,7.89
04/09/2026 04:25,15.125,0.009,7.9
04/09/2026 03:55,16.125,0.009,7.9
04/09/2026 03:25,16.25,0.009,7.9
04/09/2026 02:55,16.25,0.009,7.9
04/09/2026 02:25,16.25,0.009,7.9
04/09/2026 01:55,16.125,0.009,7.9
04/09/2026 01:25,15.75,0.009,7.89
04/09/2026 00:55,15.875,0.009,7.89
04/09/2026 00:25,15.625,0.009,7.89
03/09/2026 23:55,15.625,0.009,7.89
03/09/2026 23:25,15.25,0.009,7.89
03/09/2026 22:55,15.125,0.009,7.88
03/09/2026 22:25,15.25,0.009,7.89
03/09/2026 21:55,15.875,0.009,7.89
03/09/2026 21:25,16.5,0.009,7.89
03/09/2026 20:55,17.125,0.009,7.9
03/09/2026 20:25,17.75,0.009,7.9
03/09/2026 19:55,18.375,0.009,7.9
03/09/2026 19:25,18.25,0.009,7.9
03/09/2026 18:55,18.375,0.009,7.9
03/09/2026 18:25,18.375,0.009,7.9
03/09/2026 17:55,18.375,0.009,7.9
03/09/2026 17:25,18.25,0.009,7.9
03/09/2026 16:55,18.125,0.009,7.9
03/09/2026 16:25,17.875,0.009,7.9
03/09/2026 15:55,17.75,0.009,7.91
03/09/2026 15:25,17.625,0.009,7.91
03/09/2026 14:55,17.375,0.009,7.92
03/09/2026 14:25,17.125,0.009,7.93
03/09/2026 13:55,17.125,0.009,7.95
03/09/2026 13:25,17,0.009,7.95
03/09/2026 12:55,16.875,0.009,7.95
03/09/2026 12:25,15.75,0.009,7.95
03/09/2026 11:55,16.75,0.009,7.95
03/09/2026 11:25,16.625,0.009,7.95
03/09/2026 10:55,16.625,0.009,7.95
03/09/2026 10:25,16.375,0.009,7.95
03/09/2026 09:55,16.25,0.009,7.95
03/09/2026 09:25,16.125,0.009,7.95
03/09/2026 08:55,16.25,0.009,7.95
03/09/2026 08:25,16,0.009,7.96
03/09/2026 07:55,16,0.009,7.96
03/09/2026 07:25,16.125,0.009,7.96
03/09/2026 06:55,16,0.009,7.96
03/09/2026 06:25,16,0.009,7.96
03/09/2026 05:55,16.125,0.009,7.96
03/09/2026 05:25,16,0.009,7.96
03/09/2026 04:55,16.125,0.009,7.95
03/09/2026 04:25,16,0.009,7.95
03/09/2026 03:55,16.125,0.009,7.95
03/09/2026 03:25,16,0.009,7.95
03/09/2026 02:55,16,0.009,7.95
03/09/2026 02:25,16.125,0.009,7.95
03/09/2026 01:55,15.875,0.009,7.95
03/09/2026 01:25,15.75,0.009,7.95
03/09/2026 00:55,14.875,0.009,7.95
03/09/2026 00:25,15.75,0.009,7.95
02/09/2026 23:55,15.625,0.009,7.94
02/09/2026 23:25,15.375,0.009,7.94
02/09/2026 22:55,15.125,0.009,7.94
02/09/2026 22:25,15.5,0.009,7.95
02/09/2026 21:55,15.75,0.009,7.95
02/09/2026 21:25,16.375,0.009,7.95
02/09/2026 20:55,17.125,0.009,7.96
02/09/2026 20:25,17.875,0.009,7.96
02/09/2026 19:55,18.375,0.009,7.97
02/09/2026 19:25,18.375,0.009,7.96
02/09/2026 18:55,18.5,0.009,7.96
02/09/2026 18:25,18.5,0.009,7.96
02/09/2026 17:55,18.375,0.009,7.96
02/09/2026 17:25,18.125,0.009,7.96
02/09/2026 16:55,18,0.009,7.96
02/09/2026 16:25,17.75,0.009,7.96
02/09/2026 15:55,17.625,0.009,7.95
02/09/2026 15:25,17.5,0.009,7.95
02/09/2026 14:55,17.375,0.009,7.95
02/09/2026 14:25,17.25,0.009,7.95
02/09/2026 13:55,17.125,0.009,7.95
02/09/2026 13:25,17,0.009,7.95
02/09/2026 12:55,16.75,0.009,7.95
02/09/2026 12:25,17.625,0.009,7.95
02/09/2026 11:55,16.5,0.009,7.96
02/09/2026 11:25,16.375,0.009,7.96
02/09/2026 10:55,16.375,0.009,7.96
02/09/2026 10:25,16.125,0.009,7.97
02/09/2026 09:55,16.125,0.009,7.97
02/09/2026 09:25,15.875,0.009,7.97
02/09/2026 08:55,16,0.009,7.97
02/09/2026 08:25,16,0.009,7.97
02/09/2026 07:55,16,0.009,7.97
02/09/2026 07:25,16,0.009,7.97
02/09/2026 06:55,16,0.009,7.97
02/09/2026 06:25,16,0.009,7.97
02/09/2026 05:55,15.875,0.009,7.97
02/09/2026 05:25,15.875,0.009,7.97
02/09/2026 04:55,16,0.009,7.97
02/09/2026 04:25,16,0.009,7.97
02/09/2026 03:55,16,0.009,7.97
02/09/2026 03:25,16,0.009,7.97
02/09/2026 02:55,16,0.009,7.97
02/09/2026 02:25,16.625,0.009,7.97
02/09/2026 01:55,15.5,0.009,7.97
02/09/2026 01:25,15.25,0.009,7.96
02/09/2026 00:55,15.375,0.009,7.97
02/09/2026 00:25,15.25,0.009,7.96
01/09/2026 23:55,15,0.009,7.96
01/09/2026 23:25,14.75,0.009,7.96
01/09/2026 22:55,14.625,0.009,7.96
01/09/2026 22:25,15.625,0.009,7.96
01/09/2026 21:55,15.375,0.009,7.97
01/09/2026 21:25,16,0.009,7.97
01/09/2026 20:55,16.5,0.009,7.97
01/09/2026 20:25,17,0.009,7.98
01/09/2026 19:55,17.5,0.009,7.98
01/09/2026 19:25,17.625,0.009,7.98
01/09/2026 18:55,17.5,0.009,7.98
01/09/2026 18:25,17.25,0.009,7.98
01/09/2026 17:55,17.375,0.009,7.98
01/09/2026 17:25,17.25,0.009,7.97
01/09/2026 16:55,17,0.009,7.97
01/09/2026 16:25,16.75,0.009,7.97
01/09/2026 15:55,16.625,0.009,7.97
01/09/2026 15:25,16.5,0.009,7.97
01/09/2026 14:55,16.5,0.009,7.97
01/09/2026 14:25,16.375,0.009,7.97
01/09/2026 13:55,16.375,0.009,7.97
01/09/2026 13:25,16.25,0.009,7.97
01/09/2026 12:55,16.125,0.009,7.97
01/09/2026 12:25,16,0.009,7.97
01/09/2026 11:55,16,0.009,7.97
01/09/2026 11:25,16.125,0.009,7.96
01/09/2026 10:55,15.875,0.009,7.96
01/09/2026 10:25,15.875,0.009,7.96
01/09/2026 09:55,15.75,0.009,7.96
01/09/2026 09:25,16.625,0.009,7.96
01/09/2026 08:55,15.375,0.009,7.96
01/09/2026 08:25,15.625,0.009,7.96
01/09/2026 07:55,15.5,0.009,7.96
01/09/2026 07:25,15.625,0.009,7.96
01/09/2026 06:55,14.75,0.009,7.96
01/09/2026 06:25,15.625,0.009,7.96
01/09/2026 05:55,15.375,0.009,7.96
01/09/2026 05:25,15.375,0.009,7.96
01/09/2026 04:55,15.375,0.009,7.96
01/09/2026 04:25,15.375,0.009,7.96
01/09/2026 03:55,15.25,0.009,7.96
01/09/2026 03:25,15.375,0.009,7.96
01/09/2026 02:55,15.25,0.009,7.96
01/09/2026 02:25,15,0.009,7.96
01/09/2026 01:55,15,0.009,7.96
01/09/2026 01:25,15.25,0.009,7.96
01/09/2026 00:55,15,0.009,7.96
01/09/2026 00:25,15,0.009,7.95
31/08/2026 23:55,14.75,0.009,7.95
31/08/2026 23:25,13.75,0.009,7.95
31/08/2026 22:55,14.25,0.009,7.95
31/08/2026 22:25,14.25,0.009,7.95
31/08/2026 21:55,15,0.009,7.96
31/08/2026 21:25,15.5,0.009,7.96
31/08/2026 20:55,16.125,0.009,7.96
31/08/2026 20:25,16.75,0.009,7.97
31/08/2026 19:55,17.125,0.009,7.97
31/08/2026 19:25,17,0.009,7.97
31/08/2026 18:55,17.125,0.009,7.97
31/08/2026 18:25,17,0.009,7.97
31/08/2026 17:55,17,0.009,7.97
31/08/2026 17:25,16.875,0.009,7.96
31/08/2026 16:55,17.625,0.009,7.96
31/08/2026 16:25,16.5,0.009,7.96
31/08/2026 15:55,16.25,0.009,7.96
31/08/2026 15:25,16.125,0.009,7.96
31/08/2026 14:55,16,0.009,7.96
31/08/2026 14:25,16,0.009,7.95
31/08/2026 13:55,15.875,0.009,7.96
31/08/2026 13:25,15.75,0.009,7.95
31/08/2026 12:55,14.75,0.009,7.95
31/08/2026 12:25,15.5,0.009,7.95
31/08/2026 11:55,15.375,0.009,7.95
31/08/2026 11:25,15.125,0.009,7.95
31/08/2026 10:55,15.125,0.009,7.95
31/08/2026 10:25,14.875,0.009,7.95
31/08/2026 09:55,15.125,0.009,7.95
31/08/2026 09:25,14.875,0.009,7.95
31/08/2026 08:55,15,0.009,7.95
31/08/2026 08:25,14.875,0.009,7.95
31/08/2026 07:55,15,0.009,7.95
31/08/2026 07:25,15,0.009,7.95
31/08/2026 06:55,15.125,0.009,7.95
31/08/2026 06:25,15,0.009,7.95
31/08/2026 05:55,15,0.009,7.95
31/08/2026 05:25,15.125,0.009,7.95
31/08/2026 04:55,14.75,0.009,7.95
31/08/2026 04:25,14.75,0.009,7.95
31/08/2026 03:55,15.125,0.009,7.95
31/08/2026 03:25,14.75,0.009,7.95
31/08/2026 02:55,15,0.009,7.95
31/08/2026 02:25,14.875,0.009,7.95
31/08/2026 01:55,15,0.009,7.95
31/08/2026 01:25,14.75,0.009,7.95
31/08/2026 00:55,14.875,0.009,7.95
31/08/2026 00:25,15.625,0.009,7.95
30/08/2026 23:55,14.5,0.009,7.95
30/08/2026 23:25,14.25,0.009,7.95
30/08/2026 22:55,14.25,0.009,7.95
30/08/2026 22:25,14.25,0.009,7.95
30/08/2026 21:55,15,0.009,7.95
30/08/2026 21:25,15.5,0.009,7.95
30/08/2026 20:55,16,0.009,7.96
30/08/2026 20:25,16.75,0.009,7.96
30/08/2026 19:55,17.25,0.009,7.97
30/08/2026 19:25,17.25,0.009,7.97
30/08/2026 18:55,17.25,0.009,7.97
30/08/2026 18:25,17.25,0.009,7.96
30/08/2026 17:55,17.25,0.009,7.96
30/08/2026 17:25,17.125,0.009,7.96
30/08/2026 16:55,17,0.009,7.96
30/08/2026 16:25,16.75,0.009,7.96
30/08/2026 15:55,16.625,0.009,7.96
30/08/2026 15:25,16.375,0.009,7.95
30/08/2026 14:55,16.375,0.009,7.95
30/08/2026 14:25,16.25,0.009,7.95
30/08/2026 13:55,16,0.009,7.95
30/08/2026 13:25,16.125,0.009,7.95
30/08/2026 12:55,15.875,0.009,7.95
30/08/2026 12:25,15.875,0.009,7.95
30/08/2026 11:55,15.625,0.009,7.95
30/08/2026 11:25,15.5,0.009,7.94
30/08/2026 10:55,15.5,0.009,7.94
30/08/2026 10:25,15.5,0.009,7.94
30/08/2026 09:55,15.5,0.009,7.94
30/08/2026 09:25,15.5,0.009,7.95
30/08/2026 08:55,15.375,0.009,7.94
30/08/2026 08:25,15.375,0.009,7.94
30/08/2026 07:55,15.375,0.009,7.95
30/08/2026 07:25,15.5,0.009,7.94
30/08/2026 06:55,15.5,0.009,7.94
30/08/2026 06:25,15.375,0.009,7.94
30/08/2026 05:55,15.125,0.009,7.94
30/08/2026 05:25,15.125,0.009,7.94
30/08/2026 04:55,15.25,0.009,7.94
30/08/2026 04:25,15.375,0.009,7.94
30/08/2026 03:55,15,0.009,7.94
30/08/2026 03:25,15.25,0.009,7.94
30/08/2026 02:55,15.375,0.009,7.94
30/08/2026 02:25,15.125,0.009,7.94
30/08/2026 01:55,14.875,0.009,7.94
30/08/2026 01:25,15,0.009,7.94
30/08/2026 00:55,14.875,0.009,7.94
30/08/2026 00:25,15,0.009,7.94
29/08/2026 23:55,13.875,0.009,7.94
29/08/2026 23:25,14.625,0.009,7.94
29/08/2026 22:55,14.375,0.009,7.94
29/08/2026 22:25,14.375,0.009,7.94
29/08/2026 21:55,14.625,0.009,7.94
29/08/2026 21:25,15.375,0.009,7.94
29/08/2026 20:55,16.125,0.009,7.95
29/08/2026 20:25,17.5,0.009,7.95
29/08/2026 19:55,17.125,0.009,7.95
29/08/2026 19:25,17.125,0.009,7.95
29/08/2026 18:55,17,0.009,7.95
29/08/2026 18:25,17,0.009,7.95
29/08/2026 17:55,17,0.009,7.95
29/08/2026 17:25,16.75,0.009,7.95
29/08/2026 16:55,16.75,0.009,7.95
29/08/2026 16:25,16.5,0.009,7.94
29/08/2026 15:55,16.375,0.009,7.94
29/08/2026 15:25,16.125,0.009,7.94
29/08/2026 14:55,16,0.009,7.94
29/08/2026 14:25,16.125,0.009,7.94
29/08/2026 13:55,15.875,0.009,7.94
29/08/2026 13:25,15.875,0.009,7.93
29/08/2026 12:55,14.75,0.009,7.93
29/08/2026 12:25,15.375,0.009,7.93
29/08/2026 11:55,15.5,0.009,7.93
29/08/2026 11:25,15.375,0.009,7.93
29/08/2026 10:55,15.375,0.009,7.93
29/08/2026 10:25,15.25,0.009,7.93
29/08/2026 09:55,15.125,0.009,7.93
29/08/2026 09:25,15,0.009,7.93
29/08/2026 08:55,15.125,0.009,7.93
29/08/2026 08:25,15.25,0.009,7.93
29/08/2026 07:55,15.25,0.009,7.93
29/08/2026 07:25,15.25,0.009,7.93
29/08/2026 06:55,15.25,0.009,7.92
29/08/2026 06:25,15.125,0.009,7.93
29/08/2026 05:55,15,0.009,7.93
29/08/2026 05:25,15.125,0.009,7.92
29/08/2026 04:55,15.125,0.009,7.92
29/08/2026 04:25,15.125,0.009,7.92
29/08/2026 03:55,15.25,0.009,7.92
29/08/2026 03:25,15,0.009,7.92
29/08/2026 02:55,15.125,0.009,7.92
29/08/2026 02:25,15.25,0.009,7.92
29/08/2026 01:55,15.25,0.009,7.92
29/08/2026 01:25,15.125,0.009,7.92
29/08/2026 00:55,15,0.009,7.92
29/08/2026 00:25,15.125,0.009,7.92
28/08/2026 23:55,14.75,0.009,7.92
28/08/2026 23:25,13.875,0.009,7.92
28/08/2026 22:55,14.375,0.009,7.92
28/08/2026 22:25,14.375,0.009,7.92
28/08/2026 21:55,14.25,0.009,7.93
28/08/2026 21:25,14.875,0.009,7.93
28/08/2026 20:55,14.875,0.009,7.94
28/08/2026 20:25,16.375,0.009,7.94
28/08/2026 19:55,16.875,0.009,7.95
28/08/2026 19:25,16.75,0.009,7.95
28/08/2026 18:55,15.75,0.009,7.96
28/08/2026 18:25,16.625,0.009,7.96
28/08/2026 17:55,16.75,0.009,7.96
28/08/2026 17:25,16.625,0.009,7.96
28/08/2026 16:55,16.625,0.009,7.96
28/08/2026 16:25,16.5,0.009,7.96
28/08/2026 15:55,16.375,0.009,7.96
28/08/2026 15:25,16.125,0.009,7.96
28/08/2026 14:55,16.125,0.009,7.96
28/08/2026 14:25,16,0.009,7.96
28/08/2026 13:55,16.125,0.009,7.96
28/08/2026 13:25,16,0.009,7.96
28/08/2026 12:55,15.875,0.009,7.96
28/08/2026 12:25,16.625,0.009,7.95
28/08/2026 11:55,15.75,0.009,7.95
28/08/2026 11:25,15.5,0.009,7.95
28/08/2026 10:55,15.5,0.009,7.95
28/08/2026 10:25,15.375,0.009,7.95
28/08/2026 09:55,15.25,0.009,7.95
28/08/2026 09:25,15.375,0.009,7.95
28/08/2026 08:55,15.5,0.009,7.95
28/08/2026 08:25,15.375,0.009,7.95
28/08/2026 07:55,15.375,0.009,7.95
28/08/2026 07:25,15.25,0.009,7.95
28/08/2026 06:55,15.25,0.009,7.95
28/08/2026 06:25,15.375,0.009,7.95
28/08/2026 05:55,15.25,0.009,7.95
28/08/2026 05:25,15.375,0.009,7.95
28/08/2026 04:55,15.5,0.009,7.95
28/08/2026 04:25,15.5,0.009,7.95
28/08/2026 03:55,15.25,0.009,7.95
28/08/2026 03:25,15.5,0.009,7.95
28/08/2026 02:55,15.5,0.009,7.95
28/08/2026 02:25,15.25,0.009,7.95
28/08/2026 01:55,15.375,0.009,7.95
28/08/2026 01:25,15.25,0.009,7.95
28/08/2026 00:55,15.25,0.009,7.95
28/08/2026 00:25,15,0.009,7.95
27/08/2026 23:55,15,0.009,7.94
27/08/2026 23:25,14.625,0.009,7.94
27/08/2026 22:55,14.625,0.009,7.94
27/08/2026 22:25,14.375,0.009,7.94
27/08/2026 21:55,14.25,0.009,7.94
27/08/2026 21:25,14.75,0.009,7.95
27/08/2026 20:55,15.625,0.009,7.95
27/08/2026 20:25,16.5,0.009,7.96
27/08/2026 19:55,16.875,0.009,7.96
27/08/2026 19:25,16.75,0.009,7.96
27/08/2026 18:55,16.875,0.009,7.96
27/08/2026 18:25,16.875,0.009,7.95
27/08/2026 17:55,16.875,0.009,7.95
27/08/2026 17:25,16.75,0.009,7.95
27/08/2026 16:55,16.625,0.009,7.95
27/08/2026 16:25,16.375,0.009,7.95
27/08/2026 15:55,16.375,0.009,7.95
27/08/2026 15:25,16.375,0.009,7.95
27/08/2026 14:55,16.125,0.009,7.95
27/08/2026 14:25,16.375,0.009,7.95
27/08/2026 13:55,16.375,0.009,7.95
27/08/2026 13:25,16.375,0.009,7.95
27/08/2026 12:55,16.125,0.009,7.94
27/08/2026 12:25,16.125,0.009,7.95
27/08/2026 11:55,16.25,0.009,7.94
27/08/2026 11:25,16.25,0.009,7.94
27/08/2026 10:55,16.25,0.009,7.94
27/08/2026 10:25,16.125,0.009,7.94
27/08/2026 09:55,16,0.009,7.94
27/08/2026 09:25,16,0.009,7.94
27/08/2026 08:55,15.875,0.009,7.94
27/08/2026 08:25,15.75,0.009,7.94
27/08/2026 07:55,15.875,0.009,7.94
27/08/2026 07:25,15.625,0.009,7.94
27/08/2026 06:55,16.625,0.009,7.94
27/08/2026 06:25,15.75,0.009,7.94
27/08/2026 05:55,15.75,0.009,7.93
27/08/2026 05:25,15.75,0.009,7.93
27/08/2026 04:55,15.625,0.009,7.93
27/08/2026 04:25,15.625,0.009,7.93
27/08/2026 03:55,16.625,0.009,7.93
27/08/2026 03:25,14.875,0.009,7.93
27/08/2026 02:55,16.5,0.009,7.93
27/08/2026 02:25,15.5,0.009,7.93
27/08/2026 01:55,14.875,0.009,7.93
27/08/2026 01:25,15.625,0.009,7.93
27/08/2026 00:55,15.625,0.009,7.93
27/08/2026 00:25,15.5,0.009,7.93
26/08/2026 23:55,15.25,0.009,7.93
26/08/2026 23:25,15.375,0.009,7.92
26/08/2026 22:55,15.125,0.009,7.92
26/08/2026 22:25,15.375,0.009,7.93
26/08/2026 21:55,16.625,0.009,7.93
26/08/2026 21:25,16.125,0.009,7.93
26/08/2026 20:55,16.625,0.009,7.93
26/08/2026 20:25,17.25,0.009,7.93
26/08/2026 19:55,17.5,0.009,7.94
26/08/2026 19:25,17.625,0.009,7.94
26/08/2026 19:20,17.625,0.009,7.94
26/08/2026 18:25,17.625,0.009,7.93
26/08/2026 17:55,17.5,0.009,7.93
26/08/2026 17:25,17.5,0.009,7.93
26/08/2026 16:55,17.375,0.009,7.93
26/08/2026 16:25,17.375,0.009,7.93
26/08/2026 15:55,17.125,0.009,7.92
26/08/2026 15:25,17,0.009,7.92
26/08/2026 14:55,16.875,0.009,7.92
26/08/2026 14:25,16.75,0.009,7.92
26/08/2026 13:55,16.75,0.009,7.92
26/08/2026 13:25,16.625,0.009,7.92
26/08/2026 12:55,16.625,0.009,7.92
26/08/2026 12:25,16.25,0.009,7.92
26/08/2026 11:55,16.375,0.009,7.92
26/08/2026 11:25,16.25,0.009,7.93
26/08/2026 10:55,16.125,0.009,7.93
26/08/2026 10:25,16,0.009,7.93
26/08/2026 09:55,15.875,0.009,7.94
26/08/2026 09:25,15.625,0.009,7.93
26/08/2026 08:55,15.875,0.009,7.93
26/08/2026 08:25,15.75,0.009,7.93
26/08/2026 07:55,15.75,0.009,7.93
26/08/2026 07:25,15.625,0.009,7.93
26/08/2026 06:55,15.75,0.009,7.93
26/08/2026 06:25,16.625,0.009,7.93
26/08/2026 05:55,15.625,0.009,7.93
26/08/2026 05:25,14.75,0.009,7.93
26/08/2026 04:55,16.5,0.009,7.93
26/08/2026 04:25,16.625,0.009,7.93
26/08/2026 03:55,14.75,0.009,7.93
26/08/2026 03:25,14.875,0.009,7.92
26/08/2026 02:55,15.75,0.009,7.93
26/08/2026 02:25,15.875,0.009,7.92
26/08/2026 01:55,16.625,0.009,7.92
26/08/2026 01:25,15.625,0.009,7.92
26/08/2026 00:55,15.625,0.009,7.92
26/08/2026 00:25,15.625,0.009,7.92
25/08/2026 23:55,15.5,0.009,7.92
25/08/2026 23:25,15.5,0.009,7.92
25/08/2026 22:55,15.25,0.009,7.91
25/08/2026 22:25,15,0.009,7.91
25/08/2026 21:55,15.625,0.009,7.92
25/08/2026 21:25,16.125,0.009,7.92
25/08/2026 20:55,16.5,0.009,7.92
25/08/2026 20:25,17.25,0.009,7.93
25/08/2026 19:55,16.75,0.009,7.93
25/08/2026 19:25,17.625,0.009,7.93
25/08/2026 18:55,17.625,0.009,7.93
25/08/2026 18:25,16.75,0.009,7.93
25/08/2026 17:55,17.625,0.009,7.92
25/08/2026 17:25,17.5,0.009,7.92
25/08/2026 16:55,17.25,0.009,7.92
25/08/2026 16:25,17.125,0.009,7.92
25/08/2026 15:55,17,0.009,7.92
25/08/2026 15:25,16.875,0.009,7.92
25/08/2026 14:55,16.75,0.009,7.92
25/08/2026 14:25,17.625,0.009,7.92
25/08/2026 13:55,16.5,0.009,7.92
25/08/2026 13:25,16.5,0.009,7.93
25/08/2026 12:55,16.375,0.009,7.93
25/08/2026 12:25,16.375,0.009,7.93
25/08/2026 11:55,16.125,0.009,7.93
25/08/2026 11:25,16.25,0.009,7.93
25/08/2026 10:55,16.125,0.009,7.93
25/08/2026 10:25,15.75,0.009,7.93
25/08/2026 09:55,15.75,0.009,7.93
25/08/2026 09:25,15.625,0.009,7.93
25/08/2026 08:55,14.875,0.009,7.93
25/08/2026 08:25,15.625,0.009,7.93
25/08/2026 07:55,15.625,0.009,7.94
25/08/2026 07:25,15.625,0.009,7.94
25/08/2026 06:55,14.75,0.009,7.94
25/08/2026 06:25,15.75,0.009,7.94
25/08/2026 05:55,15.75,0.009,7.94
25/08/2026 05:25,15.625,0.009,7.94
25/08/2026 04:55,15.75,0.009,7.94
25/08/2026 04:25,15.625,0.009,7.94
25/08/2026 03:55,15.75,0.009,7.94
25/08/2026 03:25,16.625,0.009,7.94
25/08/2026 02:55,15.75,0.009,7.94
25/08/2026 02:25,15.5,0.009,7.94
25/08/2026 01:55,15.5,0.009,7.94
25/08/2026 01:25,15.25,0.009,7.94
25/08/2026 00:55,15.125,0.009,7.94
25/08/2026 00:25,15,0.009,7.94
24/08/2026 23:55,15,0.009,7.93
24/08/2026 23:25,15,0.009,7.93
24/08/2026 22:55,15.625,0.009,7.93
24/08/2026 22:25,15,0.009,7.93
24/08/2026 21:55,15.625,0.009,7.94
24/08/2026 21:25,16.125,0.009,7.94
24/08/2026 20:55,16.5,0.009,7.95
24/08/2026 20:25,17.25,0.009,7.95
24/08/2026 19:55,17.5,0.009,7.95
24/08/2026 19:25,17.625,0.009,7.95
24/08/2026 18:55,17.5,0.009,7.95
24/08/2026 18:25,17.375,0.009,7.95
24/08/2026 17:55,17.375,0.009,7.94
24/08/2026 17:25,17.375,0.009,7.94
24/08/2026 16:55,17.25,0.009,7.94
24/08/2026 16:25,17.125,0.009,7.94
24/08/2026 15:55,16.875,0.009,7.94
24/08/2026 15:25,16.75,0.009,7.94
24/08/2026 14:55,16.625,0.009,7.94
24/08/2026 14:25,16.375,0.009,7.95
24/08/2026 13:55,16.5,0.009,7.95
24/08/2026 13:25,16.375,0.009,7.95
24/08/2026 12:55,16.25,0.009,7.96
24/08/2026 12:25,16.125,0.009,7.96
24/08/2026 11:55,16,0.009,7.96
24/08/2026 11:25,16,0.009,7.97
24/08/2026 10:55,16,0.009,7.96
24/08/2026 10:25,15.875,0.009,7.96
24/08/2026 09:55,15.625,0.009,7.96
24/08/2026 09:25,15.5,0.009,7.96
24/08/2026 08:55,15.5,0.009,7.96
24/08/2026 08:25,15.5,0.009,7.96
24/08/2026 07:55,15.375,0.009,7.96
24/08/2026 07:25,15.5,0.009,7.96
24/08/2026 06:55,15.5,0.009,7.96
24/08/2026 06:25,15.5,0.009,7.96
24/08/2026 05:55,15.375,0.009,7.96
24/08/2026 05:25,15.625,0.009,7.96
24/08/2026 04:55,15.5,0.009,7.96
24/08/2026 04:25,15.5,0.009,7.96
24/08/2026 03:55,15.5,0.009,7.96
24/08/2026 03:25,15.625,0.008,7.96
24/08/2026 02:55,15.5,0.009,7.96
24/08/2026 02:25,15.5,0.009,7.96
24/08/2026 01:55,15.25,0.009,7.96
24/08/2026 01:25,15.5,0.009,7.96
24/08/2026 00:55,15.375,0.009,7.96
24/08/2026 00:25,15.125,0.009,7.96
23/08/2026 23:55,15.125,0.009,7.96
23/08/2026 23:25,14.75,0.009,7.96
23/08/2026 22:55,14.625,0.009,7.96
23/08/2026 22:25,15.625,0.009,7.96
23/08/2026 21:55,15.375,0.009,7.96
23/08/2026 21:25,14.75,0.009,7.97
23/08/2026 20:55,16.375,0.009,7.98
23/08/2026 20:25,17,0.009,7.98
23/08/2026 19:55,17.25,0.009,7.98
23/08/2026 19:25,17.5,0.009,7.98
23/08/2026 18:55,17.25,0.009,7.98
23/08/2026 18:25,17.25,0.009,7.98
23/08/2026 17:55,17.375,0.009,7.98
23/08/2026 17:25,17.25,0.009,7.98
23/08/2026 16:55,17.125,0.009,7.98
23/08/2026 16:25,16.875,0.009,7.98
23/08/2026 15:55,16.875,0.009,7.98
23/08/2026 15:25,16.625,0.009,7.97
23/08/2026 14:55,16.5,0.009,7.97
23/08/2026 14:25,16.5,0.009,7.97
23/08/2026 13:55,16.375,0.009,7.97
23/08/2026 13:25,16.125,0.009,7.97
23/08/2026 12:55,16,0.009,7.97
23/08/2026 12:25,16.125,0.009,7.97
23/08/2026 11:55,15.875,0.009,7.97
23/08/2026 11:25,15.875,0.009,7.96
23/08/2026 10:55,15.875,0.009,7.96
23/08/2026 10:25,15.75,0.009,7.96
23/08/2026 09:55,15.875,0.009,7.96
23/08/2026 09:25,15.75,0.009,7.96
23/08/2026 08:55,16.625,0.009,7.96
23/08/2026 08:25,15.75,0.009,7.96
23/08/2026 07:55,15.625,0.009,7.96
23/08/2026 07:25,15.75,0.009,7.96
23/08/2026 06:55,15.75,0.009,7.96
23/08/2026 06:25,16.625,0.009,7.96
23/08/2026 05:55,15.75,0.009,7.96
23/08/2026 05:25,15.875,0.009,7.96
23/08/2026 04:55,16.625,0.009,7.96
23/08/2026 04:25,15.75,0.009,7.96
23/08/2026 03:55,15.875,0.009,7.96
23/08/2026 03:25,16,0.009,7.96
23/08/2026 02:55,15.875,0.009,7.96
23/08/2026 02:25,15.75,0.009,7.96
23/08/2026 01:55,16.5,0.009,7.96
23/08/2026 01:25,15.75,0.009,7.96
23/08/2026 00:55,16.625,0.009,7.96
23/08/2026 00:25,15.375,0.009,7.96
22/08/2026 23:55,15.25,0.009,7.96
22/08/2026 23:25,15.125,0.009,7.95
22/08/2026 22:55,15,0.009,7.95
22/08/2026 22:25,15,0.009,7.96
22/08/2026 21:55,14.75,0.009,7.96
22/08/2026 21:25,16.25,0.009,7.97
22/08/2026 20:55,15.75,0.009,7.98
22/08/2026 20:25,17.25,0.009,7.98
22/08/2026 19:55,18.625,0.009,7.98
22/08/2026 19:25,17.75,0.009,7.98
22/08/2026 18:55,17.75,0.009,7.98
22/08/2026 18:25,17.625,0.009,7.98
22/08/2026 17:55,17.5,0.009,7.98
22/08/2026 17:25,17.375,0.009,7.97
22/08/2026 16:55,17.375,0.009,7.97
22/08/2026 16:25,17.125,0.009,7.97
22/08/2026 15:55,17.125,0.009,7.97
22/08/2026 15:25,16.875,0.009,7.96
22/08/2026 14:55,16.75,0.009,7.96
22/08/2026 14:25,16.625,0.009,7.96
22/08/2026 13:55,16.5,0.009,7.96
22/08/2026 13:25,16.5,0.009,7.95
22/08/2026 12:55,16.375,0.009,7.95
22/08/2026 12:25,16.25,0.009,7.95
22/08/2026 11:55,16.25,0.009,7.95
22/08/2026 11:25,16.125,0.009,7.95
22/08/2026 10:55,16.125,0.009,7.95
22/08/2026 10:25,16.125,0.009,7.94
22/08/2026 09:55,15.875,0.009,7.94
22/08/2026 09:25,15.875,0.009,7.94
22/08/2026 08:55,16,0.009,7.93
22/08/2026 08:25,16,0.009,7.93
22/08/2026 07:55,15.875,0.009,7.92
22/08/2026 07:25,16,0.009,7.92
22/08/2026 06:55,15.875,0.009,7.92
22/08/2026 06:25,15.875,0.009,7.92
22/08/2026 05:55,15.875,0.009,7.92
22/08/2026 05:25,16.125,0.009,7.92
22/08/2026 04:55,16,0.009,7.92
22/08/2026 04:25,16,0.009,7.92
22/08/2026 03:55,16.125,0.009,7.92
22/08/2026 03:25,16,0.009,7.92
22/08/2026 02:55,16,0.009,7.91
22/08/2026 02:25,16,0.009,7.91
22/08/2026 01:55,16.125,0.009,7.91
22/08/2026 01:25,15.875,0.009,7.91
22/08/2026 00:55,15.875,0.009,7.9
22/08/2026 00:25,15.875,0.009,7.9
21/08/2026 23:55,15.75,0.009,7.89
21/08/2026 23:25,15.625,0.009,7.89
21/08/2026 22:55,15.625,0.009,7.88
21/08/2026 22:25,14.75,0.009,7.88
21/08/2026 21:55,16,0.009,7.88
21/08/2026 21:25,16.375,0.009,7.88
21/08/2026 20:55,17,0.009,7.88
21/08/2026 20:25,16.75,0.009,7.88
21/08/2026 19:55,17.875,0.009,7.88
21/08/2026 19:25,18,0.009,7.87
21/08/2026 18:55,18,0.009,7.87
21/08/2026 18:25,18,0.009,7.87
21/08/2026 17:55,17.75,0.009,7.87
21/08/2026 17:25,17.75,0.009,7.86
21/08/2026 16:55,17.625,0.009,7.86
21/08/2026 16:25,17.375,0.009,7.86
21/08/2026 15:55,17.375,0.009,7.87
21/08/2026 15:25,17,0.009,7.87
21/08/2026 14:55,17,0.009,7.88
21/08/2026 14:25,16.625,0.009,7.89
21/08/2026 13:55,16.625,0.009,7.89
21/08/2026 13:25,16.5,0.009,7.9
21/08/2026 12:55,16.375,0.009,7.9
21/08/2026 12:25,16.25,0.009,7.91
21/08/2026 11:55,16.125,0.009,7.93
21/08/2026 11:25,16.125,0.009,7.94
21/08/2026 10:55,15.875,0.009,7.95
21/08/2026 10:25,14.875,0.009,7.96
21/08/2026 09:55,15.375,0.009,7.97
21/08/2026 09:25,15.375,0.009,7.96
21/08/2026 08:55,15.375,0.009,7.95
21/08/2026 08:25,15.125,0.009,7.96
21/08/2026 07:55,15,0.009,7.96
21/08/2026 07:25,15,0.009,7.96
21/08/2026 06:55,14.875,0.009,7.95
21/08/2026 06:25,15.625,0.009,7.95
21/08/2026 05:55,14.375,0.009,7.95
21/08/2026 05:25,14.25,0.009,7.95
21/08/2026 04:55,14.5,0.009,7.95
21/08/2026 04:25,15.375,0.009,7.96
21/08/2026 03:55,16,0.009,7.95
21/08/2026 03:25,16.5,0.009,7.95
21/08/2026 02:55,16.5,0.009,7.95
21/08/2026 02:25,16.375,0.009,7.95
21/08/2026 01:55,16.375,0.009,7.95
21/08/2026 01:25,16.125,0.009,7.95
21/08/2026 00:55,16.25,0.009,7.95
21/08/2026 00:25,16.125,0.009,7.95
20/08/2026 23:55,16.125,0.009,7.95
20/08/2026 23:25,15.875,0.009,7.95
20/08/2026 22:55,14.75,0.009,7.94
20/08/2026 22:25,15.875,0.009,7.94
20/08/2026 21:55,16,0.009,7.94
20/08/2026 21:25,16.5,0.009,7.94
20/08/2026 20:55,17.125,0.009,7.95
20/08/2026 20:25,17.875,0.009,7.95
20/08/2026 19:55,18,0.009,7.95
20/08/2026 19:25,18.125,0.009,7.95
20/08/2026 18:55,18.125,0.009,7.95
20/08/2026 18:25,18.125,0.009,7.95
20/08/2026 17:55,17.875,0.009,7.95
20/08/2026 17:25,17.875,0.009,7.96
20/08/2026 16:55,17.75,0.009,7.96
20/08/2026 16:25,17.625,0.009,7.96
20/08/2026 15:55,17.375,0.009,7.95
20/08/2026 15:25,17.125,0.009,7.95
20/08/2026 14:55,17.125,0.009,7.95
20/08/2026 14:25,17,0.009,7.95
20/08/2026 13:55,16.875,0.009,7.95
20/08/2026 13:25,15.75,0.009,7.94
20/08/2026 12:55,16.625,0.009,7.94
20/08/2026 12:25,16.5,0.009,7.94
20/08/2026 11:55,16.5,0.009,7.94
20/08/2026 11:25,16.25,0.009,7.94
20/08/2026 10:55,16.125,0.009,7.94
20/08/2026 10:55,16.125,0.009,7.94
20/08/2026 10:25,16,0.009,7.94
20/08/2026 09:55,15.5,0.009,7.94
20/08/2026 09:25,15.625,0.009,7.95
20/08/2026 08:55,15.25,0.009,7.95
20/08/2026 08:25,15.25,0.009,7.95
20/08/2026 07:55,15.125,0.009,7.95
20/08/2026 07:25,15,0.009,7.95
20/08/2026 06:55,14.875,0.009,7.95
20/08/2026 06:25,14.75,0.009,7.95
20/08/2026 05:55,13.75,0.009,7.95
20/08/2026 05:25,14.375,0.009,7.95
20/08/2026 04:55,14.375,0.009,7.95
20/08/2026 04:25,15.375,0.009,7.95
20/08/2026 03:55,16,0.009,7.95
20/08/2026 03:25,16.375,0.009,7.95
20/08/2026 02:55,16.125,0.009,7.95
20/08/2026 02:25,16.125,0.009,7.95
20/08/2026 01:55,16,0.009,7.95
20/08/2026 01:25,15.875,0.009,7.95
20/08/2026 00:55,16,0.009,7.95
20/08/2026 00:25,15.75,0.009,7.94
19/08/2026 23:55,15.625,0.009,7.94
19/08/2026 23:25,15.625,0.009,7.94
19/08/2026 22:55,15.375,0.009,7.94
19/08/2026 22:25,15.625,0.009,7.93
19/08/2026 21:55,16,0.009,7.94
19/08/2026 21:25,16.5,0.009,7.94
19/08/2026 20:55,17,0.009,7.93
19/08/2026 20:25,17.75,0.009,7.93
19/08/2026 19:55,18.125,0.009,7.93
19/08/2026 19:25,18.25,0.009,7.93
19/08/2026 18:55,18,0.009,7.92
19/08/2026 18:25,18.25,0.009,7.92
19/08/2026 17:55,17.875,0.009,7.92
19/08/2026 17:25,17.875,0.009,7.92
19/08/2026 16:55,17.75,0.009,7.92
19/08/2026 16:25,17.5,0.009,7.91
19/08/2026 15:55,17.25,0.009,7.91
19/08/2026 15:25,17.25,0.009,7.91
19/08/2026 14:55,17.25,0.009,7.91
19/08/2026 14:25,17,0.009,7.91
19/08/2026 13:55,17,0.009,7.91
19/08/2026 13:25,16.75,0.009,7.9
19/08/2026 12:55,16.75,0.009,7.9
19/08/2026 12:25,16.625,0.009,7.9
19/08/2026 11:55,16.625,0.009,7.9
19/08/2026 11:25,16.625,0.009,7.9
19/08/2026 10:55,16.375,0.009,7.9
19/08/2026 10:25,16.25,0.009,7.9
19/08/2026 09:55,16.375,0.009,7.92
19/08/2026 09:25,15.5,0.009,7.92
19/08/2026 08:55,15.5,0.009,7.92
19/08/2026 08:25,15.125,0.009,7.92
19/08/2026 07:55,15.25,0.009,7.92
19/08/2026 07:25,15,0.009,7.91
19/08/2026 06:55,14.875,0.009,7.91
19/08/2026 06:25,14.875,0.009,7.91
19/08/2026 05:55,14.375,0.009,7.9
19/08/2026 05:25,14.5,0.009,7.9
19/08/2026 04:55,14.375,0.009,7.89
19/08/2026 04:25,15.375,0.009,7.9
19/08/2026 03:55,16,0.009,7.9
19/08/2026 03:25,16.5,0.009,7.9
19/08/2026 02:55,16.375,0.009,7.89
19/08/2026 02:25,16.375,0.009,7.89
19/08/2026 01:55,16.125,0.009,7.89
19/08/2026 01:25,16.125,0.009,7.88
19/08/2026 00:55,16.25,0.009,7.88
19/08/2026 00:25,16,0.009,7.88
18/08/2026 23:55,15.875,0.009,7.88
18/08/2026 23:25,15.875,0.009,7.87
18/08/2026 22:55,15.875,0.009,7.87
18/08/2026 22:25,16,0.009,7.87
18/08/2026 21:55,16.375,0.009,7.87
18/08/2026 21:25,16.875,0.009,7.87
18/08/2026 20:55,17.5,0.009,7.87
18/08/2026 20:25,18.375,0.009,7.87
18/08/2026 19:55,18.75,0.009,7.87
18/08/2026 19:25,18.625,0.009,7.87
18/08/2026 18:55,18.625,0.009,7.87
18/08/2026 18:25,18.625,0.009,7.86
18/08/2026 17:55,18.5,0.009,7.86
18/08/2026 17:25,18.375,0.009,7.86
18/08/2026 16:55,18.375,0.009,7.85
18/08/2026 16:25,18.125,0.009,7.85
18/08/2026 15:55,17.875,0.009,7.86
18/08/2026 15:25,17.75,0.009,7.86
18/08/2026 14:55,17.625,0.009,7.86
18/08/2026 14:25,17.375,0.009,7.87
18/08/2026 13:55,17.25,0.009,7.89
18/08/2026 13:25,17.25,0.009,7.9
18/08/2026 12:55,17.125,0.009,7.92
18/08/2026 12:25,17,0.009,7.94
18/08/2026 11:55,16.875,0.009,7.94
18/08/2026 11:25,16.75,0.009,7.94
18/08/2026 10:55,17.625,0.009,7.94
18/08/2026 10:25,16.625,0.009,7.94
18/08/2026 09:55,16.5,0.009,7.94
18/08/2026 09:25,16.25,0.009,7.94
18/08/2026 08:55,16.125,0.009,7.93
18/08/2026 08:25,16.125,0.009,7.93
18/08/2026 07:55,16,0.009,7.93
18/08/2026 07:25,16,0.009,7.93
18/08/2026 06:55,16,0.009,7.93
18/08/2026 06:25,15.875,0.009,7.93
18/08/2026 05:55,15.875,0.009,7.93
18/08/2026 05:25,15.875,0.009,7.93
18/08/2026 04:55,15.875,0.009,7.92
18/08/2026 04:25,15.875,0.009,7.92
18/08/2026 03:55,15.75,0.009,7.92
18/08/2026 03:25,14.75,0.009,7.92
18/08/2026 02:55,14.875,0.009,7.92
18/08/2026 02:25,14.875,0.009,7.92
18/08/2026 01:55,15.875,0.009,7.92
18/08/2026 01:25,15.625,0.009,7.92
18/08/2026 00:55,15.5,0.009,7.92
18/08/2026 00:25,15.5,0.009,7.92
17/08/2026 23:55,15.5,0.009,7.92
17/08/2026 23:25,15.25,0.009,7.92
17/08/2026 22:55,15,0.009,7.91
17/08/2026 22:25,15.25,0.009,7.91
17/08/2026 21:55,15.5,0.009,7.92
17/08/2026 21:25,16.25,0.009,7.92
17/08/2026 20:55,16.75,0.009,7.92
17/08/2026 20:25,17.5,0.009,7.92
17/08/2026 19:55,17.875,0.009,7.92
17/08/2026 19:25,17.875,0.009,7.92
17/08/2026 18:55,17.75,0.009,7.92
17/08/2026 18:25,17.875,0.009,7.92
17/08/2026 17:55,17.875,0.009,7.92
17/08/2026 17:25,17.875,0.009,7.92
17/08/2026 16:55,16.875,0.009,7.92
17/08/2026 16:25,17.5,0.009,7.92
17/08/2026 15:55,17.375,0.009,7.92
17/08/2026 15:25,17.25,0.009,7.93
17/08/2026 14:55,17.125,0.009,7.93
17/08/2026 14:25,17.25,0.009,7.94
17/08/2026 13:55,17,0.009,7.94
17/08/2026 13:25,16.875,0.009,7.96
17/08/2026 12:55,16.75,0.009,7.98
17/08/2026 12:25,16.75,0.009,7.99
17/08/2026 12:03,16.5,0.009,7.99
17/08/2026 12:02,16.375,0.009,7.99
17/08/2026 12:02,16.375,0.009,8.69
13/08/2026 07:25,14.875,0.006,7.78
13/08/2026 06:55,15,0.006,7.79
13/08/2026 06:55,15,0.006,7.79
13/08/2026 06:25,13.75,0.006,7.79
13/08/2026 05:55,14.375,0.006,7.79
13/08/2026 05:25,14.25,0.006,7.79
13/08/2026 05:25,14.25,0.006,7.79
13/08/2026 04:55,14.375,0.006,7.79
13/08/2026 04:25,15.25,0.006,7.79
13/08/2026 03:55,16.125,0.007,7.79
13/08/2026 03:25,16.375,0.007,7.79
13/08/2026 02:55,16.125,0.007,7.78
13/08/2026 02:25,16.125,0.007,7.78
13/08/2026 01:55,16,0.007,7.78
13/08/2026 01:25,15.875,0.006,7.78
13/08/2026 00:55,16,0.006,7.78
13/08/2026 00:25,15.75,0.006,7.78
12/08/2026 23:55,15.5,0.006,7.78
12/08/2026 23:25,15.5,0.006,7.78
12/08/2026 22:55,15.375,0.006,7.78
12/08/2026 22:25,15.375,0.006,7.78
12/08/2026 21:55,16,0.006,7.78
12/08/2026 21:25,16.375,0.007,7.78
12/08/2026 20:55,17.125,0.007,7.77
12/08/2026 20:25,17.75,0.007,7.78
12/08/2026 19:55,18.125,0.007,7.77
12/08/2026 19:25,18.25,0.007,7.77
12/08/2026 19:25,18.25,0.007,7.77
12/08/2026 18:55,18.25,0.007,7.77
12/08/2026 18:25,17.875,0.007,7.77
12/08/2026 17:55,17.75,0.007,7.77
12/08/2026 17:25,17.625,0.007,7.76
12/08/2026 16:55,17.5,0.007,7.76
12/08/2026 16:25,17.5,0.007,7.76
12/08/2026 15:55,17.125,0.007,7.76
12/08/2026 15:25,17,0.007,7.76
12/08/2026 14:55,17,0.007,7.76
12/08/2026 14:25,16.625,0.007,7.76
12/08/2026 13:55,16.5,0.007,7.76
12/08/2026 13:25,16.375,0.007,7.75
12/08/2026 12:55,16.25,0.007,7.75
12/08/2026 12:25,16.125,0.007,7.75
12/08/2026 11:55,16,0.007,7.75
12/08/2026 11:25,15.875,0.007,7.75
12/08/2026 11:25,15.875,0.007,7.75
12/08/2026 10:55,15.75,0.007,7.75
12/08/2026 10:25,14.75,0.006,7.75
12/08/2026 09:55,15.5,0.006,7.75
12/08/2026 09:25,15.5,0.007,7.75
12/08/2026 08:55,14.75,0.007,7.75
12/08/2026 08:25,15.625,0.007,7.76
12/08/2026 07:55,15.5,0.007,7.76
12/08/2026 07:25,15.375,0.006,7.76
12/08/2026 06:55,15.5,0.006,7.76
12/08/2026 06:25,15.625,0.006,7.75
12/08/2026 05:55,14.75,0.006,7.75
12/08/2026 05:25,15.75,0.007,7.75
12/08/2026 04:55,15.5,0.007,7.75
12/08/2026 04:25,15.5,0.007,7.75
12/08/2026 04:25,15.5,0.007,7.75
12/08/2026 03:55,15.625,0.006,7.75
12/08/2026 03:25,15.625,0.006,7.75
12/08/2026 03:25,15.625,0.006,7.75
12/08/2026 02:55,15.625,0.007,7.75
12/08/2026 02:25,15.5,0.007,7.75
12/08/2026 01:55,15.375,0.007,7.75
12/08/2026 01:25,15.25,0.006,7.74
12/08/2026 00:55,15.125,0.006,7.74
12/08/2026 00:25,15,0.006,7.74
11/08/2026 23:55,15,0.006,7.74
11/08/2026 23:25,14.75,0.006,7.74
11/08/2026 22:55,14.625,0.006,7.74
11/08/2026 22:25,13.875,0.006,7.74
11/08/2026 21:55,15.5,0.006,7.74
11/08/2026 21:25,15.875,0.007,7.74
11/08/2026 20:55,16.375,0.007,7.74
11/08/2026 20:25,17.25,0.007,7.73
11/08/2026 19:55,17.375,0.007,7.73
11/08/2026 19:25,17.5,0.007,7.73
11/08/2026 18:55,17.5,0.007,7.73
11/08/2026 18:25,17.5,0.007,7.73
11/08/2026 17:55,17.125,0.007,7.73
11/08/2026 17:25,17.125,0.007,7.73
11/08/2026 16:55,17,0.007,7.73
11/08/2026 16:25,16.75,0.007,7.73
11/08/2026 15:55,16.5,0.007,7.73
11/08/2026 15:25,16.25,0.007,7.74
11/08/2026 14:55,16.25,0.006,7.74
11/08/2026 14:25,16.25,0.006,7.74
11/08/2026 13:55,15.875,0.006,7.74
11/08/2026 13:25,16,0.007,7.74
11/08/2026 12:55,15.875,0.006,7.74
11/08/2026 12:25,15.625,0.006,7.74
11/08/2026 11:55,15.375,0.006,7.74
11/08/2026 11:25,15.375,0.006,7.73
11/08/2026 10:55,15.25,0.006,7.73
11/08/2026 10:25,15.125,0.006,7.73
11/08/2026 09:55,14.875,0.006,7.73
11/08/2026 09:25,15,0.006,7.73
11/08/2026 08:55,15,0.006,7.73
11/08/2026 08:25,15.625,0.006,7.73
11/08/2026 07:55,14.625,0.006,7.73
11/08/2026 07:25,14.75,0.006,7.72
11/08/2026 06:55,14.625,0.006,7.72
11/08/2026 06:25,14.625,0.006,7.72
11/08/2026 05:55,14.375,0.006,7.72
11/08/2026 05:25,14.5,0.006,7.72
11/08/2026 04:55,15.5,0.006,7.72
11/08/2026 04:25,16.125,0.007,7.72
11/08/2026 03:55,17,0.007,7.71
11/08/2026 03:25,17.25,0.007,7.71
11/08/2026 02:55,17.375,0.007,7.7
11/08/2026 02:25,17.375,0.007,7.7
11/08/2026 01:55,17.375,0.007,7.7
11/08/2026 01:25,17.25,0.007,7.69
11/08/2026 00:55,17.25,0.007,7.69
11/08/2026 00:25,17.25,0.007,7.69
10/08/2026 23:55,17.25,0.007,7.68
10/08/2026 23:25,17.25,0.007,7.68
10/08/2026 22:55,17,0.007,7.68
10/08/2026 22:25,17.125,0.007,7.67
10/08/2026 21:55,17.625,0.007,7.67
10/08/2026 21:25,18.5,0.007,7.67
10/08/2026 20:55,19,0.007,7.66
10/08/2026 20:49,19.5,0.007,7.66
10/08/2026 20:25,20.25,0.007,7.66
10/08/2026 19:55,20.75,0.007,7.65
10/08/2026 19:25,20.875,0.007,7.64
10/08/2026 18:55,20.75,0.007,7.64
10/08/2026 18:25,21,0.007,7.63
10/08/2026 17:55,21,0.007,7.63
10/08/2026 17:25,21,0.007,7.63
10/08/2026 16:55,21,0.007,7.62
10/08/2026 16:25,20.75,0.007,7.62
10/08/2026 15:55,20.75,0.007,7.63
10/08/2026 15:25,20.625,0.007,7.63
10/08/2026 14:55,20.625,0.007,7.64
10/08/2026 14:25,20.625,0.007,7.65
10/08/2026 13:55,20.625,0.007,7.68
10/08/2026 13:25,20.5,0.007,7.71
10/08/2026 12:55,20.5,0.007,7.74
10/08/2026 12:25,20.25,0.007,7.77
10/08/2026 11:55,20,0.007,7.8
10/08/2026 11:55,20,0.007,7.8
10/08/2026 11:48,20.625,0.007,7.8
10/08/2026 11:25,19.625,0.007,7.82
10/08/2026 10:55,19.375,0.007,7.83
10/08/2026 10:25,18.375,0.007,7.8
09/08/2026 12:55,17.625,0.007,7.84
09/08/2026 12:25,17.5,0.007,7.84
09/08/2026 11:55,17.375,0.007,7.84
09/08/2026 11:25,17.375,0.007,7.84
09/08/2026 10:55,17.25,0.007,7.84
09/08/2026 10:25,17.25,0.007,7.84
09/08/2026 09:55,17.125,0.007,7.84
09/08/2026 09:25,17.25,0.007,7.84
09/08/2026 08:55,17.375,0.007,7.84
09/08/2026 08:25,17.125,0.007,7.85
09/08/2026 07:55,17.125,0.007,7.85
09/08/2026 07:25,17.125,0.007,7.85
09/08/2026 06:55,17.125,0.006,7.85
09/08/2026 06:25,17.375,0.007,7.85
09/08/2026 05:55,17.5,0.007,7.85
09/08/2026 05:25,17.375,0.007,7.85
09/08/2026 04:55,17.5,0.007,7.85
09/08/2026 04:25,17.5,0.007,7.85
09/08/2026 03:55,17.625,0.007,7.85
09/08/2026 03:25,18.625,0.007,7.85
09/08/2026 02:55,17.75,0.007,7.85
09/08/2026 02:25,17.875,0.007,7.85
09/08/2026 01:55,18,0.007,7.85
09/08/2026 01:25,18,0.007,7.85
09/08/2026 00:55,18.25,0.007,7.85
09/08/2026 00:25,18.125,0.007,7.84
08/08/2026 23:55,18.25,0.007,7.85
08/08/2026 23:25,18.25,0.007,7.85
08/08/2026 22:55,18.5,0.007,7.85
08/08/2026 22:25,18.375,0.007,7.84
08/08/2026 21:55,18.375,0.007,7.84
08/08/2026 21:25,18.5,0.007,7.84
08/08/2026 20:55,18.375,0.007,7.84
08/08/2026 20:25,18.625,0.007,7.84
08/08/2026 19:55,18.5,0.007,7.84
08/08/2026 19:25,18.375,0.007,7.84
08/08/2026 18:55,18.375,0.007,7.84
08/08/2026 18:25,18.25,0.007,7.84
08/08/2026 17:55,18.375,0.007,7.84
08/08/2026 17:25,18.125,0.007,7.84
08/08/2026 16:55,18,0.007,7.84
08/08/2026 16:25,17.875,0.007,7.83
08/08/2026 15:55,17.75,0.007,7.83
08/08/2026 15:25,17.75,0.007,7.84
08/08/2026 14:55,17.625,0.007,7.83
08/08/2026 14:25,17.5,0.007,7.83
08/08/2026 13:55,17.5,0.007,7.83
08/08/2026 13:25,17.5,0.007,7.83
08/08/2026 12:55,17.375,0.007,7.83
08/08/2026 12:25,17.25,0.007,7.83
08/08/2026 11:55,17.25,0.007,7.83
08/08/2026 11:25,17.25,0.007,7.83
08/08/2026 10:55,17.25,0.007,7.83
08/08/2026 10:25,17.125,0.007,7.83
08/08/2026 09:55,17.25,0.007,7.83
08/08/2026 09:25,17,0.007,7.83
08/08/2026 08:55,17.25,0.007,7.83
08/08/2026 08:25,17.125,0.007,7.83
08/08/2026 07:55,17.125,0.007,7.83
08/08/2026 07:25,17.125,0.007,7.83
08/08/2026 06:55,17.25,0.007,7.83
08/08/2026 06:55,17.25,0.007,7.83
08/08/2026 06:25,17.375,0.007,7.83
08/08/2026 05:55,17.375,0.007,7.83
08/08/2026 05:25,17.375,0.007,7.83
08/08/2026 04:55,17.375,0.007,7.83
08/08/2026 04:25,17.625,0.007,7.83
08/08/2026 03:55,17.625,0.007,7.83
08/08/2026 03:25,17.75,0.007,7.82
08/08/2026 02:55,17.75,0.007,7.82
08/08/2026 02:25,18,0.007,7.82
08/08/2026 01:55,17.875,0.007,7.82
08/08/2026 01:25,18.125,0.007,7.82
08/08/2026 00:55,18.125,0.007,7.82
08/08/2026 00:55,18.125,0.007,7.82
08/08/2026 00:25,18.125,0.007,7.82
07/08/2026 23:55,18.375,0.007,7.82
07/08/2026 23:25,18.25,0.007,7.82
07/08/2026 22:55,18.375,0.007,7.82
07/08/2026 22:25,18.375,0.007,7.81
07/08/2026 21:55,18.25,0.007,7.81
07/08/2026 21:55,18.25,0.007,7.81
07/08/2026 21:25,18.5,0.007,7.81
07/08/2026 20:55,18.375,0.007,7.81
07/08/2026 20:25,18.25,0.007,7.81
07/08/2026 19:55,18.5,0.007,7.81
07/08/2026 19:55,18.5,0.007,7.81
07/08/2026 19:25,18.375,0.007,7.81
07/08/2026 18:55,18.5,0.007,7.8
07/08/2026 18:25,18.5,0.007,7.8
07/08/2026 17:55,18.5,0.007,7.8
07/08/2026 17:25,18.5,0.007,7.8
07/08/2026 16:55,18.125,0.007,7.8
07/08/2026 16:25,18.125,0.007,7.79
07/08/2026 15:55,18,0.007,7.79
07/08/2026 15:25,17.875,0.007,7.79
07/08/2026 15:25,17.875,0.007,7.79
07/08/2026 14:55,16.75,0.007,7.79
07/08/2026 14:25,18.625,0.007,7.79
07/08/2026 13:55,17.625,0.007,7.79
07/08/2026 13:25,17.625,0.007,7.78
07/08/2026 12:55,17.5,0.007,7.78
07/08/2026 12:25,17.375,0.007,7.78
07/08/2026 11:55,17.375,0.007,7.77
07/08/2026 11:25,17.5,0.007,7.77
07/08/2026 10:55,17.375,0.007,7.77
07/08/2026 10:25,17.375,0.007,7.77
07/08/2026 09:55,17.5,0.007,7.77
07/08/2026 09:25,17.125,0.007,7.76
07/08/2026 08:55,17.125,0.007,7.76
07/08/2026 08:25,17.125,0.007,7.76
07/08/2026 07:55,17.125,0.007,7.76
07/08/2026 07:25,17.25,0.007,7.76
07/08/2026 06:55,17.375,0.007,7.75
07/08/2026 06:25,17.375,0.007,7.75
07/08/2026 05:55,17.375,0.007,7.75
07/08/2026 05:25,17.625,0.007,7.75
07/08/2026 04:55,17.5,0.007,7.74
07/08/2026 04:25,18.625,0.007,7.74
07/08/2026 03:55,17.75,0.007,7.74
07/08/2026 03:25,18,0.007,7.73
07/08/2026 02:55,17.875,0.007,7.73
07/08/2026 02:25,18.125,0.007,7.73
07/08/2026 01:55,18.25,0.007,7.72
07/08/2026 01:25,18.25,0.007,7.72
07/08/2026 00:55,18.25,0.007,7.72
07/08/2026 00:55,18.25,0.007,7.72
07/08/2026 00:25,18.5,0.007,7.71
06/08/2026 23:55,18.5,0.007,7.7
06/08/2026 23:25,18.25,0.007,7.7
06/08/2026 22:55,18.625,0.007,7.69
06/08/2026 22:25,18.625,0.007,7.69
06/08/2026 21:55,18.5,0.007,7.68
06/08/2026 21:25,18.625,0.007,7.67
06/08/2026 20:55,18.375,0.007,7.67
06/08/2026 20:25,18.375,0.007,7.66
06/08/2026 19:55,18.375,0.007,7.66
06/08/2026 19:25,18.375,0.007,7.65
06/08/2026 18:55,18.5,0.007,7.64
06/08/2026 18:25,18.5,0.007,7.64
06/08/2026 17:55,18.25,0.007,7.63
06/08/2026 17:25,18.25,0.007,7.62
06/08/2026 16:55,18.125,0.007,7.62
06/08/2026 16:25,18,0.007,7.61
06/08/2026 15:55,17.75,0.007,7.61
06/08/2026 15:25,18.625,0.007,7.61
06/08/2026 14:55,17.5,0.007,7.62
06/08/2026 14:25,17.625,0.007,7.63
06/08/2026 13:55,17.5,0.007,7.63
06/08/2026 13:25,17.625,0.007,7.64
06/08/2026 12:55,17.5,0.007,7.66
06/08/2026 12:25,17.25,0.007,7.69
06/08/2026 11:55,17.375,0.007,7.72
06/08/2026 11:25,17.125,0.007,7.75
06/08/2026 10:55,17.125,0.007,7.78
06/08/2026 10:25,17,0.007,7.8
06/08/2026 09:55,17,0.007,7.82
06/08/2026 09:25,17,0.007,7.84
06/08/2026 08:55,16.875,0.007,7.86
06/08/2026 08:25,16.875,0.007,7.87
06/08/2026 07:55,16.875,0.007,7.87
06/08/2026 07:25,17.125,0.007,7.87
06/08/2026 06:55,17.125,0.007,7.87
06/08/2026 06:25,17.125,0.007,7.87
06/08/2026 05:55,17.125,0.007,7.87
06/08/2026 05:25,17.25,0.007,7.87
06/08/2026 04:55,17.25,0.007,7.87
06/08/2026 04:25,17.5,0.007,7.87
06/08/2026 03:55,17.5,0.007,7.87
06/08/2026 03:25,17.5,0.007,7.87
06/08/2026 02:55,17.5,0.007,7.87
06/08/2026 02:25,18.625,0.007,7.87
06/08/2026 01:55,17.625,0.007,7.87
06/08/2026 01:25,17.5,0.007,7.87
06/08/2026 01:25,17.5,0.007,7.87
06/08/2026 00:55,17.375,0.007,7.87
06/08/2026 00:25,17.625,0.007,7.87
05/08/2026 23:55,17.625,0.007,7.87
05/08/2026 23:25,16.75,0.007,7.87
05/08/2026 22:55,17.625,0.007,7.87
05/08/2026 22:25,17.875,0.007,7.87
05/08/2026 21:55,18,0.007,7.87
05/08/2026 21:25,17.75,0.007,7.87
05/08/2026 20:55,17.875,0.007,7.87
05/08/2026 20:25,18,0.007,7.87
05/08/2026 19:55,18,0.007,7.87
05/08/2026 19:25,18,0.007,7.87
05/08/2026 18:55,18.125,0.007,7.87
05/08/2026 18:25,18,0.007,7.86
05/08/2026 17:55,18.125,0.007,7.86
05/08/2026 17:25,18.125,0.007,7.86
05/08/2026 16:55,18,0.007,7.86
05/08/2026 16:25,17.75,0.007,7.86
05/08/2026 15:55,18.5,0.007,7.86
05/08/2026 15:25,17.625,0.007,7.86
05/08/2026 14:55,17.5,0.007,7.86
05/08/2026 14:25,17.375,0.007,7.86
05/08/2026 13:55,17.5,0.007,7.86
05/08/2026 13:25,17.375,0.007,7.86
05/08/2026 12:55,17.5,0.007,7.86
05/08/2026 12:25,17.5,0.007,7.86
05/08/2026 11:55,17.5,0.007,7.85
05/08/2026 11:25,17.5,0.007,7.85
05/08/2026 10:55,17.5,0.007,7.85
05/08/2026 10:25,17.375,0.007,7.85
05/08/2026 09:55,17.25,0.007,7.85
05/08/2026 09:25,17.25,0.007,7.85
05/08/2026 08:55,17.25,0.007,7.85
05/08/2026 08:25,17.25,0.007,7.85
05/08/2026 07:55,17.25,0.007,7.85
05/08/2026 07:25,17.375,0.007,7.85
05/08/2026 06:55,17.375,0.007,7.85
05/08/2026 06:25,17.625,0.007,7.85
05/08/2026 06:25,17.625,0.007,7.85
05/08/2026 05:55,17.5,0.007,7.85
05/08/2026 05:25,17.75,0.007,7.85
05/08/2026 04:55,18,0.007,7.85
05/08/2026 04:25,18,0.007,7.84
05/08/2026 03:55,17.875,0.007,7.84
05/08/2026 03:55,17.875,0.007,7.84
05/08/2026 03:25,18,0.007,7.84
05/08/2026 02:55,18.25,0.007,7.84
05/08/2026 02:25,18.125,0.007,7.84
05/08/2026 01:55,18.25,0.007,7.84
05/08/2026 01:25,18.25,0.007,7.84
05/08/2026 01:25,18.25,0.007,7.84
05/08/2026 00:55,18.5,0.007,7.83
05/08/2026 00:25,18.5,0.007,7.83
04/08/2026 23:55,18.375,0.007,7.83
04/08/2026 23:25,18.375,0.007,7.83
04/08/2026 22:55,19.625,0.007,7.83
04/08/2026 22:25,17.75,0.007,7.83
04/08/2026 21:55,18.75,0.007,7.82
04/08/2026 21:25,19,0.007,7.82
04/08/2026 20:55,18.875,0.007,7.82
04/08/2026 20:25,19,0.007,7.82
04/08/2026 19:55,19.125,0.007,7.82
04/08/2026 19:25,19.25,0.007,7.81
04/08/2026 18:55,19.25,0.007,7.81
04/08/2026 18:25,19.375,0.007,7.81
04/08/2026 17:55,19.25,0.007,7.81
04/08/2026 17:25,19.25,0.007,7.8
04/08/2026 16:55,19.125,0.007,7.8
04/08/2026 16:25,19.125,0.007,7.8
04/08/2026 15:55,18.875,0.007,7.81
04/08/2026 15:25,19,0.007,7.8
04/08/2026 14:55,18.75,0.007,7.8
04/08/2026 14:55,18.75,0.007,7.8
04/08/2026 14:25,18.625,0.007,7.8
04/08/2026 13:55,18.5,0.007,7.81
04/08/2026 13:25,18.375,0.007,7.81
04/08/2026 12:55,18.25,0.007,7.83
04/08/2026 12:25,17.625,0.007,7.84
04/08/2026 11:55,17.5,0.007,7.86
04/08/2026 11:25,17.375,0.007,7.88
04/08/2026 10:55,17.375,0.007,7.89
04/08/2026 10:25,17.25,0.007,7.9
04/08/2026 09:55,17.125,0.007,7.91
04/08/2026 09:25,17.125,0.007,7.93
04/08/2026 08:55,17.125,0.007,7.93
04/08/2026 08:25,17.125,0.007,7.94
04/08/2026 07:55,17.125,0.007,7.94
04/08/2026 07:25,17.125,0.007,7.94
04/08/2026 06:55,17,0.007,7.94
04/08/2026 06:25,17.125,0.007,7.94
04/08/2026 05:55,17.125,0.007,7.95
04/08/2026 05:25,17.375,0.007,7.95
04/08/2026 04:55,17.25,0.007,7.95
04/08/2026 04:25,17.375,0.007,7.95
04/08/2026 03:55,17.625,0.007,7.95
04/08/2026 03:25,18.625,0.007,7.95
04/08/2026 02:55,17.875,0.007,7.95
04/08/2026 02:55,17.875,0.007,7.95
04/08/2026 02:25,17.75,0.007,7.95
04/08/2026 01:55,17.875,0.007,7.95
04/08/2026 01:25,17.875,0.007,7.95
04/08/2026 00:55,18,0.007,7.95
04/08/2026 00:25,18,0.007,7.95
03/08/2026 23:55,18,0.007,7.95
03/08/2026 23:25,18.25,0.007,7.95
03/08/2026 22:55,18.25,0.007,7.95
03/08/2026 22:25,18.375,0.007,7.95
03/08/2026 21:55,18.375,0.007,7.96
03/08/2026 21:25,18.5,0.007,7.95
03/08/2026 20:55,18.5,0.007,7.95
03/08/2026 20:25,18.5,0.007,7.95
03/08/2026 19:55,18.625,0.007,7.95
03/08/2026 19:25,18.375,0.007,7.95
03/08/2026 18:55,18.625,0.007,7.95
03/08/2026 18:25,18.25,0.007,7.95
03/08/2026 17:55,18,0.007,7.95
03/08/2026 17:25,18,0.007,7.95
03/08/2026 16:55,18,0.007,7.95
03/08/2026 16:25,17.875,0.007,7.95
03/08/2026 15:55,18.625,0.007,7.95
03/08/2026 15:25,16.75,0.007,7.95
03/08/2026 14:55,17.5,0.007,7.95
03/08/2026 14:25,17.5,0.007,7.95
03/08/2026 13:55,17.5,0.007,7.95
03/08/2026 13:25,17.375,0.007,7.95
03/08/2026 12:55,17.25,0.007,7.95
03/08/2026 12:25,17.375,0.007,7.95
03/08/2026 11:55,17.375,0.007,7.95
03/08/2026 11:25,17.25,0.007,7.95
03/08/2026 10:55,17.25,0.007,7.95
03/08/2026 10:25,17.125,0.007,7.95
03/08/2026 09:55,17.125,0.007,7.95
03/08/2026 09:25,17.125,0.007,7.95
03/08/2026 08:55,17,0.007,7.95
03/08/2026 08:25,16.875,0.007,7.95
03/08/2026 07:55,16.875,0.007,7.95
03/08/2026 07:25,17,0.007,7.95
03/08/2026 06:55,17.125,0.007,7.96
03/08/2026 06:25,17.125,0.007,7.95
03/08/2026 05:55,17.125,0.007,7.96
03/08/2026 05:25,17,0.007,7.96
03/08/2026 04:55,17.25,0.007,7.96
03/08/2026 04:25,17.5,0.007,7.96
03/08/2026 03:55,17.375,0.007,7.96
03/08/2026 03:25,17.375,0.007,7.96
03/08/2026 02:55,17.375,0.007,7.96
03/08/2026 02:25,16.75,0.006,7.96
03/08/2026 01:55,17.5,0.007,7.96
03/08/2026 01:25,17.75,0.007,7.96
03/08/2026 00:55,17.875,0.007,7.96
03/08/2026 00:25,17.875,0.007,7.96
02/08/2026 23:55,17.875,0.007,7.96
02/08/2026 23:25,18,0.007,7.96
02/08/2026 22:55,17.875,0.007,7.97
02/08/2026 22:25,17.75,0.007,7.97
02/08/2026 21:55,17.875,0.007,7.96
02/08/2026 21:25,17.875,0.007,7.97
02/08/2026 20:55,18,0.007,7.97
02/08/2026 20:25,18.25,0.007,7.97
02/08/2026 19:55,18,0.007,7.97
02/08/2026 19:25,18,0.007,7.97
02/08/2026 18:55,18,0.007,7.97
02/08/2026 18:25,17.875,0.007,7.96
02/08/2026 17:55,18,0.007,7.97
02/08/2026 17:25,17.75,0.007,7.96
02/08/2026 16:55,17,0.007,7.96
02/08/2026 16:25,16.75,0.007,7.96
02/08/2026 16:25,16.75,0.007,7.96
02/08/2026 15:55,17.625,0.007,7.96
02/08/2026 15:25,17.5,0.007,7.96
02/08/2026 14:55,17.375,0.007,7.96
02/08/2026 14:25,17.25,0.007,7.96
02/08/2026 13:55,17.25,0.007,7.96
02/08/2026 13:25,17.25,0.007,7.96
02/08/2026 12:55,17.125,0.007,7.96
02/08/2026 12:25,17.125,0.007,7.96
02/08/2026 11:55,17.25,0.007,7.96
02/08/2026 11:25,16.875,0.007,7.96
02/08/2026 10:55,16.875,0.007,7.96
02/08/2026 10:25,16.875,0.007,7.96
02/08/2026 09:55,16.75,0.007,7.96
02/08/2026 09:25,16.875,0.007,7.96
02/08/2026 08:55,17.625,0.007,7.96
02/08/2026 08:25,16.625,0.007,7.96
02/08/2026 07:55,16.875,0.007,7.96
02/08/2026 07:25,16.875,0.007,7.96
02/08/2026 06:55,16.875,0.007,7.97
02/08/2026 06:25,16.875,0.007,7.97
02/08/2026 05:55,17,0.007,7.97
02/08/2026 05:25,17.125,0.007,7.97
02/08/2026 04:55,17.25,0.007,7.97
02/08/2026 04:25,17.25,0.007,7.97
02/08/2026 03:55,17.375,0.007,7.97
02/08/2026 03:25,17.5,0.007,7.97
02/08/2026 02:55,17.375,0.007,7.98
02/08/2026 02:25,17.375,0.007,7.98
02/08/2026 01:55,17.625,0.007,7.98
02/08/2026 01:25,16.75,0.007,7.98
02/08/2026 00:55,17.75,0.007,7.98
02/08/2026 00:25,17.75,0.007,7.98
01/08/2026 23:55,17.75,0.007,7.98
01/08/2026 23:25,17.875,0.007,7.98
01/08/2026 22:55,18,0.007,7.98
01/08/2026 22:25,17.875,0.007,7.98
01/08/2026 21:55,18,0.007,7.98
01/08/2026 21:25,18,0.007,7.98
01/08/2026 20:55,18,0.007,7.98
01/08/2026 20:25,18.25,0.007,7.98
01/08/2026 19:55,18.125,0.007,7.98
01/08/2026 19:25,18.25,0.007,7.98
01/08/2026 18:55,18.125,0.007,7.98
01/08/2026 18:25,18.125,0.007,7.98
01/08/2026 17:55,18.25,0.007,7.98
01/08/2026 17:25,18,0.007,7.98
01/08/2026 16:55,18,0.007,7.98
01/08/2026 16:25,17.875,0.007,7.98
01/08/2026 16:25,17.875,0.007,7.98
01/08/2026 15:55,17.75,0.007,7.98
01/08/2026 15:25,17.875,0.007,7.98
01/08/2026 14:55,17.625,0.007,7.98
01/08/2026 14:25,17.625,0.007,7.98
01/08/2026 14:25,17.625,0.007,7.98
01/08/2026 13:55,18.5,0.007,7.98
01/08/2026 13:25,17.5,0.007,7.98
01/08/2026 12:55,17.625,0.007,7.97
01/08/2026 12:25,17.375,0.007,7.98
01/08/2026 11:55,17.5,0.007,7.98
01/08/2026 11:25,17.375,0.007,7.98
01/08/2026 10:55,17.375,0.007,7.98
01/08/2026 10:25,17.375,0.007,7.98
01/08/2026 09:55,17.25,0.007,7.97
01/08/2026 09:25,17.375,0.007,7.97
01/08/2026 08:55,17.125,0.007,7.98
01/08/2026 08:25,17.125,0.007,7.97
01/08/2026 07:55,17.125,0.007,7.97
01/08/2026 07:25,17.125,0.007,7.98
01/08/2026 06:55,17.125,0.007,7.98
01/08/2026 06:25,17.25,0.007,7.98
01/08/2026 05:55,17.25,0.007,7.98
01/08/2026 05:25,17.25,0.007,7.98
01/08/2026 04:55,17.375,0.007,7.98
01/08/2026 04:25,17.375,0.007,7.98
01/08/2026 03:55,17.5,0.007,7.98
01/08/2026 03:25,17.5,0.007,7.98
01/08/2026 02:55,17.75,0.007,7.98
01/08/2026 02:25,16.75,0.007,7.98
01/08/2026 01:55,17.75,0.007,7.98
01/08/2026 01:25,18,0.007,7.98
01/08/2026 00:55,17.875,0.007,7.98
01/08/2026 00:25,17.75,0.007,7.98
31/07/2026 23:55,18,0.007,7.98
31/07/2026 23:25,18,0.007,7.98
31/07/2026 22:55,17.875,0.007,7.98
31/07/2026 22:25,18,0.007,7.98
31/07/2026 21:55,18,0.007,7.98
31/07/2026 21:25,17.875,0.007,7.98
31/07/2026 20:55,18,0.007,7.98
31/07/2026 20:25,18.25,0.007,7.98
31/07/2026 19:55,18,0.007,7.98
31/07/2026 19:25,18.125,0.007,7.98
31/07/2026 18:55,18.125,0.007,7.98
31/07/2026 18:25,18,0.007,7.98
31/07/2026 17:55,18.25,0.007,7.98
31/07/2026 17:25,18.125,0.007,7.98
31/07/2026 16:55,18.125,0.007,7.98
31/07/2026 16:25,18,0.007,7.98
31/07/2026 15:55,17.75,0.007,7.98
31/07/2026 15:25,17.75,0.007,7.98
31/07/2026 14:55,17.625,0.007,7.98
31/07/2026 14:25,17.5,0.007,7.98
31/07/2026 13:55,17.5,0.007,7.98
31/07/2026 13:25,17.375,0.007,7.98
31/07/2026 12:55,17.375,0.007,7.98
31/07/2026 12:25,17.25,0.007,7.98
31/07/2026 11:55,17.25,0.007,7.98
31/07/2026 11:25,17.25,0.007,7.97
31/07/2026 10:55,17.125,0.007,7.98
31/07/2026 10:25,17.125,0.007,7.97
31/07/2026 09:55,17.125,0.007,7.97
31/07/2026 09:25,17.125,0.006,7.97
31/07/2026 08:55,17,0.007,7.97
31/07/2026 08:25,17,0.007,7.98
31/07/2026 07:55,17.125,0.007,7.97
31/07/2026 07:25,17.125,0.007,7.98
31/07/2026 06:55,17.125,0.007,7.98
31/07/2026 06:25,17.125,0.007,7.97
31/07/2026 05:55,17.25,0.007,7.98
31/07/2026 05:25,17.375,0.007,7.98
31/07/2026 04:55,17.375,0.007,7.98
31/07/2026 04:25,17.375,0.007,7.98
31/07/2026 03:55,17.5,0.007,7.98
31/07/2026 03:25,17.625,0.007,7.98
31/07/2026 02:55,17.75,0.007,7.98
31/07/2026 02:25,18,0.007,7.98
31/07/2026 01:55,17.875,0.007,7.98
31/07/2026 01:25,18,0.007,7.98
31/07/2026 00:55,17.875,0.007,7.98
31/07/2026 00:25,18.125,0.007,7.98
30/07/2026 23:55,18.125,0.007,7.98
30/07/2026 23:55,18.125,0.007,7.98
30/07/2026 23:25,18.125,0.007,7.98
30/07/2026 22:55,18,0.007,7.98
30/07/2026 22:25,18.125,0.007,7.98
30/07/2026 21:55,18.125,0.007,7.98
30/07/2026 21:25,18.125,0.007,7.98
30/07/2026 20:55,18,0.007,7.98
30/07/2026 20:25,18.125,0.007,7.98
30/07/2026 19:55,18.25,0.007,7.98
30/07/2026 19:25,18.25,0.007,7.98
30/07/2026 18:55,18,0.007,7.98
30/07/2026 18:25,18,0.007,7.98
30/07/2026 18:25,18,0.007,7.98
30/07/2026 17:55,18.25,0.007,7.98
30/07/2026 17:25,18.125,0.007,7.98
30/07/2026 16:55,18.125,0.007,7.97
30/07/2026 16:25,18.125,0.007,7.98
30/07/2026 15:55,17.875,0.007,7.98
30/07/2026 15:25,17.875,0.007,7.97
30/07/2026 14:55,17.75,0.007,7.97
30/07/2026 14:25,17.875,0.007,7.97
30/07/2026 13:55,16.75,0.007,7.97
30/07/2026 13:25,16.75,0.007,7.97
30/07/2026 12:55,17.625,0.007,7.97
30/07/2026 12:25,17.5,0.007,7.97
30/07/2026 11:55,17.5,0.007,7.97
30/07/2026 11:25,17.5,0.007,7.97
30/07/2026 10:55,17.5,0.007,7.96
30/07/2026 10:25,17.25,0.007,7.97
30/07/2026 09:55,17.375,0.007,7.96
30/07/2026 09:25,17.375,0.007,7.96
30/07/2026 08:55,17.375,0.007,7.96
30/07/2026 08:25,17.25,0.007,7.96
30/07/2026 07:55,17.125,0.007,7.96
30/07/2026 07:25,17.125,0.007,7.96
30/07/2026 06:55,17.25,0.007,7.96
30/07/2026 06:25,17.125,0.007,7.96
30/07/2026 06:25,17.125,0.007,7.96
30/07/2026 05:55,17.25,0.007,7.96
30/07/2026 05:25,17.25,0.007,7.96
30/07/2026 04:55,17.375,0.007,7.96
30/07/2026 04:25,17.625,0.007,7.96
30/07/2026 03:55,17.5,0.007,7.96
30/07/2026 03:25,18.5,0.007,7.96
30/07/2026 02:55,16.875,0.007,7.96
30/07/2026 02:25,17.75,0.007,7.96
30/07/2026 01:55,17.875,0.007,7.96
30/07/2026 01:55,17.875,0.007,7.96
30/07/2026 01:25,18,0.007,7.96
30/07/2026 00:55,18.125,0.007,7.96
30/07/2026 00:25,18,0.007,7.96
30/07/2026 00:25,18,0.007,7.96
29/07/2026 23:55,18,0.007,7.95
29/07/2026 23:25,18.125,0.007,7.95
29/07/2026 22:55,18,0.007,7.95
29/07/2026 22:25,18.25,0.007,7.95
29/07/2026 21:55,18.25,0.007,7.95
29/07/2026 21:25,18,0.007,7.95
29/07/2026 21:25,18,0.007,7.95
29/07/2026 20:55,18.25,0.007,7.95
29/07/2026 20:25,18.125,0.007,7.95
29/07/2026 19:55,18.125,0.007,7.95
29/07/2026 19:25,18.125,0.007,7.94
29/07/2026 18:55,18,0.007,7.94
29/07/2026 18:25,18,0.007,7.94
29/07/2026 17:55,18.125,0.007,7.94
29/07/2026 17:25,18.25,0.007,7.94
29/07/2026 16:55,18.125,0.007,7.94
29/07/2026 16:25,18,0.007,7.94
29/07/2026 15:55,17.875,0.007,7.93
29/07/2026 15:25,17.75,0.007,7.93
29/07/2026 14:55,17.75,0.007,7.93
29/07/2026 14:25,17.625,0.007,7.93
29/07/2026 13:55,17.5,0.007,7.93
29/07/2026 13:25,17.5,0.007,7.93
29/07/2026 12:55,17.375,0.007,7.92
29/07/2026 12:25,17.375,0.007,7.92
29/07/2026 11:55,17.375,0.007,7.92
29/07/2026 11:25,17.375,0.007,7.92
29/07/2026 10:55,17,0.007,7.92
29/07/2026 10:25,17.125,0.007,7.91
29/07/2026 09:55,17.125,0.007,7.91
29/07/2026 09:25,17.125,0.007,7.91
29/07/2026 08:55,17.375,0.007,7.91
29/07/2026 08:25,17.25,0.007,7.91
29/07/2026 07:55,17.125,0.007,7.9
29/07/2026 07:25,17.125,0.007,7.9
29/07/2026 06:55,17.125,0.007,7.9
29/07/2026 06:25,17.25,0.007,7.9
29/07/2026 05:55,17.125,0.007,7.9
29/07/2026 05:55,17.125,0.007,7.9
29/07/2026 05:25,17.25,0.007,7.9
29/07/2026 04:55,17.375,0.007,7.89
29/07/2026 04:25,17.5,0.007,7.89
29/07/2026 03:55,17.375,0.007,7.89
29/07/2026 03:25,17.5,0.007,7.89
29/07/2026 02:55,17.5,0.007,7.89
29/07/2026 02:25,17.5,0.007,7.89
29/07/2026 01:55,17.375,0.007,7.88
29/07/2026 01:25,17.625,0.007,7.88
29/07/2026 00:55,17.5,0.007,7.88
29/07/2026 00:25,18.625,0.007,7.88
28/07/2026 23:55,18.625,0.007,7.87
28/07/2026 23:25,17.75,0.007,7.87
28/07/2026 22:55,17.75,0.007,7.87
28/07/2026 22:25,17.875,0.007,7.86
28/07/2026 21:55,17.875,0.007,7.86
28/07/2026 21:25,17.875,0.007,7.86
28/07/2026 20:55,17.75,0.007,7.86
28/07/2026 20:25,17.875,0.007,7.85
28/07/2026 19:55,17.875,0.007,7.85
28/07/2026 19:25,18,0.007,7.84
28/07/2026 18:55,18,0.007,7.84
28/07/2026 18:25,17.875,0.007,7.84
28/07/2026 18:25,17.875,0.007,7.84
28/07/2026 17:55,18,0.007,7.83
28/07/2026 17:25,18,0.007,7.83
28/07/2026 16:55,18,0.007,7.83
28/07/2026 16:25,17.875,0.007,7.82
28/07/2026 15:55,17.75,0.007,7.82
28/07/2026 15:25,18,0.007,7.82
28/07/2026 14:55,16.75,0.007,7.81
28/07/2026 14:25,17.625,0.007,7.82
28/07/2026 13:55,17.5,0.007,7.82
28/07/2026 13:25,17.5,0.007,7.82
28/07/2026 12:55,17.375,0.007,7.83
28/07/2026 12:25,17.375,0.007,7.85
28/07/2026 11:55,17.375,0.007,7.87
28/07/2026 11:25,17,0.007,7.89
28/07/2026 10:55,17.25,0.007,7.91
28/07/2026 10:25,17.125,0.007,7.93
28/07/2026 09:55,17,0.007,7.95
28/07/2026 09:25,16.75,0.007,7.96
28/07/2026 08:55,16.75,0.007,7.97
28/07/2026 08:25,16.875,0.007,7.97
28/07/2026 07:55,16.875,0.007,7.97
28/07/2026 07:25,17.625,0.007,7.97
28/07/2026 06:55,16.875,0.007,7.97
28/07/2026 06:25,16.875,0.007,7.97
28/07/2026 05:55,16.875,0.007,7.97
28/07/2026 05:25,17,0.007,7.97
28/07/2026 04:55,17,0.007,7.97
28/07/2026 04:55,17,0.007,7.97
28/07/2026 04:25,17.125,0.007,7.97
28/07/2026 03:55,17.125,0.007,7.97
28/07/2026 03:25,17.125,0.007,7.97
28/07/2026 02:55,17.125,0.007,7.97
28/07/2026 02:25,17.25,0.007,7.97
28/07/2026 01:55,17.375,0.007,7.97
28/07/2026 01:25,17.375,0.007,7.97
28/07/2026 00:55,17.5,0.007,7.97
28/07/2026 00:25,17.5,0.007,7.97
27/07/2026 23:55,17.5,0.007,7.97
27/07/2026 23:25,16.75,0.007,7.97
27/07/2026 22:55,17.625,0.007,7.97
27/07/2026 22:25,18.625,0.007,7.97
27/07/2026 21:55,17.5,0.007,7.97
27/07/2026 21:25,17.625,0.007,7.97
27/07/2026 20:55,17.625,0.007,7.97
27/07/2026 20:25,17.5,0.007,7.97
27/07/2026 19:55,17.5,0.007,7.96
27/07/2026 19:25,17.5,0.007,7.96
27/07/2026 18:55,17.5,0.007,7.96
27/07/2026 18:25,17.5,0.007,7.96
27/07/2026 17:55,17.375,0.007,7.96
27/07/2026 17:25,17.25,0.007,7.96
27/07/2026 16:55,17.375,0.007,7.96
27/07/2026 16:25,17.375,0.007,7.96
27/07/2026 15:55,17.25,0.007,7.96
27/07/2026 15:25,17.25,0.007,7.96
27/07/2026 14:55,17.125,0.007,7.96
27/07/2026 14:25,16.875,0.007,7.96
27/07/2026 14:25,16.875,0.007,7.96
27/07/2026 13:55,16.875,0.007,7.96
27/07/2026 13:25,17.625,0.007,7.95
27/07/2026 12:55,16.75,0.007,7.95
27/07/2026 12:25,16.5,0.007,7.95
27/07/2026 11:55,16.625,0.007,7.95
27/07/2026 11:25,16.375,0.007,7.95
27/07/2026 10:55,16.375,0.007,7.95
27/07/2026 10:25,16.25,0.006,7.95
27/07/2026 09:55,16.25,0.007,7.95
27/07/2026 09:25,16,0.007,7.95
27/07/2026 08:55,16.125,0.007,7.95
27/07/2026 08:25,16.125,0.007,7.95
27/07/2026 07:55,15.875,0.007,7.94
27/07/2026 07:25,15.875,0.007,7.95
27/07/2026 06:55,16,0.007,7.95
27/07/2026 06:55,16,0.007,7.95
27/07/2026 06:25,15.875,0.007,7.94
27/07/2026 05:55,15.875,0.007,7.94
27/07/2026 05:55,15.875,0.007,7.94
27/07/2026 05:25,15.75,0.007,7.94
27/07/2026 04:55,15.875,0.007,7.94
27/07/2026 04:25,15.75,0.007,7.94
27/07/2026 03:55,14.75,0.007,7.94
27/07/2026 03:25,15.75,0.007,7.94
27/07/2026 02:55,15.625,0.007,7.94
27/07/2026 02:25,14.75,0.007,7.94
27/07/2026 01:55,16.625,0.007,7.94
27/07/2026 01:25,15.5,0.007,7.94
27/07/2026 00:55,15.375,0.007,7.94
27/07/2026 00:25,15.25,0.007,7.94
26/07/2026 23:55,15,0.007,7.94
26/07/2026 23:25,13.75,0.007,7.94
26/07/2026 22:55,14.625,0.006,7.94
26/07/2026 22:25,14.75,0.006,7.94
26/07/2026 21:55,15.625,0.007,7.95
26/07/2026 21:25,16,0.007,7.95
26/07/2026 20:55,16.5,0.007,7.96
26/07/2026 20:25,17.25,0.007,7.96
26/07/2026 19:55,18.625,0.007,7.96
26/07/2026 19:25,16.75,0.007,7.96
26/07/2026 18:55,17.5,0.007,7.95
26/07/2026 18:25,17.5,0.007,7.95
26/07/2026 17:55,17.375,0.007,7.95
26/07/2026 17:25,17.25,0.007,7.95
26/07/2026 16:55,17.25,0.007,7.95
26/07/2026 16:25,17.125,0.007,7.95
26/07/2026 15:55,17,0.007,7.95
26/07/2026 15:25,16.875,0.007,7.95
26/07/2026 14:55,16.75,0.007,7.95
26/07/2026 14:25,15.75,0.007,7.95
26/07/2026 13:55,16.75,0.007,7.95
26/07/2026 13:25,16.625,0.007,7.94
26/07/2026 12:55,16.625,0.007,7.94
26/07/2026 12:25,16.375,0.007,7.94
26/07/2026 11:55,16.5,0.007,7.94
26/07/2026 11:25,16.375,0.007,7.94
26/07/2026 10:55,16.375,0.007,7.94
26/07/2026 10:25,16.25,0.007,7.94
26/07/2026 09:55,16.125,0.007,7.94
26/07/2026 09:25,16,0.007,7.94
26/07/2026 08:55,16.125,0.007,7.94
26/07/2026 08:25,16.125,0.007,7.94
26/07/2026 07:55,16,0.007,7.94
26/07/2026 07:25,16,0.007,7.94
26/07/2026 06:55,16.125,0.007,7.94
26/07/2026 06:25,16,0.007,7.94
26/07/2026 05:55,16.125,0.007,7.94
26/07/2026 05:25,16.125,0.007,7.94
26/07/2026 04:55,16,0.007,7.94
26/07/2026 04:25,16,0.007,7.94
26/07/2026 03:55,16.125,0.007,7.94
26/07/2026 03:25,16.125,0.007,7.93
26/07/2026 02:55,16,0.007,7.93
26/07/2026 02:25,16.125,0.007,7.93
26/07/2026 01:55,16,0.007,7.93
26/07/2026 01:25,16,0.007,7.93
26/07/2026 00:55,16,0.007,7.93
26/07/2026 00:25,15.875,0.007,7.93
25/07/2026 23:55,15.875,0.007,7.93
25/07/2026 23:25,15.75,0.007,7.93
25/07/2026 22:55,15.625,0.007,7.93
25/07/2026 22:25,16.5,0.007,7.93
25/07/2026 22:25,16.5,0.007,7.93
25/07/2026 21:55,16,0.007,7.93
25/07/2026 21:25,16.25,0.007,7.94
25/07/2026 21:25,16.25,0.007,7.94
25/07/2026 20:55,16.75,0.007,7.94
25/07/2026 20:25,17.25,0.007,7.94
25/07/2026 19:55,17.5,0.007,7.94
25/07/2026 19:25,17.5,0.007,7.94
25/07/2026 18:55,17.5,0.007,7.94
25/07/2026 18:25,17.375,0.007,7.94
25/07/2026 17:55,17.375,0.007,7.94
25/07/2026 17:25,17.375,0.007,7.94
25/07/2026 16:55,17.125,0.007,7.94
25/07/2026 16:25,17.25,0.007,7.93
25/07/2026 15:55,17.125,0.007,7.93
25/07/2026 15:25,17,0.007,7.93
25/07/2026 14:55,16.875,0.007,7.93
25/07/2026 14:25,16.875,0.007,7.93
25/07/2026 13:55,16.75,0.007,7.92
25/07/2026 13:55,16.75,0.007,7.92
25/07/2026 13:25,16.625,0.007,7.92
25/07/2026 12:55,16.5,0.007,7.92
25/07/2026 12:25,16.5,0.007,7.92
25/07/2026 11:55,16.375,0.007,7.92
25/07/2026 11:25,16.375,0.007,7.92
25/07/2026 10:55,16.25,0.007,7.91
25/07/2026 10:25,16.125,0.007,7.91
25/07/2026 09:55,16.125,0.007,7.91
25/07/2026 09:25,16.125,0.007,7.91
25/07/2026 08:55,16.25,0.007,7.91
25/07/2026 08:25,16.125,0.007,7.91
25/07/2026 07:55,16.125,0.007,7.91
25/07/2026 07:25,16,0.007,7.91
25/07/2026 06:55,16,0.007,7.91
25/07/2026 06:25,16,0.007,7.91
25/07/2026 05:55,16.125,0.007,7.91
25/07/2026 05:25,16.125,0.007,7.91
25/07/2026 04:55,16,0.007,7.91
25/07/2026 04:25,15.875,0.007,7.9
25/07/2026 03:55,16,0.007,7.9
25/07/2026 03:25,16,0.007,7.9
25/07/2026 02:55,16,0.007,7.9
25/07/2026 02:25,16,0.007,7.9
25/07/2026 01:55,15.75,0.007,7.9
25/07/2026 01:25,15.75,0.007,7.89
25/07/2026 00:55,15.875,0.007,7.89
25/07/2026 00:25,14.75,0.007,7.89
24/07/2026 23:55,15.625,0.007,7.89
24/07/2026 23:25,15.625,0.007,7.89
24/07/2026 22:55,15.5,0.007,7.89
24/07/2026 22:25,15.625,0.007,7.89
24/07/2026 21:55,15.875,0.007,7.89
24/07/2026 21:25,16.25,0.007,7.89
24/07/2026 20:55,16.875,0.007,7.89
24/07/2026 20:25,17.625,0.007,7.9
24/07/2026 19:55,17.875,0.007,7.89
24/07/2026 19:25,17.875,0.007,7.89
24/07/2026 18:55,18,0.007,7.88
24/07/2026 18:25,17.75,0.007,7.88
24/07/2026 17:55,17.75,0.007,7.88
24/07/2026 17:25,16.75,0.007,7.87
24/07/2026 16:55,17.625,0.007,7.87
24/07/2026 16:25,17.625,0.007,7.87
24/07/2026 15:55,17.375,0.007,7.86
24/07/2026 15:25,17.25,0.007,7.86
24/07/2026 14:55,17.125,0.007,7.86
24/07/2026 14:25,17.125,0.007,7.86
24/07/2026 13:55,17.125,0.007,7.86
24/07/2026 13:25,17.125,0.007,7.86
24/07/2026 12:55,17,0.007,7.85
24/07/2026 12:25,17,0.007,7.85
24/07/2026 11:55,16.875,0.007,7.86
24/07/2026 11:25,16.875,0.007,7.86
24/07/2026 10:55,15.75,0.007,7.86
24/07/2026 10:25,16.625,0.007,7.87
24/07/2026 09:55,16.5,0.007,7.89
24/07/2026 09:25,16.375,0.007,7.9
24/07/2026 08:55,16.25,0.007,7.91
24/07/2026 08:25,16.375,0.007,7.91
24/07/2026 07:55,16.25,0.007,7.91
24/07/2026 07:25,16.25,0.007,7.91
24/07/2026 06:55,16,0.007,7.91
24/07/2026 06:25,16.125,0.007,7.91
24/07/2026 05:55,16.125,0.007,7.9
24/07/2026 05:25,16.25,0.007,7.91
24/07/2026 04:55,16.25,0.007,7.91
24/07/2026 04:55,16.25,0.007,7.91
24/07/2026 04:25,16.125,0.007,7.9
24/07/2026 03:55,16.125,0.007,7.9
24/07/2026 03:25,16.125,0.007,7.9
24/07/2026 02:55,16,0.007,7.9
24/07/2026 02:25,16,0.007,7.9
24/07/2026 01:55,16.125,0.007,7.9
24/07/2026 01:25,15.75,0.007,7.9
24/07/2026 00:55,15.875,0.007,7.89
24/07/2026 00:25,15.75,0.007,7.89
23/07/2026 23:55,16.5,0.007,7.89
23/07/2026 23:25,15.625,0.007,7.89
23/07/2026 22:55,15.5,0.007,7.89
23/07/2026 22:25,15.375,0.006,7.89
23/07/2026 21:55,15.75,0.006,7.9
23/07/2026 21:25,16.375,0.007,7.9
23/07/2026 20:55,17.125,0.007,7.91
23/07/2026 20:25,17.875,0.007,7.91
23/07/2026 19:55,18,0.007,7.91
23/07/2026 19:25,18.375,0.007,7.91
23/07/2026 18:55,18.25,0.007,7.9
23/07/2026 18:25,18.5,0.007,7.9
23/07/2026 17:55,18.5,0.007,7.9
23/07/2026 17:25,18.375,0.007,7.9
23/07/2026 16:55,18.125,0.007,7.89
23/07/2026 16:25,18,0.007,7.89
23/07/2026 15:55,18,0.007,7.88
23/07/2026 15:55,18,0.007,7.88
23/07/2026 15:25,17.875,0.007,7.89
23/07/2026 14:55,17.75,0.007,7.88
23/07/2026 14:25,17.75,0.007,7.88
23/07/2026 13:55,17.75,0.007,7.88
23/07/2026 13:25,17.625,0.007,7.88
23/07/2026 12:55,17.625,0.007,7.87
23/07/2026 12:25,17.5,0.007,7.87
23/07/2026 11:55,17.375,0.007,7.87
23/07/2026 11:25,17.375,0.007,7.87
23/07/2026 10:55,17.125,0.007,7.88
23/07/2026 10:25,17,0.007,7.87
23/07/2026 10:25,17,0.007,7.87
23/07/2026 09:55,16.75,0.007,7.88
23/07/2026 09:25,16.5,0.007,7.89
23/07/2026 08:55,16.5,0.007,7.9
23/07/2026 08:25,16.375,0.007,7.91
23/07/2026 07:55,16.25,0.007,7.91
23/07/2026 07:25,16.25,0.007,7.91
23/07/2026 07:25,16.25,0.007,7.91
23/07/2026 06:55,16.25,0.007,7.9
23/07/2026 06:25,16,0.007,7.9
23/07/2026 05:55,16,0.007,7.9
23/07/2026 05:25,16.125,0.006,7.9
23/07/2026 04:55,15.875,0.007,7.9
23/07/2026 04:55,15.875,0.007,7.9
23/07/2026 04:25,16.125,0.007,7.91
23/07/2026 03:55,15.75,0.007,7.9
23/07/2026 03:25,15.875,0.006,7.9
23/07/2026 02:55,15.875,0.007,7.9
23/07/2026 02:25,16,0.007,7.9
23/07/2026 01:55,15.75,0.007,7.9
23/07/2026 01:25,15.625,0.006,7.89
23/07/2026 00:55,15.75,0.006,7.9
23/07/2026 00:25,16.625,0.006,7.9
22/07/2026 23:55,15.5,0.006,7.89
22/07/2026 23:25,15.375,0.006,7.89
22/07/2026 22:55,15.25,0.006,7.89
22/07/2026 22:25,15.375,0.006,7.89
22/07/2026 21:55,16,0.006,7.9
22/07/2026 21:25,16.5,0.006,7.9
22/07/2026 20:55,17.125,0.006,7.9
22/07/2026 20:25,18,0.006,7.91
22/07/2026 19:55,18.375,0.006,7.9
22/07/2026 19:25,18.5,0.006,7.9
22/07/2026 18:55,18.5,0.006,7.9
22/07/2026 18:25,18.625,0.006,7.89
22/07/2026 17:55,18.625,0.006,7.89
22/07/2026 17:25,18.5,0.006,7.88
22/07/2026 16:55,18.375,0.006,7.89
22/07/2026 16:25,18.125,0.006,7.88
22/07/2026 15:55,18.375,0.006,7.88
22/07/2026 15:25,17.875,0.006,7.88
22/07/2026 14:55,18,0.006,7.88
22/07/2026 14:25,18.625,0.006,7.88
22/07/2026 13:55,17.5,0.006,7.88
22/07/2026 13:55,17.5,0.006,7.88
22/07/2026 13:25,17.5,0.006,7.88
22/07/2026 12:55,17.5,0.006,7.89
22/07/2026 12:25,17.375,0.006,7.9
22/07/2026 11:55,17.25,0.006,7.91
22/07/2026 11:25,17.25,0.006,7.92
22/07/2026 10:55,17.25,0.006,7.94
22/07/2026 10:25,17.625,0.006,7.98
22/07/2026 09:55,16.125,0.006,7.95
22/07/2026 09:55,16.125,0.006,7.95
22/07/2026 09:25,16.125,0.006,7.96
22/07/2026 08:55,15.875,0.006,7.97
22/07/2026 08:25,16.125,0.006,7.98
22/07/2026 07:55,16,0.006,7.98
22/07/2026 07:25,15.75,0.006,7.98
22/07/2026 06:55,15.875,0.006,7.98
22/07/2026 06:25,15.875,0.006,7.98
22/07/2026 05:55,16,0.006,7.98
22/07/2026 05:25,14.875,0.006,7.98
22/07/2026 04:55,15.75,0.006,7.98
22/07/2026 04:25,15.75,0.006,7.98
22/07/2026 03:55,16.625,0.006,7.98
22/07/2026 03:25,15.625,0.006,7.98
22/07/2026 02:55,14.75,0.006,7.98
22/07/2026 02:25,15.5,0.006,7.98
22/07/2026 01:55,15.625,0.006,7.98
22/07/2026 01:25,15.25,0.006,7.98
22/07/2026 00:55,15.375,0.006,7.98
22/07/2026 00:25,15.25,0.006,7.98
21/07/2026 23:55,14.875,0.006,7.98
21/07/2026 23:25,14.875,0.006,7.98
21/07/2026 22:55,14.75,0.006,7.98
21/07/2026 22:25,14.375,0.006,7.99
21/07/2026 21:55,15,0.006,7.99
21/07/2026 21:25,15.375,0.006,7.99
21/07/2026 20:55,16,0.006,7.99
21/07/2026 20:25,16.75,0.006,7.99
21/07/2026 19:55,17.125,0.006,7.99
21/07/2026 19:25,17.25,0.006,7.99
21/07/2026 18:55,17.125,0.006,7.99
21/07/2026 18:25,17.125,0.006,7.99
21/07/2026 17:55,17.25,0.006,7.99
21/07/2026 17:55,17.25,0.006,7.99
21/07/2026 17:25,17.25,0.006,7.99
21/07/2026 16:55,17.25,0.006,7.99
21/07/2026 16:25,17.25,0.006,7.99
21/07/2026 15:55,17.125,0.006,7.99
21/07/2026 15:25,17,0.006,7.99
21/07/2026 14:55,17.125,0.006,7.99
21/07/2026 14:25,17,0.006,7.99
21/07/2026 13:55,17,0.006,7.99
21/07/2026 13:25,17,0.006,7.99
21/07/2026 12:55,16.875,0.006,7.99
21/07/2026 12:25,17.625,0.006,7.99
21/07/2026 11:55,16.625,0.006,7.99
21/07/2026 11:25,16.5,0.006,7.99
21/07/2026 10:55,16.625,0.006,7.99
21/07/2026 10:25,16.375,0.006,7.98
21/07/2026 10:25,16.375,0.006,7.98
21/07/2026 09:55,16.25,0.006,7.98
21/07/2026 09:55,16.25,0.006,7.98
21/07/2026 09:25,16,0.006,7.98
21/07/2026 08:55,16.125,0.006,7.98
21/07/2026 08:25,15.875,0.006,7.98
21/07/2026 07:55,16,0.006,7.98
21/07/2026 07:25,15.875,0.006,7.97
21/07/2026 06:55,15.875,0.006,7.97
21/07/2026 06:25,15.875,0.006,7.98
21/07/2026 06:25,15.875,0.006,7.98
21/07/2026 05:55,15.75,0.006,7.97
21/07/2026 05:25,15.875,0.006,7.98
21/07/2026 04:55,15.75,0.006,7.98
21/07/2026 04:55,15.75,0.006,7.98
21/07/2026 04:25,15.75,0.006,7.98
21/07/2026 03:55,16.625,0.006,7.98
21/07/2026 03:25,16.625,0.006,7.98
21/07/2026 02:55,16.5,0.006,7.97
21/07/2026 02:25,15.625,0.006,7.97
21/07/2026 01:55,15.625,0.006,7.97
21/07/2026 01:25,15.25,0.006,7.98
21/07/2026 00:55,15.25,0.005,7.98
21/07/2026 00:25,15.25,0.006,7.97
20/07/2026 23:55,15,0.005,7.97
20/07/2026 23:25,14.875,0.005,7.97
20/07/2026 22:55,13.75,0.005,7.97
20/07/2026 22:25,15,0.005,7.98
20/07/2026 21:55,15.625,0.005,7.98
20/07/2026 21:25,16.125,0.005,7.98
20/07/2026 20:55,16.625,0.005,7.99
20/07/2026 20:55,16.625,0.005,7.99
20/07/2026 20:25,17.25,0.005,7.99
20/07/2026 19:55,17.75,0.005,7.99
20/07/2026 19:25,17.75,0.005,7.99
20/07/2026 18:55,17.75,0.005,7.99
20/07/2026 18:25,17.875,0.005,7.99
20/07/2026 17:55,17.875,0.005,7.99
20/07/2026 17:25,17.875,0.005,7.99
20/07/2026 16:55,17.875,0.005,7.99
20/07/2026 16:25,17.625,0.005,7.99
20/07/2026 15:55,17.5,0.005,7.99
20/07/2026 15:25,17.5,0.005,7.99
20/07/2026 14:55,17.375,0.005,7.99
20/07/2026 14:25,17.25,0.005,7.99
20/07/2026 13:55,17.125,0.005,7.98
20/07/2026 13:25,17.125,0.005,7.99
20/07/2026 12:55,17,0.005,7.98
20/07/2026 12:25,17,0.005,7.99
20/07/2026 11:55,17,0.005,7.99
20/07/2026 11:55,17,0.005,7.99
20/07/2026 11:25,16.875,0.005,7.99
20/07/2026 10:55,16.75,0.005,7.99
20/07/2026 10:25,16.5,0.005,7.99
20/07/2026 09:55,16.375,0.005,7.99
20/07/2026 09:25,16.25,0.005,7.99
20/07/2026 08:55,16.25,0.005,7.99
20/07/2026 08:25,16.25,0.005,7.98
20/07/2026 07:55,16.125,0.005,7.98
20/07/2026 07:25,16,0.005,7.98
20/07/2026 06:55,16,0.005,7.98
20/07/2026 06:25,16.125,0.005,7.98
20/07/2026 05:55,16,0.005,7.99
20/07/2026 05:25,16,0.005,7.99
20/07/2026 04:55,16,0.005,7.98
20/07/2026 04:25,16,0.005,7.99
20/07/2026 03:55,16,0.005,7.99
20/07/2026 03:25,15.875,0.005,7.99
20/07/2026 02:55,16.625,0.005,7.99
20/07/2026 02:25,15.625,0.005,7.99
20/07/2026 01:55,15.5,0.005,7.99
20/07/2026 01:25,15.25,0.005,7.99
20/07/2026 00:55,15.25,0.005,7.99
20/07/2026 00:25,15.25,0.005,7.99
19/07/2026 23:55,15,0.005,7.99
19/07/2026 23:25,15.625,0.005,7.99
19/07/2026 22:55,14.5,0.005,7.99
19/07/2026 22:25,14.75,0.005,8
19/07/2026 21:55,15.375,0.005,8
19/07/2026 21:25,16,0.005,8.01
19/07/2026 20:55,16.375,0.005,8.01
19/07/2026 20:25,17.125,0.005,8.01
19/07/2026 19:55,17.375,0.005,8.01
19/07/2026 19:25,17.375,0.005,8.01
19/07/2026 18:55,17.375,0.005,8.01
19/07/2026 18:25,17.25,0.005,8.01
19/07/2026 18:25,17.25,0.005,8.01
19/07/2026 17:55,17.25,0.005,8
19/07/2026 17:25,17.125,0.005,8
19/07/2026 16:55,17.125,0.005,8
19/07/2026 16:25,17.125,0.005,8
19/07/2026 15:55,17.125,0.005,8.01
19/07/2026 15:55,17.125,0.005,8.01
19/07/2026 15:25,17,0.005,8.01
19/07/2026 14:55,16.875,0.005,8.01
19/07/2026 14:25,16.875,0.005,8.01
19/07/2026 13:55,16.875,0.005,8
19/07/2026 13:25,16.75,0.005,8
19/07/2026 12:55,17.625,0.005,8
19/07/2026 12:25,17.5,0.005,8
19/07/2026 11:55,16.5,0.005,8
19/07/2026 11:25,16.625,0.005,8
19/07/2026 10:55,16.25,0.005,8
19/07/2026 10:25,16.25,0.005,8
19/07/2026 09:55,16.25,0.005,8
19/07/2026 09:25,16.25,0.005,8
19/07/2026 08:55,16,0.005,8
19/07/2026 08:25,16.125,0.005,8
19/07/2026 07:55,16.25,0.005,8
19/07/2026 07:25,16.25,0.005,8
19/07/2026 06:55,16.25,0.005,8
19/07/2026 06:25,16.25,0.005,8
19/07/2026 05:55,16.25,0.005,8
19/07/2026 05:25,16,0.005,8
19/07/2026 04:55,16,0.005,8
19/07/2026 04:25,16.125,0.005,8
19/07/2026 03:55,16.125,0.005,8
19/07/2026 03:25,16,0.005,8
19/07/2026 02:55,16.125,0.005,8
19/07/2026 02:25,16.125,0.005,8
19/07/2026 01:55,16,0.005,8
19/07/2026 01:25,16,0.005,8
19/07/2026 00:55,16.125,0.005,8
19/07/2026 00:55,16.125,0.005,8
19/07/2026 00:25,16.125,0.005,8
18/07/2026 23:55,16,0.005,8
18/07/2026 23:25,16,0.005,8
18/07/2026 22:55,15.875,0.005,8
18/07/2026 22:55,15.875,0.005,8
18/07/2026 22:25,16.125,0.005,7.99
18/07/2026 21:55,16.125,0.005,8
18/07/2026 21:25,16.25,0.005,8
18/07/2026 20:55,16.625,0.005,8
18/07/2026 20:25,17.125,0.005,8
18/07/2026 19:55,17.5,0.005,8
18/07/2026 19:25,17.375,0.005,8
18/07/2026 18:55,17.375,0.005,8
18/07/2026 18:25,17.375,0.005,8
18/07/2026 17:55,17.375,0.005,8
18/07/2026 17:25,17.25,0.005,8
18/07/2026 16:55,17.25,0.005,8
18/07/2026 16:25,17.375,0.005,7.99
18/07/2026 15:55,17.25,0.005,7.99
18/07/2026 15:25,17.25,0.005,7.99
18/07/2026 14:55,17.125,0.005,7.99
18/07/2026 14:25,17.125,0.005,7.99
18/07/2026 13:55,17,0.005,7.99
18/07/2026 13:25,17,0.005,7.99
18/07/2026 12:55,16.875,0.005,7.98
18/07/2026 12:25,16.75,0.005,7.98
18/07/2026 11:55,16.75,0.005,7.98
18/07/2026 11:25,16.875,0.005,7.98
18/07/2026 10:55,16.875,0.005,7.98
18/07/2026 10:25,15.75,0.005,7.98
18/07/2026 09:55,16.625,0.005,7.98
18/07/2026 09:25,16.5,0.005,7.98
18/07/2026 08:55,16.375,0.005,7.97
18/07/2026 08:25,16.625,0.005,7.97
18/07/2026 07:55,16.375,0.005,7.97
18/07/2026 07:25,16.375,0.005,7.97
18/07/2026 06:55,16.375,0.005,7.97
18/07/2026 06:25,16.375,0.005,7.97
18/07/2026 05:55,16.375,0.005,7.96
18/07/2026 05:25,16.375,0.005,7.96
18/07/2026 04:55,16.375,0.005,7.96
18/07/2026 04:25,16.625,0.005,7.96
18/07/2026 03:55,16.375,0.005,7.96
18/07/2026 03:25,16.5,0.005,7.96
18/07/2026 03:25,16.5,0.005,7.96
18/07/2026 02:55,16.625,0.005,7.96
18/07/2026 02:55,16.625,0.005,7.96
18/07/2026 02:25,16.5,0.005,7.95
18/07/2026 01:55,16.5,0.005,7.95
18/07/2026 01:25,17.625,0.005,7.95
18/07/2026 00:55,16.625,0.005,7.94
18/07/2026 00:25,16.625,0.005,7.95
17/07/2026 23:55,16.75,0.005,7.94
17/07/2026 23:25,17.625,0.005,7.94
17/07/2026 22:55,16.5,0.005,7.94
17/07/2026 22:25,16.625,0.005,7.94
17/07/2026 21:55,16.375,0.005,7.93
17/07/2026 21:25,16.375,0.005,7.93
17/07/2026 20:55,16.5,0.005,7.94
17/07/2026 20:25,17,0.005,7.94
17/07/2026 19:55,17.125,0.005,7.94
17/07/2026 19:25,17.125,0.005,7.93
17/07/2026 18:55,17.125,0.005,7.93
17/07/2026 18:25,17.125,0.005,7.93
17/07/2026 17:55,17.125,0.005,7.93
17/07/2026 17:55,17.125,0.005,7.93
17/07/2026 17:25,17.125,0.005,7.93
17/07/2026 16:55,16.875,0.005,7.93
17/07/2026 16:25,16.75,0.005,7.93
17/07/2026 15:55,16.625,0.005,7.93
17/07/2026 15:25,16.625,0.005,7.93
17/07/2026 14:55,16.25,0.005,7.92
17/07/2026 14:25,16.375,0.005,7.92
17/07/2026 13:55,16.375,0.005,7.92
17/07/2026 13:25,16.25,0.005,7.92
17/07/2026 12:55,16.125,0.005,7.92
17/07/2026 12:25,16.125,0.005,7.92
17/07/2026 11:55,15.875,0.005,7.92
17/07/2026 11:25,15.875,0.005,7.92
17/07/2026 10:55,15.75,0.005,7.92
17/07/2026 10:25,15.75,0.005,7.92
17/07/2026 09:55,15.5,0.005,7.92
17/07/2026 09:25,15.25,0.005,7.92
17/07/2026 08:55,15.375,0.005,7.92
17/07/2026 08:25,15.25,0.005,7.92
17/07/2026 07:55,15.125,0.005,7.92
17/07/2026 07:25,15,0.005,7.91
17/07/2026 06:55,14.875,0.005,7.91
17/07/2026 06:25,15,0.005,7.91
17/07/2026 05:55,14.75,0.005,7.91
17/07/2026 05:25,14.625,0.005,7.91
17/07/2026 04:55,14.5,0.005,7.91
17/07/2026 04:25,14.25,0.005,7.91
17/07/2026 03:55,15.625,0.005,7.91
17/07/2026 03:25,16.5,0.005,7.91
17/07/2026 02:55,16,0.005,7.92
17/07/2026 02:25,16.75,0.005,7.92
17/07/2026 01:55,17,0.005,7.92
17/07/2026 01:25,17,0.005,7.91
17/07/2026 00:55,17.125,0.005,7.91
17/07/2026 00:25,17.25,0.005,7.91
16/07/2026 23:55,17.25,0.005,7.91
16/07/2026 23:25,17.125,0.005,7.91
16/07/2026 22:55,17.375,0.005,7.91
16/07/2026 22:25,17.25,0.005,7.91
16/07/2026 21:55,17.25,0.005,7.9
16/07/2026 21:55,17.25,0.005,7.9
16/07/2026 21:25,17.375,0.005,7.9
16/07/2026 20:55,17.375,0.005,7.9
16/07/2026 20:25,18.625,0.005,7.9
16/07/2026 20:25,18.625,0.005,7.9
16/07/2026 19:55,18,0.005,7.9
16/07/2026 19:25,18,0.006,7.9
16/07/2026 18:55,18.125,0.006,7.9
16/07/2026 18:25,18,0.005,7.9
16/07/2026 17:55,18.125,0.005,7.89
16/07/2026 17:25,18.25,0.005,7.89
16/07/2026 16:55,18,0.005,7.89
16/07/2026 16:25,17.875,0.005,7.89
16/07/2026 15:55,17.625,0.005,7.89
16/07/2026 15:25,17.5,0.005,7.89
16/07/2026 14:55,17.375,0.005,7.9
16/07/2026 14:25,17,0.005,7.91
16/07/2026 13:55,16.875,0.005,7.91
16/07/2026 13:25,16.875,0.005,7.91
16/07/2026 12:55,16.75,0.005,7.92
16/07/2026 12:25,15.75,0.005,7.93
16/07/2026 11:55,16.5,0.005,7.94
16/07/2026 11:25,16.625,0.005,7.94
16/07/2026 10:55,16.5,0.005,7.94
16/07/2026 10:25,16.5,0.005,7.94
16/07/2026 09:55,16.5,0.005,7.95
16/07/2026 09:55,16.5,0.005,7.95
16/07/2026 09:25,16.375,0.005,7.95
16/07/2026 08:55,16.375,0.005,7.95
16/07/2026 08:25,16.375,0.005,7.95
16/07/2026 07:55,16.375,0.005,7.95
16/07/2026 07:25,16.25,0.005,7.95
16/07/2026 07:25,16.25,0.005,7.95
16/07/2026 06:55,16.25,0.005,7.95
16/07/2026 06:25,16.25,0.005,7.95
16/07/2026 05:55,16.5,0.005,7.95
16/07/2026 05:25,16.5,0.005,7.95
16/07/2026 04:55,16.5,0.005,7.95
16/07/2026 04:25,16.5,0.005,7.95
16/07/2026 03:55,16.5,0.005,7.95
16/07/2026 03:25,16.625,0.005,7.95
16/07/2026 02:55,16.625,0.005,7.95
16/07/2026 02:25,16.5,0.005,7.94
16/07/2026 01:55,17.625,0.005,7.94
16/07/2026 01:25,16.625,0.005,7.94
16/07/2026 00:55,15.75,0.005,7.94
16/07/2026 00:25,16.75,0.005,7.92
15/07/2026 23:55,17.625,0.005,7.92
15/07/2026 23:25,16.75,0.005,7.92
15/07/2026 22:55,16.75,0.005,7.92
15/07/2026 22:25,16.75,0.005,7.91
15/07/2026 21:55,16.75,0.005,7.91
15/07/2026 21:25,16.875,0.005,7.91
15/07/2026 20:55,17,0.005,7.9
15/07/2026 20:25,17,0.005,7.9
15/07/2026 19:55,17,0.005,7.9
15/07/2026 19:25,17.125,0.005,7.89
15/07/2026 18:55,17.125,0.005,7.89
15/07/2026 18:25,17,0.005,7.89
15/07/2026 17:55,17.125,0.005,7.89
15/07/2026 17:25,17.125,0.005,7.89
15/07/2026 16:55,17.125,0.005,7.89
15/07/2026 16:25,17,0.005,7.89
15/07/2026 15:55,16.875,0.005,7.89
15/07/2026 15:55,16.875,0.005,7.89
15/07/2026 15:25,16.75,0.005,7.89
15/07/2026 14:55,16.875,0.005,7.89
15/07/2026 14:25,16.875,0.005,7.89
15/07/2026 13:55,16.75,0.005,7.89
15/07/2026 13:25,16.625,0.005,7.9
15/07/2026 12:55,16.5,0.005,7.91
15/07/2026 12:25,16.5,0.005,7.92
15/07/2026 11:55,16.25,0.005,7.92
15/07/2026 11:25,16.25,0.005,7.92
15/07/2026 10:55,16.375,0.005,7.93
15/07/2026 10:25,16.375,0.005,7.93
15/07/2026 09:55,16.375,0.005,7.94
15/07/2026 09:25,16.25,0.005,7.95
15/07/2026 08:55,16.25,0.005,7.96
15/07/2026 08:25,16.125,0.005,7.96
15/07/2026 07:55,16.125,0.005,7.97
15/07/2026 07:25,16.25,0.005,7.97
15/07/2026 07:25,16.25,0.005,7.97
15/07/2026 06:55,16.25,0.005,7.97
15/07/2026 06:25,16.25,0.005,7.97
15/07/2026 05:55,16.25,0.005,7.97
15/07/2026 05:25,16.375,0.005,7.96
15/07/2026 04:55,16.375,0.005,7.97
15/07/2026 04:25,16.375,0.005,7.96
15/07/2026 03:55,16.375,0.005,7.96
15/07/2026 03:25,16.375,0.005,7.96
15/07/2026 02:55,16.375,0.005,7.96
15/07/2026 02:25,16.5,0.005,7.96
15/07/2026 01:55,16.5,0.005,7.95
15/07/2026 01:25,16.5,0.005,7.94
15/07/2026 00:55,16.625,0.005,7.94
15/07/2026 00:25,16.5,0.005,7.93
14/07/2026 23:55,16.625,0.005,7.93
14/07/2026 23:25,15.75,0.005,7.93
14/07/2026 22:55,16.625,0.005,7.93
14/07/2026 22:25,16.625,0.005,7.93
14/07/2026 21:55,15.75,0.005,7.93
14/07/2026 21:25,16.875,0.005,7.93
14/07/2026 20:55,16.875,0.005,7.92
14/07/2026 20:25,16.875,0.005,7.92
14/07/2026 20:25,16.875,0.005,7.92
14/07/2026 19:55,16.75,0.005,7.91
14/07/2026 19:25,17,0.005,7.91
14/07/2026 18:55,17,0.005,7.91
14/07/2026 18:25,16.875,0.005,7.9
14/07/2026 17:55,17,0.005,7.9
14/07/2026 17:25,17,0.005,7.9
14/07/2026 16:55,16.875,0.005,7.9
14/07/2026 16:25,16.875,0.005,7.9
14/07/2026 16:25,16.875,0.005,7.9
14/07/2026 15:55,16.875,0.005,7.91
14/07/2026 15:25,17,0.005,7.92
14/07/2026 15:25,17,0.005,7.92
14/07/2026 14:55,16.875,0.005,7.93
14/07/2026 14:25,16.75,0.005,7.93
14/07/2026 13:55,16.625,0.005,7.93
14/07/2026 13:25,15.75,0.005,7.93
14/07/2026 12:55,15.875,0.005,7.92
14/07/2026 12:25,16.875,0.005,7.91
14/07/2026 11:55,16.875,0.005,7.91
14/07/2026 11:25,17,0.005,7.92
14/07/2026 11:25,17,0.005,7.92
14/07/2026 10:55,17,0.005,7.92
14/07/2026 10:25,17.375,0.005,7.91
14/07/2026 09:55,17.375,0.005,7.88
14/07/2026 09:46,17.125,0.005,7.87
14/07/2026 09:46,17,0.005,8.51
14/07/2026 08:55,17.375,0.005,7.7
14/07/2026 08:30,17.5,0.006,7.51
14/07/2026 08:25,17.375,0.006,7.43
11/07/2026 10:25,16.25,0.003,7.97
11/07/2026 09:55,16.125,0.003,7.97
11/07/2026 09:25,16.125,0.003,7.97
11/07/2026 08:55,16.125,0.003,7.97
11/07/2026 08:25,16.125,0.003,7.97
11/07/2026 07:55,16.25,0.003,7.97
11/07/2026 07:25,16.25,0.003,7.97
11/07/2026 06:55,16.25,0.003,7.97
11/07/2026 06:25,16.125,0.003,7.97
11/07/2026 05:55,16.125,0.003,7.97
11/07/2026 05:25,16.25,0.003,7.97
11/07/2026 04:55,16.25,0.003,7.97
11/07/2026 04:25,16.25,0.003,7.97
11/07/2026 03:55,16.375,0.003,7.97
11/07/2026 03:25,16.25,0.003,7.97
11/07/2026 02:55,16.5,0.003,7.97
11/07/2026 02:25,16.5,0.003,7.97
11/07/2026 01:55,16.375,0.003,7.97
11/07/2026 01:25,16.5,0.003,7.97
11/07/2026 00:55,16.5,0.003,7.97
11/07/2026 00:25,16.5,0.003,7.97
10/07/2026 23:55,16.625,0.003,7.97
10/07/2026 23:25,16.625,0.003,7.97
10/07/2026 22:55,15.75,0.003,7.97
10/07/2026 22:25,15.75,0.003,7.97
10/07/2026 21:55,16.875,0.003,7.97
10/07/2026 21:25,16.75,0.003,7.97
10/07/2026 20:55,17,0.003,7.97
10/07/2026 20:25,17,0.003,7.97
10/07/2026 19:55,17,0.003,7.97
10/07/2026 19:25,17,0.003,7.97
10/07/2026 18:55,17,0.003,7.97
10/07/2026 18:25,17,0.003,7.97
10/07/2026 17:55,16.875,0.003,7.96
10/07/2026 17:25,17,0.003,7.96
10/07/2026 16:55,16.875,0.003,7.96
10/07/2026 16:25,16.75,0.003,7.96
10/07/2026 15:55,16.75,0.003,7.96
10/07/2026 15:25,16.625,0.003,7.96
10/07/2026 14:55,16.875,0.003,7.96
10/07/2026 14:25,16.5,0.003,7.96
10/07/2026 13:55,16.375,0.003,7.96
10/07/2026 13:25,16.375,0.003,7.96
10/07/2026 12:55,16.5,0.003,7.95
10/07/2026 12:25,16.375,0.003,7.95
10/07/2026 11:55,16.375,0.003,7.95
10/07/2026 11:25,16.25,0.003,7.95
10/07/2026 10:55,16.375,0.003,7.95
10/07/2026 10:25,16,0.003,7.95
10/07/2026 09:55,16.375,0.003,7.95
10/07/2026 09:25,16.125,0.003,7.95
10/07/2026 08:55,16.25,0.003,7.94
10/07/2026 08:25,16.125,0.003,7.94
10/07/2026 07:55,16.25,0.003,7.94
10/07/2026 07:25,16.25,0.003,7.94
10/07/2026 06:55,16.25,0.003,7.94
10/07/2026 06:25,16.25,0.003,7.94
10/07/2026 05:55,16.25,0.003,7.94
10/07/2026 05:25,16.375,0.003,7.94
10/07/2026 04:55,16.25,0.003,7.93
10/07/2026 04:25,16.5,0.003,7.93
10/07/2026 03:55,16.5,0.003,7.93
10/07/2026 03:25,16.5,0.003,7.93
10/07/2026 02:55,16.5,0.003,7.93
10/07/2026 02:25,16.5,0.003,7.93
10/07/2026 01:55,16.625,0.003,7.92
10/07/2026 01:25,16.5,0.003,7.92
10/07/2026 00:55,16.5,0.003,7.92
10/07/2026 00:25,16.625,0.003,7.92
09/07/2026 23:55,16.625,0.003,7.91
09/07/2026 23:25,16.75,0.003,7.91
09/07/2026 22:55,16.875,0.003,7.91
09/07/2026 22:25,16.75,0.003,7.91
09/07/2026 21:55,16.75,0.003,7.91
09/07/2026 21:25,16.75,0.003,7.91
09/07/2026 20:55,16.875,0.003,7.9
09/07/2026 20:25,16.875,0.003,7.9
09/07/2026 19:55,16.875,0.003,7.9
09/07/2026 19:25,16.75,0.003,7.9
09/07/2026 18:55,16.875,0.003,7.9
09/07/2026 18:25,16.75,0.003,7.9
09/07/2026 17:55,16.875,0.003,7.9
09/07/2026 17:25,16.75,0.003,7.9
09/07/2026 16:55,16.625,0.003,7.91
09/07/2026 16:25,16.75,0.003,7.92
09/07/2026 15:55,16.5,0.003,7.93
09/07/2026 15:25,16.625,0.003,7.95
09/07/2026 14:55,16.375,0.003,7.98
09/07/2026 14:25,16.375,0.003,7.98
09/07/2026 13:55,16.375,0.003,7.98
09/07/2026 13:25,16.25,0.003,7.98
09/07/2026 12:55,16.25,0.003,7.98
09/07/2026 12:25,16.125,0.003,7.98
09/07/2026 11:55,16.25,0.003,7.98
09/07/2026 11:55,16.25,0.003,7.98
09/07/2026 11:25,16.25,0.003,7.98
09/07/2026 10:55,16.125,0.003,7.98
09/07/2026 10:25,16.125,0.003,7.97
09/07/2026 09:55,16.25,0.003,7.98
09/07/2026 09:25,16.25,0.003,7.98
09/07/2026 08:55,16,0.003,7.98
09/07/2026 08:25,16.125,0.003,7.98
09/07/2026 07:55,16,0.003,7.98
09/07/2026 07:25,16.125,0.003,7.98
09/07/2026 06:55,16.125,0.003,7.98
09/07/2026 06:25,16.125,0.003,7.98
09/07/2026 05:55,16,0.003,7.98
09/07/2026 05:55,16,0.003,7.98
09/07/2026 05:25,16.125,0.003,7.98
09/07/2026 04:55,16.125,0.003,7.98
09/07/2026 04:25,16.25,0.003,7.98
09/07/2026 03:55,16.125,0.003,7.98
09/07/2026 03:25,16.375,0.003,7.98
09/07/2026 03:25,16.375,0.003,7.98
09/07/2026 02:55,16.375,0.003,7.98
09/07/2026 02:25,16.25,0.003,7.98
09/07/2026 01:55,16.5,0.003,7.98
09/07/2026 01:25,16.25,0.003,7.98
09/07/2026 00:55,16.375,0.003,7.98
09/07/2026 00:25,16.5,0.003,7.98
09/07/2026 00:25,16.5,0.003,7.98
08/07/2026 23:55,16.5,0.003,7.98
08/07/2026 23:25,16.375,0.003,7.98
08/07/2026 22:55,16.5,0.003,7.98
08/07/2026 22:25,16.625,0.003,7.98
08/07/2026 21:55,16.625,0.003,7.98
08/07/2026 21:25,16.625,0.003,7.98
08/07/2026 20:55,16.625,0.003,7.98
08/07/2026 20:25,16.625,0.003,7.98
08/07/2026 19:55,16.625,0.003,7.98
08/07/2026 19:25,16.625,0.003,7.98
08/07/2026 18:55,15.75,0.003,7.98
08/07/2026 18:25,16.625,0.003,7.97
08/07/2026 17:55,16.625,0.003,7.97
08/07/2026 17:25,16.625,0.003,7.97
08/07/2026 16:55,16.5,0.003,7.97
08/07/2026 16:25,16.375,0.003,7.97
08/07/2026 15:55,16.375,0.003,7.97
08/07/2026 15:25,16.5,0.003,7.97
08/07/2026 14:55,16.5,0.003,7.97
08/07/2026 14:25,16.25,0.003,7.97
08/07/2026 13:55,16.25,0.003,7.97
08/07/2026 13:25,16.125,0.003,7.97
08/07/2026 12:55,16,0.003,7.97
08/07/2026 12:25,16.25,0.003,7.97
08/07/2026 11:55,16,0.003,7.97
08/07/2026 11:25,16.125,0.003,7.97
08/07/2026 10:55,16,0.003,7.97
08/07/2026 10:25,16,0.003,7.97
08/07/2026 09:55,16.125,0.003,7.98
08/07/2026 09:25,16.125,0.003,7.98
08/07/2026 08:55,16,0.003,7.98
08/07/2026 08:25,16.25,0.003,7.98
08/07/2026 07:55,16,0.003,7.98
08/07/2026 07:25,16,0.003,7.98
08/07/2026 06:55,16.125,0.003,7.98
08/07/2026 06:25,16.125,0.003,7.98
08/07/2026 06:25,16.125,0.003,7.98
08/07/2026 05:55,16.125,0.003,7.98
08/07/2026 05:25,16,0.003,7.98
08/07/2026 04:55,16.125,0.003,7.98
08/07/2026 04:25,16.375,0.003,7.98
08/07/2026 03:55,16.25,0.003,7.98
08/07/2026 03:25,16.25,0.003,7.99
08/07/2026 02:55,16.375,0.003,7.99
08/07/2026 02:25,16.25,0.003,7.99
08/07/2026 01:55,16.5,0.003,7.99
08/07/2026 01:25,16.625,0.003,7.99
08/07/2026 00:55,16.375,0.003,7.99
08/07/2026 00:25,16.625,0.003,7.99
08/07/2026 00:25,16.625,0.003,7.99
07/07/2026 23:55,16.5,0.003,7.99
07/07/2026 23:25,15.75,0.003,7.99
07/07/2026 22:55,16.75,0.003,7.99
07/07/2026 22:25,16.75,0.003,7.99
07/07/2026 21:55,16.75,0.003,7.99
07/07/2026 21:25,16.75,0.003,7.99
07/07/2026 20:55,16.75,0.003,7.99
07/07/2026 20:25,16.875,0.003,7.99
07/07/2026 19:55,17,0.003,7.99
07/07/2026 19:25,16.875,0.003,7.99
07/07/2026 19:25,16.875,0.003,7.99
07/07/2026 18:55,16.875,0.003,7.99
07/07/2026 18:25,16.75,0.003,7.99
07/07/2026 17:55,16.75,0.003,7.99
07/07/2026 17:25,16.75,0.003,7.99
07/07/2026 16:55,15.75,0.003,7.99
07/07/2026 16:25,16.625,0.003,7.99
07/07/2026 15:55,16.625,0.003,7.98
07/07/2026 15:25,16.5,0.003,7.98
07/07/2026 14:55,16.625,0.003,7.98
07/07/2026 14:25,16.375,0.003,7.98
07/07/2026 13:55,16.375,0.003,7.98
07/07/2026 13:25,16.5,0.003,7.98
07/07/2026 12:55,16.25,0.003,7.98
07/07/2026 12:25,16.25,0.003,7.98
07/07/2026 11:55,16.125,0.003,7.98
07/07/2026 11:25,16.25,0.003,7.98
07/07/2026 10:55,16.25,0.003,7.98
07/07/2026 10:25,16.25,0.003,7.98
07/07/2026 09:55,16.125,0.003,7.98
07/07/2026 09:25,16.25,0.003,7.98
07/07/2026 08:55,16.25,0.003,7.98
07/07/2026 08:25,16.125,0.003,7.98
07/07/2026 07:55,16.25,0.003,7.98
07/07/2026 07:25,16.125,0.003,7.98
07/07/2026 06:55,16.25,0.003,7.99
07/07/2026 06:25,16.125,0.003,7.99
07/07/2026 05:55,16.125,0.003,7.99
07/07/2026 05:25,16.375,0.003,7.98
07/07/2026 04:55,16.375,0.003,7.99
07/07/2026 04:25,16.5,0.003,7.99
07/07/2026 03:55,16.375,0.003,7.99
07/07/2026 03:25,16.375,0.003,7.99
07/07/2026 02:55,16.5,0.003,7.99
07/07/2026 02:25,16.625,0.003,7.99
07/07/2026 01:55,16.625,0.003,7.99
07/07/2026 01:25,16.625,0.003,7.99
07/07/2026 00:55,16.75,0.003,7.99
07/07/2026 00:25,17.5,0.003,7.99
06/07/2026 23:55,17.625,0.003,7.99
06/07/2026 23:25,15.75,0.003,7.99
06/07/2026 22:55,16.875,0.003,7.99
06/07/2026 22:55,16.875,0.003,7.99
06/07/2026 22:25,16.75,0.003,7.99
06/07/2026 21:55,16.875,0.003,7.99
06/07/2026 21:25,17,0.003,7.99
06/07/2026 20:55,17,0.003,7.99
06/07/2026 20:25,17,0.003,7.99
06/07/2026 20:25,17,0.003,7.99
06/07/2026 19:55,17,0.003,7.99
06/07/2026 19:25,17.125,0.003,7.99
06/07/2026 18:55,16.875,0.003,7.99
06/07/2026 18:25,17,0.003,7.99
06/07/2026 17:55,16.875,0.003,7.99
06/07/2026 17:25,16.875,0.003,7.99
06/07/2026 16:55,16.875,0.003,7.99
06/07/2026 16:55,16.875,0.003,7.99
06/07/2026 16:25,16.75,0.003,7.99
06/07/2026 15:55,15.75,0.003,7.99
06/07/2026 15:25,17.625,0.003,7.99
06/07/2026 14:55,17.625,0.003,7.99
06/07/2026 14:25,16.5,0.003,7.98
06/07/2026 13:55,16.5,0.003,7.99
06/07/2026 13:25,16.5,0.003,7.99
06/07/2026 13:25,16.5,0.003,7.99
06/07/2026 12:55,16.5,0.003,7.98
06/07/2026 12:25,16.5,0.003,7.98
06/07/2026 11:55,16.25,0.003,7.98
06/07/2026 11:25,16.5,0.003,7.98
06/07/2026 10:55,16.375,0.003,7.98
06/07/2026 10:25,16.375,0.003,7.98
06/07/2026 09:55,16.5,0.003,7.98
06/07/2026 09:25,16.625,0.003,7.99
06/07/2026 08:55,16.25,0.003,7.98
06/07/2026 08:25,16.25,0.003,7.98
06/07/2026 07:55,16.25,0.003,7.98
06/07/2026 07:25,16.125,0.003,7.98
06/07/2026 06:55,16.375,0.003,7.98
06/07/2026 06:25,16.375,0.003,7.98
06/07/2026 05:55,16.25,0.003,7.98
06/07/2026 05:25,16.375,0.003,7.98
06/07/2026 04:55,16.5,0.003,7.98
06/07/2026 04:25,16.25,0.003,7.98
06/07/2026 03:55,16.375,0.003,7.98
06/07/2026 03:25,16.5,0.003,7.98
06/07/2026 02:55,16.5,0.003,7.98
06/07/2026 02:25,16.5,0.003,7.98
06/07/2026 01:55,16.375,0.003,7.98
06/07/2026 01:25,16.5,0.003,7.98
06/07/2026 00:55,16.5,0.003,7.98
06/07/2026 00:25,16.625,0.003,7.98
06/07/2026 00:25,16.625,0.003,7.98
05/07/2026 23:55,16.625,0.003,7.98
05/07/2026 23:25,16.625,0.003,7.98
05/07/2026 22:55,16.5,0.003,7.98
05/07/2026 22:25,15.75,0.003,7.98
05/07/2026 21:55,17.625,0.003,7.98
05/07/2026 21:25,16.625,0.003,7.98
05/07/2026 20:55,16.75,0.003,7.98
05/07/2026 20:25,16.875,0.003,7.99
05/07/2026 19:55,16.875,0.003,7.98
05/07/2026 19:25,16.75,0.003,7.98
05/07/2026 18:55,16.75,0.003,7.99
05/07/2026 18:25,16.875,0.003,7.98
05/07/2026 17:55,16.75,0.003,7.98
05/07/2026 17:25,16.875,0.003,7.98
05/07/2026 16:55,16.75,0.003,7.98
05/07/2026 16:55,16.75,0.003,7.98
05/07/2026 16:25,16.625,0.003,7.98
05/07/2026 15:55,17.625,0.003,7.98
05/07/2026 15:25,16.625,0.003,7.98
05/07/2026 14:55,15.75,0.003,7.98
05/07/2026 14:25,16.5,0.003,7.98
05/07/2026 13:55,16.5,0.003,7.98
05/07/2026 13:25,16.375,0.003,7.98
05/07/2026 13:25,16.375,0.003,7.98
05/07/2026 12:55,16.375,0.003,7.98
05/07/2026 12:25,16.25,0.003,7.98
05/07/2026 11:55,16.25,0.003,7.98
05/07/2026 11:25,16.375,0.003,7.98
05/07/2026 10:55,16.375,0.003,7.98
05/07/2026 10:25,16.375,0.003,7.98
05/07/2026 09:55,16.25,0.003,7.98
05/07/2026 09:25,16.375,0.003,7.98
05/07/2026 08:55,16.25,0.003,7.98
05/07/2026 08:25,16.25,0.003,7.97
05/07/2026 07:55,16.125,0.003,7.97
05/07/2026 07:25,16.25,0.003,7.97
05/07/2026 06:55,16.25,0.003,7.97
05/07/2026 06:25,16.25,0.003,7.97
05/07/2026 05:55,16.25,0.003,7.97
05/07/2026 05:25,16.25,0.003,7.97
05/07/2026 04:55,16.375,0.003,7.97
05/07/2026 04:25,16.25,0.003,7.97
05/07/2026 03:55,16.25,0.003,7.97
05/07/2026 03:25,16.375,0.003,7.98
05/07/2026 02:55,16.375,0.003,7.98
05/07/2026 02:25,16.25,0.003,7.98
05/07/2026 01:55,16.25,0.003,7.98
05/07/2026 01:25,16.5,0.003,7.98
05/07/2026 00:55,16.375,0.003,7.98
05/07/2026 00:25,16.5,0.003,7.98
05/07/2026 00:25,16.5,0.003,7.98
04/07/2026 23:55,16.375,0.003,7.98
04/07/2026 23:25,16.5,0.003,7.98
04/07/2026 22:55,16.625,0.003,7.98
04/07/2026 22:25,16.375,0.003,7.98
04/07/2026 21:55,16.5,0.003,7.98
04/07/2026 21:25,16.5,0.003,7.98
04/07/2026 20:55,16.5,0.003,7.98
04/07/2026 20:25,16.625,0.003,7.98
04/07/2026 19:55,16.625,0.003,7.98
04/07/2026 19:25,16.625,0.003,7.98
04/07/2026 18:55,15.75,0.003,7.98
04/07/2026 18:25,16.625,0.003,7.98
04/07/2026 17:55,16.5,0.003,7.98
04/07/2026 17:25,16.625,0.003,7.98
04/07/2026 16:55,16.5,0.003,7.97
04/07/2026 16:25,16.5,0.003,7.97
04/07/2026 15:55,16.5,0.003,7.97
04/07/2026 15:25,16.5,0.003,7.97
04/07/2026 14:55,16.5,0.003,7.97
04/07/2026 14:25,16.375,0.003,7.97
04/07/2026 14:25,16.375,0.003,7.97
04/07/2026 13:55,16.375,0.003,7.97
04/07/2026 13:25,16.375,0.003,7.97
04/07/2026 12:55,16.125,0.003,7.97
04/07/2026 12:25,16.125,0.003,7.97
04/07/2026 12:25,16.125,0.003,7.97
04/07/2026 11:55,16.125,0.003,7.97
04/07/2026 11:25,16.25,0.003,7.97
04/07/2026 10:55,16.125,0.003,7.97
04/07/2026 10:25,16.125,0.003,7.96
04/07/2026 09:55,16.25,0.003,7.96
04/07/2026 09:25,16.125,0.003,7.97
04/07/2026 08:55,16,0.003,7.96
04/07/2026 08:25,16,0.003,7.96
04/07/2026 07:55,16,0.003,7.96
04/07/2026 07:25,16,0.003,7.96
04/07/2026 06:55,16,0.003,7.96
04/07/2026 06:25,16,0.003,7.96
04/07/2026 05:55,16,0.003,7.96
04/07/2026 05:25,16.125,0.003,7.96
04/07/2026 04:55,16.125,0.003,7.96
04/07/2026 04:25,16.25,0.003,7.96
04/07/2026 03:55,16.125,0.003,7.96
04/07/2026 03:25,16.25,0.003,7.96
04/07/2026 02:55,16.125,0.003,7.96
04/07/2026 02:55,16.125,0.003,7.96
04/07/2026 02:25,16.5,0.003,7.96
04/07/2026 01:55,16.25,0.003,7.96
04/07/2026 01:25,16.25,0.003,7.96
04/07/2026 00:55,16.25,0.003,7.96
04/07/2026 00:25,16.25,0.003,7.96
03/07/2026 23:55,16.375,0.003,7.96
03/07/2026 23:25,16.375,0.003,7.96
03/07/2026 22:55,16.25,0.003,7.95
03/07/2026 22:55,16.25,0.003,7.95
03/07/2026 22:25,16.25,0.003,7.95
03/07/2026 21:55,16.375,0.003,7.95
03/07/2026 21:25,16.5,0.003,7.95
03/07/2026 20:55,16.375,0.003,7.95
03/07/2026 20:25,16.5,0.003,7.95
03/07/2026 19:55,16.5,0.003,7.95
03/07/2026 19:25,16.5,0.003,7.95
03/07/2026 18:55,16.625,0.003,7.94
03/07/2026 18:25,16.5,0.003,7.94
03/07/2026 17:55,16.5,0.003,7.94
03/07/2026 17:55,16.5,0.003,7.94
03/07/2026 17:25,16.5,0.003,7.94
03/07/2026 16:55,16.375,0.003,7.94
03/07/2026 16:25,16.375,0.003,7.94
03/07/2026 15:55,16.25,0.003,7.94
03/07/2026 15:25,16.375,0.003,7.93
03/07/2026 14:55,16.25,0.003,7.93
03/07/2026 14:25,16.25,0.003,7.93
03/07/2026 13:55,16.25,0.003,7.93
03/07/2026 13:25,16.25,0.003,7.93
03/07/2026 12:55,16.125,0.003,7.93
03/07/2026 12:25,16.25,0.003,7.92
03/07/2026 12:25,16.25,0.003,7.92
03/07/2026 11:55,16.125,0.003,7.92
03/07/2026 11:25,16,0.003,7.92
03/07/2026 10:55,16,0.003,7.92
03/07/2026 10:25,16,0.003,7.92
03/07/2026 09:55,16,0.003,7.92
03/07/2026 09:25,16.125,0.003,7.92
03/07/2026 08:55,16,0.003,7.91
03/07/2026 08:55,16,0.003,7.91
03/07/2026 08:25,16,0.003,7.91
03/07/2026 07:55,15.875,0.003,7.91
03/07/2026 07:55,15.875,0.003,7.91
03/07/2026 07:25,16.125,0.003,7.91
03/07/2026 06:55,16.125,0.003,7.91
03/07/2026 06:25,16.125,0.003,7.9
03/07/2026 05:55,16,0.003,7.9
03/07/2026 05:25,15.875,0.003,7.9
03/07/2026 04:55,16.125,0.003,7.9
03/07/2026 04:25,16,0.003,7.9
03/07/2026 03:55,16,0.003,7.89
03/07/2026 03:55,16,0.003,7.89
03/07/2026 03:25,16,0.003,7.89
03/07/2026 02:55,16.125,0.003,7.89
03/07/2026 02:25,16,0.003,7.89
03/07/2026 01:55,16.125,0.003,7.89
03/07/2026 01:25,16.25,0.003,7.88
03/07/2026 00:55,16,0.003,7.88
03/07/2026 00:25,16.25,0.003,7.88
02/07/2026 23:55,16.25,0.003,7.87
02/07/2026 23:25,16.25,0.003,7.87
02/07/2026 22:55,16.25,0.003,7.87
02/07/2026 22:25,16.125,0.003,7.86
02/07/2026 21:55,16.25,0.003,7.86
02/07/2026 21:25,16.25,0.003,7.86
02/07/2026 20:55,16.25,0.003,7.85
02/07/2026 20:25,16.25,0.003,7.85
02/07/2026 19:55,16.25,0.003,7.84
02/07/2026 19:55,16.25,0.003,7.84
02/07/2026 19:25,16.25,0.003,7.84
02/07/2026 19:25,16.25,0.003,7.84
02/07/2026 18:55,16.25,0.003,7.83
02/07/2026 18:25,16.25,0.003,7.83
02/07/2026 17:55,16.125,0.003,7.82
02/07/2026 17:25,16.125,0.003,7.81
02/07/2026 16:55,16.125,0.003,7.8
02/07/2026 16:25,16.125,0.003,7.8
02/07/2026 15:55,16.25,0.003,7.79
02/07/2026 15:25,16.125,0.003,7.78
02/07/2026 14:55,16.25,0.003,7.77
02/07/2026 14:25,16,0.003,7.76
02/07/2026 13:55,16.125,0.003,7.75
02/07/2026 13:25,16.125,0.003,7.74
02/07/2026 12:55,16,0.003,7.74
02/07/2026 12:25,16,0.003,7.73
02/07/2026 11:55,16.125,0.003,7.73
02/07/2026 11:25,15.75,0.003,7.73
02/07/2026 10:55,15.875,0.003,7.74
02/07/2026 10:25,15.875,0.003,7.75
02/07/2026 09:55,15.875,0.003,7.77
02/07/2026 09:25,15.75,0.003,7.8
02/07/2026 08:55,16.625,0.003,7.83
02/07/2026 08:25,16.5,0.003,7.86
02/07/2026 07:55,16.5,0.003,7.88
02/07/2026 07:25,15.625,0.003,7.89
02/07/2026 06:55,15.5,0.003,7.91
02/07/2026 06:25,15.5,0.003,7.92
02/07/2026 05:55,15.375,0.003,7.92
02/07/2026 05:25,15.625,0.003,7.92
02/07/2026 04:55,15.5,0.003,7.92
02/07/2026 04:25,15.5,0.003,7.92
02/07/2026 03:55,15.625,0.003,7.93
02/07/2026 03:25,15.625,0.003,7.92
02/07/2026 02:55,15.625,0.003,7.92
02/07/2026 02:25,15.5,0.003,7.92
02/07/2026 01:55,15.5,0.003,7.92
02/07/2026 01:25,15.625,0.003,7.92
02/07/2026 00:55,15.625,0.003,7.91
02/07/2026 00:25,16.5,0.003,7.91
01/07/2026 23:55,15.5,0.003,7.91
01/07/2026 23:25,15.5,0.003,7.91
01/07/2026 22:55,15.5,0.003,7.9
01/07/2026 22:25,15.5,0.003,7.9
01/07/2026 21:55,15.625,0.003,7.9
01/07/2026 21:25,14.75,0.003,7.9
01/07/2026 20:55,14.75,0.003,7.89
01/07/2026 20:25,15.625,0.003,7.89
01/07/2026 19:55,15.625,0.003,7.89
01/07/2026 19:25,14.875,0.003,7.89
01/07/2026 18:55,15.875,0.003,7.88
01/07/2026 18:25,16,0.003,7.88
01/07/2026 17:55,15.875,0.003,7.88
01/07/2026 17:25,15.875,0.003,7.87
01/07/2026 17:25,15.875,0.003,7.87
01/07/2026 16:55,16,0.003,7.87
01/07/2026 16:25,16.125,0.003,7.87
01/07/2026 15:55,16.125,0.003,7.87
01/07/2026 15:25,16.25,0.002,7.87
01/07/2026 14:55,16.25,0.002,7.87
01/07/2026 14:25,16.25,0.003,7.87
01/07/2026 13:55,16.375,0.003,7.88
01/07/2026 13:25,16.375,0.003,7.89
01/07/2026 12:55,16.5,0.003,7.91
01/07/2026 12:25,16.625,0.003,7.93
01/07/2026 11:55,16.625,0.003,7.96
01/07/2026 11:25,16.375,0.003,7.98
01/07/2026 10:55,16.375,0.003,7.99
01/07/2026 10:25,16.375,0.003,8
01/07/2026 09:55,16.25,0.003,8.01
01/07/2026 09:25,16.375,0.003,8.01
01/07/2026 08:55,16.25,0.003,8.01
01/07/2026 08:25,16.25,0.003,8.01
01/07/2026 07:55,16.25,0.003,8.01
01/07/2026 07:25,16.375,0.003,8.01
01/07/2026 06:55,16.375,0.003,8.01
01/07/2026 06:25,16.375,0.002,8.01
01/07/2026 05:55,16.375,0.002,8.01
01/07/2026 05:25,16.375,0.002,8.01
01/07/2026 04:55,16.5,0.003,8.01
01/07/2026 04:25,16.5,0.003,8.01
01/07/2026 03:55,16.5,0.003,8.01
01/07/2026 03:25,16.5,0.003,8.01
01/07/2026 02:55,16.5,0.003,8.01
01/07/2026 02:25,16.5,0.003,8.01
01/07/2026 02:25,16.5,0.003,8.01
01/07/2026 01:55,16.5,0.003,8.01
01/07/2026 01:25,16.625,0.003,8.01
01/07/2026 00:55,16.75,0.003,8.01
01/07/2026 00:25,16.625,0.003,8.01
30/06/2026 23:55,16.75,0.003,8.01
30/06/2026 23:25,15.875,0.003,8.01
30/06/2026 22:55,16.75,0.003,8.01
30/06/2026 22:25,17,0.003,8.01
30/06/2026 21:55,16.875,0.003,8.01
30/06/2026 21:25,17,0.003,8.01
30/06/2026 20:55,17.125,0.003,8.01
30/06/2026 20:25,17,0.003,8.01
30/06/2026 20:25,17,0.003,8.01
30/06/2026 19:55,17,0.003,8.01
30/06/2026 19:25,17,0.003,8.01
30/06/2026 18:55,17,0.003,8.01
30/06/2026 18:25,17,0.003,8.01
30/06/2026 17:55,16.875,0.003,8.01
30/06/2026 17:25,17,0.003,8.01
30/06/2026 16:55,16.875,0.003,8.01
30/06/2026 16:55,16.875,0.003,8.01
30/06/2026 16:25,16.75,0.003,8.01
30/06/2026 15:55,16.75,0.003,8.01
30/06/2026 15:25,16.75,0.003,8.01
30/06/2026 14:55,16.625,0.003,8.01
30/06/2026 14:25,16.625,0.003,8.01
30/06/2026 13:55,16.375,0.003,8.01
30/06/2026 13:25,16.25,0.003,8.01
30/06/2026 12:55,16.5,0.003,8
30/06/2026 12:25,16.375,0.003,8.01
30/06/2026 11:55,16.25,0.003,8
30/06/2026 11:25,16.125,0.003,8
30/06/2026 10:55,16.25,0.003,8
30/06/2026 10:25,16.125,0.003,8
30/06/2026 09:55,16.125,0.003,8
30/06/2026 09:25,16.125,0.003,8
30/06/2026 09:25,16.125,0.003,8
30/06/2026 08:55,16.25,0.003,8
30/06/2026 08:25,16.25,0.003,8
30/06/2026 07:55,16.25,0.003,8
30/06/2026 07:25,16.125,0.003,8.01
30/06/2026 06:55,16.125,0.003,8.01
30/06/2026 06:25,16.125,0.002,8.01
30/06/2026 05:55,16.125,0.002,8.01
30/06/2026 05:25,16.25,0.002,8.01
30/06/2026 04:55,16.125,0.002,8.01
30/06/2026 04:25,16.25,0.002,8.01
30/06/2026 03:55,16.25,0.003,8.01
30/06/2026 03:25,16.375,0.003,8.01
30/06/2026 02:55,16.375,0.003,8.01
30/06/2026 02:25,16.375,0.003,8.01
30/06/2026 02:25,16.375,0.003,8.01
30/06/2026 01:55,16.25,0.003,8.01
30/06/2026 01:25,16.375,0.003,8.01
30/06/2026 00:55,16.375,0.003,8.01
30/06/2026 00:25,16.5,0.003,8.01
29/06/2026 23:55,16.25,0.003,8.01
29/06/2026 23:25,16.375,0.003,8.01
29/06/2026 22:55,16.375,0.003,8.01
29/06/2026 22:25,16.5,0.003,8.01
29/06/2026 21:55,16.375,0.003,8.01
29/06/2026 21:25,16.5,0.003,8.01
29/06/2026 20:55,16.5,0.003,8.01
29/06/2026 20:25,16.625,0.003,8.01
29/06/2026 19:55,16.625,0.003,8.01
29/06/2026 19:25,16.625,0.003,8.01
29/06/2026 18:55,16.625,0.003,8.01
29/06/2026 18:55,16.625,0.003,8.01
29/06/2026 18:25,16.625,0.003,8.01
29/06/2026 17:55,16.625,0.003,8.01
29/06/2026 17:55,16.625,0.003,8.01
29/06/2026 17:25,15.75,0.003,8.01
29/06/2026 16:55,16.5,0.003,8.01
29/06/2026 16:25,16.625,0.003,8.01
29/06/2026 15:55,16.5,0.003,8.01
29/06/2026 15:25,16.375,0.003,8.01
29/06/2026 14:55,16.5,0.003,8.01
29/06/2026 14:25,16.25,0.003,8.01
29/06/2026 13:55,16.375,0.003,8.01
29/06/2026 13:25,16.125,0.003,8.01
29/06/2026 12:55,16.25,0.003,8.01
29/06/2026 12:25,16.25,0.003,8.01
29/06/2026 11:55,16,0.003,8.01
29/06/2026 11:25,16.125,0.003,8.01
29/06/2026 10:55,16.25,0.003,8.01
29/06/2026 10:25,16.25,0.003,8.01
29/06/2026 09:55,16.25,0.003,8.01
29/06/2026 09:25,16,0.003,8.01
29/06/2026 08:55,16,0.003,8.01
29/06/2026 08:25,16.25,0.003,8.01
29/06/2026 07:55,16.25,0.003,8.01
29/06/2026 07:25,16.125,0.003,8.01
29/06/2026 06:55,16,0.003,8.01
29/06/2026 06:25,16,0.003,8.01
29/06/2026 05:55,16.125,0.003,8.01
29/06/2026 05:25,16.125,0.003,8.01
29/06/2026 04:55,16.125,0.003,8.01
29/06/2026 04:25,16.125,0.003,8.02
29/06/2026 03:55,16.25,0.003,8.01
29/06/2026 03:25,16.25,0.003,8.02
29/06/2026 02:55,16.125,0.003,8.01
29/06/2026 02:25,16.375,0.003,8.01
29/06/2026 01:55,16.375,0.003,8.01
29/06/2026 01:25,16.25,0.003,8.01
29/06/2026 00:55,16.5,0.003,8.01
29/06/2026 00:25,16.5,0.003,8.01
28/06/2026 23:55,16.375,0.003,8.01
28/06/2026 23:25,16.5,0.003,8.01
28/06/2026 22:55,16.375,0.003,8
28/06/2026 22:25,16.5,0.003,8
28/06/2026 21:55,16.625,0.003,8
28/06/2026 21:25,16.5,0.003,8
28/06/2026 20:55,16.625,0.003,8
28/06/2026 20:55,16.625,0.003,8
28/06/2026 20:25,16.625,0.003,8
28/06/2026 19:55,16.625,0.003,8
28/06/2026 19:25,15.75,0.003,8
28/06/2026 18:55,16.625,0.003,8
28/06/2026 18:25,16.625,0.003,8
28/06/2026 17:55,16.625,0.003,8
28/06/2026 17:25,16.5,0.003,8
28/06/2026 16:55,16.625,0.003,8
28/06/2026 16:25,16.625,0.003,8
28/06/2026 15:55,16.625,0.003,8
28/06/2026 15:55,16.625,0.003,8
28/06/2026 15:25,16.5,0.003,8
28/06/2026 14:55,16.375,0.003,8
28/06/2026 14:25,16.25,0.003,8
28/06/2026 13:55,16.375,0.003,8
28/06/2026 13:25,16.25,0.003,8
28/06/2026 12:55,16.25,0.003,8
28/06/2026 12:25,16.25,0.003,8
28/06/2026 11:55,16.25,0.003,8
28/06/2026 11:25,16.125,0.003,8
28/06/2026 10:55,16.125,0.003,8
28/06/2026 10:25,16.125,0.003,8
28/06/2026 09:55,16,0.003,8
28/06/2026 09:25,16.25,0.003,8
28/06/2026 08:55,16.125,0.003,8
28/06/2026 08:25,16,0.003,8
28/06/2026 07:55,16.25,0.003,8
28/06/2026 07:25,16,0.003,8
28/06/2026 06:55,16,0.003,8
28/06/2026 06:25,16.125,0.003,8
28/06/2026 05:55,16.125,0.003,8
28/06/2026 05:25,16.125,0.003,8
28/06/2026 04:55,16,0.003,8
28/06/2026 04:25,16.25,0.003,8
28/06/2026 03:55,16.25,0.003,8
28/06/2026 03:25,16.25,0.003,8
28/06/2026 02:55,16.25,0.003,8
28/06/2026 02:25,16.125,0.003,8
28/06/2026 01:55,16.25,0.003,8
28/06/2026 01:25,16.25,0.003,8
28/06/2026 00:55,16.25,0.003,8
28/06/2026 00:25,16.125,0.003,8
27/06/2026 23:55,16.25,0.003,8
27/06/2026 23:25,16.25,0.003,8
27/06/2026 22:55,16.5,0.003,8
27/06/2026 22:25,16.5,0.003,8
27/06/2026 21:55,16.25,0.003,8
27/06/2026 21:25,16.5,0.003,8
27/06/2026 20:55,16.5,0.003,8
27/06/2026 20:25,16.5,0.003,8
27/06/2026 19:55,16.5,0.003,8
27/06/2026 19:25,16.5,0.003,8
27/06/2026 18:55,16.625,0.003,8
27/06/2026 18:25,16.5,0.003,8
27/06/2026 17:55,16.625,0.003,8
27/06/2026 17:25,16.5,0.003,8
27/06/2026 16:55,16.5,0.003,8
27/06/2026 16:25,16.625,0.003,8
27/06/2026 15:55,16.5,0.003,8
27/06/2026 15:25,16.5,0.003,8
27/06/2026 14:55,16.5,0.003,8
27/06/2026 14:25,16.25,0.003,8
27/06/2026 13:55,16.25,0.003,8
27/06/2026 13:25,16.375,0.003,8
27/06/2026 12:55,16.25,0.003,8
27/06/2026 12:25,16.125,0.003,8
27/06/2026 11:55,16.25,0.003,8
27/06/2026 11:25,16.25,0.003,8
27/06/2026 10:55,16.25,0.003,8
27/06/2026 10:25,16.25,0.003,7.99
27/06/2026 09:55,16.125,0.003,8
27/06/2026 09:25,16.25,0.003,7.99
27/06/2026 08:55,16.25,0.003,7.99
27/06/2026 08:25,16.125,0.003,7.99
27/06/2026 07:55,16.25,0.003,8
27/06/2026 07:25,16.25,0.003,8
27/06/2026 06:55,16.125,0.003,8
27/06/2026 06:25,16,0.003,8
27/06/2026 05:55,16.25,0.003,8
27/06/2026 05:25,16.25,0.003,8
27/06/2026 04:55,16.375,0.003,8
27/06/2026 04:25,16.375,0.003,8
27/06/2026 03:55,16.375,0.003,8
27/06/2026 03:25,16.375,0.003,8
27/06/2026 02:55,16.5,0.003,8
27/06/2026 02:25,16.5,0.003,8
27/06/2026 01:55,16.5,0.003,8
27/06/2026 01:55,16.5,0.003,8
27/06/2026 01:25,16.625,0.003,8
27/06/2026 00:55,16.375,0.003,8
27/06/2026 00:25,16.5,0.003,8
26/06/2026 23:55,16.5,0.003,8
26/06/2026 23:25,16.625,0.003,8
26/06/2026 22:55,16.625,0.003,8
26/06/2026 22:25,17.625,0.003,8
26/06/2026 21:55,17.625,0.003,8
26/06/2026 21:25,17.625,0.003,8
26/06/2026 20:55,16.875,0.003,8
26/06/2026 20:25,16.875,0.003,8
26/06/2026 19:55,16.875,0.003,8
26/06/2026 19:55,16.875,0.003,8
26/06/2026 19:25,16.875,0.003,8
26/06/2026 18:55,16.875,0.003,8
26/06/2026 18:25,16.75,0.003,7.99
26/06/2026 17:55,16.75,0.003,8
26/06/2026 17:25,16.875,0.003,8
26/06/2026 16:55,17.625,0.003,7.99
26/06/2026 16:55,17.625,0.003,7.99
26/06/2026 16:25,17.625,0.003,8
26/06/2026 15:55,16.5,0.003,8
26/06/2026 15:25,16.625,0.003,7.99
26/06/2026 14:55,16.5,0.003,8
26/06/2026 14:55,16.5,0.003,8
26/06/2026 14:37,15.875,0.003,7.99
26/06/2026 14:37,15.75,0.003,8.69
26/06/2026 13:25,16.25,0.003,7.99
26/06/2026 12:55,16.25,0.003,8
26/06/2026 12:25,16.25,0.003,8
26/06/2026 11:55,16.125,0.003,8
26/06/2026 11:25,16.125,0.003,8
26/06/2026 11:25,16.125,0.003,8
26/06/2026 10:55,16,0.003,8
26/06/2026 10:25,16.125,0.003,8
26/06/2026 09:55,16,0.003,8
26/06/2026 09:25,16.125,0.003,8
26/06/2026 08:55,16.125,0.003,8
26/06/2026 08:55,16.125,0.003,8
26/06/2026 08:25,16,0.003,8
26/06/2026 07:55,16,0.003,8
26/06/2026 07:25,16,0.003,8
26/06/2026 06:55,16.125,0.003,8
26/06/2026 06:25,16,0.003,8
26/06/2026 05:55,16,0.003,8
26/06/2026 05:25,16.125,0.003,7.99
26/06/2026 04:55,16,0.003,7.99
26/06/2026 04:25,16,0.003,7.99
26/06/2026 03:55,16,0.003,8
26/06/2026 03:25,16,0.003,7.99
26/06/2026 02:55,16.125,0.003,7.99
26/06/2026 02:25,16.125,0.003,7.99
26/06/2026 01:55,16.25,0.003,7.99
26/06/2026 01:25,16.125,0.003,7.99
26/06/2026 00:55,16.25,0.003,7.99
26/06/2026 00:25,16.25,0.003,7.99
26/06/2026 00:25,16.25,0.003,7.99
25/06/2026 23:55,16.125,0.003,7.99
25/06/2026 23:25,16.125,0.003,7.99
25/06/2026 22:55,16.25,0.003,7.99
25/06/2026 22:25,16.25,0.003,7.99
25/06/2026 21:55,16.375,0.003,7.99
25/06/2026 21:25,16.375,0.003,7.99
25/06/2026 20:55,16.375,0.003,7.99
25/06/2026 20:25,16.25,0.003,7.99
25/06/2026 19:55,16.375,0.003,7.99
25/06/2026 19:25,16.25,0.003,7.99
25/06/2026 18:55,16.375,0.003,7.99
25/06/2026 18:25,16.375,0.003,7.99
25/06/2026 17:55,16.375,0.003,7.98
25/06/2026 17:25,16.375,0.003,7.98
25/06/2026 16:55,16.375,0.003,7.98
25/06/2026 16:25,16.25,0.003,7.98
25/06/2026 15:55,16.125,0.003,7.98
25/06/2026 15:25,16.25,0.003,7.98
25/06/2026 14:55,16.125,0.003,7.98
25/06/2026 14:25,16.125,0.003,7.98
25/06/2026 13:55,16.125,0.003,7.98
25/06/2026 13:25,16,0.003,7.97
25/06/2026 12:55,16,0.003,7.97
25/06/2026 12:25,16.125,0.003,7.97
25/06/2026 11:55,16.125,0.003,7.97
25/06/2026 11:25,16.125,0.003,7.97
25/06/2026 10:55,16.25,0.003,7.97
25/06/2026 10:25,16,0.003,7.98
25/06/2026 09:55,16,0.003,7.99
25/06/2026 09:25,16.125,0.003,8
25/06/2026 08:55,16.125,0.003,8
25/06/2026 08:25,16.125,0.003,8.01
25/06/2026 07:55,16.125,0.003,8.01
25/06/2026 07:25,16,0.003,8.01
25/06/2026 06:55,16,0.003,8
25/06/2026 06:25,16,0.003,8.01
25/06/2026 05:55,16.125,0.003,8.01
25/06/2026 05:25,16,0.003,8
25/06/2026 04:55,16.125,0.003,8
25/06/2026 04:25,16,0.003,8
25/06/2026 03:55,16.125,0.003,8.01
25/06/2026 03:25,16.125,0.003,8.01
25/06/2026 02:55,16.25,0.003,8.01
25/06/2026 02:25,16.125,0.003,8
25/06/2026 01:55,16.25,0.003,8.01
25/06/2026 01:25,16.125,0.003,8.01
25/06/2026 00:55,16.25,0.003,8
25/06/2026 00:25,16.25,0.003,8.01
24/06/2026 23:55,16.25,0.003,8.01
24/06/2026 23:25,16.25,0.003,8
24/06/2026 22:55,16.25,0.003,8
24/06/2026 22:25,16.25,0.003,8
24/06/2026 21:55,16.25,0.003,8
24/06/2026 21:25,16.25,0.003,8
24/06/2026 20:55,16.125,0.003,8
24/06/2026 20:25,16.25,0.003,8
24/06/2026 19:55,16.25,0.003,8
24/06/2026 19:25,16.25,0.003,8
24/06/2026 18:55,16.25,0.003,8
24/06/2026 18:25,16.375,0.003,8
24/06/2026 18:25,16.375,0.003,8
24/06/2026 17:55,16.25,0.003,8
24/06/2026 17:55,16.25,0.003,8
24/06/2026 17:25,16.125,0.003,8
24/06/2026 16:55,16.125,0.003,8
24/06/2026 16:25,16.25,0.003,8
24/06/2026 15:55,16.125,0.003,8
24/06/2026 15:55,16.125,0.003,8
24/06/2026 15:25,16.25,0.003,8
24/06/2026 14:55,16.25,0.003,8
24/06/2026 14:25,16.125,0.003,7.99
24/06/2026 13:55,16.25,0.003,7.99
24/06/2026 13:25,16.25,0.003,7.99
24/06/2026 12:55,16,0.003,7.99
24/06/2026 12:25,16,0.003,7.99
24/06/2026 11:55,16,0.003,7.99
24/06/2026 11:25,16,0.003,7.99
24/06/2026 10:55,16,0.003,7.99
24/06/2026 10:25,16.125,0.003,7.99
24/06/2026 09:55,16.125,0.003,7.99
24/06/2026 09:25,15.875,0.003,7.99
24/06/2026 08:55,15.875,0.003,7.99
24/06/2026 08:25,15.875,0.003,7.99
24/06/2026 07:55,15.75,0.003,7.99
24/06/2026 07:25,15.75,0.003,7.98
24/06/2026 06:55,15.875,0.003,7.98
24/06/2026 06:25,16,0.003,7.98
24/06/2026 05:55,15.875,0.003,7.98
24/06/2026 05:25,16,0.003,7.98
24/06/2026 04:55,16,0.003,7.98
24/06/2026 04:55,16,0.003,7.98
24/06/2026 04:25,16,0.003,7.98
24/06/2026 03:55,15.875,0.003,7.98
24/06/2026 03:25,16,0.003,7.98
24/06/2026 02:55,15.875,0.003,7.98
24/06/2026 02:25,15.875,0.003,7.98
24/06/2026 01:55,16,0.003,7.98
24/06/2026 01:25,16,0.003,7.98
24/06/2026 00:55,15.875,0.003,7.98
24/06/2026 00:25,15.875,0.003,7.98
23/06/2026 23:55,16,0.003,7.98
23/06/2026 23:25,16.125,0.003,7.98
23/06/2026 22:55,16.125,0.003,7.98
23/06/2026 22:25,16.125,0.003,7.98
23/06/2026 21:55,16.125,0.003,7.97
23/06/2026 21:25,16.125,0.003,7.97
23/06/2026 20:55,16.125,0.003,7.97
23/06/2026 20:25,16,0.003,7.97
23/06/2026 19:55,15.875,0.003,7.97
23/06/2026 19:25,15.875,0.003,7.97
23/06/2026 18:55,15.75,0.003,7.97
23/06/2026 18:25,15.875,0.003,7.97
23/06/2026 17:55,16,0.003,7.96
23/06/2026 17:55,16,0.003,7.96
23/06/2026 17:25,16,0.003,7.96
23/06/2026 16:55,15.75,0.003,7.96
23/06/2026 16:25,16,0.003,7.96
23/06/2026 15:55,15.875,0.003,7.96
23/06/2026 15:25,15.875,0.003,7.96
23/06/2026 14:55,16.625,0.003,7.96
23/06/2026 14:55,16.625,0.003,7.96
23/06/2026 14:25,16.625,0.003,7.95
23/06/2026 13:55,16,0.003,7.95
23/06/2026 13:25,15.625,0.003,7.95
23/06/2026 12:55,16.625,0.003,7.95
23/06/2026 12:25,16.625,0.003,7.95
23/06/2026 11:55,15.625,0.003,7.95
23/06/2026 11:25,15.625,0.003,7.95
23/06/2026 10:55,15.625,0.003,7.95
23/06/2026 10:25,14.75,0.003,7.95
23/06/2026 09:55,16.5,0.003,7.95
23/06/2026 09:25,16,0.003,7.95
23/06/2026 08:55,16,0.003,7.95
23/06/2026 08:25,16,0.003,7.95
23/06/2026 07:55,15.875,0.003,7.94
23/06/2026 07:55,15.875,0.003,7.94
23/06/2026 07:25,15.875,0.003,7.94
23/06/2026 06:55,15.75,0.003,7.94
23/06/2026 06:25,15.875,0.003,7.94
23/06/2026 05:55,15.75,0.003,7.94
23/06/2026 05:25,15.75,0.003,7.94
23/06/2026 04:55,15.875,0.003,7.93
23/06/2026 04:25,15.625,0.003,7.93
23/06/2026 03:55,16.625,0.003,7.93
23/06/2026 03:25,15.625,0.003,7.93
23/06/2026 02:55,15.625,0.003,7.93
23/06/2026 02:25,15.5,0.003,7.92
23/06/2026 01:55,15.5,0.003,7.92
23/06/2026 01:25,15.375,0.003,7.92
23/06/2026 00:55,15.5,0.003,7.91
23/06/2026 00:25,15.25,0.003,7.91
22/06/2026 23:55,15.25,0.003,7.91
22/06/2026 23:25,15.125,0.003,7.91
22/06/2026 22:55,14.875,0.003,7.9
22/06/2026 22:25,14.875,0.003,7.9
22/06/2026 21:55,15.625,0.003,7.9
22/06/2026 21:25,14.375,0.003,7.9
22/06/2026 20:55,14.625,0.003,7.9
22/06/2026 20:25,14.25,0.003,7.9
22/06/2026 19:55,14,0.003,7.89
22/06/2026 19:25,14.25,0.003,7.9
22/06/2026 18:55,14.75,0.003,7.9
22/06/2026 18:25,15.625,0.003,7.91
22/06/2026 17:55,16,0.003,7.91
22/06/2026 17:25,16.25,0.003,7.91
22/06/2026 16:55,16.125,0.003,7.91
22/06/2026 16:25,16.375,0.003,7.92
22/06/2026 15:55,16.375,0.003,7.93
22/06/2026 15:25,16.375,0.003,7.94
22/06/2026 14:55,16.125,0.003,7.95
22/06/2026 14:25,16.125,0.003,7.96
22/06/2026 13:55,16.125,0.003,7.97
22/06/2026 13:25,15.75,0.003,7.98
22/06/2026 12:55,15.75,0.003,7.99
22/06/2026 12:25,15.875,0.003,7.99
22/06/2026 12:25,15.875,0.003,7.99
22/06/2026 11:55,15.5,0.003,8
22/06/2026 11:25,15.625,0.003,8
22/06/2026 10:55,15.625,0.003,8
22/06/2026 10:25,14.75,0.003,8
22/06/2026 09:55,16.125,0.003,8
22/06/2026 09:25,16,0.003,8
22/06/2026 08:55,16,0.003,8
22/06/2026 08:25,16.125,0.003,8
22/06/2026 07:55,15.875,0.003,8
22/06/2026 07:25,16,0.003,8
22/06/2026 06:55,15.875,0.003,8
22/06/2026 06:25,16,0.003,8
22/06/2026 05:55,16,0.003,8
22/06/2026 05:25,15.75,0.003,8
22/06/2026 04:55,14.75,0.003,8
22/06/2026 04:25,14.875,0.003,8
22/06/2026 03:55,15.75,0.003,8
22/06/2026 03:25,15.625,0.003,8
22/06/2026 02:55,15.625,0.003,8
22/06/2026 02:55,15.625,0.003,8
22/06/2026 02:25,16.5,0.003,8
22/06/2026 01:55,15.5,0.003,8
22/06/2026 01:25,15.5,0.003,8
22/06/2026 00:55,15.375,0.003,8
22/06/2026 00:25,15.25,0.003,8
21/06/2026 23:55,15.125,0.003,8
21/06/2026 23:25,15.25,0.003,8
21/06/2026 22:55,15,0.003,7.98
21/06/2026 22:25,15,0.003,7.98
21/06/2026 21:55,14.625,0.003,7.98
21/06/2026 21:25,14.625,0.003,7.97
21/06/2026 20:55,14.25,0.003,7.97
21/06/2026 20:25,14.125,0.003,7.98
21/06/2026 19:55,14.375,0.003,7.97
21/06/2026 19:25,15.125,0.003,7.98
21/06/2026 18:55,15.5,0.003,7.98
21/06/2026 18:25,16,0.003,7.98
21/06/2026 17:55,16.25,0.003,7.99
21/06/2026 17:25,16.25,0.003,7.99
21/06/2026 16:55,16.25,0.003,7.99
21/06/2026 16:25,16.375,0.003,7.99
21/06/2026 15:55,16.375,0.003,7.99
21/06/2026 15:25,16.25,0.003,7.98
21/06/2026 14:55,16.375,0.003,7.99
21/06/2026 14:25,16.125,0.003,7.98
21/06/2026 13:55,16,0.003,7.98
21/06/2026 13:25,16.125,0.003,7.98
21/06/2026 12:55,16,0.003,7.98
21/06/2026 12:25,16.5,0.003,7.98
21/06/2026 11:55,15.625,0.003,7.98
21/06/2026 11:25,16,0.003,7.98
21/06/2026 10:55,16,0.003,7.98
21/06/2026 10:55,16,0.003,7.98
21/06/2026 10:25,16.25,0.003,7.98
21/06/2026 09:55,16.25,0.003,7.98
21/06/2026 09:25,16,0.003,7.98
21/06/2026 08:55,16,0.003,7.98
21/06/2026 08:25,16.125,0.003,7.98
21/06/2026 08:25,16.125,0.003,7.98
21/06/2026 07:55,15.75,0.003,7.98
21/06/2026 07:25,16.125,0.003,7.98
21/06/2026 06:55,15.875,0.003,7.98
21/06/2026 06:25,15.75,0.003,7.98
21/06/2026 05:55,15.75,0.003,7.98
21/06/2026 05:25,16.625,0.003,7.98
21/06/2026 04:55,15.625,0.003,7.98
21/06/2026 04:25,15.75,0.003,7.98
21/06/2026 03:55,15.625,0.003,7.98
21/06/2026 03:25,15.625,0.003,7.98
21/06/2026 02:55,16.5,0.003,7.98
21/06/2026 02:52,15.5,0.003,7.98
21/06/2026 01:55,15.5,0.003,7.98
21/06/2026 01:25,15.5,0.003,7.98
21/06/2026 00:55,15.375,0.003,7.98
21/06/2026 00:25,15.125,0.003,7.98
20/06/2026 23:55,15,0.003,7.98
20/06/2026 23:25,14.875,0.003,7.98
20/06/2026 22:55,15,0.003,7.98
20/06/2026 22:25,14.75,0.003,7.98
20/06/2026 21:55,14.75,0.003,7.98
20/06/2026 21:25,14.5,0.003,7.97
20/06/2026 20:55,14.25,0.003,7.97
20/06/2026 20:25,14.125,0.003,7.97
20/06/2026 19:55,15.625,0.003,7.97
20/06/2026 19:25,15.375,0.003,7.97
20/06/2026 18:55,15.875,0.003,7.97
20/06/2026 18:25,15.75,0.003,7.97
20/06/2026 17:55,16,0.003,7.97
20/06/2026 17:25,16,0.003,7.97
20/06/2026 16:55,16.25,0.003,7.97
20/06/2026 16:25,16.25,0.003,7.97
20/06/2026 15:55,16,0.003,7.97
20/06/2026 15:25,16.125,0.003,7.97
20/06/2026 14:55,16,0.003,7.97
20/06/2026 14:25,15.875,0.003,7.96
20/06/2026 13:55,15.625,0.003,7.96
20/06/2026 13:25,15.375,0.003,7.96
20/06/2026 12:55,15.375,0.003,7.96
20/06/2026 12:25,15.375,0.003,7.96
20/06/2026 11:55,15.5,0.003,7.96
20/06/2026 11:25,15.875,0.003,7.96
20/06/2026 10:55,16.25,0.003,7.96
20/06/2026 10:25,16.125,0.003,7.96
20/06/2026 09:55,16,0.003,7.96
20/06/2026 09:25,16,0.003,7.96
20/06/2026 09:25,16,0.003,7.96
20/06/2026 08:55,15.75,0.003,7.96
20/06/2026 08:25,15.75,0.003,7.96
20/06/2026 07:55,16.625,0.003,7.96
20/06/2026 07:25,15.75,0.003,7.96
20/06/2026 06:55,14.875,0.003,7.96
20/06/2026 06:25,15.75,0.003,7.96
20/06/2026 05:55,16.625,0.003,7.96
20/06/2026 05:25,15.625,0.003,7.96
20/06/2026 04:55,15.5,0.003,7.96
20/06/2026 04:25,15.625,0.003,7.96
20/06/2026 03:55,15.375,0.003,7.96
20/06/2026 03:25,15.5,0.003,7.96
20/06/2026 02:55,15.625,0.003,7.96
20/06/2026 02:25,15.375,0.003,7.96
20/06/2026 01:55,15.375,0.003,7.96
20/06/2026 01:25,15.375,0.003,7.96
20/06/2026 00:55,15.375,0.003,7.95
20/06/2026 00:55,15.375,0.003,7.95
20/06/2026 00:25,15.125,0.003,7.95
19/06/2026 23:55,15.125,0.003,7.95
19/06/2026 23:25,15.25,0.003,7.95
19/06/2026 22:55,14.875,0.003,7.95
19/06/2026 22:25,14.75,0.003,7.95
19/06/2026 21:55,14.875,0.003,7.94
19/06/2026 21:55,14.875,0.003,7.94
19/06/2026 21:25,14.625,0.003,7.94
19/06/2026 20:55,14.375,0.003,7.95
19/06/2026 20:25,14.25,0.003,7.95
19/06/2026 19:55,14.125,0.003,7.95
19/06/2026 19:25,14,0.003,7.95
19/06/2026 18:55,14.5,0.003,7.96
19/06/2026 18:25,15,0.003,7.95
19/06/2026 17:55,15.375,0.003,7.95
19/06/2026 17:25,15.375,0.003,7.95
19/06/2026 16:55,15.5,0.003,7.95
19/06/2026 16:25,15.625,0.003,7.95
19/06/2026 15:55,15.75,0.003,7.95
19/06/2026 15:25,15.875,0.003,7.95
19/06/2026 14:55,15.5,0.003,7.95
19/06/2026 14:25,15.375,0.003,7.95
19/06/2026 13:55,15.25,0.003,7.95
19/06/2026 13:25,15,0.003,7.95
19/06/2026 12:55,15.125,0.003,7.95
19/06/2026 12:25,15.375,0.003,7.95
19/06/2026 11:55,15.625,0.003,7.95
19/06/2026 11:55,15.625,0.003,7.95
19/06/2026 11:25,16,0.003,7.95
19/06/2026 10:55,16,0.003,7.95
19/06/2026 10:25,16,0.003,7.95
19/06/2026 09:55,15.875,0.003,7.95
19/06/2026 09:25,15.875,0.003,7.95
19/06/2026 08:55,15.875,0.003,7.95
19/06/2026 08:25,15.75,0.003,7.95
19/06/2026 07:55,16.625,0.003,7.94
19/06/2026 07:25,15.875,0.003,7.94
19/06/2026 06:55,15.625,0.003,7.94
19/06/2026 06:55,15.625,0.003,7.94
19/06/2026 06:25,15.75,0.003,7.94
19/06/2026 06:25,15.75,0.003,7.94
19/06/2026 05:55,15.625,0.003,7.94
19/06/2026 05:25,15.625,0.003,7.94
19/06/2026 04:55,16.625,0.003,7.94
19/06/2026 04:55,16.625,0.003,7.94
19/06/2026 04:25,15.5,0.003,7.93
19/06/2026 03:55,14.75,0.003,7.93
19/06/2026 03:25,15.375,0.003,7.93
19/06/2026 02:55,15.25,0.003,7.93
19/06/2026 02:25,15.375,0.003,7.93
19/06/2026 01:55,15.25,0.003,7.93
19/06/2026 01:25,15.5,0.003,7.93
19/06/2026 01:25,15.5,0.003,7.93
19/06/2026 00:55,15,0.003,7.93
19/06/2026 00:25,15.25,0.003,7.93
18/06/2026 23:55,15.125,0.003,7.92
18/06/2026 23:25,14.75,0.003,7.92
18/06/2026 22:55,14.75,0.003,7.92
18/06/2026 22:25,15,0.003,7.92
18/06/2026 21:55,13.75,0.003,7.91
18/06/2026 21:25,15.5,0.003,7.91
18/06/2026 20:55,14.5,0.003,7.91
18/06/2026 20:25,14.25,0.003,7.91
18/06/2026 20:25,14.25,0.003,7.91
18/06/2026 19:55,14.125,0.003,7.91
18/06/2026 19:25,15,0.003,7.92
18/06/2026 18:55,15.5,0.003,7.92
18/06/2026 18:25,15.75,0.003,7.92
18/06/2026 17:55,15.875,0.003,7.92
18/06/2026 17:25,16.125,0.003,7.91
18/06/2026 16:55,16.125,0.003,7.91
18/06/2026 16:25,16,0.003,7.91
18/06/2026 15:55,16,0.003,7.91
18/06/2026 15:25,16,0.003,7.91
18/06/2026 15:25,16,0.003,7.91
18/06/2026 14:55,16,0.003,7.91
18/06/2026 14:25,15.875,0.003,7.91
18/06/2026 13:55,16.625,0.003,7.92
18/06/2026 13:55,16.625,0.003,7.92
18/06/2026 13:25,15.625,0.003,7.92
18/06/2026 12:55,14.75,0.003,7.93
18/06/2026 12:25,15.875,0.003,7.94
18/06/2026 11:55,15.875,0.003,7.95
18/06/2026 11:25,16.125,0.003,7.96
18/06/2026 10:55,16,0.003,7.97
18/06/2026 10:25,15.875,0.003,7.98
18/06/2026 09:55,14.75,0.003,7.98
18/06/2026 09:25,14.875,0.003,7.97
18/06/2026 08:55,15.625,0.003,7.97
18/06/2026 08:25,15.375,0.003,7.97
18/06/2026 07:55,15.5,0.003,7.97
18/06/2026 07:25,15.5,0.003,7.97
18/06/2026 06:55,15.5,0.003,7.97
18/06/2026 06:25,15.625,0.003,7.97
18/06/2026 05:55,15.625,0.003,7.97
18/06/2026 05:25,15.5,0.003,7.97
18/06/2026 04:55,15.375,0.003,7.97
18/06/2026 04:25,15.375,0.003,7.97
18/06/2026 03:55,15.5,0.003,7.97
18/06/2026 03:25,15.375,0.003,7.97
18/06/2026 02:55,15.125,0.003,7.97
18/06/2026 02:25,15.375,0.003,7.97
18/06/2026 01:55,15.25,0.003,7.97
18/06/2026 01:25,15.125,0.003,7.97
18/06/2026 00:55,15,0.003,7.97
18/06/2026 00:25,15.25,0.003,7.97
17/06/2026 23:55,14.875,0.003,7.97
17/06/2026 23:25,14.875,0.003,7.97
17/06/2026 22:55,15.625,0.003,7.97
17/06/2026 22:25,13.75,0.003,7.97
17/06/2026 21:55,14.375,0.003,7.97
17/06/2026 21:25,14.375,0.003,7.97
17/06/2026 20:55,14.125,0.003,7.97
17/06/2026 20:25,14.125,0.003,7.97
17/06/2026 19:55,15,0.003,7.98
17/06/2026 19:55,15,0.003,7.98
17/06/2026 19:25,15.625,0.003,7.98
17/06/2026 18:55,15.875,0.003,7.99
17/06/2026 18:25,15.75,0.003,7.98
17/06/2026 17:55,15.875,0.003,7.98
17/06/2026 17:25,16.125,0.003,7.98
17/06/2026 16:55,16.125,0.003,7.98
17/06/2026 16:55,16.125,0.003,7.98
17/06/2026 16:25,15.875,0.003,7.98
17/06/2026 15:55,16,0.003,7.98
17/06/2026 15:25,15.625,0.003,7.98
17/06/2026 15:25,15.625,0.003,7.98
17/06/2026 14:55,15.625,0.003,7.98
17/06/2026 14:25,15.5,0.003,7.98
17/06/2026 13:55,15.375,0.003,7.98
17/06/2026 13:25,15.25,0.003,7.98
17/06/2026 12:55,15.25,0.003,7.98
17/06/2026 12:25,15.375,0.003,7.98
17/06/2026 11:55,15.75,0.003,7.99
17/06/2026 11:25,16,0.003,7.99
17/06/2026 10:55,16,0.003,7.99
17/06/2026 10:25,16,0.003,7.99
17/06/2026 09:55,15.875,0.003,7.98
17/06/2026 09:25,15.875,0.003,7.99
17/06/2026 08:55,15.875,0.003,7.98
17/06/2026 08:25,15.75,0.003,7.99
17/06/2026 08:25,15.75,0.003,7.99
17/06/2026 07:55,15.75,0.003,7.99
17/06/2026 07:55,15.75,0.003,7.99
17/06/2026 07:25,15.75,0.003,7.98
17/06/2026 06:55,16.625,0.003,7.98
17/06/2026 06:25,15.75,0.003,7.98
17/06/2026 05:55,15.75,0.003,7.98
17/06/2026 05:25,16.625,0.003,7.99
17/06/2026 04:55,14.75,0.003,7.98
17/06/2026 04:25,15.625,0.003,7.99
17/06/2026 03:55,15.5,0.003,7.98
17/06/2026 03:25,15.625,0.003,7.98
17/06/2026 02:55,14.75,0.003,7.99
17/06/2026 02:25,15.625,0.003,7.98
17/06/2026 01:55,15.5,0.003,7.98
17/06/2026 01:25,15.625,0.003,7.98
17/06/2026 00:55,15.375,0.003,7.98
17/06/2026 00:25,15.25,0.003,7.98
16/06/2026 23:55,15.375,0.003,7.98
16/06/2026 23:25,15.25,0.003,7.98
16/06/2026 22:55,15,0.003,7.98
16/06/2026 22:25,15.125,0.003,7.98
16/06/2026 21:55,15,0.003,7.98
16/06/2026 21:25,15,0.003,7.98
16/06/2026 20:55,14.875,0.003,7.98
16/06/2026 20:55,14.875,0.003,7.98
16/06/2026 20:25,14.875,0.003,7.98
16/06/2026 20:25,14.875,0.003,7.98
16/06/2026 19:55,14.625,0.003,7.98
16/06/2026 19:25,14.5,0.003,7.98
16/06/2026 18:55,14.25,0.003,7.98
16/06/2026 18:25,14.125,0.003,7.98
16/06/2026 17:55,14.5,0.003,7.98
16/06/2026 17:25,13.75,0.003,7.98
16/06/2026 16:55,15.125,0.003,7.99
16/06/2026 16:25,15.5,0.003,7.99
16/06/2026 15:55,15.25,0.003,7.99
16/06/2026 15:25,15.25,0.003,7.99
16/06/2026 14:55,15.25,0.003,7.99
16/06/2026 14:25,15.125,0.003,7.98
16/06/2026 13:55,15,0.003,7.98
16/06/2026 13:25,15.125,0.003,7.99
16/06/2026 12:55,15.25,0.003,7.99
16/06/2026 12:25,16.625,0.003,7.99
16/06/2026 11:55,16.125,0.003,7.99
16/06/2026 11:25,15.75,0.003,7.99
16/06/2026 10:55,16.125,0.003,7.99
16/06/2026 10:25,15.875,0.003,7.99
16/06/2026 09:55,15.75,0.003,7.98
16/06/2026 09:25,16.5,0.003,7.98
16/06/2026 08:55,15.75,0.003,7.98
16/06/2026 08:25,15.75,0.003,7.98
16/06/2026 07:55,15.625,0.003,7.98
16/06/2026 07:25,16.625,0.003,7.98
16/06/2026 06:55,16.5,0.003,7.98
16/06/2026 06:25,15.75,0.003,7.97
16/06/2026 05:55,16.5,0.003,7.97
16/06/2026 05:25,16.625,0.003,7.97
16/06/2026 04:55,15.625,0.003,7.97
16/06/2026 04:25,15.625,0.003,7.97
16/06/2026 03:55,16.625,0.003,7.97
16/06/2026 03:25,15.625,0.003,7.97
16/06/2026 02:55,15.5,0.003,7.97
16/06/2026 02:25,15.5,0.003,7.97
16/06/2026 01:55,16.375,0.003,7.97
16/06/2026 01:25,15.625,0.003,7.97
16/06/2026 00:55,15.5,0.003,7.97
16/06/2026 00:55,15.5,0.003,7.97
16/06/2026 00:25,15.375,0.003,7.97
15/06/2026 23:55,15.375,0.003,7.97
15/06/2026 23:51,15.25,0.003,7.97
15/06/2026 22:55,15.125,0.003,7.97
15/06/2026 22:25,15.25,0.003,7.97
15/06/2026 21:55,15.25,0.003,7.97
15/06/2026 21:25,15.125,0.003,7.97
15/06/2026 20:55,14.875,0.003,7.97
15/06/2026 20:25,14.875,0.003,7.97
15/06/2026 19:55,14.75,0.003,7.97
15/06/2026 19:25,14.5,0.003,7.97
15/06/2026 18:55,14.375,0.003,7.97
15/06/2026 18:25,14.625,0.003,7.97
15/06/2026 17:55,14.125,0.003,7.97
15/06/2026 17:25,14.875,0.003,7.97
15/06/2026 16:55,15.25,0.003,7.97
15/06/2026 16:25,15.75,0.003,7.97
15/06/2026 15:55,16.125,0.003,7.97
15/06/2026 15:25,16,0.003,7.97
15/06/2026 14:55,15.875,0.003,7.97
15/06/2026 14:25,15.875,0.003,7.97
15/06/2026 13:55,15.625,0.003,7.97
15/06/2026 13:25,14.75,0.003,7.97
15/06/2026 12:55,14.75,0.003,7.97
15/06/2026 12:25,15.625,0.003,7.97
15/06/2026 12:25,15.625,0.003,7.97
15/06/2026 11:55,15.875,0.003,7.97
15/06/2026 11:25,16.125,0.003,7.97
15/06/2026 10:55,16,0.003,7.97
15/06/2026 10:25,16,0.003,7.97
15/06/2026 09:55,16,0.003,7.97
15/06/2026 09:25,15.75,0.003,7.97
15/06/2026 08:55,16,0.003,7.97
15/06/2026 08:25,15.75,0.003,7.97
15/06/2026 07:55,14.875,0.003,7.97
15/06/2026 07:25,15.875,0.003,7.97
15/06/2026 06:55,15.75,0.003,7.97
15/06/2026 06:25,14.75,0.003,7.96
15/06/2026 05:55,15.875,0.003,7.96
15/06/2026 05:25,15.75,0.003,7.97
15/06/2026 04:55,16.625,0.003,7.96
15/06/2026 04:25,16.5,0.003,7.96
15/06/2026 03:55,15.625,0.003,7.96
15/06/2026 03:25,15.5,0.003,7.96
15/06/2026 02:55,15.625,0.003,7.96
15/06/2026 02:25,15.625,0.003,7.96
15/06/2026 01:55,16.625,0.003,7.96
15/06/2026 01:25,15.5,0.003,7.96
15/06/2026 00:55,16.625,0.003,7.96
15/06/2026 00:55,16.625,0.003,7.96
15/06/2026 00:25,15.375,0.003,7.96
14/06/2026 23:55,15.5,0.003,7.96
14/06/2026 23:25,15.375,0.003,7.96
14/06/2026 22:55,15.375,0.003,7.96
14/06/2026 22:25,15.5,0.003,7.96
14/06/2026 21:55,15.25,0.003,7.96
14/06/2026 21:25,15.125,0.003,7.96
14/06/2026 20:55,15,0.003,7.96
14/06/2026 20:25,15.125,0.003,7.96
14/06/2026 19:55,14.875,0.003,7.96
14/06/2026 19:25,15.625,0.003,7.95
14/06/2026 18:55,14.625,0.003,7.95
14/06/2026 18:25,14.25,0.003,7.95
14/06/2026 17:55,14.125,0.003,7.95
14/06/2026 17:25,14,0.003,7.95
14/06/2026 16:55,13.75,0.003,7.95
14/06/2026 16:25,13.625,0.003,7.95
14/06/2026 15:55,13.875,0.003,7.95
14/06/2026 15:25,14.125,0.003,7.95
14/06/2026 14:55,14.25,0.003,7.95
14/06/2026 14:25,14.625,0.003,7.95
14/06/2026 13:55,14.75,0.003,7.96
14/06/2026 13:25,14.875,0.003,7.96
14/06/2026 12:55,15.375,0.003,7.96
14/06/2026 12:25,16.125,0.003,7.96
14/06/2026 11:55,16.125,0.003,7.96
14/06/2026 11:25,16,0.003,7.96
14/06/2026 10:55,16.125,0.003,7.96
14/06/2026 10:25,15.875,0.003,7.96
14/06/2026 09:55,16,0.003,7.96
14/06/2026 09:25,15.75,0.003,7.96
14/06/2026 08:55,15.75,0.003,7.96
14/06/2026 08:25,14.875,0.003,7.96
14/06/2026 07:55,14.75,0.003,7.96
14/06/2026 07:25,15.625,0.003,7.96
14/06/2026 06:55,14.75,0.003,7.96
14/06/2026 06:25,16.625,0.003,7.96
14/06/2026 05:55,15.5,0.003,7.96
14/06/2026 05:25,15.625,0.003,7.96
14/06/2026 04:55,15.75,0.003,7.96
14/06/2026 04:25,16.625,0.003,7.96
14/06/2026 03:55,15.5,0.003,7.96
14/06/2026 03:25,15.625,0.003,7.96
14/06/2026 02:55,15.625,0.003,7.96
14/06/2026 02:25,15.625,0.003,7.96
14/06/2026 01:55,15.375,0.003,7.96
14/06/2026 01:25,15.375,0.003,7.96
14/06/2026 00:55,15.5,0.003,7.95
14/06/2026 00:25,15.25,0.003,7.96
13/06/2026 23:55,15.375,0.003,7.96
13/06/2026 23:25,15.25,0.003,7.95
13/06/2026 22:55,15,0.003,7.95
13/06/2026 22:25,15,0.003,7.95
13/06/2026 21:55,15.125,0.003,7.95
13/06/2026 21:25,15,0.003,7.95
13/06/2026 20:55,14.75,0.003,7.95
13/06/2026 20:25,14.875,0.003,7.95
13/06/2026 19:55,14.625,0.003,7.95
13/06/2026 19:25,14.375,0.003,7.95
13/06/2026 18:55,14.375,0.003,7.95
13/06/2026 18:25,14.125,0.003,7.95
13/06/2026 17:55,13.875,0.003,7.95
13/06/2026 17:25,12.75,0.003,7.94
13/06/2026 16:55,14,0.003,7.94
13/06/2026 16:25,14.25,0.003,7.95
13/06/2026 15:55,15.625,0.003,7.95
13/06/2026 15:25,14.75,0.003,7.95
13/06/2026 14:55,14.875,0.003,7.95
13/06/2026 14:25,14.625,0.003,7.95
13/06/2026 13:55,14.625,0.003,7.95
13/06/2026 13:25,14.75,0.003,7.95
13/06/2026 12:55,14.75,0.003,7.95
13/06/2026 12:25,14.75,0.003,7.94
13/06/2026 11:55,15.375,0.003,7.95
13/06/2026 11:25,15.75,0.003,7.95
13/06/2026 10:55,16.125,0.003,7.95
13/06/2026 10:25,16.125,0.003,7.95
13/06/2026 10:25,16.125,0.003,7.95
13/06/2026 09:55,16,0.003,7.94
13/06/2026 09:25,15.875,0.003,7.94
13/06/2026 08:55,16,0.003,7.94
13/06/2026 08:25,15.75,0.003,7.94
13/06/2026 07:55,16,0.003,7.94
13/06/2026 07:25,15.875,0.003,7.94
13/06/2026 06:55,15.75,0.003,7.94
13/06/2026 06:25,15.75,0.003,7.94
13/06/2026 05:55,15.875,0.003,7.94
13/06/2026 05:25,15.875,0.003,7.94
13/06/2026 04:55,15.875,0.003,7.93
13/06/2026 04:25,15.75,0.003,7.93
13/06/2026 03:55,15.625,0.003,7.93
13/06/2026 03:25,15.875,0.003,7.93
13/06/2026 02:55,16.625,0.003,7.93
13/06/2026 02:25,16.625,0.003,7.93
13/06/2026 01:55,15.75,0.003,7.93
13/06/2026 01:25,15.625,0.003,7.92
13/06/2026 00:55,15.625,0.003,7.92
13/06/2026 00:25,15.625,0.003,7.92
12/06/2026 23:55,15.625,0.003,7.92
12/06/2026 23:25,15.625,0.003,7.92
12/06/2026 22:55,15.5,0.003,7.92
12/06/2026 22:25,15.5,0.003,7.92
12/06/2026 21:55,15.375,0.003,7.92
12/06/2026 21:25,15.375,0.003,7.92
12/06/2026 20:55,15.375,0.003,7.91
12/06/2026 20:25,15.25,0.003,7.91
12/06/2026 19:55,15,0.003,7.91
12/06/2026 19:55,15,0.003,7.91
12/06/2026 19:25,14.875,0.003,7.9
12/06/2026 18:55,14.75,0.003,7.9
12/06/2026 18:25,14.875,0.003,7.9
12/06/2026 17:55,14.5,0.003,7.89
12/06/2026 17:25,14.375,0.003,7.89
12/06/2026 16:55,14.125,0.003,7.89
12/06/2026 16:25,13.875,0.003,7.88
12/06/2026 15:55,13.75,0.003,7.88
12/06/2026 15:25,14.125,0.003,7.88
12/06/2026 14:55,14.5,0.003,7.88
12/06/2026 14:25,14.5,0.003,7.88
12/06/2026 13:55,14.875,0.003,7.88
12/06/2026 13:25,15,0.003,7.88
12/06/2026 12:55,15.25,0.003,7.89
12/06/2026 12:25,15.625,0.003,7.89
12/06/2026 11:55,16,0.003,7.9
12/06/2026 11:25,16,0.003,7.91
12/06/2026 10:55,16,0.003,7.91
12/06/2026 10:25,16.125,0.003,7.91
12/06/2026 09:55,15.875,0.003,7.9
12/06/2026 09:25,16,0.003,7.9
12/06/2026 08:55,16,0.003,7.9
12/06/2026 08:25,15.875,0.003,7.9
12/06/2026 07:55,15.875,0.003,7.9
12/06/2026 07:25,15.75,0.003,7.9
12/06/2026 06:55,14.75,0.003,7.91
12/06/2026 06:25,15.625,0.003,7.91
12/06/2026 05:55,15.75,0.003,7.91
12/06/2026 05:25,15.5,0.003,7.9
12/06/2026 04:55,15.5,0.003,7.9
12/06/2026 04:25,15.75,0.003,7.9
12/06/2026 03:55,15.375,0.003,7.9
12/06/2026 03:25,15.375,0.003,7.9
12/06/2026 02:55,15.375,0.003,7.91
12/06/2026 02:25,15.375,0.003,7.91
12/06/2026 01:55,15.125,0.003,7.91
12/06/2026 01:25,15.25,0.003,7.91
12/06/2026 00:55,15.125,0.003,7.91
12/06/2026 00:25,15,0.003,7.9
11/06/2026 23:55,14.75,0.003,7.91
11/06/2026 23:25,15,0.003,7.91
11/06/2026 22:55,14.75,0.003,7.91
11/06/2026 22:25,13.75,0.003,7.91
11/06/2026 22:25,13.75,0.003,7.91
11/06/2026 21:55,15.625,0.003,7.91
11/06/2026 21:25,14.25,0.003,7.92
11/06/2026 20:55,14.375,0.003,7.91
11/06/2026 20:25,15,0.003,7.92
11/06/2026 19:55,15.625,0.003,7.92
11/06/2026 19:25,16,0.003,7.91
11/06/2026 19:13,15.625,0.003,7.91
11/06/2026 19:13,15.625,0.003,7.91
11/06/2026 19:13,15.375,0.003,8.57
11/06/2026 17:25,15.375,0.003,7.91
11/06/2026 16:55,15.25,0.003,7.9
11/06/2026 16:25,15,0.003,7.87
11/06/2026 15:55,14.75,0.003,7.83
11/06/2026 15:25,14.875,0.003,7.77
11/06/2026 14:55,14.875,0.003,7.7
11/06/2026 14:25,15.125,0.003,7.59
11/06/2026 14:10,15.25,0.003,7.51
11/06/2026 13:55,15.5,0.003,7.41
11/06/2026 13:25,15.875,0.003,7.14
11/06/2026 12:55,16,0.003,6.87
11/06/2026 12:55,16,0.003,6.87
11/06/2026 12:25,16,0.003,6.68
11/06/2026 11:55,16.125,0.003,6.56
11/06/2026 11:25,16.25,0.003,6.51
11/06/2026 10:56,16.125,0.003,6.52
11/06/2026 10:56,16.125,0.003,6.52
11/06/2026 10:56,16,0.003,6.62
07/06/2026 12:55,14.875,0.004,7.93
07/06/2026 12:25,15.875,0.004,7.93
07/06/2026 11:55,15.75,0.004,7.93
07/06/2026 11:25,14.75,0.004,7.93
07/06/2026 10:55,14.875,0.004,7.93
07/06/2026 10:25,15.75,0.004,7.93
07/06/2026 09:55,16.5,0.003,7.93
07/06/2026 09:25,15.5,0.004,7.93
07/06/2026 08:55,15.5,0.004,7.93
07/06/2026 08:25,15.5,0.004,7.93
07/06/2026 07:55,15.5,0.003,7.93
07/06/2026 07:25,15.5,0.003,7.93
07/06/2026 06:55,15.625,0.003,7.93
07/06/2026 06:25,15.625,0.003,7.93
07/06/2026 05:55,15.5,0.003,7.93
07/06/2026 05:25,15.375,0.003,7.93
07/06/2026 04:55,15.375,0.003,7.93
07/06/2026 04:25,15.375,0.003,7.93
07/06/2026 03:55,15.25,0.003,7.93
07/06/2026 03:25,15.5,0.003,7.93
07/06/2026 02:55,15.375,0.003,7.93
07/06/2026 02:25,15.125,0.003,7.93
07/06/2026 01:55,15.125,0.003,7.93
07/06/2026 01:25,15.375,0.003,7.93
07/06/2026 00:55,15,0.003,7.93
07/06/2026 00:25,14.875,0.003,7.92
06/06/2026 23:55,14.875,0.003,7.93
06/06/2026 23:25,14.875,0.003,7.93
06/06/2026 22:55,15,0.003,7.93
06/06/2026 22:25,14.75,0.003,7.92
06/06/2026 21:55,14.5,0.003,7.92
06/06/2026 21:25,14.875,0.003,7.93
06/06/2026 20:55,14.375,0.003,7.92
06/06/2026 20:55,14.375,0.003,7.92
06/06/2026 20:25,14.375,0.003,7.92
06/06/2026 19:55,14.375,0.003,7.92
06/06/2026 19:25,14.125,0.003,7.92
06/06/2026 18:55,14,0.003,7.92
06/06/2026 18:25,13.875,0.003,7.92
06/06/2026 17:55,14.375,0.003,7.92
06/06/2026 17:25,14.5,0.003,7.92
06/06/2026 16:55,13.875,0.003,7.93
06/06/2026 16:25,14.875,0.003,7.93
06/06/2026 15:55,15,0.003,7.93
06/06/2026 15:25,14.875,0.003,7.93
06/06/2026 14:55,14.875,0.003,7.93
06/06/2026 14:25,14.75,0.003,7.93
06/06/2026 13:55,15.125,0.003,7.93
06/06/2026 13:25,15.25,0.003,7.93
06/06/2026 12:55,14.875,0.003,7.93
06/06/2026 12:25,15.875,0.003,7.93
06/06/2026 11:55,16.625,0.003,7.93
06/06/2026 11:25,15.875,0.003,7.93
06/06/2026 10:55,15.625,0.003,7.93
06/06/2026 10:25,16.5,0.003,7.93
06/06/2026 09:55,15.75,0.003,7.93
06/06/2026 09:25,16.5,0.003,7.93
06/06/2026 08:55,15.5,0.003,7.93
06/06/2026 08:25,15.625,0.003,7.93
06/06/2026 07:55,15.5,0.003,7.93
06/06/2026 07:25,15.625,0.003,7.93
06/06/2026 06:55,15.625,0.003,7.93
06/06/2026 06:25,15.5,0.003,7.93
06/06/2026 05:55,15.625,0.003,7.93
06/06/2026 05:25,16.5,0.003,7.94
06/06/2026 04:55,15.625,0.003,7.93
06/06/2026 04:25,16.625,0.003,7.94
06/06/2026 03:55,15.5,0.003,7.94
06/06/2026 03:25,16.625,0.003,7.94
06/06/2026 02:55,15.875,0.003,7.94
06/06/2026 02:25,15.5,0.003,7.94
06/06/2026 01:55,15.625,0.003,7.94
06/06/2026 01:25,15.5,0.003,7.94
06/06/2026 01:25,15.5,0.003,7.94
06/06/2026 00:55,15.5,0.003,7.94
06/06/2026 00:25,15.75,0.003,7.94
05/06/2026 23:55,14.875,0.003,7.94
05/06/2026 23:25,15.875,0.003,7.94
05/06/2026 22:55,15.875,0.003,7.94
05/06/2026 22:25,14.875,0.003,7.94
05/06/2026 21:55,15.75,0.003,7.94
05/06/2026 21:25,16,0.003,7.94
05/06/2026 20:55,15.875,0.003,7.95
05/06/2026 20:25,15.75,0.003,7.95
05/06/2026 19:55,15.875,0.003,7.94
05/06/2026 19:25,15.875,0.003,7.95
05/06/2026 18:55,16.625,0.003,7.94
05/06/2026 18:25,15.5,0.003,7.94
05/06/2026 17:55,15.25,0.003,7.94
05/06/2026 17:25,15,0.003,7.94
05/06/2026 16:55,14.875,0.003,7.94
05/06/2026 16:25,15.625,0.003,7.94
05/06/2026 15:55,14.5,0.003,7.94
05/06/2026 15:25,14.25,0.003,7.94
05/06/2026 14:55,14.125,0.003,7.94
05/06/2026 14:25,14,0.003,7.94
05/06/2026 13:55,14.25,0.003,7.94
05/06/2026 13:25,15.625,0.003,7.95
05/06/2026 12:55,15.125,0.003,7.95
05/06/2026 12:25,15.875,0.003,7.96
05/06/2026 11:55,16.25,0.003,7.96
05/06/2026 11:25,16.625,0.003,7.97
05/06/2026 10:55,17.5,0.003,7.99
05/06/2026 10:25,17,0.003,7.98
05/06/2026 09:55,16,0.003,7.97
05/06/2026 09:25,15.75,0.003,7.97
05/06/2026 08:55,15.625,0.003,7.97
05/06/2026 08:25,16.625,0.003,7.97
05/06/2026 07:55,15.75,0.003,7.97
05/06/2026 07:25,15.875,0.003,7.97
05/06/2026 06:55,16.625,0.003,7.96
05/06/2026 06:25,16.625,0.003,7.97
05/06/2026 05:55,15.875,0.003,7.97
05/06/2026 05:25,15.75,0.003,7.97
05/06/2026 04:55,15.75,0.003,7.97
05/06/2026 04:25,16,0.003,7.96
05/06/2026 04:25,16,0.003,7.96
05/06/2026 03:55,15.75,0.003,7.96
05/06/2026 03:25,16.625,0.003,7.96
05/06/2026 02:55,15.625,0.003,7.97
05/06/2026 02:25,15.75,0.003,7.97
05/06/2026 01:55,15.75,0.003,7.96
05/06/2026 01:25,15.875,0.003,7.97
05/06/2026 00:55,15.75,0.003,7.96
05/06/2026 00:25,15.75,0.003,7.96
04/06/2026 23:55,15.75,0.003,7.96
04/06/2026 23:25,15.625,0.003,7.96
04/06/2026 22:55,16.625,0.003,7.96
04/06/2026 22:25,16.5,0.003,7.96
04/06/2026 21:55,15.625,0.003,7.96
04/06/2026 21:25,15.75,0.003,7.96
04/06/2026 20:55,15.75,0.003,7.96
04/06/2026 20:25,15.75,0.003,7.96
04/06/2026 19:55,15.5,0.003,7.96
04/06/2026 19:25,15.5,0.003,7.96
04/06/2026 18:55,15.375,0.003,7.96
04/06/2026 18:25,15.25,0.003,7.96
04/06/2026 17:55,14,0.003,7.95
04/06/2026 17:25,14.5,0.003,7.95
04/06/2026 16:55,14.25,0.003,7.95
04/06/2026 16:25,14,0.003,7.95
04/06/2026 15:55,13.75,0.003,7.95
04/06/2026 15:25,14.25,0.003,7.95
04/06/2026 14:55,14.75,0.003,7.96
04/06/2026 14:25,15.375,0.003,7.96
04/06/2026 13:55,15.875,0.003,7.96
04/06/2026 13:25,16,0.003,7.97
04/06/2026 12:55,16,0.003,7.96
04/06/2026 12:25,15.875,0.003,7.96
04/06/2026 12:25,15.875,0.003,7.96
04/06/2026 11:55,15.875,0.003,7.96
04/06/2026 11:25,15.75,0.003,7.96
04/06/2026 10:55,14.875,0.003,7.96
04/06/2026 10:25,16.625,0.003,7.96
04/06/2026 09:55,14.75,0.003,7.96
04/06/2026 09:25,15.625,0.003,7.96
04/06/2026 08:55,15.625,0.003,7.96
04/06/2026 08:25,15.5,0.003,7.96
04/06/2026 07:55,15.5,0.003,7.96
04/06/2026 07:25,15.5,0.003,7.96
04/06/2026 06:55,15.5,0.003,7.96
04/06/2026 06:25,15.5,0.003,7.96
04/06/2026 05:55,15.5,0.003,7.96
04/06/2026 05:25,15.25,0.003,7.96
04/06/2026 04:55,15.375,0.003,7.96
04/06/2026 04:25,15.375,0.003,7.96
04/06/2026 03:55,15.125,0.003,7.96
04/06/2026 03:25,15.375,0.003,7.96
04/06/2026 02:55,15.125,0.003,7.96
04/06/2026 02:25,15.25,0.003,7.96
04/06/2026 01:55,14.875,0.003,7.96
04/06/2026 01:25,15,0.003,7.96
04/06/2026 00:55,14.75,0.003,7.96
04/06/2026 00:25,14.875,0.003,7.96
03/06/2026 23:55,14.75,0.003,7.96
03/06/2026 23:55,14.75,0.003,7.96
03/06/2026 23:25,14.625,0.003,7.96
03/06/2026 22:55,14.375,0.003,7.96
03/06/2026 22:55,14.375,0.003,7.96
03/06/2026 22:25,14.625,0.003,7.96
03/06/2026 21:55,14.375,0.003,7.96
03/06/2026 21:25,14.125,0.003,7.96
03/06/2026 20:55,14.125,0.003,7.96
03/06/2026 20:25,14.75,0.003,7.96
03/06/2026 19:55,15.375,0.003,7.97
03/06/2026 19:25,16.125,0.003,7.97
03/06/2026 18:55,16.375,0.003,7.97
03/06/2026 18:25,16.5,0.003,7.98
03/06/2026 18:25,16.5,0.003,7.98
03/06/2026 17:55,16.25,0.003,7.98
03/06/2026 17:25,16.375,0.003,7.97
03/06/2026 16:55,16.125,0.003,7.97
03/06/2026 16:25,16.125,0.003,7.97
03/06/2026 15:55,16.125,0.003,7.97
03/06/2026 15:25,15.875,0.003,7.97
03/06/2026 14:55,14.75,0.003,7.97
03/06/2026 14:25,15.375,0.003,7.96
03/06/2026 13:55,15.5,0.003,7.97
03/06/2026 13:25,14.75,0.003,7.97
03/06/2026 12:55,16.125,0.003,7.97
03/06/2026 12:25,16,0.003,7.97
03/06/2026 11:55,15.75,0.003,7.97
03/06/2026 11:25,16,0.003,7.97
03/06/2026 10:55,15.75,0.003,7.97
03/06/2026 10:25,16.625,0.003,7.97
03/06/2026 09:55,16.625,0.003,7.97
03/06/2026 09:25,14.75,0.003,7.97
03/06/2026 08:55,15.5,0.003,7.97
03/06/2026 08:25,15.625,0.003,7.97
03/06/2026 07:55,15.5,0.003,7.97
03/06/2026 07:25,16.5,0.003,7.97
03/06/2026 06:55,15.375,0.003,7.96
03/06/2026 06:25,15.25,0.003,7.97
03/06/2026 05:55,15.625,0.003,7.97
03/06/2026 05:25,15.375,0.003,7.96
03/06/2026 05:25,15.375,0.003,7.96
03/06/2026 04:55,15.375,0.003,7.96
03/06/2026 04:25,15.25,0.003,7.96
03/06/2026 03:55,15.5,0.003,7.96
03/06/2026 03:25,15,0.003,7.96
03/06/2026 02:55,15.125,0.003,7.96
03/06/2026 02:25,15.25,0.003,7.96
03/06/2026 01:55,15.25,0.003,7.96
03/06/2026 01:25,15,0.003,7.96
03/06/2026 00:55,14.875,0.003,7.96
03/06/2026 00:25,14.75,0.003,7.96
02/06/2026 23:55,14.75,0.003,7.96
02/06/2026 23:25,14.625,0.003,7.96
02/06/2026 22:55,14.625,0.003,7.96
02/06/2026 22:25,14.625,0.003,7.96
02/06/2026 21:55,14.375,0.003,7.96
02/06/2026 21:25,14.25,0.003,7.96
02/06/2026 20:55,14.25,0.003,7.96
02/06/2026 20:25,14,0.003,7.96
02/06/2026 19:55,14.125,0.003,7.97
02/06/2026 19:25,15.625,0.003,7.97
02/06/2026 18:55,15.125,0.003,7.97
02/06/2026 18:25,14.75,0.003,7.98
02/06/2026 17:55,16.125,0.003,7.98
02/06/2026 17:25,16,0.003,7.98
02/06/2026 16:55,15.875,0.003,7.97
02/06/2026 16:25,16,0.003,7.98
02/06/2026 15:55,15.875,0.003,7.97
02/06/2026 15:25,16,0.003,7.98
02/06/2026 14:55,15.875,0.003,7.97
02/06/2026 14:25,15.875,0.003,7.97
02/06/2026 13:55,15.75,0.003,7.97
02/06/2026 13:25,16,0.003,7.98
02/06/2026 13:25,16,0.003,7.98
02/06/2026 12:55,15.875,0.003,7.97
02/06/2026 12:25,16,0.003,7.97
02/06/2026 11:55,15.875,0.003,7.97
02/06/2026 11:25,15.625,0.003,7.97
02/06/2026 10:55,16.625,0.003,7.97
02/06/2026 10:25,14.875,0.003,7.97
02/06/2026 09:55,15.625,0.003,7.97
02/06/2026 09:25,15.625,0.003,7.97
02/06/2026 08:55,15.625,0.003,7.97
02/06/2026 08:25,15.5,0.003,7.97
02/06/2026 07:55,15.375,0.003,7.97
02/06/2026 07:25,15.375,0.003,7.97
02/06/2026 06:55,15.375,0.003,7.97
02/06/2026 06:25,15.125,0.003,7.96
02/06/2026 05:55,15.125,0.003,7.96
02/06/2026 05:25,15.125,0.003,7.96
02/06/2026 04:55,15.25,0.003,7.96
02/06/2026 04:25,15.125,0.003,7.96
02/06/2026 03:55,15.125,0.003,7.96
02/06/2026 03:25,15,0.003,7.96
02/06/2026 02:55,15,0.003,7.96
02/06/2026 02:25,14.75,0.003,7.96
02/06/2026 01:55,14.625,0.003,7.96
02/06/2026 01:25,14.625,0.003,7.96
02/06/2026 00:55,14.375,0.003,7.96
02/06/2026 00:25,14.375,0.003,7.96
01/06/2026 23:55,14.25,0.003,7.96
01/06/2026 23:25,14.125,0.003,7.95
01/06/2026 23:25,14.125,0.003,7.95
01/06/2026 22:55,14,0.003,7.95
01/06/2026 22:25,14.25,0.003,7.96
01/06/2026 21:55,15,0.003,7.96
01/06/2026 21:55,15,0.003,7.96
01/06/2026 21:25,15.5,0.003,7.97
01/06/2026 20:55,16.125,0.003,7.97
01/06/2026 20:25,17.625,0.003,7.98
01/06/2026 19:55,17,0.003,7.97
01/06/2026 19:25,17.25,0.003,7.98
01/06/2026 18:55,17.375,0.003,7.97
01/06/2026 18:25,17.375,0.003,7.97
01/06/2026 17:55,17.25,0.003,7.97
01/06/2026 17:25,17.25,0.003,7.97
01/06/2026 16:55,16.875,0.003,7.97
01/06/2026 16:55,16.875,0.003,7.97
01/06/2026 16:25,16.875,0.003,7.97
01/06/2026 15:55,16.5,0.003,7.97
01/06/2026 15:25,16.25,0.003,7.97
01/06/2026 14:55,16,0.003,7.97
01/06/2026 14:25,16,0.003,7.97
01/06/2026 13:55,15.875,0.003,7.96
01/06/2026 13:25,15.625,0.003,7.96
01/06/2026 12:55,15.625,0.003,7.96
01/06/2026 12:25,15.625,0.003,7.96
01/06/2026 11:55,15.375,0.003,7.96
01/06/2026 11:25,15.375,0.003,7.96
01/06/2026 10:55,15.375,0.003,7.96
01/06/2026 10:25,15.5,0.003,7.96
01/06/2026 09:55,15.375,0.003,7.96
01/06/2026 09:25,15.5,0.003,7.96
01/06/2026 08:55,15.5,0.003,7.96
01/06/2026 08:25,15.375,0.003,7.96
01/06/2026 07:55,15.25,0.003,7.96
01/06/2026 07:25,15.5,0.003,7.96
01/06/2026 07:25,15.5,0.003,7.96
01/06/2026 06:55,15.5,0.003,7.96
01/06/2026 06:25,15.5,0.003,7.96
01/06/2026 05:55,15.375,0.003,7.96
01/06/2026 05:25,15.5,0.003,7.96
01/06/2026 04:55,15.125,0.003,7.96
01/06/2026 04:25,15,0.003,7.96
01/06/2026 03:55,15.125,0.003,7.96
01/06/2026 03:25,15.25,0.003,7.96
01/06/2026 02:55,14.875,0.003,7.96
01/06/2026 02:25,15,0.003,7.96
01/06/2026 01:55,14.75,0.003,7.96
01/06/2026 01:25,13.75,0.003,7.96
01/06/2026 00:55,14.75,0.003,7.96
01/06/2026 00:55,14.75,0.003,7.96
01/06/2026 00:25,14.5,0.003,7.96
31/05/2026 23:55,14.375,0.003,7.96
31/05/2026 23:25,14.25,0.003,7.96
31/05/2026 22:55,14.25,0.003,7.96
31/05/2026 22:25,14,0.003,7.96
31/05/2026 21:55,13.75,0.003,7.95
31/05/2026 21:25,14.125,0.003,7.96
31/05/2026 20:55,13.75,0.003,7.96
31/05/2026 20:25,15.375,0.003,7.97
31/05/2026 19:55,15.875,0.003,7.97
31/05/2026 19:25,16.25,0.003,7.97
31/05/2026 18:55,16.5,0.003,7.97
31/05/2026 18:25,16.5,0.003,7.98
31/05/2026 17:55,16.5,0.003,7.97
31/05/2026 17:25,16.5,0.003,7.97
31/05/2026 16:55,16.25,0.003,7.97
31/05/2026 16:25,16.25,0.003,7.97
31/05/2026 16:25,16.25,0.003,7.97
31/05/2026 15:55,16.125,0.003,7.97
31/05/2026 15:25,16,0.003,7.96
31/05/2026 14:55,16,0.003,7.96
31/05/2026 14:25,14.75,0.003,7.96
31/05/2026 13:55,15.75,0.003,7.96
31/05/2026 13:25,15.5,0.003,7.96
31/05/2026 12:55,15.375,0.003,7.96
31/05/2026 12:25,15.375,0.003,7.96
31/05/2026 11:55,15.375,0.003,7.96
31/05/2026 11:25,15.375,0.003,7.96
31/05/2026 10:55,15.375,0.003,7.96
31/05/2026 10:25,15.125,0.003,7.96
31/05/2026 09:55,15.375,0.003,7.96
31/05/2026 09:25,15.25,0.003,7.96
31/05/2026 09:25,15.25,0.003,7.96
31/05/2026 08:55,15.5,0.003,7.96
31/05/2026 08:25,15.5,0.003,7.96
31/05/2026 07:55,15.5,0.003,7.96
31/05/2026 07:25,15.625,0.003,7.96
31/05/2026 06:55,15.5,0.003,7.96
31/05/2026 06:25,15.625,0.003,7.97
31/05/2026 05:55,15.5,0.003,7.96
31/05/2026 05:25,15.375,0.003,7.97
31/05/2026 04:55,15.25,0.003,7.96
31/05/2026 04:25,15.5,0.003,7.97
31/05/2026 03:55,15.125,0.003,7.96
31/05/2026 03:55,15.125,0.003,7.96
31/05/2026 03:25,15.25,0.003,7.96
31/05/2026 02:55,15.125,0.003,7.96
31/05/2026 02:25,15,0.003,7.96
31/05/2026 01:55,14.875,0.003,7.96
31/05/2026 01:25,15,0.003,7.96
31/05/2026 00:55,14.625,0.003,7.96
31/05/2026 00:25,14.5,0.003,7.96
30/05/2026 23:55,14.375,0.003,7.96
30/05/2026 23:25,14.375,0.003,7.97
30/05/2026 22:55,14.125,0.003,7.96
30/05/2026 22:25,14,0.003,7.96
30/05/2026 21:55,13.875,0.003,7.96
30/05/2026 21:25,14.25,0.003,7.97
30/05/2026 20:55,15.125,0.003,7.98
30/05/2026 20:25,14.75,0.003,7.98
30/05/2026 19:55,16,0.003,7.98
30/05/2026 19:25,16.25,0.003,7.99
30/05/2026 18:55,16.375,0.003,7.98
30/05/2026 18:25,16.5,0.003,7.98
30/05/2026 17:55,16.375,0.003,7.98
30/05/2026 17:25,16.375,0.003,7.98
30/05/2026 16:55,16.25,0.003,7.98
30/05/2026 16:25,16.125,0.003,7.98
30/05/2026 15:55,16,0.003,7.98
30/05/2026 15:25,16,0.003,7.97
30/05/2026 14:55,15.75,0.003,7.97
30/05/2026 14:55,15.75,0.003,7.97
30/05/2026 14:25,16.625,0.003,7.97
30/05/2026 13:55,15.5,0.003,7.97
30/05/2026 13:25,15.5,0.003,7.97
30/05/2026 12:55,15.375,0.003,7.97
30/05/2026 12:25,15.375,0.003,7.97
30/05/2026 11:55,15.375,0.003,7.97
30/05/2026 11:25,15.375,0.003,7.97
30/05/2026 10:55,15.125,0.003,7.97
30/05/2026 10:25,15.375,0.003,7.97
30/05/2026 09:55,15.375,0.003,7.97
30/05/2026 09:25,15.375,0.003,7.97
30/05/2026 08:55,14.75,0.003,7.97
30/05/2026 08:25,16.625,0.003,7.97
30/05/2026 07:55,15.5,0.003,7.97
30/05/2026 07:25,15.75,0.003,7.97
30/05/2026 06:55,15.625,0.003,7.97
30/05/2026 06:25,15.5,0.003,7.97
30/05/2026 05:55,16.5,0.003,7.97
30/05/2026 05:25,15.5,0.003,7.97
30/05/2026 04:55,15.5,0.003,7.97
30/05/2026 04:25,15.625,0.003,7.97
30/05/2026 03:55,15.375,0.003,7.97
30/05/2026 03:25,15.25,0.003,7.97
30/05/2026 02:55,15.375,0.003,7.97
30/05/2026 02:25,15.25,0.003,7.97
30/05/2026 01:55,15.25,0.003,7.96
30/05/2026 01:25,15.25,0.003,7.96
30/05/2026 00:55,15.125,0.003,7.96
30/05/2026 00:25,15,0.003,7.96
29/05/2026 23:55,14.75,0.003,7.96
29/05/2026 23:25,14.75,0.003,7.96
29/05/2026 22:55,14.625,0.003,7.96
29/05/2026 22:25,14.5,0.003,7.96
29/05/2026 21:55,14.375,0.003,7.95
29/05/2026 21:25,14,0.003,7.96
29/05/2026 21:25,14,0.003,7.96
29/05/2026 20:55,14,0.003,7.96
29/05/2026 20:25,14.25,0.003,7.96
29/05/2026 19:55,14.875,0.003,7.97
29/05/2026 19:25,14.75,0.003,7.97
29/05/2026 18:55,16,0.003,7.97
29/05/2026 18:25,16,0.003,7.97
29/05/2026 17:55,16.125,0.003,7.96
29/05/2026 17:25,16.125,0.003,7.96
29/05/2026 16:55,15.875,0.003,7.96
29/05/2026 16:25,15.875,0.003,7.96
29/05/2026 15:55,15.75,0.003,7.96
29/05/2026 15:25,15.75,0.003,7.96
29/05/2026 14:55,14.875,0.003,7.96
29/05/2026 14:25,15.875,0.003,7.96
29/05/2026 13:55,15.625,0.003,7.96
29/05/2026 13:25,15.5,0.003,7.95
29/05/2026 12:55,15.25,0.003,7.95
29/05/2026 12:25,15.5,0.003,7.95
29/05/2026 11:55,15.25,0.003,7.95
29/05/2026 11:25,15.375,0.003,7.94
29/05/2026 10:55,15.25,0.003,7.94
29/05/2026 10:25,15.375,0.003,7.94
29/05/2026 09:55,15.25,0.003,7.94
29/05/2026 09:25,15.375,0.003,7.94
29/05/2026 08:55,15.375,0.003,7.95
29/05/2026 08:25,15.5,0.003,7.94
29/05/2026 07:55,15.625,0.003,7.94
29/05/2026 07:25,15.75,0.003,7.94
29/05/2026 06:55,16.625,0.003,7.94
29/05/2026 06:25,15.5,0.003,7.94
29/05/2026 05:55,15.5,0.003,7.94
29/05/2026 05:25,15.625,0.003,7.94
29/05/2026 04:55,15.625,0.003,7.94
29/05/2026 04:25,15.375,0.003,7.94
29/05/2026 03:55,15.375,0.003,7.93
29/05/2026 03:25,15.375,0.003,7.93
29/05/2026 02:55,15.125,0.003,7.93
29/05/2026 02:25,15.125,0.003,7.93
29/05/2026 01:55,14.875,0.003,7.93
29/05/2026 01:25,15,0.003,7.92
29/05/2026 00:55,15,0.003,7.92
29/05/2026 00:55,15,0.003,7.92
29/05/2026 00:25,14.875,0.003,7.92
28/05/2026 23:55,14.75,0.003,7.92
28/05/2026 23:25,15.625,0.003,7.92
28/05/2026 22:55,14.375,0.003,7.91
28/05/2026 22:55,14.375,0.003,7.91
28/05/2026 22:25,14.375,0.003,7.91
28/05/2026 21:55,14,0.003,7.91
28/05/2026 21:25,14,0.003,7.91
28/05/2026 20:55,14.375,0.003,7.91
28/05/2026 20:25,15,0.003,7.91
28/05/2026 19:55,14.875,0.003,7.92
28/05/2026 19:25,16.125,0.003,7.92
28/05/2026 18:55,16.25,0.003,7.92
28/05/2026 18:25,16.375,0.003,7.92
28/05/2026 17:55,16.375,0.003,7.91
28/05/2026 17:25,16.75,0.003,7.91
28/05/2026 16:55,16.5,0.003,7.91
28/05/2026 16:25,16.5,0.003,7.91
28/05/2026 15:55,16.5,0.003,7.9
28/05/2026 15:25,16.375,0.003,7.9
28/05/2026 14:55,16.25,0.003,7.9
28/05/2026 14:25,16.125,0.003,7.9
28/05/2026 13:55,16.125,0.003,7.91
28/05/2026 13:25,15.875,0.003,7.91
28/05/2026 12:55,15.875,0.003,7.91
28/05/2026 12:25,16,0.003,7.93
28/05/2026 11:55,16.625,0.003,7.94
28/05/2026 11:25,15.5,0.003,7.94
28/05/2026 10:55,15.5,0.003,7.96
28/05/2026 10:25,15.375,0.003,7.98
28/05/2026 10:25,15.375,0.003,7.98
28/05/2026 09:55,15.375,0.003,7.99
28/05/2026 09:25,15.5,0.003,7.99
28/05/2026 08:55,15.375,0.003,8
28/05/2026 08:25,15.375,0.003,7.99
28/05/2026 07:55,15.5,0.003,7.99
28/05/2026 07:25,15.5,0.003,8
28/05/2026 06:55,15.5,0.003,8
28/05/2026 06:25,15.5,0.003,7.99
28/05/2026 05:55,15.5,0.003,8
28/05/2026 05:25,15.5,0.003,8
28/05/2026 04:55,15.375,0.003,8
28/05/2026 04:25,15.625,0.003,8
28/05/2026 03:55,15.375,0.003,8
28/05/2026 03:25,15.375,0.003,8
28/05/2026 02:55,15.25,0.003,8
28/05/2026 02:25,15.5,0.003,8
28/05/2026 01:55,15.25,0.003,7.99
28/05/2026 01:25,15.125,0.003,8
28/05/2026 00:55,15,0.003,7.99
28/05/2026 00:25,15.25,0.003,8
27/05/2026 23:55,15.125,0.003,7.99
27/05/2026 23:25,14.75,0.003,7.99
27/05/2026 22:55,15.625,0.003,7.99
27/05/2026 22:25,14.75,0.003,7.99
27/05/2026 21:55,14.625,0.003,7.99
27/05/2026 21:25,14.375,0.003,7.99
27/05/2026 20:55,14.375,0.003,7.99
27/05/2026 20:25,14.25,0.003,7.99
27/05/2026 19:55,14.125,0.003,7.99
27/05/2026 19:25,14,0.003,7.99
27/05/2026 18:55,15.375,0.003,7.99
27/05/2026 18:25,14.875,0.003,7.99
27/05/2026 17:55,15.375,0.003,8
27/05/2026 17:25,15.625,0.003,8
27/05/2026 16:55,16.625,0.003,8
27/05/2026 16:25,15.625,0.003,8
27/05/2026 15:55,15.625,0.003,8
27/05/2026 15:25,15.5,0.003,8
27/05/2026 14:55,15.5,0.003,8
27/05/2026 14:25,15.5,0.003,8
27/05/2026 13:55,15.875,0.003,8
27/05/2026 13:25,15.75,0.003,8
27/05/2026 12:55,15.625,0.003,8
27/05/2026 12:25,15.375,0.003,8
27/05/2026 11:55,15.5,0.003,8
27/05/2026 11:25,15.5,0.003,7.99
27/05/2026 10:55,15.375,0.003,7.99
27/05/2026 10:25,15.625,0.003,8
27/05/2026 09:55,15.5,0.003,8
27/05/2026 09:25,15.625,0.003,8
27/05/2026 08:55,15.625,0.003,8
27/05/2026 08:25,15.5,0.003,8
27/05/2026 08:25,15.5,0.003,8
27/05/2026 07:55,14.75,0.003,8
27/05/2026 07:25,14.75,0.003,8
27/05/2026 06:55,15.5,0.003,8
27/05/2026 06:25,15.625,0.003,8
27/05/2026 05:55,15.5,0.003,8
27/05/2026 05:25,15.75,0.003,8
27/05/2026 04:55,15.5,0.003,8
27/05/2026 04:25,16.5,0.003,8
27/05/2026 03:55,15.375,0.003,8
27/05/2026 03:25,15.5,0.003,8
27/05/2026 02:55,15.375,0.003,8
27/05/2026 02:25,15.25,0.003,8
27/05/2026 01:55,15.125,0.003,8
27/05/2026 01:25,15.25,0.003,8
27/05/2026 01:25,15.25,0.003,8
27/05/2026 00:55,15,0.003,8
27/05/2026 00:25,15.125,0.003,7.99
26/05/2026 23:55,15,0.003,8
26/05/2026 23:25,14.875,0.003,7.99
26/05/2026 22:55,14.875,0.003,7.99
26/05/2026 22:25,13.75,0.003,7.99
26/05/2026 21:55,13.75,0.003,7.99
26/05/2026 21:25,14.5,0.003,7.99
26/05/2026 20:55,14.25,0.003,7.99
26/05/2026 20:25,14.375,0.003,7.99
26/05/2026 19:55,14,0.003,7.99
26/05/2026 19:25,14,0.003,7.99
26/05/2026 18:55,13.875,0.003,7.99
26/05/2026 18:25,14.25,0.003,8
26/05/2026 17:55,14.625,0.003,8
26/05/2026 17:25,15.125,0.003,8
26/05/2026 16:55,15.375,0.003,8
26/05/2026 16:25,15.5,0.003,8
26/05/2026 15:55,15.625,0.003,8
26/05/2026 15:25,15.5,0.003,8
26/05/2026 14:55,15.625,0.003,8
26/05/2026 14:25,16.5,0.003,8
26/05/2026 13:55,15.75,0.003,8
26/05/2026 13:55,15.75,0.003,8
26/05/2026 13:25,15.5,0.003,8
26/05/2026 12:55,15.625,0.003,8
26/05/2026 12:25,15.5,0.003,8
26/05/2026 11:55,15.375,0.003,8
26/05/2026 11:25,15.5,0.003,8
26/05/2026 10:55,15.25,0.003,8
26/05/2026 10:25,15.25,0.003,8
26/05/2026 09:55,15.5,0.003,8
26/05/2026 09:25,15.25,0.003,8
26/05/2026 08:55,15.375,0.003,8
26/05/2026 08:25,15.375,0.003,8
26/05/2026 07:55,15.5,0.003,7.99
26/05/2026 07:25,15.625,0.003,8
26/05/2026 06:55,15.5,0.003,7.99
26/05/2026 06:25,15.625,0.003,8
26/05/2026 05:55,15.625,0.003,7.99
26/05/2026 05:25,15.625,0.003,7.99
26/05/2026 05:25,15.625,0.003,7.99
26/05/2026 04:55,15.5,0.003,7.99
26/05/2026 04:25,15.5,0.003,7.99
26/05/2026 03:55,15.375,0.003,7.99
26/05/2026 03:25,15.375,0.003,7.99
26/05/2026 02:55,15.5,0.003,7.99
26/05/2026 02:25,15.375,0.003,7.99
26/05/2026 01:55,15.25,0.003,7.99
26/05/2026 01:25,15,0.003,7.99
26/05/2026 00:55,15,0.003,7.99
26/05/2026 00:25,15.125,0.003,7.99
25/05/2026 23:55,15.125,0.003,7.99
25/05/2026 23:55,15.125,0.003,7.99
25/05/2026 23:25,14.875,0.003,7.99
25/05/2026 22:55,14.75,0.003,7.99
25/05/2026 22:25,15.625,0.003,7.99
25/05/2026 21:55,14.625,0.003,7.99
25/05/2026 21:25,14.5,0.003,7.99
25/05/2026 20:55,14.5,0.003,7.99
25/05/2026 20:25,14.25,0.003,7.99
25/05/2026 20:25,14.25,0.003,7.99
25/05/2026 19:55,14.125,0.003,7.99
25/05/2026 19:25,13.875,0.003,7.99
25/05/2026 18:55,14.125,0.003,7.99
25/05/2026 18:25,14.5,0.003,7.99
25/05/2026 17:55,15.125,0.003,8
25/05/2026 17:55,15.125,0.003,8
25/05/2026 17:25,15.375,0.003,8
25/05/2026 16:55,15.625,0.003,8
25/05/2026 16:25,15.625,0.003,8
25/05/2026 16:25,15.625,0.003,8
25/05/2026 15:55,15.75,0.003,8
25/05/2026 15:25,15.75,0.003,8
25/05/2026 14:55,15.875,0.003,8
25/05/2026 14:25,15.625,0.003,8
25/05/2026 13:55,15.75,0.003,8
25/05/2026 13:25,14.75,0.003,8
25/05/2026 12:55,15.5,0.003,8
25/05/2026 12:25,15.625,0.003,8
25/05/2026 11:55,15.5,0.003,8
25/05/2026 11:25,15.5,0.003,8
25/05/2026 10:55,15.375,0.003,8
25/05/2026 10:25,15.375,0.003,7.99
25/05/2026 09:55,15.375,0.003,7.99
25/05/2026 09:25,15.5,0.003,7.99
25/05/2026 08:55,15.375,0.003,7.99
25/05/2026 08:25,15.5,0.003,7.98
25/05/2026 07:55,16.5,0.003,7.99
25/05/2026 07:25,15.5,0.003,7.99
25/05/2026 06:55,15.5,0.003,7.99
25/05/2026 06:25,15.625,0.003,7.99
25/05/2026 05:55,15.625,0.003,7.99
25/05/2026 05:25,15.625,0.003,7.99
25/05/2026 04:55,15.5,0.003,7.99
25/05/2026 04:25,15.5,0.003,7.99
25/05/2026 03:55,15.375,0.003,7.99
25/05/2026 03:25,15.375,0.003,7.99
25/05/2026 02:55,15.25,0.003,7.99
25/05/2026 02:25,15.5,0.003,7.99
25/05/2026 01:55,15.25,0.003,7.99
25/05/2026 01:25,15.25,0.003,7.99
25/05/2026 00:55,15.125,0.003,7.99
25/05/2026 00:25,15,0.003,7.99
24/05/2026 23:55,15,0.003,7.99
24/05/2026 23:25,15,0.003,7.99
24/05/2026 22:55,14.875,0.003,7.99
24/05/2026 22:25,14.875,0.003,7.99
24/05/2026 21:55,13.75,0.003,7.99
24/05/2026 21:55,13.75,0.003,7.99
24/05/2026 21:25,14.375,0.003,7.99
24/05/2026 20:55,14.5,0.003,7.99
24/05/2026 20:25,14.25,0.003,7.99
24/05/2026 19:55,14,0.003,7.99
24/05/2026 19:25,14,0.003,7.98
24/05/2026 18:55,13.75,0.003,7.99
24/05/2026 18:25,14.125,0.003,7.99
24/05/2026 17:55,15.5,0.003,7.98
24/05/2026 17:25,15.125,0.003,7.98
24/05/2026 16:55,15.375,0.003,7.98
24/05/2026 16:25,15.5,0.003,7.99
24/05/2026 15:55,15.5,0.003,7.99
24/05/2026 15:25,15.5,0.003,7.99
24/05/2026 14:55,14.75,0.003,7.99
24/05/2026 14:25,15.75,0.003,7.99
24/05/2026 14:25,15.75,0.003,7.99
24/05/2026 13:55,15.5,0.003,7.99
24/05/2026 13:25,15.625,0.003,7.99
24/05/2026 12:55,15.5,0.003,7.99
24/05/2026 12:25,15.5,0.003,7.99
24/05/2026 11:55,15.5,0.003,7.99
24/05/2026 11:25,15.375,0.003,7.98
24/05/2026 10:55,15.375,0.003,7.98
24/05/2026 10:25,15.375,0.003,7.99
24/05/2026 09:55,15.375,0.003,7.99
24/05/2026 09:25,15.375,0.003,7.99
24/05/2026 08:55,15.25,0.003,7.99
24/05/2026 08:25,15.5,0.003,7.99
24/05/2026 07:55,15.5,0.003,7.99
24/05/2026 07:25,15.5,0.003,7.99
24/05/2026 06:55,15.5,0.003,7.99
24/05/2026 06:25,15.625,0.003,7.98
24/05/2026 05:55,15.5,0.003,7.99
24/05/2026 05:25,15.375,0.003,7.99
24/05/2026 04:55,15.375,0.003,7.99
24/05/2026 04:25,15.375,0.003,7.98
24/05/2026 03:55,15.25,0.003,7.98
24/05/2026 03:25,15.375,0.003,7.98
24/05/2026 02:55,15.25,0.003,7.98
24/05/2026 02:25,15.25,0.003,7.98
24/05/2026 01:55,15.25,0.003,7.98
24/05/2026 01:25,15.25,0.003,7.98
24/05/2026 00:55,15,0.003,7.98
24/05/2026 00:25,15.125,0.003,7.98
23/05/2026 23:55,14.875,0.003,7.98
23/05/2026 23:25,14.875,0.003,7.98
23/05/2026 22:55,13.75,0.003,7.98
23/05/2026 22:25,14.875,0.003,7.97
23/05/2026 21:55,14.75,0.003,7.97
23/05/2026 21:25,14.625,0.003,7.97
23/05/2026 20:55,14.375,0.003,7.97
23/05/2026 20:25,14.25,0.003,7.97
23/05/2026 19:55,14,0.003,7.97
23/05/2026 19:25,14,0.003,7.97
23/05/2026 18:55,14,0.003,7.97
23/05/2026 18:25,14.375,0.003,7.97
23/05/2026 17:55,15,0.003,7.97
23/05/2026 17:25,15.125,0.003,7.98
23/05/2026 16:55,15.375,0.003,7.98
23/05/2026 16:25,15.625,0.003,7.98
23/05/2026 15:55,14.875,0.003,7.98
23/05/2026 15:25,15.875,0.003,7.98
23/05/2026 14:55,15.75,0.003,7.98
23/05/2026 14:25,15.625,0.003,7.98
23/05/2026 13:55,15.875,0.003,7.98
23/05/2026 13:25,16.625,0.003,7.98
23/05/2026 12:55,16.5,0.003,7.97
23/05/2026 12:25,15.5,0.003,7.97
23/05/2026 11:55,15.375,0.003,7.97
23/05/2026 11:25,15.375,0.003,7.97
23/05/2026 10:55,15.375,0.003,7.97
23/05/2026 10:25,15.375,0.003,7.97
23/05/2026 09:55,15.5,0.003,7.97
23/05/2026 09:25,15.625,0.003,7.97
23/05/2026 08:55,15.375,0.003,7.97
23/05/2026 08:25,15.375,0.003,7.97
23/05/2026 07:55,15.375,0.003,7.97
23/05/2026 07:25,15.5,0.003,7.97
23/05/2026 06:55,15.5,0.003,7.97
23/05/2026 06:25,15.5,0.003,7.96
23/05/2026 05:55,15.5,0.003,7.96
23/05/2026 05:25,15.5,0.003,7.96
23/05/2026 04:55,15.25,0.003,7.96
23/05/2026 04:25,15.375,0.003,7.96
23/05/2026 03:55,15.625,0.003,7.96
23/05/2026 03:25,15.5,0.003,7.96
23/05/2026 02:55,15.375,0.003,7.96
23/05/2026 02:25,15.375,0.003,7.96
23/05/2026 01:55,15.25,0.003,7.96
23/05/2026 01:25,15,0.003,7.95
23/05/2026 00:55,15.125,0.003,7.96
23/05/2026 00:25,15.25,0.003,7.95
22/05/2026 23:55,14.875,0.003,7.95
22/05/2026 23:25,14.875,0.002,7.95
22/05/2026 22:55,14.875,0.003,7.95
22/05/2026 22:25,14.75,0.003,7.95
22/05/2026 21:55,14.5,0.003,7.95
22/05/2026 21:25,14.375,0.003,7.95
22/05/2026 20:55,14.375,0.003,7.94
22/05/2026 20:25,14.25,0.003,7.95
22/05/2026 19:55,14,0.003,7.95
22/05/2026 19:55,14,0.003,7.95
22/05/2026 19:25,14.125,0.003,7.95
22/05/2026 18:55,15.625,0.003,7.95
22/05/2026 18:25,15,0.003,7.95
22/05/2026 17:55,15.375,0.003,7.95
22/05/2026 17:25,15.625,0.003,7.94
22/05/2026 16:55,14.875,0.003,7.94
22/05/2026 16:55,14.875,0.003,7.94
22/05/2026 16:25,14.75,0.003,7.95
22/05/2026 15:55,16.625,0.003,7.95
22/05/2026 15:25,14.75,0.003,7.94
22/05/2026 14:55,15.75,0.003,7.95
22/05/2026 14:25,16.625,0.003,7.95
22/05/2026 13:55,16,0.003,7.95
22/05/2026 13:25,15.75,0.003,7.95
22/05/2026 12:55,16,0.003,7.94
22/05/2026 12:25,15.875,0.003,7.94
22/05/2026 11:55,16.125,0.003,7.94
22/05/2026 11:25,16,0.003,7.94
22/05/2026 10:55,15.875,0.003,7.94
22/05/2026 10:25,15.875,0.003,7.94
22/05/2026 09:55,16,0.003,7.94
22/05/2026 09:25,16,0.003,7.95
22/05/2026 08:55,15.875,0.003,7.95
22/05/2026 08:25,15.625,0.003,7.96
22/05/2026 07:55,15.75,0.003,7.96
22/05/2026 07:25,14.875,0.003,7.96
22/05/2026 06:55,15.75,0.003,7.96
22/05/2026 06:25,15.875,0.003,7.96
22/05/2026 05:55,15.625,0.003,7.96
22/05/2026 05:25,15.625,0.003,7.96
22/05/2026 04:55,15.5,0.003,7.96
22/05/2026 04:25,15.625,0.003,7.96
22/05/2026 03:55,15.5,0.003,7.96
22/05/2026 03:25,15.375,0.003,7.96
22/05/2026 02:55,15.25,0.003,7.96
22/05/2026 02:25,15.375,0.003,7.96
22/05/2026 01:55,15.375,0.003,7.96
22/05/2026 01:25,15.125,0.003,7.96
22/05/2026 00:55,15.25,0.003,7.95
22/05/2026 00:25,15.125,0.003,7.96
21/05/2026 23:55,15.125,0.003,7.96
21/05/2026 23:25,15,0.003,7.95
21/05/2026 22:55,14.75,0.003,7.95
21/05/2026 22:25,14.75,0.003,7.95
21/05/2026 21:55,15.625,0.003,7.95
21/05/2026 21:25,15.5,0.003,7.95
21/05/2026 20:55,14.5,0.003,7.95
21/05/2026 20:25,14.25,0.003,7.95
21/05/2026 19:55,14.25,0.003,7.95
21/05/2026 19:25,14.125,0.003,7.95
21/05/2026 18:55,14.5,0.003,7.95
21/05/2026 18:25,14.875,0.003,7.95
21/05/2026 17:55,15.125,0.003,7.95
21/05/2026 17:25,15.375,0.003,7.95
21/05/2026 16:55,15.5,0.003,7.95
21/05/2026 16:25,15.25,0.003,7.95
21/05/2026 15:55,15.5,0.003,7.95
21/05/2026 15:25,15.5,0.003,7.95
21/05/2026 14:55,15.5,0.003,7.96
21/05/2026 14:25,16,0.003,7.96
21/05/2026 13:55,15.875,0.003,7.96
21/05/2026 13:25,14.875,0.003,7.96
21/05/2026 12:55,15.75,0.003,7.96
21/05/2026 12:25,14.75,0.003,7.96
21/05/2026 11:55,15.625,0.003,7.96
21/05/2026 11:25,16.5,0.003,7.96
21/05/2026 10:55,15.625,0.003,7.96
21/05/2026 10:25,15.625,0.003,7.96
21/05/2026 10:25,15.625,0.003,7.96
21/05/2026 09:55,15.625,0.003,7.96
21/05/2026 09:25,15.625,0.003,7.96
21/05/2026 08:55,15.5,0.003,7.95
21/05/2026 08:25,15.625,0.003,7.96
21/05/2026 07:55,15.75,0.003,7.96
21/05/2026 07:25,15.75,0.003,7.95
21/05/2026 06:55,14.875,0.003,7.95
21/05/2026 06:25,16.5,0.003,7.95
21/05/2026 05:55,16.5,0.003,7.95
21/05/2026 05:25,15.75,0.003,7.95
21/05/2026 04:55,15.5,0.003,7.95
21/05/2026 04:25,15.5,0.003,7.95
21/05/2026 03:55,15.625,0.003,7.95
21/05/2026 03:25,15.375,0.003,7.95
21/05/2026 02:55,15.375,0.003,7.94
21/05/2026 02:25,15.375,0.003,7.94
21/05/2026 01:55,15.375,0.003,7.94
21/05/2026 01:25,15.125,0.003,7.94
21/05/2026 00:55,15.125,0.003,7.94
21/05/2026 00:25,15.125,0.003,7.94
20/05/2026 23:55,15,0.003,7.94
20/05/2026 23:25,15,0.003,7.94
20/05/2026 22:55,13.75,0.003,7.93
20/05/2026 22:25,15.625,0.003,7.94
20/05/2026 21:55,13.75,0.003,7.94
20/05/2026 21:25,14.5,0.003,7.93
20/05/2026 20:55,14.375,0.003,7.93
20/05/2026 20:25,14.25,0.003,7.93
20/05/2026 19:55,14.125,0.003,7.93
20/05/2026 19:55,14.125,0.003,7.93
20/05/2026 19:25,14,0.003,7.93
20/05/2026 18:55,13.875,0.003,7.93
20/05/2026 18:25,13.75,0.003,7.92
20/05/2026 17:55,13.75,0.003,7.92
20/05/2026 17:25,13.875,0.003,7.92
20/05/2026 16:55,14.25,0.003,7.92
20/05/2026 16:25,14.125,0.003,7.92
20/05/2026 15:55,14.125,0.003,7.92
20/05/2026 15:25,13.875,0.003,7.92
20/05/2026 14:55,14.625,0.003,7.91
20/05/2026 14:25,13.5,0.003,7.91
20/05/2026 13:55,13.375,0.003,7.91
20/05/2026 13:25,13.625,0.003,7.91
20/05/2026 12:55,13.25,0.003,7.91
20/05/2026 12:25,13.25,0.002,7.91
20/05/2026 11:55,13,0.003,7.91
20/05/2026 11:25,12.625,0.003,7.91
20/05/2026 11:25,12.625,0.003,7.91
20/05/2026 10:55,12.5,0.002,7.9
20/05/2026 10:25,12.25,0.002,7.9
20/05/2026 09:55,12,0.002,7.9
20/05/2026 09:25,12.625,0.002,7.9
20/05/2026 08:55,11.75,0.002,7.9
20/05/2026 08:25,12,0.002,7.9
20/05/2026 07:55,12.5,0.002,7.91
20/05/2026 07:50,11.875,0.002,7.91
20/05/2026 07:45,13.5,0.002,7.91
20/05/2026 07:25,12.5,0.002,7.91
20/05/2026 06:55,13.125,0.003,7.91
20/05/2026 06:25,13.75,0.003,7.91
20/05/2026 05:55,13.625,0.003,7.91
20/05/2026 05:25,13.5,0.003,7.91
20/05/2026 04:55,13.375,0.003,7.91
20/05/2026 04:25,13.25,0.003,7.91
20/05/2026 03:55,13.125,0.003,7.9
20/05/2026 03:40,13.5,0.003,7.91
20/05/2026 03:25,13.25,0.003,7.91
20/05/2026 02:55,13.125,0.003,7.9
20/05/2026 02:25,12.875,0.003,7.9
20/05/2026 01:55,12.625,0.003,7.9
20/05/2026 01:25,12.375,0.002,7.9
20/05/2026 00:55,12.125,0.002,7.9
20/05/2026 00:25,12.375,0.002,7.9
20/05/2026 00:14,11.875,0.002,7.9
19/05/2026 23:55,13.625,0.003,7.91
19/05/2026 23:40,12.5,0.003,7.91
19/05/2026 23:40,12.5,0.003,7.91
19/05/2026 23:25,12.75,0.003,7.91
19/05/2026 22:55,13.125,0.003,7.91
19/05/2026 22:25,13.5,0.003,7.92
19/05/2026 21:55,14,0.003,7.92
19/05/2026 21:25,14.25,0.003,7.92
19/05/2026 20:55,14.625,0.003,7.93
19/05/2026 20:25,15,0.003,7.93
19/05/2026 19:55,14.875,0.003,7.93
19/05/2026 19:25,14.875,0.003,7.93
19/05/2026 18:55,14.875,0.003,7.92
19/05/2026 18:25,14.75,0.003,7.92
19/05/2026 17:55,15.625,0.003,7.93
19/05/2026 17:25,14.375,0.003,7.93
19/05/2026 16:55,14.25,0.003,7.93
19/05/2026 16:25,14.875,0.003,7.93
19/05/2026 15:55,15.5,0.003,7.94
19/05/2026 15:25,15.75,0.003,7.95
19/05/2026 14:55,15.875,0.003,7.95
19/05/2026 14:25,16.625,0.003,7.95
19/05/2026 13:55,15.625,0.003,7.96
19/05/2026 13:25,14.75,0.003,7.96
19/05/2026 12:55,16.625,0.003,7.97
19/05/2026 12:25,14.75,0.003,7.97
19/05/2026 11:55,14.75,0.003,7.97
19/05/2026 11:25,15.625,0.003,7.97
19/05/2026 10:55,15.75,0.003,7.97
19/05/2026 10:25,15.875,0.003,7.97
19/05/2026 09:55,15.875,0.003,7.97
19/05/2026 09:25,15.875,0.003,7.98
19/05/2026 08:55,16.125,0.003,7.98
19/05/2026 08:25,16.125,0.003,7.98
19/05/2026 07:55,16.125,0.003,7.97
19/05/2026 07:25,16.25,0.003,7.97
19/05/2026 06:55,16.125,0.003,7.97
19/05/2026 06:25,16,0.003,7.97
19/05/2026 05:55,16,0.003,7.97
19/05/2026 05:25,15.875,0.003,7.97
19/05/2026 04:55,15.875,0.003,7.97
19/05/2026 04:25,16,0.003,7.97
19/05/2026 03:55,16,0.003,7.97
19/05/2026 03:25,15,0.003,7.97
19/05/2026 02:55,15.75,0.003,7.97
19/05/2026 02:25,16.625,0.003,7.97
19/05/2026 01:55,15.5,0.003,7.97
19/05/2026 01:25,15.75,0.003,7.97
19/05/2026 00:55,15.625,0.003,7.97
19/05/2026 00:25,15.75,0.003,7.97
18/05/2026 23:55,15.5,0.003,7.97
18/05/2026 23:25,16.5,0.003,7.97
18/05/2026 22:55,15.625,0.003,7.97
18/05/2026 22:25,15.625,0.003,7.97
18/05/2026 21:55,14.75,0.003,7.97
18/05/2026 21:25,15.5,0.003,7.97
18/05/2026 20:55,16.625,0.003,7.97
18/05/2026 20:25,15.5,0.003,7.97
18/05/2026 19:55,15.625,0.003,7.97
18/05/2026 19:25,15.625,0.003,7.97
18/05/2026 18:55,14.75,0.003,7.97
18/05/2026 18:25,15.75,0.003,7.97
18/05/2026 17:55,16.625,0.003,7.97
18/05/2026 17:25,15.625,0.003,7.97
18/05/2026 16:55,14.875,0.003,7.97
18/05/2026 16:25,15.875,0.003,7.97
18/05/2026 15:55,15.875,0.003,7.97
18/05/2026 15:25,15.75,0.003,7.98
18/05/2026 14:55,14.75,0.003,7.98
18/05/2026 14:25,15.75,0.003,7.99
18/05/2026 13:55,15.5,0.003,7.99
18/05/2026 13:25,15.375,0.003,7.99
18/05/2026 12:55,15.25,0.003,7.99
18/05/2026 12:25,15.125,0.003,8
18/05/2026 11:55,14.875,0.003,8
18/05/2026 11:25,15,0.003,8
18/05/2026 10:55,15,0.003,8.01
18/05/2026 10:25,15,0.003,8.02
18/05/2026 09:55,14.375,0.003,8.01
18/05/2026 09:25,12.75,0.003,8.01
18/05/2026 08:55,13.75,0.003,8.01
18/05/2026 08:25,14.625,0.003,8.01
18/05/2026 08:25,14.625,0.003,8.01
18/05/2026 07:55,13.75,0.003,8.01
18/05/2026 07:25,13.75,0.003,8.01
18/05/2026 06:55,13.875,0.003,8.01
18/05/2026 06:25,14,0.003,8.01
18/05/2026 05:55,14.125,0.003,8.02
18/05/2026 05:25,14.375,0.003,8.02
18/05/2026 04:55,14.25,0.003,8.02
18/05/2026 04:25,14.375,0.003,8.02
18/05/2026 03:55,14.5,0.003,8.03
18/05/2026 03:25,14.75,0.003,8.03
18/05/2026 02:55,14.875,0.003,8.03
18/05/2026 02:25,15,0.003,8.03
18/05/2026 01:55,15.125,0.003,8.03
18/05/2026 01:25,15.25,0.003,8.03
18/05/2026 00:55,15.375,0.003,8.03
18/05/2026 00:25,15.5,0.003,8.03
17/05/2026 23:55,15.875,0.003,8.04
17/05/2026 23:25,15.875,0.003,8.04
17/05/2026 22:55,16,0.003,8.04
17/05/2026 22:25,16.25,0.003,8.04
17/05/2026 21:55,16.375,0.003,8.05
17/05/2026 21:25,16.75,0.003,8.05
17/05/2026 20:55,17,0.003,8.05
17/05/2026 20:25,17.125,0.003,8.05
17/05/2026 20:25,17.125,0.003,8.05
17/05/2026 19:55,17.5,0.003,8.06
17/05/2026 19:25,18.625,0.003,8.06
17/05/2026 18:55,18.125,0.003,8.06
17/05/2026 18:25,18.375,0.003,8.06
17/05/2026 17:55,19.625,0.003,8.07
17/05/2026 17:25,18.875,0.003,8.07
17/05/2026 16:55,19,0.003,8.07
17/05/2026 16:25,18.875,0.003,8.07
17/05/2026 15:55,19,0.003,8.07
17/05/2026 15:25,19,0.003,8.07
17/05/2026 14:55,18.875,0.003,8.07
17/05/2026 14:25,18.75,0.003,8.07
17/05/2026 14:25,18.75,0.003,8.07
17/05/2026 13:55,18.5,0.003,8.06
17/05/2026 13:25,18.375,0.003,8.06
17/05/2026 12:55,18.25,0.003,8.06
17/05/2026 12:25,18.125,0.003,8.06
17/05/2026 11:55,17.875,0.003,8.06
17/05/2026 11:25,17.75,0.003,8.06
17/05/2026 10:55,17.875,0.003,8.06
17/05/2026 10:25,17.75,0.003,8.06
17/05/2026 09:55,17.875,0.003,8.06
17/05/2026 09:25,17.875,0.003,8.06
17/05/2026 08:55,18.625,0.003,8.05
17/05/2026 08:25,16.75,0.003,8.06
17/05/2026 07:55,17.875,0.003,8.06
17/05/2026 07:25,17.75,0.003,8.06
17/05/2026 06:55,18,0.003,8.06
17/05/2026 06:25,18.125,0.003,8.06
17/05/2026 05:55,18,0.003,8.06
17/05/2026 05:25,18,0.003,8.06
17/05/2026 04:55,18.25,0.003,8.06
17/05/2026 04:25,18.25,0.003,8.06
17/05/2026 03:55,18.25,0.003,8.06
17/05/2026 03:25,18.25,0.003,8.06
17/05/2026 02:55,18.125,0.003,8.06
17/05/2026 02:25,18.125,0.003,8.06
17/05/2026 01:55,18.25,0.003,8.06
17/05/2026 01:25,18.25,0.003,8.06
17/05/2026 00:55,18.25,0.003,8.06
17/05/2026 00:25,18.375,0.003,8.06
16/05/2026 23:55,18.25,0.003,8.06
16/05/2026 23:25,18.375,0.003,8.06
16/05/2026 22:55,18.5,0.003,8.06
16/05/2026 22:25,18.375,0.003,8.06
16/05/2026 21:55,18.5,0.003,8.06
16/05/2026 21:25,17.75,0.003,8.06
16/05/2026 20:55,18.75,0.003,8.06
16/05/2026 20:55,18.75,0.003,8.06
16/05/2026 20:25,18.875,0.003,8.07
16/05/2026 19:55,18.875,0.003,8.06
16/05/2026 19:25,19,0.003,8.07
16/05/2026 18:55,19.125,0.003,8.07
16/05/2026 18:25,19,0.003,8.07
16/05/2026 17:55,18.875,0.003,8.07
16/05/2026 17:25,18.75,0.003,8.06
16/05/2026 16:55,17.75,0.003,8.06
16/05/2026 16:25,18.625,0.003,8.06
16/05/2026 15:55,18.5,0.003,8.06
16/05/2026 15:25,18.375,0.003,8.06
16/05/2026 14:55,18.375,0.003,8.06
16/05/2026 14:25,18.125,0.003,8.06
16/05/2026 13:55,18.125,0.003,8.05
16/05/2026 13:25,18.125,0.003,8.05
16/05/2026 12:55,17.875,0.003,8.05
16/05/2026 12:25,18.625,0.003,8.05
16/05/2026 11:55,17.5,0.003,8.05
16/05/2026 11:25,17.25,0.003,8.05
16/05/2026 10:55,17.25,0.003,8.05
16/05/2026 10:25,17,0.003,8.05
16/05/2026 09:55,17.125,0.003,8.05
16/05/2026 09:25,17.125,0.003,8.05
16/05/2026 08:55,17.125,0.003,8.05
16/05/2026 08:25,17.125,0.003,8.05
16/05/2026 07:55,17.125,0.003,8.05
16/05/2026 07:55,17.125,0.003,8.05
16/05/2026 07:25,17.125,0.003,8.05
16/05/2026 06:55,17.125,0.003,8.05
16/05/2026 06:25,17.25,0.003,8.05
16/05/2026 05:55,17.375,0.003,8.05
16/05/2026 05:25,17.375,0.003,8.05
16/05/2026 04:55,17.375,0.003,8.05
16/05/2026 04:25,17.375,0.003,8.05
16/05/2026 03:55,17.5,0.003,8.05
16/05/2026 03:25,17.5,0.003,8.05
16/05/2026 02:55,16.75,0.003,8.05
16/05/2026 02:25,17.625,0.003,8.05
16/05/2026 01:55,17.5,0.003,8.05
16/05/2026 01:25,17.5,0.003,8.05
16/05/2026 00:55,17.5,0.003,8.05
16/05/2026 00:55,17.5,0.003,8.05
16/05/2026 00:25,17.5,0.003,8.05
15/05/2026 23:55,17.5,0.003,8.05
15/05/2026 23:25,17.5,0.003,8.05
15/05/2026 22:55,17.625,0.003,8.05
15/05/2026 22:25,17.75,0.003,8.05
15/05/2026 21:55,17.875,0.003,8.05
15/05/2026 21:25,17.875,0.003,8.06
15/05/2026 20:55,17.75,0.003,8.05
15/05/2026 20:25,17.875,0.003,8.06
15/05/2026 19:55,18.125,0.003,8.06
15/05/2026 19:25,18.125,0.003,8.06
15/05/2026 18:55,18.125,0.003,8.06
15/05/2026 18:25,18,0.003,8.06
15/05/2026 17:55,17.875,0.003,8.05
15/05/2026 17:25,17.875,0.003,8.05
15/05/2026 17:25,17.875,0.003,8.05
15/05/2026 16:55,18,0.003,8.05
15/05/2026 16:25,17.875,0.003,8.05
15/05/2026 15:55,17.75,0.003,8.05
15/05/2026 15:25,17.625,0.003,8.05
15/05/2026 14:55,17.5,0.003,8.05
15/05/2026 14:25,17.375,0.003,8.05
15/05/2026 13:55,17.25,0.003,8.04
15/05/2026 13:55,17.25,0.003,8.04
15/05/2026 13:25,17.125,0.003,8.04
15/05/2026 12:55,17,0.003,8.04
15/05/2026 12:25,16.875,0.003,8.04
15/05/2026 11:55,16.75,0.003,8.04
15/05/2026 11:25,16.75,0.003,8.04
15/05/2026 10:55,16.875,0.003,8.04
15/05/2026 10:25,16.875,0.003,8.04
15/05/2026 09:55,16.75,0.003,8.04
15/05/2026 09:25,15.75,0.003,8.04
15/05/2026 08:55,17.625,0.003,8.04
15/05/2026 08:25,16.625,0.003,8.04
15/05/2026 07:55,16.625,0.003,8.04
15/05/2026 07:25,16.5,0.003,8.04
15/05/2026 06:55,16.25,0.003,8.04
15/05/2026 06:25,16.25,0.003,8.04
15/05/2026 05:55,16.375,0.003,8.04
15/05/2026 05:25,16.5,0.003,8.04
15/05/2026 04:55,16.375,0.003,8.04
15/05/2026 04:55,16.375,0.003,8.04
15/05/2026 04:25,16.5,0.003,8.04
15/05/2026 03:55,16.625,0.003,8.04
15/05/2026 03:51,16.5,0.003,8.04
15/05/2026 02:55,16.625,0.003,8.04
15/05/2026 02:25,15.75,0.003,8.04
15/05/2026 01:55,15.75,0.003,8.04
15/05/2026 01:25,16.75,0.003,8.04
15/05/2026 00:55,15.75,0.003,8.04
15/05/2026 00:25,15.75,0.003,8.04
14/05/2026 23:55,16.75,0.003,8.04
14/05/2026 23:55,16.75,0.003,8.04
14/05/2026 23:25,17.625,0.003,8.04
14/05/2026 22:55,17.625,0.003,8.04
14/05/2026 22:25,16.75,0.003,8.04
14/05/2026 21:55,16.75,0.003,8.04
14/05/2026 21:25,16.75,0.003,8.04
14/05/2026 20:55,16.75,0.003,8.04
14/05/2026 20:25,16.875,0.003,8.03
14/05/2026 19:55,16.625,0.003,8.03
14/05/2026 19:25,15.75,0.003,8.04
14/05/2026 18:55,16.625,0.003,8.03
14/05/2026 18:25,16.5,0.003,8.03
14/05/2026 17:55,16.375,0.003,8.03
14/05/2026 17:55,16.375,0.003,8.03
14/05/2026 17:25,16.25,0.003,8.03
14/05/2026 16:55,16.25,0.003,8.03
14/05/2026 16:25,16,0.003,8.03
14/05/2026 15:55,16.125,0.003,8.03
14/05/2026 15:25,15.875,0.003,8.03
14/05/2026 14:55,15.75,0.003,8.02
14/05/2026 14:25,15.875,0.003,8.02
14/05/2026 13:55,14.75,0.003,8.02
14/05/2026 13:25,15.375,0.003,8.02
14/05/2026 12:55,15.25,0.003,8.02
14/05/2026 12:25,15.25,0.003,8.02
14/05/2026 11:55,15.125,0.003,8.02
14/05/2026 11:25,15,0.003,8.02
14/05/2026 10:55,15,0.003,8.02
14/05/2026 10:25,15,0.003,8.02
14/05/2026 09:55,15,0.003,8.02
14/05/2026 09:25,15.125,0.003,8.02
14/05/2026 08:55,14.875,0.003,8.02
14/05/2026 08:25,14.875,0.003,8.02
14/05/2026 07:55,15,0.003,8.02
14/05/2026 07:55,15,0.003,8.02
14/05/2026 07:25,15.25,0.003,8.02
14/05/2026 06:55,15.375,0.003,8.02
14/05/2026 06:25,15.25,0.003,8.02
14/05/2026 05:55,15.25,0.003,8.02
14/05/2026 05:25,15.25,0.003,8.02
14/05/2026 04:55,15,0.003,8.02
14/05/2026 04:25,15.25,0.003,8.02
14/05/2026 04:25,15.25,0.003,8.02
14/05/2026 03:55,15.125,0.003,8.02
14/05/2026 03:25,15.125,0.003,8.02
14/05/2026 02:55,15.25,0.003,8.02
14/05/2026 02:25,15.375,0.003,8.02
14/05/2026 01:55,15.25,0.003,8.02
14/05/2026 01:25,15.5,0.003,8.02
14/05/2026 00:55,15.625,0.003,8.02
14/05/2026 00:25,16.625,0.003,8.02
13/05/2026 23:55,14.75,0.003,8.02
13/05/2026 23:25,15.75,0.003,8.02
13/05/2026 22:55,15.75,0.003,8.02
13/05/2026 22:25,15.75,0.003,8.02
13/05/2026 21:55,15.875,0.003,8.03
13/05/2026 21:25,15.875,0.003,8.03
13/05/2026 20:55,16,0.003,8.03
13/05/2026 20:25,15.875,0.003,8.03
13/05/2026 19:55,16,0.003,8.03
13/05/2026 19:25,16.125,0.003,8.03
13/05/2026 18:55,16,0.003,8.03
13/05/2026 18:25,16,0.003,8.03
13/05/2026 17:55,16.125,0.003,8.03
13/05/2026 17:25,16.125,0.003,8.03
13/05/2026 16:55,16,0.003,8.03
13/05/2026 16:55,16,0.003,8.03
13/05/2026 16:25,16,0.003,8.02
13/05/2026 15:55,16.125,0.003,8.02
13/05/2026 15:25,16,0.003,8.02
13/05/2026 14:55,15.625,0.003,8.02
13/05/2026 14:25,15.375,0.003,8.02
13/05/2026 13:55,15.375,0.003,8.02
13/05/2026 13:25,15.125,0.003,8.02
13/05/2026 12:55,15.25,0.003,8.01
13/05/2026 12:25,14.875,0.003,8.02
13/05/2026 11:55,14.875,0.003,8.01
13/05/2026 11:25,15.125,0.003,8.01
13/05/2026 10:55,15,0.003,8.01
13/05/2026 10:25,14.75,0.003,8.01
13/05/2026 09:55,15.125,0.003,8.01
13/05/2026 09:25,14.875,0.003,8.01
13/05/2026 08:55,15.125,0.003,8.01
13/05/2026 08:25,15,0.003,8.01
13/05/2026 07:55,14.875,0.003,8.02
13/05/2026 07:25,15.375,0.003,8.02
13/05/2026 06:55,15.25,0.003,8.02
13/05/2026 06:25,15.125,0.003,8.02
13/05/2026 05:55,15.125,0.003,8.02
13/05/2026 05:55,15.125,0.003,8.02
13/05/2026 05:25,15.375,0.003,8.02
13/05/2026 04:55,15.125,0.003,8.02
13/05/2026 04:25,15.25,0.003,8.02
13/05/2026 03:55,15.375,0.003,8.02
13/05/2026 03:25,15.25,0.003,8.02
13/05/2026 02:55,15,0.003,8.02
13/05/2026 02:25,15.25,0.003,8.02
13/05/2026 01:55,15.375,0.003,8.02
13/05/2026 01:25,15.375,0.003,8.02
13/05/2026 00:55,15.375,0.003,8.02
13/05/2026 00:25,15.375,0.003,8.02
12/05/2026 23:55,15.375,0.003,8.02
12/05/2026 23:25,15.375,0.003,8.02
12/05/2026 22:55,14.75,0.003,8.02
12/05/2026 22:25,15.5,0.003,8.02
12/05/2026 21:55,16.625,0.003,8.02
12/05/2026 21:25,15.5,0.003,8.02
12/05/2026 20:55,16.625,0.003,8.02
12/05/2026 20:25,15.75,0.003,8.02
12/05/2026 19:55,15.75,0.003,8.02
12/05/2026 19:25,15.875,0.003,8.02
12/05/2026 18:55,16,0.003,8.02
12/05/2026 18:25,15.875,0.003,8.02
12/05/2026 17:55,15.75,0.003,8.02
12/05/2026 17:25,15.875,0.003,8.02
12/05/2026 16:55,15,0.003,8.02
12/05/2026 16:25,15.625,0.003,8.02
12/05/2026 15:55,15.875,0.003,8.02
12/05/2026 15:25,15.375,0.003,8.02
12/05/2026 14:55,15.25,0.003,8.01
12/05/2026 14:25,15.25,0.003,8.01
12/05/2026 13:55,14.875,0.003,8.01
12/05/2026 13:25,15,0.003,8.01
12/05/2026 12:55,15,0.003,8.01
12/05/2026 12:25,14.875,0.003,8.01
12/05/2026 11:55,14.875,0.003,8.01
12/05/2026 11:25,15.625,0.003,8.01
12/05/2026 10:55,15,0.003,8.01
12/05/2026 10:25,14.875,0.003,8.01
12/05/2026 09:55,15.125,0.003,8.01
12/05/2026 09:25,15.125,0.003,8.01
12/05/2026 08:55,15,0.003,8.01
12/05/2026 08:25,14.75,0.003,8.01
12/05/2026 07:55,15,0.003,8.01
12/05/2026 07:25,15,0.003,8.01
12/05/2026 06:55,14.875,0.003,8.01
12/05/2026 06:25,15.25,0.003,8.01
12/05/2026 05:55,15.25,0.003,8.01
12/05/2026 05:25,15,0.003,8.01
12/05/2026 04:55,15,0.003,8.01
12/05/2026 04:25,15.25,0.003,8.01
12/05/2026 03:55,15,0.003,8.01
12/05/2026 03:25,15.25,0.003,8.01
12/05/2026 02:55,15.25,0.003,8.01
12/05/2026 02:25,15.25,0.003,8.01
12/05/2026 01:55,15.25,0.003,8.01
12/05/2026 01:25,15.375,0.003,8.01
12/05/2026 00:55,15.125,0.003,8.01
12/05/2026 00:25,15.25,0.003,8.01
11/05/2026 23:55,15.25,0.003,8.01
11/05/2026 23:25,15.25,0.003,8.01
11/05/2026 22:55,15.25,0.003,8.01
11/05/2026 22:25,15.5,0.003,8.01
11/05/2026 21:55,15.625,0.003,8.01
11/05/2026 21:25,15.625,0.003,8.01
11/05/2026 20:55,16.5,0.003,8.01
11/05/2026 20:25,15.75,0.003,8.01
11/05/2026 20:25,15.75,0.003,8.01
11/05/2026 19:55,15.75,0.003,8.01
11/05/2026 19:25,14.75,0.003,8.01
11/05/2026 18:55,16.625,0.003,8.01
11/05/2026 18:25,15.75,0.003,8
11/05/2026 17:55,15.75,0.003,8
11/05/2026 17:25,15.75,0.003,8
11/05/2026 17:25,15.75,0.003,8
11/05/2026 16:55,14.75,0.003,8
11/05/2026 16:25,15.875,0.003,8
11/05/2026 15:55,15.75,0.003,8
11/05/2026 15:25,15.875,0.003,8
11/05/2026 14:55,15.875,0.003,8
11/05/2026 14:25,15.75,0.003,8
11/05/2026 13:55,15.5,0.003,8
11/05/2026 13:25,15.625,0.003,8
11/05/2026 12:55,15.375,0.003,8
11/05/2026 12:25,15.25,0.003,8
11/05/2026 12:25,15.25,0.003,8
11/05/2026 11:55,15,0.003,8.01
11/05/2026 11:25,15,0.003,8.01
11/05/2026 10:55,14.75,0.003,8.02
11/05/2026 10:25,14.875,0.003,8.02
11/05/2026 09:55,15,0.003,8.02
11/05/2026 09:25,14.875,0.003,8.02
11/05/2026 08:55,14.875,0.003,8.02
11/05/2026 08:25,14.875,0.003,8.02
11/05/2026 07:55,14.875,0.003,8.02
11/05/2026 07:25,15,0.003,8.02
11/05/2026 06:55,15.375,0.003,8.02
11/05/2026 06:25,15.25,0.003,8.03
11/05/2026 05:55,15,0.003,8.03
11/05/2026 05:25,15,0.003,8.02
11/05/2026 04:55,15.125,0.003,8.02
11/05/2026 04:25,15,0.003,8.02
11/05/2026 03:55,15.125,0.003,8.02
11/05/2026 03:25,15.125,0.003,8.02
11/05/2026 02:55,15.375,0.003,8.02
11/05/2026 02:25,15.125,0.003,8.02
11/05/2026 01:55,15.25,0.003,8.02
11/05/2026 01:25,15,0.003,8.02
11/05/2026 00:55,15.25,0.003,8.02
11/05/2026 00:25,15.25,0.003,8.02
10/05/2026 23:55,15.375,0.003,8.02
10/05/2026 23:25,15.25,0.003,8.02
10/05/2026 22:55,15,0.003,8.02
10/05/2026 22:25,15,0.003,8.02
10/05/2026 21:55,15.25,0.003,8.02
10/05/2026 21:25,15.5,0.003,8.02
10/05/2026 20:55,15.375,0.003,8.02
10/05/2026 20:25,15.375,0.003,8.02
10/05/2026 19:55,15.375,0.003,8.02
10/05/2026 19:25,15.5,0.003,8.02
10/05/2026 18:55,15.5,0.003,8.02
10/05/2026 18:25,16.375,0.003,8.02
10/05/2026 17:55,14.75,0.003,8.02
10/05/2026 17:25,15.5,0.003,8.02
10/05/2026 16:55,15.5,0.003,8.02
10/05/2026 16:25,15.5,0.003,8.01
10/05/2026 15:55,15.5,0.003,8.01
10/05/2026 15:25,15.25,0.003,8.01
10/05/2026 14:55,15.25,0.003,8.01
10/05/2026 14:25,15.125,0.003,8.01
10/05/2026 13:55,15.125,0.003,8.01
10/05/2026 13:25,15.375,0.003,8.01
10/05/2026 12:55,15.125,0.003,8.01
10/05/2026 12:25,15.125,0.003,8.01
10/05/2026 11:55,15.125,0.003,8.01
10/05/2026 11:25,15,0.003,8
10/05/2026 10:55,14.875,0.003,8
10/05/2026 10:25,15,0.003,8
10/05/2026 09:55,15,0.003,8
10/05/2026 09:25,15,0.003,8
10/05/2026 08:55,15,0.003,8
10/05/2026 08:25,15,0.003,8
10/05/2026 07:55,14.875,0.003,8
10/05/2026 07:25,15.25,0.003,8
10/05/2026 06:55,15.125,0.003,8
10/05/2026 06:25,15.25,0.003,7.99
10/05/2026 05:55,15,0.003,7.99
10/05/2026 05:25,14.875,0.003,7.99
10/05/2026 04:55,15.125,0.003,7.99
10/05/2026 04:25,15.25,0.003,7.99
10/05/2026 03:55,15.125,0.003,7.99
10/05/2026 03:25,15,0.003,7.99
10/05/2026 02:55,15.125,0.003,7.99
10/05/2026 02:25,15.125,0.003,7.99
10/05/2026 01:55,15.125,0.003,7.99
10/05/2026 01:25,14.875,0.003,7.98
10/05/2026 00:55,15,0.003,7.98
10/05/2026 00:25,15.25,0.003,7.98
09/05/2026 23:55,15,0.003,7.98
09/05/2026 23:25,15.125,0.003,7.98
09/05/2026 22:55,15.25,0.003,7.98
09/05/2026 22:25,15.25,0.003,7.98
09/05/2026 21:55,15.25,0.003,7.98
09/05/2026 21:25,15.25,0.003,7.97
09/05/2026 20:55,15.5,0.003,7.98
09/05/2026 20:25,15.25,0.003,7.97
09/05/2026 20:25,15.25,0.003,7.97
09/05/2026 19:55,15.5,0.003,7.97
09/05/2026 19:25,15.625,0.003,7.97
09/05/2026 18:55,15.375,0.003,7.97
09/05/2026 18:25,15.625,0.003,7.97
09/05/2026 17:55,15.375,0.003,7.97
09/05/2026 17:25,15.375,0.003,7.96
09/05/2026 16:55,15.5,0.003,7.97
09/05/2026 16:25,15.625,0.003,7.97
09/05/2026 15:55,15.5,0.003,7.96
09/05/2026 15:25,15.375,0.003,7.96
09/05/2026 14:55,15.375,0.003,7.96
09/05/2026 14:25,15.125,0.003,7.96
09/05/2026 13:55,15.25,0.003,7.95
09/05/2026 13:25,14.875,0.003,7.95
09/05/2026 12:55,15.125,0.003,7.95
09/05/2026 12:25,15.125,0.003,7.95
09/05/2026 11:55,15,0.003,7.95
09/05/2026 11:25,15,0.003,7.95
09/05/2026 10:55,14.75,0.003,7.95
09/05/2026 10:55,14.75,0.003,7.95
09/05/2026 10:25,14.875,0.003,7.95
09/05/2026 09:55,15,0.003,7.95
09/05/2026 09:25,15,0.003,7.95
09/05/2026 08:55,14.875,0.003,7.96
09/05/2026 08:25,14.875,0.003,7.96
09/05/2026 07:55,14.875,0.003,7.96
09/05/2026 07:25,15.125,0.003,7.96
09/05/2026 06:55,15.125,0.003,7.96
09/05/2026 06:25,15.125,0.003,7.96
09/05/2026 05:55,15,0.003,7.96
09/05/2026 05:25,15,0.003,7.96
09/05/2026 04:55,15.25,0.003,7.96
09/05/2026 04:25,15.125,0.003,7.96
09/05/2026 03:55,15.125,0.003,7.96
09/05/2026 03:25,15,0.003,7.95
09/05/2026 02:55,15.25,0.003,7.95
09/05/2026 02:25,15.25,0.003,7.95
09/05/2026 01:55,15.25,0.003,7.94
09/05/2026 01:25,15.25,0.003,7.94
09/05/2026 00:55,15.125,0.003,7.93
09/05/2026 00:25,15.375,0.003,7.92
08/05/2026 23:55,15.375,0.003,7.92
08/05/2026 23:25,15.5,0.003,7.92
08/05/2026 22:55,15.5,0.003,7.94
08/05/2026 22:25,15.375,0.003,7.94
08/05/2026 21:55,15.25,0.003,7.94
08/05/2026 21:25,15.375,0.003,7.94
08/05/2026 20:55,15.625,0.003,7.93
08/05/2026 20:25,14.75,0.003,7.92
08/05/2026 19:55,15.625,0.003,7.91
08/05/2026 19:55,15.625,0.003,7.91
08/05/2026 19:25,15.5,0.003,7.9
08/05/2026 18:55,15.625,0.003,7.88
08/05/2026 18:25,15.625,0.003,7.85
08/05/2026 17:55,15.5,0.003,7.81
08/05/2026 17:25,15.5,0.003,7.76
08/05/2026 16:55,15.375,0.003,7.68
08/05/2026 16:25,15.375,0.003,7.57
08/05/2026 16:12,15.625,0.003,7.51
08/05/2026 15:55,14.75,0.003,7.39
08/05/2026 15:25,14.75,0.003,7.1
08/05/2026 14:55,15.625,0.003,6.83
08/05/2026 14:25,15.5,0.003,6.66
08/05/2026 13:55,15.5,0.003,6.58
08/05/2026 13:25,15.375,0.003,6.54
08/05/2026 12:55,15.375,0.003,6.53
08/05/2026 12:55,15.25,0.003,6.64
01/05/2026 09:25,14.875,0.004,7.92
01/05/2026 08:55,15,0.004,7.92
01/05/2026 08:25,15,0.004,7.92
01/05/2026 07:55,14.875,0.004,7.92
01/05/2026 07:25,14.875,0.004,7.92
01/05/2026 06:55,14.75,0.004,7.92
01/05/2026 06:25,14.875,0.004,7.92
01/05/2026 05:55,14.875,0.004,7.92
01/05/2026 05:25,14.875,0.004,7.92
01/05/2026 04:55,14.75,0.004,7.92
01/05/2026 04:25,14.875,0.004,7.92
01/05/2026 03:55,15.125,0.004,7.92
01/05/2026 03:25,14.875,0.004,7.92
01/05/2026 02:55,15,0.004,7.92
01/05/2026 02:25,15,0.004,7.92
01/05/2026 01:55,14.875,0.004,7.92
01/05/2026 01:25,15,0.004,7.92
01/05/2026 00:55,14.875,0.004,7.92
01/05/2026 00:25,14.875,0.004,7.92
30/04/2026 23:55,15.125,0.004,7.92
30/04/2026 23:25,15.375,0.004,7.92
30/04/2026 22:55,15,0.004,7.92
30/04/2026 22:25,15.125,0.004,7.92
30/04/2026 21:55,15.125,0.004,7.92
30/04/2026 21:25,15.25,0.004,7.92
30/04/2026 20:55,15.25,0.004,7.92
30/04/2026 20:25,15.125,0.004,7.92
30/04/2026 19:55,15.25,0.004,7.92
30/04/2026 19:25,15.125,0.004,7.92
30/04/2026 18:55,15.125,0.004,7.92
30/04/2026 18:25,15,0.004,7.92
30/04/2026 17:55,15.25,0.004,7.91
30/04/2026 17:25,15.25,0.004,7.91
30/04/2026 16:55,15.125,0.004,7.91
30/04/2026 16:25,14.875,0.004,7.91
30/04/2026 15:55,15.125,0.004,7.91
30/04/2026 15:25,15.125,0.004,7.91
30/04/2026 14:55,15,0.004,7.91
30/04/2026 14:25,14.875,0.004,7.91
30/04/2026 13:55,15.125,0.004,7.91
30/04/2026 13:25,14.875,0.004,7.91
30/04/2026 12:55,15,0.004,7.9
30/04/2026 12:25,14.875,0.004,7.91
30/04/2026 11:55,14.875,0.004,7.91
30/04/2026 11:25,14.875,0.004,7.9
30/04/2026 10:55,14.75,0.004,7.9
30/04/2026 10:25,14.75,0.004,7.91
30/04/2026 09:55,14.75,0.004,7.9
30/04/2026 09:25,15,0.004,7.91
30/04/2026 08:55,15.125,0.004,7.91
30/04/2026 08:25,14.875,0.004,7.91
30/04/2026 07:55,14.875,0.004,7.9
30/04/2026 07:25,14.875,0.004,7.91
30/04/2026 06:55,15,0.004,7.9
30/04/2026 06:25,15.25,0.004,7.91
30/04/2026 05:55,15.125,0.004,7.91
30/04/2026 05:25,15,0.004,7.9
30/04/2026 04:55,15,0.004,7.9
30/04/2026 04:25,15,0.004,7.9
30/04/2026 03:55,15.125,0.004,7.9
30/04/2026 03:25,15.125,0.004,7.9
30/04/2026 02:55,14.75,0.004,7.9
30/04/2026 02:25,15,0.004,7.9
30/04/2026 01:55,15,0.004,7.9
30/04/2026 01:25,14.875,0.004,7.9
30/04/2026 00:55,14.875,0.004,7.9
30/04/2026 00:25,15,0.004,7.9
29/04/2026 23:55,15.125,0.004,7.9
29/04/2026 23:25,15.125,0.004,7.9
29/04/2026 22:55,15,0.004,7.89
29/04/2026 22:25,15.125,0.004,7.89
29/04/2026 21:55,15.125,0.004,7.89
29/04/2026 21:25,15.125,0.004,7.89
29/04/2026 20:55,15.25,0.004,7.89
29/04/2026 20:25,15.125,0.004,7.89
29/04/2026 20:25,15.125,0.004,7.89
29/04/2026 19:55,15.125,0.004,7.89
29/04/2026 19:25,15.375,0.004,7.89
29/04/2026 18:55,15.125,0.004,7.89
29/04/2026 18:25,15.375,0.004,7.89
29/04/2026 17:55,15.25,0.004,7.88
29/04/2026 17:25,15.25,0.004,7.88
29/04/2026 16:55,15.125,0.004,7.88
29/04/2026 16:25,15.25,0.004,7.88
29/04/2026 15:55,15.125,0.004,7.88
29/04/2026 15:55,15.125,0.004,7.88
29/04/2026 15:25,15.125,0.004,7.88
29/04/2026 14:55,15,0.004,7.87
29/04/2026 14:25,15.125,0.004,7.87
29/04/2026 13:55,15,0.004,7.87
29/04/2026 13:25,15.375,0.004,7.87
29/04/2026 12:55,15.25,0.004,7.86
29/04/2026 12:25,15.125,0.004,7.86
29/04/2026 11:55,15.125,0.004,7.86
29/04/2026 11:25,14.875,0.004,7.86
29/04/2026 10:55,15.125,0.004,7.86
29/04/2026 10:25,15,0.004,7.85
29/04/2026 09:55,15,0.004,7.85
29/04/2026 09:25,14.875,0.004,7.85
29/04/2026 08:55,15,0.004,7.84
29/04/2026 08:25,15.25,0.004,7.84
29/04/2026 07:55,15,0.004,7.84
29/04/2026 07:25,15,0.004,7.83
29/04/2026 06:55,15,0.004,7.83
29/04/2026 06:25,15.125,0.004,7.82
29/04/2026 05:55,15,0.004,7.82
29/04/2026 05:25,15.25,0.004,7.82
29/04/2026 04:55,15.25,0.004,7.82
29/04/2026 04:25,15.25,0.003,7.81
29/04/2026 03:55,15.25,0.004,7.81
29/04/2026 03:25,15.25,0.004,7.81
29/04/2026 02:55,15.25,0.004,7.8
29/04/2026 02:25,15.375,0.004,7.8
29/04/2026 01:55,15.5,0.004,7.8
29/04/2026 01:25,15.25,0.004,7.79
29/04/2026 00:55,15.25,0.004,7.79
29/04/2026 00:25,15.5,0.004,7.79
28/04/2026 23:55,15.5,0.004,7.78
28/04/2026 23:25,15.5,0.004,7.78
28/04/2026 22:55,15.375,0.004,7.78
28/04/2026 22:25,15.5,0.004,7.77
28/04/2026 21:55,15.625,0.004,7.76
28/04/2026 21:25,15.5,0.004,7.75
28/04/2026 20:55,15.625,0.004,7.75
28/04/2026 20:25,14.75,0.004,7.74
28/04/2026 19:55,14.75,0.004,7.74
28/04/2026 19:25,15.75,0.004,7.73
28/04/2026 18:55,16.625,0.004,7.73
28/04/2026 18:25,15.625,0.004,7.73
28/04/2026 17:55,15.625,0.004,7.72
28/04/2026 17:25,15.75,0.004,7.71
28/04/2026 16:55,15.75,0.004,7.7
28/04/2026 16:25,15.625,0.004,7.69
28/04/2026 16:25,15.625,0.004,7.69
28/04/2026 15:55,15.5,0.004,7.69
28/04/2026 15:25,15.625,0.004,7.69
28/04/2026 14:55,15.375,0.004,7.7
28/04/2026 14:25,15.625,0.004,7.71
28/04/2026 13:55,15.625,0.003,7.72
28/04/2026 13:25,15.375,0.004,7.74
28/04/2026 12:55,15.25,0.003,7.76
28/04/2026 12:25,15.25,0.003,7.78
28/04/2026 11:55,15.375,0.003,7.8
28/04/2026 11:25,15.125,0.003,7.8
28/04/2026 10:55,15.125,0.003,7.81
28/04/2026 10:25,14.875,0.003,7.83
28/04/2026 09:55,15.25,0.003,7.85
28/04/2026 09:25,15.125,0.003,7.87
28/04/2026 08:55,15,0.003,7.88
28/04/2026 08:25,14.875,0.003,7.88
28/04/2026 07:55,15,0.003,7.88
28/04/2026 07:25,15.125,0.003,7.88
28/04/2026 06:55,15,0.003,7.88
28/04/2026 06:25,15,0.003,7.87
28/04/2026 05:55,14.875,0.003,7.87
28/04/2026 05:25,15,0.003,7.87
28/04/2026 04:55,14.875,0.003,7.87
28/04/2026 04:25,15,0.003,7.87
28/04/2026 03:55,15,0.003,7.86
28/04/2026 03:25,15.25,0.003,7.86
28/04/2026 02:55,15,0.003,7.85
28/04/2026 02:25,15.125,0.003,7.85
28/04/2026 02:25,15.125,0.003,7.85
28/04/2026 01:55,15.125,0.003,7.84
28/04/2026 01:25,15,0.003,7.84
28/04/2026 00:55,15.125,0.003,7.84
28/04/2026 00:25,15.125,0.003,7.83
27/04/2026 23:55,15.5,0.003,7.83
27/04/2026 23:25,15.25,0.003,7.82
27/04/2026 22:55,15.375,0.003,7.82
27/04/2026 22:25,15.25,0.003,7.81
27/04/2026 21:55,15.375,0.003,7.8
27/04/2026 21:25,15.375,0.003,7.79
27/04/2026 20:55,15.5,0.003,7.79
27/04/2026 20:25,15.375,0.003,7.78
27/04/2026 19:55,15.5,0.003,7.77
27/04/2026 19:25,15.375,0.003,7.77
27/04/2026 18:55,15.5,0.003,7.77
27/04/2026 18:25,15.625,0.003,7.76
27/04/2026 17:55,15.5,0.003,7.77
27/04/2026 17:25,15.5,0.003,7.78
27/04/2026 16:55,15.25,0.003,7.78
27/04/2026 16:25,15.375,0.003,7.78
27/04/2026 15:55,15.375,0.003,7.79
27/04/2026 15:25,15.25,0.003,7.8
27/04/2026 14:55,15.375,0.003,7.8
27/04/2026 14:25,15.125,0.003,7.81
27/04/2026 13:55,15.125,0.003,7.83
27/04/2026 13:25,15,0.003,7.85
27/04/2026 12:55,15.125,0.003,7.87
27/04/2026 12:25,15,0.003,7.88
27/04/2026 11:55,14.75,0.003,7.89
27/04/2026 11:25,15,0.003,7.9
27/04/2026 10:55,15,0.003,7.9
27/04/2026 10:25,14.875,0.003,7.91
27/04/2026 09:55,14.875,0.003,7.92
27/04/2026 09:25,15.625,0.003,7.93
27/04/2026 08:55,14.75,0.003,7.94
27/04/2026 08:25,14.75,0.003,7.95
27/04/2026 07:55,15,0.003,7.95
27/04/2026 07:55,15,0.003,7.95
27/04/2026 07:25,14.75,0.003,7.95
27/04/2026 06:55,15,0.003,7.95
27/04/2026 06:25,13.875,0.003,7.95
27/04/2026 05:55,14.875,0.003,7.95
27/04/2026 05:25,14.75,0.003,7.95
27/04/2026 04:55,15,0.003,7.95
27/04/2026 04:25,14.75,0.003,7.95
27/04/2026 03:55,15,0.003,7.95
27/04/2026 03:25,14.875,0.003,7.95
27/04/2026 02:55,14.75,0.003,7.95
27/04/2026 02:25,14.875,0.003,7.95
27/04/2026 01:55,14.75,0.003,7.95
27/04/2026 01:25,15,0.003,7.95
27/04/2026 00:55,15,0.003,7.95
27/04/2026 00:25,14.75,0.003,7.95
26/04/2026 23:55,15,0.003,7.95
26/04/2026 23:25,14.875,0.003,7.95
26/04/2026 22:55,14.875,0.003,7.95
26/04/2026 22:25,15.125,0.003,7.95
26/04/2026 21:55,15,0.003,7.95
26/04/2026 21:25,15.125,0.003,7.95
26/04/2026 20:55,15.125,0.003,7.95
26/04/2026 20:25,15.25,0.003,7.95
26/04/2026 20:25,15.25,0.003,7.95
26/04/2026 19:55,15.125,0.003,7.95
26/04/2026 19:25,15.125,0.003,7.95
26/04/2026 18:55,15.25,0.003,7.95
26/04/2026 18:25,15.25,0.003,7.95
26/04/2026 17:55,15.125,0.003,7.94
26/04/2026 17:25,15.25,0.003,7.95
26/04/2026 16:55,15.125,0.003,7.95
26/04/2026 16:25,15.125,0.003,7.95
26/04/2026 15:55,15.125,0.003,7.94
26/04/2026 15:25,15,0.003,7.94
26/04/2026 14:55,14.875,0.003,7.94
26/04/2026 14:25,14.875,0.003,7.94
26/04/2026 13:55,15,0.003,7.94
26/04/2026 13:25,14.875,0.003,7.94
26/04/2026 12:55,14.75,0.003,7.94
26/04/2026 12:25,14.875,0.003,7.94
26/04/2026 11:55,14.75,0.003,7.94
26/04/2026 11:25,14.875,0.003,7.94
26/04/2026 10:55,15.625,0.003,7.94
26/04/2026 10:25,15.625,0.003,7.95
26/04/2026 09:55,14.875,0.003,7.94
26/04/2026 09:25,15.125,0.003,7.94
26/04/2026 08:55,13.75,0.003,7.94
26/04/2026 08:25,14.75,0.003,7.94
26/04/2026 07:55,14.75,0.003,7.94
26/04/2026 07:25,14.75,0.003,7.94
26/04/2026 06:55,14.875,0.003,7.94
26/04/2026 06:25,15,0.003,7.94
26/04/2026 05:55,15,0.003,7.94
26/04/2026 05:25,14.75,0.003,7.94
26/04/2026 04:55,15,0.003,7.94
26/04/2026 04:25,14.875,0.003,7.94
26/04/2026 03:55,14.875,0.003,7.94
26/04/2026 03:25,14.875,0.003,7.94
26/04/2026 02:55,15,0.003,7.94
26/04/2026 02:25,15,0.003,7.94
26/04/2026 01:55,15,0.003,7.94
26/04/2026 01:25,15,0.003,7.94
26/04/2026 00:55,15,0.003,7.94
26/04/2026 00:25,14.875,0.003,7.94
25/04/2026 23:55,14.875,0.003,7.94
25/04/2026 23:25,14.875,0.003,7.94
25/04/2026 22:55,14.875,0.003,7.94
25/04/2026 22:25,15,0.003,7.94
25/04/2026 21:55,15,0.003,7.94
25/04/2026 21:25,14.875,0.003,7.94
25/04/2026 20:55,15.125,0.003,7.93
25/04/2026 20:25,15.125,0.003,7.94
25/04/2026 19:55,15.125,0.003,7.94
25/04/2026 19:25,15.25,0.003,7.93
25/04/2026 18:55,15.25,0.003,7.93
25/04/2026 18:25,15.125,0.003,7.93
25/04/2026 17:55,15.25,0.003,7.93
25/04/2026 17:25,15.125,0.003,7.93
25/04/2026 16:55,15.125,0.003,7.93
25/04/2026 16:25,15.125,0.003,7.93
25/04/2026 15:55,15,0.003,7.93
25/04/2026 15:25,15,0.003,7.93
25/04/2026 14:55,15,0.003,7.93
25/04/2026 14:25,14.875,0.003,7.93
25/04/2026 13:55,14.875,0.003,7.93
25/04/2026 13:25,14.875,0.003,7.93
25/04/2026 12:55,14.875,0.003,7.93
25/04/2026 12:25,14.75,0.003,7.93
25/04/2026 11:55,14.875,0.003,7.93
25/04/2026 11:25,14.875,0.003,7.93
25/04/2026 10:55,14.75,0.003,7.93
25/04/2026 10:25,15.625,0.003,7.92
25/04/2026 09:55,14.875,0.003,7.92
25/04/2026 09:25,15,0.003,7.92
25/04/2026 08:55,14.875,0.003,7.92
25/04/2026 08:25,15,0.003,7.92
25/04/2026 07:55,14.875,0.003,7.92
25/04/2026 07:25,14.75,0.003,7.92
25/04/2026 06:55,15,0.003,7.92
25/04/2026 06:25,15.125,0.003,7.92
25/04/2026 05:55,15,0.003,7.92
25/04/2026 05:25,14.875,0.003,7.92
25/04/2026 04:55,14.75,0.003,7.92
25/04/2026 04:25,14.75,0.003,7.92
25/04/2026 03:55,14.875,0.003,7.92
25/04/2026 03:25,15.625,0.003,7.92
25/04/2026 02:55,14.75,0.003,7.92
25/04/2026 02:25,13.875,0.003,7.92
25/04/2026 01:55,14.875,0.003,7.92
25/04/2026 01:25,14.875,0.003,7.92
25/04/2026 00:55,14.625,0.003,7.91
25/04/2026 00:55,14.625,0.003,7.91
25/04/2026 00:25,13.875,0.003,7.91
24/04/2026 23:55,14.625,0.003,7.91
24/04/2026 23:25,14.75,0.003,7.91
24/04/2026 22:55,15.625,0.003,7.91
24/04/2026 22:25,14.75,0.003,7.91
24/04/2026 21:55,15.625,0.003,7.91
24/04/2026 21:55,15.625,0.003,7.91
24/04/2026 21:25,14.875,0.003,7.91
24/04/2026 20:55,14.625,0.003,7.91
24/04/2026 20:25,14.5,0.003,7.91
24/04/2026 19:55,13.75,0.003,7.91
24/04/2026 19:25,15.625,0.003,7.91
24/04/2026 18:55,14.625,0.003,7.91
24/04/2026 18:25,14.625,0.003,7.91
24/04/2026 17:55,14.625,0.003,7.91
24/04/2026 17:25,14.75,0.003,7.91
24/04/2026 16:55,15.625,0.003,7.91
24/04/2026 16:25,15.625,0.003,7.92
24/04/2026 15:55,14.875,0.003,7.91
24/04/2026 15:25,15.625,0.003,7.92
24/04/2026 14:55,14.75,0.003,7.92
24/04/2026 14:25,14.75,0.003,7.92
24/04/2026 13:55,14.875,0.003,7.92
24/04/2026 13:25,13.75,0.003,7.93
24/04/2026 12:55,15,0.003,7.93
24/04/2026 12:25,15,0.003,7.94
24/04/2026 11:55,14.75,0.003,7.94
24/04/2026 11:25,14.875,0.003,7.94
24/04/2026 10:55,15,0.003,7.94
24/04/2026 10:25,14.75,0.003,7.94
24/04/2026 09:55,15,0.003,7.94
24/04/2026 09:25,14.75,0.003,7.94
24/04/2026 08:55,15,0.003,7.94
24/04/2026 08:55,15,0.003,7.94
24/04/2026 08:25,15,0.003,7.94
24/04/2026 07:55,15,0.003,7.94
24/04/2026 07:25,14.875,0.003,7.94
24/04/2026 06:55,15,0.003,7.94
24/04/2026 06:25,14.875,0.003,7.94
24/04/2026 05:55,14.875,0.003,7.94
24/04/2026 05:25,14.875,0.003,7.94
24/04/2026 04:55,14.875,0.003,7.94
24/04/2026 04:25,14.875,0.003,7.94
24/04/2026 03:55,15,0.003,7.94
24/04/2026 03:25,15,0.003,7.94
24/04/2026 02:55,14.875,0.003,7.94
24/04/2026 02:25,15,0.003,7.94
24/04/2026 01:55,15.375,0.003,7.94
24/04/2026 01:25,15.125,0.003,7.94
24/04/2026 01:25,15.125,0.003,7.94
24/04/2026 00:55,15,0.003,7.94
24/04/2026 00:25,15.125,0.003,7.94
23/04/2026 23:55,15.25,0.003,7.94
23/04/2026 23:25,15.25,0.003,7.94
23/04/2026 22:55,15.125,0.003,7.94
23/04/2026 22:25,15.25,0.003,7.94
23/04/2026 21:55,15.25,0.003,7.94
23/04/2026 21:25,15.125,0.003,7.94
23/04/2026 20:55,15.375,0.003,7.94
23/04/2026 20:25,15.375,0.003,7.94
23/04/2026 19:55,15.375,0.003,7.94
23/04/2026 19:25,15.375,0.003,7.94
23/04/2026 18:55,15.375,0.003,7.94
23/04/2026 18:25,15.5,0.003,7.94
23/04/2026 17:55,15.375,0.003,7.94
23/04/2026 17:25,15.375,0.003,7.94
23/04/2026 16:55,15.25,0.003,7.94
23/04/2026 16:25,15.375,0.003,7.94
23/04/2026 15:55,15.25,0.003,7.93
23/04/2026 15:25,15.375,0.003,7.94
23/04/2026 14:55,15.125,0.003,7.93
23/04/2026 14:25,15.25,0.003,7.93
23/04/2026 13:55,15.125,0.003,7.93
23/04/2026 13:25,15,0.003,7.93
23/04/2026 12:55,15.125,0.003,7.93
23/04/2026 12:25,15.25,0.003,7.93
23/04/2026 11:55,15,0.003,7.93
23/04/2026 11:25,15.125,0.003,7.93
23/04/2026 10:55,14.875,0.003,7.93
23/04/2026 10:25,15,0.003,7.93
23/04/2026 09:55,15,0.003,7.94
23/04/2026 09:25,15,0.003,7.94
23/04/2026 08:55,15,0.003,7.94
23/04/2026 08:25,15.125,0.003,7.94
23/04/2026 07:55,15,0.003,7.94
23/04/2026 07:25,15.25,0.003,7.94
23/04/2026 06:55,15.125,0.003,7.94
23/04/2026 06:25,15.125,0.003,7.94
23/04/2026 05:55,15.25,0.003,7.94
23/04/2026 05:25,15.25,0.003,7.94
23/04/2026 04:55,15.125,0.003,7.94
23/04/2026 04:25,15.25,0.003,7.94
23/04/2026 03:55,15,0.003,7.94
23/04/2026 03:25,15.25,0.003,7.94
23/04/2026 02:55,15,0.003,7.94
23/04/2026 02:25,15.125,0.003,7.94
23/04/2026 01:55,15.375,0.003,7.94
23/04/2026 01:25,15.5,0.003,7.94
23/04/2026 00:55,15.25,0.003,7.94
23/04/2026 00:25,15.375,0.003,7.94
22/04/2026 23:55,15.5,0.003,7.94
22/04/2026 23:25,15.25,0.003,7.94
22/04/2026 22:55,15.375,0.003,7.94
22/04/2026 22:25,15.25,0.003,7.94
22/04/2026 21:55,15.5,0.003,7.94
22/04/2026 21:25,15.625,0.003,7.94
22/04/2026 20:55,15.625,0.003,7.94
22/04/2026 20:25,15.625,0.003,7.94
22/04/2026 19:55,15.5,0.003,7.94
22/04/2026 19:25,15.5,0.003,7.94
22/04/2026 18:55,14.75,0.003,7.94
22/04/2026 18:25,15.625,0.003,7.94
22/04/2026 17:55,16.5,0.003,7.94
22/04/2026 17:25,15.625,0.003,7.94
22/04/2026 16:55,15.625,0.003,7.94
22/04/2026 16:25,15.25,0.003,7.94
22/04/2026 15:55,15.375,0.003,7.94
22/04/2026 15:25,15.375,0.003,7.94
22/04/2026 14:55,15.125,0.003,7.94
22/04/2026 14:25,15.125,0.003,7.94
22/04/2026 13:55,15.375,0.003,7.93
22/04/2026 13:25,15.125,0.003,7.94
22/04/2026 12:55,15.375,0.003,7.93
22/04/2026 12:25,15,0.003,7.93
22/04/2026 11:55,15,0.003,7.93
22/04/2026 11:25,14.875,0.003,7.93
22/04/2026 10:55,15.125,0.003,7.93
22/04/2026 10:25,14.875,0.003,7.93
22/04/2026 09:55,14.875,0.003,7.93
22/04/2026 09:25,15,0.003,7.93
22/04/2026 08:55,14.75,0.003,7.93
22/04/2026 08:25,15,0.003,7.93
22/04/2026 07:55,15,0.003,7.93
22/04/2026 07:25,15,0.003,7.93
22/04/2026 06:55,15,0.003,7.93
22/04/2026 06:25,14.875,0.003,7.93
22/04/2026 05:55,15.125,0.003,7.93
22/04/2026 05:25,15,0.003,7.93
22/04/2026 04:55,14.875,0.003,7.93
22/04/2026 04:25,14.875,0.003,7.93
22/04/2026 03:55,14.875,0.003,7.93
22/04/2026 03:25,15.125,0.003,7.93
22/04/2026 02:55,15.125,0.003,7.93
22/04/2026 02:25,15,0.003,7.93
22/04/2026 01:55,15,0.003,7.93
22/04/2026 01:25,15.125,0.003,7.93
22/04/2026 00:55,14.875,0.003,7.93
22/04/2026 00:25,15.25,0.003,7.93
21/04/2026 23:55,15,0.003,7.93
21/04/2026 23:25,15,0.003,7.93
21/04/2026 22:55,14.875,0.003,7.93
21/04/2026 22:25,15.125,0.003,7.93
21/04/2026 21:55,15.125,0.003,7.93
21/04/2026 21:25,15.125,0.003,7.93
21/04/2026 20:55,15.25,0.003,7.93
21/04/2026 20:25,15.125,0.003,7.93
21/04/2026 19:55,15.125,0.003,7.93
21/04/2026 19:25,15.375,0.003,7.93
21/04/2026 18:55,15.125,0.003,7.93
21/04/2026 18:25,15.375,0.003,7.93
21/04/2026 17:55,15.625,0.003,7.93
21/04/2026 17:25,15.375,0.003,7.93
21/04/2026 16:55,15.625,0.003,7.93
21/04/2026 16:25,15.375,0.003,7.93
21/04/2026 15:55,15.375,0.003,7.93
21/04/2026 15:25,15.25,0.003,7.93
21/04/2026 14:55,15.125,0.003,7.92
21/04/2026 14:25,15.25,0.003,7.92
21/04/2026 13:55,15.125,0.003,7.93
21/04/2026 13:25,15,0.003,7.92
21/04/2026 12:55,15.125,0.003,7.92
21/04/2026 12:25,15.125,0.003,7.92
21/04/2026 11:55,15.125,0.003,7.92
21/04/2026 11:25,15,0.003,7.92
21/04/2026 10:55,15,0.003,7.92
21/04/2026 10:25,15.125,0.003,7.92
21/04/2026 09:55,15,0.003,7.92
21/04/2026 09:25,14.875,0.003,7.92
21/04/2026 08:55,15.125,0.003,7.92
21/04/2026 08:25,15.125,0.003,7.92
21/04/2026 07:55,15.125,0.004,7.92
21/04/2026 07:25,15.125,0.004,7.92
21/04/2026 06:55,15,0.004,7.92
21/04/2026 06:25,15,0.004,7.92
21/04/2026 05:55,15.25,0.004,7.92
21/04/2026 05:25,15.25,0.003,7.92
21/04/2026 04:55,15.25,0.004,7.92
21/04/2026 04:25,15,0.004,7.92
21/04/2026 03:55,15.125,0.004,7.92
21/04/2026 03:25,15.25,0.004,7.92
21/04/2026 02:55,15,0.004,7.92
21/04/2026 02:25,15,0.004,7.91
21/04/2026 01:55,15.125,0.004,7.91
21/04/2026 01:25,15.125,0.004,7.91
21/04/2026 00:55,15.125,0.004,7.91
21/04/2026 00:25,15.25,0.004,7.91
20/04/2026 23:55,15.125,0.004,7.91
20/04/2026 23:25,15.125,0.004,7.91
20/04/2026 22:55,15.375,0.004,7.91
20/04/2026 22:25,15.25,0.004,7.91
20/04/2026 21:55,15.375,0.004,7.91
20/04/2026 21:25,15.5,0.004,7.91
20/04/2026 20:55,15.125,0.004,7.9
20/04/2026 20:25,15.25,0.004,7.9
20/04/2026 19:55,15.25,0.004,7.9
20/04/2026 19:25,15.375,0.004,7.9
20/04/2026 18:55,15.5,0.004,7.9
20/04/2026 18:25,15.25,0.004,7.9
20/04/2026 17:55,15.25,0.004,7.9
20/04/2026 17:25,15.25,0.004,7.9
20/04/2026 16:55,15.5,0.004,7.9
20/04/2026 16:25,15.25,0.004,7.9
20/04/2026 15:55,15.125,0.004,7.9
20/04/2026 15:25,15,0.004,7.91
20/04/2026 14:55,15.25,0.004,7.91
20/04/2026 14:25,15.125,0.003,7.92
20/04/2026 13:55,15.125,0.004,7.93
20/04/2026 13:25,15,0.003,7.93
20/04/2026 12:55,15,0.003,7.93
20/04/2026 12:25,15.125,0.003,7.93
20/04/2026 11:55,15.125,0.003,7.93
20/04/2026 11:25,15,0.004,7.93
20/04/2026 10:55,15.125,0.003,7.93
20/04/2026 10:25,15,0.003,7.93
20/04/2026 09:55,15,0.003,7.93
20/04/2026 09:25,15,0.004,7.93
20/04/2026 08:55,15.125,0.004,7.93
20/04/2026 08:25,15.125,0.003,7.93
20/04/2026 07:55,15,0.003,7.93
20/04/2026 07:25,15.125,0.003,7.93
20/04/2026 06:55,15.25,0.004,7.93
20/04/2026 06:25,15,0.003,7.93
20/04/2026 05:55,15.25,0.003,7.93
20/04/2026 05:25,15,0.003,7.93
20/04/2026 05:25,15,0.003,7.93
20/04/2026 04:55,15.125,0.003,7.93
20/04/2026 04:25,15.125,0.004,7.94
20/04/2026 03:55,15,0.004,7.93
20/04/2026 03:25,15.25,0.003,7.93
20/04/2026 02:55,15.25,0.004,7.94
20/04/2026 02:25,15,0.004,7.93
20/04/2026 01:55,15.25,0.004,7.93
20/04/2026 01:25,15.25,0.003,7.94
20/04/2026 00:55,15.25,0.003,7.93
20/04/2026 00:25,15.125,0.003,7.94
19/04/2026 23:55,15.25,0.004,7.94
19/04/2026 23:25,15.25,0.004,7.94
19/04/2026 22:55,15,0.004,7.94
19/04/2026 22:25,15.125,0.004,7.94
19/04/2026 21:55,15.25,0.004,7.94
19/04/2026 21:25,15.375,0.004,7.93
19/04/2026 20:55,15.25,0.004,7.94
19/04/2026 20:25,15.25,0.004,7.94
19/04/2026 19:55,15.375,0.004,7.94
19/04/2026 19:25,15.25,0.004,7.93
19/04/2026 18:55,15.375,0.004,7.93
19/04/2026 18:25,15.375,0.004,7.93
19/04/2026 17:55,15.25,0.004,7.93
19/04/2026 17:25,15.5,0.004,7.93
19/04/2026 16:55,15.5,0.004,7.93
19/04/2026 16:55,15.5,0.004,7.93
19/04/2026 16:25,15.25,0.004,7.93
19/04/2026 15:55,15.25,0.004,7.93
19/04/2026 15:25,15.375,0.004,7.93
19/04/2026 14:55,15.375,0.004,7.93
19/04/2026 14:25,15.25,0.004,7.93
19/04/2026 13:55,15,0.004,7.93
19/04/2026 13:25,15.125,0.004,7.93
19/04/2026 12:55,15.25,0.003,7.93
19/04/2026 12:25,15.125,0.003,7.93
19/04/2026 11:55,15,0.003,7.93
19/04/2026 11:25,15,0.004,7.93
19/04/2026 10:55,15,0.003,7.93
19/04/2026 10:25,15,0.004,7.93
19/04/2026 09:55,14.875,0.004,7.93
19/04/2026 09:25,15,0.003,7.93
19/04/2026 09:21,14.875,0.003,7.93
19/04/2026 08:25,15.125,0.004,7.93
19/04/2026 07:55,15,0.003,7.93
19/04/2026 07:25,14.875,0.003,7.93
19/04/2026 06:55,15,0.003,7.93
19/04/2026 06:25,15,0.004,7.93
19/04/2026 05:55,15.25,0.004,7.93
19/04/2026 05:25,15,0.003,7.93
19/04/2026 04:55,15.125,0.004,7.93
19/04/2026 04:25,15.25,0.003,7.93
19/04/2026 03:55,15.25,0.004,7.93
19/04/2026 03:25,15.125,0.004,7.93
19/04/2026 02:55,15.25,0.003,7.93
19/04/2026 02:25,15.125,0.004,7.93
19/04/2026 01:55,15.25,0.003,7.93
19/04/2026 01:25,15.25,0.003,7.93
19/04/2026 00:55,15.25,0.003,7.93
19/04/2026 00:25,15,0.004,7.93
18/04/2026 23:55,15.375,0.004,7.93
18/04/2026 23:55,15.375,0.004,7.93
18/04/2026 23:25,15.25,0.004,7.93
18/04/2026 22:55,15.5,0.004,7.93
18/04/2026 22:25,15.375,0.004,7.93
18/04/2026 21:55,15.5,0.003,7.93
18/04/2026 21:25,15.5,0.004,7.93
18/04/2026 20:55,15.25,0.004,7.93
18/04/2026 20:25,15.5,0.004,7.93
18/04/2026 19:55,15.625,0.004,7.93
18/04/2026 19:25,15.5,0.004,7.93
18/04/2026 18:55,15.625,0.004,7.93
18/04/2026 18:25,15.375,0.004,7.93
18/04/2026 17:55,15.375,0.004,7.93
18/04/2026 17:25,15.5,0.004,7.93
18/04/2026 16:55,15.625,0.004,7.93
18/04/2026 16:25,15.375,0.004,7.93
18/04/2026 15:55,15.375,0.004,7.93
18/04/2026 15:25,15.375,0.004,7.93
18/04/2026 14:55,15.5,0.004,7.93
18/04/2026 14:55,15.5,0.004,7.93
18/04/2026 14:25,15.375,0.004,7.93
18/04/2026 13:55,15.375,0.003,7.93
18/04/2026 13:25,15.125,0.004,7.93
18/04/2026 12:55,15.125,0.004,7.93
18/04/2026 12:25,15.25,0.004,7.93
18/04/2026 11:55,15.125,0.004,7.93
18/04/2026 11:25,15.125,0.004,7.93
18/04/2026 10:55,15.125,0.004,7.92
18/04/2026 10:25,15.125,0.004,7.93
18/04/2026 09:55,15.125,0.003,7.93
18/04/2026 09:25,15.125,0.004,7.92
18/04/2026 08:55,15.125,0.004,7.93
18/04/2026 08:25,15.25,0.004,7.93
18/04/2026 07:55,15,0.004,7.93
18/04/2026 07:25,15.25,0.004,7.93
18/04/2026 06:55,15.375,0.004,7.93
18/04/2026 06:25,15.25,0.004,7.93
18/04/2026 05:55,15.125,0.004,7.93
18/04/2026 05:25,15.125,0.004,7.93
18/04/2026 04:55,15.25,0.004,7.93
18/04/2026 04:25,15.125,0.004,7.93
18/04/2026 03:55,15.375,0.004,7.93
18/04/2026 03:25,15,0.004,7.93
18/04/2026 02:55,15.125,0.004,7.93
18/04/2026 02:25,15.375,0.004,7.93
18/04/2026 01:55,15.125,0.004,7.93
18/04/2026 01:25,15.25,0.004,7.93
18/04/2026 00:55,15.25,0.004,7.93
18/04/2026 00:25,15.375,0.004,7.94
17/04/2026 23:55,15.375,0.004,7.94
17/04/2026 23:25,15.375,0.004,7.94
17/04/2026 22:55,15.375,0.004,7.94
17/04/2026 22:25,15.625,0.004,7.94
17/04/2026 21:55,15.25,0.004,7.94
17/04/2026 21:25,15.5,0.004,7.94
17/04/2026 20:55,15.625,0.004,7.94
17/04/2026 20:25,16.5,0.004,7.94
17/04/2026 19:55,14.75,0.004,7.94
17/04/2026 19:25,15.625,0.004,7.94
17/04/2026 18:55,15.5,0.004,7.94
17/04/2026 18:55,15.5,0.004,7.94
17/04/2026 18:25,15.375,0.004,7.94
17/04/2026 17:55,15.5,0.004,7.94
17/04/2026 17:25,15.375,0.004,7.94
17/04/2026 16:55,15.625,0.004,7.94
17/04/2026 16:25,15.5,0.004,7.94
17/04/2026 15:55,15.375,0.004,7.94
17/04/2026 15:25,15.25,0.004,7.94
17/04/2026 14:55,15.25,0.004,7.94
17/04/2026 14:55,15.25,0.004,7.94
17/04/2026 14:25,15.25,0.003,7.94
17/04/2026 13:55,15.25,0.003,7.93
17/04/2026 13:25,15.125,0.004,7.93
17/04/2026 12:55,15.25,0.004,7.93
17/04/2026 12:55,15.25,0.004,7.93
17/04/2026 12:25,15.125,0.004,7.93
17/04/2026 11:55,15,0.003,7.94
17/04/2026 11:25,15.125,0.003,7.93
17/04/2026 10:55,15.125,0.003,7.93
17/04/2026 10:25,15.125,0.003,7.93
17/04/2026 09:55,15.25,0.003,7.93
17/04/2026 09:25,15.125,0.003,7.93
17/04/2026 08:55,15.125,0.003,7.93
17/04/2026 08:25,15.125,0.003,7.93
17/04/2026 07:55,15.25,0.003,7.94
17/04/2026 07:25,15.125,0.003,7.93
17/04/2026 06:55,15.25,0.003,7.94
17/04/2026 06:25,15.25,0.003,7.93
17/04/2026 05:55,15.125,0.003,7.94
17/04/2026 05:25,15.25,0.003,7.94
17/04/2026 04:55,15.125,0.003,7.94
17/04/2026 04:25,15.375,0.003,7.94
17/04/2026 03:55,15.125,0.003,7.94
17/04/2026 03:25,15.25,0.003,7.94
17/04/2026 02:55,15,0.003,7.94
17/04/2026 02:25,15,0.003,7.94
17/04/2026 01:55,15,0.003,7.94
17/04/2026 01:25,15.25,0.003,7.94
17/04/2026 00:55,15.25,0.003,7.94
17/04/2026 00:25,15.25,0.004,7.94
16/04/2026 23:55,15.125,0.004,7.94
16/04/2026 23:25,15.125,0.003,7.94
16/04/2026 22:55,15,0.004,7.94
16/04/2026 22:25,15.25,0.004,7.94
16/04/2026 21:55,15.5,0.003,7.94
16/04/2026 21:25,15.375,0.003,7.94
16/04/2026 20:55,15.375,0.003,7.94
16/04/2026 20:25,15.5,0.003,7.94
16/04/2026 19:55,15.375,0.003,7.94
16/04/2026 19:25,15.375,0.003,7.94
16/04/2026 18:55,15.25,0.003,7.94
16/04/2026 18:25,15.375,0.003,7.94
16/04/2026 17:55,15.375,0.003,7.94
16/04/2026 17:25,15.25,0.003,7.94
16/04/2026 16:55,15.375,0.003,7.94
16/04/2026 16:25,15.25,0.003,7.94
16/04/2026 15:55,15.125,0.003,7.94
16/04/2026 15:25,15.25,0.003,7.94
16/04/2026 14:55,15.25,0.003,7.93
16/04/2026 14:25,15.375,0.003,7.93
16/04/2026 13:55,15.25,0.003,7.93
16/04/2026 13:25,15.125,0.003,7.93
16/04/2026 12:55,15,0.003,7.93
16/04/2026 12:25,15.25,0.003,7.94
16/04/2026 11:55,15,0.003,7.94
16/04/2026 11:25,15.375,0.003,7.94
16/04/2026 10:55,15.125,0.003,7.94
16/04/2026 10:25,15.125,0.003,7.94
16/04/2026 09:55,15,0.003,7.94
16/04/2026 09:25,15.125,0.003,7.94
16/04/2026 08:55,15.125,0.003,7.94
16/04/2026 08:25,15.375,0.003,7.94
16/04/2026 07:55,15.25,0.003,7.94
16/04/2026 07:25,15.5,0.003,7.94
16/04/2026 06:55,15.5,0.003,7.94
16/04/2026 06:25,15.375,0.003,7.94
16/04/2026 05:55,15.375,0.003,7.94
16/04/2026 05:25,15.5,0.003,7.95
16/04/2026 04:55,15.25,0.003,7.95
16/04/2026 04:25,15.25,0.003,7.95
16/04/2026 03:55,15.375,0.003,7.95
16/04/2026 03:25,15.375,0.003,7.95
16/04/2026 02:55,15.25,0.003,7.95
16/04/2026 02:25,15,0.003,7.95
16/04/2026 01:55,15.125,0.003,7.95
16/04/2026 01:25,15.375,0.003,7.95
16/04/2026 00:55,15.375,0.003,7.95
16/04/2026 00:25,15.25,0.003,7.95
15/04/2026 23:55,15.25,0.003,7.95
15/04/2026 23:25,15.125,0.003,7.95
15/04/2026 22:55,15.25,0.003,7.95
15/04/2026 22:25,15.5,0.003,7.95
15/04/2026 21:55,15.5,0.003,7.95
15/04/2026 21:25,15.375,0.003,7.95
15/04/2026 20:55,15.375,0.003,7.95
15/04/2026 20:25,15.25,0.003,7.95
15/04/2026 19:55,15.375,0.003,7.95
15/04/2026 19:25,15.5,0.003,7.95
15/04/2026 18:55,15.5,0.003,7.95
15/04/2026 18:25,15.5,0.003,7.95
15/04/2026 17:55,15.375,0.003,7.95
15/04/2026 17:25,15.5,0.003,7.95
15/04/2026 16:55,15.5,0.003,7.95
15/04/2026 16:25,15.375,0.003,7.95
15/04/2026 15:55,15.25,0.003,7.95
15/04/2026 15:25,15.375,0.003,7.95
15/04/2026 14:55,15.25,0.003,7.95
15/04/2026 14:25,15.125,0.003,7.95
15/04/2026 13:55,15.375,0.003,7.95
15/04/2026 13:25,15.25,0.003,7.95
15/04/2026 12:55,15.25,0.003,7.95
15/04/2026 12:25,15.25,0.003,7.95
15/04/2026 11:55,15.25,0.003,7.95
15/04/2026 11:25,15,0.003,7.95
15/04/2026 10:55,15.25,0.003,7.95
15/04/2026 10:55,15.25,0.003,7.95
15/04/2026 10:25,15.25,0.003,7.95
15/04/2026 09:55,15.375,0.003,7.95
15/04/2026 09:25,15.25,0.003,7.95
15/04/2026 08:55,15.125,0.003,7.95
15/04/2026 08:25,15.25,0.003,7.96
15/04/2026 07:55,15.25,0.003,7.96
15/04/2026 07:25,15.25,0.003,7.96
15/04/2026 06:55,15.375,0.003,7.96
15/04/2026 06:25,15.5,0.003,7.96
15/04/2026 06:25,15.5,0.003,7.96
15/04/2026 05:55,15.25,0.003,7.96
15/04/2026 05:25,15.375,0.003,7.95
15/04/2026 04:55,15.375,0.003,7.96
15/04/2026 04:25,15.25,0.003,7.96
15/04/2026 03:55,15.375,0.003,7.96
15/04/2026 03:25,15.25,0.003,7.96
15/04/2026 02:55,15.375,0.003,7.96
15/04/2026 02:25,15.5,0.003,7.96
15/04/2026 01:55,15.25,0.003,7.96
15/04/2026 01:55,15.25,0.003,7.96
15/04/2026 01:25,15.125,0.003,7.96
15/04/2026 00:55,15.125,0.003,7.96
15/04/2026 00:25,15.375,0.003,7.96
14/04/2026 23:55,15.5,0.003,7.96
14/04/2026 23:25,15.25,0.003,7.96
14/04/2026 22:55,15.25,0.003,7.96
14/04/2026 22:25,15.5,0.003,7.96
14/04/2026 21:55,15.375,0.003,7.96
14/04/2026 21:25,15.5,0.003,7.96
14/04/2026 20:55,15.5,0.003,7.96
14/04/2026 20:25,15.375,0.003,7.96
14/04/2026 19:55,15.375,0.003,7.96
14/04/2026 19:25,15.625,0.003,7.96
14/04/2026 18:55,15.5,0.003,7.96
14/04/2026 18:25,15.625,0.003,7.96
14/04/2026 17:55,15.625,0.003,7.96
14/04/2026 17:25,15.625,0.003,7.97
14/04/2026 16:55,16.625,0.003,7.97
14/04/2026 16:25,16.625,0.003,7.97
14/04/2026 15:55,15.5,0.003,7.98
14/04/2026 15:25,15.375,0.003,7.99
14/04/2026 14:55,14.875,0.003,7.99
14/04/2026 14:25,15,0.003,7.99
14/04/2026 13:55,15,0.003,7.99
14/04/2026 13:25,15.625,0.003,7.98
14/04/2026 12:55,14.75,0.003,7.98
14/04/2026 12:25,15.625,0.003,7.98
14/04/2026 11:55,15.625,0.003,7.98
14/04/2026 11:25,13.875,0.003,7.98
14/04/2026 11:25,13.875,0.003,7.98
14/04/2026 10:55,14.75,0.003,7.98
14/04/2026 10:25,13.75,0.003,7.97
14/04/2026 09:55,15.625,0.003,7.97
14/04/2026 09:25,14.75,0.003,7.97
14/04/2026 09:25,14.75,0.003,7.97
14/04/2026 08:55,15.625,0.003,7.97
14/04/2026 08:25,14.75,0.003,7.97
14/04/2026 07:55,14.875,0.003,7.97
14/04/2026 07:25,15,0.003,7.97
14/04/2026 06:55,15,0.003,7.98
14/04/2026 06:25,15.125,0.003,7.98
14/04/2026 05:55,14.875,0.003,7.98
14/04/2026 05:25,15,0.003,7.98
14/04/2026 04:55,15,0.003,7.98
14/04/2026 04:25,14.875,0.003,7.98
14/04/2026 03:55,15,0.003,7.99
14/04/2026 03:25,15,0.003,7.99
14/04/2026 02:55,14.75,0.003,7.99
14/04/2026 02:25,15,0.003,7.99
14/04/2026 01:55,14.875,0.003,7.99
14/04/2026 01:25,14.75,0.003,8
14/04/2026 00:55,15.625,0.003,7.99
14/04/2026 00:25,13.75,0.003,8
13/04/2026 23:55,13.75,0.003,8
13/04/2026 23:25,14.625,0.003,8
13/04/2026 22:55,15.625,0.003,8
13/04/2026 22:25,13.75,0.003,8
13/04/2026 21:55,14.75,0.003,8.01
13/04/2026 21:25,13.875,0.003,8.01
13/04/2026 20:55,13.875,0.003,8.01
13/04/2026 20:25,14.75,0.003,8.01
13/04/2026 19:55,14.875,0.003,8.01
13/04/2026 19:25,14.875,0.003,8.01
13/04/2026 18:55,14.875,0.003,8.01
13/04/2026 18:25,14.75,0.003,8.01
13/04/2026 17:55,14.875,0.003,8.01
13/04/2026 17:25,14.625,0.003,8.01
13/04/2026 16:55,14.75,0.003,8.01
13/04/2026 16:25,13.75,0.003,8.01
13/04/2026 15:55,14.75,0.003,8.01
13/04/2026 15:25,13.75,0.003,8
13/04/2026 14:55,15.5,0.003,8
13/04/2026 14:25,14.625,0.003,8
13/04/2026 14:25,14.625,0.003,8
13/04/2026 13:55,14.5,0.003,8
13/04/2026 13:25,14.375,0.003,7.99
13/04/2026 12:55,14.5,0.003,7.99
13/04/2026 12:25,14.5,0.003,7.99
13/04/2026 11:55,14.375,0.003,7.99
13/04/2026 11:25,14.375,0.003,7.99
13/04/2026 10:55,14.5,0.003,7.99
13/04/2026 10:25,14.625,0.003,7.99
13/04/2026 09:55,14.5,0.003,7.99
13/04/2026 09:25,15.625,0.003,7.98
13/04/2026 08:55,14.625,0.003,7.99
13/04/2026 08:25,14.875,0.003,7.98
13/04/2026 07:55,14.875,0.003,7.99
13/04/2026 07:25,15,0.003,7.99
13/04/2026 06:55,15.125,0.003,7.99
13/04/2026 06:25,15,0.003,7.99
13/04/2026 05:55,14.875,0.003,7.99
13/04/2026 05:25,15.125,0.003,7.99
13/04/2026 04:55,14.875,0.003,8
13/04/2026 04:25,15,0.003,8
13/04/2026 03:55,15,0.003,8
13/04/2026 03:25,15,0.003,8
13/04/2026 02:55,14.75,0.003,8
13/04/2026 02:25,14.875,0.003,8
13/04/2026 01:55,14.875,0.003,8.01
13/04/2026 01:25,14.75,0.003,8.01
13/04/2026 00:55,14.875,0.003,8.01
13/04/2026 00:25,15.625,0.003,8.01
12/04/2026 23:55,14.75,0.003,8.02
12/04/2026 23:25,14.625,0.003,8.02
12/04/2026 22:55,14.625,0.003,8.02
12/04/2026 22:25,14.75,0.003,8.02
12/04/2026 21:55,13.75,0.003,8.02
12/04/2026 21:25,14.75,0.003,8.02
12/04/2026 20:55,14.625,0.003,8.02
12/04/2026 20:25,14.75,0.003,8.02
12/04/2026 19:55,14.625,0.003,8.02
12/04/2026 19:25,14.75,0.003,8.03
12/04/2026 18:55,14.75,0.003,8.02
12/04/2026 18:25,13.875,0.003,8.02
12/04/2026 17:55,14.75,0.003,8.02
12/04/2026 17:25,14.75,0.003,8.02
12/04/2026 16:55,14.75,0.003,8.02
12/04/2026 16:25,14.75,0.003,8.02
12/04/2026 15:55,14.875,0.003,8.01
12/04/2026 15:25,13.75,0.003,8.01
12/04/2026 14:55,15.625,0.003,8.01
12/04/2026 14:25,15.625,0.003,8.01
12/04/2026 13:55,15.625,0.003,8.01
12/04/2026 13:55,15.625,0.003,8.01
12/04/2026 13:25,14.875,0.003,8.01
12/04/2026 12:55,14.625,0.003,8
12/04/2026 12:25,13.75,0.003,8
12/04/2026 11:55,14.625,0.003,8
12/04/2026 11:25,15.625,0.003,8
12/04/2026 10:55,13.875,0.003,8
12/04/2026 10:25,14.5,0.003,8
12/04/2026 09:55,14.75,0.003,7.99
12/04/2026 09:25,13.875,0.003,7.99
12/04/2026 08:55,13.75,0.003,7.99
12/04/2026 08:25,14.75,0.003,7.99
12/04/2026 07:55,13.75,0.003,7.99
12/04/2026 07:25,15,0.003,7.99
12/04/2026 06:55,14.875,0.003,7.99
12/04/2026 06:25,15,0.003,8
12/04/2026 05:55,15,0.003,8
12/04/2026 05:25,15,0.003,8
12/04/2026 04:55,14.75,0.003,8
12/04/2026 04:25,14.875,0.003,8
12/04/2026 03:55,14.75,0.003,8
12/04/2026 03:25,14.875,0.003,8
12/04/2026 02:55,14.875,0.003,8.01
12/04/2026 02:25,15,0.003,8.01
12/04/2026 01:55,15,0.003,8.01
12/04/2026 01:25,14.875,0.003,8.01
12/04/2026 00:55,15,0.003,8.01
12/04/2026 00:25,15,0.003,8.01
11/04/2026 23:55,15,0.003,8.01
11/04/2026 23:25,15,0.003,8.01
11/04/2026 22:55,15.125,0.003,8.02
11/04/2026 22:25,15.25,0.003,8.02
11/04/2026 21:55,15.375,0.003,8.02
11/04/2026 21:25,15,0.003,8.02
11/04/2026 20:55,15.25,0.003,8.02
11/04/2026 20:25,15.125,0.003,8.02
11/04/2026 19:55,15.375,0.003,8.03
11/04/2026 19:25,15.25,0.003,8.03
11/04/2026 18:55,15.375,0.003,8.03
11/04/2026 18:25,15.375,0.003,8.03
11/04/2026 17:55,15.5,0.003,8.03
11/04/2026 17:25,15.375,0.003,8.03
11/04/2026 16:55,15.375,0.003,8.02
11/04/2026 16:25,15.25,0.003,8.02
11/04/2026 15:55,15.375,0.003,8.02
11/04/2026 15:25,15.25,0.003,8.02
11/04/2026 14:55,15.25,0.003,8.02
11/04/2026 14:25,15.125,0.003,8.01
11/04/2026 13:55,15,0.003,8.01
11/04/2026 13:25,15.125,0.003,8.01
11/04/2026 12:55,14.75,0.003,8.01
11/04/2026 12:25,14.875,0.003,8
11/04/2026 11:55,14.75,0.003,8
11/04/2026 11:25,14.875,0.003,8
11/04/2026 10:55,14.75,0.003,8
11/04/2026 10:25,14.75,0.003,8
11/04/2026 09:55,14.625,0.003,8
11/04/2026 09:25,14.875,0.003,8
11/04/2026 08:55,14.75,0.003,8
11/04/2026 08:25,14.875,0.003,8
11/04/2026 07:55,14.875,0.003,8
11/04/2026 07:25,14.75,0.003,8
11/04/2026 06:55,14.75,0.003,8
11/04/2026 06:25,15,0.003,8
11/04/2026 05:55,15,0.003,8
11/04/2026 05:25,14.875,0.003,8
11/04/2026 04:55,15.125,0.003,7.99
11/04/2026 04:25,14.875,0.003,8
11/04/2026 03:55,14.75,0.003,8
11/04/2026 03:25,14.75,0.003,8
11/04/2026 02:55,14.875,0.003,7.99
11/04/2026 02:25,15,0.003,7.99
11/04/2026 01:55,15,0.003,7.99
11/04/2026 01:25,15,0.003,7.99
11/04/2026 01:25,15,0.003,7.99
11/04/2026 00:55,15,0.003,7.99
11/04/2026 00:25,14.75,0.003,7.99
10/04/2026 23:55,14.75,0.003,7.99
10/04/2026 23:25,15,0.003,8
10/04/2026 22:55,15,0.003,8
10/04/2026 22:25,14.875,0.003,8
10/04/2026 21:55,15.125,0.003,8
10/04/2026 21:25,15.25,0.003,8
10/04/2026 20:55,15,0.003,8
10/04/2026 20:25,15.375,0.003,8
10/04/2026 19:55,15.125,0.003,8
10/04/2026 19:25,15.375,0.003,8
10/04/2026 18:55,15.5,0.003,8
10/04/2026 18:25,15.5,0.003,8
10/04/2026 17:55,15.25,0.003,8
10/04/2026 17:25,15.375,0.003,8
10/04/2026 16:55,15,0.003,7.99
10/04/2026 16:25,15,0.003,7.99
10/04/2026 15:55,15.25,0.003,7.99
10/04/2026 15:25,15.125,0.003,7.99
10/04/2026 14:55,15,0.003,7.99
10/04/2026 14:25,15,0.003,7.98
10/04/2026 13:55,15,0.003,7.98
10/04/2026 13:25,15,0.003,7.98
10/04/2026 12:55,14.875,0.003,7.98
10/04/2026 12:25,15,0.003,7.98
10/04/2026 11:55,14.875,0.003,7.98
10/04/2026 11:25,14.75,0.003,7.97
10/04/2026 10:55,14.75,0.003,7.97
10/04/2026 10:25,15.625,0.003,7.97
10/04/2026 09:55,14.875,0.003,7.97
10/04/2026 09:25,14.75,0.003,7.97
10/04/2026 08:55,14.875,0.003,7.97
10/04/2026 08:25,14.875,0.003,7.97
10/04/2026 07:55,14.875,0.003,7.97
10/04/2026 07:25,14.875,0.003,7.96
10/04/2026 06:55,15,0.003,7.97
10/04/2026 06:25,15,0.003,7.97
10/04/2026 05:55,15,0.003,7.97
10/04/2026 05:25,15.125,0.003,7.97
10/04/2026 04:55,15.125,0.003,7.97
10/04/2026 04:25,15,0.003,7.97
10/04/2026 03:55,14.875,0.003,7.97
10/04/2026 03:25,14.875,0.003,7.97
10/04/2026 02:55,15,0.003,7.97
10/04/2026 02:25,14.875,0.003,7.97
10/04/2026 01:55,15,0.003,7.97
10/04/2026 01:25,15.125,0.003,7.97
10/04/2026 00:55,15,0.003,7.97
10/04/2026 00:25,15,0.003,7.97
09/04/2026 23:55,14.875,0.003,7.97
09/04/2026 23:25,14.75,0.003,7.97
09/04/2026 22:55,15,0.003,7.97
09/04/2026 22:25,15,0.003,7.97
09/04/2026 21:55,14.875,0.003,7.97
09/04/2026 21:25,15,0.003,7.97
09/04/2026 20:55,15.25,0.003,7.97
09/04/2026 20:25,15,0.003,7.97
09/04/2026 19:55,15.125,0.003,7.97
09/04/2026 19:25,15.125,0.003,7.97
09/04/2026 18:55,15.375,0.003,7.97
09/04/2026 18:25,15.25,0.003,7.97
09/04/2026 17:55,15.375,0.003,7.97
09/04/2026 17:25,15.125,0.003,7.96
09/04/2026 16:55,15.125,0.003,7.96
09/04/2026 16:25,15,0.003,7.96
09/04/2026 15:55,15.125,0.003,7.96
09/04/2026 15:25,15,0.003,7.96
09/04/2026 14:55,14.875,0.003,7.96
09/04/2026 14:25,14.875,0.003,7.95
09/04/2026 13:55,15,0.003,7.95
09/04/2026 13:25,15,0.003,7.95
09/04/2026 12:55,14.875,0.003,7.95
09/04/2026 12:25,15.625,0.003,7.94
09/04/2026 11:55,15,0.003,7.94
09/04/2026 11:25,14.875,0.003,7.94
09/04/2026 10:55,14.75,0.003,7.94
09/04/2026 10:25,14.875,0.003,7.94
09/04/2026 09:55,14.875,0.003,7.94
09/04/2026 09:25,15,0.003,7.93
09/04/2026 08:55,14.875,0.003,7.93
09/04/2026 08:25,14.875,0.003,7.93
09/04/2026 07:55,14.875,0.003,7.93
09/04/2026 07:25,14.875,0.003,7.93
09/04/2026 06:55,15.125,0.003,7.93
09/04/2026 06:25,15,0.003,7.93
09/04/2026 05:55,14.875,0.003,7.93
09/04/2026 05:25,15.25,0.003,7.93
09/04/2026 04:55,15,0.003,7.93
09/04/2026 04:25,15,0.003,7.93
09/04/2026 03:55,15.125,0.003,7.93
09/04/2026 03:25,14.875,0.003,7.92
09/04/2026 02:55,15,0.003,7.93
09/04/2026 02:25,15,0.003,7.93
09/04/2026 01:55,15,0.003,7.93
09/04/2026 01:25,15,0.003,7.92
09/04/2026 00:55,14.75,0.003,7.93
09/04/2026 00:25,14.875,0.003,7.92
08/04/2026 23:55,15.125,0.003,7.92
08/04/2026 23:25,14.75,0.003,7.92
08/04/2026 22:55,14.75,0.003,7.92
08/04/2026 22:25,15,0.003,7.92
08/04/2026 21:55,14.75,0.003,7.91
08/04/2026 21:25,14.625,0.003,7.91
08/04/2026 20:55,14.625,0.003,7.91
08/04/2026 20:25,15.625,0.003,7.91
08/04/2026 19:55,13.75,0.003,7.91
08/04/2026 19:25,14.5,0.003,7.91
08/04/2026 18:55,14.625,0.003,7.91
08/04/2026 18:25,14.625,0.003,7.91
08/04/2026 17:55,14.5,0.003,7.91
08/04/2026 17:25,14.75,0.003,7.9
08/04/2026 16:55,14.5,0.003,7.9
08/04/2026 16:25,14.625,0.003,7.9
08/04/2026 15:55,14.625,0.003,7.91
08/04/2026 15:25,14.625,0.003,7.9
08/04/2026 14:55,14.875,0.003,7.9
08/04/2026 14:25,15.625,0.003,7.9
08/04/2026 13:55,15.625,0.003,7.9
08/04/2026 13:25,14.625,0.003,7.89
08/04/2026 12:55,14.875,0.003,7.89
08/04/2026 12:25,14.875,0.003,7.89
08/04/2026 11:55,13.875,0.003,7.89
08/04/2026 11:25,14.875,0.003,7.89
08/04/2026 10:55,14.875,0.003,7.88
08/04/2026 10:25,14.75,0.003,7.88
08/04/2026 09:55,14.75,0.003,7.88
08/04/2026 09:25,14.75,0.003,7.87
08/04/2026 08:55,14.875,0.003,7.87
08/04/2026 08:25,14.875,0.003,7.87
08/04/2026 07:55,15.125,0.003,7.87
08/04/2026 07:25,15.25,0.003,7.86
08/04/2026 06:55,15.125,0.003,7.86
08/04/2026 06:25,15.375,0.003,7.86
08/04/2026 05:55,15.375,0.003,7.86
08/04/2026 05:25,15.375,0.003,7.86
08/04/2026 04:55,15.25,0.003,7.86
08/04/2026 04:25,15.25,0.003,7.86
08/04/2026 03:55,15.125,0.003,7.86
08/04/2026 03:25,15.375,0.003,7.86
08/04/2026 02:55,15.375,0.003,7.85
08/04/2026 02:25,15.25,0.003,7.85
08/04/2026 01:55,15.375,0.003,7.85
08/04/2026 01:25,15.125,0.003,7.85
08/04/2026 00:55,15.375,0.003,7.85
08/04/2026 00:25,15.5,0.003,7.85
07/04/2026 23:55,15.5,0.003,7.86
07/04/2026 23:25,15.375,0.003,7.86
07/04/2026 22:55,15.625,0.003,7.86
07/04/2026 22:25,15.5,0.003,7.87
07/04/2026 21:55,15.625,0.003,7.87
07/04/2026 21:25,15.625,0.003,7.88
07/04/2026 20:55,15.75,0.003,7.88
07/04/2026 20:25,15.75,0.003,7.89
07/04/2026 19:55,16,0.003,7.89
07/04/2026 19:25,15.875,0.003,7.9
07/04/2026 18:55,15.875,0.003,7.91
07/04/2026 18:25,16,0.003,7.92
07/04/2026 17:55,16.125,0.003,7.94
07/04/2026 17:25,16.125,0.003,7.95
07/04/2026 17:25,16.125,0.003,7.95
07/04/2026 16:55,16,0.003,7.97
07/04/2026 16:25,15.875,0.003,8
07/04/2026 15:55,15,0.003,7.99
07/04/2026 15:25,15.25,0.003,8
07/04/2026 14:55,15,0.003,8.01
07/04/2026 14:25,14.875,0.003,8.02
07/04/2026 13:59,14.875,0.003,8.03
07/04/2026 13:59,15,0.003,8.03
07/04/2026 13:59,14.75,0.003,8.74
07/04/2026 13:55,15,0.003,8.03
07/04/2026 13:25,15,0.003,8.02
07/04/2026 12:55,14.875,0.003,8.03
07/04/2026 12:25,13.75,0.003,8.03
07/04/2026 11:55,14.75,0.003,8.03
07/04/2026 11:25,15.625,0.003,8.03
07/04/2026 10:55,14.875,0.003,8.03
07/04/2026 10:25,14.75,0.003,8.03
07/04/2026 09:55,14.75,0.003,8.03
07/04/2026 09:25,14.75,0.003,8.04
07/04/2026 08:55,14.75,0.003,8.04
07/04/2026 08:25,14.875,0.003,8.04
07/04/2026 07:55,15,0.003,8.03
07/04/2026 07:25,14.875,0.003,8.03
07/04/2026 06:55,15,0.003,8.03
07/04/2026 06:25,14.875,0.003,8.03
07/04/2026 05:55,15,0.003,8.04
07/04/2026 05:25,14.875,0.003,8.04
07/04/2026 04:55,14.875,0.003,8.03
07/04/2026 04:25,15,0.003,8.03
07/04/2026 03:55,15,0.003,8.04
07/04/2026 03:25,14.75,0.003,8.04
07/04/2026 02:55,15,0.003,8.04
07/04/2026 02:25,15,0.003,8.03
07/04/2026 01:55,15,0.003,8.04
07/04/2026 01:25,15,0.003,8.03
07/04/2026 00:55,15.125,0.003,8.03
07/04/2026 00:25,14.875,0.003,8.03
06/04/2026 23:55,14.875,0.003,8.03
06/04/2026 23:25,15.125,0.003,8.03
06/04/2026 22:55,15.125,0.003,8.03
06/04/2026 22:25,15.125,0.003,8.03
06/04/2026 21:55,15.125,0.003,8.03
06/04/2026 21:25,15.125,0.003,8.03
06/04/2026 20:55,15,0.003,8.04
06/04/2026 20:25,15.125,0.003,8.03
06/04/2026 19:55,15,0.003,8.04
06/04/2026 19:25,15.375,0.003,8.04
06/04/2026 18:55,15.375,0.003,8.04
06/04/2026 18:25,15.25,0.003,8.03
06/04/2026 17:55,15.5,0.003,8.03
06/04/2026 17:25,15.25,0.003,8.04
06/04/2026 16:55,15.25,0.003,8.04
06/04/2026 16:25,15.25,0.003,8.04
06/04/2026 15:55,15.25,0.003,8.03
06/04/2026 15:25,15.125,0.003,8.03
06/04/2026 14:55,15.25,0.003,8.03
06/04/2026 14:25,15.125,0.003,8.03
06/04/2026 13:55,15,0.003,8.03
06/04/2026 13:25,15.125,0.003,8.03
06/04/2026 12:55,14.875,0.003,8.03
06/04/2026 12:25,15,0.003,8.03
06/04/2026 11:55,14.75,0.003,8.03
06/04/2026 11:25,15,0.003,8.03
06/04/2026 10:55,15,0.003,8.03
06/04/2026 10:25,14.875,0.003,8.03
06/04/2026 09:55,15,0.003,8.03
06/04/2026 09:25,14.875,0.003,8.02
06/04/2026 08:55,14.875,0.003,8.02
06/04/2026 08:25,15.125,0.003,8.02
06/04/2026 07:55,15,0.003,8.02
06/04/2026 07:25,15,0.003,8.02
06/04/2026 06:55,15,0.003,8.02
06/04/2026 06:25,15.25,0.003,8.03
06/04/2026 05:55,15.125,0.003,8.03
06/04/2026 05:25,15.125,0.003,8.03
06/04/2026 04:55,15.125,0.003,8.02
06/04/2026 04:55,15.125,0.003,8.02
06/04/2026 04:25,14.875,0.003,8.03
06/04/2026 03:55,14.875,0.003,8.02
06/04/2026 03:25,14.875,0.003,8.03
06/04/2026 02:55,15,0.003,8.03
06/04/2026 02:25,15.125,0.003,8.03
06/04/2026 01:55,15,0.003,8.03
06/04/2026 01:25,15.125,0.003,8.03
06/04/2026 00:55,15.125,0.003,8.03
06/04/2026 00:25,15,0.003,8.03
05/04/2026 23:55,15.125,0.003,8.03
05/04/2026 23:25,15,0.003,8.04
05/04/2026 22:55,15,0.003,8.04
05/04/2026 22:25,15.25,0.003,8.03
05/04/2026 21:55,15,0.003,8.03
05/04/2026 21:25,15.25,0.003,8.03
05/04/2026 20:55,15.25,0.003,8.03
05/04/2026 20:25,15.25,0.003,8.03
05/04/2026 19:55,15.5,0.003,8.02
05/04/2026 19:25,15.375,0.003,8.02
05/04/2026 18:55,15.375,0.003,8.02
05/04/2026 18:25,15.375,0.003,8.02
05/04/2026 17:55,15.375,0.003,8.02
05/04/2026 17:25,15.375,0.003,8.02
05/04/2026 16:55,15.25,0.003,8.02
05/04/2026 16:25,15.125,0.003,8.02
05/04/2026 15:55,15.25,0.003,8.02
05/04/2026 15:25,15,0.003,8.02
05/04/2026 14:55,15,0.003,8.02
05/04/2026 14:25,15.125,0.003,8.02
05/04/2026 13:55,15,0.003,8.02
05/04/2026 13:25,15.375,0.003,8.02
05/04/2026 12:55,15.125,0.003,8.02
05/04/2026 12:25,15,0.003,8.02
05/04/2026 11:55,15.125,0.003,8.02
05/04/2026 11:25,14.875,0.003,8.02
05/04/2026 10:55,14.75,0.003,8.02
05/04/2026 10:25,14.75,0.003,8.02
05/04/2026 09:55,14.875,0.003,8.01
05/04/2026 09:25,15,0.003,8.01
05/04/2026 08:55,15.125,0.003,8.02
05/04/2026 08:25,14.875,0.003,8.01
05/04/2026 07:55,15.125,0.003,8.01
05/04/2026 07:25,15.125,0.004,8.01
05/04/2026 06:55,15.25,0.004,8.01
05/04/2026 06:25,15.125,0.003,8.01
05/04/2026 05:55,15.125,0.004,8.01
05/04/2026 05:25,15.25,0.004,8.01
05/04/2026 04:55,14.875,0.004,8.01
05/04/2026 04:25,15,0.004,8.01
05/04/2026 03:55,15.125,0.004,8.02
05/04/2026 03:25,15.125,0.004,8.01
05/04/2026 02:55,14.875,0.004,8.02
05/04/2026 02:25,15,0.004,8.02
05/04/2026 01:55,15.125,0.004,8.02
05/04/2026 01:25,15.25,0.004,8.02
05/04/2026 00:55,15,0.004,8.02
05/04/2026 00:25,15.125,0.004,8.02
04/04/2026 23:55,15.125,0.004,8.02
04/04/2026 23:25,15.25,0.004,8.02
04/04/2026 22:55,15.125,0.004,8.02
04/04/2026 22:25,15,0.004,8.02
04/04/2026 21:55,15.125,0.004,8.02
04/04/2026 21:25,15,0.004,8.02
04/04/2026 20:55,15.125,0.004,8.02
04/04/2026 20:55,15.125,0.004,8.02
04/04/2026 20:25,15.25,0.004,8.02
04/04/2026 19:55,15.125,0.004,8.02
04/04/2026 19:25,15.375,0.004,8.02
04/04/2026 18:55,15.25,0.003,8.02
04/04/2026 18:25,15.5,0.003,8.02
04/04/2026 17:55,15.25,0.003,8.02
04/04/2026 17:25,15.375,0.003,8.02
04/04/2026 16:55,15,0.003,8.02
04/04/2026 16:25,15.25,0.002,8.02
04/04/2026 15:55,15.25,0.002,8.02
04/04/2026 15:25,15.25,0.002,8.02
04/04/2026 14:55,15.25,0.001,8.02
04/04/2026 14:25,15.25,0.001,8.02
04/04/2026 13:55,15,0.001,8.02
04/04/2026 13:25,14.875,0.001,8.02
04/04/2026 12:55,14.875,0.001,8.02
04/04/2026 12:25,14.75,0.001,8.02
04/04/2026 11:55,15,0.002,8.02
04/04/2026 11:55,15,0.002,8.02
04/04/2026 11:25,14.875,0.002,8.02
04/04/2026 10:55,15,0.002,8.02
04/04/2026 10:25,14.75,0.002,8.02
04/04/2026 09:55,15,0.002,8.02
04/04/2026 09:25,15.125,0.002,8.02
04/04/2026 08:55,14.875,0.002,8.03
04/04/2026 08:25,15.125,0.002,8.03
04/04/2026 07:55,15.125,0.001,8.03
04/04/2026 07:25,15.125,0.001,8.03
04/04/2026 06:55,15.25,0.001,8.03
04/04/2026 06:25,15.125,0.001,8.03
04/04/2026 05:55,15.125,0.001,8.03
04/04/2026 05:25,15.25,0.001,8.03
04/04/2026 04:55,15.125,0.001,8.03
04/04/2026 04:25,15.125,0.001,8.03
04/04/2026 03:55,15,0.001,8.03
04/04/2026 03:25,15.125,0.001,8.03
04/04/2026 02:55,15,0.001,8.03
04/04/2026 02:25,15.125,0.001,8.03
04/04/2026 01:55,15,0.001,8.03
04/04/2026 01:25,15.25,0.001,8.03
04/04/2026 00:55,15.125,0.001,8.03
04/04/2026 00:25,15,0.001,8.03
03/04/2026 23:55,15.125,0.001,8.03
03/04/2026 23:25,15.125,0.001,8.03
03/04/2026 22:55,15.125,0.001,8.04
03/04/2026 22:25,15.125,0.001,8.03
03/04/2026 21:55,15.25,0.001,8.04
03/04/2026 21:25,15.25,0.001,8.04
03/04/2026 20:55,15.25,0.001,8.04
03/04/2026 20:25,15.375,0.001,8.04
03/04/2026 19:55,15.375,0.001,8.04
03/04/2026 19:25,15.375,0.001,8.04
03/04/2026 18:55,15.5,0.001,8.04
03/04/2026 18:55,15.5,0.001,8.04
03/04/2026 18:25,15.375,0.001,8.04
03/04/2026 18:25,15.375,0.001,8.04
03/04/2026 17:55,15.375,0.001,8.04
03/04/2026 17:25,15.5,0.001,8.04
03/04/2026 16:55,15.5,0.001,8.04
03/04/2026 16:25,15.25,0.001,8.04
03/04/2026 15:55,15.375,0.001,8.04
03/04/2026 15:25,15.125,0.001,8.04
03/04/2026 14:55,15,0.001,8.04
03/04/2026 14:25,15.125,0.001,8.04
03/04/2026 13:55,15.125,0.001,8.04
03/04/2026 13:25,14.875,0.001,8.04
03/04/2026 12:55,15,0.001,8.04
03/04/2026 12:25,15,0.001,8.04
03/04/2026 11:55,15,0.001,8.04
03/04/2026 11:25,15,0.001,8.04
03/04/2026 10:55,15,0.001,8.05
03/04/2026 10:25,15,0.001,8.05
03/04/2026 09:55,15,0.001,8.05
03/04/2026 09:25,15,0.001,8.05
03/04/2026 08:55,15.125,0.001,8.05
03/04/2026 08:25,15.125,0.001,8.05
03/04/2026 07:55,15.125,0.001,8.05
03/04/2026 07:25,15.125,0.001,8.05
03/04/2026 06:55,15.125,0.001,8.05
03/04/2026 06:25,15.375,0.001,8.05
03/04/2026 05:55,15.25,0.001,8.06
03/04/2026 05:25,15.25,0.001,8.06
03/04/2026 04:55,15.375,0.001,8.06
03/04/2026 04:25,15.125,0.001,8.06
03/04/2026 03:55,15,0.001,8.06
03/04/2026 03:25,15,0.001,8.06
03/04/2026 02:55,15.125,0.001,8.06
03/04/2026 02:25,15.125,0.001,8.06
03/04/2026 01:55,15.125,0.001,8.06
03/04/2026 01:25,15.25,0.001,8.06
03/04/2026 00:55,15.125,0.001,8.06
03/04/2026 00:25,15.25,0.001,8.06
02/04/2026 23:55,15.375,0.001,8.06
02/04/2026 23:25,15.375,0.001,8.06
02/04/2026 22:55,15.5,0.001,8.06
02/04/2026 22:25,15.375,0.001,8.06
02/04/2026 21:55,15.25,0.001,8.06
02/04/2026 21:25,15.375,0.001,8.06
02/04/2026 20:55,15.5,0.001,8.06
02/04/2026 20:25,15.5,0.001,8.07
02/04/2026 19:55,15.625,0.001,8.06
02/04/2026 19:55,15.625,0.001,8.06
02/04/2026 19:25,15.5,0.001,8.06
02/04/2026 18:55,15.625,0.001,8.06
02/04/2026 18:25,15.625,0.001,8.06
02/04/2026 17:55,15.25,0.001,8.06
02/04/2026 17:25,15.625,0.001,8.06
02/04/2026 16:55,15.375,0.001,8.06
02/04/2026 16:25,15.5,0.001,8.06
02/04/2026 15:55,15.375,0.001,8.06
02/04/2026 15:25,15.25,0.001,8.06
02/04/2026 14:55,15.25,0.001,8.06
02/04/2026 14:25,15.375,0.001,8.06
02/04/2026 13:55,15.25,0.001,8.06
02/04/2026 13:25,15.25,0.001,8.06
02/04/2026 12:55,15.375,0.001,8.06
02/04/2026 12:55,15.375,0.001,8.06
02/04/2026 12:25,15,0.001,8.06
02/04/2026 11:55,15.25,0.001,8.06
02/04/2026 11:25,15.25,0.001,8.06
02/04/2026 10:55,15.125,0.001,8.06
02/04/2026 10:25,15.25,0.001,8.06
02/04/2026 09:55,15.25,0.001,8.06
02/04/2026 09:25,15.25,0.001,8.06
02/04/2026 08:55,15.375,0.001,8.06
02/04/2026 08:25,15.375,0.001,8.06
02/04/2026 07:55,15.5,0.001,8.06
02/04/2026 07:25,15.375,0.001,8.06
02/04/2026 06:55,15.5,0.001,8.06
02/04/2026 06:25,15.5,0.001,8.06
02/04/2026 05:55,15.375,0.001,8.06
02/04/2026 05:25,15.625,0.001,8.05
02/04/2026 04:55,15.375,0.001,8.05
02/04/2026 04:25,15.5,0.001,8.05
02/04/2026 03:55,15.375,0.001,8.05
02/04/2026 03:25,15.5,0.001,8.05
02/04/2026 02:55,15.375,0.001,8.05
02/04/2026 02:25,15.375,0.001,8.05
02/04/2026 01:55,15.375,0.001,8.05
02/04/2026 01:25,15.375,0.001,8.05
02/04/2026 00:55,15.375,0.001,8.05
02/04/2026 00:25,15.5,0.001,8.05
01/04/2026 23:55,15.375,0.001,8.05
01/04/2026 23:25,15.25,0.001,8.05
01/04/2026 22:55,15.375,0.001,8.05
01/04/2026 22:25,15.375,0.001,8.05
01/04/2026 21:55,15.375,0.001,8.04
01/04/2026 21:25,15.375,0.001,8.05
01/04/2026 20:55,15.625,0.001,8.04
01/04/2026 20:25,15.375,0.001,8.04
01/04/2026 20:25,15.375,0.001,8.04
01/04/2026 19:55,15.5,0.001,8.04
01/04/2026 19:25,15.625,0.001,8.04
01/04/2026 18:55,15.625,0.001,8.04
01/04/2026 18:55,15.625,0.001,8.04
01/04/2026 18:25,15.5,0.001,8.04
01/04/2026 17:55,15.5,0.001,8.03
01/04/2026 17:36,15.375,0.001,8.03
01/04/2026 17:26,15.75,0.001,8.03
01/04/2026 17:26,15.875,0.001,8.75
01/04/2026 17:25,16.625,0.001,8.03
01/04/2026 16:55,15.625,0.001,8.03
01/04/2026 16:55,15.625,0.001,8.03
01/04/2026 16:25,15.5,0.001,8.03
01/04/2026 15:55,15.5,0.001,8.03
01/04/2026 15:25,15.5,0.001,8.03
01/04/2026 14:55,15.375,0.001,8.02
01/04/2026 14:25,15.5,0.001,8.02
01/04/2026 13:55,15.375,0.001,8.02
01/04/2026 13:25,15.375,0.001,8.02
01/04/2026 12:55,15.125,0.001,8.02
01/04/2026 12:25,15.25,0.001,8.02
01/04/2026 11:55,15,0.001,8.02
01/04/2026 11:25,15,0.001,8.02
01/04/2026 10:55,15.125,0.001,8.01
01/04/2026 10:55,15.125,0.001,8.01
01/04/2026 10:25,15,0.001,8.01
28/03/2026 11:25,15.125,0.002,8.01
28/03/2026 10:55,15.125,0.002,8.01
28/03/2026 10:25,15.125,0.002,8.01
28/03/2026 09:55,15.125,0.002,8.01
28/03/2026 09:25,15.25,0.002,8.01
28/03/2026 08:55,15.125,0.002,8.01
28/03/2026 08:25,15.375,0.002,8.01
28/03/2026 07:55,15.375,0.002,8.01
28/03/2026 07:25,15.25,0.002,8.01
28/03/2026 06:55,15.25,0.002,8.01
28/03/2026 06:25,15.375,0.002,8.01
28/03/2026 05:55,15.375,0.002,8.01
28/03/2026 05:25,15.375,0.002,8.01
28/03/2026 04:55,15.375,0.002,8.01
28/03/2026 04:25,15.375,0.002,8.01
28/03/2026 03:55,15.5,0.002,8.01
28/03/2026 03:25,15.25,0.002,8.01
28/03/2026 02:55,15.375,0.002,8.01
28/03/2026 02:25,15.25,0.002,8.01
28/03/2026 01:55,15.25,0.002,8.01
28/03/2026 01:25,15,0.002,8
28/03/2026 00:55,15.125,0.002,8
28/03/2026 00:25,15.125,0.002,8
27/03/2026 23:55,15.125,0.002,8
27/03/2026 23:25,15.125,0.002,8
27/03/2026 22:55,15.25,0.002,8
27/03/2026 22:25,15.125,0.002,8
27/03/2026 22:25,15.125,0.002,8
27/03/2026 21:55,15,0.002,8
27/03/2026 21:25,15,0.002,8
27/03/2026 21:25,15,0.002,8
27/03/2026 20:55,14.875,0.002,8
27/03/2026 20:25,14.875,0.002,8
27/03/2026 19:55,15,0.002,8
27/03/2026 19:25,14.875,0.002,8
27/03/2026 18:55,15,0.002,7.99
27/03/2026 18:25,15,0.002,7.99
27/03/2026 17:55,15,0.002,7.99
27/03/2026 17:25,15.125,0.002,7.99
27/03/2026 16:55,15.125,0.002,7.99
27/03/2026 16:25,15.125,0.002,7.99
27/03/2026 15:55,15.375,0.002,7.99
27/03/2026 15:25,15,0.002,7.99
27/03/2026 14:55,15,0.002,7.99
27/03/2026 14:25,15.25,0.002,7.99
27/03/2026 13:55,15,0.002,7.99
27/03/2026 13:25,15.25,0.002,7.98
27/03/2026 12:55,15.125,0.002,7.98
27/03/2026 12:25,15.125,0.002,7.98
27/03/2026 11:55,15.25,0.002,7.98
27/03/2026 11:25,15.25,0.002,7.98
27/03/2026 10:55,15.125,0.002,7.98
27/03/2026 10:25,15.375,0.002,7.98
27/03/2026 09:55,15.25,0.002,7.98
27/03/2026 09:25,15.375,0.002,7.98
27/03/2026 08:55,15.375,0.002,7.98
27/03/2026 08:25,15.25,0.002,7.98
27/03/2026 07:55,15.5,0.002,7.97
27/03/2026 07:25,15.375,0.002,7.97
27/03/2026 06:55,15.5,0.002,7.97
27/03/2026 06:25,15.625,0.002,7.97
27/03/2026 05:55,15.375,0.002,7.97
27/03/2026 05:25,15.625,0.002,7.97
27/03/2026 04:55,15.625,0.002,7.96
27/03/2026 04:25,15.5,0.002,7.96
27/03/2026 03:55,15.5,0.002,7.96
27/03/2026 03:25,15.5,0.002,7.96
27/03/2026 02:55,15.375,0.002,7.95
27/03/2026 02:25,15.375,0.002,7.95
27/03/2026 01:55,15.375,0.002,7.95
27/03/2026 01:25,15.25,0.002,7.95
27/03/2026 00:55,15.5,0.002,7.94
27/03/2026 00:25,15.375,0.002,7.94
26/03/2026 23:55,15.375,0.002,7.94
26/03/2026 23:25,15.25,0.002,7.93
26/03/2026 22:55,15.25,0.002,7.93
26/03/2026 22:25,15.375,0.002,7.93
26/03/2026 21:55,15.5,0.002,7.93
26/03/2026 21:25,15.5,0.002,7.92
26/03/2026 20:55,15.5,0.002,7.92
26/03/2026 20:25,15.5,0.002,7.92
26/03/2026 19:55,14.75,0.002,7.91
26/03/2026 19:25,15.5,0.002,7.91
26/03/2026 18:55,15.625,0.002,7.9
26/03/2026 18:25,15.5,0.002,7.9
26/03/2026 17:55,15.625,0.002,7.9
26/03/2026 17:25,15.5,0.002,7.89
26/03/2026 16:55,15.625,0.002,7.89
26/03/2026 16:25,15.625,0.002,7.89
26/03/2026 15:55,15.5,0.002,7.88
26/03/2026 15:25,14.75,0.002,7.88
26/03/2026 14:55,15.375,0.002,7.88
26/03/2026 14:25,15.375,0.002,7.88
26/03/2026 13:55,15.375,0.002,7.88
26/03/2026 13:25,15.375,0.002,7.89
26/03/2026 12:55,15.25,0.002,7.9
26/03/2026 12:25,15.375,0.002,7.91
26/03/2026 11:55,15.375,0.002,7.92
26/03/2026 11:25,15.25,0.002,7.95
26/03/2026 10:55,15.375,0.002,7.97
26/03/2026 10:25,15.25,0.002,8
26/03/2026 09:55,15.125,0.002,8.01
26/03/2026 09:25,15.375,0.002,8.01
26/03/2026 09:25,15.375,0.002,8.01
26/03/2026 08:55,15.375,0.002,8.01
26/03/2026 08:25,15.5,0.002,8.01
26/03/2026 07:55,15.375,0.002,8.01
26/03/2026 07:25,15.375,0.002,8.01
26/03/2026 06:55,15.625,0.002,8.01
26/03/2026 06:25,15.625,0.002,8.01
26/03/2026 05:55,15.5,0.002,8.01
26/03/2026 05:25,15.375,0.002,8.01
26/03/2026 04:55,15.375,0.002,8.01
26/03/2026 04:25,15.375,0.002,8.01
26/03/2026 03:55,15.375,0.002,8.01
26/03/2026 03:25,15.375,0.002,8.01
26/03/2026 02:55,15.25,0.002,8.01
26/03/2026 02:25,15.375,0.002,8
26/03/2026 01:55,15.375,0.002,8.01
26/03/2026 01:25,15.375,0.002,8.01
26/03/2026 00:55,15.375,0.002,8
26/03/2026 00:25,15.25,0.002,8
25/03/2026 23:55,15.375,0.002,8
25/03/2026 23:25,15.25,0.002,8
25/03/2026 22:55,15,0.002,8
25/03/2026 22:25,15,0.002,8
25/03/2026 21:55,15.375,0.002,8
25/03/2026 21:25,15.375,0.002,8
25/03/2026 20:55,15.25,0.002,8
25/03/2026 20:25,15.125,0.002,8
25/03/2026 19:55,15.375,0.002,8
25/03/2026 19:25,15.125,0.002,8
25/03/2026 18:55,15.5,0.002,8
25/03/2026 18:25,15.5,0.002,8
25/03/2026 17:55,15.125,0.002,8
25/03/2026 17:25,15.375,0.002,7.99
25/03/2026 16:55,15.5,0.002,8
25/03/2026 16:25,15.25,0.002,7.99
25/03/2026 15:55,15.375,0.002,7.99
25/03/2026 15:25,15.125,0.002,7.99
25/03/2026 14:55,15.375,0.002,8
25/03/2026 14:25,15.25,0.002,7.99
25/03/2026 13:55,15,0.002,8
25/03/2026 13:25,15,0.002,8
25/03/2026 12:55,15,0.002,8
25/03/2026 12:25,15.125,0.002,8
25/03/2026 11:55,15.125,0.002,8.01
25/03/2026 11:25,15.125,0.002,8.01
25/03/2026 10:55,15.25,0.002,8
25/03/2026 10:25,15,0.002,8
25/03/2026 09:55,15.375,0.002,8
25/03/2026 09:25,15.375,0.002,8
25/03/2026 08:55,15.5,0.002,8
25/03/2026 08:25,15.375,0.002,8
25/03/2026 07:55,15.375,0.002,8
25/03/2026 07:25,15.375,0.002,8
25/03/2026 06:55,15.625,0.002,8
25/03/2026 06:25,15.5,0.002,8
25/03/2026 05:55,15.5,0.002,8
25/03/2026 05:25,15.5,0.002,8
25/03/2026 04:55,15.375,0.002,8
25/03/2026 04:25,15.625,0.002,8
25/03/2026 03:55,15.5,0.002,8
25/03/2026 03:25,15.375,0.002,7.99
25/03/2026 02:55,15.375,0.002,8
25/03/2026 02:25,15.375,0.002,7.99
25/03/2026 01:55,15.5,0.002,7.99
25/03/2026 01:25,15.375,0.002,7.99
25/03/2026 00:55,15.375,0.002,7.99
25/03/2026 00:25,15.5,0.002,7.99
24/03/2026 23:55,15.25,0.002,7.99
24/03/2026 23:25,15.125,0.002,7.99
24/03/2026 22:55,15.25,0.002,7.99
24/03/2026 22:25,15.125,0.002,7.99
24/03/2026 21:55,15,0.002,7.99
24/03/2026 21:25,15.125,0.002,7.98
24/03/2026 20:55,15.375,0.002,7.98
24/03/2026 20:25,15.375,0.002,7.98
24/03/2026 19:55,15.125,0.002,7.98
24/03/2026 19:25,15.125,0.002,7.98
24/03/2026 18:55,15,0.002,7.98
24/03/2026 18:25,15.125,0.002,7.98
24/03/2026 17:55,15.25,0.002,7.98
24/03/2026 17:25,15.125,0.002,7.98
24/03/2026 16:55,15,0.002,7.98
24/03/2026 16:25,15.25,0.002,7.98
24/03/2026 15:55,15,0.002,7.99
24/03/2026 15:25,15.25,0.002,8
24/03/2026 14:55,15.25,0.002,8.01
24/03/2026 14:25,15,0.002,8.01
24/03/2026 13:55,15.25,0.002,8.01
24/03/2026 13:25,15.25,0.002,8.01
24/03/2026 12:55,15,0.002,8.01
24/03/2026 12:25,15.125,0.002,8.01
24/03/2026 11:55,15.25,0.002,8.01
24/03/2026 11:25,15.375,0.002,8.01
24/03/2026 10:55,15.125,0.002,8.01
24/03/2026 10:25,15.25,0.002,8.01
24/03/2026 09:55,15.125,0.002,8.01
24/03/2026 09:25,15.25,0.002,8.01
24/03/2026 08:55,15.5,0.002,8.01
24/03/2026 08:25,15.375,0.002,8.01
24/03/2026 07:55,15.5,0.002,8.01
24/03/2026 07:25,15.375,0.002,8.01
24/03/2026 06:55,15.375,0.002,8.01
24/03/2026 06:25,15.5,0.002,8.01
24/03/2026 05:55,15.625,0.002,8.01
24/03/2026 05:25,15.375,0.002,8.01
24/03/2026 04:55,15.5,0.002,8.01
24/03/2026 04:25,15.5,0.002,8.01
24/03/2026 03:55,15.625,0.002,8.01
24/03/2026 03:25,15.5,0.002,8.01
24/03/2026 02:55,15.5,0.002,8
24/03/2026 02:25,15.375,0.002,8
24/03/2026 01:55,15.5,0.002,8.01
24/03/2026 01:25,15.625,0.002,8
24/03/2026 00:55,15.375,0.002,8
24/03/2026 00:55,15.375,0.002,8
24/03/2026 00:25,15.375,0.002,8
23/03/2026 23:55,15.375,0.002,8
23/03/2026 23:25,15.375,0.002,8
23/03/2026 22:55,15.5,0.002,8
23/03/2026 22:25,15.375,0.002,8
23/03/2026 21:55,15.25,0.002,8
23/03/2026 21:25,15.25,0.002,8
23/03/2026 20:55,15.375,0.002,8
23/03/2026 20:25,15.25,0.002,8
23/03/2026 19:55,15.625,0.002,8
23/03/2026 19:25,15.375,0.002,8
23/03/2026 18:55,15.625,0.002,8
23/03/2026 18:25,15.375,0.002,8
23/03/2026 17:55,15.625,0.002,8
23/03/2026 17:25,15.5,0.002,8
23/03/2026 16:55,15.375,0.002,8
23/03/2026 16:25,15.5,0.002,8
23/03/2026 15:55,15.375,0.002,8
23/03/2026 15:25,15.625,0.002,8
23/03/2026 14:55,15.625,0.002,8
23/03/2026 14:25,15.375,0.002,8.01
23/03/2026 13:55,15.375,0.002,8.01
23/03/2026 13:25,15.25,0.002,8.01
23/03/2026 12:55,15.25,0.002,8.02
23/03/2026 12:25,15.5,0.002,8.02
23/03/2026 11:55,15.375,0.002,8.02
23/03/2026 11:25,15.25,0.002,8.02
23/03/2026 10:55,15.25,0.002,8.02
23/03/2026 10:25,15.375,0.002,8.02
23/03/2026 09:55,15.25,0.002,8.02
23/03/2026 09:25,15.25,0.002,8.02
23/03/2026 08:55,15.375,0.002,8.02
23/03/2026 08:25,15.625,0.002,8.02
23/03/2026 07:55,15.625,0.002,8.02
23/03/2026 07:25,16.375,0.002,8.02
23/03/2026 06:55,15.375,0.002,8.02
23/03/2026 06:25,15.5,0.002,8.02
23/03/2026 05:55,15.5,0.002,8.02
23/03/2026 05:25,15.5,0.002,8.02
23/03/2026 04:55,15.625,0.002,8.02
23/03/2026 04:25,15.5,0.002,8.02
23/03/2026 03:55,15.625,0.002,8.02
23/03/2026 03:25,15.5,0.002,8.02
23/03/2026 02:55,15.375,0.002,8.02
23/03/2026 02:25,15.5,0.002,8.02
23/03/2026 01:55,15.375,0.002,8.02
23/03/2026 01:25,15.375,0.002,8.02
23/03/2026 00:55,15.375,0.002,8.02
23/03/2026 00:25,15.375,0.002,8.02
22/03/2026 23:55,15.375,0.002,8.02
22/03/2026 23:25,15.5,0.002,8.02
22/03/2026 22:55,15.5,0.002,8.02
22/03/2026 22:25,15.25,0.002,8.02
22/03/2026 22:25,15.25,0.002,8.02
22/03/2026 21:55,15.25,0.002,8.02
22/03/2026 21:25,15.375,0.002,8.02
22/03/2026 20:55,15.25,0.002,8.02
22/03/2026 20:25,15.25,0.002,8.02
22/03/2026 19:55,15.125,0.002,8.02
22/03/2026 19:25,15.125,0.002,8.02
22/03/2026 18:55,15,0.002,8.02
22/03/2026 18:25,15.375,0.002,8.02
22/03/2026 17:55,15.375,0.002,8.02
22/03/2026 17:25,15.375,0.002,8.02
22/03/2026 16:55,15.5,0.002,8.02
22/03/2026 16:25,15.375,0.002,8.02
22/03/2026 15:55,15.125,0.002,8.02
22/03/2026 15:25,15.125,0.002,8.02
22/03/2026 14:55,15.25,0.002,8.02
22/03/2026 14:25,15.25,0.002,8.02
22/03/2026 13:55,15.125,0.002,8.02
22/03/2026 13:25,15.125,0.002,8.02
22/03/2026 12:55,15.125,0.002,8.02
22/03/2026 12:25,15.375,0.002,8.02
22/03/2026 11:55,15.25,0.002,8.02
22/03/2026 11:25,15.25,0.002,8.02
22/03/2026 10:55,15.375,0.002,8.02
22/03/2026 10:25,15.375,0.002,8.02
22/03/2026 09:55,15.25,0.002,8.02
22/03/2026 09:25,15.375,0.002,8.02
22/03/2026 08:55,15.625,0.002,8.02
22/03/2026 08:25,15.5,0.002,8.02
22/03/2026 08:25,15.5,0.002,8.02
22/03/2026 07:55,15.375,0.002,8.02
22/03/2026 07:25,16.5,0.002,8.02
22/03/2026 06:55,15.625,0.002,8.02
22/03/2026 06:25,16.625,0.002,8.02
22/03/2026 05:55,15.625,0.002,8.02
22/03/2026 05:25,15.5,0.002,8.02
22/03/2026 04:55,15.25,0.002,8.02
22/03/2026 04:25,15.5,0.002,8.02
22/03/2026 03:55,15.375,0.002,8.02
22/03/2026 03:25,15.375,0.002,8.02
22/03/2026 02:55,15.375,0.002,8.02
22/03/2026 02:25,15.625,0.002,8.02
22/03/2026 01:55,15.375,0.002,8.02
22/03/2026 01:25,15.5,0.002,8.02
22/03/2026 00:55,15.375,0.002,8.02
22/03/2026 00:25,15.375,0.002,8.02
21/03/2026 23:55,15.25,0.002,8.02
21/03/2026 23:25,15.5,0.002,8.02
21/03/2026 22:55,15.125,0.002,8.02
21/03/2026 22:25,15.125,0.002,8.02
21/03/2026 21:55,15.125,0.002,8.02
21/03/2026 21:25,15,0.002,8.02
21/03/2026 20:55,15.125,0.002,8.02
21/03/2026 20:25,15.125,0.002,8.02
21/03/2026 19:55,15,0.002,8.02
21/03/2026 19:25,14.875,0.002,8.02
21/03/2026 18:55,14.75,0.002,8.02
21/03/2026 18:25,15.125,0.002,8.02
21/03/2026 17:55,15,0.002,8.02
21/03/2026 17:25,14.75,0.002,8.02
21/03/2026 16:55,14.875,0.002,8.02
21/03/2026 16:25,15.125,0.002,8.02
21/03/2026 15:55,15,0.002,8.02
21/03/2026 15:25,15,0.002,8.01
21/03/2026 14:55,15,0.002,8.02
21/03/2026 14:25,15.125,0.002,8.02
21/03/2026 13:55,15.125,0.002,8.02
21/03/2026 13:25,15.125,0.002,8.02
21/03/2026 12:55,15.25,0.002,8.02
21/03/2026 12:25,15,0.002,8.02
21/03/2026 11:55,15.125,0.002,8.02
21/03/2026 11:25,15.5,0.002,8.02
21/03/2026 10:55,15.375,0.002,8.02
21/03/2026 10:25,15.25,0.002,8.02
21/03/2026 09:55,15.25,0.002,8.02
21/03/2026 09:25,15.375,0.002,8.02
21/03/2026 08:55,15.375,0.002,8.02
21/03/2026 08:25,15.625,0.002,8.02
21/03/2026 07:55,15.625,0.002,8.02
21/03/2026 07:25,14.75,0.002,8.02
21/03/2026 06:55,15.625,0.002,8.02
21/03/2026 06:25,15.375,0.002,8.02
21/03/2026 05:55,15.5,0.002,8.02
21/03/2026 05:25,15.75,0.002,8.02
21/03/2026 04:55,15.5,0.002,8.02
21/03/2026 04:25,15.625,0.002,8.02
21/03/2026 03:55,15.625,0.002,8.01
21/03/2026 03:25,15.375,0.002,8.02
21/03/2026 02:55,15.25,0.002,8.02
21/03/2026 02:25,15.25,0.002,8.01
21/03/2026 01:55,15.5,0.002,8.01
21/03/2026 01:25,15.5,0.002,8.01
21/03/2026 01:25,15.5,0.002,8.01
21/03/2026 00:55,15.5,0.002,8.01
21/03/2026 00:25,15.25,0.002,8.01
20/03/2026 23:55,15.5,0.002,8.01
20/03/2026 23:25,15.125,0.002,8.01
20/03/2026 22:55,15.25,0.002,8.01
20/03/2026 22:25,15.125,0.002,8.01
20/03/2026 21:55,15.125,0.002,8.01
20/03/2026 21:25,14.875,0.002,8.01
20/03/2026 20:55,15,0.002,8.01
20/03/2026 20:25,14.875,0.002,8.01
20/03/2026 19:55,15,0.002,8.01
20/03/2026 19:25,14.875,0.002,8.01
20/03/2026 18:55,14.75,0.002,8.01
20/03/2026 18:25,14.875,0.002,8.01
20/03/2026 17:55,14.75,0.002,8.01
20/03/2026 17:25,14.75,0.002,8.01
20/03/2026 16:55,15,0.002,8.01
20/03/2026 16:25,14.875,0.002,8.01
20/03/2026 15:55,15,0.002,8.01
20/03/2026 15:25,15,0.002,8.01
20/03/2026 14:55,15,0.002,8.01
20/03/2026 14:25,15,0.002,8.01
20/03/2026 13:55,15,0.002,8.01
20/03/2026 13:25,15,0.002,8.01
20/03/2026 12:55,15.125,0.002,8.01
20/03/2026 12:25,15.25,0.002,8.01
20/03/2026 11:55,15.25,0.002,8.01
20/03/2026 11:25,15.125,0.002,8.01
20/03/2026 10:55,15.375,0.002,8.01
20/03/2026 10:25,15.25,0.002,8.01
20/03/2026 09:55,15.5,0.002,8.01
20/03/2026 09:25,15.375,0.002,8.01
20/03/2026 09:25,15.375,0.002,8.01
20/03/2026 08:55,15.5,0.002,8.01
20/03/2026 08:25,15.5,0.002,8.01
20/03/2026 07:55,15.375,0.002,8.01
20/03/2026 07:25,15.625,0.002,8.01
20/03/2026 06:55,15.5,0.002,8.01
20/03/2026 06:25,15.5,0.002,8.01
20/03/2026 05:55,15.5,0.002,8.01
20/03/2026 05:25,15.375,0.002,8.01
20/03/2026 04:55,15.375,0.002,8.01
20/03/2026 04:25,15.5,0.002,8.01
20/03/2026 03:55,15.5,0.002,8.01
20/03/2026 03:25,15.375,0.002,8.01
20/03/2026 02:55,15.25,0.002,8.01
20/03/2026 02:25,15.375,0.002,8.01
20/03/2026 01:55,15.375,0.002,8.01
20/03/2026 01:25,15.25,0.002,8.01
20/03/2026 00:55,15.375,0.002,8.01
20/03/2026 00:25,15.375,0.002,8.01
19/03/2026 23:55,15.25,0.002,8.01
19/03/2026 23:25,15.25,0.002,8
19/03/2026 22:55,15,0.002,8
19/03/2026 22:25,15.125,0.002,8
19/03/2026 21:55,15.375,0.002,8
19/03/2026 21:25,15.375,0.002,8
19/03/2026 20:55,15.125,0.002,8
19/03/2026 20:25,15.125,0.002,8
19/03/2026 19:55,15,0.002,8
19/03/2026 19:25,14.875,0.002,8
19/03/2026 18:55,14.875,0.002,8
19/03/2026 18:25,15,0.002,8
19/03/2026 17:55,15,0.002,8
19/03/2026 17:55,15,0.002,8
19/03/2026 17:25,15.125,0.002,8
19/03/2026 16:55,15.125,0.002,8
19/03/2026 16:25,15.25,0.002,8
19/03/2026 15:55,15.125,0.002,7.99
19/03/2026 15:25,15.125,0.002,7.99
19/03/2026 14:55,15.125,0.002,7.99
19/03/2026 14:25,15.25,0.002,7.99
19/03/2026 13:55,15.125,0.002,7.99
19/03/2026 13:25,15.25,0.002,7.99
19/03/2026 12:55,15.125,0.002,7.99
19/03/2026 12:25,15.25,0.002,7.99
19/03/2026 12:25,15.25,0.002,7.99
19/03/2026 11:55,15.25,0.002,7.99
19/03/2026 11:25,15.375,0.002,7.99
19/03/2026 10:55,15.375,0.002,7.99
19/03/2026 10:25,15.25,0.002,7.99
19/03/2026 09:55,15.375,0.002,7.99
19/03/2026 09:25,15.375,0.002,7.98
19/03/2026 08:55,15.5,0.002,7.98
19/03/2026 08:25,15.375,0.002,7.98
19/03/2026 07:55,15.25,0.002,7.98
19/03/2026 07:25,15.5,0.002,7.98
19/03/2026 06:55,15.5,0.002,7.98
19/03/2026 06:25,15.75,0.002,7.98
19/03/2026 05:55,15.5,0.002,7.98
19/03/2026 05:25,15.5,0.002,7.97
19/03/2026 04:55,15.375,0.002,7.98
19/03/2026 04:25,14.75,0.002,7.97
19/03/2026 03:55,15.5,0.002,7.97
19/03/2026 03:25,15.5,0.002,7.97
19/03/2026 02:55,15.25,0.002,7.97
19/03/2026 02:25,15.375,0.002,7.97
19/03/2026 01:55,15.5,0.002,7.97
19/03/2026 01:25,15.375,0.002,7.96
19/03/2026 00:55,15.375,0.002,7.96
19/03/2026 00:25,15.375,0.002,7.96
18/03/2026 23:55,15.25,0.002,7.96
18/03/2026 23:25,15.375,0.002,7.96
18/03/2026 22:55,15.375,0.002,7.96
18/03/2026 22:25,15.375,0.002,7.95
18/03/2026 21:55,15.375,0.002,7.95
18/03/2026 21:53,15.5,0.002,7.95
18/03/2026 21:25,15.25,0.002,7.95
18/03/2026 20:55,15.375,0.002,7.95
18/03/2026 20:55,15.375,0.002,7.95
18/03/2026 20:25,15.5,0.002,7.95
18/03/2026 19:55,15.375,0.002,7.94
18/03/2026 19:25,15.625,0.002,7.94
18/03/2026 18:55,15.625,0.002,7.94
18/03/2026 18:25,15.5,0.002,7.94
18/03/2026 17:55,15.5,0.002,7.94
18/03/2026 17:25,15.5,0.002,7.93
18/03/2026 16:55,15.5,0.002,7.93
18/03/2026 16:25,15.5,0.002,7.93
18/03/2026 15:55,15.375,0.002,7.93
18/03/2026 15:25,15.625,0.002,7.92
18/03/2026 14:55,15.375,0.002,7.92
18/03/2026 14:25,15.625,0.002,7.92
18/03/2026 13:55,15.5,0.002,7.92
18/03/2026 13:25,15.375,0.002,7.92
18/03/2026 12:55,15.5,0.002,7.92
18/03/2026 12:25,15.375,0.002,7.92
18/03/2026 11:55,15.375,0.002,7.93
18/03/2026 11:25,15.375,0.002,7.93
18/03/2026 10:55,15.375,0.002,7.94
18/03/2026 10:25,15.25,0.002,7.94
18/03/2026 09:58,15.375,0.002,7.95
18/03/2026 09:55,15.25,0.002,7.95
18/03/2026 09:25,15.25,0.002,7.96
18/03/2026 09:25,15.25,0.002,7.96
18/03/2026 08:55,15.25,0.002,7.97
18/03/2026 08:25,15.375,0.002,7.97
18/03/2026 07:55,15.5,0.002,7.98
18/03/2026 07:25,15.625,0.002,7.97
18/03/2026 06:55,15.5,0.003,7.97
18/03/2026 06:25,15.625,0.002,7.97
18/03/2026 05:55,15.625,0.002,7.97
18/03/2026 05:25,15.5,0.003,7.97
18/03/2026 04:55,15.625,0.003,7.97
18/03/2026 04:25,15.375,0.002,7.97
18/03/2026 03:55,15.375,0.003,7.97
18/03/2026 03:44,15.5,0.003,7.96
18/03/2026 03:25,15.375,0.003,7.96
18/03/2026 02:55,15.375,0.002,7.96
18/03/2026 02:25,15.375,0.002,7.96
18/03/2026 01:55,15.625,0.003,7.96
18/03/2026 01:25,15.625,0.003,7.96
18/03/2026 00:55,15.5,0.003,7.96
18/03/2026 00:25,15.375,0.003,7.96
17/03/2026 23:55,15.5,0.003,7.96
17/03/2026 23:25,15.375,0.003,7.96
17/03/2026 22:55,15.375,0.003,7.96
17/03/2026 22:25,16.5,0.003,7.95
17/03/2026 21:55,15.5,0.003,7.96
17/03/2026 21:25,15.5,0.003,7.95
17/03/2026 20:55,15.625,0.003,7.96
17/03/2026 20:25,15.5,0.003,7.95
17/03/2026 19:55,15.375,0.003,7.96
17/03/2026 19:25,16.5,0.003,7.96
17/03/2026 18:55,15.5,0.003,7.96
17/03/2026 18:25,14.75,0.003,7.97
17/03/2026 17:55,15.625,0.003,7.97
17/03/2026 17:25,15.75,0.003,7.98
17/03/2026 16:55,15.75,0.003,7.98
17/03/2026 16:25,15.625,0.003,7.99
17/03/2026 15:55,15.5,0.003,8
17/03/2026 15:25,15.625,0.003,8.01
17/03/2026 14:55,15.5,0.003,8.01
17/03/2026 14:25,15.5,0.003,8.01
17/03/2026 13:55,15.375,0.003,8.01
17/03/2026 13:25,15.375,0.003,8.01
17/03/2026 13:25,15.375,0.003,8.01
17/03/2026 12:55,15.5,0.003,8.01
17/03/2026 12:25,15.25,0.003,8.01
17/03/2026 11:55,15.5,0.003,8.01
17/03/2026 11:25,15.5,0.003,8.01
17/03/2026 10:55,15.375,0.003,8.01
17/03/2026 10:25,15.25,0.003,8.01
17/03/2026 09:55,15.5,0.003,8.01
17/03/2026 09:25,15.375,0.003,8.01
17/03/2026 08:55,15.625,0.003,8.01
17/03/2026 08:25,15.625,0.003,8.01
17/03/2026 07:55,15.5,0.003,8.01
17/03/2026 07:25,16.625,0.003,8.01
17/03/2026 06:55,15.625,0.003,8.01
17/03/2026 06:25,15.75,0.003,8.01
17/03/2026 05:55,15.625,0.003,8.01
17/03/2026 05:25,15.625,0.003,8.01
17/03/2026 04:55,15.625,0.003,8.01
17/03/2026 04:25,15.375,0.003,8.01
17/03/2026 03:55,15.625,0.003,8.01
17/03/2026 03:25,15.375,0.003,8
17/03/2026 02:55,15.625,0.003,8.01
17/03/2026 02:25,15.5,0.003,8
17/03/2026 01:55,15.5,0.003,8
17/03/2026 01:25,15.375,0.003,8
17/03/2026 00:55,15.5,0.003,8
17/03/2026 00:25,15.375,0.003,8
16/03/2026 23:55,15.25,0.003,8
16/03/2026 23:25,15.5,0.003,8
16/03/2026 22:55,15.375,0.003,8
16/03/2026 22:25,15.25,0.003,8
16/03/2026 21:55,15.5,0.003,8
16/03/2026 21:25,15.375,0.003,8
16/03/2026 20:55,15.25,0.003,8
16/03/2026 20:25,15.25,0.003,8
16/03/2026 20:25,15.25,0.003,8
16/03/2026 19:55,15.25,0.003,8
16/03/2026 19:25,15.125,0.003,8
16/03/2026 18:55,15.25,0.003,8
16/03/2026 18:25,15.375,0.003,8
16/03/2026 17:55,15.375,0.003,8
16/03/2026 17:25,15.375,0.003,8
16/03/2026 16:55,15.25,0.003,8
16/03/2026 16:25,15.5,0.003,8
16/03/2026 15:55,15.375,0.003,8
16/03/2026 15:25,15.25,0.003,8
16/03/2026 14:55,15.25,0.003,8
16/03/2026 14:25,15.375,0.003,8
16/03/2026 13:55,15.625,0.003,8
16/03/2026 13:25,15.25,0.003,8
16/03/2026 12:55,15.375,0.003,8
16/03/2026 12:25,15.375,0.003,8
16/03/2026 11:55,15.375,0.003,8
16/03/2026 11:25,15.375,0.003,8
16/03/2026 10:55,15.5,0.003,8
16/03/2026 10:25,15.375,0.003,8
16/03/2026 09:55,15.375,0.003,8
16/03/2026 09:25,15.25,0.003,8
16/03/2026 08:55,15.5,0.003,8
16/03/2026 08:25,15.5,0.003,8
16/03/2026 07:55,15.625,0.002,8
16/03/2026 07:25,16.5,0.003,8
16/03/2026 07:25,16.5,0.003,8
16/03/2026 06:55,15.5,0.003,8
16/03/2026 06:25,15.5,0.003,8.01
16/03/2026 05:55,15.625,0.003,8.01
16/03/2026 05:25,14.75,0.003,8.01
16/03/2026 04:55,15.625,0.003,8.01
16/03/2026 04:25,15.625,0.003,8.01
16/03/2026 03:55,15.625,0.003,8.01
16/03/2026 03:25,15.375,0.003,8.01
16/03/2026 02:55,15.375,0.003,8.01
16/03/2026 02:25,15.5,0.003,8.01
16/03/2026 01:55,15.5,0.003,8.01
16/03/2026 01:25,15.375,0.003,8.01
16/03/2026 00:55,15.375,0.003,8.01
16/03/2026 00:25,15.5,0.003,8.01
15/03/2026 23:55,15.375,0.003,8.01
15/03/2026 23:25,15.5,0.003,8.01
15/03/2026 22:55,15.375,0.003,8.01
15/03/2026 22:25,15.5,0.003,8.02
15/03/2026 21:55,15.25,0.003,8.02
15/03/2026 21:25,15.25,0.003,8.01
15/03/2026 20:55,15.375,0.003,8.01
15/03/2026 20:25,15.375,0.003,8.01
15/03/2026 19:55,15.375,0.003,8.01
15/03/2026 19:25,15.625,0.003,8.01
15/03/2026 18:55,15.625,0.003,8.01
15/03/2026 18:25,16.375,0.003,8.01
15/03/2026 17:55,15.5,0.003,8.01
15/03/2026 17:55,15.5,0.003,8.01
15/03/2026 17:25,15.625,0.003,8.01
15/03/2026 16:55,15.5,0.003,8.01
15/03/2026 16:25,15.625,0.003,8.01
15/03/2026 15:55,15.5,0.003,8.01
15/03/2026 15:25,15.375,0.003,8.01
15/03/2026 14:55,15.375,0.003,8.01
15/03/2026 14:25,15.25,0.003,8.01
15/03/2026 13:55,15.25,0.003,8.01
15/03/2026 13:25,15.375,0.003,8.01
15/03/2026 12:55,15.125,0.003,8.01
15/03/2026 12:25,15.25,0.003,8.01
15/03/2026 12:25,15.25,0.003,8.01
15/03/2026 11:55,15.125,0.003,8.01
15/03/2026 11:25,15.25,0.003,8.01
15/03/2026 10:55,15.25,0.003,8.01
15/03/2026 10:25,15.375,0.003,8.01
15/03/2026 09:55,15.25,0.003,8.01
15/03/2026 09:55,15.25,0.003,8.01
15/03/2026 09:25,15.375,0.003,8.01
15/03/2026 08:55,15.5,0.003,8.01
15/03/2026 08:25,15.375,0.003,8.01
15/03/2026 07:55,15.375,0.003,8.01
15/03/2026 07:25,15.25,0.003,8.01
15/03/2026 06:55,15.5,0.003,8.01
15/03/2026 06:25,15.375,0.003,8.01
15/03/2026 05:55,15.5,0.003,8.01
15/03/2026 05:25,15.375,0.003,8.01
15/03/2026 04:55,15.625,0.003,8.01
15/03/2026 04:25,15.375,0.003,8.01
15/03/2026 03:55,15.25,0.003,8.01
15/03/2026 03:25,15.5,0.003,8.01
15/03/2026 02:55,15.375,0.003,8.01
15/03/2026 02:25,15.375,0.003,8.01
15/03/2026 01:55,15.25,0.003,8.01
15/03/2026 01:25,15.25,0.003,8.01
15/03/2026 01:25,15.25,0.003,8.01
15/03/2026 00:55,15.625,0.003,8.01
15/03/2026 00:25,15.125,0.003,8.01
14/03/2026 23:55,15.125,0.003,8
14/03/2026 23:55,15.125,0.003,8
14/03/2026 23:25,15.375,0.003,8
14/03/2026 22:55,15.375,0.003,8
14/03/2026 22:25,15.125,0.003,8
14/03/2026 21:55,15.125,0.003,8
14/03/2026 21:25,15.125,0.003,8
14/03/2026 20:55,15.125,0.003,8
14/03/2026 20:25,15.25,0.003,8
14/03/2026 19:55,15,0.003,8
14/03/2026 19:25,15.125,0.003,8
14/03/2026 18:55,15.125,0.003,8
14/03/2026 18:25,15.125,0.003,8
14/03/2026 17:55,15.125,0.003,8
14/03/2026 17:25,15.25,0.003,8
14/03/2026 16:55,15.25,0.003,8
14/03/2026 16:25,15.375,0.003,8
14/03/2026 15:55,15.25,0.003,8
14/03/2026 15:25,15,0.003,8
14/03/2026 14:55,15.375,0.003,8
14/03/2026 14:25,15.25,0.003,8
14/03/2026 13:55,15.25,0.003,8
14/03/2026 13:55,15.25,0.003,8
14/03/2026 13:25,15.25,0.003,8
14/03/2026 13:25,15.25,0.003,8
14/03/2026 12:55,15.25,0.003,8
14/03/2026 12:25,15.25,0.003,8
14/03/2026 11:55,15.25,0.003,8
14/03/2026 11:25,15.125,0.003,8
14/03/2026 10:55,15.25,0.003,8
14/03/2026 10:25,15.375,0.003,8
14/03/2026 09:55,15.375,0.003,8
14/03/2026 09:25,15.5,0.003,8
14/03/2026 08:55,14.875,0.003,8
14/03/2026 08:25,15.625,0.003,8
14/03/2026 07:55,15.375,0.003,8.01
14/03/2026 07:25,15.5,0.003,8
14/03/2026 06:55,15.625,0.003,8.01
14/03/2026 06:25,15.5,0.003,8.01
14/03/2026 06:25,15.5,0.003,8.01
14/03/2026 05:55,15.5,0.003,8.01
14/03/2026 05:25,15.5,0.003,8.01
14/03/2026 05:25,15.5,0.003,8.01
14/03/2026 04:55,15.625,0.003,8.01
14/03/2026 04:25,16.5,0.003,8.01
14/03/2026 03:55,15.5,0.003,8.01
14/03/2026 03:25,15.625,0.003,8
14/03/2026 02:55,15.375,0.003,8
14/03/2026 02:25,15.625,0.003,8
14/03/2026 01:55,15.375,0.003,8
14/03/2026 01:25,15.25,0.003,8
14/03/2026 00:55,15.25,0.003,8
14/03/2026 00:51,15.375,0.003,8
13/03/2026 23:55,15.375,0.003,8
13/03/2026 23:25,15.375,0.003,8
13/03/2026 22:55,15.375,0.003,8
13/03/2026 22:25,15.625,0.003,8
13/03/2026 21:55,15.375,0.003,8
13/03/2026 21:55,15.375,0.003,8
13/03/2026 21:25,15.25,0.003,8
13/03/2026 20:55,15.5,0.003,8
13/03/2026 20:25,15.625,0.003,8
13/03/2026 19:55,16.625,0.003,8
13/03/2026 19:25,15.625,0.003,8
13/03/2026 18:55,15.625,0.004,8
13/03/2026 18:25,16.625,0.004,8
13/03/2026 17:55,15.5,0.004,8
13/03/2026 17:25,15.625,0.004,8
13/03/2026 16:55,15.5,0.004,8
13/03/2026 16:25,15.5,0.004,8
13/03/2026 15:55,15.625,0.004,8
13/03/2026 15:25,15.5,0.004,8
13/03/2026 14:55,15.5,0.004,8
13/03/2026 14:25,15.5,0.004,8
13/03/2026 13:55,15.5,0.004,8
13/03/2026 13:25,15.5,0.004,8
13/03/2026 12:55,15.375,0.004,8
13/03/2026 12:25,15.375,0.004,8
13/03/2026 11:55,15.25,0.004,8
13/03/2026 11:25,15.375,0.004,8
13/03/2026 10:55,15.5,0.004,8
13/03/2026 10:25,15.25,0.004,8
13/03/2026 09:55,15.375,0.004,8.01
13/03/2026 09:25,15.625,0.004,8.01
13/03/2026 08:55,14.75,0.004,8.01
13/03/2026 08:25,15.625,0.004,8.01
13/03/2026 07:55,15.5,0.004,8.01
13/03/2026 07:25,15.5,0.004,8.01
13/03/2026 06:55,15.625,0.004,8.01
13/03/2026 06:25,15.625,0.004,8.01
13/03/2026 05:55,15.625,0.004,8.01
13/03/2026 05:25,15.625,0.004,8.01
13/03/2026 04:55,14.75,0.004,8.01
13/03/2026 04:25,15.5,0.004,8.01
13/03/2026 03:55,15.5,0.004,8.01
13/03/2026 03:25,15.5,0.004,8.01
13/03/2026 02:55,15.375,0.004,8.01
13/03/2026 02:25,15.5,0.004,8.01
13/03/2026 01:55,15.375,0.004,8.01
13/03/2026 01:25,15.375,0.004,8.01
13/03/2026 00:55,15.375,0.004,8.01
13/03/2026 00:25,15.5,0.004,8.01
12/03/2026 23:55,15.375,0.004,8.01
12/03/2026 23:25,15.5,0.004,8.01
12/03/2026 22:55,15.25,0.004,8
12/03/2026 22:25,15.375,0.004,8
12/03/2026 21:55,15.25,0.004,8
12/03/2026 21:25,15.375,0.003,8
12/03/2026 20:55,15.375,0.004,8
12/03/2026 20:25,15.25,0.004,8
12/03/2026 19:55,15.25,0.004,8
12/03/2026 19:25,15.375,0.004,8
12/03/2026 18:55,15.5,0.004,8.01
12/03/2026 18:25,15.5,0.004,8
12/03/2026 17:55,15.5,0.004,8
12/03/2026 17:25,15.375,0.004,8
12/03/2026 16:55,15.5,0.004,8
12/03/2026 16:25,15.5,0.004,8
12/03/2026 15:55,15.5,0.004,8
12/03/2026 15:25,15.5,0.004,8
12/03/2026 14:55,14.75,0.004,8
12/03/2026 14:25,15.375,0.004,8
12/03/2026 13:55,15.375,0.004,8
12/03/2026 13:25,15.375,0.004,8
12/03/2026 12:55,15.5,0.004,8
12/03/2026 12:25,15.25,0.004,8
12/03/2026 11:55,15.375,0.004,7.99
12/03/2026 11:25,15.375,0.004,7.99
12/03/2026 10:55,15.375,0.004,7.99
12/03/2026 10:25,15.375,0.004,7.99
12/03/2026 09:55,15.375,0.004,7.99
12/03/2026 09:25,15.375,0.004,7.99
12/03/2026 08:55,16.625,0.004,7.99
12/03/2026 08:25,15.625,0.004,7.99
12/03/2026 07:55,15.5,0.004,7.99
12/03/2026 07:25,14.75,0.004,7.99
12/03/2026 06:55,14.75,0.004,7.99
12/03/2026 06:25,14.75,0.004,7.99
12/03/2026 05:55,15.625,0.004,7.98
12/03/2026 05:25,16.625,0.004,7.98
12/03/2026 04:55,15.5,0.004,7.98
12/03/2026 04:25,15.75,0.004,7.98
12/03/2026 03:55,15.625,0.004,7.98
12/03/2026 03:55,15.625,0.004,7.98
12/03/2026 03:25,15.625,0.004,7.98
12/03/2026 02:55,15.5,0.004,7.98
12/03/2026 02:25,14.75,0.004,7.98
12/03/2026 01:55,15.375,0.004,7.98
12/03/2026 01:25,15.5,0.004,7.98
12/03/2026 00:55,15.375,0.004,7.98
12/03/2026 00:25,15.5,0.004,7.97
11/03/2026 23:55,15.375,0.004,7.97
11/03/2026 23:55,15.375,0.004,7.97
11/03/2026 23:25,15.375,0.004,7.97
11/03/2026 22:55,15.375,0.004,7.97
11/03/2026 22:25,15.125,0.004,7.97
11/03/2026 21:55,15.25,0.004,7.97
11/03/2026 21:25,15.125,0.004,7.97
11/03/2026 20:55,15.375,0.004,7.97
11/03/2026 20:25,15.125,0.004,7.96
11/03/2026 19:55,15.25,0.004,7.96
11/03/2026 19:25,15,0.004,7.96
11/03/2026 18:55,15.125,0.004,7.96
11/03/2026 18:25,15.25,0.004,7.96
11/03/2026 17:55,15.125,0.004,7.95
11/03/2026 17:25,15.125,0.004,7.95
11/03/2026 16:55,15.25,0.004,7.95
11/03/2026 16:25,15.25,0.004,7.95
11/03/2026 15:55,15.25,0.004,7.95
11/03/2026 15:25,15.125,0.004,7.95
11/03/2026 14:55,15,0.004,7.95
11/03/2026 14:25,15.125,0.004,7.95
11/03/2026 13:55,15.125,0.004,7.95
11/03/2026 13:25,14.875,0.004,7.96
11/03/2026 12:55,15.125,0.004,7.96
11/03/2026 12:25,15,0.004,7.96
11/03/2026 11:55,15,0.004,7.97
11/03/2026 11:25,15,0.004,7.98
11/03/2026 10:55,15.125,0.004,7.99
11/03/2026 10:25,15,0.004,7.99
11/03/2026 09:55,15,0.004,7.99
11/03/2026 09:25,14.875,0.004,7.99
11/03/2026 08:55,15.125,0.004,7.99
11/03/2026 08:25,15.125,0.004,7.99
11/03/2026 07:55,15.125,0.004,7.99
11/03/2026 07:25,15.25,0.004,7.99
11/03/2026 06:55,15.25,0.004,7.99
11/03/2026 06:25,15.25,0.004,7.99
11/03/2026 06:25,15.25,0.004,7.99
11/03/2026 05:55,15.125,0.004,7.99
11/03/2026 05:25,15,0.004,7.99
11/03/2026 04:55,15.25,0.004,7.99
11/03/2026 04:25,15.125,0.004,7.99
11/03/2026 03:55,15,0.004,7.99
11/03/2026 03:25,15.125,0.004,7.99
11/03/2026 02:55,15.25,0.004,7.99
11/03/2026 02:25,15.125,0.004,7.99
11/03/2026 01:55,15.25,0.004,8
11/03/2026 01:25,15.375,0.004,8
11/03/2026 00:55,15.125,0.004,8
11/03/2026 00:25,15,0.004,8
10/03/2026 23:55,15.125,0.004,8
10/03/2026 23:25,15.125,0.004,8
10/03/2026 22:55,15.125,0.004,7.99
10/03/2026 22:25,14.875,0.004,8
10/03/2026 21:55,15,0.004,8
10/03/2026 21:25,14.75,0.004,8
10/03/2026 20:55,14.875,0.004,8
10/03/2026 20:25,15,0.004,8
10/03/2026 19:55,14.875,0.004,8
10/03/2026 19:25,14.75,0.004,8
10/03/2026 18:55,14.875,0.004,8
10/03/2026 18:25,14.875,0.004,8
10/03/2026 17:55,14.875,0.004,8.01
10/03/2026 17:25,13.75,0.004,8.01
10/03/2026 16:55,15.625,0.004,8.01
10/03/2026 16:25,14.875,0.004,8.01
10/03/2026 15:55,14.75,0.004,8.01
10/03/2026 15:25,14.875,0.004,8.01
10/03/2026 14:55,14.75,0.004,8.01
10/03/2026 14:25,15,0.004,8.01
10/03/2026 13:55,14.875,0.004,8.01
10/03/2026 13:25,14.875,0.004,8.01
10/03/2026 13:25,14.875,0.004,8.01
10/03/2026 12:55,14.875,0.004,8.01
10/03/2026 12:25,14.875,0.004,8.01
10/03/2026 11:55,15.125,0.004,8.01
10/03/2026 11:25,15,0.004,8.01
10/03/2026 10:55,15,0.004,8.01
10/03/2026 10:25,15.125,0.004,8.02
10/03/2026 09:55,15,0.004,8.02
10/03/2026 09:25,15.25,0.004,8.02
10/03/2026 08:55,15.375,0.004,8.02
10/03/2026 08:25,15.375,0.004,8.02
10/03/2026 07:55,15.5,0.004,8.02
10/03/2026 07:25,15.5,0.004,8.02
10/03/2026 06:55,15.5,0.004,8.02
10/03/2026 06:25,15.625,0.004,8.02
10/03/2026 05:55,15.375,0.004,8.02
10/03/2026 05:25,15.5,0.004,8.02
10/03/2026 04:55,15.5,0.004,8.02
10/03/2026 04:25,15.625,0.004,8.02
10/03/2026 03:55,15.625,0.004,8.02
10/03/2026 03:25,15.625,0.004,8.02
10/03/2026 02:55,15.5,0.004,8.02
10/03/2026 02:25,15.25,0.004,8.01
10/03/2026 01:55,15.5,0.004,8.02
10/03/2026 01:25,15.5,0.004,8.01
10/03/2026 00:55,15.625,0.004,8.02
10/03/2026 00:25,15.375,0.004,8.01
09/03/2026 23:55,15.25,0.004,8.01
09/03/2026 23:25,15.375,0.004,8.01
09/03/2026 22:55,15.375,0.004,8.01
09/03/2026 22:25,15.25,0.004,8.01
09/03/2026 21:55,15.375,0.004,8.01
09/03/2026 21:25,15.375,0.004,8.01
09/03/2026 20:55,15.25,0.004,8.01
09/03/2026 20:25,15.25,0.004,8.01
09/03/2026 20:25,15.25,0.004,8.01
09/03/2026 19:55,15.25,0.004,8.01
09/03/2026 19:25,15.125,0.004,8.01
09/03/2026 18:55,15.5,0.004,8.01
09/03/2026 18:25,15.375,0.004,8.01
09/03/2026 17:55,15.375,0.004,8.01
09/03/2026 17:25,15.25,0.004,8.01
09/03/2026 16:55,15.375,0.004,8.01
09/03/2026 16:25,15.375,0.004,8.01
09/03/2026 15:55,15.25,0.004,8.01
09/03/2026 15:25,15.25,0.004,8
09/03/2026 14:55,15.125,0.004,8
09/03/2026 14:25,15.125,0.004,8
09/03/2026 13:55,15.375,0.004,8
09/03/2026 13:25,15.25,0.004,8
09/03/2026 12:55,15.125,0.004,8
09/03/2026 12:25,15.375,0.004,8
09/03/2026 11:55,15.25,0.004,8
09/03/2026 11:25,15.125,0.004,8
09/03/2026 11:25,15.125,0.004,8
09/03/2026 10:55,15.125,0.004,8
09/03/2026 10:25,15.125,0.004,8
09/03/2026 09:55,15,0.004,8
09/03/2026 09:25,15.375,0.004,8
09/03/2026 08:55,15.375,0.004,8
09/03/2026 08:25,15.25,0.004,8
09/03/2026 07:55,15.5,0.004,8
09/03/2026 07:25,15.625,0.004,8
09/03/2026 06:55,15.375,0.004,8
09/03/2026 06:25,15.5,0.004,8
09/03/2026 05:55,15.5,0.004,8
09/03/2026 05:25,15.5,0.004,8
09/03/2026 04:55,15.5,0.004,8
09/03/2026 04:25,15.375,0.004,8
09/03/2026 03:55,15.25,0.004,8
09/03/2026 03:25,15.375,0.004,8
09/03/2026 02:55,15.25,0.004,8
09/03/2026 02:25,15.25,0.004,8
09/03/2026 01:55,15.25,0.004,8.01
09/03/2026 01:25,15.375,0.004,8.01
09/03/2026 00:55,15.25,0.004,8.01
09/03/2026 00:25,15,0.004,8.01
08/03/2026 23:55,15.125,0.004,8.01
08/03/2026 23:25,15.125,0.004,8.01
08/03/2026 22:55,15.125,0.004,8
08/03/2026 22:25,15.125,0.004,8
08/03/2026 21:55,15,0.004,8.01
08/03/2026 21:25,15,0.004,8.01
08/03/2026 20:55,15,0.004,8.01
08/03/2026 20:25,15,0.004,8
08/03/2026 19:55,14.75,0.004,8.01
08/03/2026 19:25,14.875,0.004,8
08/03/2026 18:55,14.875,0.004,8
08/03/2026 18:25,14.875,0.004,8
08/03/2026 17:55,15,0.004,8
08/03/2026 17:25,14.875,0.004,8
08/03/2026 16:55,15,0.004,8
08/03/2026 16:25,15.125,0.004,8
08/03/2026 16:25,15.125,0.004,8
08/03/2026 15:55,15.125,0.004,8
08/03/2026 15:25,15.25,0.004,8
08/03/2026 14:55,15,0.004,8
08/03/2026 14:25,14.875,0.004,8
08/03/2026 13:55,14.875,0.004,8
08/03/2026 13:25,14.875,0.004,8
08/03/2026 12:55,15,0.004,8
08/03/2026 12:25,15,0.004,8
08/03/2026 11:55,15.125,0.004,8
08/03/2026 11:25,15,0.004,8
08/03/2026 10:55,15,0.004,8
08/03/2026 10:25,15,0.004,8
08/03/2026 09:55,15.125,0.004,8
08/03/2026 09:25,15.25,0.004,8
08/03/2026 08:55,15,0.004,8
08/03/2026 08:25,15.125,0.004,8
08/03/2026 07:55,15.25,0.004,8
08/03/2026 07:25,15.375,0.004,8
08/03/2026 06:55,15.25,0.004,8
08/03/2026 06:25,15.5,0.004,8
08/03/2026 05:55,15.375,0.004,8
08/03/2026 05:25,15.125,0.004,8
08/03/2026 05:25,15.125,0.004,8
08/03/2026 04:55,15.125,0.004,8
08/03/2026 04:25,15,0.004,8
08/03/2026 03:55,15.25,0.004,8
08/03/2026 03:25,15.25,0.004,8
08/03/2026 02:55,15.125,0.004,8
08/03/2026 02:25,15,0.004,8
08/03/2026 02:25,15,0.004,8
08/03/2026 01:55,14.875,0.004,8
08/03/2026 01:25,15.125,0.004,8
08/03/2026 00:55,15,0.004,8
08/03/2026 00:25,15,0.004,8
07/03/2026 23:55,15,0.004,8
07/03/2026 23:25,14.875,0.004,8
07/03/2026 22:55,14.75,0.004,8
07/03/2026 22:25,14.875,0.004,8
07/03/2026 21:55,14.875,0.004,8
07/03/2026 21:25,14.625,0.004,8
07/03/2026 20:55,14.625,0.004,8
07/03/2026 20:25,14.625,0.004,8
07/03/2026 19:55,14.375,0.004,8.01
07/03/2026 19:25,14.375,0.004,8
07/03/2026 18:55,14.375,0.004,8
07/03/2026 18:25,14.5,0.004,8.01
07/03/2026 18:25,14.5,0.004,8.01
07/03/2026 17:55,14.25,0.004,8
07/03/2026 17:25,14.25,0.004,8.01
07/03/2026 16:55,14.375,0.004,8
07/03/2026 16:25,14.375,0.004,8
07/03/2026 15:55,14.375,0.004,8.01
07/03/2026 15:25,14.375,0.004,8.01
07/03/2026 14:55,14.375,0.004,8.01
07/03/2026 14:25,14.375,0.004,8
07/03/2026 13:55,14.375,0.004,8
07/03/2026 13:25,14.625,0.004,8
07/03/2026 12:55,15.5,0.004,7.99
07/03/2026 12:25,14.5,0.004,7.99
07/03/2026 11:55,14.5,0.004,7.99
07/03/2026 11:25,14.5,0.004,7.99
07/03/2026 10:55,15.625,0.004,7.99
07/03/2026 10:25,13.875,0.004,7.99
07/03/2026 09:55,14.75,0.004,7.99
07/03/2026 09:25,15.5,0.004,8
07/03/2026 08:55,14.75,0.004,8
07/03/2026 08:25,14.875,0.004,8
07/03/2026 07:55,14.75,0.004,8
07/03/2026 07:55,14.75,0.004,8
07/03/2026 07:25,15,0.004,8
07/03/2026 06:55,15,0.004,8
07/03/2026 06:25,15,0.004,8
07/03/2026 05:55,14.875,0.004,8
07/03/2026 05:25,15,0.004,8
07/03/2026 04:55,15.625,0.004,8
07/03/2026 04:25,14.75,0.004,8
07/03/2026 03:55,14.75,0.004,8
07/03/2026 03:25,14.875,0.004,8
07/03/2026 02:55,15.625,0.004,8
07/03/2026 02:25,14.75,0.004,8
07/03/2026 01:55,14.875,0.004,8
07/03/2026 01:25,14.75,0.004,8
07/03/2026 00:55,14.75,0.004,8
07/03/2026 00:25,14.875,0.004,8
06/03/2026 23:55,13.75,0.004,8
06/03/2026 23:25,13.875,0.004,8
06/03/2026 22:55,14.875,0.004,8
06/03/2026 22:25,15.625,0.004,8
06/03/2026 21:55,14.5,0.004,8.01
06/03/2026 21:25,14.625,0.004,8.01
06/03/2026 20:55,14.625,0.004,8.01
06/03/2026 20:25,14.625,0.004,8.01
06/03/2026 20:25,14.625,0.004,8.01
06/03/2026 19:55,14.625,0.004,8.01
06/03/2026 19:25,14.5,0.004,8.01
06/03/2026 18:55,14.625,0.004,8.01
06/03/2026 18:55,14.625,0.004,8.01
06/03/2026 18:25,14.625,0.004,8.01
06/03/2026 17:55,14.375,0.004,8.01
06/03/2026 17:25,14.5,0.004,8.01
06/03/2026 16:55,14.5,0.004,8.02
06/03/2026 16:25,14.5,0.004,8.01
06/03/2026 15:55,14.5,0.004,8.01
06/03/2026 15:25,14.5,0.004,8.01
06/03/2026 14:55,13.75,0.004,8.02
06/03/2026 14:25,14.625,0.004,8.02
06/03/2026 13:55,14.75,0.004,8.02
06/03/2026 13:25,14.75,0.004,8.02
06/03/2026 12:55,14.875,0.004,8.02
06/03/2026 12:25,14.75,0.004,8.02
06/03/2026 11:55,15,0.004,8.02
06/03/2026 11:25,15.125,0.004,8.02
06/03/2026 10:55,14.875,0.004,8.02
06/03/2026 10:25,15.125,0.004,8.02
06/03/2026 09:55,15.125,0.004,8.02
06/03/2026 09:25,15,0.004,8.02
06/03/2026 08:55,15.25,0.004,8.02
06/03/2026 08:25,15.25,0.004,8.02
06/03/2026 07:55,15.375,0.004,8.02
06/03/2026 07:25,15.375,0.004,8.02
06/03/2026 06:55,15.375,0.004,8.02
06/03/2026 06:25,15.25,0.004,8.02
06/03/2026 05:55,15.375,0.004,8.02
06/03/2026 05:25,15.5,0.004,8.01
06/03/2026 04:55,15.375,0.004,8.01
06/03/2026 04:25,15.375,0.004,8.01
06/03/2026 03:55,15.25,0.004,8.01
06/03/2026 03:25,15.25,0.004,8.01
06/03/2026 02:55,15.375,0.004,8.01
06/03/2026 02:25,15.375,0.004,8.01
06/03/2026 01:55,15.375,0.004,8.01
06/03/2026 01:25,15.125,0.004,8.01
06/03/2026 00:55,15.25,0.004,8.01
06/03/2026 00:25,15.25,0.004,8.01
05/03/2026 23:55,15,0.004,8.01
05/03/2026 23:25,15,0.004,8.01
05/03/2026 22:55,14.875,0.004,8.01
05/03/2026 22:25,14.875,0.004,8.01
05/03/2026 21:55,14.875,0.004,8
05/03/2026 21:25,15,0.004,8
05/03/2026 20:55,14.75,0.004,8
05/03/2026 20:25,15.625,0.004,8
05/03/2026 19:55,14.75,0.004,8
05/03/2026 19:25,14.5,0.004,8
05/03/2026 18:55,14.375,0.004,8
05/03/2026 18:25,14.375,0.004,8
05/03/2026 17:55,14.625,0.004,8
05/03/2026 17:25,14.625,0.004,8
05/03/2026 16:55,14.5,0.004,7.99
05/03/2026 16:25,14.5,0.004,7.99
05/03/2026 15:55,14.625,0.004,7.99
05/03/2026 15:25,15.5,0.004,7.99
05/03/2026 14:55,14.625,0.004,8
05/03/2026 14:25,15.625,0.004,8
05/03/2026 13:55,14.875,0.004,7.99
05/03/2026 13:25,14.875,0.004,8
05/03/2026 12:55,13.875,0.004,7.99
05/03/2026 12:25,14.75,0.004,8
05/03/2026 11:55,14.625,0.004,8
05/03/2026 11:25,14.75,0.004,8
05/03/2026 10:55,14.75,0.004,8
05/03/2026 10:25,14.875,0.004,8
05/03/2026 10:25,14.875,0.004,8
05/03/2026 09:55,15,0.004,8
05/03/2026 09:25,14.75,0.004,8
05/03/2026 08:55,15.25,0.004,8
05/03/2026 08:25,15.125,0.004,8
05/03/2026 07:55,15,0.004,8.01
05/03/2026 07:25,15.125,0.004,8.01
05/03/2026 06:55,15.125,0.004,8.01
05/03/2026 06:25,15,0.004,8.01
05/03/2026 05:55,15.25,0.004,8.01
05/03/2026 05:25,14.875,0.004,8.01
05/03/2026 04:55,14.875,0.004,8
05/03/2026 04:25,15,0.004,8.01
05/03/2026 03:55,15.125,0.004,8.01
05/03/2026 03:25,15,0.004,8.01
05/03/2026 02:55,15.125,0.004,8.01
05/03/2026 02:25,15,0.004,8.01
05/03/2026 01:55,14.875,0.004,8.01
05/03/2026 01:25,15,0.004,8
05/03/2026 00:55,14.875,0.004,8
05/03/2026 00:25,15,0.004,8
04/03/2026 23:55,14.875,0.004,8
04/03/2026 23:25,15,0.004,8
04/03/2026 22:55,14.875,0.004,8
04/03/2026 22:25,14.75,0.004,8
04/03/2026 21:55,15.625,0.004,8
04/03/2026 21:25,14.625,0.004,8
04/03/2026 20:55,14.625,0.004,8
04/03/2026 20:25,13.75,0.004,8
04/03/2026 19:55,15.625,0.004,7.99
04/03/2026 19:25,14.75,0.004,7.99
04/03/2026 18:55,14.75,0.004,7.99
04/03/2026 18:25,14.625,0.004,7.99
04/03/2026 17:55,15.5,0.004,7.99
04/03/2026 17:25,14.625,0.003,7.99
04/03/2026 16:55,14.5,0.004,7.99
04/03/2026 16:25,14.75,0.004,7.99
04/03/2026 15:55,14.625,0.003,7.98
04/03/2026 15:25,14.625,0.004,7.99
04/03/2026 14:55,14.75,0.003,7.98
04/03/2026 14:25,15.625,0.004,7.98
04/03/2026 13:55,14.875,0.004,7.98
04/03/2026 13:25,15,0.004,7.98
04/03/2026 12:55,15,0.004,7.98
04/03/2026 12:25,15,0.004,7.98
04/03/2026 11:55,14.875,0.004,7.98
04/03/2026 11:25,14.875,0.004,7.98
04/03/2026 10:55,15.25,0.004,7.98
04/03/2026 10:25,15,0.004,7.98
04/03/2026 09:55,15.25,0.003,7.98
04/03/2026 09:25,15.125,0.004,7.98
04/03/2026 08:55,15.5,0.003,7.98
04/03/2026 08:25,15.5,0.003,7.98
04/03/2026 07:55,15.375,0.003,7.98
04/03/2026 07:25,15.375,0.004,7.98
04/03/2026 06:55,15.5,0.003,7.98
04/03/2026 06:25,15.375,0.003,7.98
04/03/2026 05:55,15.25,0.003,7.98
04/03/2026 05:25,15.375,0.003,7.98
04/03/2026 04:55,15.375,0.003,7.97
04/03/2026 04:25,15.375,0.003,7.97
04/03/2026 03:55,15.5,0.003,7.97
04/03/2026 03:25,15.5,0.003,7.97
04/03/2026 02:55,15.25,0.003,7.97
04/03/2026 02:25,15.25,0.003,7.97
04/03/2026 01:55,15.375,0.003,7.97
04/03/2026 01:25,15.375,0.003,7.97
04/03/2026 00:55,15.125,0.003,7.97
04/03/2026 00:25,15.25,0.003,7.97
03/03/2026 23:55,15,0.003,7.97
03/03/2026 23:25,15,0.003,7.97
03/03/2026 22:55,15.25,0.003,7.97
03/03/2026 22:25,15.125,0.003,7.97
03/03/2026 21:55,14.875,0.003,7.97
03/03/2026 21:25,15.125,0.003,7.97
03/03/2026 20:55,14.875,0.003,7.97
03/03/2026 20:25,15.125,0.003,7.97
03/03/2026 19:55,15.125,0.003,7.97
03/03/2026 19:25,15.25,0.003,7.98
03/03/2026 18:55,15.125,0.003,7.98
03/03/2026 18:25,15.125,0.003,7.99
03/03/2026 17:55,15.25,0.004,7.99
03/03/2026 17:25,15,0.004,8
03/03/2026 16:55,15.125,0.004,8
03/03/2026 16:25,15,0.004,8.01
03/03/2026 15:55,15.25,0.004,8.02
03/03/2026 15:25,15.25,0.004,8.02
03/03/2026 14:55,15.25,0.004,8.02
03/03/2026 14:25,15.375,0.004,8.02
03/03/2026 13:55,15.125,0.004,8.02
03/03/2026 13:25,15.25,0.004,8.02
03/03/2026 12:55,15.25,0.004,8.02
03/03/2026 12:25,15,0.004,8.02
03/03/2026 11:55,15.125,0.004,8.02
03/03/2026 11:25,15.25,0.003,8.02
03/03/2026 10:55,15.375,0.003,8.02
03/03/2026 10:25,15.25,0.003,8.02
03/03/2026 09:55,15.375,0.003,8.02
03/03/2026 09:55,15.375,0.003,8.02
03/03/2026 09:25,15.25,0.003,8.02
03/03/2026 08:55,15.625,0.003,8.02
03/03/2026 08:25,15.375,0.003,8.02
03/03/2026 07:55,15.25,0.003,8.02
03/03/2026 07:25,15.375,0.003,8.02
03/03/2026 06:55,15.375,0.003,8.02
03/03/2026 06:25,15.375,0.003,8.02
03/03/2026 05:55,15.375,0.003,8.02
03/03/2026 05:25,15.25,0.003,8.02
03/03/2026 04:55,15.625,0.003,8.02
03/03/2026 04:25,15.375,0.003,8.02
03/03/2026 03:55,15.375,0.003,8.02
03/03/2026 03:25,15.25,0.003,8.02
03/03/2026 02:55,15.5,0.003,8.02
03/03/2026 02:25,15.375,0.003,8.02
03/03/2026 01:55,15.5,0.003,8.02
03/03/2026 01:25,15.5,0.003,8.02
03/03/2026 00:55,15.25,0.003,8.02
03/03/2026 00:25,15.125,0.003,8.02
03/03/2026 00:25,15.125,0.003,8.02
02/03/2026 23:55,15.125,0.003,8.02
02/03/2026 23:25,15,0.003,8.02
02/03/2026 22:55,15.25,0.003,8.02
02/03/2026 22:25,15,0.003,8.02
02/03/2026 21:55,15.125,0.003,8.02
02/03/2026 21:25,15.25,0.003,8.02
02/03/2026 20:55,15.125,0.003,8.02
02/03/2026 20:25,15.125,0.003,8.02
02/03/2026 19:55,15,0.003,8.02
02/03/2026 19:25,15,0.003,8.02
02/03/2026 18:55,14.875,0.003,8.02
02/03/2026 18:25,14.875,0.003,8.02
02/03/2026 17:55,15.125,0.003,8.02
02/03/2026 17:25,15.125,0.003,8.02
02/03/2026 16:55,15.25,0.003,8.02
02/03/2026 16:25,15.125,0.003,8.02
02/03/2026 16:25,15.125,0.003,8.02
02/03/2026 15:55,15.125,0.003,8.02
02/03/2026 15:25,15.25,0.003,8.02
02/03/2026 15:25,15.25,0.003,8.02
02/03/2026 14:55,15.25,0.003,8.02
02/03/2026 14:25,15.125,0.003,8.02
02/03/2026 13:55,15.125,0.003,8.02
02/03/2026 13:25,15.25,0.003,8.02
02/03/2026 12:55,15.125,0.003,8.02
02/03/2026 12:25,15.25,0.003,8.02
02/03/2026 11:55,15.25,0.003,8.02
02/03/2026 11:25,15.375,0.003,8.02
02/03/2026 10:55,15.25,0.003,8.02
02/03/2026 10:25,15.25,0.003,8.02
02/03/2026 09:55,15.375,0.003,8.02
02/03/2026 09:25,15.25,0.003,8.02
02/03/2026 08:55,15.5,0.003,8.03
02/03/2026 08:25,15.5,0.003,8.02
02/03/2026 07:55,15.5,0.002,8.02
02/03/2026 07:25,15.375,0.002,8.02
02/03/2026 06:55,15.625,0.002,8.02
02/03/2026 06:25,15.625,0.002,8.03
02/03/2026 05:55,15.5,0.002,8.03
02/03/2026 05:25,15.5,0.002,8.03
02/03/2026 04:55,15.625,0.002,8.02
02/03/2026 04:25,15.375,0.002,8.02
02/03/2026 03:55,15.25,0.002,8.02
02/03/2026 03:25,15.375,0.002,8.02
02/03/2026 02:55,15.375,0.002,8.02
02/03/2026 02:25,15.375,0.002,8.02
02/03/2026 01:55,15.5,0.002,8.02
02/03/2026 01:25,15.375,0.002,8.02
02/03/2026 00:55,15.125,0.002,8.02
02/03/2026 00:25,15.5,0.002,8.02
01/03/2026 23:55,15.25,0.002,8.02
01/03/2026 23:25,15.125,0.002,8.02
01/03/2026 22:55,15.25,0.002,8.02
01/03/2026 22:25,15.125,0.002,8.02
01/03/2026 21:55,15.125,0.002,8.02
01/03/2026 21:25,15.25,0.002,8.02
01/03/2026 20:55,15.125,0.002,8.02
01/03/2026 20:25,15.25,0.002,8.02
01/03/2026 19:55,15,0.002,8.02
01/03/2026 19:25,15.125,0.002,8.02
01/03/2026 18:55,15.125,0.002,8.02
01/03/2026 18:25,15,0.002,8.02
01/03/2026 17:55,15.125,0.002,8.02
01/03/2026 17:25,15.25,0.002,8.03
01/03/2026 16:55,15.25,0.002,8.02
01/03/2026 16:25,15.125,0.002,8.02
01/03/2026 15:55,15.25,0.002,8.02
01/03/2026 15:25,15.125,0.002,8.02
01/03/2026 14:55,15.25,0.002,8.02
01/03/2026 14:25,15.375,0.002,8.02
01/03/2026 13:55,15,0.002,8.02
01/03/2026 13:25,15,0.002,8.02
01/03/2026 12:55,15.25,0.002,8.02
01/03/2026 12:25,15,0.002,8.02
01/03/2026 11:55,15.375,0.002,8.02
01/03/2026 11:25,15.25,0.002,8.02
01/03/2026 10:55,15.375,0.002,8.02
01/03/2026 10:25,15.125,0.002,8.02
01/03/2026 09:55,15.125,0.002,8.02
01/03/2026 09:25,15.5,0.002,8.02
01/03/2026 08:55,15.625,0.002,8.02
01/03/2026 08:25,15.375,0.002,8.02
01/03/2026 07:55,15.375,0.002,8.02
01/03/2026 07:25,15.5,0.002,8.02
01/03/2026 06:55,15.625,0.002,8.03
01/03/2026 06:25,15.5,0.002,8.02
01/03/2026 05:55,15.625,0.002,8.02
01/03/2026 05:25,15.5,0.002,8.02
01/03/2026 04:55,15.5,0.002,8.02
01/03/2026 04:25,15.375,0.002,8.02
01/03/2026 03:55,15.5,0.002,8.02
01/03/2026 03:25,15.25,0.002,8.02
01/03/2026 02:55,15.375,0.002,8.02
01/03/2026 02:25,15.5,0.002,8.02
01/03/2026 01:55,15.25,0.002,8.02
01/03/2026 01:25,15.375,0.002,8.02
01/03/2026 00:55,15.25,0.002,8.02
01/03/2026 00:25,15.375,0.002,8.02
28/02/2026 23:55,15.125,0.002,8.02
28/02/2026 23:25,15.125,0.002,8.02
28/02/2026 22:55,15.125,0.002,8.02
28/02/2026 22:25,15.25,0.002,8.02
28/02/2026 21:55,15.25,0.002,8.02
28/02/2026 21:25,15.25,0.002,8.02
28/02/2026 20:55,15.25,0.002,8.02
28/02/2026 20:25,15.25,0.002,8.02
28/02/2026 19:55,15.25,0.002,8.02
28/02/2026 19:25,15.125,0.002,8.02
28/02/2026 18:55,15.125,0.002,8.02
28/02/2026 18:25,15.25,0.002,8.02
28/02/2026 17:55,15,0.002,8.02
28/02/2026 17:25,15.25,0.002,8.02
28/02/2026 16:55,15.375,0.002,8.01
28/02/2026 16:55,15.375,0.002,8.01
28/02/2026 16:25,15.375,0.002,8.01
28/02/2026 15:55,15.375,0.002,8.01
28/02/2026 15:25,15.375,0.002,8.01
28/02/2026 14:55,15.375,0.002,8.01
28/02/2026 14:25,15.375,0.002,8.01
28/02/2026 13:55,15.5,0.002,8.01
28/02/2026 13:25,15.25,0.002,8.01
28/02/2026 12:55,15.25,0.002,8.01
28/02/2026 12:25,15.25,0.002,8.01
28/02/2026 11:55,15.375,0.002,8
28/02/2026 11:25,15.5,0.002,8.01
28/02/2026 10:55,15.375,0.002,8.01
28/02/2026 10:25,15.375,0.002,8
28/02/2026 09:55,15.375,0.002,8.01
28/02/2026 09:25,15.625,0.002,8.01
28/02/2026 08:55,16.625,0.002,8.01
28/02/2026 08:25,15.5,0.002,8.01
28/02/2026 07:55,16.5,0.002,8.01
28/02/2026 07:25,16.625,0.002,8.01
28/02/2026 06:55,15.75,0.002,8.01
28/02/2026 06:25,14.75,0.002,8.01
28/02/2026 05:55,15.625,0.002,8.01
28/02/2026 05:25,15.625,0.002,8.01
28/02/2026 04:55,16.625,0.002,8.02
28/02/2026 04:25,15.5,0.002,8.01
28/02/2026 03:55,15.875,0.002,8.02
28/02/2026 03:25,14.75,0.002,8.02
28/02/2026 02:55,14.75,0.002,8.02
28/02/2026 02:25,15.625,0.002,8.02
28/02/2026 01:55,15.625,0.002,8.02
28/02/2026 01:25,15.625,0.002,8.02
28/02/2026 00:55,15.5,0.002,8.01
28/02/2026 00:25,15.75,0.002,8.02
27/02/2026 23:55,15.375,0.002,8.01
27/02/2026 23:25,15.375,0.002,8.01
27/02/2026 22:55,15.625,0.002,8.01
27/02/2026 22:25,15.5,0.002,8.01
27/02/2026 21:55,15.625,0.002,8.01
27/02/2026 21:25,15.375,0.002,8.01
27/02/2026 20:55,15.625,0.002,8.01
27/02/2026 20:25,15.5,0.002,8.01
27/02/2026 19:55,15.5,0.002,8.02
27/02/2026 19:25,15.5,0.002,8.01
27/02/2026 18:55,14.75,0.002,8.02
27/02/2026 18:25,14.75,0.002,8.02
27/02/2026 17:55,14.75,0.002,8.02
27/02/2026 17:25,14.875,0.002,8.02
27/02/2026 16:55,15.75,0.002,8.02
27/02/2026 16:25,15.75,0.001,8.02
27/02/2026 15:55,15.625,0.001,8.02
27/02/2026 15:25,16.5,0.002,8.02
27/02/2026 14:55,15.5,0.001,8.02
27/02/2026 14:25,15.75,0.001,8.02
27/02/2026 13:55,15.625,0.001,8.02
27/02/2026 13:25,15.5,0.001,8.03
27/02/2026 12:55,15.375,0.001,8.03
27/02/2026 12:25,14.75,0.001,8.04
27/02/2026 11:55,14.75,0.001,8.05
27/02/2026 11:25,15.625,0.002,8.06
27/02/2026 10:55,15.375,0.002,8.06
27/02/2026 10:30,16.5,0.001,8.07
27/02/2026 10:25,15.625,0.001,8.8
27/02/2026 09:56,14.25,0.001,8.79
27/02/2026 09:55,14.125,0.001,8.79
27/02/2026 09:55,14.125,0.001,8.79
26/02/2026 16:55,15.375,0.001,8.77
26/02/2026 16:25,15.5,0.001,8.76
26/02/2026 15:55,15.5,0.001,8.75
26/02/2026 15:25,15.375,0.001,8.75
26/02/2026 14:55,15.375,0.001,8.73
26/02/2026 14:25,15.375,0.001,8.72
26/02/2026 13:55,15.5,0.001,8.69
26/02/2026 13:25,15.25,0.001,8.66
26/02/2026 12:55,15.375,0.002,8.61
26/02/2026 12:25,15.375,0.002,8.52
26/02/2026 11:55,15.125,0.002,8.4
26/02/2026 11:25,15.125,0.002,8.15
26/02/2026 10:55,15,0.002,7.67
26/02/2026 10:49,15.375,0.002,7.55
26/02/2026 10:25,15.375,0.002,7.11
26/02/2026 09:57,15.375,0.002,6.74
26/02/2026 09:12,14.75,0.005,7.16
26/02/2026 08:43,14,0.002,8.71
26/02/2026 08:43,13.75,0.002,8.71
21/01/2026 20:29,12.625,0.004,7.96
21/01/2026 19:59,14.5,0.004,7.96
21/01/2026 19:39,13.75,0.004,7.98
21/01/2026 19:24,15.5,0.003,7.96
21/01/2026 19:19,12,0.003,7.96
21/01/2026 19:09,13.5,0.004,7.97
21/01/2026 18:49,14.25,0.004,7.97
21/01/2026 18:44,11.625,0.004,7.97
21/01/2026 18:39,13.75,0.004,7.97
21/01/2026 18:29,14,0.004,7.97
21/01/2026 18:14,12.375,0.004,7.97
21/01/2026 18:09,13.25,0.004,7.97
21/01/2026 17:39,13,0.004,7.97
21/01/2026 17:09,13.25,0.004,7.96
21/01/2026 16:39,12.75,0.004,7.98
21/01/2026 16:39,12.75,0.004,7.98
21/01/2026 16:14,13.5,0.004,7.97
21/01/2026 16:09,12.875,0.004,7.97
21/01/2026 15:40,12.375,0.004,7.98
21/01/2026 15:39,12.75,0.004,7.97
21/01/2026 15:35,13.5,0.004,7.98
21/01/2026 15:28,12.5,0.004,7.97
21/01/2026 15:24,13.5,0.004,7.97
21/01/2026 15:24,11.75,0.004,7.97
21/01/2026 15:24,13.625,0.004,7.98
21/01/2026 15:24,12.125,0.004,7.97
21/01/2026 15:20,13.5,0.004,7.97
21/01/2026 15:14,12.25,0.004,7.98
21/01/2026 15:14,13.625,0.004,7.98
21/01/2026 15:14,12.5,0.004,7.98
21/01/2026 15:14,13.625,0.004,7.98
21/01/2026 15:09,12.125,0.004,7.98
21/01/2026 15:06,11.25,0.004,7.98
21/01/2026 15:06,13.625,0.004,7.98
21/01/2026 15:05,12.25,0.004,7.98
21/01/2026 15:04,13.625,0.004,7.98
21/01/2026 14:54,12.5,0.004,7.99
21/01/2026 14:52,13.625,0.004,7.99
21/01/2026 14:52,12.375,0.004,7.99
21/01/2026 14:52,13.5,0.004,7.99
21/01/2026 14:51,11.75,0.004,8
21/01/2026 14:39,14.625,0.004,8
21/01/2026 14:09,14.5,0.004,8.01
21/01/2026 13:39,14.5,0.004,8.01
21/01/2026 13:09,14.5,0.004,8.01
21/01/2026 12:39,14.25,0.004,8.01
21/01/2026 12:39,14.25,0.004,8.01
21/01/2026 12:09,14.375,0.004,8.01
21/01/2026 11:39,14.25,0.004,8.01
21/01/2026 11:09,14.25,0.004,8.01
21/01/2026 10:39,14,0.004,8.01
21/01/2026 10:09,14,0.004,8.01
21/01/2026 09:39,14,0.004,8.01
21/01/2026 09:09,14.125,0.004,8.01
21/01/2026 08:39,13.875,0.004,8.01
21/01/2026 08:09,14,0.004,8.01
21/01/2026 07:39,14,0.004,8.01
21/01/2026 07:09,14,0.004,8.01
21/01/2026 06:39,14,0.004,8.01
21/01/2026 06:09,13.875,0.004,8.01
21/01/2026 05:39,13.875,0.004,8.01
21/01/2026 05:09,13.75,0.004,8.01
21/01/2026 04:39,14,0.004,8.02
21/01/2026 04:09,14,0.004,8.01
21/01/2026 03:39,14.125,0.004,8.01
21/01/2026 03:09,14.5,0.004,8.01
21/01/2026 02:39,14.625,0.004,8.01
21/01/2026 02:09,15.5,0.004,8.01
21/01/2026 01:39,14.5,0.004,8.02
21/01/2026 01:09,14.75,0.004,8.01
21/01/2026 00:39,13.75,0.004,8.02
21/01/2026 00:09,14.625,0.004,8.02
20/01/2026 23:39,14.625,0.004,8.02
20/01/2026 23:09,13.75,0.004,8.02
20/01/2026 22:39,14.625,0.004,8.02
20/01/2026 22:09,14.625,0.004,8.02
20/01/2026 21:39,14.75,0.004,8.02
20/01/2026 21:09,15.625,0.004,8.02
20/01/2026 20:39,14.625,0.004,8.03
20/01/2026 20:09,14.625,0.004,8.03
20/01/2026 19:39,14.5,0.004,8.03
20/01/2026 19:09,14.625,0.004,8.03
20/01/2026 18:39,15.625,0.004,8.03
20/01/2026 18:09,14.625,0.004,8.03
20/01/2026 17:39,14.625,0.004,8.03
20/01/2026 17:09,14.625,0.004,8.03
20/01/2026 16:39,14.25,0.004,8.04
20/01/2026 16:09,14.5,0.004,8.04
20/01/2026 15:39,14.375,0.004,8.04
20/01/2026 15:09,14.375,0.003,8.04
20/01/2026 14:39,14.125,0.004,8.04
20/01/2026 14:09,14,0.003,8.04
20/01/2026 13:39,13.875,0.004,8.04
20/01/2026 13:09,13.875,0.004,8.04
20/01/2026 12:39,13.75,0.003,8.05
20/01/2026 12:09,13.75,0.003,8.05
20/01/2026 11:39,13.875,0.004,8.04
20/01/2026 11:09,13.5,0.003,8.04
20/01/2026 10:39,14,0.003,8.03
20/01/2026 10:09,14,0.003,8.01
20/01/2026 09:39,14,0.003,8.02
20/01/2026 09:09,14.125,0.003,8.03
20/01/2026 08:39,14,0.003,8.03
20/01/2026 08:09,14,0.003,8.02
20/01/2026 07:39,14.125,0.003,8.02
20/01/2026 07:09,14,0.003,8.01
20/01/2026 06:39,14.125,0.003,8.02
20/01/2026 06:09,14.125,0.003,8.02
20/01/2026 05:39,14.125,0.003,8.03
20/01/2026 05:09,14.125,0.003,8.03
20/01/2026 04:39,14.25,0.003,8.02
20/01/2026 04:09,14.25,0.003,8.02
20/01/2026 03:39,14.375,0.003,8.02
20/01/2026 03:09,14.25,0.003,8.02
20/01/2026 02:39,14.375,0.003,8.03
20/01/2026 02:09,14.5,0.003,8.03
20/01/2026 01:39,14.25,0.003,8.03
20/01/2026 01:09,14.5,0.003,8.04
20/01/2026 00:39,14.625,0.003,8.04
20/01/2026 00:09,14.625,0.003,8.04
19/01/2026 23:39,14.625,0.003,8.04
19/01/2026 23:09,13.75,0.003,8.04
19/01/2026 22:39,14.75,0.003,8.05
19/01/2026 22:09,14.875,0.003,8.05
19/01/2026 21:39,14.875,0.003,8.06
19/01/2026 21:09,14.75,0.002,8.07
19/01/2026 20:39,14.875,0.002,8.07
19/01/2026 20:09,14.875,0.002,8.07
19/01/2026 19:39,14.875,0.002,8.07
19/01/2026 19:09,15,0.002,8.06
19/01/2026 18:39,15,0.002,8.05
19/01/2026 18:09,15,0.002,8.06
19/01/2026 17:39,15.125,0.002,8.06
19/01/2026 17:09,14.875,0.002,8.06
19/01/2026 16:39,15,0.002,8.06
19/01/2026 16:09,14.875,0.002,8.06
19/01/2026 15:39,13.75,0.002,8.06
19/01/2026 15:09,15.5,0.002,8.06
19/01/2026 14:39,14.375,0.002,8.06
19/01/2026 14:09,14.5,0.002,8.05
19/01/2026 13:39,14.25,0.002,8.06
19/01/2026 13:09,14.125,0.002,8.05
19/01/2026 12:39,14,0.002,8.05
19/01/2026 12:09,14,0.002,8.04
19/01/2026 11:39,13.75,0.002,8.04
19/01/2026 11:09,13.75,0.002,8.04
19/01/2026 10:39,13.75,0.002,8.04
19/01/2026 10:39,13.75,0.002,8.04
19/01/2026 10:09,13.75,0.002,8.05
19/01/2026 09:39,12.75,0.002,8.05
19/01/2026 09:09,13.375,0.002,8.04
19/01/2026 08:39,13.75,0.002,8.06
19/01/2026 08:09,13.75,0.002,8.05
19/01/2026 07:39,13.75,0.002,8.06
19/01/2026 07:09,14.625,0.002,8.05
19/01/2026 06:39,14.625,0.002,8.06
19/01/2026 06:09,13.75,0.002,8.06
19/01/2026 06:09,13.75,0.002,8.06
19/01/2026 05:39,12.75,0.002,8.06
19/01/2026 05:09,13.75,0.002,8.06
19/01/2026 04:39,13.75,0.002,8.06
19/01/2026 04:09,13.875,0.002,8.06
19/01/2026 03:39,13.875,0.002,8.07
19/01/2026 03:09,13.75,0.002,8.07
19/01/2026 02:39,13.875,0.002,8.06
19/01/2026 02:09,14,0.002,8.07
19/01/2026 02:09,14,0.002,8.07
19/01/2026 01:39,14,0.002,8.07
19/01/2026 01:09,13.875,0.002,8.07
19/01/2026 00:39,14,0.002,8.07
19/01/2026 00:09,14,0.002,8.07
18/01/2026 23:39,14,0.002,8.08
18/01/2026 23:09,14,0.002,8.08
18/01/2026 22:39,14.125,0.002,8.08
18/01/2026 22:09,14,0.002,8.08
18/01/2026 21:39,14,0.002,8.08
18/01/2026 21:09,14.125,0.002,8.08
18/01/2026 20:39,14,0.002,8.08
18/01/2026 20:09,14,0.002,8.09
18/01/2026 20:09,14,0.002,8.09
18/01/2026 19:39,14,0.002,8.09
18/01/2026 19:09,14,0.002,8.09
18/01/2026 18:39,14,0.002,8.1
18/01/2026 18:09,14.25,0.002,8.1
18/01/2026 17:39,14.125,0.002,8.1
18/01/2026 17:09,14.125,0.002,8.1
18/01/2026 16:39,14,0.002,8.1
18/01/2026 16:09,14.125,0.002,8.1
18/01/2026 15:39,14,0.002,8.09
18/01/2026 15:09,14,0.002,8.09
18/01/2026 14:39,14.125,0.002,8.09
18/01/2026 14:09,14.125,0.002,8.09
18/01/2026 14:09,14.125,0.002,8.09
18/01/2026 13:39,14,0.002,8.08
18/01/2026 13:09,14,0.002,8.08
18/01/2026 12:39,14,0.002,8.08
18/01/2026 12:09,14.125,0.002,8.07
18/01/2026 11:39,13.875,0.002,8.07
18/01/2026 11:09,14,0.002,8.07
18/01/2026 10:39,14,0.002,8.07
18/01/2026 10:09,14,0.002,8.07
18/01/2026 09:39,14,0.002,8.06
18/01/2026 09:09,14,0.002,8.06
18/01/2026 08:39,14,0.002,8.06
18/01/2026 08:09,14,0.002,8.06
18/01/2026 07:39,13.875,0.002,8.06
18/01/2026 07:09,13.875,0.002,8.06
18/01/2026 06:39,13.875,0.002,8.06
18/01/2026 06:09,14,0.002,8.07
18/01/2026 05:39,13.875,0.002,8.07
18/01/2026 05:09,14,0.002,8.07
18/01/2026 04:39,13.875,0.002,8.07
18/01/2026 04:09,14.125,0.002,8.08
18/01/2026 03:39,14.125,0.002,8.07
18/01/2026 03:09,14,0.002,8.08
18/01/2026 02:39,14,0.002,8.08
18/01/2026 02:09,14.125,0.002,8.08
18/01/2026 01:39,14,0.002,8.08
18/01/2026 01:09,14.125,0.002,8.08
18/01/2026 00:39,14.125,0.002,8.08
18/01/2026 00:09,14.125,0.002,8.09
17/01/2026 23:39,14.125,0.002,8.09
17/01/2026 23:09,14.125,0.002,8.09
17/01/2026 22:39,14.25,0.002,8.09
17/01/2026 22:09,14.25,0.002,8.09
17/01/2026 21:39,14.25,0.002,8.1
17/01/2026 21:09,14.25,0.002,8.1
17/01/2026 20:39,14.375,0.002,8.1
17/01/2026 20:39,14.375,0.002,8.1
17/01/2026 20:09,14.25,0.002,8.11
17/01/2026 20:09,14.25,0.002,8.11
17/01/2026 19:39,14.375,0.002,8.11
17/01/2026 19:09,14.375,0.002,8.11
17/01/2026 18:39,14.375,0.002,8.11
17/01/2026 18:09,14.375,0.002,8.11
17/01/2026 17:39,14.375,0.002,8.11
17/01/2026 17:09,14.5,0.002,8.11
17/01/2026 16:39,14.375,0.002,8.11
17/01/2026 16:09,14.375,0.002,8.11
17/01/2026 15:39,14.5,0.002,8.1
17/01/2026 15:09,14.625,0.002,8.1
17/01/2026 14:39,14.5,0.002,8.1
17/01/2026 14:09,14.375,0.002,8.1
17/01/2026 13:39,14.5,0.002,8.09
17/01/2026 13:09,14.375,0.002,8.09
17/01/2026 12:39,14.5,0.002,8.09
17/01/2026 12:09,14.375,0.002,8.08
17/01/2026 11:39,14.25,0.002,8.08
17/01/2026 11:09,14.25,0.002,8.08
17/01/2026 10:39,14.25,0.002,8.08
17/01/2026 10:09,14.375,0.002,8.07
17/01/2026 09:39,14.375,0.002,8.07
17/01/2026 09:09,14.25,0.002,8.07
17/01/2026 08:39,14.375,0.002,8.07
17/01/2026 08:09,14.375,0.002,8.07
17/01/2026 07:39,14.375,0.002,8.07
17/01/2026 07:09,14.375,0.002,8.07
17/01/2026 06:39,14.375,0.002,8.07
17/01/2026 06:09,14.625,0.002,8.07
17/01/2026 05:39,14.5,0.002,8.07
17/01/2026 05:09,14.75,0.002,8.07
17/01/2026 04:39,14.5,0.002,8.07
17/01/2026 04:09,14.5,0.002,8.08
17/01/2026 03:39,13.75,0.002,8.08
17/01/2026 03:09,15.625,0.002,8.08
17/01/2026 02:39,14.625,0.002,8.08
17/01/2026 02:09,13.75,0.002,8.08
17/01/2026 01:39,14.625,0.002,8.08
17/01/2026 01:09,14.625,0.002,8.09
17/01/2026 00:39,14.625,0.002,8.09
17/01/2026 00:09,15.625,0.002,8.09
16/01/2026 23:39,14.875,0.002,8.09
16/01/2026 23:09,15.625,0.002,8.09
16/01/2026 22:39,15.5,0.002,8.09
16/01/2026 22:09,14.75,0.002,8.1
16/01/2026 21:39,13.875,0.002,8.1
16/01/2026 21:09,14.75,0.002,8.1
16/01/2026 20:39,14.75,0.002,8.1
16/01/2026 20:35,14.75,0.002,8.1
16/01/2026 20:09,14.75,0.002,8.1
16/01/2026 19:39,14.625,0.002,8.11
16/01/2026 19:09,14.75,0.002,8.11
16/01/2026 18:39,14.75,0.002,8.11
16/01/2026 18:09,15.625,0.002,8.11
16/01/2026 17:39,14.875,0.002,8.11
16/01/2026 17:09,14.75,0.002,8.11
16/01/2026 17:09,14.75,0.002,8.11
16/01/2026 16:39,14.875,0.002,8.11
16/01/2026 16:09,14.75,0.002,8.11
16/01/2026 15:39,14.875,0.002,8.11
16/01/2026 15:09,15,0.002,8.1
16/01/2026 14:39,14.875,0.002,8.1
16/01/2026 14:09,14.875,0.002,8.1
16/01/2026 14:09,14.875,0.002,8.1
16/01/2026 13:39,14.75,0.002,8.09
16/01/2026 13:09,14.5,0.002,8.09
16/01/2026 12:39,14.625,0.002,8.09
16/01/2026 12:09,14.625,0.002,8.09
16/01/2026 11:39,13.75,0.002,8.08
16/01/2026 11:09,15.625,0.002,8.08
16/01/2026 10:39,15.5,0.002,8.08
16/01/2026 10:09,14.625,0.002,8.07
16/01/2026 09:39,15.625,0.002,8.07
16/01/2026 09:09,15.375,0.002,8.07
16/01/2026 08:39,15.5,0.002,8.07
16/01/2026 08:09,14.5,0.002,8.06
16/01/2026 07:39,14.625,0.002,8.06
16/01/2026 07:09,14.625,0.002,8.05
16/01/2026 06:39,14.625,0.002,8.05
16/01/2026 06:09,15.625,0.002,8.06
16/01/2026 05:39,15.625,0.002,8.06
16/01/2026 05:09,13.75,0.002,8.06
16/01/2026 05:09,13.75,0.002,8.06
16/01/2026 04:39,13.75,0.002,8.06
16/01/2026 04:09,15.5,0.002,8.06
16/01/2026 03:39,15.625,0.002,8.06
16/01/2026 03:09,15.5,0.002,8.06
16/01/2026 02:39,14.875,0.002,8.06
16/01/2026 02:09,14.875,0.002,8.06
16/01/2026 01:39,14.625,0.002,8.06
16/01/2026 01:09,15.5,0.002,8.07
16/01/2026 00:39,14.5,0.002,8.07
16/01/2026 00:09,14.5,0.002,8.07
15/01/2026 23:39,14.625,0.002,8.07
15/01/2026 23:09,15.625,0.002,8.07
15/01/2026 22:39,13.75,0.002,8.08
15/01/2026 22:09,14.625,0.002,8.08
15/01/2026 21:39,14.5,0.002,8.08
15/01/2026 21:09,13.75,0.002,8.08
15/01/2026 20:39,13.75,0.002,8.09
15/01/2026 20:09,14.625,0.002,8.09
15/01/2026 19:39,14.625,0.002,8.09
15/01/2026 19:09,15.5,0.002,8.1
15/01/2026 18:39,14.5,0.002,8.1
15/01/2026 18:09,14.625,0.002,8.11
15/01/2026 17:39,15.5,0.002,8.11
15/01/2026 17:09,13.875,0.002,8.1
15/01/2026 16:39,14.75,0.002,8.1
15/01/2026 16:09,15.625,0.002,8.1
15/01/2026 15:39,14.875,0.002,8.1
15/01/2026 15:09,13.75,0.002,8.1
15/01/2026 14:39,13.75,0.002,8.09
15/01/2026 14:09,14.625,0.002,8.09
15/01/2026 13:39,15.625,0.002,8.08
15/01/2026 13:09,14.625,0.002,8.08
15/01/2026 13:09,14.625,0.002,8.08
15/01/2026 12:39,14.625,0.002,8.08
15/01/2026 12:09,14.625,0.002,8.07
15/01/2026 11:39,14.625,0.002,8.07
15/01/2026 11:09,14.75,0.002,8.07
15/01/2026 10:39,14.5,0.002,8.06
15/01/2026 10:09,14.625,0.002,8.06
15/01/2026 09:39,14.5,0.002,8.06
15/01/2026 09:09,14.625,0.002,8.06
15/01/2026 08:39,13.75,0.002,8.06
15/01/2026 08:09,14.5,0.002,8.05
15/01/2026 07:39,14.625,0.002,8.05
15/01/2026 07:09,14.625,0.002,8.05
15/01/2026 06:39,14.625,0.002,8.05
15/01/2026 06:09,13.75,0.002,8.05
15/01/2026 05:39,15.625,0.002,8.05
15/01/2026 05:09,14.5,0.002,8.05
15/01/2026 04:39,14.625,0.002,8.06
15/01/2026 04:09,13.75,0.002,8.06
15/01/2026 03:39,14.5,0.002,8.06
15/01/2026 03:09,14.625,0.002,8.06
15/01/2026 02:39,14.625,0.002,8.06
15/01/2026 02:09,14.625,0.002,8.06
15/01/2026 01:39,14,0.002,8.06
15/01/2026 01:09,13.875,0.002,8.07
15/01/2026 00:39,14.75,0.002,8.07
15/01/2026 00:09,15.5,0.002,8.07
14/01/2026 23:39,14.625,0.002,8.07
14/01/2026 23:09,14.75,0.002,8.07
14/01/2026 22:39,14.5,0.002,8.07
14/01/2026 22:09,13.75,0.002,8.07
14/01/2026 21:39,13.75,0.002,8.08
14/01/2026 21:09,14.875,0.002,8.09
14/01/2026 20:39,14.75,0.002,8.09
14/01/2026 20:09,14.75,0.002,8.09
14/01/2026 19:39,14.625,0.002,8.09
14/01/2026 19:09,14.875,0.002,8.1
14/01/2026 18:39,13.75,0.002,8.1
14/01/2026 18:09,15,0.002,8.1
14/01/2026 17:39,14.875,0.002,8.1
14/01/2026 17:09,14.875,0.002,8.1
14/01/2026 16:39,14.875,0.002,8.1
14/01/2026 16:39,14.875,0.002,8.1
14/01/2026 16:09,14.875,0.002,8.09
14/01/2026 15:39,14.875,0.002,8.09
14/01/2026 15:09,15.125,0.002,8.09
14/01/2026 14:39,14.875,0.002,8.09
14/01/2026 14:09,15.125,0.002,8.08
14/01/2026 13:39,14.875,0.002,8.08
14/01/2026 13:09,14.75,0.002,8.08
14/01/2026 12:39,13.75,0.002,8.07
14/01/2026 12:09,15.625,0.002,8.07
14/01/2026 11:39,13.75,0.002,8.07
14/01/2026 11:09,14.625,0.002,8.07
14/01/2026 10:39,14.5,0.002,8.06
14/01/2026 10:09,15.5,0.002,8.06
14/01/2026 09:39,14.75,0.002,8.06
14/01/2026 09:09,15.625,0.002,8.06
14/01/2026 08:39,14.5,0.002,8.05
14/01/2026 08:09,14.625,0.002,8.05
14/01/2026 07:39,13.875,0.002,8.04
14/01/2026 07:09,15.625,0.002,8.03
14/01/2026 06:39,14.625,0.002,8.03
14/01/2026 06:09,14.625,0.002,8.03
14/01/2026 05:39,15.625,0.002,8.03
14/01/2026 05:09,14.875,0.002,8.04
14/01/2026 04:39,14.875,0.002,8.04
14/01/2026 04:09,15.625,0.002,8.03
14/01/2026 03:39,14.75,0.002,8.04
14/01/2026 03:09,14.875,0.002,8.04
14/01/2026 02:39,14.875,0.002,8.05
14/01/2026 02:09,14.75,0.002,8.05
14/01/2026 01:39,14.625,0.002,8.05
14/01/2026 01:09,15.5,0.002,8.05
14/01/2026 00:39,15.625,0.002,8.05
14/01/2026 00:09,13.75,0.002,8.06
13/01/2026 23:39,13.75,0.002,8.06
13/01/2026 23:09,15.625,0.002,8.06
13/01/2026 22:39,13.75,0.002,8.06
13/01/2026 22:09,14.75,0.002,8.07
13/01/2026 21:39,15.625,0.002,8.07
13/01/2026 21:09,14.75,0.002,8.07
13/01/2026 20:39,13.75,0.002,8.07
13/01/2026 20:09,14.625,0.002,8.08
13/01/2026 19:39,13.75,0.002,8.08
13/01/2026 19:09,13.75,0.002,8.09
13/01/2026 18:39,14.75,0.002,8.09
13/01/2026 18:09,14.5,0.002,8.09
13/01/2026 17:39,14.75,0.002,8.09
13/01/2026 17:09,14.875,0.002,8.09
13/01/2026 16:39,15,0.002,8.08
13/01/2026 16:09,14.875,0.002,8.08
13/01/2026 15:39,14.875,0.002,8.08
13/01/2026 15:09,14.75,0.002,8.08
13/01/2026 14:39,15.625,0.002,8.08
13/01/2026 14:09,15.625,0.002,8.08
13/01/2026 13:39,14.75,0.002,8.08
13/01/2026 13:09,13.875,0.002,8.07
13/01/2026 12:39,15.375,0.002,8.07
13/01/2026 12:09,14.5,0.002,8.07
13/01/2026 11:39,13.75,0.002,8.07
13/01/2026 11:09,14.625,0.002,8.08
13/01/2026 10:39,14.375,0.002,8.08
13/01/2026 10:09,14.625,0.002,8.08
13/01/2026 09:39,14.375,0.002,8.08
13/01/2026 09:09,14.5,0.002,8.07
13/01/2026 08:39,14.375,0.002,8.07
13/01/2026 08:09,14.625,0.002,8.07
13/01/2026 07:39,14.625,0.002,8.06
13/01/2026 07:09,14.5,0.002,8.06
13/01/2026 06:39,14.5,0.002,8.06
13/01/2026 06:09,13.75,0.002,8.06
13/01/2026 05:39,14.5,0.002,8.06
13/01/2026 05:09,14.5,0.002,8.06
13/01/2026 04:39,14.5,0.002,8.06
13/01/2026 04:09,14.5,0.002,8.06
13/01/2026 03:39,14.375,0.002,8.06
13/01/2026 03:09,13.75,0.002,8.06
13/01/2026 02:39,14.5,0.002,8.07
13/01/2026 02:09,14.625,0.002,8.07
13/01/2026 01:39,13.875,0.002,8.07
13/01/2026 01:39,13.875,0.002,8.07
13/01/2026 01:09,14.5,0.002,8.07
13/01/2026 00:39,14.375,0.002,8.08
13/01/2026 00:09,14.5,0.002,8.08
12/01/2026 23:39,14.375,0.002,8.09
12/01/2026 23:09,14.5,0.002,8.09
12/01/2026 22:39,14.625,0.002,8.09
12/01/2026 22:09,14.5,0.002,8.09
12/01/2026 21:39,14.625,0.002,8.09
12/01/2026 21:09,14.5,0.002,8.09
12/01/2026 20:39,14.5,0.002,8.1
12/01/2026 20:09,14.625,0.002,8.1
12/01/2026 19:39,14.375,0.002,8.1
12/01/2026 19:09,14.5,0.002,8.11
12/01/2026 18:39,14.375,0.002,8.11
12/01/2026 18:09,14.5,0.002,8.11
12/01/2026 18:09,14.5,0.002,8.11
12/01/2026 17:39,14.625,0.002,8.11
12/01/2026 17:09,14.375,0.002,8.11
12/01/2026 16:39,14.5,0.002,8.11
12/01/2026 16:09,14.625,0.002,8.11
12/01/2026 15:39,14.5,0.002,8.1
12/01/2026 15:09,14.5,0.002,8.1
12/01/2026 14:39,14.5,0.002,8.1
12/01/2026 14:09,14.375,0.002,8.1
12/01/2026 13:39,14.375,0.002,8.09
12/01/2026 13:09,14.5,0.002,8.09
12/01/2026 12:39,14.375,0.002,8.09
12/01/2026 12:09,14.25,0.002,8.09
12/01/2026 11:39,14.375,0.002,8.08
12/01/2026 11:09,14.375,0.002,8.08
12/01/2026 10:39,14.25,0.002,8.08
12/01/2026 10:09,14.375,0.002,8.08
12/01/2026 09:39,14.375,0.002,8.07
12/01/2026 09:09,14.125,0.002,8.07
12/01/2026 08:39,14.375,0.002,8.07
12/01/2026 08:09,14.375,0.002,8.07
12/01/2026 07:39,14.375,0.002,8.06
12/01/2026 07:09,14.25,0.002,8.06
12/01/2026 06:39,14.25,0.002,8.06
12/01/2026 06:09,14.375,0.002,8.06
12/01/2026 05:39,14.375,0.002,8.07
12/01/2026 05:09,14.25,0.002,8.07
12/01/2026 04:39,14.5,0.002,8.07
12/01/2026 04:09,14.375,0.002,8.07
12/01/2026 03:39,14.5,0.002,8.07
12/01/2026 03:09,14.5,0.002,8.07
12/01/2026 02:39,14.5,0.002,8.07
12/01/2026 02:09,14.5,0.002,8.07
12/01/2026 02:09,14.5,0.002,8.07
12/01/2026 01:39,14.5,0.002,8.08
12/01/2026 01:09,14.5,0.002,8.08
12/01/2026 00:39,14.5,0.002,8.08
12/01/2026 00:09,14.375,0.002,8.09
11/01/2026 23:39,15.5,0.002,8.09
11/01/2026 23:09,14.625,0.002,8.09
11/01/2026 22:39,14.625,0.002,8.1
11/01/2026 22:09,15.375,0.002,8.1
11/01/2026 21:39,14.5,0.002,8.11
11/01/2026 21:09,14.5,0.002,8.11
11/01/2026 20:39,14.625,0.002,8.12
11/01/2026 20:09,15.625,0.002,8.12
11/01/2026 19:39,14.625,0.002,8.12
11/01/2026 19:09,14.5,0.002,8.12
11/01/2026 18:39,14.625,0.002,8.13
11/01/2026 18:09,14.625,0.002,8.13
11/01/2026 17:39,13.75,0.002,8.12
11/01/2026 17:09,14.875,0.002,8.12
11/01/2026 16:39,14.75,0.002,8.12
11/01/2026 16:09,15.625,0.002,8.12
11/01/2026 15:39,14.875,0.002,8.12
11/01/2026 15:39,14.875,0.002,8.12
11/01/2026 15:09,14.75,0.002,8.11
11/01/2026 14:39,15.5,0.002,8.11
11/01/2026 14:09,15.625,0.002,8.11
11/01/2026 13:39,14.625,0.002,8.11
11/01/2026 13:09,14.625,0.002,8.1
11/01/2026 12:39,14.5,0.002,8.1
11/01/2026 12:09,14.375,0.002,8.1
11/01/2026 11:39,14.5,0.002,8.09
11/01/2026 11:09,14.375,0.002,8.09
11/01/2026 10:39,14.25,0.002,8.09
11/01/2026 10:09,14.375,0.002,8.08
11/01/2026 09:39,14.5,0.002,8.08
11/01/2026 09:09,14.375,0.002,8.08
11/01/2026 08:39,14.25,0.002,8.08
11/01/2026 08:09,14.375,0.002,8.08
11/01/2026 07:39,14.375,0.002,8.07
11/01/2026 07:09,14.375,0.002,8.07
11/01/2026 06:39,14.375,0.002,8.08
11/01/2026 06:09,14.375,0.002,8.08
11/01/2026 05:39,14.5,0.002,8.08
11/01/2026 05:09,14.5,0.002,8.08
11/01/2026 04:39,14.625,0.002,8.09
11/01/2026 04:09,14.5,0.002,8.09
11/01/2026 03:39,14.625,0.002,8.09
11/01/2026 03:09,14.5,0.002,8.09
11/01/2026 03:09,14.5,0.002,8.09
11/01/2026 02:39,14.5,0.002,8.1
11/01/2026 02:09,14.625,0.002,8.1
11/01/2026 01:39,15.625,0.002,8.1
11/01/2026 01:09,14.375,0.002,8.1
11/01/2026 00:39,13.75,0.002,8.1
11/01/2026 00:09,15.5,0.002,8.11
10/01/2026 23:39,14.625,0.002,8.11
10/01/2026 23:09,14.375,0.002,8.11
10/01/2026 23:09,14.375,0.002,8.11
10/01/2026 22:39,13.75,0.002,8.11
10/01/2026 22:09,14.625,0.002,8.12
10/01/2026 21:39,14.5,0.002,8.12
10/01/2026 21:09,15.625,0.002,8.12
10/01/2026 20:39,14.75,0.002,8.12
10/01/2026 20:09,13.75,0.002,8.12
10/01/2026 19:39,14.5,0.002,8.13
10/01/2026 19:09,14.5,0.002,8.13
10/01/2026 18:39,15.625,0.002,8.13
10/01/2026 18:09,13.875,0.002,8.13
10/01/2026 17:39,14.625,0.002,8.13
10/01/2026 17:09,14.875,0.002,8.13
10/01/2026 16:39,14.75,0.002,8.12
10/01/2026 16:09,14.75,0.002,8.12
10/01/2026 15:39,14.75,0.002,8.12
10/01/2026 15:09,14.875,0.002,8.12
10/01/2026 14:39,13.875,0.002,8.11
10/01/2026 14:09,15.625,0.002,8.11
10/01/2026 13:39,14.75,0.002,8.11
10/01/2026 13:09,14.75,0.002,8.1
10/01/2026 12:39,14.75,0.002,8.1
10/01/2026 12:09,14.625,0.002,8.1
10/01/2026 11:39,15.625,0.002,8.09
10/01/2026 11:39,15.625,0.002,8.09
10/01/2026 11:09,14.5,0.002,8.09
10/01/2026 10:39,14.5,0.002,8.09
10/01/2026 10:09,14.5,0.002,8.08
10/01/2026 09:39,14.5,0.002,8.08
10/01/2026 09:09,14.5,0.002,8.08
10/01/2026 08:39,14.625,0.002,8.08
10/01/2026 08:09,14.5,0.002,8.08
10/01/2026 07:39,14.625,0.002,8.07
10/01/2026 07:09,14.75,0.002,8.07
10/01/2026 06:39,13.75,0.002,8.07
10/01/2026 06:09,14.625,0.002,8.07
10/01/2026 05:39,15.625,0.002,8.08
10/01/2026 05:09,13.75,0.002,8.07
10/01/2026 04:39,14.625,0.002,8.08
10/01/2026 04:09,14.5,0.001,8.08
10/01/2026 03:39,13.75,0.002,8.08
10/01/2026 03:09,13.75,0.002,8.08
10/01/2026 02:39,14.5,0.002,8.09
10/01/2026 02:09,14.5,0.002,8.09
10/01/2026 01:39,14.625,0.002,8.09
10/01/2026 01:09,14.5,0.002,8.09
10/01/2026 00:39,14.625,0.002,8.09
10/01/2026 00:09,14.625,0.002,8.1
09/01/2026 23:39,14.625,0.002,8.1
09/01/2026 23:09,14.625,0.002,8.1
09/01/2026 22:39,13.75,0.002,8.1
09/01/2026 22:09,14.625,0.002,8.1
09/01/2026 21:39,15.625,0.002,8.11
09/01/2026 21:09,14.5,0.002,8.11
09/01/2026 20:39,14.5,0.002,8.11
09/01/2026 20:39,14.5,0.002,8.11
09/01/2026 20:09,13.75,0.002,8.12
09/01/2026 19:39,14.75,0.002,8.12
09/01/2026 19:09,14.625,0.002,8.12
09/01/2026 18:39,14.75,0.002,8.12
09/01/2026 18:09,14.875,0.002,8.12
09/01/2026 17:39,14.75,0.002,8.12
09/01/2026 17:09,14.875,0.002,8.12
09/01/2026 16:39,14.875,0.002,8.12
09/01/2026 16:09,14.75,0.002,8.11
09/01/2026 15:39,14.875,0.002,8.11
09/01/2026 15:09,14.875,0.002,8.11
09/01/2026 14:39,15.625,0.002,8.11
09/01/2026 14:09,14.875,0.002,8.1
09/01/2026 13:39,14.875,0.002,8.1
09/01/2026 13:09,13.75,0.002,8.1
09/01/2026 12:39,15.625,0.002,8.09
09/01/2026 12:09,14.625,0.002,8.09
09/01/2026 11:39,13.75,0.002,8.09
09/01/2026 11:09,13.75,0.002,8.09
09/01/2026 10:39,14.625,0.002,8.08
09/01/2026 10:09,14.5,0.002,8.08
09/01/2026 09:39,14.75,0.002,8.08
09/01/2026 09:09,15.625,0.002,8.08
09/01/2026 08:39,14.625,0.002,8.07
09/01/2026 08:09,14.625,0.002,8.07
09/01/2026 07:39,13.75,0.002,8.07
09/01/2026 07:09,14.625,0.002,8.07
09/01/2026 06:39,14.75,0.002,8.07
09/01/2026 06:09,14.875,0.002,8.07
09/01/2026 05:39,13.75,0.002,8.08
09/01/2026 05:09,14.75,0.002,8.08
09/01/2026 04:39,14.75,0.002,8.08
09/01/2026 04:09,14.875,0.002,8.08
09/01/2026 03:39,14.75,0.002,8.08
09/01/2026 03:09,14.875,0.002,8.08
09/01/2026 02:39,14.875,0.002,8.09
09/01/2026 02:09,14.875,0.002,8.09
09/01/2026 02:09,14.875,0.002,8.09
09/01/2026 01:39,15,0.001,8.09
09/01/2026 01:09,14.875,0.002,8.09
09/01/2026 00:39,14.875,0.002,8.09
09/01/2026 00:09,15,0.002,8.09
08/01/2026 23:39,15,0.002,8.1
08/01/2026 23:09,15.125,0.002,8.1
08/01/2026 23:09,15.125,0.002,8.1
08/01/2026 22:39,15,0.002,8.1
08/01/2026 22:09,14.875,0.002,8.1
08/01/2026 21:39,15,0.002,8.1
08/01/2026 21:09,15.25,0.002,8.11
08/01/2026 20:39,15.125,0.002,8.11
08/01/2026 20:09,15.125,0.002,8.11
08/01/2026 19:39,15.125,0.002,8.11
08/01/2026 19:09,15.125,0.002,8.12
08/01/2026 18:39,15.125,0.002,8.12
08/01/2026 18:09,15.25,0.002,8.12
08/01/2026 17:39,15.5,0.002,8.12
08/01/2026 17:09,15.5,0.002,8.11
08/01/2026 16:39,15.625,0.002,8.11
08/01/2026 16:09,15.5,0.002,8.11
08/01/2026 15:39,15.625,0.002,8.11
08/01/2026 15:09,14.75,0.002,8.11
08/01/2026 14:39,15.5,0.002,8.1
08/01/2026 14:09,16.625,0.002,8.09
08/01/2026 13:39,16.625,0.002,8.08
08/01/2026 13:09,16.625,0.002,8.07
08/01/2026 12:39,15.375,0.002,8.07
08/01/2026 12:09,15.375,0.002,8.07
08/01/2026 11:39,15.25,0.002,8.06
08/01/2026 11:09,15.125,0.002,8.06
08/01/2026 10:39,15.25,0.002,8.04
08/01/2026 10:09,15.625,0.002,8.03
08/01/2026 09:39,14.625,0.002,8.04
08/01/2026 09:09,14.625,0.002,8.05
08/01/2026 08:39,14.625,0.002,8.05
08/01/2026 08:09,14.5,0.002,8.04
08/01/2026 07:39,14.375,0.002,8.05
08/01/2026 07:09,14.25,0.002,8.06
08/01/2026 06:39,14.5,0.002,8.06
08/01/2026 06:09,14.375,0.002,8.06
08/01/2026 05:39,14.25,0.002,8.06
08/01/2026 05:09,14.375,0.002,8.07
08/01/2026 04:39,14.375,0.002,8.07
08/01/2026 04:09,14.375,0.002,8.07
08/01/2026 03:39,14.25,0.002,8.07
08/01/2026 03:09,14.375,0.002,8.08
08/01/2026 02:39,14.375,0.002,8.07
08/01/2026 02:09,14.5,0.002,8.08
08/01/2026 01:39,14.625,0.001,8.08
08/01/2026 01:09,14.375,0.002,8.08
08/01/2026 00:39,14.5,0.002,8.08
08/01/2026 00:09,14.5,0.002,8.08
07/01/2026 23:39,14.5,0.002,8.09
07/01/2026 23:09,14.625,0.002,8.09
07/01/2026 22:39,14.5,0.002,8.09
07/01/2026 22:09,14.625,0.002,8.09
07/01/2026 21:39,13.75,0.002,8.1
07/01/2026 21:09,15.625,0.002,8.1
07/01/2026 20:39,14.5,0.002,8.1
07/01/2026 20:09,14.5,0.002,8.1
07/01/2026 19:39,14.5,0.002,8.1
07/01/2026 19:09,15.5,0.002,8.1
07/01/2026 18:39,14.75,0.002,8.1
07/01/2026 18:39,14.75,0.002,8.1
07/01/2026 18:09,14.625,0.002,8.1
07/01/2026 17:39,14.625,0.002,8.1
07/01/2026 17:09,14.625,0.002,8.1
07/01/2026 16:39,14.5,0.002,8.1
07/01/2026 16:09,14.25,0.002,8.09
07/01/2026 15:39,14.375,0.002,8.09
07/01/2026 15:09,14.25,0.002,8.08
07/01/2026 14:39,14.125,0.002,8.08
07/01/2026 14:09,14.125,0.002,8.08
07/01/2026 13:39,13.875,0.002,8.07
07/01/2026 13:09,13.875,0.002,8.07
07/01/2026 12:39,13.75,0.002,8.07
07/01/2026 12:09,13.625,0.002,8.06
07/01/2026 11:39,13.625,0.002,8.06
07/01/2026 11:09,13.375,0.002,8.06
07/01/2026 10:39,13.375,0.002,8.05
07/01/2026 10:09,13.25,0.002,8.05
07/01/2026 09:39,13.25,0.002,8.05
07/01/2026 09:09,13.25,0.002,8.05
07/01/2026 08:39,13.125,0.002,8.04
07/01/2026 08:09,13.125,0.002,8.04
07/01/2026 07:39,13,0.002,8.04
07/01/2026 07:09,13.125,0.002,8.05
07/01/2026 06:39,13,0.002,8.05
07/01/2026 06:09,13.25,0.002,8.05
07/01/2026 05:39,13.375,0.002,8.06
07/01/2026 05:09,13.375,0.002,8.06
07/01/2026 04:39,13.5,0.001,8.06
07/01/2026 04:09,13.5,0.002,8.06
07/01/2026 03:39,13.625,0.002,8.07
07/01/2026 03:09,13.625,0.001,8.07
07/01/2026 02:39,13.75,0.001,8.07
07/01/2026 02:09,13.875,0.001,8.08
07/01/2026 01:39,13.875,0.001,8.08
07/01/2026 01:09,14,0.001,8.09
07/01/2026 00:39,14,0.001,8.09
07/01/2026 00:09,14,0.001,8.09
06/01/2026 23:39,14.125,0.001,8.09
06/01/2026 23:09,14.25,0.001,8.1
06/01/2026 22:39,14.5,0.001,8.1
06/01/2026 22:09,14.25,0.001,8.1
06/01/2026 21:39,14.375,0.001,8.11
06/01/2026 21:09,14.375,0.001,8.11
06/01/2026 20:39,14.5,0.001,8.11
06/01/2026 20:09,14.5,0.001,8.11
06/01/2026 19:39,14.625,0.001,8.12
06/01/2026 19:09,14.5,0.001,8.12
06/01/2026 18:39,14.5,0.001,8.12
06/01/2026 18:09,14.75,0.001,8.12
06/01/2026 17:39,15.625,0.001,8.12
06/01/2026 17:09,14.625,0.001,8.11
06/01/2026 16:39,14.5,0.001,8.11
06/01/2026 16:39,14.5,0.001,8.11
06/01/2026 16:09,14.5,0.001,8.11
06/01/2026 15:39,14.5,0.001,8.11
06/01/2026 15:09,14.375,0.001,8.1
06/01/2026 14:39,14.375,0.001,8.1
06/01/2026 14:09,14.125,0.001,8.1
06/01/2026 13:39,14.125,0.001,8.1
06/01/2026 13:09,14,0.001,8.09
06/01/2026 12:39,13.875,0.001,8.09
06/01/2026 12:09,13.875,0.001,8.09
06/01/2026 11:39,14,0.001,8.09
06/01/2026 11:09,14,0.001,8.08
06/01/2026 10:39,13.875,0.001,8.08
06/01/2026 10:09,14,0.001,8.08
06/01/2026 09:39,14.125,0.001,8.08
06/01/2026 09:09,14,0.001,8.08
06/01/2026 08:39,14,0.001,8.08
06/01/2026 08:09,14.125,0.001,8.07
06/01/2026 07:39,14,0.001,8.07
06/01/2026 07:09,13.875,0.001,8.07
06/01/2026 06:39,14,0.001,8.08
06/01/2026 06:09,14,0.001,8.08
06/01/2026 05:39,14.125,0.001,8.08
06/01/2026 05:09,14.125,0.001,8.08
06/01/2026 04:39,14.125,0.001,8.08
06/01/2026 04:09,14.125,0.001,8.09
06/01/2026 04:09,14.125,0.001,8.09
06/01/2026 03:39,14.25,0.001,8.09
06/01/2026 03:09,14.5,0.001,8.09
06/01/2026 02:39,14.375,0.001,8.09
06/01/2026 02:09,14.375,0.001,8.09
06/01/2026 01:39,14.375,0.001,8.1
06/01/2026 01:09,14.625,0.001,8.1
06/01/2026 00:39,14.625,0.001,8.1
06/01/2026 00:09,14.625,0.001,8.1
05/01/2026 23:39,14.5,0.001,8.11
05/01/2026 23:09,13.75,0.001,8.11
05/01/2026 22:39,14.625,0.001,8.11
05/01/2026 22:09,15.5,0.001,8.11
05/01/2026 22:09,15.5,0.001,8.11
05/01/2026 21:39,14.75,0.001,8.11
05/01/2026 21:09,14.625,0.001,8.12
05/01/2026 20:39,14.875,0.001,8.12
05/01/2026 20:09,14.75,0.001,8.12
05/01/2026 19:39,14.875,0.001,8.12
05/01/2026 19:09,14.75,0.001,8.13
05/01/2026 18:39,14.875,0.001,8.13
05/01/2026 18:09,14.875,0.001,8.13
05/01/2026 17:39,14.75,0.001,8.12
05/01/2026 17:09,14.875,0.001,8.12
05/01/2026 16:39,15,0.001,8.12
05/01/2026 16:09,15,0.001,8.12
05/01/2026 15:39,15,0.001,8.12
05/01/2026 15:09,15.125,0.001,8.12
05/01/2026 14:39,15,0.001,8.12
05/01/2026 14:09,14.875,0.001,8.12
05/01/2026 13:39,15.125,0.001,8.12
05/01/2026 13:09,15,0.001,8.12
05/01/2026 12:39,14.75,0.001,8.12
05/01/2026 12:09,14.875,0.001,8.11
05/01/2026 11:39,14.875,0.001,8.11
05/01/2026 11:09,13.875,0.001,8.11
05/01/2026 11:09,13.875,0.001,8.11
05/01/2026 10:39,14.625,0.001,8.1
05/01/2026 10:09,14.625,0.001,8.1
05/01/2026 09:39,14.75,0.001,8.1
05/01/2026 09:09,14.625,0.001,8.1
05/01/2026 08:39,14.75,0.001,8.1
05/01/2026 08:09,14.5,0.001,8.09
05/01/2026 07:39,13.875,0.001,8.09
05/01/2026 07:09,15.625,0.001,8.09
05/01/2026 06:39,14.875,0.001,8.1
05/01/2026 06:09,14.75,0.001,8.09
05/01/2026 05:39,14.75,0.001,8.1
05/01/2026 05:09,14.875,0.001,8.1
05/01/2026 04:39,14.75,0.001,8.1
05/01/2026 04:09,14.875,0.001,8.1
05/01/2026 03:39,13.75,0.001,8.1
05/01/2026 03:09,14.875,0.001,8.1
05/01/2026 02:39,15.625,0.001,8.1
05/01/2026 02:09,14.5,0.001,8.11
05/01/2026 01:39,13.75,0.001,8.11
05/01/2026 01:09,13.75,0.001,8.12
05/01/2026 00:39,15.625,0.001,8.12
05/01/2026 00:09,14.75,0.001,8.12
04/01/2026 23:39,13.75,0.001,8.12
04/01/2026 23:09,13.75,0.001,8.12
04/01/2026 22:39,13.75,0.001,8.13
04/01/2026 22:09,14.625,0.001,8.13
04/01/2026 21:39,14.625,0.001,8.13
04/01/2026 21:09,14.625,0.001,8.13
04/01/2026 20:39,14.625,0.001,8.13
04/01/2026 20:09,14.875,0.001,8.13
04/01/2026 19:39,14.625,0.001,8.14
04/01/2026 19:09,14.5,0.001,8.14
04/01/2026 18:39,15.5,0.001,8.14
04/01/2026 18:09,14.75,0.001,8.14
04/01/2026 17:39,14.75,0.001,8.14
04/01/2026 17:09,14.75,0.001,8.14
04/01/2026 17:09,14.75,0.001,8.14
04/01/2026 16:39,14.75,0.001,8.14
04/01/2026 16:09,14.875,0.001,8.14
04/01/2026 15:39,14.75,0.001,8.13
04/01/2026 15:09,14.875,0.001,8.13
04/01/2026 14:39,15,0.001,8.13
04/01/2026 14:09,14.75,0.001,8.12
04/01/2026 13:39,14.875,0.001,8.12
04/01/2026 13:09,14.875,0.001,8.12
04/01/2026 12:39,13.75,0.001,8.11
04/01/2026 12:09,14.75,0.001,8.11
04/01/2026 11:39,13.75,0.001,8.11
04/01/2026 11:09,13.75,0.001,8.1
04/01/2026 10:39,14.625,0.001,8.1
04/01/2026 10:09,14.625,0.001,8.1
04/01/2026 09:39,14.625,0.001,8.09
04/01/2026 09:09,14.5,0.001,8.09
04/01/2026 08:39,13.875,0.001,8.09
04/01/2026 08:09,14.5,0.001,8.08
04/01/2026 07:39,14.625,0.001,8.08
04/01/2026 07:09,14.375,0.001,8.08
04/01/2026 06:39,13.75,0.001,8.09
04/01/2026 06:09,15.625,0.001,8.08
04/01/2026 05:39,15.5,0.001,8.09
04/01/2026 05:09,14.5,0.001,8.08
04/01/2026 04:39,13.75,0.001,8.09
04/01/2026 04:09,15.625,0.001,8.09
04/01/2026 03:39,14.5,0.002,8.09
04/01/2026 03:09,15.5,0.002,8.09
04/01/2026 02:39,14.625,0.002,8.09
04/01/2026 02:09,14.5,0.001,8.09
04/01/2026 01:39,14.625,0.001,8.1
04/01/2026 01:09,14.625,0.001,8.1
04/01/2026 00:39,14.625,0.001,8.1
04/01/2026 00:09,14.625,0.001,8.1
03/01/2026 23:39,15.5,0.001,8.11
03/01/2026 23:09,15.5,0.001,8.11
03/01/2026 22:39,13.75,0.001,8.11
03/01/2026 22:09,14.5,0.001,8.11
03/01/2026 21:39,14.375,0.001,8.11
03/01/2026 21:09,14.625,0.001,8.11
03/01/2026 20:39,13.75,0.001,8.12
03/01/2026 20:09,14.75,0.001,8.12
03/01/2026 19:39,15.625,0.001,8.12
03/01/2026 19:09,14.5,0.001,8.12
03/01/2026 18:39,14.625,0.001,8.12
03/01/2026 18:09,14.625,0.001,8.12
03/01/2026 17:39,14.5,0.001,8.12
03/01/2026 17:39,14.5,0.001,8.12
03/01/2026 17:09,14.875,0.001,8.12
03/01/2026 16:39,14.75,0.001,8.12
03/01/2026 16:09,15.625,0.001,8.11
03/01/2026 15:39,14.875,0.001,8.11
03/01/2026 15:09,14.75,0.001,8.11
03/01/2026 14:39,14.75,0.001,8.1
03/01/2026 14:09,15.625,0.001,8.1
03/01/2026 13:39,14.625,0.001,8.1
03/01/2026 13:09,14.375,0.001,8.09
03/01/2026 12:39,14.5,0.001,8.09
03/01/2026 12:09,14.5,0.001,8.09
03/01/2026 11:39,14.375,0.001,8.08
03/01/2026 11:09,14.5,0.001,8.08
03/01/2026 10:39,14.375,0.001,8.08
03/01/2026 10:09,14.625,0.001,8.07
03/01/2026 09:39,14.375,0.001,8.07
03/01/2026 09:09,14.25,0.001,8.07
03/01/2026 08:39,14.375,0.001,8.06
03/01/2026 08:09,14.25,0.001,8.06
03/01/2026 07:39,14.375,0.001,8.05
03/01/2026 07:09,14.375,0.001,8.05
03/01/2026 06:39,14.25,0.001,8.05
03/01/2026 06:09,14.25,0.001,8.06
03/01/2026 05:39,14.25,0.001,8.06
03/01/2026 05:09,14.375,0.001,8.06
03/01/2026 04:39,14.25,0.001,8.07
03/01/2026 04:09,14.25,0.001,8.07
03/01/2026 03:39,14.25,0.001,8.07
03/01/2026 03:09,14.25,0.001,8.06
03/01/2026 02:39,14.25,0.001,8.07
03/01/2026 02:39,14.25,0.001,8.07
03/01/2026 02:09,14.25,0.001,8.07
03/01/2026 01:39,14.125,0.001,8.07
03/01/2026 01:09,14.25,0.001,8.08
03/01/2026 00:39,14.125,0.001,8.08
03/01/2026 00:09,14.125,0.001,8.08
02/01/2026 23:39,14,0.001,8.08
02/01/2026 23:09,14.125,0.001,8.08
02/01/2026 22:39,14,0.001,8.08
02/01/2026 22:09,14,0.001,8.08
02/01/2026 21:39,14,0.001,8.09
02/01/2026 21:09,14,0.001,8.09
02/01/2026 20:39,14,0.001,8.09
02/01/2026 20:39,14,0.001,8.09
02/01/2026 20:09,14,0.001,8.09
02/01/2026 20:09,14,0.001,8.09
02/01/2026 19:39,14.125,0.001,8.09
02/01/2026 19:09,13.875,0.001,8.09
02/01/2026 18:39,13.875,0.001,8.1
02/01/2026 18:09,13.875,0.001,8.1
02/01/2026 17:39,13.875,0.001,8.09
02/01/2026 17:09,13.875,0.001,8.09
02/01/2026 16:39,13.75,0.001,8.09
02/01/2026 16:09,13.875,0.001,8.09
02/01/2026 15:39,13.75,0.001,8.08
02/01/2026 15:09,13.875,0.001,8.08
02/01/2026 14:39,13.75,0.001,8.08
02/01/2026 14:39,13.75,0.001,8.08
02/01/2026 14:09,12.75,0.001,8.07
02/01/2026 13:39,13.5,0.001,8.07
02/01/2026 13:09,13.375,0.001,8.07
02/01/2026 12:39,13.375,0.001,8.07
02/01/2026 12:09,13.375,0.001,8.07
02/01/2026 11:39,13.25,0.001,8.07
02/01/2026 11:09,13.25,0.001,8.07
02/01/2026 10:39,13.25,0.001,8.07
02/01/2026 10:09,13,0.001,8.06
02/01/2026 09:39,13.125,0.001,8.06
02/01/2026 09:09,13.125,0.001,8.06
02/01/2026 08:39,13.125,0.001,8.06
02/01/2026 08:09,13.25,0.001,8.05
02/01/2026 07:39,13.25,0.001,8.05
02/01/2026 07:09,13.125,0.001,8.06
02/01/2026 06:39,13.25,0.001,8.06
02/01/2026 06:09,13.125,0.001,8.06
02/01/2026 05:39,13.125,0.001,8.06
02/01/2026 05:09,13.125,0.001,8.06
02/01/2026 04:39,13.125,0.001,8.06
02/01/2026 04:39,13.125,0.001,8.06
02/01/2026 04:09,13.25,0.001,8.06
02/01/2026 03:39,13,0.001,8.07
02/01/2026 03:09,13,0.001,8.07
02/01/2026 02:39,13,0.001,8.07
02/01/2026 02:09,13,0.001,8.07
02/01/2026 01:39,13.125,0.001,8.07
02/01/2026 01:09,13.125,0.001,8.07
02/01/2026 00:39,13.125,0.001,8.08
02/01/2026 00:09,13,0.001,8.08
01/01/2026 23:39,13,0.001,8.08
01/01/2026 23:09,13,0.001,8.08
01/01/2026 22:39,13.125,0.001,8.08
01/01/2026 22:09,13,0.001,8.08
01/01/2026 21:39,13.125,0.001,8.09
01/01/2026 21:09,13,0.001,8.09
01/01/2026 20:39,13.125,0.001,8.09
01/01/2026 20:09,13.125,0.001,8.09
01/01/2026 19:39,13.125,0.001,8.09
01/01/2026 19:09,13.125,0.001,8.1
01/01/2026 18:39,13.25,0.001,8.1
01/01/2026 18:09,13.25,0.001,8.1
01/01/2026 17:39,13.25,0.001,8.09
01/01/2026 17:09,13.375,0.001,8.09
01/01/2026 16:39,13.375,0.001,8.09
01/01/2026 16:09,13.375,0.001,8.09
01/01/2026 16:09,13.375,0.001,8.09
01/01/2026 15:39,13.375,0.001,8.08
01/01/2026 15:09,13.5,0.001,8.08
01/01/2026 14:39,13.375,0.001,8.07
01/01/2026 14:09,13.375,0.001,8.07
01/01/2026 13:39,13.25,0.001,8.07
01/01/2026 13:09,13.375,0.001,8.06
01/01/2026 12:39,13.5,0.001,8.06
01/01/2026 12:09,13.375,0.001,8.06
01/01/2026 11:39,13.375,0.001,8.06
01/01/2026 11:09,13.375,0.001,8.05
01/01/2026 10:39,13.375,0.001,8.05
01/01/2026 10:09,13.25,0.001,8.05
01/01/2026 09:39,13.375,0.001,8.04
01/01/2026 09:09,13.25,0.001,8.04
01/01/2026 08:39,13.375,0.001,8.04
01/01/2026 08:09,13.375,0.001,8.04
01/01/2026 07:39,13.375,0.001,8.03
01/01/2026 07:09,13.25,0.001,8.04
01/01/2026 06:39,13.375,0.001,8.04
01/01/2026 06:09,13.5,0.001,8.04
01/01/2026 05:39,13.375,0.001,8.03
01/01/2026 05:09,13.25,0.001,8.04
01/01/2026 04:39,13.375,0.001,8.04
01/01/2026 04:09,13.375,0.001,8.04
01/01/2026 03:39,13.25,0.001,8.04
01/01/2026 03:09,13.375,0.001,8.05
01/01/2026 02:39,13.25,0.001,8.05
01/01/2026 02:09,13.25,0.001,8.05
01/01/2026 01:39,13.25,0.001,8.05
01/01/2026 01:09,13.25,0.001,8.05
01/01/2026 00:39,13.25,0.001,8.05
01/01/2026 00:09,13.25,0.001,8.06
31/12/2025 23:39,13.25,0.001,8.06
31/12/2025 23:09,13.25,0.001,8.06
31/12/2025 22:39,13.125,0.001,8.06
31/12/2025 22:39,13.125,0.001,8.06
31/12/2025 22:09,13.125,0.001,8.06
31/12/2025 21:39,13.125,0.001,8.06
31/12/2025 21:09,13.125,0.001,8.06
31/12/2025 20:39,13.125,0.001,8.07
31/12/2025 20:09,13,0.001,8.07
31/12/2025 19:39,13.125,0.001,8.07
31/12/2025 19:09,13.125,0.001,8.07
31/12/2025 19:09,13.125,0.001,8.07
31/12/2025 18:39,13.125,0.001,8.07
31/12/2025 18:39,13.125,0.001,8.07
31/12/2025 18:09,13.25,0.001,8.07
31/12/2025 17:39,13.25,0.001,8.07
31/12/2025 17:09,13.375,0.001,8.06
31/12/2025 16:39,13.375,0.001,8.06
31/12/2025 16:09,13.5,0.001,8.05
31/12/2025 15:39,13.375,0.001,8.06
31/12/2025 15:09,13.5,0.001,8.05
31/12/2025 14:39,13.375,0.001,8.05
31/12/2025 14:09,13.375,0.001,8.05
31/12/2025 13:39,13.375,0.001,8.04
31/12/2025 13:09,13.5,0.001,8.04
31/12/2025 12:39,13.5,0.001,8.04
31/12/2025 12:09,13.375,0.001,8.03
31/12/2025 11:39,13.375,0.001,8.03
31/12/2025 11:09,13.5,0.001,8.02
31/12/2025 10:39,13.375,0.001,8.02
31/12/2025 10:09,13.375,0.001,8.01
31/12/2025 09:39,13.5,0.001,8.01
31/12/2025 09:39,13.5,0.001,8.01
31/12/2025 09:09,13.5,0.001,8
31/12/2025 08:39,13.625,0.001,8
31/12/2025 08:09,13.625,0.001,8
31/12/2025 07:39,13.625,0.001,8
31/12/2025 07:09,13.625,0.001,8.01
31/12/2025 06:39,13.625,0.001,8.01
31/12/2025 06:09,13.75,0.001,8.01
31/12/2025 05:39,13.75,0.001,8.01
31/12/2025 05:39,13.75,0.001,8.01
31/12/2025 05:09,13.625,0.001,8.01
31/12/2025 04:39,13.5,0.001,8.01
31/12/2025 04:09,12.75,0.001,8.02
31/12/2025 03:39,13.625,0.001,8.02
31/12/2025 03:09,13.625,0.001,8.02
31/12/2025 02:39,13.625,0.001,8.02
31/12/2025 02:09,13.625,0.001,8.02
31/12/2025 01:39,13.625,0.001,8.02
31/12/2025 01:09,13.5,0.001,8.03
31/12/2025 00:39,13.625,0.001,8.03
31/12/2025 00:09,13.625,0.001,8.03
30/12/2025 23:39,13.5,0.001,8.03
30/12/2025 23:09,13.625,0.001,8.03
30/12/2025 22:39,13.5,0.001,8.04
30/12/2025 22:09,13.5,0.001,8.04
30/12/2025 22:09,13.5,0.001,8.04
30/12/2025 21:39,13.625,0.001,8.04
30/12/2025 21:09,14.625,0.001,8.04
30/12/2025 20:39,13.625,0.001,8.05
30/12/2025 20:09,13.625,0.001,8.05
30/12/2025 19:39,13.625,0.001,8.05
30/12/2025 19:09,13.75,0.001,8.06
30/12/2025 18:39,13.875,0.001,8.06
30/12/2025 18:09,13.875,0.001,8.06
30/12/2025 17:39,14,0.001,8.06
30/12/2025 17:22,14.5,0.001,8.07
30/12/2025 17:22,14.625,0.001,8.07
30/12/2025 17:21,14.5,0.001,8.07
30/12/2025 17:09,14.75,0.001,8.07
30/12/2025 16:39,14.75,0.001,8.07
30/12/2025 16:09,15.625,0.001,8.07
30/12/2025 15:39,15.625,0.001,8.07
30/12/2025 15:09,15.125,0.001,8.08
30/12/2025 14:39,15,0.001,8.08
30/12/2025 14:09,15,0.001,8.09
30/12/2025 13:39,15.125,0.001,8.09
30/12/2025 13:09,15,0.001,8.1
30/12/2025 12:39,15.125,0.001,8.11
30/12/2025 12:09,15.125,0.001,8.11
30/12/2025 11:39,15.125,0.001,8.12
30/12/2025 11:09,15.125,0.001,8.12
30/12/2025 10:39,15.125,0.001,8.12
30/12/2025 10:09,14.875,0.001,8.12
30/12/2025 09:39,15,0.001,8.12
30/12/2025 09:09,15.125,0.001,8.12
30/12/2025 08:39,15.125,0.001,8.12
30/12/2025 08:09,15.125,0.001,8.12
30/12/2025 07:39,15.125,0.001,8.11
30/12/2025 07:09,15.125,0.001,8.11
30/12/2025 06:39,15.125,0.001,8.12
30/12/2025 06:09,15,0.001,8.12
30/12/2025 05:39,15.125,0.001,8.12
30/12/2025 05:09,15.125,0.001,8.12
30/12/2025 04:39,15.125,0.001,8.12
30/12/2025 04:09,15,0.001,8.13
30/12/2025 03:39,15.125,0.001,8.13
30/12/2025 03:39,15.125,0.001,8.13
30/12/2025 03:09,15.125,0.001,8.13
30/12/2025 02:39,15,0.001,8.13
30/12/2025 02:09,15.125,0.001,8.14
30/12/2025 01:39,15.25,0.001,8.14
30/12/2025 01:09,15.125,0.001,8.14
30/12/2025 00:39,15.125,0.001,8.14
30/12/2025 00:09,15.25,0.001,8.14
30/12/2025 00:09,15.25,0.001,8.14
29/12/2025 23:39,15.125,0.001,8.15
29/12/2025 23:09,15.125,0.001,8.15
29/12/2025 22:39,15.125,0.001,8.15
29/12/2025 22:09,15.25,0.001,8.15
29/12/2025 21:39,15.125,0.001,8.15
29/12/2025 21:09,15.25,0.001,8.16
29/12/2025 20:39,15.25,0.001,8.16
29/12/2025 20:09,15.25,0.001,8.16
29/12/2025 19:39,15.125,0.001,8.16
29/12/2025 19:09,15.125,0.001,8.16
29/12/2025 18:39,15.25,0.001,8.17
29/12/2025 18:09,15,0.001,8.16
29/12/2025 17:39,15,0.001,8.16
29/12/2025 17:09,15.375,0.001,8.16
29/12/2025 16:39,15.125,0.001,8.16
29/12/2025 16:09,15.25,0.001,8.16
29/12/2025 15:39,15,0.001,8.15
29/12/2025 15:09,15.375,0.001,8.15
29/12/2025 14:39,15.125,0.001,8.15
29/12/2025 14:09,15.25,0.001,8.15
29/12/2025 13:39,15.125,0.001,8.14
29/12/2025 13:09,15.125,0.001,8.14
29/12/2025 12:39,15.25,0.001,8.14
29/12/2025 12:09,15.25,0.001,8.13
29/12/2025 11:39,15.125,0.001,8.13
29/12/2025 11:09,14.875,0.001,8.13
29/12/2025 10:39,15,0.001,8.12
29/12/2025 10:09,15,0.001,8.12
29/12/2025 10:09,15,0.001,8.12
29/12/2025 09:39,15,0.001,8.12
29/12/2025 09:09,14.875,0.001,8.12
29/12/2025 08:39,14.875,0.001,8.12
29/12/2025 08:09,15,0.001,8.12
29/12/2025 07:39,15,0.001,8.12
29/12/2025 07:09,14.875,0.001,8.12
29/12/2025 06:39,14.875,0.001,8.12
29/12/2025 06:09,15,0.001,8.12
29/12/2025 05:39,15,0.001,8.12
29/12/2025 05:09,15,0.001,8.13
29/12/2025 04:39,15,0.001,8.13
29/12/2025 04:09,15.125,0.001,8.13
29/12/2025 03:39,15.125,0.001,8.13
29/12/2025 03:09,15.125,0.001,8.13
29/12/2025 02:39,15.125,0.001,8.14
29/12/2025 02:09,15.125,0.001,8.14
29/12/2025 01:39,15.125,0.001,8.14
29/12/2025 01:09,15.125,0.001,8.14
29/12/2025 00:39,15.125,0.001,8.14
29/12/2025 00:09,15,0.001,8.15
28/12/2025 23:39,15,0.001,8.15
28/12/2025 23:09,15.125,0.001,8.15
28/12/2025 22:39,15.125,0.001,8.15
28/12/2025 22:09,15.125,0.001,8.15
28/12/2025 21:39,15.125,0.001,8.16
28/12/2025 21:39,15.125,0.001,8.16
28/12/2025 21:09,15,0.001,8.16
28/12/2025 20:39,15.125,0.001,8.16
28/12/2025 20:39,15.125,0.001,8.16
28/12/2025 20:09,15,0.001,8.16
28/12/2025 19:39,15.125,0.001,8.16
28/12/2025 19:09,15,0.001,8.16
28/12/2025 18:39,15,0.001,8.16
28/12/2025 18:39,15,0.001,8.16
28/12/2025 18:09,15,0.001,8.16
28/12/2025 17:39,15,0.001,8.16
28/12/2025 17:09,15,0.001,8.16
28/12/2025 16:39,15,0.001,8.16
28/12/2025 16:09,15.125,0.001,8.16
28/12/2025 15:39,15.125,0.001,8.15
28/12/2025 15:09,15.25,0.001,8.15
28/12/2025 14:39,15.125,0.001,8.14
28/12/2025 14:09,15.25,0.001,8.14
28/12/2025 13:39,15.125,0.001,8.14
28/12/2025 13:09,15,0.001,8.14
28/12/2025 12:39,15,0.001,8.13
28/12/2025 12:09,15.125,0.001,8.13
28/12/2025 11:39,15.125,0.001,8.13
28/12/2025 11:09,15,0.001,8.12
28/12/2025 10:39,15,0.001,8.12
28/12/2025 10:09,15,0.001,8.12
28/12/2025 09:39,15.125,0.001,8.11
28/12/2025 09:09,15.125,0.001,8.11
28/12/2025 08:39,14.875,0.001,8.11
28/12/2025 08:09,14.875,0.001,8.11
28/12/2025 07:39,15,0.001,8.11
28/12/2025 07:09,14.75,0.001,8.11
28/12/2025 06:39,15,0.001,8.11
28/12/2025 06:09,15,0.001,8.11
28/12/2025 05:39,15.125,0.001,8.11
28/12/2025 05:09,15.125,0.001,8.12
28/12/2025 04:39,15,0.001,8.12
28/12/2025 04:09,15,0.001,8.12
28/12/2025 03:39,14.875,0.001,8.12
28/12/2025 03:09,15.125,0.001,8.12
28/12/2025 02:39,15,0.001,8.12
28/12/2025 02:09,14.75,0.001,8.13
28/12/2025 01:39,15,0.001,8.13
28/12/2025 01:09,15,0.001,8.13
28/12/2025 00:39,15,0.001,8.13
28/12/2025 00:09,15,0.001,8.13
27/12/2025 23:39,15.125,0.001,8.13
27/12/2025 23:09,15.125,0.001,8.14
27/12/2025 22:39,14.875,0.001,8.14
27/12/2025 22:09,15.125,0.001,8.14
27/12/2025 21:39,15,0.001,8.14
27/12/2025 21:09,15,0.001,8.14
27/12/2025 20:39,15,0.001,8.14
27/12/2025 20:09,15,0.001,8.14
27/12/2025 19:39,14.875,0.001,8.15
27/12/2025 19:09,15.125,0.001,8.15
27/12/2025 18:39,14.875,0.001,8.15
27/12/2025 18:09,15,0.001,8.15
27/12/2025 17:39,14.875,0.001,8.15
27/12/2025 17:09,15,0.001,8.14
27/12/2025 16:39,15,0.001,8.14
27/12/2025 16:09,15,0.001,8.14
27/12/2025 15:39,15,0.001,8.13
27/12/2025 15:09,14.875,0.001,8.13
27/12/2025 14:39,15,0.001,8.13
27/12/2025 14:09,15,0.001,8.12
27/12/2025 13:39,14.875,0.001,8.12
27/12/2025 13:39,14.875,0.001,8.12
27/12/2025 13:09,15,0.001,8.12
27/12/2025 12:39,14.875,0.001,8.12
27/12/2025 12:09,15,0.001,8.11
27/12/2025 11:39,14.875,0.001,8.11
27/12/2025 11:09,14.875,0.001,8.1
27/12/2025 10:39,14.875,0.001,8.1
27/12/2025 10:09,14.875,0.001,8.1
27/12/2025 09:39,15,0.001,8.1
27/12/2025 09:09,14.875,0.001,8.09
27/12/2025 08:39,14.875,0.001,8.09
27/12/2025 08:09,14.875,0.001,8.09
27/12/2025 07:39,14.875,0.001,8.09
27/12/2025 07:09,14.75,0.001,8.09
27/12/2025 06:39,14.75,0.001,8.09
27/12/2025 06:09,14.75,0.001,8.09
27/12/2025 05:39,14.875,0.001,8.09
27/12/2025 05:09,14.875,0.001,8.1
27/12/2025 04:39,14.875,0.001,8.1
27/12/2025 04:09,15,0.001,8.1
27/12/2025 03:39,14.75,0.001,8.1
27/12/2025 03:09,15,0.001,8.1
27/12/2025 02:39,14.875,0.001,8.11
27/12/2025 02:09,15,0.001,8.11
27/12/2025 01:39,15.125,0.001,8.11
27/12/2025 01:09,15,0.001,8.11
27/12/2025 00:39,15.125,0.001,8.11
27/12/2025 00:09,15.125,0.001,8.12
26/12/2025 23:39,15,0.001,8.12
26/12/2025 23:09,15.125,0.001,8.12
26/12/2025 23:09,15.125,0.001,8.12
26/12/2025 22:39,15.125,0.001,8.12
26/12/2025 22:09,15,0.001,8.12
26/12/2025 21:39,15,0.001,8.12
26/12/2025 21:09,15.125,0.001,8.12
26/12/2025 20:39,15.125,0.001,8.13
26/12/2025 20:09,15.25,0.001,8.13
26/12/2025 19:39,15.125,0.001,8.13
26/12/2025 19:09,15.25,0.001,8.13
26/12/2025 18:39,15.375,0.001,8.13
26/12/2025 18:09,15.125,0.001,8.13
26/12/2025 17:39,15.25,0.001,8.13
26/12/2025 17:09,15.25,0.001,8.12
26/12/2025 16:39,15.125,0.001,8.12
26/12/2025 16:09,15.125,0.001,8.12
26/12/2025 15:39,15,0.001,8.11
26/12/2025 15:09,15.125,0.001,8.11
26/12/2025 14:39,15,0.001,8.11
26/12/2025 14:09,15.25,0.001,8.1
26/12/2025 13:39,15.25,0.001,8.1
26/12/2025 13:09,15,0.001,8.1
26/12/2025 12:39,15.125,0.001,8.1
26/12/2025 12:09,15.375,0.001,8.09
26/12/2025 11:39,15.375,0.001,8.09
26/12/2025 11:09,15,0.001,8.09
26/12/2025 10:39,15.125,0.001,8.09
26/12/2025 10:09,15,0.001,8.08
26/12/2025 09:39,15,0.001,8.08
26/12/2025 09:09,15,0.001,8.08
26/12/2025 08:39,15,0.001,8.08
26/12/2025 08:09,15.125,0.001,8.08
26/12/2025 07:39,15,0.001,8.07
26/12/2025 07:09,14.875,0.001,8.07
26/12/2025 06:39,15.125,0.001,8.07
26/12/2025 06:09,14.875,0.001,8.08
26/12/2025 05:39,15.125,0.001,8.08
26/12/2025 05:09,15.25,0.001,8.08
26/12/2025 04:39,15,0.001,8.08
26/12/2025 04:09,15.125,0.001,8.09
26/12/2025 03:39,15.125,0.001,8.09
26/12/2025 03:09,15,0.001,8.09
26/12/2025 02:39,14.875,0.001,8.09
26/12/2025 02:09,15,0.001,8.09
26/12/2025 01:39,15.125,0.001,8.09
26/12/2025 01:09,15,0.001,8.09
26/12/2025 00:39,15.25,0.001,8.1
26/12/2025 00:09,15.125,0.001,8.1
26/12/2025 00:09,15.125,0.001,8.1
25/12/2025 23:39,15,0.001,8.1
25/12/2025 23:09,15,0.001,8.1
25/12/2025 22:39,15.25,0.001,8.1
25/12/2025 22:09,15.125,0.001,8.11
25/12/2025 21:39,15,0.001,8.11
25/12/2025 21:09,15.375,0.001,8.11
25/12/2025 20:39,15.125,0.001,8.11
25/12/2025 20:09,15,0.001,8.11
25/12/2025 19:39,15.125,0.001,8.11
25/12/2025 19:09,15.125,0.001,8.11
25/12/2025 18:39,15.125,0.001,8.11
25/12/2025 18:09,15.25,0.001,8.11
25/12/2025 17:39,15,0.001,8.11
25/12/2025 17:09,15.125,0.001,8.1
25/12/2025 16:39,15.25,0.001,8.1
25/12/2025 16:09,15.25,0.001,8.1
25/12/2025 15:39,15.25,0.001,8.09
25/12/2025 15:39,15.25,0.001,8.09
25/12/2025 15:09,15.375,0.001,8.09
25/12/2025 14:39,15.125,0.001,8.09
25/12/2025 14:09,15.125,0.001,8.08
25/12/2025 13:39,15.125,0.001,8.08
25/12/2025 13:09,15,0.001,8.07
25/12/2025 13:09,15,0.001,8.07
25/12/2025 12:39,15.25,0.001,8.07
25/12/2025 12:09,15.25,0.001,8.07
25/12/2025 11:39,15,0.001,8.06
25/12/2025 11:09,15.125,0.001,8.06
25/12/2025 10:39,14.875,0.001,8.05
25/12/2025 10:09,15,0.001,8.05
25/12/2025 09:39,15,0.001,8.05
25/12/2025 09:09,14.875,0.001,8.05
25/12/2025 08:39,14.875,0.001,8.04
25/12/2025 08:09,14.875,0.001,8.04
25/12/2025 07:39,14.875,0.001,8.04
25/12/2025 07:09,15.125,0.001,8.04
25/12/2025 06:39,15,0.001,8.04
25/12/2025 06:09,15,0.001,8.04
25/12/2025 05:39,15,0.001,8.04
25/12/2025 05:09,14.875,0.001,8.05
25/12/2025 04:39,15,0.001,8.05
25/12/2025 04:09,15,0.001,8.05
25/12/2025 03:39,14.875,0.001,8.05
25/12/2025 03:09,15.125,0.001,8.05
25/12/2025 02:39,15.125,0.001,8.05
25/12/2025 02:09,15.125,0.001,8.06
25/12/2025 01:39,15,0.001,8.06
25/12/2025 01:09,15.125,0.001,8.06
25/12/2025 00:39,14.875,0.001,8.06
25/12/2025 00:09,15.125,0.001,8.06
24/12/2025 23:39,15.125,0.001,8.06
24/12/2025 23:09,15,0.001,8.06
24/12/2025 22:39,15,0.001,8.06
24/12/2025 22:09,15,0.001,8.07
24/12/2025 21:39,15.125,0.001,8.07
24/12/2025 21:09,15,0.001,8.07
24/12/2025 20:39,15,0.001,8.07
24/12/2025 20:09,15.25,0.001,8.07
24/12/2025 19:39,15.125,0.001,8.07
24/12/2025 19:09,15.125,0.001,8.07
24/12/2025 18:39,15.125,0.001,8.07
24/12/2025 18:09,15.125,0.001,8.07
24/12/2025 17:39,15,0.001,8.07
24/12/2025 17:09,15.25,0.001,8.07
24/12/2025 16:39,15.25,0.001,8.06
24/12/2025 16:09,15.125,0.001,8.06
24/12/2025 15:39,15.25,0.001,8.06
24/12/2025 15:09,15.375,0.001,8.05
24/12/2025 14:39,15.125,0.001,8.05
24/12/2025 14:09,15,0.001,8.04
24/12/2025 13:39,15.25,0.001,8.04
24/12/2025 13:09,15.25,0.001,8.04
24/12/2025 12:39,15,0.001,8.03
24/12/2025 12:09,14.875,0.001,8.03
24/12/2025 11:39,14.875,0.001,8.02
24/12/2025 11:09,15,0.001,8.02
24/12/2025 10:39,15,0.001,8.02
24/12/2025 10:09,15.125,0.001,8.01
24/12/2025 09:39,15.125,0.001,8.01
24/12/2025 09:09,15,0.001,8
24/12/2025 08:39,14.875,0.001,8
24/12/2025 08:09,14.875,0.001,8
24/12/2025 07:39,14.875,0.001,8
24/12/2025 07:09,15,0.001,8
24/12/2025 06:39,15,0.001,8
24/12/2025 06:09,15,0.001,8
24/12/2025 05:39,14.875,0.001,8.01
24/12/2025 05:09,15,0.001,8.01
24/12/2025 04:39,15.125,0.001,8.01
24/12/2025 04:09,15,0.001,8.01
24/12/2025 03:39,15.125,0.001,8.01
24/12/2025 03:09,14.875,0.001,8.01
24/12/2025 02:39,15,0.001,8.01
24/12/2025 02:09,15,0.001,8.01
24/12/2025 02:09,15,0.001,8.01
24/12/2025 01:39,15,0.001,8.01
24/12/2025 01:09,15,0.001,8.01
24/12/2025 00:39,14.875,0.001,8.01
24/12/2025 00:09,14.875,0.001,8.01
23/12/2025 23:39,14.875,0.001,8.01
23/12/2025 23:09,15,0.001,8.02
23/12/2025 22:39,13.75,0.001,8.02
23/12/2025 22:09,14.875,0.001,8.03
23/12/2025 21:39,14.75,0.001,8.03
23/12/2025 21:09,14.75,0.001,8.03
23/12/2025 20:39,15.625,0.001,8.03
23/12/2025 20:09,14.75,0.001,8.03
23/12/2025 19:39,14.75,0.001,8.03
23/12/2025 19:09,14.625,0.001,8.02
23/12/2025 18:39,14.625,0.001,8.02
23/12/2025 18:09,14.75,0.001,8
23/12/2025 17:39,14.625,0.001,7.98
23/12/2025 17:09,14.5,0.001,7.95
23/12/2025 16:39,14.625,0.001,7.9
23/12/2025 16:09,15.5,0.001,7.83
23/12/2025 16:02,15,0.001,7.81
23/12/2025 15:39,14.75,0.001,7.7
23/12/2025 15:09,15.125,0.001,7.45
23/12/2025 14:39,14.75,0.002,7.07
23/12/2025 14:09,14.75,0.004,6.78
23/12/2025 13:39,15.5,0.006,6.55
23/12/2025 13:15,14.625,0.007,6.46
23/12/2025 13:15,14.75,0.007,6.47
23/12/2025 13:14,14.625,0.007,6.58
23/12/2025 13:14,14.375,0.008,7.03
27/10/2025 09:39,21.25,0.01,6.75
27/10/2025 09:09,21,0.01,6.75
27/10/2025 08:39,20.75,0.01,6.75
27/10/2025 08:14,21.5,0.01,6.75
27/10/2025 08:09,21.25,0.01,6.75
27/10/2025 07:39,21.25,0.01,6.75
27/10/2025 07:09,21.375,0.01,6.75
27/10/2025 06:39,21.25,0.01,6.75
27/10/2025 06:09,21.25,0.01,6.75
27/10/2025 05:39,21.25,0.01,6.75
27/10/2025 05:09,21.25,0.01,6.75
27/10/2025 04:59,20.5,0.01,6.75
27/10/2025 04:54,21.5,0.01,6.75
27/10/2025 04:39,21.25,0.01,6.75
27/10/2025 04:09,21.375,0.01,6.75
27/10/2025 03:39,21.25,0.01,6.75
27/10/2025 03:09,21.375,0.01,6.75
27/10/2025 02:39,21.25,0.01,6.75
27/10/2025 02:09,20.375,0.01,6.75
27/10/2025 01:54,21.5,0.01,6.75
27/10/2025 01:39,21.375,0.01,6.75
27/10/2025 01:09,21.25,0.01,6.75
27/10/2025 00:39,21.125,0.01,6.75
27/10/2025 00:34,20.375,0.01,6.75
27/10/2025 00:24,21.5,0.01,6.75
27/10/2025 00:09,21.25,0.01,6.75
26/10/2025 23:59,20.5,0.01,6.75
26/10/2025 23:49,21.5,0.01,6.75
26/10/2025 23:39,21.375,0.01,6.75
26/10/2025 23:24,19.75,0.01,6.75
26/10/2025 23:19,21.5,0.01,6.75
26/10/2025 23:09,21.375,0.01,6.75
26/10/2025 22:39,21.25,0.01,6.75
26/10/2025 22:29,20.5,0.01,6.75
26/10/2025 22:14,21.5,0.01,6.75
26/10/2025 22:14,21.5,0.01,6.75
26/10/2025 22:09,21.375,0.01,6.75
26/10/2025 21:44,20.375,0.01,6.75
26/10/2025 21:39,21.625,0.01,6.75
26/10/2025 21:34,21.5,0.01,6.75
26/10/2025 21:19,19.75,0.01,6.75
26/10/2025 21:14,21.5,0.01,6.75
26/10/2025 21:09,21.375,0.01,6.75
26/10/2025 20:39,21.25,0.01,6.75
26/10/2025 20:24,20.5,0.01,6.75
26/10/2025 20:09,21.5,0.01,6.75
26/10/2025 19:54,20.5,0.01,6.75
26/10/2025 19:44,21.5,0.01,6.75
26/10/2025 19:39,21.25,0.01,6.75
26/10/2025 19:29,20.5,0.01,6.75
26/10/2025 19:29,20.5,0.01,6.75
26/10/2025 19:14,21.5,0.01,6.75
26/10/2025 19:09,21.375,0.01,6.75
26/10/2025 18:49,20.5,0.01,6.75
26/10/2025 18:39,21.5,0.01,6.76
26/10/2025 18:19,19.75,0.011,6.75
26/10/2025 18:19,19.75,0.011,6.75
26/10/2025 18:09,21.5,0.011,6.75
26/10/2025 17:59,20.375,0.011,6.75
26/10/2025 17:39,20.875,0.01,6.75
26/10/2025 17:29,22.625,0.01,6.76
26/10/2025 17:09,19.75,0.011,6.75
26/10/2025 16:49,21.5,0.011,6.75
26/10/2025 16:39,19.75,0.011,6.75
26/10/2025 16:09,20.75,0.011,6.75
26/10/2025 15:39,20.875,0.011,6.75
26/10/2025 15:09,20.875,0.011,6.75
26/10/2025 14:39,20.875,0.011,6.75
26/10/2025 14:09,21,0.011,6.75
26/10/2025 13:39,21,0.011,6.75
26/10/2025 13:09,21,0.011,6.75
26/10/2025 12:39,21,0.011,6.75
26/10/2025 12:09,21,0.011,6.75
26/10/2025 11:59,21.625,0.011,6.75
26/10/2025 11:49,19.75,0.011,6.75
26/10/2025 11:39,20.875,0.011,6.75
26/10/2025 11:34,21.5,0.011,6.75
26/10/2025 11:24,20.5,0.011,6.75
26/10/2025 11:09,21.5,0.011,6.75
26/10/2025 10:39,20.375,0.011,6.75
26/10/2025 10:19,21.5,0.011,6.75
26/10/2025 10:09,21.25,0.011,6.75
26/10/2025 09:59,20.375,0.011,6.75
26/10/2025 09:44,21.5,0.01,6.75
26/10/2025 09:39,21.375,0.01,6.75
26/10/2025 09:09,21.125,0.01,6.75
26/10/2025 08:54,20.5,0.01,6.75
26/10/2025 08:44,21.5,0.01,6.75
26/10/2025 08:39,21.25,0.01,6.75
26/10/2025 08:09,21.25,0.01,6.75
26/10/2025 07:39,21.375,0.01,6.75
26/10/2025 07:09,20.5,0.01,6.75
26/10/2025 06:59,21.5,0.01,6.75
26/10/2025 06:39,21.375,0.01,6.75
26/10/2025 06:24,19.75,0.011,6.75
26/10/2025 06:19,21.5,0.011,6.75
26/10/2025 06:09,21.375,0.011,6.75
26/10/2025 05:49,20.5,0.011,6.75
26/10/2025 05:39,21.5,0.011,6.75
26/10/2025 05:19,19.75,0.011,6.75
26/10/2025 05:09,21.5,0.011,6.75
26/10/2025 04:44,20.5,0.011,6.75
26/10/2025 04:39,20.625,0.011,6.75
26/10/2025 04:29,21.5,0.011,6.75
26/10/2025 04:14,20.375,0.011,6.74
26/10/2025 04:09,20.625,0.011,6.74
26/10/2025 03:49,21.5,0.011,6.75
26/10/2025 03:39,21.375,0.011,6.75
26/10/2025 03:29,19.75,0.011,6.75
26/10/2025 03:29,19.75,0.011,6.75
26/10/2025 03:14,21.625,0.011,6.75
26/10/2025 03:09,20.75,0.011,6.75
26/10/2025 02:49,20.5,0.011,6.74
26/10/2025 02:39,20.875,0.011,6.74
26/10/2025 02:34,21.5,0.011,6.75
26/10/2025 02:19,20.5,0.011,6.74
26/10/2025 02:09,21.625,0.011,6.74
26/10/2025 01:44,21.5,0.011,6.75
26/10/2025 01:39,21.375,0.011,6.75
26/10/2025 01:29,19.75,0.011,6.74
26/10/2025 01:14,21.75,0.011,6.74
26/10/2025 01:09,20.75,0.011,6.74
26/10/2025 01:54,19.75,0.011,6.74
26/10/2025 01:39,21,0.011,6.74
26/10/2025 01:34,21.625,0.011,6.75
26/10/2025 01:24,19.75,0.011,6.74
26/10/2025 01:09,20.75,0.011,6.74
26/10/2025 00:39,20.75,0.011,6.74
26/10/2025 00:09,20.75,0.011,6.74
25/10/2025 23:39,21,0.011,6.74
25/10/2025 23:09,21.125,0.011,6.74
25/10/2025 22:39,21.125,0.011,6.74
25/10/2025 22:09,21.125,0.011,6.74
25/10/2025 21:39,21.25,0.011,6.74
25/10/2025 21:09,21.25,0.01,6.74
25/10/2025 21:09,21.25,0.01,6.74
25/10/2025 20:39,21.375,0.011,6.74
25/10/2025 20:09,21.5,0.011,6.74
25/10/2025 19:39,21.5,0.01,6.74
25/10/2025 19:09,21.625,0.01,6.74
25/10/2025 18:39,20.75,0.011,6.74
25/10/2025 18:09,21.875,0.01,6.74
25/10/2025 17:39,21.875,0.01,6.74
25/10/2025 17:09,21.875,0.011,6.74
25/10/2025 16:39,22,0.011,6.74
25/10/2025 16:09,22,0.01,6.74
25/10/2025 15:39,22,0.01,6.74
25/10/2025 15:09,22.25,0.01,6.74
25/10/2025 14:39,22.125,0.01,6.74
25/10/2025 14:09,22.125,0.011,6.74
25/10/2025 13:39,22,0.011,6.74
25/10/2025 13:09,22,0.01,6.74
25/10/2025 12:39,22,0.01,6.74
25/10/2025 12:09,21.875,0.01,6.74
25/10/2025 11:39,21.75,0.01,6.73
25/10/2025 11:39,21.75,0.01,6.73
25/10/2025 11:09,21.5,0.01,6.73
25/10/2025 10:39,21.25,0.01,6.73
25/10/2025 10:09,20.75,0.01,6.73
25/10/2025 09:39,21.625,0.01,6.73
25/10/2025 09:09,21.25,0.01,6.73
25/10/2025 08:39,21.5,0.01,6.73
25/10/2025 08:09,21.625,0.01,6.73
25/10/2025 07:39,21.5,0.01,6.73
25/10/2025 07:09,21.5,0.01,6.73
25/10/2025 06:39,20.75,0.01,6.73
25/10/2025 06:09,21.375,0.01,6.73
25/10/2025 05:39,21.25,0.01,6.73
25/10/2025 05:09,21.375,0.01,6.73
25/10/2025 04:39,21.375,0.01,6.72
25/10/2025 04:09,21.375,0.01,6.72
25/10/2025 03:39,21.375,0.01,6.72
25/10/2025 03:09,21.5,0.01,6.72
25/10/2025 02:39,21.5,0.01,6.72
25/10/2025 02:09,20.75,0.01,6.72
25/10/2025 01:39,21.5,0.01,6.72
25/10/2025 01:09,21.625,0.01,6.72
25/10/2025 00:39,21.75,0.01,6.72
25/10/2025 00:09,21.875,0.01,6.72
24/10/2025 23:39,21.875,0.01,6.72
24/10/2025 23:09,22.25,0.01,6.72
24/10/2025 22:39,22.25,0.01,6.72
24/10/2025 22:09,22.375,0.01,6.72
24/10/2025 21:39,22.375,0.01,6.72
24/10/2025 21:09,22.5,0.01,6.72
24/10/2025 20:39,22.5,0.01,6.72
24/10/2025 20:09,22.75,0.01,6.72
24/10/2025 19:39,23.625,0.01,6.71
24/10/2025 19:09,23,0.01,6.71
24/10/2025 18:39,23.25,0.01,6.71
24/10/2025 18:09,22.75,0.01,6.72
24/10/2025 17:39,23.875,0.01,6.72
24/10/2025 17:09,24.375,0.011,6.72
24/10/2025 16:39,24.625,0.011,6.72
24/10/2025 16:09,24.5,0.011,6.72
24/10/2025 15:39,25.625,0.011,6.72
24/10/2025 15:09,24.875,0.011,6.72
24/10/2025 14:39,24.625,0.011,6.72
24/10/2025 14:09,24.375,0.011,6.72
24/10/2025 13:39,24.375,0.011,6.72
24/10/2025 13:10,24.125,0.012,6.72
