Declared,Temperature,NH3,pH
22/09/2026 14:59,17.25,0.001,8.03
22/09/2026 14:29,17,0.001,8.03
22/09/2026 13:59,17.125,0.001,8.02
22/09/2026 13:29,16.875,0.001,8.02
22/09/2026 12:59,16.875,0.001,8.02
22/09/2026 12:29,16.875,0.001,8.01
22/09/2026 11:59,15.75,0.001,8.01
22/09/2026 11:29,15.75,0.001,8.01
22/09/2026 10:59,16.625,0.001,8
22/09/2026 10:29,16.5,0.001,8
22/09/2026 09:59,16.5,0.001,8
22/09/2026 09:29,16.5,0.001,7.99
22/09/2026 08:59,16.5,0.001,7.99
22/09/2026 08:29,16.5,0.001,7.99
22/09/2026 07:59,16.375,0.001,7.99
22/09/2026 07:29,16.5,0.001,7.98
22/09/2026 06:59,16.5,0.001,7.98
22/09/2026 06:29,16.625,0.001,7.98
22/09/2026 05:59,16.5,0.001,7.98
22/09/2026 05:29,16.5,0.001,7.98
22/09/2026 04:59,16.625,0.001,7.98
22/09/2026 04:29,15.875,0.001,7.98
22/09/2026 03:59,16.75,0.001,7.99
22/09/2026 03:29,16.875,0.001,7.99
22/09/2026 02:59,16.875,0.001,7.99
22/09/2026 02:29,16.875,0.001,7.99
22/09/2026 01:59,17,0.001,7.99
22/09/2026 01:29,17,0.001,7.99
22/09/2026 00:59,17.125,0.001,7.99
22/09/2026 00:29,17.375,0.001,7.99
21/09/2026 23:59,17.375,0.001,8
21/09/2026 23:29,17.375,0.001,8
21/09/2026 22:59,17.5,0.001,8
21/09/2026 22:29,18.625,0.001,8
21/09/2026 21:59,17.625,0.001,8
21/09/2026 21:29,17.5,0.001,8
21/09/2026 20:59,17.625,0.001,8
21/09/2026 20:29,17.625,0.001,8
21/09/2026 19:59,17.75,0.002,8.01
21/09/2026 19:29,17.875,0.001,8.01
21/09/2026 18:59,17.75,0.002,8.01
21/09/2026 18:29,17.875,0.001,8.01
21/09/2026 17:59,18,0.002,8.01
21/09/2026 17:29,17.875,0.002,8.01
21/09/2026 16:59,17.875,0.001,8
21/09/2026 16:29,17.875,0.002,8
21/09/2026 15:59,17.625,0.001,7.99
21/09/2026 15:29,17.625,0.002,7.99
21/09/2026 14:59,17.625,0.002,7.99
21/09/2026 14:29,17.5,0.001,7.98
21/09/2026 13:59,17.375,0.001,7.98
21/09/2026 13:29,17.375,0.002,7.98
21/09/2026 12:59,17.25,0.002,7.98
21/09/2026 12:29,17.375,0.002,7.98
21/09/2026 11:59,17.25,0.002,7.98
21/09/2026 11:29,17.125,0.002,7.98
21/09/2026 10:59,17.125,0.002,7.99
21/09/2026 10:29,17.125,0.002,7.99
21/09/2026 09:59,16.875,0.002,8
21/09/2026 09:29,16.75,0.002,8.01
21/09/2026 08:59,17,0.001,8.01
21/09/2026 08:29,16.75,0.002,8.01
21/09/2026 07:59,16.75,0.002,8.01
21/09/2026 07:29,16.875,0.001,8.01
21/09/2026 06:59,16.75,0.002,8.01
21/09/2026 06:29,16.875,0.002,8.01
21/09/2026 05:59,16.875,0.002,8.01
21/09/2026 05:29,16.875,0.002,8.01
21/09/2026 04:59,17,0.002,8.01
21/09/2026 04:29,16.875,0.002,8.02
21/09/2026 03:59,17.125,0.002,8.02
21/09/2026 03:29,17.125,0.002,8.02
21/09/2026 02:59,17.125,0.002,8.02
21/09/2026 02:29,17.125,0.002,8.02
21/09/2026 02:11,17.125,0.002,8.02
21/09/2026 02:11,17,0.002,8.02
21/09/2026 02:11,16.875,0.002,8.74
21/09/2026 01:59,17.25,0.002,8.02
21/09/2026 01:29,17.125,0.002,8.03
21/09/2026 00:59,17.375,0.002,8.03
21/09/2026 00:29,17.5,0.002,8.03
20/09/2026 23:59,17.375,0.002,8.03
20/09/2026 23:29,17.5,0.002,8.04
20/09/2026 22:59,17.5,0.002,8.04
20/09/2026 22:29,16.75,0.002,8.04
20/09/2026 21:59,18.625,0.002,8.04
20/09/2026 21:29,17.75,0.002,8.05
20/09/2026 20:59,17.625,0.002,8.05
20/09/2026 20:29,18.625,0.002,8.05
20/09/2026 19:59,16.75,0.002,8.05
20/09/2026 19:29,16.75,0.002,8.05
20/09/2026 18:59,17.75,0.002,8.06
20/09/2026 18:29,17.75,0.002,8.06
20/09/2026 17:59,18.625,0.002,8.06
20/09/2026 17:29,17.625,0.002,8.06
20/09/2026 16:59,18.625,0.002,8.05
20/09/2026 16:29,17.625,0.002,8.05
20/09/2026 15:59,17.625,0.002,8.05
20/09/2026 15:29,17.625,0.002,8.05
20/09/2026 14:59,17.375,0.002,8.05
20/09/2026 14:29,17.25,0.002,8.05
20/09/2026 13:59,17.25,0.002,8.04
20/09/2026 13:29,17.125,0.002,8.04
20/09/2026 12:59,17,0.002,8.04
20/09/2026 12:29,17.125,0.002,8.04
20/09/2026 11:59,16.875,0.002,8.03
20/09/2026 11:29,17,0.002,8.03
20/09/2026 10:59,16.875,0.002,8.03
20/09/2026 10:29,16.875,0.002,8.03
20/09/2026 09:59,16.75,0.002,8.02
20/09/2026 09:29,16.875,0.002,8.02
20/09/2026 08:59,16.75,0.002,8.02
20/09/2026 08:29,16.75,0.002,8.02
20/09/2026 07:59,17.625,0.002,8.01
20/09/2026 07:29,15.75,0.002,8.01
20/09/2026 06:59,16.625,0.002,8.01
20/09/2026 06:29,16.625,0.002,8.01
20/09/2026 05:59,16.75,0.002,8.01
20/09/2026 05:29,16.75,0.002,8.01
20/09/2026 04:59,16.75,0.002,8.01
20/09/2026 04:29,16.875,0.002,8.02
20/09/2026 03:59,16.75,0.002,8.02
20/09/2026 03:29,16.875,0.002,8.02
20/09/2026 02:59,17,0.002,8.02
20/09/2026 02:29,17,0.002,8.02
20/09/2026 01:59,17,0.002,8.03
20/09/2026 01:29,17.125,0.002,8.03
20/09/2026 00:59,17.25,0.002,8.03
20/09/2026 00:29,17.25,0.002,8.03
19/09/2026 23:59,17.25,0.002,8.03
19/09/2026 23:29,17.375,0.002,8.04
19/09/2026 22:59,17.375,0.002,8.04
19/09/2026 22:29,17.375,0.002,8.04
19/09/2026 21:59,17.625,0.002,8.04
19/09/2026 21:29,17.5,0.002,8.05
19/09/2026 20:59,17.5,0.002,8.05
19/09/2026 20:29,17.5,0.002,8.05
19/09/2026 19:59,17.5,0.002,8.05
19/09/2026 19:29,17.625,0.002,8.05
19/09/2026 18:59,17.625,0.002,8.05
19/09/2026 18:29,17.625,0.002,8.06
19/09/2026 17:59,17.5,0.002,8.06
19/09/2026 17:29,17.5,0.002,8.06
19/09/2026 16:59,17.375,0.002,8.05
19/09/2026 16:29,17.375,0.002,8.05
19/09/2026 15:59,17.25,0.002,8.05
19/09/2026 15:29,17.25,0.002,8.05
19/09/2026 14:59,17,0.002,8.05
19/09/2026 14:29,17.125,0.002,8.04
19/09/2026 13:59,17,0.002,8.04
19/09/2026 13:29,16.875,0.002,8.04
19/09/2026 12:59,16.75,0.002,8.04
19/09/2026 12:29,17.625,0.002,8.03
19/09/2026 11:59,16.5,0.002,8.03
19/09/2026 11:29,16.625,0.002,8.03
19/09/2026 10:59,16.5,0.002,8.02
19/09/2026 10:29,16.5,0.002,8.02
19/09/2026 09:59,16.5,0.002,8.02
19/09/2026 09:29,16.375,0.002,8.02
19/09/2026 08:59,16.375,0.002,8.01
19/09/2026 08:29,16.375,0.002,8.01
19/09/2026 07:59,16.375,0.002,8.01
19/09/2026 07:29,16.375,0.002,8.01
19/09/2026 06:59,16.25,0.002,8.01
19/09/2026 06:29,16.375,0.002,8.01
19/09/2026 05:59,16.375,0.002,8.01
19/09/2026 05:29,16.375,0.002,8.01
19/09/2026 04:59,16.5,0.002,8.01
19/09/2026 04:29,16.5,0.002,8.02
19/09/2026 03:59,16.625,0.002,8.02
19/09/2026 03:29,16.625,0.002,8.02
19/09/2026 02:59,15.75,0.002,8.02
19/09/2026 02:29,16.75,0.002,8.02
19/09/2026 01:59,16.75,0.002,8.02
19/09/2026 01:29,16.875,0.002,8.02
19/09/2026 00:59,17,0.002,8.03
19/09/2026 00:29,17.125,0.002,8.03
18/09/2026 23:59,17,0.002,8.03
18/09/2026 23:29,17,0.002,8.03
18/09/2026 22:59,17.25,0.002,8.03
18/09/2026 22:29,17.25,0.002,8.04
18/09/2026 21:59,17.375,0.002,8.04
18/09/2026 21:29,17.375,0.002,8.04
18/09/2026 20:59,17.375,0.002,8.04
18/09/2026 20:29,17.375,0.002,8.04
18/09/2026 19:59,17.375,0.002,8.05
18/09/2026 19:29,17.25,0.002,8.05
18/09/2026 18:59,17.375,0.002,8.05
18/09/2026 18:29,17.375,0.002,8.05
18/09/2026 17:59,17.375,0.002,8.05
18/09/2026 17:29,17.375,0.002,8.05
18/09/2026 16:59,17.25,0.002,8.05
18/09/2026 16:29,17.125,0.002,8.05
18/09/2026 16:15,17.5,0.002,8.04
18/09/2026 15:59,17.125,0.002,8.04
18/09/2026 15:29,16.875,0.002,8.04
18/09/2026 14:59,16.875,0.002,8.04
18/09/2026 14:29,16.75,0.002,8.04
18/09/2026 13:59,16.625,0.002,8.03
18/09/2026 13:29,16.5,0.002,8.03
18/09/2026 12:59,16.375,0.002,8.03
18/09/2026 12:29,16.375,0.002,8.02
18/09/2026 11:59,16.375,0.002,8.02
18/09/2026 11:29,16.25,0.002,8.02
18/09/2026 10:59,16.25,0.002,8.02
18/09/2026 10:29,16.25,0.002,8.02
18/09/2026 09:59,16.125,0.002,8.01
18/09/2026 09:29,16.125,0.002,8.01
18/09/2026 08:59,16.125,0.002,8.01
18/09/2026 08:29,16.125,0.002,8.01
18/09/2026 07:59,16.125,0.002,8
18/09/2026 07:29,16.125,0.002,8
18/09/2026 06:59,16.125,0.002,8
18/09/2026 06:29,16.25,0.002,8
18/09/2026 05:59,16.125,0.002,8
18/09/2026 05:29,16.25,0.002,8
18/09/2026 04:59,16.25,0.002,8.01
18/09/2026 04:29,16.125,0.002,8.01
18/09/2026 03:59,16.375,0.002,8.01
18/09/2026 03:29,16.5,0.002,8.01
18/09/2026 02:59,16.375,0.002,8.01
18/09/2026 02:29,16.5,0.002,8.01
18/09/2026 01:59,16.5,0.002,8.02
18/09/2026 01:29,16.625,0.002,8.02
18/09/2026 00:59,16.625,0.002,8.02
18/09/2026 00:29,17.625,0.002,8.02
17/09/2026 23:59,16.875,0.002,8.02
17/09/2026 23:29,16.75,0.002,8.03
17/09/2026 22:59,16.875,0.002,8.03
17/09/2026 22:29,17.125,0.002,8.03
17/09/2026 21:59,17.125,0.002,8.03
17/09/2026 21:29,17.125,0.002,8.03
17/09/2026 20:59,17.25,0.002,8.04
17/09/2026 20:29,17.25,0.002,8.04
17/09/2026 19:59,17.125,0.002,8.04
17/09/2026 19:29,17.125,0.002,8.04
17/09/2026 18:59,17.25,0.002,8.04
17/09/2026 18:29,17.25,0.002,8.05
17/09/2026 17:59,17.125,0.002,8.05
17/09/2026 17:29,17.25,0.002,8.04
17/09/2026 16:59,17.125,0.002,8.04
17/09/2026 16:29,17.125,0.002,8.04
17/09/2026 15:59,17,0.002,8.04
17/09/2026 15:29,17,0.002,8.04
17/09/2026 14:59,16.875,0.002,8.03
17/09/2026 14:29,15.75,0.002,8.03
17/09/2026 13:59,16.625,0.002,8.03
17/09/2026 13:29,16.5,0.002,8.03
17/09/2026 12:59,16.5,0.002,8.02
17/09/2026 12:29,16.375,0.002,8.02
17/09/2026 11:59,16.25,0.002,8.02
17/09/2026 11:29,16.375,0.002,8.02
17/09/2026 10:59,16.25,0.002,8.01
17/09/2026 10:29,16.25,0.002,8.01
17/09/2026 09:59,16.125,0.002,8.01
17/09/2026 09:29,16.125,0.002,8
17/09/2026 08:59,16.25,0.002,8
17/09/2026 08:29,16.125,0.002,8
17/09/2026 07:59,16.125,0.002,8
17/09/2026 07:29,16.25,0.002,8
17/09/2026 06:59,16.25,0.002,8
17/09/2026 06:29,16.25,0.002,7.99
17/09/2026 05:59,16.25,0.002,8
17/09/2026 05:29,16.25,0.002,8
17/09/2026 04:59,16.375,0.002,8
17/09/2026 04:29,16.5,0.002,8
17/09/2026 03:59,16.5,0.002,8
17/09/2026 03:29,16.5,0.002,8
17/09/2026 02:59,16.625,0.002,8.01
17/09/2026 02:29,17.625,0.002,8.01
17/09/2026 01:59,15.875,0.002,8.01
17/09/2026 01:29,17,0.002,8.01
17/09/2026 00:59,17.125,0.002,8.01
17/09/2026 00:29,17,0.002,8.01
16/09/2026 23:59,17.125,0.002,8.01
16/09/2026 23:29,17.25,0.002,8.02
16/09/2026 22:59,17.375,0.002,8.02
16/09/2026 22:29,17.375,0.002,8.02
16/09/2026 21:59,17.5,0.002,8.02
16/09/2026 21:29,17.5,0.002,8.02
16/09/2026 20:59,17.5,0.002,8.02
16/09/2026 20:29,17.5,0.002,8.02
16/09/2026 19:59,17.5,0.002,8.03
16/09/2026 19:29,17.625,0.002,8.03
16/09/2026 18:59,17.625,0.002,8.03
16/09/2026 18:29,17.5,0.002,8.03
16/09/2026 17:59,17.5,0.002,8.03
16/09/2026 17:29,17.375,0.002,8.03
16/09/2026 16:59,17.375,0.002,8.02
16/09/2026 16:29,17.25,0.002,8.02
16/09/2026 15:59,17.25,0.002,8.02
16/09/2026 15:29,17.125,0.002,8.02
16/09/2026 14:59,16.875,0.002,8.01
16/09/2026 14:29,16.875,0.002,8.01
16/09/2026 13:59,17.625,0.002,8.01
16/09/2026 13:29,16.75,0.002,8
16/09/2026 12:59,16.5,0.002,8
16/09/2026 12:29,16.5,0.002,8
16/09/2026 11:59,16.375,0.002,7.99
16/09/2026 11:29,16.375,0.002,7.99
16/09/2026 10:59,16.25,0.002,7.98
16/09/2026 10:29,16.125,0.002,7.98
16/09/2026 09:59,16.25,0.002,7.98
16/09/2026 09:29,16.25,0.002,7.98
16/09/2026 08:59,16.25,0.002,7.97
16/09/2026 08:29,16.125,0.002,7.97
16/09/2026 07:59,16.25,0.002,7.97
16/09/2026 07:29,16.125,0.002,7.97
16/09/2026 06:59,16.125,0.002,7.96
16/09/2026 06:29,16.25,0.002,7.96
16/09/2026 05:59,16.25,0.002,7.96
16/09/2026 05:29,16.375,0.002,7.96
16/09/2026 04:59,16.5,0.002,7.96
16/09/2026 04:29,16.5,0.002,7.97
16/09/2026 03:59,16.5,0.002,7.96
16/09/2026 03:29,17.625,0.002,7.97
16/09/2026 02:59,16.875,0.002,7.97
16/09/2026 02:29,16.875,0.002,7.97
16/09/2026 01:59,16.875,0.002,7.97
16/09/2026 01:29,17,0.002,7.97
16/09/2026 00:59,17.25,0.002,7.97
16/09/2026 00:29,17.125,0.002,7.97
15/09/2026 23:59,17.375,0.002,7.97
15/09/2026 23:29,17.25,0.002,7.97
15/09/2026 22:59,17.5,0.002,7.97
15/09/2026 22:29,17.625,0.002,7.97
15/09/2026 21:59,17.625,0.002,7.97
15/09/2026 21:29,17.625,0.002,7.97
15/09/2026 20:59,17.5,0.002,7.97
15/09/2026 20:29,17.5,0.002,7.97
15/09/2026 19:59,17.625,0.002,7.97
15/09/2026 19:29,16.75,0.003,7.97
15/09/2026 18:59,16.75,0.003,7.97
15/09/2026 18:29,18.625,0.003,7.98
15/09/2026 17:59,17.625,0.003,7.98
15/09/2026 17:29,17.5,0.003,7.98
15/09/2026 16:59,17.5,0.003,7.99
15/09/2026 16:29,17.375,0.003,7.98
15/09/2026 15:59,17.25,0.003,7.98
15/09/2026 15:29,17.25,0.003,7.98
15/09/2026 14:59,17.125,0.003,7.97
15/09/2026 14:29,17,0.003,7.96
15/09/2026 13:59,16.875,0.003,7.96
15/09/2026 13:29,16.875,0.002,7.96
15/09/2026 12:59,16.75,0.003,7.95
15/09/2026 12:29,16.625,0.003,7.95
15/09/2026 11:59,16.5,0.003,7.95
15/09/2026 11:29,16.5,0.003,7.94
15/09/2026 10:59,16.5,0.003,7.94
15/09/2026 10:29,16.375,0.003,7.94
15/09/2026 09:59,16.25,0.003,7.93
15/09/2026 09:29,16.5,0.003,7.93
15/09/2026 08:59,16.375,0.003,7.92
15/09/2026 08:29,16.375,0.003,7.92
15/09/2026 07:59,16.375,0.003,7.92
15/09/2026 07:29,16.375,0.003,7.91
15/09/2026 06:59,16.5,0.003,7.91
15/09/2026 06:29,16.5,0.003,7.91
15/09/2026 05:59,16.5,0.003,7.91
15/09/2026 05:29,15.75,0.003,7.91
15/09/2026 04:59,15.75,0.003,7.91
15/09/2026 04:29,17.625,0.003,7.91
15/09/2026 03:59,16.75,0.003,7.91
15/09/2026 03:29,16.875,0.003,7.91
15/09/2026 02:59,17,0.003,7.92
15/09/2026 02:29,17,0.003,7.92
15/09/2026 01:59,17.125,0.003,7.92
15/09/2026 01:29,17.375,0.003,7.92
15/09/2026 00:59,17.5,0.003,7.92
15/09/2026 00:29,17.625,0.003,7.93
14/09/2026 23:59,17.625,0.003,7.93
14/09/2026 23:29,17.875,0.003,7.94
14/09/2026 22:59,17.875,0.003,7.94
14/09/2026 22:29,18.125,0.003,7.94
14/09/2026 21:59,18.125,0.003,7.94
14/09/2026 21:29,18.125,0.003,7.94
14/09/2026 20:59,18.25,0.003,7.94
14/09/2026 20:29,18.375,0.003,7.94
14/09/2026 19:59,18.375,0.003,7.94
14/09/2026 19:29,18.5,0.003,7.94
14/09/2026 18:59,18.5,0.003,7.93
14/09/2026 18:29,17.75,0.003,7.92
14/09/2026 17:59,17.75,0.003,7.91
14/09/2026 17:29,19.625,0.003,7.92
14/09/2026 16:59,18.625,0.003,7.92
14/09/2026 16:29,17.75,0.003,7.91
14/09/2026 16:29,17.75,0.003,7.91
14/09/2026 15:59,19.625,0.003,7.91
14/09/2026 15:29,19.625,0.003,7.89
14/09/2026 14:59,18.875,0.003,7.87
14/09/2026 14:29,18.75,0.003,7.85
14/09/2026 13:59,18.875,0.003,7.81
14/09/2026 13:29,18.75,0.003,7.76
14/09/2026 12:59,18.875,0.003,7.68
14/09/2026 12:29,18.75,0.003,7.55
14/09/2026 12:25,19.875,0.003,7.53
14/09/2026 11:59,20.125,0.003,7.27
14/09/2026 11:36,20.625,0.003,7.01
14/09/2026 11:29,18.875,0.003,6.92
14/09/2026 10:59,18.75,0.003,6.74
14/09/2026 10:29,18.375,0.003,6.69
14/09/2026 09:59,16.375,0.004,6.67
14/09/2026 09:59,16.375,0.004,6.84
12/09/2026 12:29,16.25,0.005,7.95
12/09/2026 11:59,16.25,0.004,7.95
12/09/2026 11:29,16.125,0.005,7.94
12/09/2026 10:59,16.25,0.004,7.94
12/09/2026 10:29,16.125,0.005,7.94
12/09/2026 09:59,16,0.005,7.93
12/09/2026 09:29,16.125,0.005,7.93
12/09/2026 08:59,16,0.005,7.92
12/09/2026 08:29,15.875,0.005,7.92
12/09/2026 07:59,15.875,0.005,7.92
12/09/2026 07:29,15.75,0.005,7.91
12/09/2026 06:59,16.5,0.005,7.91
12/09/2026 06:29,15.625,0.005,7.91
12/09/2026 05:59,15.625,0.005,7.92
12/09/2026 05:29,14.75,0.005,7.91
12/09/2026 04:59,15.5,0.005,7.91
12/09/2026 04:29,15.625,0.005,7.92
12/09/2026 03:59,15.625,0.005,7.92
12/09/2026 03:29,15.625,0.005,7.92
12/09/2026 02:59,15.5,0.005,7.93
12/09/2026 02:29,15.375,0.005,7.93
12/09/2026 01:59,15.5,0.005,7.93
12/09/2026 01:29,15.5,0.005,7.93
12/09/2026 00:59,15.5,0.005,7.94
12/09/2026 00:29,15.5,0.005,7.94
11/09/2026 23:59,15.375,0.005,7.94
11/09/2026 23:29,15.375,0.005,7.94
11/09/2026 22:59,15.25,0.005,7.94
11/09/2026 22:29,15.125,0.005,7.95
11/09/2026 21:59,15.125,0.005,7.95
11/09/2026 21:29,15,0.005,7.95
11/09/2026 20:59,15,0.005,7.95
11/09/2026 20:29,14.875,0.005,7.95
11/09/2026 19:59,15.625,0.005,7.96
11/09/2026 19:29,13.75,0.005,7.96
11/09/2026 18:59,14.5,0.005,7.95
11/09/2026 18:29,14.25,0.005,7.96
11/09/2026 17:59,14,0.005,7.96
11/09/2026 17:29,14.625,0.005,7.96
11/09/2026 16:59,15.125,0.005,7.97
11/09/2026 16:29,15.875,0.005,7.97
11/09/2026 15:59,16.5,0.005,7.97
11/09/2026 15:29,16.875,0.004,7.97
11/09/2026 14:59,16.75,0.005,7.97
11/09/2026 14:29,16.5,0.005,7.96
11/09/2026 13:59,16.5,0.005,7.96
11/09/2026 13:29,16.375,0.004,7.95
11/09/2026 12:59,16.25,0.005,7.95
11/09/2026 12:29,16.25,0.005,7.95
11/09/2026 11:59,16.125,0.005,7.94
11/09/2026 11:29,16.125,0.004,7.94
11/09/2026 10:59,16.125,0.005,7.94
11/09/2026 10:29,16,0.005,7.93
11/09/2026 09:59,16,0.005,7.93
11/09/2026 09:29,16.125,0.005,7.92
11/09/2026 08:59,16,0.005,7.92
11/09/2026 08:29,16,0.005,7.92
11/09/2026 07:59,15.75,0.005,7.92
11/09/2026 07:29,15.75,0.005,7.91
11/09/2026 06:59,14.75,0.005,7.91
11/09/2026 06:29,14.75,0.005,7.91
11/09/2026 05:59,16.625,0.005,7.9
11/09/2026 05:29,15.625,0.005,7.91
11/09/2026 04:59,16.625,0.004,7.92
11/09/2026 04:29,14.75,0.005,7.91
11/09/2026 03:59,15.625,0.005,7.91
11/09/2026 03:29,15.625,0.005,7.92
11/09/2026 02:59,15.625,0.005,7.92
11/09/2026 02:29,15.625,0.005,7.93
11/09/2026 01:59,14.75,0.005,7.93
11/09/2026 01:29,15.5,0.005,7.93
11/09/2026 00:59,15.5,0.005,7.93
11/09/2026 00:29,15.625,0.005,7.93
10/09/2026 23:59,15.625,0.005,7.94
10/09/2026 23:29,15.625,0.005,7.93
10/09/2026 22:59,15.5,0.004,7.93
10/09/2026 22:29,15.5,0.005,7.94
10/09/2026 21:59,15.375,0.005,7.95
10/09/2026 21:29,15.25,0.005,7.95
10/09/2026 20:59,15,0.005,7.95
10/09/2026 20:29,15,0.005,7.95
10/09/2026 19:59,14.625,0.004,7.95
10/09/2026 19:29,14.625,0.005,7.95
10/09/2026 18:59,14.5,0.004,7.95
10/09/2026 18:29,14.25,0.005,7.95
10/09/2026 17:59,14,0.004,7.95
10/09/2026 17:29,14.25,0.005,7.96
10/09/2026 16:59,14.875,0.005,7.96
10/09/2026 16:29,15.625,0.005,7.96
10/09/2026 15:59,16.125,0.005,7.96
10/09/2026 15:29,16.375,0.005,7.96
10/09/2026 14:59,16.25,0.005,7.95
10/09/2026 14:29,16.125,0.005,7.95
10/09/2026 13:59,16,0.005,7.94
10/09/2026 13:29,15.875,0.005,7.93
10/09/2026 12:59,15.625,0.005,7.93
10/09/2026 12:29,15.375,0.005,7.93
10/09/2026 11:59,15.375,0.005,7.93
10/09/2026 11:29,15,0.004,7.93
10/09/2026 10:59,15.125,0.005,7.93
10/09/2026 10:29,16,0.005,7.93
10/09/2026 09:59,16.125,0.005,7.92
10/09/2026 09:29,16,0.005,7.92
10/09/2026 08:59,16,0.005,7.92
10/09/2026 08:29,16.125,0.005,7.91
10/09/2026 07:59,16,0.005,7.91
10/09/2026 07:29,15.875,0.005,7.91
10/09/2026 06:59,15.875,0.005,7.91
10/09/2026 06:29,15.875,0.005,7.91
10/09/2026 05:59,15.875,0.005,7.91
10/09/2026 05:29,15.875,0.005,7.91
10/09/2026 04:59,15.875,0.005,7.91
10/09/2026 04:29,15.875,0.005,7.91
10/09/2026 03:59,15.875,0.005,7.91
10/09/2026 03:29,15.875,0.005,7.92
10/09/2026 02:59,15.875,0.005,7.92
10/09/2026 02:29,15.875,0.005,7.92
10/09/2026 01:59,15.875,0.005,7.92
10/09/2026 01:29,16,0.005,7.92
10/09/2026 00:59,15.875,0.005,7.93
10/09/2026 00:29,15.875,0.005,7.93
09/09/2026 23:59,15.75,0.005,7.93
09/09/2026 23:29,15.875,0.005,7.93
09/09/2026 22:59,15.75,0.005,7.93
09/09/2026 22:29,15.75,0.005,7.93
09/09/2026 21:59,14.75,0.005,7.94
09/09/2026 21:29,15.5,0.005,7.94
09/09/2026 20:59,15.375,0.005,7.94
09/09/2026 20:29,15.25,0.005,7.94
09/09/2026 19:59,15.125,0.005,7.94
09/09/2026 19:29,14.875,0.005,7.94
09/09/2026 18:59,14.875,0.005,7.94
09/09/2026 18:29,14.625,0.005,7.94
09/09/2026 17:59,14.25,0.005,7.94
09/09/2026 17:29,14.75,0.005,7.95
09/09/2026 16:59,15.5,0.005,7.95
09/09/2026 16:29,15.875,0.005,7.95
09/09/2026 15:59,16.5,0.005,7.95
09/09/2026 15:29,16.75,0.005,7.95
09/09/2026 14:59,17.625,0.005,7.95
09/09/2026 14:29,16.5,0.004,7.94
09/09/2026 13:59,16.375,0.005,7.94
09/09/2026 13:29,16.375,0.005,7.93
09/09/2026 12:59,16.125,0.005,7.93
09/09/2026 12:29,16.125,0.005,7.92
09/09/2026 11:59,16.125,0.005,7.91
09/09/2026 11:29,16.125,0.005,7.91
09/09/2026 10:59,15.875,0.005,7.9
09/09/2026 10:29,15.75,0.005,7.9
09/09/2026 09:59,14.75,0.005,7.89
09/09/2026 09:29,15.5,0.005,7.89
09/09/2026 08:59,15.375,0.005,7.88
09/09/2026 08:29,15.25,0.005,7.88
09/09/2026 07:59,15.125,0.005,7.87
09/09/2026 07:29,15,0.005,7.87
09/09/2026 06:59,14.75,0.005,7.87
09/09/2026 06:29,14.75,0.005,7.87
09/09/2026 05:59,15.625,0.005,7.87
09/09/2026 05:29,14.75,0.005,7.87
09/09/2026 04:59,14.5,0.005,7.87
09/09/2026 04:29,14.375,0.005,7.87
09/09/2026 03:59,14.375,0.005,7.88
09/09/2026 03:29,14.25,0.005,7.87
09/09/2026 02:59,14.125,0.005,7.88
09/09/2026 02:29,14.25,0.005,7.88
09/09/2026 01:59,15.25,0.005,7.89
09/09/2026 01:29,16,0.005,7.9
09/09/2026 00:59,16.375,0.005,7.9
09/09/2026 00:29,16.5,0.005,7.89
08/09/2026 23:59,16.375,0.005,7.9
08/09/2026 23:29,16.375,0.005,7.89
08/09/2026 22:59,16.375,0.005,7.91
08/09/2026 22:29,16.375,0.005,7.9
08/09/2026 21:59,16.375,0.005,7.91
08/09/2026 21:29,16.375,0.005,7.91
08/09/2026 20:59,16.25,0.005,7.91
08/09/2026 20:29,16.125,0.005,7.91
08/09/2026 19:59,16,0.005,7.91
08/09/2026 19:29,15.875,0.005,7.91
08/09/2026 18:59,15.875,0.005,7.91
08/09/2026 18:29,15.75,0.005,7.91
08/09/2026 17:59,15.625,0.005,7.91
08/09/2026 17:29,15.875,0.005,7.91
08/09/2026 16:59,16.375,0.005,7.91
08/09/2026 16:29,17,0.005,7.92
08/09/2026 15:59,16.75,0.006,7.91
08/09/2026 15:29,18,0.006,7.91
08/09/2026 14:59,18,0.006,7.91
08/09/2026 14:29,17.875,0.006,7.91
08/09/2026 13:59,17.875,0.006,7.91
08/09/2026 13:29,17.875,0.006,7.91
08/09/2026 12:59,17.75,0.005,7.91
08/09/2026 12:29,16.75,0.005,7.92
08/09/2026 11:59,18.375,0.005,7.93
08/09/2026 11:29,16.875,0.005,7.93
08/09/2026 10:59,14.625,0.005,7.89
08/09/2026 10:29,14.375,0.005,7.89
08/09/2026 09:59,14.375,0.005,7.89
08/09/2026 09:29,15,0.005,7.89
08/09/2026 08:59,15.875,0.005,7.89
08/09/2026 08:29,16.25,0.005,7.88
08/09/2026 07:59,16.25,0.005,7.88
08/09/2026 07:29,16.125,0.005,7.88
08/09/2026 06:59,16.125,0.005,7.87
08/09/2026 06:29,16.125,0.005,7.88
08/09/2026 05:59,16.125,0.005,7.87
08/09/2026 05:29,16.125,0.005,7.88
08/09/2026 04:59,16.125,0.005,7.88
08/09/2026 04:29,16.125,0.005,7.88
08/09/2026 03:59,16.125,0.005,7.88
08/09/2026 03:29,16.125,0.005,7.88
08/09/2026 02:59,16.125,0.005,7.88
08/09/2026 02:29,16.125,0.005,7.88
08/09/2026 01:59,16,0.005,7.88
08/09/2026 01:29,16.125,0.005,7.88
08/09/2026 00:59,16,0.005,7.88
08/09/2026 00:29,16,0.005,7.88
07/09/2026 23:59,16.125,0.005,7.88
07/09/2026 23:29,16,0.005,7.89
07/09/2026 22:59,16,0.005,7.89
07/09/2026 22:29,15.875,0.005,7.89
07/09/2026 21:59,15.625,0.005,7.89
07/09/2026 21:29,15.5,0.005,7.89
07/09/2026 20:59,15.5,0.005,7.89
07/09/2026 20:29,15.25,0.005,7.89
07/09/2026 19:59,15.125,0.005,7.89
07/09/2026 19:29,15,0.005,7.89
07/09/2026 18:59,14.75,0.005,7.9
07/09/2026 18:29,14.625,0.005,7.89
07/09/2026 17:59,14.125,0.005,7.89
07/09/2026 17:29,14.75,0.005,7.9
07/09/2026 16:59,15.375,0.005,7.9
07/09/2026 16:29,15.75,0.005,7.9
07/09/2026 15:59,16.25,0.005,7.89
07/09/2026 15:29,16.5,0.005,7.89
07/09/2026 14:59,16.25,0.005,7.89
07/09/2026 14:29,16.25,0.005,7.89
07/09/2026 13:59,16,0.005,7.89
07/09/2026 13:29,15.875,0.005,7.88
07/09/2026 12:59,14.75,0.006,7.89
07/09/2026 12:29,15.5,0.005,7.91
07/09/2026 11:59,15.125,0.005,7.92
07/09/2026 11:29,14.875,0.005,7.92
07/09/2026 10:59,14.875,0.005,7.93
07/09/2026 10:29,15.625,0.005,7.94
07/09/2026 09:59,16.25,0.005,7.93
07/09/2026 09:29,16.125,0.005,7.93
07/09/2026 08:59,16,0.005,7.92
07/09/2026 08:29,16,0.005,7.92
07/09/2026 07:59,16,0.005,7.92
07/09/2026 07:29,16,0.006,7.92
07/09/2026 06:59,15.875,0.005,7.92
07/09/2026 06:29,15.875,0.005,7.92
07/09/2026 05:59,15.875,0.005,7.93
07/09/2026 05:29,15.875,0.005,7.93
07/09/2026 04:59,16,0.004,7.93
07/09/2026 04:29,15.875,0.005,7.93
07/09/2026 03:59,16,0.005,7.94
07/09/2026 03:29,16,0.005,7.93
07/09/2026 02:59,15.875,0.005,7.94
07/09/2026 02:29,15.875,0.005,7.94
07/09/2026 01:59,16,0.005,7.94
07/09/2026 01:29,15.875,0.005,7.94
07/09/2026 00:59,16,0.005,7.94
07/09/2026 00:29,15.875,0.005,7.95
06/09/2026 23:59,16,0.005,7.95
06/09/2026 23:29,16,0.005,7.95
06/09/2026 22:59,15.875,0.006,7.95
06/09/2026 22:29,16,0.006,7.96
06/09/2026 21:59,15.875,0.006,7.96
06/09/2026 21:29,15.875,0.006,7.96
06/09/2026 20:59,15.625,0.006,7.96
06/09/2026 20:29,15.5,0.006,7.96
06/09/2026 19:59,15.5,0.007,7.96
06/09/2026 19:29,15.5,0.009,7.96
06/09/2026 18:59,15.125,0.01,7.97
06/09/2026 18:29,15.125,0.005,7.97
06/09/2026 17:59,14.75,0.005,7.98
06/09/2026 17:29,15.5,0.005,7.98
06/09/2026 16:59,16.125,0.005,7.98
06/09/2026 16:29,16.125,0.005,7.97
06/09/2026 15:59,16.125,0.005,7.97
06/09/2026 15:29,16,0.006,7.97
06/09/2026 14:59,15.875,0.004,7.96
06/09/2026 14:29,15.75,0.005,7.96
06/09/2026 13:59,15.375,0.005,7.96
06/09/2026 13:29,15.375,0.006,7.96
06/09/2026 12:59,15,0.005,7.95
06/09/2026 12:29,14.75,0.005,7.94
06/09/2026 11:59,14.5,0.005,7.94
06/09/2026 11:29,14.125,0.005,7.94
06/09/2026 10:59,14.125,0.005,7.94
06/09/2026 10:29,14.5,0.005,7.94
06/09/2026 09:59,15.25,0.005,7.94
06/09/2026 09:29,15.875,0.005,7.94
06/09/2026 08:59,16.125,0.005,7.94
06/09/2026 08:29,16.125,0.005,7.93
06/09/2026 07:59,16.125,0.005,7.93
06/09/2026 07:29,16.125,0.005,7.92
06/09/2026 06:59,16.125,0.005,7.92
06/09/2026 06:29,16.125,0.005,7.92
06/09/2026 05:59,16.125,0.005,7.93
06/09/2026 05:29,16,0.005,7.93
06/09/2026 04:59,16,0.005,7.93
06/09/2026 04:29,16,0.005,7.93
06/09/2026 03:59,16,0.005,7.93
06/09/2026 03:29,16,0.005,7.94
06/09/2026 02:59,15.875,0.005,7.94
06/09/2026 02:29,15.875,0.005,7.94
06/09/2026 01:59,15.875,0.005,7.94
06/09/2026 01:29,15.875,0.005,7.94
06/09/2026 00:59,15.75,0.005,7.94
06/09/2026 00:29,14.75,0.005,7.95
05/09/2026 23:59,15.75,0.005,7.95
05/09/2026 23:29,15.625,0.005,7.94
05/09/2026 22:59,15.5,0.005,7.94
05/09/2026 22:29,15.5,0.005,7.95
05/09/2026 21:59,15.5,0.005,7.94
05/09/2026 21:29,15.375,0.005,7.95
05/09/2026 20:59,15.125,0.005,7.95
05/09/2026 20:29,15.25,0.005,7.95
05/09/2026 19:59,15.125,0.005,7.96
05/09/2026 19:29,14.75,0.005,7.96
05/09/2026 18:59,14.875,0.004,7.96
05/09/2026 18:29,15.625,0.005,7.95
05/09/2026 17:59,14.5,0.005,7.96
05/09/2026 17:29,14.25,0.005,7.96
05/09/2026 16:59,14.875,0.005,7.96
05/09/2026 16:29,14.75,0.006,7.96
05/09/2026 15:59,16.25,0.006,7.95
05/09/2026 15:29,16,0.007,7.95
05/09/2026 14:59,16,0.006,7.95
05/09/2026 14:29,15.875,0.006,7.95
05/09/2026 13:59,15.75,0.005,7.94
05/09/2026 13:29,15.5,0.006,7.93
05/09/2026 12:59,15.375,0.006,7.93
05/09/2026 12:29,15.125,0.005,7.93
05/09/2026 11:59,14.75,0.005,7.92
05/09/2026 11:29,14.625,0.005,7.92
05/09/2026 10:59,14.375,0.004,7.92
05/09/2026 10:29,14.375,0.005,7.92
05/09/2026 09:59,15.125,0.005,7.92
05/09/2026 09:29,15.875,0.005,7.92
05/09/2026 08:59,16.125,0.005,7.92
05/09/2026 08:29,16.25,0.005,7.91
05/09/2026 07:59,16.25,0.005,7.91
05/09/2026 07:29,16.125,0.005,7.9
05/09/2026 06:59,16.125,0.005,7.9
05/09/2026 06:29,16,0.005,7.9
05/09/2026 05:59,16,0.005,7.91
05/09/2026 05:29,16.125,0.005,7.91
05/09/2026 04:59,16,0.005,7.9
05/09/2026 04:29,16.125,0.005,7.91
05/09/2026 03:59,16,0.005,7.9
05/09/2026 03:29,16,0.006,7.91
05/09/2026 02:59,16.125,0.005,7.91
05/09/2026 02:29,15.875,0.005,7.91
05/09/2026 01:59,15.875,0.005,7.91
05/09/2026 01:29,16,0.005,7.91
05/09/2026 00:59,15.875,0.005,7.9
05/09/2026 00:29,16,0.005,7.91
04/09/2026 23:59,16.125,0.005,7.91
04/09/2026 23:29,15.875,0.005,7.91
04/09/2026 22:59,16,0.005,7.91
04/09/2026 22:29,15.875,0.005,7.91
04/09/2026 21:59,15.75,0.005,7.91
04/09/2026 21:29,15.75,0.005,7.92
04/09/2026 20:59,15.375,0.005,7.92
04/09/2026 20:29,15.25,0.005,7.92
04/09/2026 19:59,15.375,0.005,7.93
04/09/2026 19:29,15.375,0.005,7.92
04/09/2026 18:59,15,0.005,7.93
04/09/2026 18:29,14.875,0.005,7.93
04/09/2026 17:59,14.5,0.005,7.92
04/09/2026 17:29,15,0.005,7.93
04/09/2026 16:59,15.5,0.005,7.93
04/09/2026 16:29,16.125,0.005,7.93
04/09/2026 15:59,15.75,0.005,7.93
04/09/2026 15:29,17.125,0.005,7.93
04/09/2026 14:59,17,0.005,7.92
04/09/2026 14:29,16,0.005,7.93
04/09/2026 13:59,15.75,0.005,7.91
04/09/2026 13:29,16.5,0.005,7.92
04/09/2026 12:59,16.5,0.005,7.92
04/09/2026 12:29,16.25,0.005,7.91
04/09/2026 11:59,16.25,0.005,7.91
04/09/2026 11:29,16.125,0.005,7.9
04/09/2026 10:59,16,0.005,7.89
04/09/2026 10:29,16,0.005,7.89
04/09/2026 09:59,15.875,0.005,7.88
04/09/2026 09:29,15.75,0.005,7.88
04/09/2026 08:59,14.75,0.005,7.87
04/09/2026 08:29,15.5,0.005,7.86
04/09/2026 07:59,15.375,0.005,7.86
04/09/2026 07:29,15.375,0.005,7.85
04/09/2026 06:59,15.25,0.005,7.85
04/09/2026 06:29,15.125,0.005,7.85
04/09/2026 05:59,15,0.005,7.85
04/09/2026 05:29,15.625,0.005,7.85
04/09/2026 04:59,14.75,0.005,7.85
04/09/2026 04:29,14.75,0.005,7.84
04/09/2026 03:59,14.5,0.005,7.84
04/09/2026 03:29,14.25,0.005,7.84
04/09/2026 02:59,14.125,0.005,7.84
04/09/2026 02:29,14.375,0.005,7.85
04/09/2026 01:59,15.125,0.005,7.85
04/09/2026 01:29,15.875,0.005,7.86
04/09/2026 00:59,16.25,0.005,7.86
04/09/2026 00:29,16.125,0.005,7.86
03/09/2026 23:59,16.25,0.005,7.87
03/09/2026 23:29,16.25,0.005,7.86
03/09/2026 22:59,16.125,0.005,7.86
03/09/2026 22:29,16.125,0.005,7.87
03/09/2026 21:59,15.875,0.005,7.86
03/09/2026 21:29,16,0.005,7.86
03/09/2026 20:59,15.75,0.005,7.87
03/09/2026 20:29,15.75,0.005,7.87
03/09/2026 19:59,15.625,0.005,7.86
03/09/2026 19:29,15.5,0.005,7.86
03/09/2026 18:59,15.375,0.006,7.87
03/09/2026 18:29,15.25,0.005,7.87
03/09/2026 17:59,15,0.005,7.87
03/09/2026 17:29,15.25,0.005,7.88
03/09/2026 16:59,15.875,0.005,7.89
03/09/2026 16:29,16.375,0.004,7.89
03/09/2026 15:59,17,0.005,7.9
03/09/2026 15:29,17.375,0.005,7.91
03/09/2026 14:59,17.25,0.005,7.92
03/09/2026 14:29,17.25,0.005,7.93
03/09/2026 13:59,16.75,0.005,7.91
03/09/2026 13:29,16.625,0.005,7.91
03/09/2026 12:59,16.5,0.005,7.9
03/09/2026 12:29,16.375,0.005,7.9
03/09/2026 11:59,16.25,0.005,7.89
03/09/2026 11:29,16.25,0.005,7.89
03/09/2026 10:59,16.125,0.005,7.89
03/09/2026 10:29,16.125,0.005,7.89
03/09/2026 09:59,16,0.005,7.88
03/09/2026 09:29,15.875,0.005,7.88
03/09/2026 08:59,15.875,0.005,7.88
03/09/2026 08:29,15.625,0.005,7.88
03/09/2026 07:59,15.5,0.005,7.89
03/09/2026 07:29,15.25,0.005,7.88
03/09/2026 06:59,15.125,0.005,7.88
03/09/2026 06:29,15.125,0.005,7.88
03/09/2026 05:59,15.125,0.005,7.88
03/09/2026 05:29,14.875,0.005,7.88
03/09/2026 04:59,15,0.005,7.88
03/09/2026 04:29,14.875,0.005,7.89
03/09/2026 03:59,15.625,0.005,7.89
03/09/2026 03:29,14.5,0.005,7.89
03/09/2026 02:59,14.5,0.005,7.89
03/09/2026 02:29,14.25,0.005,7.9
03/09/2026 01:59,15,0.005,7.9
03/09/2026 01:29,15.875,0.005,7.91
03/09/2026 00:59,16.25,0.005,7.91
03/09/2026 00:29,16.25,0.005,7.91
02/09/2026 23:59,16.125,0.005,7.91
02/09/2026 23:29,16.125,0.005,7.91
02/09/2026 22:59,16.25,0.005,7.91
02/09/2026 22:29,16.25,0.005,7.91
02/09/2026 21:59,16.125,0.005,7.92
02/09/2026 21:29,16,0.005,7.92
02/09/2026 20:59,16.125,0.005,7.92
02/09/2026 20:29,15.875,0.005,7.92
02/09/2026 19:59,14.75,0.005,7.92
02/09/2026 19:29,14.75,0.005,7.92
02/09/2026 18:59,15.5,0.005,7.93
02/09/2026 18:29,15.25,0.005,7.93
02/09/2026 17:59,15,0.005,7.93
02/09/2026 17:29,15.5,0.005,7.93
02/09/2026 16:59,16,0.005,7.93
02/09/2026 16:29,16.375,0.005,7.94
02/09/2026 15:59,17.125,0.005,7.94
02/09/2026 15:29,17.375,0.005,7.94
02/09/2026 14:59,17.25,0.005,7.93
02/09/2026 14:29,17.25,0.005,7.93
02/09/2026 13:59,17,0.005,7.93
02/09/2026 13:29,16.875,0.005,7.92
02/09/2026 12:59,16.625,0.005,7.92
02/09/2026 12:29,16.5,0.005,7.92
02/09/2026 11:59,16.375,0.005,7.92
02/09/2026 11:29,16.25,0.005,7.93
02/09/2026 10:59,16.125,0.005,7.92
02/09/2026 10:29,16.125,0.006,7.88
02/09/2026 09:59,15.875,0.006,7.9
02/09/2026 09:29,16,0.006,7.89
02/09/2026 08:59,15.75,0.006,7.89
02/09/2026 08:29,16.625,0.006,7.89
02/09/2026 07:59,15.5,0.006,7.9
02/09/2026 07:29,15.375,0.006,7.9
02/09/2026 06:59,15.25,0.006,7.9
02/09/2026 06:29,15.375,0.006,7.9
02/09/2026 05:59,15.125,0.006,7.9
02/09/2026 05:29,15.25,0.006,7.91
02/09/2026 04:59,15,0.006,7.91
02/09/2026 04:29,14.875,0.006,7.91
02/09/2026 03:59,14.625,0.006,7.91
02/09/2026 03:29,14.625,0.006,7.92
02/09/2026 02:59,15.125,0.006,7.93
02/09/2026 02:29,15.875,0.006,7.93
02/09/2026 01:59,16.375,0.006,7.93
02/09/2026 01:29,16.375,0.006,7.94
02/09/2026 00:59,16.375,0.006,7.94
02/09/2026 00:29,16.375,0.006,7.94
01/09/2026 23:59,16.25,0.006,7.94
01/09/2026 23:29,16.25,0.006,7.94
01/09/2026 22:59,16.25,0.006,7.94
01/09/2026 22:29,16.25,0.006,7.95
01/09/2026 21:59,16.125,0.003,7.95
01/09/2026 21:29,16.125,0.002,7.95
01/09/2026 20:59,16,0.002,7.95
01/09/2026 20:29,15.875,0.004,7.95
01/09/2026 19:59,16.625,0.004,7.95
01/09/2026 19:29,15.5,0.005,7.96
01/09/2026 18:59,15.375,0.005,7.96
01/09/2026 18:29,15.125,0.005,7.96
01/09/2026 17:59,14.75,0.005,7.95
01/09/2026 17:29,15.125,0.005,7.95
01/09/2026 16:59,15.5,0.005,7.95
01/09/2026 16:29,16,0.005,7.95
01/09/2026 15:59,16.375,0.005,7.96
01/09/2026 15:29,17.625,0.005,7.96
01/09/2026 14:59,16.5,0.005,7.96
01/09/2026 14:29,16.375,0.005,7.96
01/09/2026 13:59,16.25,0.005,7.95
01/09/2026 13:29,16.125,0.005,7.95
01/09/2026 12:59,16.125,0.005,7.94
01/09/2026 12:29,16.125,0.005,7.93
01/09/2026 11:59,15.875,0.005,7.93
01/09/2026 11:29,15.75,0.005,7.92
01/09/2026 10:59,15.875,0.005,7.93
01/09/2026 10:29,16.5,0.005,7.93
01/09/2026 09:59,16.375,0.005,7.92
01/09/2026 09:29,16.25,0.005,7.92
01/09/2026 08:59,16.25,0.005,7.92
01/09/2026 08:29,16.375,0.005,7.92
01/09/2026 07:59,16.125,0.005,7.91
01/09/2026 07:29,16,0.005,7.91
01/09/2026 06:59,16.125,0.005,7.91
01/09/2026 06:29,16.125,0.005,7.91
01/09/2026 05:59,16.125,0.005,7.91
01/09/2026 05:29,16,0.005,7.91
01/09/2026 04:59,16,0.005,7.91
01/09/2026 04:29,16.125,0.005,7.92
01/09/2026 03:59,16.125,0.005,7.92
01/09/2026 03:29,16.125,0.005,7.92
01/09/2026 02:59,16,0.005,7.92
01/09/2026 02:29,16.125,0.005,7.92
01/09/2026 01:59,16.125,0.005,7.92
01/09/2026 01:29,16.125,0.005,7.92
01/09/2026 00:59,15.875,0.005,7.93
01/09/2026 00:29,16,0.005,7.93
31/08/2026 23:59,16,0.005,7.93
31/08/2026 23:29,16,0.005,7.93
31/08/2026 22:59,15.875,0.005,7.93
31/08/2026 22:29,16,0.005,7.93
31/08/2026 21:59,15.875,0.005,7.93
31/08/2026 21:29,15.625,0.005,7.94
31/08/2026 20:59,15.5,0.005,7.94
31/08/2026 20:29,15.5,0.005,7.94
31/08/2026 19:59,15.375,0.005,7.93
31/08/2026 19:29,15.25,0.005,7.93
31/08/2026 18:59,15.125,0.005,7.94
31/08/2026 18:29,14.875,0.005,7.94
31/08/2026 17:59,15.5,0.005,7.93
31/08/2026 17:29,15.125,0.005,7.93
31/08/2026 16:59,14.75,0.005,7.93
31/08/2026 16:29,16.25,0.005,7.94
31/08/2026 15:59,16.75,0.005,7.95
31/08/2026 15:29,17.125,0.005,7.95
31/08/2026 14:59,16.875,0.005,7.95
31/08/2026 14:29,16.75,0.005,7.94
31/08/2026 13:59,16.625,0.005,7.94
31/08/2026 13:29,16.625,0.005,7.93
31/08/2026 12:59,16.5,0.005,7.93
31/08/2026 12:29,16.375,0.005,7.93
31/08/2026 11:59,16.25,0.005,7.92
31/08/2026 11:29,16.25,0.005,7.92
31/08/2026 10:59,16.125,0.005,7.92
31/08/2026 10:29,16.125,0.005,7.91
31/08/2026 09:59,16.125,0.005,7.91
31/08/2026 09:29,16,0.005,7.91
31/08/2026 08:59,16.125,0.005,7.9
31/08/2026 08:29,16.125,0.005,7.9
31/08/2026 07:59,16,0.005,7.91
31/08/2026 07:29,16,0.005,7.9
31/08/2026 06:59,16,0.005,7.9
31/08/2026 06:29,15.75,0.005,7.91
31/08/2026 05:59,15.875,0.004,7.91
31/08/2026 05:29,15.875,0.004,7.91
31/08/2026 04:59,15.875,0.004,7.91
31/08/2026 04:29,15.875,0.004,7.9
31/08/2026 03:59,15.875,0.004,7.91
31/08/2026 03:29,16,0.004,7.91
31/08/2026 02:59,16,0.005,7.91
31/08/2026 02:29,16,0.005,7.92
31/08/2026 01:59,16.125,0.006,7.91
31/08/2026 01:29,16,0.006,7.91
31/08/2026 00:59,16,0.006,7.92
31/08/2026 00:29,16,0.006,7.92
30/08/2026 23:59,16.125,0.006,7.93
30/08/2026 23:29,16,0.006,7.93
30/08/2026 22:59,16,0.006,7.93
30/08/2026 22:29,15.875,0.006,7.93
30/08/2026 21:59,15.875,0.006,7.93
30/08/2026 21:29,15.75,0.005,7.93
30/08/2026 20:59,15.625,0.005,7.93
30/08/2026 20:29,15.625,0.005,7.93
30/08/2026 19:59,15.375,0.005,7.93
30/08/2026 19:29,15.25,0.005,7.94
30/08/2026 18:59,15.25,0.005,7.94
30/08/2026 18:29,15,0.005,7.92
30/08/2026 17:59,14.75,0.005,7.93
30/08/2026 17:29,15.375,0.005,7.93
30/08/2026 16:59,15.75,0.005,7.93
30/08/2026 16:29,16.25,0.005,7.94
30/08/2026 15:59,16.875,0.005,7.94
30/08/2026 15:29,17.125,0.005,7.94
30/08/2026 14:59,17.125,0.005,7.93
30/08/2026 14:29,17,0.005,7.93
30/08/2026 13:59,17,0.005,7.93
30/08/2026 13:29,16.875,0.005,7.92
30/08/2026 12:59,16.625,0.005,7.93
30/08/2026 12:29,16.625,0.005,7.93
30/08/2026 11:59,16.5,0.005,7.92
30/08/2026 11:29,16.375,0.005,7.92
30/08/2026 10:59,16.25,0.005,7.92
30/08/2026 10:29,16.25,0.005,7.92
30/08/2026 09:59,16.25,0.005,7.91
30/08/2026 09:29,16.25,0.005,7.91
30/08/2026 08:59,16.125,0.005,7.9
30/08/2026 08:29,16.125,0.005,7.89
30/08/2026 07:59,16.125,0.005,7.9
30/08/2026 07:29,16.125,0.005,7.89
30/08/2026 06:59,16.125,0.005,7.88
30/08/2026 06:29,16,0.005,7.88
30/08/2026 05:59,16,0.005,7.87
30/08/2026 05:29,15.75,0.005,7.87
30/08/2026 04:59,15.875,0.005,7.88
30/08/2026 04:29,15.875,0.005,7.89
30/08/2026 03:59,15.875,0.005,7.88
30/08/2026 03:29,15.875,0.005,7.88
30/08/2026 02:59,15.875,0.005,7.89
30/08/2026 02:29,16,0.005,7.9
30/08/2026 01:59,15.875,0.005,7.89
30/08/2026 01:29,15.875,0.005,7.9
30/08/2026 00:59,15.875,0.005,7.9
30/08/2026 00:29,15.875,0.005,7.91
29/08/2026 23:59,16,0.005,7.91
29/08/2026 23:29,15.875,0.005,7.91
29/08/2026 22:59,15.75,0.005,7.91
29/08/2026 22:29,15.875,0.005,7.92
29/08/2026 21:59,15.75,0.005,7.92
29/08/2026 21:29,14.75,0.005,7.92
29/08/2026 20:59,15.5,0.005,7.92
29/08/2026 20:29,15.375,0.005,7.92
29/08/2026 19:59,15.25,0.005,7.92
29/08/2026 19:29,15.125,0.005,7.92
29/08/2026 18:59,15,0.005,7.92
29/08/2026 18:29,14.75,0.005,7.9
29/08/2026 17:59,14.5,0.005,7.92
29/08/2026 17:29,15,0.005,7.92
29/08/2026 16:59,16.625,0.005,7.92
29/08/2026 16:29,16.25,0.005,7.92
29/08/2026 15:59,16.75,0.005,7.93
29/08/2026 15:29,17.125,0.005,7.93
29/08/2026 14:59,16.875,0.005,7.93
29/08/2026 14:29,16.875,0.005,7.93
29/08/2026 13:59,16.75,0.005,7.92
29/08/2026 13:29,16.625,0.005,7.91
29/08/2026 12:59,16.5,0.005,7.9
29/08/2026 12:29,16.375,0.005,7.9
29/08/2026 11:59,16.25,0.005,7.89
29/08/2026 11:29,16.25,0.005,7.89
29/08/2026 10:59,16.25,0.005,7.89
29/08/2026 10:29,16.125,0.005,7.88
29/08/2026 09:59,16.125,0.005,7.88
29/08/2026 09:29,16.125,0.005,7.88
29/08/2026 08:59,16,0.005,7.88
29/08/2026 08:29,16.125,0.005,7.87
29/08/2026 07:59,15.875,0.005,7.87
29/08/2026 07:29,15.875,0.005,7.87
29/08/2026 06:59,15.75,0.005,7.87
29/08/2026 06:29,15.75,0.005,7.86
29/08/2026 05:59,15.875,0.005,7.86
29/08/2026 05:29,15.875,0.005,7.86
29/08/2026 04:59,15.875,0.005,7.88
29/08/2026 04:29,16,0.005,7.87
29/08/2026 03:59,15.875,0.005,7.87
29/08/2026 03:29,16,0.005,7.88
29/08/2026 02:59,16,0.005,7.87
29/08/2026 02:29,15.875,0.005,7.87
29/08/2026 01:59,15.75,0.005,7.88
29/08/2026 01:29,15.875,0.005,7.88
29/08/2026 00:59,15.75,0.005,7.88
29/08/2026 00:29,15.875,0.005,7.89
28/08/2026 23:59,15.75,0.005,7.89
28/08/2026 23:29,15.75,0.005,7.89
28/08/2026 22:59,15.75,0.005,7.89
28/08/2026 22:29,15.75,0.005,7.9
28/08/2026 21:59,14.75,0.005,7.9
28/08/2026 21:29,15.625,0.005,7.9
28/08/2026 20:59,15.375,0.005,7.91
28/08/2026 20:29,15.375,0.005,7.91
28/08/2026 19:59,15.5,0.005,7.92
28/08/2026 19:29,15.25,0.005,7.93
28/08/2026 18:59,15,0.005,7.93
28/08/2026 18:29,15,0.005,7.92
28/08/2026 17:59,15.625,0.005,7.92
28/08/2026 17:29,14.75,0.005,7.93
28/08/2026 16:59,15.5,0.005,7.94
28/08/2026 16:29,16.125,0.005,7.94
28/08/2026 15:59,16.75,0.005,7.94
28/08/2026 15:29,17.125,0.005,7.95
28/08/2026 14:59,17.125,0.005,7.94
28/08/2026 14:29,16.875,0.005,7.94
28/08/2026 13:59,16.875,0.005,7.94
28/08/2026 13:29,16.875,0.005,7.93
28/08/2026 12:59,16.75,0.005,7.92
28/08/2026 12:29,16.5,0.005,7.93
28/08/2026 11:59,16.375,0.005,7.92
28/08/2026 11:29,16.5,0.005,7.92
28/08/2026 10:59,16.375,0.005,7.92
28/08/2026 10:29,16.25,0.005,7.91
28/08/2026 09:59,16.25,0.005,7.91
28/08/2026 09:29,16.125,0.005,7.91
28/08/2026 08:59,16.125,0.005,7.9
28/08/2026 08:29,16.25,0.005,7.9
28/08/2026 07:59,16.125,0.005,7.9
28/08/2026 07:29,16.125,0.005,7.9
28/08/2026 06:59,16.125,0.005,7.89
28/08/2026 06:29,16.125,0.005,7.89
28/08/2026 05:59,16.125,0.005,7.88
28/08/2026 05:29,16.125,0.005,7.88
28/08/2026 04:59,16.125,0.005,7.88
28/08/2026 04:29,16,0.005,7.89
28/08/2026 03:59,16.125,0.005,7.9
28/08/2026 03:29,16.125,0.005,7.9
28/08/2026 02:59,16,0.005,7.91
28/08/2026 02:29,16.125,0.005,7.91
28/08/2026 01:59,16,0.005,7.91
28/08/2026 01:29,16,0.005,7.92
28/08/2026 00:59,16,0.005,7.92
28/08/2026 00:29,15.875,0.005,7.91
27/08/2026 23:59,16,0.005,7.92
27/08/2026 23:29,15.875,0.005,7.91
27/08/2026 22:59,15.875,0.005,7.92
27/08/2026 22:29,15.875,0.005,7.92
27/08/2026 21:59,15.875,0.005,7.93
27/08/2026 21:29,15.75,0.005,7.93
27/08/2026 20:59,15.875,0.005,7.93
27/08/2026 20:29,14.75,0.005,7.93
27/08/2026 19:59,15.625,0.005,7.92
27/08/2026 19:29,15.375,0.005,7.93
27/08/2026 18:59,15.375,0.005,7.93
27/08/2026 18:29,15.25,0.005,7.9
27/08/2026 17:59,15,0.005,7.91
27/08/2026 17:29,15.625,0.005,7.92
27/08/2026 16:59,16.125,0.005,7.93
27/08/2026 16:29,16.25,0.005,7.94
27/08/2026 15:59,16.25,0.005,7.93
27/08/2026 15:29,16.125,0.005,7.93
27/08/2026 14:59,16.125,0.005,7.93
27/08/2026 14:29,15.875,0.005,7.93
27/08/2026 13:59,15.75,0.005,7.92
27/08/2026 13:29,15.5,0.005,7.92
27/08/2026 12:59,15.5,0.005,7.92
27/08/2026 12:29,15.25,0.005,7.91
27/08/2026 11:59,15.125,0.005,7.89
27/08/2026 11:29,14.75,0.005,7.88
27/08/2026 10:59,15.625,0.005,7.87
27/08/2026 10:29,15.125,0.005,7.87
27/08/2026 09:59,15.75,0.005,7.88
27/08/2026 09:29,16.375,0.005,7.89
27/08/2026 08:59,16.5,0.005,7.89
27/08/2026 08:29,16.375,0.005,7.89
27/08/2026 07:59,16.375,0.005,7.88
27/08/2026 07:29,16.25,0.005,7.88
27/08/2026 06:59,16.25,0.005,7.88
27/08/2026 06:29,16.25,0.005,7.88
27/08/2026 05:59,16.25,0.005,7.88
27/08/2026 05:29,16.125,0.005,7.88
27/08/2026 04:59,16.25,0.005,7.88
27/08/2026 04:29,16.375,0.005,7.88
27/08/2026 03:59,16.25,0.005,7.88
27/08/2026 03:29,16.25,0.005,7.88
27/08/2026 02:59,16.25,0.005,7.89
27/08/2026 02:29,16.125,0.005,7.88
27/08/2026 01:59,16.25,0.005,7.88
27/08/2026 01:29,16.25,0.005,7.88
27/08/2026 00:59,16.25,0.005,7.88
27/08/2026 00:29,16.125,0.005,7.89
26/08/2026 23:59,16.125,0.005,7.89
26/08/2026 23:29,16.25,0.005,7.89
26/08/2026 22:59,16.25,0.005,7.88
26/08/2026 22:29,16.125,0.005,7.88
26/08/2026 21:59,16.125,0.005,7.88
26/08/2026 21:29,16,0.005,7.88
26/08/2026 20:59,15.75,0.005,7.88
26/08/2026 20:29,15.5,0.005,7.88
26/08/2026 19:59,15.5,0.005,7.87
26/08/2026 19:29,15.375,0.005,7.87
26/08/2026 18:59,15.25,0.005,7.86
26/08/2026 18:29,15,0.005,7.87
26/08/2026 17:59,14.75,0.005,7.87
26/08/2026 17:29,14.5,0.005,7.86
26/08/2026 16:59,15.125,0.005,7.86
26/08/2026 16:29,14.75,0.005,7.87
26/08/2026 15:59,16.25,0.005,7.87
26/08/2026 15:29,16.375,0.005,7.88
26/08/2026 14:59,16.25,0.005,7.87
26/08/2026 14:29,16.125,0.005,7.88
26/08/2026 13:59,15.875,0.005,7.87
26/08/2026 13:29,15.75,0.005,7.87
26/08/2026 12:59,15.625,0.005,7.87
26/08/2026 12:29,15.375,0.005,7.88
26/08/2026 11:59,15,0.005,7.88
26/08/2026 11:29,14.875,0.005,7.89
26/08/2026 10:59,14.75,0.005,7.88
26/08/2026 10:29,15.375,0.005,7.88
26/08/2026 09:59,16.125,0.005,7.88
26/08/2026 09:29,16.5,0.005,7.89
26/08/2026 08:59,16.375,0.005,7.89
26/08/2026 08:29,16.375,0.005,7.89
26/08/2026 07:59,16.25,0.005,7.89
26/08/2026 07:29,16.375,0.005,7.88
26/08/2026 06:59,16.125,0.005,7.88
26/08/2026 06:29,16.25,0.005,7.88
26/08/2026 05:59,16.25,0.005,7.88
26/08/2026 05:29,16.25,0.005,7.88
26/08/2026 04:59,16.25,0.005,7.88
26/08/2026 04:29,16.25,0.005,7.88
26/08/2026 03:59,16.375,0.005,7.88
26/08/2026 03:29,16.25,0.005,7.89
26/08/2026 02:59,16.25,0.005,7.89
26/08/2026 02:29,16.25,0.005,7.88
26/08/2026 01:59,16.375,0.005,7.88
26/08/2026 01:29,16.25,0.005,7.88
26/08/2026 00:59,16.25,0.005,7.88
26/08/2026 00:29,16.25,0.005,7.89
25/08/2026 23:59,16.25,0.005,7.88
25/08/2026 23:29,16.25,0.005,7.88
25/08/2026 22:59,16.25,0.005,7.88
25/08/2026 22:29,16.125,0.005,7.88
25/08/2026 21:59,16,0.005,7.88
25/08/2026 21:29,15.875,0.005,7.88
25/08/2026 20:59,15.875,0.005,7.88
25/08/2026 20:29,15.625,0.005,7.88
25/08/2026 19:59,15.375,0.005,7.86
25/08/2026 19:29,15.25,0.005,7.86
25/08/2026 18:59,15,0.005,7.87
25/08/2026 18:29,14.875,0.005,7.88
25/08/2026 17:59,15.625,0.005,7.87
25/08/2026 17:29,15,0.005,7.87
25/08/2026 16:59,15.5,0.005,7.87
25/08/2026 16:29,16.125,0.005,7.87
25/08/2026 15:59,16.375,0.005,7.88
25/08/2026 15:29,15.75,0.005,7.88
25/08/2026 14:59,16.5,0.005,7.88
25/08/2026 14:29,16.375,0.005,7.89
25/08/2026 13:59,16.25,0.005,7.89
25/08/2026 13:29,16,0.005,7.89
25/08/2026 12:59,16,0.005,7.89
25/08/2026 12:29,15.75,0.005,7.89
25/08/2026 11:59,15.5,0.005,7.88
25/08/2026 11:29,15.375,0.005,7.88
25/08/2026 10:59,15.375,0.005,7.87
25/08/2026 10:29,16.125,0.005,7.88
25/08/2026 09:59,16.5,0.005,7.9
25/08/2026 09:29,16.375,0.005,7.89
25/08/2026 08:59,16.375,0.005,7.89
25/08/2026 08:29,16.25,0.005,7.89
25/08/2026 07:59,16.375,0.005,7.89
25/08/2026 07:29,16.25,0.005,7.88
25/08/2026 06:59,16.25,0.005,7.88
25/08/2026 06:29,16.125,0.005,7.88
25/08/2026 05:59,16.125,0.005,7.88
25/08/2026 05:29,16.375,0.005,7.88
25/08/2026 04:59,16.125,0.005,7.88
25/08/2026 04:29,16.25,0.005,7.88
25/08/2026 03:59,16.25,0.005,7.88
25/08/2026 03:29,16.25,0.005,7.88
25/08/2026 02:59,16.125,0.005,7.88
25/08/2026 02:29,16.25,0.005,7.88
25/08/2026 01:59,16.25,0.005,7.88
25/08/2026 01:29,16.25,0.005,7.88
25/08/2026 00:59,16.125,0.005,7.88
25/08/2026 00:29,16.125,0.005,7.88
24/08/2026 23:59,16.25,0.005,7.88
24/08/2026 23:29,16.125,0.005,7.88
24/08/2026 22:59,16.125,0.005,7.88
24/08/2026 22:29,16.125,0.005,7.88
24/08/2026 21:59,16,0.005,7.88
24/08/2026 21:29,15.75,0.005,7.88
24/08/2026 20:59,15.75,0.005,7.88
24/08/2026 20:29,15.5,0.005,7.85
24/08/2026 19:59,15.375,0.005,7.85
24/08/2026 19:29,15.125,0.005,7.85
24/08/2026 18:59,15,0.005,7.85
24/08/2026 18:29,13.75,0.005,7.86
24/08/2026 17:59,14.375,0.005,7.86
24/08/2026 17:29,14.75,0.005,7.86
24/08/2026 16:59,15.375,0.005,7.86
24/08/2026 16:29,15.875,0.005,7.87
24/08/2026 15:59,16.375,0.005,7.88
24/08/2026 15:29,16.5,0.005,7.9
24/08/2026 14:59,16.25,0.005,7.9
24/08/2026 14:29,16.125,0.005,7.9
24/08/2026 13:59,16.125,0.005,7.9
24/08/2026 13:29,15.625,0.005,7.91
24/08/2026 12:59,15.625,0.005,7.91
24/08/2026 12:29,15.375,0.005,7.91
24/08/2026 11:59,15.25,0.005,7.91
24/08/2026 11:29,15,0.005,7.89
24/08/2026 10:59,15.125,0.005,7.88
24/08/2026 10:29,15.75,0.005,7.88
24/08/2026 09:59,16.375,0.005,7.89
24/08/2026 09:29,16.25,0.005,7.9
24/08/2026 08:59,16.375,0.005,7.9
24/08/2026 08:29,16.25,0.005,7.91
24/08/2026 07:59,16.125,0.005,7.9
24/08/2026 07:29,16.125,0.005,7.89
24/08/2026 06:59,16.125,0.005,7.9
24/08/2026 06:29,16.25,0.005,7.9
24/08/2026 05:59,16.25,0.005,7.91
24/08/2026 05:29,16.125,0.005,7.9
24/08/2026 04:59,16.125,0.005,7.89
24/08/2026 04:29,16.25,0.005,7.9
24/08/2026 03:59,16.125,0.005,7.91
24/08/2026 03:29,16.25,0.005,7.91
24/08/2026 02:59,16.125,0.005,7.92
24/08/2026 02:29,16.25,0.005,7.91
24/08/2026 01:59,16.125,0.005,7.91
24/08/2026 01:29,16.25,0.005,7.92
24/08/2026 00:59,16.25,0.005,7.92
24/08/2026 00:29,16.125,0.005,7.92
23/08/2026 23:59,16.25,0.005,7.92
23/08/2026 23:29,16.125,0.005,7.92
23/08/2026 22:59,16.125,0.005,7.93
23/08/2026 22:29,16.125,0.005,7.93
23/08/2026 21:59,16,0.005,7.93
23/08/2026 21:29,16,0.005,7.93
23/08/2026 20:59,15.875,0.005,7.93
23/08/2026 20:29,15.75,0.005,7.92
23/08/2026 19:59,15.5,0.006,7.91
23/08/2026 19:29,15.375,0.005,7.91
23/08/2026 18:59,15.25,0.005,7.91
23/08/2026 18:29,14.875,0.005,7.92
23/08/2026 17:59,15.625,0.005,7.91
23/08/2026 17:29,15.25,0.005,7.92
23/08/2026 16:59,15.75,0.005,7.91
23/08/2026 16:29,16.25,0.005,7.91
23/08/2026 15:59,16.875,0.005,7.92
23/08/2026 15:29,17.125,0.005,7.94
23/08/2026 14:59,17,0.005,7.94
23/08/2026 14:29,16.875,0.005,7.94
23/08/2026 13:59,17,0.005,7.92
23/08/2026 13:29,16.625,0.005,7.93
23/08/2026 12:59,16.5,0.005,7.92
23/08/2026 12:29,16.5,0.005,7.92
23/08/2026 11:59,16.25,0.005,7.91
23/08/2026 11:29,16.375,0.005,7.91
23/08/2026 10:59,16.125,0.005,7.91
23/08/2026 10:29,16.25,0.005,7.9
23/08/2026 09:59,16.125,0.005,7.9
23/08/2026 09:29,16,0.005,7.9
23/08/2026 08:59,16,0.005,7.9
23/08/2026 08:29,15.75,0.005,7.89
23/08/2026 07:59,16.625,0.005,7.89
23/08/2026 07:29,16.5,0.005,7.89
23/08/2026 06:59,15.625,0.005,7.88
23/08/2026 06:29,15.5,0.005,7.88
23/08/2026 05:59,15.375,0.005,7.89
23/08/2026 05:29,15.375,0.005,7.89
23/08/2026 04:59,15.375,0.005,7.88
23/08/2026 04:29,15.25,0.005,7.88
23/08/2026 03:59,15.25,0.005,7.88
23/08/2026 03:29,15.125,0.005,7.87
23/08/2026 02:59,15.125,0.005,7.85
23/08/2026 02:29,14.875,0.005,7.86
23/08/2026 01:59,15.375,0.005,7.86
23/08/2026 01:29,16.125,0.005,7.87
23/08/2026 00:59,16.5,0.005,7.9
23/08/2026 00:29,16.375,0.005,7.9
22/08/2026 23:59,16.5,0.005,7.9
22/08/2026 23:29,16.375,0.005,7.9
22/08/2026 22:59,16.375,0.005,7.9
22/08/2026 22:29,16.375,0.005,7.89
22/08/2026 21:59,16.25,0.005,7.9
22/08/2026 21:29,16.25,0.005,7.9
22/08/2026 20:59,16.25,0.005,7.9
22/08/2026 20:29,16,0.005,7.87
22/08/2026 19:59,15.875,0.005,7.88
22/08/2026 19:29,15.75,0.005,7.89
22/08/2026 18:59,15.5,0.005,7.88
22/08/2026 18:29,15.375,0.005,7.87
22/08/2026 17:59,15.25,0.005,7.88
22/08/2026 17:29,15.5,0.005,7.86
22/08/2026 16:59,16.125,0.005,7.87
22/08/2026 16:29,16.5,0.005,7.88
22/08/2026 15:59,17.25,0.005,7.88
22/08/2026 15:29,17.5,0.005,7.9
22/08/2026 14:59,17.375,0.005,7.89
22/08/2026 14:29,17.125,0.005,7.89
22/08/2026 13:59,17,0.005,7.89
22/08/2026 13:29,17,0.005,7.88
22/08/2026 12:59,16.75,0.005,7.87
22/08/2026 12:29,16.625,0.005,7.86
22/08/2026 11:59,16.5,0.005,7.86
22/08/2026 11:29,16.375,0.005,7.84
22/08/2026 10:59,16.25,0.005,7.83
22/08/2026 10:29,16.25,0.005,7.82
22/08/2026 09:59,16.25,0.005,7.81
22/08/2026 09:29,16,0.005,7.82
22/08/2026 08:59,15.875,0.005,7.81
22/08/2026 08:29,15.875,0.005,7.8
22/08/2026 07:59,15.75,0.004,7.79
22/08/2026 07:29,14.75,0.004,7.79
22/08/2026 06:59,15.625,0.004,7.77
22/08/2026 06:29,15.5,0.004,7.74
22/08/2026 05:59,15.5,0.004,7.75
22/08/2026 05:29,15.5,0.004,7.74
22/08/2026 04:59,15.125,0.004,7.74
22/08/2026 04:29,15.25,0.004,7.77
22/08/2026 03:59,15.125,0.004,7.77
22/08/2026 03:29,15.125,0.004,7.74
22/08/2026 02:59,15,0.004,7.72
22/08/2026 02:29,14.75,0.004,7.74
22/08/2026 01:59,15.5,0.004,7.76
22/08/2026 01:29,16.125,0.004,7.76
22/08/2026 00:59,16.625,0.004,7.75
22/08/2026 00:29,16.5,0.004,7.75
21/08/2026 23:59,16.5,0.004,7.75
21/08/2026 23:29,16.625,0.004,7.75
21/08/2026 22:59,16.5,0.004,7.72
21/08/2026 22:29,16.5,0.004,7.7
21/08/2026 21:59,16.5,0.004,7.71
21/08/2026 21:29,16.25,0.004,7.72
21/08/2026 20:59,16.25,0.004,7.72
21/08/2026 20:29,16.125,0.004,7.71
21/08/2026 19:59,15.875,0.004,7.7
21/08/2026 19:29,15.875,0.004,7.7
21/08/2026 18:59,15.5,0.004,7.69
21/08/2026 18:29,15.5,0.004,7.69
21/08/2026 17:59,15.125,0.004,7.68
21/08/2026 17:29,15.5,0.004,7.68
21/08/2026 16:59,16,0.004,7.71
21/08/2026 16:29,16.375,0.004,7.73
21/08/2026 15:59,17,0.004,7.73
21/08/2026 15:29,17.25,0.004,7.75
21/08/2026 14:59,17,0.004,7.76
21/08/2026 14:29,16.875,0.004,7.75
21/08/2026 13:59,15.75,0.004,7.76
21/08/2026 13:29,16.5,0.004,7.78
21/08/2026 12:59,16.25,0.004,7.78
21/08/2026 12:29,16.125,0.004,7.8
21/08/2026 11:59,16.125,0.004,7.83
21/08/2026 11:29,15.875,0.004,7.85
21/08/2026 10:59,15.875,0.004,7.86
21/08/2026 10:29,16.125,0.004,7.89
21/08/2026 09:59,16.125,0.004,7.89
21/08/2026 09:29,15.875,0.004,7.89
21/08/2026 08:59,15.875,0.004,7.88
21/08/2026 08:29,15.625,0.004,7.88
21/08/2026 07:59,15.75,0.004,7.88
21/08/2026 07:29,15.5,0.004,7.87
21/08/2026 07:23,15.5,0.004,7.87
21/08/2026 06:29,15.25,0.004,7.87
21/08/2026 05:59,15.125,0.004,7.86
21/08/2026 05:29,15.125,0.004,7.86
21/08/2026 04:59,15,0.004,7.86
21/08/2026 04:29,14.875,0.004,7.86
21/08/2026 03:59,15.625,0.004,7.86
21/08/2026 03:29,14.625,0.003,7.86
21/08/2026 02:59,14.375,0.003,7.86
21/08/2026 02:29,15.625,0.003,7.86
21/08/2026 01:59,15.625,0.003,7.87
21/08/2026 01:29,16.125,0.003,7.87
21/08/2026 00:59,15.75,0.003,7.88
21/08/2026 00:29,16.75,0.003,7.88
20/08/2026 23:59,15.75,0.003,7.88
20/08/2026 23:29,16.75,0.003,7.88
20/08/2026 22:59,16.625,0.003,7.88
20/08/2026 22:29,16.5,0.003,7.88
20/08/2026 21:59,16.375,0.003,7.88
20/08/2026 21:29,16.375,0.003,7.88
20/08/2026 20:59,16.25,0.003,7.87
20/08/2026 20:29,16,0.003,7.87
20/08/2026 19:59,16,0.003,7.87
20/08/2026 19:29,15.75,0.003,7.86
20/08/2026 18:59,15.5,0.003,7.87
20/08/2026 18:29,15.375,0.003,7.88
20/08/2026 17:59,15,0.003,7.89
20/08/2026 17:29,15.375,0.003,7.9
20/08/2026 16:59,15.875,0.003,7.9
20/08/2026 16:29,16.25,0.003,7.91
20/08/2026 15:59,16.875,0.003,7.9
20/08/2026 15:29,17.25,0.003,7.9
20/08/2026 14:59,17.25,0.003,7.9
20/08/2026 14:29,17,0.003,7.89
20/08/2026 13:59,16.875,0.003,7.89
20/08/2026 13:29,16.5,0.003,7.88
20/08/2026 12:59,16.375,0.003,7.88
20/08/2026 12:29,16.25,0.003,7.88
20/08/2026 11:59,16.125,0.003,7.87
20/08/2026 11:29,15.875,0.003,7.87
20/08/2026 10:59,15.75,0.003,7.88
20/08/2026 10:29,15.875,0.003,7.89
20/08/2026 09:59,15.875,0.003,7.9
20/08/2026 09:29,15.75,0.003,7.91
20/08/2026 08:59,14.75,0.003,7.91
20/08/2026 08:29,15.5,0.002,7.91
20/08/2026 07:59,15.5,0.003,7.91
20/08/2026 07:29,15.25,0.002,7.9
20/08/2026 06:59,15.25,0.002,7.9
20/08/2026 06:29,15,0.002,7.9
20/08/2026 05:59,15.625,0.002,7.9
20/08/2026 05:29,15.625,0.002,7.9
20/08/2026 04:59,14.625,0.002,7.9
20/08/2026 04:29,14.5,0.002,7.9
20/08/2026 03:59,14.125,0.002,7.9
20/08/2026 03:29,14.375,0.002,7.89
20/08/2026 02:59,14.875,0.002,7.9
20/08/2026 02:29,15.5,0.002,7.9
20/08/2026 01:59,15.875,0.002,7.91
20/08/2026 01:29,16.5,0.002,7.91
20/08/2026 00:59,16.75,0.002,7.91
20/08/2026 00:29,16.875,0.002,7.91
19/08/2026 23:59,16.75,0.002,7.91
19/08/2026 23:29,16.75,0.002,7.91
19/08/2026 22:59,16.875,0.002,7.91
19/08/2026 22:29,16.875,0.002,7.91
19/08/2026 21:59,16.875,0.002,7.91
19/08/2026 21:29,16.875,0.002,7.91
19/08/2026 20:59,16.625,0.002,7.91
19/08/2026 20:29,16.625,0.002,7.9
19/08/2026 19:59,16.5,0.002,7.9
19/08/2026 19:29,16.25,0.002,7.9
19/08/2026 18:59,16.25,0.002,7.9
19/08/2026 18:29,16.25,0.002,7.9
19/08/2026 17:59,16.25,0.002,7.9
19/08/2026 17:29,16.375,0.002,7.9
19/08/2026 16:59,16.75,0.002,7.9
19/08/2026 16:29,17.375,0.002,7.9
19/08/2026 15:59,17.75,0.002,7.9
19/08/2026 15:29,18.125,0.002,7.9
19/08/2026 14:59,17.875,0.002,7.9
19/08/2026 14:29,17.875,0.002,7.89
19/08/2026 13:59,17.875,0.003,7.89
19/08/2026 13:29,18,0.003,7.88
19/08/2026 12:59,18,0.003,7.88
19/08/2026 12:29,18,0.003,7.88
19/08/2026 11:59,16,0.002,7.83
19/08/2026 11:29,14.75,0.002,7.83
19/08/2026 10:59,15.875,0.002,7.83
19/08/2026 10:29,16.25,0.002,7.84
19/08/2026 09:59,16.125,0.003,7.86
19/08/2026 09:29,15.75,0.003,7.86
19/08/2026 08:59,15.625,0.003,7.85
19/08/2026 08:29,15.375,0.003,7.85
19/08/2026 07:59,15.375,0.003,7.84
19/08/2026 07:29,15.25,0.002,7.83
19/08/2026 06:59,15.25,0.002,7.83
19/08/2026 06:29,15,0.002,7.82
19/08/2026 05:59,14.75,0.002,7.82
19/08/2026 05:29,14.875,0.002,7.82
19/08/2026 04:59,14.75,0.002,7.82
19/08/2026 04:29,14.75,0.002,7.82
19/08/2026 03:59,14.375,0.002,7.81
19/08/2026 03:29,14.25,0.002,7.81
19/08/2026 02:59,14.125,0.002,7.81
19/08/2026 02:29,14.375,0.002,7.81
19/08/2026 01:59,15.125,0.002,7.81
19/08/2026 01:29,15.875,0.002,7.82
19/08/2026 00:59,16.25,0.003,7.82
19/08/2026 00:29,16.25,0.003,7.81
18/08/2026 23:59,16.25,0.003,7.81
18/08/2026 23:29,16.25,0.003,7.81
18/08/2026 22:59,16.25,0.002,7.8
18/08/2026 22:29,16.125,0.002,7.8
18/08/2026 21:59,16.125,0.002,7.79
18/08/2026 21:29,16.125,0.002,7.79
18/08/2026 20:59,15.875,0.002,7.78
18/08/2026 20:29,15.75,0.002,7.78
18/08/2026 19:59,15.5,0.002,7.78
18/08/2026 19:29,15.5,0.002,7.77
18/08/2026 18:59,15.25,0.002,7.77
18/08/2026 18:29,14.875,0.002,7.76
18/08/2026 17:59,13.75,0.002,7.76
18/08/2026 17:29,14.875,0.002,7.76
18/08/2026 16:59,15.375,0.002,7.76
18/08/2026 16:29,15.75,0.002,7.77
18/08/2026 15:59,16.25,0.002,7.77
18/08/2026 15:29,16.375,0.002,7.78
18/08/2026 14:59,16.375,0.002,7.78
18/08/2026 14:29,16.125,0.002,7.8
18/08/2026 13:59,15.875,0.002,7.82
18/08/2026 13:29,14.75,0.002,7.84
18/08/2026 12:59,15.5,0.002,7.87
18/08/2026 12:29,15.25,0.002,7.89
18/08/2026 11:59,14.75,0.002,7.89
18/08/2026 11:29,14.625,0.002,7.89
18/08/2026 10:59,14.125,0.002,7.88
18/08/2026 10:29,14.125,0.002,7.88
18/08/2026 09:59,14.5,0.002,7.88
18/08/2026 09:29,15.25,0.002,7.88
18/08/2026 08:59,16,0.002,7.89
18/08/2026 08:29,16.25,0.002,7.88
18/08/2026 07:59,16.125,0.002,7.88
18/08/2026 07:29,16.125,0.002,7.88
18/08/2026 06:59,16,0.002,7.87
18/08/2026 06:29,16,0.002,7.87
18/08/2026 05:59,16,0.002,7.87
18/08/2026 05:29,16.125,0.002,7.87
18/08/2026 04:59,15.875,0.002,7.87
18/08/2026 04:29,15.875,0.002,7.87
18/08/2026 03:59,16,0.002,7.86
18/08/2026 03:29,15.875,0.002,7.86
18/08/2026 02:59,15.875,0.002,7.86
18/08/2026 02:29,15.875,0.002,7.86
18/08/2026 01:59,15.875,0.002,7.86
18/08/2026 01:29,15.75,0.002,7.85
18/08/2026 00:59,15.75,0.002,7.85
18/08/2026 00:29,15.75,0.002,7.86
17/08/2026 23:59,15.75,0.002,7.85
17/08/2026 23:29,15.625,0.002,7.85
17/08/2026 22:59,16.625,0.002,7.85
17/08/2026 22:29,15.5,0.002,7.85
17/08/2026 21:59,15.375,0.002,7.85
17/08/2026 21:29,15.375,0.002,7.84
17/08/2026 20:59,15.25,0.002,7.84
17/08/2026 20:29,14.875,0.002,7.84
17/08/2026 19:59,14.875,0.002,7.84
17/08/2026 19:29,13.75,0.002,7.84
17/08/2026 18:59,14.375,0.002,7.84
17/08/2026 18:29,14.125,0.002,7.84
17/08/2026 17:59,13.875,0.002,7.84
17/08/2026 17:29,14.125,0.002,7.84
17/08/2026 16:59,13.75,0.002,7.84
17/08/2026 16:29,15.375,0.002,7.85
17/08/2026 15:59,15.875,0.002,7.86
17/08/2026 15:29,16,0.002,7.86
17/08/2026 14:59,15.875,0.002,7.87
17/08/2026 14:29,15.75,0.002,7.88
17/08/2026 13:59,15.625,0.002,7.9
17/08/2026 13:29,15.375,0.002,7.92
17/08/2026 12:59,15.125,0.002,7.93
17/08/2026 12:29,14.875,0.002,7.94
17/08/2026 12:02,13.875,0.002,7.95
17/08/2026 11:59,14.5,0.002,7.95
17/08/2026 11:29,14.375,0.002,7.95
17/08/2026 10:59,14,0.002,7.95
17/08/2026 10:29,14.375,0.002,7.95
17/08/2026 09:59,15,0.002,7.95
17/08/2026 09:29,15.875,0.002,7.96
17/08/2026 08:59,16.125,0.002,7.96
17/08/2026 08:29,16.125,0.002,7.95
17/08/2026 07:59,16.125,0.002,7.95
17/08/2026 07:29,16.25,0.002,7.95
17/08/2026 06:59,16.125,0.002,7.95
17/08/2026 06:29,16,0.002,7.95
17/08/2026 05:59,16.125,0.002,7.95
17/08/2026 05:29,16.125,0.002,7.95
17/08/2026 04:59,16,0.002,7.95
17/08/2026 04:29,15.875,0.002,7.95
17/08/2026 03:59,15.875,0.002,7.95
17/08/2026 03:29,16,0.002,7.95
17/08/2026 02:59,15.875,0.002,7.95
17/08/2026 02:29,16,0.002,7.95
17/08/2026 01:59,16,0.002,7.95
17/08/2026 01:29,16,0.002,7.95
17/08/2026 00:59,15.875,0.002,7.95
17/08/2026 00:29,15.875,0.002,7.95
16/08/2026 23:59,15.75,0.002,7.96
16/08/2026 23:29,15.75,0.002,7.96
16/08/2026 22:59,15.625,0.002,7.96
16/08/2026 22:29,15.625,0.002,7.96
16/08/2026 21:59,15.5,0.002,7.96
16/08/2026 21:29,15.5,0.002,7.96
16/08/2026 20:59,15.25,0.002,7.96
16/08/2026 20:29,15,0.002,7.96
16/08/2026 19:59,13.75,0.002,7.96
16/08/2026 19:29,14.625,0.002,7.96
16/08/2026 18:59,14.5,0.002,7.96
16/08/2026 18:29,14,0.002,7.96
16/08/2026 17:59,14,0.002,7.96
16/08/2026 17:29,14.375,0.002,7.96
16/08/2026 16:59,13.75,0.002,7.96
16/08/2026 16:29,15.125,0.002,7.96
16/08/2026 15:59,15.75,0.002,7.97
16/08/2026 15:29,16,0.002,7.97
16/08/2026 14:59,16,0.002,7.97
16/08/2026 14:29,15.75,0.002,7.96
16/08/2026 13:59,15.5,0.002,7.96
16/08/2026 13:29,15.25,0.002,7.95
16/08/2026 12:59,15,0.002,7.95
16/08/2026 12:29,14.75,0.002,7.95
16/08/2026 11:59,14.5,0.002,7.95
16/08/2026 11:29,14.25,0.002,7.94
16/08/2026 10:59,13.875,0.002,7.94
16/08/2026 10:29,14.375,0.002,7.94
16/08/2026 09:59,14.875,0.002,7.94
16/08/2026 09:29,15.875,0.002,7.95
16/08/2026 08:59,16.25,0.002,7.95
16/08/2026 08:29,16.125,0.002,7.95
16/08/2026 07:59,16.25,0.002,7.95
16/08/2026 07:29,16.125,0.002,7.94
16/08/2026 06:59,16.25,0.002,7.94
16/08/2026 06:29,16.125,0.002,7.94
16/08/2026 05:59,15.875,0.002,7.94
16/08/2026 05:29,16,0.002,7.94
16/08/2026 04:59,16,0.002,7.94
16/08/2026 04:29,16,0.002,7.94
16/08/2026 03:59,16.125,0.002,7.94
16/08/2026 03:29,16,0.002,7.94
16/08/2026 02:59,16,0.002,7.94
16/08/2026 02:29,16,0.002,7.95
16/08/2026 01:59,15.875,0.002,7.95
16/08/2026 01:29,15.875,0.002,7.95
16/08/2026 00:59,15.875,0.002,7.95
16/08/2026 00:29,15.875,0.002,7.95
15/08/2026 23:59,16,0.002,7.95
15/08/2026 23:29,15.875,0.002,7.95
15/08/2026 22:59,15.875,0.002,7.95
15/08/2026 22:29,15.75,0.002,7.95
15/08/2026 21:59,15.625,0.002,7.95
15/08/2026 21:29,15.5,0.002,7.95
15/08/2026 20:59,15.375,0.002,7.96
15/08/2026 20:29,15.25,0.002,7.96
15/08/2026 19:59,15.125,0.002,7.96
15/08/2026 19:29,15,0.002,7.96
15/08/2026 18:59,14.875,0.002,7.95
15/08/2026 18:29,14.625,0.002,7.95
15/08/2026 17:59,14.375,0.002,7.96
15/08/2026 17:29,13.75,0.002,7.96
15/08/2026 16:59,15.25,0.002,7.96
15/08/2026 16:29,15.875,0.002,7.96
15/08/2026 15:59,16.5,0.002,7.96
15/08/2026 15:29,17,0.002,7.96
15/08/2026 14:59,16.875,0.002,7.96
15/08/2026 14:29,16.75,0.002,7.95
15/08/2026 14:29,16.75,0.002,7.95
15/08/2026 13:59,16.625,0.002,7.95
15/08/2026 13:29,16.375,0.002,7.95
15/08/2026 12:59,16.375,0.003,7.95
15/08/2026 12:29,16.25,0.002,7.94
15/08/2026 11:59,16.125,0.002,7.94
15/08/2026 11:29,16,0.002,7.94
15/08/2026 10:59,16,0.002,7.93
15/08/2026 10:29,15.75,0.002,7.93
15/08/2026 09:59,15.625,0.002,7.92
15/08/2026 09:29,15.375,0.002,7.92
15/08/2026 08:59,15.5,0.002,7.92
15/08/2026 08:29,15.375,0.002,7.92
15/08/2026 07:59,15.375,0.002,7.91
15/08/2026 07:29,15,0.002,7.91
15/08/2026 06:59,15.125,0.002,7.91
15/08/2026 06:29,15,0.002,7.91
15/08/2026 05:59,14.75,0.002,7.91
15/08/2026 05:29,13.75,0.002,7.91
15/08/2026 04:59,14.625,0.002,7.91
15/08/2026 04:29,14.5,0.002,7.91
15/08/2026 03:59,14.375,0.002,7.91
15/08/2026 03:29,14.125,0.002,7.9
15/08/2026 02:59,14,0.002,7.9
15/08/2026 02:29,14.125,0.002,7.9
15/08/2026 01:59,15,0.002,7.91
15/08/2026 01:29,15.75,0.002,7.91
15/08/2026 00:59,16.25,0.002,7.92
15/08/2026 00:29,16.25,0.002,7.92
14/08/2026 23:59,16.25,0.002,7.92
14/08/2026 23:29,16.25,0.002,7.92
14/08/2026 22:59,16.125,0.002,7.92
14/08/2026 22:29,16.25,0.002,7.92
14/08/2026 21:59,16.125,0.002,7.92
14/08/2026 21:29,16,0.002,7.92
14/08/2026 20:59,15.875,0.002,7.92
14/08/2026 20:29,15.75,0.002,7.92
14/08/2026 19:59,15.625,0.002,7.91
14/08/2026 19:29,15.5,0.002,7.91
14/08/2026 18:59,15.375,0.002,7.91
14/08/2026 18:29,15.125,0.002,7.91
14/08/2026 17:59,14.875,0.002,7.91
14/08/2026 17:29,15.125,0.002,7.91
14/08/2026 16:59,15.75,0.002,7.91
14/08/2026 16:29,16.125,0.002,7.91
14/08/2026 15:59,16.75,0.002,7.92
14/08/2026 15:29,17.25,0.002,7.92
14/08/2026 14:59,17.125,0.002,7.92
14/08/2026 14:29,16.875,0.002,7.92
14/08/2026 13:59,16.75,0.002,7.91
14/08/2026 13:29,16.625,0.002,7.91
14/08/2026 12:59,16.5,0.002,7.91
14/08/2026 12:29,16.25,0.002,7.9
14/08/2026 11:59,16.25,0.002,7.9
14/08/2026 11:29,16.125,0.002,7.89
14/08/2026 10:59,16,0.002,7.89
14/08/2026 10:29,15.875,0.002,7.88
14/08/2026 09:59,15.75,0.002,7.88
14/08/2026 09:29,15.75,0.002,7.88
14/08/2026 08:59,15.375,0.002,7.88
14/08/2026 08:29,15.375,0.002,7.87
14/08/2026 07:59,15.25,0.002,7.87
14/08/2026 07:29,15,0.002,7.87
14/08/2026 06:59,15,0.002,7.86
14/08/2026 06:29,14.875,0.002,7.87
14/08/2026 05:59,15.625,0.002,7.87
14/08/2026 05:29,14.625,0.002,7.87
14/08/2026 04:59,14.625,0.002,7.87
14/08/2026 04:29,14.375,0.002,7.87
14/08/2026 03:59,14.375,0.002,7.89
14/08/2026 03:29,14.25,0.002,7.89
14/08/2026 02:59,14,0.002,7.89
14/08/2026 02:29,14.375,0.002,7.9
14/08/2026 01:59,15.25,0.002,7.91
14/08/2026 01:29,16,0.002,7.91
14/08/2026 00:59,16.625,0.002,7.91
14/08/2026 00:29,16.625,0.002,7.91
13/08/2026 23:59,16.625,0.002,7.9
13/08/2026 23:29,16.5,0.002,7.9
13/08/2026 22:59,16.625,0.002,7.9
13/08/2026 22:29,16.5,0.002,7.89
13/08/2026 21:59,16.5,0.002,7.88
13/08/2026 21:29,16.375,0.002,7.88
13/08/2026 20:59,16.125,0.002,7.87
13/08/2026 20:29,16.25,0.002,7.86
13/08/2026 19:59,16.125,0.002,7.86
13/08/2026 19:29,15.875,0.002,7.9
13/08/2026 18:59,15.875,0.002,7.92
13/08/2026 18:59,15.875,0.002,7.92
13/08/2026 18:29,15.5,0.002,7.92
13/08/2026 17:59,15.375,0.002,7.93
13/08/2026 17:29,15.5,0.002,7.93
13/08/2026 16:59,16,0.002,7.92
13/08/2026 16:29,16.5,0.002,7.91
13/08/2026 15:59,17.25,0.002,7.9
13/08/2026 15:29,17.5,0.002,7.87
13/08/2026 14:59,17.375,0.002,7.83
13/08/2026 14:29,17.125,0.002,7.77
13/08/2026 13:59,17,0.002,7.67
13/08/2026 13:30,17,0.003,7.51
13/08/2026 13:29,17,0.003,7.5
13/08/2026 12:59,17,0.003,7.16
13/08/2026 12:59,16.875,0.003,7.53
13/08/2026 07:29,15.25,0.003,7.83
13/08/2026 06:59,14.875,0.003,7.83
13/08/2026 06:29,14.875,0.003,7.83
13/08/2026 05:59,14.75,0.003,7.83
13/08/2026 05:29,14.75,0.003,7.83
13/08/2026 04:59,14.625,0.003,7.84
13/08/2026 04:29,14.375,0.003,7.84
13/08/2026 03:59,14.375,0.003,7.85
13/08/2026 03:29,14.25,0.003,7.84
13/08/2026 02:59,14,0.003,7.84
13/08/2026 02:29,14.375,0.003,7.84
13/08/2026 01:59,15.25,0.003,7.85
13/08/2026 01:29,16.125,0.003,7.85
13/08/2026 00:59,16.375,0.003,7.85
13/08/2026 00:29,16.375,0.003,7.85
12/08/2026 23:59,16.25,0.003,7.85
12/08/2026 23:29,16.25,0.003,7.85
12/08/2026 22:59,16.25,0.003,7.85
12/08/2026 22:29,16.25,0.003,7.85
12/08/2026 21:59,16.25,0.003,7.85
12/08/2026 21:29,16.125,0.003,7.85
12/08/2026 20:59,16.125,0.003,7.86
12/08/2026 20:29,15.875,0.003,7.86
12/08/2026 19:59,16.625,0.003,7.86
12/08/2026 19:29,15.625,0.003,7.86
12/08/2026 18:59,15.375,0.003,7.85
12/08/2026 18:29,15.125,0.003,7.85
12/08/2026 17:59,15,0.003,7.85
12/08/2026 17:29,15.375,0.003,7.85
12/08/2026 16:59,15.875,0.003,7.85
12/08/2026 16:29,16.25,0.003,7.85
12/08/2026 15:59,16.75,0.003,7.86
12/08/2026 15:29,17.25,0.003,7.85
12/08/2026 14:59,17,0.003,7.84
12/08/2026 14:29,16.875,0.003,7.84
12/08/2026 13:59,16.625,0.003,7.83
12/08/2026 13:29,16.5,0.003,7.83
12/08/2026 12:59,16.375,0.003,7.83
12/08/2026 12:59,16.375,0.003,7.83
12/08/2026 12:29,16.375,0.003,7.83
12/08/2026 11:59,16.125,0.003,7.82
12/08/2026 11:29,16,0.003,7.82
12/08/2026 10:59,16,0.003,7.82
12/08/2026 10:29,16.25,0.003,7.81
12/08/2026 10:29,16.25,0.003,7.81
12/08/2026 09:59,16.125,0.003,7.8
12/08/2026 09:29,16,0.003,7.8
12/08/2026 08:59,16.125,0.003,7.8
12/08/2026 08:29,16.125,0.003,7.8
12/08/2026 07:59,16.125,0.003,7.8
12/08/2026 07:29,16,0.003,7.8
12/08/2026 06:59,15.875,0.003,7.8
12/08/2026 06:29,15.875,0.003,7.8
12/08/2026 05:59,15.875,0.003,7.81
12/08/2026 05:29,16,0.003,7.8
12/08/2026 04:59,16,0.003,7.8
12/08/2026 04:29,15.875,0.003,7.8
12/08/2026 03:59,16,0.003,7.8
12/08/2026 03:29,15.875,0.003,7.79
12/08/2026 02:59,15.875,0.003,7.8
12/08/2026 02:29,16,0.003,7.8
12/08/2026 01:59,15.875,0.003,7.8
12/08/2026 01:29,15.875,0.003,7.8
12/08/2026 00:59,15.875,0.003,7.8
12/08/2026 00:29,15.75,0.003,7.8
11/08/2026 23:59,15.75,0.003,7.8
11/08/2026 23:29,15.75,0.003,7.8
11/08/2026 22:59,15.75,0.003,7.8
11/08/2026 22:29,15.75,0.003,7.78
11/08/2026 21:59,15.625,0.003,7.78
11/08/2026 21:29,15.625,0.003,7.78
11/08/2026 20:59,15.375,0.003,7.79
11/08/2026 20:29,15.375,0.003,7.8
11/08/2026 19:59,15.125,0.003,7.79
11/08/2026 19:29,14.875,0.003,7.79
11/08/2026 18:59,14.75,0.003,7.78
11/08/2026 18:29,15.625,0.003,7.79
11/08/2026 17:59,14.5,0.003,7.78
11/08/2026 17:29,15,0.003,7.79
11/08/2026 17:29,15,0.003,7.79
11/08/2026 16:59,15.5,0.003,7.79
11/08/2026 16:29,15.875,0.003,7.8
11/08/2026 15:59,16.375,0.003,7.81
11/08/2026 15:29,16.625,0.003,7.8
11/08/2026 14:59,16.625,0.003,7.8
11/08/2026 14:29,16.375,0.003,7.8
11/08/2026 13:59,16.375,0.003,7.79
11/08/2026 13:29,16.125,0.003,7.78
11/08/2026 12:59,16.125,0.003,7.78
11/08/2026 12:29,16,0.003,7.78
11/08/2026 11:59,15.875,0.003,7.78
11/08/2026 11:29,15.75,0.003,7.78
11/08/2026 11:29,15.75,0.003,7.78
11/08/2026 10:59,15.625,0.003,7.77
11/08/2026 10:29,16.625,0.003,7.77
11/08/2026 09:59,15.5,0.003,7.77
11/08/2026 09:29,15.5,0.003,7.76
11/08/2026 08:59,15.25,0.003,7.75
11/08/2026 08:59,15.25,0.003,7.75
11/08/2026 08:29,15.125,0.003,7.75
11/08/2026 07:59,15.25,0.003,7.75
11/08/2026 07:29,14.875,0.003,7.74
11/08/2026 06:59,14.875,0.003,7.73
11/08/2026 06:29,14.875,0.003,7.73
11/08/2026 05:59,14.75,0.003,7.73
11/08/2026 05:29,13.75,0.003,7.73
11/08/2026 04:59,14.625,0.003,7.71
11/08/2026 04:29,14.375,0.003,7.71
11/08/2026 03:59,14.375,0.003,7.71
11/08/2026 03:29,14.25,0.003,7.71
11/08/2026 02:59,14.375,0.003,7.69
11/08/2026 02:29,15.25,0.003,7.69
11/08/2026 01:59,15.875,0.003,7.69
11/08/2026 01:29,16.625,0.003,7.71
11/08/2026 00:59,17,0.003,7.71
11/08/2026 00:29,17.125,0.003,7.7
10/08/2026 23:59,17.25,0.003,7.69
10/08/2026 23:29,17.25,0.003,7.68
10/08/2026 22:59,17.125,0.003,7.67
10/08/2026 22:29,17.25,0.003,7.67
10/08/2026 21:59,17.125,0.003,7.65
10/08/2026 21:29,16.875,0.003,7.65
10/08/2026 20:59,16.625,0.003,7.64
10/08/2026 20:29,16.5,0.003,7.63
10/08/2026 19:59,16.375,0.003,7.62
10/08/2026 19:29,16.375,0.003,7.62
10/08/2026 18:59,16.125,0.003,7.62
10/08/2026 18:29,16,0.003,7.6
10/08/2026 17:59,15.875,0.003,7.58
10/08/2026 17:29,16.25,0.003,7.58
10/08/2026 16:59,16.75,0.003,7.59
10/08/2026 16:29,17,0.003,7.58
10/08/2026 15:59,17.75,0.003,7.58
10/08/2026 15:29,18.125,0.003,7.6
10/08/2026 14:59,17.875,0.003,7.61
10/08/2026 14:29,17.625,0.003,7.64
10/08/2026 13:59,17.375,0.003,7.68
10/08/2026 13:29,17,0.003,7.71
10/08/2026 12:59,17.375,0.003,7.74
10/08/2026 12:29,18.125,0.003,7.78
10/08/2026 11:59,18.75,0.003,7.81
10/08/2026 11:29,18.875,0.003,7.83
10/08/2026 10:59,19.625,0.003,7.82
10/08/2026 10:29,18.125,0.003,7.8
10/08/2026 10:26,17.5,0.003,7.8
10/08/2026 10:25,17.375,0.003,7.8
10/08/2026 10:25,17.25,0.003,8.43
09/08/2026 12:29,14.625,0.003,7.87
09/08/2026 11:59,14.625,0.003,7.87
09/08/2026 11:29,14.375,0.003,7.87
09/08/2026 10:59,13.875,0.003,7.86
09/08/2026 10:29,14.375,0.003,7.86
09/08/2026 09:59,15,0.003,7.87
09/08/2026 09:29,16.625,0.003,7.86
09/08/2026 08:59,16.375,0.003,7.87
09/08/2026 08:29,16.625,0.003,7.86
09/08/2026 07:59,16.625,0.003,7.86
09/08/2026 07:29,16.625,0.003,7.86
09/08/2026 06:59,16.5,0.003,7.86
09/08/2026 06:29,16.375,0.003,7.86
09/08/2026 05:59,16.375,0.003,7.86
09/08/2026 05:29,16.375,0.003,7.86
09/08/2026 04:59,16.25,0.003,7.86
09/08/2026 04:29,16.375,0.003,7.86
09/08/2026 03:59,16.25,0.003,7.86
09/08/2026 03:29,16.25,0.003,7.86
09/08/2026 02:59,16.25,0.003,7.86
09/08/2026 02:29,16.125,0.003,7.87
09/08/2026 01:59,16.125,0.003,7.87
09/08/2026 01:29,16.125,0.003,7.87
09/08/2026 00:59,16.25,0.003,7.87
09/08/2026 00:59,16.25,0.003,7.87
09/08/2026 00:29,16.125,0.003,7.87
09/08/2026 00:29,16.125,0.003,7.87
08/08/2026 23:59,15.875,0.003,7.87
08/08/2026 23:29,16,0.003,7.87
08/08/2026 22:59,15.875,0.003,7.87
08/08/2026 22:29,16.625,0.003,7.87
08/08/2026 21:59,15.5,0.003,7.87
08/08/2026 21:29,15.625,0.003,7.88
08/08/2026 21:29,15.625,0.003,7.88
08/08/2026 20:59,15.5,0.003,7.88
08/08/2026 20:29,15.375,0.003,7.88
08/08/2026 19:59,15,0.003,7.87
08/08/2026 19:29,14.875,0.003,7.88
08/08/2026 18:59,14.625,0.003,7.88
08/08/2026 18:29,14.25,0.003,7.87
08/08/2026 17:59,14.125,0.003,7.87
08/08/2026 17:29,14.5,0.003,7.88
08/08/2026 16:59,15,0.003,7.89
08/08/2026 16:29,15.5,0.003,7.88
08/08/2026 15:59,16,0.003,7.88
08/08/2026 15:29,16.125,0.003,7.88
08/08/2026 14:59,16,0.003,7.87
08/08/2026 14:29,16,0.003,7.87
08/08/2026 13:59,15.75,0.003,7.87
08/08/2026 13:29,15.5,0.003,7.86
08/08/2026 12:59,15.5,0.003,7.85
08/08/2026 12:29,15.125,0.003,7.85
08/08/2026 11:59,15,0.003,7.85
08/08/2026 11:29,14.625,0.003,7.84
08/08/2026 10:59,14.375,0.003,7.84
08/08/2026 10:29,14.375,0.003,7.84
08/08/2026 09:59,14.75,0.003,7.84
08/08/2026 09:29,15.625,0.003,7.85
08/08/2026 08:59,16.375,0.003,7.84
08/08/2026 08:29,16.75,0.003,7.83
08/08/2026 07:59,16.5,0.003,7.83
08/08/2026 07:29,16.5,0.003,7.83
08/08/2026 06:59,16.5,0.003,7.82
08/08/2026 06:29,16.5,0.003,7.83
08/08/2026 05:59,16.375,0.003,7.83
08/08/2026 05:29,16.5,0.003,7.83
08/08/2026 04:59,16.375,0.003,7.82
08/08/2026 04:29,16.375,0.003,7.82
08/08/2026 03:59,16.375,0.003,7.82
08/08/2026 03:29,16.375,0.003,7.82
08/08/2026 02:59,16.375,0.003,7.82
08/08/2026 02:29,16.25,0.003,7.82
08/08/2026 01:59,16.25,0.003,7.83
08/08/2026 01:59,16.25,0.003,7.83
08/08/2026 01:29,16.125,0.003,7.82
08/08/2026 00:59,16.25,0.003,7.82
08/08/2026 00:29,16,0.003,7.82
07/08/2026 23:59,16.125,0.003,7.82
07/08/2026 23:29,16,0.003,7.83
07/08/2026 22:59,15.875,0.003,7.82
07/08/2026 22:29,15.875,0.003,7.83
07/08/2026 21:59,15.625,0.003,7.83
07/08/2026 21:29,15.625,0.003,7.84
07/08/2026 20:59,15.375,0.003,7.83
07/08/2026 20:29,15.375,0.003,7.83
07/08/2026 19:59,15,0.003,7.83
07/08/2026 19:29,15,0.003,7.83
07/08/2026 18:59,13.75,0.003,7.83
07/08/2026 18:29,14.5,0.003,7.83
07/08/2026 17:59,14.375,0.003,7.83
07/08/2026 17:29,14.5,0.003,7.83
07/08/2026 16:59,15.125,0.003,7.83
07/08/2026 16:29,15.625,0.003,7.83
07/08/2026 15:59,16,0.003,7.83
07/08/2026 15:59,16,0.003,7.83
07/08/2026 15:29,16.375,0.003,7.82
07/08/2026 14:59,16.125,0.003,7.81
07/08/2026 14:29,16,0.003,7.81
07/08/2026 13:59,15.875,0.003,7.8
07/08/2026 13:29,15.75,0.003,7.8
07/08/2026 12:59,15.375,0.003,7.79
07/08/2026 12:29,15.25,0.003,7.79
07/08/2026 11:59,15.125,0.003,7.78
07/08/2026 11:29,14.75,0.003,7.78
07/08/2026 10:59,14.5,0.003,7.77
07/08/2026 10:29,14.25,0.003,7.77
07/08/2026 09:59,13.75,0.003,7.77
07/08/2026 09:29,15.375,0.003,7.77
07/08/2026 08:59,16,0.003,7.77
07/08/2026 08:29,16.25,0.003,7.75
07/08/2026 07:59,16.25,0.003,7.75
07/08/2026 07:29,16.125,0.003,7.75
07/08/2026 06:59,16.25,0.003,7.75
07/08/2026 06:59,16.25,0.003,7.75
07/08/2026 06:29,16.125,0.003,7.75
07/08/2026 05:59,16,0.003,7.74
07/08/2026 05:29,16.125,0.003,7.74
07/08/2026 05:29,16.125,0.003,7.74
07/08/2026 04:59,15.875,0.003,7.73
07/08/2026 04:29,16,0.003,7.73
07/08/2026 03:59,15.875,0.003,7.74
07/08/2026 03:29,15.875,0.003,7.73
07/08/2026 02:59,15.75,0.003,7.72
07/08/2026 02:29,15.625,0.003,7.72
07/08/2026 01:59,15.625,0.003,7.72
07/08/2026 01:29,15.5,0.003,7.71
07/08/2026 00:59,15.25,0.003,7.71
07/08/2026 00:29,15.25,0.003,7.71
06/08/2026 23:59,15,0.003,7.71
06/08/2026 23:59,15,0.003,7.71
06/08/2026 23:29,14.875,0.002,7.7
06/08/2026 23:29,14.875,0.002,7.7
06/08/2026 22:59,14.75,0.002,7.7
06/08/2026 22:29,14.5,0.002,7.7
06/08/2026 21:59,14.125,0.002,7.69
06/08/2026 21:29,14.625,0.002,7.69
06/08/2026 20:59,15.375,0.002,7.7
06/08/2026 20:29,16.125,0.003,7.7
06/08/2026 19:59,16.375,0.003,7.69
06/08/2026 19:29,16.25,0.003,7.68
06/08/2026 18:59,16.375,0.003,7.68
06/08/2026 18:29,16.125,0.003,7.68
06/08/2026 17:59,15.875,0.003,7.67
06/08/2026 17:29,16.25,0.003,7.67
06/08/2026 16:59,16.875,0.003,7.67
06/08/2026 16:29,17.625,0.003,7.67
06/08/2026 15:59,18.375,0.003,7.67
06/08/2026 15:29,18.875,0.003,7.65
06/08/2026 14:59,18.75,0.003,7.68
06/08/2026 14:29,18.875,0.003,7.71
06/08/2026 13:59,19.25,0.003,7.75
06/08/2026 13:29,18.75,0.003,7.73
06/08/2026 12:59,16,0.003,7.61
06/08/2026 12:29,15.5,0.003,7.64
06/08/2026 11:59,15.5,0.003,7.67
06/08/2026 11:29,15.25,0.003,7.7
06/08/2026 10:59,15.25,0.003,7.73
06/08/2026 10:29,15.625,0.003,7.77
06/08/2026 09:59,16,0.003,7.8
06/08/2026 09:29,16,0.003,7.82
06/08/2026 08:59,15.75,0.003,7.84
06/08/2026 08:29,16.625,0.003,7.86
06/08/2026 07:59,15.625,0.003,7.86
06/08/2026 07:29,15.375,0.003,7.86
06/08/2026 06:59,15.25,0.003,7.86
06/08/2026 06:29,15,0.003,7.85
06/08/2026 05:59,14.875,0.003,7.86
06/08/2026 05:29,15,0.003,7.85
06/08/2026 04:59,14.75,0.003,7.85
06/08/2026 04:29,14.625,0.003,7.85
06/08/2026 03:59,14.5,0.003,7.85
06/08/2026 03:29,14.25,0.003,7.86
06/08/2026 02:59,14.5,0.003,7.86
06/08/2026 02:29,14.875,0.003,7.86
06/08/2026 01:59,15.5,0.003,7.87
06/08/2026 01:29,16,0.003,7.87
06/08/2026 01:29,16,0.003,7.87
06/08/2026 00:59,16.125,0.003,7.87
06/08/2026 00:29,16.25,0.003,7.88
05/08/2026 23:59,16.25,0.003,7.88
05/08/2026 23:29,16.25,0.002,7.87
05/08/2026 22:59,16.125,0.003,7.88
05/08/2026 22:29,15.875,0.003,7.88
05/08/2026 21:59,16.125,0.003,7.88
05/08/2026 21:29,16,0.003,7.88
05/08/2026 20:59,15.875,0.003,7.88
05/08/2026 20:29,15.875,0.003,7.88
05/08/2026 19:59,16.625,0.003,7.88
05/08/2026 19:29,15.5,0.003,7.88
05/08/2026 18:59,15.375,0.003,7.88
05/08/2026 18:29,15.125,0.003,7.88
05/08/2026 17:59,14.875,0.003,7.88
05/08/2026 17:29,15.25,0.003,7.88
05/08/2026 16:59,15.5,0.003,7.88
05/08/2026 16:29,16,0.003,7.88
05/08/2026 15:59,16.25,0.003,7.88
05/08/2026 15:29,16.25,0.003,7.88
05/08/2026 14:59,16.25,0.003,7.88
05/08/2026 14:29,16.125,0.003,7.87
05/08/2026 13:59,16.125,0.003,7.87
05/08/2026 13:29,15.75,0.003,7.87
05/08/2026 13:29,15.75,0.003,7.87
05/08/2026 12:59,14.75,0.003,7.86
05/08/2026 12:29,15.375,0.003,7.86
05/08/2026 11:59,15.375,0.003,7.85
05/08/2026 11:29,15.125,0.003,7.85
05/08/2026 10:59,15,0.003,7.85
05/08/2026 10:29,15.5,0.003,7.85
05/08/2026 09:59,15.875,0.003,7.85
05/08/2026 09:59,15.875,0.003,7.85
05/08/2026 09:29,16,0.003,7.85
05/08/2026 08:59,15.875,0.003,7.84
05/08/2026 08:59,15.875,0.003,7.84
05/08/2026 08:29,16.5,0.003,7.84
05/08/2026 07:59,15.5,0.003,7.84
05/08/2026 07:29,15.375,0.003,7.83
05/08/2026 06:59,15.125,0.003,7.83
05/08/2026 06:29,15.125,0.003,7.83
05/08/2026 05:59,15,0.003,7.83
05/08/2026 05:29,14.875,0.003,7.82
05/08/2026 04:59,13.75,0.003,7.82
05/08/2026 04:29,14.5,0.003,7.82
05/08/2026 03:59,14.25,0.003,7.82
05/08/2026 03:29,14.5,0.003,7.82
05/08/2026 02:59,15,0.003,7.83
05/08/2026 02:29,15.625,0.003,7.83
05/08/2026 01:59,16.125,0.003,7.84
05/08/2026 01:29,16.5,0.003,7.84
05/08/2026 00:59,16.75,0.003,7.85
05/08/2026 00:29,16.875,0.003,7.84
04/08/2026 23:59,16.875,0.003,7.85
04/08/2026 23:29,16.75,0.003,7.84
04/08/2026 22:59,16.75,0.003,7.85
04/08/2026 22:29,16.625,0.003,7.84
04/08/2026 21:59,15.75,0.003,7.84
04/08/2026 21:29,16.625,0.003,7.84
04/08/2026 20:59,16.375,0.003,7.84
04/08/2026 20:29,16.5,0.003,7.84
04/08/2026 19:59,16.375,0.003,7.84
04/08/2026 19:29,16.25,0.003,7.84
04/08/2026 18:59,16.125,0.003,7.84
04/08/2026 18:29,16.125,0.003,7.83
04/08/2026 17:59,16,0.003,7.83
04/08/2026 17:29,16,0.003,7.83
04/08/2026 16:59,16.375,0.003,7.84
04/08/2026 16:29,16.75,0.003,7.84
04/08/2026 15:59,17.125,0.003,7.84
04/08/2026 15:29,16.875,0.003,7.84
04/08/2026 14:59,17.5,0.003,7.84
04/08/2026 14:59,17.5,0.003,7.84
04/08/2026 14:29,18,0.003,7.85
04/08/2026 13:59,18.625,0.003,7.86
04/08/2026 13:29,18.75,0.003,7.88
04/08/2026 12:59,21,0.003,7.89
04/08/2026 12:54,20.625,0.003,7.83
04/08/2026 12:29,17.625,0.003,7.84
04/08/2026 11:59,18.625,0.003,7.86
04/08/2026 11:29,17.5,0.003,7.85
04/08/2026 10:59,17.75,0.003,7.86
04/08/2026 10:29,16.75,0.003,7.88
04/08/2026 09:59,17.625,0.003,7.89
04/08/2026 09:59,17.625,0.003,7.89
04/08/2026 09:29,16.75,0.003,7.91
04/08/2026 09:29,16.75,0.003,7.91
04/08/2026 08:59,17.5,0.003,7.92
04/08/2026 08:29,17.5,0.003,7.92
04/08/2026 07:59,17.375,0.003,7.93
04/08/2026 07:29,17.5,0.003,7.92
04/08/2026 06:59,17.375,0.003,7.92
04/08/2026 06:29,17.5,0.003,7.93
04/08/2026 05:59,17.375,0.003,7.93
04/08/2026 05:29,17.5,0.003,7.93
04/08/2026 04:59,17.5,0.003,7.93
04/08/2026 04:59,17.5,0.003,7.93
04/08/2026 04:29,17.625,0.003,7.93
04/08/2026 03:59,18.625,0.003,7.93
04/08/2026 03:29,18.625,0.003,7.93
04/08/2026 02:59,17.625,0.003,7.94
04/08/2026 02:29,17.875,0.003,7.94
04/08/2026 01:59,17.875,0.003,7.94
04/08/2026 01:29,18,0.003,7.95
04/08/2026 00:59,18,0.003,7.95
04/08/2026 00:29,18,0.003,7.95
03/08/2026 23:59,18.125,0.003,7.95
03/08/2026 23:29,18.125,0.003,7.96
03/08/2026 22:59,18.25,0.003,7.96
03/08/2026 22:29,18.125,0.003,7.96
03/08/2026 21:59,18.25,0.003,7.96
03/08/2026 21:29,18.5,0.003,7.96
03/08/2026 20:59,18.5,0.003,7.97
03/08/2026 20:29,18.375,0.003,7.97
03/08/2026 19:59,18.5,0.003,7.97
03/08/2026 19:29,18.5,0.003,7.97
03/08/2026 18:59,18.375,0.003,7.98
03/08/2026 18:29,18.5,0.003,7.98
03/08/2026 17:59,18.375,0.003,7.97
03/08/2026 17:29,18.375,0.003,7.97
03/08/2026 16:59,18.25,0.003,7.97
03/08/2026 16:29,18.125,0.003,7.97
03/08/2026 15:59,18.125,0.003,7.97
03/08/2026 15:29,18,0.003,7.96
03/08/2026 15:29,18,0.003,7.96
03/08/2026 14:59,18.125,0.003,7.96
03/08/2026 14:29,18,0.003,7.96
03/08/2026 14:29,18,0.003,7.96
03/08/2026 13:59,17.75,0.003,7.96
03/08/2026 13:29,17.875,0.003,7.95
03/08/2026 12:59,17.75,0.003,7.95
03/08/2026 12:29,18.625,0.003,7.95
03/08/2026 11:59,17.75,0.003,7.94
03/08/2026 11:29,16.75,0.003,7.94
03/08/2026 10:59,17.625,0.003,7.94
03/08/2026 10:29,17.5,0.003,7.94
03/08/2026 09:59,17.5,0.003,7.93
03/08/2026 09:29,17.375,0.003,7.93
03/08/2026 08:59,17.375,0.003,7.93
03/08/2026 08:29,17.375,0.003,7.93
03/08/2026 07:59,17.25,0.003,7.92
03/08/2026 07:29,17.125,0.003,7.92
03/08/2026 06:59,17.25,0.003,7.92
03/08/2026 06:29,17.125,0.003,7.92
03/08/2026 05:59,17.25,0.003,7.92
03/08/2026 05:29,17.125,0.003,7.92
03/08/2026 04:59,17.5,0.003,7.93
03/08/2026 04:55,17.25,0.003,7.93
03/08/2026 03:59,17.5,0.003,7.93
03/08/2026 03:29,17.5,0.003,7.93
03/08/2026 02:59,17.5,0.003,7.93
03/08/2026 02:29,17.625,0.003,7.94
03/08/2026 01:59,17.625,0.003,7.94
03/08/2026 01:59,17.625,0.003,7.94
03/08/2026 01:29,17.625,0.003,7.94
03/08/2026 00:59,17.75,0.003,7.94
03/08/2026 00:29,18,0.003,7.94
02/08/2026 23:59,17.875,0.003,7.94
02/08/2026 23:29,17.875,0.003,7.95
02/08/2026 22:59,17.875,0.003,7.95
02/08/2026 22:29,17.75,0.003,7.95
02/08/2026 21:59,18,0.003,7.96
02/08/2026 21:29,17.875,0.003,7.95
02/08/2026 20:59,18.125,0.003,7.96
02/08/2026 20:29,18,0.003,7.95
02/08/2026 19:59,18.125,0.003,7.96
02/08/2026 19:29,18,0.003,7.96
02/08/2026 19:29,18,0.003,7.96
02/08/2026 18:59,18.125,0.003,7.96
02/08/2026 18:29,18.125,0.003,7.96
02/08/2026 17:59,18.125,0.003,7.96
02/08/2026 17:29,18.125,0.003,7.96
02/08/2026 16:59,18,0.003,7.96
02/08/2026 16:29,18,0.003,7.96
02/08/2026 15:59,18,0.003,7.96
02/08/2026 15:29,17.875,0.003,7.96
02/08/2026 14:59,17.875,0.003,7.95
02/08/2026 14:29,18.625,0.003,7.95
02/08/2026 13:59,17.75,0.003,7.94
02/08/2026 13:29,16.75,0.003,7.94
02/08/2026 12:59,17.625,0.003,7.94
02/08/2026 12:29,17.5,0.003,7.94
02/08/2026 11:59,17.5,0.003,7.94
02/08/2026 11:29,17.375,0.003,7.93
02/08/2026 10:59,17.375,0.003,7.93
02/08/2026 10:29,17.25,0.003,7.93
02/08/2026 09:59,17.125,0.003,7.93
02/08/2026 09:29,17.125,0.003,7.92
02/08/2026 08:59,17.125,0.003,7.92
02/08/2026 08:29,17,0.003,7.92
02/08/2026 08:29,17,0.003,7.92
02/08/2026 07:59,17,0.003,7.92
02/08/2026 07:29,17,0.003,7.92
02/08/2026 06:59,17,0.003,7.91
02/08/2026 06:29,17,0.003,7.92
02/08/2026 05:59,17.125,0.003,7.92
02/08/2026 05:29,17.25,0.003,7.92
02/08/2026 04:59,17.25,0.003,7.92
02/08/2026 04:29,17.375,0.003,7.93
02/08/2026 03:59,17.375,0.003,7.93
02/08/2026 03:29,17.5,0.003,7.93
02/08/2026 02:59,17.5,0.003,7.93
02/08/2026 02:29,17.5,0.003,7.93
02/08/2026 01:59,16.75,0.003,7.93
02/08/2026 01:29,17.625,0.003,7.93
02/08/2026 00:59,17.75,0.003,7.94
02/08/2026 00:29,17.75,0.003,7.94
01/08/2026 23:59,17.75,0.003,7.94
01/08/2026 23:29,17.875,0.003,7.94
01/08/2026 22:59,17.875,0.003,7.95
01/08/2026 22:29,17.875,0.003,7.95
01/08/2026 21:59,18,0.003,7.95
01/08/2026 21:29,18.125,0.003,7.95
01/08/2026 20:59,18.125,0.003,7.95
01/08/2026 20:29,18.125,0.003,7.96
01/08/2026 19:59,18.125,0.003,7.96
01/08/2026 19:29,18,0.003,7.96
01/08/2026 18:59,18.25,0.003,7.96
01/08/2026 18:29,18.25,0.003,7.96
01/08/2026 17:59,18.125,0.003,7.97
01/08/2026 17:29,18.25,0.003,7.96
01/08/2026 17:29,18.25,0.003,7.96
01/08/2026 16:59,18.125,0.003,7.96
01/08/2026 16:29,18.125,0.003,7.96
01/08/2026 15:59,18.125,0.003,7.96
01/08/2026 15:29,17.875,0.003,7.96
01/08/2026 14:59,17.75,0.003,7.95
01/08/2026 14:29,17.875,0.003,7.95
01/08/2026 13:59,17.875,0.003,7.95
01/08/2026 13:29,17.75,0.003,7.95
01/08/2026 12:59,17.5,0.003,7.94
01/08/2026 12:29,17.625,0.003,7.94
01/08/2026 11:59,17.625,0.003,7.94
01/08/2026 11:29,17.625,0.003,7.94
01/08/2026 10:59,17.5,0.003,7.93
01/08/2026 10:29,17.5,0.003,7.93
01/08/2026 09:59,17.375,0.003,7.93
01/08/2026 09:29,17.375,0.003,7.93
01/08/2026 09:29,17.375,0.003,7.93
01/08/2026 08:59,17.375,0.003,7.92
01/08/2026 08:29,17.25,0.003,7.92
01/08/2026 07:59,17.125,0.003,7.92
01/08/2026 07:29,17.125,0.003,7.92
01/08/2026 07:29,17.125,0.003,7.92
01/08/2026 06:59,17.125,0.003,7.92
01/08/2026 06:29,17.25,0.003,7.92
01/08/2026 05:59,17.125,0.003,7.92
01/08/2026 05:29,17.25,0.003,7.92
01/08/2026 04:59,17.25,0.003,7.92
01/08/2026 04:29,17.5,0.003,7.92
01/08/2026 03:59,17.375,0.003,7.92
01/08/2026 03:29,17.375,0.003,7.92
01/08/2026 02:59,17.625,0.003,7.93
01/08/2026 02:29,17.625,0.003,7.92
01/08/2026 01:59,17.625,0.003,7.93
01/08/2026 01:29,17.5,0.003,7.93
01/08/2026 00:59,16.75,0.003,7.93
01/08/2026 00:29,17.75,0.003,7.93
31/07/2026 23:59,17.75,0.003,7.93
31/07/2026 23:29,17.75,0.003,7.94
31/07/2026 22:59,17.75,0.003,7.94
31/07/2026 22:29,17.75,0.003,7.94
31/07/2026 21:59,17.75,0.003,7.95
31/07/2026 21:29,18,0.003,7.95
31/07/2026 20:59,17.875,0.003,7.95
31/07/2026 20:29,18,0.003,7.95
31/07/2026 19:59,18,0.003,7.96
31/07/2026 19:29,18,0.003,7.96
31/07/2026 18:59,18.125,0.003,7.96
31/07/2026 18:29,18.125,0.003,7.96
31/07/2026 17:59,18,0.003,7.96
31/07/2026 17:29,18,0.003,7.96
31/07/2026 16:59,17.875,0.003,7.96
31/07/2026 16:29,17.875,0.003,7.95
31/07/2026 15:59,17.875,0.003,7.95
31/07/2026 15:29,17.75,0.003,7.95
31/07/2026 14:59,16.75,0.003,7.95
31/07/2026 14:29,16.75,0.003,7.95
31/07/2026 13:59,17.625,0.003,7.95
31/07/2026 13:29,17.5,0.003,7.94
31/07/2026 12:59,17.375,0.003,7.94
31/07/2026 12:29,17.375,0.003,7.94
31/07/2026 11:59,17.25,0.003,7.93
31/07/2026 11:29,17.25,0.003,7.93
31/07/2026 10:59,17.25,0.003,7.93
31/07/2026 10:29,17.125,0.003,7.93
31/07/2026 09:59,17.125,0.003,7.93
31/07/2026 09:29,16.875,0.003,7.92
31/07/2026 08:59,17,0.003,7.92
31/07/2026 08:29,17,0.003,7.92
31/07/2026 07:59,16.875,0.003,7.92
31/07/2026 07:29,17,0.003,7.91
31/07/2026 06:59,17,0.003,7.91
31/07/2026 06:29,17,0.003,7.91
31/07/2026 05:59,17.125,0.003,7.91
31/07/2026 05:29,17,0.003,7.92
31/07/2026 04:59,17.125,0.003,7.92
31/07/2026 04:29,17.25,0.003,7.92
31/07/2026 03:59,17.375,0.003,7.92
31/07/2026 03:29,17.25,0.003,7.92
31/07/2026 02:59,17.375,0.003,7.93
31/07/2026 02:29,17.5,0.003,7.93
31/07/2026 01:59,17.625,0.003,7.93
31/07/2026 01:29,17.625,0.003,7.93
31/07/2026 00:59,17.625,0.003,7.93
31/07/2026 00:29,17.5,0.003,7.93
30/07/2026 23:59,17.625,0.003,7.94
30/07/2026 23:29,17.75,0.003,7.94
30/07/2026 22:59,16.75,0.003,7.94
30/07/2026 22:29,18,0.003,7.94
30/07/2026 21:59,18,0.003,7.94
30/07/2026 21:29,17.875,0.003,7.94
30/07/2026 20:59,17.875,0.003,7.95
30/07/2026 20:29,18,0.003,7.95
30/07/2026 19:59,18,0.003,7.95
30/07/2026 19:29,18,0.003,7.95
30/07/2026 18:59,18.25,0.003,7.95
30/07/2026 18:59,18.25,0.003,7.95
30/07/2026 18:29,18.125,0.003,7.96
30/07/2026 17:59,18.125,0.003,7.96
30/07/2026 17:29,18.125,0.003,7.95
30/07/2026 16:59,18,0.003,7.95
30/07/2026 16:29,18,0.003,7.95
30/07/2026 15:59,17.875,0.003,7.95
30/07/2026 15:29,17.875,0.003,7.94
30/07/2026 14:59,17.75,0.003,7.94
30/07/2026 14:59,17.75,0.003,7.94
30/07/2026 14:29,17.75,0.003,7.94
30/07/2026 13:59,18.625,0.003,7.94
30/07/2026 13:29,17.5,0.003,7.94
30/07/2026 12:59,17.625,0.003,7.93
30/07/2026 12:29,17.5,0.003,7.93
30/07/2026 11:59,17.5,0.003,7.93
30/07/2026 11:29,17.375,0.003,7.93
30/07/2026 10:59,17.25,0.003,7.92
30/07/2026 10:29,17.375,0.003,7.94
30/07/2026 09:59,17.375,0.003,7.93
30/07/2026 09:29,17.25,0.003,7.93
30/07/2026 08:59,17.25,0.003,7.93
30/07/2026 08:29,17,0.003,7.93
30/07/2026 07:59,17,0.003,7.92
30/07/2026 07:29,17.125,0.003,7.92
30/07/2026 06:59,17.25,0.003,7.92
30/07/2026 06:29,17.125,0.003,7.92
30/07/2026 05:59,17.25,0.003,7.92
30/07/2026 05:29,17.125,0.003,7.93
30/07/2026 04:59,17.125,0.003,7.92
30/07/2026 04:29,17.375,0.003,7.93
30/07/2026 03:59,17.25,0.003,7.93
30/07/2026 03:29,17.375,0.003,7.93
30/07/2026 02:59,17.25,0.003,7.93
30/07/2026 02:29,17.5,0.003,7.93
30/07/2026 01:59,17.625,0.003,7.94
30/07/2026 01:29,18.625,0.003,7.94
30/07/2026 00:59,17.75,0.003,7.94
30/07/2026 00:29,17.75,0.003,7.94
29/07/2026 23:59,17.75,0.003,7.94
29/07/2026 23:29,16.875,0.003,7.94
29/07/2026 22:59,17.875,0.003,7.94
29/07/2026 22:29,17.875,0.003,7.94
29/07/2026 21:59,17.875,0.003,7.95
29/07/2026 21:29,17.875,0.003,7.95
29/07/2026 20:59,17.875,0.002,7.95
29/07/2026 20:29,17.875,0.001,7.95
29/07/2026 19:59,18,0.002,7.95
29/07/2026 19:29,18,0.002,7.95
29/07/2026 18:59,18.25,0.003,7.95
29/07/2026 18:29,18.125,0.003,7.95
29/07/2026 17:59,18.125,0.003,7.95
29/07/2026 17:29,18.125,0.003,7.95
29/07/2026 16:59,18,0.003,7.94
29/07/2026 16:29,18,0.003,7.94
29/07/2026 15:59,18,0.003,7.94
29/07/2026 15:29,18,0.003,7.93
29/07/2026 14:59,17.875,0.003,7.93
29/07/2026 14:29,17.625,0.003,7.93
29/07/2026 13:59,16.75,0.003,7.92
29/07/2026 13:29,17.625,0.003,7.92
29/07/2026 12:59,17.5,0.003,7.91
29/07/2026 12:29,17.5,0.003,7.91
29/07/2026 12:29,17.5,0.003,7.91
29/07/2026 11:59,17.375,0.003,7.91
29/07/2026 11:29,17.375,0.003,7.9
29/07/2026 10:59,17.375,0.003,7.9
29/07/2026 10:29,17.375,0.003,7.9
29/07/2026 09:59,17.25,0.003,7.89
29/07/2026 09:29,17.125,0.003,7.89
29/07/2026 08:59,17.25,0.003,7.88
29/07/2026 08:59,17.25,0.003,7.88
29/07/2026 08:29,17.25,0.003,7.88
29/07/2026 07:59,17.125,0.003,7.87
29/07/2026 07:29,17.125,0.003,7.87
29/07/2026 07:29,17.125,0.003,7.87
29/07/2026 06:59,17.125,0.003,7.87
29/07/2026 06:29,17.125,0.003,7.87
29/07/2026 05:59,17.125,0.003,7.86
29/07/2026 05:29,17,0.003,7.87
29/07/2026 04:59,17.125,0.003,7.86
29/07/2026 04:29,17.25,0.003,7.86
29/07/2026 03:59,17.125,0.003,7.86
29/07/2026 03:29,17.25,0.003,7.86
29/07/2026 02:59,17.375,0.003,7.86
29/07/2026 02:29,17.375,0.003,7.86
29/07/2026 01:59,17.5,0.003,7.86
29/07/2026 01:29,17.5,0.003,7.85
29/07/2026 00:59,17.625,0.003,7.85
29/07/2026 00:29,17.625,0.003,7.85
28/07/2026 23:59,18.625,0.003,7.85
28/07/2026 23:29,17.875,0.003,7.85
28/07/2026 22:59,18,0.003,7.84
28/07/2026 22:29,18,0.003,7.84
28/07/2026 21:59,18,0.003,7.84
28/07/2026 21:29,18,0.003,7.84
28/07/2026 20:59,18,0.003,7.84
28/07/2026 20:29,18.125,0.003,7.83
28/07/2026 19:59,18.25,0.003,7.83
28/07/2026 19:29,18.375,0.003,7.83
28/07/2026 18:59,18.375,0.003,7.82
28/07/2026 18:29,18.5,0.003,7.82
28/07/2026 17:59,18.375,0.003,7.82
28/07/2026 17:29,18.5,0.003,7.81
28/07/2026 16:59,18.5,0.003,7.81
28/07/2026 16:29,18.5,0.003,7.8
28/07/2026 15:59,18.375,0.003,7.79
28/07/2026 15:59,18.375,0.003,7.79
28/07/2026 15:29,18.5,0.003,7.79
28/07/2026 14:59,18.5,0.003,7.78
28/07/2026 14:29,18.375,0.003,7.78
28/07/2026 13:59,18.5,0.003,7.78
28/07/2026 13:29,18.375,0.003,7.79
28/07/2026 12:59,18.625,0.003,7.8
28/07/2026 12:29,18.5,0.003,7.82
28/07/2026 11:59,18.625,0.003,7.84
28/07/2026 11:59,18.625,0.003,7.84
28/07/2026 11:29,19,0.003,7.88
28/07/2026 10:59,17.625,0.003,7.88
28/07/2026 10:29,17.5,0.003,7.91
28/07/2026 09:59,17.375,0.003,7.93
28/07/2026 09:29,17.25,0.003,7.95
28/07/2026 08:59,17,0.003,7.96
28/07/2026 08:59,17,0.003,7.96
28/07/2026 08:29,17.125,0.003,7.97
28/07/2026 07:59,17,0.003,7.97
28/07/2026 07:29,16.875,0.003,7.96
28/07/2026 06:59,16.875,0.003,7.96
28/07/2026 06:29,17,0.003,7.96
28/07/2026 05:59,17,0.003,7.96
28/07/2026 05:29,17,0.003,7.96
28/07/2026 04:59,17.125,0.003,7.97
28/07/2026 04:29,17.125,0.003,7.97
28/07/2026 03:59,17,0.003,7.97
28/07/2026 03:29,17.125,0.003,7.97
28/07/2026 02:59,17.25,0.003,7.97
28/07/2026 02:29,17.25,0.003,7.97
28/07/2026 01:59,17.25,0.003,7.98
28/07/2026 01:29,17.125,0.003,7.98
28/07/2026 00:59,17.375,0.003,7.98
28/07/2026 00:29,17.5,0.003,7.98
27/07/2026 23:59,17.5,0.003,7.99
27/07/2026 23:29,17.625,0.003,7.99
27/07/2026 22:59,17.625,0.003,7.99
27/07/2026 22:29,17.625,0.003,7.99
27/07/2026 21:59,17.625,0.003,8
27/07/2026 21:29,16.75,0.003,8
27/07/2026 20:59,16.75,0.003,8
27/07/2026 20:29,17.75,0.003,8
27/07/2026 20:25,18.625,0.003,8
27/07/2026 19:29,17.75,0.003,8.01
27/07/2026 18:59,17.875,0.003,8.01
27/07/2026 18:29,17.875,0.003,8.01
27/07/2026 17:59,17.875,0.002,8.01
27/07/2026 17:29,17.875,0.003,8.01
27/07/2026 16:59,17.75,0.003,8.01
27/07/2026 16:29,17.75,0.003,8.01
27/07/2026 15:59,17.75,0.003,8.01
27/07/2026 15:29,16.75,0.003,8
27/07/2026 14:59,17.625,0.003,8
27/07/2026 14:29,17.375,0.003,8
27/07/2026 13:59,17.5,0.003,8
27/07/2026 13:29,17.25,0.003,7.99
27/07/2026 12:59,17.125,0.003,7.99
27/07/2026 12:29,17.375,0.003,7.99
27/07/2026 11:59,17.25,0.003,7.98
27/07/2026 11:29,17.125,0.003,7.98
27/07/2026 10:59,17,0.003,7.98
27/07/2026 10:29,16.875,0.003,7.98
27/07/2026 09:59,16.875,0.003,7.98
27/07/2026 09:29,16.875,0.003,7.98
27/07/2026 08:59,16.875,0.003,7.97
27/07/2026 08:29,16.75,0.003,7.97
27/07/2026 07:59,16.75,0.003,7.97
27/07/2026 07:29,16.75,0.003,7.96
27/07/2026 06:59,16.5,0.003,7.96
27/07/2026 06:29,15.75,0.003,7.96
27/07/2026 05:59,17.625,0.003,7.96
27/07/2026 05:29,16.75,0.003,7.96
27/07/2026 04:59,16.875,0.003,7.96
27/07/2026 04:29,16.875,0.003,7.97
27/07/2026 03:59,16.875,0.003,7.97
27/07/2026 03:29,16.875,0.003,7.97
27/07/2026 02:59,17.125,0.003,7.97
27/07/2026 02:29,17,0.003,7.97
27/07/2026 02:29,17,0.003,7.97
27/07/2026 01:59,17.125,0.003,7.98
27/07/2026 01:29,17.125,0.003,7.98
27/07/2026 00:59,17.25,0.003,7.98
27/07/2026 00:29,17.125,0.003,7.98
26/07/2026 23:59,17.375,0.003,7.99
26/07/2026 23:29,17.25,0.003,7.99
26/07/2026 22:59,17.625,0.003,7.99
26/07/2026 22:29,18.625,0.003,7.99
26/07/2026 21:59,17.625,0.003,7.99
26/07/2026 21:29,17.5,0.003,8
26/07/2026 20:59,16.75,0.003,8
26/07/2026 20:29,17.625,0.003,8
26/07/2026 19:59,18.625,0.003,8
26/07/2026 19:29,17.625,0.003,8.01
26/07/2026 18:59,18.625,0.003,8.01
26/07/2026 18:59,18.625,0.003,8.01
26/07/2026 18:29,18.5,0.003,8.01
26/07/2026 17:59,17.625,0.003,8.01
26/07/2026 17:29,16.75,0.003,8.01
26/07/2026 16:59,17.625,0.003,8.01
26/07/2026 16:29,17.375,0.003,8
26/07/2026 15:59,17.5,0.003,8
26/07/2026 15:29,17.375,0.003,8
26/07/2026 14:59,17.375,0.003,8
26/07/2026 14:29,17.25,0.003,7.99
26/07/2026 13:59,17.25,0.003,7.99
26/07/2026 13:29,17,0.003,7.99
26/07/2026 12:59,17,0.003,7.98
26/07/2026 12:29,17.125,0.003,7.98
26/07/2026 11:59,17,0.003,7.98
26/07/2026 11:29,16.875,0.003,7.98
26/07/2026 10:59,16.875,0.003,7.97
26/07/2026 10:29,16.75,0.003,7.97
26/07/2026 09:59,16.875,0.003,7.97
26/07/2026 09:29,16.75,0.003,7.96
26/07/2026 08:59,16.625,0.003,7.96
26/07/2026 08:29,16.625,0.003,7.96
26/07/2026 07:59,16.625,0.003,7.96
26/07/2026 07:29,16.625,0.003,7.95
26/07/2026 06:59,16.625,0.003,7.95
26/07/2026 06:29,17.625,0.003,7.95
26/07/2026 05:59,16.625,0.003,7.95
26/07/2026 05:29,16.875,0.003,7.95
26/07/2026 04:59,16.75,0.003,7.96
26/07/2026 04:29,16.75,0.003,7.96
26/07/2026 03:59,17.125,0.003,7.96
26/07/2026 03:29,17,0.003,7.96
26/07/2026 02:59,17,0.003,7.96
26/07/2026 02:29,17,0.003,7.96
26/07/2026 01:59,17.25,0.003,7.97
26/07/2026 01:29,17.125,0.003,7.97
26/07/2026 00:59,17.375,0.003,7.97
26/07/2026 00:29,17.5,0.003,7.97
25/07/2026 23:59,17.5,0.003,7.97
25/07/2026 23:29,17.625,0.003,7.98
25/07/2026 22:59,16.75,0.003,7.98
25/07/2026 22:29,16.75,0.003,7.98
25/07/2026 21:59,16.75,0.003,7.98
25/07/2026 21:29,16.75,0.003,7.98
25/07/2026 20:59,18.625,0.003,7.99
25/07/2026 20:29,16.75,0.003,7.99
25/07/2026 19:59,18.625,0.003,7.99
25/07/2026 19:29,17.625,0.003,7.99
25/07/2026 18:59,18.625,0.003,7.99
25/07/2026 18:29,17.5,0.003,7.99
25/07/2026 17:59,16.75,0.003,7.99
25/07/2026 17:29,17.625,0.003,7.99
25/07/2026 16:59,17.5,0.003,7.99
25/07/2026 16:29,17.5,0.003,7.99
25/07/2026 15:59,17.5,0.003,7.99
25/07/2026 15:29,17.375,0.003,7.98
25/07/2026 14:59,17.25,0.003,7.98
25/07/2026 14:29,17.125,0.003,7.98
25/07/2026 13:59,17.25,0.003,7.97
25/07/2026 13:29,17.125,0.003,7.97
25/07/2026 12:59,17,0.003,7.97
25/07/2026 12:29,16.875,0.003,7.96
25/07/2026 11:59,16.875,0.003,7.96
25/07/2026 11:29,16.75,0.003,7.96
25/07/2026 10:59,16.875,0.003,7.95
25/07/2026 10:29,16.75,0.003,7.95
25/07/2026 09:59,16.625,0.003,7.95
25/07/2026 09:29,16.625,0.003,7.94
25/07/2026 08:59,16.625,0.003,7.94
25/07/2026 08:29,16.625,0.003,7.94
25/07/2026 07:59,17.625,0.003,7.93
25/07/2026 07:29,16.625,0.003,7.93
25/07/2026 06:59,16.625,0.003,7.93
25/07/2026 06:29,17.625,0.003,7.93
25/07/2026 05:59,16.75,0.003,7.93
25/07/2026 05:29,16.875,0.003,7.93
25/07/2026 04:59,16.875,0.003,7.93
25/07/2026 04:29,17,0.003,7.93
25/07/2026 03:59,17,0.003,7.93
25/07/2026 03:59,17,0.003,7.93
25/07/2026 03:29,17,0.003,7.93
25/07/2026 02:59,17.125,0.003,7.93
25/07/2026 02:29,17.25,0.003,7.93
25/07/2026 01:59,17.125,0.003,7.93
25/07/2026 01:59,17.125,0.003,7.93
25/07/2026 01:29,17.25,0.003,7.93
25/07/2026 00:59,17.375,0.003,7.94
25/07/2026 00:29,17.375,0.003,7.94
24/07/2026 23:59,17.625,0.003,7.94
24/07/2026 23:29,17.625,0.003,7.94
24/07/2026 22:59,17.75,0.003,7.94
24/07/2026 22:29,17.875,0.003,7.94
24/07/2026 21:59,17.875,0.003,7.94
24/07/2026 21:29,17.875,0.003,7.94
24/07/2026 20:59,17.875,0.003,7.94
24/07/2026 20:29,17.875,0.003,7.94
24/07/2026 19:59,17.875,0.003,7.94
24/07/2026 19:29,17.875,0.003,7.93
24/07/2026 18:59,18,0.003,7.93
24/07/2026 18:29,17.875,0.003,7.93
24/07/2026 18:29,17.875,0.003,7.93
24/07/2026 17:59,18,0.003,7.93
24/07/2026 17:29,17.875,0.003,7.93
24/07/2026 16:59,17.75,0.003,7.92
24/07/2026 16:29,17.875,0.003,7.92
24/07/2026 15:59,17.625,0.003,7.91
24/07/2026 15:29,17.625,0.003,7.91
24/07/2026 14:59,17.625,0.003,7.9
24/07/2026 14:29,17.5,0.003,7.9
24/07/2026 13:59,17.5,0.003,7.89
24/07/2026 13:29,17.5,0.003,7.89
24/07/2026 12:59,17.25,0.003,7.88
24/07/2026 12:29,17.375,0.003,7.88
24/07/2026 11:59,17.25,0.003,7.88
24/07/2026 11:29,17.375,0.003,7.88
24/07/2026 10:59,17.25,0.003,7.89
24/07/2026 10:59,17.25,0.003,7.89
24/07/2026 10:29,17,0.003,7.89
24/07/2026 09:59,17,0.003,7.9
24/07/2026 09:29,16.875,0.003,7.92
24/07/2026 08:59,16.75,0.003,7.94
24/07/2026 08:29,17.625,0.003,7.94
24/07/2026 07:59,16.625,0.003,7.94
24/07/2026 07:29,16.75,0.003,7.94
24/07/2026 06:59,16.625,0.003,7.93
24/07/2026 06:29,16.625,0.003,7.93
24/07/2026 05:59,17.625,0.003,7.93
24/07/2026 05:29,16.625,0.003,7.93
24/07/2026 04:59,16.75,0.003,7.93
24/07/2026 04:29,16.875,0.003,7.93
24/07/2026 03:59,16.75,0.003,7.93
24/07/2026 03:29,15.75,0.003,7.94
24/07/2026 02:59,16.875,0.003,7.94
24/07/2026 02:29,16.875,0.003,7.94
24/07/2026 01:59,17,0.003,7.94
24/07/2026 01:29,16.875,0.003,7.94
24/07/2026 00:59,17,0.003,7.94
24/07/2026 00:29,17.125,0.003,7.94
23/07/2026 23:59,17,0.003,7.94
23/07/2026 23:29,17,0.003,7.94
23/07/2026 22:59,17,0.003,7.94
23/07/2026 22:29,17.125,0.003,7.94
23/07/2026 21:59,17.125,0.003,7.94
23/07/2026 21:29,17,0.003,7.94
23/07/2026 20:59,17,0.003,7.94
23/07/2026 20:59,17,0.003,7.94
23/07/2026 20:29,16.875,0.003,7.94
23/07/2026 19:59,16.875,0.003,7.94
23/07/2026 19:29,16.875,0.003,7.94
23/07/2026 19:29,16.875,0.003,7.94
23/07/2026 18:59,17,0.003,7.94
23/07/2026 18:29,16.875,0.003,7.94
23/07/2026 17:59,16.75,0.003,7.94
23/07/2026 17:29,16.625,0.003,7.93
23/07/2026 16:59,16.5,0.003,7.93
23/07/2026 16:29,16.375,0.003,7.92
23/07/2026 15:59,16.625,0.003,7.92
23/07/2026 15:29,16.75,0.003,7.92
23/07/2026 14:59,16.625,0.003,7.91
23/07/2026 14:29,16.5,0.003,7.91
23/07/2026 13:59,16.375,0.003,7.9
23/07/2026 13:59,16.375,0.003,7.9
23/07/2026 13:29,16.125,0.003,7.9
23/07/2026 12:59,16,0.003,7.89
23/07/2026 12:29,15.875,0.003,7.89
23/07/2026 11:59,16.5,0.003,7.88
23/07/2026 11:29,15.375,0.003,7.88
23/07/2026 10:59,15.125,0.003,7.88
23/07/2026 10:29,15,0.003,7.88
23/07/2026 10:29,15,0.003,7.88
23/07/2026 09:59,15,0.003,7.89
23/07/2026 09:29,15.375,0.003,7.91
23/07/2026 08:59,15.875,0.003,7.92
23/07/2026 08:29,16.25,0.003,7.93
23/07/2026 07:59,16.625,0.003,7.94
23/07/2026 07:29,16.875,0.003,7.94
23/07/2026 06:59,16.875,0.003,7.94
23/07/2026 06:29,16.875,0.003,7.94
23/07/2026 05:59,17.125,0.003,7.94
23/07/2026 05:29,17,0.003,7.94
23/07/2026 04:59,17.125,0.003,7.94
23/07/2026 04:29,17,0.003,7.94
23/07/2026 03:59,17,0.003,7.94
23/07/2026 03:29,17.125,0.003,7.94
23/07/2026 02:59,17.375,0.003,7.94
23/07/2026 02:29,17.375,0.002,7.94
23/07/2026 01:59,17.375,0.002,7.95
23/07/2026 01:29,17.5,0.002,7.95
23/07/2026 00:59,17.625,0.001,7.95
23/07/2026 00:29,16.75,0.001,7.95
22/07/2026 23:59,17.875,0.001,7.95
22/07/2026 23:29,17.875,0.001,7.95
22/07/2026 22:59,17.875,0.001,7.95
22/07/2026 22:29,18.125,0.001,7.95
22/07/2026 21:59,18.25,0.001,7.96
22/07/2026 21:29,18.25,0.001,7.96
22/07/2026 20:59,18.25,0.001,7.96
22/07/2026 20:29,18.375,0.001,7.96
22/07/2026 19:59,18.375,0.001,7.96
22/07/2026 19:29,18.5,0.001,7.96
22/07/2026 18:59,17.75,0.001,7.96
22/07/2026 18:29,17.75,0.001,7.97
22/07/2026 17:59,17.75,0.001,7.96
22/07/2026 17:59,17.75,0.001,7.96
22/07/2026 17:29,18.625,0.001,7.96
22/07/2026 16:59,18.625,0.001,7.96
22/07/2026 16:29,17.75,0.001,7.96
22/07/2026 15:59,18.625,0.001,7.96
22/07/2026 15:29,17.75,0.001,7.95
22/07/2026 14:59,18.625,0.001,7.95
22/07/2026 14:29,18.5,0.001,7.95
22/07/2026 13:59,18.5,0.001,7.95
22/07/2026 13:29,18.5,0.001,7.96
22/07/2026 12:59,18.5,0.001,7.96
22/07/2026 12:29,18.75,0.001,7.97
22/07/2026 11:59,17.75,0.001,7.98
22/07/2026 11:29,18.875,0.001,7.99
22/07/2026 10:59,18.875,0.001,8
22/07/2026 10:59,18.875,0.001,8
22/07/2026 10:29,18.125,0.001,8.01
22/07/2026 09:59,15.875,0.001,7.99
22/07/2026 09:29,16,0.001,7.99
22/07/2026 08:59,16.125,0.001,8
22/07/2026 08:29,16.625,0.001,8.01
22/07/2026 07:59,15.75,0.001,8.02
22/07/2026 07:29,16.375,0.001,8.01
22/07/2026 06:59,16.5,0.001,8.01
22/07/2026 06:29,16.5,0.001,8.01
22/07/2026 05:59,16.625,0.001,8.02
22/07/2026 05:29,16.5,0.001,8.02
22/07/2026 04:59,16.5,0.001,8.02
22/07/2026 04:29,15.75,0.001,8.02
22/07/2026 03:59,16.625,0.001,8.02
22/07/2026 03:29,16.625,0.001,8.02
22/07/2026 02:59,16.625,0.001,8.02
22/07/2026 02:29,15.75,0.001,8.02
22/07/2026 01:59,16.625,0.001,8.03
22/07/2026 01:29,16.75,0.001,8.03
22/07/2026 00:59,16.75,0.001,8.03
22/07/2026 00:29,16.75,0.001,8.03
21/07/2026 23:59,16.625,0.001,8.03
21/07/2026 23:29,16.875,0.001,8.03
21/07/2026 22:59,16.875,0.001,8.03
21/07/2026 22:29,16.875,0.001,8.04
21/07/2026 21:59,17,0.001,8.04
21/07/2026 21:29,16.75,0.001,8.04
21/07/2026 20:59,16.75,0.001,8.04
21/07/2026 20:29,16.75,0.001,8.04
21/07/2026 19:59,16.625,0.001,8.04
21/07/2026 19:29,16.625,0.001,8.04
21/07/2026 18:59,16.625,0.001,8.04
21/07/2026 18:29,17.625,0.001,8.04
21/07/2026 17:59,16.625,0.001,8.04
21/07/2026 17:29,16.5,0.001,8.04
21/07/2026 16:59,16.5,0.001,8.04
21/07/2026 16:29,16.375,0.001,8.04
21/07/2026 15:59,16.25,0.001,8.04
21/07/2026 15:59,16.25,0.001,8.04
21/07/2026 15:29,16.25,0.001,8.03
21/07/2026 14:59,15.875,0.001,8.03
21/07/2026 14:29,15.875,0.001,8.03
21/07/2026 13:59,15.625,0.001,8.02
21/07/2026 13:29,15.5,0.001,8.02
21/07/2026 12:59,15.5,0.001,8.02
21/07/2026 12:59,15.5,0.001,8.02
21/07/2026 12:29,15,0.001,8.01
21/07/2026 11:59,14.875,0.001,8.01
21/07/2026 11:29,14.625,0.001,8.01
21/07/2026 10:59,14.375,0.001,8
21/07/2026 10:29,14.125,0.001,8
21/07/2026 09:59,14.5,0.001,8
21/07/2026 09:29,15.25,0.001,8
21/07/2026 08:59,16,0.001,8.01
21/07/2026 08:29,16.375,0.001,8.01
21/07/2026 07:59,16.25,0.001,8.01
21/07/2026 07:29,16.25,0.001,8.01
21/07/2026 06:59,16.125,0.001,8.01
21/07/2026 06:29,16.25,0.001,8.01
21/07/2026 05:59,16.125,0.001,8.01
21/07/2026 05:29,16.25,0.001,8.01
21/07/2026 04:59,16.125,0.001,8.01
21/07/2026 04:29,16,0.001,8.01
21/07/2026 03:59,16.125,0.001,8.01
21/07/2026 03:29,16,0.001,8.01
21/07/2026 02:59,16,0.001,8.01
21/07/2026 02:29,16,0.001,8.01
21/07/2026 01:59,16.125,0.001,8.02
21/07/2026 01:29,15.875,0.001,8.02
21/07/2026 01:29,15.875,0.001,8.02
21/07/2026 00:59,16,0.001,8.02
21/07/2026 00:59,16,0.001,8.02
21/07/2026 00:29,15.875,0.001,8.02
20/07/2026 23:59,15.875,0.001,8.02
20/07/2026 23:29,15.75,0.001,8.02
20/07/2026 23:29,15.75,0.001,8.02
20/07/2026 22:59,16.625,0.001,8.02
20/07/2026 22:29,15.75,0.001,8.02
20/07/2026 21:59,15.5,0.001,8.02
20/07/2026 21:29,15.5,0.001,8.02
20/07/2026 20:59,15.375,0.001,8.03
20/07/2026 20:29,15.25,0.001,8.02
20/07/2026 19:59,15,0.001,8.03
20/07/2026 19:29,14.75,0.001,8.03
20/07/2026 18:59,14.5,0.001,8.02
20/07/2026 18:29,14.625,0.001,8.02
20/07/2026 17:59,14.125,0.001,8.02
20/07/2026 17:29,14,0.001,8.02
20/07/2026 16:59,14.75,0.001,8.02
20/07/2026 16:29,15.25,0.001,8.03
20/07/2026 15:59,15.875,0.001,8.03
20/07/2026 15:29,16.125,0.001,8.03
20/07/2026 14:59,16,0.001,8.03
20/07/2026 14:29,15.875,0.001,8.03
20/07/2026 13:59,15.5,0.001,8.02
20/07/2026 13:29,15.375,0.001,8.02
20/07/2026 12:59,15,0.001,8.02
20/07/2026 12:29,14.875,0.001,8.02
20/07/2026 11:59,14.5,0.001,8.02
20/07/2026 11:29,14.125,0.001,8.01
20/07/2026 10:59,14,0.001,8.01
20/07/2026 10:29,14.5,0.001,8.01
20/07/2026 09:59,14.875,0.001,8.02
20/07/2026 09:29,15.75,0.001,8.02
20/07/2026 08:59,16.375,0.001,8.03
20/07/2026 08:29,17,0.001,8.03
20/07/2026 07:59,16.75,0.001,8.03
20/07/2026 07:29,16.875,0.001,8.02
20/07/2026 06:59,16.875,0.001,8.03
20/07/2026 06:29,16.875,0.001,8.03
20/07/2026 05:59,16.75,0.001,8.03
20/07/2026 05:29,17,0.001,8.03
20/07/2026 05:29,17,0.001,8.03
20/07/2026 04:59,17,0.001,8.03
20/07/2026 04:29,17,0.001,8.03
20/07/2026 03:59,16.875,0.001,8.03
20/07/2026 03:29,17,0.001,8.03
20/07/2026 02:59,17.125,0.001,8.04
20/07/2026 02:29,17.125,0.001,8.04
20/07/2026 01:59,17,0.001,8.04
20/07/2026 01:29,17.25,0.001,8.04
20/07/2026 00:59,17.25,0.001,8.04
20/07/2026 00:29,17.375,0.001,8.05
19/07/2026 23:59,17.375,0.001,8.05
19/07/2026 23:29,17.375,0.001,8.05
19/07/2026 22:59,17.375,0.001,8.05
19/07/2026 22:59,17.375,0.001,8.05
19/07/2026 22:29,17.625,0.001,8.05
19/07/2026 21:59,17.5,0.001,8.06
19/07/2026 21:29,17.625,0.001,8.06
19/07/2026 20:59,17.5,0.001,8.06
19/07/2026 20:29,17.5,0.001,8.06
19/07/2026 19:59,17.5,0.001,8.06
19/07/2026 19:29,17.375,0.001,8.06
19/07/2026 18:59,17.5,0.001,8.06
19/07/2026 18:29,17.5,0.001,8.06
19/07/2026 17:59,17.625,0.001,8.06
19/07/2026 17:29,17.375,0.001,8.06
19/07/2026 16:59,17.5,0.001,8.06
19/07/2026 16:29,17.25,0.001,8.06
19/07/2026 15:59,17.375,0.001,8.06
19/07/2026 15:29,18.625,0.001,8.06
19/07/2026 14:59,17.625,0.001,8.06
19/07/2026 14:29,17.625,0.001,8.05
19/07/2026 13:59,17.5,0.001,8.05
19/07/2026 13:29,17.25,0.001,8.05
19/07/2026 12:59,17.375,0.001,8.04
19/07/2026 12:29,17.25,0.001,8.04
19/07/2026 11:59,17.125,0.001,8.04
19/07/2026 11:29,17.125,0.001,8.04
19/07/2026 10:59,17.125,0.001,8.03
19/07/2026 10:29,16.875,0.001,8.03
19/07/2026 09:59,16.75,0.001,8.03
19/07/2026 09:29,16.75,0.001,8.02
19/07/2026 08:59,16.625,0.001,8.02
19/07/2026 08:59,16.625,0.001,8.02
19/07/2026 08:29,16.625,0.001,8.02
19/07/2026 07:59,16.5,0.001,8.02
19/07/2026 07:59,16.5,0.001,8.02
19/07/2026 07:29,16.5,0.001,8.02
19/07/2026 06:59,16.5,0.001,8.02
19/07/2026 06:29,16.5,0.001,8.02
19/07/2026 05:59,16.5,0.001,8.02
19/07/2026 05:29,16.5,0.001,8.02
19/07/2026 04:59,16.5,0.001,8.02
19/07/2026 04:59,16.5,0.001,8.02
19/07/2026 04:29,16.5,0.001,8.02
19/07/2026 03:59,16.5,0.001,8.02
19/07/2026 03:29,16.375,0.001,8.02
19/07/2026 02:59,16.5,0.001,8.02
19/07/2026 02:29,16.625,0.001,8.03
19/07/2026 01:59,16.5,0.001,8.03
19/07/2026 01:29,16.5,0.001,8.03
19/07/2026 00:59,16.625,0.001,8.03
19/07/2026 00:59,16.625,0.001,8.03
19/07/2026 00:29,16.5,0.001,8.03
18/07/2026 23:59,17.625,0.001,8.03
18/07/2026 23:29,16.625,0.001,8.04
18/07/2026 22:59,16.625,0.001,8.04
18/07/2026 22:29,16.625,0.001,8.04
18/07/2026 21:59,16.5,0.001,8.04
18/07/2026 21:29,16.375,0.001,8.04
18/07/2026 21:29,16.375,0.001,8.04
18/07/2026 20:59,16.375,0.001,8.04
18/07/2026 20:29,16.125,0.001,8.04
18/07/2026 19:59,16.25,0.001,8.05
18/07/2026 19:29,17.375,0.001,8.05
18/07/2026 18:59,18,0.001,8.06
18/07/2026 18:29,18.25,0.001,8.06
18/07/2026 17:59,18.125,0.001,8.06
18/07/2026 17:59,18.125,0.001,8.06
18/07/2026 17:29,18,0.001,8.05
18/07/2026 16:59,18,0.001,8.05
18/07/2026 16:29,18,0.001,8.05
18/07/2026 15:59,18,0.001,8.05
18/07/2026 15:29,17.875,0.001,8.05
18/07/2026 14:59,17.875,0.001,8.04
18/07/2026 14:29,17.875,0.001,8.04
18/07/2026 13:59,17.75,0.001,8.04
18/07/2026 13:29,18.625,0.001,8.03
18/07/2026 12:59,17.625,0.001,8.03
18/07/2026 12:29,17.625,0.001,8.03
18/07/2026 11:59,17.375,0.001,8.02
18/07/2026 11:29,17.375,0.001,8.02
18/07/2026 10:59,17.375,0.001,8.02
18/07/2026 10:29,17.25,0.001,8.01
18/07/2026 09:59,17.375,0.001,8.01
18/07/2026 09:29,17.125,0.001,8
18/07/2026 08:59,17.125,0.001,8
18/07/2026 08:29,17.125,0.001,8
18/07/2026 07:59,17.125,0.001,7.99
18/07/2026 07:29,16.875,0.001,8
18/07/2026 06:59,16.875,0.001,8
18/07/2026 06:29,17,0.001,7.99
18/07/2026 05:59,16.875,0.001,8
18/07/2026 05:29,17.125,0.001,8
18/07/2026 04:59,17.125,0.001,8
18/07/2026 04:29,17,0.001,8
18/07/2026 03:59,17.125,0.001,8
18/07/2026 03:59,17.125,0.001,8
18/07/2026 03:29,17.125,0.001,8
18/07/2026 03:29,17.125,0.001,8
18/07/2026 02:59,17.25,0.001,8
18/07/2026 02:29,17.375,0.001,8
18/07/2026 01:59,17.375,0.001,8.01
18/07/2026 01:29,17.375,0.001,8
18/07/2026 00:59,17.375,0.001,8.01
18/07/2026 00:29,17.5,0.001,8.01
17/07/2026 23:59,17.625,0.001,8.01
17/07/2026 23:29,17.625,0.001,8.01
17/07/2026 22:59,17.75,0.001,8.01
17/07/2026 22:29,17.75,0.001,8.01
17/07/2026 21:59,17.875,0.001,8.01
17/07/2026 21:29,17.875,0.001,8.01
17/07/2026 20:59,17.75,0.001,8.01
17/07/2026 20:29,17.75,0.001,8.01
17/07/2026 19:59,17.875,0.001,8.01
17/07/2026 19:29,18,0.001,8.02
17/07/2026 18:59,17.875,0.001,8.02
17/07/2026 18:59,17.875,0.001,8.02
17/07/2026 18:29,17.75,0.001,8.02
17/07/2026 17:59,17.875,0.001,8.02
17/07/2026 17:55,17.875,0.001,8.02
17/07/2026 17:29,17.75,0.001,8.02
17/07/2026 16:59,17.875,0.001,8.01
17/07/2026 16:29,17.875,0.001,8.01
17/07/2026 15:59,17.75,0.001,8
17/07/2026 15:29,17.625,0.001,8.01
17/07/2026 14:59,17.625,0.001,8
17/07/2026 14:29,17.625,0.001,8
17/07/2026 13:59,17.5,0.001,7.99
17/07/2026 13:29,17.375,0.001,7.99
17/07/2026 12:59,17.25,0.001,7.98
17/07/2026 12:29,17.125,0.001,7.98
17/07/2026 11:59,17,0.001,7.98
17/07/2026 11:29,17.125,0.001,7.97
17/07/2026 10:59,16.875,0.001,7.97
17/07/2026 10:29,17,0.001,7.97
17/07/2026 09:59,16.875,0.001,7.97
17/07/2026 09:29,16.75,0.001,7.96
17/07/2026 08:59,16.625,0.001,7.96
17/07/2026 08:29,16.625,0.001,7.95
17/07/2026 07:59,16.625,0.001,7.95
17/07/2026 07:59,16.625,0.001,7.95
17/07/2026 07:29,16.375,0.001,7.95
17/07/2026 06:59,16.5,0.001,7.95
17/07/2026 06:29,16.5,0.001,7.95
17/07/2026 05:59,16.5,0.001,7.94
17/07/2026 05:29,16.5,0.001,7.95
17/07/2026 04:59,16.625,0.001,7.94
17/07/2026 04:29,16.5,0.001,7.94
17/07/2026 03:59,16.5,0.001,7.94
17/07/2026 03:29,16.625,0.001,7.94
17/07/2026 02:59,16.5,0.001,7.94
17/07/2026 02:29,16.5,0.001,7.94
17/07/2026 01:59,16.5,0.001,7.94
17/07/2026 01:29,16.625,0.001,7.94
17/07/2026 00:59,16.375,0.001,7.94
17/07/2026 00:29,16.375,0.001,7.94
16/07/2026 23:59,16.25,0.001,7.94
16/07/2026 23:29,16,0.001,7.94
16/07/2026 22:59,15.875,0.001,7.94
16/07/2026 22:29,15.875,0.001,7.94
16/07/2026 21:59,15.625,0.001,7.93
16/07/2026 21:29,16.125,0.001,7.94
16/07/2026 20:59,16.375,0.001,7.94
16/07/2026 20:29,16.875,0.001,7.94
16/07/2026 19:59,17.375,0.001,7.94
16/07/2026 19:29,17.125,0.001,7.95
16/07/2026 18:59,17.25,0.001,7.95
16/07/2026 18:29,17.125,0.001,7.95
16/07/2026 17:59,17.125,0.001,7.94
16/07/2026 17:29,16.875,0.001,7.94
16/07/2026 16:59,16.75,0.001,7.94
16/07/2026 16:29,16.875,0.001,7.94
16/07/2026 15:59,17.5,0.001,7.94
16/07/2026 15:29,18.25,0.001,7.94
16/07/2026 14:59,18.5,0.001,7.95
16/07/2026 14:59,18.5,0.001,7.95
16/07/2026 14:29,18.25,0.001,7.95
16/07/2026 13:59,18.25,0.001,7.95
16/07/2026 13:29,18,0.001,7.95
16/07/2026 12:59,18,0.001,7.96
16/07/2026 12:29,17.875,0.001,7.96
16/07/2026 11:59,16.75,0.001,7.96
16/07/2026 11:29,17.625,0.001,7.96
16/07/2026 10:59,17.5,0.001,7.96
16/07/2026 10:29,17.5,0.001,7.96
16/07/2026 09:59,17.375,0.001,7.96
16/07/2026 09:29,17.375,0.001,7.96
16/07/2026 08:59,17.375,0.001,7.96
16/07/2026 08:29,17.25,0.001,7.95
16/07/2026 07:59,17.125,0.001,7.95
16/07/2026 07:29,17.125,0.001,7.94
16/07/2026 06:59,17.125,0.001,7.94
16/07/2026 06:29,17.125,0.001,7.94
16/07/2026 06:29,17.125,0.001,7.94
16/07/2026 05:59,17.125,0.001,7.94
16/07/2026 05:29,17.375,0.001,7.94
16/07/2026 04:59,17.25,0.001,7.94
16/07/2026 04:29,17.25,0.001,7.94
16/07/2026 04:29,17.25,0.001,7.94
16/07/2026 03:59,17.5,0.001,7.94
16/07/2026 03:29,17.375,0.001,7.94
16/07/2026 02:59,17.5,0.001,7.94
16/07/2026 02:29,17.5,0.001,7.94
16/07/2026 01:59,17.5,0.001,7.93
16/07/2026 01:29,17.5,0.001,7.94
16/07/2026 00:59,16.75,0.001,7.93
16/07/2026 00:29,17.75,0.001,7.93
15/07/2026 23:59,18.625,0.001,7.93
15/07/2026 23:29,17.875,0.001,7.93
15/07/2026 22:59,18,0.001,7.93
15/07/2026 22:59,18,0.001,7.93
15/07/2026 22:29,17.75,0.001,7.93
15/07/2026 21:59,18,0.001,7.93
15/07/2026 21:29,18,0.001,7.93
15/07/2026 20:59,18,0.001,7.93
15/07/2026 20:29,18,0.001,7.93
15/07/2026 19:59,18.125,0.001,7.93
15/07/2026 19:29,18.25,0.001,7.93
15/07/2026 18:59,18.25,0.001,7.93
15/07/2026 18:29,18.5,0.001,7.93
15/07/2026 17:59,18.375,0.001,7.93
15/07/2026 17:29,18.375,0.001,7.92
15/07/2026 16:59,18.375,0.001,7.92
15/07/2026 16:29,18.375,0.001,7.92
15/07/2026 16:29,18.375,0.001,7.92
15/07/2026 15:59,18.125,0.001,7.91
15/07/2026 15:29,18.125,0.001,7.9
15/07/2026 14:59,18,0.001,7.9
15/07/2026 14:29,17.875,0.001,7.9
15/07/2026 13:59,18,0.001,7.9
15/07/2026 13:29,18.625,0.001,7.9
15/07/2026 12:59,17.625,0.001,7.91
15/07/2026 12:29,17.625,0.001,7.92
15/07/2026 11:59,17.5,0.001,7.92
15/07/2026 11:29,17.375,0.001,7.91
15/07/2026 10:59,17.375,0.001,7.91
15/07/2026 10:29,17.375,0.001,7.92
15/07/2026 10:29,17.375,0.001,7.92
15/07/2026 09:59,17.25,0.001,7.92
15/07/2026 09:29,17.125,0.001,7.93
15/07/2026 08:59,17.125,0.001,7.93
15/07/2026 08:29,17,0.001,7.92
15/07/2026 07:59,16.875,0.001,7.92
15/07/2026 07:29,16.875,0.001,7.91
15/07/2026 06:59,17,0.001,7.9
15/07/2026 06:29,17,0.001,7.91
15/07/2026 05:59,17,0.001,7.9
15/07/2026 05:29,17,0.001,7.91
15/07/2026 04:59,17,0.001,7.9
15/07/2026 04:29,17.125,0.001,7.91
15/07/2026 03:59,17.125,0.001,7.91
15/07/2026 03:29,17.125,0.001,7.9
15/07/2026 02:59,17.125,0.001,7.91
15/07/2026 02:29,17.375,0.001,7.91
15/07/2026 01:59,17.125,0.001,7.91
15/07/2026 01:29,17.375,0.001,7.92
15/07/2026 00:59,17.375,0.001,7.91
15/07/2026 00:29,17.5,0.001,7.91
14/07/2026 23:59,17.5,0.001,7.91
14/07/2026 23:29,17.5,0.001,7.91
14/07/2026 22:59,17.625,0.001,7.91
14/07/2026 22:59,17.625,0.001,7.91
14/07/2026 22:29,17.625,0.001,7.91
14/07/2026 21:59,17.75,0.001,7.91
14/07/2026 21:29,16.75,0.001,7.91
14/07/2026 21:29,16.75,0.001,7.91
14/07/2026 20:59,17.875,0.001,7.91
14/07/2026 20:29,17.75,0.001,7.9
14/07/2026 19:59,17.75,0.001,7.9
14/07/2026 19:29,18,0.001,7.9
14/07/2026 18:59,17.75,0.001,7.9
14/07/2026 18:29,17.875,0.001,7.9
14/07/2026 17:59,17.875,0.001,7.89
14/07/2026 17:29,18,0.001,7.89
14/07/2026 16:59,17.875,0.001,7.89
14/07/2026 16:29,17.875,0.001,7.89
14/07/2026 15:59,17.75,0.001,7.89
14/07/2026 15:29,17.75,0.001,7.89
14/07/2026 14:59,17.75,0.001,7.9
14/07/2026 14:29,18.625,0.001,7.89
14/07/2026 13:59,17.5,0.001,7.89
14/07/2026 13:29,17.375,0.001,7.9
14/07/2026 12:59,17.375,0.001,7.91
14/07/2026 12:29,17.5,0.001,7.91
14/07/2026 11:59,17.375,0.001,7.9
14/07/2026 11:29,17.5,0.001,7.9
14/07/2026 10:59,17.375,0.001,7.88
14/07/2026 10:29,17.5,0.001,7.87
14/07/2026 09:59,17.25,0.001,7.84
14/07/2026 09:45,16.5,0.001,7.81
14/07/2026 09:29,17.25,0.001,7.78
14/07/2026 08:59,17.25,0.001,7.68
14/07/2026 08:29,17.5,0.001,7.46
14/07/2026 07:59,17.75,0.001,7.04
14/07/2026 07:59,17.625,0.001,7.36
11/07/2026 10:29,17,0.002,7.95
11/07/2026 09:59,17,0.002,7.95
11/07/2026 09:29,16.875,0.002,7.95
11/07/2026 08:59,16.75,0.002,7.94
11/07/2026 08:29,17.625,0.002,7.94
11/07/2026 07:59,16.75,0.002,7.94
11/07/2026 07:29,16.75,0.002,7.94
11/07/2026 06:59,16.75,0.002,7.94
11/07/2026 06:29,15.875,0.002,7.93
11/07/2026 06:29,15.875,0.002,7.93
11/07/2026 05:59,16.875,0.002,7.94
11/07/2026 05:59,16.875,0.002,7.94
11/07/2026 05:29,16.75,0.002,7.94
11/07/2026 04:59,16.875,0.002,7.94
11/07/2026 04:29,17.125,0.002,7.94
11/07/2026 03:59,17.125,0.002,7.94
11/07/2026 03:29,17,0.002,7.95
11/07/2026 02:59,17.125,0.002,7.95
11/07/2026 02:29,17.125,0.002,7.95
11/07/2026 02:29,17.125,0.002,7.95
11/07/2026 01:59,17.375,0.002,7.95
11/07/2026 01:29,17.375,0.002,7.95
11/07/2026 00:59,17.375,0.002,7.95
11/07/2026 00:29,17.375,0.002,7.96
11/07/2026 00:29,17.375,0.002,7.96
10/07/2026 23:59,17.5,0.002,7.96
10/07/2026 23:29,18.5,0.002,7.96
10/07/2026 22:59,17.5,0.002,7.96
10/07/2026 22:29,17.625,0.002,7.96
10/07/2026 21:59,17.75,0.002,7.97
10/07/2026 21:29,17.75,0.002,7.97
10/07/2026 20:59,18,0.002,7.97
10/07/2026 20:29,18,0.002,7.97
10/07/2026 19:59,18.125,0.002,7.97
10/07/2026 19:29,18.25,0.002,7.97
10/07/2026 18:59,18.125,0.002,7.98
10/07/2026 18:29,18.125,0.002,7.98
10/07/2026 17:59,18.125,0.002,7.98
10/07/2026 17:29,18.125,0.002,7.97
10/07/2026 17:29,18.125,0.002,7.97
10/07/2026 16:59,18.125,0.002,7.97
10/07/2026 16:29,17.875,0.002,7.97
10/07/2026 15:59,17.875,0.002,7.97
10/07/2026 15:29,18,0.002,7.97
10/07/2026 14:59,17.75,0.002,7.96
10/07/2026 14:29,17.625,0.002,7.96
10/07/2026 13:59,17.5,0.002,7.96
10/07/2026 13:29,17.375,0.002,7.95
10/07/2026 12:59,17.375,0.002,7.95
10/07/2026 12:29,17.25,0.002,7.95
10/07/2026 11:59,17.25,0.002,7.94
10/07/2026 11:29,17.25,0.002,7.94
10/07/2026 10:59,17.25,0.002,7.93
10/07/2026 10:29,17.125,0.002,7.93
10/07/2026 09:59,17,0.002,7.93
10/07/2026 09:29,17.125,0.002,7.92
10/07/2026 08:59,17,0.002,7.92
10/07/2026 08:29,17,0.002,7.92
10/07/2026 07:59,16.875,0.002,7.91
10/07/2026 07:29,17,0.002,7.91
10/07/2026 06:59,17,0.002,7.9
10/07/2026 06:29,17.25,0.002,7.9
10/07/2026 05:59,17.375,0.002,7.9
10/07/2026 05:29,17.125,0.002,7.91
10/07/2026 04:59,17.375,0.002,7.91
10/07/2026 04:29,17.5,0.002,7.9
10/07/2026 03:59,17.5,0.002,7.9
10/07/2026 03:29,17.625,0.002,7.91
10/07/2026 02:59,17.5,0.002,7.9
10/07/2026 02:29,17.75,0.002,7.91
10/07/2026 01:59,18.625,0.002,7.91
10/07/2026 01:29,18.625,0.002,7.91
10/07/2026 00:59,17.75,0.002,7.91
10/07/2026 00:29,17.875,0.002,7.91
09/07/2026 23:59,17.875,0.002,7.91
09/07/2026 23:29,17.875,0.002,7.91
09/07/2026 22:59,18,0.002,7.91
09/07/2026 22:29,18.125,0.002,7.91
09/07/2026 21:59,18.125,0.002,7.91
09/07/2026 21:29,18.125,0.002,7.91
09/07/2026 20:59,18.375,0.002,7.91
09/07/2026 20:29,18.25,0.002,7.91
09/07/2026 19:59,18.25,0.002,7.91
09/07/2026 19:29,18.375,0.002,7.91
09/07/2026 18:59,18.375,0.002,7.92
09/07/2026 18:29,18.375,0.002,7.92
09/07/2026 17:59,18.375,0.002,7.92
09/07/2026 17:29,18,0.002,7.92
09/07/2026 16:59,18.25,0.002,7.93
09/07/2026 16:29,18.25,0.002,7.94
09/07/2026 15:59,18.25,0.002,7.95
09/07/2026 15:59,18.25,0.002,7.95
09/07/2026 15:29,17.875,0.002,7.96
09/07/2026 14:59,17.75,0.002,7.98
09/07/2026 14:29,17.625,0.002,7.98
09/07/2026 13:59,17.5,0.002,7.97
09/07/2026 13:29,17.5,0.002,7.97
09/07/2026 12:59,17.125,0.002,7.97
09/07/2026 12:29,17.25,0.002,7.97
09/07/2026 11:59,17.125,0.002,7.96
09/07/2026 11:29,17.125,0.002,7.96
09/07/2026 10:59,17.125,0.002,7.96
09/07/2026 10:29,17,0.002,7.95
09/07/2026 09:59,16.875,0.002,7.95
09/07/2026 09:29,16.75,0.002,7.95
09/07/2026 08:59,16.75,0.002,7.94
09/07/2026 08:29,16.875,0.002,7.94
09/07/2026 07:59,16.75,0.002,7.94
09/07/2026 07:29,16.75,0.002,7.94
09/07/2026 06:59,15.875,0.002,7.94
09/07/2026 06:29,17.625,0.002,7.94
09/07/2026 05:59,15.875,0.002,7.94
09/07/2026 05:29,16.75,0.002,7.94
09/07/2026 04:59,16.875,0.002,7.94
09/07/2026 04:29,16.875,0.002,7.94
09/07/2026 03:59,17.125,0.002,7.95
09/07/2026 03:29,17.125,0.002,7.95
09/07/2026 02:59,17,0.002,7.95
09/07/2026 02:29,17,0.002,7.95
09/07/2026 01:59,17.25,0.002,7.95
09/07/2026 01:29,17.25,0.002,7.96
09/07/2026 00:59,17.375,0.002,7.96
09/07/2026 00:29,17.5,0.002,7.96
08/07/2026 23:59,17.5,0.002,7.96
08/07/2026 23:29,17.5,0.002,7.96
08/07/2026 22:59,17.5,0.002,7.97
08/07/2026 22:29,18.625,0.002,7.97
08/07/2026 22:29,18.625,0.002,7.97
08/07/2026 21:59,18.625,0.002,7.97
08/07/2026 21:29,17.75,0.002,7.97
08/07/2026 20:59,17.75,0.002,7.98
08/07/2026 20:29,17.875,0.002,7.98
08/07/2026 19:59,17.875,0.002,7.98
08/07/2026 19:29,18,0.002,7.98
08/07/2026 18:59,17.875,0.002,7.98
08/07/2026 18:29,18,0.002,7.98
08/07/2026 17:59,17.75,0.002,7.99
08/07/2026 17:29,17.75,0.002,7.98
08/07/2026 16:59,17.875,0.002,7.98
08/07/2026 16:29,17.625,0.002,7.98
08/07/2026 15:59,17.625,0.002,7.98
08/07/2026 15:29,17.5,0.002,7.98
08/07/2026 14:59,17.5,0.002,7.97
08/07/2026 14:29,17.375,0.002,7.97
08/07/2026 13:59,17.375,0.002,7.97
08/07/2026 13:29,17.25,0.002,7.97
08/07/2026 12:59,17.25,0.002,7.96
08/07/2026 12:29,17,0.002,7.96
08/07/2026 11:59,17,0.002,7.96
08/07/2026 11:59,17,0.002,7.96
08/07/2026 11:29,16.875,0.002,7.96
08/07/2026 10:59,17,0.002,7.95
08/07/2026 10:59,17,0.002,7.95
08/07/2026 10:29,16.75,0.002,7.95
08/07/2026 09:59,16.75,0.002,7.95
08/07/2026 09:59,16.75,0.002,7.95
08/07/2026 09:29,16.75,0.002,7.95
08/07/2026 08:59,16.75,0.002,7.95
08/07/2026 08:29,16.75,0.002,7.94
08/07/2026 07:59,15.875,0.002,7.94
08/07/2026 07:29,15.75,0.002,7.94
08/07/2026 06:59,17.625,0.002,7.94
08/07/2026 06:29,16.75,0.002,7.94
08/07/2026 05:59,16.875,0.002,7.94
08/07/2026 05:29,16.875,0.002,7.95
08/07/2026 04:59,17,0.002,7.95
08/07/2026 04:29,17,0.002,7.95
08/07/2026 03:59,17,0.002,7.95
08/07/2026 03:29,17,0.002,7.95
08/07/2026 02:59,17.125,0.002,7.96
08/07/2026 02:29,17.25,0.002,7.96
08/07/2026 01:59,17.25,0.002,7.96
08/07/2026 01:29,17.375,0.002,7.96
08/07/2026 00:59,17.5,0.002,7.97
08/07/2026 00:29,17.625,0.002,7.97
08/07/2026 00:29,17.625,0.002,7.97
07/07/2026 23:59,17.5,0.002,7.97
07/07/2026 23:29,17.625,0.002,7.97
07/07/2026 23:29,17.625,0.002,7.97
07/07/2026 22:59,16.75,0.002,7.98
07/07/2026 22:29,17.875,0.002,7.98
07/07/2026 21:59,17.875,0.002,7.98
07/07/2026 21:29,18,0.002,7.98
07/07/2026 20:59,17.875,0.002,7.98
07/07/2026 20:29,18,0.002,7.99
07/07/2026 19:59,18,0.002,7.99
07/07/2026 19:29,18.125,0.002,7.99
07/07/2026 18:59,18.125,0.002,7.99
07/07/2026 18:29,18.125,0.002,8
07/07/2026 18:29,18.125,0.002,8
07/07/2026 17:59,18,0.002,8
07/07/2026 17:29,17.875,0.002,8
07/07/2026 16:59,17.875,0.002,7.99
07/07/2026 16:29,17.875,0.002,7.99
07/07/2026 15:59,17.875,0.002,7.99
07/07/2026 15:29,17.75,0.002,7.99
07/07/2026 14:59,17.75,0.002,7.98
07/07/2026 14:29,17.625,0.002,7.98
07/07/2026 13:59,17.375,0.002,7.98
07/07/2026 13:29,17.375,0.002,7.97
07/07/2026 12:59,17.25,0.002,7.97
07/07/2026 12:29,17.25,0.002,7.97
07/07/2026 11:59,17,0.002,7.97
07/07/2026 11:29,17.125,0.002,7.96
07/07/2026 10:59,17.125,0.002,7.96
07/07/2026 10:29,17,0.002,7.96
07/07/2026 09:59,17,0.002,7.95
07/07/2026 09:29,17,0.002,7.95
07/07/2026 08:59,16.75,0.002,7.95
07/07/2026 08:29,16.875,0.002,7.95
07/07/2026 07:59,16.875,0.002,7.95
07/07/2026 07:59,16.875,0.002,7.95
07/07/2026 07:29,16.875,0.002,7.94
07/07/2026 06:59,16.875,0.002,7.94
07/07/2026 06:29,16.875,0.002,7.94
07/07/2026 05:59,16.875,0.002,7.95
07/07/2026 05:59,16.875,0.002,7.95
07/07/2026 05:29,17,0.002,7.95
07/07/2026 04:59,17,0.002,7.95
07/07/2026 04:29,17.125,0.002,7.95
07/07/2026 03:59,17.25,0.002,7.95
07/07/2026 03:29,17.25,0.002,7.96
07/07/2026 02:59,17.25,0.002,7.96
07/07/2026 02:29,17.375,0.002,7.96
07/07/2026 01:59,17.5,0.002,7.96
07/07/2026 01:29,17.5,0.002,7.97
07/07/2026 00:59,17.5,0.002,7.97
07/07/2026 00:59,17.5,0.002,7.97
07/07/2026 00:29,17.625,0.002,7.97
06/07/2026 23:59,16.75,0.002,7.97
06/07/2026 23:29,18.625,0.002,7.97
06/07/2026 22:59,17.875,0.002,7.97
06/07/2026 22:29,17.875,0.002,7.98
06/07/2026 21:59,18,0.002,7.98
06/07/2026 21:29,18,0.002,7.98
06/07/2026 20:59,18,0.002,7.98
06/07/2026 20:59,18,0.002,7.98
06/07/2026 20:29,18.125,0.002,7.99
06/07/2026 19:59,18.125,0.002,7.99
06/07/2026 19:29,18.125,0.002,7.99
06/07/2026 18:59,18.125,0.002,7.99
06/07/2026 18:29,18.25,0.002,8
06/07/2026 17:59,18.125,0.002,8
06/07/2026 17:29,18.125,0.002,8
06/07/2026 16:59,18,0.002,7.99
06/07/2026 16:29,18,0.002,7.99
06/07/2026 15:59,17.875,0.002,7.99
06/07/2026 15:59,17.875,0.002,7.99
06/07/2026 15:29,17.875,0.002,7.99
06/07/2026 14:59,17.875,0.002,7.98
06/07/2026 14:29,17.875,0.002,7.98
06/07/2026 13:59,17.625,0.002,7.98
06/07/2026 13:29,17.625,0.002,7.97
06/07/2026 12:59,17.5,0.002,7.97
06/07/2026 12:29,17.5,0.002,7.97
06/07/2026 11:59,17.375,0.002,7.96
06/07/2026 11:29,17.375,0.002,7.96
06/07/2026 10:59,17.25,0.002,7.96
06/07/2026 10:29,17.375,0.002,7.95
06/07/2026 09:59,17.375,0.002,7.95
06/07/2026 09:59,17.375,0.002,7.95
06/07/2026 09:29,17.125,0.002,7.95
06/07/2026 08:59,17.125,0.002,7.95
06/07/2026 08:29,17.125,0.002,7.94
06/07/2026 07:59,17,0.002,7.94
06/07/2026 07:29,17,0.002,7.94
06/07/2026 06:59,17.125,0.002,7.94
06/07/2026 06:29,17,0.002,7.94
06/07/2026 05:59,17,0.002,7.94
06/07/2026 05:29,17.125,0.002,7.94
06/07/2026 04:59,17.125,0.002,7.94
06/07/2026 04:29,17,0.002,7.94
06/07/2026 03:59,17.25,0.002,7.94
06/07/2026 03:29,17.125,0.002,7.95
06/07/2026 02:59,17.25,0.002,7.95
06/07/2026 02:29,17.375,0.002,7.95
06/07/2026 01:59,17.375,0.002,7.95
06/07/2026 01:29,17.375,0.002,7.95
06/07/2026 00:59,17.375,0.002,7.96
06/07/2026 00:29,17.5,0.002,7.96
05/07/2026 23:59,17.5,0.002,7.96
05/07/2026 23:29,17.5,0.002,7.96
05/07/2026 22:59,17.625,0.002,7.96
05/07/2026 22:59,17.625,0.002,7.96
05/07/2026 22:29,17.625,0.002,7.97
05/07/2026 21:59,17.75,0.002,7.97
05/07/2026 21:29,17.875,0.002,7.97
05/07/2026 20:59,17.875,0.002,7.97
05/07/2026 20:29,17.875,0.002,7.97
05/07/2026 19:59,17.875,0.002,7.98
05/07/2026 19:59,17.875,0.002,7.98
05/07/2026 19:29,18,0.002,7.98
05/07/2026 18:59,18.125,0.002,7.98
05/07/2026 18:29,18,0.002,7.98
05/07/2026 17:59,18,0.002,7.98
05/07/2026 17:29,18.125,0.002,7.98
05/07/2026 16:59,18,0.002,7.98
05/07/2026 16:29,17.875,0.002,7.98
05/07/2026 15:59,17.75,0.002,7.98
05/07/2026 15:59,17.75,0.002,7.98
05/07/2026 15:29,17.875,0.002,7.97
05/07/2026 14:59,17.875,0.002,7.97
05/07/2026 14:29,17.5,0.002,7.97
05/07/2026 13:59,17.625,0.002,7.97
05/07/2026 13:29,17.625,0.002,7.96
05/07/2026 12:59,17.375,0.002,7.96
05/07/2026 12:29,17.5,0.002,7.96
05/07/2026 11:59,17.375,0.002,7.95
05/07/2026 11:29,17.375,0.002,7.95
05/07/2026 10:59,17.25,0.002,7.95
05/07/2026 10:29,17.125,0.002,7.94
05/07/2026 09:59,17.25,0.002,7.94
05/07/2026 09:29,17,0.002,7.93
05/07/2026 08:59,17,0.002,7.93
05/07/2026 08:29,17.125,0.002,7.93
05/07/2026 07:59,16.875,0.002,7.93
05/07/2026 07:29,16.875,0.002,7.92
05/07/2026 06:59,16.875,0.002,7.92
05/07/2026 06:29,16.875,0.002,7.92
05/07/2026 05:59,16.875,0.002,7.92
05/07/2026 05:29,16.875,0.002,7.92
05/07/2026 04:59,17,0.002,7.93
05/07/2026 04:29,17,0.002,7.93
05/07/2026 03:59,17,0.002,7.93
05/07/2026 03:29,17.125,0.002,7.93
05/07/2026 02:59,17.125,0.002,7.93
05/07/2026 02:29,17,0.002,7.93
05/07/2026 01:59,17.25,0.002,7.94
05/07/2026 01:29,17.25,0.002,7.94
05/07/2026 00:59,17.25,0.002,7.94
05/07/2026 00:29,17.375,0.002,7.94
04/07/2026 23:59,17.375,0.002,7.94
04/07/2026 23:29,17.375,0.002,7.94
04/07/2026 22:59,17.375,0.002,7.95
04/07/2026 22:29,17.375,0.002,7.95
04/07/2026 21:59,17.375,0.002,7.95
04/07/2026 21:29,17.5,0.002,7.95
04/07/2026 20:59,17.625,0.002,7.95
04/07/2026 20:29,17.625,0.002,7.96
04/07/2026 19:59,18.625,0.002,7.96
04/07/2026 19:29,17.75,0.002,7.96
04/07/2026 18:59,17.75,0.002,7.96
04/07/2026 18:29,17.75,0.002,7.96
04/07/2026 17:59,17.875,0.002,7.96
04/07/2026 17:29,17.75,0.002,7.96
04/07/2026 16:59,16.75,0.002,7.96
04/07/2026 16:29,17.75,0.002,7.96
04/07/2026 15:59,17.625,0.002,7.95
04/07/2026 15:29,17.625,0.002,7.95
04/07/2026 15:29,17.625,0.002,7.95
04/07/2026 14:59,17.625,0.002,7.95
04/07/2026 14:29,17.5,0.002,7.95
04/07/2026 13:59,17.5,0.002,7.94
04/07/2026 13:29,17.375,0.002,7.94
04/07/2026 12:59,17.375,0.002,7.94
04/07/2026 12:29,17.125,0.002,7.93
04/07/2026 11:59,17.125,0.002,7.93
04/07/2026 11:29,17.125,0.002,7.93
04/07/2026 10:59,17.125,0.002,7.92
04/07/2026 10:29,17,0.002,7.92
04/07/2026 09:59,16.875,0.002,7.92
04/07/2026 09:29,16.875,0.002,7.91
04/07/2026 08:59,16.875,0.002,7.91
04/07/2026 08:59,16.875,0.002,7.91
04/07/2026 08:29,16.875,0.002,7.91
04/07/2026 07:59,16.75,0.002,7.9
04/07/2026 07:29,17.625,0.002,7.9
04/07/2026 06:59,17.625,0.002,7.9
04/07/2026 06:29,17.625,0.002,7.9
04/07/2026 05:59,15.75,0.002,7.9
04/07/2026 05:29,16.75,0.002,7.9
04/07/2026 04:59,16.75,0.002,7.9
04/07/2026 04:29,16.875,0.002,7.9
04/07/2026 03:59,16.875,0.002,7.9
04/07/2026 03:29,17,0.002,7.91
04/07/2026 03:29,17,0.002,7.91
04/07/2026 02:59,17,0.002,7.91
04/07/2026 02:29,17,0.002,7.91
04/07/2026 01:59,17,0.002,7.91
04/07/2026 01:29,17.125,0.002,7.91
04/07/2026 00:59,17.125,0.002,7.91
04/07/2026 00:29,17.25,0.002,7.91
03/07/2026 23:59,17.25,0.002,7.91
03/07/2026 23:29,17.25,0.002,7.91
03/07/2026 22:59,17.25,0.002,7.91
03/07/2026 22:29,17.375,0.002,7.91
03/07/2026 21:59,17.5,0.002,7.92
03/07/2026 21:29,17.375,0.002,7.92
03/07/2026 20:59,17.375,0.002,7.92
03/07/2026 20:29,17.625,0.002,7.92
03/07/2026 19:59,17.625,0.002,7.92
03/07/2026 19:29,17.5,0.002,7.92
03/07/2026 18:59,17.625,0.002,7.92
03/07/2026 18:29,17.625,0.002,7.92
03/07/2026 17:59,17.625,0.002,7.92
03/07/2026 17:29,17.625,0.002,7.92
03/07/2026 16:59,17.625,0.002,7.92
03/07/2026 16:29,17.5,0.002,7.91
03/07/2026 15:59,17.5,0.002,7.91
03/07/2026 15:29,17.375,0.002,7.91
03/07/2026 14:59,17.25,0.002,7.9
03/07/2026 14:29,17.375,0.002,7.9
03/07/2026 13:59,17.25,0.002,7.9
03/07/2026 13:59,17.25,0.002,7.9
03/07/2026 13:29,17.125,0.002,7.89
03/07/2026 13:29,17.125,0.002,7.89
03/07/2026 12:59,17.125,0.002,7.89
03/07/2026 12:29,17,0.002,7.88
03/07/2026 11:59,17,0.002,7.88
03/07/2026 11:29,16.875,0.002,7.88
03/07/2026 10:59,16.75,0.002,7.87
03/07/2026 10:29,16.75,0.002,7.87
03/07/2026 09:59,16.75,0.002,7.86
03/07/2026 09:29,15.75,0.002,7.86
03/07/2026 08:59,16.625,0.002,7.86
03/07/2026 08:29,16.5,0.002,7.85
03/07/2026 07:59,16.625,0.002,7.85
03/07/2026 07:29,16.5,0.002,7.84
03/07/2026 06:59,16.5,0.002,7.84
03/07/2026 06:29,16.5,0.002,7.84
03/07/2026 05:59,16.5,0.002,7.84
03/07/2026 05:29,16.375,0.002,7.84
03/07/2026 04:59,16.5,0.002,7.84
03/07/2026 04:29,16.5,0.002,7.84
03/07/2026 03:59,16.625,0.002,7.83
03/07/2026 03:29,16.625,0.002,7.83
03/07/2026 02:59,16.625,0.002,7.83
03/07/2026 02:29,15.75,0.002,7.83
03/07/2026 01:59,16.625,0.002,7.83
03/07/2026 01:29,17.625,0.002,7.83
03/07/2026 00:59,16.75,0.002,7.83
03/07/2026 00:29,16.75,0.002,7.83
03/07/2026 00:29,16.75,0.002,7.83
02/07/2026 23:59,16.75,0.002,7.83
02/07/2026 23:29,16.875,0.002,7.82
02/07/2026 22:59,16.75,0.002,7.82
02/07/2026 22:29,16.875,0.002,7.82
02/07/2026 21:59,17,0.002,7.82
02/07/2026 21:29,16.875,0.002,7.82
02/07/2026 20:59,16.75,0.002,7.82
02/07/2026 20:29,16.75,0.002,7.82
02/07/2026 19:59,17,0.002,7.81
02/07/2026 19:29,17.625,0.002,7.81
02/07/2026 18:59,16.75,0.002,7.81
02/07/2026 18:29,16.875,0.002,7.81
02/07/2026 17:59,16.875,0.002,7.8
02/07/2026 17:29,16.875,0.002,7.8
02/07/2026 16:59,16.75,0.002,7.79
02/07/2026 16:29,16.625,0.002,7.79
02/07/2026 15:59,16.625,0.002,7.78
02/07/2026 15:29,16.5,0.002,7.77
02/07/2026 14:59,16.375,0.002,7.77
02/07/2026 14:29,16.25,0.002,7.76
02/07/2026 13:59,16.125,0.002,7.76
02/07/2026 13:29,16.125,0.002,7.75
02/07/2026 12:59,15.875,0.002,7.75
02/07/2026 12:29,15.875,0.002,7.74
02/07/2026 11:59,14.75,0.002,7.74
02/07/2026 11:59,14.75,0.002,7.74
02/07/2026 11:29,15.5,0.002,7.75
02/07/2026 10:59,15.5,0.002,7.76
02/07/2026 10:29,15.25,0.002,7.77
02/07/2026 09:59,15.875,0.002,7.78
02/07/2026 09:29,16.25,0.002,7.81
02/07/2026 08:59,16.875,0.002,7.83
02/07/2026 08:29,17.5,0.002,7.85
02/07/2026 07:59,18.625,0.002,7.87
02/07/2026 07:29,20.375,0.002,7.89
02/07/2026 06:59,16.375,0.002,7.85
02/07/2026 06:29,16.375,0.002,7.85
02/07/2026 05:59,16.25,0.002,7.85
02/07/2026 05:29,16.25,0.002,7.85
02/07/2026 04:59,16.25,0.002,7.85
02/07/2026 04:29,16.375,0.002,7.85
02/07/2026 03:59,16.375,0.002,7.85
02/07/2026 03:29,16.25,0.002,7.85
02/07/2026 02:59,16.25,0.002,7.84
02/07/2026 02:29,16.25,0.002,7.84
02/07/2026 01:59,16.125,0.002,7.85
02/07/2026 01:29,16.25,0.002,7.84
02/07/2026 00:59,16.25,0.002,7.84
02/07/2026 00:29,16.125,0.002,7.85
01/07/2026 23:59,16.125,0.002,7.84
01/07/2026 23:29,16.25,0.002,7.84
01/07/2026 22:59,16.25,0.002,7.84
01/07/2026 22:29,16.125,0.002,7.85
01/07/2026 21:59,16.25,0.002,7.85
01/07/2026 21:29,16.25,0.002,7.85
01/07/2026 20:59,16.125,0.002,7.85
01/07/2026 20:29,16.125,0.002,7.84
01/07/2026 19:59,16.25,0.002,7.85
01/07/2026 19:29,16.125,0.002,7.84
01/07/2026 18:59,16.25,0.002,7.84
01/07/2026 18:29,16.25,0.002,7.84
01/07/2026 17:59,16.25,0.002,7.83
01/07/2026 17:29,16.125,0.002,7.84
01/07/2026 16:59,16.125,0.002,7.84
01/07/2026 16:29,16.125,0.002,7.83
01/07/2026 15:59,16.125,0.002,7.83
01/07/2026 15:29,15.875,0.002,7.83
01/07/2026 14:59,15.875,0.002,7.83
01/07/2026 14:29,15.875,0.002,7.84
01/07/2026 13:59,15.75,0.002,7.84
01/07/2026 13:29,15.5,0.002,7.86
01/07/2026 12:59,15.5,0.002,7.88
01/07/2026 12:29,15.375,0.002,7.89
01/07/2026 11:59,15.375,0.002,7.91
01/07/2026 11:29,16.125,0.002,7.93
01/07/2026 10:59,16.75,0.002,7.94
01/07/2026 10:29,17.625,0.002,7.96
01/07/2026 09:59,17.5,0.002,7.97
01/07/2026 09:29,17.375,0.002,7.96
01/07/2026 08:59,17.5,0.002,7.96
01/07/2026 08:29,17.25,0.002,7.96
01/07/2026 07:59,17.25,0.002,7.95
01/07/2026 07:29,17.25,0.002,7.95
01/07/2026 06:59,17.25,0.002,7.95
01/07/2026 06:59,17.25,0.002,7.95
01/07/2026 06:29,17.25,0.002,7.95
01/07/2026 05:59,17.375,0.002,7.95
01/07/2026 05:29,17.375,0.002,7.96
01/07/2026 04:59,17.375,0.002,7.96
01/07/2026 04:29,17.5,0.002,7.96
01/07/2026 03:59,17.5,0.002,7.96
01/07/2026 03:29,17.625,0.002,7.97
01/07/2026 02:59,17.625,0.002,7.97
01/07/2026 02:59,17.625,0.002,7.97
01/07/2026 02:29,17.625,0.002,7.97
01/07/2026 01:59,17.625,0.002,7.98
01/07/2026 01:29,17.75,0.002,7.98
01/07/2026 00:59,17.875,0.002,7.97
01/07/2026 00:29,18.625,0.002,7.98
30/06/2026 23:59,17.75,0.002,7.97
30/06/2026 23:29,17.875,0.002,7.98
30/06/2026 22:59,18,0.002,7.98
30/06/2026 22:59,18,0.002,7.98
30/06/2026 22:29,18,0.002,7.99
30/06/2026 21:59,18.125,0.002,7.98
30/06/2026 21:29,18.125,0.002,7.99
30/06/2026 20:59,18.125,0.002,8
30/06/2026 20:29,18.125,0.002,7.99
30/06/2026 19:59,18.25,0.002,7.99
30/06/2026 19:29,18.375,0.002,7.99
30/06/2026 18:59,18.25,0.002,8
30/06/2026 18:29,18.375,0.002,8
30/06/2026 17:59,18.375,0.002,8
30/06/2026 17:29,18.5,0.002,8
30/06/2026 16:59,18.375,0.002,8
30/06/2026 16:29,18.375,0.002,7.99
30/06/2026 15:59,18.125,0.002,7.99
30/06/2026 15:29,18.125,0.002,7.98
30/06/2026 14:59,18.125,0.002,7.98
30/06/2026 14:29,17.875,0.002,7.98
30/06/2026 13:59,18,0.002,7.97
30/06/2026 13:29,17.75,0.002,7.97
30/06/2026 12:59,18.625,0.002,7.97
30/06/2026 12:59,18.625,0.002,7.97
30/06/2026 12:29,16.75,0.002,7.97
30/06/2026 11:59,17.625,0.002,7.96
30/06/2026 11:29,17.5,0.002,7.96
30/06/2026 10:59,17.5,0.002,7.96
30/06/2026 10:29,17.375,0.002,7.95
30/06/2026 09:59,17.375,0.002,7.95
30/06/2026 09:29,17.375,0.002,7.94
30/06/2026 08:59,17.125,0.002,7.94
30/06/2026 08:29,17,0.002,7.94
30/06/2026 07:59,17.125,0.002,7.94
30/06/2026 07:29,17.125,0.002,7.94
30/06/2026 06:59,17,0.002,7.94
30/06/2026 06:29,17,0.002,7.94
30/06/2026 05:59,17.125,0.002,7.94
30/06/2026 05:29,17.125,0.002,7.94
30/06/2026 04:59,17,0.002,7.94
30/06/2026 04:29,17.125,0.002,7.94
30/06/2026 03:59,17.125,0.002,7.95
30/06/2026 03:29,17.375,0.002,7.95
30/06/2026 02:59,17.25,0.002,7.95
30/06/2026 02:29,17.375,0.002,7.96
30/06/2026 01:59,17.5,0.002,7.96
30/06/2026 01:29,17.375,0.002,7.96
30/06/2026 01:29,17.375,0.002,7.96
30/06/2026 00:59,17.375,0.002,7.96
30/06/2026 00:29,17.5,0.002,7.96
29/06/2026 23:59,17.625,0.002,7.96
29/06/2026 23:29,17.625,0.002,7.96
29/06/2026 22:59,17.5,0.002,7.98
29/06/2026 22:59,17.5,0.002,7.98
29/06/2026 22:29,17.625,0.002,7.98
29/06/2026 21:59,17.625,0.002,7.98
29/06/2026 21:29,16.75,0.002,7.97
29/06/2026 20:59,17.75,0.002,7.97
29/06/2026 20:29,17.875,0.002,7.98
29/06/2026 19:59,18,0.002,7.98
29/06/2026 19:29,18,0.002,7.99
29/06/2026 18:59,18,0.002,7.99
29/06/2026 18:29,18,0.002,7.98
29/06/2026 18:29,18,0.002,7.98
29/06/2026 17:59,18,0.002,7.98
29/06/2026 17:59,18,0.002,7.98
29/06/2026 17:29,18,0.002,7.99
29/06/2026 16:59,18.125,0.002,7.98
29/06/2026 16:29,17.875,0.002,7.99
29/06/2026 16:29,17.875,0.002,7.99
29/06/2026 15:59,17.75,0.002,7.98
29/06/2026 15:29,17.875,0.002,7.99
29/06/2026 14:59,17.875,0.002,7.98
29/06/2026 14:29,17.75,0.002,7.98
29/06/2026 13:59,17.75,0.002,7.98
29/06/2026 13:29,16.75,0.002,7.97
29/06/2026 12:59,17.5,0.002,7.96
29/06/2026 12:29,17.5,0.002,7.96
29/06/2026 11:59,17.375,0.002,7.96
29/06/2026 11:29,17.375,0.002,7.95
29/06/2026 10:59,17.375,0.002,7.95
29/06/2026 10:29,17.375,0.002,7.95
29/06/2026 09:59,17.125,0.002,7.95
29/06/2026 09:29,17.25,0.002,7.94
29/06/2026 08:59,17.125,0.002,7.95
29/06/2026 08:29,17.125,0.002,7.95
29/06/2026 07:59,17,0.002,7.94
29/06/2026 07:29,17,0.002,7.94
29/06/2026 06:59,16.75,0.002,7.93
29/06/2026 06:29,16.875,0.002,7.93
29/06/2026 05:59,16.875,0.002,7.93
29/06/2026 05:59,16.875,0.002,7.93
29/06/2026 05:29,17,0.002,7.93
29/06/2026 04:59,17,0.002,7.94
29/06/2026 04:29,17.125,0.002,7.94
29/06/2026 03:59,17,0.002,7.95
29/06/2026 03:59,17,0.002,7.95
29/06/2026 03:29,17.25,0.002,7.94
29/06/2026 02:59,17.25,0.002,7.94
29/06/2026 02:59,17.25,0.002,7.94
29/06/2026 02:29,17.25,0.002,7.94
29/06/2026 01:59,17.375,0.002,7.95
29/06/2026 01:29,17.5,0.002,7.95
29/06/2026 00:59,17.375,0.002,7.96
29/06/2026 00:29,17.625,0.002,7.96
28/06/2026 23:59,17.625,0.002,7.96
28/06/2026 23:29,17.625,0.002,7.96
28/06/2026 22:59,16.75,0.002,7.97
28/06/2026 22:29,17.75,0.002,7.96
28/06/2026 21:59,16.75,0.002,7.98
28/06/2026 21:59,16.75,0.002,7.98
28/06/2026 21:29,17.875,0.002,7.98
28/06/2026 20:59,17.875,0.002,7.98
28/06/2026 20:29,17.875,0.002,7.98
28/06/2026 19:59,18,0.002,7.98
28/06/2026 19:29,17.875,0.002,7.98
28/06/2026 18:59,17.875,0.002,7.99
28/06/2026 18:29,18,0.002,7.98
28/06/2026 17:59,18,0.002,7.99
28/06/2026 17:29,17.875,0.002,7.98
28/06/2026 16:59,18,0.002,7.98
28/06/2026 16:29,18,0.002,7.98
28/06/2026 15:59,18,0.002,7.97
28/06/2026 15:29,17.75,0.002,7.97
28/06/2026 15:29,17.75,0.002,7.97
28/06/2026 14:59,17.75,0.002,7.96
28/06/2026 14:59,17.75,0.002,7.96
28/06/2026 14:29,17.75,0.002,7.97
28/06/2026 13:59,17.625,0.002,7.96
28/06/2026 13:29,17.5,0.002,7.95
28/06/2026 12:59,17.625,0.002,7.95
28/06/2026 12:29,17.375,0.002,7.95
28/06/2026 11:59,17.375,0.002,7.94
28/06/2026 11:29,17.375,0.002,7.93
28/06/2026 10:59,17.375,0.002,7.94
28/06/2026 10:29,17.125,0.002,7.94
28/06/2026 10:29,17.125,0.002,7.94
28/06/2026 09:59,17.125,0.002,7.94
28/06/2026 09:29,17.125,0.002,7.94
28/06/2026 08:59,17,0.002,7.93
28/06/2026 08:29,17,0.002,7.93
28/06/2026 07:59,17.125,0.002,7.92
28/06/2026 07:29,16.75,0.002,7.92
28/06/2026 06:59,16.875,0.002,7.92
28/06/2026 06:29,17,0.002,7.92
28/06/2026 05:59,16.875,0.002,7.92
28/06/2026 05:29,17,0.002,7.92
28/06/2026 04:59,17,0.002,7.93
28/06/2026 04:29,17,0.002,7.93
28/06/2026 03:59,17.125,0.002,7.93
28/06/2026 03:29,17,0.002,7.93
28/06/2026 02:59,17.125,0.002,7.94
28/06/2026 02:29,17.25,0.002,7.94
28/06/2026 01:59,17.25,0.002,7.94
28/06/2026 01:29,17.375,0.002,7.94
28/06/2026 00:59,17.5,0.002,7.94
28/06/2026 00:29,17.375,0.002,7.95
27/06/2026 23:59,17.375,0.002,7.95
27/06/2026 23:29,17.625,0.002,7.95
27/06/2026 22:59,17.625,0.002,7.95
27/06/2026 22:29,17.5,0.002,7.97
27/06/2026 21:59,16.75,0.002,7.96
27/06/2026 21:29,17.625,0.001,7.95
27/06/2026 20:59,17.75,0.002,7.96
27/06/2026 20:59,17.75,0.002,7.96
27/06/2026 20:29,17.75,0.001,7.97
27/06/2026 19:59,17.875,0.001,7.97
27/06/2026 19:29,17.75,0.001,7.97
27/06/2026 18:59,18,0.002,7.98
27/06/2026 18:59,18,0.002,7.98
27/06/2026 18:29,18,0.002,7.97
27/06/2026 17:59,18,0.001,7.97
27/06/2026 17:29,17.875,0.002,7.97
27/06/2026 16:59,18,0.001,7.97
27/06/2026 16:29,17.875,0.001,7.96
27/06/2026 15:59,17.875,0.001,7.96
27/06/2026 15:29,17.875,0.001,7.96
27/06/2026 14:59,17.875,0.001,7.96
27/06/2026 14:29,17.875,0.001,7.95
27/06/2026 13:59,17.75,0.001,7.95
27/06/2026 13:29,16.75,0.001,7.94
27/06/2026 12:59,17.5,0.001,7.94
27/06/2026 12:29,17.625,0.001,7.94
27/06/2026 11:59,17.5,0.001,7.93
27/06/2026 11:29,17.375,0.001,7.93
27/06/2026 10:59,17.5,0.001,7.93
27/06/2026 10:29,17.375,0.001,7.92
27/06/2026 09:59,17.125,0.001,7.92
27/06/2026 09:29,17.125,0.001,7.91
27/06/2026 08:59,17.125,0.001,7.92
27/06/2026 08:29,17,0.001,7.91
27/06/2026 07:59,17.125,0.001,7.92
27/06/2026 07:29,17.125,0.001,7.9
27/06/2026 06:59,17.125,0.001,7.9
27/06/2026 06:29,16.875,0.001,7.91
27/06/2026 05:59,17,0.001,7.91
27/06/2026 05:29,17,0.001,7.91
27/06/2026 04:59,17.25,0.001,7.92
27/06/2026 04:29,17.25,0.001,7.91
27/06/2026 03:59,17.25,0.001,7.92
27/06/2026 03:29,17.375,0.001,7.92
27/06/2026 02:59,17.375,0.001,7.92
27/06/2026 02:29,17.375,0.001,7.92
27/06/2026 01:59,17.5,0.001,7.93
27/06/2026 01:29,17.5,0.001,7.92
27/06/2026 00:59,17.625,0.001,7.93
27/06/2026 00:29,17.625,0.001,7.93
26/06/2026 23:59,18.625,0.001,7.93
26/06/2026 23:29,17.75,0.001,7.94
26/06/2026 22:59,17.75,0.001,7.93
26/06/2026 22:29,17.75,0.001,7.93
26/06/2026 21:59,17.875,0.001,7.93
26/06/2026 21:29,17.875,0.001,7.94
26/06/2026 20:59,17.875,0.001,7.95
26/06/2026 20:29,18,0.001,7.94
26/06/2026 19:59,18.125,0.001,7.93
26/06/2026 19:29,18.125,0.001,7.94
26/06/2026 18:59,18.25,0.001,7.94
26/06/2026 18:29,18,0.001,7.95
26/06/2026 17:59,18,0.001,7.95
26/06/2026 17:29,18,0.001,7.94
26/06/2026 16:59,18,0.001,7.94
26/06/2026 16:29,18,0.001,7.95
26/06/2026 15:59,17.875,0.001,7.95
26/06/2026 15:29,17.75,0.001,7.94
26/06/2026 14:59,17.75,0.001,7.93
26/06/2026 14:38,16.875,0.001,7.93
26/06/2026 14:37,17.625,0.001,7.94
26/06/2026 14:37,16.625,0.001,8.61
26/06/2026 12:59,17.5,0.001,7.96
26/06/2026 12:29,17.5,0.001,7.95
26/06/2026 11:59,17.375,0.001,7.95
26/06/2026 11:29,17.375,0.001,7.94
26/06/2026 11:29,17.375,0.001,7.94
26/06/2026 10:59,17.375,0.001,7.94
26/06/2026 10:29,17.25,0.001,7.93
26/06/2026 09:59,17.25,0.001,7.93
26/06/2026 09:29,17.25,0.001,7.92
26/06/2026 08:59,17,0.001,7.92
26/06/2026 08:29,17,0.001,7.9
26/06/2026 07:59,17,0.001,7.9
26/06/2026 07:29,17,0.001,7.9
26/06/2026 06:59,16.875,0.001,7.9
26/06/2026 06:29,16.875,0.001,7.89
26/06/2026 05:59,17.125,0.001,7.89
26/06/2026 05:29,17,0.001,7.9
26/06/2026 04:59,17,0.001,7.9
26/06/2026 04:29,17.125,0.001,7.9
26/06/2026 03:59,16.875,0.001,7.91
26/06/2026 03:29,17,0.001,7.91
26/06/2026 02:59,17.125,0.001,7.91
26/06/2026 02:29,17.375,0.001,7.91
26/06/2026 01:59,17.25,0.001,7.91
26/06/2026 01:59,17.25,0.001,7.91
26/06/2026 01:29,17.375,0.001,7.91
26/06/2026 00:59,17.375,0.001,7.91
26/06/2026 00:29,17.375,0.001,7.92
25/06/2026 23:59,17.5,0.001,7.92
25/06/2026 23:29,17.5,0.001,7.92
25/06/2026 22:59,17.625,0.001,7.93
25/06/2026 22:29,18.625,0.001,7.93
25/06/2026 21:59,17.625,0.001,7.93
25/06/2026 21:29,17.625,0.001,7.94
25/06/2026 21:29,17.625,0.001,7.94
25/06/2026 20:59,16.75,0.001,7.94
25/06/2026 20:29,17.75,0.001,7.95
25/06/2026 19:59,17.75,0.001,7.94
25/06/2026 19:29,17.875,0.001,7.94
25/06/2026 18:59,18,0.001,7.95
25/06/2026 18:29,17.875,0.001,7.95
25/06/2026 17:59,18,0.001,7.95
25/06/2026 17:29,18,0.001,7.95
25/06/2026 16:59,17.875,0.001,7.95
25/06/2026 16:29,18,0.001,7.94
25/06/2026 15:59,18,0.001,7.95
25/06/2026 15:29,18,0.001,7.94
25/06/2026 14:59,17.875,0.001,7.94
25/06/2026 14:29,17.875,0.001,7.93
25/06/2026 13:59,17.875,0.001,7.93
25/06/2026 13:29,17.875,0.001,7.93
25/06/2026 12:59,17.875,0.001,7.92
25/06/2026 12:29,17.875,0.001,7.92
25/06/2026 11:59,16.75,0.001,7.92
25/06/2026 11:29,16.875,0.001,7.91
25/06/2026 10:59,17.75,0.001,7.92
25/06/2026 10:29,17.75,0.001,7.92
25/06/2026 09:59,17.75,0.001,7.93
25/06/2026 09:29,17.75,0.001,7.93
25/06/2026 08:59,17.875,0.001,7.94
25/06/2026 08:29,16.75,0.001,7.92
25/06/2026 07:59,16.75,0.001,7.9
25/06/2026 07:29,15.875,0.001,7.91
25/06/2026 06:59,15.75,0.001,7.9
25/06/2026 06:29,16.75,0.001,7.91
25/06/2026 05:59,16.875,0.001,7.91
25/06/2026 05:29,16.75,0.001,7.92
25/06/2026 04:59,17.625,0.001,7.92
25/06/2026 04:29,16.875,0.001,7.92
25/06/2026 03:59,16.875,0.001,7.93
25/06/2026 03:29,16.875,0.001,7.93
25/06/2026 02:59,16.875,0.001,7.92
25/06/2026 02:29,17,0.001,7.93
25/06/2026 01:59,17,0.001,7.93
25/06/2026 01:29,17.125,0.001,7.93
25/06/2026 00:59,16.875,0.001,7.94
25/06/2026 00:29,17,0.001,7.94
24/06/2026 23:59,17.125,0.001,7.94
24/06/2026 23:29,17.125,0.001,7.95
24/06/2026 22:59,17.25,0.001,7.95
24/06/2026 22:29,17.25,0.001,7.96
24/06/2026 21:59,17.25,0.001,7.96
24/06/2026 21:29,17.25,0.001,7.96
24/06/2026 20:59,17.25,0.001,7.97
24/06/2026 20:29,17.125,0.001,7.97
24/06/2026 19:59,17.25,0.001,7.97
24/06/2026 19:29,17.375,0.001,7.97
24/06/2026 18:59,17.5,0.001,7.97
24/06/2026 18:29,17.375,0.001,7.98
24/06/2026 17:59,17.5,0.001,7.98
24/06/2026 17:29,17.5,0.001,7.98
24/06/2026 16:59,17.625,0.001,7.97
24/06/2026 16:29,17.5,0.001,7.97
24/06/2026 15:59,17.5,0.001,7.97
24/06/2026 15:29,17.375,0.001,7.97
24/06/2026 14:59,17.375,0.001,7.96
24/06/2026 14:29,17.375,0.001,7.96
24/06/2026 13:59,17.25,0.001,7.96
24/06/2026 13:29,17.25,0.001,7.95
24/06/2026 12:59,17.125,0.001,7.95
24/06/2026 12:29,17.125,0.001,7.95
24/06/2026 11:59,17.125,0.001,7.94
24/06/2026 11:29,17,0.001,7.93
24/06/2026 10:59,16.875,0.001,7.93
24/06/2026 10:29,16.875,0.001,7.93
24/06/2026 09:59,16.75,0.001,7.92
24/06/2026 09:29,16.625,0.001,7.92
24/06/2026 08:59,15.75,0.001,7.91
24/06/2026 08:29,16.5,0.001,7.91
24/06/2026 07:59,16.5,0.001,7.91
24/06/2026 07:29,16.375,0.001,7.9
24/06/2026 06:59,16.25,0.001,7.9
24/06/2026 06:29,16.25,0.001,7.9
24/06/2026 05:59,16.25,0.001,7.9
24/06/2026 05:29,16.25,0.001,7.9
24/06/2026 04:59,16.375,0.001,7.9
24/06/2026 04:29,16.25,0.001,7.9
24/06/2026 03:59,16.375,0.001,7.9
24/06/2026 03:29,16.375,0.001,7.91
24/06/2026 02:59,16.5,0.001,7.91
24/06/2026 02:29,16.375,0.001,7.91
24/06/2026 01:59,16.375,0.001,7.91
24/06/2026 01:29,16.375,0.001,7.91
24/06/2026 00:59,16.375,0.001,7.91
24/06/2026 00:29,16.5,0.001,7.91
23/06/2026 23:59,16.375,0.001,7.91
23/06/2026 23:29,16.5,0.001,7.91
23/06/2026 22:59,16.5,0.001,7.92
23/06/2026 22:29,16.375,0.001,7.92
23/06/2026 21:59,16.5,0.001,7.92
23/06/2026 21:29,16.375,0.001,7.92
23/06/2026 20:59,16.25,0.001,7.92
23/06/2026 20:29,16.25,0.001,7.92
23/06/2026 19:59,16.375,0.001,7.92
23/06/2026 19:29,16.25,0.001,7.92
23/06/2026 18:59,16.25,0.001,7.92
23/06/2026 18:29,16.25,0.001,7.92
23/06/2026 18:29,16.25,0.001,7.92
23/06/2026 17:59,16.125,0.001,7.92
23/06/2026 17:29,16.375,0.001,7.92
23/06/2026 16:59,16.25,0.001,7.92
23/06/2026 16:29,16.125,0.001,7.91
23/06/2026 15:59,16.125,0.001,7.91
23/06/2026 15:29,16,0.001,7.91
23/06/2026 14:59,15.875,0.001,7.9
23/06/2026 14:59,15.875,0.001,7.9
23/06/2026 14:29,15.75,0.001,7.9
23/06/2026 13:59,14.75,0.001,7.89
23/06/2026 13:29,15.5,0.001,7.89
23/06/2026 12:59,15.25,0.001,7.89
23/06/2026 12:29,15.375,0.001,7.89
23/06/2026 11:59,15.125,0.001,7.88
23/06/2026 11:29,15.125,0.001,7.88
23/06/2026 10:59,15.5,0.001,7.88
23/06/2026 10:29,15.875,0.001,7.88
23/06/2026 09:59,16.375,0.001,7.87
23/06/2026 09:29,17.625,0.001,7.86
23/06/2026 08:59,16.5,0.001,7.86
23/06/2026 08:29,16.5,0.001,7.85
23/06/2026 07:59,16.375,0.001,7.85
23/06/2026 07:59,16.375,0.001,7.85
23/06/2026 07:29,16.25,0.001,7.85
23/06/2026 06:59,16.25,0.001,7.84
23/06/2026 06:29,16.125,0.001,7.84
23/06/2026 05:59,16.25,0.001,7.84
23/06/2026 05:29,16.25,0.001,7.84
23/06/2026 04:59,16.125,0.001,7.84
23/06/2026 04:29,16.125,0.001,7.84
23/06/2026 03:59,16.25,0.001,7.84
23/06/2026 03:29,16.25,0.001,7.84
23/06/2026 02:59,16.125,0.001,7.84
23/06/2026 02:29,16.125,0.001,7.83
23/06/2026 01:59,16.125,0.001,7.84
23/06/2026 01:29,16,0.001,7.84
23/06/2026 00:59,15.875,0.001,7.84
23/06/2026 00:59,15.875,0.001,7.84
23/06/2026 00:29,16,0.001,7.83
22/06/2026 23:59,16,0.001,7.84
22/06/2026 23:29,15.875,0.001,7.84
22/06/2026 22:59,15.875,0.001,7.84
22/06/2026 22:29,15.875,0.001,7.83
22/06/2026 21:59,15.75,0.001,7.84
22/06/2026 21:29,15.75,0.001,7.83
22/06/2026 20:59,15.5,0.001,7.83
22/06/2026 20:29,15.75,0.001,7.83
22/06/2026 20:29,15.75,0.001,7.83
22/06/2026 19:59,15.625,0.001,7.83
22/06/2026 19:29,15.5,0.001,7.83
22/06/2026 18:59,15.5,0.001,7.83
22/06/2026 18:29,15.375,0.001,7.83
22/06/2026 17:59,15.25,0.001,7.83
22/06/2026 17:59,15.25,0.001,7.83
22/06/2026 17:29,15.125,0.001,7.83
22/06/2026 16:59,15.625,0.001,7.83
22/06/2026 16:29,14.625,0.001,7.84
22/06/2026 15:59,14.25,0.001,7.85
22/06/2026 15:29,13.875,0.001,7.86
22/06/2026 14:59,14,0.001,7.88
22/06/2026 14:29,14,0.001,7.89
22/06/2026 13:59,14.375,0.001,7.91
22/06/2026 13:29,14.625,0.001,7.92
22/06/2026 12:59,13.75,0.001,7.93
22/06/2026 12:29,15,0.001,7.94
22/06/2026 11:59,15.375,0.001,7.94
22/06/2026 11:29,15.625,0.001,7.94
22/06/2026 10:59,16.125,0.001,7.94
22/06/2026 10:29,16.375,0.001,7.94
22/06/2026 09:59,16.75,0.001,7.94
22/06/2026 09:29,16.625,0.001,7.94
22/06/2026 08:59,16.5,0.001,7.94
22/06/2026 08:29,16.5,0.001,7.93
22/06/2026 07:59,16.25,0.001,7.93
22/06/2026 07:29,16.25,0.001,7.92
22/06/2026 06:59,16.25,0.001,7.92
22/06/2026 06:29,16.25,0.001,7.92
22/06/2026 05:59,16.125,0.001,7.93
22/06/2026 05:29,16.25,0.001,7.93
22/06/2026 04:59,16.125,0.001,7.93
22/06/2026 04:29,16.25,0.001,7.93
22/06/2026 03:59,16.125,0.001,7.93
22/06/2026 03:29,16.125,0.001,7.94
22/06/2026 02:59,16.125,0.001,7.94
22/06/2026 02:29,16.125,0.001,7.94
22/06/2026 01:59,16,0.001,7.94
22/06/2026 01:29,16,0.001,7.94
22/06/2026 00:59,16,0.001,7.94
22/06/2026 00:29,16,0.001,7.95
21/06/2026 23:59,15.875,0.001,7.95
21/06/2026 23:29,15.875,0.001,7.95
21/06/2026 22:59,15.875,0.001,7.95
21/06/2026 22:29,15.875,0.001,7.95
21/06/2026 21:59,14.75,0.001,7.96
21/06/2026 21:29,15.625,0.001,7.96
21/06/2026 20:59,15.625,0.001,7.96
21/06/2026 20:29,15.625,0.001,7.96
21/06/2026 19:59,15.5,0.001,7.96
21/06/2026 19:29,15.5,0.001,7.96
21/06/2026 18:59,15.25,0.001,7.97
21/06/2026 18:29,15.25,0.001,7.97
21/06/2026 17:59,15,0.001,7.96
21/06/2026 17:29,14.75,0.001,7.96
21/06/2026 16:59,15.625,0.001,7.96
21/06/2026 16:29,14.375,0.001,7.95
21/06/2026 15:59,14,0.001,7.95
21/06/2026 15:59,14,0.001,7.95
21/06/2026 15:29,13.75,0.001,7.95
21/06/2026 14:59,14.125,0.001,7.95
21/06/2026 14:29,14.25,0.001,7.95
21/06/2026 13:59,14.5,0.001,7.95
21/06/2026 13:29,15.625,0.001,7.95
21/06/2026 12:59,14.875,0.001,7.94
21/06/2026 12:29,15.375,0.001,7.94
21/06/2026 11:59,15.625,0.001,7.94
21/06/2026 11:29,16,0.001,7.94
21/06/2026 10:59,16.375,0.001,7.94
21/06/2026 10:29,16.875,0.001,7.94
21/06/2026 09:59,16.875,0.001,7.94
21/06/2026 09:29,16.625,0.001,7.93
21/06/2026 08:59,16.625,0.001,7.93
21/06/2026 08:29,16.375,0.001,7.92
21/06/2026 07:59,16.375,0.001,7.92
21/06/2026 07:29,16.375,0.001,7.92
21/06/2026 06:59,16.25,0.001,7.92
21/06/2026 06:29,16.125,0.001,7.92
21/06/2026 05:59,16.125,0.001,7.92
21/06/2026 05:29,16.125,0.001,7.92
21/06/2026 04:59,16.125,0.001,7.92
21/06/2026 04:29,16.125,0.001,7.92
21/06/2026 03:59,16,0.001,7.92
21/06/2026 03:29,16.125,0.001,7.93
21/06/2026 02:59,16,0.001,7.93
21/06/2026 02:29,16,0.001,7.93
21/06/2026 01:59,16,0.001,7.93
21/06/2026 01:29,16,0.001,7.93
21/06/2026 00:59,15.875,0.001,7.93
21/06/2026 00:29,15.75,0.001,7.94
20/06/2026 23:59,15.875,0.001,7.94
20/06/2026 23:29,15.875,0.001,7.94
20/06/2026 22:59,15.75,0.001,7.94
20/06/2026 22:29,16.625,0.001,7.94
20/06/2026 22:29,16.625,0.001,7.94
20/06/2026 21:59,16.625,0.001,7.94
20/06/2026 21:29,15.625,0.001,7.95
20/06/2026 20:59,15.625,0.001,7.95
20/06/2026 20:29,15.5,0.001,7.95
20/06/2026 19:59,15.375,0.001,7.95
20/06/2026 19:29,15.375,0.001,7.95
20/06/2026 18:59,15.375,0.001,7.95
20/06/2026 18:29,15.125,0.001,7.95
20/06/2026 17:59,15.125,0.001,7.95
20/06/2026 17:29,14.875,0.001,7.95
20/06/2026 16:59,14.5,0.001,7.94
20/06/2026 16:29,14.25,0.001,7.94
20/06/2026 16:29,14.25,0.001,7.94
20/06/2026 15:59,13.875,0.001,7.94
20/06/2026 15:29,14,0.001,7.94
20/06/2026 15:29,14,0.001,7.94
20/06/2026 14:59,14.375,0.001,7.94
20/06/2026 14:29,14.625,0.001,7.94
20/06/2026 13:59,14.875,0.001,7.94
20/06/2026 13:29,15.25,0.001,7.94
20/06/2026 12:59,15.625,0.001,7.94
20/06/2026 12:29,16.125,0.001,7.94
20/06/2026 11:59,16.5,0.001,7.94
20/06/2026 11:29,16.875,0.001,7.94
20/06/2026 11:29,16.875,0.001,7.94
20/06/2026 10:59,16.75,0.001,7.93
20/06/2026 10:29,17.625,0.001,7.93
20/06/2026 09:59,16.5,0.001,7.92
20/06/2026 09:29,16.5,0.001,7.92
20/06/2026 08:59,16.375,0.001,7.91
20/06/2026 08:29,16.25,0.001,7.92
20/06/2026 08:29,16.25,0.001,7.92
20/06/2026 07:59,16.25,0.001,7.91
20/06/2026 07:29,16.25,0.001,7.91
20/06/2026 06:59,16.25,0.001,7.91
20/06/2026 06:29,16.125,0.001,7.91
20/06/2026 06:29,16.125,0.001,7.91
20/06/2026 05:59,16.125,0.001,7.91
20/06/2026 05:29,16.125,0.001,7.91
20/06/2026 04:59,16.125,0.001,7.92
20/06/2026 04:29,16.125,0.001,7.92
20/06/2026 03:59,16.25,0.001,7.92
20/06/2026 03:29,16.125,0.001,7.92
20/06/2026 02:59,16,0.001,7.92
20/06/2026 02:29,16.25,0.001,7.92
20/06/2026 01:59,16,0.001,7.92
20/06/2026 01:29,16,0.001,7.92
20/06/2026 00:59,16,0.001,7.93
20/06/2026 00:29,16,0.001,7.93
19/06/2026 23:59,16,0.001,7.93
19/06/2026 23:29,16,0.001,7.93
19/06/2026 22:59,16,0.001,7.93
19/06/2026 22:29,15.875,0.001,7.93
19/06/2026 21:59,15.875,0.001,7.94
19/06/2026 21:29,15.875,0.001,7.94
19/06/2026 20:59,15.75,0.001,7.94
19/06/2026 20:29,15.75,0.001,7.94
19/06/2026 19:59,15.875,0.001,7.94
19/06/2026 19:29,14.75,0.001,7.95
19/06/2026 18:59,15.5,0.001,7.95
19/06/2026 18:29,15.5,0.001,7.95
19/06/2026 17:59,15.5,0.001,7.95
19/06/2026 17:29,15.25,0.001,7.94
19/06/2026 17:29,15.25,0.001,7.94
19/06/2026 16:59,15.125,0.001,7.94
19/06/2026 16:29,14.75,0.001,7.94
19/06/2026 15:59,14.5,0.001,7.93
19/06/2026 15:29,14.25,0.001,7.93
19/06/2026 14:59,14,0.001,7.93
19/06/2026 14:29,14.5,0.001,7.93
19/06/2026 13:59,15.625,0.001,7.92
19/06/2026 13:29,15.125,0.001,7.93
19/06/2026 12:59,15.5,0.001,7.93
19/06/2026 12:29,15.875,0.001,7.93
19/06/2026 11:59,16.5,0.001,7.93
19/06/2026 11:29,16.875,0.001,7.93
19/06/2026 10:59,16.875,0.001,7.92
19/06/2026 10:29,16.625,0.001,7.92
19/06/2026 09:59,16.5,0.001,7.91
19/06/2026 09:29,16.375,0.001,7.91
19/06/2026 08:59,16.25,0.001,7.91
19/06/2026 08:29,16.25,0.001,7.9
19/06/2026 07:59,16.125,0.001,7.9
19/06/2026 07:29,16.125,0.001,7.9
19/06/2026 06:59,16.125,0.001,7.89
19/06/2026 06:29,16,0.001,7.89
19/06/2026 05:59,16,0.001,7.89
19/06/2026 05:29,16,0.001,7.89
19/06/2026 04:59,16.125,0.001,7.89
19/06/2026 04:29,16,0.001,7.89
19/06/2026 03:59,16.125,0.001,7.89
19/06/2026 03:29,16.125,0.001,7.9
19/06/2026 02:59,16,0.001,7.9
19/06/2026 02:29,15.75,0.001,7.9
19/06/2026 01:59,16,0.001,7.9
19/06/2026 01:29,16,0.001,7.9
19/06/2026 00:59,15.875,0.001,7.9
19/06/2026 00:29,15.75,0.001,7.9
18/06/2026 23:59,15.75,0.001,7.9
18/06/2026 23:29,15.75,0.001,7.9
18/06/2026 23:29,15.75,0.001,7.9
18/06/2026 22:59,15.75,0.001,7.9
18/06/2026 22:29,14.875,0.001,7.9
18/06/2026 21:59,14.75,0.001,7.91
18/06/2026 21:29,15.625,0.001,7.91
18/06/2026 20:59,15.5,0.001,7.91
18/06/2026 20:29,15.5,0.001,7.91
18/06/2026 19:59,15.5,0.001,7.91
18/06/2026 19:29,15.5,0.001,7.91
18/06/2026 18:59,15.25,0.001,7.91
18/06/2026 18:29,15.25,0.001,7.91
18/06/2026 17:59,15,0.001,7.9
18/06/2026 17:29,14.875,0.001,7.9
18/06/2026 16:59,14.625,0.001,7.89
18/06/2026 16:29,14.25,0.001,7.89
18/06/2026 15:59,14,0.001,7.89
18/06/2026 15:29,14.125,0.001,7.89
18/06/2026 14:59,14.5,0.001,7.89
18/06/2026 14:29,13.75,0.001,7.9
18/06/2026 13:59,15,0.001,7.9
18/06/2026 13:29,15.375,0.001,7.9
18/06/2026 12:59,15.75,0.001,7.91
18/06/2026 12:29,16,0.001,7.92
18/06/2026 11:59,16.5,0.001,7.94
18/06/2026 11:59,16.5,0.001,7.94
18/06/2026 11:29,17.625,0.001,7.95
18/06/2026 10:59,16.625,0.001,7.95
18/06/2026 10:29,16.5,0.001,7.95
18/06/2026 09:59,16.625,0.001,7.95
18/06/2026 09:29,16.375,0.001,7.95
18/06/2026 08:59,16.25,0.001,7.94
18/06/2026 08:29,16.125,0.001,7.94
18/06/2026 07:59,16.125,0.001,7.94
18/06/2026 07:29,16.125,0.001,7.94
18/06/2026 06:59,16.125,0.001,7.93
18/06/2026 06:29,16,0.001,7.94
18/06/2026 05:59,16,0.001,7.94
18/06/2026 05:29,16.125,0.001,7.94
18/06/2026 04:59,15.875,0.001,7.94
18/06/2026 04:29,15.875,0.001,7.94
18/06/2026 03:59,15.875,0.001,7.95
18/06/2026 03:29,15.875,0.001,7.95
18/06/2026 02:59,15.875,0.001,7.95
18/06/2026 02:29,15.875,0.001,7.95
18/06/2026 01:59,15.875,0.001,7.95
18/06/2026 01:29,15.75,0.001,7.95
18/06/2026 00:59,14.75,0.001,7.96
18/06/2026 00:29,14.875,0.001,7.96
17/06/2026 23:59,16.625,0.001,7.96
17/06/2026 23:29,15.625,0.001,7.96
17/06/2026 22:59,16.625,0.001,7.96
17/06/2026 22:29,15.625,0.001,7.97
17/06/2026 21:59,15.5,0.001,7.97
17/06/2026 21:29,15.5,0.001,7.97
17/06/2026 20:59,15.375,0.001,7.97
17/06/2026 20:29,15.375,0.001,7.97
17/06/2026 19:59,15.375,0.001,7.98
17/06/2026 19:29,15.25,0.001,7.98
17/06/2026 18:59,15.25,0.001,7.98
17/06/2026 18:29,15,0.001,7.98
17/06/2026 17:59,14.875,0.001,7.97
17/06/2026 17:29,14.625,0.001,7.97
17/06/2026 16:59,14.375,0.001,7.97
17/06/2026 16:29,14,0.001,7.97
17/06/2026 15:59,14.25,0.001,7.97
17/06/2026 15:29,14.25,0.001,7.97
17/06/2026 14:59,14.625,0.001,7.97
17/06/2026 14:29,15,0.001,7.97
17/06/2026 13:59,15.375,0.001,7.98
17/06/2026 13:29,16,0.001,7.98
17/06/2026 12:59,16.125,0.001,7.98
17/06/2026 12:29,16.75,0.001,7.98
17/06/2026 11:59,16.875,0.001,7.98
17/06/2026 11:29,17,0.001,7.97
17/06/2026 10:59,16.875,0.001,7.97
17/06/2026 10:29,17.625,0.001,7.96
17/06/2026 09:59,16.625,0.001,7.96
17/06/2026 09:29,16.125,0.001,7.96
17/06/2026 08:59,16.25,0.001,7.95
17/06/2026 08:29,16.125,0.001,7.95
17/06/2026 07:59,16.25,0.001,7.95
17/06/2026 07:29,16.25,0.001,7.94
17/06/2026 06:59,16.125,0.001,7.94
17/06/2026 06:29,15.875,0.001,7.94
17/06/2026 05:59,16,0.001,7.95
17/06/2026 05:29,15.875,0.001,7.95
17/06/2026 04:59,16,0.001,7.95
17/06/2026 04:29,16,0.001,7.95
17/06/2026 03:59,15.875,0.001,7.95
17/06/2026 03:29,16,0.001,7.95
17/06/2026 02:59,15.875,0.001,7.96
17/06/2026 02:29,16,0.001,7.96
17/06/2026 01:59,15.75,0.001,7.96
17/06/2026 01:29,15.875,0.001,7.96
17/06/2026 00:59,15.875,0.001,7.96
17/06/2026 00:29,15.75,0.001,7.96
16/06/2026 23:59,15.875,0.001,7.97
16/06/2026 23:29,15.5,0.001,7.97
16/06/2026 22:59,15.625,0.001,7.97
16/06/2026 22:29,15.375,0.001,7.97
16/06/2026 21:59,15.5,0.001,7.98
16/06/2026 21:29,15.5,0.001,7.98
16/06/2026 20:59,15.5,0.001,7.98
16/06/2026 20:29,15.375,0.001,7.98
16/06/2026 19:59,15.375,0.001,7.98
16/06/2026 19:29,15.375,0.001,7.98
16/06/2026 18:59,15.25,0.001,7.99
16/06/2026 18:29,15,0.001,7.98
16/06/2026 17:59,15,0.001,7.99
16/06/2026 17:29,14.875,0.001,7.98
16/06/2026 16:59,14.625,0.001,7.98
16/06/2026 16:29,14.375,0.001,7.98
16/06/2026 15:59,14.125,0.001,7.98
16/06/2026 15:29,14.375,0.001,7.98
16/06/2026 14:59,14.75,0.001,7.98
16/06/2026 14:29,15,0.001,7.98
16/06/2026 13:59,15.5,0.001,7.98
16/06/2026 13:29,16.125,0.001,7.99
16/06/2026 13:29,16.125,0.001,7.99
16/06/2026 12:59,16.625,0.001,7.99
16/06/2026 12:29,17.125,0.001,7.98
16/06/2026 11:59,17,0.001,7.98
16/06/2026 11:29,16.75,0.001,7.98
16/06/2026 10:59,16.875,0.001,7.97
16/06/2026 10:29,17.625,0.001,7.97
16/06/2026 09:59,16.5,0.001,7.96
16/06/2026 09:29,16.25,0.001,7.96
16/06/2026 08:59,16.125,0.001,7.96
16/06/2026 08:29,16.25,0.001,7.95
16/06/2026 07:59,16.125,0.001,7.95
16/06/2026 07:29,16.125,0.001,7.95
16/06/2026 06:59,16,0.001,7.95
16/06/2026 06:29,16,0.001,7.94
16/06/2026 05:59,16,0.001,7.95
16/06/2026 05:29,16,0.001,7.95
16/06/2026 04:59,15.875,0.001,7.95
16/06/2026 04:29,16,0.001,7.95
16/06/2026 03:59,15.875,0.001,7.95
16/06/2026 03:29,16,0.001,7.96
16/06/2026 02:59,15.75,0.001,7.96
16/06/2026 02:29,15.875,0.001,7.96
16/06/2026 01:59,15.875,0.001,7.96
16/06/2026 01:29,15.75,0.001,7.96
16/06/2026 00:59,15.875,0.001,7.96
16/06/2026 00:29,15.75,0.001,7.97
15/06/2026 23:59,14.75,0.001,7.97
15/06/2026 23:29,16.625,0.001,7.97
15/06/2026 22:59,15.5,0.001,7.97
15/06/2026 22:29,15.5,0.001,7.97
15/06/2026 21:59,15.5,0.001,7.97
15/06/2026 21:29,15.5,0.001,7.97
15/06/2026 20:59,15.5,0.001,7.98
15/06/2026 20:29,15.5,0.001,7.98
15/06/2026 19:59,15.25,0.001,7.98
15/06/2026 19:29,15.125,0.001,7.98
15/06/2026 18:59,15.125,0.001,7.98
15/06/2026 18:29,15,0.001,7.99
15/06/2026 17:59,14.875,0.001,7.98
15/06/2026 17:29,14.75,0.001,7.98
15/06/2026 17:29,14.75,0.001,7.98
15/06/2026 16:59,14.625,0.001,7.98
15/06/2026 16:29,14.375,0.001,7.98
15/06/2026 15:59,14.125,0.001,7.98
15/06/2026 15:29,14.125,0.001,7.98
15/06/2026 14:59,14.375,0.001,7.98
15/06/2026 14:29,15.625,0.001,7.98
15/06/2026 13:59,14.875,0.001,7.97
15/06/2026 13:29,15.375,0.001,7.97
15/06/2026 12:59,15.625,0.001,7.97
15/06/2026 12:29,16,0.001,7.97
15/06/2026 11:59,16.375,0.001,7.97
15/06/2026 11:29,17,0.001,7.97
15/06/2026 10:59,16.875,0.001,7.97
15/06/2026 10:29,17.625,0.001,7.96
15/06/2026 09:59,16.625,0.001,7.95
15/06/2026 09:29,16.375,0.001,7.95
15/06/2026 08:59,16.375,0.001,7.95
15/06/2026 08:29,16.125,0.001,7.94
15/06/2026 07:59,16.25,0.001,7.94
15/06/2026 07:29,16.25,0.001,7.94
15/06/2026 06:59,16.125,0.001,7.94
15/06/2026 06:29,16,0.001,7.94
15/06/2026 05:59,16,0.001,7.94
15/06/2026 05:29,16,0.001,7.94
15/06/2026 04:59,16.125,0.001,7.94
15/06/2026 04:29,16,0.001,7.94
15/06/2026 03:59,16,0.001,7.94
15/06/2026 03:29,16,0.001,7.94
15/06/2026 02:59,16,0.001,7.95
15/06/2026 02:29,16,0.001,7.95
15/06/2026 01:59,16.125,0.001,7.95
15/06/2026 01:29,16.125,0.001,7.95
15/06/2026 00:59,16.125,0.001,7.95
15/06/2026 00:29,16,0.001,7.95
15/06/2026 00:29,16,0.001,7.95
14/06/2026 23:59,15.875,0.001,7.95
14/06/2026 23:29,16,0.001,7.96
14/06/2026 22:59,15.875,0.001,7.96
14/06/2026 22:29,15.875,0.001,7.96
14/06/2026 21:59,15.875,0.001,7.95
14/06/2026 21:29,15.875,0.001,7.96
14/06/2026 20:59,15.75,0.001,7.96
14/06/2026 20:29,15.75,0.001,7.96
14/06/2026 19:59,15.875,0.001,7.96
14/06/2026 19:29,15.625,0.001,7.96
14/06/2026 18:59,15.625,0.001,7.96
14/06/2026 18:29,15.625,0.001,7.96
14/06/2026 18:29,15.625,0.001,7.96
14/06/2026 17:59,15.5,0.001,7.96
14/06/2026 17:29,15.25,0.001,7.96
14/06/2026 16:59,15.125,0.001,7.95
14/06/2026 16:29,14.875,0.001,7.95
14/06/2026 15:59,14.625,0.001,7.95
14/06/2026 15:29,14.5,0.001,7.95
14/06/2026 14:59,14.875,0.001,7.94
14/06/2026 14:29,15.375,0.001,7.94
14/06/2026 13:59,16,0.001,7.94
14/06/2026 13:29,16.625,0.001,7.95
14/06/2026 12:59,17,0.001,7.94
14/06/2026 12:29,17,0.001,7.94
14/06/2026 11:59,16.875,0.001,7.94
14/06/2026 11:29,17,0.001,7.93
14/06/2026 10:59,16.75,0.001,7.93
14/06/2026 10:29,15.75,0.001,7.92
14/06/2026 09:59,16.5,0.001,7.92
14/06/2026 09:29,16.25,0.001,7.91
14/06/2026 08:59,16.25,0.001,7.91
14/06/2026 08:29,16.125,0.001,7.91
14/06/2026 07:59,16.25,0.001,7.91
14/06/2026 07:29,16.125,0.001,7.91
14/06/2026 06:59,16.25,0.001,7.91
14/06/2026 06:29,16,0.001,7.9
14/06/2026 05:59,16,0.001,7.91
14/06/2026 05:29,16,0.001,7.91
14/06/2026 04:59,16,0.001,7.91
14/06/2026 04:29,16,0.001,7.91
14/06/2026 03:59,15.875,0.001,7.91
14/06/2026 03:29,15.875,0.001,7.91
14/06/2026 02:59,15.875,0.001,7.91
14/06/2026 02:29,15.875,0.001,7.92
14/06/2026 01:59,16,0.001,7.92
14/06/2026 01:29,15.875,0.001,7.92
14/06/2026 00:59,15.875,0.001,7.92
14/06/2026 00:29,15.875,0.001,7.92
13/06/2026 23:59,15.75,0.001,7.92
13/06/2026 23:29,15.75,0.001,7.92
13/06/2026 22:59,15.75,0.001,7.92
13/06/2026 22:29,16.625,0.001,7.92
13/06/2026 21:59,15.625,0.001,7.92
13/06/2026 21:29,15.75,0.001,7.93
13/06/2026 21:29,15.75,0.001,7.93
13/06/2026 20:59,15.5,0.001,7.93
13/06/2026 20:29,16.625,0.001,7.93
13/06/2026 19:59,15.5,0.001,7.93
13/06/2026 19:29,15.5,0.001,7.93
13/06/2026 18:59,15.5,0.001,7.93
13/06/2026 18:29,15.25,0.001,7.93
13/06/2026 17:59,15.25,0.001,7.93
13/06/2026 17:29,15.375,0.001,7.93
13/06/2026 16:59,14.875,0.001,7.92
13/06/2026 16:29,14.875,0.001,7.92
13/06/2026 15:59,14.75,0.001,7.92
13/06/2026 15:29,14.375,0.001,7.92
13/06/2026 14:59,14.5,0.001,7.92
13/06/2026 14:29,14.875,0.001,7.92
13/06/2026 13:59,15.125,0.001,7.92
13/06/2026 13:29,15.5,0.001,7.92
13/06/2026 12:59,15.875,0.001,7.92
13/06/2026 12:29,16.375,0.001,7.92
13/06/2026 11:59,16.875,0.001,7.92
13/06/2026 11:29,17,0.001,7.92
13/06/2026 10:59,16.875,0.001,7.91
13/06/2026 10:29,16.875,0.001,7.91
13/06/2026 09:59,17.625,0.001,7.9
13/06/2026 09:29,16.375,0.001,7.9
13/06/2026 08:59,16.375,0.001,7.89
13/06/2026 08:29,16.25,0.001,7.89
13/06/2026 07:59,16.25,0.001,7.89
13/06/2026 07:29,16.25,0.001,7.89
13/06/2026 06:59,16.25,0.001,7.89
13/06/2026 06:29,16.125,0.001,7.89
13/06/2026 05:59,16.125,0.001,7.89
13/06/2026 05:29,16.125,0.001,7.89
13/06/2026 04:59,16.125,0.001,7.89
13/06/2026 04:29,16,0.001,7.89
13/06/2026 03:59,16,0.001,7.89
13/06/2026 03:29,16.125,0.001,7.9
13/06/2026 02:59,16,0.001,7.9
13/06/2026 02:29,16,0.001,7.9
13/06/2026 01:59,16,0.001,7.9
13/06/2026 01:29,15.875,0.001,7.9
13/06/2026 01:29,15.875,0.001,7.9
13/06/2026 00:59,16,0.001,7.9
13/06/2026 00:29,16,0.001,7.9
12/06/2026 23:59,15.875,0.001,7.9
12/06/2026 23:29,16,0.001,7.9
12/06/2026 22:59,14.75,0.001,7.9
12/06/2026 22:29,15.875,0.001,7.9
12/06/2026 21:59,15.875,0.001,7.91
12/06/2026 21:29,15.75,0.001,7.91
12/06/2026 21:29,15.75,0.001,7.91
12/06/2026 20:59,15.75,0.001,7.91
12/06/2026 20:29,16.625,0.001,7.91
12/06/2026 19:59,15.625,0.001,7.91
12/06/2026 19:29,15.625,0.001,7.91
12/06/2026 18:59,15.625,0.001,7.91
12/06/2026 18:29,15.5,0.001,7.9
12/06/2026 17:59,15.375,0.001,7.9
12/06/2026 17:29,15.125,0.001,7.9
12/06/2026 16:59,15.25,0.001,7.9
12/06/2026 16:29,15,0.001,7.9
12/06/2026 15:59,14.75,0.001,7.9
12/06/2026 15:29,14.625,0.001,7.9
12/06/2026 14:59,14.125,0.001,7.9
12/06/2026 14:29,14.625,0.001,7.9
12/06/2026 13:59,15.125,0.001,7.91
12/06/2026 13:29,15.5,0.001,7.92
12/06/2026 12:59,16,0.001,7.92
12/06/2026 12:29,16.5,0.001,7.92
12/06/2026 11:59,16.875,0.001,7.93
12/06/2026 11:29,16.75,0.001,7.93
12/06/2026 10:59,15.75,0.001,7.92
12/06/2026 10:29,16.625,0.001,7.92
12/06/2026 09:59,16.5,0.001,7.92
12/06/2026 09:29,16.375,0.001,7.92
12/06/2026 08:59,16.375,0.001,7.92
12/06/2026 08:29,16.375,0.001,7.92
12/06/2026 07:59,16.25,0.001,7.91
12/06/2026 07:29,16.25,0.001,7.91
12/06/2026 07:29,16.25,0.001,7.91
12/06/2026 06:59,16.25,0.001,7.91
12/06/2026 06:29,16.125,0.001,7.91
12/06/2026 05:59,16.25,0.001,7.91
12/06/2026 05:29,16.125,0.001,7.91
12/06/2026 04:59,16.125,0.001,7.91
12/06/2026 04:29,16.125,0.001,7.91
12/06/2026 03:59,16.125,0.001,7.91
12/06/2026 03:29,16.125,0.001,7.91
12/06/2026 02:59,16,0.001,7.9
12/06/2026 02:29,16.125,0.001,7.91
12/06/2026 01:59,16,0.001,7.91
12/06/2026 01:29,16,0.001,7.9
12/06/2026 00:59,16,0.001,7.9
12/06/2026 00:29,16,0.001,7.9
11/06/2026 23:59,16,0.001,7.9
11/06/2026 23:29,15.875,0.001,7.89
11/06/2026 22:59,16,0.001,7.89
11/06/2026 22:29,15.75,0.001,7.89
11/06/2026 21:59,15.875,0.001,7.89
11/06/2026 21:29,16.625,0.001,7.9
11/06/2026 20:59,16.625,0.001,7.91
11/06/2026 20:29,15.625,0.001,7.91
11/06/2026 19:59,15.375,0.001,7.9
11/06/2026 19:29,15.375,0.001,7.89
11/06/2026 19:13,14.5,0.001,7.88
11/06/2026 19:12,14.375,0.001,7.88
11/06/2026 19:12,14.125,0.001,8.53
11/06/2026 17:29,15.125,0.001,7.84
11/06/2026 16:59,14.875,0.001,7.81
11/06/2026 16:29,14.75,0.001,7.77
11/06/2026 15:59,15.125,0.001,7.72
11/06/2026 15:29,15.5,0.001,7.64
11/06/2026 14:59,16.25,0.001,7.52
11/06/2026 14:58,16.25,0.001,7.52
11/06/2026 14:29,16.625,0.001,7.34
11/06/2026 13:59,17.25,0.001,7.09
11/06/2026 13:29,17.5,0.001,6.89
11/06/2026 13:29,17.5,0.001,6.89
11/06/2026 12:59,17.375,0.001,6.77
11/06/2026 12:29,17.375,0.001,6.7
11/06/2026 11:59,17.25,0.001,6.67
11/06/2026 11:55,17.375,0.002,6.67
11/06/2026 11:29,17.125,0.001,6.67
11/06/2026 11:00,17.375,0.002,6.69
11/06/2026 10:59,17.25,0.002,6.69
11/06/2026 10:59,17.25,0.002,6.87
07/06/2026 12:59,16.625,0.001,7.95
07/06/2026 12:29,17.625,0.001,7.95
07/06/2026 11:59,16.625,0.001,7.94
07/06/2026 11:29,16.625,0.001,7.94
07/06/2026 10:59,16.375,0.001,7.93
07/06/2026 10:29,16.25,0.001,7.93
07/06/2026 09:59,16.25,0.001,7.92
07/06/2026 09:29,16.25,0.001,7.92
07/06/2026 08:59,16.125,0.001,7.91
07/06/2026 08:29,16.125,0.001,7.91
07/06/2026 07:59,16.125,0.001,7.91
07/06/2026 07:29,16.125,0.001,7.91
07/06/2026 06:59,16,0.001,7.9
07/06/2026 06:29,16,0.001,7.9
07/06/2026 05:59,16,0.001,7.9
07/06/2026 05:29,15.875,0.001,7.9
07/06/2026 04:59,16,0.001,7.9
07/06/2026 04:29,16,0.001,7.91
07/06/2026 03:59,15.875,0.001,7.9
07/06/2026 03:29,15.875,0.001,7.91
07/06/2026 02:59,15.875,0.001,7.91
07/06/2026 02:29,16.625,0.001,7.91
07/06/2026 01:59,14.75,0.001,7.91
07/06/2026 01:29,15.75,0.001,7.92
07/06/2026 00:59,15.75,0.001,7.92
07/06/2026 00:29,15.625,0.001,7.92
06/06/2026 23:59,15.625,0.001,7.92
06/06/2026 23:29,15.625,0.001,7.92
06/06/2026 22:59,15.5,0.001,7.93
06/06/2026 22:29,15.5,0.001,7.93
06/06/2026 21:59,15.375,0.001,7.93
06/06/2026 21:29,15.5,0.001,7.93
06/06/2026 20:59,15.25,0.001,7.93
06/06/2026 20:29,15.25,0.001,7.93
06/06/2026 19:59,15.25,0.001,7.93
06/06/2026 19:29,15.125,0.001,7.94
06/06/2026 19:29,15.125,0.001,7.94
06/06/2026 18:59,15,0.001,7.94
06/06/2026 18:29,15,0.001,7.94
06/06/2026 17:59,14.75,0.001,7.94
06/06/2026 17:29,14.5,0.001,7.94
06/06/2026 16:59,14.375,0.001,7.94
06/06/2026 16:29,15.625,0.001,7.94
06/06/2026 15:59,15.125,0.001,7.94
06/06/2026 15:29,15.5,0.001,7.94
06/06/2026 14:59,15.875,0.001,7.94
06/06/2026 14:55,16.125,0.001,7.94
06/06/2026 14:29,16.375,0.001,7.94
06/06/2026 13:59,16.75,0.001,7.95
06/06/2026 13:29,17.625,0.001,7.95
06/06/2026 12:59,16.625,0.001,7.94
06/06/2026 12:29,16.625,0.001,7.94
06/06/2026 11:59,16.5,0.001,7.93
06/06/2026 11:29,16.375,0.001,7.92
06/06/2026 10:59,16.375,0.001,7.92
06/06/2026 10:29,16.25,0.001,7.92
06/06/2026 09:59,16.25,0.001,7.91
06/06/2026 09:29,16.125,0.001,7.91
06/06/2026 08:59,16.125,0.001,7.9
06/06/2026 08:29,16.125,0.001,7.9
06/06/2026 07:59,16.125,0.001,7.9
06/06/2026 07:29,16,0.001,7.89
06/06/2026 06:59,15.875,0.001,7.89
06/06/2026 06:29,15.875,0.001,7.89
06/06/2026 05:59,15.75,0.001,7.89
06/06/2026 05:29,15.875,0.001,7.89
06/06/2026 04:59,15.75,0.001,7.89
06/06/2026 04:29,15.75,0.001,7.89
06/06/2026 03:59,16.625,0.001,7.9
06/06/2026 03:29,15.625,0.001,7.89
06/06/2026 02:59,14.75,0.001,7.9
06/06/2026 02:29,15.625,0.001,7.9
06/06/2026 01:59,15.625,0.001,7.9
06/06/2026 01:59,15.625,0.001,7.9
06/06/2026 01:29,15.625,0.001,7.9
06/06/2026 00:59,15.5,0.001,7.9
06/06/2026 00:59,15.5,0.001,7.9
06/06/2026 00:29,15.375,0.001,7.91
05/06/2026 23:59,15.5,0.001,7.91
05/06/2026 23:29,15.375,0.001,7.91
05/06/2026 22:59,15.375,0.001,7.91
05/06/2026 22:29,15.25,0.001,7.91
05/06/2026 21:59,15.25,0.001,7.91
05/06/2026 21:29,15.125,0.001,7.91
05/06/2026 20:59,15.125,0.001,7.91
05/06/2026 20:29,15,0.001,7.91
05/06/2026 19:59,14.875,0.001,7.92
05/06/2026 19:29,14.875,0.001,7.92
05/06/2026 18:59,14.625,0.001,7.92
05/06/2026 18:29,14.75,0.001,7.93
05/06/2026 17:59,15.5,0.001,7.93
05/06/2026 17:29,16.125,0.001,7.93
05/06/2026 16:59,16.75,0.001,7.94
05/06/2026 16:29,17.125,0.001,7.94
05/06/2026 15:59,16.875,0.001,7.94
05/06/2026 15:29,17,0.001,7.93
05/06/2026 14:59,16.875,0.001,7.93
05/06/2026 14:29,16.75,0.001,7.93
05/06/2026 13:59,16.75,0.001,7.92
05/06/2026 13:29,16.75,0.001,7.92
05/06/2026 12:59,15.75,0.001,7.92
05/06/2026 12:29,16.625,0.001,7.92
05/06/2026 11:59,16.625,0.001,7.92
05/06/2026 11:29,16.5,0.001,7.92
05/06/2026 10:59,16.375,0.001,7.92
05/06/2026 10:29,16.25,0.001,7.93
05/06/2026 09:59,16.25,0.001,7.92
05/06/2026 09:29,16.25,0.001,7.91
05/06/2026 08:59,16.125,0.001,7.91
05/06/2026 08:29,16.125,0.001,7.91
05/06/2026 07:59,16.25,0.001,7.91
05/06/2026 07:29,16,0.001,7.9
05/06/2026 06:59,15.875,0.001,7.9
05/06/2026 06:29,15.875,0.001,7.9
05/06/2026 05:59,16,0.001,7.9
05/06/2026 05:29,15.875,0.001,7.9
05/06/2026 04:59,15.875,0.001,7.91
05/06/2026 04:59,15.875,0.001,7.91
05/06/2026 04:29,15.75,0.001,7.91
05/06/2026 03:59,15.75,0.001,7.91
05/06/2026 03:29,15.75,0.001,7.91
05/06/2026 02:59,15.75,0.001,7.91
05/06/2026 02:29,15.875,0.001,7.91
05/06/2026 01:59,16.625,0.001,7.92
05/06/2026 01:29,15.625,0.001,7.92
05/06/2026 00:59,15.625,0.001,7.92
05/06/2026 00:29,15.625,0.001,7.92
04/06/2026 23:59,15.5,0.001,7.92
04/06/2026 23:29,15.5,0.001,7.92
04/06/2026 22:59,15.5,0.001,7.93
04/06/2026 22:29,15.375,0.001,7.93
04/06/2026 21:59,15.25,0.001,7.93
04/06/2026 21:29,15.375,0.001,7.93
04/06/2026 20:59,15.25,0.001,7.93
04/06/2026 20:29,15,0.001,7.93
04/06/2026 20:29,15,0.001,7.93
04/06/2026 19:59,14.75,0.001,7.94
04/06/2026 19:29,13.75,0.001,7.94
04/06/2026 18:59,14.625,0.001,7.94
04/06/2026 18:29,14.375,0.001,7.94
04/06/2026 17:59,15,0.001,7.94
04/06/2026 17:29,15.625,0.001,7.95
04/06/2026 16:59,16.25,0.001,7.95
04/06/2026 16:29,17,0.001,7.96
04/06/2026 15:59,16.875,0.001,7.96
04/06/2026 15:29,17.125,0.001,7.96
04/06/2026 14:59,16.875,0.001,7.95
04/06/2026 14:29,16.875,0.001,7.95
04/06/2026 14:29,16.875,0.001,7.95
04/06/2026 13:59,16.875,0.001,7.95
04/06/2026 13:29,16.875,0.001,7.94
04/06/2026 12:59,15.875,0.001,7.93
04/06/2026 12:29,16.625,0.001,7.93
04/06/2026 11:59,16.5,0.001,7.93
04/06/2026 11:29,16.375,0.001,7.92
04/06/2026 10:59,16.375,0.001,7.92
04/06/2026 10:29,16.25,0.001,7.91
04/06/2026 09:59,16.125,0.001,7.91
04/06/2026 09:29,16.125,0.001,7.9
04/06/2026 08:59,16,0.001,7.9
04/06/2026 08:29,16,0.001,7.9
04/06/2026 07:59,16,0.001,7.9
04/06/2026 07:29,15.875,0.001,7.9
04/06/2026 06:59,15.875,0.001,7.89
04/06/2026 06:29,15.75,0.001,7.89
04/06/2026 05:59,15.75,0.001,7.89
04/06/2026 05:29,15.75,0.001,7.9
04/06/2026 04:59,15.75,0.001,7.9
04/06/2026 04:29,15.75,0.001,7.9
04/06/2026 03:59,15.625,0.001,7.9
04/06/2026 03:29,15.5,0.001,7.9
04/06/2026 02:59,15.625,0.001,7.9
04/06/2026 02:29,15.5,0.001,7.91
04/06/2026 01:59,15.5,0.001,7.91
04/06/2026 01:29,15.375,0.001,7.91
04/06/2026 00:59,15.25,0.001,7.91
04/06/2026 00:29,15.25,0.001,7.91
03/06/2026 23:59,15.25,0.001,7.91
03/06/2026 23:29,15.125,0.001,7.92
03/06/2026 22:59,15.125,0.001,7.92
03/06/2026 22:29,15.125,0.001,7.92
03/06/2026 21:59,14.875,0.001,7.92
03/06/2026 21:29,14.75,0.001,7.93
03/06/2026 20:59,14.875,0.001,7.93
03/06/2026 20:29,13.75,0.001,7.93
03/06/2026 19:59,14.625,0.001,7.93
03/06/2026 19:29,14.5,0.001,7.93
03/06/2026 18:59,14.375,0.001,7.94
03/06/2026 18:29,13.875,0.001,7.94
03/06/2026 17:59,13.875,0.001,7.94
03/06/2026 17:59,13.875,0.001,7.94
03/06/2026 17:29,14.125,0.001,7.94
03/06/2026 16:59,14.375,0.001,7.94
03/06/2026 16:29,13.75,0.001,7.94
03/06/2026 15:59,14.875,0.001,7.94
03/06/2026 15:59,14.875,0.001,7.94
03/06/2026 15:29,15.25,0.001,7.94
03/06/2026 14:59,15.5,0.001,7.94
03/06/2026 14:29,15.75,0.001,7.94
03/06/2026 13:59,16.125,0.001,7.94
03/06/2026 13:29,16.5,0.001,7.94
03/06/2026 12:59,16.75,0.001,7.94
03/06/2026 12:29,17.625,0.001,7.94
03/06/2026 11:59,17.5,0.001,7.94
03/06/2026 11:29,16.5,0.001,7.93
03/06/2026 10:59,16.5,0.001,7.93
03/06/2026 10:59,16.5,0.001,7.93
03/06/2026 10:29,16.25,0.001,7.92
03/06/2026 09:59,16.25,0.001,7.91
03/06/2026 09:29,16.125,0.001,7.91
03/06/2026 08:59,16.25,0.001,7.91
03/06/2026 08:29,16.125,0.001,7.9
03/06/2026 07:59,16.125,0.001,7.89
03/06/2026 07:29,16,0.001,7.89
03/06/2026 06:59,16,0.001,7.89
03/06/2026 06:29,15.875,0.001,7.89
03/06/2026 05:59,16,0.001,7.9
03/06/2026 05:29,15.875,0.001,7.9
03/06/2026 04:59,15.875,0.001,7.9
03/06/2026 04:29,15.75,0.001,7.9
03/06/2026 03:59,15.75,0.001,7.9
03/06/2026 03:29,15.75,0.001,7.9
03/06/2026 03:29,15.75,0.001,7.9
03/06/2026 02:59,15.75,0.001,7.9
03/06/2026 02:29,15.75,0.001,7.9
03/06/2026 01:59,16.625,0.001,7.9
03/06/2026 01:29,15.75,0.001,7.9
03/06/2026 00:59,15.5,0.001,7.91
03/06/2026 00:29,15.625,0.001,7.91
02/06/2026 23:59,15.5,0.001,7.92
02/06/2026 23:59,15.5,0.001,7.92
02/06/2026 23:29,15.5,0.001,7.92
02/06/2026 22:59,15.375,0.001,7.92
02/06/2026 22:29,15.5,0.001,7.92
02/06/2026 21:59,15.375,0.001,7.92
02/06/2026 21:29,15.25,0.001,7.93
02/06/2026 20:59,15.25,0.001,7.92
02/06/2026 20:29,15.25,0.001,7.93
02/06/2026 19:59,15.125,0.001,7.93
02/06/2026 19:29,15.125,0.001,7.93
02/06/2026 18:59,15,0.001,7.93
02/06/2026 18:29,14.875,0.001,7.93
02/06/2026 17:59,14.625,0.001,7.93
02/06/2026 17:29,14.25,0.001,7.93
02/06/2026 16:59,14.25,0.001,7.93
02/06/2026 16:29,14.625,0.001,7.93
02/06/2026 15:59,15,0.001,7.93
02/06/2026 15:29,15.25,0.001,7.93
02/06/2026 14:59,15.75,0.001,7.93
02/06/2026 14:29,16.125,0.001,7.93
02/06/2026 13:59,16.25,0.001,7.93
02/06/2026 13:29,16.75,0.001,7.94
02/06/2026 12:59,16.625,0.001,7.93
02/06/2026 12:29,16.625,0.001,7.92
02/06/2026 11:59,16.5,0.001,7.91
02/06/2026 11:29,16.375,0.001,7.91
02/06/2026 10:59,16.25,0.001,7.91
02/06/2026 10:29,16.25,0.001,7.9
02/06/2026 09:59,16.25,0.001,7.89
02/06/2026 09:29,16.25,0.001,7.89
02/06/2026 08:59,16.125,0.001,7.88
02/06/2026 08:29,16.125,0.001,7.88
02/06/2026 07:59,16,0.001,7.87
02/06/2026 07:29,15.875,0.001,7.87
02/06/2026 06:59,15.875,0.001,7.87
02/06/2026 06:29,15.875,0.001,7.87
02/06/2026 06:25,15.875,0.001,7.87
02/06/2026 05:29,15.75,0.001,7.87
02/06/2026 04:59,14.75,0.001,7.87
02/06/2026 04:29,15.75,0.001,7.87
02/06/2026 03:59,15.625,0.001,7.87
02/06/2026 03:29,15.625,0.001,7.87
02/06/2026 02:59,15.5,0.001,7.88
02/06/2026 02:29,15.375,0.001,7.87
02/06/2026 01:59,15.375,0.001,7.87
02/06/2026 01:29,15.5,0.001,7.88
02/06/2026 00:59,15.375,0.001,7.88
02/06/2026 00:29,15.25,0.001,7.88
01/06/2026 23:59,15.25,0.001,7.88
01/06/2026 23:29,15.125,0.001,7.88
01/06/2026 22:59,15,0.001,7.88
01/06/2026 22:29,15,0.001,7.88
01/06/2026 21:59,14.875,0.001,7.88
01/06/2026 21:29,14.75,0.001,7.88
01/06/2026 20:59,14.75,0.001,7.89
01/06/2026 20:29,14.5,0.001,7.89
01/06/2026 19:59,14.375,0.001,7.89
01/06/2026 19:29,14.125,0.001,7.89
01/06/2026 18:59,13.75,0.001,7.9
01/06/2026 18:59,13.75,0.001,7.9
01/06/2026 18:29,14,0.001,7.9
01/06/2026 17:59,14.375,0.001,7.89
01/06/2026 17:59,14.375,0.001,7.89
01/06/2026 17:29,14.5,0.001,7.89
01/06/2026 16:59,15,0.001,7.9
01/06/2026 16:59,15,0.001,7.9
01/06/2026 16:29,15,0.001,7.9
01/06/2026 16:29,15,0.001,7.9
01/06/2026 15:59,15.25,0.001,7.91
01/06/2026 15:29,15.375,0.001,7.9
01/06/2026 14:59,16.625,0.001,7.9
01/06/2026 14:29,16,0.001,7.9
01/06/2026 13:59,16.25,0.001,7.9
01/06/2026 13:29,16.5,0.001,7.91
01/06/2026 12:59,16.625,0.001,7.91
01/06/2026 12:29,16.5,0.001,7.9
01/06/2026 11:59,16.5,0.001,7.9
01/06/2026 11:29,16.5,0.001,7.9
01/06/2026 10:59,16.375,0.001,7.9
01/06/2026 10:29,16.25,0.001,7.89
01/06/2026 09:59,16.125,0.001,7.89
01/06/2026 09:29,16.25,0.001,7.88
01/06/2026 08:59,16.125,0.001,7.88
01/06/2026 08:29,16.25,0.001,7.88
01/06/2026 07:59,16.125,0.001,7.88
01/06/2026 07:29,16.125,0.001,7.88
01/06/2026 06:59,16.125,0.001,7.88
01/06/2026 06:29,16.125,0.001,7.88
01/06/2026 05:59,16.125,0.001,7.88
01/06/2026 05:29,16,0.001,7.88
01/06/2026 04:59,16,0.001,7.88
01/06/2026 04:29,16,0.001,7.88
01/06/2026 03:59,15.875,0.001,7.88
01/06/2026 03:29,15.875,0.001,7.88
01/06/2026 02:59,15.75,0.001,7.89
01/06/2026 02:29,15.75,0.001,7.89
01/06/2026 01:59,16.625,0.001,7.89
01/06/2026 01:29,14.75,0.001,7.89
01/06/2026 00:59,15.625,0.001,7.89
01/06/2026 00:29,15.375,0.001,7.89
31/05/2026 23:59,15.375,0.001,7.89
31/05/2026 23:29,15.375,0.001,7.89
31/05/2026 22:59,15.25,0.001,7.89
31/05/2026 22:29,15.125,0.001,7.9
31/05/2026 21:59,15.125,0.001,7.9
31/05/2026 21:29,15,0.001,7.9
31/05/2026 20:59,14.75,0.001,7.9
31/05/2026 20:29,14.625,0.001,7.9
31/05/2026 19:59,14.5,0.001,7.9
31/05/2026 19:29,14.25,0.001,7.9
31/05/2026 18:59,14,0.001,7.9
31/05/2026 18:29,13.875,0.001,7.9
31/05/2026 17:59,14.25,0.001,7.9
31/05/2026 17:29,14.625,0.001,7.91
31/05/2026 16:59,13.875,0.001,7.91
31/05/2026 16:29,15,0.001,7.91
31/05/2026 15:59,15.5,0.001,7.91
31/05/2026 15:29,15.625,0.001,7.91
31/05/2026 14:59,16.125,0.001,7.92
31/05/2026 14:29,16.25,0.001,7.92
31/05/2026 13:59,16.75,0.001,7.92
31/05/2026 13:29,16.75,0.001,7.92
31/05/2026 12:59,16.5,0.001,7.91
31/05/2026 12:29,16.5,0.001,7.91
31/05/2026 11:59,16.375,0.001,7.9
31/05/2026 11:29,16.375,0.001,7.9
31/05/2026 10:59,16.375,0.001,7.9
31/05/2026 10:29,16.25,0.001,7.9
31/05/2026 09:59,16.25,0.001,7.9
31/05/2026 09:29,16.25,0.001,7.9
31/05/2026 08:59,16.25,0.001,7.89
31/05/2026 08:29,16.25,0.001,7.89
31/05/2026 07:59,16.125,0.001,7.88
31/05/2026 07:59,16.125,0.001,7.88
31/05/2026 07:29,16.25,0.001,7.89
31/05/2026 06:59,16.25,0.001,7.89
31/05/2026 06:29,16.25,0.001,7.89
31/05/2026 05:59,16,0.001,7.89
31/05/2026 05:29,16.125,0.001,7.9
31/05/2026 04:59,16.125,0.001,7.9
31/05/2026 04:29,16,0.001,7.9
31/05/2026 03:59,15.875,0.001,7.9
31/05/2026 03:29,16,0.001,7.9
31/05/2026 02:59,15.875,0.001,7.9
31/05/2026 02:29,15.875,0.001,7.91
31/05/2026 01:59,15.75,0.001,7.91
31/05/2026 01:29,15.75,0.001,7.91
31/05/2026 00:59,16.625,0.001,7.91
31/05/2026 00:29,15.5,0.001,7.91
30/05/2026 23:59,15.625,0.001,7.92
30/05/2026 23:29,15.5,0.001,7.92
30/05/2026 22:59,15.375,0.001,7.92
30/05/2026 22:29,15.375,0.001,7.92
30/05/2026 21:59,15.25,0.001,7.92
30/05/2026 21:29,15.125,0.001,7.93
30/05/2026 20:59,15.125,0.001,7.93
30/05/2026 20:29,14.875,0.001,7.93
30/05/2026 19:59,15.625,0.001,7.93
30/05/2026 19:29,13.75,0.001,7.93
30/05/2026 18:59,14.375,0.001,7.93
30/05/2026 18:29,14.25,0.001,7.93
30/05/2026 17:59,14.125,0.001,7.93
30/05/2026 17:59,14.125,0.001,7.93
30/05/2026 17:29,14.375,0.001,7.93
30/05/2026 17:29,14.375,0.001,7.93
30/05/2026 16:59,13.75,0.001,7.93
30/05/2026 16:29,14.875,0.001,7.93
30/05/2026 15:59,15.25,0.001,7.93
30/05/2026 15:29,15.5,0.001,7.93
30/05/2026 14:59,15.625,0.001,7.93
30/05/2026 14:29,16.125,0.001,7.92
30/05/2026 13:59,16.625,0.001,7.94
30/05/2026 13:29,17,0.001,7.94
30/05/2026 12:59,16.875,0.001,7.93
30/05/2026 12:59,16.875,0.001,7.93
30/05/2026 12:29,16.875,0.001,7.93
30/05/2026 11:59,17.625,0.001,7.92
30/05/2026 11:29,16.625,0.001,7.92
30/05/2026 10:59,16.5,0.001,7.91
30/05/2026 10:29,16.625,0.001,7.91
30/05/2026 09:59,16.375,0.001,7.91
30/05/2026 09:29,16.375,0.001,7.9
30/05/2026 08:59,16.375,0.001,7.9
30/05/2026 08:29,16.375,0.001,7.89
30/05/2026 07:59,16.375,0.001,7.89
30/05/2026 07:29,16.25,0.001,7.88
30/05/2026 06:59,16.25,0.001,7.88
30/05/2026 06:29,16.25,0.001,7.88
30/05/2026 05:59,16.25,0.001,7.88
30/05/2026 05:29,16.25,0.001,7.88
30/05/2026 04:59,16.125,0.001,7.89
30/05/2026 04:29,16.125,0.001,7.89
30/05/2026 03:59,16.125,0.001,7.89
30/05/2026 03:29,16,0.001,7.89
30/05/2026 02:59,16,0.001,7.89
30/05/2026 02:29,15.875,0.001,7.89
30/05/2026 01:59,16,0.001,7.89
30/05/2026 01:29,15.75,0.001,7.89
30/05/2026 00:59,15.75,0.001,7.9
30/05/2026 00:29,15.75,0.001,7.9
29/05/2026 23:59,15.75,0.001,7.9
29/05/2026 23:29,15.625,0.001,7.9
29/05/2026 22:59,15.625,0.001,7.9
29/05/2026 22:29,15.5,0.001,7.9
29/05/2026 21:59,15.375,0.001,7.9
29/05/2026 21:29,15.375,0.001,7.9
29/05/2026 21:29,15.375,0.001,7.9
29/05/2026 20:59,15.375,0.001,7.9
29/05/2026 20:29,15.25,0.001,7.91
29/05/2026 19:59,15,0.001,7.91
29/05/2026 19:29,14.875,0.001,7.91
29/05/2026 18:59,14.875,0.001,7.91
29/05/2026 18:29,14.375,0.001,7.91
29/05/2026 17:59,14.25,0.001,7.91
29/05/2026 17:29,14.125,0.001,7.9
29/05/2026 16:59,14.5,0.001,7.9
29/05/2026 16:29,14.75,0.001,7.9
29/05/2026 15:59,15.125,0.001,7.9
29/05/2026 15:29,15.25,0.001,7.9
29/05/2026 14:59,14.75,0.001,7.9
29/05/2026 14:29,16,0.001,7.9
29/05/2026 13:59,16.25,0.001,7.9
29/05/2026 13:29,17.125,0.001,7.9
29/05/2026 12:59,16.875,0.001,7.9
29/05/2026 12:29,16.75,0.001,7.89
29/05/2026 11:59,15.75,0.001,7.89
29/05/2026 11:29,16.375,0.001,7.88
29/05/2026 10:59,15.75,0.001,7.87
29/05/2026 10:59,15.75,0.001,7.87
29/05/2026 10:29,16.5,0.001,7.87
29/05/2026 10:29,16.5,0.001,7.87
29/05/2026 09:59,16.5,0.001,7.87
29/05/2026 09:29,16.375,0.001,7.86
29/05/2026 08:59,16.375,0.001,7.85
29/05/2026 08:29,16.375,0.001,7.85
29/05/2026 07:59,16.25,0.001,7.84
29/05/2026 07:29,16.25,0.001,7.84
29/05/2026 07:29,16.25,0.001,7.84
29/05/2026 06:59,16.125,0.001,7.83
29/05/2026 06:29,16.25,0.001,7.83
29/05/2026 05:59,16.25,0.001,7.83
29/05/2026 05:59,16.25,0.001,7.83
29/05/2026 05:29,16.125,0.001,7.83
29/05/2026 04:59,16.25,0.001,7.83
29/05/2026 04:29,16.125,0.001,7.83
29/05/2026 03:59,16.125,0.001,7.83
29/05/2026 03:29,16,0.001,7.83
29/05/2026 02:59,16,0.001,7.83
29/05/2026 02:29,16,0.001,7.83
29/05/2026 01:59,16,0.001,7.83
29/05/2026 01:29,15.875,0.001,7.83
29/05/2026 01:29,15.875,0.001,7.83
29/05/2026 00:59,15.875,0.001,7.83
29/05/2026 00:29,15.75,0.001,7.83
28/05/2026 23:59,15.75,0.001,7.82
28/05/2026 23:29,15.625,0.001,7.82
28/05/2026 22:59,15.625,0.001,7.82
28/05/2026 22:29,15.5,0.001,7.82
28/05/2026 21:59,15.5,0.001,7.82
28/05/2026 21:29,15.5,0.001,7.82
28/05/2026 20:59,15.25,0.001,7.82
28/05/2026 20:29,15.25,0.001,7.82
28/05/2026 19:59,15.125,0.001,7.82
28/05/2026 19:29,14.75,0.001,7.82
28/05/2026 18:59,13.75,0.001,7.82
28/05/2026 18:29,14.625,0.001,7.81
28/05/2026 17:59,14.375,0.001,7.8
28/05/2026 17:29,14.125,0.001,7.8
28/05/2026 16:59,14.125,0.001,7.8
28/05/2026 16:29,14.25,0.001,7.8
28/05/2026 15:59,14.625,0.001,7.79
28/05/2026 15:29,14.625,0.001,7.79
28/05/2026 14:59,14.875,0.001,7.79
28/05/2026 14:29,15.25,0.001,7.79
28/05/2026 13:59,15.5,0.001,7.79
28/05/2026 13:29,15.75,0.001,7.8
28/05/2026 12:59,16,0.001,7.8
28/05/2026 12:29,16.375,0.001,7.82
28/05/2026 11:59,16.75,0.001,7.84
28/05/2026 11:29,16.75,0.001,7.85
28/05/2026 10:59,16.5,0.001,7.87
28/05/2026 10:29,16.5,0.001,7.89
28/05/2026 09:59,16.375,0.001,7.9
28/05/2026 09:29,16.25,0.001,7.9
28/05/2026 08:59,16.25,0.001,7.9
28/05/2026 08:29,16.125,0.001,7.9
28/05/2026 07:59,16.25,0.001,7.9
28/05/2026 07:29,16.25,0.001,7.89
28/05/2026 06:59,16.25,0.001,7.89
28/05/2026 06:29,16.25,0.001,7.89
28/05/2026 05:59,16.125,0.001,7.9
28/05/2026 05:29,16.25,0.001,7.9
28/05/2026 04:59,16.125,0.001,7.9
28/05/2026 04:29,16.125,0.001,7.9
28/05/2026 03:59,16,0.001,7.9
28/05/2026 03:29,16,0.001,7.9
28/05/2026 02:59,16,0.001,7.9
28/05/2026 02:29,16.125,0.001,7.9
28/05/2026 01:59,15.875,0.001,7.9
28/05/2026 01:29,16,0.001,7.9
28/05/2026 00:59,15.875,0.001,7.9
28/05/2026 00:29,15.75,0.001,7.91
27/05/2026 23:59,15.875,0.001,7.91
27/05/2026 23:29,15.875,0.001,7.91
27/05/2026 22:59,14.75,0.001,7.91
27/05/2026 22:29,14.75,0.001,7.91
27/05/2026 21:59,15.5,0.001,7.91
27/05/2026 21:29,15.5,0.001,7.92
27/05/2026 20:59,15.375,0.001,7.92
27/05/2026 20:29,15.375,0.001,7.92
27/05/2026 19:59,15.25,0.001,7.92
27/05/2026 19:29,15.125,0.001,7.92
27/05/2026 18:59,15.125,0.001,7.92
27/05/2026 18:29,15,0.001,7.93
27/05/2026 17:59,14.875,0.001,7.93
27/05/2026 17:29,13.75,0.001,7.93
27/05/2026 16:59,14.375,0.001,7.92
27/05/2026 16:59,14.375,0.001,7.92
27/05/2026 16:29,14.375,0.001,7.92
27/05/2026 15:59,13.75,0.001,7.93
27/05/2026 15:29,15.125,0.001,7.93
27/05/2026 14:59,15.625,0.001,7.93
27/05/2026 14:29,16.375,0.001,7.94
27/05/2026 13:59,17,0.001,7.94
27/05/2026 13:29,16.875,0.001,7.94
27/05/2026 12:59,16.75,0.001,7.94
27/05/2026 12:29,16.75,0.001,7.93
27/05/2026 11:59,16.75,0.001,7.93
27/05/2026 11:29,15.75,0.001,7.93
27/05/2026 10:59,16.5,0.001,7.92
27/05/2026 10:29,16.625,0.001,7.92
27/05/2026 09:59,16.5,0.001,7.92
27/05/2026 09:29,16.5,0.001,7.91
27/05/2026 08:59,16.375,0.001,7.91
27/05/2026 08:29,16.375,0.001,7.91
27/05/2026 07:59,16.375,0.001,7.91
27/05/2026 07:29,16.375,0.001,7.91
27/05/2026 06:59,16.25,0.001,7.91
27/05/2026 06:29,16.375,0.001,7.91
27/05/2026 05:59,16.25,0.001,7.91
27/05/2026 05:29,16.25,0.001,7.91
27/05/2026 04:59,16.125,0.001,7.91
27/05/2026 04:59,16.125,0.001,7.91
27/05/2026 04:29,16.125,0.001,7.91
27/05/2026 03:59,16.25,0.001,7.92
27/05/2026 03:29,16.125,0.001,7.92
27/05/2026 02:59,16.125,0.001,7.92
27/05/2026 02:29,16,0.001,7.92
27/05/2026 01:59,16,0.001,7.92
27/05/2026 01:29,16.125,0.001,7.93
27/05/2026 00:59,15.875,0.001,7.92
27/05/2026 00:29,16.125,0.001,7.93
26/05/2026 23:59,16,0.001,7.93
26/05/2026 23:29,15.875,0.001,7.93
26/05/2026 22:59,15.875,0.001,7.94
26/05/2026 22:59,15.875,0.001,7.94
26/05/2026 22:29,14.75,0.001,7.93
26/05/2026 21:59,15.75,0.001,7.94
26/05/2026 21:29,15.875,0.001,7.94
26/05/2026 20:59,16.625,0.001,7.94
26/05/2026 20:29,15.625,0.001,7.95
26/05/2026 19:59,15.625,0.001,7.95
26/05/2026 19:29,15.375,0.001,7.95
26/05/2026 19:29,15.375,0.001,7.95
26/05/2026 18:59,15.375,0.001,7.95
26/05/2026 18:29,15.25,0.001,7.95
26/05/2026 18:29,15.25,0.001,7.95
26/05/2026 17:59,15.25,0.001,7.95
26/05/2026 17:29,15.125,0.001,7.95
26/05/2026 16:59,14.75,0.001,7.95
26/05/2026 16:29,14.5,0.001,7.94
26/05/2026 15:59,14.25,0.001,7.94
26/05/2026 15:29,14.75,0.001,7.94
26/05/2026 14:59,15.25,0.001,7.94
26/05/2026 14:29,15.875,0.001,7.94
26/05/2026 13:59,16.375,0.001,7.95
26/05/2026 13:29,17.125,0.001,7.95
26/05/2026 12:59,17,0.001,7.95
26/05/2026 12:29,16.875,0.001,7.94
26/05/2026 11:59,16.75,0.001,7.94
26/05/2026 11:29,16.75,0.001,7.93
26/05/2026 10:59,17.625,0.001,7.93
26/05/2026 10:29,16.625,0.001,7.93
26/05/2026 09:59,16.625,0.001,7.92
26/05/2026 09:29,16.625,0.001,7.92
26/05/2026 08:59,16.5,0.001,7.92
26/05/2026 08:29,16.375,0.001,7.91
26/05/2026 07:59,16.375,0.001,7.91
26/05/2026 07:29,16.375,0.001,7.91
26/05/2026 06:59,16.375,0.001,7.91
26/05/2026 06:29,16.25,0.001,7.9
26/05/2026 05:59,16.25,0.001,7.91
26/05/2026 05:29,16.25,0.001,7.91
26/05/2026 04:59,16.25,0.001,7.91
26/05/2026 04:29,16.125,0.001,7.91
26/05/2026 03:59,16.25,0.001,7.91
26/05/2026 03:29,16.125,0.001,7.91
26/05/2026 02:59,16.125,0.001,7.92
26/05/2026 02:59,16.125,0.001,7.92
26/05/2026 02:29,16,0.001,7.92
26/05/2026 01:59,16.125,0.001,7.92
26/05/2026 01:29,16.125,0.001,7.92
26/05/2026 00:59,16,0.001,7.92
26/05/2026 00:29,16,0.001,7.93
25/05/2026 23:59,15.875,0.001,7.93
25/05/2026 23:29,15.875,0.001,7.93
25/05/2026 22:59,15.875,0.001,7.93
25/05/2026 22:29,16.625,0.001,7.93
25/05/2026 21:59,15.75,0.001,7.93
25/05/2026 21:29,15.625,0.001,7.93
25/05/2026 20:59,15.5,0.001,7.94
25/05/2026 20:29,15.5,0.001,7.94
25/05/2026 19:59,15.375,0.001,7.94
25/05/2026 19:29,15.25,0.001,7.95
25/05/2026 18:59,15.25,0.001,7.95
25/05/2026 18:29,15.25,0.001,7.95
25/05/2026 17:59,15,0.001,7.95
25/05/2026 17:29,14.875,0.001,7.94
25/05/2026 16:59,14.625,0.001,7.94
25/05/2026 16:29,14.25,0.001,7.94
25/05/2026 15:59,14.25,0.001,7.94
25/05/2026 15:29,13.75,0.001,7.94
25/05/2026 14:59,15.125,0.001,7.94
25/05/2026 14:29,15.375,0.001,7.94
25/05/2026 13:59,15.875,0.001,7.94
25/05/2026 13:29,16.375,0.001,7.94
25/05/2026 12:59,17.125,0.001,7.95
25/05/2026 12:29,16.875,0.001,7.94
25/05/2026 11:59,16.875,0.001,7.94
25/05/2026 11:29,16.75,0.001,7.93
25/05/2026 10:59,16.625,0.001,7.93
25/05/2026 10:29,15.75,0.001,7.93
25/05/2026 09:59,15.75,0.001,7.92
25/05/2026 09:29,16.5,0.001,7.91
25/05/2026 08:59,16.5,0.001,7.91
25/05/2026 08:29,16.5,0.001,7.91
25/05/2026 07:59,16.375,0.001,7.9
25/05/2026 07:29,16.25,0.001,7.9
25/05/2026 06:59,16.25,0.001,7.9
25/05/2026 06:29,16.375,0.001,7.9
25/05/2026 05:59,16.25,0.001,7.9
25/05/2026 05:29,16.25,0.001,7.9
25/05/2026 04:59,16.25,0.001,7.9
25/05/2026 04:29,16.125,0.001,7.91
25/05/2026 03:59,16.125,0.001,7.91
25/05/2026 03:29,16.125,0.001,7.91
25/05/2026 02:59,16.25,0.001,7.91
25/05/2026 02:29,16.125,0.001,7.91
25/05/2026 01:59,16.125,0.001,7.91
25/05/2026 01:29,16,0.001,7.91
25/05/2026 00:59,16,0.001,7.92
25/05/2026 00:29,16,0.001,7.92
24/05/2026 23:59,16,0.001,7.92
24/05/2026 23:29,15.875,0.001,7.92
24/05/2026 22:59,15.875,0.001,7.93
24/05/2026 22:29,15.75,0.001,7.93
24/05/2026 21:59,16.625,0.001,7.93
24/05/2026 21:29,14.75,0.001,7.93
24/05/2026 20:59,15.625,0.001,7.93
24/05/2026 20:29,15.5,0.001,7.94
24/05/2026 19:59,15.625,0.001,7.94
24/05/2026 19:29,15.375,0.001,7.94
24/05/2026 18:59,15.25,0.001,7.94
24/05/2026 18:29,15.25,0.001,7.94
24/05/2026 17:59,15.25,0.001,7.94
24/05/2026 17:29,15,0.001,7.94
24/05/2026 16:59,14.625,0.001,7.93
24/05/2026 16:29,14.625,0.001,7.93
24/05/2026 15:59,14.25,0.001,7.93
24/05/2026 15:29,14.625,0.001,7.93
24/05/2026 14:59,15.25,0.001,7.93
24/05/2026 14:29,15.75,0.001,7.93
24/05/2026 13:59,16.375,0.001,7.94
24/05/2026 13:29,17.125,0.001,7.94
24/05/2026 12:59,17.125,0.001,7.94
24/05/2026 12:29,16.875,0.001,7.93
24/05/2026 11:59,16.875,0.001,7.93
24/05/2026 11:29,17.625,0.001,7.92
24/05/2026 10:59,16.625,0.001,7.92
24/05/2026 10:29,16.75,0.001,7.92
24/05/2026 09:59,16.5,0.001,7.91
24/05/2026 09:29,16.5,0.001,7.91
24/05/2026 08:59,16.5,0.001,7.9
24/05/2026 08:29,16.5,0.001,7.9
24/05/2026 07:59,16.375,0.001,7.9
24/05/2026 07:29,16.25,0.001,7.89
24/05/2026 06:59,16.25,0.001,7.89
24/05/2026 06:29,16.25,0.001,7.89
24/05/2026 05:59,16.375,0.001,7.89
24/05/2026 05:29,16.125,0.001,7.9
24/05/2026 04:59,16.25,0.001,7.9
24/05/2026 04:59,16.25,0.001,7.9
24/05/2026 04:29,16.125,0.001,7.9
24/05/2026 03:59,16.125,0.001,7.9
24/05/2026 03:59,16.125,0.001,7.9
24/05/2026 03:29,16.125,0.001,7.9
24/05/2026 02:59,16.25,0.001,7.9
24/05/2026 02:29,16.125,0.001,7.9
24/05/2026 01:59,15.875,0.001,7.9
24/05/2026 01:29,16,0.001,7.91
24/05/2026 00:59,15.875,0.001,7.91
24/05/2026 00:29,16,0.001,7.91
23/05/2026 23:59,16,0.001,7.91
23/05/2026 23:29,15.875,0.001,7.91
23/05/2026 22:59,16,0.001,7.91
23/05/2026 22:29,15.75,0.001,7.91
23/05/2026 21:59,15.625,0.001,7.92
23/05/2026 21:29,15.75,0.001,7.92
23/05/2026 20:59,15.5,0.001,7.92
23/05/2026 20:54,15.625,0.001,7.92
23/05/2026 20:29,15.625,0.001,7.92
23/05/2026 19:59,15.5,0.001,7.92
23/05/2026 19:29,15.625,0.001,7.93
23/05/2026 18:59,15.375,0.001,7.93
23/05/2026 18:29,15.375,0.001,7.93
23/05/2026 17:59,15.25,0.001,7.93
23/05/2026 17:29,15,0.001,7.92
23/05/2026 16:59,14.875,0.001,7.92
23/05/2026 16:29,14.5,0.001,7.91
23/05/2026 15:59,14.125,0.001,7.92
23/05/2026 15:29,15.625,0.001,7.91
23/05/2026 14:59,14.75,0.001,7.92
23/05/2026 14:29,15.25,0.001,7.91
23/05/2026 14:29,15.25,0.001,7.91
23/05/2026 13:59,14.75,0.001,7.92
23/05/2026 13:29,16.125,0.001,7.92
23/05/2026 12:59,16.875,0.001,7.92
23/05/2026 12:29,17,0.001,7.91
23/05/2026 11:59,17,0.001,7.91
23/05/2026 11:29,16.75,0.001,7.88
23/05/2026 10:59,16.875,0.001,7.89
23/05/2026 10:29,16.75,0.001,7.9
23/05/2026 09:59,16.5,0.001,7.89
23/05/2026 09:29,16.5,0.001,7.89
23/05/2026 08:59,16.5,0.001,7.88
23/05/2026 08:29,16.375,0.001,7.86
23/05/2026 07:59,16.5,0.001,7.86
23/05/2026 07:29,16.375,0.001,7.86
23/05/2026 06:59,16.25,0.001,7.86
23/05/2026 06:29,16.25,0.001,7.86
23/05/2026 05:59,16.25,0.001,7.86
23/05/2026 05:29,16.25,0.001,7.86
23/05/2026 04:59,16.125,0.001,7.87
23/05/2026 04:29,16.25,0.001,7.88
23/05/2026 03:59,16.125,0.001,7.88
23/05/2026 03:29,16.125,0.001,7.88
23/05/2026 02:59,16.125,0.001,7.88
23/05/2026 02:29,16.125,0.001,7.88
23/05/2026 01:59,16,0.001,7.88
23/05/2026 01:29,16,0.001,7.88
23/05/2026 00:59,16,0.001,7.88
23/05/2026 00:29,16,0.001,7.88
22/05/2026 23:59,16,0.001,7.88
22/05/2026 23:29,15.75,0.001,7.88
22/05/2026 22:59,15.875,0.001,7.88
22/05/2026 22:29,14.875,0.001,7.88
22/05/2026 22:29,14.875,0.001,7.88
22/05/2026 21:59,15.5,0.001,7.88
22/05/2026 21:29,15.5,0.001,7.88
22/05/2026 20:59,15.5,0.001,7.88
22/05/2026 20:29,15.5,0.001,7.89
22/05/2026 19:59,15.625,0.001,7.89
22/05/2026 19:59,15.625,0.001,7.89
22/05/2026 19:29,15.25,0.001,7.9
22/05/2026 18:59,15.25,0.001,7.9
22/05/2026 18:29,15.125,0.001,7.9
22/05/2026 17:59,14.875,0.001,7.89
22/05/2026 17:29,14.875,0.001,7.89
22/05/2026 16:59,13.75,0.001,7.88
22/05/2026 16:29,14.375,0.001,7.88
22/05/2026 15:59,14.625,0.001,7.88
22/05/2026 15:29,15,0.001,7.88
22/05/2026 14:59,15.375,0.001,7.88
22/05/2026 14:29,14.75,0.001,7.88
22/05/2026 13:59,16.25,0.001,7.88
22/05/2026 13:29,17,0.001,7.89
22/05/2026 12:59,17,0.001,7.89
22/05/2026 12:29,17,0.001,7.88
22/05/2026 11:59,16.875,0.001,7.88
22/05/2026 11:29,16.75,0.001,7.87
22/05/2026 10:59,16.75,0.001,7.87
22/05/2026 10:59,16.75,0.001,7.87
22/05/2026 10:29,15.75,0.001,7.87
22/05/2026 09:59,16.625,0.001,7.86
22/05/2026 09:29,16.5,0.001,7.86
22/05/2026 08:59,16.375,0.001,7.86
22/05/2026 08:29,16.375,0.001,7.86
22/05/2026 07:59,16.375,0.001,7.86
22/05/2026 07:29,16.25,0.001,7.87
22/05/2026 06:59,16.25,0.001,7.87
22/05/2026 06:29,16.25,0.001,7.87
22/05/2026 05:59,16.125,0.001,7.87
22/05/2026 05:29,16.125,0.001,7.87
22/05/2026 04:59,16.125,0.001,7.87
22/05/2026 04:29,16,0.001,7.87
22/05/2026 03:59,16,0.001,7.87
22/05/2026 03:29,16.125,0.001,7.87
22/05/2026 02:59,16,0.001,7.88
22/05/2026 02:29,15.875,0.001,7.88
22/05/2026 01:59,15.875,0.001,7.88
22/05/2026 01:29,15.75,0.001,7.87
22/05/2026 00:59,15.75,0.001,7.87
22/05/2026 00:29,15.75,0.001,7.88
21/05/2026 23:59,15.75,0.001,7.88
21/05/2026 23:29,15.625,0.001,7.88
21/05/2026 22:59,15.5,0.001,7.88
21/05/2026 22:29,15.5,0.001,7.88
21/05/2026 21:59,15.375,0.001,7.88
21/05/2026 21:29,15.5,0.001,7.89
21/05/2026 20:59,15.375,0.001,7.89
21/05/2026 20:29,15.25,0.001,7.89
21/05/2026 19:59,15,0.001,7.89
21/05/2026 19:29,15,0.001,7.89
21/05/2026 18:59,13.75,0.001,7.9
21/05/2026 18:29,15.625,0.001,7.9
21/05/2026 17:59,13.75,0.001,7.89
21/05/2026 17:29,14.25,0.001,7.89
21/05/2026 16:59,14.5,0.001,7.89
21/05/2026 16:29,15,0.001,7.89
21/05/2026 15:59,15.375,0.001,7.89
21/05/2026 15:29,15.875,0.001,7.9
21/05/2026 14:59,16.375,0.001,7.9
21/05/2026 14:29,16.875,0.001,7.9
21/05/2026 13:59,16.875,0.001,7.9
21/05/2026 13:29,16.75,0.001,7.91
21/05/2026 12:59,16.75,0.001,7.9
21/05/2026 12:29,16.75,0.001,7.9
21/05/2026 11:59,15.75,0.001,7.9
21/05/2026 11:29,16.5,0.001,7.89
21/05/2026 10:59,16.5,0.001,7.89
21/05/2026 10:29,16.375,0.001,7.88
21/05/2026 10:29,16.375,0.001,7.88
21/05/2026 09:59,16.375,0.001,7.88
21/05/2026 09:29,16.25,0.001,7.88
21/05/2026 08:59,16.25,0.001,7.87
21/05/2026 08:29,16.25,0.001,7.87
21/05/2026 07:59,16.25,0.001,7.86
21/05/2026 07:29,16.125,0.001,7.86
21/05/2026 06:59,16,0.001,7.85
21/05/2026 06:29,16,0.001,7.86
21/05/2026 05:59,16,0.001,7.86
21/05/2026 05:29,15.875,0.001,7.86
21/05/2026 04:59,15.875,0.001,7.86
21/05/2026 04:29,15.875,0.001,7.86
21/05/2026 03:59,15.875,0.001,7.86
21/05/2026 03:29,15.75,0.001,7.86
21/05/2026 03:29,15.75,0.001,7.86
21/05/2026 02:59,15.75,0.001,7.86
21/05/2026 02:29,15.5,0.001,7.86
21/05/2026 01:59,15.5,0.001,7.86
21/05/2026 01:29,15.5,0.001,7.86
21/05/2026 00:59,15.375,0.001,7.86
21/05/2026 00:59,15.375,0.001,7.86
21/05/2026 00:29,15.375,0.001,7.86
20/05/2026 23:59,15.375,0.001,7.86
20/05/2026 23:29,15.125,0.001,7.87
20/05/2026 22:59,15.125,0.001,7.86
20/05/2026 22:29,15,0.001,7.87
20/05/2026 21:59,14.875,0.001,7.87
20/05/2026 21:29,14.875,0.001,7.87
20/05/2026 20:59,14.75,0.001,7.87
20/05/2026 20:29,15.625,0.001,7.87
20/05/2026 19:59,14.625,0.001,7.87
20/05/2026 19:29,14.25,0.001,7.87
20/05/2026 18:59,14.125,0.001,7.87
20/05/2026 18:29,14,0.001,7.87
20/05/2026 17:59,13.875,0.001,7.87
20/05/2026 17:59,13.875,0.001,7.87
20/05/2026 17:29,14,0.001,7.87
20/05/2026 16:59,14.625,0.001,7.86
20/05/2026 16:29,13.375,0.001,7.86
20/05/2026 15:59,13.125,0.001,7.86
20/05/2026 15:29,13,0.001,7.86
20/05/2026 14:59,13.375,0.001,7.85
20/05/2026 14:29,13.5,0.001,7.86
20/05/2026 13:59,14,0.001,7.85
20/05/2026 13:29,14.375,0.001,7.85
20/05/2026 12:59,13.875,0.001,7.85
20/05/2026 12:29,15.125,0.001,7.85
20/05/2026 11:59,15.75,0.001,7.86
20/05/2026 11:29,16.25,0.001,7.85
20/05/2026 10:59,16.125,0.001,7.85
20/05/2026 10:29,16.125,0.001,7.85
20/05/2026 09:59,16,0.001,7.84
20/05/2026 09:29,15.875,0.001,7.84
20/05/2026 08:59,15.875,0.001,7.83
20/05/2026 08:29,15.875,0.001,7.83
20/05/2026 07:59,15.875,0.001,7.82
20/05/2026 07:29,16.625,0.001,7.82
20/05/2026 06:59,15.625,0.001,7.82
20/05/2026 06:59,15.625,0.001,7.82
20/05/2026 06:29,15.5,0.001,7.82
20/05/2026 05:59,15.5,0.001,7.82
20/05/2026 05:29,15.5,0.001,7.82
20/05/2026 04:59,15.375,0.001,7.82
20/05/2026 04:29,15.375,0.001,7.81
20/05/2026 03:59,15.25,0.001,7.82
20/05/2026 03:29,15.25,0.001,7.82
20/05/2026 02:59,15.125,0.001,7.82
20/05/2026 02:29,15,0.001,7.82
20/05/2026 01:59,15,0.001,7.82
20/05/2026 01:59,15,0.001,7.82
20/05/2026 01:29,14.875,0.001,7.82
20/05/2026 00:59,14.875,0.001,7.82
20/05/2026 00:29,14.75,0.001,7.82
19/05/2026 23:59,14.625,0.001,7.82
19/05/2026 23:29,14.625,0.001,7.82
19/05/2026 22:59,14.375,0.001,7.82
19/05/2026 22:29,14.375,0.001,7.82
19/05/2026 21:59,14.25,0.001,7.82
19/05/2026 21:29,14,0.001,7.83
19/05/2026 20:59,13.875,0.001,7.83
19/05/2026 20:29,13.625,0.001,7.83
19/05/2026 19:59,13.5,0.001,7.83
19/05/2026 19:29,13.75,0.001,7.83
19/05/2026 18:59,14.125,0.001,7.84
19/05/2026 18:29,13.75,0.001,7.84
19/05/2026 17:59,15.25,0.001,7.85
19/05/2026 17:29,15.625,0.001,7.85
19/05/2026 16:59,16.125,0.001,7.86
19/05/2026 16:29,16.375,0.001,7.86
19/05/2026 15:59,16.375,0.001,7.86
19/05/2026 15:29,16.25,0.001,7.86
19/05/2026 14:59,16.25,0.001,7.86
19/05/2026 14:29,16.125,0.001,7.86
19/05/2026 13:59,16.125,0.001,7.86
19/05/2026 13:29,16,0.001,7.86
19/05/2026 12:59,15.875,0.001,7.86
19/05/2026 12:29,15.75,0.001,7.87
19/05/2026 11:59,16.625,0.001,7.86
19/05/2026 11:29,15.625,0.001,7.86
19/05/2026 10:59,15.5,0.001,7.86
19/05/2026 10:29,15.375,0.001,7.85
19/05/2026 09:59,15.25,0.001,7.85
19/05/2026 09:59,15.25,0.001,7.85
19/05/2026 09:29,15.125,0.001,7.85
19/05/2026 08:59,14.75,0.001,7.85
19/05/2026 08:29,13.875,0.001,7.84
19/05/2026 07:59,14.625,0.001,7.83
19/05/2026 07:29,14.5,0.001,7.83
19/05/2026 06:59,15.625,0.001,7.83
19/05/2026 06:29,15.75,0.001,7.84
19/05/2026 05:59,16.25,0.001,7.85
19/05/2026 05:29,16.375,0.001,7.85
19/05/2026 04:59,16.25,0.001,7.85
19/05/2026 04:29,16.25,0.001,7.85
19/05/2026 03:59,16.25,0.001,7.85
19/05/2026 03:29,16.125,0.001,7.85
19/05/2026 02:59,16.25,0.001,7.85
19/05/2026 02:29,16.125,0.001,7.85
19/05/2026 01:59,16.25,0.001,7.85
19/05/2026 01:29,16.125,0.001,7.85
19/05/2026 00:59,16,0.001,7.85
19/05/2026 00:29,16.125,0.001,7.85
18/05/2026 23:59,16,0.001,7.85
18/05/2026 23:29,16,0.001,7.86
18/05/2026 22:59,16,0.001,7.85
18/05/2026 22:29,15.875,0.001,7.86
18/05/2026 21:59,15.875,0.001,7.86
18/05/2026 21:29,15.875,0.001,7.86
18/05/2026 20:59,15.75,0.001,7.86
18/05/2026 20:29,15.875,0.001,7.86
18/05/2026 19:59,15.75,0.001,7.86
18/05/2026 19:29,16.625,0.001,7.86
18/05/2026 18:59,16.625,0.001,7.87
18/05/2026 18:29,15.5,0.001,7.86
18/05/2026 17:59,15.5,0.001,7.86
18/05/2026 17:29,15.5,0.001,7.86
18/05/2026 16:59,15.25,0.001,7.85
18/05/2026 16:29,15.125,0.001,7.85
18/05/2026 15:59,15,0.001,7.85
18/05/2026 15:29,14.875,0.001,7.86
18/05/2026 14:59,14.625,0.001,7.86
18/05/2026 14:29,14.25,0.001,7.86
18/05/2026 13:59,14.375,0.001,7.86
18/05/2026 13:29,14.875,0.001,7.87
18/05/2026 12:59,15.75,0.001,7.87
18/05/2026 12:29,16.125,0.001,7.88
18/05/2026 11:59,16.125,0.001,7.88
18/05/2026 11:29,16.125,0.001,7.88
18/05/2026 10:59,16,0.001,7.87
18/05/2026 10:29,16,0.001,7.89
18/05/2026 09:59,15.875,0.001,7.9
18/05/2026 09:29,15.625,0.001,7.88
18/05/2026 08:59,15.625,0.001,7.88
18/05/2026 08:29,15.375,0.001,7.88
18/05/2026 07:59,15.5,0.001,7.88
18/05/2026 07:29,15.5,0.001,7.88
18/05/2026 06:59,15.5,0.001,7.88
18/05/2026 06:29,15.625,0.001,7.88
18/05/2026 05:59,15.5,0.001,7.88
18/05/2026 05:29,15.625,0.001,7.88
18/05/2026 04:59,15.5,0.001,7.88
18/05/2026 04:29,15.75,0.001,7.88
18/05/2026 03:59,15.875,0.001,7.88
18/05/2026 03:29,15.75,0.001,7.89
18/05/2026 02:59,15.875,0.001,7.89
18/05/2026 02:29,15.875,0.001,7.89
18/05/2026 01:59,15.875,0.001,7.89
18/05/2026 01:29,16,0.001,7.89
18/05/2026 00:59,15.875,0.001,7.89
18/05/2026 00:29,16.125,0.001,7.9
17/05/2026 23:59,16,0.001,7.9
17/05/2026 23:29,16.125,0.001,7.9
17/05/2026 22:59,16.125,0.001,7.9
17/05/2026 22:29,16.125,0.001,7.91
17/05/2026 21:59,16.125,0.001,7.91
17/05/2026 21:29,16.125,0.001,7.91
17/05/2026 20:59,16.125,0.001,7.91
17/05/2026 20:29,16.125,0.001,7.91
17/05/2026 19:59,16,0.001,7.92
17/05/2026 19:29,16,0.001,7.92
17/05/2026 18:59,16,0.001,7.91
17/05/2026 18:29,16,0.001,7.91
17/05/2026 17:59,15.875,0.001,7.91
17/05/2026 17:59,15.875,0.001,7.91
17/05/2026 17:29,15.75,0.001,7.91
17/05/2026 16:59,15.5,0.001,7.91
17/05/2026 16:29,15.125,0.001,7.91
17/05/2026 15:59,15,0.001,7.9
17/05/2026 15:29,14.375,0.001,7.9
17/05/2026 14:59,14.125,0.001,7.9
17/05/2026 14:59,14.125,0.001,7.9
17/05/2026 14:29,14.375,0.001,7.9
17/05/2026 13:59,15,0.001,7.9
17/05/2026 13:29,15.625,0.001,7.9
17/05/2026 12:59,16.125,0.001,7.9
17/05/2026 12:29,16,0.001,7.9
17/05/2026 11:59,15.875,0.001,7.89
17/05/2026 11:29,15.625,0.001,7.89
17/05/2026 10:59,15.375,0.001,7.89
17/05/2026 10:29,15.125,0.001,7.88
17/05/2026 09:59,14.625,0.001,7.88
17/05/2026 09:29,14.5,0.001,7.88
17/05/2026 08:59,15.375,0.001,7.88
17/05/2026 08:29,16.25,0.001,7.88
17/05/2026 07:59,16.25,0.001,7.88
17/05/2026 07:29,16.125,0.001,7.87
17/05/2026 06:59,16.125,0.001,7.87
17/05/2026 06:29,16.125,0.001,7.87
17/05/2026 05:59,16,0.001,7.88
17/05/2026 05:29,15.875,0.001,7.87
17/05/2026 04:59,15.75,0.001,7.87
17/05/2026 04:29,15.625,0.001,7.88
17/05/2026 03:59,15.5,0.001,7.88
17/05/2026 03:29,15.375,0.001,7.88
17/05/2026 02:59,15.125,0.001,7.88
17/05/2026 02:29,15,0.001,7.88
17/05/2026 01:59,14.75,0.001,7.88
17/05/2026 01:29,14.375,0.001,7.89
17/05/2026 00:59,14.5,0.001,7.89
17/05/2026 00:29,15.5,0.001,7.89
16/05/2026 23:59,16.25,0.001,7.9
16/05/2026 23:29,16.25,0.001,7.9
16/05/2026 22:59,16.25,0.001,7.9
16/05/2026 22:29,16,0.001,7.9
16/05/2026 21:59,16,0.001,7.9
16/05/2026 21:29,15.875,0.001,7.9
16/05/2026 20:59,16.625,0.001,7.91
16/05/2026 20:29,15.5,0.001,7.91
16/05/2026 19:59,15.375,0.001,7.91
16/05/2026 19:29,15.25,0.001,7.91
16/05/2026 18:59,15,0.001,7.91
16/05/2026 18:29,15.625,0.001,7.91
16/05/2026 17:59,14.5,0.001,7.91
16/05/2026 17:29,14.125,0.001,7.91
16/05/2026 16:59,14.75,0.001,7.91
16/05/2026 16:29,15.375,0.001,7.92
16/05/2026 15:59,16,0.001,7.91
16/05/2026 15:29,16,0.001,7.91
16/05/2026 14:59,15.75,0.001,7.91
16/05/2026 14:29,15.5,0.001,7.9
16/05/2026 13:59,15.25,0.001,7.9
16/05/2026 13:29,14.875,0.001,7.89
16/05/2026 12:59,14.625,0.001,7.89
16/05/2026 12:29,14.25,0.001,7.89
16/05/2026 11:59,14.625,0.001,7.9
16/05/2026 11:29,15.5,0.001,7.9
16/05/2026 10:59,16.25,0.001,7.88
16/05/2026 10:29,16.25,0.001,7.88
16/05/2026 09:59,16.125,0.001,7.88
16/05/2026 09:29,15.875,0.001,7.88
16/05/2026 08:59,15.875,0.001,7.87
16/05/2026 08:29,15.875,0.001,7.87
16/05/2026 07:59,15.375,0.001,7.86
16/05/2026 07:29,15.375,0.001,7.85
16/05/2026 06:59,15.25,0.001,7.86
16/05/2026 06:29,15,0.001,7.86
16/05/2026 05:59,14.875,0.001,7.87
16/05/2026 05:29,14.875,0.001,7.87
16/05/2026 04:59,14.75,0.001,7.87
16/05/2026 04:29,15.75,0.001,7.87
16/05/2026 03:59,16.25,0.001,7.87
16/05/2026 03:29,16.25,0.001,7.88
16/05/2026 02:59,16.375,0.001,7.88
16/05/2026 02:29,16.125,0.001,7.88
16/05/2026 01:59,16.125,0.001,7.88
16/05/2026 01:29,16.25,0.001,7.87
16/05/2026 01:29,16.25,0.001,7.87
16/05/2026 00:59,16,0.001,7.88
16/05/2026 00:29,16.125,0.001,7.89
15/05/2026 23:59,15.875,0.001,7.89
15/05/2026 23:29,15.75,0.001,7.89
15/05/2026 22:59,15.75,0.001,7.89
15/05/2026 22:29,16.625,0.001,7.89
15/05/2026 21:59,15.625,0.001,7.89
15/05/2026 21:29,15.5,0.001,7.9
15/05/2026 20:59,15.25,0.001,7.9
15/05/2026 20:29,15.125,0.001,7.9
15/05/2026 19:59,14.875,0.001,7.91
15/05/2026 19:29,15.625,0.001,7.91
15/05/2026 18:59,14.375,0.001,7.91
15/05/2026 18:29,15,0.001,7.92
15/05/2026 17:59,15.75,0.001,7.92
15/05/2026 17:29,16.125,0.001,7.92
15/05/2026 16:59,15.875,0.001,7.91
15/05/2026 16:29,15.75,0.001,7.91
15/05/2026 15:59,15.5,0.001,7.91
15/05/2026 15:29,15.125,0.001,7.9
15/05/2026 14:59,14.75,0.001,7.9
15/05/2026 14:29,14.625,0.001,7.9
15/05/2026 13:59,14.25,0.001,7.9
15/05/2026 13:29,15.125,0.001,7.9
15/05/2026 12:59,16,0.001,7.9
15/05/2026 12:29,16.25,0.001,7.89
15/05/2026 11:59,16.125,0.001,7.89
15/05/2026 11:29,15.875,0.001,7.88
15/05/2026 10:59,15.875,0.001,7.88
15/05/2026 10:29,15.625,0.001,7.88
15/05/2026 10:29,15.625,0.001,7.88
15/05/2026 09:59,15.5,0.001,7.88
15/05/2026 09:29,15.25,0.001,7.87
15/05/2026 08:59,15,0.001,7.87
15/05/2026 08:29,14.875,0.001,7.87
15/05/2026 07:59,13.75,0.001,7.88
15/05/2026 07:29,15.375,0.001,7.88
15/05/2026 06:59,16.125,0.001,7.88
15/05/2026 06:29,16.25,0.001,7.88
15/05/2026 05:59,16.25,0.001,7.88
15/05/2026 05:29,16.375,0.001,7.88
15/05/2026 04:59,16.25,0.001,7.88
15/05/2026 04:59,16.25,0.001,7.88
15/05/2026 04:29,16.25,0.001,7.89
15/05/2026 03:59,16.375,0.001,7.88
15/05/2026 03:29,16.25,0.001,7.89
15/05/2026 02:59,16.25,0.001,7.88
15/05/2026 02:29,16.125,0.001,7.89
15/05/2026 01:59,16.375,0.001,7.89
15/05/2026 01:29,16.125,0.001,7.89
15/05/2026 00:59,16.125,0.001,7.89
15/05/2026 00:29,16.125,0.001,7.89
14/05/2026 23:59,16,0.001,7.89
14/05/2026 23:29,16.125,0.001,7.89
14/05/2026 22:59,16.125,0.001,7.89
14/05/2026 22:29,16,0.001,7.89
14/05/2026 21:59,16,0.001,7.89
14/05/2026 21:29,15.875,0.001,7.9
14/05/2026 20:59,15.75,0.001,7.89
14/05/2026 20:29,14.75,0.001,7.89
14/05/2026 19:59,15.625,0.001,7.9
14/05/2026 19:29,15.5,0.001,7.9
14/05/2026 18:59,15.375,0.001,7.91
14/05/2026 18:29,15.25,0.001,7.91
14/05/2026 17:59,14.875,0.001,7.91
14/05/2026 17:29,14.75,0.001,7.91
14/05/2026 16:59,14.625,0.001,7.91
14/05/2026 16:29,14.125,0.001,7.91
14/05/2026 15:59,14.75,0.001,7.91
14/05/2026 15:29,15.625,0.001,7.91
14/05/2026 14:59,16.125,0.001,7.91
14/05/2026 14:29,16.125,0.001,7.91
14/05/2026 13:59,16.125,0.001,7.9
14/05/2026 13:29,16,0.001,7.9
14/05/2026 12:59,15.875,0.001,7.9
14/05/2026 12:29,15.75,0.001,7.9
14/05/2026 11:59,15.875,0.001,7.89
14/05/2026 11:29,15.75,0.001,7.89
14/05/2026 10:59,16.625,0.001,7.89
14/05/2026 10:29,16.5,0.001,7.88
14/05/2026 09:59,15.5,0.001,7.88
14/05/2026 09:29,15.5,0.001,7.88
14/05/2026 08:59,15.375,0.001,7.87
14/05/2026 08:29,15.5,0.001,7.87
14/05/2026 07:59,15.5,0.001,7.87
14/05/2026 07:29,15.375,0.001,7.87
14/05/2026 06:59,15.375,0.001,7.85
14/05/2026 06:29,15.375,0.001,7.85
14/05/2026 05:59,15.375,0.001,7.86
14/05/2026 05:29,15.25,0.001,7.87
14/05/2026 04:59,15.25,0.001,7.86
14/05/2026 04:59,15.25,0.001,7.86
14/05/2026 04:29,15.25,0.001,7.86
14/05/2026 03:59,15.25,0.001,7.86
14/05/2026 03:29,15.25,0.001,7.87
14/05/2026 02:59,15.375,0.001,7.86
14/05/2026 02:29,15.25,0.001,7.87
14/05/2026 01:59,15.125,0.001,7.88
14/05/2026 01:59,15.125,0.001,7.88
14/05/2026 01:29,15.125,0.001,7.87
14/05/2026 00:59,15.25,0.001,7.87
14/05/2026 00:29,15,0.001,7.88
13/05/2026 23:59,15.25,0.001,7.89
13/05/2026 23:29,15.125,0.001,7.88
13/05/2026 22:59,15.25,0.001,7.89
13/05/2026 22:29,15.125,0.001,7.89
13/05/2026 21:59,15.25,0.001,7.89
13/05/2026 21:29,15,0.001,7.89
13/05/2026 20:59,15.125,0.001,7.9
13/05/2026 20:29,15.125,0.001,7.9
13/05/2026 19:59,15,0.001,7.89
13/05/2026 19:29,15,0.001,7.9
13/05/2026 18:59,14.75,0.001,7.9
13/05/2026 18:29,13.875,0.001,7.9
13/05/2026 17:59,14.625,0.001,7.9
13/05/2026 17:29,14.625,0.001,7.9
13/05/2026 16:59,14.5,0.001,7.89
13/05/2026 16:29,14.25,0.001,7.9
13/05/2026 15:59,14,0.001,7.9
13/05/2026 15:29,13.875,0.001,7.9
13/05/2026 14:59,15.5,0.001,7.91
13/05/2026 14:29,16,0.001,7.91
13/05/2026 13:59,16,0.001,7.9
13/05/2026 13:29,15.875,0.001,7.89
13/05/2026 12:59,15.875,0.001,7.89
13/05/2026 12:29,15.75,0.001,7.89
13/05/2026 11:59,15.875,0.001,7.89
13/05/2026 11:29,14.75,0.001,7.88
13/05/2026 11:29,14.75,0.001,7.88
13/05/2026 10:59,15.75,0.001,7.88
13/05/2026 10:29,15.625,0.001,7.88
13/05/2026 09:59,15.5,0.001,7.87
13/05/2026 09:29,15.5,0.001,7.87
13/05/2026 08:59,15.5,0.001,7.86
13/05/2026 08:29,15.5,0.001,7.86
13/05/2026 08:29,15.5,0.001,7.86
13/05/2026 07:59,15.5,0.001,7.85
13/05/2026 07:29,15.375,0.001,7.86
13/05/2026 06:59,15.375,0.001,7.86
13/05/2026 06:29,15.375,0.001,7.85
13/05/2026 05:59,15.375,0.001,7.84
13/05/2026 05:29,15.375,0.001,7.84
13/05/2026 04:59,15.25,0.001,7.85
13/05/2026 04:29,15.125,0.001,7.84
13/05/2026 03:59,15.375,0.001,7.85
13/05/2026 03:29,15.25,0.001,7.85
13/05/2026 02:59,15.25,0.001,7.86
13/05/2026 02:29,15.375,0.001,7.85
13/05/2026 01:59,15.125,0.001,7.85
13/05/2026 01:29,15.125,0.001,7.87
13/05/2026 00:59,15.25,0.001,7.87
13/05/2026 00:29,15.125,0.001,7.87
12/05/2026 23:59,15.125,0.001,7.87
12/05/2026 23:29,15.125,0.001,7.88
12/05/2026 22:59,15.125,0.001,7.87
12/05/2026 22:29,15,0.001,7.88
12/05/2026 21:59,14.875,0.001,7.88
12/05/2026 21:29,15.125,0.001,7.88
12/05/2026 20:59,15.125,0.001,7.88
12/05/2026 20:29,15,0.001,7.89
12/05/2026 19:59,14.875,0.001,7.89
12/05/2026 19:29,15,0.001,7.89
12/05/2026 18:59,15,0.001,7.89
12/05/2026 18:59,15,0.001,7.89
12/05/2026 18:29,14.75,0.001,7.89
12/05/2026 17:59,14.75,0.001,7.89
12/05/2026 17:29,14.625,0.001,7.88
12/05/2026 16:59,14.375,0.001,7.89
12/05/2026 16:29,14.125,0.001,7.89
12/05/2026 15:59,15.5,0.001,7.89
12/05/2026 15:29,15.5,0.001,7.89
12/05/2026 14:59,16,0.001,7.89
12/05/2026 14:29,16,0.001,7.89
12/05/2026 13:59,16,0.001,7.89
12/05/2026 13:59,16,0.001,7.89
12/05/2026 13:29,16,0.001,7.88
12/05/2026 12:59,16,0.001,7.88
12/05/2026 12:29,15.875,0.001,7.88
12/05/2026 11:59,15.875,0.001,7.87
12/05/2026 11:29,15.875,0.001,7.87
12/05/2026 10:59,15.875,0.001,7.87
12/05/2026 10:29,15.875,0.001,7.87
12/05/2026 09:59,15.875,0.001,7.86
12/05/2026 09:29,15.75,0.001,7.86
12/05/2026 08:59,15.75,0.001,7.85
12/05/2026 08:29,15.75,0.001,7.85
12/05/2026 07:59,16.625,0.001,7.85
12/05/2026 07:29,16.625,0.001,7.84
12/05/2026 06:59,14.75,0.001,7.84
12/05/2026 06:29,16.625,0.001,7.83
12/05/2026 05:59,15.625,0.001,7.83
12/05/2026 05:29,15.5,0.001,7.84
12/05/2026 04:59,16.625,0.001,7.83
12/05/2026 04:29,15.75,0.001,7.84
12/05/2026 03:59,16.625,0.001,7.84
12/05/2026 03:29,15.75,0.001,7.84
12/05/2026 02:59,15.75,0.001,7.84
12/05/2026 02:29,15.75,0.001,7.84
12/05/2026 01:59,15.75,0.001,7.84
12/05/2026 01:29,15.75,0.001,7.84
12/05/2026 00:59,15.75,0.001,7.85
12/05/2026 00:59,15.75,0.001,7.85
12/05/2026 00:29,15.875,0.001,7.85
11/05/2026 23:59,15.875,0.001,7.85
11/05/2026 23:29,15.875,0.001,7.84
11/05/2026 22:59,15.875,0.001,7.85
11/05/2026 22:29,16,0.001,7.86
11/05/2026 21:59,16.125,0.001,7.86
11/05/2026 21:29,15.875,0.001,7.86
11/05/2026 20:59,16.125,0.001,7.86
11/05/2026 20:29,16,0.001,7.86
11/05/2026 19:59,16.125,0.001,7.87
11/05/2026 19:29,16.125,0.001,7.87
11/05/2026 18:59,16.125,0.001,7.87
11/05/2026 18:29,16.25,0.001,7.87
11/05/2026 17:59,16.25,0.001,7.87
11/05/2026 17:29,16.375,0.001,7.87
11/05/2026 16:59,16.125,0.001,7.87
11/05/2026 16:59,16.125,0.001,7.87
11/05/2026 16:29,16.125,0.001,7.87
11/05/2026 15:59,16.125,0.001,7.86
11/05/2026 15:29,16.25,0.001,7.86
11/05/2026 14:59,16.125,0.001,7.86
11/05/2026 14:29,16.125,0.001,7.86
11/05/2026 13:59,15.875,0.001,7.86
11/05/2026 13:29,15.875,0.001,7.86
11/05/2026 12:59,15.875,0.001,7.86
11/05/2026 12:29,15.875,0.001,7.86
11/05/2026 11:59,15.75,0.001,7.86
11/05/2026 11:29,15.5,0.001,7.87
11/05/2026 10:59,14.75,0.001,7.88
11/05/2026 10:29,15.625,0.001,7.87
11/05/2026 09:59,15.5,0.001,7.87
11/05/2026 09:29,15.5,0.001,7.86
11/05/2026 08:59,15.5,0.001,7.86
11/05/2026 08:29,15.5,0.001,7.86
11/05/2026 07:59,15.375,0.001,7.86
11/05/2026 07:29,15.375,0.001,7.86
11/05/2026 06:59,15.375,0.001,7.85
11/05/2026 06:29,15.5,0.001,7.85
11/05/2026 05:59,15.375,0.001,7.85
11/05/2026 05:29,15.25,0.001,7.85
11/05/2026 04:59,15.375,0.001,7.86
11/05/2026 04:59,15.375,0.001,7.86
11/05/2026 04:29,15.25,0.001,7.86
11/05/2026 03:59,15.25,0.001,7.85
11/05/2026 03:29,15.375,0.001,7.86
11/05/2026 02:59,15.125,0.001,7.86
11/05/2026 02:29,15.125,0.001,7.86
11/05/2026 01:59,15,0.001,7.86
11/05/2026 01:29,15,0.001,7.87
11/05/2026 00:59,15.125,0.001,7.86
11/05/2026 00:29,15,0.001,7.86
10/05/2026 23:59,15,0.001,7.87
10/05/2026 23:29,15,0.001,7.87
10/05/2026 22:59,14.875,0.001,7.87
10/05/2026 22:29,14.875,0.001,7.87
10/05/2026 21:59,14.875,0.001,7.88
10/05/2026 21:29,14.875,0.001,7.87
10/05/2026 20:59,14.75,0.001,7.88
10/05/2026 20:59,14.75,0.001,7.88
10/05/2026 20:29,14.875,0.001,7.89
10/05/2026 19:59,14.875,0.001,7.88
10/05/2026 19:29,14.75,0.001,7.88
10/05/2026 18:59,14.75,0.001,7.89
10/05/2026 18:29,13.75,0.001,7.89
10/05/2026 17:59,14.75,0.001,7.89
10/05/2026 17:29,14.5,0.001,7.89
10/05/2026 16:59,14.375,0.001,7.89
10/05/2026 16:29,14.625,0.001,7.89
10/05/2026 15:59,15.625,0.001,7.9
10/05/2026 15:29,16.125,0.001,7.89
10/05/2026 14:59,16.125,0.001,7.89
10/05/2026 14:29,16.125,0.001,7.89
10/05/2026 13:59,16.125,0.001,7.88
10/05/2026 13:29,16,0.001,7.88
10/05/2026 12:59,16,0.001,7.88
10/05/2026 12:29,16.125,0.001,7.87
10/05/2026 11:59,15.875,0.001,7.87
10/05/2026 11:29,16,0.001,7.87
10/05/2026 10:59,15.875,0.001,7.86
10/05/2026 10:29,15.75,0.001,7.86
10/05/2026 09:59,14.75,0.001,7.86
10/05/2026 09:29,16.625,0.001,7.85
10/05/2026 08:59,15.75,0.001,7.85
10/05/2026 08:29,15.625,0.001,7.85
10/05/2026 07:59,15.625,0.001,7.85
10/05/2026 07:29,16.625,0.001,7.84
10/05/2026 06:59,15.625,0.001,7.85
10/05/2026 06:29,14.75,0.001,7.84
10/05/2026 05:59,15.625,0.001,7.84
10/05/2026 05:29,15.625,0.001,7.85
10/05/2026 04:59,15.5,0.001,7.85
10/05/2026 04:29,15.75,0.001,7.85
10/05/2026 03:59,15.625,0.001,7.85
10/05/2026 03:29,15.625,0.001,7.86
10/05/2026 02:59,16.625,0.001,7.86
10/05/2026 02:29,15.75,0.001,7.86
10/05/2026 01:59,14.75,0.001,7.87
10/05/2026 01:29,15.75,0.001,7.88
10/05/2026 00:59,15.875,0.001,7.87
10/05/2026 00:29,15.75,0.001,7.88
09/05/2026 23:59,15.75,0.001,7.88
09/05/2026 23:29,15.875,0.001,7.88
09/05/2026 22:59,15.75,0.001,7.88
09/05/2026 22:29,15.75,0.001,7.89
09/05/2026 21:59,15.875,0.001,7.89
09/05/2026 21:29,15.875,0.001,7.89
09/05/2026 20:59,15.875,0.001,7.9
09/05/2026 20:29,16,0.001,7.91
09/05/2026 19:59,16,0.001,7.9
09/05/2026 19:29,15.875,0.001,7.9
09/05/2026 18:59,16,0.001,7.91
09/05/2026 18:29,16.125,0.001,7.91
09/05/2026 17:59,16.125,0.001,7.91
09/05/2026 17:29,16.25,0.001,7.91
09/05/2026 16:59,16.25,0.001,7.91
09/05/2026 16:29,16.125,0.001,7.91
09/05/2026 15:59,16.125,0.001,7.91
09/05/2026 15:29,16,0.001,7.9
09/05/2026 14:59,15.875,0.001,7.9
09/05/2026 14:29,16,0.001,7.9
09/05/2026 13:59,15.875,0.001,7.89
09/05/2026 13:29,15.875,0.001,7.88
09/05/2026 12:59,15.875,0.001,7.88
09/05/2026 12:29,15.75,0.001,7.88
09/05/2026 11:59,15.75,0.001,7.87
09/05/2026 11:29,15.875,0.001,7.86
09/05/2026 11:29,15.875,0.001,7.86
09/05/2026 10:59,15.625,0.001,7.86
09/05/2026 10:29,15.5,0.001,7.86
09/05/2026 09:59,15.625,0.001,7.86
09/05/2026 09:29,15.375,0.001,7.85
09/05/2026 08:59,15.5,0.001,7.85
09/05/2026 08:29,15.5,0.001,7.84
09/05/2026 07:59,15.375,0.001,7.85
09/05/2026 07:29,15.375,0.001,7.84
09/05/2026 07:29,15.375,0.001,7.84
09/05/2026 06:59,15.375,0.001,7.84
09/05/2026 06:29,15.25,0.001,7.84
09/05/2026 05:59,15.25,0.001,7.84
09/05/2026 05:29,15.375,0.001,7.84
09/05/2026 04:59,15.25,0.001,7.84
09/05/2026 04:29,15.25,0.001,7.85
09/05/2026 03:59,15.125,0.001,7.85
09/05/2026 03:29,15.25,0.001,7.84
09/05/2026 02:59,15.25,0.001,7.85
09/05/2026 02:29,15.25,0.001,7.85
09/05/2026 01:59,15.25,0.001,7.84
09/05/2026 01:29,15.25,0.001,7.84
09/05/2026 00:59,15.125,0.001,7.84
09/05/2026 00:29,15.25,0.001,7.84
08/05/2026 23:59,15.125,0.001,7.84
08/05/2026 23:59,15.125,0.001,7.84
08/05/2026 23:29,15.125,0.001,7.84
08/05/2026 22:59,15.125,0.001,7.84
08/05/2026 22:29,15.125,0.001,7.84
08/05/2026 21:59,15.125,0.001,7.83
08/05/2026 21:29,15.125,0.001,7.84
08/05/2026 20:59,15,0.001,7.84
08/05/2026 20:29,15.125,0.001,7.83
08/05/2026 19:59,14.875,0.001,7.84
08/05/2026 19:59,14.875,0.001,7.84
08/05/2026 19:29,15,0.001,7.84
08/05/2026 18:59,14.875,0.001,7.85
08/05/2026 18:29,14.75,0.001,7.84
08/05/2026 17:59,13.875,0.001,7.84
08/05/2026 17:29,14.75,0.001,7.83
08/05/2026 17:29,14.75,0.001,7.83
08/05/2026 16:59,13.75,0.001,7.82
08/05/2026 16:29,14.375,0.001,7.79
08/05/2026 15:59,14.375,0.001,7.76
08/05/2026 15:29,15,0.001,7.7
08/05/2026 14:59,15.875,0.001,7.57
08/05/2026 14:49,16.25,0.001,7.51
08/05/2026 14:29,16.25,0.001,7.29
08/05/2026 13:59,16.125,0.001,6.83
08/05/2026 13:29,16.25,0.001,6.44
08/05/2026 12:59,16.125,0.002,6.4
08/05/2026 12:59,16.25,0.002,6.4
01/05/2026 09:29,15.5,0.001,7.97
01/05/2026 08:59,15.625,0.001,7.97
01/05/2026 08:29,15.5,0.001,7.97
01/05/2026 07:59,15.5,0.001,7.97
01/05/2026 07:29,15.375,0.001,7.96
01/05/2026 06:59,15.5,0.001,7.96
01/05/2026 06:29,15.375,0.001,7.96
01/05/2026 05:59,15.5,0.001,7.96
01/05/2026 05:29,15.625,0.001,7.97
01/05/2026 04:59,15.5,0.001,7.97
01/05/2026 04:29,15.5,0.001,7.97
01/05/2026 03:59,15.5,0.001,7.97
01/05/2026 03:29,15.625,0.001,7.97
01/05/2026 02:59,15.5,0.001,7.98
01/05/2026 02:29,15.5,0.001,7.97
01/05/2026 01:59,15.625,0.001,7.98
01/05/2026 01:29,15.625,0.001,7.98
01/05/2026 00:59,14.875,0.001,7.98
01/05/2026 00:29,16.625,0.001,7.98
30/04/2026 23:59,15.75,0.001,7.99
30/04/2026 23:29,15.75,0.001,7.99
30/04/2026 22:59,15.75,0.001,7.99
30/04/2026 22:29,15.75,0.001,7.99
30/04/2026 21:59,16,0.001,8
30/04/2026 21:29,16,0.001,8
30/04/2026 20:59,16,0.001,8
30/04/2026 20:29,16.125,0.001,8
30/04/2026 19:59,16,0.001,8.01
30/04/2026 19:29,16.125,0.001,8.01
30/04/2026 18:59,16.125,0.001,8.01
30/04/2026 18:29,16.125,0.001,8.01
30/04/2026 18:29,16.125,0.001,8.01
30/04/2026 17:59,16.25,0.001,8.01
30/04/2026 17:29,16.125,0.001,8.01
30/04/2026 16:59,16.125,0.001,8.01
30/04/2026 16:29,16.125,0.001,8.01
30/04/2026 15:59,16.125,0.001,8.01
30/04/2026 15:29,16.125,0.001,8
30/04/2026 14:59,16.125,0.001,8
30/04/2026 14:29,16,0.001,8
30/04/2026 13:59,16,0.001,7.99
30/04/2026 13:29,15.875,0.001,7.99
30/04/2026 13:29,15.875,0.001,7.99
30/04/2026 12:59,15.875,0.001,7.98
30/04/2026 12:59,15.875,0.001,7.98
30/04/2026 12:29,15.875,0.001,7.98
30/04/2026 11:59,14.75,0.001,7.98
30/04/2026 11:29,15.875,0.001,7.98
30/04/2026 10:59,16.625,0.001,7.97
30/04/2026 10:29,14.75,0.001,7.97
30/04/2026 09:59,16.625,0.001,7.97
30/04/2026 09:29,15.625,0.001,7.96
30/04/2026 08:59,15.625,0.001,7.96
30/04/2026 08:29,16.625,0.001,7.96
30/04/2026 07:59,15.625,0.001,7.96
30/04/2026 07:36,15.625,0.001,7.96
30/04/2026 07:36,15.875,0.001,8.64
30/04/2026 07:29,15.625,0.001,7.95
30/04/2026 06:59,15.625,0.001,7.95
30/04/2026 06:29,15.5,0.001,7.95
30/04/2026 05:59,15.625,0.001,7.95
30/04/2026 05:29,15.625,0.001,7.95
30/04/2026 04:59,15.5,0.001,7.96
30/04/2026 04:29,15.625,0.001,7.96
30/04/2026 03:59,15.625,0.001,7.96
30/04/2026 03:29,15.5,0.001,7.96
30/04/2026 02:59,15.625,0.001,7.96
30/04/2026 02:29,15.625,0.001,7.96
30/04/2026 01:59,15.625,0.001,7.97
30/04/2026 01:29,16.625,0.001,7.97
30/04/2026 00:59,14.75,0.001,7.97
30/04/2026 00:29,15.5,0.001,7.97
29/04/2026 23:59,14.75,0.001,7.97
29/04/2026 23:29,15.875,0.001,7.97
29/04/2026 22:59,15.875,0.001,7.98
29/04/2026 22:59,15.875,0.001,7.98
29/04/2026 22:29,15.875,0.001,7.98
29/04/2026 21:59,15.875,0.001,7.98
29/04/2026 21:29,15.875,0.001,7.98
29/04/2026 20:59,16,0.001,7.99
29/04/2026 20:29,16.125,0.001,7.99
29/04/2026 19:59,16.125,0.001,7.99
29/04/2026 19:29,16.125,0.001,7.99
29/04/2026 18:59,16.125,0.001,7.99
29/04/2026 18:59,16.125,0.001,7.99
29/04/2026 18:29,16.125,0.001,7.99
29/04/2026 17:59,16.125,0.001,8
29/04/2026 17:29,16.25,0.001,7.99
29/04/2026 16:59,16.125,0.001,7.99
29/04/2026 16:29,16.25,0.001,7.99
29/04/2026 16:29,16.25,0.001,7.99
29/04/2026 15:59,16.125,0.001,7.98
29/04/2026 15:29,16,0.001,7.98
29/04/2026 14:59,16.25,0.001,7.98
29/04/2026 14:59,16.25,0.001,7.98
29/04/2026 14:29,16.125,0.001,7.97
29/04/2026 13:59,16.125,0.001,7.97
29/04/2026 13:29,16.125,0.001,7.96
29/04/2026 12:59,16.125,0.001,7.96
29/04/2026 12:29,16.125,0.001,7.95
29/04/2026 11:59,16,0.001,7.95
29/04/2026 11:29,15.875,0.001,7.94
29/04/2026 10:59,15.875,0.001,7.94
29/04/2026 10:29,15.875,0.001,7.93
29/04/2026 09:59,15.75,0.001,7.92
29/04/2026 09:29,14.75,0.001,7.92
29/04/2026 08:59,16.625,0.001,7.91
29/04/2026 08:29,15.75,0.001,7.9
29/04/2026 07:59,15.625,0.001,7.9
29/04/2026 07:29,15.625,0.001,7.89
29/04/2026 06:59,15.5,0.001,7.89
29/04/2026 06:29,15.625,0.001,7.89
29/04/2026 05:59,15.625,0.001,7.89
29/04/2026 05:29,15.625,0.001,7.89
29/04/2026 04:59,15.75,0.001,7.89
29/04/2026 04:29,15.625,0.001,7.89
29/04/2026 03:59,15.875,0.001,7.88
29/04/2026 03:29,15.75,0.001,7.88
29/04/2026 02:59,15.75,0.001,7.88
29/04/2026 02:29,15.875,0.001,7.88
29/04/2026 01:59,15.75,0.001,7.87
29/04/2026 01:29,16,0.001,7.87
29/04/2026 00:59,15.875,0.001,7.87
29/04/2026 00:29,16,0.001,7.87
28/04/2026 23:59,15.875,0.001,7.87
28/04/2026 23:29,16,0.001,7.87
28/04/2026 22:59,16.25,0.001,7.86
28/04/2026 22:56,16.5,0.001,7.87
28/04/2026 21:29,16.125,0.001,7.85
28/04/2026 20:59,16.25,0.001,7.85
28/04/2026 20:29,16.25,0.001,7.85
28/04/2026 19:59,16.125,0.001,7.85
28/04/2026 19:29,16.25,0.001,7.85
28/04/2026 18:59,16.375,0.001,7.85
28/04/2026 18:59,16.375,0.001,7.85
28/04/2026 18:29,16.375,0.001,7.85
28/04/2026 17:59,16.375,0.001,7.84
28/04/2026 17:29,16.375,0.001,7.83
28/04/2026 16:59,16.375,0.001,7.83
28/04/2026 16:29,16.375,0.001,7.82
28/04/2026 15:59,16.375,0.001,7.82
28/04/2026 15:29,16.375,0.001,7.82
28/04/2026 14:59,16.375,0.001,7.82
28/04/2026 14:29,16.375,0.001,7.83
28/04/2026 13:59,16.25,0.001,7.84
28/04/2026 13:29,16.25,0.001,7.85
28/04/2026 12:59,16.125,0.001,7.87
28/04/2026 12:29,16.125,0.001,7.88
28/04/2026 12:29,16.125,0.001,7.88
28/04/2026 11:59,16.125,0.001,7.88
28/04/2026 11:29,16.125,0.001,7.88
28/04/2026 10:59,15.875,0.001,7.9
28/04/2026 10:29,15.875,0.001,7.91
28/04/2026 09:59,15.75,0.001,7.92
28/04/2026 09:29,15.875,0.001,7.92
28/04/2026 09:29,15.875,0.001,7.92
28/04/2026 08:59,15.75,0.001,7.92
28/04/2026 08:29,15.625,0.001,7.92
28/04/2026 07:59,15.625,0.001,7.91
28/04/2026 07:29,15.5,0.001,7.91
28/04/2026 06:59,15.5,0.001,7.91
28/04/2026 06:29,15.375,0.001,7.9
28/04/2026 05:59,15.5,0.001,7.9
28/04/2026 05:29,15.625,0.001,7.9
28/04/2026 04:59,15.625,0.001,7.9
28/04/2026 04:29,16.625,0.001,7.9
28/04/2026 03:59,14.75,0.001,7.9
28/04/2026 03:29,14.75,0.001,7.9
28/04/2026 02:59,15.75,0.001,7.9
28/04/2026 02:29,16.625,0.001,7.9
28/04/2026 01:59,15.75,0.001,7.89
28/04/2026 01:29,15.75,0.001,7.89
28/04/2026 00:59,15.875,0.001,7.89
28/04/2026 00:59,15.875,0.001,7.89
28/04/2026 00:29,15.875,0.001,7.89
27/04/2026 23:59,15.875,0.001,7.89
27/04/2026 23:29,15.875,0.001,7.89
27/04/2026 22:59,16,0.001,7.88
27/04/2026 22:29,16.125,0.001,7.88
27/04/2026 21:59,16,0.001,7.88
27/04/2026 21:29,16,0.001,7.88
27/04/2026 21:29,16,0.001,7.88
27/04/2026 20:59,16,0.001,7.88
27/04/2026 20:29,16.125,0.001,7.88
27/04/2026 19:59,16.125,0.001,7.88
27/04/2026 19:29,16.25,0.001,7.88
27/04/2026 18:59,16.25,0.001,7.88
27/04/2026 18:29,16.25,0.001,7.89
27/04/2026 17:59,16.375,0.001,7.89
27/04/2026 17:29,16.375,0.001,7.9
27/04/2026 16:59,16.125,0.001,7.9
27/04/2026 16:29,16.125,0.001,7.9
27/04/2026 15:59,16.375,0.001,7.9
27/04/2026 15:29,16.125,0.001,7.91
27/04/2026 14:59,16.125,0.001,7.92
27/04/2026 14:29,16.125,0.001,7.93
27/04/2026 13:59,16.125,0.001,7.94
27/04/2026 13:29,16.125,0.001,7.95
27/04/2026 12:59,15.875,0.001,7.96
27/04/2026 12:29,15.875,0.001,7.97
27/04/2026 11:59,15.75,0.001,7.97
27/04/2026 11:29,16.625,0.001,7.97
27/04/2026 10:59,14.75,0.001,7.98
27/04/2026 10:29,15.625,0.001,7.98
27/04/2026 09:59,15.5,0.001,7.98
27/04/2026 09:29,15.5,0.001,7.99
27/04/2026 08:59,15.375,0.001,7.99
27/04/2026 08:29,15.5,0.001,7.99
27/04/2026 07:59,15.25,0.001,7.99
27/04/2026 07:29,15.375,0.001,7.99
27/04/2026 06:59,15.25,0.001,7.99
27/04/2026 06:29,15.25,0.001,7.99
27/04/2026 05:59,15.25,0.001,7.99
27/04/2026 05:29,15.375,0.001,7.99
27/04/2026 04:59,15.25,0.001,7.99
27/04/2026 04:29,15.375,0.001,7.99
27/04/2026 03:59,15.375,0.001,8
27/04/2026 03:29,15.5,0.001,8
27/04/2026 02:59,15.375,0.001,8
27/04/2026 02:29,15.5,0.001,8
27/04/2026 01:59,15.5,0.001,8
27/04/2026 01:29,15.375,0.001,8
27/04/2026 00:59,15.5,0.001,8.01
27/04/2026 00:29,15.5,0.001,8.01
26/04/2026 23:59,15.625,0.001,8.01
26/04/2026 23:29,15.625,0.001,8.02
26/04/2026 22:59,15.625,0.001,8.02
26/04/2026 22:29,15.625,0.001,8.02
26/04/2026 21:59,15.625,0.001,8.02
26/04/2026 21:29,15.75,0.001,8.02
26/04/2026 21:29,15.75,0.001,8.02
26/04/2026 20:59,15.75,0.001,8.03
26/04/2026 20:29,15.875,0.001,8.03
26/04/2026 19:59,15.875,0.001,8.03
26/04/2026 19:29,16,0.001,8.04
26/04/2026 18:59,16,0.001,8.04
26/04/2026 18:29,16,0.001,8.04
26/04/2026 17:59,16.125,0.001,8.04
26/04/2026 17:29,15.875,0.001,8.04
26/04/2026 16:59,16,0.001,8.04
26/04/2026 16:29,16,0.001,8.04
26/04/2026 16:29,16,0.001,8.04
26/04/2026 15:59,16.125,0.001,8.03
26/04/2026 15:29,15.875,0.001,8.03
26/04/2026 14:59,15.875,0.001,8.03
26/04/2026 14:29,15.875,0.001,8.03
26/04/2026 13:59,15.875,0.001,8.02
26/04/2026 13:29,15.75,0.001,8.02
26/04/2026 12:59,15.75,0.001,8.02
26/04/2026 12:29,15.75,0.001,8.01
26/04/2026 11:59,15.5,0.001,8.01
26/04/2026 11:29,15.75,0.001,8.01
26/04/2026 10:59,15.625,0.001,8
26/04/2026 10:29,15.625,0.001,8
26/04/2026 09:59,15.375,0.001,8
26/04/2026 09:29,15.375,0.001,7.99
26/04/2026 08:59,15.5,0.001,7.99
26/04/2026 08:29,15.5,0.001,7.99
26/04/2026 07:59,15.5,0.001,7.98
26/04/2026 07:29,15.375,0.001,7.98
26/04/2026 06:59,15.375,0.001,7.98
26/04/2026 06:29,15.5,0.001,7.98
26/04/2026 05:59,15.375,0.001,7.98
26/04/2026 05:29,15.375,0.001,7.99
26/04/2026 05:29,15.375,0.001,7.99
26/04/2026 04:59,15.375,0.001,7.99
26/04/2026 04:29,15.5,0.001,7.99
26/04/2026 03:59,15.375,0.001,7.99
26/04/2026 03:29,15.375,0.001,7.99
26/04/2026 02:59,15.375,0.001,7.99
26/04/2026 02:29,15.5,0.001,8
26/04/2026 01:59,15.5,0.001,8
26/04/2026 01:29,15.5,0.001,8
26/04/2026 00:59,15.5,0.001,8
26/04/2026 00:29,15.625,0.001,8
25/04/2026 23:59,15.625,0.001,8.01
25/04/2026 23:29,15.5,0.001,8.01
25/04/2026 22:59,15.75,0.001,8.01
25/04/2026 22:29,15.875,0.001,8.02
25/04/2026 22:29,15.875,0.001,8.02
25/04/2026 21:59,15.75,0.001,8.02
25/04/2026 21:29,15.875,0.001,8.02
25/04/2026 20:59,15.75,0.001,8.02
25/04/2026 20:29,15.875,0.001,8.03
25/04/2026 19:59,15.875,0.001,8.03
25/04/2026 19:29,16,0.001,8.03
25/04/2026 18:59,15.875,0.001,8.03
25/04/2026 18:29,16,0.001,8.04
25/04/2026 18:29,16,0.001,8.04
25/04/2026 17:59,16.125,0.001,8.04
25/04/2026 17:29,16,0.001,8.04
25/04/2026 16:59,16,0.001,8.03
25/04/2026 16:29,16,0.001,8.03
25/04/2026 15:59,16,0.001,8.03
25/04/2026 15:29,16,0.001,8.03
25/04/2026 14:59,16,0.001,8.03
25/04/2026 14:29,15.875,0.001,8.02
25/04/2026 13:59,15.875,0.001,8.02
25/04/2026 13:29,15.875,0.001,8.01
25/04/2026 12:59,15.875,0.001,8.01
25/04/2026 12:29,15.875,0.001,8.01
25/04/2026 12:29,15.875,0.001,8.01
25/04/2026 11:59,15.875,0.001,8
25/04/2026 11:29,15.75,0.001,8
25/04/2026 10:59,14.75,0.001,8
25/04/2026 10:29,16.625,0.001,7.99
25/04/2026 09:59,16.625,0.001,7.99
25/04/2026 09:29,15.625,0.001,7.98
25/04/2026 08:59,15.5,0.001,7.98
25/04/2026 08:29,15.5,0.001,7.98
25/04/2026 07:59,15.5,0.001,7.98
25/04/2026 07:29,15.5,0.001,7.97
25/04/2026 06:59,15.375,0.001,7.97
25/04/2026 06:29,15.5,0.001,7.97
25/04/2026 05:59,15.5,0.001,7.97
25/04/2026 05:59,15.5,0.001,7.97
25/04/2026 05:29,15.25,0.001,7.98
25/04/2026 04:59,15.375,0.001,7.98
25/04/2026 04:29,15.375,0.001,7.98
25/04/2026 03:59,15.375,0.001,7.98
25/04/2026 03:29,15.375,0.001,7.98
25/04/2026 02:59,15.375,0.001,7.98
25/04/2026 02:29,15.625,0.001,7.99
25/04/2026 01:59,15.5,0.001,7.99
25/04/2026 01:29,15.375,0.001,7.99
25/04/2026 00:59,15.5,0.001,8
25/04/2026 00:29,15.5,0.001,7.99
24/04/2026 23:59,15.5,0.001,8
24/04/2026 23:29,15.5,0.001,8
24/04/2026 22:59,15.5,0.001,8
24/04/2026 22:29,15.5,0.001,8
24/04/2026 22:29,15.5,0.001,8
24/04/2026 21:59,15.625,0.001,8.01
24/04/2026 21:29,16.625,0.001,8.01
24/04/2026 21:20,15.625,0.001,8.01
24/04/2026 21:20,15.5,0.001,8.01
24/04/2026 21:20,15.5,0.001,8.72
24/04/2026 20:59,16.625,0.001,8.01
24/04/2026 20:29,15.625,0.001,8.02
24/04/2026 19:59,16.625,0.001,8.02
24/04/2026 19:29,15.75,0.001,8.02
24/04/2026 18:59,15.75,0.001,8.03
24/04/2026 18:29,15.875,0.001,8.03
24/04/2026 17:59,15.875,0.001,8.03
24/04/2026 17:29,15.75,0.001,8.03
24/04/2026 16:59,15.875,0.001,8.03
24/04/2026 16:29,15.875,0.001,8.03
24/04/2026 15:59,15.875,0.001,8.03
24/04/2026 15:29,15.875,0.001,8.03
24/04/2026 14:59,15.875,0.001,8.03
24/04/2026 14:29,16,0.001,8.02
24/04/2026 13:59,15.875,0.001,8.02
24/04/2026 13:29,15.875,0.001,8.02
24/04/2026 12:59,15.875,0.001,8.03
24/04/2026 12:29,15.875,0.001,8.03
24/04/2026 11:59,15.75,0.001,8.03
24/04/2026 11:29,15.75,0.001,8.02
24/04/2026 10:59,14.75,0.001,8.02
24/04/2026 10:29,15.75,0.001,8.02
24/04/2026 09:59,15.5,0.001,8.01
24/04/2026 09:29,16.5,0.001,8.01
24/04/2026 08:59,14.75,0.001,8.01
24/04/2026 08:29,15.5,0.001,8
24/04/2026 07:59,15.5,0.001,8
24/04/2026 07:29,15.5,0.001,8
24/04/2026 06:59,15.5,0.001,8
24/04/2026 06:29,15.5,0.001,8
24/04/2026 05:59,15.5,0.001,8
24/04/2026 05:29,15.5,0.001,8.01
24/04/2026 04:59,15.625,0.001,8.01
24/04/2026 04:29,15.5,0.001,8.01
24/04/2026 03:59,15.5,0.001,8.01
24/04/2026 03:29,15.5,0.001,8.02
24/04/2026 02:59,15.625,0.001,8.02
24/04/2026 02:29,15.625,0.001,8.02
24/04/2026 01:59,15.75,0.001,8.02
24/04/2026 01:35,15.875,0.001,8.02
24/04/2026 01:35,15.875,0.001,8.02
24/04/2026 01:35,15.875,0.001,8.74
24/04/2026 01:29,15.75,0.001,8.03
24/04/2026 00:59,15.875,0.001,8.03
24/04/2026 00:29,15.875,0.001,8.03
23/04/2026 23:59,15.875,0.001,8.03
23/04/2026 23:29,15.875,0.001,8.03
23/04/2026 22:59,15.875,0.001,8.04
23/04/2026 22:29,15.875,0.001,8.04
23/04/2026 21:59,15.875,0.001,8.04
23/04/2026 21:29,16,0.001,8.04
23/04/2026 20:59,16,0.001,8.05
23/04/2026 20:29,16,0.001,8.05
23/04/2026 19:59,16.125,0.001,8.05
23/04/2026 19:29,16.125,0.001,8.06
23/04/2026 18:59,16.125,0.001,8.06
23/04/2026 18:29,16.125,0.001,8.06
23/04/2026 17:59,16.25,0.001,8.06
23/04/2026 17:29,16.125,0.001,8.06
23/04/2026 16:59,16.125,0.001,8.06
23/04/2026 16:29,16.25,0.001,8.06
23/04/2026 15:59,16.25,0.001,8.05
23/04/2026 15:29,16.25,0.001,8.05
23/04/2026 14:59,16.125,0.001,8.05
23/04/2026 14:29,16,0.001,8.04
23/04/2026 13:59,16,0.001,8.04
23/04/2026 13:29,16,0.001,8.04
23/04/2026 12:59,15.875,0.001,8.03
23/04/2026 12:29,16,0.001,8.03
23/04/2026 11:59,15.875,0.001,8.03
23/04/2026 11:29,15.875,0.001,8.02
23/04/2026 10:59,15.875,0.001,8.02
23/04/2026 10:29,15.75,0.001,8.02
23/04/2026 09:59,15.875,0.001,8.02
23/04/2026 09:29,14.75,0.001,8.01
23/04/2026 08:59,15.625,0.001,8.01
23/04/2026 08:29,15.625,0.001,8.01
23/04/2026 07:59,16.625,0.001,8
23/04/2026 07:29,15.5,0.001,8
23/04/2026 06:59,16.625,0.001,8
23/04/2026 06:29,15.625,0.001,8
23/04/2026 05:59,15.625,0.001,8.01
23/04/2026 05:29,15.625,0.001,8.01
23/04/2026 04:59,14.75,0.001,8.01
23/04/2026 04:29,16.625,0.001,8.01
23/04/2026 03:59,15.5,0.001,8.01
23/04/2026 03:29,15.75,0.001,8.02
23/04/2026 02:59,15.625,0.001,8.02
23/04/2026 02:29,15.75,0.001,8.02
23/04/2026 01:59,15.75,0.001,8.03
23/04/2026 01:29,15.75,0.001,8.03
23/04/2026 00:59,15.75,0.001,8.03
23/04/2026 00:29,16,0.001,8.03
22/04/2026 23:59,15.875,0.001,8.04
22/04/2026 23:59,16,0.001,8.03
22/04/2026 23:29,16,0.001,8.04
22/04/2026 22:59,16,0.001,8.04
22/04/2026 22:54,16.125,0.001,8.04
22/04/2026 22:54,16.125,0.001,8.76
22/04/2026 22:29,16,0.001,8.04
22/04/2026 21:59,16.125,0.001,8.05
22/04/2026 21:29,16.125,0.001,8.05
22/04/2026 20:59,16.125,0.001,8.05
22/04/2026 20:29,16.125,0.001,8.06
22/04/2026 19:59,16.125,0.001,8.06
22/04/2026 19:29,16.125,0.001,8.06
22/04/2026 18:59,16.25,0.001,8.06
22/04/2026 18:29,16.25,0.001,8.07
22/04/2026 17:59,16.25,0.001,8.06
22/04/2026 17:29,16.25,0.001,8.06
22/04/2026 16:59,16.125,0.001,8.06
22/04/2026 16:29,16.125,0.001,8.06
22/04/2026 15:59,16.25,0.001,8.06
22/04/2026 15:29,16.25,0.001,8.05
22/04/2026 14:59,16.125,0.001,8.05
22/04/2026 14:29,16,0.001,8.05
22/04/2026 13:59,16,0.001,8.04
22/04/2026 13:29,16.125,0.001,8.04
22/04/2026 12:59,16,0.001,8.03
22/04/2026 12:29,16,0.001,8.03
22/04/2026 11:59,15.75,0.001,8.02
22/04/2026 11:29,15.875,0.001,8.02
22/04/2026 10:59,15.75,0.001,8.02
22/04/2026 10:29,16.625,0.001,8.01
22/04/2026 09:59,15.75,0.001,8.01
22/04/2026 09:29,16.5,0.001,8.01
22/04/2026 08:59,15.625,0.001,8.01
22/04/2026 08:29,15.5,0.001,8
22/04/2026 07:59,15.5,0.001,8
22/04/2026 07:29,15.5,0.001,8
22/04/2026 06:59,15.375,0.001,8
22/04/2026 06:29,15.5,0.001,8
22/04/2026 06:29,15.5,0.001,8
22/04/2026 05:59,15.5,0.001,8
22/04/2026 05:29,15.5,0.001,8
22/04/2026 04:59,15.5,0.001,8.01
22/04/2026 04:29,15.625,0.001,8.01
22/04/2026 03:59,16.375,0.001,8.01
22/04/2026 03:29,15.5,0.001,8.01
22/04/2026 02:59,15.5,0.001,8.01
22/04/2026 02:29,15.625,0.001,8.02
22/04/2026 01:59,15.625,0.001,8.02
22/04/2026 01:29,14.75,0.001,8.02
22/04/2026 00:59,15.625,0.001,8.03
22/04/2026 00:29,15.75,0.001,8.03
21/04/2026 23:59,15.75,0.001,8.03
21/04/2026 23:29,15.75,0.001,8.03
21/04/2026 22:59,15.875,0.001,8.03
21/04/2026 22:29,15.875,0.001,8.04
21/04/2026 21:59,15.875,0.001,8.04
21/04/2026 21:29,15.875,0.001,8.04
21/04/2026 20:59,16,0.001,8.05
21/04/2026 20:29,16,0.001,8.05
21/04/2026 19:59,16.125,0.001,8.05
21/04/2026 19:29,16.125,0.001,8.06
21/04/2026 18:59,16.125,0.001,8.06
21/04/2026 18:29,16.125,0.001,8.06
21/04/2026 17:59,16.25,0.001,8.06
21/04/2026 17:29,16.125,0.001,8.05
21/04/2026 16:59,16.125,0.001,8.05
21/04/2026 16:29,16.125,0.001,8.05
21/04/2026 15:59,16.125,0.001,8.05
21/04/2026 15:29,16.125,0.001,8.05
21/04/2026 14:59,16.125,0.001,8.04
21/04/2026 14:29,16.125,0.001,8.04
21/04/2026 13:59,16.125,0.001,8.04
21/04/2026 13:29,16,0.001,8.03
21/04/2026 12:59,16,0.001,8.03
21/04/2026 12:29,16,0.001,8.02
21/04/2026 11:59,15.875,0.001,8.02
21/04/2026 11:29,15.875,0.001,8.01
21/04/2026 10:59,15.875,0.001,8.01
21/04/2026 10:29,15.75,0.001,8.01
21/04/2026 09:59,15.75,0.001,8
21/04/2026 09:29,16.625,0.001,8
21/04/2026 08:59,15.75,0.001,8
21/04/2026 08:29,16.625,0.001,7.99
21/04/2026 07:59,16.625,0.001,7.99
21/04/2026 07:29,15.625,0.001,7.99
21/04/2026 06:59,15.625,0.001,7.99
21/04/2026 06:29,15.625,0.001,7.99
21/04/2026 05:59,14.75,0.001,7.99
21/04/2026 05:29,16.625,0.001,7.99
21/04/2026 04:59,16.625,0.001,8
21/04/2026 04:29,15.625,0.001,8
21/04/2026 04:17,15.875,0.001,8
21/04/2026 04:16,15.75,0.001,8
21/04/2026 04:16,16.625,0.001,8.7
21/04/2026 03:59,14.75,0.001,8
21/04/2026 03:29,15.5,0.001,8
21/04/2026 02:59,15.625,0.001,8
21/04/2026 02:29,15.75,0.001,8
21/04/2026 01:59,14.75,0.001,8.01
21/04/2026 01:29,15.625,0.001,8.01
21/04/2026 00:59,15.75,0.001,8.01
21/04/2026 00:29,15.75,0.001,8.02
20/04/2026 23:59,15.875,0.001,8.02
20/04/2026 23:29,15.875,0.001,8.02
20/04/2026 22:59,15.875,0.001,8.02
20/04/2026 22:29,16,0.001,8.02
20/04/2026 22:29,16,0.001,8.02
20/04/2026 21:59,16.125,0.001,8.03
20/04/2026 21:29,16.125,0.001,8.03
20/04/2026 20:59,16,0.001,8.03
20/04/2026 20:29,16,0.001,8.04
20/04/2026 19:59,16.125,0.001,8.04
20/04/2026 19:29,16.125,0.001,8.04
20/04/2026 18:59,16,0.001,8.04
20/04/2026 18:29,16.25,0.001,8.04
20/04/2026 17:59,16.25,0.001,8.04
20/04/2026 17:29,16.25,0.001,8.04
20/04/2026 16:59,16.125,0.001,8.05
20/04/2026 16:29,16.125,0.001,8.04
20/04/2026 15:59,16.25,0.001,8.05
20/04/2026 15:29,16.25,0.001,8.05
20/04/2026 14:59,16.125,0.001,8.05
20/04/2026 14:29,16,0.001,8.05
20/04/2026 13:59,16.25,0.001,8.05
20/04/2026 13:29,16,0.001,8.05
20/04/2026 12:59,15.875,0.001,8.04
20/04/2026 12:29,16.125,0.001,8.04
20/04/2026 12:27,16,0.001,8.04
20/04/2026 12:27,16.125,0.001,8.04
20/04/2026 12:27,16,0.001,8.75
20/04/2026 11:59,15.875,0.001,8.03
20/04/2026 11:29,15.875,0.001,8.03
20/04/2026 10:59,15.75,0.001,8.03
20/04/2026 10:29,15.75,0.001,8.02
20/04/2026 09:59,14.75,0.001,8.02
20/04/2026 09:29,15.75,0.001,8.02
20/04/2026 08:59,15.5,0.001,8.02
20/04/2026 08:29,15.625,0.001,8.01
20/04/2026 07:59,15.625,0.001,8.01
20/04/2026 07:29,15.625,0.001,8.01
20/04/2026 07:29,15.625,0.001,8.01
20/04/2026 06:59,16.625,0.001,8.01
20/04/2026 06:29,15.5,0.001,8.02
20/04/2026 05:59,15.5,0.001,8.02
20/04/2026 05:29,15.625,0.001,8.02
20/04/2026 04:59,15.625,0.001,8.02
20/04/2026 04:29,15.625,0.001,8.02
20/04/2026 03:59,16.625,0.001,8.03
20/04/2026 03:29,15.625,0.001,8.03
20/04/2026 02:59,15.625,0.001,8.03
20/04/2026 02:29,15.625,0.001,8.03
20/04/2026 01:59,15.625,0.001,8.03
20/04/2026 01:29,15.75,0.001,8.04
20/04/2026 01:29,15.75,0.001,8.04
20/04/2026 00:59,16.625,0.001,8.04
20/04/2026 00:29,15.75,0.001,8.04
19/04/2026 23:59,15.75,0.001,8.05
19/04/2026 23:29,15.875,0.001,8.05
19/04/2026 22:59,15.875,0.001,8.05
19/04/2026 22:29,15.875,0.001,8.06
19/04/2026 21:59,15.875,0.001,8.06
19/04/2026 21:29,16,0.001,8.06
19/04/2026 20:59,15.875,0.001,8.07
19/04/2026 20:29,16,0.001,8.07
19/04/2026 19:59,16.125,0.001,8.07
19/04/2026 19:57,16.25,0.001,8.07
19/04/2026 19:57,16.125,0.001,8.07
19/04/2026 19:57,16.25,0.001,8.8
19/04/2026 19:29,16.125,0.001,8.07
19/04/2026 18:59,16,0.001,8.08
19/04/2026 18:29,16.125,0.001,8.08
19/04/2026 17:59,16.125,0.001,8.08
19/04/2026 17:29,16.25,0.001,8.08
19/04/2026 16:59,16.125,0.001,8.07
19/04/2026 16:29,16.125,0.001,8.07
19/04/2026 15:59,16.125,0.001,8.07
19/04/2026 15:29,16.25,0.001,8.07
19/04/2026 14:59,16.125,0.001,8.06
19/04/2026 14:29,16.125,0.001,8.06
19/04/2026 13:59,16.125,0.001,8.06
19/04/2026 13:29,16.125,0.001,8.05
19/04/2026 12:59,15.875,0.001,8.05
19/04/2026 12:29,15.875,0.001,8.04
19/04/2026 11:59,15.875,0.001,8.04
19/04/2026 11:37,15.875,0.001,8.04
19/04/2026 11:36,15.875,0.001,8.04
19/04/2026 11:35,15.875,0.001,8.76
19/04/2026 11:29,15.875,0.001,8.04
19/04/2026 10:59,15.875,0.001,8.03
19/04/2026 10:29,15.75,0.001,8.03
19/04/2026 10:29,15.75,0.001,8.03
19/04/2026 09:59,15.75,0.001,8.03
19/04/2026 09:29,15.75,0.001,8.02
19/04/2026 08:59,15.75,0.001,8.02
19/04/2026 08:59,15.75,0.001,8.02
19/04/2026 08:29,14.75,0.001,8.02
19/04/2026 07:59,15.5,0.001,8.01
19/04/2026 07:29,15.625,0.001,8.01
19/04/2026 06:59,15.5,0.001,8.01
19/04/2026 06:29,15.5,0.001,8.02
19/04/2026 05:59,15.375,0.001,8.02
19/04/2026 05:29,15.5,0.001,8.02
19/04/2026 04:59,15.5,0.001,8.02
19/04/2026 04:29,14.75,0.001,8.03
19/04/2026 03:59,14.75,0.001,8.03
19/04/2026 03:29,15.625,0.001,8.03
19/04/2026 02:59,15.625,0.001,8.03
19/04/2026 02:29,15.75,0.001,8.03
19/04/2026 01:59,14.75,0.001,8.04
19/04/2026 01:29,16.625,0.001,8.04
19/04/2026 00:59,15.875,0.001,8.04
19/04/2026 00:29,15.875,0.001,8.05
19/04/2026 00:16,15.875,0.001,8.05
18/04/2026 23:59,15.875,0.001,8.05
18/04/2026 23:29,15.75,0.001,8.05
18/04/2026 22:59,16,0.001,8.05
18/04/2026 22:29,16,0.001,8.06
18/04/2026 21:59,16,0.001,8.06
18/04/2026 21:29,16.125,0.001,8.06
18/04/2026 20:59,16.125,0.001,8.07
18/04/2026 20:29,16.125,0.001,8.07
18/04/2026 19:59,16,0.001,8.07
18/04/2026 19:29,16.125,0.001,8.08
18/04/2026 18:59,16.25,0.001,8.08
18/04/2026 18:29,16.25,0.001,8.08
18/04/2026 17:59,16.25,0.001,8.08
18/04/2026 17:29,16.125,0.001,8.08
18/04/2026 16:59,16.125,0.001,8.07
18/04/2026 16:29,16.25,0.001,8.07
18/04/2026 15:59,16.25,0.001,8.07
18/04/2026 15:29,16.25,0.001,8.07
18/04/2026 14:59,16.25,0.001,8.06
18/04/2026 14:29,16.25,0.001,8.06
18/04/2026 14:27,16.25,0.001,8.06
18/04/2026 13:59,16.125,0.001,8.06
18/04/2026 13:29,16.125,0.001,8.05
18/04/2026 12:59,16.125,0.001,8.05
18/04/2026 12:29,16,0.001,8.05
18/04/2026 11:59,16,0.001,8.04
18/04/2026 11:29,16,0.001,8.04
18/04/2026 10:59,15.875,0.001,8.04
18/04/2026 10:29,15.75,0.001,8.03
18/04/2026 09:59,15.875,0.001,8.03
18/04/2026 09:48,15.875,0.001,8.03
18/04/2026 09:35,16.125,0.001,8.03
18/04/2026 09:35,16.125,0.001,8.74
18/04/2026 09:35,16.125,0.001,8.03
18/04/2026 08:29,14.75,0.001,8.02
18/04/2026 07:59,15.625,0.001,8.02
18/04/2026 07:29,14.75,0.001,8.01
18/04/2026 06:59,15.625,0.001,8.02
18/04/2026 06:29,16.5,0.001,8.02
18/04/2026 05:59,16.625,0.001,8.02
18/04/2026 05:29,16.625,0.001,8.02
18/04/2026 04:59,15.5,0.001,8.02
18/04/2026 04:29,15.75,0.001,8.03
18/04/2026 03:59,15.875,0.001,8.03
18/04/2026 03:29,15.625,0.001,8.03
18/04/2026 02:59,16.625,0.001,8.04
18/04/2026 02:29,15.75,0.001,8.04
18/04/2026 01:59,15.75,0.001,8.04
18/04/2026 01:29,15.875,0.001,8.04
18/04/2026 00:59,15.75,0.001,8.05
18/04/2026 00:29,14.875,0.001,8.05
17/04/2026 23:59,15.875,0.001,8.05
17/04/2026 23:29,15.875,0.001,8.06
17/04/2026 23:29,15.875,0.001,8.06
17/04/2026 22:59,16,0.001,8.06
17/04/2026 22:29,15.875,0.001,8.06
17/04/2026 21:59,16,0.001,8.06
17/04/2026 21:29,16,0.001,8.07
17/04/2026 20:59,16.125,0.001,8.07
17/04/2026 20:29,16.125,0.001,8.07
17/04/2026 19:59,16.125,0.001,8.08
17/04/2026 19:29,16.125,0.001,8.08
17/04/2026 18:59,16.125,0.001,8.08
17/04/2026 18:29,16.25,0.001,8.08
17/04/2026 17:59,16.25,0.001,8.08
17/04/2026 17:29,16.125,0.001,8.08
17/04/2026 16:59,16.125,0.001,8.08
17/04/2026 16:29,16.125,0.001,8.08
17/04/2026 15:59,16.125,0.001,8.07
17/04/2026 15:29,16.25,0.001,8.07
17/04/2026 14:59,16.25,0.001,8.07
17/04/2026 14:29,16.125,0.001,8.07
17/04/2026 13:59,16,0.001,8.06
17/04/2026 13:29,16,0.001,8.06
17/04/2026 12:59,16,0.001,8.05
17/04/2026 12:29,15.875,0.001,8.05
17/04/2026 11:59,15.875,0.001,8.05
17/04/2026 11:29,15.875,0.001,8.04
17/04/2026 10:59,15.875,0.001,8.04
17/04/2026 10:29,15.75,0.001,8.03
17/04/2026 09:59,14.75,0.001,8.03
17/04/2026 09:29,16.625,0.001,8.02
17/04/2026 08:59,16.5,0.001,8.02
17/04/2026 08:29,16.625,0.001,8.02
17/04/2026 07:59,15.625,0.001,8.02
17/04/2026 07:29,15.625,0.001,8.02
17/04/2026 06:59,15.5,0.001,8.01
17/04/2026 06:29,15.625,0.001,8.02
17/04/2026 05:59,15.5,0.001,8.02
17/04/2026 05:29,15.5,0.001,8.02
17/04/2026 04:59,15.625,0.001,8.03
17/04/2026 04:29,15.375,0.001,8.03
17/04/2026 03:59,15.625,0.001,8.03
17/04/2026 03:29,15.625,0.001,8.03
17/04/2026 02:59,15.625,0.001,8.03
17/04/2026 02:29,15.625,0.001,8.04
17/04/2026 02:29,15.625,0.001,8.04
17/04/2026 01:59,15.625,0.001,8.04
17/04/2026 01:29,15.75,0.001,8.04
17/04/2026 00:59,15.625,0.001,8.04
17/04/2026 00:29,15.75,0.001,8.05
16/04/2026 23:59,15.875,0.001,8.05
16/04/2026 23:29,15.75,0.001,8.05
16/04/2026 23:29,15.75,0.001,8.05
16/04/2026 22:59,15.875,0.001,8.06
16/04/2026 22:29,15.875,0.001,8.06
16/04/2026 21:59,15.875,0.001,8.06
16/04/2026 21:29,16,0.001,8.06
16/04/2026 20:59,16,0.001,8.07
16/04/2026 20:29,16.125,0.001,8.07
16/04/2026 19:59,16,0.001,8.08
16/04/2026 19:29,16.125,0.001,8.08
16/04/2026 18:59,16,0.001,8.08
16/04/2026 18:29,16.125,0.001,8.08
16/04/2026 17:59,16.125,0.001,8.08
16/04/2026 17:29,16.125,0.001,8.08
16/04/2026 16:59,16.25,0.001,8.07
16/04/2026 16:29,16.125,0.001,8.08
16/04/2026 15:59,16.125,0.001,8.07
16/04/2026 15:29,16.125,0.001,8.07
16/04/2026 14:59,16,0.001,8.06
16/04/2026 14:29,16.125,0.001,8.06
16/04/2026 13:59,16.125,0.001,8.06
16/04/2026 13:29,16,0.001,8.05
16/04/2026 12:59,16,0.001,8.05
16/04/2026 12:29,16,0.001,8.04
16/04/2026 11:59,15.75,0.001,8.04
16/04/2026 11:29,15.875,0.001,8.04
16/04/2026 10:59,15.75,0.001,8.03
16/04/2026 10:29,15.75,0.001,8.03
16/04/2026 09:59,14.75,0.001,8.03
16/04/2026 09:29,15.75,0.001,8.02
16/04/2026 08:59,14.75,0.001,8.02
16/04/2026 08:29,15.625,0.001,8.02
16/04/2026 07:59,14.75,0.001,8.01
16/04/2026 07:29,16.625,0.001,8.01
16/04/2026 06:59,15.5,0.001,8.01
16/04/2026 06:29,14.75,0.001,8.02
16/04/2026 05:59,15.5,0.001,8.02
16/04/2026 05:29,14.75,0.001,8.02
16/04/2026 04:59,15.75,0.001,8.03
16/04/2026 04:29,15.75,0.001,8.03
16/04/2026 03:59,15.625,0.001,8.03
16/04/2026 03:29,14.75,0.001,8.03
16/04/2026 02:59,16.625,0.001,8.04
16/04/2026 02:29,15.625,0.001,8.04
16/04/2026 01:59,14.75,0.001,8.04
16/04/2026 01:29,15.75,0.001,8.05
16/04/2026 00:59,14.75,0.001,8.05
16/04/2026 00:29,15.75,0.001,8.05
15/04/2026 23:59,15.75,0.001,8.05
15/04/2026 23:29,15.75,0.001,8.06
15/04/2026 22:59,15.75,0.001,8.06
15/04/2026 22:29,15.875,0.001,8.07
15/04/2026 21:59,16,0.001,8.07
15/04/2026 21:29,15.875,0.001,8.07
15/04/2026 20:59,16,0.001,8.07
15/04/2026 20:29,16.125,0.001,8.08
15/04/2026 19:59,16,0.001,8.08
15/04/2026 19:29,16,0.001,8.08
15/04/2026 18:59,16.125,0.001,8.08
15/04/2026 18:29,16.125,0.001,8.09
15/04/2026 17:59,16.125,0.001,8.09
15/04/2026 17:29,16.125,0.001,8.08
15/04/2026 16:59,16.125,0.001,8.08
15/04/2026 16:59,16.125,0.001,8.08
15/04/2026 16:29,16.125,0.001,8.08
15/04/2026 15:59,16,0.001,8.07
15/04/2026 15:29,16,0.001,8.07
15/04/2026 14:59,16.125,0.001,8.06
15/04/2026 14:29,16,0.001,8.06
15/04/2026 13:59,15.875,0.001,8.06
15/04/2026 13:29,15.875,0.001,8.05
15/04/2026 12:59,15.875,0.001,8.05
15/04/2026 12:29,15.75,0.001,8.04
15/04/2026 11:59,15.75,0.001,8.04
15/04/2026 11:29,15.75,0.001,8.03
15/04/2026 10:59,14.75,0.001,8.03
15/04/2026 10:29,15.5,0.001,8.02
15/04/2026 09:59,15.625,0.001,8.02
15/04/2026 09:29,15.625,0.001,8.01
15/04/2026 08:59,15.625,0.001,8
15/04/2026 08:29,15.375,0.001,8
15/04/2026 07:59,15.375,0.001,8
15/04/2026 07:29,15.375,0.001,8
15/04/2026 06:59,15.5,0.001,8
15/04/2026 06:29,15.5,0.001,8
15/04/2026 05:59,15.5,0.001,8
15/04/2026 05:29,15.375,0.001,8
15/04/2026 04:59,15.375,0.001,8
15/04/2026 04:29,15.375,0.001,8.01
15/04/2026 03:59,15.375,0.001,8.01
15/04/2026 03:29,15.375,0.001,8.01
15/04/2026 02:59,15.5,0.001,8.01
15/04/2026 02:29,15.375,0.001,8.02
15/04/2026 02:29,15.375,0.001,8.02
15/04/2026 01:59,15.375,0.001,8.02
15/04/2026 01:29,15.375,0.001,8.02
15/04/2026 00:59,15.375,0.001,8.02
15/04/2026 00:29,15.5,0.001,8.02
14/04/2026 23:59,15.375,0.001,8.03
14/04/2026 23:29,15.375,0.001,8.03
14/04/2026 22:59,15.5,0.001,8.03
14/04/2026 22:29,15.5,0.001,8.04
14/04/2026 21:59,15.5,0.001,8.04
14/04/2026 21:29,15.625,0.001,8.04
14/04/2026 20:59,15.5,0.001,8.04
14/04/2026 20:29,15.625,0.001,8.04
14/04/2026 19:59,15.5,0.001,8.05
14/04/2026 19:29,15.625,0.001,8.05
14/04/2026 19:29,15.625,0.001,8.05
14/04/2026 18:59,15.625,0.001,8.05
14/04/2026 18:29,16.625,0.001,8.05
14/04/2026 17:59,15.875,0.001,8.05
14/04/2026 17:29,15.75,0.001,8.05
14/04/2026 16:59,15.75,0.001,8.05
14/04/2026 16:29,16.625,0.001,8.05
14/04/2026 15:59,15.625,0.001,8.05
14/04/2026 15:29,15.5,0.001,8.05
14/04/2026 14:59,15.25,0.001,8.06
14/04/2026 14:29,15.125,0.001,8.06
14/04/2026 13:59,15,0.001,8.06
14/04/2026 13:29,15,0.001,8.05
14/04/2026 12:59,14.875,0.001,8.05
14/04/2026 12:29,14.875,0.001,8.05
14/04/2026 11:59,14.75,0.001,8.05
14/04/2026 11:29,14.75,0.001,8.04
14/04/2026 10:59,14.75,0.001,8.04
14/04/2026 10:29,14.875,0.001,8.04
14/04/2026 09:59,14.875,0.001,8.04
14/04/2026 09:29,14.875,0.001,8.03
14/04/2026 08:59,15.625,0.001,8.03
14/04/2026 08:29,15.625,0.001,8.03
14/04/2026 07:59,14.875,0.001,8.03
14/04/2026 07:29,14.875,0.001,8.03
14/04/2026 07:29,14.875,0.001,8.03
14/04/2026 06:59,15,0.001,8.02
14/04/2026 06:29,14.875,0.001,8.02
14/04/2026 05:59,14.875,0.001,8.02
14/04/2026 05:29,15,0.001,8.03
14/04/2026 04:59,15,0.001,8.03
14/04/2026 04:29,15,0.001,8.03
14/04/2026 03:59,14.875,0.001,8.03
14/04/2026 03:29,14.75,0.001,8.03
14/04/2026 02:59,14.75,0.001,8.03
14/04/2026 02:29,14.875,0.001,8.03
14/04/2026 01:59,14.875,0.001,8.03
14/04/2026 01:29,14.75,0.001,8.04
14/04/2026 00:59,14.75,0.001,8.04
14/04/2026 00:29,14.75,0.001,8.04
14/04/2026 00:29,14.75,0.001,8.04
13/04/2026 23:59,14.75,0.001,8.04
13/04/2026 23:29,13.75,0.001,8.04
13/04/2026 22:59,14.75,0.001,8.04
13/04/2026 22:29,14.75,0.001,8.05
13/04/2026 21:59,14.75,0.001,8.05
13/04/2026 21:29,14.75,0.001,8.05
13/04/2026 20:59,13.75,0.001,8.05
13/04/2026 20:29,14.875,0.001,8.05
13/04/2026 19:59,14.75,0.001,8.06
13/04/2026 19:29,14.875,0.001,8.06
13/04/2026 18:59,14.75,0.001,8.06
13/04/2026 18:29,13.75,0.001,8.06
13/04/2026 18:29,13.75,0.001,8.06
13/04/2026 17:59,14.75,0.001,8.07
13/04/2026 17:29,14.875,0.001,8.07
13/04/2026 16:59,15.625,0.001,8.07
13/04/2026 16:29,14.875,0.001,8.07
13/04/2026 16:29,14.875,0.001,8.07
13/04/2026 15:59,14.875,0.001,8.07
13/04/2026 15:29,14.75,0.001,8.07
13/04/2026 14:59,14.75,0.001,8.07
13/04/2026 14:29,15.625,0.001,8.07
13/04/2026 13:59,13.75,0.001,8.06
13/04/2026 13:29,13.75,0.001,8.06
13/04/2026 12:59,14.75,0.001,8.06
13/04/2026 12:29,14.625,0.001,8.06
13/04/2026 11:59,13.75,0.001,8.06
13/04/2026 11:29,14.75,0.001,8.05
13/04/2026 10:59,14.75,0.001,8.05
13/04/2026 10:29,14.75,0.001,8.05
13/04/2026 09:59,14.75,0.001,8.05
13/04/2026 09:29,14.875,0.001,8.04
13/04/2026 08:59,14.875,0.001,8.04
13/04/2026 08:29,14.875,0.001,8.04
13/04/2026 07:59,14.875,0.001,8.04
13/04/2026 07:29,14.875,0.001,8.04
13/04/2026 06:59,15,0.001,8.04
13/04/2026 06:29,14.875,0.001,8.03
13/04/2026 05:59,15,0.001,8.04
13/04/2026 05:29,15,0.001,8.04
13/04/2026 04:59,14.875,0.001,8.04
13/04/2026 04:29,14.875,0.001,8.04
13/04/2026 03:59,14.875,0.001,8.04
13/04/2026 03:29,14.875,0.001,8.04
13/04/2026 02:59,15.625,0.001,8.04
13/04/2026 02:29,15,0.001,8.04
13/04/2026 01:59,14.75,0.001,8.05
13/04/2026 01:29,14.875,0.001,8.05
13/04/2026 00:59,13.75,0.001,8.05
13/04/2026 00:29,15.625,0.001,8.05
13/04/2026 00:29,15.625,0.001,8.05
12/04/2026 23:59,14.75,0.001,8.05
12/04/2026 23:29,15.625,0.001,8.06
12/04/2026 22:59,14.75,0.001,8.06
12/04/2026 22:29,14.75,0.001,8.06
12/04/2026 21:59,14.75,0.001,8.06
12/04/2026 21:29,14.625,0.001,8.06
12/04/2026 20:59,14.75,0.001,8.06
12/04/2026 20:29,14.75,0.001,8.07
12/04/2026 19:59,13.75,0.001,8.07
12/04/2026 19:29,15.625,0.001,8.07
12/04/2026 18:59,14.75,0.001,8.07
12/04/2026 18:29,13.75,0.001,8.08
12/04/2026 17:59,14.875,0.001,8.08
12/04/2026 17:59,14.875,0.001,8.08
12/04/2026 17:29,14.875,0.001,8.08
12/04/2026 16:59,15,0.001,8.08
12/04/2026 16:29,14.875,0.001,8.08
12/04/2026 15:59,14.875,0.001,8.08
12/04/2026 15:59,14.875,0.001,8.08
12/04/2026 15:29,14.875,0.001,8.08
12/04/2026 14:59,14.875,0.001,8.08
12/04/2026 14:29,14.875,0.001,8.07
12/04/2026 13:59,14.875,0.001,8.07
12/04/2026 13:29,14.875,0.001,8.07
12/04/2026 12:59,14.75,0.001,8.07
12/04/2026 12:29,14.75,0.001,8.06
12/04/2026 11:59,14.75,0.001,8.06
12/04/2026 11:29,14.75,0.001,8.06
12/04/2026 10:59,14.75,0.001,8.06
12/04/2026 10:29,14.875,0.001,8.06
12/04/2026 09:59,14.75,0.001,8.06
12/04/2026 09:29,14.875,0.001,8.05
12/04/2026 08:59,15,0.001,8.05
12/04/2026 08:29,14.875,0.001,8.05
12/04/2026 07:59,14.75,0.001,8.04
12/04/2026 07:29,14.75,0.001,8.04
12/04/2026 06:59,14.875,0.001,8.04
12/04/2026 06:29,15,0.001,8.04
12/04/2026 05:59,14.875,0.001,8.04
12/04/2026 05:29,14.875,0.001,8.04
12/04/2026 04:59,14.875,0.001,8.04
12/04/2026 04:29,15,0.001,8.04
12/04/2026 03:59,14.75,0.001,8.04
12/04/2026 03:29,14.875,0.001,8.04
12/04/2026 02:59,14.75,0.001,8.05
12/04/2026 02:29,14.875,0.001,8.05
12/04/2026 01:59,14.75,0.001,8.05
12/04/2026 01:29,14.875,0.001,8.05
12/04/2026 00:59,14.875,0.001,8.05
12/04/2026 00:29,15,0.001,8.05
11/04/2026 23:59,14.875,0.001,8.05
11/04/2026 23:29,15,0.001,8.06
11/04/2026 22:59,14.875,0.001,8.06
11/04/2026 22:29,15.125,0.001,8.06
11/04/2026 21:59,15,0.001,8.06
11/04/2026 21:29,15.125,0.001,8.06
11/04/2026 20:59,15.125,0.001,8.07
11/04/2026 20:29,15.375,0.001,8.07
11/04/2026 19:59,15.375,0.001,8.07
11/04/2026 19:29,15.25,0.001,8.07
11/04/2026 18:59,15.375,0.001,8.07
11/04/2026 18:29,15.375,0.001,8.08
11/04/2026 17:59,15.375,0.001,8.08
11/04/2026 17:29,15.5,0.001,8.08
11/04/2026 16:59,15.5,0.001,8.08
11/04/2026 16:29,15.375,0.001,8.08
11/04/2026 15:59,15.25,0.001,8.07
11/04/2026 15:29,15.25,0.001,8.07
11/04/2026 14:59,15.25,0.001,8.07
11/04/2026 14:29,15.25,0.001,8.07
11/04/2026 13:59,15.125,0.001,8.07
11/04/2026 13:29,15,0.001,8.06
11/04/2026 12:59,15.125,0.001,8.06
11/04/2026 12:29,15.125,0.001,8.06
11/04/2026 11:59,15,0.001,8.06
11/04/2026 11:29,14.875,0.001,8.06
11/04/2026 10:59,14.875,0.001,8.05
11/04/2026 10:29,14.875,0.001,8.05
11/04/2026 09:59,14.875,0.001,8.05
11/04/2026 09:29,15,0.001,8.05
11/04/2026 08:59,14.75,0.001,8.04
11/04/2026 08:29,15,0.001,8.04
11/04/2026 07:59,14.875,0.001,8.04
11/04/2026 07:29,14.875,0.001,8.04
11/04/2026 06:59,14.75,0.001,8.03
11/04/2026 06:29,14.875,0.001,8.03
11/04/2026 05:59,14.875,0.001,8.03
11/04/2026 05:29,14.875,0.001,8.03
11/04/2026 04:59,14.875,0.001,8.03
11/04/2026 04:29,14.875,0.001,8.03
11/04/2026 03:59,14.75,0.001,8.03
11/04/2026 03:29,15,0.001,8.03
11/04/2026 02:59,15,0.001,8.04
11/04/2026 02:29,14.75,0.001,8.04
11/04/2026 01:59,15,0.001,8.04
11/04/2026 01:29,14.875,0.001,8.04
11/04/2026 00:59,15,0.001,8.04
11/04/2026 00:29,15,0.001,8.04
10/04/2026 23:59,14.75,0.001,8.04
10/04/2026 23:29,14.875,0.001,8.04
10/04/2026 22:59,15.125,0.001,8.05
10/04/2026 22:29,15,0.001,8.04
10/04/2026 21:59,15,0.001,8.05
10/04/2026 21:29,15.25,0.001,8.05
10/04/2026 20:59,15.25,0.001,8.05
10/04/2026 20:29,15.25,0.001,8.05
10/04/2026 19:59,15.25,0.001,8.05
10/04/2026 19:29,15.25,0.001,8.06
10/04/2026 18:59,15.25,0.001,8.06
10/04/2026 18:29,15.375,0.001,8.06
10/04/2026 17:59,15.375,0.001,8.06
10/04/2026 17:29,15.375,0.001,8.06
10/04/2026 16:59,15.375,0.001,8.06
10/04/2026 16:29,15.375,0.001,8.06
10/04/2026 15:59,15.25,0.001,8.06
10/04/2026 15:29,15.375,0.001,8.06
10/04/2026 14:59,15.25,0.001,8.06
10/04/2026 14:29,15,0.001,8.05
10/04/2026 13:59,15.125,0.001,8.05
10/04/2026 13:59,15.125,0.001,8.05
10/04/2026 13:29,15,0.001,8.05
10/04/2026 12:59,15.125,0.001,8.05
10/04/2026 12:29,14.875,0.001,8.05
10/04/2026 11:59,15,0.001,8.05
10/04/2026 11:29,15,0.001,8.04
10/04/2026 10:59,15,0.001,8.04
10/04/2026 10:29,15,0.001,8.04
10/04/2026 09:59,15,0.001,8.04
10/04/2026 09:29,15,0.001,8.03
10/04/2026 08:59,14.875,0.001,8.03
10/04/2026 08:29,14.875,0.001,8.03
10/04/2026 07:59,14.75,0.001,8.03
10/04/2026 07:59,14.75,0.001,8.03
10/04/2026 07:29,15,0.001,8.02
10/04/2026 06:59,15,0.001,8.02
10/04/2026 06:29,15,0.001,8.02
10/04/2026 05:59,15.125,0.001,8.02
10/04/2026 05:29,15,0.001,8.02
10/04/2026 04:59,15,0.001,8.02
10/04/2026 04:29,15,0.001,8.02
10/04/2026 03:59,14.875,0.001,8.03
10/04/2026 03:59,14.875,0.001,8.03
10/04/2026 03:29,15,0.001,8.03
10/04/2026 02:59,14.875,0.001,8.03
10/04/2026 02:29,15,0.001,8.03
10/04/2026 01:59,15,0.001,8.03
10/04/2026 01:29,14.875,0.001,8.03
10/04/2026 00:59,15,0.001,8.03
10/04/2026 00:29,15,0.001,8.03
09/04/2026 23:59,14.75,0.001,8.03
09/04/2026 23:29,14.875,0.001,8.03
09/04/2026 22:59,15,0.001,8.03
09/04/2026 22:29,15,0.001,8.03
09/04/2026 21:59,14.75,0.001,8.03
09/04/2026 21:29,14.875,0.001,8.03
09/04/2026 20:59,15.125,0.001,8.03
09/04/2026 20:29,15.125,0.001,8.04
09/04/2026 19:59,15.125,0.001,8.04
09/04/2026 19:29,15.25,0.001,8.04
09/04/2026 18:59,15.25,0.001,8.04
09/04/2026 18:29,15.25,0.001,8.04
09/04/2026 17:59,15.375,0.001,8.04
09/04/2026 17:29,15.375,0.001,8.04
09/04/2026 16:59,15.25,0.001,8.04
09/04/2026 16:29,15.25,0.001,8.04
09/04/2026 15:59,15.25,0.001,8.04
09/04/2026 15:29,15,0.001,8.04
09/04/2026 14:59,15.125,0.001,8.03
09/04/2026 14:29,15,0.001,8.03
09/04/2026 13:59,15.125,0.001,8.03
09/04/2026 13:29,15,0.001,8.03
09/04/2026 12:59,15,0.001,8.03
09/04/2026 12:29,14.875,0.001,8.02
09/04/2026 11:59,15,0.001,8.02
09/04/2026 11:29,14.875,0.001,8.02
09/04/2026 10:59,15,0.001,8.02
09/04/2026 10:29,14.875,0.001,8.02
09/04/2026 09:59,15,0.001,8.02
09/04/2026 09:29,15,0.001,8.01
09/04/2026 08:59,15,0.001,8.01
09/04/2026 08:51,14.875,0.001,8.01
09/04/2026 08:29,15.125,0.001,8.01
09/04/2026 07:59,15,0.001,8.01
09/04/2026 07:29,15.125,0.001,8.01
09/04/2026 06:59,15,0.001,8.01
09/04/2026 06:29,15.125,0.001,8
09/04/2026 05:59,15.125,0.001,8
09/04/2026 05:29,15,0.001,8
09/04/2026 04:59,14.875,0.001,8
09/04/2026 04:29,15,0.001,8
09/04/2026 03:59,15.125,0.001,8
09/04/2026 03:29,15,0.001,8
09/04/2026 02:59,15,0.001,8
09/04/2026 02:29,14.75,0.001,8
09/04/2026 01:59,14.875,0.001,8
09/04/2026 01:29,14.75,0.001,8
09/04/2026 00:59,15,0.001,8
09/04/2026 00:29,14.875,0.001,8
08/04/2026 23:59,14.875,0.001,8
08/04/2026 23:29,14.75,0.001,8
08/04/2026 22:59,14.875,0.001,8
08/04/2026 22:29,14.875,0.001,8
08/04/2026 22:29,14.875,0.001,8
08/04/2026 21:59,13.875,0.001,8
08/04/2026 21:29,13.75,0.001,8
08/04/2026 20:59,15.625,0.001,8
08/04/2026 20:29,15.5,0.001,8
08/04/2026 19:59,15.625,0.001,8
08/04/2026 19:29,14.5,0.001,8
08/04/2026 18:59,15.625,0.001,8
08/04/2026 18:29,14.75,0.001,8
08/04/2026 17:59,13.75,0.001,8
08/04/2026 17:29,14.625,0.001,8
08/04/2026 16:59,14.625,0.001,8
08/04/2026 16:29,14.75,0.001,8
08/04/2026 16:25,13.75,0.001,8
08/04/2026 14:29,14.75,0.001,7.99
08/04/2026 13:59,14.875,0.001,7.99
08/04/2026 13:29,14.75,0.001,7.98
08/04/2026 12:59,14.875,0.001,7.99
08/04/2026 12:59,14.875,0.001,7.99
08/04/2026 12:29,15,0.001,7.98
08/04/2026 11:59,14.875,0.001,7.98
08/04/2026 11:29,14.875,0.001,7.98
08/04/2026 10:59,15,0.001,7.98
08/04/2026 10:29,15,0.001,7.97
08/04/2026 10:29,15,0.001,7.97
08/04/2026 09:59,15.125,0.001,7.97
08/04/2026 09:29,15,0.001,7.97
08/04/2026 08:59,15,0.001,7.97
08/04/2026 08:29,15.25,0.001,7.96
08/04/2026 07:59,15,0.001,7.96
08/04/2026 07:29,15.25,0.001,7.95
08/04/2026 06:59,15.125,0.001,7.95
08/04/2026 06:29,15.25,0.001,7.95
08/04/2026 05:59,15.25,0.001,7.95
08/04/2026 05:29,15.25,0.001,7.94
08/04/2026 04:59,15.25,0.001,7.94
08/04/2026 04:29,15.25,0.001,7.94
08/04/2026 03:59,15.125,0.001,7.94
08/04/2026 03:29,15.25,0.001,7.94
08/04/2026 02:59,15.25,0.001,7.94
08/04/2026 02:29,15.25,0.001,7.93
08/04/2026 02:29,15.25,0.001,7.93
08/04/2026 01:59,15.25,0.001,7.93
08/04/2026 01:29,15.25,0.001,7.93
08/04/2026 00:59,15.375,0.001,7.93
08/04/2026 00:29,15.375,0.001,7.93
07/04/2026 23:59,15.375,0.001,7.93
07/04/2026 23:29,15.5,0.001,7.93
07/04/2026 22:59,15.5,0.001,7.94
07/04/2026 22:29,15.625,0.001,7.94
07/04/2026 21:59,15.625,0.001,7.94
07/04/2026 21:29,14.75,0.001,7.94
07/04/2026 20:59,15.875,0.001,7.95
07/04/2026 20:29,15.875,0.001,7.95
07/04/2026 19:59,15.875,0.001,7.96
07/04/2026 19:29,16.125,0.001,7.96
07/04/2026 18:59,16.125,0.001,7.97
07/04/2026 18:29,16.125,0.001,7.98
07/04/2026 17:59,16.25,0.001,7.99
07/04/2026 17:29,16.375,0.001,8
07/04/2026 16:59,16.375,0.001,8.01
07/04/2026 16:29,16.625,0.001,8.02
07/04/2026 15:59,17.5,0.001,8.03
07/04/2026 15:29,16.625,0.001,8.03
07/04/2026 14:59,15.375,0.001,8.03
07/04/2026 14:29,15.375,0.001,8.04
07/04/2026 13:59,15.25,0.001,8.04
07/04/2026 13:29,15.125,0.001,8.04
07/04/2026 12:59,15.375,0.001,8.04
07/04/2026 12:29,15.25,0.001,8.04
07/04/2026 11:59,15.125,0.001,8.03
07/04/2026 11:29,15.125,0.001,8.03
07/04/2026 10:59,15,0.001,8.03
07/04/2026 10:29,15,0.001,8.03
07/04/2026 10:29,15,0.001,8.03
07/04/2026 09:59,14.875,0.001,8.02
07/04/2026 09:29,15,0.001,8.02
07/04/2026 08:59,14.875,0.001,8.02
07/04/2026 08:29,15,0.001,8.02
07/04/2026 07:59,15,0.001,8.02
07/04/2026 07:29,14.875,0.001,8.01
07/04/2026 06:59,15,0.001,8.01
07/04/2026 06:29,14.875,0.001,8.01
07/04/2026 05:59,15,0.001,8.01
07/04/2026 05:29,14.875,0.001,8.01
07/04/2026 04:59,14.875,0.001,8.02
07/04/2026 04:29,15,0.001,8.02
07/04/2026 03:59,15,0.001,8.02
07/04/2026 03:59,15,0.001,8.02
07/04/2026 03:29,15,0.001,8.02
07/04/2026 02:59,15,0.001,8.02
07/04/2026 02:29,15,0.001,8.02
07/04/2026 01:59,14.875,0.001,8.02
07/04/2026 01:29,15.125,0.001,8.03
07/04/2026 00:59,15,0.001,8.03
07/04/2026 00:29,15.125,0.001,8.03
06/04/2026 23:59,15.125,0.001,8.03
06/04/2026 23:29,15.125,0.001,8.03
06/04/2026 23:29,15.125,0.001,8.03
06/04/2026 22:59,15.25,0.001,8.04
06/04/2026 22:29,15.25,0.001,8.04
06/04/2026 21:59,15.25,0.001,8.04
06/04/2026 21:29,15.375,0.001,8.04
06/04/2026 20:59,15.375,0.001,8.04
06/04/2026 20:29,15.375,0.001,8.04
06/04/2026 19:59,15.5,0.001,8.05
06/04/2026 19:29,15.5,0.001,8.05
06/04/2026 18:59,15.5,0.001,8.05
06/04/2026 18:59,15.5,0.001,8.05
06/04/2026 18:29,15.625,0.001,8.05
06/04/2026 17:59,14.75,0.001,8.06
06/04/2026 17:29,15.75,0.001,8.06
06/04/2026 16:59,15.625,0.001,8.05
06/04/2026 16:29,15.5,0.001,8.05
06/04/2026 15:59,15.625,0.001,8.05
06/04/2026 15:29,15.5,0.001,8.05
06/04/2026 14:59,15.375,0.001,8.05
06/04/2026 14:29,15.375,0.001,8.05
06/04/2026 13:59,15.25,0.001,8.04
06/04/2026 13:29,15.375,0.001,8.04
06/04/2026 12:59,15.25,0.001,8.04
06/04/2026 12:29,15.125,0.001,8.03
06/04/2026 11:59,15.125,0.001,8.03
06/04/2026 11:29,15.25,0.001,8.03
06/04/2026 10:59,15,0.001,8.03
06/04/2026 10:29,15.125,0.001,8.02
06/04/2026 09:59,15,0.001,8.02
06/04/2026 09:29,14.875,0.001,8.02
06/04/2026 08:59,15,0.001,8.02
06/04/2026 08:29,15.125,0.001,8.02
06/04/2026 07:59,15,0.001,8.01
06/04/2026 07:29,15,0.001,8.01
06/04/2026 06:59,15,0.001,8.01
06/04/2026 06:29,15.125,0.001,8.01
06/04/2026 05:59,14.875,0.001,8.01
06/04/2026 05:29,14.75,0.001,8.01
06/04/2026 04:59,15,0.001,8.01
06/04/2026 04:59,15,0.001,8.01
06/04/2026 04:29,15.125,0.001,8.02
06/04/2026 03:59,15.125,0.001,8.02
06/04/2026 03:29,15,0.001,8.02
06/04/2026 02:59,15.125,0.001,8.02
06/04/2026 02:29,15.125,0.001,8.02
06/04/2026 01:59,15,0.001,8.02
06/04/2026 01:29,15,0.001,8.02
06/04/2026 00:59,15.125,0.001,8.03
06/04/2026 00:29,15.125,0.001,8.03
05/04/2026 23:59,15.125,0.001,8.03
05/04/2026 23:29,15.25,0.001,8.03
05/04/2026 22:59,15.25,0.001,8.03
05/04/2026 22:29,15.25,0.001,8.03
05/04/2026 21:59,15.375,0.001,8.04
05/04/2026 21:29,15.375,0.001,8.04
05/04/2026 20:59,15.375,0.001,8.04
05/04/2026 20:29,15.5,0.001,8.04
05/04/2026 19:59,15.375,0.001,8.04
05/04/2026 19:29,15.5,0.001,8.05
05/04/2026 18:59,15.75,0.001,8.05
05/04/2026 18:29,15.75,0.001,8.05
05/04/2026 17:59,14.75,0.001,8.05
05/04/2026 17:29,15.625,0.001,8.05
05/04/2026 16:59,15.5,0.001,8.05
05/04/2026 16:29,15.375,0.001,8.05
05/04/2026 15:59,15.5,0.001,8.05
05/04/2026 15:29,15.375,0.001,8.04
05/04/2026 14:59,15.375,0.001,8.04
05/04/2026 14:29,15.375,0.001,8.04
05/04/2026 14:29,15.375,0.001,8.04
05/04/2026 13:59,15.25,0.001,8.04
05/04/2026 13:29,15.25,0.001,8.04
05/04/2026 12:59,15.25,0.001,8.03
05/04/2026 12:29,15.375,0.001,8.03
05/04/2026 11:59,15.375,0.001,8.03
05/04/2026 11:29,15.125,0.001,8.02
05/04/2026 10:59,15.125,0.001,8.02
05/04/2026 10:29,15.125,0.001,8.02
05/04/2026 09:59,15,0.001,8.02
05/04/2026 09:29,15.125,0.001,8.02
05/04/2026 08:59,15.125,0.001,8.01
05/04/2026 08:29,15.125,0.001,8.01
05/04/2026 07:59,15,0.001,8.01
05/04/2026 07:29,15.125,0.001,8.01
05/04/2026 06:59,15.125,0.001,8.01
05/04/2026 06:29,15.125,0.001,8
05/04/2026 05:59,15.125,0.001,8.01
05/04/2026 05:29,15.125,0.001,8.01
05/04/2026 04:59,14.875,0.001,8.01
05/04/2026 04:59,14.875,0.001,8.01
05/04/2026 04:29,14.875,0.001,8.01
05/04/2026 03:59,15,0.001,8.01
05/04/2026 03:29,15.25,0.001,8.01
05/04/2026 02:59,15,0.001,8.01
05/04/2026 02:29,15,0.001,8.02
05/04/2026 01:59,15,0.001,8.02
05/04/2026 01:29,15.25,0.001,8.02
05/04/2026 00:59,15,0.001,8.02
05/04/2026 00:29,15,0.001,8.02
04/04/2026 23:59,15.25,0.001,8.02
04/04/2026 23:29,15.125,0.001,8.03
04/04/2026 22:59,15.375,0.001,8.03
04/04/2026 22:29,15.25,0.001,8.03
04/04/2026 21:59,15.375,0.001,8.03
04/04/2026 21:29,15.375,0.001,8.03
04/04/2026 20:59,15.375,0.001,8.03
04/04/2026 20:29,15.5,0.001,8.04
04/04/2026 19:59,15.5,0.001,8.04
04/04/2026 19:29,15.375,0.001,8.04
04/04/2026 18:59,15.5,0.001,8.04
04/04/2026 18:29,15.625,0.001,8.04
04/04/2026 17:59,15.5,0.001,8.05
04/04/2026 17:29,15.625,0.001,8.04
04/04/2026 16:59,15.625,0.001,8.04
04/04/2026 16:29,15.5,0.001,8.04
04/04/2026 15:59,15.375,0.001,8.04
04/04/2026 15:29,15.375,0.001,8.04
04/04/2026 14:59,15.375,0.001,8.03
04/04/2026 14:29,15.375,0.001,8.03
04/04/2026 13:59,15.375,0.001,8.03
04/04/2026 13:29,15.25,0.001,8.03
04/04/2026 12:59,15.375,0.001,8.02
04/04/2026 12:29,15.25,0.001,8.02
04/04/2026 11:59,15.125,0.001,8.02
04/04/2026 11:29,15.25,0.001,8.02
04/04/2026 10:59,15.125,0.001,8.01
04/04/2026 10:29,15,0.001,8.01
04/04/2026 09:59,15.125,0.001,8.01
04/04/2026 09:59,15.125,0.001,8.01
04/04/2026 09:29,15,0.001,8.01
04/04/2026 08:59,15,0.001,8
04/04/2026 08:29,15.125,0.001,8
04/04/2026 07:59,15,0.001,8
04/04/2026 07:29,15.125,0.001,8
04/04/2026 06:59,15,0.001,8
04/04/2026 06:29,15,0.001,8
04/04/2026 05:59,15,0.001,8
04/04/2026 05:29,15.125,0.001,8
04/04/2026 04:59,15.125,0.001,8
04/04/2026 04:29,15.125,0.001,8
04/04/2026 04:29,15.125,0.001,8
04/04/2026 03:59,15,0.001,8
04/04/2026 03:59,15,0.001,8
04/04/2026 03:29,15.125,0.001,8
04/04/2026 02:59,15,0.001,8
04/04/2026 02:29,15.125,0.001,8.01
04/04/2026 02:29,15.125,0.001,8.01
04/04/2026 01:59,15,0.001,8.01
04/04/2026 01:29,15.125,0.001,8.01
04/04/2026 00:59,15.125,0.001,8.01
04/04/2026 00:29,15.125,0.001,8.01
03/04/2026 23:59,15.25,0.001,8.01
03/04/2026 23:29,15.125,0.001,8.01
03/04/2026 22:59,15.375,0.001,8.02
03/04/2026 22:29,15.375,0.001,8.02
03/04/2026 21:59,15.5,0.001,8.02
03/04/2026 21:29,15.5,0.001,8.02
03/04/2026 21:29,15.5,0.001,8.02
03/04/2026 20:59,15.375,0.001,8.02
03/04/2026 20:29,15.5,0.001,8.03
03/04/2026 19:59,15.5,0.001,8.03
03/04/2026 19:29,16.625,0.001,8.03
03/04/2026 18:59,15.625,0.001,8.03
03/04/2026 18:29,14.75,0.001,8.03
03/04/2026 17:59,15.625,0.001,8.03
03/04/2026 17:29,16.5,0.001,8.03
03/04/2026 17:25,15.625,0.001,8.03
03/04/2026 16:29,15.5,0.001,8.03
03/04/2026 15:59,15.5,0.001,8.03
03/04/2026 15:29,15.5,0.001,8.03
03/04/2026 14:59,15.25,0.001,8.02
03/04/2026 14:29,15.25,0.001,8.02
03/04/2026 13:59,15.25,0.001,8.02
03/04/2026 13:29,15.125,0.001,8.01
03/04/2026 12:59,15.125,0.001,8.01
03/04/2026 12:29,15.125,0.001,8.01
03/04/2026 11:59,14.875,0.001,8.01
03/04/2026 11:29,15,0.001,8
03/04/2026 10:59,14.875,0.001,8
03/04/2026 10:29,14.75,0.001,8
03/04/2026 09:59,14.875,0.001,8
03/04/2026 09:29,15,0.001,7.99
03/04/2026 08:59,14.875,0.001,7.99
03/04/2026 08:29,15,0.001,7.99
03/04/2026 07:59,15,0.001,7.99
03/04/2026 07:29,15,0.001,7.99
03/04/2026 06:59,15,0.001,7.98
03/04/2026 06:29,15.125,0.001,7.99
03/04/2026 05:59,15,0.001,7.99
03/04/2026 05:29,15.125,0.001,7.99
03/04/2026 04:59,15.125,0.001,7.99
03/04/2026 04:59,15.125,0.001,7.99
03/04/2026 04:29,15.125,0.001,7.99
03/04/2026 03:59,15,0.001,7.99
03/04/2026 03:55,15.125,0.001,7.99
03/04/2026 03:29,15.125,0.001,7.99
03/04/2026 02:59,15,0.001,7.99
03/04/2026 02:29,15.125,0.001,8
03/04/2026 02:29,15.125,0.001,8
03/04/2026 01:59,15.25,0.001,8
03/04/2026 01:29,15.25,0.001,8
03/04/2026 00:59,15.25,0.001,8
03/04/2026 00:29,15.25,0.001,8
02/04/2026 23:59,15.375,0.001,8
02/04/2026 23:29,15.5,0.001,8
02/04/2026 22:59,15.5,0.001,8.01
02/04/2026 22:29,15.375,0.001,8.01
02/04/2026 21:59,15.5,0.001,8.01
02/04/2026 21:29,15.5,0.001,8.01
02/04/2026 20:59,15.625,0.001,8.01
02/04/2026 20:59,15.625,0.001,8.01
02/04/2026 20:29,15.625,0.001,8.02
02/04/2026 19:59,16.625,0.001,8.02
02/04/2026 19:29,16.625,0.001,8.02
02/04/2026 18:59,15.75,0.001,8.02
02/04/2026 18:29,16.625,0.001,8.02
02/04/2026 17:59,16.625,0.001,8.02
02/04/2026 17:29,16.625,0.001,8.02
02/04/2026 16:59,15.625,0.001,8.02
02/04/2026 16:59,15.625,0.001,8.02
02/04/2026 16:29,15.625,0.001,8.02
02/04/2026 15:59,15.5,0.001,8.02
02/04/2026 15:29,15.5,0.001,8.01
02/04/2026 14:59,15.375,0.001,8.01
02/04/2026 14:29,15.5,0.001,8.01
02/04/2026 13:59,15.375,0.001,8
02/04/2026 13:29,15.25,0.001,8
02/04/2026 12:59,15.25,0.001,8
02/04/2026 12:29,15,0.001,7.99
02/04/2026 11:59,15.125,0.001,7.99
02/04/2026 11:29,15.125,0.001,7.99
02/04/2026 10:59,15.125,0.001,7.99
02/04/2026 10:29,15,0.001,7.98
02/04/2026 10:29,15,0.001,7.98
02/04/2026 09:59,14.875,0.001,7.98
02/04/2026 09:29,15,0.001,7.98
02/04/2026 08:59,15,0.001,7.97
02/04/2026 08:29,15,0.001,7.97
02/04/2026 07:59,15.125,0.001,7.97
02/04/2026 07:29,15.125,0.001,7.97
02/04/2026 06:59,15,0.001,7.96
02/04/2026 06:29,15.25,0.001,7.96
02/04/2026 05:59,15.25,0.001,7.96
02/04/2026 05:29,15.25,0.001,7.97
02/04/2026 04:59,15.25,0.001,7.97
02/04/2026 04:29,15.125,0.001,7.97
02/04/2026 03:59,15.25,0.001,7.97
02/04/2026 03:29,15.25,0.001,7.97
02/04/2026 03:29,15.25,0.001,7.97
02/04/2026 02:59,15.25,0.001,7.97
02/04/2026 02:29,15.25,0.001,7.97
02/04/2026 01:59,15.25,0.001,7.97
02/04/2026 01:29,15.25,0.001,7.97
02/04/2026 00:59,15.125,0.001,7.98
02/04/2026 00:29,15.25,0.001,7.98
01/04/2026 23:59,15.25,0.001,7.98
01/04/2026 23:29,15.25,0.001,7.98
01/04/2026 22:59,15.25,0.001,7.98
01/04/2026 22:29,15.5,0.001,7.98
01/04/2026 21:59,15.375,0.001,7.98
01/04/2026 21:29,15.375,0.001,7.99
01/04/2026 20:59,15.5,0.001,7.99
01/04/2026 20:29,15.5,0.001,7.99
01/04/2026 19:59,15.5,0.001,7.99
01/04/2026 19:29,16.5,0.001,7.99
01/04/2026 18:59,14.75,0.001,7.99
01/04/2026 18:29,15.75,0.001,7.99
01/04/2026 17:59,15.75,0.001,8
01/04/2026 17:29,15.75,0.001,7.99
01/04/2026 17:24,15.875,0.001,7.99
01/04/2026 16:59,15.625,0.001,7.99
01/04/2026 16:29,15.625,0.001,7.99
01/04/2026 15:59,15.625,0.001,7.99
01/04/2026 15:29,14.75,0.001,7.98
01/04/2026 14:59,15.625,0.001,7.98
01/04/2026 14:29,15.5,0.001,7.98
01/04/2026 13:59,15.5,0.001,7.97
01/04/2026 13:29,15.5,0.001,7.97
01/04/2026 12:59,15.5,0.001,7.97
01/04/2026 12:29,15.5,0.001,7.96
01/04/2026 11:59,15.25,0.001,7.96
01/04/2026 11:29,15.25,0.001,7.95
01/04/2026 10:59,15.25,0.001,7.95
01/04/2026 10:29,15.125,0.001,7.95
01/04/2026 09:59,15.375,0.001,7.94
01/04/2026 09:59,15.375,0.001,8.62
28/03/2026 11:29,15.75,0.001,7.97
28/03/2026 10:59,15.75,0.001,7.97
28/03/2026 10:29,15.875,0.001,7.96
28/03/2026 09:59,16.5,0.001,7.96
28/03/2026 09:29,16.625,0.001,7.95
28/03/2026 08:59,15.75,0.001,7.95
28/03/2026 08:29,14.75,0.001,7.95
28/03/2026 07:59,14.75,0.001,7.94
28/03/2026 07:29,15.625,0.001,7.94
28/03/2026 06:59,15.5,0.001,7.94
28/03/2026 06:29,15.75,0.001,7.95
28/03/2026 05:59,15.75,0.001,7.95
28/03/2026 05:29,15.625,0.001,7.95
28/03/2026 04:59,15.625,0.001,7.95
28/03/2026 04:29,15.625,0.001,7.95
28/03/2026 03:59,15.75,0.001,7.95
28/03/2026 03:29,14.75,0.001,7.95
28/03/2026 02:59,15.625,0.001,7.96
28/03/2026 02:29,16.625,0.001,7.96
28/03/2026 01:59,16.625,0.001,7.96
28/03/2026 01:29,14.75,0.001,7.96
28/03/2026 00:59,15.625,0.001,7.96
28/03/2026 00:29,15.625,0.001,7.97
27/03/2026 23:59,15.75,0.001,7.97
27/03/2026 23:29,15.75,0.001,7.97
27/03/2026 22:59,15.625,0.001,7.97
27/03/2026 22:29,15.625,0.001,7.98
27/03/2026 21:59,14.75,0.001,7.98
27/03/2026 21:29,15.75,0.001,7.98
27/03/2026 20:59,15.875,0.001,7.99
27/03/2026 20:29,15.625,0.001,7.99
27/03/2026 19:59,15.75,0.001,7.99
27/03/2026 19:59,15.75,0.001,7.99
27/03/2026 19:29,15.75,0.001,7.99
27/03/2026 18:59,16.625,0.001,8
27/03/2026 18:29,15.75,0.001,7.99
27/03/2026 17:59,16,0.001,8
27/03/2026 17:29,15.875,0.001,7.99
27/03/2026 16:59,15.875,0.001,7.99
27/03/2026 16:29,15.875,0.001,7.99
27/03/2026 15:59,15.875,0.001,7.98
27/03/2026 15:29,15.875,0.001,7.98
27/03/2026 14:59,15.875,0.001,7.98
27/03/2026 14:29,15.875,0.001,7.97
27/03/2026 13:59,16,0.001,7.97
27/03/2026 13:29,15.875,0.001,7.96
27/03/2026 12:59,15.75,0.001,7.96
27/03/2026 12:29,15.875,0.001,7.95
27/03/2026 11:59,15.75,0.001,7.95
27/03/2026 11:29,15.875,0.001,7.94
27/03/2026 10:59,15.875,0.001,7.94
27/03/2026 10:29,15.75,0.001,7.93
27/03/2026 09:59,16.625,0.001,7.93
27/03/2026 09:55,15.75,0.001,7.93
27/03/2026 09:29,15.75,0.001,7.92
27/03/2026 08:59,15.75,0.001,7.92
27/03/2026 08:29,15.75,0.001,7.91
27/03/2026 07:59,15.75,0.001,7.91
27/03/2026 07:29,15.625,0.001,7.9
27/03/2026 06:59,15.75,0.001,7.9
27/03/2026 06:29,15.75,0.001,7.9
27/03/2026 05:59,16.625,0.001,7.9
27/03/2026 05:29,15.625,0.001,7.9
27/03/2026 04:59,15.75,0.001,7.9
27/03/2026 04:29,15.625,0.001,7.9
27/03/2026 03:59,15.625,0.001,7.9
27/03/2026 03:29,14.75,0.001,7.9
27/03/2026 02:59,15.5,0.001,7.9
27/03/2026 02:29,15.625,0.001,7.9
27/03/2026 01:59,15.75,0.001,7.9
27/03/2026 01:29,15.625,0.001,7.9
27/03/2026 00:59,15.625,0.001,7.9
27/03/2026 00:29,15.75,0.001,7.9
26/03/2026 23:59,15.75,0.001,7.89
26/03/2026 23:29,15.875,0.001,7.89
26/03/2026 22:59,15.75,0.001,7.89
26/03/2026 22:29,15.75,0.001,7.89
26/03/2026 21:59,15.875,0.001,7.9
26/03/2026 21:29,16,0.001,7.89
26/03/2026 20:59,15.875,0.001,7.89
26/03/2026 20:29,15.75,0.001,7.89
26/03/2026 19:59,16.125,0.001,7.89
26/03/2026 19:29,16,0.001,7.89
26/03/2026 18:59,16,0.001,7.89
26/03/2026 18:29,16.125,0.001,7.89
26/03/2026 17:59,16.25,0.001,7.88
26/03/2026 17:29,16.125,0.001,7.88
26/03/2026 16:59,16.125,0.001,7.87
26/03/2026 16:29,16.25,0.001,7.86
26/03/2026 15:59,16.125,0.001,7.86
26/03/2026 15:29,16.125,0.001,7.86
26/03/2026 14:59,15.875,0.001,7.85
26/03/2026 14:29,16.125,0.001,7.85
26/03/2026 13:59,16,0.001,7.85
26/03/2026 13:29,16,0.001,7.86
26/03/2026 13:29,16,0.001,7.86
26/03/2026 12:59,16,0.001,7.87
26/03/2026 12:29,15.875,0.001,7.89
26/03/2026 11:59,15.875,0.001,7.91
26/03/2026 11:29,15.75,0.001,7.94
26/03/2026 10:59,15.75,0.001,7.95
26/03/2026 10:29,15.875,0.001,7.96
26/03/2026 09:59,15.75,0.001,7.96
26/03/2026 09:29,15.75,0.001,7.95
26/03/2026 08:59,16.625,0.001,7.95
26/03/2026 08:29,16.625,0.001,7.95
26/03/2026 07:59,15.625,0.001,7.94
26/03/2026 07:29,15.75,0.001,7.94
26/03/2026 06:59,15.625,0.001,7.94
26/03/2026 06:29,15.75,0.001,7.94
26/03/2026 05:59,15.625,0.001,7.95
26/03/2026 05:29,16.625,0.001,7.95
26/03/2026 04:59,15.625,0.001,7.95
26/03/2026 04:29,15.625,0.001,7.95
26/03/2026 03:59,14.75,0.001,7.95
26/03/2026 03:29,16.625,0.001,7.95
26/03/2026 02:59,15.625,0.001,7.95
26/03/2026 02:59,15.625,0.001,7.95
26/03/2026 02:29,15.625,0.001,7.96
26/03/2026 01:59,15.625,0.001,7.96
26/03/2026 01:29,14.75,0.001,7.96
26/03/2026 00:59,15.625,0.001,7.96
26/03/2026 00:29,15.625,0.001,7.97
25/03/2026 23:59,15.625,0.001,7.97
25/03/2026 23:29,15.625,0.001,7.97
25/03/2026 22:59,15.625,0.001,7.97
25/03/2026 22:29,15.5,0.001,7.98
25/03/2026 21:59,16.625,0.001,7.98
25/03/2026 21:29,16.625,0.001,7.98
25/03/2026 20:59,14.75,0.001,7.98
25/03/2026 20:59,14.75,0.001,7.98
25/03/2026 20:29,16.625,0.001,7.99
25/03/2026 19:59,15.75,0.001,7.99
25/03/2026 19:29,15.875,0.001,7.99
25/03/2026 18:59,15.875,0.001,8
25/03/2026 18:29,15.875,0.001,7.99
25/03/2026 17:59,16,0.001,8
25/03/2026 17:29,16.125,0.001,8
25/03/2026 17:29,16.125,0.001,8
25/03/2026 16:59,15.875,0.001,7.99
25/03/2026 16:29,15.875,0.001,7.99
25/03/2026 15:59,16,0.001,7.99
25/03/2026 15:29,15.875,0.001,7.98
25/03/2026 14:59,16,0.001,7.98
25/03/2026 14:29,16,0.001,7.98
25/03/2026 13:59,15.875,0.001,7.98
25/03/2026 13:29,15.875,0.001,7.98
25/03/2026 12:59,15.75,0.001,7.98
25/03/2026 12:29,15.75,0.001,7.97
25/03/2026 11:59,15.75,0.001,7.97
25/03/2026 11:29,15.75,0.001,7.96
25/03/2026 10:59,14.75,0.001,7.96
25/03/2026 10:29,15.625,0.001,7.95
25/03/2026 09:59,15.75,0.001,7.95
25/03/2026 09:29,15.625,0.001,7.94
25/03/2026 08:59,15.625,0.001,7.94
25/03/2026 08:29,16.625,0.001,7.94
25/03/2026 07:59,15.625,0.001,7.93
25/03/2026 07:29,15.5,0.001,7.93
25/03/2026 06:59,15.625,0.001,7.93
25/03/2026 06:29,15.625,0.001,7.93
25/03/2026 05:59,15.5,0.001,7.93
25/03/2026 05:29,15.375,0.001,7.93
25/03/2026 04:59,15.5,0.001,7.93
25/03/2026 04:29,15.5,0.001,7.93
25/03/2026 03:59,15.5,0.001,7.93
25/03/2026 03:29,15.625,0.001,7.93
25/03/2026 02:59,15.5,0.001,7.94
25/03/2026 02:29,15.5,0.001,7.94
25/03/2026 01:59,15.5,0.001,7.94
25/03/2026 01:29,15.5,0.001,7.94
25/03/2026 00:59,15.375,0.001,7.94
25/03/2026 00:29,15.5,0.001,7.94
24/03/2026 23:59,15.375,0.001,7.94
24/03/2026 23:29,15.625,0.001,7.94
24/03/2026 22:59,15.5,0.001,7.94
24/03/2026 22:29,15.625,0.001,7.95
24/03/2026 21:59,15.375,0.001,7.95
24/03/2026 21:29,15.375,0.001,7.95
24/03/2026 20:59,15.5,0.001,7.95
24/03/2026 20:29,15.375,0.001,7.96
24/03/2026 19:59,15.5,0.001,7.96
24/03/2026 19:29,15.5,0.001,7.96
24/03/2026 18:59,15.5,0.001,7.96
24/03/2026 18:29,15.5,0.001,7.96
24/03/2026 17:59,15.625,0.001,7.96
24/03/2026 17:57,16.625,0.001,7.96
24/03/2026 17:57,14.75,0.001,7.96
24/03/2026 17:57,14.75,0.001,8.65
24/03/2026 17:29,15.625,0.001,7.96
24/03/2026 16:59,15.625,0.001,7.97
24/03/2026 16:29,15.5,0.001,7.98
24/03/2026 15:59,15.5,0.001,7.98
24/03/2026 15:29,15.5,0.001,7.99
24/03/2026 14:59,15.25,0.001,7.99
24/03/2026 14:29,15,0.001,7.99
24/03/2026 13:59,15,0.001,7.99
24/03/2026 13:29,14.875,0.001,7.99
24/03/2026 12:59,14.875,0.001,7.99
24/03/2026 12:29,15,0.001,7.99
24/03/2026 12:29,15,0.001,7.99
24/03/2026 11:59,14.875,0.001,7.98
24/03/2026 11:29,15,0.001,7.98
24/03/2026 10:59,15,0.001,7.98
24/03/2026 10:29,14.75,0.001,7.97
24/03/2026 09:59,14.875,0.001,7.97
24/03/2026 09:29,15,0.001,7.97
24/03/2026 08:59,14.75,0.001,7.97
24/03/2026 08:29,15,0.001,7.96
24/03/2026 07:59,15,0.001,7.96
24/03/2026 07:29,15,0.001,7.96
24/03/2026 07:29,15,0.001,7.96
24/03/2026 06:59,15,0.001,7.96
24/03/2026 06:29,15.125,0.001,7.95
24/03/2026 05:59,15,0.001,7.96
24/03/2026 05:29,15.125,0.001,7.96
24/03/2026 04:59,15,0.001,7.96
24/03/2026 04:29,15,0.001,7.96
24/03/2026 03:59,14.875,0.001,7.96
24/03/2026 03:29,15.125,0.001,7.96
24/03/2026 02:59,15,0.001,7.97
24/03/2026 02:29,14.875,0.001,7.97
24/03/2026 01:59,15.125,0.001,7.97
24/03/2026 01:29,15.125,0.001,7.97
24/03/2026 00:59,14.875,0.001,7.97
24/03/2026 00:29,14.875,0.001,7.98
23/03/2026 23:59,15.125,0.001,7.98
23/03/2026 23:29,14.875,0.001,7.98
23/03/2026 22:59,15,0.001,7.98
23/03/2026 22:29,15.125,0.001,7.98
23/03/2026 21:59,15.125,0.001,7.99
23/03/2026 21:29,15.25,0.001,7.99
23/03/2026 21:29,15.25,0.001,7.99
23/03/2026 21:29,15.25,0.001,8.68
23/03/2026 21:29,15,0.001,7.99
23/03/2026 20:59,15.25,0.001,7.99
23/03/2026 20:29,15.125,0.001,7.99
23/03/2026 19:59,15.25,0.001,7.99
23/03/2026 19:29,15.375,0.001,8
23/03/2026 18:59,15.25,0.001,8
23/03/2026 18:29,15.375,0.001,8
23/03/2026 17:59,15.375,0.001,8
23/03/2026 17:29,15.375,0.001,8
23/03/2026 16:59,15.5,0.001,8
23/03/2026 16:29,15.25,0.001,8
23/03/2026 15:59,15.375,0.001,8
23/03/2026 15:29,15.25,0.001,8
23/03/2026 14:59,15.25,0.001,8
23/03/2026 14:29,15.125,0.001,8
23/03/2026 13:59,15.125,0.001,8
23/03/2026 13:59,15.125,0.001,8
23/03/2026 13:29,15.125,0.001,8
23/03/2026 12:59,14.875,0.001,8
23/03/2026 12:29,15,0.001,8
23/03/2026 11:59,15,0.001,8
23/03/2026 11:29,14.875,0.001,8
23/03/2026 10:59,14.875,0.001,7.99
23/03/2026 10:29,15,0.001,7.99
23/03/2026 09:59,14.875,0.001,7.99
23/03/2026 09:29,15,0.001,7.98
23/03/2026 08:59,14.75,0.001,7.98
23/03/2026 08:29,15,0.001,7.98
23/03/2026 07:59,15,0.001,7.98
23/03/2026 07:29,15,0.001,7.98
23/03/2026 06:59,15.125,0.001,7.97
23/03/2026 06:29,14.875,0.001,7.97
23/03/2026 05:59,15.125,0.001,7.98
23/03/2026 05:29,15,0.001,7.98
23/03/2026 04:59,15,0.001,7.98
23/03/2026 04:29,15.25,0.001,7.98
23/03/2026 03:59,15.125,0.001,7.98
23/03/2026 03:29,15.125,0.001,7.98
23/03/2026 03:29,15.125,0.001,7.98
23/03/2026 02:59,15.125,0.001,7.98
23/03/2026 02:29,15,0.001,7.99
23/03/2026 01:59,14.875,0.001,7.99
23/03/2026 01:29,15.125,0.001,7.99
23/03/2026 00:59,15.125,0.001,7.99
23/03/2026 00:29,14.875,0.001,8
22/03/2026 23:59,15,0.001,8
22/03/2026 23:29,14.875,0.001,8
22/03/2026 22:59,15,0.001,8
22/03/2026 22:29,15.125,0.001,8
22/03/2026 21:59,14.875,0.001,8.01
22/03/2026 21:29,15.125,0.001,8.01
22/03/2026 20:59,14.875,0.001,8.01
22/03/2026 20:29,14.875,0.001,8.01
22/03/2026 19:59,15.125,0.001,8.02
22/03/2026 19:29,14.875,0.001,8.02
22/03/2026 18:59,15,0.001,8.02
22/03/2026 18:29,15.125,0.001,8.03
22/03/2026 17:59,15.25,0.001,8.02
22/03/2026 17:29,15.125,0.001,8.02
22/03/2026 16:59,15.125,0.001,8.02
22/03/2026 16:59,15.125,0.001,8.02
22/03/2026 16:29,15.125,0.001,8.02
22/03/2026 15:59,15,0.001,8.02
22/03/2026 15:29,15.25,0.001,8.02
22/03/2026 14:59,15.25,0.001,8.02
22/03/2026 14:29,15.125,0.001,8.01
22/03/2026 13:59,15.125,0.001,8.01
22/03/2026 13:29,15,0.001,8.01
22/03/2026 12:59,15,0.001,8
22/03/2026 12:29,15,0.001,8
22/03/2026 11:59,14.875,0.001,8
22/03/2026 11:29,14.875,0.001,8
22/03/2026 10:59,14.75,0.001,7.99
22/03/2026 10:29,14.875,0.001,7.99
22/03/2026 09:59,14.875,0.001,7.99
22/03/2026 09:29,14.875,0.001,7.98
22/03/2026 08:59,15,0.001,7.98
22/03/2026 08:34,15.125,0.001,7.98
22/03/2026 08:34,15.125,0.001,7.98
22/03/2026 08:34,15.125,0.001,8.68
22/03/2026 08:29,15,0.001,7.98
22/03/2026 07:59,15,0.001,7.98
22/03/2026 07:29,15,0.001,7.98
22/03/2026 06:59,15.125,0.001,7.97
22/03/2026 06:29,15,0.001,7.97
22/03/2026 05:59,15.25,0.001,7.98
22/03/2026 05:29,15,0.001,7.98
22/03/2026 04:59,15.125,0.001,7.98
22/03/2026 04:29,15,0.001,7.98
22/03/2026 03:59,15,0.001,7.98
22/03/2026 03:29,15,0.001,7.98
22/03/2026 02:59,15,0.001,7.98
22/03/2026 02:29,14.875,0.001,7.99
22/03/2026 01:59,14.875,0.001,7.99
22/03/2026 01:29,15,0.001,7.99
22/03/2026 00:59,14.75,0.001,7.99
22/03/2026 00:29,15,0.001,7.99
21/03/2026 23:59,14.875,0.001,7.99
21/03/2026 23:29,14.875,0.001,8
21/03/2026 22:59,14.875,0.001,8
21/03/2026 22:29,14.875,0.001,8
21/03/2026 22:02,14.75,0.001,8
21/03/2026 22:01,15,0.001,8
21/03/2026 22:01,15,0.001,8.71
21/03/2026 21:59,14.875,0.001,8
21/03/2026 21:29,15.625,0.001,8.01
21/03/2026 20:59,14.875,0.001,8.01
21/03/2026 20:29,14.625,0.001,8.01
21/03/2026 19:59,14.625,0.001,8.01
21/03/2026 19:29,15.625,0.001,8.01
21/03/2026 18:59,15.625,0.001,8.02
21/03/2026 18:29,15.625,0.001,8.02
21/03/2026 17:59,15.625,0.001,8.02
21/03/2026 17:29,15.625,0.001,8.02
21/03/2026 16:59,14.75,0.001,8.02
21/03/2026 16:30,15.125,0.001,8.02
21/03/2026 16:30,15,0.001,8.02
21/03/2026 16:30,14.875,0.001,8.73
21/03/2026 16:29,14.875,0.001,8.02
21/03/2026 15:59,14.875,0.001,8.02
21/03/2026 15:29,14.875,0.001,8.02
21/03/2026 14:59,15,0.001,8.01
21/03/2026 14:29,14.875,0.001,8.01
21/03/2026 13:59,14.875,0.001,8.01
21/03/2026 13:29,15,0.001,8.01
21/03/2026 12:59,14.875,0.001,8
21/03/2026 12:54,15,0.001,8
21/03/2026 12:52,15.25,0.001,8.01
21/03/2026 12:52,15.25,0.001,8.71
21/03/2026 12:51,15,0.001,8
21/03/2026 12:50,15.125,0.001,8
21/03/2026 12:50,14.875,0.001,8.71
21/03/2026 12:29,15,0.001,8
21/03/2026 11:59,15,0.001,8
21/03/2026 11:29,15,0.001,8
21/03/2026 11:28,15.125,0.001,8
21/03/2026 11:28,15.125,0.001,8.7
21/03/2026 10:59,15,0.001,7.99
21/03/2026 10:29,15,0.001,7.99
21/03/2026 09:59,15,0.001,7.99
21/03/2026 09:29,14.875,0.001,7.98
21/03/2026 08:59,15,0.001,7.98
21/03/2026 08:29,15,0.001,7.98
21/03/2026 07:59,15,0.001,7.98
21/03/2026 07:29,15,0.001,7.97
21/03/2026 06:59,15,0.001,7.97
21/03/2026 06:29,14.875,0.001,7.97
21/03/2026 06:12,15.125,0.001,7.97
21/03/2026 06:12,15.25,0.001,7.97
21/03/2026 06:12,15.25,0.001,8.66
21/03/2026 05:59,15,0.001,7.97
21/03/2026 05:29,15,0.001,7.97
21/03/2026 04:59,15.125,0.001,7.98
21/03/2026 04:29,14.875,0.001,7.98
21/03/2026 03:59,15.125,0.001,7.98
21/03/2026 03:29,15.125,0.001,7.98
21/03/2026 02:59,14.875,0.001,7.98
21/03/2026 02:29,15,0.001,7.98
21/03/2026 01:59,14.875,0.001,7.99
21/03/2026 01:29,15,0.001,7.99
21/03/2026 00:59,14.875,0.001,7.99
21/03/2026 00:29,15,0.001,7.99
21/03/2026 00:29,15,0.001,7.99
20/03/2026 23:59,15,0.001,7.99
20/03/2026 23:29,14.875,0.001,7.99
20/03/2026 22:59,14.875,0.001,8
20/03/2026 22:29,14.875,0.001,8
20/03/2026 21:59,14.75,0.001,8
20/03/2026 21:29,13.75,0.001,8
20/03/2026 20:59,13.75,0.001,8
20/03/2026 20:29,15.625,0.001,8.01
20/03/2026 19:59,14.625,0.001,8.01
20/03/2026 19:39,14.75,0.001,8.01
20/03/2026 19:39,14.75,0.001,8.01
20/03/2026 19:39,14.875,0.001,8.72
20/03/2026 19:29,14.625,0.001,8.01
20/03/2026 18:59,14.5,0.001,8.02
20/03/2026 18:29,14.625,0.001,8.02
20/03/2026 17:59,15.375,0.001,8.02
20/03/2026 17:29,14.75,0.001,8.02
20/03/2026 16:59,14.75,0.001,8.02
20/03/2026 16:59,14.75,0.001,8.02
20/03/2026 16:29,14.625,0.001,8.02
20/03/2026 15:59,13.875,0.001,8.02
20/03/2026 15:29,14.75,0.001,8.01
20/03/2026 14:59,14.875,0.001,8.01
20/03/2026 14:29,14.875,0.001,8.01
20/03/2026 14:23,15,0.001,8.01
20/03/2026 14:23,15,0.001,8.01
20/03/2026 14:22,14.875,0.001,8.71
20/03/2026 13:59,14.75,0.001,8.01
20/03/2026 13:29,14.75,0.001,8
20/03/2026 12:59,14.875,0.001,8
20/03/2026 12:29,14.875,0.001,8
20/03/2026 11:59,14.875,0.001,7.99
20/03/2026 11:29,14.875,0.001,7.99
20/03/2026 10:59,14.875,0.001,7.99
20/03/2026 10:28,15.125,0.001,7.98
20/03/2026 10:28,15.125,0.001,7.99
20/03/2026 10:28,15.125,0.001,8.68
20/03/2026 09:59,15,0.001,7.98
20/03/2026 09:29,14.875,0.001,7.98
20/03/2026 09:29,14.875,0.001,7.98
20/03/2026 08:59,15,0.001,7.98
20/03/2026 08:29,14.875,0.001,7.97
20/03/2026 07:59,15,0.001,7.97
20/03/2026 07:29,15.125,0.001,7.97
20/03/2026 06:59,15,0.001,7.96
20/03/2026 06:29,15,0.001,7.97
20/03/2026 05:59,15.125,0.001,7.97
20/03/2026 05:29,15.125,0.001,7.97
20/03/2026 04:59,14.875,0.001,7.97
20/03/2026 04:29,15,0.001,7.97
20/03/2026 03:59,15.125,0.001,7.97
20/03/2026 03:50,15.25,0.001,7.97
20/03/2026 03:50,15.25,0.001,7.97
20/03/2026 03:50,15.125,0.001,8.66
20/03/2026 03:29,14.875,0.001,7.97
20/03/2026 02:59,15,0.001,7.97
20/03/2026 02:29,14.875,0.001,7.97
20/03/2026 01:59,14.875,0.001,7.98
20/03/2026 01:59,14.875,0.001,7.98
20/03/2026 01:29,14.75,0.001,7.98
20/03/2026 01:29,14.75,0.001,7.98
20/03/2026 00:59,15,0.001,7.98
20/03/2026 00:29,14.875,0.001,7.98
19/03/2026 23:59,15,0.001,7.98
19/03/2026 23:29,15,0.001,7.98
19/03/2026 22:59,14.875,0.001,7.99
19/03/2026 22:34,15,0.001,7.99
19/03/2026 22:33,15,0.001,7.99
19/03/2026 22:33,15,0.001,8.68
19/03/2026 22:29,13.75,0.001,7.99
19/03/2026 21:59,14.75,0.001,7.99
19/03/2026 21:29,14.875,0.001,7.99
19/03/2026 20:59,14.875,0.001,7.99
19/03/2026 20:29,14.875,0.001,8
19/03/2026 19:59,14.75,0.001,8
19/03/2026 19:29,14.875,0.001,8
19/03/2026 18:59,14.875,0.001,8
19/03/2026 18:29,14.875,0.001,8
19/03/2026 17:59,15,0.001,8
19/03/2026 17:29,15,0.001,8
19/03/2026 16:59,15,0.001,8
19/03/2026 16:29,15,0.001,8
19/03/2026 15:59,15,0.001,8
19/03/2026 15:29,15,0.001,8
19/03/2026 14:59,15,0.001,7.99
19/03/2026 14:29,15,0.001,7.99
19/03/2026 13:59,15.125,0.001,7.98
19/03/2026 13:29,14.875,0.001,7.98
19/03/2026 13:29,14.875,0.001,7.98
19/03/2026 12:59,15,0.001,7.98
19/03/2026 12:29,15.125,0.001,7.97
19/03/2026 12:00,15.25,0.001,7.97
19/03/2026 12:00,15.125,0.001,7.97
19/03/2026 12:00,15.125,0.001,8.66
19/03/2026 11:59,15,0.001,7.97
19/03/2026 11:29,15,0.001,7.97
19/03/2026 10:59,14.875,0.001,7.96
19/03/2026 10:29,15,0.001,7.96
19/03/2026 09:59,15,0.001,7.96
19/03/2026 09:29,14.875,0.001,7.95
19/03/2026 08:59,15.125,0.001,7.95
19/03/2026 08:54,15.25,0.001,7.95
19/03/2026 08:54,15,0.001,7.95
19/03/2026 08:54,14.875,0.001,8.63
19/03/2026 08:29,15,0.001,7.94
19/03/2026 07:59,15,0.001,7.94
19/03/2026 07:29,15,0.001,7.94
19/03/2026 06:59,15.125,0.001,7.93
19/03/2026 06:44,15.25,0.001,7.93
19/03/2026 06:44,15.125,0.001,7.93
19/03/2026 06:44,15.125,0.001,8.61
19/03/2026 06:29,15.125,0.001,7.93
19/03/2026 05:59,15,0.001,7.93
19/03/2026 05:29,14.875,0.001,7.93
19/03/2026 04:59,15,0.001,7.93
19/03/2026 04:29,15,0.001,7.93
19/03/2026 03:59,15,0.001,7.93
19/03/2026 03:29,15,0.001,7.93
19/03/2026 02:59,15,0.001,7.93
19/03/2026 02:29,14.875,0.001,7.93
19/03/2026 02:29,14.875,0.001,7.93
19/03/2026 01:59,15.125,0.001,7.93
19/03/2026 01:29,15,0.001,7.93
19/03/2026 00:59,15,0.001,7.94
19/03/2026 00:29,15,0.001,7.93
18/03/2026 23:59,15.125,0.001,7.94
18/03/2026 23:29,15.125,0.001,7.94
18/03/2026 22:59,15,0.001,7.94
18/03/2026 22:29,15.25,0.001,7.94
18/03/2026 21:59,15.25,0.001,7.94
18/03/2026 21:29,15.125,0.001,7.94
18/03/2026 20:59,15.25,0.001,7.94
18/03/2026 20:29,15.375,0.001,7.94
18/03/2026 20:11,15.625,0.001,7.94
18/03/2026 19:59,15.375,0.001,7.94
18/03/2026 19:29,15.375,0.001,7.94
18/03/2026 18:59,15.5,0.001,7.95
18/03/2026 18:29,15.5,0.001,7.95
18/03/2026 17:59,15.5,0.001,7.95
18/03/2026 17:29,15.625,0.001,7.95
18/03/2026 16:59,15.375,0.001,7.94
18/03/2026 16:29,15.375,0.001,7.94
18/03/2026 15:59,15.375,0.001,7.93
18/03/2026 15:29,15.375,0.001,7.93
18/03/2026 14:59,15.5,0.001,7.93
18/03/2026 14:29,15.375,0.001,7.92
18/03/2026 14:29,15.375,0.001,7.92
18/03/2026 13:59,15.375,0.001,7.92
18/03/2026 13:29,15.25,0.001,7.92
18/03/2026 12:59,15.25,0.001,7.91
18/03/2026 12:29,15.25,0.001,7.91
18/03/2026 11:59,15.125,0.001,7.91
18/03/2026 11:29,15.125,0.001,7.91
18/03/2026 10:59,15.125,0.001,7.92
18/03/2026 10:29,15.125,0.001,7.92
18/03/2026 09:59,15,0.001,7.92
18/03/2026 09:58,15.125,0.001,7.92
18/03/2026 09:29,15,0.001,7.93
18/03/2026 09:29,15,0.001,7.93
18/03/2026 08:59,15,0.001,7.94
18/03/2026 08:59,15,0.001,7.94
18/03/2026 08:29,14.875,0.001,7.94
18/03/2026 08:29,14.875,0.001,7.94
18/03/2026 07:59,15,0.001,7.93
18/03/2026 07:59,15,0.001,7.93
18/03/2026 07:29,15.125,0.001,7.93
18/03/2026 06:59,15.125,0.001,7.93
18/03/2026 06:29,15.25,0.001,7.93
18/03/2026 05:59,15.25,0.001,7.93
18/03/2026 05:29,15.25,0.001,7.93
18/03/2026 05:29,15.25,0.001,7.93
18/03/2026 04:59,15.125,0.001,7.93
18/03/2026 04:59,15.125,0.001,7.93
18/03/2026 04:29,15.125,0.001,7.93
18/03/2026 03:59,15.25,0.001,7.93
18/03/2026 03:59,15.25,0.001,7.93
18/03/2026 03:29,15.25,0.001,7.93
18/03/2026 03:29,15.25,0.001,7.93
18/03/2026 03:25,15.25,0.001,7.93
18/03/2026 03:25,15.25,0.001,7.93
18/03/2026 02:59,15.25,0.001,7.93
18/03/2026 02:29,15.25,0.001,7.93
18/03/2026 01:29,15.375,0.001,7.94
18/03/2026 00:59,15.25,0.001,7.94
18/03/2026 00:29,15.375,0.001,7.94
17/03/2026 23:59,15.375,0.001,7.94
17/03/2026 23:29,15.25,0.001,7.94
17/03/2026 22:59,15.375,0.001,7.94
17/03/2026 22:29,15.5,0.001,7.94
17/03/2026 21:59,15.625,0.001,7.95
17/03/2026 21:29,15.625,0.001,7.95
17/03/2026 20:59,15.5,0.001,7.95
17/03/2026 20:29,15.5,0.001,7.96
17/03/2026 19:59,15.625,0.001,7.96
17/03/2026 19:29,15.625,0.001,7.96
17/03/2026 18:59,15.875,0.001,7.97
17/03/2026 18:29,15.875,0.001,7.98
17/03/2026 17:59,16,0.001,7.98
17/03/2026 17:29,16,0.001,7.99
17/03/2026 16:59,15.875,0.001,7.98
17/03/2026 16:29,16.125,0.001,8.02
17/03/2026 15:59,16.125,0.001,8.03
17/03/2026 15:29,16.125,0.001,8.02
17/03/2026 14:59,15.875,0.001,8.02
17/03/2026 14:29,16.125,0.001,8.02
17/03/2026 13:59,16,0.001,8.01
17/03/2026 13:29,16,0.001,8.01
17/03/2026 12:59,15.875,0.001,8
17/03/2026 12:29,15.875,0.001,8
17/03/2026 11:59,15.75,0.001,7.99
17/03/2026 11:29,15.75,0.001,7.99
17/03/2026 10:59,15.75,0.001,7.98
17/03/2026 10:29,15.75,0.001,7.98
17/03/2026 09:59,15.875,0.001,7.97
17/03/2026 09:29,15.75,0.001,7.97
17/03/2026 08:59,15.75,0.001,7.96
17/03/2026 08:29,15.75,0.001,7.96
17/03/2026 07:59,15.625,0.001,7.95
17/03/2026 07:29,16.625,0.001,7.95
17/03/2026 06:59,15.75,0.001,7.95
17/03/2026 06:29,15.875,0.001,7.95
17/03/2026 05:59,14.875,0.001,7.95
17/03/2026 05:29,15.875,0.001,7.96
17/03/2026 05:29,15.875,0.001,7.96
17/03/2026 04:59,15.75,0.001,7.96
17/03/2026 04:29,15.75,0.001,7.96
17/03/2026 03:59,15.75,0.001,7.96
17/03/2026 03:29,15.875,0.001,7.97
17/03/2026 02:59,15.875,0.001,7.97
17/03/2026 02:29,15.75,0.001,7.97
17/03/2026 01:59,16.625,0.001,7.97
17/03/2026 01:29,14.75,0.001,7.98
17/03/2026 00:59,15.875,0.001,7.98
17/03/2026 00:29,15.75,0.001,7.98
16/03/2026 23:59,15.75,0.001,7.99
16/03/2026 23:29,14.75,0.001,7.99
16/03/2026 22:59,16.625,0.001,7.99
16/03/2026 22:29,15.75,0.001,8
16/03/2026 21:59,15.875,0.001,8
16/03/2026 21:29,15.75,0.001,8
16/03/2026 20:59,15.875,0.001,8.01
16/03/2026 20:29,15.75,0.001,8.02
16/03/2026 19:59,15.875,0.001,8.02
16/03/2026 19:29,15.75,0.001,8.02
16/03/2026 18:59,16,0.001,8.03
16/03/2026 18:29,16.125,0.001,8.03
16/03/2026 17:59,16,0.001,8.03
16/03/2026 17:29,15.875,0.001,8.03
16/03/2026 16:59,16.125,0.001,8.03
16/03/2026 16:29,16,0.001,8.02
16/03/2026 15:59,16.125,0.001,8.02
16/03/2026 15:29,16,0.001,8.01
16/03/2026 14:59,16,0.001,8.01
16/03/2026 14:29,15.875,0.001,8.01
16/03/2026 13:59,16,0.001,8
16/03/2026 13:29,15.875,0.001,8
16/03/2026 12:59,15.875,0.001,7.99
16/03/2026 12:29,15.875,0.001,7.99
16/03/2026 11:59,15.875,0.001,7.98
16/03/2026 11:29,15.875,0.001,7.98
16/03/2026 10:59,15.875,0.001,7.97
16/03/2026 10:29,15.75,0.001,7.97
16/03/2026 09:59,15.75,0.001,7.96
16/03/2026 09:29,15.75,0.001,7.96
16/03/2026 08:59,15.625,0.001,7.95
16/03/2026 08:29,15.75,0.001,7.95
16/03/2026 07:59,16.625,0.001,7.95
16/03/2026 07:59,16.625,0.001,7.95
16/03/2026 07:29,15.75,0.001,7.94
16/03/2026 06:59,15.75,0.001,7.94
16/03/2026 06:29,16.625,0.001,7.94
16/03/2026 05:59,15.75,0.001,7.95
16/03/2026 05:29,15.75,0.001,7.95
16/03/2026 04:59,15.875,0.001,7.95
16/03/2026 04:29,14.75,0.001,7.95
16/03/2026 03:59,15.75,0.001,7.96
16/03/2026 03:29,15.625,0.001,7.96
16/03/2026 02:59,15.75,0.001,7.96
16/03/2026 02:29,15.75,0.001,7.97
16/03/2026 01:59,15.75,0.001,7.97
16/03/2026 01:29,16.625,0.001,7.98
16/03/2026 00:59,16.625,0.001,7.98
16/03/2026 00:29,15.875,0.001,7.98
15/03/2026 23:59,15.75,0.001,7.99
15/03/2026 23:29,15.875,0.001,7.99
15/03/2026 22:59,15.75,0.001,7.99
15/03/2026 22:29,15.875,0.001,8
15/03/2026 21:59,15.875,0.001,8
15/03/2026 21:29,15.875,0.001,8.01
15/03/2026 20:59,15.875,0.001,8.01
15/03/2026 20:29,15.875,0.001,8.02
15/03/2026 19:59,15.875,0.001,8.02
15/03/2026 19:29,16,0.001,8.03
15/03/2026 18:59,15.875,0.001,8.03
15/03/2026 18:29,16,0.001,8.03
15/03/2026 17:59,16.125,0.001,8.03
15/03/2026 17:29,16.125,0.001,8.03
15/03/2026 16:59,16.125,0.001,8.03
15/03/2026 16:29,16.125,0.001,8.03
15/03/2026 15:59,16,0.001,8.02
15/03/2026 15:29,16,0.001,8.02
15/03/2026 14:59,16,0.001,8.02
15/03/2026 14:29,15.875,0.001,8.01
15/03/2026 13:59,15.875,0.001,8.01
15/03/2026 13:29,16,0.001,8
15/03/2026 12:59,15.875,0.001,8
15/03/2026 12:59,15.875,0.001,8
15/03/2026 12:29,15.875,0.001,7.99
15/03/2026 11:59,15.875,0.001,7.99
15/03/2026 11:29,15.875,0.001,7.98
15/03/2026 10:59,15.75,0.001,7.98
15/03/2026 10:29,16.625,0.001,7.97
15/03/2026 09:59,16.5,0.001,7.97
15/03/2026 09:29,14.75,0.001,7.96
15/03/2026 08:59,15.5,0.001,7.96
15/03/2026 08:29,15.75,0.001,7.95
15/03/2026 07:59,15.625,0.001,7.95
15/03/2026 07:29,15.625,0.001,7.95
15/03/2026 06:59,15.625,0.001,7.95
15/03/2026 06:29,15.5,0.001,7.95
15/03/2026 05:59,15.625,0.001,7.95
15/03/2026 05:29,15.5,0.001,7.95
15/03/2026 04:59,15.625,0.001,7.96
15/03/2026 04:29,15.5,0.001,7.96
15/03/2026 03:59,15.5,0.001,7.96
15/03/2026 03:29,15.5,0.001,7.96
15/03/2026 02:59,15.75,0.001,7.97
15/03/2026 02:29,14.75,0.001,7.97
15/03/2026 01:59,15.625,0.001,7.97
15/03/2026 01:29,15.625,0.001,7.98
15/03/2026 00:59,16.625,0.001,7.98
15/03/2026 00:29,16.625,0.001,7.98
14/03/2026 23:59,15.625,0.001,7.98
14/03/2026 23:29,16.5,0.001,7.99
14/03/2026 22:59,14.75,0.001,7.99
14/03/2026 22:29,16.625,0.001,7.99
14/03/2026 21:59,15.625,0.001,8
14/03/2026 21:29,16.625,0.001,8
14/03/2026 20:59,15.75,0.001,8.01
14/03/2026 20:29,14.75,0.001,8.01
14/03/2026 19:59,16.625,0.001,8.02
14/03/2026 19:29,15.75,0.001,8.02
14/03/2026 18:59,15.875,0.001,8.02
14/03/2026 18:29,15.875,0.001,8.02
14/03/2026 17:59,15.875,0.001,8.02
14/03/2026 17:29,16,0.001,8.02
14/03/2026 16:59,16,0.001,8.02
14/03/2026 16:29,16,0.001,8.02
14/03/2026 15:59,16.125,0.001,8.01
14/03/2026 15:29,15.875,0.001,8.01
14/03/2026 14:59,16,0.001,8.01
14/03/2026 14:29,15.875,0.001,8
14/03/2026 13:59,15.75,0.001,8
14/03/2026 13:29,15.875,0.001,8
14/03/2026 12:59,15.875,0.001,7.99
14/03/2026 12:29,15.875,0.001,7.99
14/03/2026 11:59,15.875,0.001,7.98
14/03/2026 11:29,15.875,0.001,7.98
14/03/2026 10:59,15.75,0.001,7.97
14/03/2026 10:29,15.75,0.001,7.97
14/03/2026 09:59,15.75,0.001,7.97
14/03/2026 09:29,15.625,0.001,7.96
14/03/2026 08:59,15.625,0.001,7.95
14/03/2026 08:29,15.75,0.001,7.95
14/03/2026 07:59,16.625,0.001,7.95
14/03/2026 07:29,14.75,0.001,7.94
14/03/2026 06:59,15.625,0.001,7.94
14/03/2026 06:29,15.625,0.001,7.95
14/03/2026 05:59,16.625,0.001,7.95
14/03/2026 05:29,15.75,0.001,7.95
14/03/2026 04:59,15.875,0.001,7.95
14/03/2026 04:29,16.625,0.001,7.96
14/03/2026 03:59,16.625,0.001,7.96
14/03/2026 03:29,15.75,0.001,7.96
14/03/2026 02:59,15.625,0.001,7.96
14/03/2026 02:29,15.75,0.001,7.96
14/03/2026 01:59,15.75,0.001,7.97
14/03/2026 01:29,15.875,0.001,7.97
14/03/2026 00:59,15.75,0.001,7.98
14/03/2026 00:29,16.625,0.001,7.98
13/03/2026 23:59,15.75,0.001,7.98
13/03/2026 23:29,15.75,0.001,7.99
13/03/2026 22:59,15.75,0.001,7.99
13/03/2026 22:29,15.875,0.001,7.99
13/03/2026 21:59,15.875,0.001,8
13/03/2026 21:29,15.875,0.001,8
13/03/2026 20:59,16,0.001,8.01
13/03/2026 20:29,16,0.001,8.01
13/03/2026 19:59,16,0.001,8.01
13/03/2026 19:29,16,0.001,8.02
13/03/2026 18:59,16.25,0.001,8.02
13/03/2026 18:29,16.25,0.001,8.02
13/03/2026 17:59,16.125,0.001,8.03
13/03/2026 17:29,16.125,0.001,8.02
13/03/2026 16:59,16.125,0.001,8.02
13/03/2026 16:29,16,0.001,8.02
13/03/2026 15:59,16,0.001,8.01
13/03/2026 15:29,16.125,0.001,8.01
13/03/2026 14:59,16,0.001,8.01
13/03/2026 14:29,16,0.001,8
13/03/2026 13:59,16,0.001,8
13/03/2026 13:29,16,0.001,7.99
13/03/2026 12:59,16,0.001,7.99
13/03/2026 12:29,15.75,0.001,7.99
13/03/2026 11:59,15.875,0.001,7.98
13/03/2026 11:29,15.875,0.001,7.98
13/03/2026 10:59,15.875,0.001,7.97
13/03/2026 10:29,15.875,0.001,7.97
13/03/2026 09:59,15.75,0.001,7.96
13/03/2026 09:29,15.75,0.001,7.96
13/03/2026 08:59,15.75,0.001,7.96
13/03/2026 08:59,15.75,0.001,7.96
13/03/2026 08:29,15.75,0.001,7.95
13/03/2026 07:59,15.75,0.001,7.95
13/03/2026 07:29,14.75,0.001,7.95
13/03/2026 06:59,15.75,0.001,7.94
13/03/2026 06:29,15.875,0.001,7.95
13/03/2026 06:29,15.875,0.001,7.95
13/03/2026 05:59,15.75,0.001,7.95
13/03/2026 05:29,15.75,0.001,7.95
13/03/2026 04:59,15.75,0.001,7.95
13/03/2026 04:29,15.75,0.001,7.95
13/03/2026 04:29,15.75,0.001,7.95
13/03/2026 03:59,16.625,0.001,7.95
13/03/2026 03:29,15.75,0.001,7.96
13/03/2026 02:59,15.75,0.001,7.96
13/03/2026 02:29,15.75,0.001,7.96
13/03/2026 01:59,15.75,0.001,7.96
13/03/2026 01:29,15.75,0.001,7.97
13/03/2026 00:59,16.625,0.001,7.97
13/03/2026 00:29,15.75,0.001,7.97
12/03/2026 23:59,15.875,0.001,7.97
12/03/2026 23:29,15.75,0.001,7.98
12/03/2026 22:59,16.625,0.001,7.98
12/03/2026 22:29,15.875,0.001,7.99
12/03/2026 21:59,15.875,0.001,7.99
12/03/2026 21:29,15.875,0.001,7.99
12/03/2026 20:59,15.875,0.001,8
12/03/2026 20:29,15.875,0.001,8
12/03/2026 19:59,15.875,0.001,8.01
12/03/2026 19:29,15.875,0.001,8.01
12/03/2026 19:29,15.875,0.001,8.01
12/03/2026 18:59,16,0.001,8.01
12/03/2026 18:29,15.875,0.001,8.01
12/03/2026 17:59,16,0.001,8.01
12/03/2026 17:29,16,0.001,8.01
12/03/2026 16:59,16.125,0.001,8.01
12/03/2026 16:29,16,0.001,8.01
12/03/2026 15:59,16,0.001,8
12/03/2026 15:29,16.125,0.001,8
12/03/2026 14:59,16.125,0.001,8
12/03/2026 14:29,15.875,0.001,7.99
12/03/2026 13:59,15.875,0.001,7.99
12/03/2026 13:29,16,0.001,7.98
12/03/2026 12:59,15.875,0.001,7.98
12/03/2026 12:29,16,0.001,7.97
12/03/2026 11:59,15.875,0.001,7.97
12/03/2026 11:29,15.875,0.001,7.96
12/03/2026 10:59,16,0.001,7.96
12/03/2026 10:29,15.75,0.001,7.95
12/03/2026 09:59,15.875,0.001,7.95
12/03/2026 09:29,15.875,0.001,7.94
12/03/2026 08:59,15.75,0.001,7.94
12/03/2026 08:29,15.75,0.001,7.93
12/03/2026 07:59,15.75,0.001,7.92
12/03/2026 07:29,16.625,0.001,7.92
12/03/2026 06:59,15.875,0.001,7.92
12/03/2026 06:29,15.875,0.001,7.92
12/03/2026 05:59,15.875,0.001,7.92
12/03/2026 05:29,15.75,0.001,7.92
12/03/2026 05:29,15.75,0.001,7.92
12/03/2026 04:59,15.875,0.001,7.92
12/03/2026 04:29,15.75,0.001,7.92
12/03/2026 03:59,15.75,0.001,7.92
12/03/2026 03:29,15.75,0.001,7.92
12/03/2026 02:59,16.625,0.001,7.93
12/03/2026 02:29,14.75,0.001,7.93
12/03/2026 01:59,15.75,0.001,7.93
12/03/2026 01:29,15.875,0.001,7.93
12/03/2026 00:59,15.5,0.001,7.93
12/03/2026 00:29,15.625,0.001,7.93
11/03/2026 23:59,15.75,0.001,7.93
11/03/2026 23:29,15.625,0.001,7.94
11/03/2026 22:59,15.75,0.001,7.94
11/03/2026 22:29,15.625,0.001,7.94
11/03/2026 21:59,15.625,0.001,7.94
11/03/2026 21:29,15.625,0.001,7.95
11/03/2026 20:59,15.625,0.001,7.95
11/03/2026 20:29,15.625,0.001,7.95
11/03/2026 19:59,16.625,0.001,7.95
11/03/2026 19:59,16.625,0.001,7.95
11/03/2026 19:29,15.625,0.001,7.96
11/03/2026 18:59,15.625,0.001,7.96
11/03/2026 18:29,15.625,0.001,7.96
11/03/2026 17:59,15.625,0.001,7.96
11/03/2026 17:29,15.75,0.001,7.96
11/03/2026 16:59,14.75,0.001,7.96
11/03/2026 16:59,14.75,0.001,7.96
11/03/2026 16:29,15.625,0.001,7.95
11/03/2026 15:59,15.625,0.001,7.95
11/03/2026 15:29,15.625,0.001,7.95
11/03/2026 15:20,16.625,0.001,7.95
11/03/2026 14:59,15.625,0.001,7.95
11/03/2026 14:29,15.625,0.001,7.95
11/03/2026 13:59,16.625,0.001,7.95
11/03/2026 13:29,15.5,0.001,7.95
11/03/2026 12:59,15.5,0.001,7.95
11/03/2026 12:29,15.5,0.001,7.96
11/03/2026 11:59,15.5,0.001,7.96
11/03/2026 11:29,15.25,0.001,7.97
11/03/2026 10:59,15.25,0.001,7.97
11/03/2026 10:29,15.375,0.001,7.97
11/03/2026 09:59,15.5,0.001,7.95
11/03/2026 09:29,15.5,0.001,7.95
11/03/2026 08:59,15.375,0.001,7.94
11/03/2026 08:29,15.375,0.001,7.94
11/03/2026 07:59,15.5,0.001,7.93
11/03/2026 07:29,15.5,0.001,7.93
11/03/2026 06:59,15.375,0.001,7.93
11/03/2026 06:29,15.375,0.001,7.94
11/03/2026 05:59,15.5,0.001,7.94
11/03/2026 05:29,15.375,0.001,7.94
11/03/2026 04:59,15.375,0.001,7.94
11/03/2026 04:29,15.5,0.001,7.95
11/03/2026 03:59,15.5,0.001,7.95
11/03/2026 03:29,15.375,0.001,7.95
11/03/2026 02:59,15.5,0.001,7.96
11/03/2026 02:29,15.625,0.001,7.96
11/03/2026 01:59,15.5,0.001,7.96
11/03/2026 01:29,15.5,0.001,7.97
11/03/2026 00:59,15.5,0.001,7.97
11/03/2026 00:29,15.5,0.001,7.97
11/03/2026 00:29,15.5,0.001,7.97
10/03/2026 23:59,15.625,0.001,7.98
10/03/2026 23:29,15.625,0.001,7.98
10/03/2026 22:59,15.5,0.001,7.98
10/03/2026 22:59,15.5,0.001,7.98
10/03/2026 22:29,15.5,0.001,7.99
10/03/2026 21:59,15.5,0.001,7.99
10/03/2026 21:29,14.75,0.001,8
10/03/2026 20:59,15.5,0.001,8
10/03/2026 20:29,15.5,0.001,8.01
10/03/2026 19:59,15.375,0.001,8.01
10/03/2026 19:29,15.625,0.001,8.02
10/03/2026 18:59,15.5,0.001,8.02
10/03/2026 18:55,15.625,0.001,8.02
10/03/2026 17:59,15.625,0.001,8.03
10/03/2026 17:29,15.5,0.001,8.03
10/03/2026 16:59,15.625,0.001,8.03
10/03/2026 16:29,15.625,0.001,8.03
10/03/2026 15:59,15.5,0.001,8.03
10/03/2026 15:29,15.75,0.001,8.02
10/03/2026 14:59,14.75,0.001,8.02
10/03/2026 14:29,14.75,0.001,8.02
10/03/2026 13:59,15.625,0.001,8.01
10/03/2026 13:29,15.625,0.001,8.01
10/03/2026 12:59,15.5,0.001,8
10/03/2026 12:29,15.625,0.001,8
10/03/2026 11:59,14.75,0.001,8
10/03/2026 11:29,15.5,0.001,7.99
10/03/2026 10:59,15.625,0.001,7.99
10/03/2026 10:29,14.75,0.001,7.98
10/03/2026 09:59,15.625,0.001,7.98
10/03/2026 09:29,15.625,0.001,7.98
10/03/2026 08:59,15.625,0.001,7.97
10/03/2026 08:29,14.75,0.001,7.97
10/03/2026 07:59,15.75,0.001,7.97
10/03/2026 07:29,15.75,0.001,7.96
10/03/2026 06:59,15.75,0.001,7.96
10/03/2026 06:29,15.75,0.001,7.96
10/03/2026 05:59,16.625,0.001,7.97
10/03/2026 05:29,15.75,0.001,7.97
10/03/2026 04:59,15.75,0.001,7.97
10/03/2026 04:29,15.75,0.001,7.97
10/03/2026 03:59,15.75,0.001,7.97
10/03/2026 03:29,15.75,0.001,7.98
10/03/2026 02:59,15.75,0.001,7.98
10/03/2026 02:29,15.875,0.001,7.98
10/03/2026 01:59,15.875,0.001,7.98
10/03/2026 01:29,15.875,0.001,7.99
10/03/2026 00:59,15.75,0.001,7.99
10/03/2026 00:29,15.875,0.001,7.99
09/03/2026 23:59,15.75,0.001,7.99
09/03/2026 23:29,15.75,0.001,8
09/03/2026 22:59,15.625,0.001,8
09/03/2026 22:29,16.625,0.001,8
09/03/2026 22:29,16.625,0.001,8
09/03/2026 21:59,14.75,0.001,8.01
09/03/2026 21:59,14.75,0.001,8.01
09/03/2026 21:29,15.75,0.001,8.01
09/03/2026 20:59,15.875,0.001,8.02
09/03/2026 20:29,15.875,0.001,8.02
09/03/2026 19:59,15.75,0.001,8.02
09/03/2026 19:29,15.75,0.001,8.03
09/03/2026 18:59,15.875,0.001,8.03
09/03/2026 18:29,15.875,0.001,8.03
09/03/2026 17:59,16,0.001,8.03
09/03/2026 17:29,16,0.001,8.03
09/03/2026 16:59,16,0.001,8.03
09/03/2026 16:29,16.125,0.001,8.02
09/03/2026 15:59,15.875,0.001,8.02
09/03/2026 15:29,16,0.001,8.02
09/03/2026 14:59,16,0.001,8.01
09/03/2026 14:29,16,0.001,8.01
09/03/2026 13:59,15.875,0.001,8.01
09/03/2026 13:29,15.875,0.001,8
09/03/2026 12:59,15.875,0.001,8
09/03/2026 12:29,15.75,0.001,7.99
09/03/2026 12:29,15.75,0.001,7.99
09/03/2026 11:59,15.875,0.001,7.99
09/03/2026 11:29,14.75,0.001,7.98
09/03/2026 10:59,15.75,0.001,7.98
09/03/2026 10:29,16.625,0.001,7.98
09/03/2026 09:59,15.75,0.001,7.97
09/03/2026 09:29,15.5,0.001,7.97
09/03/2026 08:59,16.625,0.001,7.96
09/03/2026 08:29,15.625,0.001,7.96
09/03/2026 07:59,15.625,0.001,7.96
09/03/2026 07:29,15.625,0.001,7.95
09/03/2026 07:29,15.625,0.001,7.95
09/03/2026 06:59,15.625,0.001,7.95
09/03/2026 06:29,15.625,0.001,7.96
09/03/2026 05:59,15.625,0.001,7.96
09/03/2026 05:29,15.625,0.001,7.96
09/03/2026 05:29,15.625,0.001,7.96
09/03/2026 04:59,14.75,0.001,7.96
09/03/2026 04:29,15.625,0.001,7.96
09/03/2026 03:59,14.75,0.001,7.97
09/03/2026 03:29,15.625,0.001,7.97
09/03/2026 02:59,14.75,0.001,7.97
09/03/2026 02:29,15.5,0.001,7.97
09/03/2026 01:59,15.625,0.001,7.98
09/03/2026 01:29,15.75,0.001,7.98
09/03/2026 00:59,16.625,0.001,7.99
09/03/2026 00:29,16.625,0.001,7.99
08/03/2026 23:59,14.75,0.001,7.99
08/03/2026 23:29,15.625,0.001,8
08/03/2026 22:59,14.75,0.001,8
08/03/2026 22:29,15.625,0.001,8
08/03/2026 21:59,14.75,0.001,8.01
08/03/2026 21:29,15.5,0.001,8.01
08/03/2026 20:59,15.625,0.001,8.02
08/03/2026 20:29,16.625,0.001,8.02
08/03/2026 19:59,14.75,0.001,8.02
08/03/2026 19:29,16.625,0.001,8.02
08/03/2026 18:59,15.625,0.001,8.03
08/03/2026 18:29,14.875,0.001,8.03
08/03/2026 17:59,15.75,0.001,8.03
08/03/2026 17:29,15.875,0.001,8.03
08/03/2026 16:59,15.875,0.001,8.03
08/03/2026 16:29,15.875,0.001,8.02
08/03/2026 15:59,15.75,0.001,8.02
08/03/2026 15:29,15.875,0.001,8.02
08/03/2026 14:59,15.875,0.001,8.02
08/03/2026 14:29,15.875,0.001,8.01
08/03/2026 13:59,15.75,0.001,8.01
08/03/2026 13:59,15.75,0.001,8.01
08/03/2026 13:29,14.75,0.001,8
08/03/2026 12:59,16.625,0.001,8
08/03/2026 12:29,15.75,0.001,8
08/03/2026 11:59,15.5,0.001,7.99
08/03/2026 11:29,15.625,0.001,7.99
08/03/2026 10:59,15.5,0.001,7.98
08/03/2026 10:29,15.5,0.001,7.98
08/03/2026 09:59,15.375,0.001,7.97
08/03/2026 09:29,15.625,0.001,7.97
08/03/2026 08:59,15.5,0.001,7.97
08/03/2026 08:29,15.5,0.001,7.96
08/03/2026 07:59,15.5,0.001,7.96
08/03/2026 07:29,15.625,0.001,7.96
08/03/2026 06:59,15.5,0.001,7.95
08/03/2026 06:29,15.375,0.001,7.95
08/03/2026 05:59,15.625,0.001,7.96
08/03/2026 05:29,15.5,0.001,7.96
08/03/2026 04:59,15.5,0.001,7.96
08/03/2026 04:29,15.5,0.001,7.97
08/03/2026 03:59,15.375,0.001,7.97
08/03/2026 03:29,15.375,0.001,7.97
08/03/2026 02:59,15.5,0.001,7.97
08/03/2026 02:29,15.5,0.001,7.98
08/03/2026 01:59,15.5,0.001,7.98
08/03/2026 01:29,15.375,0.001,7.98
08/03/2026 00:59,15.5,0.001,7.99
08/03/2026 00:29,15.375,0.001,7.99
07/03/2026 23:59,15.5,0.001,7.99
07/03/2026 23:29,15.625,0.001,8
07/03/2026 22:59,15.375,0.001,8
07/03/2026 22:29,15.375,0.001,8
07/03/2026 21:59,15.5,0.001,8.01
07/03/2026 21:29,15.375,0.001,8.01
07/03/2026 20:59,15.25,0.001,8.01
07/03/2026 20:29,15.5,0.001,8.02
07/03/2026 19:59,15.375,0.001,8.02
07/03/2026 19:29,15.375,0.001,8.03
07/03/2026 18:59,15.25,0.001,8.03
07/03/2026 18:59,15.25,0.001,8.03
07/03/2026 18:29,15.375,0.001,8.03
07/03/2026 17:59,15.25,0.001,8.03
07/03/2026 17:29,15.5,0.001,8.03
07/03/2026 17:29,15.5,0.001,8.03
07/03/2026 16:59,15.375,0.001,8.03
07/03/2026 16:29,15.25,0.001,8.03
07/03/2026 15:59,15.5,0.001,8.02
07/03/2026 15:29,15.375,0.001,8.02
07/03/2026 14:59,15.375,0.001,8.02
07/03/2026 14:29,15.375,0.001,8.01
07/03/2026 13:59,15.375,0.001,8.01
07/03/2026 13:29,15.375,0.001,8
07/03/2026 12:59,15.375,0.001,8
07/03/2026 12:29,15.375,0.001,7.99
07/03/2026 11:59,15.375,0.001,7.99
07/03/2026 11:29,15.25,0.001,7.99
07/03/2026 10:59,15.375,0.001,7.98
07/03/2026 10:29,15.375,0.001,7.98
07/03/2026 09:59,15.25,0.001,7.97
07/03/2026 09:59,15.25,0.001,7.97
07/03/2026 09:29,15.25,0.001,7.97
07/03/2026 09:29,15.25,0.001,7.97
07/03/2026 08:59,15.25,0.001,7.96
07/03/2026 08:29,15.25,0.001,7.96
07/03/2026 08:29,15.25,0.001,7.96
07/03/2026 07:59,15.125,0.001,7.95
07/03/2026 07:29,15.125,0.001,7.95
07/03/2026 06:59,15.125,0.001,7.95
07/03/2026 06:29,15.125,0.001,7.95
07/03/2026 05:59,15.25,0.001,7.95
07/03/2026 05:29,15.125,0.001,7.95
07/03/2026 04:59,15.125,0.001,7.95
07/03/2026 04:29,15.25,0.001,7.96
07/03/2026 03:59,15.25,0.001,7.96
07/03/2026 03:29,15.125,0.001,7.96
07/03/2026 02:59,15.25,0.001,7.96
07/03/2026 02:29,15.25,0.001,7.97
07/03/2026 01:59,15.125,0.001,7.97
07/03/2026 01:29,15.125,0.001,7.97
07/03/2026 00:59,15.25,0.001,7.97
07/03/2026 00:29,15.125,0.001,7.98
06/03/2026 23:59,15.375,0.001,7.98
06/03/2026 23:29,15.375,0.001,7.99
06/03/2026 22:59,15.25,0.001,8
06/03/2026 22:29,15.125,0.001,8
06/03/2026 21:59,15.375,0.001,8.01
06/03/2026 21:29,15.375,0.001,8.01
06/03/2026 20:59,15.25,0.001,8.02
06/03/2026 20:59,15.25,0.001,8.02
06/03/2026 20:29,15.375,0.001,8.02
06/03/2026 19:59,15.5,0.001,8.02
06/03/2026 19:29,15.5,0.001,8.03
06/03/2026 18:59,15.5,0.001,8.03
06/03/2026 18:29,15.375,0.001,8.04
06/03/2026 17:59,15.375,0.001,8.03
06/03/2026 17:29,15.375,0.001,8.03
06/03/2026 16:59,15.5,0.001,8.03
06/03/2026 16:29,15.5,0.001,8.03
06/03/2026 15:59,15.5,0.001,8.03
06/03/2026 15:29,15.5,0.001,8.03
06/03/2026 14:59,15.5,0.001,8.02
06/03/2026 14:29,15.5,0.001,8.02
06/03/2026 13:59,15.5,0.001,8.01
06/03/2026 13:29,15.375,0.001,8.01
06/03/2026 12:59,15.625,0.001,8.01
06/03/2026 12:29,15.625,0.001,8
06/03/2026 11:59,15.625,0.001,8
06/03/2026 11:29,15.5,0.001,7.99
06/03/2026 10:59,15.625,0.001,7.99
06/03/2026 10:29,14.75,0.001,7.98
06/03/2026 09:59,14.75,0.001,7.97
06/03/2026 09:29,14.75,0.001,7.97
06/03/2026 08:59,14.75,0.001,7.97
06/03/2026 08:29,14.75,0.001,7.96
06/03/2026 07:59,16.5,0.001,7.96
06/03/2026 07:29,14.75,0.001,7.95
06/03/2026 06:59,15.625,0.001,7.95
06/03/2026 06:29,14.75,0.001,7.95
06/03/2026 05:59,15.5,0.001,7.96
06/03/2026 05:29,15.625,0.001,7.96
06/03/2026 04:59,15.75,0.001,7.96
06/03/2026 04:29,15.75,0.001,7.97
06/03/2026 03:59,15.625,0.001,7.97
06/03/2026 03:29,15.625,0.001,7.97
06/03/2026 02:59,16.625,0.001,7.97
06/03/2026 02:59,16.625,0.001,7.97
06/03/2026 02:29,14.75,0.001,7.98
06/03/2026 01:59,16.5,0.001,7.98
06/03/2026 01:29,15.625,0.001,7.98
06/03/2026 00:59,15.625,0.001,7.98
06/03/2026 00:29,15.625,0.001,7.99
05/03/2026 23:59,15.625,0.001,7.99
05/03/2026 23:29,15.625,0.001,8
05/03/2026 22:59,15.5,0.001,8
05/03/2026 22:29,15.5,0.001,8
05/03/2026 21:59,15.5,0.001,8.01
05/03/2026 21:29,15.5,0.001,8.01
05/03/2026 20:59,15.375,0.001,8.01
05/03/2026 20:29,15.5,0.001,8.02
05/03/2026 19:59,15.5,0.001,8.02
05/03/2026 19:29,15.375,0.001,8.02
05/03/2026 18:59,15.5,0.001,8.03
05/03/2026 18:29,15.375,0.001,8.03
05/03/2026 17:59,15.375,0.001,8.03
05/03/2026 17:29,15.5,0.001,8.03
05/03/2026 16:59,15.625,0.001,8.02
05/03/2026 16:29,15.5,0.001,8.02
05/03/2026 15:59,15.5,0.001,8.02
05/03/2026 15:29,15.5,0.001,8.01
05/03/2026 14:59,15.625,0.001,8.01
05/03/2026 14:29,15.5,0.001,8.01
05/03/2026 13:59,15.625,0.001,8
05/03/2026 13:29,15.5,0.001,8
05/03/2026 13:29,15.5,0.001,8
05/03/2026 12:59,15.5,0.001,7.99
05/03/2026 12:29,15.5,0.001,7.99
05/03/2026 11:59,15.5,0.001,7.98
05/03/2026 11:29,15.5,0.001,7.98
05/03/2026 10:59,15.5,0.001,7.97
05/03/2026 10:29,15.5,0.001,7.97
05/03/2026 09:59,15.375,0.001,7.97
05/03/2026 09:29,15.375,0.001,7.96
05/03/2026 08:59,15.375,0.001,7.95
05/03/2026 08:29,15.5,0.001,7.95
05/03/2026 07:59,15.5,0.001,7.95
05/03/2026 07:29,15.375,0.001,7.94
05/03/2026 06:59,15.375,0.001,7.94
05/03/2026 06:29,15.375,0.001,7.94
05/03/2026 05:59,15.375,0.001,7.95
05/03/2026 05:29,15.5,0.001,7.95
05/03/2026 04:59,15.375,0.001,7.95
05/03/2026 04:29,15.375,0.001,7.95
05/03/2026 03:59,15.375,0.001,7.95
05/03/2026 03:29,15.375,0.001,7.96
05/03/2026 02:59,15.5,0.001,7.96
05/03/2026 02:29,15.375,0.001,7.96
05/03/2026 01:59,15.5,0.001,7.97
05/03/2026 01:59,15.5,0.001,7.97
05/03/2026 01:29,15.375,0.001,7.97
05/03/2026 00:59,15.5,0.001,7.97
05/03/2026 00:29,15.5,0.001,7.97
04/03/2026 23:59,15.375,0.001,7.98
04/03/2026 23:29,15.625,0.001,7.98
04/03/2026 22:59,15.5,0.001,7.98
04/03/2026 22:29,15.5,0.001,7.99
04/03/2026 21:59,15.5,0.001,7.99
04/03/2026 21:29,15.5,0.001,8
04/03/2026 20:59,15.375,0.001,8
04/03/2026 20:29,15.5,0.001,8
04/03/2026 20:29,15.5,0.001,8
04/03/2026 19:59,15.5,0.001,8
04/03/2026 19:29,15.625,0.001,8.01
04/03/2026 18:59,15.375,0.001,8.01
04/03/2026 18:29,15.5,0.001,8.01
04/03/2026 17:59,15.5,0.001,8.01
04/03/2026 17:29,15.5,0.001,8.01
04/03/2026 16:59,15.625,0.001,8.01
04/03/2026 16:29,15.625,0.001,8.01
04/03/2026 15:59,15.625,0.001,8
04/03/2026 15:29,15.5,0.001,8
04/03/2026 14:59,14.75,0.001,7.99
04/03/2026 14:29,16.625,0.001,7.99
04/03/2026 13:59,15.625,0.001,7.99
04/03/2026 13:29,16.625,0.001,7.98
04/03/2026 12:59,15.625,0.001,7.98
04/03/2026 12:29,15.625,0.001,7.97
04/03/2026 11:59,16.625,0.001,7.97
04/03/2026 11:29,14.75,0.001,7.96
04/03/2026 10:59,14.75,0.001,7.96
04/03/2026 10:29,15.875,0.001,7.95
04/03/2026 09:59,15.75,0.001,7.94
04/03/2026 09:29,15.625,0.001,7.94
04/03/2026 08:59,15.75,0.001,7.93
04/03/2026 08:29,15.75,0.001,7.92
04/03/2026 07:59,15.75,0.001,7.92
04/03/2026 07:29,15.75,0.001,7.91
04/03/2026 06:59,15.75,0.001,7.91
04/03/2026 06:29,15.75,0.001,7.91
04/03/2026 05:59,15.75,0.001,7.91
04/03/2026 05:29,15.75,0.001,7.91
04/03/2026 04:59,15.625,0.001,7.91
04/03/2026 04:29,14.75,0.001,7.91
04/03/2026 03:59,15.75,0.001,7.91
04/03/2026 03:29,15.75,0.001,7.91
04/03/2026 02:59,15.75,0.001,7.92
04/03/2026 02:29,15.75,0.001,7.92
04/03/2026 01:59,15.875,0.001,7.92
04/03/2026 01:55,15.75,0.001,7.92
04/03/2026 00:59,15.875,0.001,7.92
04/03/2026 00:29,15.75,0.001,7.92
03/03/2026 23:59,16.625,0.001,7.93
03/03/2026 23:29,15.875,0.001,7.93
03/03/2026 22:59,15.75,0.001,7.94
03/03/2026 22:29,15.75,0.001,7.94
03/03/2026 21:59,15.875,0.001,7.95
03/03/2026 21:59,15.875,0.001,7.95
03/03/2026 21:29,15.875,0.001,7.95
03/03/2026 20:59,15.875,0.001,7.96
03/03/2026 20:29,15.875,0.001,7.97
03/03/2026 19:59,15.875,0.001,7.97
03/03/2026 19:29,15.875,0.001,7.98
03/03/2026 18:59,16.125,0.001,7.99
03/03/2026 18:29,16.125,0.001,8
03/03/2026 17:59,16.125,0.001,8.01
03/03/2026 17:29,16.125,0.001,8.02
03/03/2026 16:59,16,0.001,8.02
03/03/2026 16:29,16,0.001,8.03
03/03/2026 15:59,16,0.001,8.03
03/03/2026 15:29,16.125,0.001,8.03
03/03/2026 14:59,16,0.001,8.02
03/03/2026 14:29,16,0.001,8.02
03/03/2026 13:59,15.875,0.001,8.02
03/03/2026 13:29,16,0.001,8.02
03/03/2026 12:59,16.125,0.001,8.01
03/03/2026 12:29,16,0.001,8.01
03/03/2026 11:59,15.875,0.001,8
03/03/2026 11:29,16,0.001,8
03/03/2026 10:59,15.875,0.001,7.99
03/03/2026 10:29,15.75,0.001,7.99
03/03/2026 09:59,15.75,0.001,7.98
03/03/2026 09:29,15.75,0.001,7.98
03/03/2026 08:59,15.875,0.001,7.97
03/03/2026 08:29,15.75,0.001,7.97
03/03/2026 07:59,15.75,0.001,7.96
03/03/2026 07:29,15.75,0.001,7.96
03/03/2026 06:59,15.75,0.001,7.96
03/03/2026 06:29,14.75,0.001,7.96
03/03/2026 05:59,15.75,0.001,7.96
03/03/2026 05:29,15.75,0.001,7.97
03/03/2026 04:59,15.75,0.001,7.97
03/03/2026 04:29,16.625,0.001,7.97
03/03/2026 04:29,16.625,0.001,7.97
03/03/2026 03:59,15.875,0.001,7.97
03/03/2026 03:29,15.75,0.001,7.98
03/03/2026 03:29,15.75,0.001,7.98
03/03/2026 02:59,15.875,0.001,7.98
03/03/2026 02:59,15.875,0.001,7.98
03/03/2026 02:29,15.875,0.001,7.98
03/03/2026 01:59,14.75,0.001,7.99
03/03/2026 01:29,15.875,0.001,7.99
03/03/2026 00:59,15.75,0.001,7.99
03/03/2026 00:29,15.75,0.001,8
02/03/2026 23:59,15.875,0.001,8
02/03/2026 23:29,15.75,0.001,8
02/03/2026 22:59,15.875,0.001,8.01
02/03/2026 22:29,15.875,0.001,8.01
02/03/2026 21:59,15.875,0.001,8.02
02/03/2026 21:29,15.875,0.001,8.02
02/03/2026 20:59,15.875,0.001,8.02
02/03/2026 20:59,15.875,0.001,8.02
02/03/2026 20:29,15.875,0.001,8.03
02/03/2026 19:59,15.875,0.001,8.03
02/03/2026 19:29,15.875,0.001,8.04
02/03/2026 18:59,15.875,0.001,8.04
02/03/2026 18:29,16,0.001,8.04
02/03/2026 18:29,16,0.001,8.04
02/03/2026 17:59,16,0.001,8.04
02/03/2026 17:29,16,0.001,8.04
02/03/2026 16:59,16,0.001,8.04
02/03/2026 16:29,15.875,0.001,8.04
02/03/2026 15:59,16.125,0.001,8.04
02/03/2026 15:29,16,0.001,8.03
02/03/2026 14:59,16,0.001,8.03
02/03/2026 14:29,16,0.001,8.03
02/03/2026 13:59,16,0.001,8.02
02/03/2026 13:29,16.125,0.001,8.02
02/03/2026 12:59,16.125,0.001,8.01
02/03/2026 12:29,16.125,0.001,8.01
02/03/2026 11:59,16,0.001,8
02/03/2026 11:59,16,0.001,8
02/03/2026 11:29,15.875,0.001,8
02/03/2026 10:59,15.875,0.001,8
02/03/2026 10:29,15.875,0.001,7.99
02/03/2026 09:59,15.875,0.001,7.98
02/03/2026 09:59,15.875,0.001,7.98
02/03/2026 09:29,15.875,0.001,7.98
02/03/2026 08:59,15.75,0.001,7.97
02/03/2026 08:29,15.875,0.001,7.97
02/03/2026 07:59,15.75,0.001,7.96
02/03/2026 07:29,15.875,0.001,7.96
02/03/2026 06:59,15.875,0.001,7.96
02/03/2026 06:29,15.875,0.001,7.96
02/03/2026 05:59,15.875,0.001,7.96
02/03/2026 05:29,15.75,0.001,7.96
02/03/2026 04:59,15.875,0.001,7.97
02/03/2026 04:29,15.875,0.001,7.97
02/03/2026 03:59,15.875,0.001,7.97
02/03/2026 03:29,15.75,0.001,7.97
02/03/2026 02:59,15.75,0.001,7.98
02/03/2026 02:29,15.875,0.001,7.98
02/03/2026 01:59,15.875,0.001,7.98
02/03/2026 01:29,15.875,0.001,7.99
02/03/2026 00:59,15.75,0.001,7.99
02/03/2026 00:29,15.75,0.001,7.99
01/03/2026 23:59,15.875,0.001,8
01/03/2026 23:29,15.875,0.001,8
01/03/2026 23:29,15.875,0.001,8
01/03/2026 22:59,15.875,0.001,8
01/03/2026 22:29,15.875,0.001,8.01
01/03/2026 21:59,15.875,0.001,8.01
01/03/2026 21:29,15.875,0.001,8.02
01/03/2026 20:59,15.875,0.001,8.02
01/03/2026 20:29,15.875,0.001,8.02
01/03/2026 19:59,15.875,0.001,8.03
01/03/2026 19:59,15.875,0.001,8.03
01/03/2026 19:29,15.875,0.001,8.03
01/03/2026 18:59,16,0.001,8.04
01/03/2026 18:29,16,0.001,8.04
01/03/2026 17:59,15.875,0.001,8.04
01/03/2026 17:29,16.125,0.001,8.04
01/03/2026 16:59,16,0.001,8.04
01/03/2026 16:29,16,0.001,8.04
01/03/2026 15:59,16,0.001,8.03
01/03/2026 15:29,16,0.001,8.03
01/03/2026 14:59,16.125,0.001,8.03
01/03/2026 14:29,16.125,0.001,8.02
01/03/2026 13:59,16.125,0.001,8.02
01/03/2026 13:29,16,0.001,8.01
01/03/2026 12:59,16,0.001,8.01
01/03/2026 12:29,16.125,0.001,8
01/03/2026 11:59,16,0.001,8
01/03/2026 11:29,16,0.001,7.99
01/03/2026 10:59,16,0.001,7.99
01/03/2026 10:29,15.875,0.001,7.98
01/03/2026 09:59,15.875,0.001,7.97
01/03/2026 09:29,16,0.001,7.97
01/03/2026 08:59,15.875,0.001,7.96
01/03/2026 08:29,15.875,0.001,7.96
01/03/2026 07:59,15.875,0.001,7.95
01/03/2026 07:29,15.75,0.001,7.95
01/03/2026 06:59,15.75,0.001,7.95
01/03/2026 06:29,15.875,0.001,7.95
01/03/2026 06:29,15.875,0.001,7.95
01/03/2026 05:59,15.875,0.001,7.95
01/03/2026 05:29,15.75,0.001,7.95
01/03/2026 04:59,15.875,0.001,7.95
01/03/2026 04:59,15.875,0.001,7.95
01/03/2026 04:29,15.75,0.001,7.95
01/03/2026 03:59,16.625,0.001,7.96
01/03/2026 03:29,15.75,0.001,7.96
01/03/2026 03:29,15.75,0.001,7.96
01/03/2026 02:59,15.75,0.001,7.96
01/03/2026 02:29,15.875,0.001,7.96
01/03/2026 01:59,15.875,0.001,7.97
01/03/2026 01:29,15.875,0.001,7.97
01/03/2026 00:59,15.75,0.001,7.97
01/03/2026 00:29,15.875,0.001,7.97
28/02/2026 23:59,15.875,0.001,7.98
28/02/2026 23:29,15.875,0.001,7.98
28/02/2026 22:59,15.875,0.001,7.98
28/02/2026 22:29,15.75,0.001,7.99
28/02/2026 21:59,15.875,0.001,7.99
28/02/2026 21:29,15.875,0.001,7.99
28/02/2026 20:59,15.875,0.001,7.99
28/02/2026 20:29,15.875,0.001,8
28/02/2026 19:59,16,0.001,8
28/02/2026 19:29,15.875,0.001,8
28/02/2026 18:59,16,0.001,8.01
28/02/2026 18:29,16.125,0.001,8.01
28/02/2026 17:59,16.125,0.001,8.01
28/02/2026 17:29,16,0.001,8.01
28/02/2026 17:29,16,0.001,8.01
28/02/2026 16:59,16.125,0.001,8.01
28/02/2026 16:29,16.125,0.001,8
28/02/2026 15:59,16.125,0.001,8
28/02/2026 15:29,16.25,0.001,7.99
28/02/2026 14:59,16.125,0.001,7.99
28/02/2026 14:29,16.125,0.001,7.98
28/02/2026 13:59,16,0.001,7.98
28/02/2026 13:29,16,0.001,7.97
28/02/2026 12:59,16,0.001,7.97
28/02/2026 12:29,15.875,0.001,7.96
28/02/2026 12:29,15.875,0.001,7.96
28/02/2026 11:59,16,0.001,7.95
28/02/2026 11:29,16,0.001,7.95
28/02/2026 10:59,16,0.001,7.94
28/02/2026 10:29,15.875,0.001,7.93
28/02/2026 09:59,15.875,0.001,7.92
28/02/2026 09:29,15.875,0.001,7.92
28/02/2026 08:59,15.875,0.001,7.91
28/02/2026 08:29,15.875,0.001,7.91
28/02/2026 07:59,15.875,0.001,7.9
28/02/2026 07:29,15.875,0.001,7.89
28/02/2026 06:59,15.875,0.001,7.89
28/02/2026 06:29,15.875,0.001,7.9
28/02/2026 05:59,15.875,0.001,7.9
28/02/2026 05:29,15.875,0.001,7.89
28/02/2026 04:59,15.875,0.001,7.89
28/02/2026 04:29,15.75,0.001,7.89
28/02/2026 03:59,16,0.001,7.9
28/02/2026 03:29,15.875,0.001,7.9
28/02/2026 02:59,15.875,0.001,7.9
28/02/2026 02:29,15.875,0.001,7.9
28/02/2026 01:59,15.875,0.001,7.9
28/02/2026 01:29,15.875,0.001,7.91
28/02/2026 00:59,15.875,0.001,7.91
28/02/2026 00:29,16,0.001,7.91
27/02/2026 23:59,15.875,0.001,7.91
27/02/2026 23:29,16,0.001,7.92
27/02/2026 22:59,16,0.001,7.92
27/02/2026 22:29,15.875,0.001,7.92
27/02/2026 21:59,16,0.001,7.92
27/02/2026 21:29,16.125,0.001,7.93
27/02/2026 20:59,15.875,0.001,7.93
27/02/2026 20:29,16,0.001,7.94
27/02/2026 19:59,16.125,0.001,7.94
27/02/2026 19:29,16.125,0.001,7.94
27/02/2026 18:59,16.125,0.001,7.94
27/02/2026 18:29,16.125,0.001,7.95
27/02/2026 18:29,16.125,0.001,7.95
27/02/2026 17:59,16.125,0.001,7.94
27/02/2026 17:29,16.25,0.001,7.94
27/02/2026 16:59,16.25,0.001,7.94
27/02/2026 16:29,16.125,0.001,7.93
27/02/2026 15:59,16.125,0.001,7.93
27/02/2026 15:29,16.25,0.001,7.93
27/02/2026 14:59,16.125,0.001,7.92
27/02/2026 14:29,16.25,0.001,7.92
27/02/2026 13:59,16.125,0.001,7.92
27/02/2026 13:29,16.125,0.001,7.92
27/02/2026 12:59,16.125,0.001,7.92
27/02/2026 12:29,16.125,0.001,7.93
27/02/2026 11:59,15.875,0.001,7.93
27/02/2026 11:29,16,0.001,7.94
27/02/2026 10:59,15.875,0.001,7.93
27/02/2026 10:29,15.875,0.001,7.93
27/02/2026 10:29,15.875,0.001,7.93
27/02/2026 09:59,15.875,0.001,7.92
27/02/2026 09:29,15.75,0.001,7.92
27/02/2026 08:59,15.75,0.001,7.91
27/02/2026 08:29,15.75,0.001,7.91
27/02/2026 07:59,14.75,0.001,7.91
27/02/2026 07:29,15.625,0.001,7.9
27/02/2026 06:59,15.75,0.001,7.9
27/02/2026 06:29,15.625,0.001,7.91
27/02/2026 05:59,15.75,0.001,7.91
27/02/2026 05:29,15.75,0.001,7.91
27/02/2026 04:59,15.5,0.001,7.92
27/02/2026 04:29,14.75,0.001,7.92
27/02/2026 03:59,16.625,0.001,7.93
27/02/2026 03:29,15.75,0.001,7.93
27/02/2026 02:59,15.625,0.001,7.93
27/02/2026 02:29,15.625,0.001,7.93
27/02/2026 01:59,15.625,0.001,7.93
27/02/2026 01:29,15.75,0.001,7.93
27/02/2026 00:59,15.625,0.001,7.93
27/02/2026 00:29,15.625,0.001,7.93
26/02/2026 23:59,15.75,0.001,7.93
26/02/2026 23:29,15.75,0.001,7.93
26/02/2026 22:59,15.625,0.001,7.93
26/02/2026 22:29,15.75,0.001,7.93
26/02/2026 21:59,15.625,0.001,7.93
26/02/2026 21:29,15.75,0.001,7.94
26/02/2026 20:59,15.75,0.001,7.95
26/02/2026 20:29,15.75,0.001,7.96
26/02/2026 19:59,14.75,0.001,7.96
26/02/2026 19:59,14.75,0.001,7.96
26/02/2026 19:29,15.75,0.001,7.97
26/02/2026 18:59,15.875,0.001,7.97
26/02/2026 18:29,15.875,0.001,7.97
26/02/2026 17:59,15.875,0.001,7.97
26/02/2026 17:29,15.875,0.001,7.96
26/02/2026 16:59,16,0.001,7.95
26/02/2026 16:29,15.875,0.001,7.94
26/02/2026 16:29,15.875,0.001,7.94
26/02/2026 15:59,15.75,0.001,7.93
26/02/2026 15:29,15.75,0.001,7.91
26/02/2026 14:59,15.75,0.001,7.89
26/02/2026 14:29,16.625,0.001,7.87
26/02/2026 13:59,15.5,0.001,7.83
26/02/2026 13:29,15.5,0.001,7.79
26/02/2026 12:59,15.375,0.001,7.72
26/02/2026 12:29,15.5,0.001,7.62
26/02/2026 12:10,16.625,0.001,7.51
26/02/2026 11:59,15.75,0.001,7.43
26/02/2026 11:59,15.75,0.001,7.9
21/02/2026 14:29,16.125,0.002,8.06
21/02/2026 13:59,16,0.002,8.05
21/02/2026 13:29,16.125,0.002,8.05
21/02/2026 12:59,16,0.002,8.04
21/02/2026 12:29,15.875,0.002,8.04
21/02/2026 11:59,15.875,0.002,8.04
21/02/2026 11:29,15.875,0.002,8.03
21/02/2026 10:59,15.875,0.002,8.03
21/02/2026 10:59,15.875,0.002,8.03
21/02/2026 10:29,15.875,0.002,8.02
21/02/2026 09:59,15.875,0.002,8.02
21/02/2026 09:29,15.875,0.002,8.01
21/02/2026 09:29,15.875,0.002,8.01
21/02/2026 08:59,15.875,0.002,8.01
21/02/2026 08:29,15.875,0.002,8.01
21/02/2026 07:59,15.75,0.002,8
21/02/2026 07:29,15.875,0.002,8
21/02/2026 06:59,15.875,0.002,8
21/02/2026 06:29,15.75,0.002,8
21/02/2026 05:59,15.875,0.002,8
21/02/2026 05:29,15.875,0.002,8.01
21/02/2026 04:59,15.875,0.002,8.01
21/02/2026 04:29,16,0.002,8.01
21/02/2026 03:59,15.875,0.002,8.02
21/02/2026 03:29,15.875,0.002,8.02
21/02/2026 02:59,15.875,0.002,8.02
21/02/2026 02:29,16,0.002,8.02
21/02/2026 01:59,15.875,0.003,8.02
21/02/2026 01:29,16,0.002,8.02
21/02/2026 00:59,15.875,0.002,8.03
21/02/2026 00:29,15.875,0.002,8.03
20/02/2026 23:59,15.875,0.002,8.04
20/02/2026 23:29,15.875,0.002,8.04
20/02/2026 22:59,16,0.002,8.04
20/02/2026 22:29,16,0.002,8.05
20/02/2026 21:59,16,0.002,8.05
20/02/2026 21:29,15.875,0.002,8.05
20/02/2026 20:59,15.875,0.002,8.06
20/02/2026 20:29,16.125,0.002,8.06
20/02/2026 19:59,16.125,0.002,8.06
20/02/2026 19:29,15.875,0.002,8.07
20/02/2026 18:59,16.125,0.002,8.07
20/02/2026 18:29,16.125,0.002,8.07
20/02/2026 17:59,16.125,0.002,8.07
20/02/2026 17:29,16.25,0.002,8.07
20/02/2026 16:59,16.25,0.001,8.07
20/02/2026 16:29,16.25,0.002,8.06
20/02/2026 15:59,16.125,0.002,8.06
20/02/2026 15:29,16.125,0.002,8.06
20/02/2026 14:59,16.125,0.002,8.05
20/02/2026 14:29,16.125,0.002,8.05
20/02/2026 13:59,16,0.001,8.05
20/02/2026 13:29,16,0.001,8.04
20/02/2026 12:59,15.875,0.002,8.04
20/02/2026 12:29,15.875,0.003,8.04
20/02/2026 11:59,15.875,0.003,8.03
20/02/2026 11:29,16,0.003,8.03
20/02/2026 10:59,15.875,0.002,8.02
20/02/2026 10:59,15.875,0.002,8.02
20/02/2026 10:29,15.875,0.002,8.02
20/02/2026 09:59,15.75,0.002,8.02
20/02/2026 09:29,15.875,0.002,8.01
20/02/2026 08:59,15.75,0.002,8.01
20/02/2026 08:29,15.75,0.002,8
20/02/2026 07:59,15.875,0.002,8
20/02/2026 07:29,15.875,0.002,8
20/02/2026 06:59,15.75,0.002,8
20/02/2026 06:59,15.75,0.002,8
20/02/2026 06:29,15.75,0.002,8
20/02/2026 05:59,16,0.003,8
20/02/2026 05:29,15.875,0.003,8
20/02/2026 04:59,16,0.003,8
20/02/2026 04:29,15.875,0.002,8.01
20/02/2026 03:59,15.875,0.002,8.01
20/02/2026 03:29,16,0.002,8.02
20/02/2026 02:59,15.875,0.002,8.02
20/02/2026 02:29,15.875,0.002,8.02
20/02/2026 01:59,15.875,0.002,8.02
20/02/2026 01:29,15.875,0.002,8.03
20/02/2026 00:59,15.875,0.002,8.03
20/02/2026 00:29,16,0.002,8.03
19/02/2026 23:59,15.75,0.003,8.03
19/02/2026 23:29,15.875,0.002,8.04
19/02/2026 22:59,15.875,0.002,8.04
19/02/2026 22:29,15.875,0.002,8.05
19/02/2026 21:59,15.875,0.002,8.05
19/02/2026 21:29,16,0.002,8.05
19/02/2026 20:59,16,0.002,8.06
19/02/2026 20:29,16,0.002,8.06
19/02/2026 19:59,16.125,0.002,8.06
19/02/2026 19:29,16.125,0.002,8.07
19/02/2026 18:59,16,0.002,8.07
19/02/2026 18:29,16.125,0.002,8.07
19/02/2026 17:59,16.125,0.002,8.07
19/02/2026 17:29,16.125,0.002,8.07
19/02/2026 16:59,16.125,0.003,8.07
19/02/2026 16:29,16.125,0.002,8.06
19/02/2026 15:59,16.125,0.002,8.06
19/02/2026 15:59,16.125,0.002,8.06
19/02/2026 15:29,16.125,0.002,8.06
19/02/2026 14:59,15.875,0.002,8.05
19/02/2026 14:29,16,0.002,8.05
19/02/2026 13:59,16,0.002,8.05
19/02/2026 13:59,16,0.002,8.05
19/02/2026 13:29,16.125,0.002,8.05
19/02/2026 12:59,15.75,0.002,8.04
19/02/2026 12:29,15.875,0.002,8.04
19/02/2026 11:59,15.75,0.002,8.04
19/02/2026 11:29,16,0.002,8.03
19/02/2026 10:59,15.875,0.002,8.03
19/02/2026 10:29,15.75,0.002,8.02
19/02/2026 09:59,15.75,0.002,8.02
19/02/2026 09:29,15.875,0.002,8.02
19/02/2026 08:59,15.75,0.002,8.01
19/02/2026 08:29,15.875,0.002,8.01
19/02/2026 07:59,15.75,0.002,8
19/02/2026 07:29,15.75,0.002,8
19/02/2026 06:59,15.875,0.002,8
19/02/2026 06:29,15.75,0.002,8.01
19/02/2026 05:59,15.875,0.002,8
19/02/2026 05:29,15.875,0.002,8.01
19/02/2026 04:59,15.875,0.002,8.01
19/02/2026 04:29,15.875,0.002,8.01
19/02/2026 03:59,15.875,0.002,8.02
19/02/2026 03:29,15.75,0.002,8.02
19/02/2026 02:59,15.875,0.002,8.02
19/02/2026 02:29,15.875,0.002,8.02
19/02/2026 01:59,15.75,0.002,8.02
19/02/2026 01:29,15.875,0.002,8.03
19/02/2026 00:59,15.875,0.002,8.03
19/02/2026 00:29,15.75,0.002,8.03
18/02/2026 23:59,15.875,0.002,8.04
18/02/2026 23:29,16,0.002,8.04
18/02/2026 22:59,15.875,0.002,8.04
18/02/2026 22:29,15.875,0.002,8.05
18/02/2026 21:59,15.75,0.002,8.05
18/02/2026 21:29,16,0.002,8.05
18/02/2026 20:59,15.875,0.003,8.05
18/02/2026 20:29,15.875,0.003,8.06
18/02/2026 19:59,16,0.002,8.06
18/02/2026 19:29,16,0.002,8.06
18/02/2026 18:59,16,0.002,8.06
18/02/2026 18:29,16.125,0.002,8.07
18/02/2026 17:59,16.125,0.002,8.07
18/02/2026 17:29,16,0.002,8.07
18/02/2026 16:59,16.25,0.002,8.07
18/02/2026 16:29,16.125,0.002,8.07
18/02/2026 15:59,16.125,0.002,8.06
18/02/2026 15:29,16.125,0.002,8.06
18/02/2026 14:59,16.125,0.002,8.06
18/02/2026 14:29,16,0.002,8.05
18/02/2026 13:59,16,0.002,8.05
18/02/2026 13:29,16,0.002,8.05
18/02/2026 12:59,16,0.002,8.04
18/02/2026 12:29,16,0.002,8.04
18/02/2026 11:59,16,0.002,8.03
18/02/2026 11:29,15.875,0.002,8.03
18/02/2026 10:59,15.875,0.002,8.02
18/02/2026 10:29,15.875,0.002,8.02
18/02/2026 09:59,15.875,0.002,8.02
18/02/2026 09:29,15.875,0.002,8.01
18/02/2026 09:29,15.875,0.002,8.01
18/02/2026 08:59,15.75,0.002,8.01
18/02/2026 08:29,15.75,0.002,8.01
18/02/2026 07:59,15.875,0.002,8
18/02/2026 07:29,15.75,0.002,8
18/02/2026 07:29,15.75,0.002,8
18/02/2026 06:59,15.875,0.002,8
18/02/2026 06:29,15.875,0.002,8
18/02/2026 05:59,15.75,0.002,8
18/02/2026 05:29,15.875,0.002,8.01
18/02/2026 04:59,15.875,0.002,8.01
18/02/2026 04:29,15.75,0.002,8.01
18/02/2026 03:59,15.875,0.002,8.01
18/02/2026 03:29,16,0.002,8.02
18/02/2026 03:29,16,0.002,8.02
18/02/2026 02:59,15.875,0.002,8.02
18/02/2026 02:29,16,0.002,8.02
18/02/2026 01:59,15.875,0.002,8.02
18/02/2026 01:29,16,0.002,8.02
18/02/2026 00:59,15.875,0.002,8.03
18/02/2026 00:29,15.875,0.002,8.03
17/02/2026 23:59,15.875,0.002,8.04
17/02/2026 23:29,16.125,0.002,8.04
17/02/2026 22:59,16,0.002,8.04
17/02/2026 22:29,16,0.002,8.05
17/02/2026 21:59,16.125,0.002,8.05
17/02/2026 21:29,16.125,0.002,8.05
17/02/2026 20:59,16.125,0.002,8.06
17/02/2026 20:29,16.25,0.002,8.06
17/02/2026 19:59,16.125,0.002,8.06
17/02/2026 19:29,16.25,0.002,8.06
17/02/2026 18:59,16.25,0.002,8.07
17/02/2026 18:29,16.375,0.002,8.07
17/02/2026 17:59,16.375,0.002,8.07
17/02/2026 17:29,16.375,0.002,8.07
17/02/2026 17:29,16.375,0.002,8.07
17/02/2026 16:59,16.375,0.002,8.06
17/02/2026 16:29,16.25,0.002,8.06
17/02/2026 15:59,16.25,0.002,8.06
17/02/2026 15:29,16.25,0.002,8.05
17/02/2026 14:59,16.25,0.002,8.05
17/02/2026 14:29,16.25,0.002,8.05
17/02/2026 13:59,16.125,0.002,8.04
17/02/2026 13:29,16.125,0.002,8.04
17/02/2026 12:59,16,0.002,8.03
17/02/2026 12:29,16.125,0.002,8.03
17/02/2026 11:59,16,0.002,8.03
17/02/2026 11:29,16,0.002,8.02
17/02/2026 10:59,16,0.002,8.02
17/02/2026 10:29,16,0.002,8.02
17/02/2026 09:59,16,0.002,8.01
17/02/2026 09:29,15.875,0.002,8.01
17/02/2026 08:59,15.875,0.002,8
17/02/2026 08:29,15.875,0.002,8
17/02/2026 07:59,15.875,0.002,8
17/02/2026 07:29,15.875,0.002,7.99
17/02/2026 07:29,15.875,0.002,7.99
17/02/2026 06:59,15.875,0.002,7.99
17/02/2026 06:29,15.875,0.002,7.99
17/02/2026 05:59,15.875,0.002,8
17/02/2026 05:29,15.875,0.002,8
17/02/2026 04:59,15.875,0.002,8
17/02/2026 04:29,15.875,0.003,8
17/02/2026 03:59,15.875,0.002,8
17/02/2026 03:29,15.875,0.002,8.01
17/02/2026 02:59,15.875,0.002,8.01
17/02/2026 02:29,15.875,0.002,8.01
17/02/2026 01:59,15.875,0.002,8.02
17/02/2026 01:29,16,0.002,8.02
17/02/2026 00:59,15.875,0.002,8.02
17/02/2026 00:29,15.875,0.002,8.02
16/02/2026 23:59,15.875,0.002,8.03
16/02/2026 23:29,16,0.002,8.03
16/02/2026 22:59,16,0.002,8.03
16/02/2026 22:29,16.125,0.002,8.04
16/02/2026 21:59,15.875,0.002,8.04
16/02/2026 21:29,15.875,0.002,8.04
16/02/2026 20:59,16.125,0.002,8.04
16/02/2026 20:29,16,0.002,8.05
16/02/2026 19:59,16.125,0.002,8.05
16/02/2026 19:29,16.125,0.002,8.05
16/02/2026 18:59,16.125,0.001,8.06
16/02/2026 18:29,16.125,0.001,8.06
16/02/2026 17:59,16.25,0.001,8.06
16/02/2026 17:29,16.25,0.001,8.06
16/02/2026 16:59,16.125,0.001,8.05
16/02/2026 16:29,16.25,0.001,8.05
16/02/2026 15:59,16.125,0.001,8.05
16/02/2026 15:29,16.125,0.001,8.05
16/02/2026 14:59,16,0.001,8.05
16/02/2026 14:29,16.125,0.001,8.04
16/02/2026 13:59,16,0.001,8.04
16/02/2026 13:29,16.125,0.001,8.04
16/02/2026 12:59,15.875,0.001,8.03
16/02/2026 12:29,15.75,0.001,8.03
16/02/2026 11:59,15.75,0.001,8.03
16/02/2026 11:29,15.75,0.001,8.02
16/02/2026 10:59,15.75,0.002,8.02
16/02/2026 10:29,15.75,0.001,8.02
16/02/2026 09:59,15.75,0.001,8.01
16/02/2026 09:59,15.75,0.001,8.01
16/02/2026 09:29,15.875,0.001,8.01
16/02/2026 08:59,15.75,0.002,8.01
16/02/2026 08:29,15.75,0.002,8
16/02/2026 07:59,15.75,0.002,8
16/02/2026 07:29,15.875,0.002,8
16/02/2026 06:59,15.75,0.002,8
16/02/2026 06:59,15.75,0.002,8
16/02/2026 06:29,15.75,0.002,8
16/02/2026 05:59,15.875,0.002,8
16/02/2026 05:29,16.625,0.002,8
16/02/2026 04:59,15.875,0.002,8
16/02/2026 04:29,15.875,0.002,8.01
16/02/2026 03:59,15.875,0.002,8.01
16/02/2026 03:29,15.75,0.002,8.01
16/02/2026 02:59,15.875,0.002,8.01
16/02/2026 02:29,15.875,0.002,8.01
16/02/2026 01:59,15.875,0.002,8.02
16/02/2026 01:29,15.875,0.002,8.02
16/02/2026 00:59,15.875,0.002,8.02
16/02/2026 00:29,15.75,0.002,8.02
15/02/2026 23:59,15.75,0.002,8.03
15/02/2026 23:29,15.75,0.002,8.03
15/02/2026 22:59,15.75,0.002,8.03
15/02/2026 22:29,15.75,0.002,8.03
15/02/2026 21:59,15.875,0.002,8.04
15/02/2026 21:29,15.75,0.002,8.04
15/02/2026 20:59,15.75,0.002,8.04
15/02/2026 20:29,15.75,0.002,8.05
15/02/2026 19:59,15.75,0.002,8.05
15/02/2026 19:29,15.75,0.002,8.05
15/02/2026 19:29,15.75,0.002,8.05
15/02/2026 18:59,15.75,0.002,8.06
15/02/2026 18:29,15.75,0.002,8.06
15/02/2026 17:59,15.75,0.002,8.06
15/02/2026 17:29,15.75,0.002,8.06
15/02/2026 16:59,15.875,0.002,8.05
15/02/2026 16:29,15.875,0.002,8.05
15/02/2026 15:59,15.875,0.002,8.05
15/02/2026 15:29,15.875,0.002,8.05
15/02/2026 14:59,15.75,0.002,8.04
15/02/2026 14:29,15.75,0.002,8.04
15/02/2026 13:59,14.75,0.002,8.03
15/02/2026 13:59,14.75,0.002,8.03
15/02/2026 13:29,14.75,0.002,8.03
15/02/2026 13:25,16.625,0.002,8.03
15/02/2026 12:29,15.625,0.002,8.02
15/02/2026 11:59,15.625,0.002,8.02
15/02/2026 11:29,15.625,0.002,8.01
15/02/2026 11:29,15.625,0.002,8.01
15/02/2026 10:59,15.625,0.002,8.01
15/02/2026 10:29,15.5,0.002,8.01
15/02/2026 09:59,15.625,0.002,8
15/02/2026 09:29,15.5,0.002,8
15/02/2026 08:59,15.625,0.002,7.99
15/02/2026 08:29,15.625,0.002,7.99
15/02/2026 07:59,15.625,0.002,7.99
15/02/2026 07:29,15.5,0.002,7.98
15/02/2026 07:29,15.5,0.002,7.98
15/02/2026 06:59,15.5,0.002,7.98
15/02/2026 06:29,15.5,0.002,7.99
15/02/2026 05:59,15.5,0.002,7.99
15/02/2026 05:29,15.625,0.002,7.99
15/02/2026 04:59,15.625,0.002,7.99
15/02/2026 04:29,15.5,0.002,7.99
15/02/2026 03:59,15.75,0.002,8
15/02/2026 03:29,15.625,0.002,8
15/02/2026 02:59,15.75,0.002,8
15/02/2026 02:29,15.625,0.002,8
15/02/2026 01:59,15.625,0.002,8
15/02/2026 01:29,14.75,0.002,8
15/02/2026 00:59,14.75,0.002,8.01
15/02/2026 00:29,14.75,0.002,8.01
14/02/2026 23:59,15.5,0.002,8.01
14/02/2026 23:59,15.5,0.002,8.01
14/02/2026 23:29,15.625,0.002,8.01
14/02/2026 22:59,15.625,0.003,8.02
14/02/2026 22:29,16.625,0.002,8.02
14/02/2026 21:59,16.625,0.002,8.02
14/02/2026 21:29,16.5,0.002,8.02
14/02/2026 20:59,16.625,0.002,8.03
14/02/2026 20:29,15.625,0.002,8.03
14/02/2026 19:59,15.625,0.002,8.03
14/02/2026 19:29,15.75,0.002,8.04
14/02/2026 18:59,15.5,0.002,8.04
14/02/2026 18:29,15.625,0.002,8.04
14/02/2026 17:59,14.75,0.002,8.04
14/02/2026 17:29,16.625,0.002,8.04
14/02/2026 16:59,15.75,0.002,8.03
14/02/2026 16:29,15.875,0.001,8.03
14/02/2026 15:59,16.625,0.001,8.02
14/02/2026 15:29,15.75,0.001,8.02
14/02/2026 14:59,14.75,0.001,8.02
14/02/2026 14:29,16.625,0.001,8.02
14/02/2026 13:59,15.75,0.001,8.01
14/02/2026 13:29,15.75,0.001,8.01
14/02/2026 12:59,15.75,0.001,8.01
14/02/2026 12:29,15.5,0.001,8
14/02/2026 11:59,15.625,0.001,8
14/02/2026 11:29,15.5,0.001,8
14/02/2026 10:59,15.625,0.001,7.99
14/02/2026 10:29,16.625,0.001,7.99
14/02/2026 09:59,15.75,0.002,7.99
14/02/2026 09:29,15.5,0.002,7.99
14/02/2026 08:59,14.75,0.001,7.98
14/02/2026 08:29,15.625,0.001,7.98
14/02/2026 07:59,15.625,0.001,7.97
14/02/2026 07:29,14.75,0.001,7.98
14/02/2026 06:59,15.625,0.002,7.98
14/02/2026 06:29,16.5,0.002,7.98
14/02/2026 05:59,15.625,0.002,7.98
14/02/2026 05:29,15.75,0.002,7.98
14/02/2026 04:59,16.625,0.002,7.99
14/02/2026 04:29,15.75,0.002,7.99
14/02/2026 03:59,15.75,0.002,7.99
14/02/2026 03:59,15.75,0.002,7.99
14/02/2026 03:29,15.75,0.002,7.99
14/02/2026 02:59,15.75,0.002,7.99
14/02/2026 02:29,15.75,0.001,8
14/02/2026 01:59,15.875,0.001,8
14/02/2026 01:29,15.75,0.001,8
14/02/2026 00:59,15.75,0.001,8
14/02/2026 00:29,15.75,0.001,8.01
13/02/2026 23:59,15.75,0.001,8.01
13/02/2026 23:29,15.75,0.001,8.01
13/02/2026 22:59,15.75,0.001,8.02
13/02/2026 22:29,15.875,0.001,8.02
13/02/2026 21:59,15.875,0.001,8.03
13/02/2026 21:29,15.75,0.001,8.03
13/02/2026 20:59,15.875,0.002,8.03
13/02/2026 20:29,15.75,0.002,8.03
13/02/2026 19:59,15.75,0.002,8.04
13/02/2026 19:29,15.875,0.002,8.04
13/02/2026 19:29,15.875,0.002,8.04
13/02/2026 18:59,15.75,0.002,8.04
13/02/2026 18:29,15.875,0.002,8.04
13/02/2026 17:59,15.875,0.001,8.04
13/02/2026 17:29,16,0.001,8.04
13/02/2026 16:59,15.875,0.001,8.04
13/02/2026 16:29,15.875,0.001,8.03
13/02/2026 15:59,16,0.001,8.03
13/02/2026 15:29,16,0.001,8.03
13/02/2026 14:59,16,0.001,8.02
13/02/2026 14:29,16,0.001,8.02
13/02/2026 13:59,15.875,0.001,8.02
13/02/2026 13:29,15.875,0.001,8.02
13/02/2026 12:59,15.75,0.001,8.01
13/02/2026 12:29,15.875,0.001,8.01
13/02/2026 11:59,15.875,0.001,8.01
13/02/2026 11:29,15.875,0.001,8
13/02/2026 10:59,15.875,0.001,8
13/02/2026 10:29,15.875,0.001,8
13/02/2026 09:59,15.75,0.001,7.99
13/02/2026 09:29,15.75,0.001,7.99
13/02/2026 08:59,16.625,0.001,7.99
13/02/2026 08:29,15.75,0.003,7.98
13/02/2026 07:59,15.75,0.002,7.98
13/02/2026 07:29,14.75,0.002,7.98
13/02/2026 06:59,15.75,0.002,7.98
13/02/2026 06:29,15.75,0.002,7.98
13/02/2026 05:59,16.625,0.002,7.98
13/02/2026 05:29,16.625,0.002,7.98
13/02/2026 04:59,15.75,0.002,7.98
13/02/2026 04:29,15.625,0.003,7.99
13/02/2026 03:59,15.625,0.002,7.99
13/02/2026 03:29,15.625,0.002,7.99
13/02/2026 02:59,16.625,0.002,7.99
13/02/2026 02:29,15.625,0.002,7.99
13/02/2026 01:59,14.75,0.002,8
13/02/2026 01:29,15.625,0.002,8
13/02/2026 00:59,15.75,0.002,8
13/02/2026 00:29,15.625,0.002,8
12/02/2026 23:59,15.75,0.002,8
12/02/2026 23:29,16.625,0.002,8
12/02/2026 22:59,15.75,0.002,8.01
12/02/2026 22:29,15.625,0.002,8.01
12/02/2026 21:59,15.875,0.002,8.01
12/02/2026 21:29,15.75,0.002,8.01
12/02/2026 21:29,15.75,0.002,8.01
12/02/2026 20:59,15.75,0.002,8.02
12/02/2026 20:29,15.875,0.002,8.02
12/02/2026 19:59,15.75,0.002,8.02
12/02/2026 19:29,16,0.002,8.02
12/02/2026 18:59,15.875,0.002,8.03
12/02/2026 18:59,15.875,0.002,8.03
12/02/2026 18:29,16,0.002,8.03
12/02/2026 17:59,16,0.002,8.02
12/02/2026 17:29,16.125,0.002,8.02
12/02/2026 16:59,16.125,0.002,8.02
12/02/2026 16:29,15.875,0.002,8.02
12/02/2026 15:59,15.875,0.002,8.02
12/02/2026 15:29,16,0.002,8.02
12/02/2026 14:59,15.875,0.002,8.02
12/02/2026 14:29,15.875,0.002,8.01
12/02/2026 13:59,15.875,0.002,8.02
12/02/2026 13:29,15.75,0.002,8.02
12/02/2026 12:59,15.875,0.002,8.02
12/02/2026 12:29,16.625,0.002,8.03
12/02/2026 12:29,16.625,0.002,8.03
12/02/2026 11:59,15.75,0.002,8.03
12/02/2026 11:29,15.375,0.001,8.04
12/02/2026 10:59,15.625,0.001,8.06
12/02/2026 10:29,15.5,0.002,8.04
12/02/2026 09:59,14.75,0.002,8.03
12/02/2026 09:29,15.875,0.002,8.03
12/02/2026 08:59,15.75,0.002,8.03
12/02/2026 08:29,15.75,0.002,8.03
12/02/2026 07:59,15.5,0.002,8.03
12/02/2026 07:29,15.625,0.002,8.03
12/02/2026 07:29,15.625,0.002,8.03
12/02/2026 06:59,15.5,0.002,8.02
12/02/2026 06:29,15.625,0.002,8.02
12/02/2026 05:59,15.75,0.002,8.02
12/02/2026 05:59,15.75,0.002,8.02
12/02/2026 05:29,15.625,0.002,8.03
12/02/2026 04:59,15.375,0.002,8.03
12/02/2026 04:29,16.625,0.002,8.03
12/02/2026 04:29,16.625,0.002,8.03
12/02/2026 03:59,16.5,0.002,8.03
12/02/2026 03:29,15.625,0.003,8.03
12/02/2026 03:29,15.625,0.003,8.03
12/02/2026 02:59,15.5,0.003,8.03
12/02/2026 02:29,14.75,0.002,8.04
12/02/2026 02:29,14.75,0.002,8.04
12/02/2026 01:59,14.75,0.002,8.04
12/02/2026 01:29,14.75,0.002,8.04
12/02/2026 00:59,16.625,0.002,8.05
12/02/2026 00:29,15.625,0.002,8.05
11/02/2026 23:59,15.75,0.002,8.05
11/02/2026 23:29,15.75,0.002,8.05
11/02/2026 22:59,15.75,0.002,8.05
11/02/2026 22:29,15.875,0.002,8.06
11/02/2026 21:59,14.75,0.002,8.06
11/02/2026 21:29,16,0.002,8.06
11/02/2026 20:59,16,0.002,8.07
11/02/2026 20:29,15.875,0.002,8.07
11/02/2026 19:59,15.875,0.002,8.07
11/02/2026 19:29,16,0.002,8.07
11/02/2026 18:59,16,0.002,8.07
11/02/2026 18:29,16,0.002,8.08
11/02/2026 17:59,16.125,0.002,8.08
11/02/2026 17:29,16.125,0.002,8.08
11/02/2026 16:59,16.25,0.002,8.08
11/02/2026 16:29,16,0.002,8.07
11/02/2026 16:29,16,0.002,8.07
11/02/2026 15:59,16.125,0.002,8.07
11/02/2026 15:29,16.25,0.001,8.07
11/02/2026 14:59,16,0.001,8.07
11/02/2026 14:29,16.125,0.001,8.06
11/02/2026 13:59,16,0.001,8.06
11/02/2026 13:29,16,0.001,8.06
11/02/2026 12:59,16,0.001,8.05
11/02/2026 12:29,15.875,0.002,8.05
11/02/2026 12:29,15.875,0.002,8.05
11/02/2026 11:59,16,0.002,8.05
11/02/2026 11:29,15.875,0.001,8.04
11/02/2026 10:59,15.875,0.002,8.04
11/02/2026 10:29,15.75,0.002,8.04
11/02/2026 09:59,15.75,0.002,8.03
11/02/2026 09:29,15.875,0.003,8.03
11/02/2026 08:59,15.75,0.003,8.03
11/02/2026 08:29,15.75,0.003,8.03
11/02/2026 07:59,15.75,0.003,8.02
11/02/2026 07:29,16.625,0.003,8.02
11/02/2026 06:59,15.75,0.003,8.02
11/02/2026 06:29,15.625,0.003,8.02
11/02/2026 05:59,16.625,0.003,8.02
11/02/2026 05:29,15.75,0.003,8.02
11/02/2026 04:59,14.75,0.003,8.02
11/02/2026 04:29,15.625,0.003,8.02
11/02/2026 03:59,14.75,0.003,8.03
11/02/2026 03:29,16.625,0.003,8.03
11/02/2026 02:59,15.625,0.003,8.03
11/02/2026 02:59,15.625,0.003,8.03
11/02/2026 02:29,15.75,0.003,8.03
11/02/2026 01:59,15.75,0.003,8.03
11/02/2026 01:29,15.75,0.003,8.03
11/02/2026 00:59,15.75,0.003,8.04
11/02/2026 00:29,15.875,0.003,8.04
11/02/2026 00:29,15.875,0.003,8.04
10/02/2026 23:59,15.75,0.003,8.04
10/02/2026 23:29,15.75,0.003,8.04
10/02/2026 22:59,15.875,0.003,8.05
10/02/2026 22:29,15.875,0.003,8.05
10/02/2026 21:59,15.75,0.003,8.05
10/02/2026 21:29,16,0.003,8.05
10/02/2026 20:59,16,0.003,8.06
10/02/2026 20:29,15.875,0.003,8.06
10/02/2026 19:59,15.875,0.003,8.06
10/02/2026 19:59,15.875,0.003,8.06
10/02/2026 19:29,16.125,0.003,8.06
10/02/2026 18:59,15.875,0.003,8.07
10/02/2026 18:29,16,0.003,8.07
10/02/2026 17:59,16.125,0.003,8.07
10/02/2026 17:29,16.125,0.003,8.07
10/02/2026 16:59,16.125,0.003,8.07
10/02/2026 16:29,16.125,0.003,8.06
10/02/2026 15:59,16.125,0.003,8.06
10/02/2026 15:29,16.125,0.003,8.06
10/02/2026 14:59,16,0.003,8.06
10/02/2026 14:29,16,0.003,8.06
10/02/2026 13:59,16,0.003,8.05
10/02/2026 13:29,16.125,0.003,8.05
10/02/2026 12:59,16.125,0.003,8.04
10/02/2026 12:29,16,0.003,8.04
10/02/2026 11:59,16.125,0.003,8.04
10/02/2026 11:29,16,0.003,8.03
10/02/2026 10:59,15.875,0.003,8.03
10/02/2026 10:29,16.625,0.003,8.03
10/02/2026 09:59,15.75,0.003,8.02
10/02/2026 09:29,16.625,0.003,8.02
10/02/2026 08:59,16.625,0.003,8.02
10/02/2026 08:29,14.75,0.003,8.01
10/02/2026 07:59,15.5,0.003,8.01
10/02/2026 07:29,15.625,0.003,8.01
10/02/2026 06:59,15.75,0.003,8
10/02/2026 06:29,15.5,0.003,8
10/02/2026 05:59,15.5,0.003,8
10/02/2026 05:29,15.625,0.003,8.01
10/02/2026 04:59,16.625,0.003,8.01
10/02/2026 04:29,15.625,0.003,8.01
10/02/2026 03:59,15.75,0.003,8.01
10/02/2026 03:29,15.75,0.003,8.01
10/02/2026 02:59,14.75,0.003,8.01
10/02/2026 02:59,14.75,0.003,8.01
10/02/2026 02:29,15.75,0.003,8.01
10/02/2026 01:59,16.625,0.003,8.02
10/02/2026 01:29,15.875,0.003,8.02
10/02/2026 00:59,15.75,0.003,8.02
10/02/2026 00:29,15.75,0.003,8.02
09/02/2026 23:59,15.75,0.003,8.02
09/02/2026 23:29,15.875,0.003,8.03
09/02/2026 22:59,16,0.003,8.03
09/02/2026 22:29,15.875,0.003,8.03
09/02/2026 21:59,16,0.003,8.03
09/02/2026 21:29,15.875,0.002,8.03
09/02/2026 20:59,16,0.002,8.04
09/02/2026 20:29,16,0.002,8.04
09/02/2026 19:59,16.125,0.002,8.04
09/02/2026 19:29,16.125,0.002,8.04
09/02/2026 18:59,16.125,0.002,8.05
09/02/2026 18:29,16.25,0.002,8.05
09/02/2026 17:59,16.25,0.002,8.05
09/02/2026 17:29,16.25,0.002,8.06
09/02/2026 16:59,16.25,0.002,8.07
09/02/2026 16:29,16.25,0.002,8.08
09/02/2026 15:59,16.25,0.002,8.08
09/02/2026 15:29,16.25,0.002,8.09
09/02/2026 14:59,16.25,0.002,8.09
09/02/2026 14:29,16.25,0.002,8.09
09/02/2026 13:59,16.375,0.002,8.08
09/02/2026 13:29,16.25,0.002,8.08
09/02/2026 12:59,16.25,0.002,8.08
09/02/2026 12:29,16.125,0.002,8.07
09/02/2026 11:59,16.25,0.002,8.07
09/02/2026 11:29,16.125,0.002,8.07
09/02/2026 10:59,16.125,0.002,8.06
09/02/2026 10:29,16.125,0.002,8.06
09/02/2026 09:59,16,0.002,8.06
09/02/2026 09:29,15.875,0.002,8.05
09/02/2026 08:59,15.875,0.002,8.05
09/02/2026 08:29,15.875,0.003,8.04
09/02/2026 07:59,15.75,0.002,8.04
09/02/2026 07:29,15.75,0.002,8.04
09/02/2026 06:59,16.625,0.002,8.04
09/02/2026 06:29,15.75,0.002,8.04
09/02/2026 05:59,14.75,0.002,8.04
09/02/2026 05:59,14.75,0.002,8.04
09/02/2026 05:29,14.75,0.002,8.04
09/02/2026 05:29,14.75,0.002,8.04
09/02/2026 04:59,15.875,0.002,8.04
09/02/2026 04:29,15.875,0.002,8.05
09/02/2026 03:59,15.75,0.002,8.05
09/02/2026 03:29,15.875,0.002,8.05
09/02/2026 02:59,15.75,0.002,8.05
09/02/2026 02:29,15.75,0.002,8.05
09/02/2026 01:59,15.875,0.001,8.05
09/02/2026 01:29,15.75,0.001,8.06
09/02/2026 00:59,16.625,0.001,8.06
09/02/2026 00:29,15.75,0.002,8.06
08/02/2026 23:59,15.875,0.002,8.07
08/02/2026 23:29,16.625,0.002,8.07
08/02/2026 22:59,15.875,0.002,8.07
08/02/2026 22:29,15.875,0.002,8.07
08/02/2026 21:59,15.75,0.002,8.08
08/02/2026 21:29,15.75,0.002,8.08
08/02/2026 20:59,15.75,0.002,8.08
08/02/2026 20:29,16.625,0.001,8.08
08/02/2026 19:59,16.625,0.001,8.08
08/02/2026 19:29,15.625,0.002,8.09
08/02/2026 18:59,15.625,0.001,8.09
08/02/2026 18:29,14.75,0.001,8.09
08/02/2026 17:59,16.625,0.001,8.09
08/02/2026 17:29,15.875,0.001,8.09
08/02/2026 16:59,15.75,0.001,8.09
08/02/2026 16:55,15.75,0.001,8.09
08/02/2026 16:29,15.875,0.001,8.09
08/02/2026 15:59,15.75,0.001,8.09
08/02/2026 15:29,15.875,0.001,8.08
08/02/2026 14:59,15.875,0.001,8.08
08/02/2026 14:29,15.875,0.001,8.08
08/02/2026 13:59,16,0.001,8.08
08/02/2026 13:29,15.875,0.001,8.08
08/02/2026 12:59,16,0.001,8.07
08/02/2026 12:29,16.125,0.001,8.07
08/02/2026 11:59,16,0.001,8.06
08/02/2026 11:29,16,0.001,8.06
08/02/2026 10:59,15.875,0.001,8.06
08/02/2026 10:59,15.875,0.001,8.06
08/02/2026 10:29,16,0.001,8.06
08/02/2026 09:59,15.875,0.001,8.05
08/02/2026 09:59,15.875,0.001,8.05
08/02/2026 09:29,15.75,0.001,8.05
08/02/2026 08:59,15.75,0.001,8.05
08/02/2026 08:59,15.75,0.001,8.05
08/02/2026 08:29,15.75,0.001,8.04
08/02/2026 07:59,15.75,0.002,8.04
08/02/2026 07:29,15.75,0.002,8.04
08/02/2026 06:59,15.75,0.002,8.04
08/02/2026 06:29,15.875,0.002,8.04
08/02/2026 05:59,15.75,0.002,8.04
08/02/2026 05:29,14.75,0.002,8.04
08/02/2026 04:59,15.75,0.002,8.04
08/02/2026 04:29,15.625,0.002,8.04
08/02/2026 03:59,16.625,0.002,8.04
08/02/2026 03:29,15.75,0.002,8.05
08/02/2026 02:59,14.75,0.002,8.05
08/02/2026 02:29,16.625,0.002,8.05
08/02/2026 01:59,15.75,0.002,8.05
08/02/2026 01:29,14.75,0.002,8.06
08/02/2026 00:59,15.625,0.002,8.06
08/02/2026 00:29,15.625,0.002,8.06
07/02/2026 23:59,16.625,0.001,8.06
07/02/2026 23:29,16.625,0.001,8.06
07/02/2026 22:59,15.625,0.001,8.06
07/02/2026 22:29,15.75,0.002,8.07
07/02/2026 21:59,15.75,0.002,8.07
07/02/2026 21:29,14.75,0.002,8.07
07/02/2026 21:29,14.75,0.002,8.07
07/02/2026 20:59,15.625,0.002,8.08
07/02/2026 20:29,14.75,0.002,8.08
07/02/2026 19:59,15.625,0.002,8.08
07/02/2026 19:29,14.75,0.002,8.09
07/02/2026 18:59,16.625,0.001,8.09
07/02/2026 18:29,15.75,0.001,8.09
07/02/2026 17:59,15.75,0.001,8.09
07/02/2026 17:29,15.75,0.001,8.09
07/02/2026 16:59,15.75,0.001,8.09
07/02/2026 16:29,15.75,0.001,8.09
07/02/2026 15:59,15.875,0.001,8.08
07/02/2026 15:29,15.875,0.001,8.08
07/02/2026 14:59,15.875,0.001,8.08
07/02/2026 14:29,15.875,0.001,8.08
07/02/2026 13:59,16,0.001,8.08
07/02/2026 13:29,15.75,0.001,8.07
07/02/2026 13:29,15.75,0.001,8.07
07/02/2026 12:59,15.875,0.001,8.07
07/02/2026 12:29,15.875,0.001,8.07
07/02/2026 11:59,15.875,0.001,8.06
07/02/2026 11:29,15.875,0.001,8.06
07/02/2026 10:59,15.875,0.001,8.06
07/02/2026 10:29,15.875,0.001,8.05
07/02/2026 09:59,15.875,0.001,8.05
07/02/2026 09:29,15.625,0.001,8.05
07/02/2026 08:59,15.75,0.001,8.04
07/02/2026 08:29,14.75,0.001,8.04
07/02/2026 07:59,16.625,0.001,8.04
07/02/2026 07:29,14.75,0.001,8.03
07/02/2026 06:59,15.75,0.001,8.03
07/02/2026 06:29,15.625,0.001,8.03
07/02/2026 05:59,14.75,0.001,8.03
07/02/2026 05:29,14.75,0.001,8.04
07/02/2026 04:59,14.75,0.001,8.04
07/02/2026 04:29,15.625,0.001,8.04
07/02/2026 03:59,15.75,0.002,8.04
07/02/2026 03:29,15.75,0.002,8.04
07/02/2026 02:59,15.75,0.002,8.05
07/02/2026 02:29,15.75,0.001,8.05
07/02/2026 01:59,15.75,0.001,8.05
07/02/2026 01:29,15.75,0.002,8.05
07/02/2026 00:59,15.875,0.002,8.06
07/02/2026 00:29,15.875,0.002,8.06
06/02/2026 23:59,15.875,0.002,8.06
06/02/2026 23:29,15.875,0.002,8.07
06/02/2026 22:59,15.875,0.002,8.07
06/02/2026 22:29,15.875,0.002,8.07
06/02/2026 21:59,15.875,0.002,8.07
06/02/2026 21:29,15.875,0.002,8.08
06/02/2026 20:59,15.875,0.001,8.08
06/02/2026 20:29,15.75,0.001,8.08
06/02/2026 19:59,16,0.002,8.08
06/02/2026 19:29,16,0.001,8.09
06/02/2026 18:59,15.875,0.001,8.09
06/02/2026 18:29,16,0.001,8.09
06/02/2026 18:29,16,0.001,8.09
06/02/2026 17:59,16,0.001,8.09
06/02/2026 17:29,16.125,0.001,8.09
06/02/2026 16:59,16.125,0.001,8.09
06/02/2026 16:29,16,0.001,8.09
06/02/2026 15:59,16.125,0.001,8.09
06/02/2026 15:29,16.25,0.001,8.09
06/02/2026 14:59,16.125,0.001,8.08
06/02/2026 14:29,16,0.001,8.08
06/02/2026 13:59,16.125,0.001,8.08
06/02/2026 13:29,16.125,0.001,8.08
06/02/2026 12:59,16.125,0.001,8.07
06/02/2026 12:29,16.125,0.001,8.07
06/02/2026 11:59,16.25,0.001,8.07
06/02/2026 11:29,16.125,0.001,8.06
06/02/2026 10:59,16,0.001,8.06
06/02/2026 10:29,16.125,0.001,8.06
06/02/2026 09:59,16.125,0.001,8.05
06/02/2026 09:29,15.875,0.001,8.05
06/02/2026 08:59,15.875,0.001,8.05
06/02/2026 08:29,15.875,0.001,8.04
06/02/2026 07:59,15.875,0.002,8.04
06/02/2026 07:29,15.875,0.002,8.04
06/02/2026 06:59,15.75,0.002,8.04
06/02/2026 06:29,15.875,0.002,8.04
06/02/2026 05:59,15.875,0.002,8.04
06/02/2026 05:29,15.875,0.002,8.03
06/02/2026 04:59,15.875,0.002,8.04
06/02/2026 04:29,15.875,0.002,8.04
06/02/2026 04:29,15.875,0.002,8.04
06/02/2026 03:59,15.875,0.002,8.05
06/02/2026 03:29,15.75,0.002,8.05
06/02/2026 02:59,15.75,0.002,8.05
06/02/2026 02:29,16,0.002,8.05
06/02/2026 01:59,15.75,0.002,8.05
06/02/2026 01:29,15.75,0.002,8.05
06/02/2026 00:59,15.75,0.002,8.06
06/02/2026 00:29,15.875,0.002,8.06
05/02/2026 23:59,15.75,0.002,8.06
05/02/2026 23:29,15.75,0.002,8.07
05/02/2026 22:59,15.75,0.002,8.07
05/02/2026 22:59,15.75,0.002,8.07
05/02/2026 22:29,15.875,0.002,8.07
05/02/2026 21:59,15.875,0.002,8.07
05/02/2026 21:29,15.875,0.002,8.08
05/02/2026 20:59,15.875,0.002,8.08
05/02/2026 20:29,15.875,0.002,8.08
05/02/2026 19:59,15.875,0.002,8.09
05/02/2026 19:29,16,0.002,8.09
05/02/2026 18:59,16,0.002,8.09
05/02/2026 18:29,16.125,0.001,8.09
05/02/2026 17:59,16,0.001,8.1
05/02/2026 17:29,16.125,0.001,8.09
05/02/2026 16:59,16.125,0.001,8.09
05/02/2026 16:29,16,0.001,8.09
05/02/2026 15:59,16.125,0.001,8.09
05/02/2026 15:29,16,0.001,8.09
05/02/2026 14:59,16.25,0.001,8.08
05/02/2026 14:29,16,0.001,8.08
05/02/2026 13:59,16.25,0.001,8.08
05/02/2026 13:29,16.125,0.001,8.07
05/02/2026 12:59,16.125,0.001,8.07
05/02/2026 12:29,16.125,0.001,8.07
05/02/2026 11:59,16.125,0.001,8.06
05/02/2026 11:29,16.125,0.001,8.06
05/02/2026 10:59,15.875,0.001,8.06
05/02/2026 10:29,16,0.001,8.05
05/02/2026 09:59,15.875,0.001,8.05
05/02/2026 09:29,15.75,0.001,8.04
05/02/2026 08:59,15.75,0.001,8.04
05/02/2026 08:29,14.75,0.001,8.04
05/02/2026 07:59,14.75,0.001,8.04
05/02/2026 07:29,15.5,0.001,8.03
05/02/2026 06:59,15.5,0.001,8.03
05/02/2026 06:29,15.625,0.001,8.03
05/02/2026 05:59,15.75,0.002,8.03
05/02/2026 05:29,15.625,0.002,8.03
05/02/2026 04:59,15.625,0.002,8.03
05/02/2026 04:29,15.625,0.002,8.04
05/02/2026 03:59,15.625,0.002,8.04
05/02/2026 03:59,15.625,0.002,8.04
05/02/2026 03:29,15.5,0.002,8.04
05/02/2026 02:59,15.625,0.002,8.04
05/02/2026 02:29,15.625,0.002,8.04
05/02/2026 01:59,15.75,0.002,8.05
05/02/2026 01:29,15.75,0.002,8.05
05/02/2026 00:59,15.75,0.002,8.05
05/02/2026 00:29,15.75,0.002,8.06
04/02/2026 23:59,15.75,0.002,8.06
04/02/2026 23:29,15.875,0.002,8.06
04/02/2026 22:59,15.875,0.002,8.06
04/02/2026 22:29,15.875,0.001,8.07
04/02/2026 21:59,15.875,0.001,8.07
04/02/2026 21:29,16,0.002,8.07
04/02/2026 20:59,15.875,0.002,8.07
04/02/2026 20:29,16,0.001,8.08
04/02/2026 19:59,16,0.001,8.08
04/02/2026 19:29,16,0.001,8.08
04/02/2026 18:59,16,0.001,8.08
04/02/2026 18:59,16,0.001,8.08
04/02/2026 18:29,16.25,0.001,8.09
04/02/2026 17:59,16.125,0.001,8.09
04/02/2026 17:29,16.125,0.001,8.09
04/02/2026 16:59,16.25,0.001,8.08
04/02/2026 16:29,16.125,0.001,8.08
04/02/2026 15:59,16.125,0.001,8.08
04/02/2026 15:29,16.125,0.001,8.08
04/02/2026 14:59,16.125,0.001,8.07
04/02/2026 14:29,16.125,0.001,8.07
04/02/2026 13:59,16.25,0.001,8.07
04/02/2026 13:29,16.125,0.001,8.07
04/02/2026 12:59,16.125,0.001,8.06
04/02/2026 12:29,16.125,0.001,8.06
04/02/2026 11:59,16,0.001,8.05
04/02/2026 11:29,16,0.001,8.05
04/02/2026 10:59,16,0.001,8.05
04/02/2026 10:29,16,0.001,8.04
04/02/2026 09:59,15.875,0.002,8.04
04/02/2026 09:29,14.75,0.002,8.03
04/02/2026 08:59,16.5,0.002,8.03
04/02/2026 08:29,15.5,0.002,8.02
04/02/2026 07:59,15.5,0.002,8.02
04/02/2026 07:29,15.5,0.002,8.02
04/02/2026 06:59,15.375,0.002,8.02
04/02/2026 06:29,15.375,0.002,8.02
04/02/2026 05:59,15.375,0.002,8.02
04/02/2026 05:29,15.5,0.002,8.02
04/02/2026 04:59,15.5,0.002,8.02
04/02/2026 04:29,15.5,0.002,8.02
04/02/2026 03:59,15.5,0.002,8.03
04/02/2026 03:29,15.5,0.002,8.03
04/02/2026 02:59,15.625,0.002,8.03
04/02/2026 02:59,15.625,0.002,8.03
04/02/2026 02:29,15.5,0.002,8.03
04/02/2026 01:59,15.5,0.002,8.04
04/02/2026 01:29,15.375,0.002,8.04
04/02/2026 01:29,15.375,0.002,8.04
04/02/2026 00:59,15.625,0.002,8.04
04/02/2026 00:29,15.375,0.002,8.04
03/02/2026 23:59,15.5,0.002,8.04
03/02/2026 23:29,15.375,0.002,8.05
03/02/2026 22:59,15.5,0.002,8.05
03/02/2026 22:29,15.25,0.002,8.05
03/02/2026 21:59,15.5,0.002,8.05
03/02/2026 21:29,15.375,0.002,8.06
03/02/2026 20:59,15.25,0.002,8.06
03/02/2026 20:29,15.5,0.002,8.06
03/02/2026 19:59,15.5,0.002,8.06
03/02/2026 19:29,15.25,0.002,8.07
03/02/2026 18:59,15.5,0.002,8.07
03/02/2026 18:29,15.5,0.002,8.07
03/02/2026 17:59,15.375,0.002,8.07
03/02/2026 17:29,15.375,0.002,8.07
03/02/2026 16:59,15.25,0.002,8.07
03/02/2026 16:29,15.5,0.002,8.07
03/02/2026 15:59,15.5,0.002,8.06
03/02/2026 15:29,15.375,0.002,8.06
03/02/2026 14:59,15.375,0.001,8.06
03/02/2026 14:29,15.375,0.001,8.06
03/02/2026 13:59,15.625,0.001,8.05
03/02/2026 13:29,15.75,0.001,8.05
03/02/2026 12:59,15.625,0.001,8.05
03/02/2026 12:29,14.75,0.001,8.04
03/02/2026 11:59,15.625,0.001,8.04
03/02/2026 11:29,14.75,0.001,8.04
03/02/2026 10:59,15.75,0.001,8.04
03/02/2026 10:29,15.5,0.001,8.03
03/02/2026 09:59,14.75,0.001,8.03
03/02/2026 09:29,15.5,0.001,8.03
03/02/2026 08:59,15.5,0.001,8.02
03/02/2026 08:29,15.375,0.001,8.02
03/02/2026 07:59,15.5,0.001,8.02
03/02/2026 07:29,15.5,0.001,8.01
03/02/2026 06:59,15.5,0.001,8.01
03/02/2026 06:29,15.5,0.001,8.01
03/02/2026 05:59,15.5,0.002,8.01
03/02/2026 05:29,15.5,0.002,8.02
03/02/2026 04:59,15.5,0.002,8.01
03/02/2026 04:29,15.625,0.002,8.02
03/02/2026 03:59,15.625,0.002,8.02
03/02/2026 03:29,15.5,0.002,8.02
03/02/2026 02:59,15.5,0.002,8.03
03/02/2026 02:29,15.5,0.002,8.03
03/02/2026 01:59,15.625,0.002,8.03
03/02/2026 01:29,15.625,0.002,8.04
03/02/2026 00:59,15.5,0.002,8.04
03/02/2026 00:29,15.625,0.002,8.04
02/02/2026 23:59,15.625,0.002,8.04
02/02/2026 23:59,15.625,0.002,8.04
02/02/2026 23:29,15.625,0.002,8.05
02/02/2026 22:59,14.75,0.002,8.05
02/02/2026 22:29,15.625,0.001,8.05
02/02/2026 21:59,15.5,0.002,8.05
02/02/2026 21:29,15.5,0.002,8.06
02/02/2026 20:59,15.625,0.002,8.06
02/02/2026 20:29,15.625,0.002,8.06
02/02/2026 19:59,15.375,0.001,8.06
02/02/2026 19:29,15.5,0.001,8.07
02/02/2026 18:59,14.75,0.002,8.07
02/02/2026 18:29,15.5,0.002,8.07
02/02/2026 17:59,15.625,0.002,8.07
02/02/2026 17:29,15.625,0.002,8.07
02/02/2026 16:59,15.625,0.001,8.07
02/02/2026 16:29,16.625,0.001,8.07
02/02/2026 15:59,15.625,0.001,8.07
02/02/2026 15:29,15.625,0.001,8.06
02/02/2026 14:59,15.625,0.001,8.06
02/02/2026 14:29,15.75,0.001,8.06
02/02/2026 13:59,16,0.001,8.06
02/02/2026 13:29,15.875,0.001,8.06
02/02/2026 12:59,15.875,0.001,8.05
02/02/2026 12:29,15.875,0.001,8.05
02/02/2026 11:59,15.875,0.001,8.04
02/02/2026 11:29,15.875,0.001,8.04
02/02/2026 11:29,15.875,0.001,8.04
02/02/2026 10:59,15.875,0.001,8.03
02/02/2026 10:29,15.875,0.001,8.03
02/02/2026 09:59,16,0.001,8.03
02/02/2026 09:29,15.75,0.001,8.03
02/02/2026 08:59,14.875,0.002,8.02
02/02/2026 08:29,15.875,0.001,8.02
02/02/2026 07:59,15.875,0.002,8.02
02/02/2026 07:29,16.625,0.002,8.01
02/02/2026 06:59,15.75,0.002,8.01
02/02/2026 06:29,15.75,0.002,8.01
02/02/2026 05:59,15.75,0.002,8
02/02/2026 05:29,15.75,0.002,8
02/02/2026 04:59,15.875,0.002,8
02/02/2026 04:29,15.75,0.002,8
02/02/2026 03:59,15.875,0.002,8
02/02/2026 03:29,15.75,0.002,8.01
02/02/2026 03:29,15.75,0.002,8.01
02/02/2026 02:59,15.75,0.002,8.02
02/02/2026 02:29,15.625,0.002,8.03
02/02/2026 01:59,16.625,0.002,8.02
02/02/2026 01:29,15.875,0.002,8.03
02/02/2026 00:59,15.75,0.002,8.03
02/02/2026 00:29,15.75,0.002,8.03
01/02/2026 23:59,15.75,0.001,8.04
01/02/2026 23:29,16.625,0.001,8.04
01/02/2026 22:59,15.75,0.002,8.04
01/02/2026 22:29,15.75,0.002,8.05
01/02/2026 21:59,15.75,0.002,8.05
01/02/2026 21:29,15.75,0.002,8.05
01/02/2026 20:59,15.875,0.002,8.04
01/02/2026 20:29,15.75,0.002,8.06
01/02/2026 19:59,15.875,0.002,8.06
01/02/2026 19:29,15.75,0.002,8.06
01/02/2026 18:59,15.875,0.002,8.07
01/02/2026 18:29,16,0.002,8.07
01/02/2026 17:59,16,0.002,8.07
01/02/2026 17:29,16,0.001,8.06
01/02/2026 16:59,16.125,0.001,8.06
01/02/2026 16:29,16.125,0.001,8.06
01/02/2026 15:59,16.125,0.001,8.06
01/02/2026 15:29,16,0.001,8.06
01/02/2026 14:59,16,0.001,8.05
01/02/2026 14:29,16,0.001,8.05
01/02/2026 13:59,16.125,0.001,8.05
01/02/2026 13:29,16,0.001,8.04
01/02/2026 13:29,16,0.001,8.04
01/02/2026 12:59,16.25,0.001,8.04
01/02/2026 12:29,16.125,0.002,8.03
01/02/2026 11:59,16.125,0.002,8.04
01/02/2026 11:29,16,0.002,8.03
01/02/2026 10:59,16,0.002,8.03
01/02/2026 10:29,16,0.002,8.02
01/02/2026 09:59,16,0.002,8.01
01/02/2026 09:29,15.75,0.002,8.01
01/02/2026 08:59,15.75,0.002,8.01
01/02/2026 08:59,15.75,0.002,8.01
01/02/2026 08:29,15.75,0.002,8.01
01/02/2026 07:59,15.75,0.002,8
01/02/2026 07:29,15.75,0.002,8
01/02/2026 06:59,15.75,0.002,8
01/02/2026 06:29,15.875,0.002,8
01/02/2026 05:59,15.875,0.002,7.99
01/02/2026 05:29,15.75,0.002,8
01/02/2026 04:59,15.75,0.002,8
01/02/2026 04:29,15.875,0.002,8.01
01/02/2026 03:59,15.875,0.002,8.01
01/02/2026 03:29,15.75,0.002,8
01/02/2026 02:59,15.75,0.002,8
01/02/2026 02:59,15.75,0.002,8
01/02/2026 02:29,15.875,0.002,7.99
01/02/2026 01:59,15.75,0.002,8.01
01/02/2026 01:29,15.75,0.002,8.02
01/02/2026 00:59,15.75,0.002,8.02
01/02/2026 00:59,15.75,0.002,8.02
01/02/2026 00:29,15.875,0.002,8.02
31/01/2026 23:59,15.75,0.002,8.02
31/01/2026 23:59,15.75,0.002,8.02
31/01/2026 23:29,15.875,0.002,8.03
31/01/2026 22:59,15.875,0.002,8.04
31/01/2026 22:29,15.75,0.002,8.04
31/01/2026 21:59,15.75,0.002,8.04
31/01/2026 21:29,15.875,0.002,8.04
31/01/2026 20:59,15.75,0.002,8.04
31/01/2026 20:29,15.75,0.002,8.05
31/01/2026 19:59,15.875,0.002,8.05
31/01/2026 19:29,15.875,0.002,8.06
31/01/2026 18:59,15.75,0.002,8.06
31/01/2026 18:29,15.875,0.002,8.06
31/01/2026 17:59,15.875,0.002,8.06
31/01/2026 17:29,16,0.002,8.06
31/01/2026 16:59,15.875,0.002,8.05
31/01/2026 16:29,16.125,0.002,8.06
31/01/2026 15:59,16,0.002,8.06
31/01/2026 15:29,15.875,0.001,8.05
31/01/2026 14:59,16,0.001,8.05
31/01/2026 14:29,15.875,0.001,8.04
31/01/2026 13:59,15.875,0.002,8.04
31/01/2026 13:29,15.875,0.001,8.04
31/01/2026 12:59,16,0.002,8.04
31/01/2026 12:29,16.125,0.002,8.03
31/01/2026 12:29,16.125,0.002,8.03
31/01/2026 11:59,16,0.002,8.03
31/01/2026 11:29,15.875,0.002,8.03
31/01/2026 10:59,15.875,0.002,8.02
31/01/2026 10:29,15.875,0.002,8.02
31/01/2026 09:59,15.875,0.002,8.01
31/01/2026 09:29,14.75,0.002,8.01
31/01/2026 08:59,15.625,0.002,8.01
31/01/2026 08:29,16.625,0.002,8
31/01/2026 07:59,15.75,0.002,8
31/01/2026 07:29,14.75,0.002,7.99
31/01/2026 06:59,15.625,0.002,7.99
31/01/2026 06:29,14.75,0.002,7.99
31/01/2026 05:59,16.625,0.002,8
31/01/2026 05:29,14.75,0.002,8
31/01/2026 04:59,15.625,0.002,8
31/01/2026 04:29,14.75,0.002,8.01
31/01/2026 03:59,15.625,0.002,8.01
31/01/2026 03:29,15.75,0.002,8.01
31/01/2026 02:59,15.625,0.002,8.02
31/01/2026 02:29,16.625,0.002,8.02
31/01/2026 01:59,15.625,0.002,8.02
31/01/2026 01:29,15.625,0.002,8.02
31/01/2026 00:59,16.625,0.002,8.02
31/01/2026 00:29,15.75,0.002,8.03
30/01/2026 23:59,15.75,0.002,8.03
30/01/2026 23:29,16.625,0.002,8.04
30/01/2026 22:59,15.75,0.002,8.04
30/01/2026 22:29,14.75,0.002,8.04
30/01/2026 21:59,15.875,0.002,8.04
30/01/2026 21:29,15.875,0.002,8.05
30/01/2026 20:59,15.875,0.002,8.05
30/01/2026 20:29,15.875,0.002,8.05
30/01/2026 19:59,15.875,0.002,8.05
30/01/2026 19:29,16,0.002,8.06
30/01/2026 18:59,15.875,0.002,8.06
30/01/2026 18:29,15.875,0.002,8.06
30/01/2026 17:59,15.875,0.002,8.07
30/01/2026 17:29,16.125,0.002,8.06
30/01/2026 16:59,16,0.002,8.06
30/01/2026 16:29,16,0.002,8.06
30/01/2026 15:59,16,0.002,8.06
30/01/2026 15:29,15.875,0.002,8.05
30/01/2026 14:59,16,0.002,8.05
30/01/2026 14:29,16,0.002,8.05
30/01/2026 13:59,16,0.002,8.05
30/01/2026 13:29,15.875,0.002,8.04
30/01/2026 12:59,16,0.002,8.04
30/01/2026 12:29,15.875,0.002,8.04
30/01/2026 11:59,16,0.002,8.03
30/01/2026 11:29,15.875,0.002,8.03
30/01/2026 10:59,15.875,0.002,8.02
30/01/2026 10:29,15.875,0.002,8.02
30/01/2026 09:59,15.75,0.002,8.01
30/01/2026 09:29,15.625,0.002,8.01
30/01/2026 08:59,15.5,0.002,8
30/01/2026 08:29,15.375,0.002,8
30/01/2026 07:59,15.5,0.002,8
30/01/2026 07:29,15.5,0.002,7.99
30/01/2026 06:59,15.5,0.002,8
30/01/2026 06:29,15.5,0.002,8
30/01/2026 05:59,15.625,0.002,8
30/01/2026 05:29,15.5,0.002,8
30/01/2026 04:59,15.625,0.002,8
30/01/2026 04:29,15.5,0.002,8.01
30/01/2026 03:59,15.5,0.002,8.01
30/01/2026 03:29,15.375,0.002,8.01
30/01/2026 02:59,15.5,0.002,8.01
30/01/2026 02:29,15.5,0.002,8.01
30/01/2026 01:59,15.625,0.002,8.02
30/01/2026 01:29,15.375,0.002,8.02
30/01/2026 00:59,15.625,0.002,8.02
30/01/2026 00:29,15.625,0.002,8.02
29/01/2026 23:59,14.75,0.002,8.03
29/01/2026 23:29,15.875,0.002,8.03
29/01/2026 22:59,16.625,0.002,8.03
29/01/2026 22:29,15.75,0.002,8.04
29/01/2026 21:59,15.875,0.002,8.04
29/01/2026 21:29,15.75,0.002,8.04
29/01/2026 20:59,15.75,0.002,8.04
29/01/2026 20:29,15.875,0.002,8.05
29/01/2026 19:59,16,0.002,8.05
29/01/2026 19:29,16,0.002,8.05
29/01/2026 18:59,16,0.002,8.06
29/01/2026 18:29,16,0.002,8.06
29/01/2026 17:59,16,0.002,8.06
29/01/2026 17:29,16,0.002,8.06
29/01/2026 16:59,16,0.002,8.06
29/01/2026 16:29,16.125,0.002,8.05
29/01/2026 15:59,16.125,0.002,8.05
29/01/2026 15:29,16,0.002,8.05
29/01/2026 14:59,16.125,0.002,8.05
29/01/2026 14:29,16,0.002,8.04
29/01/2026 13:59,15.875,0.002,8.04
29/01/2026 13:59,15.875,0.002,8.04
29/01/2026 13:29,16,0.002,8.04
29/01/2026 12:59,15.875,0.002,8.03
29/01/2026 12:29,15.875,0.002,8.02
29/01/2026 12:29,15.875,0.002,8.02
29/01/2026 11:59,15.875,0.002,8.02
29/01/2026 11:59,15.875,0.002,8.02
29/01/2026 11:29,15.75,0.002,8.02
29/01/2026 10:59,14.75,0.002,8.01
29/01/2026 10:29,15.625,0.002,8.01
29/01/2026 09:59,16.625,0.002,8
29/01/2026 09:29,15.5,0.002,8
29/01/2026 08:59,15.5,0.002,8
29/01/2026 08:29,15.5,0.002,8
29/01/2026 07:59,15.625,0.002,7.99
29/01/2026 07:29,15.5,0.002,7.99
29/01/2026 06:59,15.5,0.002,7.99
29/01/2026 06:29,15.5,0.002,7.99
29/01/2026 06:14,15,0.002,7.99
29/01/2026 06:14,14.875,0.002,7.99
29/01/2026 06:13,14.75,0.002,8.69
29/01/2026 05:59,15.375,0.002,8
29/01/2026 05:29,15.5,0.002,8
29/01/2026 04:59,15.5,0.002,8
29/01/2026 04:29,15.375,0.002,8
29/01/2026 03:59,15.375,0.002,8.01
29/01/2026 03:29,15.625,0.002,8.01
29/01/2026 02:59,15.5,0.002,8.01
29/01/2026 02:29,15.5,0.002,8.01
29/01/2026 01:59,15.5,0.002,8.02
29/01/2026 01:29,15.5,0.002,8.02
29/01/2026 00:59,15.625,0.002,8.02
29/01/2026 00:29,15.625,0.002,8.02
28/01/2026 23:59,16.625,0.002,8.03
28/01/2026 23:29,15.625,0.002,8.03
28/01/2026 22:59,15.625,0.002,8.03
28/01/2026 22:29,16.625,0.002,8.03
28/01/2026 21:59,15.75,0.002,8.04
28/01/2026 21:29,15.875,0.002,8.04
28/01/2026 20:59,15.75,0.002,8.04
28/01/2026 20:29,15.75,0.002,8.04
28/01/2026 19:59,16,0.002,8.05
28/01/2026 19:29,16,0.002,8.05
28/01/2026 18:59,16,0.002,8.06
28/01/2026 18:29,16,0.002,8.06
28/01/2026 17:59,16,0.002,8.05
28/01/2026 17:29,16.125,0.002,8.06
28/01/2026 16:59,16.125,0.002,8.05
28/01/2026 16:29,16.125,0.002,8.05
28/01/2026 15:59,16.25,0.002,8.05
28/01/2026 15:29,16.125,0.002,8.05
28/01/2026 14:59,16.125,0.002,8.04
28/01/2026 14:29,16.25,0.002,8.04
28/01/2026 13:59,16.125,0.002,8.04
28/01/2026 13:29,16.125,0.002,8.04
28/01/2026 12:59,16.125,0.002,8.03
28/01/2026 12:29,16.125,0.002,8.03
28/01/2026 11:59,16.125,0.002,8.03
28/01/2026 11:29,16,0.002,8.02
28/01/2026 10:59,16,0.002,8.02
28/01/2026 10:29,16,0.002,8.01
28/01/2026 10:29,16,0.002,8.01
28/01/2026 09:59,16,0.002,8.01
28/01/2026 09:29,16,0.002,8.01
28/01/2026 08:59,15.875,0.002,8
28/01/2026 08:29,15.875,0.002,8
28/01/2026 07:59,15.875,0.002,7.99
28/01/2026 07:29,15.875,0.002,7.99
28/01/2026 06:59,15.875,0.002,7.99
28/01/2026 06:29,15.875,0.002,7.99
28/01/2026 05:59,15.875,0.002,7.99
28/01/2026 05:29,15.875,0.002,7.99
28/01/2026 04:59,15.875,0.002,8
28/01/2026 04:29,15.875,0.002,8
28/01/2026 03:59,15.875,0.002,8
28/01/2026 03:29,15.75,0.002,8
28/01/2026 02:59,16.625,0.002,8
28/01/2026 02:29,15.75,0.002,8.01
28/01/2026 01:59,15.75,0.002,8.01
28/01/2026 01:29,15.75,0.002,8.01
28/01/2026 00:59,15.75,0.002,8.02
28/01/2026 00:29,15.875,0.002,8.02
27/01/2026 23:59,15.875,0.002,8.02
27/01/2026 23:29,15.875,0.002,8.02
27/01/2026 22:59,15.75,0.002,8.03
27/01/2026 22:29,15.75,0.002,8.03
27/01/2026 21:59,15.875,0.002,8.03
27/01/2026 21:29,15.875,0.002,8.04
27/01/2026 20:59,15.75,0.002,8.04
27/01/2026 20:29,15.75,0.002,8.04
27/01/2026 19:59,15.75,0.002,8.04
27/01/2026 19:29,15.875,0.002,8.05
27/01/2026 18:59,15.75,0.002,8.05
27/01/2026 18:29,15.875,0.002,8.05
27/01/2026 17:59,15.75,0.002,8.05
27/01/2026 17:59,15.75,0.002,8.05
27/01/2026 17:29,15.75,0.002,8.05
27/01/2026 16:59,16,0.002,8.05
27/01/2026 16:29,15.875,0.002,8.04
27/01/2026 15:59,16,0.002,8.04
27/01/2026 15:29,16,0.002,8.04
27/01/2026 14:59,16,0.002,8.04
27/01/2026 14:29,15.875,0.002,8.04
27/01/2026 13:59,16,0.002,8.03
27/01/2026 13:29,16,0.002,8.03
27/01/2026 12:59,15.875,0.002,8.02
27/01/2026 12:29,15.875,0.002,8.02
27/01/2026 11:59,15.875,0.002,8.02
27/01/2026 11:29,15.875,0.002,8.01
27/01/2026 10:59,15.875,0.002,8.01
27/01/2026 10:29,15.875,0.002,8.01
27/01/2026 09:59,15.875,0.002,8
27/01/2026 09:29,15.875,0.002,8
27/01/2026 08:59,15.875,0.002,8
27/01/2026 08:29,15.75,0.002,7.99
27/01/2026 07:59,14.75,0.002,7.99
27/01/2026 07:29,15.75,0.002,7.99
27/01/2026 06:59,15.75,0.002,7.99
27/01/2026 06:29,15.75,0.002,7.99
27/01/2026 05:59,14.75,0.002,7.99
27/01/2026 05:29,15.75,0.002,7.99
27/01/2026 04:59,15.75,0.002,7.99
27/01/2026 04:29,15.75,0.002,7.99
27/01/2026 03:59,16.625,0.002,8
27/01/2026 03:29,16.625,0.002,8
27/01/2026 02:59,15.75,0.002,7.99
27/01/2026 02:29,15.75,0.002,8
27/01/2026 01:59,15.75,0.002,7.99
27/01/2026 01:29,15.75,0.002,8
27/01/2026 00:59,15.75,0.002,8
27/01/2026 00:29,15.75,0.002,8
26/01/2026 23:59,14.75,0.002,8
26/01/2026 23:29,15.625,0.002,8
26/01/2026 22:59,15.75,0.002,8.01
26/01/2026 22:29,14.75,0.002,8.01
26/01/2026 21:59,15.875,0.002,8.02
26/01/2026 21:29,15.875,0.002,8.02
26/01/2026 20:59,15.75,0.002,8.02
26/01/2026 20:29,15.75,0.002,8.03
26/01/2026 20:29,15.75,0.002,8.03
26/01/2026 19:59,15.875,0.002,8.03
26/01/2026 19:29,15.75,0.002,8.03
26/01/2026 18:59,15.875,0.002,8.03
26/01/2026 18:29,16,0.002,8.03
26/01/2026 17:59,16,0.002,8.04
26/01/2026 17:29,16.125,0.002,8.03
26/01/2026 16:59,16.125,0.002,8.03
26/01/2026 16:29,16.125,0.002,8.03
26/01/2026 15:59,16.125,0.002,8.03
26/01/2026 15:29,16,0.002,8.02
26/01/2026 14:59,16,0.002,8.02
26/01/2026 14:29,16.125,0.002,8.02
26/01/2026 13:59,16,0.002,8.02
26/01/2026 13:29,16,0.002,8.01
26/01/2026 12:59,16,0.002,8.01
26/01/2026 12:29,15.875,0.002,8
26/01/2026 11:59,15.875,0.002,8
26/01/2026 11:29,16,0.002,8
26/01/2026 10:59,15.875,0.002,7.99
26/01/2026 10:29,15.875,0.002,7.99
26/01/2026 10:29,15.875,0.002,7.99
26/01/2026 09:59,16.625,0.002,7.98
26/01/2026 09:29,14.75,0.002,7.98
26/01/2026 08:59,15.625,0.002,7.97
26/01/2026 08:29,14.75,0.002,7.97
26/01/2026 07:59,14.75,0.002,7.97
26/01/2026 07:59,14.75,0.002,7.97
26/01/2026 07:29,15.625,0.002,7.97
26/01/2026 06:59,14.75,0.002,7.97
26/01/2026 06:29,14.75,0.002,7.97
26/01/2026 05:59,15.625,0.002,7.97
26/01/2026 05:59,15.625,0.002,7.97
26/01/2026 05:29,14.75,0.002,7.98
26/01/2026 04:59,15.625,0.002,7.98
26/01/2026 04:29,14.75,0.002,7.98
26/01/2026 03:59,16.625,0.002,7.98
26/01/2026 03:29,15.625,0.002,7.98
26/01/2026 02:59,15.625,0.002,7.98
26/01/2026 02:29,15.75,0.002,7.98
26/01/2026 01:59,15.5,0.002,7.99
26/01/2026 01:29,15.625,0.002,7.99
26/01/2026 00:59,15.5,0.002,7.99
26/01/2026 00:29,15.625,0.002,7.99
25/01/2026 23:59,15.5,0.002,8
25/01/2026 23:29,15.5,0.002,8
25/01/2026 22:59,15.5,0.002,8
25/01/2026 22:29,15.5,0.002,8
25/01/2026 21:59,15.5,0.002,8.01
25/01/2026 21:29,15.625,0.002,8
25/01/2026 20:59,15.5,0.002,8.01
25/01/2026 20:29,15.5,0.002,8.02
25/01/2026 19:59,15.5,0.002,8.02
25/01/2026 19:29,15.5,0.002,8.02
25/01/2026 18:59,15.375,0.002,8.02
25/01/2026 18:29,15.375,0.002,8.02
25/01/2026 17:59,15.5,0.002,8.02
25/01/2026 17:29,15.625,0.002,8.02
25/01/2026 16:59,16.625,0.003,8.02
25/01/2026 16:29,15.625,0.002,8.02
25/01/2026 16:29,15.625,0.002,8.02
25/01/2026 15:59,15.5,0.002,8.01
25/01/2026 15:29,15.625,0.002,8.02
25/01/2026 14:59,15.5,0.002,8.01
25/01/2026 14:29,15.5,0.002,8.01
25/01/2026 13:59,15.5,0.002,8
25/01/2026 13:29,15.5,0.002,7.99
25/01/2026 12:59,15.375,0.002,7.99
25/01/2026 12:29,15.375,0.002,7.98
25/01/2026 11:59,15.375,0.002,7.98
25/01/2026 11:29,15.375,0.002,7.98
25/01/2026 10:59,15.5,0.002,7.97
25/01/2026 10:29,15.375,0.002,7.97
25/01/2026 09:59,15.375,0.002,7.97
25/01/2026 09:29,15.25,0.002,7.96
25/01/2026 08:59,15.25,0.002,7.96
25/01/2026 08:29,15.25,0.002,7.96
25/01/2026 07:59,15.375,0.002,7.95
25/01/2026 07:29,15.25,0.002,7.96
25/01/2026 06:59,15.25,0.002,7.95
25/01/2026 06:29,15.25,0.002,7.96
25/01/2026 05:59,15.25,0.002,7.96
25/01/2026 05:59,15.25,0.002,7.96
25/01/2026 05:29,15.125,0.002,7.96
25/01/2026 04:59,15.25,0.002,7.96
25/01/2026 04:29,15,0.002,7.96
25/01/2026 04:29,15,0.002,7.96
25/01/2026 03:59,15.25,0.002,7.96
25/01/2026 03:29,15.125,0.002,7.97
25/01/2026 02:59,15.125,0.002,7.97
25/01/2026 02:29,15.25,0.002,7.97
25/01/2026 01:59,15.25,0.002,7.97
25/01/2026 01:29,15.125,0.002,7.97
25/01/2026 00:59,15.125,0.002,7.97
25/01/2026 00:29,15.25,0.002,7.97
24/01/2026 23:59,15.25,0.002,7.98
24/01/2026 23:29,15.25,0.002,7.98
24/01/2026 22:59,15.25,0.002,7.98
24/01/2026 22:29,15.125,0.002,7.99
24/01/2026 21:59,15.25,0.002,7.99
24/01/2026 21:29,15.25,0.002,7.99
24/01/2026 21:29,15.25,0.002,7.99
24/01/2026 20:59,15.375,0.002,8
24/01/2026 20:29,15.125,0.002,7.99
24/01/2026 19:59,15.25,0.002,8
24/01/2026 19:29,15.25,0.002,8.01
24/01/2026 18:59,15.375,0.002,8
24/01/2026 18:29,15.375,0.002,8
24/01/2026 17:59,15.375,0.002,8
24/01/2026 17:29,15.375,0.002,8.01
24/01/2026 16:59,15.375,0.002,8
24/01/2026 16:29,15.375,0.002,7.99
24/01/2026 15:59,15.5,0.002,8
24/01/2026 15:29,15.375,0.002,8
24/01/2026 14:59,15.5,0.002,7.99
24/01/2026 14:29,15.5,0.002,7.99
24/01/2026 13:59,15.5,0.002,7.98
24/01/2026 13:29,15.5,0.002,7.98
24/01/2026 12:59,15.375,0.002,7.97
24/01/2026 12:29,15.375,0.002,7.96
24/01/2026 11:59,15.5,0.002,7.96
24/01/2026 11:29,15.5,0.002,7.96
24/01/2026 10:59,15.5,0.002,7.95
24/01/2026 10:29,15.5,0.002,7.95
24/01/2026 09:59,15.5,0.002,7.94
24/01/2026 09:29,15.5,0.002,7.94
24/01/2026 08:59,15.5,0.002,7.94
24/01/2026 08:29,15.5,0.002,7.94
24/01/2026 07:59,15.5,0.002,7.93
24/01/2026 07:29,15.5,0.002,7.93
24/01/2026 06:59,15.625,0.002,7.94
24/01/2026 06:29,15.375,0.002,7.94
24/01/2026 05:59,15.375,0.002,7.94
24/01/2026 05:29,15.5,0.002,7.94
24/01/2026 04:59,15.375,0.002,7.94
24/01/2026 04:29,15.5,0.002,7.94
24/01/2026 03:59,15.625,0.002,7.95
24/01/2026 03:29,16.625,0.002,7.95
24/01/2026 02:59,15.5,0.002,7.95
24/01/2026 02:59,15.5,0.002,7.95
24/01/2026 02:29,15.75,0.002,7.95
24/01/2026 01:59,16.625,0.002,7.95
24/01/2026 01:29,15.5,0.002,7.96
24/01/2026 00:59,15.75,0.002,7.96
24/01/2026 00:29,14.75,0.002,7.97
23/01/2026 23:59,16.625,0.002,7.97
23/01/2026 23:59,16.625,0.002,7.97
23/01/2026 23:29,15.75,0.002,7.97
23/01/2026 23:29,15.75,0.002,7.97
23/01/2026 22:59,15.875,0.002,7.97
23/01/2026 22:29,15.75,0.002,7.98
23/01/2026 21:59,14.75,0.002,7.98
23/01/2026 21:29,15.75,0.002,7.98
23/01/2026 21:29,15.75,0.002,7.98
23/01/2026 20:59,15.875,0.002,7.98
23/01/2026 20:29,15.75,0.002,7.99
23/01/2026 20:29,15.75,0.002,7.99
23/01/2026 19:59,15.875,0.002,7.99
23/01/2026 19:55,15.875,0.002,7.99
23/01/2026 18:59,15.75,0.002,7.99
23/01/2026 18:29,15.875,0.002,7.99
23/01/2026 17:59,15.875,0.002,8
23/01/2026 17:29,16,0.002,7.99
23/01/2026 16:59,15.875,0.002,7.99
23/01/2026 16:29,15.875,0.002,7.99
23/01/2026 15:59,16,0.002,8
23/01/2026 15:29,15.875,0.002,8
23/01/2026 14:59,15.875,0.002,8
23/01/2026 14:29,15.875,0.002,8.01
23/01/2026 13:59,16,0.002,8
23/01/2026 13:59,16,0.002,8
23/01/2026 13:29,15.875,0.002,7.99
23/01/2026 12:59,15.875,0.002,7.99
23/01/2026 12:29,15.875,0.002,7.99
23/01/2026 11:59,15.875,0.002,7.99
23/01/2026 11:29,15.75,0.002,7.99
23/01/2026 10:59,15.75,0.002,7.99
23/01/2026 10:29,15.75,0.002,7.98
23/01/2026 10:29,15.75,0.002,7.98
23/01/2026 09:59,15.875,0.002,7.97
23/01/2026 09:29,14.75,0.002,7.97
23/01/2026 08:59,15.75,0.002,7.97
23/01/2026 08:29,15.75,0.002,7.97
23/01/2026 07:59,15.875,0.002,7.96
23/01/2026 07:29,15.875,0.002,7.95
23/01/2026 06:59,15.875,0.002,7.95
23/01/2026 06:29,15.875,0.002,7.95
23/01/2026 05:59,15.75,0.002,7.96
23/01/2026 05:29,15.75,0.002,7.96
23/01/2026 04:59,15.75,0.002,7.96
23/01/2026 04:29,15.875,0.002,7.96
23/01/2026 03:59,15.75,0.002,7.96
23/01/2026 03:29,15.75,0.002,7.96
23/01/2026 02:59,15.75,0.002,7.97
23/01/2026 02:29,15.875,0.002,7.97
23/01/2026 01:59,15.875,0.002,7.97
23/01/2026 01:29,15.875,0.002,7.98
23/01/2026 00:59,15.875,0.002,7.98
23/01/2026 00:29,15.875,0.002,7.98
22/01/2026 23:59,16,0.002,7.99
22/01/2026 23:29,15.75,0.002,7.98
22/01/2026 22:59,15.75,0.002,7.98
22/01/2026 22:29,15.75,0.002,7.99
22/01/2026 21:59,15.875,0.002,8.01
22/01/2026 21:29,15.875,0.002,8.01
22/01/2026 20:59,15.75,0.002,8.01
22/01/2026 20:29,15.875,0.002,8.01
22/01/2026 20:19,15.875,0.002,8.02
22/01/2026 20:15,16,0.002,8.02
22/01/2026 20:15,15.875,0.002,8.72
22/01/2026 19:59,16,0.002,8.02
22/01/2026 19:29,16,0.002,8.02
22/01/2026 18:59,16,0.002,8.02
22/01/2026 18:29,16,0.002,8.01
22/01/2026 17:59,16,0.002,8.02
22/01/2026 17:29,16,0.002,8.01
22/01/2026 16:59,16.125,0.002,8.01
22/01/2026 16:29,16.125,0.002,8
22/01/2026 15:59,16.125,0.002,8
22/01/2026 15:29,16.125,0.002,8
22/01/2026 15:09,16.125,0.002,8
22/01/2026 12:59,16,0.001,7.94
22/01/2026 12:29,16,0.001,7.9
22/01/2026 11:59,16,0.001,7.85
22/01/2026 11:29,16,0.001,7.77
22/01/2026 10:59,16,0.001,7.62
22/01/2026 10:49,16.125,0.001,7.53
22/01/2026 10:29,16.25,0.001,7.27
22/01/2026 09:59,16.125,0.001,6.86
22/01/2026 09:29,16.125,0.001,6.6
22/01/2026 09:23,16.375,0.004,6.83
22/01/2026 08:59,16.125,0.001,8.03
22/01/2026 08:29,16.125,0.001,8.03
22/01/2026 07:59,16.125,0.001,8.03
22/01/2026 07:29,15.875,0.001,8.02
22/01/2026 06:59,16,0.001,8.02
22/01/2026 06:29,16.125,0.001,8.03
22/01/2026 05:59,16.125,0.001,8.03
22/01/2026 05:29,16,0.001,8.03
22/01/2026 04:59,16.125,0.001,8.03
22/01/2026 04:29,16.125,0.001,8.03
22/01/2026 03:59,16,0.001,8.03
22/01/2026 03:29,16.125,0.001,8.04
22/01/2026 02:59,16.125,0.001,8.04
22/01/2026 02:29,16,0.001,8.04
22/01/2026 01:59,16.125,0.001,8.04
22/01/2026 01:29,16.125,0.001,8.04
22/01/2026 00:59,16.125,0.001,8.05
22/01/2026 00:29,16.125,0.001,8.05
21/01/2026 23:59,16.125,0.001,8.05
21/01/2026 23:29,16.125,0.001,8.05
21/01/2026 22:59,16.25,0.001,8.06
21/01/2026 22:29,16.125,0.001,8.06
21/01/2026 22:29,16.125,0.001,8.06
21/01/2026 21:59,16.25,0.001,8.06
21/01/2026 21:29,16.25,0.001,8.06
21/01/2026 20:59,16.375,0.001,8.07
21/01/2026 20:29,16.25,0.001,8.07
21/01/2026 19:59,16.25,0.001,8.07
21/01/2026 19:29,16.375,0.001,8.07
21/01/2026 18:59,16.375,0.001,8.08
21/01/2026 18:29,16.5,0.001,8.08
21/01/2026 17:59,16.625,0.001,8.08
21/01/2026 17:29,16.625,0.001,8.08
21/01/2026 16:59,15.75,0.001,8.08
21/01/2026 16:29,16.875,0.001,8.08
21/01/2026 15:59,17.625,0.001,8.08
21/01/2026 15:29,16.75,0.001,8.07
21/01/2026 14:59,16.75,0.001,8.07
21/01/2026 14:29,17.625,0.001,8.07
21/01/2026 13:59,16.625,0.001,8.06
21/01/2026 13:29,16.5,0.001,8.06
21/01/2026 12:59,16.25,0.001,8.05
21/01/2026 12:29,16.25,0.001,8.05
21/01/2026 11:59,16.25,0.001,8.04
21/01/2026 11:29,16.125,0.001,8.04
21/01/2026 10:59,16,0.001,8.04
21/01/2026 10:29,15.875,0.001,8.03
21/01/2026 09:59,15.875,0.001,8.03
21/01/2026 09:29,15.75,0.001,8.02
21/01/2026 08:59,14.75,0.001,8.02
21/01/2026 08:59,14.75,0.001,8.02
21/01/2026 08:29,16.5,0.001,8.02
21/01/2026 07:59,15.375,0.001,8.01
21/01/2026 07:29,15.375,0.001,8.01
21/01/2026 06:59,15.375,0.001,8.01
21/01/2026 06:29,15.375,0.001,8.01
21/01/2026 05:59,15.375,0.001,8.01
21/01/2026 05:29,15.5,0.001,8.01
21/01/2026 04:59,15.5,0.001,8.01
21/01/2026 04:29,15.5,0.001,8.02
21/01/2026 03:59,15.5,0.001,8.02
21/01/2026 03:29,15.625,0.001,8.02
21/01/2026 02:59,15.625,0.001,8.02
21/01/2026 02:29,16.625,0.001,8.02
21/01/2026 01:59,15.625,0.001,8.03
21/01/2026 01:29,15.75,0.001,8.03
21/01/2026 00:59,14.75,0.001,8.03
21/01/2026 00:29,15.75,0.001,8.03
20/01/2026 23:59,16.625,0.001,8.03
20/01/2026 23:29,15.875,0.001,8.04
20/01/2026 22:59,15.875,0.001,8.04
20/01/2026 22:29,15.75,0.001,8.04
20/01/2026 21:59,16,0.001,8.04
20/01/2026 21:29,15.75,0.001,8.05
20/01/2026 20:59,15.875,0.001,8.05
20/01/2026 20:29,16,0.001,8.05
20/01/2026 19:59,16,0.001,8.05
20/01/2026 19:59,16,0.001,8.05
20/01/2026 19:29,16,0.001,8.06
20/01/2026 18:59,16,0.001,8.06
20/01/2026 18:59,16,0.001,8.06
20/01/2026 18:29,16,0.001,8.06
20/01/2026 17:59,16.125,0.001,8.06
20/01/2026 17:29,16,0.001,8.06
20/01/2026 16:59,16,0.001,8.06
20/01/2026 16:29,15.875,0.001,8.06
20/01/2026 15:59,15.75,0.001,8.05
20/01/2026 15:29,15.75,0.001,8.05
20/01/2026 14:59,15.625,0.001,8.05
20/01/2026 14:29,15.5,0.001,8.04
20/01/2026 13:59,15.375,0.001,8.04
20/01/2026 13:29,15.375,0.001,8.04
20/01/2026 12:59,15.125,0.001,8.03
20/01/2026 12:29,15,0.001,8.03
20/01/2026 12:29,15,0.001,8.03
20/01/2026 11:59,15,0.001,8.02
20/01/2026 11:29,14.875,0.001,8.02
20/01/2026 10:59,14.875,0.001,8.02
20/01/2026 10:29,13.75,0.001,8.02
20/01/2026 09:59,15.5,0.001,8.03
20/01/2026 09:29,15.5,0.001,8.03
20/01/2026 08:59,15.5,0.001,8.02
20/01/2026 08:29,15.375,0.001,8.02
20/01/2026 07:59,15.375,0.001,8.02
20/01/2026 07:29,15.5,0.001,8.01
20/01/2026 06:59,15.375,0.001,8.01
20/01/2026 06:29,15.375,0.001,8.02
20/01/2026 05:59,15.375,0.001,8.02
20/01/2026 05:59,15.375,0.001,8.02
20/01/2026 05:29,15.375,0.001,8.02
20/01/2026 04:59,15.375,0.001,8.02
20/01/2026 04:29,15.5,0.001,8.02
20/01/2026 03:59,15.5,0.001,8.02
20/01/2026 03:29,15.5,0.001,8.03
20/01/2026 02:59,15.5,0.001,8.03
20/01/2026 02:29,15.625,0.001,8.03
20/01/2026 01:59,15.75,0.001,8.03
20/01/2026 01:29,15.75,0.001,8.03
20/01/2026 00:59,15.75,0.001,8.04
20/01/2026 00:29,16.625,0.001,8.04
19/01/2026 23:59,15.75,0.001,8.04
19/01/2026 23:29,15.875,0.001,8.04
19/01/2026 22:59,15.875,0.001,8.05
19/01/2026 22:29,15.875,0.001,8.05
19/01/2026 21:59,16,0.001,8.05
19/01/2026 21:29,16,0.001,8.06
19/01/2026 20:59,16,0.001,8.06
19/01/2026 20:29,16.125,0.001,8.06
19/01/2026 19:59,16.125,0.001,8.06
19/01/2026 19:29,16,0.001,8.07
19/01/2026 18:59,16.125,0.001,8.07
19/01/2026 18:29,16.125,0.001,8.07
19/01/2026 17:59,16.125,0.001,8.07
19/01/2026 17:29,16.25,0.001,8.07
19/01/2026 16:59,16.125,0.001,8.07
19/01/2026 16:29,16.125,0.001,8.06
19/01/2026 15:59,16,0.001,8.06
19/01/2026 15:29,16,0.001,8.06
19/01/2026 14:59,15.75,0.001,8.05
19/01/2026 14:29,15.875,0.001,8.05
19/01/2026 13:59,15.625,0.001,8.05
19/01/2026 13:29,15.5,0.001,8.04
19/01/2026 12:59,15.25,0.001,8.04
19/01/2026 12:29,15.25,0.001,8.04
19/01/2026 11:59,15.125,0.001,8.03
19/01/2026 11:29,15,0.001,8.03
19/01/2026 10:59,15,0.001,8.03
19/01/2026 10:29,14.875,0.001,8.03
19/01/2026 09:59,14.75,0.001,8.02
19/01/2026 09:29,15.625,0.001,8.01
19/01/2026 08:59,14.625,0.001,8.01
19/01/2026 08:29,15,0.001,8.02
19/01/2026 07:59,15,0.001,8.02
19/01/2026 07:29,15,0.001,8.01
19/01/2026 06:59,15,0.001,8.01
19/01/2026 06:29,15,0.001,8.01
19/01/2026 05:59,15,0.001,8.02
19/01/2026 05:29,14.875,0.001,8.02
19/01/2026 04:59,15.125,0.001,8.02
19/01/2026 04:29,15.125,0.001,8.02
19/01/2026 03:59,15,0.001,8.02
19/01/2026 03:29,15,0.001,8.03
19/01/2026 02:59,15.25,0.001,8.03
19/01/2026 02:29,15.125,0.001,8.03
19/01/2026 01:59,15.125,0.001,8.03
19/01/2026 01:29,15.25,0.001,8.04
19/01/2026 00:59,15.125,0.001,8.04
19/01/2026 00:29,15.25,0.001,8.04
19/01/2026 00:29,15.25,0.001,8.04
18/01/2026 23:59,15.125,0.001,8.04
18/01/2026 23:29,15.125,0.001,8.04
18/01/2026 22:59,15.375,0.001,8.05
18/01/2026 22:29,15.25,0.001,8.05
18/01/2026 21:59,15.125,0.001,8.05
18/01/2026 21:29,15.25,0.001,8.05
18/01/2026 20:59,15.375,0.001,8.06
18/01/2026 20:29,15.375,0.001,8.06
18/01/2026 19:59,15.5,0.001,8.06
18/01/2026 19:29,15.25,0.001,8.07
18/01/2026 18:59,15.375,0.001,8.07
18/01/2026 18:29,15.5,0.001,8.07
18/01/2026 17:59,15.375,0.001,8.07
18/01/2026 17:29,15.375,0.001,8.07
18/01/2026 16:59,15.375,0.001,8.07
18/01/2026 16:29,15.5,0.001,8.07
18/01/2026 15:59,15.375,0.001,8.07
18/01/2026 15:29,15.375,0.001,8.06
18/01/2026 14:59,15.5,0.001,8.06
18/01/2026 14:29,15.5,0.001,8.06
18/01/2026 13:59,15.5,0.001,8.06
18/01/2026 13:29,15.375,0.001,8.05
18/01/2026 12:59,15.25,0.001,8.05
18/01/2026 12:29,15.25,0.001,8.05
18/01/2026 11:59,15.375,0.001,8.04
18/01/2026 11:29,15.375,0.001,8.04
18/01/2026 10:59,15.5,0.001,8.04
18/01/2026 10:29,15.375,0.001,8.04
18/01/2026 09:59,15.25,0.001,8.04
18/01/2026 09:29,15.375,0.001,8.03
18/01/2026 08:59,15.5,0.001,8.03
18/01/2026 08:29,15.25,0.001,8.03
18/01/2026 07:59,15.25,0.001,8.02
18/01/2026 07:59,15.25,0.001,8.02
18/01/2026 07:29,15.25,0.001,8.02
18/01/2026 06:59,15.125,0.001,8.02
18/01/2026 06:29,15.25,0.001,8.02
18/01/2026 05:59,15.25,0.001,8.03
18/01/2026 05:29,15.25,0.001,8.03
18/01/2026 04:59,15.375,0.001,8.03
18/01/2026 04:29,15.25,0.001,8.03
18/01/2026 03:59,15.25,0.001,8.04
18/01/2026 03:55,15.375,0.001,8.04
18/01/2026 02:59,15.375,0.001,8.04
18/01/2026 02:59,15.375,0.001,8.04
18/01/2026 02:29,15.375,0.001,8.04
18/01/2026 01:59,15.375,0.001,8.04
18/01/2026 01:29,15.25,0.001,8.05
18/01/2026 00:59,15.375,0.001,8.05
18/01/2026 00:29,15.5,0.001,8.05
17/01/2026 23:59,15.375,0.001,8.05
17/01/2026 23:29,15.375,0.001,8.05
17/01/2026 22:59,15.5,0.001,8.06
17/01/2026 22:29,15.625,0.001,8.06
17/01/2026 21:59,15.5,0.001,8.06
17/01/2026 21:29,15.625,0.001,8.07
17/01/2026 20:59,15.5,0.001,8.07
17/01/2026 20:29,15.625,0.001,8.07
17/01/2026 19:59,15.625,0.001,8.07
17/01/2026 19:29,15.625,0.001,8.07
17/01/2026 18:59,16.625,0.001,8.08
17/01/2026 18:29,16.625,0.001,8.08
17/01/2026 17:59,15.625,0.001,8.08
17/01/2026 17:29,16.625,0.001,8.08
17/01/2026 16:59,15.875,0.001,8.08
17/01/2026 16:29,14.75,0.001,8.08
17/01/2026 15:59,15.75,0.001,8.08
17/01/2026 15:29,15.875,0.001,8.07
17/01/2026 14:59,15.875,0.001,8.07
17/01/2026 14:29,15.75,0.001,8.07
17/01/2026 14:29,15.75,0.001,8.07
17/01/2026 13:59,15.75,0.001,8.07
17/01/2026 13:29,15.875,0.001,8.06
17/01/2026 12:59,15.75,0.001,8.06
17/01/2026 12:29,14.75,0.001,8.06
17/01/2026 11:59,16.625,0.001,8.05
17/01/2026 11:29,14.75,0.001,8.05
17/01/2026 10:59,16.625,0.001,8.05
17/01/2026 10:29,15.75,0.001,8.05
17/01/2026 09:59,15.75,0.001,8.04
17/01/2026 09:29,14.75,0.001,8.04
17/01/2026 08:59,15.875,0.001,8.04
17/01/2026 08:29,15.75,0.001,8.03
17/01/2026 07:59,15.75,0.001,8.03
17/01/2026 07:29,14.75,0.001,8.03
17/01/2026 06:59,14.75,0.001,8.03
17/01/2026 06:29,15.625,0.001,8.03
17/01/2026 05:59,15.75,0.001,8.03
17/01/2026 05:29,15.75,0.001,8.03
17/01/2026 04:59,15.875,0.001,8.03
17/01/2026 04:29,15.875,0.001,8.03
17/01/2026 03:59,15.875,0.001,8.04
17/01/2026 03:29,15.75,0.001,8.04
17/01/2026 02:59,15.875,0.001,8.04
17/01/2026 02:29,16,0.001,8.04
17/01/2026 01:59,16,0.001,8.04
17/01/2026 01:29,15.875,0.001,8.05
17/01/2026 00:59,16,0.001,8.05
17/01/2026 00:29,16,0.001,8.05
16/01/2026 23:59,15.75,0.001,8.05
16/01/2026 23:29,16,0.001,8.06
16/01/2026 22:59,15.875,0.001,8.06
16/01/2026 22:29,16,0.001,8.06
16/01/2026 21:59,15.875,0.001,8.06
16/01/2026 21:59,15.875,0.001,8.06
16/01/2026 21:29,15.875,0.001,8.07
16/01/2026 20:59,16,0.001,8.07
16/01/2026 20:29,16,0.001,8.07
16/01/2026 19:59,16.125,0.001,8.07
16/01/2026 19:59,16.125,0.001,8.07
16/01/2026 19:29,16,0.001,8.07
16/01/2026 18:59,16,0.001,8.08
16/01/2026 18:29,16,0.001,8.08
16/01/2026 17:59,16,0.001,8.08
16/01/2026 17:29,16,0.001,8.08
16/01/2026 16:59,16.125,0.001,8.08
16/01/2026 16:29,16,0.001,8.08
16/01/2026 16:29,16,0.001,8.08
16/01/2026 15:59,16.125,0.001,8.07
16/01/2026 15:29,16,0.001,8.07
16/01/2026 14:59,16.125,0.001,8.07
16/01/2026 14:29,16.125,0.001,8.07
16/01/2026 13:59,16,0.001,8.06
16/01/2026 13:29,16,0.001,8.06
16/01/2026 12:59,16.125,0.001,8.06
16/01/2026 12:29,15.875,0.001,8.05
16/01/2026 11:59,16.125,0.001,8.05
16/01/2026 11:29,15.875,0.001,8.05
16/01/2026 10:59,16,0.001,8.05
16/01/2026 10:29,15.875,0.001,8.04
16/01/2026 09:59,16,0.001,8.04
16/01/2026 09:29,16,0.001,8.04
16/01/2026 08:59,16,0.001,8.03
16/01/2026 08:29,16,0.001,8.03
16/01/2026 07:59,15.875,0.001,8.03
16/01/2026 07:29,16,0.001,8.02
16/01/2026 06:59,16,0.001,8.02
16/01/2026 06:29,15.75,0.001,8.02
16/01/2026 05:59,16,0.001,8.02
16/01/2026 05:29,16,0.001,8.03
16/01/2026 04:59,15.875,0.001,8.03
16/01/2026 04:29,15.875,0.001,8.03
16/01/2026 03:59,15.875,0.001,8.03
16/01/2026 03:29,15.875,0.001,8.03
16/01/2026 02:59,16.125,0.001,8.03
16/01/2026 02:29,15.875,0.001,8.04
16/01/2026 02:29,15.875,0.001,8.04
16/01/2026 01:59,16,0.001,8.04
16/01/2026 01:29,15.875,0.001,8.04
16/01/2026 00:59,15.875,0.001,8.04
16/01/2026 00:29,15.875,0.001,8.04
15/01/2026 23:59,15.875,0.001,8.04
15/01/2026 23:29,15.875,0.001,8.05
15/01/2026 22:59,15.875,0.001,8.05
15/01/2026 22:29,16,0.001,8.05
15/01/2026 21:59,16,0.001,8.06
15/01/2026 21:59,16,0.001,8.06
15/01/2026 21:29,16,0.001,8.06
15/01/2026 20:59,16,0.001,8.06
15/01/2026 20:29,16,0.001,8.06
15/01/2026 19:59,15.875,0.001,8.06
15/01/2026 19:29,15.75,0.001,8.07
15/01/2026 18:59,16,0.001,8.07
15/01/2026 18:29,15.875,0.001,8.07
15/01/2026 17:59,15.875,0.001,8.07
15/01/2026 17:29,16,0.001,8.07
15/01/2026 16:59,16,0.001,8.07
15/01/2026 16:29,16,0.001,8.07
15/01/2026 15:59,16,0.001,8.07
15/01/2026 15:29,16,0.001,8.07
15/01/2026 14:59,16.125,0.001,8.06
15/01/2026 14:29,16,0.001,8.06
15/01/2026 13:59,15.875,0.001,8.06
15/01/2026 13:29,16,0.001,8.05
15/01/2026 12:59,15.875,0.001,8.05
15/01/2026 12:29,16,0.001,8.05
15/01/2026 11:59,16,0.001,8.05
15/01/2026 11:29,15.875,0.001,8.04
15/01/2026 10:59,15.875,0.001,8.04
15/01/2026 10:29,16,0.001,8.04
15/01/2026 09:59,15.875,0.001,8.03
15/01/2026 09:29,16,0.001,8.03
15/01/2026 08:59,16,0.001,8.03
15/01/2026 08:29,15.75,0.001,8.02
15/01/2026 07:59,15.875,0.001,8.02
15/01/2026 07:29,15.875,0.001,8.02
15/01/2026 06:59,16,0.001,8.01
15/01/2026 06:29,15.875,0.001,8.01
15/01/2026 05:59,16,0.001,8.02
15/01/2026 05:29,15.875,0.001,8.02
15/01/2026 04:59,16,0.001,8.02
15/01/2026 04:29,15.875,0.001,8.02
15/01/2026 03:59,15.875,0.001,8.02
15/01/2026 03:29,15.875,0.001,8.02
15/01/2026 02:59,16,0.001,8.03
15/01/2026 02:59,16,0.001,8.03
15/01/2026 02:29,15.875,0.001,8.03
15/01/2026 01:59,16,0.001,8.03
15/01/2026 01:29,15.875,0.001,8.03
15/01/2026 00:59,16,0.001,8.03
15/01/2026 00:29,16,0.001,8.04
14/01/2026 23:59,16,0.001,8.04
14/01/2026 23:29,16,0.001,8.04
14/01/2026 22:59,16,0.001,8.04
14/01/2026 22:29,16,0.001,8.04
14/01/2026 21:59,16,0.001,8.05
14/01/2026 21:29,16,0.001,8.05
14/01/2026 20:59,16.125,0.001,8.05
14/01/2026 20:59,16.125,0.001,8.05
14/01/2026 20:29,16,0.001,8.05
14/01/2026 19:59,16,0.001,8.05
14/01/2026 19:29,16.125,0.001,8.06
14/01/2026 18:59,16,0.001,8.06
14/01/2026 18:29,16.125,0.001,8.06
14/01/2026 17:59,16.125,0.001,8.06
14/01/2026 17:29,16.125,0.001,8.06
14/01/2026 16:59,16,0.001,8.06
14/01/2026 16:29,16.125,0.001,8.06
14/01/2026 15:59,16.25,0.001,8.06
14/01/2026 15:29,16.125,0.001,8.06
14/01/2026 14:59,16.125,0.001,8.05
14/01/2026 14:29,16.125,0.001,8.05
14/01/2026 13:59,16.125,0.001,8.05
14/01/2026 13:29,16.125,0.001,8.04
14/01/2026 12:59,16.125,0.001,8.04
14/01/2026 12:29,16,0.001,8.04
14/01/2026 11:59,16,0.001,8.03
14/01/2026 11:29,16.125,0.001,8.03
14/01/2026 10:59,15.875,0.001,8.03
14/01/2026 10:29,16.125,0.001,8.02
14/01/2026 09:59,16.125,0.001,8.02
14/01/2026 09:29,15.875,0.001,8.02
14/01/2026 08:59,16,0.001,8.01
14/01/2026 08:29,16,0.001,8.01
14/01/2026 07:59,16,0.001,8.01
14/01/2026 07:29,16,0.001,8
14/01/2026 06:59,16,0.001,8
14/01/2026 06:29,15.875,0.001,8
14/01/2026 05:59,16,0.001,8
14/01/2026 05:29,15.875,0.001,8
14/01/2026 04:59,16,0.001,8
14/01/2026 04:29,16,0.001,8
14/01/2026 03:59,16,0.001,8
14/01/2026 03:29,16.125,0.001,8
14/01/2026 02:59,15.875,0.001,8
14/01/2026 02:29,16,0.001,8
14/01/2026 01:59,16,0.001,8
14/01/2026 01:29,16.125,0.001,8
14/01/2026 00:59,16,0.001,8.01
14/01/2026 00:29,15.875,0.001,8
14/01/2026 00:29,15.875,0.001,8
13/01/2026 23:59,15.875,0.001,8.01
13/01/2026 23:29,15.875,0.001,8.01
13/01/2026 22:59,15.875,0.001,8.01
13/01/2026 22:29,15.875,0.001,8.01
13/01/2026 21:59,16,0.001,8.01
13/01/2026 21:29,16,0.001,8.01
13/01/2026 20:59,16,0.001,8.01
13/01/2026 20:29,15.875,0.001,8.01
13/01/2026 19:59,15.875,0.001,8.02
13/01/2026 19:29,16,0.001,8.02
13/01/2026 18:59,16,0.001,8.02
13/01/2026 18:29,16,0.001,8.02
13/01/2026 17:59,16,0.001,8.02
13/01/2026 17:29,16,0.001,8.02
13/01/2026 16:59,16.125,0.001,8.02
13/01/2026 16:29,16,0.001,8.01
13/01/2026 15:59,16.125,0.001,8.01
13/01/2026 15:29,16,0.001,8.01
13/01/2026 14:59,16,0.001,8.01
13/01/2026 14:29,16,0.001,8.01
13/01/2026 13:59,16,0.001,8.01
13/01/2026 13:29,16.125,0.001,8
13/01/2026 12:59,16.125,0.001,8.01
13/01/2026 12:29,15.875,0.001,8.01
13/01/2026 11:59,15.875,0.001,8.01
13/01/2026 11:29,15.875,0.001,8.02
13/01/2026 10:59,15.875,0.001,8.03
13/01/2026 10:29,15.75,0.001,8.04
13/01/2026 09:59,15.75,0.001,8.04
13/01/2026 09:29,15.75,0.001,8.03
13/01/2026 08:59,15.875,0.001,8.03
13/01/2026 08:29,15.75,0.001,8.03
13/01/2026 07:59,15.75,0.001,8.02
13/01/2026 07:29,15.875,0.001,8.02
13/01/2026 07:29,15.875,0.001,8.02
13/01/2026 06:59,15.875,0.001,8.02
13/01/2026 06:29,15.75,0.001,8.02
13/01/2026 05:59,15.75,0.001,8.02
13/01/2026 05:29,15.75,0.001,8.02
13/01/2026 04:59,15.75,0.001,8.02
13/01/2026 04:29,15.75,0.001,8.02
13/01/2026 03:59,15.75,0.001,8.03
13/01/2026 03:29,15.875,0.001,8.03
13/01/2026 02:59,15.75,0.001,8.03
13/01/2026 02:29,15.875,0.001,8.03
13/01/2026 01:59,15.75,0.001,8.03
13/01/2026 01:29,15.75,0.001,8.04
13/01/2026 00:59,15.875,0.001,8.04
13/01/2026 00:29,15.875,0.001,8.04
13/01/2026 00:29,15.875,0.001,8.04
12/01/2026 23:59,15.75,0.001,8.04
12/01/2026 23:29,15.875,0.001,8.04
12/01/2026 22:59,15.75,0.001,8.04
12/01/2026 22:29,16.625,0.001,8.05
12/01/2026 21:59,15.75,0.001,8.05
12/01/2026 21:29,15.75,0.001,8.05
12/01/2026 20:59,15.75,0.001,8.05
12/01/2026 20:29,16.625,0.001,8.06
12/01/2026 19:59,15.75,0.001,8.06
12/01/2026 19:29,15.75,0.001,8.06
12/01/2026 18:59,15.75,0.001,8.06
12/01/2026 18:29,15.875,0.001,8.06
12/01/2026 17:59,15.75,0.001,8.07
12/01/2026 17:29,15.875,0.001,8.07
12/01/2026 16:59,15.75,0.001,8.06
12/01/2026 16:29,15.875,0.001,8.06
12/01/2026 15:59,15.875,0.001,8.06
12/01/2026 15:59,15.875,0.001,8.06
12/01/2026 15:29,15.875,0.001,8.06
12/01/2026 14:59,15.75,0.001,8.06
12/01/2026 14:29,15.75,0.001,8.05
12/01/2026 13:59,15.75,0.001,8.05
12/01/2026 13:29,14.75,0.001,8.04
12/01/2026 12:59,15.75,0.001,8.04
12/01/2026 12:29,16.625,0.001,8.04
12/01/2026 11:59,15.75,0.001,8.04
12/01/2026 11:29,14.75,0.001,8.03
12/01/2026 10:59,15.5,0.001,8.03
12/01/2026 10:29,15.625,0.001,8.03
12/01/2026 09:59,15.625,0.001,8.03
12/01/2026 09:29,15.625,0.001,8.02
12/01/2026 08:59,15.875,0.001,8.02
12/01/2026 08:29,15.5,0.001,8.02
12/01/2026 07:59,15.625,0.001,8.01
12/01/2026 07:29,16.625,0.001,8.01
12/01/2026 06:59,15.5,0.001,8.01
12/01/2026 06:59,15.5,0.001,8.01
12/01/2026 06:29,15.5,0.001,8.01
12/01/2026 05:59,16.625,0.001,8.01
12/01/2026 05:29,14.75,0.001,8.01
12/01/2026 04:59,14.75,0.001,8.01
12/01/2026 04:29,15.625,0.001,8.02
12/01/2026 03:59,15.75,0.001,8.02
12/01/2026 03:29,15.625,0.001,8.02
12/01/2026 02:59,16.625,0.001,8.02
12/01/2026 02:29,15.75,0.001,8.03
12/01/2026 01:59,14.75,0.001,8.03
12/01/2026 01:29,15.75,0.001,8.03
12/01/2026 00:59,15.75,0.001,8.03
12/01/2026 00:29,15.875,0.001,8.04
11/01/2026 23:59,15.875,0.001,8.04
11/01/2026 23:29,15.875,0.001,8.04
11/01/2026 22:59,15.75,0.001,8.04
11/01/2026 22:29,15.875,0.001,8.05
11/01/2026 21:59,15.75,0.001,8.05
11/01/2026 21:59,15.75,0.001,8.05
11/01/2026 21:29,15.875,0.001,8.06
11/01/2026 20:59,15.875,0.001,8.07
11/01/2026 20:29,16,0.001,8.07
11/01/2026 19:59,16,0.001,8.07
11/01/2026 19:29,15.875,0.001,8.07
11/01/2026 18:59,16,0.001,8.08
11/01/2026 18:29,15.875,0.001,8.08
11/01/2026 17:59,16,0.001,8.08
11/01/2026 17:29,15.875,0.001,8.08
11/01/2026 16:59,15.875,0.001,8.08
11/01/2026 16:29,16,0.001,8.07
11/01/2026 15:59,16,0.001,8.07
11/01/2026 15:29,16,0.001,8.07
11/01/2026 14:59,16,0.001,8.07
11/01/2026 14:29,15.75,0.001,8.07
11/01/2026 13:59,16,0.001,8.06
11/01/2026 13:29,15.75,0.001,8.06
11/01/2026 12:59,15.75,0.001,8.06
11/01/2026 12:55,15.75,0.001,8.06
11/01/2026 12:29,15.875,0.001,8.05
11/01/2026 11:59,15.75,0.001,8.05
11/01/2026 11:29,15.875,0.001,8.05
11/01/2026 10:59,15.75,0.001,8.04
11/01/2026 10:29,15.625,0.001,8.04
11/01/2026 09:59,15.75,0.001,8.04
11/01/2026 09:29,14.75,0.001,8.04
11/01/2026 08:59,15.875,0.001,8.03
11/01/2026 08:29,15.75,0.001,8.03
11/01/2026 07:59,15.625,0.001,8.03
11/01/2026 07:29,15.75,0.001,8.03
11/01/2026 06:59,15.75,0.001,8.03
11/01/2026 06:29,15.875,0.001,8.03
11/01/2026 06:29,15.875,0.001,8.03
11/01/2026 05:59,15.75,0.001,8.03
11/01/2026 05:29,16.625,0.001,8.03
11/01/2026 04:59,15.75,0.001,8.03
11/01/2026 04:29,15.75,0.001,8.03
11/01/2026 03:59,15.75,0.001,8.04
11/01/2026 03:59,15.75,0.001,8.04
11/01/2026 03:29,15.875,0.001,8.04
11/01/2026 02:59,15.875,0.001,8.04
11/01/2026 02:29,15.875,0.001,8.04
11/01/2026 01:59,14.875,0.001,8.04
11/01/2026 01:29,15.875,0.001,8.04
11/01/2026 00:59,16,0.001,8.05
11/01/2026 00:29,15.875,0.001,8.05
10/01/2026 23:59,15.75,0.001,8.05
10/01/2026 23:29,15.875,0.001,8.05
10/01/2026 22:59,15.875,0.001,8.06
10/01/2026 22:29,15.75,0.001,8.06
10/01/2026 21:59,15.75,0.001,8.06
10/01/2026 21:29,15.875,0.001,8.06
10/01/2026 20:59,16,0.001,8.06
10/01/2026 20:29,15.875,0.001,8.07
10/01/2026 19:59,15.875,0.001,8.07
10/01/2026 19:29,16,0.001,8.07
10/01/2026 18:59,15.875,0.001,8.08
10/01/2026 18:29,15.875,0.001,8.08
10/01/2026 17:59,16.125,0.001,8.08
10/01/2026 17:29,15.875,0.001,8.08
10/01/2026 16:59,16,0.001,8.08
10/01/2026 16:29,16.125,0.001,8.08
10/01/2026 15:59,16.125,0.001,8.07
10/01/2026 15:29,16,0.001,8.07
10/01/2026 14:59,16.125,0.001,8.07
10/01/2026 14:29,16.125,0.001,8.07
10/01/2026 13:59,16,0.001,8.06
10/01/2026 13:29,15.875,0.001,8.06
10/01/2026 12:59,16,0.001,8.06
10/01/2026 12:29,15.875,0.001,8.05
10/01/2026 11:59,16,0.001,8.05
10/01/2026 11:29,15.875,0.001,8.05
10/01/2026 10:59,15.875,0.001,8.04
10/01/2026 10:29,15.875,0.001,8.04
10/01/2026 09:59,15.875,0.001,8.04
10/01/2026 09:29,15.875,0.001,8.04
10/01/2026 08:59,16.125,0.001,8.03
10/01/2026 08:29,15.875,0.001,8.03
10/01/2026 07:59,15.75,0.001,8.03
10/01/2026 07:29,15.875,0.001,8.02
10/01/2026 06:59,15.875,0.001,8.02
10/01/2026 06:29,16,0.001,8.02
10/01/2026 05:59,15.875,0.001,8.03
10/01/2026 05:29,16,0.001,8.03
10/01/2026 04:59,15.875,0.001,8.03
10/01/2026 04:29,15.875,0.001,8.03
10/01/2026 03:59,15.875,0.001,8.03
10/01/2026 03:29,15.875,0.001,8.03
10/01/2026 02:59,16,0.001,8.03
10/01/2026 02:29,16,0.001,8.04
10/01/2026 01:59,15.75,0.001,8.04
10/01/2026 01:29,16,0.001,8.04
10/01/2026 00:59,15.75,0.001,8.04
10/01/2026 00:59,15.75,0.001,8.04
10/01/2026 00:29,15.875,0.001,8.04
09/01/2026 23:59,15.875,0.001,8.05
09/01/2026 23:29,15.875,0.001,8.05
09/01/2026 22:59,16,0.001,8.05
09/01/2026 22:29,16,0.001,8.05
09/01/2026 21:59,16,0.001,8.05
09/01/2026 21:29,15.875,0.001,8.06
09/01/2026 20:59,16,0.001,8.06
09/01/2026 20:29,15.75,0.001,8.06
09/01/2026 19:59,16,0.001,8.06
09/01/2026 19:29,16.125,0.001,8.07
09/01/2026 18:59,16,0.001,8.07
09/01/2026 18:29,15.875,0.001,8.07
09/01/2026 17:59,16.125,0.001,8.07
09/01/2026 17:29,16.125,0.001,8.07
09/01/2026 16:59,16.125,0.001,8.07
09/01/2026 16:29,16,0.001,8.07
09/01/2026 15:59,16.125,0.001,8.06
09/01/2026 15:29,16,0.001,8.06
09/01/2026 14:59,16.125,0.001,8.06
09/01/2026 14:29,16.125,0.001,8.06
09/01/2026 13:59,16.125,0.001,8.05
09/01/2026 13:29,16,0.001,8.05
09/01/2026 12:59,16,0.001,8.05
09/01/2026 12:29,16.125,0.001,8.05
09/01/2026 11:59,16,0.001,8.04
09/01/2026 11:29,16,0.001,8.04
09/01/2026 11:29,16,0.001,8.04
09/01/2026 10:59,16,0.001,8.04
09/01/2026 10:29,16,0.001,8.04
09/01/2026 09:59,15.875,0.001,8.03
09/01/2026 09:29,15.875,0.001,8.03
09/01/2026 08:59,16.125,0.001,8.03
09/01/2026 08:29,16,0.001,8.03
09/01/2026 07:59,15.875,0.001,8.02
09/01/2026 07:29,16,0.001,8.02
09/01/2026 06:59,16,0.001,8.02
09/01/2026 06:29,15.875,0.001,8.02
09/01/2026 05:59,16.125,0.001,8.02
09/01/2026 05:29,16,0.001,8.02
09/01/2026 04:59,16,0.001,8.02
09/01/2026 04:29,16,0.001,8.03
09/01/2026 03:59,16.125,0.001,8.03
09/01/2026 03:29,16.125,0.001,8.03
09/01/2026 02:59,16.125,0.001,8.03
09/01/2026 02:29,16.25,0.001,8.03
09/01/2026 01:59,16.125,0.001,8.03
09/01/2026 01:29,16.125,0.001,8.03
09/01/2026 00:59,16.125,0.001,8.04
09/01/2026 00:29,16.25,0.001,8.04
08/01/2026 23:59,16.25,0.001,8.04
08/01/2026 23:29,16.125,0.001,8.04
08/01/2026 22:59,16.125,0.001,8.05
08/01/2026 22:29,16.125,0.001,8.05
08/01/2026 21:59,16.375,0.001,8.05
08/01/2026 21:59,16.375,0.001,8.05
08/01/2026 21:29,16.25,0.001,8.05
08/01/2026 20:59,16.25,0.001,8.05
08/01/2026 20:29,16.375,0.001,8.06
08/01/2026 20:29,16.375,0.001,8.06
08/01/2026 19:59,16.375,0.001,8.06
08/01/2026 19:29,16.375,0.001,8.06
08/01/2026 18:59,16.5,0.001,8.06
08/01/2026 18:29,16.5,0.001,8.07
08/01/2026 18:29,16.5,0.001,8.07
08/01/2026 17:59,16.5,0.001,8.07
08/01/2026 17:29,16.625,0.001,8.07
08/01/2026 16:59,17.625,0.001,8.07
08/01/2026 16:29,16.75,0.001,8.07
08/01/2026 16:29,16.75,0.001,8.07
08/01/2026 15:59,16.75,0.001,8.06
08/01/2026 15:29,16.75,0.001,8.06
08/01/2026 14:59,16.75,0.001,8.06
08/01/2026 14:29,16.875,0.001,8.05
08/01/2026 13:59,16.75,0.001,8.05
08/01/2026 13:29,16.875,0.001,8.05
08/01/2026 12:59,16.75,0.001,8.05
08/01/2026 12:29,16.625,0.001,8.04
08/01/2026 11:59,16.625,0.001,8.04
08/01/2026 11:29,16.375,0.001,8.03
08/01/2026 10:59,16.25,0.001,8.03
08/01/2026 10:29,16.25,0.001,8.03
08/01/2026 09:59,16.25,0.001,8.02
08/01/2026 09:29,16,0.001,8.02
08/01/2026 08:59,16.125,0.001,8.02
08/01/2026 08:29,15.875,0.001,8.02
08/01/2026 08:29,15.875,0.001,8.02
08/01/2026 07:59,15.875,0.001,8.01
08/01/2026 07:29,15.75,0.001,8.01
08/01/2026 06:59,15.625,0.001,8.01
08/01/2026 06:29,15.625,0.001,8.01
08/01/2026 05:59,15.5,0.001,8.01
08/01/2026 05:29,15.75,0.001,8.01
08/01/2026 04:59,14.75,0.001,8.01
08/01/2026 04:29,14.75,0.001,8.01
08/01/2026 03:59,14.75,0.001,8.02
08/01/2026 03:29,14.75,0.001,8.02
08/01/2026 02:59,16.625,0.001,8.02
08/01/2026 02:29,16.625,0.001,8.02
08/01/2026 01:59,15.75,0.001,8.02
08/01/2026 01:29,15.75,0.001,8.02
08/01/2026 00:59,15.75,0.001,8.02
08/01/2026 00:29,15.75,0.001,8.03
07/01/2026 23:59,15.75,0.001,8.03
07/01/2026 23:29,15.875,0.001,8.03
07/01/2026 22:59,15.75,0.001,8.03
07/01/2026 22:29,15.875,0.001,8.04
07/01/2026 21:59,15.75,0.001,8.04
07/01/2026 21:29,15.875,0.001,8.04
07/01/2026 20:59,15.875,0.001,8.04
07/01/2026 20:29,15.875,0.001,8.05
07/01/2026 19:59,16,0.001,8.05
07/01/2026 19:29,16,0.001,8.05
07/01/2026 18:59,15.875,0.001,8.05
07/01/2026 18:29,15.875,0.001,8.05
07/01/2026 17:59,15.875,0.001,8.05
07/01/2026 17:29,15.875,0.001,8.05
07/01/2026 16:59,15.875,0.001,8.05
07/01/2026 16:29,15.75,0.001,8.05
07/01/2026 15:59,14.75,0.001,8.04
07/01/2026 15:29,16.625,0.001,8.04
07/01/2026 15:29,16.625,0.001,8.04
07/01/2026 14:59,15.625,0.001,8.04
07/01/2026 14:29,15.625,0.001,8.03
07/01/2026 13:59,15.5,0.001,8.03
07/01/2026 13:29,15.25,0.001,8.03
07/01/2026 12:59,15.25,0.001,8.02
07/01/2026 12:29,15,0.001,8.02
07/01/2026 11:59,14.875,0.001,8.01
07/01/2026 11:29,13.875,0.001,8.01
07/01/2026 10:59,13.75,0.001,8.01
07/01/2026 10:29,15.625,0.001,8
07/01/2026 09:59,14.5,0.001,8
07/01/2026 09:29,13.75,0.001,8
07/01/2026 08:59,14.75,0.001,7.99
07/01/2026 08:29,14.5,0.001,7.99
07/01/2026 07:59,14.5,0.001,7.99
07/01/2026 07:29,14.625,0.001,7.98
07/01/2026 06:59,14.5,0.001,7.98
07/01/2026 06:29,14.625,0.001,7.98
07/01/2026 05:59,13.75,0.001,7.98
07/01/2026 05:29,14.75,0.001,7.98
07/01/2026 04:59,13.75,0.001,7.98
07/01/2026 04:29,13.875,0.001,7.99
07/01/2026 03:59,14.75,0.001,7.99
07/01/2026 03:29,14.875,0.001,7.99
07/01/2026 02:59,15,0.001,7.99
07/01/2026 02:29,15.25,0.001,8
07/01/2026 01:59,15.25,0.001,8
07/01/2026 01:29,15.375,0.001,8
07/01/2026 00:59,15.375,0.001,8.01
07/01/2026 00:29,15.25,0.001,8.01
06/01/2026 23:59,15.5,0.001,8.01
06/01/2026 23:29,15.625,0.001,8.01
06/01/2026 22:59,15.5,0.001,8.01
06/01/2026 22:29,15.5,0.001,8.02
06/01/2026 21:59,14.75,0.001,8.02
06/01/2026 21:29,15.75,0.001,8.02
06/01/2026 20:59,15.75,0.001,8.03
06/01/2026 20:29,15.75,0.001,8.03
06/01/2026 19:59,15.875,0.001,8.03
06/01/2026 19:29,16,0.001,8.03
06/01/2026 18:59,15.875,0.001,8.04
06/01/2026 18:29,16,0.001,8.04
06/01/2026 17:59,16.125,0.001,8.04
06/01/2026 17:29,16.125,0.001,8.04
06/01/2026 16:59,16.125,0.001,8.04
06/01/2026 16:29,16.125,0.001,8.03
06/01/2026 15:59,16,0.001,8.03
06/01/2026 15:29,16,0.001,8.03
06/01/2026 14:59,15.875,0.001,8.03
06/01/2026 14:29,15.875,0.001,8.03
06/01/2026 13:59,15.875,0.001,8.03
06/01/2026 13:46,16,0.001,8.02
06/01/2026 13:46,16,0.001,8.02
06/01/2026 13:29,15.875,0.001,8.73
06/01/2026 12:59,15.875,0.001,8.73
06/01/2026 12:29,15.75,0.001,8.73
06/01/2026 11:59,16.625,0.001,8.73
06/01/2026 11:29,15.625,0.001,8.72
06/01/2026 10:59,15.75,0.001,8.72
06/01/2026 10:29,15.625,0.001,8.72
06/01/2026 09:59,15.875,0.001,8.71
06/01/2026 09:55,16.5,0.001,8.71
06/01/2026 09:29,16,0.001,8.7
06/01/2026 08:59,16.625,0.001,8.69
06/01/2026 08:29,15.75,0.001,8.69
06/01/2026 07:59,16.625,0.001,8.68
06/01/2026 07:29,15.75,0.001,8.68
06/01/2026 06:59,14.75,0.001,8.68
06/01/2026 06:29,15.75,0.001,8.68
06/01/2026 05:59,15.875,0.001,8.69
06/01/2026 05:29,15.75,0.001,8.69
06/01/2026 05:29,15.75,0.001,8.69
06/01/2026 04:59,15.875,0.001,8.69
06/01/2026 04:29,15.875,0.001,8.69
06/01/2026 03:59,15.875,0.001,8.69
06/01/2026 03:29,16,0.001,8.7
06/01/2026 02:59,16,0.001,8.7
06/01/2026 02:29,16,0.001,8.7
06/01/2026 01:59,16,0.001,8.71
06/01/2026 01:29,16.125,0.001,8.71
06/01/2026 00:59,16.125,0.001,8.71
06/01/2026 00:29,16.25,0.001,8.71
05/01/2026 23:59,16.125,0.001,8.72
05/01/2026 23:29,16.375,0.001,8.72
05/01/2026 22:59,16.25,0.001,8.72
05/01/2026 22:29,16.25,0.001,8.73
05/01/2026 21:59,16.375,0.001,8.73
05/01/2026 21:29,16.25,0.001,8.73
05/01/2026 20:59,16.25,0.001,8.74
05/01/2026 20:29,16.375,0.001,8.74
05/01/2026 19:59,16.375,0.001,8.74
05/01/2026 19:29,16.375,0.001,8.75
05/01/2026 18:59,16.375,0.001,8.75
05/01/2026 18:29,16.375,0.001,8.75
05/01/2026 17:59,16.5,0.001,8.75
05/01/2026 17:29,16.5,0.001,8.75
05/01/2026 16:59,16.5,0.001,8.75
05/01/2026 16:29,16.5,0.001,8.75
05/01/2026 15:59,16.5,0.001,8.74
05/01/2026 15:29,16.625,0.001,8.74
05/01/2026 14:59,16.5,0.001,8.74
05/01/2026 14:29,16.5,0.001,8.74
05/01/2026 13:59,16.625,0.001,8.74
05/01/2026 13:29,16.5,0.001,8.75
05/01/2026 12:59,16.5,0.001,8.76
05/01/2026 12:29,16.5,0.001,8.76
05/01/2026 11:59,16.375,0.001,8.76
05/01/2026 11:29,16.5,0.001,8.75
05/01/2026 10:59,16.25,0.001,8.75
05/01/2026 10:29,16.25,0.001,8.74
05/01/2026 09:59,16.375,0.001,8.74
05/01/2026 09:29,16.625,0.001,8.73
05/01/2026 08:59,16.375,0.001,8.73
05/01/2026 08:29,16.375,0.001,8.72
05/01/2026 07:59,16.375,0.001,8.72
05/01/2026 07:29,16.375,0.001,8.72
05/01/2026 06:59,16.25,0.001,8.71
05/01/2026 06:29,16.375,0.001,8.72
05/01/2026 05:59,16.375,0.001,8.72
05/01/2026 05:29,16.375,0.001,8.72
05/01/2026 04:59,16.375,0.001,8.72
05/01/2026 04:29,16.375,0.001,8.72
05/01/2026 03:59,16.375,0.001,8.73
05/01/2026 03:29,16.25,0.001,8.73
05/01/2026 02:59,16.25,0.001,8.73
05/01/2026 02:29,16.375,0.001,8.74
05/01/2026 01:59,16.25,0.001,8.74
05/01/2026 01:29,16.375,0.001,8.74
05/01/2026 00:59,16.25,0.001,8.74
05/01/2026 00:29,16.25,0.001,8.75
04/01/2026 23:59,16.25,0.001,8.75
04/01/2026 23:29,16.25,0.001,8.76
04/01/2026 22:59,16.25,0.001,8.76
04/01/2026 22:29,16.25,0.001,8.77
04/01/2026 21:59,16.25,0.001,8.77
04/01/2026 21:29,16.25,0.001,8.78
04/01/2026 20:59,16.375,0.001,8.78
04/01/2026 20:29,16.25,0.001,8.79
04/01/2026 19:59,16.25,0.001,8.79
04/01/2026 19:55,16.25,0.001,8.79
04/01/2026 18:59,16.25,0.001,8.8
04/01/2026 18:29,16.25,0.001,8.8
04/01/2026 17:59,16.375,0.001,8.8
04/01/2026 17:29,16.375,0.001,8.8
04/01/2026 16:59,16.5,0.001,8.8
04/01/2026 16:29,16.5,0.001,8.8
04/01/2026 15:59,16.5,0.001,8.79
04/01/2026 15:29,16.375,0.001,8.79
04/01/2026 14:59,16.625,0.001,8.79
04/01/2026 14:29,16.5,0.001,8.78
04/01/2026 13:59,16.5,0.001,8.78
04/01/2026 13:29,16.5,0.001,8.77
04/01/2026 12:59,16.375,0.001,8.77
04/01/2026 12:29,16.375,0.001,8.76
04/01/2026 11:59,16.375,0.001,8.76
04/01/2026 11:29,16.375,0.001,8.75
04/01/2026 10:59,16.375,0.001,8.75
04/01/2026 10:29,16.375,0.001,8.74
04/01/2026 09:59,16.25,0.001,8.74
04/01/2026 09:29,16.5,0.001,8.73
04/01/2026 08:59,16.25,0.001,8.73
04/01/2026 08:29,16.25,0.001,8.72
04/01/2026 07:59,16.25,0.001,8.72
04/01/2026 07:29,16.25,0.001,8.71
04/01/2026 06:59,16.25,0.001,8.71
04/01/2026 06:29,16.25,0.001,8.71
04/01/2026 05:59,16.25,0.001,8.71
04/01/2026 05:29,16.25,0.001,8.72
04/01/2026 04:59,16.25,0.001,8.72
04/01/2026 04:29,16.125,0.001,8.72
04/01/2026 03:59,16.25,0.001,8.72
04/01/2026 03:29,16.125,0.001,8.73
04/01/2026 02:59,16.25,0.001,8.73
04/01/2026 02:29,16.25,0.001,8.73
04/01/2026 02:29,16.25,0.001,8.73
04/01/2026 01:59,16.125,0.001,8.73
04/01/2026 01:29,16.125,0.001,8.73
04/01/2026 00:59,16.125,0.001,8.74
04/01/2026 00:29,16.25,0.001,8.74
03/01/2026 23:59,16.125,0.001,8.74
03/01/2026 23:29,16.25,0.001,8.75
03/01/2026 22:59,16.25,0.001,8.75
03/01/2026 22:29,16.25,0.001,8.75
03/01/2026 21:59,16.25,0.001,8.75
03/01/2026 21:29,16.375,0.001,8.76
03/01/2026 20:59,16.125,0.001,8.76
03/01/2026 20:59,16.125,0.001,8.76
03/01/2026 20:29,16.25,0.001,8.76
03/01/2026 19:59,16.25,0.001,8.77
03/01/2026 19:29,16.25,0.001,8.77
03/01/2026 18:59,16.25,0.001,8.77
03/01/2026 18:29,16.375,0.001,8.78
03/01/2026 17:59,16.25,0.001,8.78
03/01/2026 17:29,16.375,0.001,8.77
03/01/2026 16:59,16.375,0.001,8.77
03/01/2026 16:29,16.375,0.001,8.77
03/01/2026 16:29,16.375,0.001,8.77
03/01/2026 15:59,16.375,0.001,8.77
03/01/2026 15:29,16.375,0.001,8.76
03/01/2026 14:59,16.375,0.001,8.76
03/01/2026 14:29,16.375,0.001,8.75
03/01/2026 13:59,16.375,0.001,8.75
03/01/2026 13:29,16.25,0.001,8.74
03/01/2026 12:59,16.375,0.001,8.74
03/01/2026 12:29,16.25,0.001,8.73
03/01/2026 11:59,16.25,0.001,8.73
03/01/2026 11:29,16.125,0.001,8.72
03/01/2026 10:59,16.25,0.001,8.72
03/01/2026 10:29,16.25,0.001,8.71
03/01/2026 09:59,16.125,0.001,8.71
03/01/2026 09:29,16.25,0.001,8.7
03/01/2026 08:59,16.125,0.001,8.7
03/01/2026 08:29,16.125,0.001,8.69
03/01/2026 07:59,16.125,0.001,8.69
03/01/2026 07:29,16,0.001,8.68
03/01/2026 06:59,16.125,0.001,8.68
03/01/2026 06:29,16.125,0.001,8.68
03/01/2026 05:59,16.125,0.001,8.68
03/01/2026 05:29,16.25,0.001,8.69
03/01/2026 04:59,16.125,0.001,8.69
03/01/2026 04:29,16.125,0.001,8.69
03/01/2026 03:59,16.125,0.001,8.69
03/01/2026 03:29,16,0.001,8.69
03/01/2026 02:59,15.875,0.001,8.69
03/01/2026 02:29,16,0.001,8.69
03/01/2026 01:59,16.125,0.001,8.7
03/01/2026 01:29,16,0.001,8.7
03/01/2026 00:59,16,0.001,8.7
03/01/2026 00:29,16,0.001,8.7
02/01/2026 23:59,15.75,0.001,8.71
02/01/2026 23:29,15.875,0.001,8.71
02/01/2026 22:59,15.75,0.001,8.71
02/01/2026 22:29,15.875,0.001,8.71
02/01/2026 21:59,15.875,0.001,8.71
02/01/2026 21:29,15.875,0.001,8.72
02/01/2026 20:59,15.875,0.001,8.72
02/01/2026 20:29,15.875,0.001,8.72
02/01/2026 19:59,15.75,0.001,8.73
02/01/2026 19:29,15.875,0.001,8.73
02/01/2026 18:59,15.875,0.001,8.73
02/01/2026 18:29,15.75,0.001,8.73
02/01/2026 17:59,15.75,0.001,8.73
02/01/2026 17:29,15.875,0.001,8.73
02/01/2026 16:59,15.875,0.001,8.73
02/01/2026 16:29,15.75,0.001,8.73
02/01/2026 15:59,15.75,0.001,8.72
02/01/2026 15:29,16.625,0.001,8.72
02/01/2026 14:59,15.625,0.001,8.72
02/01/2026 14:29,14.75,0.001,8.72
02/01/2026 13:59,16.625,0.001,8.71
02/01/2026 13:29,15.5,0.001,8.71
02/01/2026 12:59,15.375,0.001,8.71
02/01/2026 12:29,15.375,0.001,8.71
02/01/2026 11:59,15.375,0.001,8.72
02/01/2026 11:29,15.125,0.001,8.72
02/01/2026 10:59,14.875,0.001,8.72
02/01/2026 10:29,16.625,0.001,8.74
02/01/2026 09:59,16.625,0.001,8.74
02/01/2026 09:29,16,0.001,8.73
02/01/2026 08:59,16.625,0.001,8.73
02/01/2026 08:29,14.75,0.001,8.73
02/01/2026 07:59,15.625,0.001,8.72
02/01/2026 07:29,15.625,0.001,8.72
02/01/2026 06:59,15.5,0.001,8.72
02/01/2026 06:29,15.5,0.001,8.72
02/01/2026 05:59,15.625,0.001,8.72
02/01/2026 05:29,15.5,0.001,8.72
02/01/2026 04:59,15.625,0.001,8.72
02/01/2026 04:59,15.625,0.001,8.72
02/01/2026 04:29,15.625,0.001,8.72
02/01/2026 03:59,15.625,0.001,8.72
02/01/2026 03:29,15.625,0.001,8.73
02/01/2026 02:59,15.625,0.001,8.73
02/01/2026 02:29,15.5,0.001,8.73
02/01/2026 01:59,15.625,0.001,8.73
02/01/2026 01:29,15.625,0.001,8.74
02/01/2026 01:29,15.625,0.001,8.74
02/01/2026 00:59,15.625,0.001,8.74
02/01/2026 00:29,15.625,0.001,8.74
01/01/2026 23:59,15.5,0.001,8.74
01/01/2026 23:29,15.625,0.001,8.74
01/01/2026 22:59,14.75,0.001,8.75
01/01/2026 22:29,15.75,0.001,8.75
01/01/2026 21:59,16.625,0.001,8.75
01/01/2026 21:29,15.625,0.001,8.75
01/01/2026 20:59,15.75,0.001,8.76
01/01/2026 20:29,15.75,0.001,8.76
01/01/2026 19:59,15.875,0.001,8.76
01/01/2026 19:29,15.875,0.001,8.76
01/01/2026 18:59,16,0.001,8.77
01/01/2026 18:29,16,0.001,8.77
01/01/2026 17:59,15.875,0.001,8.77
01/01/2026 17:29,16,0.001,8.77
01/01/2026 16:59,16,0.001,8.77
01/01/2026 16:59,16,0.001,8.77
01/01/2026 16:29,15.875,0.001,8.77
01/01/2026 15:59,16.125,0.001,8.76
01/01/2026 15:29,16,0.001,8.76
01/01/2026 14:59,16,0.001,8.76
01/01/2026 14:29,15.875,0.001,8.75
01/01/2026 13:59,16.125,0.001,8.75
01/01/2026 13:29,16,0.001,8.74
01/01/2026 12:59,16,0.001,8.74
01/01/2026 12:29,16,0.001,8.73
01/01/2026 11:59,15.75,0.001,8.73
01/01/2026 11:29,15.75,0.001,8.72
01/01/2026 10:59,15.875,0.001,8.72
01/01/2026 10:29,15.75,0.001,8.71
01/01/2026 09:59,15.75,0.001,8.71
01/01/2026 09:29,16,0.001,8.7
01/01/2026 08:59,15.625,0.001,8.7
01/01/2026 08:29,15.625,0.001,8.69
01/01/2026 07:59,15.75,0.001,8.69
01/01/2026 07:29,14.75,0.001,8.69
01/01/2026 06:59,15.75,0.001,8.68
01/01/2026 06:29,15.5,0.001,8.68
01/01/2026 05:59,16.625,0.001,8.68
01/01/2026 05:29,15.5,0.001,8.68
01/01/2026 05:29,15.5,0.001,8.68
01/01/2026 04:59,15.75,0.001,8.68
01/01/2026 04:29,15.625,0.001,8.68
01/01/2026 03:59,15.5,0.001,8.69
01/01/2026 03:29,15.5,0.001,8.69
01/01/2026 02:59,15.75,0.001,8.69
01/01/2026 02:29,16.625,0.001,8.69
01/01/2026 01:59,16.625,0.001,8.69
01/01/2026 01:29,15.75,0.001,8.69
01/01/2026 00:59,14.75,0.001,8.69
01/01/2026 00:29,15.75,0.001,8.69
31/12/2025 23:59,15.75,0.001,8.69
31/12/2025 23:29,16.625,0.001,8.7
31/12/2025 22:59,16.625,0.001,8.7
31/12/2025 22:29,16.625,0.001,8.7
31/12/2025 21:59,15.625,0.001,8.7
31/12/2025 21:29,15.875,0.001,8.7
31/12/2025 20:59,14.75,0.001,8.7
31/12/2025 20:29,14.75,0.001,8.7
31/12/2025 19:59,15.75,0.001,8.71
31/12/2025 19:59,15.75,0.001,8.71
31/12/2025 19:29,15.875,0.001,8.71
31/12/2025 18:59,15.875,0.001,8.71
31/12/2025 18:29,16,0.001,8.71
31/12/2025 17:59,16,0.001,8.71
31/12/2025 17:29,16,0.001,8.71
31/12/2025 17:29,16,0.001,8.71
31/12/2025 16:59,16,0.001,8.71
31/12/2025 16:29,15.875,0.001,8.7
31/12/2025 15:59,16,0.001,8.7
31/12/2025 15:29,16,0.001,8.69
31/12/2025 14:59,15.875,0.001,8.69
31/12/2025 14:29,15.875,0.001,8.68
31/12/2025 13:59,16,0.001,8.68
31/12/2025 13:59,16,0.001,8.68
31/12/2025 13:29,15.875,0.001,8.67
31/12/2025 12:59,16.125,0.001,8.66
31/12/2025 12:29,15.875,0.001,8.66
31/12/2025 11:59,15.875,0.001,8.65
31/12/2025 11:29,15.875,0.001,8.65
31/12/2025 10:59,15.875,0.001,8.64
31/12/2025 10:29,15.875,0.001,8.63
31/12/2025 09:59,15.875,0.001,8.62
31/12/2025 09:29,15.875,0.001,8.62
31/12/2025 08:59,15.875,0.001,8.61
31/12/2025 08:29,15.75,0.001,8.6
31/12/2025 07:59,15.75,0.001,8.59
31/12/2025 07:29,15.75,0.001,8.59
31/12/2025 06:59,15.875,0.001,8.58
31/12/2025 06:29,15.75,0.001,8.58
31/12/2025 05:59,15.875,0.001,8.57
31/12/2025 05:29,15.875,0.001,8.57
31/12/2025 04:59,15.75,0.001,8.57
31/12/2025 04:29,15.75,0.001,8.57
31/12/2025 03:59,15.875,0.001,8.56
31/12/2025 03:59,15.875,0.001,8.56
31/12/2025 03:29,15.875,0.001,8.56
31/12/2025 02:59,15.75,0.001,8.56
31/12/2025 02:29,15.875,0.001,8.56
31/12/2025 01:59,15.75,0.001,8.55
31/12/2025 01:29,15.75,0.001,8.55
31/12/2025 00:59,15.875,0.001,8.55
31/12/2025 00:59,15.875,0.001,8.55
31/12/2025 00:29,14.875,0.001,8.54
30/12/2025 23:59,15.875,0.001,8.54
30/12/2025 23:59,15.875,0.001,8.54
30/12/2025 23:29,15.75,0.001,8.54
30/12/2025 22:59,15.875,0.001,8.54
30/12/2025 22:29,15.875,0.001,8.54
30/12/2025 21:59,15.875,0.001,8.53
30/12/2025 21:29,16,0.001,8.53
30/12/2025 20:59,15.875,0.001,8.53
30/12/2025 20:29,16,0.001,8.53
30/12/2025 19:59,16,0.001,8.53
30/12/2025 19:29,15.875,0.001,8.53
30/12/2025 18:59,16,0.001,8.53
30/12/2025 18:29,16.125,0.001,8.53
30/12/2025 17:59,16.25,0.001,8.53
30/12/2025 17:29,16.125,0.001,8.53
30/12/2025 17:23,16.5,0.001,8.53
30/12/2025 17:23,16.625,0.001,8.53
30/12/2025 17:22,16.875,0.001,8.53
30/12/2025 17:22,16.75,0.001,8.53
30/12/2025 16:59,16.75,0.001,8.53
30/12/2025 16:29,16.75,0.001,8.54
30/12/2025 15:59,16.75,0.001,8.54
30/12/2025 15:29,16.75,0.001,8.55
30/12/2025 14:59,16.75,0.001,8.57
30/12/2025 14:29,16.75,0.001,8.58
30/12/2025 13:59,16.75,0.001,8.59
30/12/2025 13:29,16.75,0.001,8.62
30/12/2025 12:59,16.75,0.001,8.63
30/12/2025 12:29,16.75,0.001,8.66
30/12/2025 11:59,16.75,0.001,8.68
30/12/2025 11:29,16.75,0.001,8.7
30/12/2025 10:59,17.625,0.001,8.71
30/12/2025 10:29,16.625,0.001,8.72
30/12/2025 09:59,16.5,0.001,8.72
30/12/2025 09:29,16.875,0.001,8.72
30/12/2025 08:59,16.5,0.001,8.71
30/12/2025 08:29,16.625,0.001,8.71
30/12/2025 07:59,16.5,0.001,8.71
30/12/2025 07:29,16.625,0.001,8.71
30/12/2025 06:59,16.5,0.001,8.7
30/12/2025 06:29,16.5,0.001,8.71
30/12/2025 05:59,16.625,0.001,8.71
30/12/2025 05:29,16.625,0.001,8.71
30/12/2025 04:59,16.5,0.001,8.71
30/12/2025 04:29,16.625,0.001,8.72
30/12/2025 03:59,16.625,0.001,8.72
30/12/2025 03:29,16.75,0.001,8.72
30/12/2025 02:59,16.625,0.001,8.72
30/12/2025 02:29,16.5,0.001,8.73
30/12/2025 01:59,16.625,0.001,8.73
30/12/2025 01:29,16.625,0.001,8.73
30/12/2025 01:29,16.625,0.001,8.73
30/12/2025 00:59,16.5,0.001,8.73
30/12/2025 00:29,16.5,0.001,8.74
29/12/2025 23:59,15.75,0.001,8.74
29/12/2025 23:29,16.625,0.001,8.74
29/12/2025 22:59,16.75,0.001,8.75
29/12/2025 22:29,16.625,0.001,8.75
29/12/2025 21:59,16.625,0.001,8.75
29/12/2025 21:29,17.5,0.001,8.76
29/12/2025 20:59,16.5,0.001,8.76
29/12/2025 20:29,16.625,0.001,8.76
29/12/2025 19:59,16.625,0.001,8.77
29/12/2025 19:29,16.625,0.001,8.77
29/12/2025 18:59,16.5,0.001,8.77
29/12/2025 18:29,17.625,0.001,8.77
29/12/2025 17:59,15.75,0.001,8.78
29/12/2025 17:29,15.75,0.001,8.77
29/12/2025 16:59,17.625,0.001,8.77
29/12/2025 16:29,16.75,0.001,8.77
29/12/2025 15:59,16.75,0.001,8.76
29/12/2025 15:29,16.75,0.001,8.76
29/12/2025 14:59,16.875,0.001,8.76
29/12/2025 14:29,15.875,0.001,8.76
29/12/2025 13:59,16.75,0.001,8.75
29/12/2025 13:29,16.625,0.001,8.75
29/12/2025 12:59,16.5,0.001,8.74
29/12/2025 12:29,16.5,0.001,8.74
29/12/2025 11:59,16.375,0.001,8.73
29/12/2025 11:29,16.5,0.001,8.73
29/12/2025 10:59,16.5,0.001,8.73
29/12/2025 10:29,16.5,0.001,8.72
29/12/2025 09:59,16.5,0.001,8.72
29/12/2025 09:29,16.875,0.001,8.72
29/12/2025 08:59,16.5,0.001,8.71
29/12/2025 08:29,16.375,0.001,8.71
29/12/2025 08:29,16.375,0.001,8.71
29/12/2025 07:59,16.5,0.001,8.71
29/12/2025 07:29,16.5,0.001,8.71
29/12/2025 06:59,16.5,0.001,8.71
29/12/2025 06:29,16.5,0.001,8.71
29/12/2025 05:59,16.5,0.001,8.71
29/12/2025 05:29,16.5,0.001,8.72
29/12/2025 04:59,16.5,0.001,8.72
29/12/2025 04:29,16.375,0.001,8.72
29/12/2025 03:59,16.625,0.001,8.73
29/12/2025 03:29,16.5,0.001,8.73
29/12/2025 02:59,16.5,0.001,8.73
29/12/2025 02:29,16.5,0.001,8.74
29/12/2025 01:59,16.625,0.001,8.74
29/12/2025 01:29,16.5,0.001,8.74
29/12/2025 00:59,16.5,0.001,8.74
29/12/2025 00:29,16.5,0.001,8.75
28/12/2025 23:59,16.625,0.001,8.75
28/12/2025 23:29,16.5,0.001,8.75
28/12/2025 22:59,16.375,0.001,8.76
28/12/2025 22:59,16.375,0.001,8.76
28/12/2025 22:29,16.5,0.001,8.76
28/12/2025 21:59,17.5,0.001,8.76
28/12/2025 21:55,16.5,0.001,8.76
28/12/2025 21:29,16.625,0.001,8.76
28/12/2025 20:59,16.375,0.001,8.77
28/12/2025 20:29,16.5,0.001,8.77
28/12/2025 19:59,16.5,0.001,8.77
28/12/2025 19:29,16.5,0.001,8.78
28/12/2025 18:59,16.625,0.001,8.78
28/12/2025 18:29,16.5,0.001,8.78
28/12/2025 17:59,16.625,0.001,8.78
28/12/2025 17:59,16.625,0.001,8.78
28/12/2025 17:29,16.5,0.001,8.78
28/12/2025 16:59,16.625,0.001,8.78
28/12/2025 16:29,16.625,0.001,8.77
28/12/2025 15:59,16.5,0.001,8.77
28/12/2025 15:29,16.625,0.001,8.77
28/12/2025 15:29,16.625,0.001,8.77
28/12/2025 14:59,16.625,0.001,8.77
28/12/2025 14:29,16.625,0.001,8.76
28/12/2025 13:59,16.625,0.001,8.76
28/12/2025 13:29,17.625,0.001,8.75
28/12/2025 12:59,16.5,0.001,8.75
28/12/2025 12:29,16.625,0.001,8.74
28/12/2025 11:59,16.5,0.001,8.74
28/12/2025 11:29,16.5,0.001,8.74
28/12/2025 10:59,16.625,0.001,8.73
28/12/2025 10:29,16.5,0.001,8.73
28/12/2025 09:59,16.5,0.001,8.72
28/12/2025 09:29,16.75,0.001,8.72
28/12/2025 08:59,16.5,0.001,8.71
28/12/2025 08:29,16.5,0.001,8.71
28/12/2025 07:59,16.375,0.001,8.71
28/12/2025 07:29,16.5,0.001,8.71
28/12/2025 06:59,16.5,0.001,8.7
28/12/2025 06:29,16.375,0.001,8.7
28/12/2025 05:59,16.375,0.001,8.71
28/12/2025 05:29,16.625,0.001,8.71
28/12/2025 04:59,16.5,0.001,8.71
28/12/2025 04:29,16.5,0.001,8.71
28/12/2025 03:59,16.625,0.001,8.71
28/12/2025 03:29,16.5,0.001,8.72
28/12/2025 02:59,16.625,0.001,8.72
28/12/2025 02:29,16.5,0.001,8.72
28/12/2025 01:59,16.375,0.001,8.72
28/12/2025 01:29,16.375,0.001,8.72
28/12/2025 00:59,16.5,0.001,8.73
28/12/2025 00:29,16.5,0.001,8.73
27/12/2025 23:59,16.5,0.001,8.73
27/12/2025 23:29,16.5,0.001,8.73
27/12/2025 22:59,16.5,0.001,8.74
27/12/2025 22:29,16.375,0.001,8.73
27/12/2025 21:59,16.5,0.001,8.74
27/12/2025 21:29,16.5,0.001,8.74
27/12/2025 20:59,16.5,0.001,8.74
27/12/2025 20:29,16.5,0.001,8.75
27/12/2025 19:59,16.375,0.001,8.75
27/12/2025 19:29,16.5,0.001,8.75
27/12/2025 18:59,16.375,0.001,8.76
27/12/2025 18:29,16.375,0.001,8.76
27/12/2025 17:59,16.375,0.001,8.76
27/12/2025 17:29,16.375,0.001,8.75
27/12/2025 16:59,16.5,0.001,8.75
27/12/2025 16:29,16.625,0.001,8.75
27/12/2025 15:59,16.5,0.001,8.75
27/12/2025 15:59,16.5,0.001,8.75
27/12/2025 15:29,16.5,0.001,8.74
27/12/2025 14:59,16.5,0.001,8.74
27/12/2025 14:29,16.5,0.001,8.74
27/12/2025 13:59,16.375,0.001,8.73
27/12/2025 13:29,16.5,0.001,8.73
27/12/2025 13:29,16.5,0.001,8.73
27/12/2025 12:59,16.5,0.001,8.72
27/12/2025 12:29,16.5,0.001,8.72
27/12/2025 11:59,16.5,0.001,8.71
27/12/2025 11:29,16.375,0.001,8.71
27/12/2025 10:59,16.375,0.001,8.7
27/12/2025 10:29,16.5,0.001,8.7
27/12/2025 09:59,16.375,0.001,8.69
27/12/2025 09:29,16.625,0.001,8.69
27/12/2025 08:59,16.375,0.001,8.68
27/12/2025 08:29,16.25,0.001,8.68
27/12/2025 07:59,16.25,0.001,8.68
27/12/2025 07:29,16.25,0.001,8.67
27/12/2025 06:59,16.25,0.001,8.67
27/12/2025 06:29,16.25,0.001,8.67
27/12/2025 05:59,16.375,0.001,8.67
27/12/2025 05:29,16.25,0.001,8.68
27/12/2025 04:59,16.25,0.001,8.68
27/12/2025 04:29,16.375,0.001,8.68
27/12/2025 03:59,16.375,0.001,8.68
27/12/2025 03:29,16.5,0.001,8.68
27/12/2025 02:59,16.375,0.001,8.68
27/12/2025 02:29,16.5,0.001,8.68
27/12/2025 01:59,16.5,0.001,8.69
27/12/2025 01:29,16.5,0.001,8.69
27/12/2025 00:59,16.5,0.001,8.69
27/12/2025 00:29,16.5,0.001,8.69
26/12/2025 23:59,16.5,0.001,8.69
26/12/2025 23:59,16.5,0.001,8.69
26/12/2025 23:29,16.625,0.001,8.7
26/12/2025 22:59,16.5,0.001,8.7
26/12/2025 22:29,16.5,0.001,8.7
26/12/2025 21:59,16.5,0.001,8.7
26/12/2025 21:29,16.5,0.001,8.71
26/12/2025 20:59,16.625,0.001,8.71
26/12/2025 20:29,16.5,0.001,8.71
26/12/2025 19:59,16.625,0.001,8.71
26/12/2025 19:29,16.375,0.001,8.71
26/12/2025 18:59,16.625,0.001,8.72
26/12/2025 18:29,16.625,0.001,8.72
26/12/2025 17:59,16.625,0.001,8.72
26/12/2025 17:29,16.625,0.001,8.72
26/12/2025 16:59,17.625,0.001,8.72
26/12/2025 16:29,16.75,0.001,8.71
26/12/2025 15:59,16.75,0.001,8.71
26/12/2025 15:29,17.625,0.001,8.7
26/12/2025 14:59,17.625,0.001,8.7
26/12/2025 14:29,17.625,0.001,8.7
26/12/2025 13:59,16.625,0.001,8.7
26/12/2025 13:29,15.75,0.001,8.69
26/12/2025 12:59,16.75,0.001,8.69
26/12/2025 12:29,15.75,0.001,8.69
26/12/2025 11:59,16.625,0.001,8.69
26/12/2025 11:29,16.625,0.001,8.69
26/12/2025 10:59,16.5,0.001,8.69
26/12/2025 10:29,16.5,0.001,8.69
26/12/2025 09:59,16.625,0.001,8.69
26/12/2025 09:29,16.75,0.001,8.68
26/12/2025 08:59,16.5,0.001,8.68
26/12/2025 08:29,16.5,0.001,8.67
26/12/2025 07:59,16.5,0.001,8.67
26/12/2025 07:29,16.5,0.001,8.67
26/12/2025 06:59,16.5,0.001,8.67
26/12/2025 06:29,16.5,0.001,8.67
26/12/2025 05:59,16.5,0.001,8.67
26/12/2025 05:29,16.5,0.001,8.68
26/12/2025 04:59,16.5,0.001,8.68
26/12/2025 04:29,16.5,0.001,8.68
26/12/2025 03:59,16.5,0.001,8.68
26/12/2025 03:29,16.5,0.001,8.68
26/12/2025 02:59,16.5,0.001,8.69
26/12/2025 02:29,16.5,0.001,8.69
26/12/2025 01:59,16.5,0.001,8.69
26/12/2025 01:29,16.5,0.001,8.69
26/12/2025 00:59,16.375,0.001,8.69
26/12/2025 00:29,16.5,0.001,8.7
25/12/2025 23:59,16.625,0.001,8.7
25/12/2025 23:29,16.5,0.001,8.7
25/12/2025 22:59,16.5,0.001,8.71
25/12/2025 22:29,16.5,0.001,8.71
25/12/2025 21:59,16.5,0.001,8.71
25/12/2025 21:29,16.5,0.001,8.71
25/12/2025 20:59,16.625,0.001,8.71
25/12/2025 20:29,16.5,0.001,8.72
25/12/2025 19:59,16.5,0.001,8.72
25/12/2025 19:29,16.5,0.001,8.73
25/12/2025 18:59,16.625,0.001,8.73
25/12/2025 18:29,16.625,0.001,8.73
25/12/2025 17:59,16.75,0.001,8.73
25/12/2025 17:29,16.625,0.001,8.73
25/12/2025 16:59,16.625,0.001,8.73
25/12/2025 16:29,15.75,0.001,8.72
25/12/2025 15:59,17.625,0.001,8.72
25/12/2025 15:29,17.625,0.001,8.72
25/12/2025 14:59,16.625,0.001,8.71
25/12/2025 14:29,16.625,0.001,8.71
25/12/2025 13:59,15.75,0.001,8.7
25/12/2025 13:29,16.625,0.001,8.7
25/12/2025 12:59,16.625,0.001,8.69
25/12/2025 12:29,16.5,0.001,8.69
25/12/2025 11:59,16.5,0.001,8.68
25/12/2025 11:29,16.5,0.001,8.68
25/12/2025 10:59,16.375,0.001,8.67
25/12/2025 10:29,16.5,0.001,8.67
25/12/2025 09:59,16.375,0.001,8.66
25/12/2025 09:29,16.625,0.001,8.66
25/12/2025 08:59,16.375,0.001,8.65
25/12/2025 08:29,16.5,0.001,8.65
25/12/2025 08:29,16.5,0.001,8.65
25/12/2025 07:59,16.375,0.001,8.65
25/12/2025 07:29,16.375,0.001,8.65
25/12/2025 06:59,16.375,0.001,8.65
25/12/2025 06:59,16.375,0.001,8.65
25/12/2025 06:29,16.375,0.001,8.65
25/12/2025 05:59,16.375,0.001,8.65
25/12/2025 05:29,16.375,0.001,8.65
25/12/2025 04:59,16.5,0.001,8.65
25/12/2025 04:29,16.5,0.001,8.65
25/12/2025 03:59,16.625,0.001,8.66
25/12/2025 03:59,16.625,0.001,8.66
25/12/2025 03:29,16.5,0.001,8.66
25/12/2025 02:59,16.5,0.001,8.66
25/12/2025 02:29,16.5,0.001,8.66
25/12/2025 01:59,16.5,0.001,8.66
25/12/2025 01:29,16.625,0.001,8.67
25/12/2025 00:59,16.625,0.001,8.67
25/12/2025 00:29,16.5,0.001,8.67
24/12/2025 23:59,16.5,0.001,8.67
24/12/2025 23:29,16.5,0.001,8.67
24/12/2025 22:59,16.625,0.001,8.67
24/12/2025 22:29,16.5,0.001,8.68
24/12/2025 21:59,16.625,0.001,8.68
24/12/2025 21:29,16.5,0.001,8.68
24/12/2025 20:59,16.5,0.001,8.69
24/12/2025 20:29,16.5,0.001,8.69
24/12/2025 19:59,16.625,0.001,8.69
24/12/2025 19:29,16.5,0.001,8.69
24/12/2025 18:59,15.75,0.001,8.69
24/12/2025 18:29,16.5,0.001,8.69
24/12/2025 17:59,16.5,0.001,8.69
24/12/2025 17:29,15.75,0.001,8.69
24/12/2025 16:59,17.625,0.001,8.69
24/12/2025 16:29,17.625,0.001,8.68
24/12/2025 15:59,16.625,0.001,8.68
24/12/2025 15:29,16.75,0.001,8.67
24/12/2025 14:59,16.75,0.001,8.67
24/12/2025 14:29,16.75,0.001,8.66
24/12/2025 13:59,16.75,0.001,8.65
24/12/2025 13:29,17.625,0.001,8.65
24/12/2025 12:59,16.625,0.001,8.64
24/12/2025 12:29,16.625,0.001,8.64
24/12/2025 11:59,16.625,0.001,8.63
24/12/2025 11:29,16.625,0.001,8.62
24/12/2025 10:59,16.625,0.001,8.62
24/12/2025 10:29,16.5,0.001,8.61
24/12/2025 09:59,16.5,0.001,8.61
24/12/2025 09:29,16.75,0.001,8.6
24/12/2025 08:59,16.5,0.001,8.59
24/12/2025 08:59,16.5,0.001,8.59
24/12/2025 08:29,16.375,0.001,8.59
24/12/2025 07:59,16.5,0.001,8.58
24/12/2025 07:29,16.5,0.001,8.58
24/12/2025 06:59,16.5,0.001,8.58
24/12/2025 06:29,16.375,0.001,8.57
24/12/2025 05:59,16.5,0.001,8.57
24/12/2025 05:29,16.375,0.001,8.57
24/12/2025 04:59,16.375,0.001,8.56
24/12/2025 04:29,16.375,0.001,8.56
24/12/2025 03:59,16.375,0.001,8.56
24/12/2025 03:29,16.375,0.001,8.55
24/12/2025 02:59,16.375,0.001,8.55
24/12/2025 02:29,16.375,0.001,8.54
24/12/2025 01:59,16.375,0.001,8.54
24/12/2025 01:29,16.375,0.001,8.54
24/12/2025 00:59,16.375,0.001,8.53
24/12/2025 00:29,16.375,0.001,8.54
23/12/2025 23:59,16.25,0.001,8.54
23/12/2025 23:29,16.25,0.001,8.54
23/12/2025 22:59,16.25,0.001,8.54
23/12/2025 22:29,16.25,0.001,8.54
23/12/2025 21:59,16.25,0.001,8.54
23/12/2025 21:29,16.25,0.001,8.53
23/12/2025 20:59,16.25,0.001,8.53
23/12/2025 20:29,16.25,0.001,8.52
23/12/2025 19:59,16.25,0.001,8.51
23/12/2025 19:29,16.125,0.001,8.5
23/12/2025 19:23,16.125,0.001,8.5
23/12/2025 18:59,16.125,0.001,8.49
23/12/2025 18:29,16,0.001,8.47
23/12/2025 17:59,16.125,0.001,8.44
23/12/2025 17:29,16,0.001,8.4
23/12/2025 16:59,16.125,0.001,8.35
23/12/2025 16:29,16.125,0.001,8.28
23/12/2025 15:59,16.125,0.001,8.17
23/12/2025 15:29,16.125,0.001,7.98
23/12/2025 15:12,16.125,0.001,7.81
23/12/2025 14:59,16.25,0.001,7.62
23/12/2025 14:29,16.25,0.001,7.17
23/12/2025 13:59,16.125,0.001,6.82
23/12/2025 13:29,16,0.001,6.55
23/12/2025 13:16,16.25,0.003,6.82
23/12/2025 13:16,16.125,0.003,6.98
27/10/2025 09:59,23,0.011,6.88
27/10/2025 09:29,22.5,0.011,6.88
27/10/2025 08:59,22.25,0.011,6.88
27/10/2025 08:29,21.75,0.011,6.87
27/10/2025 08:29,21.75,0.011,6.87
27/10/2025 07:59,21.375,0.011,6.87
27/10/2025 07:29,21.125,0.011,6.87
27/10/2025 06:59,21.25,0.011,6.87
27/10/2025 06:29,21.25,0.011,6.87
27/10/2025 05:59,21.25,0.011,6.87
27/10/2025 05:29,21.25,0.011,6.87
27/10/2025 04:59,21.25,0.011,6.87
27/10/2025 04:29,21.375,0.011,6.87
27/10/2025 03:59,21.375,0.011,6.87
27/10/2025 03:29,21.25,0.011,6.87
27/10/2025 02:59,21.375,0.011,6.87
27/10/2025 02:29,21.25,0.011,6.87
27/10/2025 01:59,21.5,0.011,6.87
27/10/2025 01:29,21.375,0.011,6.87
27/10/2025 00:59,21.375,0.011,6.87
27/10/2025 00:29,21.5,0.011,6.87
26/10/2025 23:59,21.5,0.01,6.87
26/10/2025 23:29,21.5,0.01,6.87
26/10/2025 22:59,21.375,0.01,6.87
26/10/2025 22:29,21.375,0.01,6.88
26/10/2025 21:59,21.375,0.01,6.88
26/10/2025 21:29,21.375,0.01,6.87
26/10/2025 20:59,21.5,0.01,6.87
26/10/2025 20:29,21.5,0.01,6.87
26/10/2025 19:59,21.625,0.01,6.87
26/10/2025 19:29,21.625,0.01,6.87
26/10/2025 18:59,21.625,0.01,6.87
26/10/2025 18:29,21.625,0.01,6.88
26/10/2025 17:59,20.75,0.01,6.88
26/10/2025 17:29,20.75,0.01,6.88
26/10/2025 16:59,21.75,0.01,6.88
26/10/2025 16:29,21.875,0.011,6.88
26/10/2025 15:59,21.875,0.011,6.88
26/10/2025 15:29,22,0.011,6.88
26/10/2025 14:59,22,0.011,6.88
26/10/2025 14:29,22.125,0.011,6.89
26/10/2025 13:59,22.125,0.011,6.88
26/10/2025 13:29,22.125,0.011,6.88
26/10/2025 12:59,22.25,0.011,6.88
26/10/2025 12:29,22,0.011,6.88
26/10/2025 11:59,21.75,0.011,6.88
26/10/2025 11:29,21.625,0.011,6.87
26/10/2025 10:59,21.375,0.011,6.87
26/10/2025 10:29,21.375,0.01,6.86
26/10/2025 09:59,21.375,0.01,6.87
26/10/2025 09:29,21.25,0.01,6.87
26/10/2025 08:59,21.375,0.01,6.87
26/10/2025 08:29,21.5,0.01,6.87
26/10/2025 07:59,21.375,0.01,6.87
26/10/2025 07:29,21.5,0.01,6.87
26/10/2025 06:59,21.375,0.01,6.87
26/10/2025 06:29,21.5,0.01,6.87
26/10/2025 05:59,21.5,0.01,6.87
26/10/2025 05:29,21.5,0.01,6.86
26/10/2025 04:59,21.625,0.01,6.87
26/10/2025 04:29,22.625,0.01,6.87
26/10/2025 03:59,21.625,0.01,6.87
26/10/2025 03:29,21.625,0.01,6.87
26/10/2025 02:59,21.625,0.01,6.86
26/10/2025 02:29,21.75,0.01,6.86
26/10/2025 01:59,21.75,0.01,6.87
26/10/2025 01:29,21.75,0.01,6.86
26/10/2025 01:59,21.875,0.01,6.86
26/10/2025 01:29,22,0.01,6.86
26/10/2025 00:59,22,0.01,6.86
26/10/2025 00:59,22,0.01,6.86
26/10/2025 00:29,22,0.01,6.86
25/10/2025 23:59,22.25,0.01,6.86
25/10/2025 23:29,22.25,0.01,6.86
25/10/2025 22:59,22.375,0.01,6.87
25/10/2025 22:29,22.375,0.01,6.87
25/10/2025 21:59,22.625,0.01,6.86
25/10/2025 21:29,22.75,0.01,6.87
25/10/2025 20:59,22.875,0.01,6.87
25/10/2025 20:29,22.875,0.01,6.87
25/10/2025 19:59,23,0.01,6.87
25/10/2025 19:29,23.125,0.01,6.87
25/10/2025 18:59,23,0.01,6.87
25/10/2025 18:29,23.25,0.01,6.87
25/10/2025 17:59,23.25,0.01,6.87
25/10/2025 17:29,23.375,0.01,6.88
25/10/2025 16:59,23.5,0.01,6.88
25/10/2025 16:29,23.5,0.01,6.87
25/10/2025 15:59,23.375,0.01,6.87
25/10/2025 15:29,23.375,0.01,6.87
25/10/2025 14:59,23.5,0.01,6.87
25/10/2025 14:59,23.5,0.01,6.87
25/10/2025 14:29,23.625,0.01,6.87
25/10/2025 13:59,23.625,0.01,6.87
25/10/2025 13:29,23.5,0.01,6.87
25/10/2025 12:59,23.25,0.01,6.87
25/10/2025 12:29,23.25,0.01,6.87
25/10/2025 11:59,23.25,0.01,6.86
25/10/2025 11:29,23.125,0.01,6.86
25/10/2025 10:59,23.125,0.01,6.86
25/10/2025 10:29,23,0.01,6.86
25/10/2025 10:29,23,0.01,6.86
25/10/2025 09:59,23.125,0.01,6.86
25/10/2025 09:29,23.125,0.01,6.86
25/10/2025 08:59,23.125,0.01,6.86
25/10/2025 08:29,23,0.01,6.86
25/10/2025 07:59,23,0.01,6.86
25/10/2025 07:29,23.125,0.01,6.86
25/10/2025 06:59,23.125,0.01,6.86
25/10/2025 06:29,23.25,0.01,6.86
25/10/2025 05:59,23.375,0.01,6.86
25/10/2025 05:29,23.125,0.01,6.85
25/10/2025 04:59,23.125,0.01,6.85
25/10/2025 04:29,23.25,0.01,6.85
25/10/2025 03:59,23.25,0.01,6.85
25/10/2025 03:29,23.25,0.01,6.85
25/10/2025 02:59,23.25,0.01,6.85
25/10/2025 02:29,23.5,0.01,6.85
25/10/2025 01:59,23.5,0.01,6.85
25/10/2025 01:29,23.5,0.01,6.85
25/10/2025 00:59,23.375,0.01,6.85
25/10/2025 00:29,23.5,0.01,6.85
24/10/2025 23:59,23.625,0.01,6.85
24/10/2025 23:29,23.625,0.01,6.84
24/10/2025 22:59,22.75,0.01,6.84
24/10/2025 22:29,23.875,0.01,6.85
24/10/2025 21:59,23.875,0.01,6.85
24/10/2025 21:29,24,0.01,6.85
24/10/2025 20:59,24.125,0.01,6.85
24/10/2025 20:29,24.125,0.01,6.84
24/10/2025 19:59,24.375,0.01,6.85
24/10/2025 19:29,24.375,0.01,6.84
24/10/2025 18:59,24.5,0.01,6.85
24/10/2025 18:29,24.75,0.01,6.85
24/10/2025 17:59,25,0.01,6.85
24/10/2025 17:29,25.125,0.01,6.85
24/10/2025 16:59,25.75,0.01,6.85
24/10/2025 16:29,26,0.011,6.85
24/10/2025 15:59,26.125,0.011,6.85
24/10/2025 15:29,26.25,0.011,6.85
24/10/2025 14:59,26.125,0.011,6.85
24/10/2025 14:29,26.125,0.011,6.85
24/10/2025 13:59,25.875,0.011,6.84
24/10/2025 13:29,25.75,0.012,6.85
24/10/2025 13:09,26.75,0.012,6.86
