Declared,Temperature,NH3,pH
22/09/2026 15:14,16.125,0.005,7.89
22/09/2026 14:44,16.125,0.005,7.89
22/09/2026 14:14,16,0.005,7.89
22/09/2026 13:44,15.875,0.005,7.88
22/09/2026 13:14,15.75,0.005,7.88
22/09/2026 12:44,16.5,0.005,7.88
22/09/2026 12:14,15.625,0.005,7.88
22/09/2026 11:44,15.5,0.005,7.89
22/09/2026 11:14,15.5,0.005,7.88
22/09/2026 10:44,15.5,0.005,7.89
22/09/2026 10:14,15.25,0.005,7.89
22/09/2026 09:44,15.375,0.005,7.88
22/09/2026 09:14,15.375,0.005,7.88
22/09/2026 08:44,15.375,0.005,7.88
22/09/2026 08:14,15.125,0.005,7.88
22/09/2026 07:44,15.375,0.005,7.88
22/09/2026 07:14,15.25,0.005,7.88
22/09/2026 06:44,15.125,0.005,7.87
22/09/2026 06:14,15,0.005,7.88
22/09/2026 05:44,15,0.005,7.88
22/09/2026 05:14,15,0.005,7.87
22/09/2026 04:44,15.125,0.005,7.88
22/09/2026 04:14,14.875,0.005,7.88
22/09/2026 03:44,15.25,0.005,7.88
22/09/2026 03:14,15.125,0.005,7.88
22/09/2026 02:44,14.875,0.005,7.87
22/09/2026 02:14,14.875,0.005,7.87
22/09/2026 01:44,14.875,0.005,7.87
22/09/2026 01:14,14.875,0.005,7.87
22/09/2026 00:44,14.75,0.005,7.87
22/09/2026 00:14,14.625,0.005,7.87
21/09/2026 23:44,15.625,0.005,7.87
21/09/2026 23:14,14.625,0.005,7.87
21/09/2026 22:44,14.5,0.005,7.87
21/09/2026 22:14,14.125,0.005,7.87
21/09/2026 21:44,14,0.005,7.87
21/09/2026 21:14,14.875,0.005,7.88
21/09/2026 20:44,16.625,0.005,7.88
21/09/2026 20:14,16.5,0.005,7.88
21/09/2026 19:44,17.625,0.005,7.88
21/09/2026 19:14,16.75,0.005,7.88
21/09/2026 18:44,16.625,0.005,7.87
21/09/2026 18:14,16.625,0.005,7.87
21/09/2026 17:44,16.625,0.005,7.88
21/09/2026 17:14,16.5,0.005,7.87
21/09/2026 16:44,16.5,0.005,7.87
21/09/2026 16:14,16.5,0.005,7.87
21/09/2026 15:44,16.625,0.005,7.87
21/09/2026 15:14,16.375,0.005,7.87
21/09/2026 14:44,16.25,0.005,7.86
21/09/2026 14:14,16.25,0.005,7.86
21/09/2026 13:44,16.25,0.005,7.86
21/09/2026 13:14,16.125,0.005,7.87
21/09/2026 12:44,16.125,0.005,7.87
21/09/2026 12:14,16,0.005,7.87
21/09/2026 11:44,16,0.005,7.87
21/09/2026 11:14,15.875,0.005,7.88
21/09/2026 10:44,16,0.005,7.88
21/09/2026 10:14,15.875,0.005,7.89
21/09/2026 09:44,15.875,0.005,7.9
21/09/2026 09:14,15.625,0.005,7.9
21/09/2026 08:44,15.75,0.005,7.9
21/09/2026 08:14,15.5,0.005,7.9
21/09/2026 07:44,15.5,0.005,7.9
21/09/2026 07:14,15.5,0.005,7.9
21/09/2026 06:44,15.5,0.005,7.9
21/09/2026 06:14,15.375,0.005,7.91
21/09/2026 05:44,15.25,0.005,7.91
21/09/2026 05:14,15.5,0.005,7.9
21/09/2026 04:44,15.375,0.005,7.9
21/09/2026 04:14,15.25,0.005,7.9
21/09/2026 03:44,15.125,0.005,7.9
21/09/2026 03:14,15,0.005,7.9
21/09/2026 02:44,15.125,0.005,7.9
21/09/2026 02:14,15,0.005,7.9
21/09/2026 02:12,14.875,0.005,7.9
21/09/2026 02:11,14.75,0.005,7.9
21/09/2026 02:11,14.875,0.005,8.56
21/09/2026 01:44,15,0.005,7.9
21/09/2026 01:14,14.875,0.005,7.9
21/09/2026 00:44,14.625,0.005,7.9
21/09/2026 00:14,13.75,0.005,7.9
20/09/2026 23:44,14.5,0.005,7.9
20/09/2026 23:14,14.5,0.005,7.9
20/09/2026 22:44,14.375,0.005,7.9
20/09/2026 22:14,14.125,0.005,7.9
20/09/2026 21:44,14.375,0.005,7.9
20/09/2026 21:14,14.875,0.005,7.91
20/09/2026 20:44,15.875,0.005,7.91
20/09/2026 20:14,16.5,0.005,7.91
20/09/2026 19:44,15.75,0.005,7.92
20/09/2026 19:14,17.625,0.005,7.92
20/09/2026 18:44,16.625,0.005,7.92
20/09/2026 18:14,16.5,0.005,7.92
20/09/2026 17:44,16.5,0.005,7.92
20/09/2026 17:14,16.5,0.005,7.92
20/09/2026 16:44,16.5,0.005,7.91
20/09/2026 16:14,16.5,0.005,7.91
20/09/2026 15:44,16.375,0.005,7.91
20/09/2026 15:14,16.25,0.005,7.91
20/09/2026 14:44,16.25,0.005,7.91
20/09/2026 14:14,16.125,0.005,7.91
20/09/2026 13:44,16.125,0.005,7.91
20/09/2026 13:14,16,0.005,7.91
20/09/2026 12:44,15.875,0.005,7.91
20/09/2026 12:14,15.875,0.005,7.91
20/09/2026 11:44,15.875,0.005,7.91
20/09/2026 11:14,15.875,0.005,7.91
20/09/2026 10:44,15.875,0.005,7.9
20/09/2026 10:14,16.625,0.005,7.9
20/09/2026 09:44,16.5,0.005,7.9
20/09/2026 09:14,14.75,0.005,7.9
20/09/2026 08:44,14.75,0.005,7.9
20/09/2026 08:14,15.625,0.005,7.9
20/09/2026 07:44,15.5,0.005,7.9
20/09/2026 07:14,15.25,0.005,7.9
20/09/2026 06:44,15.5,0.005,7.9
20/09/2026 06:14,15.25,0.005,7.9
20/09/2026 05:44,15.25,0.005,7.9
20/09/2026 05:14,15.25,0.005,7.9
20/09/2026 04:44,15.125,0.005,7.9
20/09/2026 04:14,15.125,0.005,7.9
20/09/2026 03:44,15.125,0.005,7.9
20/09/2026 03:14,15,0.005,7.9
20/09/2026 02:44,14.875,0.005,7.9
20/09/2026 02:14,15,0.005,7.9
20/09/2026 01:44,14.75,0.005,7.9
20/09/2026 01:14,14.625,0.005,7.9
20/09/2026 00:44,14.5,0.005,7.9
20/09/2026 00:14,14.5,0.005,7.9
19/09/2026 23:44,14.25,0.005,7.9
19/09/2026 23:14,14.125,0.005,7.9
19/09/2026 22:44,14,0.005,7.9
19/09/2026 22:14,14,0.005,7.9
19/09/2026 21:44,14.375,0.005,7.9
19/09/2026 21:14,15.125,0.005,7.9
19/09/2026 20:44,15.75,0.005,7.91
19/09/2026 20:14,16.375,0.005,7.91
19/09/2026 19:44,16.5,0.005,7.91
19/09/2026 19:14,16.5,0.005,7.91
19/09/2026 18:44,16.5,0.005,7.9
19/09/2026 18:14,16.5,0.005,7.9
19/09/2026 17:44,16.375,0.005,7.9
19/09/2026 17:14,16.375,0.005,7.9
19/09/2026 16:44,16.25,0.005,7.9
19/09/2026 16:14,16.25,0.005,7.9
19/09/2026 15:44,16,0.005,7.9
19/09/2026 15:14,16.125,0.005,7.9
19/09/2026 14:44,16,0.005,7.91
19/09/2026 14:14,15.75,0.005,7.9
19/09/2026 13:44,15.75,0.005,7.9
19/09/2026 13:14,15.75,0.005,7.9
19/09/2026 12:44,14.75,0.005,7.9
19/09/2026 12:14,15.625,0.005,7.9
19/09/2026 11:44,16.625,0.004,7.9
19/09/2026 11:14,15.625,0.004,7.9
19/09/2026 10:44,15.5,0.004,7.9
19/09/2026 10:14,15.5,0.004,7.9
19/09/2026 09:44,15.5,0.004,7.9
19/09/2026 09:14,15.375,0.004,7.9
19/09/2026 08:44,15.25,0.004,7.9
19/09/2026 08:14,15.125,0.004,7.9
19/09/2026 07:44,15.125,0.004,7.9
19/09/2026 07:14,15,0.004,7.9
19/09/2026 06:44,15.25,0.004,7.9
19/09/2026 06:14,15.125,0.004,7.9
19/09/2026 05:44,15.125,0.004,7.9
19/09/2026 05:14,15.125,0.004,7.9
19/09/2026 04:44,14.875,0.004,7.9
19/09/2026 04:14,14.875,0.004,7.9
19/09/2026 03:44,14.875,0.004,7.9
19/09/2026 03:14,14.875,0.004,7.9
19/09/2026 02:44,14.875,0.004,7.9
19/09/2026 02:14,14.5,0.004,7.9
19/09/2026 01:44,14.625,0.004,7.9
19/09/2026 01:14,14.5,0.004,7.9
19/09/2026 00:44,14.625,0.004,7.9
19/09/2026 00:14,14.375,0.004,7.9
18/09/2026 23:44,14.5,0.004,7.89
18/09/2026 23:14,14.25,0.004,7.9
18/09/2026 22:44,14.125,0.004,7.89
18/09/2026 22:14,14,0.003,7.9
18/09/2026 21:44,14.375,0.003,7.9
18/09/2026 21:14,14.75,0.003,7.9
18/09/2026 20:44,15.625,0.003,7.9
18/09/2026 20:14,16.375,0.003,7.9
18/09/2026 19:44,16.5,0.003,7.9
18/09/2026 19:14,16.375,0.003,7.9
18/09/2026 18:44,16.375,0.003,7.9
18/09/2026 18:14,16.25,0.003,7.9
18/09/2026 17:44,16.375,0.003,7.9
18/09/2026 17:14,16.125,0.003,7.9
18/09/2026 16:44,16.25,0.003,7.9
18/09/2026 16:15,15.75,0.003,7.9
18/09/2026 16:14,16.125,0.003,7.89
18/09/2026 15:44,16,0.003,7.9
18/09/2026 15:14,15.875,0.003,7.9
18/09/2026 14:44,15.875,0.003,7.9
18/09/2026 14:14,15.625,0.002,7.9
18/09/2026 13:44,15.5,0.003,7.9
18/09/2026 13:14,15.5,0.003,7.89
18/09/2026 12:44,15.375,0.003,7.89
18/09/2026 12:14,15.5,0.003,7.89
18/09/2026 11:44,15.25,0.003,7.89
18/09/2026 11:14,15.5,0.003,7.89
18/09/2026 10:44,15.125,0.003,7.89
18/09/2026 10:14,15.125,0.003,7.89
18/09/2026 09:44,15,0.003,7.89
18/09/2026 09:14,15.125,0.002,7.89
18/09/2026 08:44,15.125,0.003,7.89
18/09/2026 08:14,15.125,0.003,7.89
18/09/2026 07:44,14.875,0.003,7.89
18/09/2026 07:14,14.875,0.003,7.89
18/09/2026 06:44,15,0.003,7.89
18/09/2026 06:14,15,0.002,7.89
18/09/2026 05:44,14.875,0.003,7.89
18/09/2026 05:14,14.875,0.003,7.89
18/09/2026 04:44,14.875,0.003,7.89
18/09/2026 04:14,15.125,0.003,7.89
18/09/2026 03:44,14.875,0.003,7.89
18/09/2026 03:14,14.75,0.003,7.89
18/09/2026 02:44,14.875,0.003,7.89
18/09/2026 02:14,14.75,0.003,7.89
18/09/2026 01:44,14.875,0.003,7.89
18/09/2026 01:14,14.875,0.002,7.89
18/09/2026 00:44,13.75,0.003,7.89
18/09/2026 00:14,15.625,0.002,7.89
17/09/2026 23:44,14.625,0.002,7.89
17/09/2026 23:14,14.375,0.002,7.89
17/09/2026 22:44,14.375,0.002,7.89
17/09/2026 22:14,15.125,0.003,7.89
17/09/2026 21:44,15.875,0.003,7.89
17/09/2026 21:14,16.5,0.003,7.89
17/09/2026 20:44,16.25,0.003,7.89
17/09/2026 20:14,16.375,0.003,7.89
17/09/2026 19:44,16.25,0.003,7.89
17/09/2026 19:14,16.25,0.003,7.89
17/09/2026 18:44,16.25,0.003,7.89
17/09/2026 18:14,16.25,0.003,7.89
17/09/2026 17:44,16.25,0.003,7.89
17/09/2026 17:14,16.125,0.003,7.89
17/09/2026 16:44,16.125,0.003,7.89
17/09/2026 16:14,16,0.003,7.89
17/09/2026 15:44,15.875,0.003,7.89
17/09/2026 15:14,15.75,0.003,7.89
17/09/2026 14:44,15.625,0.003,7.89
17/09/2026 14:14,15.625,0.003,7.89
17/09/2026 13:44,15.625,0.003,7.89
17/09/2026 13:14,15.375,0.003,7.89
17/09/2026 12:44,15.375,0.003,7.89
17/09/2026 12:14,15.375,0.003,7.88
17/09/2026 11:44,15.25,0.003,7.89
17/09/2026 11:14,15.125,0.003,7.89
17/09/2026 10:44,15.125,0.003,7.89
17/09/2026 10:14,15,0.003,7.88
17/09/2026 09:44,15.125,0.003,7.89
17/09/2026 09:14,14.875,0.003,7.89
17/09/2026 08:44,14.75,0.003,7.89
17/09/2026 08:14,14.75,0.003,7.89
17/09/2026 07:44,14.75,0.003,7.89
17/09/2026 07:14,14.875,0.003,7.89
17/09/2026 06:44,14.75,0.003,7.89
17/09/2026 06:14,14.875,0.003,7.89
17/09/2026 05:44,14.75,0.003,7.89
17/09/2026 05:14,14.875,0.003,7.89
17/09/2026 04:44,14.875,0.003,7.89
17/09/2026 04:14,14.875,0.003,7.88
17/09/2026 03:44,14.875,0.003,7.89
17/09/2026 03:14,15.625,0.003,7.88
17/09/2026 02:44,14.75,0.003,7.88
17/09/2026 02:14,13.875,0.003,7.88
17/09/2026 01:44,14.625,0.003,7.88
17/09/2026 01:14,14.5,0.003,7.88
17/09/2026 00:44,14.375,0.003,7.88
17/09/2026 00:14,14.375,0.002,7.88
16/09/2026 23:44,14.375,0.002,7.88
16/09/2026 23:14,14.25,0.002,7.88
16/09/2026 22:44,14.25,0.002,7.88
16/09/2026 22:14,14,0.002,7.88
16/09/2026 21:44,14.375,0.002,7.89
16/09/2026 21:14,15,0.003,7.89
16/09/2026 20:44,15.75,0.003,7.9
16/09/2026 20:14,16.375,0.003,7.9
16/09/2026 19:44,16.625,0.003,7.9
16/09/2026 19:14,16.5,0.003,7.9
16/09/2026 18:44,16.5,0.003,7.9
16/09/2026 18:14,16.5,0.003,7.91
16/09/2026 17:44,16.375,0.003,7.9
16/09/2026 17:41,16.375,0.003,7.9
16/09/2026 15:44,16,0.003,7.91
16/09/2026 15:14,15.75,0.003,7.91
16/09/2026 14:44,15.75,0.003,7.91
16/09/2026 14:14,15.625,0.003,7.91
16/09/2026 13:44,15.5,0.003,7.91
16/09/2026 13:14,15.5,0.003,7.91
16/09/2026 12:44,15.375,0.003,7.91
16/09/2026 12:14,15.25,0.003,7.91
16/09/2026 11:44,15.125,0.003,7.9
16/09/2026 11:14,15,0.003,7.9
16/09/2026 10:44,15.125,0.003,7.9
16/09/2026 10:14,15.125,0.003,7.9
16/09/2026 09:44,14.75,0.003,7.9
16/09/2026 09:14,14.75,0.003,7.9
16/09/2026 08:44,15,0.003,7.9
16/09/2026 08:14,14.875,0.003,7.9
16/09/2026 07:44,14.875,0.003,7.9
16/09/2026 07:14,15,0.003,7.9
16/09/2026 06:44,14.75,0.003,7.89
16/09/2026 06:14,15,0.003,7.89
16/09/2026 05:44,14.875,0.003,7.89
16/09/2026 05:14,14.875,0.003,7.89
16/09/2026 04:44,14.875,0.003,7.89
16/09/2026 04:14,14.875,0.003,7.89
16/09/2026 03:44,14.875,0.003,7.89
16/09/2026 03:14,14.625,0.003,7.89
16/09/2026 02:44,13.75,0.003,7.89
16/09/2026 02:14,14.75,0.003,7.89
16/09/2026 01:44,15.5,0.003,7.89
16/09/2026 01:14,14.5,0.003,7.89
16/09/2026 00:44,14.375,0.003,7.89
16/09/2026 00:14,14.375,0.003,7.89
15/09/2026 23:44,14.125,0.003,7.89
15/09/2026 23:14,14,0.002,7.89
15/09/2026 22:44,14,0.003,7.89
15/09/2026 22:14,14,0.003,7.88
15/09/2026 21:44,14.625,0.003,7.89
15/09/2026 21:14,15,0.003,7.9
15/09/2026 20:44,16,0.003,7.91
15/09/2026 20:14,16.625,0.003,7.9
15/09/2026 19:44,16.625,0.003,7.91
15/09/2026 19:14,16.5,0.003,7.91
15/09/2026 18:44,16.5,0.003,7.92
15/09/2026 18:14,16.5,0.003,7.92
15/09/2026 17:44,16.5,0.003,7.92
15/09/2026 17:14,16.375,0.003,7.92
15/09/2026 16:44,16.25,0.003,7.93
15/09/2026 16:14,16.25,0.003,7.93
15/09/2026 15:44,16.125,0.003,7.93
15/09/2026 15:14,16,0.003,7.93
15/09/2026 14:44,15.875,0.003,7.93
15/09/2026 14:14,15.875,0.003,7.93
15/09/2026 13:44,15.625,0.003,7.93
15/09/2026 13:14,14.75,0.003,7.93
15/09/2026 12:44,15.375,0.003,7.93
15/09/2026 12:14,15.375,0.003,7.93
15/09/2026 11:44,15.25,0.003,7.93
15/09/2026 11:14,15.125,0.003,7.93
15/09/2026 10:44,14.875,0.003,7.93
15/09/2026 10:14,15,0.003,7.93
15/09/2026 09:44,15.125,0.003,7.93
15/09/2026 09:14,14.875,0.003,7.93
15/09/2026 08:44,14.875,0.003,7.93
15/09/2026 08:14,14.875,0.003,7.93
15/09/2026 07:44,15,0.003,7.93
15/09/2026 07:14,14.875,0.003,7.93
15/09/2026 06:44,14.875,0.003,7.93
15/09/2026 06:14,15,0.003,7.93
15/09/2026 05:44,14.875,0.003,7.94
15/09/2026 05:14,15.625,0.003,7.93
15/09/2026 04:44,13.75,0.003,7.93
15/09/2026 04:14,13.875,0.003,7.93
15/09/2026 03:44,15.625,0.003,7.92
15/09/2026 03:14,15.625,0.003,7.94
15/09/2026 02:44,14.75,0.003,7.94
15/09/2026 02:14,14.375,0.003,7.93
15/09/2026 01:44,14.625,0.003,7.93
15/09/2026 01:14,14.375,0.002,7.93
15/09/2026 00:44,14.25,0.002,7.92
15/09/2026 00:14,14.125,0.002,7.92
14/09/2026 23:44,14.125,0.002,7.92
14/09/2026 23:14,14,0.002,7.91
14/09/2026 22:44,13.75,0.002,7.91
14/09/2026 22:14,14.125,0.002,7.92
14/09/2026 21:44,14.5,0.002,7.94
14/09/2026 21:14,15.375,0.002,7.95
14/09/2026 20:44,16.125,0.003,7.96
14/09/2026 20:14,16.875,0.003,7.97
14/09/2026 19:44,16.875,0.003,7.97
14/09/2026 19:14,16.875,0.003,7.97
14/09/2026 18:44,17,0.003,7.96
14/09/2026 18:14,16.875,0.003,7.95
14/09/2026 17:44,16.875,0.003,7.95
14/09/2026 17:14,16.875,0.002,7.95
14/09/2026 16:44,15.75,0.002,7.94
14/09/2026 16:14,16.625,0.002,7.93
14/09/2026 15:44,16.625,0.002,7.92
14/09/2026 15:14,16.5,0.002,7.91
14/09/2026 14:44,16.5,0.002,7.89
14/09/2026 14:14,16.375,0.002,7.86
14/09/2026 13:44,16.375,0.002,7.82
14/09/2026 13:14,16.25,0.002,7.76
14/09/2026 12:44,16.25,0.002,7.68
14/09/2026 12:14,16.25,0.002,7.55
14/09/2026 12:07,16.375,0.002,7.51
14/09/2026 11:44,16.375,0.002,7.32
14/09/2026 11:14,16.25,0.002,6.99
14/09/2026 10:44,16.125,0.002,6.77
14/09/2026 10:14,16,0.002,6.66
14/09/2026 10:14,16.125,0.002,6.83
12/09/2026 12:44,16.625,0.001,7.9
12/09/2026 12:14,16.625,0.001,7.9
12/09/2026 11:44,15.625,0.001,7.9
12/09/2026 11:14,15.625,0.001,7.9
12/09/2026 10:44,15.625,0.001,7.9
12/09/2026 10:14,15.5,0.001,7.9
12/09/2026 09:44,15.5,0.001,7.9
12/09/2026 09:14,15.625,0.001,7.9
12/09/2026 08:44,15.5,0.001,7.9
12/09/2026 08:14,15.375,0.001,7.9
12/09/2026 07:44,15.5,0.001,7.9
12/09/2026 07:14,14.75,0.001,7.9
12/09/2026 06:44,16.625,0.001,7.9
12/09/2026 06:14,15.625,0.001,7.9
12/09/2026 05:44,15.625,0.001,7.89
12/09/2026 05:14,15.625,0.001,7.9
12/09/2026 04:44,14.75,0.001,7.9
12/09/2026 04:14,15.75,0.001,7.9
12/09/2026 03:44,15.75,0.001,7.9
12/09/2026 03:14,15.75,0.001,7.9
12/09/2026 02:44,15.75,0.001,7.9
12/09/2026 02:14,15.875,0.001,7.9
12/09/2026 01:44,15.75,0.001,7.9
12/09/2026 01:14,16,0.001,7.9
12/09/2026 00:44,16,0.001,7.9
12/09/2026 00:14,15.875,0.001,7.9
11/09/2026 23:44,16.125,0.001,7.9
11/09/2026 23:14,16,0.001,7.91
11/09/2026 22:44,16,0.001,7.91
11/09/2026 22:14,16,0.001,7.9
11/09/2026 21:44,16.125,0.001,7.91
11/09/2026 21:14,16.125,0.001,7.9
11/09/2026 20:44,16.125,0.001,7.91
11/09/2026 20:14,16.125,0.001,7.91
11/09/2026 19:44,16.125,0.001,7.9
11/09/2026 19:14,16.25,0.001,7.9
11/09/2026 18:44,16.25,0.001,7.9
11/09/2026 18:14,16.25,0.001,7.9
11/09/2026 17:44,16.125,0.001,7.9
11/09/2026 17:14,16.125,0.001,7.9
11/09/2026 16:44,16,0.001,7.9
11/09/2026 16:14,15.875,0.001,7.9
11/09/2026 15:44,16.625,0.001,7.9
11/09/2026 15:14,16.625,0.001,7.9
11/09/2026 14:44,15.5,0.001,7.9
11/09/2026 14:14,15.5,0.001,7.9
11/09/2026 13:44,15.375,0.001,7.9
11/09/2026 13:14,15.25,0.001,7.9
11/09/2026 12:44,15.25,0.001,7.9
11/09/2026 12:14,15.125,0.001,7.89
11/09/2026 11:44,15.125,0.001,7.89
11/09/2026 11:14,15,0.001,7.9
11/09/2026 10:44,15.125,0.001,7.9
11/09/2026 10:14,14.75,0.001,7.9
11/09/2026 09:44,15,0.001,7.9
11/09/2026 09:14,14.875,0.001,7.9
11/09/2026 08:44,14.75,0.001,7.89
11/09/2026 08:14,14.875,0.001,7.89
11/09/2026 07:44,14.875,0.001,7.9
11/09/2026 07:14,14.875,0.001,7.89
11/09/2026 06:44,15.625,0.001,7.9
11/09/2026 06:14,14.5,0.001,7.89
11/09/2026 05:44,14.625,0.001,7.89
11/09/2026 05:14,14.625,0.001,7.89
11/09/2026 04:44,14.75,0.001,7.89
11/09/2026 04:14,14.625,0.001,7.89
11/09/2026 03:44,14.5,0.001,7.89
11/09/2026 03:14,14.625,0.001,7.89
11/09/2026 02:44,14.5,0.001,7.89
11/09/2026 02:14,14.625,0.001,7.89
11/09/2026 01:44,14.625,0.001,7.89
11/09/2026 01:14,14.5,0.001,7.89
11/09/2026 00:44,14.25,0.001,7.89
11/09/2026 00:14,14.25,0.001,7.89
10/09/2026 23:44,14,0.001,7.89
10/09/2026 23:14,13.875,0.001,7.89
10/09/2026 22:44,13.875,0.001,7.89
10/09/2026 22:14,12.875,0.001,7.89
10/09/2026 21:44,14.125,0.001,7.89
10/09/2026 21:14,14.875,0.001,7.9
10/09/2026 20:44,16.625,0.001,7.9
10/09/2026 20:14,16.375,0.001,7.91
10/09/2026 19:44,16.625,0.001,7.91
10/09/2026 19:14,16.625,0.001,7.91
10/09/2026 18:44,16.625,0.001,7.91
10/09/2026 18:14,16.625,0.001,7.91
10/09/2026 17:44,16.5,0.001,7.9
10/09/2026 17:14,16.5,0.001,7.91
10/09/2026 16:44,16.375,0.001,7.91
10/09/2026 16:14,16.25,0.001,7.9
10/09/2026 15:44,16.125,0.001,7.9
10/09/2026 15:14,16.125,0.001,7.9
10/09/2026 14:44,16,0.001,7.9
10/09/2026 14:14,15.75,0.001,7.9
10/09/2026 13:44,15.75,0.001,7.9
10/09/2026 13:14,15.75,0.001,7.9
10/09/2026 12:44,15.625,0.001,7.9
10/09/2026 12:14,15.625,0.001,7.9
10/09/2026 11:44,15.5,0.001,7.9
10/09/2026 11:14,15.25,0.001,7.9
10/09/2026 10:44,15.375,0.001,7.9
10/09/2026 10:14,15,0.001,7.9
10/09/2026 09:44,15,0.001,7.89
10/09/2026 09:14,15.125,0.001,7.89
10/09/2026 08:44,15,0.001,7.89
10/09/2026 08:14,15,0.001,7.89
10/09/2026 07:44,15,0.001,7.89
10/09/2026 07:14,15,0.001,7.89
10/09/2026 06:44,14.875,0.001,7.89
10/09/2026 06:14,14.875,0.001,7.89
10/09/2026 05:44,15,0.001,7.89
10/09/2026 05:14,14.875,0.001,7.89
10/09/2026 04:44,14.875,0.001,7.89
10/09/2026 04:14,14.875,0.001,7.89
10/09/2026 03:44,14.875,0.001,7.89
10/09/2026 03:14,14.75,0.001,7.89
10/09/2026 02:44,14.75,0.001,7.89
10/09/2026 02:14,14.75,0.001,7.89
10/09/2026 01:44,15,0.001,7.89
10/09/2026 01:14,14.875,0.001,7.89
10/09/2026 00:44,14.625,0.001,7.89
10/09/2026 00:14,15.5,0.001,7.89
09/09/2026 23:44,14.5,0.001,7.89
09/09/2026 23:14,14.5,0.001,7.89
09/09/2026 22:44,14.375,0.001,7.89
09/09/2026 22:14,14.125,0.001,7.89
09/09/2026 21:44,14.25,0.001,7.88
09/09/2026 21:14,15,0.001,7.89
09/09/2026 20:44,15.75,0.001,7.89
09/09/2026 20:14,16.625,0.001,7.89
09/09/2026 19:44,16.625,0.001,7.9
09/09/2026 19:14,16.625,0.001,7.9
09/09/2026 18:44,15.75,0.001,7.9
09/09/2026 18:14,16.625,0.001,7.9
09/09/2026 17:44,16.5,0.001,7.9
09/09/2026 17:14,16.5,0.001,7.9
09/09/2026 16:44,16.375,0.001,7.89
09/09/2026 16:14,16.25,0.001,7.89
09/09/2026 15:44,16.125,0.001,7.89
09/09/2026 15:14,16.125,0.001,7.89
09/09/2026 14:44,16.125,0.001,7.89
09/09/2026 14:14,15.875,0.001,7.89
09/09/2026 13:44,15.875,0.001,7.89
09/09/2026 13:14,15.875,0.001,7.89
09/09/2026 12:44,15.625,0.001,7.88
09/09/2026 12:14,14.75,0.001,7.88
09/09/2026 11:44,15.5,0.001,7.88
09/09/2026 11:14,15.5,0.001,7.88
09/09/2026 10:44,15.5,0.001,7.88
09/09/2026 10:14,15.5,0.001,7.88
09/09/2026 09:44,15.25,0.001,7.88
09/09/2026 09:14,15.125,0.001,7.88
09/09/2026 08:44,15,0.001,7.88
09/09/2026 08:14,15,0.001,7.88
09/09/2026 07:44,15,0.001,7.88
09/09/2026 07:14,15.125,0.001,7.88
09/09/2026 06:44,15.125,0.001,7.87
09/09/2026 06:14,14.875,0.001,7.87
09/09/2026 05:44,15.125,0.001,7.88
09/09/2026 05:14,15,0.001,7.87
09/09/2026 04:44,15,0.001,7.87
09/09/2026 04:14,15,0.001,7.87
09/09/2026 03:44,14.75,0.001,7.87
09/09/2026 03:14,14.875,0.001,7.87
09/09/2026 02:44,14.75,0.001,7.87
09/09/2026 02:14,13.875,0.001,7.87
09/09/2026 01:44,15.625,0.001,7.87
09/09/2026 01:14,15.5,0.001,7.87
09/09/2026 00:44,14.5,0.001,7.87
09/09/2026 00:14,14.25,0.001,7.87
08/09/2026 23:44,14.125,0.001,7.86
08/09/2026 23:14,13.875,0.001,7.86
08/09/2026 22:44,13.875,0.001,7.86
08/09/2026 22:14,14.125,0.001,7.86
08/09/2026 21:44,14.875,0.001,7.87
08/09/2026 21:14,15.75,0.001,7.87
08/09/2026 20:44,16.5,0.001,7.88
08/09/2026 20:14,17.375,0.001,7.88
08/09/2026 19:44,17.5,0.001,7.88
08/09/2026 19:14,17.625,0.001,7.88
08/09/2026 18:44,17.625,0.001,7.88
08/09/2026 18:14,17.625,0.001,7.88
08/09/2026 17:44,18.625,0.001,7.88
08/09/2026 17:14,17.5,0.001,7.88
08/09/2026 16:44,17.375,0.001,7.88
08/09/2026 16:14,17.25,0.001,7.88
08/09/2026 15:44,17.25,0.001,7.87
08/09/2026 15:14,17,0.001,7.87
08/09/2026 14:44,17,0.001,7.88
08/09/2026 14:14,16.875,0.001,7.88
08/09/2026 13:44,16.875,0.002,7.88
08/09/2026 13:14,16.875,0.001,7.88
08/09/2026 12:44,16.75,0.001,7.88
08/09/2026 12:14,16.875,0.001,7.89
08/09/2026 11:44,17.5,0.001,7.9
08/09/2026 11:14,16.5,0.001,7.89
08/09/2026 10:44,16.625,0.001,7.88
08/09/2026 10:14,14.75,0.001,7.88
08/09/2026 09:44,15.375,0.001,7.88
08/09/2026 09:14,15.375,0.001,7.88
08/09/2026 08:44,15.125,0.001,7.88
08/09/2026 08:14,15,0.001,7.88
08/09/2026 07:44,15,0.001,7.88
08/09/2026 07:14,15,0.001,7.88
08/09/2026 06:44,15,0.001,7.88
08/09/2026 06:14,15.25,0.001,7.88
08/09/2026 05:44,15.125,0.001,7.88
08/09/2026 05:14,15.125,0.001,7.88
08/09/2026 04:44,15,0.001,7.88
08/09/2026 04:14,14.875,0.001,7.87
08/09/2026 03:44,14.875,0.001,7.88
08/09/2026 03:14,14.875,0.001,7.87
08/09/2026 02:44,14.875,0.001,7.87
08/09/2026 02:14,15.5,0.001,7.87
08/09/2026 01:44,14.5,0.001,7.87
08/09/2026 01:14,14.5,0.001,7.87
08/09/2026 00:44,14.5,0.001,7.87
08/09/2026 00:14,14.375,0.001,7.86
07/09/2026 23:44,14.375,0.001,7.86
07/09/2026 23:14,14,0.001,7.86
07/09/2026 22:44,13.875,0.001,7.86
07/09/2026 22:14,14.125,0.001,7.86
07/09/2026 21:44,14.625,0.001,7.86
07/09/2026 21:14,15.25,0.001,7.87
07/09/2026 20:44,16,0.001,7.87
07/09/2026 20:14,16.75,0.001,7.87
07/09/2026 19:44,16.875,0.001,7.87
07/09/2026 19:14,17,0.001,7.87
07/09/2026 18:44,16.875,0.001,7.87
07/09/2026 18:14,17,0.001,7.86
07/09/2026 17:44,17,0.001,7.86
07/09/2026 17:14,16.75,0.001,7.86
07/09/2026 16:44,16.875,0.001,7.86
07/09/2026 16:14,17.5,0.001,7.86
07/09/2026 15:44,16.375,0.001,7.85
07/09/2026 15:14,16.375,0.001,7.86
07/09/2026 14:44,16.375,0.001,7.85
07/09/2026 14:14,16.125,0.001,7.86
07/09/2026 13:44,16,0.001,7.86
07/09/2026 13:14,16,0.001,7.86
07/09/2026 12:44,15.875,0.001,7.87
07/09/2026 12:14,15.75,0.001,7.87
07/09/2026 11:44,15.5,0.001,7.89
07/09/2026 11:14,15.625,0.001,7.9
07/09/2026 10:44,15.25,0.001,7.9
07/09/2026 10:14,15,0.001,7.91
07/09/2026 09:44,15.125,0.001,7.91
07/09/2026 09:14,14.875,0.001,7.91
07/09/2026 08:44,14.75,0.001,7.91
07/09/2026 08:14,14.75,0.001,7.91
07/09/2026 07:44,15,0.001,7.91
07/09/2026 07:14,14.875,0.001,7.91
07/09/2026 06:44,14.875,0.001,7.92
07/09/2026 06:14,14.875,0.001,7.92
07/09/2026 05:44,15,0.001,7.92
07/09/2026 05:14,15,0.001,7.91
07/09/2026 04:44,15,0.001,7.92
07/09/2026 04:14,14.875,0.001,7.92
07/09/2026 03:44,14.875,0.001,7.91
07/09/2026 03:14,14.875,0.001,7.92
07/09/2026 02:44,15.625,0.001,7.92
07/09/2026 02:14,14.875,0.001,7.92
07/09/2026 01:44,14.625,0.001,7.91
07/09/2026 01:14,14.75,0.001,7.91
07/09/2026 00:44,15.625,0.001,7.92
07/09/2026 00:14,14.5,0.001,7.91
06/09/2026 23:44,14.625,0.001,7.91
06/09/2026 23:14,14.5,0.001,7.91
06/09/2026 22:44,14.375,0.001,7.91
06/09/2026 22:14,14.125,0.001,7.91
06/09/2026 21:44,14,0.001,7.91
06/09/2026 21:14,14.875,0.001,7.92
06/09/2026 20:44,14.75,0.001,7.92
06/09/2026 20:14,16.5,0.001,7.93
06/09/2026 19:44,16.5,0.001,7.93
06/09/2026 19:14,16.625,0.001,7.93
06/09/2026 18:44,16.625,0.001,7.93
06/09/2026 18:14,16.5,0.001,7.93
06/09/2026 17:44,16.5,0.001,7.93
06/09/2026 17:14,16.375,0.001,7.93
06/09/2026 16:44,16.375,0.001,7.93
06/09/2026 16:14,16.375,0.001,7.93
06/09/2026 15:44,16.375,0.001,7.93
06/09/2026 15:14,16.375,0.001,7.93
06/09/2026 14:44,16.375,0.001,7.93
06/09/2026 14:14,16.25,0.001,7.92
06/09/2026 13:44,16.25,0.001,7.92
06/09/2026 13:14,16.375,0.001,7.92
06/09/2026 12:44,16.25,0.001,7.92
06/09/2026 12:14,16.25,0.001,7.92
06/09/2026 11:44,16.25,0.001,7.92
06/09/2026 11:14,16.125,0.001,7.92
06/09/2026 10:44,16.25,0.001,7.92
06/09/2026 10:14,16,0.001,7.92
06/09/2026 09:44,15.75,0.001,7.92
06/09/2026 09:14,15.75,0.001,7.92
06/09/2026 08:44,15.75,0.001,7.92
06/09/2026 08:14,15.75,0.001,7.92
06/09/2026 07:44,15.875,0.001,7.92
06/09/2026 07:14,15.875,0.001,7.92
06/09/2026 06:44,15.75,0.001,7.92
06/09/2026 06:14,15.875,0.001,7.92
06/09/2026 05:44,16,0.001,7.92
06/09/2026 05:14,16,0.001,7.92
06/09/2026 04:44,15.875,0.001,7.92
06/09/2026 04:14,16,0.001,7.92
06/09/2026 03:44,15.875,0.001,7.92
06/09/2026 03:14,16,0.001,7.92
06/09/2026 02:44,16.125,0.001,7.92
06/09/2026 02:14,16.125,0.001,7.92
06/09/2026 01:44,16.125,0.001,7.92
06/09/2026 01:14,16.125,0.001,7.91
06/09/2026 00:44,16.125,0.001,7.91
06/09/2026 00:14,16,0.001,7.92
05/09/2026 23:44,16.125,0.001,7.92
05/09/2026 23:14,16.125,0.001,7.92
05/09/2026 22:44,16.125,0.001,7.91
05/09/2026 22:14,16.125,0.001,7.91
05/09/2026 21:44,16.375,0.001,7.91
05/09/2026 21:14,16.25,0.001,7.91
05/09/2026 20:44,16.25,0.001,7.91
05/09/2026 20:14,16.25,0.001,7.91
05/09/2026 19:44,16.25,0.001,7.91
05/09/2026 19:14,16.125,0.001,7.91
05/09/2026 18:44,16.125,0.001,7.91
05/09/2026 18:14,16.25,0.001,7.91
05/09/2026 17:44,16.25,0.001,7.91
05/09/2026 17:14,16.25,0.001,7.91
05/09/2026 16:44,16.25,0.001,7.91
05/09/2026 16:14,16.125,0.001,7.9
05/09/2026 15:44,16.125,0.001,7.9
05/09/2026 15:14,15.875,0.001,7.9
05/09/2026 14:44,16,0.001,7.9
05/09/2026 14:14,16,0.001,7.9
05/09/2026 13:44,15.875,0.001,7.9
05/09/2026 13:14,15.875,0.001,7.9
05/09/2026 12:44,15.75,0.001,7.9
05/09/2026 12:14,16.625,0.001,7.9
05/09/2026 11:44,15.625,0.001,7.9
05/09/2026 11:14,15.625,0.001,7.89
05/09/2026 10:44,15.625,0.001,7.89
05/09/2026 10:14,15.625,0.001,7.89
05/09/2026 09:44,15.25,0.001,7.89
05/09/2026 09:14,15,0.001,7.89
05/09/2026 08:44,15,0.001,7.89
05/09/2026 08:14,15,0.001,7.89
05/09/2026 07:44,15,0.001,7.89
05/09/2026 07:14,15,0.001,7.89
05/09/2026 06:44,15,0.001,7.89
05/09/2026 06:14,14.75,0.001,7.89
05/09/2026 05:44,14.875,0.001,7.89
05/09/2026 05:14,14.875,0.001,7.89
05/09/2026 04:44,15.625,0.001,7.88
05/09/2026 04:14,14.875,0.001,7.88
05/09/2026 03:44,14.625,0.001,7.88
05/09/2026 03:14,14.75,0.001,7.88
05/09/2026 02:44,14.75,0.001,7.88
05/09/2026 02:14,14.625,0.001,7.88
05/09/2026 01:44,14.5,0.001,7.88
05/09/2026 01:14,14.375,0.001,7.88
05/09/2026 00:44,14.25,0.001,7.88
05/09/2026 00:14,14.25,0.001,7.88
04/09/2026 23:44,14.125,0.001,7.87
04/09/2026 23:14,14,0.001,7.87
04/09/2026 22:44,13.75,0.001,7.87
04/09/2026 22:14,14.625,0.001,7.87
04/09/2026 21:44,14.375,0.001,7.87
04/09/2026 21:14,15,0.001,7.88
04/09/2026 20:44,15.75,0.001,7.88
04/09/2026 20:14,16.5,0.001,7.89
04/09/2026 19:44,16.75,0.001,7.89
04/09/2026 19:14,16.75,0.001,7.89
04/09/2026 18:44,16.875,0.001,7.88
04/09/2026 18:14,16.875,0.001,7.88
04/09/2026 17:44,16.75,0.001,7.88
04/09/2026 17:14,16.75,0.001,7.88
04/09/2026 16:44,16.625,0.001,7.88
04/09/2026 16:14,16.625,0.001,7.88
04/09/2026 15:44,16.375,0.001,7.88
04/09/2026 15:14,16.375,0.001,7.87
04/09/2026 14:44,16.25,0.001,7.87
04/09/2026 14:14,16.125,0.001,7.87
04/09/2026 13:44,16.125,0.001,7.88
04/09/2026 13:14,16.125,0.001,7.88
04/09/2026 12:44,16,0.001,7.88
04/09/2026 12:14,15.75,0.001,7.87
04/09/2026 11:44,16,0.001,7.87
04/09/2026 11:14,15.75,0.001,7.87
04/09/2026 10:44,15.875,0.001,7.87
04/09/2026 10:14,14.875,0.001,7.87
04/09/2026 09:44,15.75,0.001,7.87
04/09/2026 09:14,15.625,0.001,7.87
04/09/2026 08:44,15.5,0.001,7.86
04/09/2026 08:14,15.625,0.001,7.86
04/09/2026 07:44,15.5,0.001,7.86
04/09/2026 07:14,15.5,0.001,7.86
04/09/2026 06:44,15.625,0.001,7.86
04/09/2026 06:14,15.5,0.001,7.86
04/09/2026 05:44,15.375,0.001,7.86
04/09/2026 05:14,15.5,0.001,7.85
04/09/2026 04:44,15.5,0.001,7.85
04/09/2026 04:14,15.375,0.001,7.85
04/09/2026 03:44,15.625,0.001,7.85
04/09/2026 03:14,15.375,0.001,7.85
04/09/2026 02:44,15.25,0.001,7.84
04/09/2026 02:14,15.25,0.001,7.84
04/09/2026 01:44,15.25,0.001,7.84
04/09/2026 01:14,14.875,0.001,7.84
04/09/2026 00:44,14.875,0.001,7.83
04/09/2026 00:14,14.625,0.001,7.83
03/09/2026 23:44,14.625,0.001,7.83
03/09/2026 23:14,14.5,0.001,7.83
03/09/2026 22:44,14.375,0.001,7.82
03/09/2026 22:14,14.25,0.001,7.82
03/09/2026 21:44,14.25,0.001,7.83
03/09/2026 21:14,15.25,0.001,7.83
03/09/2026 20:44,16.125,0.001,7.84
03/09/2026 20:14,16.875,0.001,7.84
03/09/2026 19:44,17.125,0.001,7.84
03/09/2026 19:14,17,0.001,7.84
03/09/2026 18:44,17.125,0.001,7.83
03/09/2026 18:14,17.25,0.001,7.83
03/09/2026 17:44,17,0.001,7.83
03/09/2026 17:14,17.125,0.001,7.83
03/09/2026 16:44,16.75,0.001,7.83
03/09/2026 16:14,16.75,0.001,7.84
03/09/2026 15:44,16.5,0.001,7.84
03/09/2026 15:14,16.5,0.001,7.85
03/09/2026 14:44,16.25,0.001,7.86
03/09/2026 14:14,16.25,0.001,7.87
03/09/2026 13:44,16.125,0.001,7.88
03/09/2026 13:14,16.125,0.001,7.88
03/09/2026 12:44,15.875,0.001,7.88
03/09/2026 12:14,15.875,0.001,7.87
03/09/2026 11:44,15.75,0.001,7.87
03/09/2026 11:14,14.875,0.001,7.88
03/09/2026 10:44,15.75,0.001,7.88
03/09/2026 10:14,14.75,0.001,7.88
03/09/2026 09:44,15.625,0.001,7.88
03/09/2026 09:14,15.5,0.001,7.88
03/09/2026 08:44,15.5,0.001,7.89
03/09/2026 08:14,15.375,0.001,7.89
03/09/2026 07:44,15.375,0.001,7.89
03/09/2026 07:14,15.375,0.001,7.89
03/09/2026 06:44,15.25,0.001,7.89
03/09/2026 06:14,15.375,0.001,7.89
03/09/2026 05:44,15.25,0.001,7.89
03/09/2026 05:14,15.375,0.001,7.88
03/09/2026 04:44,15.25,0.001,7.88
03/09/2026 04:14,15.25,0.001,7.88
03/09/2026 03:44,15.25,0.001,7.88
03/09/2026 03:14,15.125,0.001,7.88
03/09/2026 02:44,15.125,0.001,7.88
03/09/2026 02:14,15,0.001,7.88
03/09/2026 01:44,15,0.001,7.88
03/09/2026 01:14,14.875,0.001,7.88
03/09/2026 00:44,14.75,0.001,7.88
03/09/2026 00:14,13.75,0.001,7.87
02/09/2026 23:44,14.625,0.001,7.87
02/09/2026 23:14,14.375,0.001,7.87
02/09/2026 22:44,14.375,0.001,7.87
02/09/2026 22:14,14.125,0.001,7.87
02/09/2026 21:44,14.5,0.001,7.88
02/09/2026 21:14,15.25,0.001,7.88
02/09/2026 20:44,16.25,0.001,7.89
02/09/2026 20:14,17.125,0.001,7.89
02/09/2026 19:44,17.375,0.001,7.89
02/09/2026 19:14,17.375,0.001,7.89
02/09/2026 18:44,17.25,0.001,7.89
02/09/2026 18:14,17.375,0.001,7.89
02/09/2026 17:44,17.25,0.001,7.89
02/09/2026 17:14,17,0.001,7.89
02/09/2026 16:44,17,0.001,7.89
02/09/2026 16:14,16.875,0.001,7.89
02/09/2026 15:44,17.625,0.001,7.88
02/09/2026 15:14,16.5,0.001,7.88
02/09/2026 14:44,16.5,0.001,7.88
02/09/2026 14:14,16.375,0.001,7.88
02/09/2026 13:44,16.25,0.001,7.88
02/09/2026 13:14,16.125,0.001,7.88
02/09/2026 12:44,16.125,0.001,7.88
02/09/2026 12:14,16,0.001,7.88
02/09/2026 11:44,15.875,0.001,7.89
02/09/2026 11:14,15.75,0.001,7.9
02/09/2026 10:44,15.625,0.001,7.9
02/09/2026 10:14,15.625,0.001,7.91
02/09/2026 09:44,15.375,0.001,7.91
02/09/2026 09:14,15.5,0.001,7.91
02/09/2026 08:44,15.375,0.001,7.91
02/09/2026 08:14,15.375,0.001,7.91
02/09/2026 07:44,15.5,0.001,7.91
02/09/2026 07:14,15.25,0.001,7.91
02/09/2026 06:44,15.375,0.001,7.91
02/09/2026 06:14,15.375,0.001,7.91
02/09/2026 05:44,15.375,0.001,7.91
02/09/2026 05:14,15.375,0.001,7.91
02/09/2026 04:44,15.375,0.001,7.91
02/09/2026 04:14,15.125,0.001,7.91
02/09/2026 03:44,15.375,0.001,7.91
02/09/2026 03:14,15.375,0.001,7.91
02/09/2026 02:44,15,0.001,7.91
02/09/2026 02:14,15.125,0.001,7.9
02/09/2026 01:44,14.875,0.001,7.91
02/09/2026 01:14,15.625,0.001,7.9
02/09/2026 00:44,14.625,0.001,7.9
02/09/2026 00:14,15.5,0.001,7.9
01/09/2026 23:44,14.625,0.001,7.9
01/09/2026 23:14,14.5,0.001,7.9
01/09/2026 22:44,14.375,0.001,7.9
01/09/2026 22:14,14.25,0.001,7.9
01/09/2026 21:44,14.25,0.001,7.9
01/09/2026 21:14,14.75,0.001,7.9
01/09/2026 20:44,15.625,0.001,7.91
01/09/2026 20:14,16.375,0.001,7.92
01/09/2026 19:44,16.5,0.001,7.92
01/09/2026 19:14,16.5,0.001,7.92
01/09/2026 18:44,16.625,0.001,7.92
01/09/2026 18:14,16.5,0.001,7.91
01/09/2026 17:44,16.5,0.001,7.91
01/09/2026 17:14,16.375,0.001,7.91
01/09/2026 16:44,16,0.001,7.91
01/09/2026 16:14,16,0.001,7.91
01/09/2026 15:44,16,0.001,7.91
01/09/2026 15:14,15.75,0.001,7.91
01/09/2026 14:44,16.625,0.001,7.91
01/09/2026 14:14,15.5,0.001,7.91
01/09/2026 13:44,15.375,0.001,7.91
01/09/2026 13:14,16.625,0.001,7.91
01/09/2026 12:44,15.375,0.001,7.91
01/09/2026 12:14,15.375,0.001,7.9
01/09/2026 11:44,15.375,0.001,7.9
01/09/2026 11:14,15.375,0.001,7.9
01/09/2026 10:44,15,0.001,7.9
01/09/2026 10:14,15.125,0.001,7.9
01/09/2026 09:44,15,0.001,7.9
01/09/2026 09:14,14.875,0.001,7.9
01/09/2026 08:44,14.875,0.001,7.9
01/09/2026 08:14,15,0.001,7.9
01/09/2026 07:44,14.875,0.001,7.9
01/09/2026 07:14,15,0.001,7.9
01/09/2026 06:44,15,0.001,7.9
01/09/2026 06:14,14.875,0.001,7.9
01/09/2026 05:44,14.75,0.001,7.9
01/09/2026 05:14,13.75,0.001,7.9
01/09/2026 04:44,14.75,0.001,7.9
01/09/2026 04:14,15.625,0.001,7.9
01/09/2026 03:44,15.625,0.001,7.9
01/09/2026 03:14,14.625,0.001,7.9
01/09/2026 02:44,14.625,0.001,7.9
01/09/2026 02:14,14.5,0.001,7.9
01/09/2026 01:44,14.375,0.001,7.9
01/09/2026 01:14,14.375,0.001,7.9
01/09/2026 00:44,14.375,0.001,7.9
01/09/2026 00:14,14.125,0.001,7.9
31/08/2026 23:44,14.125,0.001,7.89
31/08/2026 23:14,14,0.001,7.89
31/08/2026 22:44,14,0.001,7.89
31/08/2026 22:14,14,0.001,7.89
31/08/2026 21:44,13.75,0.001,7.9
31/08/2026 21:14,15.625,0.001,7.9
31/08/2026 20:44,16.25,0.001,7.91
31/08/2026 20:14,16.25,0.001,7.91
31/08/2026 19:44,16.25,0.001,7.91
31/08/2026 19:14,16.25,0.001,7.91
31/08/2026 18:44,16.375,0.001,7.91
31/08/2026 18:14,16.25,0.001,7.91
31/08/2026 17:44,16.25,0.001,7.9
31/08/2026 17:14,16.125,0.001,7.9
31/08/2026 16:44,16,0.001,7.9
31/08/2026 16:14,15.75,0.001,7.9
31/08/2026 15:44,15.625,0.001,7.9
31/08/2026 15:14,15.625,0.001,7.9
31/08/2026 14:44,15.25,0.001,7.89
31/08/2026 14:14,15.25,0.001,7.9
31/08/2026 13:44,15,0.001,7.89
31/08/2026 13:14,15,0.001,7.89
31/08/2026 12:44,14.875,0.001,7.89
31/08/2026 12:14,13.75,0.001,7.89
31/08/2026 11:44,14.5,0.001,7.89
31/08/2026 11:14,15.5,0.001,7.89
31/08/2026 10:44,14.5,0.001,7.89
31/08/2026 10:14,14.5,0.001,7.89
31/08/2026 09:44,14.5,0.001,7.89
31/08/2026 09:14,14.625,0.001,7.89
31/08/2026 08:44,14.375,0.001,7.89
31/08/2026 08:14,14.5,0.001,7.89
31/08/2026 07:44,14.375,0.001,7.89
31/08/2026 07:14,14.375,0.001,7.89
31/08/2026 06:44,14.5,0.001,7.89
31/08/2026 06:14,14.5,0.001,7.89
31/08/2026 05:44,14.375,0.001,7.89
31/08/2026 05:14,14.5,0.001,7.89
31/08/2026 04:44,14.5,0.001,7.9
31/08/2026 04:14,14.5,0.001,7.89
31/08/2026 03:44,14.375,0.001,7.89
31/08/2026 03:14,14.5,0.001,7.89
31/08/2026 02:44,14.625,0.001,7.89
31/08/2026 02:14,14.5,0.001,7.89
31/08/2026 01:44,14.375,0.001,7.89
31/08/2026 01:14,14.5,0.001,7.89
31/08/2026 00:44,14.25,0.001,7.89
31/08/2026 00:14,14.125,0.001,7.89
30/08/2026 23:44,14.125,0.001,7.89
30/08/2026 23:14,14,0.001,7.89
30/08/2026 22:44,14,0.001,7.89
30/08/2026 22:14,13.875,0.001,7.89
30/08/2026 21:44,14.125,0.001,7.89
30/08/2026 21:14,14.875,0.001,7.9
30/08/2026 20:44,15.75,0.001,7.9
30/08/2026 20:14,16.375,0.001,7.91
30/08/2026 19:44,16.375,0.001,7.91
30/08/2026 19:14,16.5,0.001,7.91
30/08/2026 18:44,16.5,0.001,7.91
30/08/2026 18:14,16.375,0.001,7.9
30/08/2026 17:44,16.375,0.001,7.91
30/08/2026 17:14,16.375,0.001,7.9
30/08/2026 16:44,16.125,0.001,7.9
30/08/2026 16:14,16,0.001,7.9
30/08/2026 15:44,16,0.001,7.9
30/08/2026 15:14,15.875,0.001,7.9
30/08/2026 14:44,16.625,0.001,7.9
30/08/2026 14:14,15.625,0.001,7.89
30/08/2026 13:44,15.375,0.001,7.89
30/08/2026 13:14,15.375,0.001,7.89
30/08/2026 12:44,15.125,0.001,7.89
30/08/2026 12:14,15.375,0.001,7.89
30/08/2026 11:44,15.125,0.001,7.89
30/08/2026 11:14,15.125,0.001,7.89
30/08/2026 10:44,14.875,0.001,7.89
30/08/2026 10:14,15,0.001,7.89
30/08/2026 09:44,14.875,0.001,7.89
30/08/2026 09:14,15,0.001,7.89
30/08/2026 08:44,14.875,0.001,7.89
30/08/2026 08:14,15.125,0.001,7.89
30/08/2026 07:44,15.125,0.001,7.89
30/08/2026 07:14,15,0.001,7.89
30/08/2026 06:44,14.875,0.001,7.89
30/08/2026 06:14,14.75,0.001,7.89
30/08/2026 05:44,14.625,0.001,7.89
30/08/2026 05:14,14.75,0.001,7.89
30/08/2026 04:44,14.625,0.001,7.89
30/08/2026 04:14,14.625,0.001,7.89
30/08/2026 03:44,14.625,0.001,7.89
30/08/2026 03:14,14.625,0.001,7.89
30/08/2026 02:44,15.625,0.001,7.89
30/08/2026 02:14,15.625,0.001,7.89
30/08/2026 01:44,14.5,0.001,7.89
30/08/2026 01:14,13.75,0.001,7.89
30/08/2026 00:44,14.5,0.001,7.89
30/08/2026 00:14,14.5,0.001,7.89
29/08/2026 23:44,14.5,0.001,7.88
29/08/2026 23:14,14.375,0.001,7.88
29/08/2026 22:44,14.25,0.001,7.88
29/08/2026 22:14,14.375,0.001,7.88
29/08/2026 21:44,14.25,0.001,7.89
29/08/2026 21:14,15.125,0.001,7.89
29/08/2026 20:44,16.125,0.001,7.89
29/08/2026 20:14,16.375,0.001,7.89
29/08/2026 19:44,16.375,0.001,7.89
29/08/2026 19:14,16.375,0.001,7.89
29/08/2026 18:44,16.25,0.001,7.89
29/08/2026 18:14,16.5,0.001,7.89
29/08/2026 17:44,16.375,0.001,7.89
29/08/2026 17:14,16.25,0.001,7.89
29/08/2026 16:44,16.125,0.001,7.89
29/08/2026 16:14,16,0.001,7.89
29/08/2026 15:44,15.875,0.001,7.88
29/08/2026 15:14,15.75,0.001,7.88
29/08/2026 14:44,16.5,0.001,7.88
29/08/2026 14:14,16.5,0.001,7.88
29/08/2026 13:44,15.5,0.001,7.88
29/08/2026 13:14,15.375,0.001,7.88
29/08/2026 12:44,15.375,0.001,7.88
29/08/2026 12:14,15.25,0.001,7.87
29/08/2026 11:44,15.125,0.001,7.87
29/08/2026 11:14,15,0.001,7.87
29/08/2026 10:44,15.125,0.001,7.87
29/08/2026 10:14,15,0.001,7.87
29/08/2026 09:44,15,0.001,7.87
29/08/2026 09:14,15.125,0.001,7.87
29/08/2026 08:44,15.125,0.001,7.87
29/08/2026 08:14,14.875,0.001,7.87
29/08/2026 07:44,15,0.001,7.87
29/08/2026 07:14,15.125,0.001,7.87
29/08/2026 06:44,15.125,0.001,7.87
29/08/2026 06:14,15.375,0.001,7.87
29/08/2026 05:44,15.25,0.001,7.87
29/08/2026 05:14,15.375,0.001,7.87
29/08/2026 04:44,15.625,0.001,7.87
29/08/2026 04:14,15.625,0.001,7.87
29/08/2026 03:44,16.625,0.001,7.87
29/08/2026 03:14,16.625,0.001,7.87
29/08/2026 02:44,15.75,0.001,7.87
29/08/2026 02:14,16.625,0.001,7.87
29/08/2026 01:44,15.75,0.001,7.87
29/08/2026 01:14,15.875,0.001,7.87
29/08/2026 00:44,15.875,0.001,7.87
29/08/2026 00:14,15.875,0.001,7.87
28/08/2026 23:44,15.875,0.001,7.87
28/08/2026 23:14,15.875,0.001,7.87
28/08/2026 22:44,16,0.001,7.87
28/08/2026 22:14,16.125,0.001,7.87
28/08/2026 21:44,16.125,0.001,7.87
28/08/2026 21:14,16.25,0.001,7.88
28/08/2026 20:44,16.125,0.001,7.88
28/08/2026 20:14,16.125,0.001,7.88
28/08/2026 19:44,16.125,0.001,7.88
28/08/2026 19:14,16.125,0.001,7.89
28/08/2026 18:44,16.125,0.001,7.89
28/08/2026 18:14,16.25,0.001,7.9
28/08/2026 17:44,16.25,0.001,7.9
28/08/2026 17:14,16,0.001,7.9
28/08/2026 16:44,15.875,0.001,7.9
28/08/2026 16:14,15.875,0.001,7.9
28/08/2026 15:44,15.875,0.001,7.9
28/08/2026 15:14,15.75,0.001,7.9
28/08/2026 14:44,15.75,0.001,7.9
28/08/2026 14:14,15.625,0.001,7.9
28/08/2026 13:44,15.625,0.001,7.9
28/08/2026 13:14,15.5,0.001,7.9
28/08/2026 12:44,15.375,0.001,7.9
28/08/2026 12:14,15.375,0.001,7.9
28/08/2026 11:44,15.375,0.001,7.9
28/08/2026 11:14,15.375,0.001,7.9
28/08/2026 10:44,15.25,0.001,7.9
28/08/2026 10:14,15,0.001,7.9
28/08/2026 09:44,15.25,0.001,7.89
28/08/2026 09:14,15.25,0.001,7.89
28/08/2026 08:44,15.25,0.001,7.9
28/08/2026 08:14,15.375,0.001,7.9
28/08/2026 07:44,15.375,0.001,7.9
28/08/2026 07:14,15.25,0.001,7.9
28/08/2026 06:44,15.25,0.001,7.9
28/08/2026 06:14,15.5,0.001,7.9
28/08/2026 05:44,15.625,0.001,7.9
28/08/2026 05:14,15.625,0.001,7.9
28/08/2026 04:44,15.5,0.001,7.9
28/08/2026 04:14,15.625,0.001,7.9
28/08/2026 03:44,15.625,0.001,7.9
28/08/2026 03:14,15.5,0.001,7.9
28/08/2026 02:44,15.625,0.001,7.9
28/08/2026 02:14,15.75,0.001,7.9
28/08/2026 01:44,15.75,0.001,7.9
28/08/2026 01:14,15.875,0.001,7.9
28/08/2026 00:44,15.875,0.001,7.9
28/08/2026 00:14,15.875,0.001,7.9
27/08/2026 23:44,15.75,0.001,7.89
27/08/2026 23:14,15.75,0.001,7.89
27/08/2026 22:44,15.875,0.001,7.9
27/08/2026 22:14,16,0.001,7.9
27/08/2026 21:44,16.125,0.001,7.89
27/08/2026 21:14,16.125,0.001,7.9
27/08/2026 20:44,16.125,0.001,7.89
27/08/2026 20:14,16,0.001,7.89
27/08/2026 19:44,16.125,0.001,7.89
27/08/2026 19:14,16.125,0.001,7.89
27/08/2026 18:44,16.125,0.001,7.89
27/08/2026 18:14,16,0.001,7.89
27/08/2026 17:44,16.125,0.001,7.89
27/08/2026 17:14,16,0.001,7.89
27/08/2026 16:44,15.75,0.001,7.89
27/08/2026 16:14,15.75,0.001,7.88
27/08/2026 15:44,15.625,0.001,7.88
27/08/2026 15:14,14.75,0.001,7.88
27/08/2026 14:44,15.625,0.001,7.88
27/08/2026 14:14,15.5,0.001,7.88
27/08/2026 13:44,15.5,0.001,7.88
27/08/2026 13:14,15.625,0.001,7.88
27/08/2026 12:44,15.625,0.001,7.88
27/08/2026 12:14,15.625,0.001,7.88
27/08/2026 11:44,15.75,0.001,7.88
27/08/2026 11:14,15.625,0.001,7.88
27/08/2026 10:44,15.5,0.001,7.88
27/08/2026 10:14,15.375,0.001,7.87
27/08/2026 09:44,15.25,0.001,7.87
27/08/2026 09:14,15.125,0.001,7.87
27/08/2026 08:44,14.875,0.001,7.87
27/08/2026 08:14,15,0.001,7.87
27/08/2026 07:44,15,0.001,7.87
27/08/2026 07:14,14.875,0.001,7.87
27/08/2026 06:44,14.75,0.001,7.87
27/08/2026 06:14,14.875,0.001,7.87
27/08/2026 05:44,15,0.001,7.87
27/08/2026 05:14,14.875,0.001,7.86
27/08/2026 04:44,13.75,0.001,7.87
27/08/2026 04:14,14.625,0.001,7.86
27/08/2026 03:44,15.5,0.001,7.86
27/08/2026 03:14,14.625,0.001,7.86
27/08/2026 02:44,14.5,0.001,7.86
27/08/2026 02:14,14.625,0.001,7.86
27/08/2026 01:44,14.375,0.001,7.86
27/08/2026 01:14,14.25,0.001,7.86
27/08/2026 00:44,14.5,0.001,7.86
27/08/2026 00:14,14.125,0.001,7.86
26/08/2026 23:44,14.125,0.001,7.85
26/08/2026 23:14,14,0.001,7.85
26/08/2026 22:44,13.75,0.001,7.85
26/08/2026 22:14,14,0.001,7.85
26/08/2026 21:44,14.625,0.001,7.86
26/08/2026 21:14,15.125,0.001,7.86
26/08/2026 20:44,16,0.001,7.86
26/08/2026 20:14,16.5,0.001,7.87
26/08/2026 19:44,16.75,0.001,7.86
26/08/2026 19:14,16.75,0.001,7.86
26/08/2026 18:44,16.625,0.001,7.86
26/08/2026 18:14,16.75,0.001,7.86
26/08/2026 17:44,16.625,0.001,7.85
26/08/2026 17:14,16.625,0.001,7.85
26/08/2026 16:44,16.5,0.001,7.85
26/08/2026 16:14,16.375,0.001,7.84
26/08/2026 15:44,16.25,0.001,7.84
26/08/2026 15:14,16.25,0.001,7.84
26/08/2026 14:44,16.125,0.001,7.84
26/08/2026 14:14,16.125,0.001,7.84
26/08/2026 13:44,16,0.001,7.83
26/08/2026 13:14,15.75,0.001,7.84
26/08/2026 12:44,15.75,0.001,7.84
26/08/2026 12:14,16.625,0.001,7.85
26/08/2026 11:44,15.625,0.001,7.85
26/08/2026 11:14,15.5,0.001,7.86
26/08/2026 10:44,15.375,0.001,7.86
26/08/2026 10:14,15.25,0.001,7.87
26/08/2026 09:44,15,0.001,7.87
26/08/2026 09:14,14.875,0.001,7.86
26/08/2026 08:44,15,0.001,7.86
26/08/2026 08:14,15,0.001,7.86
26/08/2026 07:44,14.875,0.001,7.86
26/08/2026 07:14,14.875,0.001,7.86
26/08/2026 06:44,15,0.001,7.86
26/08/2026 06:14,14.75,0.001,7.86
26/08/2026 05:44,15.625,0.001,7.86
26/08/2026 05:14,13.75,0.001,7.85
26/08/2026 04:44,14.625,0.001,7.85
26/08/2026 04:14,15.625,0.001,7.85
26/08/2026 03:44,14.75,0.001,7.85
26/08/2026 03:14,15.625,0.001,7.85
26/08/2026 02:44,14.625,0.001,7.85
26/08/2026 02:14,14.375,0.001,7.85
26/08/2026 01:44,14.5,0.001,7.84
26/08/2026 01:14,14.375,0.001,7.84
26/08/2026 00:44,14.375,0.001,7.84
26/08/2026 00:14,14.125,0.001,7.84
25/08/2026 23:44,14,0.001,7.84
25/08/2026 23:14,13.75,0.001,7.84
25/08/2026 22:44,14.625,0.001,7.84
25/08/2026 22:14,13.875,0.001,7.84
25/08/2026 21:44,14.375,0.001,7.84
25/08/2026 21:14,15.125,0.001,7.84
25/08/2026 20:44,15.875,0.001,7.85
25/08/2026 20:14,16.625,0.001,7.85
25/08/2026 19:44,16.75,0.001,7.85
25/08/2026 19:14,16.875,0.001,7.85
25/08/2026 18:44,16.75,0.001,7.84
25/08/2026 18:14,16.75,0.001,7.84
25/08/2026 17:44,16.75,0.001,7.84
25/08/2026 17:14,16.625,0.001,7.84
25/08/2026 16:44,16.625,0.001,7.83
25/08/2026 16:14,16.375,0.001,7.83
25/08/2026 15:44,16.25,0.001,7.83
25/08/2026 15:14,16.125,0.001,7.84
25/08/2026 14:44,16.125,0.001,7.84
25/08/2026 14:14,16,0.001,7.84
25/08/2026 13:44,16,0.001,7.85
25/08/2026 13:14,15.75,0.001,7.85
25/08/2026 12:44,15.875,0.001,7.85
25/08/2026 12:14,15.625,0.001,7.85
25/08/2026 11:44,14.75,0.001,7.85
25/08/2026 11:14,15.625,0.001,7.85
25/08/2026 10:44,15.375,0.001,7.85
25/08/2026 10:14,15.625,0.001,7.86
25/08/2026 09:44,15.25,0.001,7.86
25/08/2026 09:14,15.375,0.001,7.86
25/08/2026 08:44,15.25,0.001,7.86
25/08/2026 08:14,15.25,0.001,7.86
25/08/2026 07:44,15,0.001,7.86
25/08/2026 07:14,15,0.001,7.86
25/08/2026 06:44,15,0.001,7.86
25/08/2026 06:14,15,0.001,7.85
25/08/2026 05:44,15.125,0.001,7.85
25/08/2026 05:14,15.25,0.001,7.85
25/08/2026 04:44,15.125,0.001,7.85
25/08/2026 04:14,15.125,0.001,7.85
25/08/2026 03:44,15,0.001,7.85
25/08/2026 03:14,15.125,0.001,7.85
25/08/2026 02:44,15.125,0.001,7.85
25/08/2026 02:14,14.875,0.001,7.85
25/08/2026 01:44,14.875,0.001,7.85
25/08/2026 01:14,14.875,0.001,7.85
25/08/2026 00:44,13.75,0.001,7.84
25/08/2026 00:14,14.625,0.001,7.84
24/08/2026 23:44,14.625,0.001,7.84
24/08/2026 23:14,14.5,0.001,7.84
24/08/2026 22:44,14.25,0.001,7.84
24/08/2026 22:14,14.125,0.001,7.84
24/08/2026 21:44,14.375,0.001,7.84
24/08/2026 21:14,15,0.001,7.84
24/08/2026 20:44,15.875,0.001,7.85
24/08/2026 20:14,16.625,0.001,7.85
24/08/2026 19:44,16.875,0.001,7.85
24/08/2026 19:14,16.75,0.001,7.85
24/08/2026 18:44,16.75,0.001,7.85
24/08/2026 18:14,16.75,0.002,7.84
24/08/2026 17:44,16.625,0.001,7.84
24/08/2026 17:14,16.5,0.001,7.84
24/08/2026 16:44,16.5,0.001,7.84
24/08/2026 16:14,16.375,0.001,7.84
24/08/2026 15:44,16.125,0.001,7.84
24/08/2026 15:14,16.125,0.001,7.84
24/08/2026 14:44,16,0.001,7.85
24/08/2026 14:14,15.875,0.001,7.85
24/08/2026 13:44,15.75,0.001,7.86
24/08/2026 13:14,14.75,0.001,7.86
24/08/2026 12:44,15.5,0.001,7.87
24/08/2026 12:14,15.625,0.001,7.87
24/08/2026 11:44,15.5,0.001,7.87
24/08/2026 11:14,15.5,0.001,7.87
24/08/2026 10:44,15.375,0.001,7.87
24/08/2026 10:14,15.25,0.001,7.87
24/08/2026 09:44,15.125,0.001,7.87
24/08/2026 09:14,15,0.001,7.87
24/08/2026 08:44,14.875,0.001,7.87
24/08/2026 08:14,14.875,0.001,7.87
24/08/2026 07:44,14.75,0.001,7.87
24/08/2026 07:14,15,0.001,7.87
24/08/2026 06:44,14.875,0.001,7.87
24/08/2026 06:14,14.875,0.001,7.87
24/08/2026 05:44,14.875,0.001,7.87
24/08/2026 05:14,15.625,0.001,7.87
24/08/2026 04:44,14.625,0.001,7.87
24/08/2026 04:14,15.625,0.001,7.87
24/08/2026 03:44,14.75,0.001,7.87
24/08/2026 03:14,14.5,0.001,7.87
24/08/2026 02:44,14.625,0.001,7.87
24/08/2026 02:14,14.5,0.001,7.87
24/08/2026 01:44,14.5,0.001,7.87
24/08/2026 01:14,14.5,0.001,7.87
24/08/2026 00:44,14.25,0.001,7.87
24/08/2026 00:14,14.125,0.001,7.87
23/08/2026 23:44,14,0.001,7.87
23/08/2026 23:14,14,0.001,7.87
23/08/2026 22:44,13.75,0.001,7.87
23/08/2026 22:14,13.625,0.001,7.87
23/08/2026 21:44,14,0.001,7.87
23/08/2026 21:14,15.625,0.001,7.87
23/08/2026 20:44,16.625,0.001,7.88
23/08/2026 20:14,16.25,0.001,7.88
23/08/2026 19:44,16.5,0.001,7.88
23/08/2026 19:14,16.5,0.001,7.88
23/08/2026 18:44,16.5,0.001,7.88
23/08/2026 18:14,16.625,0.001,7.88
23/08/2026 17:44,16.5,0.001,7.88
23/08/2026 17:14,16.375,0.001,7.87
23/08/2026 16:44,16.375,0.001,7.87
23/08/2026 16:14,16.25,0.001,7.87
23/08/2026 15:44,16.125,0.001,7.87
23/08/2026 15:14,16.125,0.001,7.87
23/08/2026 14:44,15.875,0.001,7.87
23/08/2026 14:14,15.875,0.001,7.87
23/08/2026 13:44,16.625,0.001,7.87
23/08/2026 13:14,15.75,0.001,7.86
23/08/2026 12:44,15.5,0.001,7.86
23/08/2026 12:14,15.625,0.001,7.86
23/08/2026 11:44,15.375,0.001,7.86
23/08/2026 11:14,15.25,0.001,7.86
23/08/2026 10:44,15.375,0.001,7.86
23/08/2026 10:14,15.375,0.001,7.86
23/08/2026 09:44,15,0.001,7.86
23/08/2026 09:14,15.25,0.001,7.86
23/08/2026 08:44,15,0.001,7.86
23/08/2026 08:14,15.25,0.001,7.86
23/08/2026 07:44,15.25,0.001,7.86
23/08/2026 07:14,15.125,0.001,7.86
23/08/2026 06:44,15.25,0.001,7.86
23/08/2026 06:14,15.125,0.001,7.86
23/08/2026 05:44,15.125,0.001,7.86
23/08/2026 05:14,15.25,0.001,7.86
23/08/2026 04:44,15.25,0.001,7.86
23/08/2026 04:14,15.125,0.001,7.85
23/08/2026 03:44,15.125,0.001,7.85
23/08/2026 03:14,15.125,0.001,7.85
23/08/2026 02:44,15,0.001,7.85
23/08/2026 02:14,15.125,0.001,7.85
23/08/2026 01:44,15,0.001,7.85
23/08/2026 01:14,14.75,0.001,7.85
23/08/2026 00:44,15.625,0.001,7.85
23/08/2026 00:14,14.875,0.001,7.84
22/08/2026 23:44,14.875,0.001,7.84
22/08/2026 23:14,14.625,0.001,7.84
22/08/2026 22:44,14.5,0.001,7.84
22/08/2026 22:14,14.375,0.001,7.84
22/08/2026 21:44,14.375,0.001,7.84
22/08/2026 21:14,15.125,0.001,7.84
22/08/2026 20:44,15.75,0.001,7.85
22/08/2026 20:14,16.625,0.001,7.85
22/08/2026 19:44,16.875,0.001,7.85
22/08/2026 19:14,16.75,0.001,7.85
22/08/2026 18:44,16.75,0.001,7.85
22/08/2026 18:14,16.875,0.001,7.84
22/08/2026 17:44,16.75,0.001,7.84
22/08/2026 17:14,16.75,0.001,7.84
22/08/2026 16:44,16.5,0.001,7.84
22/08/2026 16:14,16.375,0.001,7.83
22/08/2026 15:44,16.25,0.001,7.83
22/08/2026 15:14,16.125,0.001,7.83
22/08/2026 14:44,16.125,0.001,7.83
22/08/2026 14:14,16,0.001,7.82
22/08/2026 13:44,16,0.001,7.82
22/08/2026 13:14,15.875,0.001,7.82
22/08/2026 12:44,15.75,0.002,7.81
22/08/2026 12:14,14.75,0.001,7.81
22/08/2026 11:44,15.625,0.001,7.81
22/08/2026 11:14,15.625,0.001,7.81
22/08/2026 10:44,15.375,0.001,7.81
22/08/2026 10:14,15.5,0.001,7.8
22/08/2026 09:44,15.25,0.001,7.8
22/08/2026 09:14,15.25,0.001,7.8
22/08/2026 08:44,15.25,0.001,7.8
22/08/2026 08:14,15.125,0.001,7.79
22/08/2026 07:44,15,0.001,7.79
22/08/2026 07:14,15.125,0.001,7.79
22/08/2026 06:44,15.125,0.001,7.79
22/08/2026 06:14,15.125,0.001,7.78
22/08/2026 05:44,15,0.001,7.78
22/08/2026 05:14,15.125,0.001,7.78
22/08/2026 04:44,15,0.001,7.78
22/08/2026 04:14,15,0.001,7.77
22/08/2026 03:44,14.875,0.001,7.77
22/08/2026 03:14,14.875,0.001,7.77
22/08/2026 02:44,14.875,0.001,7.76
22/08/2026 02:14,15,0.001,7.76
22/08/2026 01:44,13.875,0.001,7.76
22/08/2026 01:14,14.75,0.001,7.75
22/08/2026 00:44,14.625,0.001,7.75
22/08/2026 00:14,14.5,0.001,7.75
21/08/2026 23:44,14.5,0.001,7.74
21/08/2026 23:14,14.25,0.001,7.74
21/08/2026 22:44,14,0.001,7.73
21/08/2026 22:14,14.25,0.001,7.73
21/08/2026 21:44,14.875,0.001,7.73
21/08/2026 21:14,15.625,0.001,7.73
21/08/2026 20:44,16.375,0.001,7.74
21/08/2026 20:14,17.125,0.001,7.74
21/08/2026 19:44,17.375,0.001,7.73
21/08/2026 19:14,17.25,0.002,7.73
21/08/2026 18:44,17.375,0.001,7.73
21/08/2026 18:14,17.375,0.002,7.73
21/08/2026 17:44,17.25,0.002,7.72
21/08/2026 17:14,17.125,0.001,7.72
21/08/2026 16:44,17,0.001,7.72
21/08/2026 16:14,16.875,0.001,7.72
21/08/2026 15:44,15.75,0.001,7.73
21/08/2026 15:14,16.625,0.001,7.74
21/08/2026 14:44,16.5,0.001,7.75
21/08/2026 14:14,16.375,0.001,7.75
21/08/2026 13:44,16.375,0.001,7.76
21/08/2026 13:14,16.25,0.001,7.77
21/08/2026 12:44,16.25,0.001,7.77
21/08/2026 12:14,16.125,0.001,7.79
21/08/2026 11:44,16.125,0.001,7.8
21/08/2026 11:14,16.125,0.001,7.82
21/08/2026 10:44,16,0.001,7.83
21/08/2026 10:14,15.875,0.001,7.84
21/08/2026 09:44,14.875,0.001,7.85
21/08/2026 09:14,16.625,0.001,7.84
21/08/2026 08:44,15.625,0.001,7.85
21/08/2026 08:14,15.625,0.001,7.84
21/08/2026 08:10,14.75,0.001,7.84
21/08/2026 07:14,15.625,0.001,7.84
21/08/2026 06:44,15.625,0.001,7.84
21/08/2026 06:14,14.75,0.001,7.84
21/08/2026 05:44,15.5,0.001,7.84
21/08/2026 05:14,15.5,0.001,7.84
21/08/2026 04:44,15.625,0.001,7.84
21/08/2026 04:14,15.5,0.001,7.84
21/08/2026 03:44,14.75,0.001,7.83
21/08/2026 03:14,15.5,0.001,7.83
21/08/2026 02:44,15.5,0.001,7.83
21/08/2026 02:14,15.5,0.001,7.83
21/08/2026 01:44,15.5,0.001,7.83
21/08/2026 01:14,15.25,0.001,7.83
21/08/2026 00:44,15.125,0.001,7.83
21/08/2026 00:14,15.125,0.001,7.83
20/08/2026 23:44,14.875,0.001,7.82
20/08/2026 23:14,15.625,0.001,7.82
20/08/2026 22:44,14.5,0.001,7.82
20/08/2026 22:14,14.875,0.001,7.82
20/08/2026 21:44,15.25,0.001,7.82
20/08/2026 21:14,15.875,0.001,7.83
20/08/2026 20:44,16.625,0.001,7.83
20/08/2026 20:14,17.5,0.001,7.83
20/08/2026 19:44,17.625,0.001,7.83
20/08/2026 19:14,17.5,0.001,7.83
20/08/2026 18:44,17.625,0.001,7.83
20/08/2026 18:14,17.5,0.001,7.84
20/08/2026 17:44,17.5,0.001,7.84
20/08/2026 17:14,17.375,0.001,7.84
20/08/2026 16:44,17.25,0.001,7.84
20/08/2026 16:14,17.125,0.001,7.84
20/08/2026 15:44,17.125,0.001,7.84
20/08/2026 15:14,16.875,0.001,7.84
20/08/2026 14:44,16.75,0.001,7.83
20/08/2026 14:14,16.75,0.001,7.83
20/08/2026 13:44,16.625,0.001,7.83
20/08/2026 13:14,16.5,0.001,7.83
20/08/2026 12:44,16.5,0.001,7.83
20/08/2026 12:14,16.5,0.001,7.82
20/08/2026 11:44,16.375,0.001,7.82
20/08/2026 11:14,16.25,0.001,7.83
20/08/2026 10:44,16.125,0.001,7.83
20/08/2026 10:14,15.875,0.001,7.83
20/08/2026 09:44,15.75,0.001,7.84
20/08/2026 09:14,15.625,0.001,7.84
20/08/2026 08:44,16.625,0.001,7.84
20/08/2026 08:14,15.5,0.001,7.84
20/08/2026 07:44,15.625,0.001,7.84
20/08/2026 07:14,15.625,0.001,7.84
20/08/2026 06:44,15.5,0.001,7.83
20/08/2026 06:14,15.5,0.001,7.83
20/08/2026 05:44,15.375,0.001,7.83
20/08/2026 05:14,15.25,0.001,7.83
20/08/2026 04:44,15.375,0.001,7.83
20/08/2026 04:14,15.375,0.001,7.83
20/08/2026 03:44,15.375,0.001,7.82
20/08/2026 03:14,15.25,0.001,7.82
20/08/2026 02:44,15,0.001,7.82
20/08/2026 02:14,15,0.001,7.82
20/08/2026 01:44,14.75,0.001,7.82
20/08/2026 01:14,14.5,0.001,7.81
20/08/2026 00:44,14.625,0.001,7.81
20/08/2026 00:14,14.5,0.001,7.81
19/08/2026 23:44,14.25,0.001,7.81
19/08/2026 23:14,14.25,0.001,7.81
19/08/2026 22:44,14.125,0.001,7.8
19/08/2026 22:14,14,0.001,7.8
19/08/2026 21:44,14.875,0.001,7.81
19/08/2026 21:14,15.625,0.001,7.81
19/08/2026 20:44,16.375,0.001,7.81
19/08/2026 20:14,17.125,0.001,7.81
19/08/2026 19:44,17.25,0.001,7.81
19/08/2026 19:14,17.375,0.001,7.81
19/08/2026 18:44,17.375,0.001,7.8
19/08/2026 18:14,17.125,0.001,7.8
19/08/2026 17:44,17.125,0.001,7.8
19/08/2026 17:14,17,0.001,7.8
19/08/2026 16:44,17,0.001,7.79
19/08/2026 16:14,16.75,0.001,7.79
19/08/2026 15:44,16.625,0.001,7.79
19/08/2026 15:14,16.5,0.001,7.79
19/08/2026 14:44,16.5,0.001,7.79
19/08/2026 14:14,16.375,0.001,7.78
19/08/2026 13:44,16.25,0.001,7.78
19/08/2026 13:14,16.375,0.001,7.78
19/08/2026 12:44,16.25,0.001,7.78
19/08/2026 12:14,16.125,0.001,7.77
19/08/2026 11:44,16,0.001,7.77
19/08/2026 11:14,16,0.001,7.77
19/08/2026 10:44,15.75,0.001,7.78
19/08/2026 10:14,15.75,0.001,7.79
19/08/2026 09:44,15.75,0.001,7.8
19/08/2026 09:14,15.625,0.001,7.8
19/08/2026 08:44,15.375,0.001,7.79
19/08/2026 08:14,15.625,0.001,7.8
19/08/2026 07:44,15.5,0.001,7.79
19/08/2026 07:14,15.25,0.001,7.79
19/08/2026 06:44,15.375,0.001,7.79
19/08/2026 06:14,15.625,0.001,7.78
19/08/2026 05:44,15.375,0.001,7.78
19/08/2026 05:14,15.375,0.001,7.78
19/08/2026 04:44,15.375,0.001,7.78
19/08/2026 04:14,15.25,0.001,7.77
19/08/2026 03:44,15,0.001,7.77
19/08/2026 03:14,15.125,0.001,7.77
19/08/2026 02:44,15,0.001,7.76
19/08/2026 02:14,14.75,0.001,7.76
19/08/2026 01:44,14.875,0.001,7.76
19/08/2026 01:14,14.625,0.001,7.75
19/08/2026 00:44,14.625,0.001,7.75
19/08/2026 00:14,14.5,0.001,7.75
18/08/2026 23:44,14.375,0.001,7.74
18/08/2026 23:14,14.375,0.001,7.74
18/08/2026 22:44,14,0.001,7.74
18/08/2026 22:14,14.375,0.001,7.73
18/08/2026 21:44,15,0.001,7.73
18/08/2026 21:14,15.875,0.001,7.74
18/08/2026 20:44,16.5,0.001,7.74
18/08/2026 20:14,17.375,0.001,7.74
18/08/2026 19:44,17.375,0.001,7.73
18/08/2026 19:14,17.375,0.001,7.73
18/08/2026 18:44,17.375,0.001,7.73
18/08/2026 18:14,17.375,0.001,7.72
18/08/2026 17:44,17.375,0.001,7.72
18/08/2026 17:14,17.125,0.001,7.71
18/08/2026 16:44,17,0.001,7.71
18/08/2026 16:14,16.875,0.001,7.71
18/08/2026 15:44,16.75,0.001,7.72
18/08/2026 15:14,16.625,0.001,7.72
18/08/2026 14:44,16.625,0.001,7.73
18/08/2026 14:14,16.375,0.001,7.74
18/08/2026 13:44,16.375,0.001,7.76
18/08/2026 13:14,16.125,0.001,7.78
18/08/2026 12:44,16.125,0.001,7.81
18/08/2026 12:14,16.125,0.001,7.82
18/08/2026 11:44,15.875,0.001,7.83
18/08/2026 11:14,15.875,0.001,7.83
18/08/2026 10:44,15.875,0.001,7.83
18/08/2026 10:14,14.75,0.001,7.82
18/08/2026 09:44,15.5,0.001,7.82
18/08/2026 09:14,15.5,0.001,7.82
18/08/2026 08:44,15.25,0.001,7.82
18/08/2026 08:14,15.375,0.001,7.81
18/08/2026 07:44,15,0.001,7.81
18/08/2026 07:14,15,0.001,7.81
18/08/2026 06:44,14.875,0.001,7.81
18/08/2026 06:14,14.875,0.001,7.81
18/08/2026 05:44,14.75,0.001,7.81
18/08/2026 05:14,15,0.001,7.81
18/08/2026 04:44,14.75,0.001,7.8
18/08/2026 04:14,14.75,0.001,7.8
18/08/2026 03:44,14.5,0.001,7.8
18/08/2026 03:14,14.5,0.001,7.8
18/08/2026 02:44,14.375,0.001,7.8
18/08/2026 02:14,14.375,0.001,7.8
18/08/2026 01:44,14.375,0.001,7.79
18/08/2026 01:14,14.25,0.001,7.79
18/08/2026 00:44,14.125,0.001,7.79
18/08/2026 00:14,14,0.001,7.79
17/08/2026 23:44,13.875,0.001,7.79
17/08/2026 23:14,12.75,0.001,7.78
17/08/2026 22:44,13.625,0.001,7.78
17/08/2026 22:14,13.75,0.001,7.78
17/08/2026 21:44,14.375,0.001,7.78
17/08/2026 21:14,15,0.001,7.79
17/08/2026 20:44,15.875,0.001,7.79
17/08/2026 20:14,16.75,0.001,7.79
17/08/2026 19:44,16.875,0.001,7.79
17/08/2026 19:14,17,0.001,7.79
17/08/2026 18:44,16.875,0.001,7.79
17/08/2026 18:14,16.75,0.001,7.79
17/08/2026 17:44,16.875,0.001,7.79
17/08/2026 17:14,16.75,0.001,7.79
17/08/2026 16:44,16.625,0.001,7.79
17/08/2026 16:14,16.5,0.001,7.79
17/08/2026 15:44,16.375,0.001,7.8
17/08/2026 15:14,16.375,0.001,7.8
17/08/2026 14:44,16.25,0.001,7.81
17/08/2026 14:14,16.125,0.001,7.82
17/08/2026 13:44,16.125,0.001,7.83
17/08/2026 13:14,16,0.001,7.85
17/08/2026 12:44,15.875,0.001,7.87
17/08/2026 12:14,15.875,0.001,7.88
17/08/2026 12:02,15.25,0.001,7.88
17/08/2026 11:44,15.75,0.001,7.88
17/08/2026 11:14,16.625,0.001,7.88
17/08/2026 10:44,14.75,0.001,7.88
17/08/2026 10:14,15.75,0.001,7.88
17/08/2026 09:44,15.5,0.001,7.88
17/08/2026 09:14,15.5,0.001,7.88
17/08/2026 08:44,15.125,0.001,7.88
17/08/2026 08:14,15.25,0.001,7.88
17/08/2026 07:44,15.25,0.001,7.88
17/08/2026 07:14,15.375,0.001,7.88
17/08/2026 06:44,15,0.001,7.88
17/08/2026 06:14,15,0.001,7.88
17/08/2026 05:44,15,0.001,7.89
17/08/2026 05:14,15.125,0.001,7.89
17/08/2026 04:44,14.75,0.001,7.88
17/08/2026 04:14,14.75,0.001,7.88
17/08/2026 03:44,14.75,0.001,7.88
17/08/2026 03:14,14.75,0.001,7.88
17/08/2026 02:44,14.625,0.001,7.88
17/08/2026 02:14,14.625,0.001,7.88
17/08/2026 01:44,13.75,0.001,7.88
17/08/2026 01:14,14.375,0.001,7.88
17/08/2026 00:44,14.375,0.001,7.88
17/08/2026 00:14,14.25,0.001,7.88
16/08/2026 23:44,14,0.001,7.88
16/08/2026 23:14,13.875,0.001,7.88
16/08/2026 22:44,13.875,0.001,7.88
16/08/2026 22:14,14,0.001,7.89
16/08/2026 21:44,14.5,0.001,7.89
16/08/2026 21:14,15.125,0.001,7.9
16/08/2026 20:44,16,0.001,7.9
16/08/2026 20:14,16.875,0.001,7.9
16/08/2026 19:44,16.875,0.001,7.9
16/08/2026 19:14,17,0.001,7.89
16/08/2026 18:44,17,0.001,7.89
16/08/2026 18:14,17,0.002,7.89
16/08/2026 17:44,16.875,0.001,7.89
16/08/2026 17:14,16.875,0.001,7.89
16/08/2026 16:44,16.75,0.001,7.89
16/08/2026 16:14,16.625,0.001,7.89
16/08/2026 15:44,16.5,0.001,7.89
16/08/2026 15:14,16.5,0.001,7.89
16/08/2026 14:44,16.375,0.001,7.89
16/08/2026 14:14,16.375,0.001,7.89
16/08/2026 13:44,16.25,0.001,7.88
16/08/2026 13:14,16.25,0.001,7.88
16/08/2026 12:44,16,0.001,7.88
16/08/2026 12:14,16,0.001,7.88
16/08/2026 11:44,16,0.001,7.88
16/08/2026 11:14,15.875,0.001,7.88
16/08/2026 10:44,15.875,0.001,7.88
16/08/2026 10:14,14.75,0.001,7.87
16/08/2026 09:44,15.625,0.001,7.87
16/08/2026 09:14,15.625,0.001,7.87
16/08/2026 08:44,15.5,0.001,7.87
16/08/2026 08:14,15.5,0.001,7.87
16/08/2026 07:44,15.375,0.001,7.87
16/08/2026 07:14,15.375,0.001,7.88
16/08/2026 06:44,15.25,0.001,7.87
16/08/2026 06:14,15.25,0.001,7.87
16/08/2026 05:44,15.375,0.001,7.87
16/08/2026 05:14,15.25,0.001,7.87
16/08/2026 04:44,15.25,0.001,7.87
16/08/2026 04:14,15.125,0.001,7.87
16/08/2026 03:44,15.125,0.001,7.87
16/08/2026 03:14,15,0.001,7.87
16/08/2026 02:44,14.75,0.001,7.87
16/08/2026 02:14,15,0.001,7.86
16/08/2026 01:44,13.75,0.001,7.87
16/08/2026 01:14,14.625,0.001,7.86
16/08/2026 00:44,14.75,0.001,7.86
16/08/2026 00:14,14.375,0.001,7.86
15/08/2026 23:44,14.375,0.001,7.86
15/08/2026 23:14,14.25,0.001,7.86
15/08/2026 22:44,14.125,0.001,7.86
15/08/2026 22:14,14,0.001,7.86
15/08/2026 21:44,14.5,0.001,7.86
15/08/2026 21:14,15,0.001,7.86
15/08/2026 20:44,15.875,0.001,7.86
15/08/2026 20:14,16.625,0.001,7.86
15/08/2026 19:44,16.875,0.001,7.85
15/08/2026 19:14,16.875,0.001,7.85
15/08/2026 18:44,16.875,0.001,7.85
15/08/2026 18:14,16.75,0.001,7.85
15/08/2026 17:44,16.875,0.001,7.85
15/08/2026 17:14,17.625,0.001,7.85
15/08/2026 16:44,16.5,0.001,7.85
15/08/2026 16:14,16.5,0.001,7.85
15/08/2026 15:44,16.375,0.001,7.84
15/08/2026 15:14,16.25,0.001,7.84
15/08/2026 14:44,16.25,0.001,7.84
15/08/2026 14:14,16.125,0.001,7.84
15/08/2026 13:44,16.125,0.001,7.84
15/08/2026 13:44,16.125,0.001,7.84
15/08/2026 13:14,16,0.001,7.84
15/08/2026 12:44,15.75,0.001,7.84
15/08/2026 12:14,16,0.001,7.83
15/08/2026 11:44,15.75,0.001,7.84
15/08/2026 11:14,15.75,0.001,7.84
15/08/2026 10:44,16.625,0.001,7.84
15/08/2026 10:14,15.625,0.001,7.84
15/08/2026 09:44,15.5,0.001,7.84
15/08/2026 09:14,14.75,0.001,7.84
15/08/2026 08:44,15.5,0.001,7.84
15/08/2026 08:14,15.5,0.001,7.84
15/08/2026 07:44,15.5,0.001,7.84
15/08/2026 07:14,15.5,0.001,7.84
15/08/2026 06:44,15.5,0.001,7.84
15/08/2026 06:14,15.5,0.001,7.84
15/08/2026 05:44,15.375,0.001,7.84
15/08/2026 05:14,15.375,0.001,7.84
15/08/2026 04:44,15.25,0.001,7.84
15/08/2026 04:14,15.25,0.001,7.84
15/08/2026 03:44,15.25,0.001,7.84
15/08/2026 03:14,15.25,0.001,7.84
15/08/2026 02:44,15.125,0.001,7.84
15/08/2026 02:44,15.125,0.001,7.84
15/08/2026 02:14,15,0.001,7.84
15/08/2026 01:44,14.75,0.001,7.84
15/08/2026 01:14,13.875,0.001,7.84
15/08/2026 00:44,15.625,0.001,7.84
15/08/2026 00:14,14.375,0.001,7.84
14/08/2026 23:44,14.25,0.001,7.84
14/08/2026 23:44,14.25,0.001,7.84
14/08/2026 23:14,14.125,0.001,7.84
14/08/2026 22:44,14,0.001,7.84
14/08/2026 22:14,14.125,0.001,7.84
14/08/2026 21:44,14.875,0.001,7.85
14/08/2026 21:14,14.75,0.001,7.85
14/08/2026 20:44,16.25,0.001,7.85
14/08/2026 20:14,17.125,0.001,7.85
14/08/2026 19:44,17.125,0.001,7.86
14/08/2026 19:14,17.125,0.001,7.86
14/08/2026 18:44,17.125,0.001,7.86
14/08/2026 18:14,17.125,0.001,7.87
14/08/2026 17:44,17.125,0.001,7.87
14/08/2026 17:14,17,0.001,7.87
14/08/2026 16:44,16.875,0.001,7.87
14/08/2026 16:14,16.75,0.001,7.87
14/08/2026 15:44,16.5,0.001,7.87
14/08/2026 15:14,16.5,0.001,7.87
14/08/2026 14:44,16.5,0.001,7.88
14/08/2026 14:14,16.375,0.001,7.88
14/08/2026 14:14,16.375,0.001,7.88
14/08/2026 13:44,16.375,0.001,7.88
14/08/2026 13:14,16.25,0.001,7.88
14/08/2026 12:44,16.25,0.001,7.89
14/08/2026 12:14,16,0.001,7.89
14/08/2026 11:44,16.125,0.001,7.89
14/08/2026 11:14,15.875,0.001,7.89
14/08/2026 10:44,15.875,0.001,7.88
14/08/2026 10:14,15.75,0.001,7.88
14/08/2026 09:44,15.875,0.001,7.87
14/08/2026 09:14,14.75,0.001,7.88
14/08/2026 08:44,15.625,0.001,7.88
14/08/2026 08:14,15.625,0.001,7.88
14/08/2026 07:44,15.625,0.001,7.88
14/08/2026 07:14,15.625,0.001,7.88
14/08/2026 06:44,15.5,0.001,7.88
14/08/2026 06:44,15.5,0.001,7.88
14/08/2026 06:14,15.625,0.001,7.88
14/08/2026 05:44,15.375,0.001,7.89
14/08/2026 05:14,15.5,0.001,7.9
14/08/2026 04:44,15.5,0.001,7.91
14/08/2026 04:14,15.625,0.001,7.91
14/08/2026 03:44,15.375,0.001,7.91
14/08/2026 03:14,15.375,0.001,7.9
14/08/2026 02:44,15.375,0.001,7.9
14/08/2026 02:14,15.25,0.001,7.9
14/08/2026 01:44,14.875,0.001,7.9
14/08/2026 01:14,14.875,0.001,7.9
14/08/2026 00:44,14.75,0.001,7.9
14/08/2026 00:14,13.75,0.001,7.9
13/08/2026 23:44,14.5,0.001,7.89
13/08/2026 23:14,14.5,0.001,7.88
13/08/2026 22:44,14.375,0.001,7.87
13/08/2026 22:14,13.75,0.001,7.88
13/08/2026 21:44,15.375,0.001,7.9
13/08/2026 21:44,15.375,0.001,7.9
13/08/2026 21:14,16.125,0.001,7.91
13/08/2026 20:44,16.875,0.001,7.92
13/08/2026 20:14,18.625,0.001,7.91
13/08/2026 19:44,17.875,0.001,7.91
13/08/2026 19:14,18.125,0.001,7.91
13/08/2026 18:44,17.875,0.001,7.9
13/08/2026 18:14,17.75,0.001,7.89
13/08/2026 17:44,18,0.001,7.87
13/08/2026 17:14,17.75,0.001,7.85
13/08/2026 16:44,16.75,0.001,7.82
13/08/2026 16:14,18.625,0.001,7.78
13/08/2026 15:44,17.375,0.002,7.72
13/08/2026 15:14,17.25,0.002,7.64
13/08/2026 14:44,17.5,0.002,7.51
13/08/2026 14:14,17.375,0.002,7.31
13/08/2026 13:44,17.375,0.002,7.07
13/08/2026 13:14,17.25,0.002,6.9
13/08/2026 13:14,17.25,0.002,7.16
13/08/2026 07:44,15.375,0.003,7.87
13/08/2026 07:14,15.25,0.003,7.87
13/08/2026 06:44,15.25,0.003,7.87
13/08/2026 06:14,15.5,0.003,7.87
13/08/2026 05:44,15.375,0.003,7.86
13/08/2026 05:14,15.25,0.003,7.86
13/08/2026 04:44,15.25,0.003,7.86
13/08/2026 04:14,15.25,0.003,7.86
13/08/2026 03:44,15.25,0.003,7.86
13/08/2026 03:14,15.125,0.003,7.86
13/08/2026 02:44,15,0.003,7.86
13/08/2026 02:44,15,0.003,7.86
13/08/2026 02:14,14.875,0.003,7.86
13/08/2026 01:44,14.875,0.003,7.86
13/08/2026 01:14,13.75,0.003,7.85
13/08/2026 00:44,14.5,0.003,7.85
13/08/2026 00:14,14.375,0.003,7.85
13/08/2026 00:14,14.375,0.003,7.85
12/08/2026 23:44,14.25,0.003,7.85
12/08/2026 23:14,14.125,0.003,7.85
12/08/2026 22:44,14,0.003,7.85
12/08/2026 22:14,14.125,0.003,7.85
12/08/2026 21:44,14.625,0.003,7.85
12/08/2026 21:14,15.25,0.003,7.86
12/08/2026 20:44,16.125,0.003,7.86
12/08/2026 20:14,16.75,0.003,7.86
12/08/2026 19:44,17.125,0.003,7.86
12/08/2026 19:44,17.125,0.003,7.86
12/08/2026 19:14,17.125,0.003,7.86
12/08/2026 18:44,16.875,0.003,7.86
12/08/2026 18:14,16.875,0.003,7.86
12/08/2026 17:44,16.75,0.003,7.86
12/08/2026 17:14,17.625,0.003,7.85
12/08/2026 16:44,16.5,0.003,7.85
12/08/2026 16:14,16.375,0.003,7.85
12/08/2026 15:44,16.25,0.003,7.85
12/08/2026 15:14,16.25,0.003,7.84
12/08/2026 14:44,16.125,0.003,7.84
12/08/2026 14:14,15.875,0.003,7.83
12/08/2026 13:44,14.75,0.003,7.83
12/08/2026 13:14,14.75,0.003,7.83
12/08/2026 12:44,15.625,0.003,7.83
12/08/2026 12:14,15.375,0.003,7.83
12/08/2026 11:44,15.25,0.003,7.83
12/08/2026 11:14,15,0.003,7.83
12/08/2026 10:44,15.125,0.003,7.83
12/08/2026 10:14,15.125,0.003,7.83
12/08/2026 09:44,15,0.003,7.83
12/08/2026 09:14,14.875,0.003,7.83
12/08/2026 08:44,15,0.003,7.83
12/08/2026 08:14,14.75,0.003,7.83
12/08/2026 07:44,14.875,0.003,7.83
12/08/2026 07:14,14.875,0.003,7.83
12/08/2026 06:44,14.75,0.003,7.82
12/08/2026 06:14,14.875,0.003,7.83
12/08/2026 06:14,14.875,0.003,7.83
12/08/2026 05:44,15,0.003,7.82
12/08/2026 05:14,14.75,0.003,7.82
12/08/2026 04:44,14.875,0.003,7.82
12/08/2026 04:14,14.875,0.003,7.82
12/08/2026 03:44,13.75,0.003,7.82
12/08/2026 03:44,13.75,0.003,7.82
12/08/2026 03:14,14.75,0.003,7.82
12/08/2026 02:44,14.875,0.003,7.82
12/08/2026 02:14,14.625,0.003,7.82
12/08/2026 01:44,15.625,0.003,7.82
12/08/2026 01:14,15.625,0.003,7.82
12/08/2026 00:44,14.5,0.003,7.81
12/08/2026 00:14,14.5,0.003,7.81
11/08/2026 23:44,14.375,0.003,7.81
11/08/2026 23:14,14.25,0.003,7.81
11/08/2026 22:44,14,0.003,7.81
11/08/2026 22:14,14,0.003,7.8
11/08/2026 21:44,14.125,0.003,7.81
11/08/2026 21:14,14.75,0.003,7.81
11/08/2026 20:44,16.625,0.003,7.81
11/08/2026 20:14,16.5,0.003,7.82
11/08/2026 19:44,17.625,0.003,7.82
11/08/2026 19:14,15.75,0.003,7.81
11/08/2026 18:44,16.625,0.003,7.81
11/08/2026 18:14,15.75,0.003,7.81
11/08/2026 17:44,16.5,0.003,7.81
11/08/2026 17:14,16.5,0.003,7.81
11/08/2026 16:44,16.375,0.003,7.81
11/08/2026 16:14,16.375,0.003,7.81
11/08/2026 15:44,16.125,0.003,7.81
11/08/2026 15:14,16.125,0.003,7.82
11/08/2026 14:44,16.125,0.003,7.82
11/08/2026 14:14,16,0.003,7.82
11/08/2026 13:44,15.875,0.003,7.81
11/08/2026 13:14,15.75,0.003,7.81
11/08/2026 12:44,14.75,0.003,7.82
11/08/2026 12:14,14.75,0.003,7.82
11/08/2026 11:44,16.625,0.003,7.81
11/08/2026 11:14,14.75,0.003,7.81
11/08/2026 10:44,15.5,0.003,7.81
11/08/2026 10:44,15.5,0.003,7.81
11/08/2026 10:14,15.75,0.003,7.81
11/08/2026 09:44,15.625,0.003,7.81
11/08/2026 09:14,15.75,0.003,7.81
11/08/2026 08:44,16.625,0.003,7.8
11/08/2026 08:14,15.75,0.003,7.8
11/08/2026 07:44,15.75,0.003,7.8
11/08/2026 07:14,15.875,0.003,7.8
11/08/2026 06:44,16,0.003,7.8
11/08/2026 06:14,16,0.003,7.8
11/08/2026 05:44,16.125,0.003,7.79
11/08/2026 05:14,16.125,0.003,7.79
11/08/2026 04:44,16.125,0.003,7.79
11/08/2026 04:14,16.125,0.003,7.79
11/08/2026 03:44,16.125,0.003,7.78
11/08/2026 03:14,16.125,0.003,7.78
11/08/2026 02:44,16,0.003,7.77
11/08/2026 02:14,16.125,0.003,7.77
11/08/2026 01:44,16,0.003,7.77
11/08/2026 01:14,16,0.003,7.76
11/08/2026 00:44,15.875,0.003,7.76
11/08/2026 00:14,15.875,0.003,7.76
10/08/2026 23:44,15.875,0.003,7.75
10/08/2026 23:14,15.875,0.003,7.75
10/08/2026 22:44,15.75,0.003,7.74
10/08/2026 22:14,16,0.003,7.74
10/08/2026 21:44,16.625,0.003,7.74
10/08/2026 21:14,17.375,0.003,7.74
10/08/2026 20:44,18,0.003,7.74
10/08/2026 20:14,19.125,0.003,7.74
10/08/2026 19:44,19.5,0.003,7.74
10/08/2026 19:14,19.375,0.004,7.73
10/08/2026 18:44,19.5,0.004,7.73
10/08/2026 18:34,18.875,0.004,7.73
10/08/2026 18:14,19.875,0.004,7.72
10/08/2026 17:44,20,0.004,7.72
10/08/2026 17:34,20.5,0.004,7.72
10/08/2026 17:34,20.5,0.004,7.72
10/08/2026 17:14,19.5,0.004,7.71
10/08/2026 16:44,19.5,0.004,7.71
10/08/2026 16:14,19.375,0.004,7.71
10/08/2026 15:44,19.375,0.004,7.71
10/08/2026 15:14,19.375,0.004,7.71
10/08/2026 14:44,19.375,0.004,7.72
10/08/2026 14:14,19.25,0.004,7.73
10/08/2026 13:44,19.375,0.004,7.76
10/08/2026 13:44,19.375,0.004,7.76
10/08/2026 13:14,19.375,0.004,7.79
10/08/2026 12:44,19.125,0.004,7.81
10/08/2026 12:14,19.25,0.004,7.83
10/08/2026 11:44,19.125,0.004,7.86
10/08/2026 11:14,19,0.004,7.88
10/08/2026 10:44,19.125,0.004,7.88
10/08/2026 10:26,17.875,0.004,7.86
10/08/2026 10:25,17.75,0.004,7.86
10/08/2026 10:25,16.75,0.004,8.51
09/08/2026 12:14,16.375,0.003,7.88
09/08/2026 11:44,16.125,0.003,7.88
09/08/2026 11:14,16.125,0.003,7.87
09/08/2026 11:14,16.125,0.003,7.87
09/08/2026 10:44,16.25,0.003,7.88
09/08/2026 10:14,16.125,0.003,7.88
09/08/2026 09:44,16,0.003,7.88
09/08/2026 09:14,15.75,0.003,7.88
09/08/2026 08:44,15.75,0.003,7.88
09/08/2026 08:14,15.75,0.003,7.88
09/08/2026 07:44,15.875,0.003,7.88
09/08/2026 07:14,16.625,0.003,7.88
09/08/2026 06:44,15.625,0.003,7.88
09/08/2026 06:14,15.625,0.003,7.88
09/08/2026 06:14,15.625,0.003,7.88
09/08/2026 05:44,15.5,0.003,7.88
09/08/2026 05:14,15.5,0.003,7.88
09/08/2026 04:44,15.5,0.003,7.88
09/08/2026 04:14,15.375,0.003,7.88
09/08/2026 03:44,15.125,0.003,7.87
09/08/2026 03:14,15,0.003,7.88
09/08/2026 02:44,15,0.003,7.87
09/08/2026 02:14,14.875,0.003,7.87
09/08/2026 01:44,14.875,0.003,7.87
09/08/2026 01:14,14.875,0.003,7.87
09/08/2026 00:44,15.625,0.003,7.87
09/08/2026 00:14,14.5,0.003,7.87
08/08/2026 23:44,14.375,0.003,7.87
08/08/2026 23:14,14.25,0.003,7.87
08/08/2026 22:44,14,0.003,7.87
08/08/2026 22:14,14.25,0.003,7.87
08/08/2026 21:44,15,0.003,7.87
08/08/2026 21:14,15.625,0.003,7.88
08/08/2026 20:44,16.375,0.003,7.88
08/08/2026 20:14,17.125,0.003,7.89
08/08/2026 19:44,17.25,0.003,7.89
08/08/2026 19:14,17.125,0.003,7.89
08/08/2026 18:44,17.125,0.003,7.88
08/08/2026 18:14,17.25,0.003,7.88
08/08/2026 17:44,17.25,0.003,7.88
08/08/2026 17:14,17,0.003,7.88
08/08/2026 16:44,16.875,0.003,7.88
08/08/2026 16:14,16.75,0.003,7.88
08/08/2026 15:44,15.75,0.003,7.87
08/08/2026 15:14,16.5,0.003,7.87
08/08/2026 14:44,16.625,0.003,7.87
08/08/2026 14:14,16.5,0.003,7.87
08/08/2026 13:44,16.375,0.003,7.87
08/08/2026 13:14,16.375,0.003,7.87
08/08/2026 12:44,16.25,0.003,7.87
08/08/2026 12:14,16.25,0.003,7.87
08/08/2026 11:44,16.25,0.003,7.87
08/08/2026 11:14,16.125,0.003,7.87
08/08/2026 10:44,16.125,0.003,7.86
08/08/2026 10:14,16,0.003,7.86
08/08/2026 09:44,16,0.003,7.86
08/08/2026 09:14,15.875,0.003,7.86
08/08/2026 08:44,15.875,0.003,7.86
08/08/2026 08:14,15.875,0.003,7.86
08/08/2026 07:44,15.75,0.003,7.86
08/08/2026 07:14,15.75,0.003,7.86
08/08/2026 06:44,15.875,0.003,7.85
08/08/2026 06:14,15.625,0.003,7.85
08/08/2026 05:44,15.625,0.003,7.85
08/08/2026 05:14,15.625,0.003,7.85
08/08/2026 04:44,15.5,0.003,7.85
08/08/2026 04:14,15.5,0.003,7.85
08/08/2026 03:44,15.5,0.003,7.85
08/08/2026 03:14,15.5,0.003,7.85
08/08/2026 02:44,15.375,0.003,7.85
08/08/2026 02:14,15.375,0.003,7.85
08/08/2026 01:44,15,0.003,7.84
08/08/2026 01:14,15,0.003,7.84
08/08/2026 00:44,14.875,0.003,7.84
08/08/2026 00:14,15.625,0.003,7.84
07/08/2026 23:44,14.5,0.003,7.84
07/08/2026 23:14,14.375,0.003,7.84
07/08/2026 22:44,14.375,0.003,7.83
07/08/2026 22:14,14.125,0.003,7.83
07/08/2026 21:44,15.625,0.003,7.84
07/08/2026 21:14,15.625,0.003,7.84
07/08/2026 20:44,16.25,0.003,7.84
07/08/2026 20:14,17,0.003,7.85
07/08/2026 19:44,17.25,0.004,7.85
07/08/2026 19:14,17.125,0.003,7.84
07/08/2026 18:44,17.25,0.004,7.84
07/08/2026 18:14,17.125,0.003,7.84
07/08/2026 17:44,17.25,0.003,7.84
07/08/2026 17:14,17,0.003,7.83
07/08/2026 16:44,16.875,0.003,7.83
07/08/2026 16:14,16.75,0.003,7.83
07/08/2026 15:44,16.625,0.003,7.83
07/08/2026 15:14,16.5,0.003,7.82
07/08/2026 14:44,16.5,0.003,7.82
07/08/2026 14:44,16.5,0.003,7.82
07/08/2026 14:14,16.375,0.003,7.82
07/08/2026 13:44,16.25,0.003,7.82
07/08/2026 13:14,16.375,0.003,7.82
07/08/2026 12:44,16.25,0.003,7.81
07/08/2026 12:14,16.25,0.003,7.81
07/08/2026 11:44,16.125,0.003,7.81
07/08/2026 11:14,16.125,0.003,7.8
07/08/2026 10:44,16.25,0.003,7.8
07/08/2026 10:14,15.875,0.003,7.8
07/08/2026 09:44,16,0.003,7.8
07/08/2026 09:14,15.875,0.003,7.79
07/08/2026 08:44,14.75,0.003,7.79
07/08/2026 08:14,15.75,0.003,7.79
07/08/2026 07:44,15.625,0.003,7.79
07/08/2026 07:14,16.625,0.003,7.78
07/08/2026 06:44,15.625,0.003,7.78
07/08/2026 06:14,15.625,0.003,7.78
07/08/2026 05:44,14.75,0.003,7.77
07/08/2026 05:14,15.5,0.003,7.77
07/08/2026 04:44,14.75,0.003,7.76
07/08/2026 04:14,15.375,0.003,7.76
07/08/2026 03:44,15.375,0.003,7.75
07/08/2026 03:14,15.375,0.003,7.75
07/08/2026 03:14,15.375,0.003,7.75
07/08/2026 02:44,15.25,0.003,7.75
07/08/2026 02:14,15,0.003,7.75
07/08/2026 01:44,14.875,0.003,7.74
07/08/2026 01:14,14.875,0.003,7.74
07/08/2026 00:44,14.875,0.003,7.73
07/08/2026 00:14,14.625,0.003,7.73
06/08/2026 23:44,14.5,0.003,7.72
06/08/2026 23:14,14.375,0.003,7.72
06/08/2026 22:44,14,0.003,7.71
06/08/2026 22:14,14.5,0.003,7.71
06/08/2026 21:44,15.25,0.003,7.71
06/08/2026 21:14,16,0.003,7.71
06/08/2026 20:44,16.5,0.003,7.71
06/08/2026 20:14,17.25,0.003,7.71
06/08/2026 19:44,17.375,0.003,7.7
06/08/2026 19:14,17.375,0.003,7.7
06/08/2026 18:44,17.5,0.003,7.69
06/08/2026 18:44,17.5,0.003,7.69
06/08/2026 18:14,17.375,0.004,7.69
06/08/2026 17:44,17.375,0.003,7.68
06/08/2026 17:14,17.375,0.003,7.67
06/08/2026 16:44,17.25,0.003,7.67
06/08/2026 16:14,16.875,0.003,7.66
06/08/2026 15:44,16.75,0.003,7.66
06/08/2026 15:14,16.75,0.003,7.66
06/08/2026 14:44,16.625,0.003,7.67
06/08/2026 14:14,16.625,0.003,7.67
06/08/2026 13:44,16.625,0.003,7.67
06/08/2026 13:14,16.5,0.003,7.68
06/08/2026 12:44,16.375,0.003,7.71
06/08/2026 12:14,16.375,0.003,7.73
06/08/2026 11:44,16.375,0.004,7.75
06/08/2026 11:14,16.375,0.003,7.78
06/08/2026 10:44,16.25,0.003,7.8
06/08/2026 10:14,16.125,0.003,7.82
06/08/2026 09:44,16.125,0.003,7.84
06/08/2026 09:14,16,0.003,7.85
06/08/2026 08:44,16,0.003,7.87
06/08/2026 08:14,15.875,0.003,7.87
06/08/2026 07:44,15.75,0.003,7.87
06/08/2026 07:14,15.75,0.003,7.87
06/08/2026 06:44,15.75,0.003,7.87
06/08/2026 06:14,15.75,0.003,7.87
06/08/2026 05:44,15.875,0.003,7.87
06/08/2026 05:14,15.75,0.003,7.87
06/08/2026 04:44,16.625,0.003,7.87
06/08/2026 04:14,15.75,0.003,7.87
06/08/2026 03:44,15.75,0.003,7.87
06/08/2026 03:14,16.625,0.003,7.87
06/08/2026 02:44,15.5,0.003,7.87
06/08/2026 02:14,15.625,0.003,7.87
06/08/2026 01:44,15.125,0.003,7.86
06/08/2026 01:14,15.125,0.003,7.86
06/08/2026 00:44,15,0.003,7.86
06/08/2026 00:14,14.875,0.003,7.86
05/08/2026 23:44,14.75,0.003,7.86
05/08/2026 23:14,14.625,0.003,7.86
05/08/2026 22:44,14.5,0.003,7.86
05/08/2026 22:14,14.375,0.003,7.86
05/08/2026 21:44,14.25,0.003,7.85
05/08/2026 21:14,15,0.003,7.86
05/08/2026 20:44,16,0.003,7.87
05/08/2026 20:14,16.75,0.004,7.87
05/08/2026 19:44,17.125,0.004,7.87
05/08/2026 19:14,17,0.004,7.87
05/08/2026 18:44,17.125,0.004,7.87
05/08/2026 18:44,17.125,0.004,7.87
05/08/2026 18:14,17,0.004,7.87
05/08/2026 18:14,17,0.004,7.87
05/08/2026 17:44,17.125,0.004,7.87
05/08/2026 17:14,17,0.004,7.86
05/08/2026 16:44,16.75,0.004,7.86
05/08/2026 16:14,16.75,0.003,7.86
05/08/2026 15:44,17.625,0.004,7.86
05/08/2026 15:14,16.625,0.003,7.86
05/08/2026 14:44,16.625,0.004,7.86
05/08/2026 14:14,16.5,0.003,7.86
05/08/2026 13:44,16.5,0.004,7.86
05/08/2026 13:14,16.375,0.003,7.85
05/08/2026 12:44,16.375,0.004,7.85
05/08/2026 12:14,16.5,0.003,7.85
05/08/2026 11:44,16.375,0.003,7.85
05/08/2026 11:14,16.375,0.003,7.85
05/08/2026 10:44,16.375,0.003,7.85
05/08/2026 10:14,16.375,0.003,7.85
05/08/2026 09:44,16.125,0.003,7.85
05/08/2026 09:14,16.125,0.003,7.84
05/08/2026 08:44,16,0.003,7.84
05/08/2026 08:14,16,0.003,7.84
05/08/2026 07:44,16,0.003,7.84
05/08/2026 07:14,16,0.003,7.84
05/08/2026 06:44,15.875,0.003,7.84
05/08/2026 06:14,16,0.003,7.84
05/08/2026 05:44,15.875,0.003,7.84
05/08/2026 05:14,15.875,0.003,7.83
05/08/2026 04:44,15.875,0.003,7.83
05/08/2026 04:14,15.875,0.003,7.83
05/08/2026 03:44,15.75,0.003,7.83
05/08/2026 03:14,15.75,0.003,7.83
05/08/2026 02:44,15.625,0.003,7.83
05/08/2026 02:14,15.5,0.003,7.83
05/08/2026 01:44,15.5,0.003,7.82
05/08/2026 01:14,15.125,0.004,7.82
05/08/2026 00:44,15,0.003,7.82
05/08/2026 00:14,14.875,0.003,7.82
04/08/2026 23:44,13.75,0.003,7.81
04/08/2026 23:14,14.5,0.003,7.81
04/08/2026 22:44,14.375,0.003,7.81
04/08/2026 22:44,14.375,0.003,7.81
04/08/2026 22:14,14.375,0.003,7.81
04/08/2026 21:44,15.25,0.003,7.81
04/08/2026 21:14,16.125,0.003,7.82
04/08/2026 20:44,17,0.004,7.82
04/08/2026 20:14,18.125,0.004,7.83
04/08/2026 19:44,18.375,0.004,7.83
04/08/2026 19:14,18.375,0.004,7.82
04/08/2026 18:44,18.5,0.004,7.82
04/08/2026 18:14,18.625,0.004,7.82
04/08/2026 17:44,19.625,0.004,7.82
04/08/2026 17:14,18.375,0.004,7.82
04/08/2026 16:44,18.375,0.004,7.82
04/08/2026 16:14,18.375,0.004,7.81
04/08/2026 15:44,18.125,0.004,7.81
04/08/2026 15:14,18,0.004,7.81
04/08/2026 14:44,17.875,0.003,7.81
04/08/2026 14:14,17.875,0.004,7.81
04/08/2026 13:44,17.75,0.004,7.81
04/08/2026 13:14,17.625,0.003,7.82
04/08/2026 12:44,17.5,0.003,7.84
04/08/2026 12:14,16.5,0.003,7.84
04/08/2026 11:44,16.5,0.003,7.85
04/08/2026 11:14,16.25,0.003,7.86
04/08/2026 10:44,16.375,0.003,7.87
04/08/2026 10:14,16.375,0.003,7.88
04/08/2026 09:44,16.375,0.003,7.89
04/08/2026 09:14,16.25,0.003,7.9
04/08/2026 08:44,16.25,0.003,7.9
04/08/2026 08:14,16,0.003,7.91
04/08/2026 07:44,16,0.003,7.9
04/08/2026 07:14,15.75,0.003,7.9
04/08/2026 06:44,15.75,0.003,7.9
04/08/2026 06:14,15.875,0.003,7.9
04/08/2026 06:14,15.875,0.003,7.9
04/08/2026 05:44,15.75,0.003,7.9
04/08/2026 05:14,15.75,0.003,7.9
04/08/2026 04:44,15.75,0.003,7.9
04/08/2026 04:14,15.625,0.003,7.9
04/08/2026 03:44,16.5,0.003,7.9
04/08/2026 03:14,15.5,0.003,7.9
04/08/2026 02:44,14.75,0.003,7.9
04/08/2026 02:14,15.375,0.003,7.9
04/08/2026 01:44,15.25,0.003,7.9
04/08/2026 01:14,15,0.003,7.9
04/08/2026 00:44,15,0.003,7.9
04/08/2026 00:14,14.875,0.003,7.9
03/08/2026 23:44,15.625,0.003,7.9
03/08/2026 23:14,15.625,0.003,7.9
03/08/2026 23:14,15.625,0.003,7.9
03/08/2026 22:44,14.25,0.003,7.9
03/08/2026 22:14,14.125,0.003,7.89
03/08/2026 21:44,13.75,0.003,7.9
03/08/2026 21:14,15.5,0.003,7.9
03/08/2026 20:44,16.25,0.003,7.91
03/08/2026 20:44,16.25,0.003,7.91
03/08/2026 20:14,17.25,0.003,7.92
03/08/2026 19:44,17.375,0.003,7.92
03/08/2026 19:14,17.375,0.003,7.92
03/08/2026 18:44,17.375,0.003,7.92
03/08/2026 18:14,17.25,0.003,7.91
03/08/2026 17:44,17.125,0.003,7.91
03/08/2026 17:44,17.125,0.003,7.91
03/08/2026 17:14,17,0.003,7.91
03/08/2026 16:44,17,0.003,7.91
03/08/2026 16:14,16.875,0.003,7.91
03/08/2026 15:44,16.75,0.003,7.91
03/08/2026 15:14,16.625,0.003,7.91
03/08/2026 14:44,16.5,0.003,7.91
03/08/2026 14:14,16.625,0.003,7.91
03/08/2026 13:44,16.5,0.003,7.9
03/08/2026 13:14,16.5,0.003,7.91
03/08/2026 12:44,16.375,0.003,7.9
03/08/2026 12:14,16.375,0.003,7.91
03/08/2026 11:44,16.375,0.003,7.91
03/08/2026 11:14,16.25,0.003,7.9
03/08/2026 10:44,16.125,0.003,7.9
03/08/2026 10:14,16.125,0.003,7.9
03/08/2026 09:44,16,0.003,7.9
03/08/2026 09:14,16,0.003,7.9
03/08/2026 09:10,15.875,0.003,7.9
03/08/2026 08:14,15.875,0.003,7.9
03/08/2026 07:44,15.75,0.003,7.9
03/08/2026 07:14,15.75,0.003,7.9
03/08/2026 06:44,14.75,0.003,7.9
03/08/2026 06:14,14.75,0.003,7.9
03/08/2026 05:44,15.625,0.003,7.9
03/08/2026 05:14,15.5,0.003,7.9
03/08/2026 04:44,15.5,0.003,7.9
03/08/2026 04:14,15.625,0.003,7.9
03/08/2026 03:44,15.5,0.003,7.9
03/08/2026 03:14,15.375,0.003,7.9
03/08/2026 02:44,15.375,0.003,7.9
03/08/2026 02:14,15.375,0.004,7.9
03/08/2026 01:44,15,0.003,7.9
03/08/2026 01:14,15,0.003,7.9
03/08/2026 00:44,15.125,0.003,7.9
03/08/2026 00:14,14.875,0.003,7.89
02/08/2026 23:44,14.75,0.003,7.89
02/08/2026 23:14,14.375,0.003,7.89
02/08/2026 22:44,14.375,0.003,7.89
02/08/2026 22:14,14,0.003,7.89
02/08/2026 21:44,14.5,0.003,7.89
02/08/2026 21:14,15.5,0.003,7.9
02/08/2026 20:44,16.125,0.003,7.9
02/08/2026 20:14,16.875,0.003,7.91
02/08/2026 19:44,17.125,0.003,7.91
02/08/2026 19:14,17.125,0.003,7.91
02/08/2026 18:44,17,0.003,7.91
02/08/2026 18:14,17,0.003,7.91
02/08/2026 18:14,17,0.003,7.91
02/08/2026 17:44,17,0.003,7.91
02/08/2026 17:14,16.75,0.003,7.91
02/08/2026 16:44,16.75,0.003,7.91
02/08/2026 16:14,16.75,0.003,7.91
02/08/2026 15:44,16.625,0.003,7.9
02/08/2026 15:14,16.625,0.003,7.9
02/08/2026 14:44,16.625,0.003,7.9
02/08/2026 14:14,16.375,0.003,7.9
02/08/2026 13:44,16.375,0.003,7.9
02/08/2026 13:14,16.25,0.003,7.9
02/08/2026 12:44,16.375,0.003,7.9
02/08/2026 12:14,16.25,0.003,7.9
02/08/2026 12:14,16.25,0.003,7.9
02/08/2026 11:44,16.125,0.003,7.9
02/08/2026 11:14,16.125,0.003,7.9
02/08/2026 10:44,16.125,0.003,7.9
02/08/2026 10:14,16.125,0.003,7.9
02/08/2026 09:44,15.875,0.003,7.9
02/08/2026 09:14,16,0.003,7.9
02/08/2026 08:44,15.875,0.003,7.9
02/08/2026 08:14,16.625,0.003,7.9
02/08/2026 07:44,15.875,0.003,7.9
02/08/2026 07:14,15.75,0.003,7.9
02/08/2026 06:44,15.75,0.003,7.9
02/08/2026 06:14,16.625,0.003,7.9
02/08/2026 05:44,15.75,0.003,7.9
02/08/2026 05:14,15.75,0.003,7.9
02/08/2026 04:44,16.625,0.003,7.9
02/08/2026 04:14,14.75,0.003,7.9
02/08/2026 03:44,14.75,0.003,7.89
02/08/2026 03:44,14.75,0.003,7.89
02/08/2026 03:14,15.5,0.003,7.89
02/08/2026 02:44,15.625,0.003,7.89
02/08/2026 02:14,15.625,0.003,7.89
02/08/2026 01:44,15.5,0.003,7.9
02/08/2026 01:14,15.5,0.003,7.89
02/08/2026 00:44,15.375,0.003,7.89
02/08/2026 00:14,15.125,0.003,7.89
02/08/2026 00:14,15.125,0.003,7.89
01/08/2026 23:44,14.75,0.003,7.89
01/08/2026 23:44,14.75,0.003,7.89
01/08/2026 23:14,13.875,0.003,7.89
01/08/2026 22:44,14.625,0.003,7.89
01/08/2026 22:14,14.375,0.003,7.89
01/08/2026 21:44,14.5,0.003,7.89
01/08/2026 21:14,15.25,0.003,7.9
01/08/2026 20:44,16.125,0.003,7.9
01/08/2026 20:14,17,0.003,7.91
01/08/2026 19:44,17.125,0.003,7.91
01/08/2026 19:14,17.25,0.003,7.91
01/08/2026 18:44,17.375,0.003,7.91
01/08/2026 18:14,17.375,0.003,7.91
01/08/2026 17:44,17.125,0.003,7.91
01/08/2026 17:14,17.125,0.003,7.91
01/08/2026 16:44,17.125,0.003,7.91
01/08/2026 16:14,17.125,0.003,7.91
01/08/2026 15:44,16.875,0.003,7.9
01/08/2026 15:14,16.75,0.003,7.9
01/08/2026 14:44,16.75,0.003,7.9
01/08/2026 14:14,17.625,0.003,7.9
01/08/2026 13:44,15.75,0.003,7.9
01/08/2026 13:14,16.625,0.003,7.9
01/08/2026 12:44,16.5,0.003,7.9
01/08/2026 12:14,16.5,0.003,7.9
01/08/2026 11:44,16.375,0.003,7.9
01/08/2026 11:14,16.375,0.003,7.9
01/08/2026 10:44,16.5,0.003,7.9
01/08/2026 10:14,16.25,0.003,7.9
01/08/2026 09:44,16.25,0.003,7.9
01/08/2026 09:14,16.125,0.003,7.9
01/08/2026 08:44,16,0.003,7.89
01/08/2026 08:14,16,0.003,7.89
01/08/2026 07:44,15.875,0.003,7.9
01/08/2026 07:14,15.875,0.003,7.9
01/08/2026 06:44,15.75,0.003,7.89
01/08/2026 06:14,15.875,0.003,7.89
01/08/2026 05:44,15.875,0.003,7.89
01/08/2026 05:14,15.875,0.003,7.89
01/08/2026 04:44,15.75,0.003,7.89
01/08/2026 04:14,15.75,0.003,7.89
01/08/2026 03:44,15.75,0.003,7.89
01/08/2026 03:14,15.625,0.003,7.89
01/08/2026 02:44,15.625,0.003,7.89
01/08/2026 02:14,15.625,0.003,7.89
01/08/2026 01:44,15.5,0.003,7.89
01/08/2026 01:14,15.375,0.003,7.89
01/08/2026 01:14,15.375,0.003,7.89
01/08/2026 00:44,15,0.003,7.89
01/08/2026 00:14,15.125,0.003,7.89
31/07/2026 23:44,14.875,0.003,7.89
31/07/2026 23:14,15.625,0.003,7.89
31/07/2026 22:44,14.375,0.003,7.88
31/07/2026 22:14,14.125,0.003,7.88
31/07/2026 21:44,14.5,0.003,7.89
31/07/2026 21:44,14.5,0.003,7.89
31/07/2026 21:14,15.25,0.003,7.89
31/07/2026 20:44,16.125,0.003,7.9
31/07/2026 20:14,17,0.003,7.9
31/07/2026 19:44,17.25,0.003,7.9
31/07/2026 19:14,17.125,0.004,7.9
31/07/2026 18:44,17.125,0.003,7.9
31/07/2026 18:14,17.125,0.003,7.9
31/07/2026 17:44,17,0.003,7.9
31/07/2026 17:14,17.125,0.004,7.9
31/07/2026 16:44,17,0.004,7.9
31/07/2026 16:44,17,0.004,7.9
31/07/2026 16:14,16.875,0.003,7.9
31/07/2026 15:44,16.75,0.004,7.9
31/07/2026 15:14,16.75,0.004,7.9
31/07/2026 14:44,16.625,0.003,7.9
31/07/2026 14:14,16.5,0.003,7.89
31/07/2026 13:44,16.5,0.003,7.9
31/07/2026 13:14,16.5,0.003,7.89
31/07/2026 12:44,16.375,0.003,7.89
31/07/2026 12:14,16.125,0.003,7.89
31/07/2026 11:44,16.25,0.003,7.89
31/07/2026 11:14,16.25,0.003,7.89
31/07/2026 10:44,16.125,0.003,7.89
31/07/2026 10:14,16.125,0.003,7.89
31/07/2026 09:44,16.125,0.003,7.89
31/07/2026 09:14,15.875,0.003,7.89
31/07/2026 08:44,15.875,0.003,7.89
31/07/2026 08:14,15.75,0.003,7.89
31/07/2026 07:44,15.75,0.003,7.89
31/07/2026 07:14,15.875,0.003,7.89
31/07/2026 06:44,15.75,0.003,7.89
31/07/2026 06:14,15.75,0.003,7.89
31/07/2026 05:44,15.625,0.003,7.89
31/07/2026 05:14,15.5,0.003,7.89
31/07/2026 04:44,15.5,0.003,7.89
31/07/2026 04:14,15.375,0.003,7.89
31/07/2026 03:44,15.375,0.003,7.88
31/07/2026 03:14,15.25,0.003,7.89
31/07/2026 02:44,15.375,0.003,7.88
31/07/2026 02:14,15,0.003,7.88
31/07/2026 01:44,15,0.003,7.88
31/07/2026 01:14,14.875,0.003,7.88
31/07/2026 00:44,14.625,0.003,7.88
31/07/2026 00:14,14.5,0.003,7.88
30/07/2026 23:44,14.375,0.003,7.88
30/07/2026 23:14,14.125,0.003,7.88
30/07/2026 23:14,14.125,0.003,7.88
30/07/2026 22:44,13.75,0.003,7.88
30/07/2026 22:14,14.125,0.003,7.88
30/07/2026 21:44,14.625,0.003,7.88
30/07/2026 21:44,14.625,0.003,7.88
30/07/2026 21:14,15.375,0.003,7.89
30/07/2026 20:44,16.125,0.003,7.89
30/07/2026 20:14,17,0.004,7.9
30/07/2026 19:44,17.375,0.004,7.9
30/07/2026 19:14,17.25,0.004,7.9
30/07/2026 18:44,17.25,0.004,7.9
30/07/2026 18:14,17.25,0.004,7.9
30/07/2026 17:44,17.25,0.003,7.89
30/07/2026 17:14,17,0.003,7.89
30/07/2026 17:14,17,0.003,7.89
30/07/2026 16:44,17,0.004,7.89
30/07/2026 16:14,17,0.003,7.89
30/07/2026 15:44,16.875,0.003,7.89
30/07/2026 15:14,16.75,0.003,7.89
30/07/2026 14:44,16.75,0.003,7.89
30/07/2026 14:14,16.625,0.003,7.89
30/07/2026 13:44,16.5,0.003,7.89
30/07/2026 13:14,16.5,0.003,7.89
30/07/2026 12:44,16.5,0.003,7.89
30/07/2026 12:14,16.5,0.003,7.88
30/07/2026 11:44,16.5,0.003,7.88
30/07/2026 11:14,16.25,0.003,7.88
30/07/2026 10:44,16.375,0.003,7.88
30/07/2026 10:14,16.25,0.003,7.88
30/07/2026 09:44,16.125,0.003,7.88
30/07/2026 09:14,15.875,0.003,7.88
30/07/2026 08:44,16,0.003,7.88
30/07/2026 08:14,15.875,0.003,7.88
30/07/2026 07:44,15.875,0.003,7.88
30/07/2026 07:14,15.875,0.003,7.87
30/07/2026 06:44,15.75,0.003,7.87
30/07/2026 06:14,16.625,0.003,7.87
30/07/2026 05:44,15.75,0.003,7.87
30/07/2026 05:14,16.625,0.003,7.87
30/07/2026 04:44,16.5,0.003,7.87
30/07/2026 04:14,15.5,0.003,7.87
30/07/2026 03:44,15.5,0.003,7.87
30/07/2026 03:14,15.375,0.003,7.87
30/07/2026 02:44,15.25,0.003,7.87
30/07/2026 02:44,15.25,0.003,7.87
30/07/2026 02:14,15.25,0.003,7.87
30/07/2026 01:44,15.125,0.003,7.87
30/07/2026 01:14,15,0.003,7.87
30/07/2026 00:44,14.625,0.003,7.86
30/07/2026 00:14,13.75,0.003,7.86
29/07/2026 23:44,14.5,0.003,7.86
29/07/2026 23:14,14.25,0.003,7.86
29/07/2026 22:44,14,0.003,7.86
29/07/2026 22:14,14,0.003,7.86
29/07/2026 21:44,13.75,0.003,7.86
29/07/2026 21:14,15.5,0.003,7.86
29/07/2026 20:44,16.125,0.003,7.87
29/07/2026 20:14,17.25,0.004,7.88
29/07/2026 20:14,17.25,0.004,7.88
29/07/2026 19:44,17.375,0.004,7.87
29/07/2026 19:14,17.375,0.004,7.87
29/07/2026 18:44,17.375,0.004,7.87
29/07/2026 18:14,17.375,0.004,7.87
29/07/2026 17:44,17.25,0.004,7.87
29/07/2026 17:14,17.125,0.004,7.87
29/07/2026 16:44,17.125,0.004,7.87
29/07/2026 16:14,17.125,0.004,7.87
29/07/2026 15:44,16.875,0.004,7.86
29/07/2026 15:14,16.875,0.003,7.86
29/07/2026 14:44,16.75,0.003,7.86
29/07/2026 14:14,16.625,0.003,7.86
29/07/2026 13:44,16.5,0.003,7.85
29/07/2026 13:14,16.625,0.003,7.85
29/07/2026 12:44,16.5,0.003,7.85
29/07/2026 12:14,16.375,0.003,7.85
29/07/2026 11:44,16.375,0.003,7.85
29/07/2026 11:14,16.375,0.003,7.85
29/07/2026 10:44,16.375,0.003,7.85
29/07/2026 10:14,16.25,0.003,7.84
29/07/2026 09:44,16.125,0.003,7.84
29/07/2026 09:14,16.125,0.003,7.84
29/07/2026 09:14,16.125,0.003,7.84
29/07/2026 08:44,16.125,0.003,7.84
29/07/2026 08:14,16.125,0.003,7.84
29/07/2026 07:44,16,0.003,7.84
29/07/2026 07:14,16,0.003,7.83
29/07/2026 06:44,15.875,0.003,7.84
29/07/2026 06:14,15.875,0.003,7.83
29/07/2026 05:44,15.75,0.003,7.83
29/07/2026 05:14,15.875,0.003,7.83
29/07/2026 04:44,14.875,0.003,7.83
29/07/2026 04:14,15.75,0.003,7.82
29/07/2026 03:44,16.625,0.003,7.82
29/07/2026 03:44,16.625,0.003,7.82
29/07/2026 03:14,16.5,0.003,7.82
29/07/2026 02:44,15.625,0.003,7.82
29/07/2026 02:44,15.625,0.003,7.82
29/07/2026 02:14,15.5,0.003,7.81
29/07/2026 01:44,15.375,0.003,7.81
29/07/2026 01:14,15.375,0.003,7.81
29/07/2026 00:44,15.125,0.003,7.81
29/07/2026 00:14,15,0.003,7.8
28/07/2026 23:44,15,0.003,7.8
28/07/2026 23:14,14.625,0.003,7.8
28/07/2026 22:44,14.5,0.003,7.8
28/07/2026 22:14,14.375,0.003,7.79
28/07/2026 22:14,14.375,0.003,7.79
28/07/2026 21:44,14.5,0.003,7.79
28/07/2026 21:14,15.25,0.003,7.8
28/07/2026 20:44,16.125,0.003,7.81
28/07/2026 20:14,17.125,0.004,7.81
28/07/2026 19:44,17.25,0.004,7.81
28/07/2026 19:14,17.25,0.004,7.8
28/07/2026 18:44,17.375,0.004,7.8
28/07/2026 18:14,17.375,0.004,7.8
28/07/2026 17:44,17.375,0.004,7.8
28/07/2026 17:14,17.25,0.004,7.8
28/07/2026 16:44,17.25,0.004,7.79
28/07/2026 16:14,17.125,0.004,7.79
28/07/2026 15:44,17,0.004,7.79
28/07/2026 15:14,17,0.004,7.79
28/07/2026 14:44,17,0.004,7.79
28/07/2026 14:14,16.875,0.004,7.8
28/07/2026 13:44,16.875,0.004,7.8
28/07/2026 13:14,16.875,0.004,7.81
28/07/2026 12:44,16.75,0.004,7.81
28/07/2026 12:14,16.875,0.004,7.83
28/07/2026 11:44,15.75,0.004,7.85
28/07/2026 11:14,16.375,0.003,7.85
28/07/2026 10:44,16.25,0.004,7.87
28/07/2026 10:14,16.375,0.004,7.88
28/07/2026 09:44,16.25,0.004,7.9
28/07/2026 09:14,16.125,0.004,7.91
28/07/2026 08:44,16.125,0.004,7.91
28/07/2026 08:14,16,0.004,7.91
28/07/2026 07:44,15.875,0.004,7.9
28/07/2026 07:14,15.875,0.004,7.9
28/07/2026 06:44,16,0.004,7.91
28/07/2026 06:14,15.75,0.004,7.9
28/07/2026 05:44,16.625,0.004,7.91
28/07/2026 05:44,16.625,0.004,7.91
28/07/2026 05:14,15.875,0.004,7.91
28/07/2026 04:44,15.75,0.004,7.91
28/07/2026 04:14,15.5,0.004,7.91
28/07/2026 03:44,14.75,0.004,7.9
28/07/2026 03:14,15.5,0.004,7.91
28/07/2026 02:44,15.5,0.004,7.9
28/07/2026 02:14,15.375,0.004,7.91
28/07/2026 01:44,15.25,0.004,7.9
28/07/2026 01:44,15.25,0.004,7.9
28/07/2026 01:14,15,0.004,7.9
28/07/2026 00:44,14.875,0.003,7.9
28/07/2026 00:40,14.875,0.004,7.9
28/07/2026 00:14,14.875,0.003,7.9
27/07/2026 23:44,13.875,0.003,7.9
27/07/2026 23:14,13.75,0.004,7.9
27/07/2026 22:44,14.25,0.003,7.9
27/07/2026 22:14,14,0.003,7.9
27/07/2026 21:44,14.5,0.003,7.9
27/07/2026 21:14,15,0.003,7.91
27/07/2026 20:44,16,0.004,7.91
27/07/2026 20:14,16.75,0.004,7.9
27/07/2026 19:44,17.125,0.004,7.9
27/07/2026 19:14,17.125,0.004,7.9
27/07/2026 18:44,17.125,0.004,7.9
27/07/2026 18:14,17,0.004,7.9
27/07/2026 17:44,17,0.004,7.9
27/07/2026 17:14,16.875,0.004,7.9
27/07/2026 16:44,16.75,0.004,7.91
27/07/2026 16:14,16.875,0.004,7.91
27/07/2026 15:44,17.625,0.003,7.9
27/07/2026 15:14,15.75,0.003,7.91
27/07/2026 14:44,16.625,0.004,7.9
27/07/2026 14:14,16.5,0.004,7.9
27/07/2026 13:44,16.375,0.004,7.9
27/07/2026 13:14,16.375,0.004,7.9
27/07/2026 12:44,16.375,0.004,7.9
27/07/2026 12:14,16.25,0.004,7.9
27/07/2026 11:44,16.25,0.004,7.9
27/07/2026 11:14,16.125,0.004,7.9
27/07/2026 10:44,16.125,0.004,7.9
27/07/2026 10:14,16.125,0.004,7.89
27/07/2026 09:44,16,0.003,7.89
27/07/2026 09:14,15.875,0.004,7.9
27/07/2026 08:44,15.875,0.004,7.9
27/07/2026 08:14,15.875,0.004,7.89
27/07/2026 07:44,15.75,0.004,7.89
27/07/2026 07:14,15.625,0.004,7.89
27/07/2026 06:44,16.625,0.004,7.89
27/07/2026 06:14,15.625,0.004,7.89
27/07/2026 05:44,15.625,0.004,7.89
27/07/2026 05:14,15.625,0.004,7.89
27/07/2026 04:44,15.625,0.004,7.89
27/07/2026 04:14,15.5,0.004,7.89
27/07/2026 03:44,15.5,0.003,7.89
27/07/2026 03:14,15.5,0.004,7.89
27/07/2026 02:44,15.375,0.004,7.89
27/07/2026 02:14,15.25,0.004,7.89
27/07/2026 01:44,15.25,0.003,7.89
27/07/2026 01:14,15.125,0.004,7.89
27/07/2026 00:44,15.125,0.004,7.89
27/07/2026 00:14,14.75,0.003,7.88
26/07/2026 23:44,13.875,0.003,7.89
26/07/2026 23:14,14.625,0.003,7.89
26/07/2026 22:44,14.5,0.004,7.89
26/07/2026 22:14,14.375,0.004,7.89
26/07/2026 21:44,14.625,0.004,7.9
26/07/2026 21:14,15.25,0.004,7.9
26/07/2026 20:44,16.125,0.004,7.9
26/07/2026 20:14,16.75,0.004,7.89
26/07/2026 19:44,16.875,0.004,7.9
26/07/2026 19:14,16.875,0.004,7.89
26/07/2026 18:44,16.875,0.004,7.89
26/07/2026 18:44,16.875,0.004,7.89
26/07/2026 18:14,16.75,0.004,7.89
26/07/2026 17:44,16.75,0.004,7.89
26/07/2026 17:14,16.625,0.004,7.89
26/07/2026 17:14,16.625,0.004,7.89
26/07/2026 16:44,16.5,0.004,7.89
26/07/2026 16:14,16.625,0.004,7.89
26/07/2026 15:44,16.5,0.004,7.88
26/07/2026 15:14,16.375,0.004,7.89
26/07/2026 14:44,16.5,0.004,7.88
26/07/2026 14:44,16.5,0.004,7.88
26/07/2026 14:14,16.375,0.004,7.89
26/07/2026 13:44,16.375,0.004,7.88
26/07/2026 13:14,16.25,0.004,7.89
26/07/2026 12:44,16.125,0.004,7.88
26/07/2026 12:14,16.25,0.004,7.89
26/07/2026 11:44,16.125,0.004,7.89
26/07/2026 11:14,16.125,0.004,7.88
26/07/2026 10:44,16,0.004,7.89
26/07/2026 10:14,15.875,0.004,7.89
26/07/2026 09:44,15.75,0.004,7.88
26/07/2026 09:14,15.75,0.004,7.88
26/07/2026 08:44,14.75,0.004,7.88
26/07/2026 08:14,15.75,0.004,7.88
26/07/2026 07:44,15.625,0.004,7.88
26/07/2026 07:14,15.75,0.004,7.88
26/07/2026 06:44,16.625,0.004,7.88
26/07/2026 06:14,16.625,0.004,7.88
26/07/2026 05:44,15.5,0.004,7.88
26/07/2026 05:14,15.5,0.004,7.88
26/07/2026 04:44,15.625,0.004,7.88
26/07/2026 04:14,15.5,0.004,7.88
26/07/2026 03:44,15.5,0.004,7.87
26/07/2026 03:14,15.25,0.004,7.88
26/07/2026 02:44,15.375,0.004,7.87
26/07/2026 02:14,15.375,0.004,7.87
26/07/2026 01:44,15.25,0.004,7.87
26/07/2026 01:14,15.125,0.004,7.87
26/07/2026 00:44,15,0.004,7.87
26/07/2026 00:14,14.875,0.004,7.87
25/07/2026 23:44,14.75,0.004,7.87
25/07/2026 23:14,14.5,0.004,7.87
25/07/2026 22:44,14.5,0.004,7.88
25/07/2026 22:14,14.625,0.004,7.88
25/07/2026 21:44,15,0.004,7.89
25/07/2026 21:14,15.5,0.004,7.89
25/07/2026 20:44,16.125,0.004,7.89
25/07/2026 20:14,16.75,0.004,7.88
25/07/2026 19:44,16.875,0.004,7.88
25/07/2026 19:14,16.875,0.004,7.87
25/07/2026 18:44,16.75,0.004,7.87
25/07/2026 18:14,16.75,0.004,7.87
25/07/2026 17:44,16.875,0.004,7.87
25/07/2026 17:14,16.75,0.004,7.87
25/07/2026 16:44,17.5,0.004,7.87
25/07/2026 16:14,16.625,0.004,7.87
25/07/2026 15:44,16.625,0.004,7.86
25/07/2026 15:14,16.5,0.004,7.86
25/07/2026 14:44,16.375,0.004,7.86
25/07/2026 14:14,16.375,0.004,7.86
25/07/2026 13:44,16.25,0.004,7.87
25/07/2026 13:14,16.125,0.004,7.86
25/07/2026 12:44,16.125,0.004,7.86
25/07/2026 12:14,16.125,0.004,7.86
25/07/2026 11:44,16.125,0.004,7.86
25/07/2026 11:14,16,0.004,7.85
25/07/2026 10:44,16,0.004,7.86
25/07/2026 10:14,15.875,0.004,7.86
25/07/2026 09:44,15.75,0.004,7.85
25/07/2026 09:14,14.75,0.004,7.85
25/07/2026 08:44,15.625,0.004,7.85
25/07/2026 08:14,16.625,0.004,7.85
25/07/2026 07:44,16.625,0.004,7.85
25/07/2026 07:14,15.625,0.004,7.84
25/07/2026 06:44,15.625,0.004,7.84
25/07/2026 06:14,14.75,0.004,7.84
25/07/2026 05:44,15.5,0.004,7.84
25/07/2026 05:14,15.5,0.004,7.84
25/07/2026 04:44,15.375,0.004,7.84
25/07/2026 04:44,15.375,0.004,7.84
25/07/2026 04:14,15.5,0.004,7.84
25/07/2026 03:44,15.25,0.004,7.83
25/07/2026 03:14,15.25,0.004,7.84
25/07/2026 02:44,15.375,0.004,7.83
25/07/2026 02:14,15,0.004,7.83
25/07/2026 01:44,15.125,0.004,7.83
25/07/2026 01:14,14.875,0.004,7.84
25/07/2026 00:44,15,0.004,7.83
25/07/2026 00:14,14.75,0.004,7.83
24/07/2026 23:44,14.625,0.004,7.83
24/07/2026 23:14,14.375,0.004,7.83
24/07/2026 22:44,14.25,0.004,7.84
24/07/2026 22:14,14.5,0.004,7.84
24/07/2026 21:44,14.875,0.004,7.84
24/07/2026 21:14,15.5,0.004,7.84
24/07/2026 20:44,16.375,0.004,7.84
24/07/2026 20:14,17,0.004,7.82
24/07/2026 19:44,17.25,0.004,7.83
24/07/2026 19:14,17.375,0.004,7.82
24/07/2026 18:44,17.25,0.004,7.82
24/07/2026 18:14,17.25,0.004,7.82
24/07/2026 17:44,17.125,0.004,7.82
24/07/2026 17:14,17,0.004,7.81
24/07/2026 16:44,17,0.004,7.81
24/07/2026 16:14,16.875,0.004,7.8
24/07/2026 15:44,16.875,0.004,7.79
24/07/2026 15:14,16.75,0.004,7.8
24/07/2026 14:44,16.625,0.004,7.8
24/07/2026 14:14,16.625,0.004,7.79
24/07/2026 13:44,16.5,0.004,7.79
24/07/2026 13:14,16.5,0.004,7.79
24/07/2026 12:44,16.375,0.004,7.79
24/07/2026 12:14,16.375,0.004,7.8
24/07/2026 11:44,16.25,0.004,7.81
24/07/2026 11:14,16.375,0.004,7.81
24/07/2026 11:14,16.375,0.004,7.81
24/07/2026 10:44,16.25,0.004,7.82
24/07/2026 10:14,16.125,0.004,7.83
24/07/2026 09:44,16.125,0.004,7.84
24/07/2026 09:14,16,0.004,7.85
24/07/2026 08:44,16,0.004,7.85
24/07/2026 08:14,15.875,0.004,7.85
24/07/2026 07:44,15.75,0.004,7.86
24/07/2026 07:14,15.75,0.004,7.85
24/07/2026 06:44,16.5,0.004,7.85
24/07/2026 06:14,14.75,0.004,7.85
24/07/2026 05:44,15.625,0.004,7.85
24/07/2026 05:14,15.625,0.004,7.85
24/07/2026 04:44,15.625,0.004,7.86
24/07/2026 04:14,15.625,0.004,7.86
24/07/2026 03:44,15.375,0.004,7.86
24/07/2026 03:14,15.375,0.004,7.85
24/07/2026 02:44,15.375,0.004,7.85
24/07/2026 02:14,15,0.004,7.86
24/07/2026 01:44,15,0.004,7.85
24/07/2026 01:14,15,0.004,7.85
24/07/2026 00:44,14.875,0.004,7.85
24/07/2026 00:14,15.625,0.004,7.85
23/07/2026 23:44,14.375,0.004,7.85
23/07/2026 23:14,14.25,0.004,7.85
23/07/2026 22:44,14,0.004,7.85
23/07/2026 22:14,14.625,0.004,7.85
23/07/2026 21:44,15.125,0.004,7.85
23/07/2026 21:14,16,0.004,7.86
23/07/2026 20:44,16.5,0.004,7.86
23/07/2026 20:14,17.5,0.004,7.86
23/07/2026 19:44,18.625,0.004,7.85
23/07/2026 19:14,17.75,0.004,7.85
23/07/2026 18:44,17.75,0.004,7.85
23/07/2026 18:14,17.75,0.004,7.85
23/07/2026 17:44,17.75,0.004,7.84
23/07/2026 17:14,17.75,0.004,7.84
23/07/2026 16:44,17.75,0.004,7.84
23/07/2026 16:14,17.75,0.004,7.84
23/07/2026 15:44,17.75,0.004,7.84
23/07/2026 15:14,18.625,0.004,7.84
23/07/2026 14:44,17.625,0.004,7.84
23/07/2026 14:14,17.5,0.004,7.83
23/07/2026 13:44,17.625,0.004,7.83
23/07/2026 13:14,17.625,0.004,7.83
23/07/2026 12:44,17.625,0.004,7.83
23/07/2026 12:14,17.5,0.004,7.82
23/07/2026 11:44,17.5,0.004,7.82
23/07/2026 11:14,17.375,0.004,7.82
23/07/2026 10:44,17.125,0.004,7.81
23/07/2026 10:14,17.125,0.004,7.82
23/07/2026 09:44,16.875,0.004,7.84
23/07/2026 09:14,16.875,0.004,7.85
23/07/2026 08:44,16.875,0.004,7.85
23/07/2026 08:14,16.75,0.004,7.85
23/07/2026 07:44,16.75,0.004,7.85
23/07/2026 07:14,16.75,0.004,7.84
23/07/2026 06:44,16.875,0.003,7.85
23/07/2026 06:14,16.75,0.003,7.86
23/07/2026 05:44,16.875,0.003,7.86
23/07/2026 05:14,16.875,0.003,7.85
23/07/2026 04:44,17,0.003,7.85
23/07/2026 04:14,16.875,0.003,7.85
23/07/2026 03:44,17,0.003,7.85
23/07/2026 03:14,17,0.003,7.85
23/07/2026 02:44,17.125,0.003,7.84
23/07/2026 02:14,17.25,0.003,7.84
23/07/2026 01:44,17.375,0.003,7.84
23/07/2026 01:14,17.375,0.003,7.84
23/07/2026 00:44,17.5,0.003,7.84
23/07/2026 00:14,17.625,0.003,7.84
22/07/2026 23:44,17.625,0.003,7.84
22/07/2026 23:44,17.625,0.003,7.84
22/07/2026 23:14,17.625,0.003,7.84
22/07/2026 22:44,17.75,0.003,7.85
22/07/2026 22:44,17.75,0.003,7.85
22/07/2026 22:14,17.875,0.003,7.85
22/07/2026 21:44,17.75,0.003,7.85
22/07/2026 21:14,18,0.003,7.85
22/07/2026 20:44,18,0.003,7.84
22/07/2026 20:14,17.75,0.003,7.84
22/07/2026 19:44,17.875,0.003,7.83
22/07/2026 19:14,18.125,0.003,7.83
22/07/2026 18:44,18,0.003,7.83
22/07/2026 18:14,18.125,0.003,7.83
22/07/2026 17:44,18,0.003,7.83
22/07/2026 17:14,17.875,0.003,7.83
22/07/2026 16:44,17.875,0.003,7.83
22/07/2026 16:14,17.75,0.003,7.83
22/07/2026 15:44,17.75,0.003,7.83
22/07/2026 15:14,17.625,0.003,7.83
22/07/2026 14:44,16.75,0.003,7.83
22/07/2026 14:14,17.625,0.003,7.83
22/07/2026 13:44,17.5,0.003,7.83
22/07/2026 13:14,17.375,0.003,7.83
22/07/2026 12:44,17.5,0.003,7.84
22/07/2026 12:14,17.375,0.003,7.85
22/07/2026 11:44,17.375,0.003,7.86
22/07/2026 11:14,17.375,0.003,7.88
22/07/2026 10:44,17.375,0.003,7.91
22/07/2026 10:14,15.875,0.002,7.9
22/07/2026 09:44,15.875,0.002,7.9
22/07/2026 09:44,15.875,0.002,7.9
22/07/2026 09:14,15.75,0.002,7.91
22/07/2026 08:44,15.5,0.002,7.92
22/07/2026 08:14,15.5,0.002,7.93
22/07/2026 07:44,15.5,0.002,7.94
22/07/2026 07:14,15.5,0.002,7.94
22/07/2026 06:44,15.375,0.002,7.94
22/07/2026 06:14,15.125,0.002,7.94
22/07/2026 06:14,15.125,0.002,7.94
22/07/2026 05:44,15.375,0.002,7.94
22/07/2026 05:14,15.375,0.002,7.94
22/07/2026 04:44,15.25,0.002,7.94
22/07/2026 04:14,15.25,0.002,7.94
22/07/2026 03:44,15.25,0.002,7.94
22/07/2026 03:44,15.25,0.002,7.94
22/07/2026 03:14,15,0.002,7.94
22/07/2026 02:44,15,0.002,7.94
22/07/2026 02:14,15,0.002,7.94
22/07/2026 01:44,15.125,0.002,7.94
22/07/2026 01:14,14.875,0.002,7.94
22/07/2026 00:44,14.75,0.002,7.94
22/07/2026 00:14,14.75,0.002,7.94
21/07/2026 23:44,14.625,0.002,7.94
21/07/2026 23:14,14.625,0.002,7.94
21/07/2026 23:14,14.625,0.002,7.94
21/07/2026 22:44,14.375,0.002,7.94
21/07/2026 22:14,14.25,0.002,7.94
21/07/2026 21:44,14.5,0.002,7.94
21/07/2026 21:14,15.5,0.002,7.95
21/07/2026 20:44,16.375,0.002,7.95
21/07/2026 20:14,16.5,0.002,7.95
21/07/2026 19:44,16.375,0.002,7.95
21/07/2026 19:14,16.375,0.002,7.95
21/07/2026 18:44,16.375,0.002,7.95
21/07/2026 18:14,16.375,0.002,7.95
21/07/2026 17:44,16.375,0.002,7.95
21/07/2026 17:14,16.5,0.002,7.95
21/07/2026 16:44,16.375,0.002,7.95
21/07/2026 16:14,16.375,0.002,7.95
21/07/2026 15:44,16.375,0.002,7.95
21/07/2026 15:14,16.375,0.002,7.95
21/07/2026 14:44,16.375,0.002,7.95
21/07/2026 14:14,16.25,0.002,7.95
21/07/2026 13:44,16.25,0.002,7.95
21/07/2026 13:14,16.25,0.002,7.95
21/07/2026 12:44,16.125,0.002,7.95
21/07/2026 12:14,16,0.003,7.95
21/07/2026 11:44,16,0.003,7.95
21/07/2026 11:14,16,0.002,7.95
21/07/2026 10:44,16,0.002,7.94
21/07/2026 10:14,16,0.002,7.95
21/07/2026 09:44,15.75,0.002,7.95
21/07/2026 09:14,15.625,0.002,7.95
21/07/2026 08:44,15.625,0.002,7.94
21/07/2026 08:14,15.5,0.002,7.94
21/07/2026 07:44,15.5,0.002,7.94
21/07/2026 07:14,14.75,0.002,7.94
21/07/2026 06:44,15.625,0.002,7.94
21/07/2026 06:14,15.375,0.002,7.94
21/07/2026 05:44,15.25,0.002,7.94
21/07/2026 05:14,15.5,0.002,7.94
21/07/2026 04:44,15.25,0.002,7.94
21/07/2026 04:14,15.25,0.002,7.94
21/07/2026 03:44,15.25,0.002,7.94
21/07/2026 03:14,15.125,0.002,7.94
21/07/2026 02:44,15.25,0.002,7.94
21/07/2026 02:14,15,0.002,7.94
21/07/2026 01:44,15.125,0.002,7.94
21/07/2026 01:14,14.875,0.002,7.94
21/07/2026 00:44,14.75,0.002,7.94
21/07/2026 00:14,14.625,0.002,7.94
20/07/2026 23:44,15.625,0.002,7.94
20/07/2026 23:14,14.625,0.002,7.94
20/07/2026 22:44,14.5,0.002,7.93
20/07/2026 22:14,14.375,0.002,7.93
20/07/2026 21:44,14.375,0.002,7.93
20/07/2026 21:14,14.875,0.002,7.94
20/07/2026 20:44,15.875,0.002,7.94
20/07/2026 20:14,16.625,0.002,7.95
20/07/2026 19:44,16.875,0.002,7.95
20/07/2026 19:14,16.875,0.002,7.95
20/07/2026 18:44,16.875,0.002,7.95
20/07/2026 18:14,17,0.002,7.95
20/07/2026 17:44,17,0.002,7.94
20/07/2026 17:14,17,0.002,7.94
20/07/2026 16:44,16.875,0.002,7.94
20/07/2026 16:14,16.875,0.002,7.94
20/07/2026 15:44,16.625,0.002,7.94
20/07/2026 15:14,16.5,0.002,7.94
20/07/2026 14:44,16.5,0.002,7.94
20/07/2026 14:14,16.625,0.002,7.94
20/07/2026 13:44,16.5,0.002,7.94
20/07/2026 13:14,16.375,0.002,7.94
20/07/2026 12:44,16.375,0.002,7.94
20/07/2026 12:14,16.375,0.002,7.94
20/07/2026 11:44,16.375,0.002,7.94
20/07/2026 11:14,16.25,0.002,7.94
20/07/2026 10:44,16.25,0.002,7.94
20/07/2026 10:14,16.125,0.002,7.94
20/07/2026 09:44,15.75,0.002,7.94
20/07/2026 09:14,15.75,0.002,7.94
20/07/2026 08:44,15.75,0.002,7.94
20/07/2026 08:14,16.625,0.002,7.94
20/07/2026 07:44,14.75,0.002,7.94
20/07/2026 07:14,15.625,0.002,7.94
20/07/2026 06:44,15.75,0.002,7.94
20/07/2026 06:14,15.5,0.002,7.94
20/07/2026 05:44,15.5,0.002,7.94
20/07/2026 05:14,16.625,0.002,7.94
20/07/2026 04:44,15.5,0.002,7.94
20/07/2026 04:14,15.375,0.002,7.94
20/07/2026 03:44,15.5,0.002,7.93
20/07/2026 03:14,15.375,0.002,7.93
20/07/2026 02:44,15.125,0.002,7.94
20/07/2026 02:14,15.25,0.002,7.93
20/07/2026 01:44,15.125,0.002,7.93
20/07/2026 01:14,14.875,0.002,7.93
20/07/2026 00:44,15,0.002,7.93
20/07/2026 00:14,15,0.002,7.93
19/07/2026 23:44,14.625,0.002,7.93
19/07/2026 23:44,14.625,0.002,7.93
19/07/2026 23:14,14.5,0.002,7.92
19/07/2026 22:44,14.375,0.002,7.93
19/07/2026 22:14,14.5,0.002,7.92
19/07/2026 21:44,14,0.002,7.93
19/07/2026 21:14,14.5,0.002,7.94
19/07/2026 20:44,15.5,0.002,7.94
19/07/2026 20:14,16.375,0.002,7.94
19/07/2026 19:44,16.625,0.002,7.94
19/07/2026 19:14,16.5,0.002,7.94
19/07/2026 18:44,16.625,0.002,7.94
19/07/2026 18:14,16.5,0.002,7.94
19/07/2026 17:44,16.625,0.002,7.93
19/07/2026 17:14,16.5,0.002,7.93
19/07/2026 16:44,16.5,0.002,7.93
19/07/2026 16:14,16.5,0.002,7.93
19/07/2026 15:44,16.375,0.002,7.93
19/07/2026 15:14,16.375,0.002,7.93
19/07/2026 14:44,16.25,0.002,7.93
19/07/2026 14:14,16.125,0.002,7.93
19/07/2026 13:44,16.125,0.002,7.92
19/07/2026 13:14,16,0.002,7.92
19/07/2026 12:44,16.125,0.002,7.92
19/07/2026 12:14,16.125,0.002,7.93
19/07/2026 11:44,16,0.002,7.93
19/07/2026 11:14,15.75,0.002,7.92
19/07/2026 11:14,15.75,0.002,7.92
19/07/2026 10:44,15.75,0.002,7.92
19/07/2026 10:14,15.625,0.002,7.93
19/07/2026 09:44,15.5,0.002,7.92
19/07/2026 09:14,15.5,0.002,7.92
19/07/2026 08:44,15.5,0.002,7.92
19/07/2026 08:14,15.5,0.002,7.92
19/07/2026 07:44,15.5,0.002,7.92
19/07/2026 07:14,15.375,0.002,7.9
19/07/2026 06:44,15.375,0.002,7.9
19/07/2026 06:14,15.375,0.002,7.91
19/07/2026 05:44,15.25,0.002,7.91
19/07/2026 05:14,14.875,0.002,7.9
19/07/2026 04:44,14.875,0.002,7.9
19/07/2026 04:14,15,0.002,7.91
19/07/2026 03:44,15.125,0.002,7.9
19/07/2026 03:14,14.875,0.002,7.91
19/07/2026 02:44,15,0.002,7.91
19/07/2026 02:14,15,0.002,7.91
19/07/2026 02:14,15,0.002,7.91
19/07/2026 01:44,13.75,0.002,7.91
19/07/2026 01:14,14.625,0.002,7.9
19/07/2026 00:44,14.625,0.002,7.9
19/07/2026 00:14,14.375,0.002,7.91
18/07/2026 23:44,14.25,0.002,7.9
18/07/2026 23:14,14.375,0.002,7.9
18/07/2026 22:44,14.125,0.002,7.92
18/07/2026 22:14,14.125,0.002,7.92
18/07/2026 21:44,14.75,0.002,7.93
18/07/2026 21:14,15.375,0.002,7.93
18/07/2026 20:44,15.875,0.002,7.93
18/07/2026 20:14,16.625,0.002,7.92
18/07/2026 19:44,16.875,0.002,7.91
18/07/2026 19:14,16.875,0.002,7.91
18/07/2026 18:44,16.75,0.002,7.9
18/07/2026 18:14,16.75,0.002,7.93
18/07/2026 17:44,16.75,0.002,7.92
18/07/2026 17:14,16.75,0.002,7.91
18/07/2026 16:44,16.75,0.002,7.93
18/07/2026 16:14,16.5,0.002,7.92
18/07/2026 15:44,16.625,0.002,7.92
18/07/2026 15:14,16.625,0.002,7.92
18/07/2026 14:44,16.625,0.002,7.91
18/07/2026 14:14,16.375,0.002,7.9
18/07/2026 13:44,16.375,0.002,7.9
18/07/2026 13:14,16.25,0.002,7.89
18/07/2026 12:44,16.5,0.002,7.9
18/07/2026 12:14,16.25,0.002,7.9
18/07/2026 11:44,16.25,0.002,7.89
18/07/2026 11:44,16.25,0.002,7.89
18/07/2026 11:14,16.25,0.002,7.9
18/07/2026 10:44,16.25,0.002,7.89
18/07/2026 10:14,16.25,0.002,7.9
18/07/2026 09:44,16.25,0.002,7.9
18/07/2026 09:14,16,0.002,7.89
18/07/2026 08:44,16,0.002,7.89
18/07/2026 08:14,16,0.002,7.89
18/07/2026 07:44,16,0.002,7.89
18/07/2026 07:14,16,0.002,7.89
18/07/2026 06:44,16,0.002,7.89
18/07/2026 06:14,16,0.002,7.89
18/07/2026 05:44,16,0.002,7.89
18/07/2026 05:44,16,0.002,7.89
18/07/2026 05:14,16,0.002,7.89
18/07/2026 04:44,16,0.002,7.89
18/07/2026 04:14,16,0.002,7.89
18/07/2026 03:44,16,0.002,7.89
18/07/2026 03:14,16,0.002,7.89
18/07/2026 02:44,15.875,0.002,7.9
18/07/2026 02:14,16,0.002,7.89
18/07/2026 01:44,16,0.002,7.89
18/07/2026 01:14,16,0.002,7.89
18/07/2026 00:44,15.875,0.002,7.89
18/07/2026 00:14,15.875,0.002,7.89
17/07/2026 23:44,15.875,0.002,7.89
17/07/2026 23:14,15.875,0.002,7.89
17/07/2026 22:44,15.875,0.002,7.9
17/07/2026 22:44,15.875,0.002,7.9
17/07/2026 22:14,15.75,0.002,7.89
17/07/2026 21:44,15.5,0.002,7.9
17/07/2026 21:14,15.125,0.002,7.91
17/07/2026 20:44,15.75,0.002,7.91
17/07/2026 20:14,16.5,0.002,7.89
17/07/2026 19:44,16.625,0.002,7.89
17/07/2026 19:14,16.5,0.002,7.89
17/07/2026 18:44,16.625,0.002,7.88
17/07/2026 18:14,16.625,0.002,7.89
17/07/2026 17:44,16.5,0.002,7.88
17/07/2026 17:14,16.5,0.002,7.89
17/07/2026 16:44,16.25,0.002,7.88
17/07/2026 16:14,16.375,0.002,7.88
17/07/2026 15:44,16.25,0.002,7.87
17/07/2026 15:14,16.125,0.002,7.88
17/07/2026 14:44,16.125,0.002,7.88
17/07/2026 14:44,16.125,0.002,7.88
17/07/2026 14:14,16,0.002,7.87
17/07/2026 14:14,16,0.002,7.87
17/07/2026 13:44,16,0.002,7.87
17/07/2026 13:14,15.875,0.002,7.87
17/07/2026 12:44,15.75,0.002,7.87
17/07/2026 12:14,14.75,0.002,7.86
17/07/2026 11:44,15.5,0.002,7.86
17/07/2026 11:44,15.5,0.002,7.86
17/07/2026 11:14,15.375,0.002,7.87
17/07/2026 10:44,15.375,0.003,7.86
17/07/2026 10:14,15.25,0.002,7.86
17/07/2026 09:44,15.25,0.003,7.86
17/07/2026 09:14,15.125,0.003,7.86
17/07/2026 08:44,15,0.003,7.85
17/07/2026 08:14,15,0.003,7.86
17/07/2026 07:44,14.875,0.003,7.85
17/07/2026 07:14,14.875,0.003,7.86
17/07/2026 06:44,14.625,0.003,7.86
17/07/2026 06:14,13.75,0.003,7.86
17/07/2026 05:44,14.375,0.003,7.86
17/07/2026 05:14,14.625,0.003,7.86
17/07/2026 04:44,14.25,0.003,7.85
17/07/2026 04:14,14.375,0.003,7.85
17/07/2026 03:44,14,0.003,7.86
17/07/2026 03:14,14,0.003,7.86
17/07/2026 02:44,13.875,0.003,7.86
17/07/2026 02:14,13.625,0.003,7.87
17/07/2026 01:44,13.625,0.003,7.87
17/07/2026 01:14,13.75,0.003,7.87
17/07/2026 00:44,14,0.003,7.87
17/07/2026 00:14,14.125,0.003,7.87
16/07/2026 23:44,14.625,0.003,7.87
16/07/2026 23:14,15.625,0.003,7.87
16/07/2026 22:44,15,0.003,7.87
16/07/2026 22:14,15.5,0.003,7.87
16/07/2026 21:44,15.875,0.003,7.88
16/07/2026 21:14,16.375,0.003,7.87
16/07/2026 21:14,16.375,0.003,7.87
16/07/2026 20:44,16.625,0.003,7.87
16/07/2026 20:14,17.25,0.003,7.85
16/07/2026 19:44,17.5,0.003,7.84
16/07/2026 19:14,17.5,0.003,7.85
16/07/2026 18:44,17.625,0.003,7.84
16/07/2026 18:14,17.625,0.003,7.84
16/07/2026 17:44,17.625,0.004,7.84
16/07/2026 17:14,17.625,0.004,7.84
16/07/2026 16:44,17.5,0.004,7.83
16/07/2026 16:14,17.375,0.004,7.84
16/07/2026 15:44,17.125,0.003,7.84
16/07/2026 15:14,17.125,0.003,7.85
16/07/2026 14:44,16.875,0.003,7.89
16/07/2026 14:14,16.5,0.003,7.89
16/07/2026 13:44,16.375,0.003,7.9
16/07/2026 13:14,16.375,0.003,7.9
16/07/2026 12:44,16.375,0.003,7.91
16/07/2026 12:14,16.25,0.003,7.92
16/07/2026 11:44,16.25,0.003,7.92
16/07/2026 11:14,16.125,0.003,7.93
16/07/2026 10:44,16.125,0.003,7.93
16/07/2026 10:14,16,0.003,7.93
16/07/2026 09:44,16.125,0.003,7.94
16/07/2026 09:14,16.125,0.003,7.94
16/07/2026 08:44,16.125,0.003,7.93
16/07/2026 08:14,16.125,0.003,7.93
16/07/2026 07:44,15.875,0.003,7.93
16/07/2026 07:14,16,0.003,7.93
16/07/2026 06:44,16.125,0.003,7.93
16/07/2026 06:14,16.125,0.003,7.92
16/07/2026 05:44,16.25,0.003,7.92
16/07/2026 05:14,16.125,0.003,7.92
16/07/2026 04:44,16.125,0.003,7.92
16/07/2026 04:14,16.25,0.003,7.91
16/07/2026 03:44,16.25,0.003,7.91
16/07/2026 03:14,16.125,0.003,7.91
16/07/2026 02:44,16.375,0.003,7.91
16/07/2026 02:14,16.25,0.003,7.9
16/07/2026 01:44,16.375,0.003,7.9
16/07/2026 01:14,16.375,0.003,7.9
16/07/2026 00:44,16.375,0.003,7.9
16/07/2026 00:14,16.375,0.003,7.9
15/07/2026 23:44,16.375,0.003,7.9
15/07/2026 23:44,16.375,0.003,7.9
15/07/2026 23:14,16.375,0.003,7.89
15/07/2026 22:44,16.5,0.003,7.89
15/07/2026 22:14,16.5,0.003,7.89
15/07/2026 21:44,16.5,0.003,7.89
15/07/2026 21:14,16.5,0.003,7.88
15/07/2026 20:44,16.5,0.003,7.88
15/07/2026 20:14,16.625,0.003,7.88
15/07/2026 19:44,16.5,0.003,7.88
15/07/2026 19:14,16.5,0.003,7.88
15/07/2026 18:44,16.625,0.003,7.88
15/07/2026 18:14,16.625,0.003,7.88
15/07/2026 17:44,16.625,0.003,7.88
15/07/2026 17:14,16.5,0.003,7.87
15/07/2026 16:44,16.5,0.003,7.88
15/07/2026 16:14,16.5,0.003,7.88
15/07/2026 15:44,16.5,0.003,7.88
15/07/2026 15:14,16.375,0.003,7.87
15/07/2026 14:44,16.25,0.003,7.87
15/07/2026 14:14,16.25,0.003,7.87
15/07/2026 13:44,16.375,0.003,7.87
15/07/2026 13:14,16.125,0.003,7.87
15/07/2026 13:14,16.125,0.003,7.87
15/07/2026 12:44,16.125,0.003,7.89
15/07/2026 12:14,16.125,0.003,7.89
15/07/2026 12:14,16.125,0.003,7.89
15/07/2026 11:44,16.125,0.003,7.89
15/07/2026 11:14,16,0.003,7.9
15/07/2026 10:44,16,0.003,7.9
15/07/2026 10:14,16,0.003,7.91
15/07/2026 09:44,16,0.003,7.92
15/07/2026 09:14,15.875,0.003,7.92
15/07/2026 08:44,15.75,0.003,7.93
15/07/2026 08:44,15.75,0.003,7.93
15/07/2026 08:14,15.875,0.003,7.93
15/07/2026 07:44,15.75,0.003,7.93
15/07/2026 07:14,16,0.003,7.93
15/07/2026 06:44,15.875,0.003,7.92
15/07/2026 06:14,15.875,0.003,7.92
15/07/2026 05:44,15.875,0.003,7.92
15/07/2026 05:14,16,0.003,7.92
15/07/2026 04:44,16,0.003,7.92
15/07/2026 04:14,16.125,0.003,7.91
15/07/2026 03:44,16,0.003,7.91
15/07/2026 03:14,16.125,0.003,7.91
15/07/2026 02:44,16.25,0.003,7.91
15/07/2026 02:14,16.25,0.003,7.91
15/07/2026 01:44,16.125,0.003,7.91
15/07/2026 01:14,16.125,0.003,7.91
15/07/2026 00:44,16.125,0.003,7.9
15/07/2026 00:14,16.125,0.003,7.9
14/07/2026 23:44,16.25,0.003,7.9
14/07/2026 23:14,16.125,0.003,7.9
14/07/2026 22:44,16.25,0.003,7.9
14/07/2026 22:14,16.25,0.003,7.89
14/07/2026 21:44,16.25,0.003,7.89
14/07/2026 21:14,16.25,0.003,7.89
14/07/2026 20:44,16.375,0.003,7.88
14/07/2026 20:14,16.375,0.003,7.88
14/07/2026 19:44,16.5,0.003,7.87
14/07/2026 19:14,16.375,0.003,7.87
14/07/2026 18:44,16.375,0.003,7.86
14/07/2026 18:14,16.25,0.003,7.86
14/07/2026 17:44,16.375,0.003,7.85
14/07/2026 17:14,16.375,0.003,7.85
14/07/2026 16:44,16.375,0.003,7.85
14/07/2026 16:14,16.375,0.003,7.86
14/07/2026 15:44,16.25,0.003,7.87
14/07/2026 15:14,16.25,0.003,7.89
14/07/2026 14:44,16.25,0.003,7.91
14/07/2026 14:14,16.125,0.003,7.91
14/07/2026 13:44,16,0.003,7.91
14/07/2026 13:14,16.125,0.003,7.91
14/07/2026 12:44,16.125,0.003,7.9
14/07/2026 12:14,16.125,0.003,7.89
14/07/2026 11:44,16.125,0.003,7.87
14/07/2026 11:14,16.125,0.003,7.85
14/07/2026 10:44,16.25,0.003,7.81
14/07/2026 10:14,16.25,0.003,7.74
14/07/2026 09:48,16,0.003,7.65
14/07/2026 09:46,15.875,0.003,7.64
14/07/2026 09:46,15.75,0.003,8.19
14/07/2026 09:14,16.5,0.003,7.38
14/07/2026 08:44,16.375,0.003,6.99
11/07/2026 10:44,16.25,0.002,7.92
11/07/2026 10:14,16.25,0.002,7.92
11/07/2026 09:44,16.25,0.002,7.92
11/07/2026 09:44,16.25,0.002,7.92
11/07/2026 09:14,16.125,0.002,7.92
11/07/2026 09:14,16.125,0.002,7.92
11/07/2026 08:44,16.125,0.002,7.92
11/07/2026 08:14,16,0.002,7.92
11/07/2026 07:44,16.125,0.002,7.92
11/07/2026 07:14,16.25,0.002,7.92
11/07/2026 06:44,16.125,0.002,7.92
11/07/2026 06:14,16.125,0.002,7.92
11/07/2026 05:44,16.375,0.002,7.92
11/07/2026 05:14,16.25,0.002,7.92
11/07/2026 04:44,16.25,0.002,7.92
11/07/2026 04:14,16.375,0.002,7.92
11/07/2026 03:44,16.375,0.002,7.92
11/07/2026 03:14,16.5,0.002,7.92
11/07/2026 02:44,16.375,0.002,7.92
11/07/2026 02:14,16.5,0.002,7.92
11/07/2026 01:44,16.5,0.002,7.92
11/07/2026 01:14,16.5,0.002,7.92
11/07/2026 00:44,16.5,0.002,7.92
11/07/2026 00:14,16.625,0.002,7.92
10/07/2026 23:44,16.625,0.002,7.92
10/07/2026 23:14,16.625,0.002,7.92
10/07/2026 23:14,16.625,0.002,7.92
10/07/2026 22:44,16.625,0.002,7.92
10/07/2026 22:14,16.625,0.002,7.92
10/07/2026 21:44,16.75,0.002,7.92
10/07/2026 21:14,16.75,0.002,7.92
10/07/2026 20:44,16.75,0.002,7.92
10/07/2026 20:14,16.75,0.002,7.92
10/07/2026 19:44,16.875,0.002,7.91
10/07/2026 19:14,16.875,0.002,7.91
10/07/2026 19:14,16.875,0.002,7.91
10/07/2026 18:44,16.875,0.002,7.91
10/07/2026 18:14,16.875,0.002,7.91
10/07/2026 17:44,16.75,0.002,7.91
10/07/2026 17:14,16.75,0.002,7.91
10/07/2026 16:44,16.75,0.002,7.9
10/07/2026 16:14,15.75,0.002,7.9
10/07/2026 15:44,16.625,0.002,7.9
10/07/2026 15:14,16.5,0.002,7.9
10/07/2026 14:44,16.5,0.002,7.9
10/07/2026 14:14,16.375,0.002,7.9
10/07/2026 13:44,16.375,0.002,7.9
10/07/2026 13:14,16.375,0.002,7.9
10/07/2026 12:44,16.5,0.002,7.9
10/07/2026 12:14,16.375,0.002,7.9
10/07/2026 11:44,16.375,0.002,7.9
10/07/2026 11:14,16.375,0.002,7.9
10/07/2026 10:44,16.25,0.002,7.89
10/07/2026 10:14,16.25,0.002,7.89
10/07/2026 09:44,16.25,0.002,7.89
10/07/2026 09:14,16.125,0.002,7.89
10/07/2026 08:44,16.25,0.002,7.89
10/07/2026 08:14,16.25,0.001,7.89
10/07/2026 07:44,16.25,0.002,7.89
10/07/2026 07:14,16.25,0.002,7.89
10/07/2026 06:44,16.375,0.002,7.89
10/07/2026 06:14,16.375,0.002,7.88
10/07/2026 05:44,16.375,0.002,7.88
10/07/2026 05:14,16.5,0.002,7.88
10/07/2026 04:44,16.5,0.002,7.88
10/07/2026 04:14,16.375,0.002,7.88
10/07/2026 03:44,16.5,0.002,7.88
10/07/2026 03:14,16.375,0.002,7.87
10/07/2026 02:44,16.375,0.002,7.87
10/07/2026 02:14,16.5,0.002,7.87
10/07/2026 01:44,16.5,0.002,7.87
10/07/2026 01:14,16.5,0.002,7.87
10/07/2026 00:44,16.5,0.002,7.86
10/07/2026 00:14,16.625,0.002,7.86
09/07/2026 23:44,16.625,0.002,7.86
09/07/2026 23:14,16.625,0.001,7.86
09/07/2026 22:44,16.625,0.002,7.86
09/07/2026 22:14,17.625,0.002,7.86
09/07/2026 21:44,16.75,0.002,7.85
09/07/2026 21:14,17.625,0.002,7.85
09/07/2026 20:44,16.75,0.002,7.85
09/07/2026 20:44,16.75,0.002,7.85
09/07/2026 20:14,17.625,0.002,7.85
09/07/2026 19:44,16.625,0.002,7.84
09/07/2026 19:14,16.75,0.002,7.84
09/07/2026 18:44,16.625,0.002,7.84
09/07/2026 18:14,16.625,0.002,7.84
09/07/2026 17:44,16.625,0.002,7.85
09/07/2026 17:14,16.625,0.002,7.85
09/07/2026 16:44,16.5,0.002,7.86
09/07/2026 16:14,16.5,0.002,7.88
09/07/2026 15:44,16.625,0.002,7.9
09/07/2026 15:14,16.375,0.002,7.92
09/07/2026 14:44,16.25,0.002,7.92
09/07/2026 14:14,16.375,0.002,7.92
09/07/2026 14:14,16.375,0.002,7.92
09/07/2026 13:44,16.375,0.002,7.92
09/07/2026 13:14,16.125,0.002,7.93
09/07/2026 12:44,16.125,0.001,7.92
09/07/2026 12:14,16.125,0.001,7.92
09/07/2026 11:44,16.25,0.001,7.92
09/07/2026 11:14,16.125,0.002,7.92
09/07/2026 10:44,16,0.002,7.92
09/07/2026 10:14,16.125,0.002,7.92
09/07/2026 09:44,16.25,0.002,7.92
09/07/2026 09:14,16.125,0.002,7.92
09/07/2026 08:44,16.25,0.002,7.92
09/07/2026 08:14,16.125,0.002,7.92
09/07/2026 07:44,16.125,0.002,7.92
09/07/2026 07:14,16,0.002,7.92
09/07/2026 07:14,16,0.002,7.92
09/07/2026 06:44,16.125,0.002,7.92
09/07/2026 06:14,16.25,0.002,7.92
09/07/2026 05:44,16.125,0.002,7.92
09/07/2026 05:14,16.125,0.002,7.92
09/07/2026 04:44,16.25,0.002,7.92
09/07/2026 04:14,16.25,0.002,7.92
09/07/2026 03:44,16.25,0.002,7.92
09/07/2026 03:14,16.375,0.002,7.92
09/07/2026 02:44,16.25,0.002,7.93
09/07/2026 02:14,16.5,0.002,7.93
09/07/2026 01:44,16.375,0.002,7.92
09/07/2026 01:14,16.375,0.002,7.93
09/07/2026 00:44,16.375,0.002,7.92
09/07/2026 00:14,16.375,0.002,7.92
08/07/2026 23:44,16.5,0.002,7.92
08/07/2026 23:44,16.5,0.002,7.92
08/07/2026 23:14,16.375,0.002,7.93
08/07/2026 22:44,16.5,0.002,7.92
08/07/2026 22:14,16.625,0.001,7.92
08/07/2026 21:44,16.625,0.001,7.92
08/07/2026 21:14,16.625,0.001,7.92
08/07/2026 20:44,16.625,0.001,7.92
08/07/2026 20:14,16.5,0.001,7.92
08/07/2026 20:14,16.5,0.001,7.92
08/07/2026 19:44,16.625,0.002,7.92
08/07/2026 19:14,16.5,0.002,7.92
08/07/2026 18:44,16.625,0.002,7.92
08/07/2026 18:14,16.625,0.002,7.92
08/07/2026 17:44,16.625,0.002,7.92
08/07/2026 17:14,16.5,0.002,7.92
08/07/2026 16:44,16.5,0.002,7.92
08/07/2026 16:14,16.375,0.002,7.92
08/07/2026 15:44,16.375,0.002,7.92
08/07/2026 15:14,16.375,0.002,7.92
08/07/2026 14:44,16.375,0.002,7.92
08/07/2026 14:14,16.25,0.002,7.92
08/07/2026 14:14,16.25,0.002,7.92
08/07/2026 13:44,16.25,0.002,7.92
08/07/2026 13:14,16.125,0.002,7.92
08/07/2026 12:44,16.25,0.002,7.92
08/07/2026 12:14,16.25,0.002,7.92
08/07/2026 11:44,16.125,0.002,7.92
08/07/2026 11:14,16.25,0.002,7.92
08/07/2026 10:44,16.25,0.002,7.92
08/07/2026 10:14,16.125,0.002,7.92
08/07/2026 09:44,16,0.002,7.92
08/07/2026 09:14,16,0.002,7.92
08/07/2026 08:44,16.125,0.002,7.93
08/07/2026 08:14,16.125,0.002,7.92
08/07/2026 07:44,16.125,0.002,7.93
08/07/2026 07:14,16.125,0.002,7.93
08/07/2026 06:44,16.125,0.002,7.93
08/07/2026 06:14,16.125,0.002,7.93
08/07/2026 05:44,16.25,0.002,7.93
08/07/2026 05:14,16.25,0.002,7.93
08/07/2026 04:44,16.25,0.002,7.93
08/07/2026 04:14,16.25,0.002,7.93
08/07/2026 03:44,16.375,0.002,7.93
08/07/2026 03:14,16.375,0.002,7.93
08/07/2026 02:44,16.375,0.002,7.93
08/07/2026 02:14,16.5,0.002,7.93
08/07/2026 01:44,16.5,0.002,7.93
08/07/2026 01:14,16.5,0.002,7.93
08/07/2026 00:44,16.5,0.002,7.93
08/07/2026 00:14,16.5,0.002,7.93
07/07/2026 23:44,16.625,0.002,7.93
07/07/2026 23:14,16.625,0.002,7.93
07/07/2026 22:44,17.625,0.002,7.93
07/07/2026 22:14,16.625,0.002,7.93
07/07/2026 21:44,16.625,0.002,7.93
07/07/2026 21:14,17.625,0.002,7.93
07/07/2026 20:44,16.75,0.002,7.93
07/07/2026 20:14,16.75,0.002,7.93
07/07/2026 19:44,16.875,0.002,7.93
07/07/2026 19:14,16.75,0.002,7.93
07/07/2026 18:44,16.75,0.002,7.93
07/07/2026 18:14,16.625,0.002,7.93
07/07/2026 17:44,17.625,0.002,7.93
07/07/2026 17:14,16.625,0.002,7.93
07/07/2026 16:44,16.5,0.002,7.93
07/07/2026 16:14,16.5,0.002,7.93
07/07/2026 15:44,16.5,0.002,7.93
07/07/2026 15:14,16.5,0.002,7.93
07/07/2026 14:44,16.5,0.002,7.93
07/07/2026 14:14,16.25,0.002,7.93
07/07/2026 13:44,16.375,0.002,7.93
07/07/2026 13:14,16.375,0.002,7.93
07/07/2026 12:44,16.375,0.002,7.93
07/07/2026 12:14,16.375,0.002,7.93
07/07/2026 11:44,16.125,0.002,7.93
07/07/2026 11:14,16.25,0.002,7.93
07/07/2026 10:44,16.25,0.002,7.93
07/07/2026 10:14,16.25,0.002,7.93
07/07/2026 09:44,16.125,0.002,7.93
07/07/2026 09:14,16.125,0.002,7.93
07/07/2026 08:44,16.125,0.002,7.93
07/07/2026 08:14,16.125,0.002,7.93
07/07/2026 07:44,16.125,0.002,7.93
07/07/2026 07:44,16.125,0.002,7.93
07/07/2026 07:14,16.25,0.002,7.93
07/07/2026 06:44,16.25,0.002,7.93
07/07/2026 06:14,16.25,0.002,7.93
07/07/2026 05:44,16.25,0.002,7.93
07/07/2026 05:14,16.375,0.002,7.93
07/07/2026 04:44,16.25,0.002,7.93
07/07/2026 04:14,16.375,0.002,7.94
07/07/2026 03:44,16.375,0.002,7.93
07/07/2026 03:14,16.5,0.002,7.94
07/07/2026 02:44,16.5,0.002,7.93
07/07/2026 02:14,16.375,0.002,7.93
07/07/2026 01:44,16.5,0.002,7.94
07/07/2026 01:44,16.5,0.002,7.94
07/07/2026 01:14,16.625,0.002,7.93
07/07/2026 00:44,16.625,0.002,7.94
07/07/2026 00:14,16.625,0.002,7.94
06/07/2026 23:44,16.5,0.002,7.94
06/07/2026 23:14,15.75,0.002,7.94
06/07/2026 22:44,16.625,0.002,7.94
06/07/2026 22:14,16.75,0.002,7.94
06/07/2026 21:44,16.875,0.002,7.94
06/07/2026 21:14,16.75,0.002,7.94
06/07/2026 21:14,16.75,0.002,7.94
06/07/2026 20:44,16.75,0.002,7.94
06/07/2026 20:14,16.875,0.002,7.94
06/07/2026 19:44,16.875,0.002,7.94
06/07/2026 19:14,16.875,0.002,7.94
06/07/2026 18:44,16.75,0.002,7.94
06/07/2026 18:14,16.75,0.002,7.93
06/07/2026 17:44,16.875,0.002,7.93
06/07/2026 17:14,16.75,0.002,7.93
06/07/2026 16:44,15.75,0.002,7.93
06/07/2026 16:14,16.625,0.002,7.93
06/07/2026 15:44,16.625,0.002,7.93
06/07/2026 15:14,16.5,0.002,7.93
06/07/2026 15:14,16.5,0.002,7.93
06/07/2026 14:44,16.5,0.002,7.93
06/07/2026 14:14,16.5,0.002,7.93
06/07/2026 13:44,16.5,0.002,7.93
06/07/2026 13:14,16.375,0.002,7.93
06/07/2026 12:44,16.375,0.002,7.93
06/07/2026 12:14,16.375,0.002,7.93
06/07/2026 11:44,16.375,0.002,7.93
06/07/2026 11:14,16.375,0.002,7.93
06/07/2026 10:44,16.375,0.002,7.93
06/07/2026 10:14,16.375,0.002,7.93
06/07/2026 09:44,16.375,0.002,7.93
06/07/2026 09:14,16.375,0.002,7.93
06/07/2026 08:44,16.375,0.002,7.93
06/07/2026 08:14,16.375,0.002,7.93
06/07/2026 07:44,16.375,0.002,7.93
06/07/2026 07:14,16.375,0.002,7.93
06/07/2026 06:44,16.375,0.002,7.93
06/07/2026 06:14,16.25,0.002,7.93
06/07/2026 05:44,16.375,0.002,7.93
06/07/2026 05:14,16.375,0.002,7.93
06/07/2026 04:44,16.375,0.002,7.93
06/07/2026 04:14,16.375,0.002,7.93
06/07/2026 04:14,16.375,0.002,7.93
06/07/2026 03:44,16.375,0.002,7.93
06/07/2026 03:14,16.5,0.002,7.93
06/07/2026 02:44,16.5,0.002,7.93
06/07/2026 02:14,16.5,0.002,7.93
06/07/2026 01:44,16.5,0.002,7.93
06/07/2026 01:14,16.5,0.002,7.93
06/07/2026 00:44,16.5,0.002,7.93
06/07/2026 00:14,16.5,0.002,7.93
05/07/2026 23:44,16.625,0.002,7.93
05/07/2026 23:14,16.625,0.002,7.93
05/07/2026 22:44,16.5,0.002,7.93
05/07/2026 22:14,16.5,0.002,7.93
05/07/2026 21:44,16.625,0.002,7.93
05/07/2026 21:14,16.625,0.002,7.93
05/07/2026 20:44,15.75,0.002,7.93
05/07/2026 20:44,15.75,0.002,7.93
05/07/2026 20:14,16.75,0.002,7.93
05/07/2026 19:44,16.75,0.002,7.93
05/07/2026 19:14,16.75,0.002,7.93
05/07/2026 19:14,16.75,0.002,7.93
05/07/2026 18:44,16.875,0.002,7.93
05/07/2026 18:14,16.75,0.002,7.93
05/07/2026 17:44,16.75,0.002,7.93
05/07/2026 17:14,16.75,0.002,7.93
05/07/2026 16:44,16.625,0.002,7.93
05/07/2026 16:14,16.625,0.002,7.93
05/07/2026 15:44,16.5,0.002,7.93
05/07/2026 15:14,16.5,0.002,7.93
05/07/2026 14:44,16.5,0.002,7.93
05/07/2026 14:14,16.5,0.002,7.93
05/07/2026 13:44,16.5,0.002,7.93
05/07/2026 13:14,16.375,0.002,7.93
05/07/2026 12:44,16.5,0.002,7.93
05/07/2026 12:14,16.375,0.002,7.93
05/07/2026 11:44,16.375,0.002,7.93
05/07/2026 11:14,16.25,0.002,7.93
05/07/2026 11:14,16.25,0.002,7.93
05/07/2026 10:44,16.25,0.002,7.93
05/07/2026 10:14,16.375,0.002,7.93
05/07/2026 09:44,16.25,0.002,7.92
05/07/2026 09:14,16.25,0.002,7.92
05/07/2026 08:44,16.25,0.002,7.92
05/07/2026 08:14,16.25,0.002,7.92
05/07/2026 07:44,16.25,0.002,7.92
05/07/2026 07:14,16.25,0.002,7.92
05/07/2026 06:44,16.25,0.002,7.92
05/07/2026 06:14,16.25,0.002,7.92
05/07/2026 05:44,16.125,0.002,7.92
05/07/2026 05:14,16.25,0.002,7.92
05/07/2026 04:44,16.25,0.002,7.92
05/07/2026 04:14,16.25,0.002,7.92
05/07/2026 03:44,16.375,0.002,7.92
05/07/2026 03:14,16.375,0.002,7.92
05/07/2026 02:44,16.375,0.002,7.92
05/07/2026 02:14,16.375,0.002,7.92
05/07/2026 01:44,16.5,0.002,7.92
05/07/2026 01:14,16.375,0.002,7.92
05/07/2026 00:44,16.375,0.002,7.92
05/07/2026 00:14,16.375,0.002,7.92
04/07/2026 23:44,16.5,0.002,7.92
04/07/2026 23:14,16.5,0.002,7.92
04/07/2026 22:44,16.5,0.002,7.92
04/07/2026 22:14,16.375,0.002,7.92
04/07/2026 21:44,16.625,0.002,7.92
04/07/2026 21:14,16.625,0.002,7.92
04/07/2026 20:44,16.625,0.002,7.92
04/07/2026 20:14,16.625,0.002,7.92
04/07/2026 19:44,16.625,0.002,7.92
04/07/2026 19:14,16.625,0.002,7.92
04/07/2026 18:44,16.5,0.002,7.92
04/07/2026 18:44,16.5,0.002,7.92
04/07/2026 18:14,16.625,0.002,7.92
04/07/2026 17:44,16.5,0.002,7.92
04/07/2026 17:14,16.5,0.002,7.92
04/07/2026 16:44,16.5,0.002,7.92
04/07/2026 16:14,16.5,0.002,7.92
04/07/2026 15:44,16.5,0.002,7.92
04/07/2026 15:14,16.375,0.002,7.92
04/07/2026 14:44,16.25,0.002,7.92
04/07/2026 14:14,16.375,0.002,7.92
04/07/2026 13:44,16.25,0.002,7.92
04/07/2026 13:14,16.375,0.002,7.92
04/07/2026 12:44,16.375,0.002,7.91
04/07/2026 12:14,16.25,0.002,7.91
04/07/2026 11:44,16.25,0.002,7.91
04/07/2026 11:14,16.125,0.002,7.91
04/07/2026 10:44,16.125,0.002,7.91
04/07/2026 10:14,16.125,0.002,7.91
04/07/2026 09:44,16.125,0.002,7.91
04/07/2026 09:14,16.25,0.002,7.91
04/07/2026 08:44,16.125,0.002,7.91
04/07/2026 08:44,16.125,0.002,7.91
04/07/2026 08:14,16.125,0.002,7.91
04/07/2026 07:44,16.125,0.002,7.91
04/07/2026 07:14,16.125,0.002,7.91
04/07/2026 06:44,16,0.002,7.91
04/07/2026 06:14,16.125,0.002,7.91
04/07/2026 05:44,16.125,0.002,7.91
04/07/2026 05:44,16.125,0.002,7.91
04/07/2026 05:14,16.125,0.002,7.91
04/07/2026 04:44,16,0.002,7.9
04/07/2026 04:14,16.125,0.002,7.9
04/07/2026 03:44,16.125,0.002,7.91
04/07/2026 03:14,16.125,0.002,7.91
04/07/2026 02:44,16.25,0.002,7.9
04/07/2026 02:14,16.25,0.002,7.9
04/07/2026 01:44,16.375,0.002,7.9
04/07/2026 01:14,16.375,0.002,7.9
04/07/2026 00:44,16.375,0.002,7.9
04/07/2026 00:14,16.375,0.002,7.9
03/07/2026 23:44,16.375,0.002,7.9
03/07/2026 23:14,16.25,0.002,7.9
03/07/2026 22:44,16.375,0.002,7.9
03/07/2026 22:14,16.375,0.002,7.9
03/07/2026 21:44,16.375,0.002,7.9
03/07/2026 21:14,16.375,0.002,7.89
03/07/2026 20:44,16.5,0.002,7.89
03/07/2026 20:14,16.5,0.002,7.89
03/07/2026 19:44,16.375,0.002,7.89
03/07/2026 19:14,16.5,0.002,7.89
03/07/2026 18:44,16.5,0.002,7.89
03/07/2026 18:14,16.375,0.002,7.89
03/07/2026 17:44,16.375,0.002,7.89
03/07/2026 17:14,16.375,0.002,7.89
03/07/2026 16:44,16.375,0.002,7.88
03/07/2026 16:14,16.375,0.002,7.88
03/07/2026 15:44,16.375,0.002,7.88
03/07/2026 15:14,16.25,0.002,7.88
03/07/2026 14:44,16.25,0.002,7.88
03/07/2026 14:14,16.25,0.002,7.88
03/07/2026 13:44,16.25,0.002,7.88
03/07/2026 13:14,16.125,0.002,7.87
03/07/2026 12:44,16,0.002,7.87
03/07/2026 12:14,16.125,0.002,7.87
03/07/2026 11:44,16.125,0.002,7.87
03/07/2026 11:14,16.125,0.002,7.87
03/07/2026 10:44,16.125,0.002,7.87
03/07/2026 10:14,16.125,0.002,7.87
03/07/2026 09:44,15.875,0.002,7.87
03/07/2026 09:14,16,0.002,7.86
03/07/2026 08:44,16,0.002,7.86
03/07/2026 08:14,15.875,0.002,7.86
03/07/2026 07:44,16,0.002,7.86
03/07/2026 07:14,16,0.002,7.86
03/07/2026 06:44,16.125,0.002,7.85
03/07/2026 06:14,16,0.002,7.85
03/07/2026 05:44,16,0.002,7.85
03/07/2026 05:14,16,0.002,7.85
03/07/2026 04:44,16.125,0.002,7.85
03/07/2026 04:14,16,0.002,7.84
03/07/2026 03:44,16,0.002,7.84
03/07/2026 03:14,16.125,0.002,7.84
03/07/2026 02:44,16.25,0.002,7.84
03/07/2026 02:14,16.125,0.002,7.83
03/07/2026 01:44,16,0.002,7.83
03/07/2026 01:14,16.25,0.002,7.83
03/07/2026 01:14,16.25,0.002,7.83
03/07/2026 00:44,16.125,0.002,7.82
03/07/2026 00:14,16.125,0.002,7.82
02/07/2026 23:44,16.25,0.002,7.82
02/07/2026 23:14,16.125,0.002,7.82
02/07/2026 23:14,16.125,0.002,7.82
02/07/2026 22:44,16.25,0.002,7.81
02/07/2026 22:14,16.25,0.002,7.81
02/07/2026 21:44,16.25,0.002,7.8
02/07/2026 21:14,16.25,0.002,7.8
02/07/2026 20:44,16.25,0.002,7.8
02/07/2026 20:14,16.375,0.002,7.79
02/07/2026 19:44,16.25,0.002,7.79
02/07/2026 19:14,16.375,0.002,7.78
02/07/2026 18:44,16.25,0.002,7.78
02/07/2026 18:14,16.25,0.002,7.77
02/07/2026 17:44,16.375,0.002,7.77
02/07/2026 17:14,16.25,0.002,7.76
02/07/2026 16:44,16.375,0.002,7.75
02/07/2026 16:14,16.25,0.002,7.75
02/07/2026 15:44,16.25,0.002,7.74
02/07/2026 15:14,16.125,0.002,7.73
02/07/2026 14:44,16.25,0.002,7.72
02/07/2026 14:14,16.125,0.002,7.72
02/07/2026 13:44,16.125,0.002,7.71
02/07/2026 13:14,16.125,0.002,7.71
02/07/2026 12:44,16.125,0.002,7.7
02/07/2026 12:14,16.125,0.002,7.7
02/07/2026 11:44,16.125,0.002,7.71
02/07/2026 11:14,16.125,0.002,7.71
02/07/2026 10:44,16,0.002,7.73
02/07/2026 10:14,16,0.002,7.74
02/07/2026 09:44,15.875,0.002,7.76
02/07/2026 09:14,16,0.002,7.79
02/07/2026 08:44,15.875,0.002,7.81
02/07/2026 08:14,16,0.002,7.83
02/07/2026 07:44,15.875,0.002,7.84
02/07/2026 07:14,16,0.002,7.86
02/07/2026 06:44,15.75,0.002,7.87
02/07/2026 06:14,15.75,0.002,7.87
02/07/2026 05:44,15.75,0.002,7.87
02/07/2026 05:14,15.875,0.002,7.86
02/07/2026 04:44,15.75,0.002,7.87
02/07/2026 04:14,15.875,0.002,7.86
02/07/2026 03:44,15.75,0.002,7.86
02/07/2026 03:14,15.875,0.002,7.86
02/07/2026 02:44,15.875,0.002,7.86
02/07/2026 02:14,15.75,0.002,7.86
02/07/2026 01:44,15.75,0.002,7.86
02/07/2026 01:14,15.875,0.002,7.85
02/07/2026 00:44,15.875,0.002,7.85
02/07/2026 00:14,15.875,0.002,7.85
01/07/2026 23:44,15.875,0.002,7.85
01/07/2026 23:14,15.75,0.002,7.85
01/07/2026 22:44,15.75,0.002,7.84
01/07/2026 22:14,15.875,0.002,7.84
01/07/2026 21:44,15.875,0.002,7.84
01/07/2026 21:14,16,0.002,7.84
01/07/2026 20:44,16.125,0.002,7.83
01/07/2026 20:14,16.125,0.002,7.83
01/07/2026 19:44,16.125,0.002,7.83
01/07/2026 19:44,16.125,0.002,7.83
01/07/2026 19:14,16.25,0.002,7.82
01/07/2026 18:44,16.125,0.002,7.82
01/07/2026 18:14,16.125,0.002,7.82
01/07/2026 17:44,16.25,0.002,7.82
01/07/2026 17:44,16.25,0.002,7.82
01/07/2026 17:14,16.375,0.002,7.82
01/07/2026 16:44,16.25,0.002,7.81
01/07/2026 16:14,16.25,0.002,7.81
01/07/2026 15:44,16.375,0.002,7.81
01/07/2026 15:14,16.375,0.002,7.82
01/07/2026 14:44,16.375,0.002,7.82
01/07/2026 14:14,16.5,0.002,7.83
01/07/2026 13:44,16.5,0.002,7.84
01/07/2026 13:14,16.5,0.002,7.85
01/07/2026 12:44,16.625,0.002,7.87
01/07/2026 12:14,16.625,0.002,7.9
01/07/2026 11:44,16.5,0.002,7.91
01/07/2026 11:14,16.5,0.002,7.93
01/07/2026 10:44,16.375,0.002,7.94
01/07/2026 10:14,16.375,0.002,7.94
01/07/2026 09:44,16.25,0.002,7.94
01/07/2026 09:14,16.375,0.002,7.94
01/07/2026 08:44,16.25,0.002,7.94
01/07/2026 08:14,16.25,0.002,7.94
01/07/2026 07:44,16.25,0.002,7.94
01/07/2026 07:14,16.25,0.002,7.94
01/07/2026 06:44,16.25,0.002,7.94
01/07/2026 06:14,16.375,0.002,7.94
01/07/2026 05:44,16.375,0.002,7.94
01/07/2026 05:14,16.375,0.002,7.94
01/07/2026 04:44,16.5,0.002,7.94
01/07/2026 04:14,16.5,0.002,7.94
01/07/2026 03:44,16.5,0.002,7.94
01/07/2026 03:14,16.625,0.002,7.94
01/07/2026 02:44,16.625,0.002,7.94
01/07/2026 02:44,16.625,0.002,7.94
01/07/2026 02:14,16.5,0.002,7.94
01/07/2026 01:44,16.625,0.002,7.95
01/07/2026 01:14,17.625,0.002,7.95
01/07/2026 00:44,15.75,0.002,7.95
01/07/2026 00:14,16.75,0.002,7.95
30/06/2026 23:44,16.75,0.002,7.95
30/06/2026 23:14,16.875,0.002,7.95
30/06/2026 22:44,16.875,0.002,7.95
30/06/2026 22:14,17,0.002,7.95
30/06/2026 21:44,17,0.002,7.95
30/06/2026 21:14,17,0.002,7.95
30/06/2026 20:44,17.25,0.002,7.95
30/06/2026 20:14,17.125,0.002,7.95
30/06/2026 19:44,17.25,0.002,7.95
30/06/2026 19:44,17.25,0.002,7.95
30/06/2026 19:14,17.25,0.002,7.95
30/06/2026 18:44,17.125,0.002,7.95
30/06/2026 18:14,17.125,0.002,7.95
30/06/2026 17:44,17.125,0.002,7.94
30/06/2026 17:14,16.875,0.002,7.95
30/06/2026 16:44,16.875,0.002,7.95
30/06/2026 16:14,16.875,0.002,7.94
30/06/2026 15:44,16.75,0.002,7.94
30/06/2026 15:14,16.75,0.002,7.94
30/06/2026 14:44,16.625,0.002,7.94
30/06/2026 14:14,16.625,0.002,7.94
30/06/2026 13:44,16.5,0.002,7.94
30/06/2026 13:14,16.375,0.002,7.94
30/06/2026 12:44,16.375,0.002,7.94
30/06/2026 12:14,16.375,0.002,7.94
30/06/2026 11:44,16.25,0.002,7.94
30/06/2026 11:14,16.375,0.002,7.94
30/06/2026 10:44,16.25,0.002,7.94
30/06/2026 10:14,16.125,0.002,7.94
30/06/2026 09:44,16.25,0.002,7.94
30/06/2026 09:14,16.25,0.002,7.94
30/06/2026 08:44,16.125,0.002,7.94
30/06/2026 08:14,16,0.002,7.94
30/06/2026 07:44,16.125,0.002,7.94
30/06/2026 07:14,16,0.002,7.94
30/06/2026 06:44,16.125,0.002,7.94
30/06/2026 06:14,16.125,0.002,7.94
30/06/2026 05:44,16.125,0.002,7.94
30/06/2026 05:14,16.25,0.002,7.94
30/06/2026 05:14,16.25,0.002,7.94
30/06/2026 04:44,16.25,0.002,7.94
30/06/2026 04:14,16.375,0.002,7.94
30/06/2026 03:44,16.25,0.002,7.94
30/06/2026 03:14,16.375,0.002,7.94
30/06/2026 02:44,16.375,0.002,7.94
30/06/2026 02:44,16.375,0.002,7.94
30/06/2026 02:14,16.25,0.002,7.94
30/06/2026 01:44,16.375,0.002,7.94
30/06/2026 01:14,16.375,0.002,7.94
30/06/2026 00:44,16.5,0.002,7.94
30/06/2026 00:14,16.375,0.002,7.94
29/06/2026 23:44,16.5,0.002,7.94
29/06/2026 23:14,16.5,0.002,7.94
29/06/2026 22:44,16.625,0.002,7.94
29/06/2026 22:14,16.5,0.002,7.94
29/06/2026 21:44,16.5,0.002,7.94
29/06/2026 21:14,16.625,0.002,7.94
29/06/2026 20:44,16.625,0.002,7.94
29/06/2026 20:14,16.625,0.002,7.94
29/06/2026 19:44,16.625,0.002,7.94
29/06/2026 19:14,16.625,0.002,7.94
29/06/2026 18:44,17.625,0.002,7.94
29/06/2026 18:14,16.75,0.002,7.94
29/06/2026 17:44,16.75,0.002,7.94
29/06/2026 17:14,16.625,0.002,7.94
29/06/2026 16:44,16.625,0.002,7.94
29/06/2026 16:14,16.5,0.002,7.93
29/06/2026 15:44,16.625,0.002,7.93
29/06/2026 15:14,16.5,0.002,7.94
29/06/2026 14:44,16.375,0.002,7.93
29/06/2026 14:14,16.25,0.002,7.94
29/06/2026 13:44,16.375,0.002,7.93
29/06/2026 13:14,16.25,0.002,7.93
29/06/2026 12:44,16.25,0.002,7.93
29/06/2026 12:14,16.125,0.002,7.93
29/06/2026 11:44,16.25,0.002,7.93
29/06/2026 11:44,16.25,0.002,7.93
29/06/2026 11:14,16.125,0.002,7.93
29/06/2026 10:44,16.25,0.002,7.93
29/06/2026 10:14,16.125,0.002,7.93
29/06/2026 09:44,16.125,0.002,7.93
29/06/2026 09:14,16,0.002,7.93
29/06/2026 08:44,16.125,0.002,7.93
29/06/2026 08:14,16.125,0.002,7.93
29/06/2026 07:44,16,0.002,7.93
29/06/2026 07:14,16.125,0.002,7.93
29/06/2026 06:44,16,0.002,7.93
29/06/2026 06:14,16.125,0.002,7.93
29/06/2026 05:44,16.125,0.002,7.94
29/06/2026 05:14,16.25,0.002,7.93
29/06/2026 04:44,16,0.002,7.94
29/06/2026 04:14,16.25,0.002,7.94
29/06/2026 03:44,16.25,0.002,7.94
29/06/2026 03:14,16.375,0.002,7.94
29/06/2026 02:44,16.375,0.002,7.93
29/06/2026 02:14,16.5,0.002,7.94
29/06/2026 01:44,16.25,0.002,7.94
29/06/2026 01:14,16.375,0.002,7.94
29/06/2026 00:44,16.375,0.002,7.94
29/06/2026 00:14,16.5,0.002,7.94
28/06/2026 23:44,16.5,0.002,7.94
28/06/2026 23:44,16.5,0.002,7.94
28/06/2026 23:14,16.5,0.002,7.94
28/06/2026 22:44,16.5,0.002,7.94
28/06/2026 22:14,16.625,0.002,7.94
28/06/2026 21:44,16.5,0.002,7.94
28/06/2026 21:14,15.75,0.002,7.94
28/06/2026 20:44,15.75,0.002,7.94
28/06/2026 20:14,16.75,0.002,7.94
28/06/2026 19:44,16.75,0.002,7.94
28/06/2026 19:44,16.75,0.002,7.94
28/06/2026 19:14,16.75,0.002,7.94
28/06/2026 18:44,16.75,0.002,7.94
28/06/2026 18:44,16.75,0.002,7.94
28/06/2026 18:14,16.75,0.002,7.94
28/06/2026 17:44,16.625,0.002,7.93
28/06/2026 17:14,16.625,0.002,7.93
28/06/2026 16:44,16.5,0.002,7.93
28/06/2026 16:14,16.625,0.002,7.93
28/06/2026 15:44,16.5,0.002,7.93
28/06/2026 15:14,16.5,0.002,7.93
28/06/2026 14:44,16.5,0.002,7.93
28/06/2026 14:14,16.25,0.002,7.93
28/06/2026 13:44,16.25,0.002,7.93
28/06/2026 13:14,16.25,0.002,7.93
28/06/2026 13:14,16.25,0.002,7.93
28/06/2026 12:44,16.25,0.002,7.93
28/06/2026 12:14,16.125,0.002,7.93
28/06/2026 11:44,16.125,0.002,7.93
28/06/2026 11:14,16.125,0.002,7.93
28/06/2026 10:44,16.125,0.002,7.93
28/06/2026 10:14,16,0.002,7.93
28/06/2026 09:44,16,0.002,7.93
28/06/2026 09:14,16,0.002,7.93
28/06/2026 08:44,16,0.002,7.93
28/06/2026 08:44,16,0.002,7.93
28/06/2026 08:14,16,0.002,7.93
28/06/2026 07:44,16.125,0.002,7.93
28/06/2026 07:14,16,0.002,7.93
28/06/2026 06:44,16,0.002,7.93
28/06/2026 06:14,16,0.002,7.93
28/06/2026 05:44,16.125,0.002,7.93
28/06/2026 05:14,16.125,0.002,7.93
28/06/2026 04:44,16.125,0.002,7.93
28/06/2026 04:14,16.125,0.002,7.93
28/06/2026 03:44,16.25,0.002,7.93
28/06/2026 03:14,16.25,0.002,7.93
28/06/2026 02:44,16.25,0.002,7.94
28/06/2026 02:14,16.375,0.002,7.94
28/06/2026 01:44,16.25,0.002,7.94
28/06/2026 01:14,16.375,0.002,7.94
28/06/2026 00:44,16.375,0.002,7.94
28/06/2026 00:14,16.375,0.002,7.94
27/06/2026 23:44,16.375,0.002,7.94
27/06/2026 23:14,16.375,0.002,7.94
27/06/2026 23:14,16.375,0.002,7.94
27/06/2026 22:44,16.5,0.002,7.93
27/06/2026 22:14,16.5,0.002,7.94
27/06/2026 21:44,16.5,0.002,7.94
27/06/2026 21:14,16.5,0.002,7.94
27/06/2026 20:44,16.5,0.002,7.94
27/06/2026 20:14,16.5,0.002,7.94
27/06/2026 19:44,16.625,0.002,7.94
27/06/2026 19:14,16.625,0.002,7.94
27/06/2026 18:44,16.625,0.002,7.94
27/06/2026 18:14,16.5,0.002,7.94
27/06/2026 17:44,16.625,0.002,7.94
27/06/2026 17:14,16.625,0.002,7.94
27/06/2026 16:44,16.625,0.002,7.94
27/06/2026 16:14,16.5,0.002,7.94
27/06/2026 15:44,16.625,0.002,7.94
27/06/2026 15:14,16.375,0.002,7.94
27/06/2026 14:44,16.375,0.002,7.94
27/06/2026 14:14,16.375,0.002,7.93
27/06/2026 13:44,16.375,0.002,7.93
27/06/2026 13:14,16.375,0.002,7.93
27/06/2026 12:44,16.375,0.002,7.93
27/06/2026 12:14,16.25,0.002,7.93
27/06/2026 11:44,16.25,0.002,7.93
27/06/2026 11:14,16.25,0.002,7.94
27/06/2026 10:44,16.25,0.002,7.93
27/06/2026 10:14,16.25,0.002,7.94
27/06/2026 09:44,16.25,0.002,7.93
27/06/2026 09:14,16.375,0.002,7.94
27/06/2026 08:44,16.375,0.002,7.94
27/06/2026 08:14,16.375,0.002,7.94
27/06/2026 07:44,16.25,0.002,7.94
27/06/2026 07:41,16.375,0.002,7.94
27/06/2026 07:14,16.25,0.002,7.94
27/06/2026 06:44,16.375,0.002,7.94
27/06/2026 06:14,16.375,0.002,7.94
27/06/2026 05:44,16.5,0.002,7.94
27/06/2026 05:14,16.5,0.002,7.94
27/06/2026 04:44,16.625,0.002,7.94
27/06/2026 04:14,16.625,0.002,7.94
27/06/2026 03:44,16.75,0.002,7.94
27/06/2026 03:14,16.75,0.002,7.94
27/06/2026 02:44,16.875,0.002,7.94
27/06/2026 02:14,17,0.002,7.94
27/06/2026 01:44,17,0.002,7.94
27/06/2026 01:14,17,0.002,7.95
27/06/2026 00:44,17.125,0.002,7.95
27/06/2026 00:14,17.375,0.002,7.95
26/06/2026 23:44,17.375,0.002,7.95
26/06/2026 23:14,17.375,0.002,7.95
26/06/2026 22:44,17.5,0.002,7.95
26/06/2026 22:14,17.75,0.002,7.95
26/06/2026 22:14,17.75,0.002,7.95
26/06/2026 21:44,17.75,0.002,7.95
26/06/2026 21:14,18,0.002,7.95
26/06/2026 21:14,18,0.002,7.95
26/06/2026 20:44,18,0.002,7.95
26/06/2026 20:14,18.125,0.002,7.95
26/06/2026 20:14,18.125,0.002,7.95
26/06/2026 19:44,18.5,0.002,7.95
26/06/2026 19:14,18.5,0.002,7.95
26/06/2026 18:44,18.625,0.002,7.95
26/06/2026 18:14,19.625,0.002,7.95
26/06/2026 17:44,18.75,0.002,7.95
26/06/2026 17:14,18.875,0.002,7.96
26/06/2026 16:44,19,0.002,7.96
26/06/2026 16:14,19.25,0.002,7.96
26/06/2026 15:56,18.75,0.003,7.96
26/06/2026 15:44,20,0.003,7.96
26/06/2026 15:14,20.125,0.003,7.96
26/06/2026 15:11,20.625,0.003,7.96
26/06/2026 14:44,17.625,0.003,7.94
26/06/2026 14:37,15.5,0.003,7.92
26/06/2026 14:37,15.25,0.003,7.92
26/06/2026 14:37,15,0.003,8.59
26/06/2026 13:14,16.25,0.003,7.93
26/06/2026 12:14,16.25,0.003,7.93
26/06/2026 11:44,16.125,0.003,7.93
26/06/2026 11:14,16.125,0.003,7.93
26/06/2026 10:44,16.125,0.003,7.92
26/06/2026 10:14,16.125,0.003,7.93
26/06/2026 09:44,16.125,0.003,7.92
26/06/2026 09:14,16.125,0.003,7.93
26/06/2026 08:44,15.875,0.003,7.93
26/06/2026 08:14,16,0.003,7.92
26/06/2026 07:44,16,0.003,7.92
26/06/2026 07:44,16,0.003,7.92
26/06/2026 07:14,16,0.003,7.92
26/06/2026 06:44,16,0.003,7.92
26/06/2026 06:14,16.125,0.003,7.92
26/06/2026 05:44,16,0.003,7.92
26/06/2026 05:14,16,0.003,7.92
26/06/2026 04:44,16,0.003,7.92
26/06/2026 04:14,16.125,0.003,7.92
26/06/2026 03:44,16.125,0.003,7.92
26/06/2026 03:14,16.125,0.003,7.92
26/06/2026 02:44,16.25,0.003,7.92
26/06/2026 02:14,16.125,0.003,7.92
26/06/2026 01:44,16.25,0.003,7.92
26/06/2026 01:14,16,0.003,7.92
26/06/2026 01:14,16,0.003,7.92
26/06/2026 00:44,16.125,0.003,7.92
26/06/2026 00:14,16.125,0.003,7.92
25/06/2026 23:44,16.25,0.003,7.92
25/06/2026 23:14,16.25,0.003,7.91
25/06/2026 22:44,16.25,0.003,7.91
25/06/2026 22:14,16.25,0.003,7.91
25/06/2026 21:44,16.25,0.003,7.91
25/06/2026 21:44,16.25,0.003,7.91
25/06/2026 21:14,16.25,0.003,7.91
25/06/2026 20:44,16.375,0.003,7.91
25/06/2026 20:14,16.375,0.003,7.91
25/06/2026 19:44,16.25,0.003,7.91
25/06/2026 19:44,16.25,0.003,7.91
25/06/2026 19:14,16.375,0.003,7.91
25/06/2026 18:44,16.25,0.003,7.91
25/06/2026 18:14,16.25,0.003,7.91
25/06/2026 17:44,16.375,0.003,7.91
25/06/2026 17:14,16.25,0.003,7.91
25/06/2026 16:44,16.25,0.003,7.91
25/06/2026 16:14,16.25,0.003,7.9
25/06/2026 15:44,16.25,0.003,7.9
25/06/2026 15:14,16.25,0.003,7.9
25/06/2026 14:44,16.125,0.003,7.9
25/06/2026 14:14,16.125,0.003,7.9
25/06/2026 13:44,16.125,0.003,7.9
25/06/2026 13:14,16.125,0.003,7.9
25/06/2026 12:44,16.25,0.003,7.9
25/06/2026 12:14,16.25,0.003,7.9
25/06/2026 11:44,16.25,0.003,7.9
25/06/2026 11:14,16.125,0.003,7.9
25/06/2026 10:44,16.25,0.003,7.91
25/06/2026 10:14,16.125,0.003,7.91
25/06/2026 09:44,16.125,0.003,7.92
25/06/2026 09:14,16.25,0.003,7.93
25/06/2026 08:44,16,0.003,7.93
25/06/2026 08:14,15.875,0.003,7.93
25/06/2026 07:44,16,0.003,7.93
25/06/2026 07:14,16,0.003,7.93
25/06/2026 06:44,15.875,0.003,7.93
25/06/2026 06:14,15.875,0.003,7.93
25/06/2026 05:44,16,0.003,7.93
25/06/2026 05:14,16,0.003,7.93
25/06/2026 04:44,16,0.003,7.93
25/06/2026 04:14,16.125,0.003,7.93
25/06/2026 03:44,16.125,0.003,7.93
25/06/2026 03:14,16.125,0.003,7.93
25/06/2026 02:44,16.125,0.003,7.93
25/06/2026 02:14,16.125,0.003,7.93
25/06/2026 01:44,16.25,0.003,7.93
25/06/2026 01:14,16.125,0.003,7.93
25/06/2026 00:44,16.125,0.003,7.93
25/06/2026 00:14,16.25,0.003,7.93
24/06/2026 23:44,16.125,0.003,7.93
24/06/2026 23:14,16.25,0.003,7.93
24/06/2026 22:44,16.125,0.003,7.93
24/06/2026 22:14,16.125,0.003,7.93
24/06/2026 21:44,16.125,0.003,7.93
24/06/2026 21:14,16,0.003,7.92
24/06/2026 20:44,16.125,0.003,7.92
24/06/2026 20:14,16.125,0.003,7.93
24/06/2026 19:44,16.125,0.003,7.92
24/06/2026 19:14,16.125,0.003,7.92
24/06/2026 18:44,16.125,0.003,7.92
24/06/2026 18:14,16.125,0.003,7.92
24/06/2026 17:44,16.125,0.003,7.92
24/06/2026 17:14,16.25,0.003,7.92
24/06/2026 16:44,16.125,0.003,7.92
24/06/2026 16:14,16.125,0.003,7.92
24/06/2026 15:44,16.125,0.003,7.92
24/06/2026 15:14,16,0.003,7.92
24/06/2026 14:44,16.125,0.003,7.92
24/06/2026 14:14,16.125,0.003,7.92
24/06/2026 13:44,16.125,0.003,7.92
24/06/2026 13:14,16,0.003,7.92
24/06/2026 12:44,16,0.003,7.91
24/06/2026 12:14,16.125,0.003,7.91
24/06/2026 11:44,15.875,0.003,7.91
24/06/2026 11:14,16,0.003,7.91
24/06/2026 10:44,15.875,0.003,7.91
24/06/2026 10:14,15.875,0.003,7.91
24/06/2026 09:44,15.875,0.003,7.91
24/06/2026 09:14,15.75,0.003,7.91
24/06/2026 08:44,15.75,0.003,7.91
24/06/2026 08:14,15.75,0.003,7.91
24/06/2026 07:44,15.75,0.003,7.91
24/06/2026 07:44,15.75,0.003,7.91
24/06/2026 07:14,15.75,0.003,7.91
24/06/2026 06:44,15.75,0.003,7.9
24/06/2026 06:44,15.75,0.003,7.9
24/06/2026 06:14,15.875,0.003,7.91
24/06/2026 05:44,14.75,0.003,7.9
24/06/2026 05:14,16.625,0.003,7.9
24/06/2026 04:44,15.75,0.002,7.9
24/06/2026 04:14,15.75,0.002,7.9
24/06/2026 03:44,15.875,0.002,7.9
24/06/2026 03:14,15.75,0.002,7.9
24/06/2026 02:44,15.75,0.002,7.9
24/06/2026 02:14,14.75,0.002,7.9
24/06/2026 01:44,15.875,0.002,7.9
24/06/2026 01:14,14.875,0.002,7.9
24/06/2026 00:44,15.875,0.002,7.9
24/06/2026 00:14,15.875,0.002,7.9
23/06/2026 23:44,15.75,0.002,7.9
23/06/2026 23:14,15.75,0.002,7.9
23/06/2026 22:44,15.75,0.002,7.9
23/06/2026 22:14,14.875,0.002,7.9
23/06/2026 21:44,14.75,0.002,7.9
23/06/2026 21:14,15.75,0.002,7.89
23/06/2026 20:44,15.625,0.002,7.89
23/06/2026 20:14,15.625,0.002,7.89
23/06/2026 19:44,15.625,0.002,7.89
23/06/2026 19:14,16.625,0.002,7.89
23/06/2026 18:44,15.5,0.002,7.89
23/06/2026 18:14,15.5,0.002,7.89
23/06/2026 17:44,15.375,0.002,7.89
23/06/2026 17:14,15.375,0.002,7.88
23/06/2026 16:44,15.375,0.002,7.88
23/06/2026 16:14,15.375,0.002,7.88
23/06/2026 15:44,15.375,0.002,7.88
23/06/2026 15:14,15.375,0.002,7.88
23/06/2026 14:44,15.125,0.002,7.88
23/06/2026 14:14,15,0.002,7.88
23/06/2026 13:44,15.125,0.002,7.88
23/06/2026 13:14,15,0.002,7.88
23/06/2026 12:44,14.75,0.002,7.88
23/06/2026 12:14,15,0.002,7.88
23/06/2026 11:44,14.75,0.002,7.88
23/06/2026 11:14,15.25,0.003,7.88
23/06/2026 10:44,15.375,0.002,7.88
23/06/2026 10:14,15.625,0.002,7.88
23/06/2026 09:44,16.125,0.002,7.88
23/06/2026 09:14,16.125,0.002,7.88
23/06/2026 08:44,15.875,0.002,7.88
23/06/2026 08:14,15.875,0.003,7.88
23/06/2026 07:44,16,0.002,7.88
23/06/2026 07:14,14.75,0.002,7.87
23/06/2026 06:44,14.75,0.002,7.87
23/06/2026 06:14,15.625,0.002,7.87
23/06/2026 05:44,16.625,0.002,7.87
23/06/2026 05:14,15.625,0.002,7.87
23/06/2026 04:44,15.625,0.002,7.87
23/06/2026 04:14,15.625,0.002,7.86
23/06/2026 03:44,15.75,0.002,7.86
23/06/2026 03:14,15.625,0.002,7.86
23/06/2026 02:44,15.375,0.002,7.86
23/06/2026 02:14,15.25,0.002,7.86
23/06/2026 01:44,15.375,0.002,7.86
23/06/2026 01:44,15.375,0.002,7.86
23/06/2026 01:14,15.25,0.002,7.85
23/06/2026 00:44,15.375,0.002,7.85
23/06/2026 00:14,15,0.002,7.85
22/06/2026 23:44,14.75,0.002,7.85
22/06/2026 23:14,15.125,0.002,7.84
22/06/2026 22:44,15,0.002,7.84
22/06/2026 22:14,15,0.002,7.84
22/06/2026 21:44,15.625,0.002,7.84
22/06/2026 21:14,14.75,0.002,7.84
22/06/2026 20:44,14.5,0.002,7.83
22/06/2026 20:14,14.625,0.002,7.83
22/06/2026 19:44,14.5,0.002,7.83
22/06/2026 19:14,14.125,0.002,7.83
22/06/2026 18:44,14,0.002,7.83
22/06/2026 18:14,13.875,0.002,7.83
22/06/2026 17:44,13.625,0.002,7.83
22/06/2026 17:14,13.375,0.002,7.84
22/06/2026 16:44,13.625,0.002,7.84
22/06/2026 16:14,13.75,0.002,7.85
22/06/2026 15:44,13.875,0.002,7.86
22/06/2026 15:14,14.125,0.002,7.87
22/06/2026 14:44,14.375,0.001,7.88
22/06/2026 14:14,14.25,0.002,7.89
22/06/2026 13:44,14.5,0.002,7.9
22/06/2026 13:14,15.5,0.002,7.91
22/06/2026 12:44,14.75,0.003,7.92
22/06/2026 12:14,15.125,0.002,7.92
22/06/2026 11:44,15.375,0.003,7.92
22/06/2026 11:14,15.75,0.003,7.93
22/06/2026 10:44,15.875,0.002,7.93
22/06/2026 10:14,16.125,0.002,7.92
22/06/2026 09:44,16.125,0.002,7.92
22/06/2026 09:14,16,0.001,7.93
22/06/2026 08:44,16,0.001,7.92
22/06/2026 08:14,15.75,0.001,7.92
22/06/2026 07:44,15.75,0.001,7.92
22/06/2026 07:14,16.625,0.001,7.92
22/06/2026 06:44,15.875,0.001,7.92
22/06/2026 06:14,15.75,0.001,7.92
22/06/2026 06:14,15.75,0.001,7.92
22/06/2026 05:44,16.625,0.001,7.92
22/06/2026 05:14,15.625,0.001,7.92
22/06/2026 04:44,15.5,0.001,7.92
22/06/2026 04:14,15.625,0.001,7.92
22/06/2026 03:44,15.5,0.001,7.92
22/06/2026 03:14,15.625,0.001,7.92
22/06/2026 02:44,15.5,0.001,7.92
22/06/2026 02:14,15.5,0.001,7.92
22/06/2026 01:44,15.5,0.001,7.92
22/06/2026 01:14,15.25,0.001,7.92
22/06/2026 00:44,15.25,0.001,7.92
22/06/2026 00:14,15.125,0.001,7.92
21/06/2026 23:44,15,0.001,7.92
21/06/2026 23:14,15,0.001,7.92
21/06/2026 22:44,14.875,0.001,7.91
21/06/2026 22:14,14.875,0.001,7.92
21/06/2026 21:44,13.75,0.001,7.91
21/06/2026 21:14,15.5,0.001,7.91
21/06/2026 20:44,14.375,0.001,7.91
21/06/2026 20:14,14.375,0.001,7.91
21/06/2026 19:44,14.25,0.001,7.91
21/06/2026 19:14,14.125,0.001,7.91
21/06/2026 18:44,13.75,0.001,7.91
21/06/2026 18:14,14.625,0.001,7.91
21/06/2026 17:44,13.625,0.001,7.91
21/06/2026 17:14,12.75,0.001,7.91
21/06/2026 16:44,13.75,0.001,7.91
21/06/2026 16:14,13.875,0.001,7.92
21/06/2026 15:44,14.125,0.001,7.92
21/06/2026 15:14,14.25,0.002,7.92
21/06/2026 14:44,14.375,0.001,7.92
21/06/2026 14:14,14.5,0.001,7.92
21/06/2026 13:44,14.75,0.001,7.92
21/06/2026 13:14,14.875,0.001,7.92
21/06/2026 12:44,15.125,0.001,7.92
21/06/2026 12:14,15.375,0.001,7.92
21/06/2026 11:44,15.625,0.001,7.92
21/06/2026 11:14,15.875,0.001,7.93
21/06/2026 10:44,16.25,0.001,7.92
21/06/2026 10:44,16.25,0.001,7.92
21/06/2026 10:14,16.25,0.001,7.92
21/06/2026 09:44,16,0.001,7.92
21/06/2026 09:14,15.875,0.001,7.92
21/06/2026 08:44,15.875,0.001,7.92
21/06/2026 08:14,15.875,0.001,7.92
21/06/2026 07:44,15.875,0.001,7.92
21/06/2026 07:14,15.75,0.001,7.92
21/06/2026 06:44,16.625,0.001,7.92
21/06/2026 06:14,14.875,0.001,7.92
21/06/2026 05:44,15.75,0.001,7.92
21/06/2026 05:14,15.75,0.001,7.92
21/06/2026 04:44,16.625,0.001,7.92
21/06/2026 04:14,14.75,0.001,7.92
21/06/2026 03:44,15.625,0.001,7.92
21/06/2026 03:14,15.5,0.001,7.92
21/06/2026 02:44,15.5,0.001,7.91
21/06/2026 02:14,15.5,0.001,7.92
21/06/2026 01:44,15.5,0.001,7.91
21/06/2026 01:14,15.625,0.001,7.92
21/06/2026 00:44,15.5,0.001,7.91
21/06/2026 00:14,15.25,0.001,7.91
20/06/2026 23:44,15,0.001,7.91
20/06/2026 23:14,15.125,0.001,7.91
20/06/2026 22:44,15,0.001,7.91
20/06/2026 22:14,14.75,0.001,7.91
20/06/2026 21:44,14.75,0.001,7.91
20/06/2026 21:14,14.875,0.001,7.91
20/06/2026 20:44,14.625,0.001,7.91
20/06/2026 20:14,14.625,0.001,7.91
20/06/2026 19:44,14.5,0.001,7.91
20/06/2026 19:14,14.375,0.001,7.91
20/06/2026 18:44,14.25,0.001,7.91
20/06/2026 18:14,13.75,0.001,7.91
20/06/2026 17:44,13.625,0.001,7.91
20/06/2026 17:14,13.875,0.001,7.91
20/06/2026 16:44,13.875,0.001,7.92
20/06/2026 16:14,14.125,0.001,7.92
20/06/2026 15:44,14.25,0.001,7.92
20/06/2026 15:14,14.375,0.001,7.92
20/06/2026 14:44,14.625,0.001,7.92
20/06/2026 14:14,15,0.001,7.92
20/06/2026 13:44,15,0.001,7.92
20/06/2026 13:14,15.125,0.001,7.92
20/06/2026 12:44,15.5,0.001,7.92
20/06/2026 12:14,15.875,0.001,7.93
20/06/2026 11:44,16.125,0.001,7.92
20/06/2026 11:14,16,0.001,7.92
20/06/2026 10:44,16.125,0.001,7.92
20/06/2026 10:14,16,0.001,7.92
20/06/2026 09:44,15.875,0.001,7.92
20/06/2026 09:14,15.875,0.001,7.92
20/06/2026 08:44,15.75,0.001,7.92
20/06/2026 08:14,15.875,0.001,7.92
20/06/2026 07:44,14.75,0.001,7.92
20/06/2026 07:14,15.75,0.001,7.92
20/06/2026 06:44,16.5,0.001,7.92
20/06/2026 06:14,15.75,0.001,7.92
20/06/2026 05:44,14.75,0.001,7.92
20/06/2026 05:14,15.625,0.001,7.92
20/06/2026 04:44,15.625,0.001,7.92
20/06/2026 04:44,15.625,0.001,7.92
20/06/2026 04:14,15.5,0.001,7.92
20/06/2026 03:44,15.5,0.001,7.92
20/06/2026 03:14,15.5,0.001,7.92
20/06/2026 02:44,15.625,0.001,7.91
20/06/2026 02:14,15.625,0.001,7.91
20/06/2026 01:44,15.5,0.001,7.92
20/06/2026 01:14,15.5,0.001,7.91
20/06/2026 00:44,15.5,0.001,7.91
20/06/2026 00:14,15.25,0.001,7.91
19/06/2026 23:44,15.25,0.001,7.91
19/06/2026 23:14,15.125,0.001,7.91
19/06/2026 23:14,15.125,0.001,7.91
19/06/2026 22:44,15.125,0.001,7.91
19/06/2026 22:44,15.125,0.001,7.91
19/06/2026 22:14,15.125,0.001,7.91
19/06/2026 21:44,15.125,0.001,7.91
19/06/2026 21:14,15,0.001,7.91
19/06/2026 20:44,14.875,0.001,7.91
19/06/2026 20:14,14.75,0.001,7.9
19/06/2026 19:44,13.75,0.001,7.9
19/06/2026 19:14,14.5,0.001,7.9
19/06/2026 18:44,14.375,0.001,7.9
19/06/2026 18:44,14.375,0.001,7.9
19/06/2026 18:14,14.25,0.001,7.9
19/06/2026 17:44,14.25,0.001,7.9
19/06/2026 17:14,13.75,0.001,7.9
19/06/2026 16:44,14.625,0.001,7.9
19/06/2026 16:14,13.5,0.001,7.9
19/06/2026 15:44,13.875,0.001,7.91
19/06/2026 15:14,14.25,0.001,7.91
19/06/2026 14:44,14.25,0.001,7.91
19/06/2026 14:14,14.625,0.001,7.91
19/06/2026 13:44,14.75,0.001,7.91
19/06/2026 13:14,15.125,0.001,7.92
19/06/2026 12:44,15.375,0.001,7.92
19/06/2026 12:14,16,0.001,7.92
19/06/2026 11:44,16.125,0.001,7.91
19/06/2026 11:14,16.125,0.001,7.91
19/06/2026 10:44,15.875,0.001,7.92
19/06/2026 10:14,15.75,0.001,7.91
19/06/2026 09:44,14.75,0.001,7.91
19/06/2026 09:14,15.75,0.001,7.91
19/06/2026 08:44,15.5,0.001,7.91
19/06/2026 08:14,15.75,0.001,7.91
19/06/2026 07:44,14.75,0.001,7.91
19/06/2026 07:14,14.75,0.001,7.91
19/06/2026 06:44,15.625,0.001,7.91
19/06/2026 06:14,15.5,0.001,7.91
19/06/2026 06:14,15.5,0.001,7.91
19/06/2026 05:44,15.625,0.001,7.91
19/06/2026 05:14,15.5,0.001,7.91
19/06/2026 04:44,15.375,0.001,7.91
19/06/2026 04:14,15.375,0.001,7.91
19/06/2026 03:44,15.5,0.001,7.91
19/06/2026 03:14,15.375,0.001,7.91
19/06/2026 02:44,15.25,0.001,7.9
19/06/2026 02:14,15.125,0.001,7.9
19/06/2026 01:44,15.125,0.001,7.9
19/06/2026 01:14,15.125,0.001,7.9
19/06/2026 00:44,14.875,0.001,7.9
19/06/2026 00:14,15.125,0.001,7.9
18/06/2026 23:44,15,0.001,7.9
18/06/2026 23:14,14.75,0.001,7.89
18/06/2026 22:44,15,0.001,7.89
18/06/2026 22:14,14.875,0.001,7.89
18/06/2026 21:44,15.625,0.001,7.89
18/06/2026 21:14,13.75,0.001,7.89
18/06/2026 20:44,14.625,0.001,7.89
18/06/2026 20:14,14.5,0.001,7.89
18/06/2026 19:44,14.5,0.001,7.88
18/06/2026 19:14,14.25,0.001,7.89
18/06/2026 18:44,14,0.001,7.89
18/06/2026 18:14,13.75,0.001,7.88
18/06/2026 17:44,13.625,0.001,7.88
18/06/2026 17:14,13.375,0.001,7.88
18/06/2026 16:44,13.75,0.001,7.89
18/06/2026 16:14,13.875,0.001,7.89
18/06/2026 15:44,14.25,0.001,7.89
18/06/2026 15:14,14.375,0.001,7.89
18/06/2026 14:44,14.5,0.001,7.89
18/06/2026 14:14,14.625,0.001,7.9
18/06/2026 13:44,15,0.001,7.9
18/06/2026 13:14,15.25,0.001,7.91
18/06/2026 12:44,14.75,0.001,7.91
18/06/2026 12:14,16,0.001,7.93
18/06/2026 11:44,16.125,0.001,7.93
18/06/2026 11:14,16,0.001,7.94
18/06/2026 11:14,16,0.001,7.94
18/06/2026 10:44,15.875,0.001,7.95
18/06/2026 10:44,15.875,0.001,7.95
18/06/2026 10:14,15.625,0.001,7.95
18/06/2026 10:14,15.625,0.001,7.95
18/06/2026 09:44,15.5,0.001,7.95
18/06/2026 09:14,15.75,0.001,7.95
18/06/2026 08:44,15.625,0.001,7.95
18/06/2026 08:14,15.25,0.001,7.95
18/06/2026 07:44,15.375,0.001,7.95
18/06/2026 07:14,15.125,0.001,7.95
18/06/2026 06:44,15.125,0.001,7.95
18/06/2026 06:14,15.25,0.001,7.95
18/06/2026 05:44,15.375,0.001,7.95
18/06/2026 05:14,15.25,0.001,7.95
18/06/2026 04:44,15,0.001,7.95
18/06/2026 04:14,15.25,0.001,7.95
18/06/2026 03:44,15.25,0.001,7.95
18/06/2026 03:14,15,0.001,7.95
18/06/2026 02:44,15,0.001,7.95
18/06/2026 02:14,15.125,0.001,7.95
18/06/2026 01:44,15.125,0.001,7.95
18/06/2026 01:14,15,0.001,7.95
18/06/2026 00:44,15,0.001,7.95
18/06/2026 00:14,14.75,0.001,7.94
17/06/2026 23:44,14.625,0.001,7.94
17/06/2026 23:14,14.625,0.001,7.95
17/06/2026 22:44,15.625,0.001,7.94
17/06/2026 22:14,14.625,0.001,7.94
17/06/2026 21:44,14.5,0.001,7.94
17/06/2026 21:14,14.125,0.001,7.94
17/06/2026 20:44,14.125,0.001,7.94
17/06/2026 20:14,14.125,0.001,7.94
17/06/2026 20:14,14.125,0.001,7.94
17/06/2026 19:44,13.875,0.001,7.94
17/06/2026 19:14,12.75,0.001,7.94
17/06/2026 18:44,13.375,0.001,7.94
17/06/2026 18:14,13.75,0.001,7.94
17/06/2026 17:44,14,0.001,7.94
17/06/2026 17:14,14.375,0.001,7.94
17/06/2026 16:44,14.375,0.001,7.95
17/06/2026 16:14,14.5,0.001,7.95
17/06/2026 15:44,13.875,0.001,7.95
17/06/2026 15:14,14.75,0.001,7.95
17/06/2026 14:44,15,0.001,7.95
17/06/2026 14:14,15,0.001,7.95
17/06/2026 13:44,15.375,0.001,7.95
17/06/2026 13:14,15.5,0.001,7.95
17/06/2026 12:44,15.75,0.001,7.95
17/06/2026 12:14,16,0.001,7.95
17/06/2026 11:44,16,0.001,7.95
17/06/2026 11:14,15.75,0.001,7.95
17/06/2026 11:14,15.75,0.001,7.95
17/06/2026 10:44,15.75,0.001,7.95
17/06/2026 10:14,15.625,0.001,7.95
17/06/2026 09:44,15.625,0.002,7.95
17/06/2026 09:14,15.625,0.002,7.95
17/06/2026 08:44,15.625,0.002,7.95
17/06/2026 08:14,15.5,0.002,7.95
17/06/2026 07:44,15.625,0.002,7.95
17/06/2026 07:14,15.625,0.002,7.95
17/06/2026 06:44,15.5,0.002,7.95
17/06/2026 06:14,15.625,0.002,7.95
17/06/2026 05:44,15.5,0.002,7.95
17/06/2026 05:14,15.375,0.002,7.95
17/06/2026 04:44,15.625,0.002,7.95
17/06/2026 04:14,15.625,0.002,7.95
17/06/2026 03:44,15.375,0.002,7.95
17/06/2026 03:14,15.625,0.002,7.95
17/06/2026 02:44,15.5,0.002,7.95
17/06/2026 02:14,15.375,0.002,7.95
17/06/2026 01:44,15.25,0.002,7.95
17/06/2026 01:14,15.375,0.002,7.95
17/06/2026 00:44,15.5,0.002,7.95
17/06/2026 00:14,15.125,0.002,7.95
16/06/2026 23:44,15.375,0.002,7.95
16/06/2026 23:14,15,0.002,7.95
16/06/2026 22:44,15.125,0.002,7.95
16/06/2026 22:14,14.875,0.002,7.95
16/06/2026 21:44,14.75,0.002,7.94
16/06/2026 21:14,14.75,0.002,7.94
16/06/2026 20:44,13.75,0.002,7.94
16/06/2026 20:14,15.625,0.002,7.95
16/06/2026 19:44,14.75,0.002,7.94
16/06/2026 19:14,14.625,0.002,7.94
16/06/2026 18:44,14.375,0.002,7.94
16/06/2026 18:14,14.375,0.002,7.94
16/06/2026 17:44,14.125,0.002,7.94
16/06/2026 17:14,14,0.002,7.94
16/06/2026 16:44,14.125,0.002,7.94
16/06/2026 16:14,14.625,0.002,7.94
16/06/2026 15:44,14.625,0.002,7.95
16/06/2026 15:14,15.625,0.003,7.95
16/06/2026 14:44,15,0.002,7.95
16/06/2026 14:14,15.25,0.002,7.95
16/06/2026 13:44,15.5,0.002,7.95
16/06/2026 13:14,16.625,0.002,7.95
16/06/2026 12:44,16,0.002,7.95
16/06/2026 12:14,15.75,0.002,7.95
16/06/2026 11:44,14.75,0.002,7.95
16/06/2026 11:14,15.875,0.002,7.95
16/06/2026 10:44,14.75,0.002,7.95
16/06/2026 10:14,15.625,0.002,7.95
16/06/2026 10:14,15.625,0.002,7.95
16/06/2026 09:44,15.5,0.002,7.95
16/06/2026 09:14,15.625,0.002,7.95
16/06/2026 08:44,15.5,0.002,7.95
16/06/2026 08:14,15.5,0.002,7.95
16/06/2026 07:44,15.625,0.002,7.95
16/06/2026 07:14,15.625,0.003,7.95
16/06/2026 06:44,15.625,0.003,7.95
16/06/2026 06:14,15.5,0.003,7.95
16/06/2026 05:44,15.25,0.003,7.95
16/06/2026 05:14,15.5,0.002,7.95
16/06/2026 04:44,15.5,0.002,7.95
16/06/2026 04:14,15.5,0.002,7.95
16/06/2026 03:44,15.375,0.002,7.95
16/06/2026 03:14,15.5,0.002,7.95
16/06/2026 03:14,15.5,0.002,7.95
16/06/2026 02:44,15.5,0.002,7.95
16/06/2026 02:14,15.25,0.003,7.95
16/06/2026 01:44,15.375,0.002,7.95
16/06/2026 01:14,15.375,0.002,7.95
16/06/2026 00:44,15.25,0.002,7.95
16/06/2026 00:14,15.375,0.002,7.95
15/06/2026 23:44,15.25,0.002,7.95
15/06/2026 23:14,15.25,0.002,7.94
15/06/2026 22:44,15,0.002,7.95
15/06/2026 22:14,15.125,0.002,7.94
15/06/2026 21:44,15.25,0.002,7.94
15/06/2026 21:14,15,0.002,7.94
15/06/2026 20:44,15,0.002,7.94
15/06/2026 20:14,14.875,0.002,7.94
15/06/2026 19:44,14.875,0.002,7.94
15/06/2026 19:14,15.5,0.002,7.94
15/06/2026 18:44,14.5,0.002,7.94
15/06/2026 18:14,14.625,0.002,7.94
15/06/2026 17:44,14.25,0.002,7.94
15/06/2026 17:14,14.125,0.002,7.94
15/06/2026 16:44,14.125,0.002,7.94
15/06/2026 16:14,14.625,0.002,7.94
15/06/2026 15:44,15,0.002,7.94
15/06/2026 15:14,14.75,0.002,7.95
15/06/2026 14:44,14.875,0.002,7.94
15/06/2026 14:44,14.875,0.002,7.94
15/06/2026 14:14,15.125,0.002,7.95
15/06/2026 13:44,15.125,0.002,7.95
15/06/2026 13:14,15.25,0.002,7.95
15/06/2026 12:44,15.375,0.002,7.95
15/06/2026 12:44,15.375,0.002,7.95
15/06/2026 12:14,15.625,0.002,7.95
15/06/2026 11:44,15.875,0.002,7.95
15/06/2026 11:14,15.75,0.002,7.95
15/06/2026 10:44,16.625,0.002,7.95
15/06/2026 10:14,16.625,0.002,7.95
15/06/2026 09:44,15.625,0.002,7.95
15/06/2026 09:14,16.625,0.002,7.95
15/06/2026 08:44,15.5,0.002,7.95
15/06/2026 08:44,15.5,0.002,7.95
15/06/2026 08:14,15.5,0.002,7.95
15/06/2026 07:44,15.625,0.002,7.95
15/06/2026 07:14,15.375,0.002,7.95
15/06/2026 07:14,15.375,0.002,7.95
15/06/2026 06:44,15.5,0.002,7.95
15/06/2026 06:14,15.375,0.002,7.95
15/06/2026 05:44,15.375,0.002,7.95
15/06/2026 05:14,15.5,0.002,7.95
15/06/2026 04:44,15.375,0.002,7.95
15/06/2026 04:14,15.5,0.002,7.95
15/06/2026 03:44,15.5,0.002,7.95
15/06/2026 03:14,15.625,0.002,7.95
15/06/2026 02:44,15.375,0.002,7.95
15/06/2026 02:14,15.25,0.002,7.95
15/06/2026 01:44,15.5,0.002,7.94
15/06/2026 01:44,15.5,0.002,7.94
15/06/2026 01:14,15.25,0.002,7.94
15/06/2026 00:44,15.375,0.002,7.94
15/06/2026 00:14,15.375,0.002,7.94
14/06/2026 23:44,15.25,0.002,7.94
14/06/2026 23:14,15.25,0.002,7.94
14/06/2026 22:44,15,0.002,7.94
14/06/2026 22:14,15.375,0.002,7.94
14/06/2026 21:44,15.125,0.002,7.94
14/06/2026 21:14,15,0.002,7.94
14/06/2026 20:44,14.75,0.002,7.94
14/06/2026 20:14,14.875,0.002,7.94
14/06/2026 19:44,14.625,0.002,7.94
14/06/2026 19:14,14.875,0.002,7.94
14/06/2026 18:44,14.5,0.002,7.94
14/06/2026 18:14,14.25,0.002,7.94
14/06/2026 17:44,14.125,0.002,7.94
14/06/2026 17:14,14,0.002,7.94
14/06/2026 16:44,13.875,0.002,7.93
14/06/2026 16:14,13.875,0.002,7.94
14/06/2026 15:44,14.375,0.002,7.94
14/06/2026 15:14,14.875,0.002,7.95
14/06/2026 14:44,15.125,0.002,7.95
14/06/2026 14:14,15.5,0.002,7.95
14/06/2026 13:44,15.75,0.002,7.96
14/06/2026 13:14,16,0.002,7.96
14/06/2026 13:14,16,0.002,7.96
14/06/2026 12:44,15.875,0.002,7.96
14/06/2026 12:14,15.875,0.002,7.96
14/06/2026 11:44,15.75,0.002,7.96
14/06/2026 11:14,15.625,0.002,7.95
14/06/2026 10:44,14.75,0.002,7.95
14/06/2026 10:14,15.625,0.002,7.96
14/06/2026 09:44,15.5,0.002,7.96
14/06/2026 09:14,16.5,0.002,7.95
14/06/2026 08:44,15.5,0.002,7.96
14/06/2026 08:14,15.625,0.002,7.95
14/06/2026 07:44,15.5,0.002,7.96
14/06/2026 07:14,15.625,0.002,7.96
14/06/2026 06:44,15.375,0.002,7.96
14/06/2026 06:14,15.375,0.002,7.96
14/06/2026 05:44,15.5,0.002,7.96
14/06/2026 05:14,15.375,0.002,7.96
14/06/2026 04:44,15.5,0.002,7.96
14/06/2026 04:14,15.375,0.002,7.96
14/06/2026 03:44,15.5,0.002,7.96
14/06/2026 03:14,15.375,0.002,7.96
14/06/2026 02:44,15.5,0.002,7.96
14/06/2026 02:14,15.25,0.002,7.95
14/06/2026 01:44,15.25,0.002,7.96
14/06/2026 01:14,15.375,0.002,7.96
14/06/2026 00:44,15.25,0.002,7.96
14/06/2026 00:14,15,0.002,7.96
13/06/2026 23:44,15.125,0.002,7.96
13/06/2026 23:14,15,0.002,7.96
13/06/2026 22:44,15.125,0.002,7.96
13/06/2026 22:14,15.125,0.002,7.96
13/06/2026 21:44,15.125,0.002,7.96
13/06/2026 21:14,14.875,0.002,7.96
13/06/2026 20:44,15,0.002,7.96
13/06/2026 20:14,14.875,0.002,7.96
13/06/2026 19:44,14.875,0.002,7.96
13/06/2026 19:14,13.75,0.002,7.96
13/06/2026 18:44,13.75,0.002,7.96
13/06/2026 18:14,14.5,0.002,7.96
13/06/2026 17:44,14.5,0.002,7.96
13/06/2026 17:14,14.25,0.002,7.96
13/06/2026 16:44,14,0.002,7.96
13/06/2026 16:14,13.875,0.002,7.96
13/06/2026 15:44,14.375,0.002,7.96
13/06/2026 15:14,14.375,0.002,7.96
13/06/2026 14:44,14.5,0.002,7.96
13/06/2026 14:14,14.875,0.003,7.96
13/06/2026 13:44,15.375,0.003,7.96
13/06/2026 13:14,15.375,0.003,7.96
13/06/2026 12:44,15.625,0.003,7.96
13/06/2026 12:14,16.125,0.003,7.96
13/06/2026 11:44,16,0.003,7.96
13/06/2026 11:14,16,0.003,7.96
13/06/2026 10:44,15.875,0.003,7.96
13/06/2026 10:14,15.75,0.003,7.96
13/06/2026 09:44,15.75,0.003,7.96
13/06/2026 09:14,15.625,0.003,7.96
13/06/2026 08:44,15.75,0.003,7.96
13/06/2026 08:14,15.375,0.003,7.96
13/06/2026 07:44,15.625,0.003,7.95
13/06/2026 07:14,15.625,0.003,7.95
13/06/2026 06:44,15.5,0.002,7.95
13/06/2026 06:14,15.5,0.002,7.95
13/06/2026 05:44,15.5,0.002,7.95
13/06/2026 05:14,15.625,0.002,7.95
13/06/2026 05:14,15.625,0.002,7.95
13/06/2026 04:44,15.625,0.002,7.95
13/06/2026 04:14,15.625,0.002,7.95
13/06/2026 03:44,15.625,0.002,7.95
13/06/2026 03:14,15.625,0.002,7.95
13/06/2026 02:44,15.5,0.002,7.95
13/06/2026 02:14,15.5,0.002,7.94
13/06/2026 01:44,15.5,0.002,7.95
13/06/2026 01:14,15.375,0.002,7.94
13/06/2026 00:44,15.25,0.002,7.94
13/06/2026 00:14,15.375,0.002,7.94
12/06/2026 23:44,15.25,0.002,7.94
12/06/2026 23:14,15.25,0.002,7.94
12/06/2026 22:44,15.25,0.002,7.94
12/06/2026 22:14,15.25,0.002,7.94
12/06/2026 21:44,15,0.002,7.94
12/06/2026 21:14,15.25,0.002,7.93
12/06/2026 20:44,15.125,0.002,7.93
12/06/2026 20:14,15.125,0.002,7.93
12/06/2026 19:44,15,0.002,7.93
12/06/2026 19:14,14.875,0.002,7.93
12/06/2026 18:44,14.875,0.002,7.93
12/06/2026 18:14,13.75,0.002,7.93
12/06/2026 17:44,14.75,0.002,7.93
12/06/2026 17:44,14.75,0.002,7.93
12/06/2026 17:14,14.5,0.002,7.93
12/06/2026 16:44,14.375,0.002,7.92
12/06/2026 16:14,14.125,0.002,7.92
12/06/2026 15:44,13.875,0.002,7.92
12/06/2026 15:14,14.25,0.002,7.92
12/06/2026 14:44,14.625,0.002,7.92
12/06/2026 14:14,14.875,0.002,7.92
12/06/2026 14:14,14.875,0.002,7.92
12/06/2026 13:44,15.125,0.002,7.93
12/06/2026 13:14,15.5,0.002,7.93
12/06/2026 12:44,16.625,0.002,7.93
12/06/2026 12:14,15.875,0.002,7.93
12/06/2026 11:44,15.875,0.002,7.93
12/06/2026 11:14,15.75,0.002,7.93
12/06/2026 11:14,15.75,0.002,7.93
12/06/2026 10:44,16.625,0.002,7.94
12/06/2026 10:14,16.625,0.002,7.94
12/06/2026 09:44,15.625,0.002,7.94
12/06/2026 09:14,15.5,0.002,7.94
12/06/2026 08:44,15.5,0.002,7.94
12/06/2026 08:14,15.625,0.002,7.95
12/06/2026 07:44,15.625,0.002,7.94
12/06/2026 07:14,15.375,0.002,7.94
12/06/2026 06:44,15.375,0.002,7.94
12/06/2026 06:14,15.5,0.002,7.95
12/06/2026 06:14,15.5,0.002,7.95
12/06/2026 05:44,15.375,0.002,7.95
12/06/2026 05:14,15.25,0.002,7.95
12/06/2026 04:44,15.25,0.002,7.95
12/06/2026 04:14,15.25,0.002,7.95
12/06/2026 03:44,15.125,0.002,7.95
12/06/2026 03:14,15.375,0.002,7.94
12/06/2026 02:44,15.125,0.002,7.94
12/06/2026 02:14,15.125,0.002,7.94
12/06/2026 02:14,15.125,0.002,7.94
12/06/2026 01:44,15,0.002,7.93
12/06/2026 01:44,15,0.002,7.93
12/06/2026 01:14,15,0.002,7.93
12/06/2026 00:44,14.875,0.002,7.92
12/06/2026 00:14,15.625,0.002,7.91
11/06/2026 23:44,13.75,0.002,7.92
11/06/2026 23:14,14.625,0.002,7.93
11/06/2026 22:44,14.5,0.002,7.94
11/06/2026 22:14,14.375,0.002,7.95
11/06/2026 21:44,15.125,0.002,7.97
11/06/2026 21:14,16,0.002,7.98
11/06/2026 20:44,16.625,0.002,7.99
11/06/2026 20:14,17.625,0.002,8
11/06/2026 19:45,19.5,0.002,8
11/06/2026 19:44,19.75,0.002,8
11/06/2026 19:29,20.5,0.002,8.01
11/06/2026 19:14,14.375,0.002,7.95
11/06/2026 19:13,14,0.002,7.95
11/06/2026 19:12,13.75,0.002,7.95
11/06/2026 19:12,14.625,0.002,8.64
11/06/2026 17:33,14.25,0.002,7.94
11/06/2026 17:14,14.125,0.002,7.94
11/06/2026 17:14,14.125,0.002,7.94
11/06/2026 16:44,14,0.002,7.9
11/06/2026 16:14,14.25,0.002,7.87
11/06/2026 15:44,13.75,0.002,7.83
11/06/2026 15:14,14.75,0.002,7.78
11/06/2026 14:44,15.25,0.003,7.71
11/06/2026 14:14,16.125,0.003,7.59
11/06/2026 13:44,16.25,0.003,7.39
11/06/2026 13:14,16.125,0.004,7.14
11/06/2026 12:44,16.125,0.005,6.92
11/06/2026 12:14,16.125,0.005,6.78
11/06/2026 11:44,16.125,0.006,6.71
11/06/2026 11:15,16,0.008,6.68
11/06/2026 11:14,16.25,0.008,6.68
11/06/2026 11:14,16,0.008,6.85
07/06/2026 12:44,16,0.004,7.91
07/06/2026 12:44,16,0.004,7.91
07/06/2026 12:14,15.875,0.004,7.91
07/06/2026 11:44,15.75,0.004,7.91
07/06/2026 11:14,14.75,0.004,7.91
07/06/2026 10:44,16.625,0.004,7.92
07/06/2026 10:14,14.75,0.004,7.92
07/06/2026 09:44,16.625,0.004,7.91
07/06/2026 09:14,15.625,0.004,7.91
07/06/2026 08:44,15.5,0.004,7.91
07/06/2026 08:14,16.5,0.004,7.91
07/06/2026 07:44,15.625,0.004,7.91
07/06/2026 07:14,15.5,0.004,7.91
07/06/2026 06:44,15.625,0.004,7.91
07/06/2026 06:14,14.75,0.004,7.91
07/06/2026 05:44,15.5,0.004,7.91
07/06/2026 05:14,15.375,0.004,7.91
07/06/2026 04:44,15.5,0.004,7.91
07/06/2026 04:14,15.375,0.004,7.91
07/06/2026 03:44,15.25,0.004,7.91
07/06/2026 03:14,15.375,0.004,7.91
07/06/2026 02:44,15.375,0.004,7.91
07/06/2026 02:14,15.375,0.004,7.91
07/06/2026 01:44,15.125,0.004,7.91
07/06/2026 01:14,15,0.004,7.91
07/06/2026 00:44,15.125,0.004,7.91
07/06/2026 00:14,14.75,0.004,7.91
06/06/2026 23:44,14.875,0.004,7.9
06/06/2026 23:14,14.875,0.004,7.91
06/06/2026 22:44,14.875,0.004,7.9
06/06/2026 22:14,14.875,0.004,7.9
06/06/2026 21:44,14.875,0.004,7.9
06/06/2026 21:14,14.625,0.004,7.9
06/06/2026 20:44,14.625,0.004,7.9
06/06/2026 20:14,14.625,0.004,7.9
06/06/2026 19:44,14.375,0.004,7.9
06/06/2026 19:14,14.375,0.004,7.9
06/06/2026 18:44,14.25,0.004,7.9
06/06/2026 18:14,14.125,0.004,7.9
06/06/2026 17:44,14,0.004,7.9
06/06/2026 17:14,14,0.004,7.9
06/06/2026 16:44,13.875,0.004,7.9
06/06/2026 16:14,13.75,0.004,7.9
06/06/2026 15:44,14.875,0.004,7.9
06/06/2026 15:14,15.375,0.004,7.9
06/06/2026 14:44,16.5,0.004,7.9
06/06/2026 14:14,16,0.004,7.91
06/06/2026 13:44,16,0.004,7.91
06/06/2026 13:14,15.875,0.004,7.9
06/06/2026 12:44,16,0.004,7.9
06/06/2026 12:14,15.75,0.004,7.9
06/06/2026 11:44,16.625,0.004,7.9
06/06/2026 11:14,14.75,0.004,7.9
06/06/2026 10:44,15.625,0.004,7.9
06/06/2026 10:14,15.5,0.004,7.9
06/06/2026 09:44,15.5,0.004,7.9
06/06/2026 09:14,15.5,0.004,7.9
06/06/2026 08:44,15.625,0.004,7.9
06/06/2026 08:39,15.5,0.004,7.9
06/06/2026 08:14,15.375,0.004,7.9
06/06/2026 07:44,15.25,0.004,7.9
06/06/2026 07:14,15.375,0.004,7.9
06/06/2026 06:44,15.5,0.004,7.9
06/06/2026 06:14,15.375,0.004,7.9
06/06/2026 05:44,15.25,0.003,7.9
06/06/2026 05:14,15.375,0.004,7.9
06/06/2026 04:44,15.375,0.004,7.9
06/06/2026 04:14,15.125,0.004,7.9
06/06/2026 03:44,15,0.004,7.9
06/06/2026 03:14,15.25,0.004,7.9
06/06/2026 02:44,15,0.004,7.9
06/06/2026 02:14,14.875,0.004,7.9
06/06/2026 01:44,15,0.004,7.9
06/06/2026 01:44,15,0.004,7.9
06/06/2026 01:14,15,0.004,7.9
06/06/2026 01:14,15,0.004,7.9
06/06/2026 00:44,15.125,0.004,7.9
06/06/2026 00:14,14.75,0.004,7.9
05/06/2026 23:44,14.75,0.004,7.9
05/06/2026 23:14,14.875,0.004,7.9
05/06/2026 22:44,14.875,0.004,7.89
05/06/2026 22:14,13.75,0.004,7.9
05/06/2026 21:44,13.75,0.004,7.89
05/06/2026 21:14,14.5,0.004,7.89
05/06/2026 20:44,14.5,0.004,7.89
05/06/2026 20:44,14.5,0.004,7.89
05/06/2026 20:14,14.5,0.004,7.89
05/06/2026 19:44,14.375,0.004,7.89
05/06/2026 19:44,14.375,0.004,7.89
05/06/2026 19:14,14.25,0.004,7.89
05/06/2026 18:44,15,0.004,7.89
05/06/2026 18:14,15.875,0.004,7.9
05/06/2026 17:44,16.125,0.004,7.9
05/06/2026 17:14,16,0.004,7.9
05/06/2026 16:44,15.875,0.004,7.9
05/06/2026 16:14,16,0.004,7.9
05/06/2026 15:44,15.875,0.004,7.9
05/06/2026 15:14,15.875,0.004,7.9
05/06/2026 15:14,15.875,0.004,7.9
05/06/2026 14:44,16,0.004,7.9
05/06/2026 14:14,15.875,0.004,7.9
05/06/2026 13:44,15.875,0.004,7.9
05/06/2026 13:14,15.875,0.004,7.9
05/06/2026 12:44,15.75,0.004,7.9
05/06/2026 12:14,15.875,0.004,7.9
05/06/2026 11:44,16.625,0.004,7.9
05/06/2026 11:14,14.875,0.004,7.91
05/06/2026 10:44,15.625,0.004,7.91
05/06/2026 10:14,15.375,0.004,7.92
05/06/2026 09:44,15.5,0.004,7.91
05/06/2026 09:14,15.5,0.004,7.91
05/06/2026 08:44,15.5,0.004,7.91
05/06/2026 08:14,15.25,0.004,7.91
05/06/2026 07:44,15.5,0.004,7.92
05/06/2026 07:14,15.375,0.004,7.91
05/06/2026 07:14,15.375,0.004,7.91
05/06/2026 06:44,15.25,0.004,7.91
05/06/2026 06:14,15.375,0.004,7.91
05/06/2026 06:14,15.375,0.004,7.91
05/06/2026 05:44,15.5,0.004,7.91
05/06/2026 05:14,15.25,0.004,7.91
05/06/2026 04:44,15.5,0.004,7.91
05/06/2026 04:14,15.25,0.004,7.91
05/06/2026 03:44,15.125,0.004,7.91
05/06/2026 03:14,15.25,0.004,7.91
05/06/2026 02:44,15.25,0.004,7.91
05/06/2026 02:14,15.25,0.004,7.91
05/06/2026 01:44,15,0.004,7.91
05/06/2026 01:14,15.125,0.004,7.91
05/06/2026 00:44,15.125,0.004,7.91
05/06/2026 00:14,15.25,0.004,7.91
04/06/2026 23:44,14.875,0.004,7.91
04/06/2026 23:14,14.875,0.004,7.9
04/06/2026 22:44,14.75,0.004,7.91
04/06/2026 22:14,15.625,0.004,7.9
04/06/2026 21:44,13.75,0.004,7.91
04/06/2026 21:14,13.75,0.004,7.91
04/06/2026 21:14,13.75,0.004,7.91
04/06/2026 20:44,14.5,0.004,7.91
04/06/2026 20:44,14.5,0.004,7.91
04/06/2026 20:14,14.5,0.004,7.9
04/06/2026 19:44,14.25,0.004,7.9
04/06/2026 19:14,14.125,0.004,7.9
04/06/2026 18:44,14.375,0.004,7.9
04/06/2026 18:14,15.125,0.004,7.91
04/06/2026 17:44,16,0.004,7.91
04/06/2026 17:14,16,0.004,7.91
04/06/2026 16:44,16,0.004,7.91
04/06/2026 16:14,16,0.004,7.91
04/06/2026 15:44,16,0.004,7.91
04/06/2026 15:14,16,0.004,7.91
04/06/2026 14:44,15.875,0.004,7.91
04/06/2026 14:14,15.875,0.004,7.91
04/06/2026 13:44,16,0.004,7.91
04/06/2026 13:14,15.75,0.004,7.91
04/06/2026 12:44,15.875,0.004,7.91
04/06/2026 12:14,15.75,0.004,7.91
04/06/2026 11:44,16.5,0.004,7.91
04/06/2026 11:14,15.5,0.004,7.91
04/06/2026 10:44,15.75,0.004,7.91
04/06/2026 10:14,15.5,0.004,7.91
04/06/2026 09:44,15.5,0.004,7.91
04/06/2026 09:14,15.5,0.004,7.91
04/06/2026 08:44,15.375,0.004,7.91
04/06/2026 08:14,15.375,0.004,7.9
04/06/2026 07:44,15.5,0.004,7.91
04/06/2026 07:14,15.125,0.004,7.91
04/06/2026 06:44,15.25,0.004,7.91
04/06/2026 06:14,15.25,0.004,7.91
04/06/2026 05:44,15.375,0.004,7.91
04/06/2026 05:14,15.375,0.004,7.91
04/06/2026 04:44,15.25,0.004,7.91
04/06/2026 04:14,15,0.004,7.9
04/06/2026 03:44,15.25,0.004,7.91
04/06/2026 03:14,15,0.004,7.91
04/06/2026 02:44,15,0.004,7.91
04/06/2026 02:14,14.75,0.004,7.91
04/06/2026 01:44,14.75,0.004,7.91
04/06/2026 01:14,15,0.004,7.9
04/06/2026 00:44,15.625,0.004,7.9
04/06/2026 00:14,13.875,0.004,7.9
03/06/2026 23:44,14.625,0.004,7.9
03/06/2026 23:14,14.625,0.004,7.9
03/06/2026 22:44,14.375,0.004,7.9
03/06/2026 22:14,14.375,0.004,7.9
03/06/2026 21:44,14.25,0.004,7.9
03/06/2026 21:14,14.25,0.004,7.9
03/06/2026 21:14,14.25,0.004,7.9
03/06/2026 20:44,14.125,0.004,7.9
03/06/2026 20:14,14,0.004,7.9
03/06/2026 19:44,13.875,0.004,7.9
03/06/2026 19:14,12.75,0.004,7.9
03/06/2026 18:44,13.625,0.004,7.9
03/06/2026 18:14,14,0.004,7.9
03/06/2026 17:44,14,0.004,7.91
03/06/2026 17:14,14.375,0.004,7.91
03/06/2026 16:44,14.25,0.004,7.91
03/06/2026 16:14,14.5,0.004,7.91
03/06/2026 15:44,15.625,0.004,7.9
03/06/2026 15:14,14.75,0.004,7.91
03/06/2026 14:44,15,0.004,7.91
03/06/2026 14:14,15.375,0.004,7.91
03/06/2026 13:44,15.875,0.004,7.91
03/06/2026 13:14,15.75,0.004,7.92
03/06/2026 12:44,15.875,0.004,7.91
03/06/2026 12:14,15.625,0.004,7.91
03/06/2026 11:44,16.625,0.004,7.91
03/06/2026 11:14,15.625,0.004,7.91
03/06/2026 11:14,15.625,0.004,7.91
03/06/2026 10:44,15.5,0.004,7.91
03/06/2026 10:14,15.625,0.004,7.91
03/06/2026 09:44,15.5,0.004,7.91
03/06/2026 09:14,15.375,0.004,7.91
03/06/2026 08:44,15.5,0.004,7.91
03/06/2026 08:14,15.125,0.004,7.91
03/06/2026 07:44,15.25,0.004,7.91
03/06/2026 07:14,15.375,0.004,7.91
03/06/2026 06:44,15.125,0.004,7.91
03/06/2026 06:14,15.25,0.003,7.91
03/06/2026 05:44,15.25,0.004,7.91
03/06/2026 05:14,15.25,0.004,7.91
03/06/2026 04:44,15.25,0.004,7.91
03/06/2026 04:14,15.125,0.004,7.9
03/06/2026 03:44,15,0.004,7.91
03/06/2026 03:14,15.125,0.004,7.91
03/06/2026 02:44,15,0.004,7.9
03/06/2026 02:14,14.875,0.004,7.9
03/06/2026 01:44,15,0.004,7.9
03/06/2026 01:14,14.875,0.004,7.9
03/06/2026 01:14,14.875,0.004,7.9
03/06/2026 00:44,14.875,0.004,7.9
03/06/2026 00:14,14.875,0.004,7.9
02/06/2026 23:44,13.75,0.004,7.9
02/06/2026 23:14,13.75,0.004,7.9
02/06/2026 22:44,14.625,0.004,7.9
02/06/2026 22:14,14.75,0.004,7.9
02/06/2026 21:44,14.5,0.004,7.9
02/06/2026 21:14,14.625,0.004,7.89
02/06/2026 20:44,14.375,0.004,7.9
02/06/2026 20:14,14.25,0.004,7.9
02/06/2026 19:44,14,0.004,7.9
02/06/2026 19:14,13.875,0.004,7.9
02/06/2026 18:44,13.75,0.004,7.9
02/06/2026 18:14,13.5,0.004,7.9
02/06/2026 17:44,13.5,0.004,7.9
02/06/2026 17:44,13.5,0.004,7.9
02/06/2026 17:14,13.875,0.004,7.9
02/06/2026 16:44,14.125,0.004,7.89
02/06/2026 16:14,14.375,0.004,7.89
02/06/2026 15:44,14.375,0.004,7.89
02/06/2026 15:14,15,0.004,7.89
02/06/2026 14:44,15.375,0.004,7.89
02/06/2026 14:14,15.625,0.004,7.89
02/06/2026 13:44,16,0.004,7.9
02/06/2026 13:14,15.875,0.004,7.9
02/06/2026 12:44,15.75,0.004,7.9
02/06/2026 12:14,15.75,0.004,7.9
02/06/2026 11:44,15.75,0.004,7.9
02/06/2026 11:14,15.5,0.004,7.9
02/06/2026 10:44,15.625,0.004,7.9
02/06/2026 10:14,15.375,0.004,7.9
02/06/2026 10:14,15.375,0.004,7.9
02/06/2026 09:44,15.5,0.004,7.9
02/06/2026 09:14,15.625,0.004,7.9
02/06/2026 08:44,15.375,0.004,7.9
02/06/2026 08:14,15.25,0.004,7.9
02/06/2026 07:44,15.375,0.004,7.9
02/06/2026 07:14,15.375,0.004,7.9
02/06/2026 06:44,15.25,0.004,7.9
02/06/2026 06:14,15.125,0.004,7.9
02/06/2026 05:44,15,0.004,7.9
02/06/2026 05:14,15.125,0.004,7.9
02/06/2026 04:44,15.125,0.004,7.9
02/06/2026 04:14,15.125,0.004,7.9
02/06/2026 03:44,15.125,0.004,7.89
02/06/2026 03:14,15.125,0.004,7.9
02/06/2026 02:44,14.75,0.004,7.9
02/06/2026 02:14,14.875,0.004,7.89
02/06/2026 01:44,14.875,0.004,7.89
02/06/2026 01:14,14.875,0.004,7.9
02/06/2026 00:44,14.75,0.004,7.89
02/06/2026 00:14,15.625,0.004,7.89
01/06/2026 23:44,15.625,0.004,7.89
01/06/2026 23:14,14.625,0.004,7.89
01/06/2026 22:44,14.625,0.004,7.89
01/06/2026 22:14,14.5,0.004,7.89
01/06/2026 21:44,14.375,0.004,7.89
01/06/2026 21:14,14.125,0.004,7.89
01/06/2026 20:44,14,0.004,7.89
01/06/2026 20:14,13.875,0.003,7.89
01/06/2026 19:44,13.75,0.003,7.88
01/06/2026 19:14,14.125,0.004,7.89
01/06/2026 18:44,14.25,0.004,7.89
01/06/2026 18:14,14.375,0.004,7.89
01/06/2026 18:14,14.375,0.004,7.89
01/06/2026 17:44,14.5,0.004,7.89
01/06/2026 17:14,13.75,0.004,7.89
01/06/2026 16:44,14.625,0.004,7.89
01/06/2026 16:44,14.625,0.004,7.89
01/06/2026 16:14,14.875,0.004,7.89
01/06/2026 15:44,15,0.004,7.91
01/06/2026 15:14,15.125,0.004,7.91
01/06/2026 14:44,15,0.004,7.91
01/06/2026 14:14,15.375,0.004,7.9
01/06/2026 13:44,15.5,0.004,7.91
01/06/2026 13:14,15.75,0.004,7.91
01/06/2026 12:44,16.25,0.004,7.91
01/06/2026 12:14,16.125,0.004,7.91
01/06/2026 11:44,16,0.004,7.91
01/06/2026 11:14,16.125,0.004,7.91
01/06/2026 10:44,16,0.004,7.91
01/06/2026 10:14,16,0.004,7.91
01/06/2026 09:44,15.875,0.004,7.91
01/06/2026 09:14,15.875,0.004,7.91
01/06/2026 08:44,15.875,0.004,7.91
01/06/2026 08:14,15.875,0.004,7.91
01/06/2026 07:44,16,0.004,7.91
01/06/2026 07:14,15.875,0.004,7.91
01/06/2026 06:44,15.875,0.004,7.91
01/06/2026 06:14,15.75,0.004,7.91
01/06/2026 05:44,15.875,0.004,7.91
01/06/2026 05:14,15.75,0.004,7.91
01/06/2026 04:44,15.875,0.004,7.91
01/06/2026 04:14,16.625,0.004,7.91
01/06/2026 03:44,15.75,0.004,7.91
01/06/2026 03:14,16.625,0.004,7.9
01/06/2026 02:44,15.5,0.004,7.9
01/06/2026 02:14,14.75,0.004,7.91
01/06/2026 01:44,15.375,0.004,7.91
01/06/2026 01:14,15.375,0.004,7.91
01/06/2026 00:44,15.25,0.004,7.9
01/06/2026 00:14,15.25,0.004,7.91
31/05/2026 23:44,15,0.004,7.91
31/05/2026 23:14,15.125,0.004,7.91
31/05/2026 22:44,15.125,0.004,7.91
31/05/2026 22:14,14.75,0.004,7.9
31/05/2026 21:44,13.75,0.004,7.9
31/05/2026 21:14,14.625,0.003,7.9
31/05/2026 20:44,14.625,0.003,7.9
31/05/2026 20:14,14.125,0.003,7.9
31/05/2026 19:44,13.875,0.003,7.9
31/05/2026 19:14,13.875,0.003,7.9
31/05/2026 18:44,14.375,0.003,7.9
31/05/2026 18:14,14.5,0.004,7.9
31/05/2026 17:44,13.875,0.004,7.9
31/05/2026 17:14,14.75,0.004,7.9
31/05/2026 16:44,15.125,0.003,7.9
31/05/2026 16:14,14.875,0.004,7.9
31/05/2026 15:44,15.375,0.004,7.9
31/05/2026 15:14,15.5,0.004,7.9
31/05/2026 14:44,14.75,0.004,7.9
31/05/2026 14:14,15.875,0.004,7.9
31/05/2026 13:44,16.125,0.004,7.91
31/05/2026 13:14,16,0.004,7.91
31/05/2026 12:44,16.125,0.004,7.9
31/05/2026 12:44,16.125,0.004,7.9
31/05/2026 12:14,16,0.004,7.89
31/05/2026 11:44,16,0.004,7.89
31/05/2026 11:14,15.875,0.004,7.89
31/05/2026 10:44,15.875,0.004,7.89
31/05/2026 10:14,16,0.004,7.89
31/05/2026 09:44,15.875,0.004,7.9
31/05/2026 09:14,15.875,0.004,7.9
31/05/2026 08:44,15.875,0.004,7.89
31/05/2026 08:44,15.875,0.004,7.89
31/05/2026 08:14,15.75,0.004,7.9
31/05/2026 08:14,15.75,0.004,7.9
31/05/2026 07:44,15.875,0.004,7.89
31/05/2026 07:44,15.875,0.004,7.89
31/05/2026 07:14,15.75,0.004,7.89
31/05/2026 06:44,15.875,0.004,7.9
31/05/2026 06:14,15.75,0.003,7.9
31/05/2026 05:44,15.75,0.004,7.9
31/05/2026 05:14,15.75,0.003,7.9
31/05/2026 04:44,16.625,0.004,7.9
31/05/2026 04:14,15.625,0.003,7.9
31/05/2026 03:44,15.5,0.004,7.89
31/05/2026 03:14,15.25,0.003,7.9
31/05/2026 02:44,15.375,0.003,7.9
31/05/2026 02:14,15.25,0.004,7.9
31/05/2026 01:44,15.125,0.003,7.9
31/05/2026 01:14,15,0.003,7.9
31/05/2026 00:44,14.75,0.003,7.9
31/05/2026 00:14,14.875,0.004,7.9
30/05/2026 23:44,14.75,0.003,7.9
30/05/2026 23:14,13.75,0.003,7.9
30/05/2026 22:44,14.5,0.003,7.9
30/05/2026 22:14,14.5,0.003,7.9
30/05/2026 22:14,14.5,0.003,7.9
30/05/2026 21:44,14.125,0.003,7.9
30/05/2026 21:14,14.25,0.003,7.9
30/05/2026 20:44,14,0.003,7.9
30/05/2026 20:44,14,0.003,7.9
30/05/2026 20:14,13.875,0.003,7.9
30/05/2026 20:14,13.875,0.003,7.9
30/05/2026 19:44,13.5,0.003,7.89
30/05/2026 19:44,13.5,0.003,7.89
30/05/2026 19:14,13.75,0.003,7.89
30/05/2026 18:44,14,0.003,7.9
30/05/2026 18:14,14.375,0.003,7.89
30/05/2026 17:44,14.375,0.003,7.9
30/05/2026 17:14,14.625,0.003,7.89
30/05/2026 16:44,14.875,0.003,7.9
30/05/2026 16:14,14.75,0.003,7.9
30/05/2026 15:44,15.125,0.003,7.89
30/05/2026 15:14,15.5,0.003,7.9
30/05/2026 14:44,16.625,0.003,7.9
30/05/2026 14:14,15.875,0.003,7.9
30/05/2026 13:44,16.125,0.004,7.89
30/05/2026 13:14,16.125,0.003,7.89
30/05/2026 12:44,16.125,0.003,7.89
30/05/2026 12:14,16.125,0.004,7.89
30/05/2026 11:44,16,0.004,7.89
30/05/2026 11:14,16,0.004,7.89
30/05/2026 10:44,15.875,0.004,7.89
30/05/2026 10:14,15.875,0.004,7.89
30/05/2026 09:44,16,0.004,7.88
30/05/2026 09:14,15.875,0.004,7.88
30/05/2026 08:44,16,0.004,7.88
30/05/2026 08:14,16,0.003,7.88
30/05/2026 07:44,15.875,0.004,7.89
30/05/2026 07:14,16,0.003,7.88
30/05/2026 06:44,16,0.003,7.89
30/05/2026 06:14,16,0.003,7.89
30/05/2026 05:44,15.75,0.003,7.9
30/05/2026 05:14,15.75,0.003,7.89
30/05/2026 04:44,16.625,0.003,7.88
30/05/2026 04:14,14.75,0.003,7.89
30/05/2026 04:14,14.75,0.003,7.89
30/05/2026 03:44,15.625,0.003,7.88
30/05/2026 03:14,15.625,0.003,7.89
30/05/2026 02:44,15.5,0.003,7.89
30/05/2026 02:14,15.5,0.003,7.89
30/05/2026 01:44,15.375,0.003,7.89
30/05/2026 01:14,15.375,0.003,7.88
30/05/2026 01:14,15.375,0.003,7.88
30/05/2026 00:44,15.125,0.003,7.89
30/05/2026 00:14,15.125,0.003,7.89
29/05/2026 23:44,14.875,0.003,7.89
29/05/2026 23:14,14.875,0.003,7.88
29/05/2026 22:44,14.75,0.003,7.89
29/05/2026 22:14,14.75,0.003,7.88
29/05/2026 21:44,14.5,0.003,7.88
29/05/2026 21:14,14.625,0.003,7.88
29/05/2026 20:44,14.375,0.003,7.88
29/05/2026 20:14,14,0.003,7.88
29/05/2026 19:44,13.875,0.003,7.88
29/05/2026 19:14,13.875,0.003,7.88
29/05/2026 18:44,13.625,0.003,7.87
29/05/2026 18:14,13.875,0.003,7.87
29/05/2026 17:44,14.25,0.003,7.87
29/05/2026 17:14,14.625,0.003,7.88
29/05/2026 16:44,14.375,0.003,7.88
29/05/2026 16:14,15.5,0.003,7.88
29/05/2026 15:44,14.875,0.003,7.88
29/05/2026 15:14,15,0.003,7.88
29/05/2026 14:44,15.25,0.003,7.88
29/05/2026 14:14,15.75,0.003,7.88
29/05/2026 13:44,16.125,0.003,7.87
29/05/2026 13:44,16.125,0.003,7.87
29/05/2026 13:14,16.125,0.003,7.87
29/05/2026 12:44,16.125,0.003,7.87
29/05/2026 12:14,16,0.003,7.87
29/05/2026 11:44,15.875,0.003,7.88
29/05/2026 11:14,15.875,0.003,7.87
29/05/2026 10:44,15.875,0.003,7.87
29/05/2026 10:14,15.875,0.003,7.87
29/05/2026 09:44,15.875,0.003,7.87
29/05/2026 09:14,15.875,0.003,7.87
29/05/2026 09:14,15.875,0.003,7.87
29/05/2026 08:44,16,0.003,7.87
29/05/2026 08:14,15.875,0.003,7.87
29/05/2026 07:44,15.75,0.003,7.86
29/05/2026 07:14,15.875,0.003,7.86
29/05/2026 06:44,14.75,0.003,7.86
29/05/2026 06:14,15.875,0.003,7.86
29/05/2026 05:44,15.75,0.003,7.87
29/05/2026 05:14,15.875,0.003,7.86
29/05/2026 04:44,15.625,0.003,7.86
29/05/2026 04:14,14.75,0.003,7.86
29/05/2026 03:44,15.625,0.003,7.86
29/05/2026 03:14,15.625,0.003,7.86
29/05/2026 02:44,15.5,0.003,7.85
29/05/2026 02:14,15.375,0.003,7.85
29/05/2026 01:44,15.375,0.003,7.85
29/05/2026 01:14,15.125,0.003,7.85
29/05/2026 00:44,15.125,0.003,7.85
29/05/2026 00:14,15.125,0.003,7.85
28/05/2026 23:44,15,0.003,7.84
28/05/2026 23:14,14.75,0.003,7.84
28/05/2026 22:44,14.75,0.003,7.84
28/05/2026 22:14,14.625,0.003,7.84
28/05/2026 21:44,14.375,0.003,7.84
28/05/2026 21:14,14.25,0.003,7.84
28/05/2026 20:44,14.125,0.003,7.83
28/05/2026 20:14,14,0.003,7.83
28/05/2026 19:44,13.625,0.003,7.83
28/05/2026 19:14,13.5,0.003,7.83
28/05/2026 18:44,13.5,0.003,7.83
28/05/2026 18:14,14,0.003,7.83
28/05/2026 17:44,14.125,0.003,7.83
28/05/2026 17:14,14.5,0.003,7.84
28/05/2026 16:44,14.5,0.003,7.83
28/05/2026 16:14,13.75,0.003,7.84
28/05/2026 15:44,14.875,0.003,7.83
28/05/2026 15:14,14.875,0.003,7.84
28/05/2026 14:44,15.125,0.003,7.84
28/05/2026 14:14,15.125,0.003,7.85
28/05/2026 13:44,15.375,0.003,7.85
28/05/2026 13:14,16.625,0.003,7.85
28/05/2026 12:44,16,0.003,7.86
28/05/2026 12:14,16.25,0.003,7.88
28/05/2026 11:44,16.125,0.003,7.89
28/05/2026 11:14,16.25,0.003,7.9
28/05/2026 10:44,16,0.003,7.92
28/05/2026 10:14,16,0.003,7.92
28/05/2026 09:44,15.875,0.003,7.93
28/05/2026 09:14,16,0.003,7.92
28/05/2026 08:44,16,0.003,7.93
28/05/2026 08:14,15.875,0.003,7.93
28/05/2026 07:44,15.875,0.003,7.93
28/05/2026 07:14,15.875,0.003,7.93
28/05/2026 06:44,16,0.003,7.92
28/05/2026 06:14,15.75,0.003,7.92
28/05/2026 05:44,15.75,0.003,7.93
28/05/2026 05:14,15.875,0.003,7.93
28/05/2026 04:44,15.625,0.003,7.92
28/05/2026 04:14,15.625,0.003,7.93
28/05/2026 03:44,16.625,0.003,7.92
28/05/2026 03:14,14.75,0.003,7.92
28/05/2026 02:44,15.5,0.003,7.92
28/05/2026 02:14,15.5,0.003,7.93
28/05/2026 01:44,15.375,0.003,7.92
28/05/2026 01:14,15.375,0.003,7.92
28/05/2026 00:44,15.125,0.004,7.92
28/05/2026 00:14,15,0.003,7.92
27/05/2026 23:44,15.125,0.003,7.91
27/05/2026 23:14,14.75,0.003,7.92
27/05/2026 22:44,14.75,0.003,7.92
27/05/2026 22:14,14.875,0.003,7.91
27/05/2026 21:44,14.75,0.003,7.91
27/05/2026 21:14,14.625,0.003,7.91
27/05/2026 21:14,14.625,0.003,7.91
27/05/2026 20:44,14.375,0.003,7.92
27/05/2026 20:14,14.25,0.003,7.91
27/05/2026 19:44,14.125,0.003,7.92
27/05/2026 19:14,14,0.003,7.92
27/05/2026 19:14,14,0.003,7.92
27/05/2026 18:44,14,0.003,7.92
27/05/2026 18:14,13.625,0.003,7.91
27/05/2026 17:44,13.375,0.003,7.91
27/05/2026 17:14,13.75,0.003,7.91
27/05/2026 16:44,14,0.003,7.91
27/05/2026 16:14,14.25,0.003,7.9
27/05/2026 15:44,15.5,0.003,7.91
27/05/2026 15:14,14.875,0.003,7.91
27/05/2026 14:44,15.375,0.003,7.92
27/05/2026 14:14,16,0.003,7.92
27/05/2026 13:44,16.375,0.003,7.93
27/05/2026 13:14,16.25,0.003,7.93
27/05/2026 12:44,16.125,0.003,7.93
27/05/2026 12:14,16.25,0.003,7.93
27/05/2026 11:44,16.125,0.003,7.93
27/05/2026 11:14,16.125,0.003,7.93
27/05/2026 10:44,16,0.003,7.93
27/05/2026 10:14,16,0.003,7.92
27/05/2026 09:44,16.125,0.003,7.93
27/05/2026 09:14,16.125,0.003,7.92
27/05/2026 08:44,16.125,0.003,7.92
27/05/2026 08:14,15.875,0.003,7.92
27/05/2026 07:44,16,0.003,7.92
27/05/2026 07:44,16,0.003,7.92
27/05/2026 07:14,16,0.003,7.92
27/05/2026 06:44,16,0.003,7.92
27/05/2026 06:14,15.875,0.003,7.92
27/05/2026 05:44,15.75,0.003,7.92
27/05/2026 05:14,15.875,0.003,7.92
27/05/2026 04:44,15.75,0.003,7.92
27/05/2026 04:14,15.875,0.003,7.92
27/05/2026 03:44,14.75,0.003,7.92
27/05/2026 03:14,16.625,0.003,7.91
27/05/2026 02:44,15.75,0.003,7.91
27/05/2026 02:14,15.625,0.003,7.91
27/05/2026 01:44,15.5,0.003,7.92
27/05/2026 01:14,15.5,0.003,7.92
27/05/2026 00:44,15.5,0.003,7.91
27/05/2026 00:14,15.375,0.003,7.91
26/05/2026 23:44,15.125,0.003,7.91
26/05/2026 23:14,15.125,0.003,7.91
26/05/2026 22:44,14.875,0.003,7.91
26/05/2026 22:14,15,0.003,7.91
26/05/2026 21:44,15.625,0.003,7.91
26/05/2026 21:14,14.625,0.003,7.91
26/05/2026 20:44,14.5,0.003,7.91
26/05/2026 20:14,14.5,0.003,7.91
26/05/2026 19:44,14.25,0.003,7.91
26/05/2026 19:14,14.125,0.003,7.91
26/05/2026 18:44,14,0.003,7.91
26/05/2026 18:14,14,0.003,7.91
26/05/2026 17:44,13.75,0.003,7.91
26/05/2026 17:14,13.5,0.003,7.9
26/05/2026 16:44,13.875,0.003,7.91
26/05/2026 16:14,14.25,0.003,7.91
26/05/2026 15:44,14.375,0.003,7.92
26/05/2026 15:14,15.625,0.003,7.92
26/05/2026 14:44,15.25,0.003,7.92
26/05/2026 14:14,15.75,0.003,7.93
26/05/2026 13:44,16.375,0.003,7.94
26/05/2026 13:44,16.375,0.003,7.94
26/05/2026 13:14,16.25,0.003,7.94
26/05/2026 12:44,16.125,0.003,7.94
26/05/2026 12:44,16.125,0.003,7.94
26/05/2026 12:14,16,0.003,7.93
26/05/2026 11:44,16.125,0.003,7.93
26/05/2026 11:14,16,0.003,7.93
26/05/2026 10:44,16.125,0.003,7.93
26/05/2026 10:14,16.125,0.003,7.93
26/05/2026 09:44,16.125,0.003,7.93
26/05/2026 09:14,16,0.003,7.93
26/05/2026 08:44,15.875,0.003,7.93
26/05/2026 08:14,16,0.003,7.93
26/05/2026 07:44,16,0.003,7.93
26/05/2026 07:14,15.875,0.003,7.93
26/05/2026 06:44,16,0.003,7.93
26/05/2026 06:14,16,0.003,7.93
26/05/2026 05:44,15.75,0.003,7.93
26/05/2026 05:14,15.75,0.003,7.93
26/05/2026 04:44,15.875,0.003,7.93
26/05/2026 04:14,15.875,0.003,7.93
26/05/2026 03:44,15.75,0.003,7.93
26/05/2026 03:14,15.625,0.003,7.93
26/05/2026 02:44,15.625,0.003,7.93
26/05/2026 02:44,15.625,0.003,7.93
26/05/2026 02:14,15.625,0.003,7.93
26/05/2026 01:44,15.625,0.003,7.93
26/05/2026 01:14,15.5,0.003,7.93
26/05/2026 00:44,15.25,0.003,7.93
26/05/2026 00:14,15.25,0.003,7.92
25/05/2026 23:44,15.125,0.003,7.92
25/05/2026 23:14,14.875,0.003,7.92
25/05/2026 22:44,15.125,0.003,7.92
25/05/2026 22:14,15,0.003,7.92
25/05/2026 21:44,14.75,0.003,7.92
25/05/2026 21:14,14.875,0.003,7.92
25/05/2026 20:44,14.625,0.003,7.92
25/05/2026 20:14,14.5,0.003,7.92
25/05/2026 19:44,14.375,0.003,7.92
25/05/2026 19:14,14.25,0.003,7.92
25/05/2026 18:44,14.125,0.003,7.92
25/05/2026 18:14,14,0.003,7.92
25/05/2026 17:44,12.875,0.003,7.92
25/05/2026 17:14,13.5,0.003,7.92
25/05/2026 16:44,13.625,0.003,7.92
25/05/2026 16:14,14,0.003,7.92
25/05/2026 15:44,14.25,0.002,7.93
25/05/2026 15:14,15.625,0.002,7.93
25/05/2026 14:44,14.875,0.002,7.93
25/05/2026 14:14,15.375,0.002,7.93
25/05/2026 13:44,15.625,0.003,7.94
25/05/2026 13:14,16.25,0.003,7.94
25/05/2026 12:44,16.25,0.003,7.94
25/05/2026 12:14,16.25,0.003,7.94
25/05/2026 11:44,16.25,0.003,7.94
25/05/2026 11:14,16.125,0.003,7.94
25/05/2026 11:14,16.125,0.003,7.94
25/05/2026 10:44,16,0.002,7.94
25/05/2026 10:14,16,0.003,7.94
25/05/2026 09:44,16,0.002,7.94
25/05/2026 09:14,16,0.003,7.94
25/05/2026 08:44,16,0.002,7.94
25/05/2026 08:14,16,0.002,7.94
25/05/2026 07:44,16.125,0.002,7.94
25/05/2026 07:14,15.875,0.003,7.93
25/05/2026 06:44,16,0.003,7.94
25/05/2026 06:14,16,0.002,7.94
25/05/2026 05:44,16.125,0.002,7.94
25/05/2026 05:14,15.75,0.002,7.94
25/05/2026 04:44,15.875,0.002,7.94
25/05/2026 04:14,15.875,0.002,7.94
25/05/2026 03:44,15.75,0.003,7.94
25/05/2026 03:14,16.625,0.002,7.94
25/05/2026 02:44,15.625,0.002,7.94
25/05/2026 02:14,15.625,0.002,7.94
25/05/2026 01:44,15.625,0.002,7.94
25/05/2026 01:14,16.5,0.002,7.93
25/05/2026 00:44,15.5,0.002,7.94
25/05/2026 00:44,15.5,0.002,7.94
25/05/2026 00:14,15.375,0.002,7.93
24/05/2026 23:44,15.25,0.002,7.93
24/05/2026 23:14,15.25,0.002,7.93
24/05/2026 22:44,15.125,0.002,7.93
24/05/2026 22:14,15.125,0.002,7.93
24/05/2026 21:44,14.75,0.002,7.93
24/05/2026 21:14,15,0.002,7.93
24/05/2026 20:44,14.75,0.002,7.93
24/05/2026 20:14,14.875,0.002,7.93
24/05/2026 19:44,14.5,0.002,7.93
24/05/2026 19:14,14.5,0.002,7.93
24/05/2026 18:44,14.25,0.002,7.93
24/05/2026 18:14,14,0.002,7.93
24/05/2026 17:44,14,0.002,7.93
24/05/2026 17:44,14,0.002,7.93
24/05/2026 17:14,14.625,0.002,7.93
24/05/2026 16:44,13.625,0.002,7.93
24/05/2026 16:14,14,0.002,7.92
24/05/2026 15:44,14.25,0.002,7.93
24/05/2026 15:14,14.75,0.002,7.93
24/05/2026 14:44,15,0.002,7.94
24/05/2026 14:14,15.75,0.002,7.94
24/05/2026 13:44,16.375,0.002,7.94
24/05/2026 13:14,16.375,0.002,7.94
24/05/2026 12:44,16.25,0.002,7.95
24/05/2026 12:14,16.25,0.002,7.94
24/05/2026 12:14,16.25,0.002,7.94
24/05/2026 11:44,16.125,0.002,7.94
24/05/2026 11:14,16.125,0.002,7.94
24/05/2026 10:44,16.125,0.002,7.94
24/05/2026 10:14,16,0.002,7.94
24/05/2026 09:44,16,0.002,7.94
24/05/2026 09:14,16,0.002,7.94
24/05/2026 08:44,16,0.002,7.94
24/05/2026 08:14,15.875,0.002,7.94
24/05/2026 07:44,16,0.002,7.94
24/05/2026 07:14,16,0.002,7.94
24/05/2026 06:44,15.875,0.002,7.94
24/05/2026 06:14,16,0.002,7.94
24/05/2026 05:44,15.875,0.002,7.94
24/05/2026 05:14,15.875,0.002,7.94
24/05/2026 04:44,15.75,0.002,7.94
24/05/2026 04:14,15.75,0.002,7.94
24/05/2026 03:44,15.75,0.002,7.94
24/05/2026 03:14,14.75,0.002,7.94
24/05/2026 03:14,14.75,0.002,7.94
24/05/2026 02:44,16.625,0.002,7.94
24/05/2026 02:14,15.5,0.002,7.93
24/05/2026 01:44,15.75,0.002,7.93
24/05/2026 01:14,15.5,0.002,7.93
24/05/2026 00:44,15.5,0.002,7.93
24/05/2026 00:14,15.25,0.002,7.93
23/05/2026 23:44,15.375,0.002,7.93
23/05/2026 23:14,15.25,0.002,7.93
23/05/2026 22:44,15.125,0.002,7.93
23/05/2026 22:14,15,0.002,7.93
23/05/2026 21:44,14.875,0.002,7.93
23/05/2026 21:14,14.75,0.002,7.93
23/05/2026 20:44,14.75,0.002,7.93
23/05/2026 20:14,14.625,0.002,7.93
23/05/2026 19:44,14.375,0.002,7.93
23/05/2026 19:44,14.375,0.002,7.93
23/05/2026 19:14,14.5,0.002,7.93
23/05/2026 18:44,14.375,0.002,7.93
23/05/2026 18:14,14.125,0.002,7.93
23/05/2026 17:44,13.875,0.002,7.93
23/05/2026 17:14,13.75,0.002,7.92
23/05/2026 16:44,13.625,0.002,7.92
23/05/2026 16:14,13.875,0.002,7.92
23/05/2026 15:44,14.25,0.002,7.92
23/05/2026 15:14,14.5,0.002,7.93
23/05/2026 14:44,15,0.002,7.93
23/05/2026 14:14,15.25,0.002,7.93
23/05/2026 13:44,15.625,0.002,7.94
23/05/2026 13:14,16,0.002,7.94
23/05/2026 12:44,16.125,0.002,7.93
23/05/2026 12:40,16.125,0.002,7.93
23/05/2026 12:14,16.125,0.002,7.94
23/05/2026 11:44,16.125,0.002,7.94
23/05/2026 11:44,16.125,0.002,7.94
23/05/2026 11:39,16.125,0.002,7.94
23/05/2026 10:44,16.125,0.002,7.94
23/05/2026 10:14,16,0.002,7.94
23/05/2026 09:44,16,0.002,7.93
23/05/2026 09:14,16,0.002,7.93
23/05/2026 08:44,16,0.002,7.93
23/05/2026 08:14,15.875,0.002,7.93
23/05/2026 07:44,15.875,0.002,7.93
23/05/2026 07:14,15.875,0.002,7.93
23/05/2026 06:44,15.75,0.002,7.93
23/05/2026 06:14,15.875,0.002,7.93
23/05/2026 05:44,15.75,0.002,7.93
23/05/2026 05:14,15.75,0.002,7.93
23/05/2026 04:44,15.875,0.002,7.93
23/05/2026 04:14,14.75,0.002,7.93
23/05/2026 03:44,15.625,0.002,7.93
23/05/2026 03:14,15.75,0.002,7.93
23/05/2026 02:44,15.5,0.002,7.92
23/05/2026 02:14,16.625,0.002,7.93
23/05/2026 01:44,15.625,0.002,7.92
23/05/2026 01:14,15.375,0.002,7.92
23/05/2026 00:44,15.125,0.002,7.92
23/05/2026 00:14,15.25,0.002,7.92
22/05/2026 23:44,15.125,0.002,7.92
22/05/2026 23:14,15,0.002,7.92
22/05/2026 22:44,15,0.002,7.91
22/05/2026 22:14,14.875,0.002,7.91
22/05/2026 21:44,14.75,0.002,7.92
22/05/2026 21:14,14.625,0.002,7.92
22/05/2026 20:44,14.5,0.002,7.92
22/05/2026 20:14,14.625,0.002,7.92
22/05/2026 19:44,14.375,0.002,7.92
22/05/2026 19:14,14.25,0.002,7.91
22/05/2026 18:44,14,0.002,7.91
22/05/2026 18:14,13.75,0.002,7.91
22/05/2026 17:44,13.625,0.002,7.91
22/05/2026 17:14,13.5,0.002,7.9
22/05/2026 16:44,14.125,0.002,7.9
22/05/2026 16:14,14.25,0.002,7.9
22/05/2026 15:44,14.5,0.002,7.9
22/05/2026 15:14,14.875,0.002,7.9
22/05/2026 14:44,15.125,0.002,7.91
22/05/2026 14:14,15.75,0.002,7.91
22/05/2026 13:44,16.375,0.002,7.91
22/05/2026 13:14,16.375,0.002,7.91
22/05/2026 12:44,16.375,0.002,7.91
22/05/2026 12:14,16.25,0.002,7.91
22/05/2026 11:44,16.25,0.002,7.91
22/05/2026 11:14,16.25,0.002,7.91
22/05/2026 10:44,16.25,0.002,7.91
22/05/2026 10:14,16.125,0.002,7.91
22/05/2026 09:44,16.125,0.002,7.91
22/05/2026 09:14,16.125,0.002,7.91
22/05/2026 08:44,16.125,0.002,7.92
22/05/2026 08:14,16.125,0.002,7.92
22/05/2026 07:44,15.875,0.002,7.92
22/05/2026 07:44,15.875,0.002,7.92
22/05/2026 07:14,15.875,0.002,7.92
22/05/2026 06:44,15.875,0.002,7.92
22/05/2026 06:14,15.875,0.002,7.92
22/05/2026 05:44,15.875,0.002,7.92
22/05/2026 05:14,16.625,0.002,7.92
22/05/2026 04:44,16.625,0.002,7.92
22/05/2026 04:44,16.625,0.002,7.92
22/05/2026 04:14,15.75,0.002,7.92
22/05/2026 03:44,15.75,0.002,7.92
22/05/2026 03:14,15.625,0.002,7.92
22/05/2026 02:44,15.625,0.002,7.91
22/05/2026 02:14,15.5,0.002,7.91
22/05/2026 01:44,15.625,0.002,7.91
22/05/2026 01:14,15.375,0.002,7.91
22/05/2026 00:44,15.375,0.002,7.91
22/05/2026 00:14,15.25,0.002,7.91
22/05/2026 00:14,15.25,0.002,7.91
21/05/2026 23:44,15.125,0.002,7.91
21/05/2026 23:14,14.75,0.002,7.91
21/05/2026 22:44,14.75,0.002,7.91
21/05/2026 22:14,15.625,0.002,7.91
21/05/2026 21:44,14.5,0.002,7.91
21/05/2026 21:14,14.5,0.002,7.91
21/05/2026 20:44,14.5,0.002,7.91
21/05/2026 20:14,14.375,0.002,7.91
21/05/2026 19:44,14.25,0.002,7.91
21/05/2026 19:14,14.25,0.002,7.91
21/05/2026 19:14,14.25,0.002,7.91
21/05/2026 18:44,13.875,0.002,7.91
21/05/2026 18:14,13.875,0.002,7.91
21/05/2026 17:44,13.875,0.002,7.91
21/05/2026 17:14,14.25,0.002,7.91
21/05/2026 17:14,14.25,0.002,7.91
21/05/2026 16:44,14.375,0.002,7.91
21/05/2026 16:14,14.875,0.002,7.91
21/05/2026 15:44,15,0.002,7.91
21/05/2026 15:14,15.625,0.002,7.91
21/05/2026 14:44,16,0.002,7.92
21/05/2026 14:14,16,0.002,7.92
21/05/2026 13:44,15.875,0.002,7.92
21/05/2026 13:14,15.875,0.002,7.92
21/05/2026 12:44,15.875,0.002,7.92
21/05/2026 12:14,16,0.002,7.92
21/05/2026 12:14,16,0.002,7.92
21/05/2026 11:44,16,0.002,7.92
21/05/2026 11:14,15.875,0.002,7.92
21/05/2026 10:44,15.875,0.002,7.91
21/05/2026 10:14,15.875,0.002,7.91
21/05/2026 09:44,15.75,0.002,7.91
21/05/2026 09:14,15.75,0.002,7.91
21/05/2026 08:44,15.75,0.002,7.91
21/05/2026 08:14,15.75,0.002,7.91
21/05/2026 07:44,15.875,0.002,7.91
21/05/2026 07:14,15.75,0.002,7.91
21/05/2026 06:44,15.75,0.002,7.91
21/05/2026 06:14,14.75,0.002,7.91
21/05/2026 05:44,15.75,0.002,7.91
21/05/2026 05:14,15.625,0.002,7.91
21/05/2026 04:44,15.5,0.002,7.91
21/05/2026 04:14,15.5,0.002,7.91
21/05/2026 04:14,15.5,0.002,7.91
21/05/2026 03:44,15.5,0.002,7.91
21/05/2026 03:14,15.25,0.002,7.91
21/05/2026 02:44,15.375,0.002,7.91
21/05/2026 02:14,15.125,0.002,7.91
21/05/2026 02:14,15.125,0.002,7.91
21/05/2026 01:44,15.125,0.002,7.91
21/05/2026 01:14,15.25,0.002,7.91
21/05/2026 00:44,14.875,0.002,7.91
21/05/2026 00:14,14.75,0.002,7.91
20/05/2026 23:44,14.625,0.002,7.9
20/05/2026 23:14,14.625,0.002,7.9
20/05/2026 23:14,14.625,0.002,7.9
20/05/2026 22:44,14.375,0.002,7.9
20/05/2026 22:14,14.25,0.002,7.9
20/05/2026 21:44,14.375,0.002,7.9
20/05/2026 21:14,14,0.002,7.9
20/05/2026 20:44,13.875,0.002,7.9
20/05/2026 20:14,14,0.002,7.9
20/05/2026 19:44,14.625,0.002,7.9
20/05/2026 19:14,13.625,0.002,7.89
20/05/2026 18:44,13.375,0.002,7.89
20/05/2026 18:14,13.25,0.002,7.89
20/05/2026 17:44,13,0.002,7.89
20/05/2026 17:14,13.5,0.002,7.89
20/05/2026 16:44,13.25,0.002,7.89
20/05/2026 16:14,13.375,0.002,7.88
20/05/2026 15:54,11.75,0.002,7.88
20/05/2026 15:44,13.125,0.002,7.89
20/05/2026 15:14,13.125,0.002,7.89
20/05/2026 14:44,13.25,0.002,7.89
20/05/2026 14:14,13.5,0.002,7.89
20/05/2026 13:44,14.625,0.002,7.9
20/05/2026 13:14,13.75,0.002,7.9
20/05/2026 12:44,14,0.002,7.9
20/05/2026 12:14,14.375,0.002,7.91
20/05/2026 11:44,14.875,0.002,7.91
20/05/2026 11:14,15.5,0.002,7.91
20/05/2026 10:44,15.625,0.002,7.91
20/05/2026 10:14,15.5,0.002,7.91
20/05/2026 09:44,14.75,0.002,7.91
20/05/2026 09:14,15.625,0.002,7.91
20/05/2026 08:44,15.5,0.002,7.91
20/05/2026 08:14,15.625,0.002,7.91
20/05/2026 07:44,15.625,0.002,7.91
20/05/2026 07:14,15.5,0.002,7.91
20/05/2026 06:44,15.5,0.002,7.91
20/05/2026 06:14,15.375,0.002,7.91
20/05/2026 05:44,15.5,0.002,7.91
20/05/2026 05:14,15.25,0.002,7.91
20/05/2026 04:44,15.375,0.002,7.91
20/05/2026 04:14,15,0.002,7.91
20/05/2026 03:44,15.125,0.002,7.91
20/05/2026 03:14,15,0.002,7.9
20/05/2026 02:44,15,0.002,7.9
20/05/2026 02:14,14.75,0.002,7.9
20/05/2026 01:44,14.75,0.002,7.91
20/05/2026 01:44,14.75,0.002,7.91
20/05/2026 01:14,14.5,0.002,7.91
20/05/2026 00:44,14.75,0.002,7.91
20/05/2026 00:14,14.5,0.002,7.91
19/05/2026 23:44,14.5,0.002,7.91
19/05/2026 23:14,14.375,0.002,7.91
19/05/2026 22:44,14.125,0.002,7.91
19/05/2026 22:14,14,0.002,7.91
19/05/2026 21:44,13.75,0.002,7.91
19/05/2026 21:14,14.625,0.002,7.91
19/05/2026 20:44,13.375,0.002,7.9
19/05/2026 20:14,13.5,0.002,7.91
19/05/2026 19:44,14.125,0.002,7.92
19/05/2026 19:14,14.5,0.002,7.92
19/05/2026 19:14,14.5,0.002,7.92
19/05/2026 18:44,15,0.002,7.92
19/05/2026 18:14,15.625,0.002,7.93
19/05/2026 17:44,15.875,0.002,7.93
19/05/2026 17:14,16.25,0.002,7.93
19/05/2026 16:44,16.25,0.002,7.93
19/05/2026 16:14,16.25,0.002,7.94
19/05/2026 15:44,16,0.002,7.94
19/05/2026 15:14,16,0.002,7.94
19/05/2026 14:44,16.25,0.002,7.94
19/05/2026 14:14,16.125,0.002,7.95
19/05/2026 13:44,16.125,0.002,7.95
19/05/2026 13:14,16.375,0.002,7.95
19/05/2026 12:44,16.25,0.002,7.95
19/05/2026 12:14,16.375,0.002,7.95
19/05/2026 11:44,16.25,0.002,7.96
19/05/2026 11:14,16.125,0.002,7.96
19/05/2026 10:44,16.25,0.002,7.96
19/05/2026 10:14,16.25,0.002,7.96
19/05/2026 09:44,16.125,0.002,7.97
19/05/2026 09:14,16.375,0.002,7.96
19/05/2026 08:44,16.375,0.002,7.96
19/05/2026 08:14,16.625,0.002,7.96
19/05/2026 07:44,16.5,0.002,7.96
19/05/2026 07:14,16.5,0.002,7.96
19/05/2026 06:44,16.5,0.002,7.96
19/05/2026 06:14,16.375,0.002,7.96
19/05/2026 05:44,16.375,0.002,7.97
19/05/2026 05:14,16.375,0.002,7.97
19/05/2026 04:44,16.25,0.002,7.96
19/05/2026 04:14,16.25,0.002,7.96
19/05/2026 03:44,16.375,0.002,7.96
19/05/2026 03:14,16.375,0.002,7.96
19/05/2026 02:44,16.25,0.002,7.96
19/05/2026 02:14,16.25,0.002,7.96
19/05/2026 01:44,16.25,0.002,7.96
19/05/2026 01:14,16.375,0.002,7.96
19/05/2026 00:44,16.375,0.002,7.96
19/05/2026 00:14,16.25,0.002,7.96
18/05/2026 23:44,16.25,0.002,7.96
18/05/2026 23:14,16.125,0.002,7.96
18/05/2026 22:44,16.125,0.002,7.96
18/05/2026 22:14,16.125,0.002,7.96
18/05/2026 21:44,16.125,0.002,7.96
18/05/2026 21:14,16.25,0.002,7.97
18/05/2026 20:44,16.25,0.002,7.97
18/05/2026 20:14,16.125,0.002,7.97
18/05/2026 19:44,16.25,0.002,7.97
18/05/2026 19:44,16.25,0.002,7.97
18/05/2026 19:14,16.25,0.002,7.97
18/05/2026 18:44,16.25,0.002,7.97
18/05/2026 18:14,16.375,0.002,7.97
18/05/2026 17:44,16.25,0.002,7.97
18/05/2026 17:14,16.25,0.002,7.97
18/05/2026 16:44,16.375,0.002,7.97
18/05/2026 16:14,16.375,0.002,7.97
18/05/2026 15:44,16.25,0.002,7.98
18/05/2026 15:14,16.375,0.002,7.98
18/05/2026 14:44,16.375,0.002,7.99
18/05/2026 14:14,16.25,0.002,7.99
18/05/2026 13:44,16.125,0.002,7.99
18/05/2026 13:14,16,0.002,7.99
18/05/2026 12:44,16,0.002,7.99
18/05/2026 12:14,16,0.002,7.99
18/05/2026 11:44,15.875,0.002,7.99
18/05/2026 11:14,15.875,0.002,8
18/05/2026 10:44,16,0.002,8.01
18/05/2026 10:40,15.875,0.002,8.01
18/05/2026 10:14,15.75,0.002,8.02
18/05/2026 09:44,15,0.002,8.01
18/05/2026 09:14,14.75,0.002,8.02
18/05/2026 08:44,14.875,0.002,8.02
18/05/2026 08:14,14.875,0.002,8.02
18/05/2026 07:44,15,0.002,8.02
18/05/2026 07:14,15.125,0.002,8.02
18/05/2026 06:44,15.125,0.002,8.02
18/05/2026 06:14,15.25,0.002,8.02
18/05/2026 05:44,15.375,0.002,8.02
18/05/2026 05:14,15.5,0.002,8.03
18/05/2026 04:44,15.625,0.002,8.03
18/05/2026 04:44,15.625,0.002,8.03
18/05/2026 04:14,15.625,0.002,8.03
18/05/2026 03:44,15.75,0.002,8.03
18/05/2026 03:14,15.75,0.002,8.03
18/05/2026 02:44,16,0.002,8.03
18/05/2026 02:14,16.125,0.002,8.04
18/05/2026 01:44,16.25,0.002,8.04
18/05/2026 01:14,16.25,0.002,8.04
18/05/2026 00:44,16.375,0.002,8.04
18/05/2026 00:14,16.625,0.002,8.04
17/05/2026 23:44,16.5,0.002,8.04
17/05/2026 23:14,16.75,0.002,8.04
17/05/2026 22:44,16.875,0.002,8.04
17/05/2026 22:14,17.125,0.002,8.05
17/05/2026 21:44,17.125,0.002,8.05
17/05/2026 21:14,17.375,0.002,8.05
17/05/2026 20:44,17.5,0.002,8.05
17/05/2026 20:14,17.625,0.002,8.05
17/05/2026 19:44,17.75,0.002,8.05
17/05/2026 19:14,17.875,0.002,8.05
17/05/2026 18:44,18,0.002,8.05
17/05/2026 18:14,18.375,0.002,8.05
17/05/2026 17:44,18.375,0.002,8.06
17/05/2026 17:14,18.5,0.002,8.06
17/05/2026 16:44,18.5,0.002,8.06
17/05/2026 16:14,18.25,0.002,8.06
17/05/2026 15:44,18.5,0.002,8.05
17/05/2026 15:14,18.25,0.002,8.05
17/05/2026 14:44,18.25,0.002,8.05
17/05/2026 14:14,18.125,0.002,8.05
17/05/2026 13:44,18,0.002,8.05
17/05/2026 13:14,17.875,0.002,8.05
17/05/2026 12:44,17.75,0.002,8.05
17/05/2026 12:14,17.75,0.002,8.05
17/05/2026 11:44,17.625,0.002,8.05
17/05/2026 11:14,17.625,0.002,8.05
17/05/2026 10:44,17.625,0.002,8.05
17/05/2026 10:14,17.5,0.002,8.05
17/05/2026 10:14,17.5,0.002,8.05
17/05/2026 09:44,17.625,0.002,8.05
17/05/2026 09:14,17.5,0.002,8.04
17/05/2026 08:44,17.5,0.002,8.05
17/05/2026 08:14,17.5,0.002,8.04
17/05/2026 07:44,17.375,0.002,8.05
17/05/2026 07:14,17.5,0.002,8.05
17/05/2026 06:44,17.625,0.002,8.05
17/05/2026 06:14,18.5,0.002,8.05
17/05/2026 05:44,17.625,0.002,8.05
17/05/2026 05:14,18.625,0.002,8.05
17/05/2026 04:44,17.625,0.002,8.05
17/05/2026 04:14,18.625,0.002,8.05
17/05/2026 03:44,17.75,0.002,8.05
17/05/2026 03:14,17.75,0.002,8.05
17/05/2026 02:44,17.75,0.002,8.05
17/05/2026 02:14,17.75,0.002,8.05
17/05/2026 01:44,17.875,0.002,8.05
17/05/2026 01:14,17.875,0.002,8.05
17/05/2026 00:44,17.875,0.002,8.05
17/05/2026 00:14,17.875,0.002,8.05
16/05/2026 23:44,17.875,0.002,8.05
16/05/2026 23:14,18,0.002,8.05
16/05/2026 22:44,17.875,0.002,8.05
16/05/2026 22:14,17.875,0.002,8.05
16/05/2026 21:44,18,0.002,8.05
16/05/2026 21:14,18.125,0.002,8.05
16/05/2026 20:44,18.25,0.002,8.05
16/05/2026 20:14,18.125,0.002,8.05
16/05/2026 19:44,18.125,0.002,8.05
16/05/2026 19:14,18.25,0.002,8.05
16/05/2026 18:44,18.25,0.002,8.05
16/05/2026 18:44,18.25,0.002,8.05
16/05/2026 18:14,18.25,0.002,8.05
16/05/2026 17:44,18.125,0.002,8.04
16/05/2026 17:14,18.25,0.002,8.04
16/05/2026 16:44,18,0.002,8.04
16/05/2026 16:14,17.75,0.002,8.04
16/05/2026 15:44,17.875,0.002,8.04
16/05/2026 15:14,17.75,0.002,8.04
16/05/2026 14:44,16.75,0.002,8.04
16/05/2026 14:14,17.5,0.002,8.04
16/05/2026 13:44,17.625,0.002,8.04
16/05/2026 13:14,17.5,0.002,8.03
16/05/2026 12:44,17.375,0.002,8.03
16/05/2026 12:14,17.375,0.002,8.03
16/05/2026 11:44,17.125,0.002,8.03
16/05/2026 11:14,17,0.002,8.03
16/05/2026 10:44,16.75,0.002,8.03
16/05/2026 10:14,16.75,0.002,8.03
16/05/2026 09:44,16.75,0.002,8.03
16/05/2026 09:14,16.75,0.002,8.03
16/05/2026 08:44,16.75,0.002,8.03
16/05/2026 08:14,16.875,0.002,8.03
16/05/2026 07:44,16.875,0.002,8.03
16/05/2026 07:14,16.75,0.002,8.03
16/05/2026 06:44,16.875,0.002,8.03
16/05/2026 06:14,16.875,0.002,8.03
16/05/2026 05:44,17,0.002,8.03
16/05/2026 05:14,17.125,0.002,8.03
16/05/2026 04:44,17,0.002,8.03
16/05/2026 04:14,17.125,0.002,8.03
16/05/2026 03:44,17.25,0.002,8.03
16/05/2026 03:14,17.125,0.002,8.03
16/05/2026 02:44,17.25,0.002,8.03
16/05/2026 02:14,17.25,0.002,8.03
16/05/2026 01:44,17.125,0.002,8.03
16/05/2026 01:14,17.25,0.002,8.03
16/05/2026 00:44,17.25,0.002,8.03
16/05/2026 00:14,17.375,0.002,8.03
15/05/2026 23:44,17.25,0.002,8.03
15/05/2026 23:14,17.5,0.002,8.03
15/05/2026 22:44,17.5,0.002,8.03
15/05/2026 22:14,17.375,0.002,8.03
15/05/2026 21:44,17.5,0.002,8.03
15/05/2026 21:14,17.5,0.002,8.03
15/05/2026 20:44,17.625,0.002,8.03
15/05/2026 20:14,17.625,0.002,8.03
15/05/2026 20:14,17.625,0.002,8.03
15/05/2026 19:44,17.625,0.002,8.03
15/05/2026 19:14,17.625,0.002,8.03
15/05/2026 18:44,16.75,0.002,8.03
15/05/2026 18:44,16.75,0.002,8.03
15/05/2026 18:14,18.5,0.002,8.03
15/05/2026 18:14,18.5,0.002,8.03
15/05/2026 17:44,17.5,0.002,8.03
15/05/2026 17:14,17.5,0.002,8.02
15/05/2026 16:44,17.375,0.002,8.02
15/05/2026 16:14,17.375,0.002,8.02
15/05/2026 15:44,17.375,0.002,8.02
15/05/2026 15:14,17.125,0.002,8.02
15/05/2026 14:44,17.125,0.002,8.02
15/05/2026 14:14,17,0.002,8.02
15/05/2026 13:44,16.75,0.002,8.02
15/05/2026 13:14,15.75,0.002,8.01
15/05/2026 12:44,16.625,0.002,8.01
15/05/2026 12:14,16.625,0.002,8.01
15/05/2026 11:44,16.5,0.002,8.01
15/05/2026 11:14,16.625,0.002,8.01
15/05/2026 10:44,16.5,0.002,8.01
15/05/2026 10:14,16.5,0.002,8.01
15/05/2026 09:44,16.5,0.002,8.01
15/05/2026 09:14,16.375,0.002,8.01
15/05/2026 08:44,16.25,0.002,8.01
15/05/2026 08:14,16.375,0.002,8.01
15/05/2026 07:44,16.25,0.002,8.01
15/05/2026 07:14,16.25,0.002,8.01
15/05/2026 06:44,16.125,0.002,8.01
15/05/2026 06:14,16.25,0.002,8.01
15/05/2026 05:44,16.25,0.002,8.01
15/05/2026 05:14,16.25,0.002,8.01
15/05/2026 04:44,16.25,0.002,8.01
15/05/2026 04:14,16.25,0.002,8.01
15/05/2026 03:44,16.25,0.002,8.01
15/05/2026 03:14,16.25,0.002,8.01
15/05/2026 02:44,16.25,0.002,8.01
15/05/2026 02:14,16.25,0.002,8.01
15/05/2026 01:44,16.25,0.002,8.01
15/05/2026 01:14,16.375,0.002,8
15/05/2026 00:44,16.375,0.002,8
15/05/2026 00:14,16.25,0.002,8
14/05/2026 23:44,16.375,0.002,8
14/05/2026 23:14,16.25,0.002,8
14/05/2026 22:44,16.25,0.002,8
14/05/2026 22:14,16.25,0.002,8
14/05/2026 22:14,16.25,0.002,8
14/05/2026 21:44,16.25,0.002,8
14/05/2026 21:14,16.375,0.002,8
14/05/2026 20:44,16.125,0.002,8
14/05/2026 20:14,16.125,0.002,8
14/05/2026 19:44,16.125,0.002,8
14/05/2026 19:14,16.125,0.002,8
14/05/2026 18:44,16,0.002,8
14/05/2026 18:44,16,0.002,8
14/05/2026 18:14,15.875,0.002,8
14/05/2026 17:44,15.75,0.002,7.99
14/05/2026 17:14,16.625,0.002,7.99
14/05/2026 16:44,15.5,0.002,7.99
14/05/2026 16:14,15.5,0.002,7.99
14/05/2026 15:44,15.375,0.002,7.99
14/05/2026 15:14,15.125,0.002,7.99
14/05/2026 14:44,15,0.002,7.99
14/05/2026 14:14,15,0.002,7.99
14/05/2026 13:44,14.875,0.002,7.99
14/05/2026 13:14,14.625,0.002,7.99
14/05/2026 12:44,13.75,0.002,7.98
14/05/2026 12:14,14.75,0.002,7.98
14/05/2026 11:44,13.75,0.002,7.98
14/05/2026 11:14,13.75,0.002,7.99
14/05/2026 10:44,14.5,0.002,7.98
14/05/2026 10:14,14.625,0.002,7.98
14/05/2026 09:44,14.5,0.002,7.98
14/05/2026 09:14,14.625,0.002,7.98
14/05/2026 08:44,14.625,0.002,7.98
14/05/2026 08:14,14.5,0.002,7.99
14/05/2026 07:44,14.625,0.002,7.98
14/05/2026 07:14,14.75,0.002,7.98
14/05/2026 06:44,14.75,0.002,7.99
14/05/2026 06:14,14.625,0.002,7.98
14/05/2026 05:44,15.625,0.002,7.98
14/05/2026 05:14,14.75,0.002,7.99
14/05/2026 04:44,14.75,0.002,7.99
14/05/2026 04:14,13.75,0.002,7.99
14/05/2026 03:44,15.625,0.002,7.98
14/05/2026 03:14,14.75,0.002,7.98
14/05/2026 02:44,14.75,0.002,7.98
14/05/2026 02:44,14.75,0.002,7.98
14/05/2026 02:14,15.625,0.002,7.99
14/05/2026 01:44,13.875,0.002,7.98
14/05/2026 01:14,14.75,0.002,7.98
14/05/2026 00:44,14.875,0.002,7.99
14/05/2026 00:14,14.875,0.002,7.99
13/05/2026 23:44,15.125,0.002,7.98
13/05/2026 23:14,15.125,0.002,7.99
13/05/2026 22:44,14.875,0.002,7.99
13/05/2026 22:14,15,0.002,7.99
13/05/2026 21:44,15.125,0.002,7.99
13/05/2026 21:14,15.125,0.002,7.99
13/05/2026 20:44,15.25,0.002,7.99
13/05/2026 20:14,15.25,0.002,7.99
13/05/2026 19:44,15.375,0.002,7.99
13/05/2026 19:14,15.375,0.002,7.99
13/05/2026 19:14,15.375,0.002,7.99
13/05/2026 18:44,15.375,0.002,7.99
13/05/2026 18:14,15.5,0.002,7.99
13/05/2026 17:44,15.375,0.002,7.99
13/05/2026 17:14,15.375,0.002,7.99
13/05/2026 16:44,15.375,0.002,7.98
13/05/2026 16:14,15.375,0.002,7.98
13/05/2026 15:44,15.25,0.002,7.98
13/05/2026 15:14,14.875,0.002,7.98
13/05/2026 14:44,14.875,0.002,7.98
13/05/2026 14:14,14.75,0.002,7.98
13/05/2026 13:44,15.625,0.002,7.98
13/05/2026 13:14,14.5,0.002,7.98
13/05/2026 12:44,14.625,0.002,7.98
13/05/2026 12:14,14.625,0.002,7.98
13/05/2026 11:44,14.625,0.002,7.98
13/05/2026 11:14,14.5,0.002,7.98
13/05/2026 10:44,14.625,0.002,7.98
13/05/2026 10:14,14.5,0.002,7.98
13/05/2026 09:44,14.5,0.002,7.98
13/05/2026 09:14,14.5,0.002,7.98
13/05/2026 08:44,14.5,0.002,7.98
13/05/2026 08:14,14.625,0.002,7.98
13/05/2026 07:44,14.75,0.002,7.98
13/05/2026 07:44,14.75,0.002,7.98
13/05/2026 07:14,15.625,0.002,7.98
13/05/2026 06:44,13.875,0.002,7.98
13/05/2026 06:14,15,0.002,7.98
13/05/2026 05:44,14.875,0.002,7.98
13/05/2026 05:14,14.75,0.002,7.98
13/05/2026 04:44,14.625,0.002,7.98
13/05/2026 04:14,14.75,0.002,7.98
13/05/2026 03:44,15.625,0.002,7.98
13/05/2026 03:14,14.75,0.002,7.98
13/05/2026 02:44,15.625,0.002,7.98
13/05/2026 02:14,14.75,0.002,7.98
13/05/2026 01:44,15.625,0.002,7.98
13/05/2026 01:14,15.625,0.002,7.98
13/05/2026 00:44,14.75,0.002,7.98
13/05/2026 00:14,14.75,0.002,7.98
12/05/2026 23:44,14.625,0.002,7.98
12/05/2026 23:14,14.75,0.002,7.98
12/05/2026 22:44,15,0.002,7.98
12/05/2026 22:14,14.875,0.002,7.98
12/05/2026 21:44,14.75,0.002,7.98
12/05/2026 21:14,15.125,0.002,7.98
12/05/2026 20:44,14.875,0.002,7.98
12/05/2026 20:14,15,0.002,7.98
12/05/2026 19:44,15,0.002,7.98
12/05/2026 19:14,15.125,0.002,7.98
12/05/2026 18:44,15,0.002,7.98
12/05/2026 18:14,15,0.002,7.98
12/05/2026 17:44,15,0.002,7.98
12/05/2026 17:14,15,0.002,7.98
12/05/2026 16:44,14.875,0.002,7.97
12/05/2026 16:14,14.75,0.002,7.97
12/05/2026 15:44,14.75,0.002,7.97
12/05/2026 15:14,14.625,0.002,7.97
12/05/2026 14:44,14.5,0.002,7.97
12/05/2026 14:14,14.5,0.002,7.97
12/05/2026 13:44,14.625,0.002,7.97
12/05/2026 13:14,14.5,0.002,7.97
12/05/2026 12:44,14.5,0.002,7.97
12/05/2026 12:14,14.5,0.002,7.97
12/05/2026 11:44,14.625,0.002,7.97
12/05/2026 11:14,14.625,0.002,7.97
12/05/2026 10:44,14.5,0.002,7.97
12/05/2026 10:14,14.5,0.002,7.97
12/05/2026 09:44,14.625,0.002,7.97
12/05/2026 09:14,14.625,0.002,7.97
12/05/2026 08:44,14.5,0.002,7.97
12/05/2026 08:14,14.625,0.002,7.97
12/05/2026 07:44,14.75,0.002,7.97
12/05/2026 07:14,14.5,0.002,7.97
12/05/2026 06:44,14.625,0.002,7.97
12/05/2026 06:14,14.625,0.002,7.97
12/05/2026 05:44,14.75,0.002,7.97
12/05/2026 05:14,14.625,0.002,7.97
12/05/2026 04:44,13.75,0.002,7.97
12/05/2026 04:14,13.75,0.002,7.97
12/05/2026 03:44,14.75,0.002,7.97
12/05/2026 03:14,13.75,0.002,7.97
12/05/2026 02:44,14.75,0.002,7.97
12/05/2026 02:14,15.5,0.002,7.96
12/05/2026 01:44,15.625,0.002,7.96
12/05/2026 01:14,14.625,0.002,7.96
12/05/2026 00:44,14.625,0.002,7.96
12/05/2026 00:14,14.625,0.002,7.97
11/05/2026 23:44,14.75,0.002,7.97
11/05/2026 23:14,14.75,0.002,7.96
11/05/2026 22:44,15.625,0.002,7.97
11/05/2026 22:14,15,0.002,7.97
11/05/2026 21:44,15,0.002,7.96
11/05/2026 21:14,14.75,0.002,7.95
11/05/2026 20:44,14.75,0.002,7.95
11/05/2026 20:14,14.875,0.002,7.95
11/05/2026 19:44,14.875,0.002,7.95
11/05/2026 19:14,15,0.002,7.95
11/05/2026 18:44,15.125,0.002,7.95
11/05/2026 18:14,15.125,0.002,7.95
11/05/2026 17:44,15.125,0.002,7.95
11/05/2026 17:14,14.875,0.002,7.95
11/05/2026 16:44,15.125,0.002,7.94
11/05/2026 16:14,15.125,0.002,7.94
11/05/2026 15:44,15.125,0.002,7.94
11/05/2026 15:14,14.75,0.002,7.94
11/05/2026 14:44,14.875,0.002,7.94
11/05/2026 14:14,14.75,0.002,7.94
11/05/2026 13:44,14.875,0.002,7.94
11/05/2026 13:14,14.75,0.002,7.95
11/05/2026 12:44,15.625,0.002,7.95
11/05/2026 12:14,15.625,0.002,7.95
11/05/2026 11:44,14.5,0.002,7.95
11/05/2026 11:14,14.625,0.002,7.96
11/05/2026 10:44,14.5,0.002,7.96
11/05/2026 10:14,14.625,0.002,7.97
11/05/2026 09:44,14.5,0.002,7.97
11/05/2026 09:14,14.5,0.002,7.97
11/05/2026 08:44,14.625,0.002,7.97
11/05/2026 08:14,14.5,0.002,7.97
11/05/2026 07:44,14.625,0.002,7.97
11/05/2026 07:14,14.625,0.002,7.97
11/05/2026 06:44,14.875,0.002,7.97
11/05/2026 06:14,14.875,0.002,7.97
11/05/2026 05:44,15.625,0.002,7.97
11/05/2026 05:14,14.75,0.002,7.97
11/05/2026 04:44,15.625,0.002,7.97
11/05/2026 04:14,13.875,0.002,7.97
11/05/2026 03:44,14.625,0.002,7.97
11/05/2026 03:14,14.625,0.002,7.97
11/05/2026 02:44,14.75,0.002,7.97
11/05/2026 02:14,14.75,0.002,7.97
11/05/2026 01:44,14.75,0.002,7.97
11/05/2026 01:14,14.75,0.002,7.97
11/05/2026 00:44,14.625,0.002,7.97
11/05/2026 00:14,13.75,0.002,7.96
10/05/2026 23:44,14.5,0.002,7.96
10/05/2026 23:14,13.75,0.002,7.96
10/05/2026 22:44,14.75,0.002,7.96
10/05/2026 22:14,14.625,0.002,7.96
10/05/2026 21:44,13.75,0.002,7.96
10/05/2026 21:14,15.625,0.002,7.96
10/05/2026 20:44,15.625,0.002,7.96
10/05/2026 20:14,14.75,0.002,7.96
10/05/2026 19:44,14.75,0.002,7.96
10/05/2026 19:14,14.875,0.002,7.96
10/05/2026 18:44,14.875,0.002,7.96
10/05/2026 18:14,15,0.002,7.95
10/05/2026 17:44,14.875,0.002,7.95
10/05/2026 17:14,14.75,0.002,7.95
10/05/2026 16:44,15,0.002,7.95
10/05/2026 16:14,14.875,0.002,7.95
10/05/2026 16:14,14.875,0.002,7.95
10/05/2026 15:44,14.875,0.002,7.95
10/05/2026 15:14,15.625,0.002,7.95
10/05/2026 14:44,14.75,0.002,7.95
10/05/2026 14:14,15.625,0.002,7.95
10/05/2026 13:44,15.625,0.002,7.94
10/05/2026 13:14,14.625,0.002,7.94
10/05/2026 12:44,15.5,0.002,7.94
10/05/2026 12:14,14.625,0.002,7.94
10/05/2026 11:44,14.625,0.002,7.94
10/05/2026 11:14,14.5,0.002,7.94
10/05/2026 10:44,14.625,0.002,7.93
10/05/2026 10:14,14.375,0.002,7.94
10/05/2026 09:44,14.5,0.002,7.93
10/05/2026 09:14,14.5,0.002,7.93
10/05/2026 08:44,14.625,0.002,7.93
10/05/2026 08:14,14.5,0.002,7.93
10/05/2026 07:44,14.625,0.002,7.93
10/05/2026 07:14,14.625,0.002,7.93
10/05/2026 06:44,13.75,0.002,7.93
10/05/2026 06:14,15.625,0.002,7.93
10/05/2026 05:44,14.75,0.002,7.92
10/05/2026 05:14,14.5,0.002,7.92
10/05/2026 04:44,14.625,0.002,7.92
10/05/2026 04:44,14.625,0.002,7.92
10/05/2026 04:14,14.625,0.002,7.92
10/05/2026 03:44,13.75,0.002,7.91
10/05/2026 03:14,14.5,0.002,7.91
10/05/2026 02:44,14.75,0.002,7.91
10/05/2026 02:14,14.5,0.002,7.91
10/05/2026 01:44,13.75,0.002,7.91
10/05/2026 01:14,15.625,0.002,7.91
10/05/2026 00:44,14.5,0.002,7.91
10/05/2026 00:14,14.625,0.002,7.91
09/05/2026 23:44,13.75,0.002,7.91
09/05/2026 23:44,13.75,0.002,7.91
09/05/2026 23:14,14.625,0.002,7.9
09/05/2026 22:44,14.75,0.002,7.9
09/05/2026 22:14,14.75,0.002,7.9
09/05/2026 21:44,14.625,0.002,7.9
09/05/2026 21:14,14.75,0.002,7.9
09/05/2026 21:14,14.75,0.002,7.9
09/05/2026 20:44,14.625,0.002,7.9
09/05/2026 20:14,15.625,0.002,7.89
09/05/2026 19:44,14.75,0.002,7.89
09/05/2026 19:14,14.75,0.002,7.89
09/05/2026 18:44,14.75,0.002,7.89
09/05/2026 18:14,14.75,0.002,7.9
09/05/2026 17:44,14.875,0.002,7.9
09/05/2026 17:14,14.875,0.002,7.9
09/05/2026 16:44,14.875,0.002,7.9
09/05/2026 16:14,15.625,0.002,7.9
09/05/2026 15:44,13.75,0.002,7.9
09/05/2026 15:14,14.625,0.002,7.9
09/05/2026 14:44,14.625,0.002,7.89
09/05/2026 14:44,14.625,0.002,7.89
09/05/2026 14:14,14.625,0.002,7.89
09/05/2026 13:44,14.5,0.002,7.89
09/05/2026 13:14,14.75,0.002,7.89
09/05/2026 12:44,14.625,0.002,7.89
09/05/2026 12:14,14.625,0.002,7.89
09/05/2026 11:44,14.625,0.002,7.89
09/05/2026 11:14,14.5,0.002,7.89
09/05/2026 10:44,14.5,0.002,7.89
09/05/2026 10:14,14.5,0.002,7.89
09/05/2026 09:44,14.5,0.002,7.9
09/05/2026 09:14,14.5,0.002,7.9
09/05/2026 08:44,14.5,0.002,7.9
09/05/2026 08:14,14.5,0.002,7.9
09/05/2026 07:44,14.5,0.002,7.9
09/05/2026 07:14,13.75,0.002,7.9
09/05/2026 06:44,14.75,0.002,7.9
09/05/2026 06:14,14.625,0.002,7.9
09/05/2026 05:44,13.75,0.002,7.9
09/05/2026 05:14,14.875,0.002,7.9
09/05/2026 04:44,15.625,0.002,7.9
09/05/2026 04:14,14.75,0.002,7.9
09/05/2026 03:44,13.75,0.002,7.9
09/05/2026 03:14,14.75,0.002,7.89
09/05/2026 02:44,15.625,0.002,7.89
09/05/2026 02:14,14.75,0.002,7.89
09/05/2026 01:44,14.875,0.002,7.88
09/05/2026 01:14,14.875,0.002,7.88
09/05/2026 00:44,14.875,0.002,7.88
09/05/2026 00:14,15,0.002,7.88
08/05/2026 23:44,14.75,0.002,7.88
08/05/2026 23:14,14.75,0.002,7.88
08/05/2026 22:44,15,0.002,7.88
08/05/2026 22:14,15.125,0.001,7.88
08/05/2026 22:14,15.125,0.001,7.88
08/05/2026 21:44,15,0.001,7.87
08/05/2026 21:14,15.125,0.001,7.86
08/05/2026 20:44,14.875,0.001,7.85
08/05/2026 20:14,15,0.001,7.84
08/05/2026 19:44,15.25,0.001,7.82
08/05/2026 19:14,15.375,0.001,7.8
08/05/2026 18:44,15.125,0.001,7.76
08/05/2026 18:14,15.5,0.001,7.72
08/05/2026 17:44,15.125,0.001,7.66
08/05/2026 17:14,15.25,0.001,7.59
08/05/2026 16:54,15.625,0.001,7.51
08/05/2026 16:44,15.375,0.001,7.46
08/05/2026 16:14,15.5,0.001,7.27
08/05/2026 15:44,15.5,0.001,7.03
08/05/2026 15:14,15.625,0.001,6.83
08/05/2026 14:44,15.375,0.001,6.7
08/05/2026 14:14,15,0.001,6.64
08/05/2026 13:44,15.125,0.001,6.62
08/05/2026 13:14,15.125,0.001,6.61
08/05/2026 13:14,15,0.001,6.76
01/05/2026 09:44,15,0.001,7.99
01/05/2026 09:39,15.125,0.001,7.98
01/05/2026 09:14,15.125,0.001,7.98
01/05/2026 08:44,15.25,0.001,7.98
01/05/2026 08:14,14.875,0.001,7.98
01/05/2026 07:44,14.75,0.001,7.98
01/05/2026 07:14,14.875,0.001,7.97
01/05/2026 07:14,14.875,0.001,7.97
01/05/2026 06:44,15,0.001,7.97
01/05/2026 06:14,14.875,0.001,7.97
01/05/2026 05:44,15,0.001,7.98
01/05/2026 05:14,15,0.001,7.98
01/05/2026 04:44,14.75,0.001,7.98
01/05/2026 04:14,15,0.001,7.98
01/05/2026 03:44,15,0.001,7.98
01/05/2026 03:44,15,0.001,7.98
01/05/2026 03:14,15.125,0.001,7.98
01/05/2026 02:44,14.875,0.001,7.99
01/05/2026 02:14,14.875,0.001,7.99
01/05/2026 01:44,15,0.001,7.99
01/05/2026 01:14,15,0.001,7.99
01/05/2026 00:44,15,0.001,7.99
01/05/2026 00:14,15,0.001,8
30/04/2026 23:44,15.125,0.001,8
30/04/2026 23:14,15.25,0.001,8
30/04/2026 22:44,15.25,0.001,8.01
30/04/2026 22:14,15.125,0.001,8.01
30/04/2026 21:44,15.375,0.001,8.01
30/04/2026 21:14,15.5,0.001,8.01
30/04/2026 20:44,15.5,0.001,8.01
30/04/2026 20:14,16.625,0.001,8.01
30/04/2026 19:44,15.5,0.001,8.02
30/04/2026 19:14,16.5,0.001,8.02
30/04/2026 18:44,15.75,0.001,8.02
30/04/2026 18:14,15.75,0.001,8.02
30/04/2026 17:44,15.75,0.001,8.02
30/04/2026 17:14,15.625,0.001,8.02
30/04/2026 16:44,16.625,0.001,8.02
30/04/2026 16:14,16.625,0.001,8.01
30/04/2026 15:44,15.625,0.001,8.01
30/04/2026 15:14,15.625,0.001,8.01
30/04/2026 14:44,15.625,0.001,8
30/04/2026 14:14,16.625,0.001,8
30/04/2026 13:44,15.375,0.001,8
30/04/2026 13:14,15.375,0.001,7.99
30/04/2026 12:44,15.375,0.001,7.99
30/04/2026 12:14,15.375,0.001,7.99
30/04/2026 11:44,15.25,0.001,7.98
30/04/2026 11:14,15.125,0.001,7.98
30/04/2026 10:44,15.125,0.001,7.98
30/04/2026 10:14,15.125,0.001,7.97
30/04/2026 09:44,15,0.001,7.97
30/04/2026 09:14,15.125,0.001,7.97
30/04/2026 08:44,15,0.001,7.97
30/04/2026 08:14,15,0.001,7.96
30/04/2026 08:14,15,0.001,7.96
30/04/2026 07:44,14.875,0.001,7.96
30/04/2026 07:14,15,0.001,7.96
30/04/2026 06:44,15,0.001,7.96
30/04/2026 06:14,15.125,0.001,7.96
30/04/2026 05:44,15,0.001,7.96
30/04/2026 05:14,14.875,0.001,7.96
30/04/2026 04:44,14.875,0.001,7.96
30/04/2026 04:14,15.125,0.001,7.96
30/04/2026 03:44,15.125,0.001,7.96
30/04/2026 03:14,15,0.001,7.96
30/04/2026 03:14,15,0.001,7.96
30/04/2026 02:44,15.125,0.001,7.97
30/04/2026 02:14,14.875,0.001,7.97
30/04/2026 01:44,15.125,0.001,7.97
30/04/2026 01:14,14.875,0.001,7.97
30/04/2026 00:44,15.25,0.001,7.97
30/04/2026 00:14,15.125,0.001,7.97
29/04/2026 23:44,15.125,0.001,7.98
29/04/2026 23:14,15.125,0.001,7.98
29/04/2026 22:44,15.25,0.001,7.98
29/04/2026 22:14,15.375,0.001,7.98
29/04/2026 21:44,15.375,0.001,7.99
29/04/2026 21:14,15.5,0.001,7.99
29/04/2026 20:44,15.5,0.001,7.99
29/04/2026 20:14,15.625,0.001,7.99
29/04/2026 19:44,16.625,0.001,7.99
29/04/2026 19:14,14.75,0.001,8
29/04/2026 18:44,15.75,0.001,8
29/04/2026 18:14,15.75,0.001,8
29/04/2026 17:44,16.625,0.001,7.99
29/04/2026 17:14,15.875,0.001,7.99
29/04/2026 16:44,14.75,0.001,7.99
29/04/2026 16:14,15.625,0.001,7.98
29/04/2026 16:14,15.625,0.001,7.98
29/04/2026 15:44,14.75,0.001,7.98
29/04/2026 15:14,15.625,0.001,7.98
29/04/2026 14:44,15.75,0.001,7.97
29/04/2026 14:14,14.75,0.001,7.97
29/04/2026 14:14,14.75,0.001,7.97
29/04/2026 13:44,14.75,0.001,7.97
29/04/2026 13:14,15.625,0.001,7.96
29/04/2026 12:44,15.5,0.001,7.95
29/04/2026 12:14,15.5,0.001,7.95
29/04/2026 11:44,15.25,0.001,7.94
29/04/2026 11:14,15.375,0.001,7.94
29/04/2026 10:44,15.375,0.001,7.93
29/04/2026 10:14,15.375,0.001,7.93
29/04/2026 09:44,15.25,0.001,7.92
29/04/2026 09:14,15,0.001,7.92
29/04/2026 09:14,15,0.001,7.92
29/04/2026 08:44,15.125,0.001,7.91
29/04/2026 08:14,15.125,0.001,7.91
29/04/2026 07:44,15,0.001,7.9
29/04/2026 07:14,15.125,0.001,7.9
29/04/2026 07:14,15.125,0.001,7.9
29/04/2026 06:44,15,0.001,7.89
29/04/2026 06:14,14.875,0.001,7.89
29/04/2026 05:44,15,0.001,7.89
29/04/2026 05:14,15.125,0.001,7.89
29/04/2026 04:44,15,0.001,7.89
29/04/2026 04:14,15.125,0.001,7.9
29/04/2026 03:44,15.125,0.001,7.89
29/04/2026 03:14,15.125,0.001,7.89
29/04/2026 02:44,15.125,0.001,7.89
29/04/2026 02:14,15.25,0.001,7.89
29/04/2026 01:44,15.375,0.001,7.89
29/04/2026 01:14,15.5,0.001,7.89
29/04/2026 00:44,15.375,0.001,7.89
29/04/2026 00:14,15.5,0.001,7.89
28/04/2026 23:44,15.625,0.001,7.89
28/04/2026 23:14,15.75,0.001,7.89
28/04/2026 23:14,15.75,0.001,7.89
28/04/2026 22:44,15.625,0.001,7.89
28/04/2026 22:14,15.625,0.001,7.89
28/04/2026 21:44,16.625,0.001,7.89
28/04/2026 21:14,15.75,0.001,7.88
28/04/2026 20:44,15.875,0.001,7.89
28/04/2026 20:14,15.875,0.001,7.89
28/04/2026 19:44,15.875,0.001,7.88
28/04/2026 19:44,15.875,0.001,7.88
28/04/2026 19:14,16,0.001,7.89
28/04/2026 18:44,16.125,0.001,7.89
28/04/2026 18:14,16,0.001,7.89
28/04/2026 17:44,16,0.001,7.89
28/04/2026 17:14,16.125,0.001,7.89
28/04/2026 16:44,16,0.001,7.88
28/04/2026 16:14,16,0.001,7.88
28/04/2026 15:44,16.125,0.001,7.88
28/04/2026 15:14,16,0.001,7.88
28/04/2026 14:44,16.125,0.001,7.89
28/04/2026 14:14,16,0.001,7.89
28/04/2026 13:44,16,0.001,7.9
28/04/2026 13:14,15.75,0.001,7.9
28/04/2026 12:44,15.75,0.001,7.91
28/04/2026 12:14,15.75,0.001,7.92
28/04/2026 11:44,15.625,0.001,7.92
28/04/2026 11:14,15.75,0.001,7.91
28/04/2026 10:44,15.625,0.001,7.92
28/04/2026 10:14,15.25,0.001,7.93
28/04/2026 10:14,15.25,0.001,7.93
28/04/2026 09:44,15.375,0.001,7.93
28/04/2026 09:14,15.125,0.001,7.94
28/04/2026 08:44,15,0.001,7.94
28/04/2026 08:14,15.125,0.001,7.94
28/04/2026 07:44,15.125,0.001,7.93
28/04/2026 07:14,15,0.001,7.93
28/04/2026 06:44,15,0.001,7.93
28/04/2026 06:14,15,0.001,7.93
28/04/2026 05:44,15.125,0.001,7.93
28/04/2026 05:14,15,0.001,7.93
28/04/2026 04:44,15,0.001,7.93
28/04/2026 04:14,15.125,0.001,7.93
28/04/2026 03:44,14.875,0.001,7.93
28/04/2026 03:14,15.25,0.001,7.93
28/04/2026 02:44,15.25,0.001,7.93
28/04/2026 02:14,15.375,0.001,7.93
28/04/2026 01:44,15.375,0.001,7.94
28/04/2026 01:14,15.375,0.001,7.94
28/04/2026 01:14,15.375,0.001,7.94
28/04/2026 00:44,15.375,0.001,7.94
28/04/2026 00:14,15.375,0.001,7.94
27/04/2026 23:44,14.75,0.001,7.94
27/04/2026 23:14,15.5,0.001,7.94
27/04/2026 22:44,14.75,0.001,7.94
27/04/2026 22:14,16.625,0.001,7.94
27/04/2026 21:44,15.75,0.001,7.94
27/04/2026 21:44,15.75,0.001,7.94
27/04/2026 21:14,15.625,0.001,7.94
27/04/2026 20:44,15.75,0.001,7.94
27/04/2026 20:14,15.75,0.001,7.94
27/04/2026 19:44,15.875,0.001,7.95
27/04/2026 19:14,16,0.001,7.95
27/04/2026 18:44,16,0.001,7.95
27/04/2026 18:14,16,0.001,7.96
27/04/2026 17:44,16.125,0.001,7.96
27/04/2026 17:14,16.125,0.001,7.96
27/04/2026 16:44,15.875,0.001,7.97
27/04/2026 16:44,15.875,0.001,7.97
27/04/2026 16:14,16,0.001,7.97
27/04/2026 15:44,16,0.001,7.97
27/04/2026 15:14,15.875,0.001,7.97
27/04/2026 14:44,15.875,0.001,7.97
27/04/2026 14:14,15.75,0.001,7.98
27/04/2026 13:44,15.75,0.001,7.98
27/04/2026 13:14,15.5,0.001,7.99
27/04/2026 12:44,16.625,0.001,8
27/04/2026 12:14,15.5,0.001,8
27/04/2026 11:44,15.375,0.001,8
27/04/2026 11:14,15.375,0.001,8
27/04/2026 10:44,15.25,0.001,8
27/04/2026 10:14,15.25,0.001,8
27/04/2026 09:44,15,0.001,8
27/04/2026 09:14,15.125,0.001,8
27/04/2026 08:44,14.875,0.001,8
27/04/2026 08:14,15,0.001,8
27/04/2026 07:44,14.875,0.001,8
27/04/2026 07:14,14.875,0.001,8
27/04/2026 06:44,14.75,0.001,8
27/04/2026 06:14,14.875,0.001,8.01
27/04/2026 05:44,15,0.001,8.01
27/04/2026 05:14,14.875,0.001,8.01
27/04/2026 04:44,14.875,0.001,8.01
27/04/2026 04:14,15,0.001,8.02
27/04/2026 03:44,15,0.001,8.02
27/04/2026 03:14,15,0.001,8.02
27/04/2026 02:44,15.125,0.001,8.03
27/04/2026 02:14,15.125,0.001,8.03
27/04/2026 01:44,15,0.001,8.03
27/04/2026 01:14,15.125,0.001,8.03
27/04/2026 00:44,15.25,0.001,8.03
27/04/2026 00:14,15.125,0.001,8.04
26/04/2026 23:44,15.125,0.001,8.04
26/04/2026 23:14,15.375,0.001,8.04
26/04/2026 23:14,15.375,0.001,8.04
26/04/2026 22:44,15.375,0.001,8.03
26/04/2026 22:14,15.25,0.001,8.04
26/04/2026 21:44,15.25,0.001,8.04
26/04/2026 21:14,15.25,0.001,8.04
26/04/2026 20:44,15.5,0.001,8.05
26/04/2026 20:14,15.5,0.001,8.05
26/04/2026 19:44,15.75,0.001,8.05
26/04/2026 19:14,15.625,0.001,8.06
26/04/2026 18:44,15.75,0.001,8.05
26/04/2026 18:14,15.75,0.001,8.06
26/04/2026 17:44,15.75,0.001,8.06
26/04/2026 17:14,15.75,0.001,8.06
26/04/2026 16:44,15.75,0.001,8.05
26/04/2026 16:14,16.625,0.001,8.05
26/04/2026 15:44,15.625,0.001,8.05
26/04/2026 15:14,15.625,0.001,8.05
26/04/2026 14:44,15.625,0.001,8.04
26/04/2026 14:14,14.75,0.001,8.04
26/04/2026 13:44,15.625,0.001,8.03
26/04/2026 13:14,15.375,0.001,8.03
26/04/2026 12:44,15.375,0.001,8.03
26/04/2026 12:14,15.5,0.001,8.03
26/04/2026 11:44,15.375,0.001,8.02
26/04/2026 11:14,15,0.001,8.02
26/04/2026 10:44,15.25,0.001,8.02
26/04/2026 10:44,15.25,0.001,8.02
26/04/2026 10:14,15,0.001,8.01
26/04/2026 09:44,15,0.001,8.01
26/04/2026 09:14,15.125,0.001,8
26/04/2026 08:44,15.125,0.001,8.01
26/04/2026 08:14,15,0.001,8.01
26/04/2026 07:44,15.125,0.001,8
26/04/2026 07:14,14.875,0.001,8
26/04/2026 06:44,14.875,0.001,8
26/04/2026 06:14,15,0.001,8.01
26/04/2026 06:14,15,0.001,8.01
26/04/2026 05:44,15.125,0.001,8.01
26/04/2026 05:14,15,0.001,8.01
26/04/2026 04:44,15,0.001,8.01
26/04/2026 04:14,15.125,0.001,8.01
26/04/2026 03:44,15,0.001,8.02
26/04/2026 03:14,15,0.001,8.02
26/04/2026 02:44,15.125,0.001,8.02
26/04/2026 02:14,15.25,0.001,8.02
26/04/2026 01:44,14.875,0.001,8.02
26/04/2026 01:14,15.125,0.001,8.02
26/04/2026 00:44,15.25,0.001,8.03
26/04/2026 00:14,15.25,0.001,8.03
25/04/2026 23:44,15.125,0.001,8.03
25/04/2026 23:14,15.375,0.001,8.04
25/04/2026 22:44,15.25,0.001,8.04
25/04/2026 22:14,15.625,0.001,8.04
25/04/2026 21:44,15.5,0.001,8.04
25/04/2026 21:14,15.625,0.001,8.05
25/04/2026 20:44,15.625,0.001,8.05
25/04/2026 20:14,15.625,0.001,8.05
25/04/2026 19:44,16.625,0.001,8.05
25/04/2026 19:14,15.875,0.001,8.06
25/04/2026 18:44,15.875,0.001,8.06
25/04/2026 18:14,15.75,0.001,8.06
25/04/2026 17:44,15.875,0.001,8.06
25/04/2026 17:44,15.875,0.001,8.06
25/04/2026 17:14,15.75,0.001,8.05
25/04/2026 16:44,15.875,0.001,8.05
25/04/2026 16:14,15.875,0.001,8.05
25/04/2026 15:44,15.875,0.001,8.05
25/04/2026 15:14,16.625,0.001,8.05
25/04/2026 14:44,15.5,0.001,8.04
25/04/2026 14:14,16.625,0.001,8.04
25/04/2026 13:44,15.5,0.001,8.04
25/04/2026 13:14,15.5,0.001,8.03
25/04/2026 12:44,15.5,0.001,8.03
25/04/2026 12:14,15.625,0.001,8.03
25/04/2026 11:44,15.375,0.001,8.02
25/04/2026 11:14,15.375,0.001,8.02
25/04/2026 10:44,15.25,0.001,8.02
25/04/2026 10:14,15.25,0.001,8.01
25/04/2026 09:44,15.125,0.001,8.01
25/04/2026 09:14,15.125,0.001,8.01
25/04/2026 08:44,14.875,0.001,8.01
25/04/2026 08:14,15.125,0.001,8
25/04/2026 07:44,15.125,0.001,8
25/04/2026 07:14,15,0.001,8
25/04/2026 06:44,14.875,0.001,8
25/04/2026 06:14,15,0.001,8
25/04/2026 05:44,15,0.001,8
25/04/2026 05:14,14.875,0.001,8
25/04/2026 04:44,15,0.001,8
25/04/2026 04:14,14.875,0.001,8.01
25/04/2026 03:44,14.875,0.001,8.01
25/04/2026 03:14,14.75,0.001,8.01
25/04/2026 02:44,15,0.001,8.01
25/04/2026 02:14,15.125,0.001,8.01
25/04/2026 01:44,14.875,0.001,8.01
25/04/2026 01:14,15,0.001,8.01
25/04/2026 00:44,15.25,0.001,8.02
25/04/2026 00:14,15,0.001,8.02
24/04/2026 23:44,14.875,0.001,8.02
24/04/2026 23:14,15,0.001,8.02
24/04/2026 22:44,15.125,0.001,8.02
24/04/2026 22:14,15.125,0.001,8.02
24/04/2026 22:14,15.125,0.001,8.02
24/04/2026 21:44,15.125,0.001,8.03
24/04/2026 21:14,15,0.001,8.03
24/04/2026 20:44,15,0.001,8.03
24/04/2026 20:14,15,0.001,8.03
24/04/2026 19:44,15.375,0.001,8.04
24/04/2026 19:14,15.125,0.001,8.04
24/04/2026 18:44,15.375,0.001,8.04
24/04/2026 18:14,15.25,0.001,8.04
24/04/2026 17:44,15.375,0.001,8.04
24/04/2026 17:14,15.5,0.001,8.04
24/04/2026 16:44,15.5,0.001,8.04
24/04/2026 16:14,15.5,0.001,8.04
24/04/2026 15:44,15.625,0.001,8.03
24/04/2026 15:14,15.5,0.001,8.03
24/04/2026 14:44,15.5,0.001,8.03
24/04/2026 14:14,15.625,0.001,8.03
24/04/2026 13:44,15.25,0.001,8.03
24/04/2026 13:14,15.375,0.001,8.03
24/04/2026 12:44,15.375,0.001,8.03
24/04/2026 12:14,15.25,0.001,8.03
24/04/2026 11:44,15.25,0.001,8.02
24/04/2026 11:14,15.25,0.001,8.02
24/04/2026 10:44,15.25,0.001,8.02
24/04/2026 10:14,15,0.001,8.02
24/04/2026 09:44,15,0.001,8.02
24/04/2026 09:14,15.125,0.001,8.02
24/04/2026 09:14,15.125,0.001,8.02
24/04/2026 08:44,15.125,0.001,8.02
24/04/2026 08:14,15,0.001,8.01
24/04/2026 07:44,15,0.001,8.01
24/04/2026 07:14,15,0.001,8.01
24/04/2026 06:44,15,0.001,8.01
24/04/2026 06:14,15,0.001,8.01
24/04/2026 05:44,15,0.001,8.01
24/04/2026 05:14,15,0.001,8.02
24/04/2026 04:44,15.125,0.001,8.02
24/04/2026 04:14,15.25,0.001,8.02
24/04/2026 03:44,15,0.001,8.02
24/04/2026 03:14,15.125,0.001,8.02
24/04/2026 02:44,15.25,0.001,8.02
24/04/2026 02:14,15.25,0.001,8.03
24/04/2026 01:44,15.5,0.001,8.03
24/04/2026 01:14,15.25,0.001,8.03
24/04/2026 00:44,15.25,0.001,8.03
24/04/2026 00:14,15.625,0.001,8.03
23/04/2026 23:44,15.625,0.001,8.03
23/04/2026 23:14,15.625,0.001,8.04
23/04/2026 22:44,15.625,0.001,8.03
23/04/2026 22:14,16.5,0.001,8.04
23/04/2026 21:44,14.75,0.001,8.04
23/04/2026 21:14,15.625,0.001,8.04
23/04/2026 20:44,15.875,0.001,8.05
23/04/2026 20:14,15.625,0.001,8.05
23/04/2026 19:44,15.875,0.001,8.05
23/04/2026 19:14,15.875,0.001,8.05
23/04/2026 18:44,15.875,0.001,8.05
23/04/2026 18:44,15.875,0.001,8.05
23/04/2026 18:14,16,0.001,8.05
23/04/2026 17:44,16,0.001,8.05
23/04/2026 17:14,16.125,0.001,8.05
23/04/2026 17:14,16.125,0.001,8.05
23/04/2026 16:44,16,0.001,8.05
23/04/2026 16:14,16,0.001,8.05
23/04/2026 15:44,16,0.001,8.04
23/04/2026 15:14,15.875,0.001,8.04
23/04/2026 14:44,15.875,0.001,8.04
23/04/2026 14:14,15.75,0.001,8.04
23/04/2026 13:44,15.875,0.001,8.03
23/04/2026 13:14,14.75,0.001,8.03
23/04/2026 12:44,15.625,0.001,8.03
23/04/2026 12:14,15.5,0.001,8.02
23/04/2026 11:44,15.5,0.001,8.02
23/04/2026 11:14,15.25,0.001,8.02
23/04/2026 10:44,15.5,0.001,8.01
23/04/2026 10:14,15.25,0.001,8.01
23/04/2026 09:44,15.25,0.001,8.01
23/04/2026 09:14,15.125,0.001,8.01
23/04/2026 08:44,15.25,0.001,8.01
23/04/2026 08:14,15.125,0.001,8
23/04/2026 07:44,15.25,0.001,8
23/04/2026 07:14,15.25,0.001,8
23/04/2026 06:44,15.125,0.001,8
23/04/2026 06:44,15.125,0.001,8
23/04/2026 06:14,15.125,0.001,8
23/04/2026 05:44,15.125,0.001,8.01
23/04/2026 05:14,15.25,0.001,8.01
23/04/2026 04:44,15.375,0.001,8.01
23/04/2026 04:14,15.125,0.001,8.01
23/04/2026 03:44,15.125,0.001,8.01
23/04/2026 03:14,15.25,0.001,8.02
23/04/2026 02:44,15.375,0.001,8.02
23/04/2026 02:14,15.5,0.001,8.02
23/04/2026 01:44,15.375,0.001,8.02
23/04/2026 01:14,15.5,0.001,8.02
23/04/2026 00:44,15.5,0.001,8.03
23/04/2026 00:14,15.625,0.001,8.03
22/04/2026 23:44,14.75,0.001,8.03
22/04/2026 23:14,14.75,0.001,8.03
22/04/2026 22:44,14.75,0.001,8.03
22/04/2026 22:14,15.75,0.001,8.04
22/04/2026 21:44,15.75,0.001,8.04
22/04/2026 21:14,15.875,0.001,8.04
22/04/2026 20:44,15.75,0.001,8.05
22/04/2026 20:14,16,0.001,8.05
22/04/2026 19:44,16.125,0.001,8.05
22/04/2026 19:14,16,0.001,8.05
22/04/2026 18:44,16,0.001,8.05
22/04/2026 18:14,16.125,0.001,8.05
22/04/2026 17:44,16.125,0.001,8.05
22/04/2026 17:14,16,0.001,8.05
22/04/2026 17:14,16,0.001,8.05
22/04/2026 16:44,16,0.001,8.05
22/04/2026 16:14,16,0.001,8.05
22/04/2026 15:44,16,0.001,8.05
22/04/2026 15:14,15.875,0.001,8.04
22/04/2026 14:44,15.75,0.001,8.04
22/04/2026 14:14,15.625,0.001,8.04
22/04/2026 13:44,15.625,0.001,8.03
22/04/2026 13:14,16.625,0.001,8.03
22/04/2026 12:44,16.625,0.001,8.02
22/04/2026 12:14,15.5,0.001,8.02
22/04/2026 11:44,15.375,0.001,8.02
22/04/2026 11:14,15.375,0.001,8.01
22/04/2026 11:14,15.375,0.001,8.01
22/04/2026 10:44,15.125,0.001,8.01
22/04/2026 10:14,15.125,0.001,8.01
22/04/2026 09:44,15,0.001,8
22/04/2026 09:14,15.125,0.001,8.01
22/04/2026 08:44,15,0.001,8
22/04/2026 08:14,15,0.001,8
22/04/2026 07:44,15.125,0.001,8
22/04/2026 07:14,15,0.001,8
22/04/2026 06:44,15,0.001,8
22/04/2026 06:14,15.125,0.001,8
22/04/2026 05:44,15.125,0.001,8
22/04/2026 05:14,15,0.001,8
22/04/2026 04:44,15,0.001,8
22/04/2026 04:14,15.125,0.001,8.01
22/04/2026 03:44,15.25,0.001,8.01
22/04/2026 03:14,15.25,0.001,8.01
22/04/2026 02:44,15.125,0.001,8.01
22/04/2026 02:14,15,0.001,8.02
22/04/2026 01:44,15,0.001,8.02
22/04/2026 01:14,15.125,0.001,8.02
22/04/2026 00:44,15.25,0.001,8.02
22/04/2026 00:44,15.25,0.001,8.02
22/04/2026 00:14,15.25,0.001,8.03
21/04/2026 23:44,15.375,0.001,8.03
21/04/2026 23:14,15.25,0.001,8.03
21/04/2026 22:44,15.5,0.001,8.03
21/04/2026 22:14,15.5,0.001,8.03
21/04/2026 21:44,15.625,0.001,8.04
21/04/2026 21:14,15.5,0.001,8.04
21/04/2026 20:44,15.625,0.001,8.04
21/04/2026 20:14,15.5,0.001,8.04
21/04/2026 19:44,16.625,0.001,8.04
21/04/2026 19:14,15.75,0.001,8.05
21/04/2026 18:44,15.75,0.001,8.05
21/04/2026 18:14,15.75,0.001,8.05
21/04/2026 17:44,15.75,0.001,8.05
21/04/2026 17:14,15.875,0.001,8.05
21/04/2026 16:44,16,0.001,8.04
21/04/2026 16:14,15.875,0.001,8.04
21/04/2026 15:44,15.75,0.001,8.04
21/04/2026 15:14,15.875,0.001,8.04
21/04/2026 14:44,16.625,0.001,8.03
21/04/2026 14:14,15.75,0.001,8.03
21/04/2026 13:44,15.625,0.001,8.03
21/04/2026 13:14,15.625,0.001,8.02
21/04/2026 12:44,14.75,0.001,8.02
21/04/2026 12:14,15.5,0.001,8.02
21/04/2026 11:44,15.375,0.001,8.01
21/04/2026 11:14,15.25,0.001,8.01
21/04/2026 10:44,15.5,0.001,8.01
21/04/2026 10:14,15.375,0.001,8.01
21/04/2026 09:44,15.25,0.001,8
21/04/2026 09:14,15.25,0.001,8
21/04/2026 09:14,15.25,0.001,8
21/04/2026 08:44,15.375,0.001,8
21/04/2026 08:14,15.25,0.001,7.99
21/04/2026 07:44,15.375,0.001,8
21/04/2026 07:14,15,0.001,7.99
21/04/2026 06:44,15.375,0.001,8
21/04/2026 06:14,15.375,0.001,8
21/04/2026 05:44,15.25,0.001,8
21/04/2026 05:14,15,0.001,8
21/04/2026 04:44,15.125,0.001,8
21/04/2026 04:14,15.25,0.001,8
21/04/2026 03:44,15.125,0.001,8.01
21/04/2026 03:14,15.125,0.001,8.01
21/04/2026 02:44,15.125,0.001,8.01
21/04/2026 02:14,15.375,0.001,8.01
21/04/2026 01:44,15.25,0.001,8.01
21/04/2026 01:14,15.125,0.001,8.02
21/04/2026 00:44,15.375,0.001,8.02
21/04/2026 00:14,15.125,0.001,8.02
20/04/2026 23:44,15.375,0.001,8.02
20/04/2026 23:14,15.5,0.001,8.02
20/04/2026 22:44,15.625,0.001,8.03
20/04/2026 22:14,15.625,0.001,8.03
20/04/2026 21:44,15.625,0.001,8.03
20/04/2026 21:14,16.625,0.001,8.03
20/04/2026 20:44,15.625,0.001,8.03
20/04/2026 20:14,15.75,0.001,8.04
20/04/2026 19:44,15.875,0.001,8.04
20/04/2026 19:14,15.875,0.001,8.04
20/04/2026 19:14,15.875,0.001,8.04
20/04/2026 18:44,15.75,0.001,8.04
20/04/2026 18:14,16,0.001,8.04
20/04/2026 17:44,15.875,0.001,8.04
20/04/2026 17:14,15.875,0.001,8.04
20/04/2026 16:44,15.75,0.001,8.04
20/04/2026 16:14,15.875,0.001,8.04
20/04/2026 15:44,16.625,0.001,8.04
20/04/2026 15:14,15.75,0.001,8.04
20/04/2026 14:44,15.625,0.001,8.04
20/04/2026 14:14,15.75,0.001,8.04
20/04/2026 13:44,15.75,0.001,8.04
20/04/2026 13:14,15.75,0.001,8.04
20/04/2026 12:44,15.625,0.001,8.03
20/04/2026 12:14,15.375,0.001,8.03
20/04/2026 11:44,15.375,0.001,8.03
20/04/2026 11:14,15.375,0.001,8.03
20/04/2026 10:44,15.125,0.001,8.02
20/04/2026 10:14,15.25,0.001,8.02
20/04/2026 09:44,15.25,0.001,8.02
20/04/2026 09:14,15.125,0.001,8.01
20/04/2026 08:44,15.125,0.001,8.01
20/04/2026 08:14,15.125,0.001,8.01
20/04/2026 07:44,15.125,0.001,8.01
20/04/2026 07:14,15.125,0.001,8.01
20/04/2026 06:44,15,0.001,8.01
20/04/2026 06:14,15.25,0.001,8.01
20/04/2026 05:44,15,0.001,8.01
20/04/2026 05:14,15.375,0.001,8.02
20/04/2026 04:44,15,0.001,8.02
20/04/2026 04:14,15.125,0.001,8.02
20/04/2026 03:44,15,0.001,8.02
20/04/2026 03:14,15.25,0.001,8.02
20/04/2026 03:14,15.25,0.001,8.02
20/04/2026 02:44,15.125,0.001,8.02
20/04/2026 02:14,15.125,0.001,8.03
20/04/2026 01:44,15.25,0.001,8.03
20/04/2026 01:14,15.375,0.001,8.03
20/04/2026 00:44,15.375,0.001,8.03
20/04/2026 00:14,15.375,0.001,8.03
19/04/2026 23:44,15.375,0.001,8.04
19/04/2026 23:14,15.25,0.001,8.04
19/04/2026 22:44,15.5,0.001,8.04
19/04/2026 22:14,15.5,0.001,8.05
19/04/2026 21:44,15.5,0.001,8.05
19/04/2026 21:14,15.625,0.001,8.05
19/04/2026 20:44,15.625,0.001,8.05
19/04/2026 20:14,16.625,0.001,8.05
19/04/2026 19:44,15.625,0.001,8.06
19/04/2026 19:14,14.75,0.001,8.06
19/04/2026 18:44,15.875,0.001,8.06
19/04/2026 18:14,15.75,0.001,8.06
19/04/2026 17:44,15.75,0.001,8.06
19/04/2026 17:14,15.75,0.001,8.06
19/04/2026 16:44,15.75,0.001,8.06
19/04/2026 16:14,15.75,0.001,8.06
19/04/2026 15:44,16.625,0.001,8.05
19/04/2026 15:14,15.75,0.001,8.05
19/04/2026 14:44,15.75,0.001,8.05
19/04/2026 14:14,14.75,0.001,8.04
19/04/2026 13:44,15.5,0.001,8.04
19/04/2026 13:44,15.5,0.001,8.04
19/04/2026 13:14,15.75,0.001,8.04
19/04/2026 12:44,16.625,0.001,8.03
19/04/2026 12:14,15.625,0.001,8.03
19/04/2026 11:44,15.375,0.001,8.03
19/04/2026 11:14,15.5,0.001,8.02
19/04/2026 10:44,15.375,0.001,8.02
19/04/2026 10:14,15.25,0.001,8.02
19/04/2026 09:44,15.25,0.001,8.02
19/04/2026 09:14,15.125,0.001,8.01
19/04/2026 08:44,14.875,0.001,8.01
19/04/2026 08:14,15,0.001,8.01
19/04/2026 07:44,15,0.001,8.01
19/04/2026 07:14,15,0.001,8.01
19/04/2026 06:44,15,0.001,8.01
19/04/2026 06:14,15.125,0.001,8.02
19/04/2026 05:44,15.125,0.001,8.02
19/04/2026 05:14,15,0.001,8.02
19/04/2026 04:44,15.125,0.001,8.02
19/04/2026 04:14,15.125,0.001,8.03
19/04/2026 03:44,15.125,0.001,8.03
19/04/2026 03:14,15.25,0.001,8.03
19/04/2026 02:44,15.25,0.001,8.03
19/04/2026 02:14,15.375,0.001,8.03
19/04/2026 01:44,15.25,0.001,8.03
19/04/2026 01:14,15.375,0.001,8.04
19/04/2026 00:44,15.375,0.001,8.04
19/04/2026 00:14,15.5,0.001,8.04
18/04/2026 23:44,15.375,0.001,8.04
18/04/2026 23:14,15.5,0.001,8.04
18/04/2026 22:44,15.625,0.001,8.05
18/04/2026 22:14,15.625,0.001,8.05
18/04/2026 21:44,16.625,0.001,8.05
18/04/2026 21:14,14.75,0.001,8.05
18/04/2026 20:44,15.75,0.001,8.06
18/04/2026 20:14,15.75,0.001,8.06
18/04/2026 20:14,15.75,0.001,8.06
18/04/2026 19:44,15.875,0.001,8.06
18/04/2026 19:44,15.875,0.001,8.06
18/04/2026 19:14,15.875,0.001,8.06
18/04/2026 18:44,15.875,0.001,8.06
18/04/2026 18:14,15.875,0.001,8.06
18/04/2026 17:44,16,0.001,8.06
18/04/2026 17:14,16,0.001,8.06
18/04/2026 16:44,15.875,0.001,8.06
18/04/2026 16:14,15.875,0.001,8.06
18/04/2026 15:44,16,0.001,8.06
18/04/2026 15:14,16,0.001,8.05
18/04/2026 14:44,15.875,0.001,8.05
18/04/2026 14:14,15.625,0.001,8.05
18/04/2026 13:44,15.75,0.001,8.04
18/04/2026 13:14,14.75,0.001,8.04
18/04/2026 12:44,15.75,0.001,8.04
18/04/2026 12:14,16.625,0.001,8.03
18/04/2026 11:44,15.625,0.001,8.03
18/04/2026 11:14,15.5,0.001,8.03
18/04/2026 10:44,15.625,0.001,8.02
18/04/2026 10:14,15.375,0.001,8.02
18/04/2026 09:44,15.25,0.001,8.02
18/04/2026 09:14,15.5,0.001,8.02
18/04/2026 08:44,15.375,0.001,8.01
18/04/2026 08:14,15.125,0.001,8.01
18/04/2026 07:44,15.25,0.001,8.02
18/04/2026 07:14,15.25,0.001,8.01
18/04/2026 06:44,15.375,0.001,8.02
18/04/2026 06:14,15.125,0.001,8.02
18/04/2026 05:44,15.5,0.001,8.02
18/04/2026 05:14,15.125,0.001,8.02
18/04/2026 04:44,15.125,0.001,8.03
18/04/2026 04:14,15.125,0.001,8.03
18/04/2026 03:44,15.25,0.001,8.03
18/04/2026 03:14,15.25,0.001,8.03
18/04/2026 02:44,15,0.001,8.03
18/04/2026 02:14,15.25,0.001,8.04
18/04/2026 01:44,15.375,0.001,8.04
18/04/2026 01:14,15.375,0.001,8.04
18/04/2026 00:44,15.375,0.001,8.04
18/04/2026 00:14,15.375,0.001,8.04
17/04/2026 23:44,15.5,0.001,8.05
17/04/2026 23:14,15.5,0.001,8.05
17/04/2026 22:44,15.625,0.001,8.05
17/04/2026 22:14,15.625,0.001,8.05
17/04/2026 21:44,15.625,0.001,8.06
17/04/2026 21:14,14.75,0.001,8.06
17/04/2026 20:44,15.875,0.001,8.06
17/04/2026 20:14,15.875,0.001,8.06
17/04/2026 19:44,15.75,0.001,8.06
17/04/2026 19:14,15.875,0.001,8.07
17/04/2026 18:44,16,0.001,8.07
17/04/2026 18:14,16,0.001,8.07
17/04/2026 17:44,15.875,0.001,8.07
17/04/2026 17:14,15.875,0.001,8.07
17/04/2026 17:14,15.875,0.001,8.07
17/04/2026 16:44,15.875,0.001,8.06
17/04/2026 16:14,15.75,0.001,8.06
17/04/2026 15:44,15.875,0.001,8.06
17/04/2026 15:14,14.75,0.001,8.06
17/04/2026 14:44,16.625,0.001,8.05
17/04/2026 14:14,15.625,0.001,8.05
17/04/2026 13:44,16.625,0.001,8.05
17/04/2026 13:14,15.625,0.001,8.04
17/04/2026 12:44,15.625,0.001,8.04
17/04/2026 12:14,15.5,0.001,8.04
17/04/2026 11:44,15.5,0.001,8.03
17/04/2026 11:14,15.625,0.001,8.03
17/04/2026 10:44,15.5,0.001,8.03
17/04/2026 10:14,15.25,0.001,8.02
17/04/2026 09:44,15.125,0.001,8.02
17/04/2026 09:14,15.125,0.001,8.02
17/04/2026 08:44,15,0.001,8.02
17/04/2026 08:14,15.125,0.001,8.02
17/04/2026 07:44,15,0.001,8.02
17/04/2026 07:14,15,0.001,8.02
17/04/2026 06:44,15.125,0.001,8.02
17/04/2026 06:14,15,0.001,8.02
17/04/2026 05:44,15,0.001,8.02
17/04/2026 05:14,15.25,0.001,8.03
17/04/2026 04:44,15.125,0.001,8.03
17/04/2026 04:14,15.125,0.001,8.03
17/04/2026 03:44,15.25,0.001,8.03
17/04/2026 03:14,15,0.001,8.03
17/04/2026 02:44,15,0.001,8.03
17/04/2026 02:14,15.125,0.001,8.04
17/04/2026 01:44,15.25,0.001,8.04
17/04/2026 01:14,15.125,0.001,8.04
17/04/2026 00:44,15.125,0.001,8.04
17/04/2026 00:14,15.375,0.001,8.05
16/04/2026 23:44,15.5,0.001,8.05
16/04/2026 23:14,15.25,0.001,8.05
16/04/2026 22:44,15.625,0.001,8.05
16/04/2026 22:14,15.5,0.001,8.06
16/04/2026 21:44,15.5,0.001,8.06
16/04/2026 21:14,14.75,0.001,8.06
16/04/2026 20:44,14.75,0.001,8.06
16/04/2026 20:14,16.625,0.001,8.06
16/04/2026 19:44,15.625,0.001,8.06
16/04/2026 19:14,15.625,0.001,8.07
16/04/2026 18:44,16.625,0.001,8.07
16/04/2026 18:14,15.75,0.001,8.07
16/04/2026 17:44,15.75,0.001,8.07
16/04/2026 17:14,16.625,0.001,8.07
16/04/2026 16:44,15.875,0.001,8.06
16/04/2026 16:14,14.75,0.001,8.06
16/04/2026 15:44,15.75,0.001,8.06
16/04/2026 15:14,16.625,0.001,8.06
16/04/2026 14:44,15.625,0.001,8.05
16/04/2026 14:14,16.625,0.001,8.05
16/04/2026 13:44,15.625,0.001,8.05
16/04/2026 13:14,15.75,0.001,8.04
16/04/2026 12:44,15.625,0.001,8.04
16/04/2026 12:14,15.625,0.001,8.04
16/04/2026 11:44,15.625,0.001,8.04
16/04/2026 11:14,15.375,0.001,8.03
16/04/2026 10:44,15.25,0.001,8.03
16/04/2026 10:14,15.25,0.001,8.03
16/04/2026 09:44,15.25,0.001,8.03
16/04/2026 09:14,15.25,0.001,8.02
16/04/2026 08:44,15.125,0.001,8.02
16/04/2026 08:14,15.375,0.001,8.02
16/04/2026 07:44,15.25,0.001,8.02
16/04/2026 07:14,15.25,0.001,8.02
16/04/2026 06:44,15.25,0.001,8.03
16/04/2026 06:14,15.375,0.001,8.03
16/04/2026 05:44,15.125,0.001,8.03
16/04/2026 05:14,15.375,0.001,8.03
16/04/2026 04:44,15.375,0.001,8.03
16/04/2026 04:14,15.25,0.001,8.03
16/04/2026 03:44,15.5,0.001,8.04
16/04/2026 03:14,15.375,0.001,8.04
16/04/2026 02:44,15.25,0.001,8.04
16/04/2026 02:14,15.25,0.001,8.04
16/04/2026 01:44,15.25,0.001,8.05
16/04/2026 01:14,15.375,0.001,8.05
16/04/2026 00:44,15.375,0.001,8.05
16/04/2026 00:14,15.375,0.001,8.05
16/04/2026 00:14,15.375,0.001,8.05
15/04/2026 23:44,15.375,0.001,8.06
15/04/2026 23:14,15.5,0.001,8.06
15/04/2026 23:14,15.5,0.001,8.06
15/04/2026 22:44,15.625,0.001,8.06
15/04/2026 22:14,15.625,0.001,8.06
15/04/2026 21:44,15.75,0.001,8.07
15/04/2026 21:14,15.625,0.001,8.07
15/04/2026 20:44,15.5,0.001,8.07
15/04/2026 20:14,14.75,0.001,8.07
15/04/2026 19:44,15.875,0.001,8.08
15/04/2026 19:14,15.75,0.001,8.08
15/04/2026 19:14,15.75,0.001,8.08
15/04/2026 18:44,15.875,0.001,8.08
15/04/2026 18:14,15.875,0.001,8.08
15/04/2026 17:44,15.875,0.001,8.08
15/04/2026 17:44,15.875,0.001,8.08
15/04/2026 17:14,15.875,0.001,8.07
15/04/2026 16:44,15.875,0.001,8.07
15/04/2026 16:14,15.75,0.001,8.07
15/04/2026 15:44,15.875,0.001,8.07
15/04/2026 15:14,15.75,0.001,8.07
15/04/2026 14:44,15.625,0.001,8.06
15/04/2026 14:14,14.75,0.001,8.06
15/04/2026 13:44,16.625,0.001,8.06
15/04/2026 13:14,15.625,0.001,8.05
15/04/2026 13:14,15.625,0.001,8.05
15/04/2026 12:44,15.5,0.001,8.05
15/04/2026 12:14,15.625,0.001,8.05
15/04/2026 12:14,15.625,0.001,8.05
15/04/2026 11:44,15.5,0.001,8.05
15/04/2026 11:14,15.125,0.001,8.04
15/04/2026 10:44,15.25,0.001,8.04
15/04/2026 10:14,15.25,0.001,8.04
15/04/2026 09:44,15.375,0.001,8.04
15/04/2026 09:14,15.375,0.001,8.03
15/04/2026 08:44,15.25,0.001,8.03
15/04/2026 08:14,15.25,0.001,8.03
15/04/2026 07:44,15.125,0.001,8.03
15/04/2026 07:14,15.125,0.001,8.03
15/04/2026 06:44,15.25,0.001,8.03
15/04/2026 06:14,15.25,0.001,8.04
15/04/2026 05:44,15.25,0.001,8.04
15/04/2026 05:14,15.25,0.001,8.04
15/04/2026 04:44,15,0.001,8.04
15/04/2026 04:14,15.375,0.001,8.04
15/04/2026 03:44,15,0.001,8.05
15/04/2026 03:14,15.125,0.001,8.04
15/04/2026 02:44,15.125,0.001,8.05
15/04/2026 02:14,15.25,0.001,8.05
15/04/2026 01:44,15.25,0.001,8.05
15/04/2026 01:14,15.25,0.001,8.05
15/04/2026 00:44,15.375,0.001,8.05
15/04/2026 00:14,15.5,0.001,8.06
14/04/2026 23:44,15.25,0.001,8.06
14/04/2026 23:14,15.5,0.001,8.06
14/04/2026 22:44,15.5,0.001,8.07
14/04/2026 22:14,15.625,0.001,8.07
14/04/2026 21:44,15.5,0.001,8.07
14/04/2026 21:14,15.5,0.001,8.07
14/04/2026 20:44,15.875,0.001,8.08
14/04/2026 20:14,15.75,0.001,8.08
14/04/2026 19:44,15.875,0.001,8.08
14/04/2026 19:14,15.875,0.001,8.08
14/04/2026 18:44,16,0.001,8.09
14/04/2026 18:14,16.125,0.001,8.09
14/04/2026 17:44,16.125,0.001,8.09
14/04/2026 17:14,16,0.001,8.09
14/04/2026 16:44,16,0.001,8.09
14/04/2026 16:14,16.125,0.001,8.09
14/04/2026 15:44,15.875,0.001,8.09
14/04/2026 15:14,15.5,0.001,8.09
14/04/2026 14:44,15.625,0.001,8.1
14/04/2026 14:14,15.375,0.001,8.1
14/04/2026 13:44,15.25,0.001,8.09
14/04/2026 13:14,15.25,0.001,8.09
14/04/2026 12:44,15,0.001,8.09
14/04/2026 12:14,15.125,0.001,8.09
14/04/2026 11:44,15.125,0.001,8.08
14/04/2026 11:14,15.125,0.001,8.08
14/04/2026 10:44,15.25,0.001,8.08
14/04/2026 10:14,15.125,0.001,8.08
14/04/2026 09:44,15.125,0.001,8.08
14/04/2026 09:14,15,0.001,8.07
14/04/2026 08:44,15,0.001,8.07
14/04/2026 08:14,15.125,0.001,8.07
14/04/2026 07:44,15,0.001,8.07
14/04/2026 07:14,15.125,0.001,8.07
14/04/2026 06:44,15.125,0.001,8.07
14/04/2026 06:14,15.25,0.001,8.07
14/04/2026 05:44,15.125,0.001,8.07
14/04/2026 05:14,15.125,0.001,8.07
14/04/2026 04:44,15.125,0.001,8.08
14/04/2026 04:14,14.875,0.001,8.08
14/04/2026 03:44,15,0.001,8.08
14/04/2026 03:14,15,0.001,8.08
14/04/2026 02:44,15.125,0.001,8.08
14/04/2026 02:14,14.75,0.001,8.08
14/04/2026 01:44,14.75,0.001,8.09
14/04/2026 01:14,15,0.001,8.09
14/04/2026 00:44,15,0.001,8.09
14/04/2026 00:14,14.75,0.001,8.09
13/04/2026 23:44,15,0.001,8.09
13/04/2026 23:14,15,0.001,8.09
13/04/2026 22:44,14.75,0.001,8.1
13/04/2026 22:14,15,0.001,8.1
13/04/2026 21:44,14.875,0.001,8.1
13/04/2026 21:14,14.75,0.001,8.1
13/04/2026 20:44,15,0.001,8.12
13/04/2026 20:14,14.875,0.001,8.16
13/04/2026 19:44,15,0.001,8.15
13/04/2026 19:14,15,0.001,8.13
13/04/2026 18:44,15,0.001,8.13
13/04/2026 18:14,15.375,0.001,8.13
13/04/2026 17:44,15.25,0.001,8.13
13/04/2026 17:44,15.25,0.001,8.13
13/04/2026 17:14,15.375,0.001,8.13
13/04/2026 16:44,15.375,0.001,8.13
13/04/2026 16:14,15.375,0.001,8.12
13/04/2026 15:44,15.25,0.001,8.12
13/04/2026 15:14,15.25,0.001,8.12
13/04/2026 15:14,15.25,0.001,8.12
13/04/2026 14:44,15,0.001,8.12
13/04/2026 14:14,15.125,0.001,8.12
13/04/2026 13:44,15.125,0.001,8.12
13/04/2026 13:14,15.125,0.001,8.11
13/04/2026 12:44,15.125,0.001,8.11
13/04/2026 12:14,15,0.001,8.11
13/04/2026 11:44,15,0.001,8.11
13/04/2026 11:14,15,0.001,8.11
13/04/2026 10:44,15,0.001,8.1
13/04/2026 10:14,15.125,0.001,8.1
13/04/2026 09:44,15,0.001,8.1
13/04/2026 09:14,15,0.001,8.1
13/04/2026 08:44,15,0.001,8.09
13/04/2026 08:14,14.875,0.001,8.09
13/04/2026 07:44,15.125,0.001,8.09
13/04/2026 07:14,15.125,0.001,8.09
13/04/2026 06:44,15.125,0.001,8.09
13/04/2026 06:14,15,0.001,8.09
13/04/2026 05:44,15.25,0.001,8.09
13/04/2026 05:14,15.125,0.001,8.09
13/04/2026 04:44,15.125,0.001,8.1
13/04/2026 04:14,15.125,0.001,8.1
13/04/2026 03:44,15,0.001,8.1
13/04/2026 03:14,15,0.001,8.1
13/04/2026 02:44,14.875,0.001,8.1
13/04/2026 02:14,14.75,0.001,8.1
13/04/2026 01:44,14.875,0.001,8.1
13/04/2026 01:14,14.875,0.001,8.11
13/04/2026 00:44,14.875,0.001,8.11
13/04/2026 00:14,15,0.001,8.11
12/04/2026 23:44,14.75,0.001,8.11
12/04/2026 23:14,14.875,0.001,8.11
12/04/2026 22:44,15,0.001,8.11
12/04/2026 22:14,14.75,0.001,8.12
12/04/2026 21:44,14.75,0.001,8.12
12/04/2026 21:14,15,0.001,8.12
12/04/2026 20:44,14.75,0.001,8.12
12/04/2026 20:14,14.875,0.001,8.12
12/04/2026 19:44,15,0.001,8.13
12/04/2026 19:14,14.75,0.001,8.13
12/04/2026 18:44,15.125,0.001,8.13
12/04/2026 18:14,15.125,0.001,8.13
12/04/2026 17:44,15.125,0.001,8.13
12/04/2026 17:14,15.125,0.001,8.13
12/04/2026 16:44,15.125,0.001,8.13
12/04/2026 16:14,15.25,0.001,8.13
12/04/2026 15:44,15.125,0.001,8.13
12/04/2026 15:14,15.125,0.001,8.13
12/04/2026 14:44,15,0.001,8.12
12/04/2026 14:14,15.125,0.001,8.12
12/04/2026 13:44,15.125,0.001,8.12
12/04/2026 13:14,15.125,0.001,8.12
12/04/2026 12:44,15,0.001,8.12
12/04/2026 12:14,14.875,0.001,8.11
12/04/2026 11:44,15,0.001,8.11
12/04/2026 11:14,15,0.001,8.11
12/04/2026 10:44,14.875,0.001,8.11
12/04/2026 10:14,15,0.001,8.1
12/04/2026 09:44,15,0.001,8.1
12/04/2026 09:14,15,0.001,8.1
12/04/2026 08:44,14.75,0.001,8.1
12/04/2026 08:14,14.875,0.001,8.1
12/04/2026 07:44,14.875,0.001,8.1
12/04/2026 07:44,14.875,0.001,8.1
12/04/2026 07:14,15,0.001,8.1
12/04/2026 06:44,14.875,0.001,8.09
12/04/2026 06:14,14.875,0.001,8.09
12/04/2026 05:44,14.875,0.001,8.1
12/04/2026 05:14,15,0.001,8.1
12/04/2026 04:44,14.875,0.001,8.1
12/04/2026 04:14,15,0.001,8.1
12/04/2026 03:44,15,0.001,8.1
12/04/2026 03:14,14.875,0.001,8.1
12/04/2026 03:14,14.875,0.001,8.1
12/04/2026 02:44,14.875,0.001,8.1
12/04/2026 02:14,14.75,0.001,8.11
12/04/2026 01:44,14.75,0.001,8.11
12/04/2026 01:14,14.75,0.001,8.11
12/04/2026 00:44,14.875,0.001,8.11
12/04/2026 00:14,15.125,0.001,8.11
11/04/2026 23:44,15,0.001,8.11
11/04/2026 23:14,15.125,0.001,8.12
11/04/2026 22:44,14.875,0.001,8.12
11/04/2026 22:14,15.25,0.001,8.12
11/04/2026 21:44,15,0.001,8.12
11/04/2026 21:14,15.375,0.001,8.12
11/04/2026 20:44,15.25,0.001,8.12
11/04/2026 20:14,15.375,0.001,8.13
11/04/2026 19:44,15.5,0.001,8.13
11/04/2026 19:14,15.75,0.001,8.13
11/04/2026 18:44,15.625,0.001,8.13
11/04/2026 18:14,15.625,0.001,8.13
11/04/2026 17:44,14.75,0.001,8.13
11/04/2026 17:14,14.75,0.001,8.13
11/04/2026 16:44,15.5,0.001,8.13
11/04/2026 16:14,15.5,0.001,8.13
11/04/2026 15:44,15.625,0.001,8.13
11/04/2026 15:14,15.5,0.001,8.13
11/04/2026 14:44,15.5,0.001,8.12
11/04/2026 14:44,15.5,0.001,8.12
11/04/2026 14:14,15.5,0.001,8.12
11/04/2026 13:44,15.375,0.001,8.12
11/04/2026 13:14,15.25,0.001,8.12
11/04/2026 12:44,15.25,0.001,8.11
11/04/2026 12:14,15,0.001,8.11
11/04/2026 11:44,15.125,0.001,8.11
11/04/2026 11:14,15,0.001,8.11
11/04/2026 10:44,15,0.001,8.1
11/04/2026 10:14,15,0.001,8.1
11/04/2026 09:44,15,0.001,8.1
11/04/2026 09:14,14.875,0.001,8.1
11/04/2026 08:44,14.875,0.001,8.09
11/04/2026 08:14,14.875,0.001,8.09
11/04/2026 07:44,14.875,0.001,8.09
11/04/2026 07:14,14.875,0.001,8.09
11/04/2026 06:44,14.875,0.001,8.09
11/04/2026 06:14,15,0.001,8.09
11/04/2026 05:44,15,0.001,8.09
11/04/2026 05:14,14.875,0.001,8.09
11/04/2026 04:44,14.875,0.001,8.09
11/04/2026 04:14,14.625,0.001,8.09
11/04/2026 03:44,14.75,0.001,8.09
11/04/2026 03:14,15,0.001,8.1
11/04/2026 02:44,14.875,0.001,8.1
11/04/2026 02:14,15,0.001,8.1
11/04/2026 01:44,14.875,0.001,8.1
11/04/2026 01:14,14.875,0.001,8.1
11/04/2026 00:44,15,0.001,8.1
11/04/2026 00:14,15,0.001,8.1
10/04/2026 23:44,14.875,0.001,8.11
10/04/2026 23:14,15,0.001,8.11
10/04/2026 22:44,15.125,0.001,8.11
10/04/2026 22:14,15.125,0.001,8.11
10/04/2026 21:44,15.375,0.001,8.11
10/04/2026 21:14,15.5,0.001,8.11
10/04/2026 20:44,15.375,0.001,8.12
10/04/2026 20:14,15.125,0.001,8.12
10/04/2026 19:44,15.5,0.001,8.12
10/04/2026 19:14,15.5,0.001,8.12
10/04/2026 18:44,15.5,0.001,8.12
10/04/2026 18:14,14.75,0.001,8.12
10/04/2026 18:14,14.75,0.001,8.12
10/04/2026 17:44,16.625,0.001,8.12
10/04/2026 17:14,15.625,0.001,8.12
10/04/2026 16:44,14.75,0.001,8.12
10/04/2026 16:14,15.625,0.001,8.12
10/04/2026 15:44,15.5,0.001,8.12
10/04/2026 15:14,15.625,0.001,8.12
10/04/2026 14:44,15.375,0.001,8.12
10/04/2026 14:14,15.25,0.001,8.11
10/04/2026 13:44,15.375,0.001,8.11
10/04/2026 13:14,15.375,0.001,8.11
10/04/2026 12:44,15.25,0.001,8.11
10/04/2026 12:14,15.375,0.001,8.1
10/04/2026 11:44,15.25,0.001,8.1
10/04/2026 11:14,15,0.001,8.1
10/04/2026 10:44,15,0.001,8.1
10/04/2026 10:14,15.125,0.001,8.09
10/04/2026 09:44,15,0.001,8.09
10/04/2026 09:14,15,0.001,8.09
10/04/2026 08:44,15.125,0.001,8.09
10/04/2026 08:14,15,0.001,8.09
10/04/2026 07:44,15.125,0.001,8.08
10/04/2026 07:14,14.875,0.001,8.08
10/04/2026 07:14,14.875,0.001,8.08
10/04/2026 06:44,15.125,0.001,8.08
10/04/2026 06:14,15.5,0.001,8.08
10/04/2026 05:44,15,0.001,8.08
10/04/2026 05:14,15,0.001,8.08
10/04/2026 04:44,15,0.001,8.08
10/04/2026 04:14,15,0.001,8.09
10/04/2026 03:44,15,0.001,8.09
10/04/2026 03:14,15,0.001,8.09
10/04/2026 02:44,15.125,0.001,8.09
10/04/2026 02:14,15.125,0.001,8.09
10/04/2026 01:44,15.125,0.001,8.09
10/04/2026 01:44,15.125,0.001,8.09
10/04/2026 01:14,15.125,0.001,8.09
10/04/2026 00:44,15,0.001,8.1
10/04/2026 00:14,15.125,0.001,8.1
09/04/2026 23:44,15.25,0.001,8.1
09/04/2026 23:14,15.375,0.001,8.1
09/04/2026 22:44,15.125,0.001,8.1
09/04/2026 22:14,15.125,0.001,8.1
09/04/2026 21:44,15.375,0.001,8.11
09/04/2026 21:14,15.375,0.001,8.11
09/04/2026 20:44,15.5,0.001,8.11
09/04/2026 20:14,15.5,0.001,8.11
09/04/2026 19:44,15.5,0.001,8.11
09/04/2026 19:14,14.75,0.001,8.11
09/04/2026 18:44,14.75,0.001,8.12
09/04/2026 18:14,15.75,0.001,8.12
09/04/2026 17:44,14.75,0.001,8.12
09/04/2026 17:14,15.75,0.001,8.12
09/04/2026 17:14,15.75,0.001,8.12
09/04/2026 16:44,14.75,0.001,8.11
09/04/2026 16:14,15.5,0.001,8.11
09/04/2026 15:44,15.625,0.001,8.11
09/04/2026 15:14,15.625,0.001,8.11
09/04/2026 14:44,14.75,0.001,8.1
09/04/2026 14:14,15.5,0.001,8.1
09/04/2026 13:44,15.5,0.001,8.1
09/04/2026 13:14,15.375,0.001,8.1
09/04/2026 12:44,15.25,0.001,8.09
09/04/2026 12:14,15.5,0.001,8.09
09/04/2026 11:44,15.25,0.001,8.09
09/04/2026 11:14,15.25,0.001,8.08
09/04/2026 10:44,15.5,0.001,8.08
09/04/2026 10:14,15.25,0.001,8.08
09/04/2026 09:44,15.25,0.001,8.08
09/04/2026 09:44,15.25,0.001,8.08
09/04/2026 09:14,15.5,0.001,8.07
09/04/2026 08:44,15.375,0.001,8.07
09/04/2026 08:14,15.375,0.001,8.07
09/04/2026 07:44,15.25,0.001,8.07
09/04/2026 07:14,15.5,0.001,8.06
09/04/2026 06:44,15.5,0.001,8.06
09/04/2026 06:14,15.375,0.001,8.06
09/04/2026 05:44,15.375,0.001,8.06
09/04/2026 05:14,15.125,0.001,8.07
09/04/2026 04:44,15.5,0.001,8.07
09/04/2026 04:14,15.375,0.001,8.07
09/04/2026 03:44,15.375,0.001,8.07
09/04/2026 03:14,15.25,0.001,8.07
09/04/2026 02:44,15.25,0.001,8.07
09/04/2026 02:14,15.375,0.001,8.07
09/04/2026 01:44,15.375,0.001,8.07
09/04/2026 01:14,15.125,0.001,8.07
09/04/2026 00:44,15,0.001,8.07
09/04/2026 00:14,15.125,0.001,8.07
08/04/2026 23:44,15.125,0.001,8.07
08/04/2026 23:14,15.125,0.001,8.07
08/04/2026 22:44,15,0.001,8.07
08/04/2026 22:14,15.125,0.001,8.08
08/04/2026 21:44,15.125,0.001,8.08
08/04/2026 21:14,15.125,0.001,8.08
08/04/2026 20:44,15,0.001,8.08
08/04/2026 20:14,15,0.001,8.08
08/04/2026 19:44,14.875,0.001,8.08
08/04/2026 19:14,14.875,0.001,8.08
08/04/2026 18:44,14.75,0.001,8.08
08/04/2026 18:14,15,0.001,8.08
08/04/2026 17:44,14.875,0.001,8.08
08/04/2026 17:14,14.875,0.001,8.08
08/04/2026 16:44,15.125,0.001,8.08
08/04/2026 16:14,15.125,0.001,8.08
08/04/2026 16:14,15.125,0.001,8.08
08/04/2026 15:44,15.125,0.001,8.07
08/04/2026 15:14,15.125,0.001,8.07
08/04/2026 14:44,15.125,0.001,8.07
08/04/2026 14:14,15,0.001,8.06
08/04/2026 13:44,15.125,0.001,8.06
08/04/2026 13:14,15.125,0.001,8.06
08/04/2026 12:44,15.125,0.001,8.05
08/04/2026 12:14,15,0.001,8.05
08/04/2026 11:44,15.125,0.001,8.04
08/04/2026 11:44,15.125,0.001,8.04
08/04/2026 11:14,15.125,0.001,8.04
08/04/2026 10:44,15,0.001,8.04
08/04/2026 10:14,15,0.001,8.03
08/04/2026 09:44,15,0.001,8.03
08/04/2026 09:14,15,0.001,8.02
08/04/2026 08:44,15,0.001,8.02
08/04/2026 08:14,15,0.001,8.01
08/04/2026 07:44,15,0.001,8.01
08/04/2026 07:14,15.125,0.001,8
08/04/2026 06:44,15.125,0.001,8
08/04/2026 06:14,15,0.001,8
08/04/2026 05:44,15,0.001,8
08/04/2026 05:14,15,0.001,8
08/04/2026 04:44,14.875,0.001,7.99
08/04/2026 04:44,14.875,0.001,7.99
08/04/2026 04:14,14.875,0.001,7.99
08/04/2026 03:44,14.875,0.001,7.99
08/04/2026 03:14,15,0.001,7.99
08/04/2026 02:44,14.875,0.001,7.99
08/04/2026 02:14,14.75,0.001,7.99
08/04/2026 01:44,14.875,0.001,7.99
08/04/2026 01:14,15,0.001,7.99
08/04/2026 00:44,15,0.001,7.99
08/04/2026 00:14,15,0.001,7.99
07/04/2026 23:44,15,0.001,7.99
07/04/2026 23:14,15,0.001,8
07/04/2026 22:44,15.25,0.001,8
07/04/2026 22:14,15.25,0.001,8
07/04/2026 21:44,15.25,0.001,8
07/04/2026 21:14,15.375,0.001,8.01
07/04/2026 21:14,15.375,0.001,8.01
07/04/2026 20:44,15.5,0.001,8.01
07/04/2026 20:14,15.5,0.001,8.02
07/04/2026 19:44,15.375,0.001,8.02
07/04/2026 19:14,14.75,0.001,8.03
07/04/2026 18:44,15.5,0.001,8.04
07/04/2026 18:14,15.625,0.001,8.05
07/04/2026 17:44,15.625,0.001,8.06
07/04/2026 17:14,15.5,0.001,8.06
07/04/2026 16:44,15.625,0.001,8.07
07/04/2026 16:14,15.625,0.001,8.09
07/04/2026 15:44,16.625,0.001,8.1
07/04/2026 15:14,15.5,0.001,8.11
07/04/2026 14:44,15.375,0.001,8.11
07/04/2026 14:14,15.375,0.001,8.12
07/04/2026 13:44,15.125,0.001,8.12
07/04/2026 13:14,15.25,0.001,8.12
07/04/2026 12:44,15,0.001,8.11
07/04/2026 12:14,15,0.001,8.11
07/04/2026 12:14,15,0.001,8.11
07/04/2026 11:44,15.125,0.001,8.11
07/04/2026 11:14,15.125,0.001,8.11
07/04/2026 10:44,14.875,0.001,8.1
07/04/2026 10:14,14.75,0.001,8.1
07/04/2026 09:44,15,0.001,8.1
07/04/2026 09:14,14.875,0.001,8.1
07/04/2026 09:14,14.875,0.001,8.1
07/04/2026 08:44,14.875,0.001,8.09
07/04/2026 08:14,14.75,0.001,8.09
07/04/2026 07:44,14.875,0.001,8.09
07/04/2026 07:14,14.75,0.001,8.09
07/04/2026 06:44,14.625,0.001,8.09
07/04/2026 06:44,14.625,0.001,8.09
07/04/2026 06:14,13.875,0.001,8.09
07/04/2026 05:44,14.875,0.001,8.09
07/04/2026 05:14,13.875,0.001,8.09
07/04/2026 04:44,14.75,0.001,8.09
07/04/2026 04:14,15,0.001,8.09
07/04/2026 03:44,14.875,0.001,8.1
07/04/2026 03:14,14.875,0.001,8.1
07/04/2026 02:44,14.75,0.001,8.1
07/04/2026 02:14,14.75,0.001,8.1
07/04/2026 01:44,14.75,0.001,8.1
07/04/2026 01:14,14.875,0.001,8.1
07/04/2026 00:44,14.875,0.001,8.1
07/04/2026 00:14,15,0.001,8.11
06/04/2026 23:44,15,0.001,8.11
06/04/2026 23:14,15,0.001,8.11
06/04/2026 22:44,15,0.001,8.11
06/04/2026 22:14,15.125,0.001,8.11
06/04/2026 21:44,15.25,0.001,8.12
06/04/2026 21:14,15.5,0.001,8.12
06/04/2026 20:44,15.375,0.001,8.12
06/04/2026 20:14,15.5,0.001,8.12
06/04/2026 19:44,15.5,0.001,8.12
06/04/2026 19:14,15.625,0.001,8.13
06/04/2026 18:44,15.5,0.001,8.13
06/04/2026 18:14,16.625,0.001,8.13
06/04/2026 17:44,16.625,0.001,8.13
06/04/2026 17:14,16.625,0.001,8.13
06/04/2026 16:44,16.625,0.001,8.13
06/04/2026 16:14,16.5,0.001,8.13
06/04/2026 15:44,14.75,0.001,8.12
06/04/2026 15:44,14.75,0.001,8.12
06/04/2026 15:14,15.5,0.001,8.12
06/04/2026 14:44,15.5,0.001,8.12
06/04/2026 14:14,15.625,0.001,8.12
06/04/2026 13:44,15.625,0.001,8.12
06/04/2026 13:14,15.5,0.001,8.11
06/04/2026 12:44,15.125,0.001,8.11
06/04/2026 12:14,15.25,0.001,8.11
06/04/2026 11:44,15,0.001,8.11
06/04/2026 11:14,14.875,0.001,8.1
06/04/2026 10:44,15,0.001,8.1
06/04/2026 10:14,15,0.001,8.1
06/04/2026 09:44,14.875,0.001,8.1
06/04/2026 09:14,15,0.001,8.09
06/04/2026 08:44,14.875,0.001,8.09
06/04/2026 08:14,14.75,0.001,8.09
06/04/2026 07:44,14.875,0.001,8.09
06/04/2026 07:14,14.875,0.002,8.09
06/04/2026 06:44,14.75,0.002,8.08
06/04/2026 06:14,14.875,0.002,8.09
06/04/2026 05:44,14.875,0.002,8.09
06/04/2026 05:14,14.875,0.002,8.09
06/04/2026 04:44,14.875,0.001,8.09
06/04/2026 04:14,14.875,0.001,8.09
06/04/2026 03:44,14.875,0.002,8.09
06/04/2026 03:14,14.875,0.002,8.09
06/04/2026 02:44,15.125,0.003,8.09
06/04/2026 02:14,14.875,0.003,8.1
06/04/2026 01:44,14.875,0.003,8.1
06/04/2026 01:14,14.75,0.003,8.1
06/04/2026 00:44,15,0.003,8.1
06/04/2026 00:14,15.25,0.003,8.1
05/04/2026 23:44,15.125,0.003,8.1
05/04/2026 23:14,15,0.003,8.11
05/04/2026 22:44,15.125,0.003,8.11
05/04/2026 22:14,15.125,0.002,8.11
05/04/2026 21:44,15.375,0.002,8.11
05/04/2026 21:14,15.375,0.002,8.11
05/04/2026 20:44,15.625,0.002,8.12
05/04/2026 20:14,15.25,0.002,8.12
05/04/2026 19:44,15.5,0.002,8.12
05/04/2026 19:14,14.75,0.002,8.12
05/04/2026 18:44,14.75,0.002,8.12
05/04/2026 18:14,15.75,0.002,8.13
05/04/2026 17:44,15.75,0.002,8.13
05/04/2026 17:14,16.625,0.003,8.13
05/04/2026 16:44,15.625,0.003,8.12
05/04/2026 16:14,15.5,0.002,8.12
05/04/2026 15:44,15.625,0.002,8.12
05/04/2026 15:14,15.5,0.002,8.12
05/04/2026 14:44,15.5,0.002,8.12
05/04/2026 14:14,15.5,0.002,8.11
05/04/2026 14:14,15.5,0.002,8.11
05/04/2026 13:44,15.5,0.002,8.11
05/04/2026 13:14,15.5,0.001,8.11
05/04/2026 12:44,15.25,0.001,8.11
05/04/2026 12:14,15.25,0.001,8.1
05/04/2026 11:44,15.375,0.001,8.1
05/04/2026 11:14,15.25,0.001,8.1
05/04/2026 10:44,15.125,0.001,8.1
05/04/2026 10:14,15.125,0.001,8.09
05/04/2026 09:44,15,0.001,8.09
05/04/2026 09:14,15.25,0.001,8.09
05/04/2026 08:44,15.125,0.001,8.09
05/04/2026 08:14,15,0.001,8.08
05/04/2026 07:44,15.25,0.001,8.08
05/04/2026 07:14,15.125,0.001,8.08
05/04/2026 06:44,15.125,0.001,8.08
05/04/2026 06:14,15.125,0.001,8.08
05/04/2026 05:44,14.875,0.001,8.08
05/04/2026 05:14,15.125,0.001,8.08
05/04/2026 04:44,15,0.001,8.08
05/04/2026 04:14,15,0.001,8.09
05/04/2026 03:44,15.125,0.001,8.09
05/04/2026 03:14,15.125,0.001,8.09
05/04/2026 02:44,15.125,0.001,8.09
05/04/2026 02:44,15.125,0.001,8.09
05/04/2026 02:14,14.875,0.001,8.09
05/04/2026 01:44,15.125,0.001,8.09
05/04/2026 01:14,15,0.001,8.09
05/04/2026 00:44,15,0.001,8.1
05/04/2026 00:14,15,0.001,8.1
04/04/2026 23:44,15.125,0.001,8.1
04/04/2026 23:14,15.125,0.001,8.1
04/04/2026 22:44,15,0.001,8.1
04/04/2026 22:14,15.375,0.001,8.1
04/04/2026 21:44,15.375,0.001,8.11
04/04/2026 21:14,15.25,0.001,8.11
04/04/2026 20:44,15.375,0.001,8.11
04/04/2026 20:14,15.5,0.001,8.11
04/04/2026 19:44,15.625,0.001,8.11
04/04/2026 19:14,15.625,0.001,8.12
04/04/2026 18:44,15.75,0.001,8.12
04/04/2026 18:14,15.75,0.001,8.12
04/04/2026 17:44,15.625,0.001,8.12
04/04/2026 17:14,16.625,0.001,8.12
04/04/2026 16:44,15.75,0.001,8.12
04/04/2026 16:14,15.625,0.001,8.11
04/04/2026 15:44,16.625,0.001,8.11
04/04/2026 15:14,15.5,0.001,8.11
04/04/2026 15:14,15.5,0.001,8.11
04/04/2026 14:44,14.75,0.001,8.11
04/04/2026 14:44,14.75,0.001,8.11
04/04/2026 14:14,15.625,0.001,8.11
04/04/2026 13:44,15.625,0.001,8.1
04/04/2026 13:14,15.25,0.001,8.1
04/04/2026 12:44,15.375,0.001,8.1
04/04/2026 12:14,15.25,0.001,8.1
04/04/2026 11:44,15.125,0.001,8.1
04/04/2026 11:14,15,0.001,8.09
04/04/2026 11:14,15,0.001,8.09
04/04/2026 10:44,15.125,0.001,8.09
04/04/2026 10:44,15.125,0.001,8.09
04/04/2026 10:14,15,0.001,8.09
04/04/2026 09:44,15.125,0.001,8.08
04/04/2026 09:14,14.875,0.001,8.08
04/04/2026 08:44,15.125,0.001,8.08
04/04/2026 08:14,15,0.001,8.08
04/04/2026 07:44,15,0.001,8.07
04/04/2026 07:14,15.125,0.001,8.07
04/04/2026 06:44,15,0.001,8.07
04/04/2026 06:14,14.875,0.001,8.07
04/04/2026 05:44,14.875,0.001,8.07
04/04/2026 05:14,15,0.001,8.08
04/04/2026 04:44,15.125,0.001,8.08
04/04/2026 04:44,15.125,0.001,8.08
04/04/2026 04:14,15,0.001,8.08
04/04/2026 03:44,14.875,0.001,8.08
04/04/2026 03:14,15,0.001,8.08
04/04/2026 02:44,15,0.001,8.08
04/04/2026 02:14,15,0.001,8.08
04/04/2026 01:44,14.875,0.001,8.08
04/04/2026 01:14,15.125,0.001,8.09
04/04/2026 00:44,15.125,0.001,8.09
04/04/2026 00:14,15.25,0.001,8.09
03/04/2026 23:44,15.25,0.001,8.09
03/04/2026 23:14,15.25,0.001,8.09
03/04/2026 22:44,15.375,0.001,8.09
03/04/2026 22:14,15.25,0.001,8.09
03/04/2026 21:44,15.5,0.001,8.1
03/04/2026 21:14,15.625,0.001,8.1
03/04/2026 20:44,15.5,0.001,8.1
03/04/2026 20:14,15.625,0.001,8.1
03/04/2026 19:44,14.75,0.001,8.1
03/04/2026 19:14,14.75,0.001,8.11
03/04/2026 18:44,15.75,0.001,8.11
03/04/2026 18:14,15.75,0.001,8.11
03/04/2026 17:44,15.875,0.001,8.11
03/04/2026 17:44,15.875,0.001,8.11
03/04/2026 17:14,16.625,0.001,8.11
03/04/2026 16:44,15.75,0.001,8.11
03/04/2026 16:14,15.625,0.001,8.1
03/04/2026 15:44,15.625,0.001,8.1
03/04/2026 15:14,15.5,0.001,8.1
03/04/2026 14:44,15.5,0.001,8.1
03/04/2026 14:14,15.5,0.001,8.1
03/04/2026 13:44,15.5,0.001,8.09
03/04/2026 13:14,15.625,0.001,8.09
03/04/2026 12:44,15.5,0.001,8.09
03/04/2026 12:14,15.125,0.001,8.09
03/04/2026 11:44,15.125,0.001,8.08
03/04/2026 11:14,15.125,0.001,8.08
03/04/2026 10:44,15.25,0.001,8.08
03/04/2026 10:14,15,0.001,8.08
03/04/2026 09:44,15.125,0.001,8.07
03/04/2026 09:14,15.25,0.001,8.07
03/04/2026 08:44,15.125,0.001,8.07
03/04/2026 08:44,15.125,0.001,8.07
03/04/2026 08:14,15.125,0.001,8.07
03/04/2026 07:44,15,0.001,8.07
03/04/2026 07:14,15,0.001,8.06
03/04/2026 06:44,15.125,0.001,8.06
03/04/2026 06:14,15.125,0.001,8.06
03/04/2026 05:44,15,0.001,8.06
03/04/2026 05:14,15,0.001,8.07
03/04/2026 04:44,14.875,0.001,8.07
03/04/2026 04:14,15.125,0.001,8.07
03/04/2026 03:44,14.875,0.001,8.07
03/04/2026 03:14,15,0.001,8.07
03/04/2026 02:44,14.75,0.001,8.07
03/04/2026 02:14,15,0.001,8.07
03/04/2026 01:44,15,0.001,8.07
03/04/2026 01:14,15.125,0.001,8.08
03/04/2026 00:44,15,0.001,8.08
03/04/2026 00:14,15.25,0.001,8.08
02/04/2026 23:44,15.375,0.001,8.08
02/04/2026 23:14,15.25,0.001,8.08
02/04/2026 22:44,15.625,0.001,8.09
02/04/2026 22:44,15.625,0.001,8.09
02/04/2026 22:14,15.625,0.001,8.09
02/04/2026 22:14,15.625,0.001,8.09
02/04/2026 21:44,15.5,0.001,8.09
02/04/2026 21:14,15.5,0.001,8.09
02/04/2026 20:44,15.625,0.001,8.09
02/04/2026 20:14,15.75,0.001,8.09
02/04/2026 19:44,15.75,0.001,8.09
02/04/2026 19:14,15.875,0.001,8.1
02/04/2026 18:44,15.75,0.001,8.1
02/04/2026 18:14,15.75,0.001,8.1
02/04/2026 17:44,16,0.001,8.1
02/04/2026 17:14,15.75,0.001,8.1
02/04/2026 16:44,15.875,0.001,8.1
02/04/2026 16:14,15.75,0.001,8.1
02/04/2026 15:44,14.75,0.001,8.09
02/04/2026 15:14,15.75,0.001,8.09
02/04/2026 14:44,16.625,0.001,8.09
02/04/2026 14:14,15.75,0.001,8.08
02/04/2026 13:44,15.5,0.001,8.08
02/04/2026 13:14,15.5,0.001,8.08
02/04/2026 13:14,15.5,0.001,8.08
02/04/2026 12:44,15.375,0.001,8.08
02/04/2026 12:14,15.5,0.001,8.07
02/04/2026 11:44,15.5,0.001,8.07
02/04/2026 11:14,15.375,0.001,8.07
02/04/2026 10:44,15.375,0.001,8.06
02/04/2026 10:14,15.25,0.001,8.06
02/04/2026 09:44,15.375,0.001,8.06
02/04/2026 09:14,15.25,0.001,8.05
02/04/2026 08:44,15.25,0.001,8.05
02/04/2026 08:14,15.375,0.001,8.05
02/04/2026 08:14,15.375,0.001,8.05
02/04/2026 07:44,15.375,0.001,8.05
02/04/2026 07:14,15.5,0.001,8.05
02/04/2026 06:44,15.375,0.001,8.05
02/04/2026 06:14,15.375,0.001,8.05
02/04/2026 05:44,15.375,0.001,8.05
02/04/2026 05:14,15.25,0.001,8.05
02/04/2026 04:44,15.25,0.001,8.05
02/04/2026 04:14,15.25,0.001,8.05
02/04/2026 03:44,15.375,0.001,8.05
02/04/2026 03:14,15.25,0.001,8.05
02/04/2026 02:44,15,0.001,8.05
02/04/2026 02:14,15.25,0.001,8.05
02/04/2026 01:44,15.25,0.001,8.06
02/04/2026 01:14,15.25,0.001,8.06
02/04/2026 00:44,15.125,0.001,8.06
02/04/2026 00:14,15.125,0.001,8.06
01/04/2026 23:44,15.25,0.001,8.06
01/04/2026 23:44,15.25,0.001,8.06
01/04/2026 23:14,15.375,0.001,8.06
01/04/2026 22:44,15.375,0.001,8.06
01/04/2026 22:44,15.375,0.001,8.06
01/04/2026 22:14,15.25,0.001,8.06
01/04/2026 21:44,15.25,0.001,8.06
01/04/2026 21:14,15.5,0.001,8.06
01/04/2026 20:44,15.625,0.001,8.06
01/04/2026 20:14,15.625,0.001,8.06
01/04/2026 19:44,14.75,0.001,8.07
01/04/2026 19:14,15.75,0.001,8.07
01/04/2026 18:44,15.875,0.001,8.07
01/04/2026 18:14,15.875,0.001,8.07
01/04/2026 17:44,15.875,0.001,8.07
01/04/2026 17:23,16,0.001,8.07
01/04/2026 17:14,15.875,0.001,8.06
01/04/2026 16:44,15.75,0.001,8.06
01/04/2026 16:14,15.875,0.001,8.06
01/04/2026 15:44,15.75,0.001,8.06
01/04/2026 15:14,16.625,0.001,8.05
01/04/2026 14:44,15.625,0.001,8.05
01/04/2026 14:14,15.625,0.001,8.05
01/04/2026 13:44,15.625,0.001,8.05
01/04/2026 13:14,15.5,0.001,8.05
01/04/2026 12:44,15.375,0.001,8.05
01/04/2026 12:14,15.25,0.001,8.04
01/04/2026 11:44,15.375,0.001,8.04
01/04/2026 11:14,15.25,0.001,8.04
01/04/2026 10:44,15.25,0.001,8.04
01/04/2026 10:14,16.625,0.001,8.03
01/04/2026 10:14,15.625,0.001,8.75
28/03/2026 11:44,15.25,0.001,7.99
28/03/2026 11:14,15.25,0.001,7.98
28/03/2026 10:44,15.25,0.001,7.98
28/03/2026 10:14,15.375,0.001,7.98
28/03/2026 09:44,15.375,0.001,7.97
28/03/2026 09:14,15.25,0.001,7.97
28/03/2026 08:44,15.25,0.001,7.97
28/03/2026 08:14,15.25,0.001,7.96
28/03/2026 07:44,15.25,0.001,7.96
28/03/2026 07:14,15.375,0.001,7.96
28/03/2026 06:44,15.25,0.001,7.96
28/03/2026 06:14,15.375,0.001,7.96
28/03/2026 05:44,15.25,0.001,7.96
28/03/2026 05:14,15,0.001,7.96
28/03/2026 05:14,15,0.001,7.96
28/03/2026 04:44,15.125,0.001,7.96
28/03/2026 04:14,15.375,0.001,7.97
28/03/2026 03:44,15.125,0.001,7.97
28/03/2026 03:14,15.125,0.001,7.97
28/03/2026 02:44,15,0.001,7.97
28/03/2026 02:14,15.125,0.001,7.97
28/03/2026 01:44,15.25,0.001,7.97
28/03/2026 01:14,15,0.001,7.97
28/03/2026 00:44,15.375,0.001,7.98
28/03/2026 00:14,15,0.001,7.98
27/03/2026 23:44,15.25,0.001,7.98
27/03/2026 23:14,15,0.001,7.98
27/03/2026 22:44,15,0.001,7.98
27/03/2026 22:14,15.125,0.001,7.98
27/03/2026 21:44,15.25,0.001,7.99
27/03/2026 21:14,15.125,0.001,7.99
27/03/2026 20:44,15.25,0.001,7.99
27/03/2026 20:14,15.25,0.001,7.99
27/03/2026 19:44,15.375,0.001,8
27/03/2026 19:14,15.375,0.001,7.99
27/03/2026 18:44,15.375,0.001,7.99
27/03/2026 18:14,15.375,0.001,8
27/03/2026 17:44,15.5,0.001,8
27/03/2026 17:14,15.5,0.001,8
27/03/2026 16:44,15.5,0.001,7.99
27/03/2026 16:14,15.375,0.001,7.99
27/03/2026 15:44,15.5,0.001,7.99
27/03/2026 15:14,15.375,0.001,7.98
27/03/2026 14:44,14.75,0.001,7.98
27/03/2026 14:14,15.375,0.001,7.98
27/03/2026 13:44,15.625,0.001,7.97
27/03/2026 13:14,15.625,0.001,7.96
27/03/2026 12:44,15.5,0.001,7.96
27/03/2026 12:14,15.5,0.001,7.96
27/03/2026 11:44,15.375,0.001,7.95
27/03/2026 11:14,15.625,0.001,7.95
27/03/2026 10:44,15.375,0.001,7.94
27/03/2026 10:14,15.375,0.001,7.94
27/03/2026 09:44,15.375,0.001,7.93
27/03/2026 09:14,15.5,0.001,7.93
27/03/2026 08:44,15.375,0.001,7.93
27/03/2026 08:14,15.375,0.001,7.93
27/03/2026 07:44,15.375,0.001,7.92
27/03/2026 07:14,15.375,0.001,7.92
27/03/2026 06:44,15.25,0.001,7.92
27/03/2026 06:14,15.25,0.001,7.91
27/03/2026 05:44,15.375,0.001,7.92
27/03/2026 05:14,15.25,0.001,7.91
27/03/2026 04:44,15.375,0.001,7.92
27/03/2026 04:14,15.375,0.001,7.92
27/03/2026 04:14,15.375,0.001,7.92
27/03/2026 03:44,15.25,0.001,7.92
27/03/2026 03:14,15.25,0.001,7.92
27/03/2026 02:44,15.25,0.001,7.92
27/03/2026 02:14,15.125,0.001,7.92
27/03/2026 01:44,15.5,0.001,7.92
27/03/2026 01:14,15.375,0.001,7.92
27/03/2026 00:44,15.25,0.001,7.92
27/03/2026 00:14,15.375,0.001,7.92
26/03/2026 23:44,15.5,0.001,7.93
26/03/2026 23:14,15.375,0.001,7.93
26/03/2026 22:44,15.375,0.001,7.92
26/03/2026 22:14,15.5,0.001,7.93
26/03/2026 21:44,15.375,0.001,7.93
26/03/2026 21:14,15.625,0.001,7.93
26/03/2026 20:44,15.375,0.001,7.93
26/03/2026 20:14,16.5,0.001,7.93
26/03/2026 19:44,15.625,0.001,7.94
26/03/2026 19:14,16.625,0.001,7.94
26/03/2026 18:44,15.75,0.001,7.94
26/03/2026 18:44,15.75,0.001,7.94
26/03/2026 18:14,15.875,0.001,7.94
26/03/2026 17:44,16,0.001,7.93
26/03/2026 17:14,16,0.001,7.93
26/03/2026 16:44,16,0.001,7.93
26/03/2026 16:14,15.875,0.001,7.92
26/03/2026 15:44,15.875,0.001,7.92
26/03/2026 15:14,15.75,0.001,7.92
26/03/2026 14:44,14.75,0.001,7.92
26/03/2026 14:14,14.75,0.001,7.91
26/03/2026 13:44,15.625,0.001,7.92
26/03/2026 13:14,14.75,0.001,7.92
26/03/2026 12:44,15.625,0.001,7.92
26/03/2026 12:14,15.5,0.001,7.93
26/03/2026 11:44,14.75,0.001,7.94
26/03/2026 11:14,15.5,0.001,7.96
26/03/2026 10:44,15.625,0.001,7.97
26/03/2026 10:14,15.625,0.001,7.98
26/03/2026 10:10,15.5,0.001,7.98
26/03/2026 09:14,15.375,0.001,7.97
26/03/2026 08:44,15.375,0.001,7.97
26/03/2026 08:14,15.5,0.001,7.97
26/03/2026 07:44,15.375,0.001,7.97
26/03/2026 07:14,15.5,0.001,7.97
26/03/2026 06:44,15.625,0.001,7.97
26/03/2026 06:14,15.375,0.001,7.97
26/03/2026 05:44,15.25,0.001,7.97
26/03/2026 05:14,15.375,0.001,7.97
26/03/2026 04:44,15.625,0.001,7.97
26/03/2026 04:14,15.375,0.001,7.97
26/03/2026 03:44,15.25,0.001,7.98
26/03/2026 03:14,15.5,0.001,7.98
26/03/2026 02:44,15.25,0.001,7.98
26/03/2026 02:14,15.375,0.001,7.98
26/03/2026 01:44,15.375,0.001,7.98
26/03/2026 01:14,15.5,0.001,7.99
26/03/2026 00:44,15.5,0.001,7.99
26/03/2026 00:14,15.625,0.001,7.99
26/03/2026 00:14,15.625,0.001,7.99
25/03/2026 23:44,15.375,0.001,7.99
25/03/2026 23:14,15.25,0.001,7.99
25/03/2026 22:44,15.375,0.001,7.99
25/03/2026 22:14,15.375,0.001,7.99
25/03/2026 21:44,15.25,0.001,8
25/03/2026 21:14,15.5,0.001,8
25/03/2026 20:44,15.5,0.001,8.01
25/03/2026 20:14,15.5,0.001,8.01
25/03/2026 19:44,15.5,0.001,8.01
25/03/2026 19:14,15.625,0.001,8.01
25/03/2026 18:44,15.625,0.001,8.01
25/03/2026 18:14,15.75,0.001,8.01
25/03/2026 17:44,15.75,0.001,8.01
25/03/2026 17:14,15.75,0.001,8.01
25/03/2026 16:44,15.625,0.001,8.01
25/03/2026 16:14,15.75,0.001,8.01
25/03/2026 15:44,15.75,0.001,8.01
25/03/2026 15:14,16.625,0.001,8
25/03/2026 14:44,14.75,0.001,8
25/03/2026 14:14,15.625,0.001,8
25/03/2026 13:44,15.625,0.001,8
25/03/2026 13:44,15.625,0.001,8
25/03/2026 13:14,15.5,0.001,8
25/03/2026 12:44,15.625,0.001,8
25/03/2026 12:14,15.5,0.001,7.99
25/03/2026 11:44,15.375,0.001,7.99
25/03/2026 11:14,15.625,0.001,7.99
25/03/2026 10:44,15.25,0.001,7.98
25/03/2026 10:14,15.625,0.001,7.98
25/03/2026 09:44,15.375,0.001,7.98
25/03/2026 09:14,15.625,0.001,7.97
25/03/2026 08:44,15.375,0.001,7.97
25/03/2026 08:14,15.375,0.001,7.97
25/03/2026 07:44,15.375,0.001,7.97
25/03/2026 07:14,15.25,0.001,7.97
25/03/2026 06:44,15.625,0.001,7.96
25/03/2026 06:14,15.375,0.001,7.97
25/03/2026 05:44,15.375,0.001,7.96
25/03/2026 05:14,15.5,0.001,7.97
25/03/2026 04:44,15.5,0.001,7.97
25/03/2026 04:14,15.625,0.001,7.97
25/03/2026 03:44,15.375,0.001,7.97
25/03/2026 03:14,15.375,0.001,7.98
25/03/2026 02:44,15.125,0.001,7.98
25/03/2026 02:14,15.25,0.001,7.98
25/03/2026 01:44,15.5,0.001,7.98
25/03/2026 01:14,15.375,0.001,7.98
25/03/2026 00:44,15.375,0.001,7.98
25/03/2026 00:14,15.625,0.001,7.99
24/03/2026 23:44,15.375,0.001,7.98
24/03/2026 23:14,15.375,0.001,7.99
24/03/2026 22:44,15.375,0.001,7.99
24/03/2026 22:14,15.125,0.001,8
24/03/2026 21:44,15.25,0.001,8
24/03/2026 21:14,15.5,0.001,7.99
24/03/2026 20:44,15.25,0.001,7.99
24/03/2026 20:14,15.375,0.001,8
24/03/2026 19:44,15.5,0.001,8
24/03/2026 19:14,15.5,0.001,8
24/03/2026 18:44,15.625,0.001,8
24/03/2026 18:14,15.5,0.001,8
24/03/2026 17:44,15.625,0.001,8.01
24/03/2026 17:44,15.625,0.001,8.01
24/03/2026 17:14,14.75,0.001,8
24/03/2026 17:14,14.75,0.001,8
24/03/2026 16:44,15.75,0.001,8
24/03/2026 16:14,15.5,0.001,8.01
24/03/2026 15:44,15.625,0.001,8.01
24/03/2026 15:14,15.75,0.001,8.02
24/03/2026 14:44,15.5,0.001,8.01
24/03/2026 14:14,15.5,0.001,8.01
24/03/2026 13:44,15.5,0.001,8.01
24/03/2026 13:14,15.5,0.001,8
24/03/2026 12:44,15.625,0.001,8
24/03/2026 12:14,15.375,0.001,7.99
24/03/2026 11:44,15.5,0.001,7.99
24/03/2026 11:14,15.625,0.001,7.99
24/03/2026 10:44,15.25,0.001,7.99
24/03/2026 10:14,15.5,0.001,7.98
24/03/2026 09:44,15.25,0.001,7.98
24/03/2026 09:14,15.375,0.001,7.98
24/03/2026 08:44,15.5,0.001,7.98
24/03/2026 08:14,15.5,0.001,7.97
24/03/2026 07:44,15.375,0.001,7.97
24/03/2026 07:14,15.5,0.001,7.97
24/03/2026 06:44,15.25,0.001,7.97
24/03/2026 06:14,15.25,0.001,7.97
24/03/2026 05:44,15.375,0.001,7.98
24/03/2026 05:14,15.25,0.001,7.98
24/03/2026 04:44,15.375,0.001,7.98
24/03/2026 04:14,15.375,0.001,7.98
24/03/2026 03:44,15.375,0.001,7.98
24/03/2026 03:14,15.375,0.001,7.99
24/03/2026 02:44,15.125,0.001,7.99
24/03/2026 02:14,15.25,0.001,7.99
24/03/2026 01:44,15.5,0.001,7.99
24/03/2026 01:14,15.25,0.001,7.99
24/03/2026 00:44,15.375,0.001,8
24/03/2026 00:14,15.375,0.001,7.99
23/03/2026 23:44,15.375,0.001,8
23/03/2026 23:14,15.5,0.001,8
23/03/2026 22:44,15.375,0.001,8
23/03/2026 22:14,15.375,0.001,8
23/03/2026 21:44,15.5,0.001,8.01
23/03/2026 21:14,15.625,0.001,8.01
23/03/2026 20:44,15.625,0.001,8.01
23/03/2026 20:14,15.75,0.001,8.01
23/03/2026 19:44,15.625,0.001,8.02
23/03/2026 19:44,15.625,0.001,8.02
23/03/2026 19:14,15.625,0.001,8.02
23/03/2026 18:44,15.625,0.001,8.02
23/03/2026 18:14,15.75,0.001,8.02
23/03/2026 17:44,16,0.001,8.02
23/03/2026 17:14,15.75,0.001,8.02
23/03/2026 16:44,15.875,0.001,8.02
23/03/2026 16:14,15.875,0.001,8.02
23/03/2026 15:44,15.875,0.001,8.02
23/03/2026 15:14,15.75,0.001,8.02
23/03/2026 14:44,16.625,0.001,8.02
23/03/2026 14:14,15.75,0.001,8.02
23/03/2026 13:44,15.75,0.001,8.02
23/03/2026 13:14,15.625,0.001,8.02
23/03/2026 12:44,16.625,0.001,8.02
23/03/2026 12:14,15.625,0.001,8.02
23/03/2026 11:44,15.5,0.001,8.01
23/03/2026 11:14,15.5,0.001,8.01
23/03/2026 10:44,15.625,0.001,8.01
23/03/2026 10:44,15.625,0.001,8.01
23/03/2026 10:14,15.5,0.001,8.01
23/03/2026 09:44,15.5,0.001,8
23/03/2026 09:14,15.5,0.001,8
23/03/2026 08:44,15.625,0.001,8
23/03/2026 08:14,15.625,0.001,8
23/03/2026 07:44,15.625,0.001,8
23/03/2026 07:14,15.5,0.001,7.99
23/03/2026 06:44,15.5,0.001,8
23/03/2026 06:14,15.5,0.001,8
23/03/2026 05:44,15.625,0.001,8
23/03/2026 05:14,15.625,0.001,8
23/03/2026 04:44,15.625,0.001,8
23/03/2026 04:14,15.625,0.001,8
23/03/2026 03:44,15.5,0.001,8.01
23/03/2026 03:14,15.375,0.001,8.01
23/03/2026 02:44,15.5,0.001,8.01
23/03/2026 02:14,15.5,0.001,8.01
23/03/2026 02:14,15.5,0.001,8.01
23/03/2026 01:44,15.5,0.001,8.01
23/03/2026 01:14,15.5,0.001,8.01
23/03/2026 00:44,15.625,0.001,8.02
23/03/2026 00:14,15.375,0.001,8.02
22/03/2026 23:44,15.5,0.001,8.02
22/03/2026 23:14,15.5,0.001,8.02
22/03/2026 22:44,15.5,0.001,8.02
22/03/2026 22:14,15.625,0.001,8.03
22/03/2026 21:44,15.5,0.001,8.03
22/03/2026 21:44,15.5,0.001,8.03
22/03/2026 21:14,15.25,0.001,8.03
22/03/2026 20:44,15.25,0.001,8.03
22/03/2026 20:14,15.5,0.001,8.03
22/03/2026 19:44,15.5,0.001,8.04
22/03/2026 19:14,16.625,0.001,8.04
22/03/2026 18:44,15.5,0.001,8.04
22/03/2026 18:14,15.5,0.001,8.04
22/03/2026 17:44,16.625,0.001,8.04
22/03/2026 17:14,15.625,0.001,8.04
22/03/2026 16:44,15.625,0.001,8.04
22/03/2026 16:14,16.625,0.001,8.04
22/03/2026 15:44,15.625,0.001,8.03
22/03/2026 15:14,14.75,0.001,8.03
22/03/2026 14:44,15.625,0.001,8.03
22/03/2026 14:14,15.625,0.001,8.02
22/03/2026 13:44,15.75,0.001,8.02
22/03/2026 13:14,15.625,0.001,8.02
22/03/2026 12:44,15.625,0.001,8.02
22/03/2026 12:14,15.625,0.001,8.01
22/03/2026 11:44,15.5,0.001,8.01
22/03/2026 11:14,15.5,0.001,8.01
22/03/2026 10:44,15.375,0.001,8.01
22/03/2026 10:14,15.5,0.001,8
22/03/2026 09:44,15.5,0.001,8
22/03/2026 09:14,15.625,0.001,7.99
22/03/2026 08:44,15.5,0.001,7.99
22/03/2026 08:14,15.5,0.001,7.99
22/03/2026 07:44,15.375,0.001,7.99
22/03/2026 07:14,16.5,0.001,7.99
22/03/2026 06:44,15.625,0.001,7.99
22/03/2026 06:14,14.75,0.001,7.99
22/03/2026 05:44,15.625,0.001,7.99
22/03/2026 05:14,15.625,0.001,7.99
22/03/2026 04:44,15.5,0.001,7.99
22/03/2026 04:14,15.5,0.001,8
22/03/2026 03:44,15.375,0.001,8
22/03/2026 03:14,15.625,0.001,8
22/03/2026 02:44,15.5,0.001,8
22/03/2026 02:14,15.625,0.001,8
22/03/2026 01:44,15.375,0.001,8
22/03/2026 01:14,15.625,0.001,8.01
22/03/2026 00:44,15.5,0.001,8.01
22/03/2026 00:14,15.5,0.001,8.01
21/03/2026 23:44,15.375,0.001,8.01
21/03/2026 23:14,15.5,0.001,8.01
21/03/2026 22:44,15.125,0.001,8.02
21/03/2026 22:14,15.375,0.001,8.02
21/03/2026 21:44,15.25,0.001,8.02
21/03/2026 21:14,15.375,0.001,8.02
21/03/2026 20:44,15.5,0.001,8.03
21/03/2026 20:14,15.5,0.001,8.03
21/03/2026 19:44,15.375,0.001,8.04
21/03/2026 19:14,15.5,0.001,8.04
21/03/2026 18:44,15.25,0.001,8.04
21/03/2026 18:14,15.375,0.001,8.04
21/03/2026 17:44,15.5,0.001,8.05
21/03/2026 17:14,15.5,0.001,8.04
21/03/2026 16:44,15.5,0.001,8.05
21/03/2026 16:14,15.625,0.001,8.04
21/03/2026 15:44,15.625,0.001,8.04
21/03/2026 15:14,15.5,0.001,8.04
21/03/2026 14:44,15.625,0.001,8.04
21/03/2026 14:14,15.625,0.001,8.04
21/03/2026 13:44,16.5,0.001,8.04
21/03/2026 13:14,15.625,0.001,8.03
21/03/2026 12:44,16.625,0.001,8.03
21/03/2026 12:14,15.625,0.001,8.03
21/03/2026 11:44,15.625,0.001,8.02
21/03/2026 11:14,15.625,0.001,8.02
21/03/2026 10:44,15.625,0.001,8.02
21/03/2026 10:14,15.625,0.001,8.01
21/03/2026 09:44,15.5,0.001,8.01
21/03/2026 09:44,15.5,0.001,8.01
21/03/2026 09:14,15.625,0.001,8.01
21/03/2026 09:14,15.625,0.001,8.01
21/03/2026 08:44,15.625,0.001,8.01
21/03/2026 08:14,15.5,0.001,8
21/03/2026 07:44,15.5,0.001,8
21/03/2026 07:14,15.625,0.001,7.99
21/03/2026 06:44,16.625,0.001,8
21/03/2026 06:14,15.625,0.001,8
21/03/2026 05:44,15.75,0.001,8
21/03/2026 05:14,15.625,0.001,8
21/03/2026 04:44,15.5,0.001,8.01
21/03/2026 04:44,15.5,0.001,8.01
21/03/2026 04:14,15.625,0.001,8.01
21/03/2026 03:44,15.625,0.001,8.01
21/03/2026 03:14,15.625,0.001,8.01
21/03/2026 02:44,15.5,0.001,8.02
21/03/2026 02:14,15.625,0.001,8.02
21/03/2026 01:44,15.625,0.001,8.02
21/03/2026 01:14,15.5,0.001,8.02
21/03/2026 00:44,15.625,0.001,8.02
21/03/2026 00:14,15.5,0.001,8.02
20/03/2026 23:44,15.625,0.001,8.02
20/03/2026 23:14,15.625,0.001,8.03
20/03/2026 22:44,15.25,0.001,8.03
20/03/2026 22:14,15.5,0.001,8.02
20/03/2026 21:44,15.5,0.001,8.03
20/03/2026 21:14,15.5,0.001,8.04
20/03/2026 20:44,15.375,0.001,8.04
20/03/2026 20:14,15.375,0.001,8.04
20/03/2026 20:14,15.375,0.001,8.04
20/03/2026 19:44,15.25,0.001,8.04
20/03/2026 19:14,15.25,0.001,8.04
20/03/2026 18:44,15.25,0.001,8.04
20/03/2026 18:14,15.25,0.001,8.04
20/03/2026 17:44,15.25,0.001,8.04
20/03/2026 17:14,15.5,0.001,8.04
20/03/2026 16:44,15.125,0.001,8.04
20/03/2026 16:14,15.25,0.001,8.04
20/03/2026 15:44,15.375,0.001,8.04
20/03/2026 15:14,15.5,0.001,8.04
20/03/2026 14:44,15.625,0.001,8.04
20/03/2026 14:14,15.5,0.001,8.03
20/03/2026 13:44,15.5,0.001,8.03
20/03/2026 13:14,15.375,0.001,8.03
20/03/2026 12:44,15.5,0.001,8.02
20/03/2026 12:14,15.5,0.001,8.02
20/03/2026 11:44,15.25,0.001,8.02
20/03/2026 11:14,15.5,0.001,8.01
20/03/2026 10:44,15.375,0.001,8.01
20/03/2026 10:14,15.5,0.001,8.01
20/03/2026 09:44,15.5,0.001,8.01
20/03/2026 09:14,15.25,0.001,8
20/03/2026 09:14,15.25,0.001,8
20/03/2026 08:44,15.5,0.001,8
20/03/2026 08:14,15.375,0.001,8
20/03/2026 07:44,15.5,0.001,8
20/03/2026 07:14,15.5,0.001,7.99
20/03/2026 06:44,15.625,0.001,8
20/03/2026 06:14,15.5,0.001,8
20/03/2026 05:44,15.5,0.001,8
20/03/2026 05:14,15.25,0.001,8
20/03/2026 04:44,15.5,0.001,8
20/03/2026 04:14,15.5,0.001,8.01
20/03/2026 04:14,15.5,0.001,8.01
20/03/2026 03:44,15.125,0.001,8.01
20/03/2026 03:14,15.625,0.001,8.01
20/03/2026 02:44,15.5,0.001,8.01
20/03/2026 02:14,15.375,0.001,8.01
20/03/2026 02:14,15.375,0.001,8.01
20/03/2026 01:44,15.125,0.001,8.01
20/03/2026 01:14,15.5,0.001,8.01
20/03/2026 00:44,15.125,0.001,8.01
20/03/2026 00:14,15.375,0.001,8.02
19/03/2026 23:44,15.375,0.001,8.02
19/03/2026 23:14,15.375,0.001,8.02
19/03/2026 22:44,15,0.001,8.02
19/03/2026 22:14,15.375,0.001,8.02
19/03/2026 21:44,15.375,0.001,8.02
19/03/2026 21:14,15.25,0.001,8.03
19/03/2026 20:44,15.375,0.001,8.03
19/03/2026 20:14,15,0.001,8.03
19/03/2026 19:44,15.125,0.001,8.03
19/03/2026 19:14,15.25,0.001,8.03
19/03/2026 18:44,15.125,0.001,8.03
19/03/2026 18:14,15.25,0.001,8.03
19/03/2026 17:44,15.375,0.001,8.03
19/03/2026 17:14,15.375,0.001,8.03
19/03/2026 16:44,15.375,0.001,8.03
19/03/2026 16:14,15.375,0.001,8.03
19/03/2026 15:44,15.375,0.001,8.02
19/03/2026 15:14,15.5,0.001,8.02
19/03/2026 14:44,15.375,0.001,8.02
19/03/2026 14:14,15.5,0.001,8.01
19/03/2026 14:14,15.5,0.001,8.01
19/03/2026 13:44,15.5,0.001,8.01
19/03/2026 13:14,15.375,0.001,8.01
19/03/2026 12:44,15.375,0.001,8
19/03/2026 12:14,15.375,0.001,8
19/03/2026 11:44,15.375,0.001,7.99
19/03/2026 11:14,15.375,0.001,7.99
19/03/2026 10:44,15.25,0.001,7.99
19/03/2026 10:14,15.125,0.001,7.98
19/03/2026 09:44,15.25,0.001,7.98
19/03/2026 09:14,15.25,0.001,7.98
19/03/2026 08:44,15.125,0.001,7.97
19/03/2026 08:14,15.25,0.001,7.97
19/03/2026 07:44,15.25,0.001,7.97
19/03/2026 07:14,15.375,0.001,7.97
19/03/2026 06:44,15.375,0.001,7.97
19/03/2026 06:14,15.375,0.001,7.97
19/03/2026 05:44,15.375,0.001,7.97
19/03/2026 05:14,15.375,0.001,7.97
19/03/2026 04:44,15.25,0.001,7.97
19/03/2026 04:14,15.25,0.001,7.97
19/03/2026 03:44,15.375,0.001,7.98
19/03/2026 03:14,15.375,0.001,7.98
19/03/2026 02:44,15,0.001,7.97
19/03/2026 02:14,15.375,0.001,7.98
19/03/2026 01:44,15.5,0.001,7.98
19/03/2026 01:14,15.375,0.001,7.98
19/03/2026 00:44,15.25,0.001,7.98
19/03/2026 00:14,15.5,0.001,7.98
18/03/2026 23:44,15.5,0.001,7.98
18/03/2026 23:14,15.375,0.001,7.98
18/03/2026 22:44,15.375,0.001,7.99
18/03/2026 22:14,15.5,0.001,7.99
18/03/2026 21:44,15.375,0.001,7.99
18/03/2026 21:14,15.25,0.001,7.99
18/03/2026 20:44,15.5,0.001,7.99
18/03/2026 20:14,15.625,0.001,7.99
18/03/2026 19:44,16.5,0.001,8
18/03/2026 19:14,15.625,0.001,8
18/03/2026 18:44,16.625,0.001,8
18/03/2026 18:14,15.875,0.001,8
18/03/2026 17:44,15.875,0.001,8
18/03/2026 17:14,15.875,0.001,8
18/03/2026 16:44,15.875,0.001,8
18/03/2026 16:14,15.875,0.001,7.99
18/03/2026 15:44,15.75,0.001,7.99
18/03/2026 15:44,15.75,0.001,7.99
18/03/2026 15:14,15.625,0.001,7.99
18/03/2026 14:44,15.75,0.001,7.98
18/03/2026 14:44,15.75,0.001,7.98
18/03/2026 14:14,16.625,0.001,7.98
18/03/2026 13:44,15.625,0.001,7.98
18/03/2026 13:14,15.625,0.001,7.98
18/03/2026 12:44,15.5,0.001,7.97
18/03/2026 12:14,15.5,0.001,7.97
18/03/2026 11:44,15.25,0.001,7.97
18/03/2026 11:14,15.375,0.001,7.97
18/03/2026 10:44,15.25,0.001,7.97
18/03/2026 10:14,15.375,0.001,7.97
18/03/2026 10:14,15.375,0.001,7.97
18/03/2026 09:58,15.375,0.001,7.97
18/03/2026 09:44,15.375,0.001,7.98
18/03/2026 09:14,15.375,0.001,7.98
18/03/2026 08:44,15.5,0.001,7.98
18/03/2026 08:44,15.5,0.001,7.98
18/03/2026 08:14,15.5,0.001,7.97
18/03/2026 08:14,15.5,0.001,7.97
18/03/2026 07:44,15.375,0.001,7.97
18/03/2026 07:44,15.375,0.001,7.97
18/03/2026 07:14,15.25,0.001,7.97
18/03/2026 06:44,15.375,0.001,7.97
18/03/2026 06:44,15.375,0.001,7.97
18/03/2026 06:14,15.375,0.001,7.98
18/03/2026 06:14,15.375,0.001,7.98
18/03/2026 05:44,15.375,0.001,7.98
18/03/2026 05:44,15.375,0.001,7.98
18/03/2026 05:14,15.125,0.001,7.98
18/03/2026 04:44,15.25,0.001,7.98
18/03/2026 04:44,15.25,0.001,7.98
18/03/2026 04:14,15.25,0.001,7.98
18/03/2026 04:14,15.25,0.001,7.98
18/03/2026 03:44,15.25,0.001,7.98
18/03/2026 03:44,15.25,0.001,7.98
18/03/2026 03:21,15.375,0.001,7.98
18/03/2026 03:14,15.5,0.001,7.98
18/03/2026 02:44,15.5,0.001,7.98
18/03/2026 02:14,15.25,0.001,7.99
18/03/2026 02:14,15.25,0.001,7.99
18/03/2026 01:44,15.5,0.001,7.99
18/03/2026 01:14,15.625,0.001,7.99
18/03/2026 00:44,15.5,0.001,7.99
18/03/2026 00:14,15.5,0.001,8
17/03/2026 23:44,15.375,0.001,8
17/03/2026 23:14,15.5,0.001,8
17/03/2026 22:44,15.5,0.001,8
17/03/2026 22:14,15.625,0.001,8.01
17/03/2026 21:44,16.625,0.001,8.01
17/03/2026 21:44,16.625,0.001,8.01
17/03/2026 21:14,15.5,0.001,8.01
17/03/2026 20:44,15.5,0.001,8.02
17/03/2026 20:14,15.75,0.001,8.02
17/03/2026 19:44,15.875,0.001,8.02
17/03/2026 19:14,15.75,0.001,8.03
17/03/2026 18:44,16,0.001,8.03
17/03/2026 18:14,16,0.001,8.04
17/03/2026 17:44,15.875,0.001,8.04
17/03/2026 17:14,16,0.001,8.04
17/03/2026 16:44,16,0.001,8.05
17/03/2026 16:14,16,0.001,8.05
17/03/2026 15:44,16.125,0.001,8.06
17/03/2026 15:14,15.875,0.001,8.05
17/03/2026 14:44,15.75,0.001,8.05
17/03/2026 14:14,15.625,0.001,8.04
17/03/2026 13:44,14.75,0.001,8.04
17/03/2026 13:14,14.75,0.001,8.04
17/03/2026 12:44,16.5,0.001,8.03
17/03/2026 12:14,15.75,0.001,8.03
17/03/2026 11:44,15.75,0.001,8.03
17/03/2026 11:14,15.5,0.001,8.02
17/03/2026 10:44,15.625,0.001,8.02
17/03/2026 10:44,15.625,0.001,8.02
17/03/2026 10:14,15.625,0.001,8.02
17/03/2026 09:44,15.5,0.001,8.01
17/03/2026 09:14,15.625,0.001,8.01
17/03/2026 08:44,15.5,0.001,8.01
17/03/2026 08:14,15.375,0.001,8.01
17/03/2026 07:44,15.5,0.001,8
17/03/2026 07:14,15.5,0.001,8
17/03/2026 06:44,15.625,0.001,8
17/03/2026 06:14,15.625,0.001,8
17/03/2026 05:44,15.5,0.001,8
17/03/2026 05:40,15.625,0.001,8.01
17/03/2026 05:14,15.25,0.001,8.01
17/03/2026 04:44,15.5,0.001,8.01
17/03/2026 04:14,15.5,0.001,8.01
17/03/2026 03:44,15.375,0.001,8.01
17/03/2026 03:14,15.5,0.001,8.01
17/03/2026 02:44,15.375,0.001,8.01
17/03/2026 02:14,15.375,0.001,8.02
17/03/2026 01:44,15.25,0.001,8.02
17/03/2026 01:14,15.625,0.001,8.02
17/03/2026 00:44,15.375,0.001,8.02
17/03/2026 00:14,15.625,0.001,8.02
16/03/2026 23:44,15.375,0.001,8.02
16/03/2026 23:14,15.25,0.001,8.03
16/03/2026 22:44,15.375,0.001,8.03
16/03/2026 22:14,15.5,0.001,8.03
16/03/2026 21:44,15.5,0.001,8.03
16/03/2026 21:14,15.5,0.001,8.04
16/03/2026 20:44,15.5,0.001,8.04
16/03/2026 20:14,15.5,0.001,8.04
16/03/2026 19:44,15.5,0.001,8.04
16/03/2026 19:14,14.75,0.001,8.04
16/03/2026 18:44,16.625,0.001,8.04
16/03/2026 18:14,14.75,0.001,8.04
16/03/2026 17:44,16.625,0.001,8.04
16/03/2026 17:14,14.75,0.001,8.04
16/03/2026 16:44,15.75,0.001,8.04
16/03/2026 16:14,14.75,0.001,8.04
16/03/2026 15:44,14.75,0.001,8.03
16/03/2026 15:14,15.75,0.001,8.03
16/03/2026 14:44,15.625,0.001,8.03
16/03/2026 14:14,16.625,0.001,8.03
16/03/2026 13:44,15.625,0.001,8.02
16/03/2026 13:14,15.625,0.001,8.02
16/03/2026 12:44,16.625,0.001,8.02
16/03/2026 12:44,16.625,0.001,8.02
16/03/2026 12:14,15.5,0.001,8.01
16/03/2026 11:44,15.375,0.001,8.01
16/03/2026 11:14,15.5,0.001,8.01
16/03/2026 10:44,15.625,0.001,8
16/03/2026 10:14,15.5,0.001,8
16/03/2026 09:44,15.375,0.001,8
16/03/2026 09:14,15.25,0.001,8
16/03/2026 08:44,15.375,0.001,7.99
16/03/2026 08:14,15.25,0.001,8
16/03/2026 07:44,15.25,0.001,7.99
16/03/2026 07:14,15.25,0.001,7.99
16/03/2026 06:44,15.375,0.001,7.99
16/03/2026 06:14,15.25,0.001,7.99
16/03/2026 05:44,15.375,0.001,7.99
16/03/2026 05:14,15.25,0.001,8
16/03/2026 05:14,15.25,0.001,8
16/03/2026 04:44,15.25,0.001,8
16/03/2026 04:14,15.375,0.001,8
16/03/2026 03:44,15.5,0.001,8
16/03/2026 03:14,15.125,0.001,8
16/03/2026 02:44,15.5,0.001,8.01
16/03/2026 02:14,15.25,0.001,8.01
16/03/2026 01:44,15.375,0.001,8.01
16/03/2026 01:14,15.25,0.001,8.01
16/03/2026 00:44,15.375,0.001,8.01
16/03/2026 00:14,15.375,0.001,8.02
15/03/2026 23:44,15.25,0.001,8.02
15/03/2026 23:14,15.125,0.001,8.02
15/03/2026 22:44,15.375,0.001,8.02
15/03/2026 22:14,15.375,0.001,8.02
15/03/2026 21:44,15.375,0.001,8.02
15/03/2026 21:14,15.25,0.001,8.03
15/03/2026 20:44,15.5,0.001,8.03
15/03/2026 20:14,15.5,0.001,8.03
15/03/2026 19:44,15.625,0.001,8.03
15/03/2026 19:14,15.625,0.001,8.04
15/03/2026 18:44,15.625,0.001,8.04
15/03/2026 18:14,15.75,0.001,8.04
15/03/2026 17:44,15.75,0.001,8.04
15/03/2026 17:14,15.75,0.001,8.04
15/03/2026 16:44,15.75,0.001,8.04
15/03/2026 16:14,15.75,0.001,8.04
15/03/2026 15:44,15.75,0.001,8.03
15/03/2026 15:14,14.75,0.001,8.03
15/03/2026 14:44,15.625,0.001,8.03
15/03/2026 14:14,15.5,0.001,8.03
15/03/2026 13:44,14.75,0.001,8.02
15/03/2026 13:14,15.625,0.001,8.02
15/03/2026 12:44,15.25,0.001,8.02
15/03/2026 12:14,15.625,0.001,8.01
15/03/2026 11:44,15.375,0.001,8.01
15/03/2026 11:14,15.375,0.001,8.01
15/03/2026 10:44,15.375,0.001,8
15/03/2026 10:14,15.375,0.001,8
15/03/2026 09:44,15.25,0.001,8
15/03/2026 09:44,15.25,0.001,8
15/03/2026 09:14,15.25,0.001,8
15/03/2026 08:44,15,0.001,7.99
15/03/2026 08:44,15,0.001,7.99
15/03/2026 08:14,15.25,0.001,7.99
15/03/2026 07:44,15.125,0.001,8
15/03/2026 07:14,15.125,0.001,7.99
15/03/2026 06:44,15.375,0.001,7.99
15/03/2026 06:14,15,0.001,7.99
15/03/2026 05:44,15,0.001,8
15/03/2026 05:14,15.125,0.001,8
15/03/2026 04:44,15,0.001,8
15/03/2026 04:14,15,0.001,8
15/03/2026 03:44,15.125,0.001,8.01
15/03/2026 03:14,15.125,0.001,8.01
15/03/2026 02:44,15,0.001,8.01
15/03/2026 02:14,15.25,0.001,8.01
15/03/2026 01:44,15.125,0.001,8.02
15/03/2026 01:14,15,0.001,8.01
15/03/2026 00:44,15.25,0.001,8.02
15/03/2026 00:14,15.125,0.001,8.02
14/03/2026 23:44,15,0.001,8.02
14/03/2026 23:14,15.25,0.001,8.02
14/03/2026 22:44,15.125,0.001,8.03
14/03/2026 22:14,15.125,0.001,8.03
14/03/2026 21:44,15.125,0.001,8.03
14/03/2026 21:14,15.25,0.001,8.03
14/03/2026 20:44,15.25,0.001,8.03
14/03/2026 20:44,15.25,0.001,8.03
14/03/2026 20:14,15.125,0.001,8.04
14/03/2026 19:44,15.125,0.001,8.04
14/03/2026 19:14,15.375,0.001,8.04
14/03/2026 18:44,15.625,0.001,8.04
14/03/2026 18:14,15.375,0.001,8.04
14/03/2026 17:44,15.5,0.001,8.04
14/03/2026 17:14,16.625,0.001,8.04
14/03/2026 16:44,15.625,0.001,8.04
14/03/2026 16:14,14.75,0.001,8.04
14/03/2026 15:44,15.5,0.001,8.04
14/03/2026 15:14,15.375,0.001,8.04
14/03/2026 15:14,15.375,0.001,8.04
14/03/2026 14:44,15.5,0.001,8.03
14/03/2026 14:14,15.375,0.001,8.03
14/03/2026 13:44,15.5,0.001,8.03
14/03/2026 13:14,15.375,0.001,8.02
14/03/2026 12:44,15.375,0.001,8.02
14/03/2026 12:14,15.5,0.001,8.02
14/03/2026 11:44,15.375,0.001,8.02
14/03/2026 11:14,15.375,0.001,8.01
14/03/2026 10:44,15.125,0.001,8.01
14/03/2026 10:14,15.375,0.001,8.01
14/03/2026 09:44,15.25,0.001,8.01
14/03/2026 09:14,15.5,0.001,8.01
14/03/2026 08:44,15.375,0.001,8
14/03/2026 08:14,15.125,0.001,8
14/03/2026 07:44,15.375,0.001,7.99
14/03/2026 07:14,15.125,0.001,7.99
14/03/2026 06:44,15.25,0.001,8
14/03/2026 06:14,15.25,0.001,8
14/03/2026 05:44,15.375,0.001,8
14/03/2026 05:14,15.25,0.001,8
14/03/2026 04:44,15.375,0.001,8
14/03/2026 04:14,15.25,0.001,8
14/03/2026 03:44,15.25,0.001,8
14/03/2026 03:14,15.25,0.001,8.01
14/03/2026 02:44,15.25,0.001,8.01
14/03/2026 02:14,15.375,0.001,8.01
14/03/2026 01:44,15.375,0.001,8.01
14/03/2026 01:14,15.25,0.001,8.01
14/03/2026 00:44,15.25,0.001,8.02
14/03/2026 00:14,15.375,0.001,8.02
13/03/2026 23:44,15.375,0.001,8.02
13/03/2026 23:14,15.375,0.001,8.02
13/03/2026 22:44,15.125,0.001,8.02
13/03/2026 22:14,15.5,0.001,8.03
13/03/2026 21:44,15.625,0.001,8.03
13/03/2026 21:14,15.25,0.001,8.03
13/03/2026 20:44,15.625,0.001,8.03
13/03/2026 20:14,15.75,0.001,8.03
13/03/2026 19:44,16.625,0.001,8.04
13/03/2026 19:14,15.5,0.001,8.04
13/03/2026 18:44,15.875,0.001,8.04
13/03/2026 18:14,15.875,0.001,8.05
13/03/2026 17:44,16,0.001,8.05
13/03/2026 17:14,16,0.001,8.04
13/03/2026 16:44,15.75,0.001,8.04
13/03/2026 16:14,15.875,0.001,8.04
13/03/2026 15:44,15.75,0.001,8.03
13/03/2026 15:14,16.625,0.001,8.03
13/03/2026 15:14,16.625,0.001,8.03
13/03/2026 14:44,15.75,0.001,8.03
13/03/2026 14:14,14.875,0.001,8.03
13/03/2026 13:44,15.625,0.001,8.03
13/03/2026 13:14,15.625,0.001,8.02
13/03/2026 12:44,14.75,0.001,8.02
13/03/2026 12:14,15.625,0.001,8.02
13/03/2026 11:44,15.5,0.001,8.01
13/03/2026 11:14,15.375,0.001,8.01
13/03/2026 10:44,15.5,0.001,8.01
13/03/2026 10:14,15.375,0.001,8
13/03/2026 09:44,15.5,0.001,8
13/03/2026 09:14,15.5,0.001,8
13/03/2026 08:44,15.5,0.001,8
13/03/2026 08:14,15.5,0.001,7.99
13/03/2026 07:44,15.375,0.001,7.99
13/03/2026 07:44,15.375,0.001,7.99
13/03/2026 07:14,15.5,0.001,7.99
13/03/2026 06:44,15.5,0.001,7.99
13/03/2026 06:14,15.625,0.001,7.99
13/03/2026 05:44,15.375,0.001,7.99
13/03/2026 05:14,15.375,0.001,8
13/03/2026 04:44,15.375,0.001,8
13/03/2026 04:14,15.5,0.001,8
13/03/2026 03:44,15.5,0.001,8
13/03/2026 03:14,15.375,0.001,8
13/03/2026 02:44,15.5,0.001,8
13/03/2026 02:14,15.375,0.001,8
13/03/2026 02:14,15.375,0.001,8
13/03/2026 01:44,15.5,0.001,8.01
13/03/2026 01:14,15.125,0.001,8.01
13/03/2026 00:44,15.375,0.001,8.01
13/03/2026 00:14,15.375,0.001,8.01
12/03/2026 23:44,15.375,0.001,8.01
12/03/2026 23:14,15.375,0.001,8.01
12/03/2026 22:44,15.375,0.001,8.02
12/03/2026 22:14,15.375,0.001,8.02
12/03/2026 21:44,15.5,0.001,8.02
12/03/2026 21:14,15.5,0.001,8.02
12/03/2026 20:44,15.375,0.001,8.02
12/03/2026 20:14,15.5,0.001,8.02
12/03/2026 19:44,15.5,0.001,8.03
12/03/2026 19:14,15.375,0.001,8.03
12/03/2026 18:44,15.625,0.001,8.03
12/03/2026 18:14,15.75,0.001,8.04
12/03/2026 17:44,15.75,0.001,8.03
12/03/2026 17:14,15.75,0.001,8.03
12/03/2026 16:44,16.625,0.001,8.03
12/03/2026 16:14,15.75,0.001,8.03
12/03/2026 15:44,15.75,0.001,8.02
12/03/2026 15:14,15.75,0.001,8.02
12/03/2026 14:44,14.75,0.001,8.02
12/03/2026 14:14,15.625,0.001,8.02
12/03/2026 13:44,15.625,0.001,8.01
12/03/2026 13:14,15.625,0.001,8.01
12/03/2026 12:44,15.625,0.001,8.01
12/03/2026 12:14,15.5,0.001,8
12/03/2026 11:44,15.625,0.001,8
12/03/2026 11:14,15.625,0.001,8
12/03/2026 10:44,15.5,0.001,8
12/03/2026 10:14,15.5,0.001,7.99
12/03/2026 09:44,14.75,0.001,7.98
12/03/2026 09:14,15.625,0.001,7.98
12/03/2026 08:44,15.5,0.001,7.98
12/03/2026 08:14,15.5,0.001,7.98
12/03/2026 07:44,15.5,0.001,7.98
12/03/2026 07:14,16.625,0.001,7.98
12/03/2026 06:44,15.625,0.001,7.98
12/03/2026 06:14,15.625,0.001,7.98
12/03/2026 06:14,15.625,0.001,7.98
12/03/2026 05:44,15.5,0.001,7.98
12/03/2026 05:14,15.625,0.001,7.98
12/03/2026 05:14,15.625,0.001,7.98
12/03/2026 04:44,16.625,0.001,7.98
12/03/2026 04:14,15.5,0.001,7.98
12/03/2026 03:44,15.375,0.001,7.98
12/03/2026 03:14,15.5,0.001,7.98
12/03/2026 02:44,14.75,0.001,7.98
12/03/2026 02:14,15.5,0.001,7.98
12/03/2026 01:44,15.375,0.001,7.99
12/03/2026 01:14,15.5,0.001,7.99
12/03/2026 00:44,15.375,0.001,7.99
12/03/2026 00:14,15.5,0.001,7.99
11/03/2026 23:44,15.375,0.001,7.99
11/03/2026 23:14,15.375,0.001,7.99
11/03/2026 22:44,15.25,0.001,7.99
11/03/2026 22:14,15.125,0.001,8
11/03/2026 21:44,15.125,0.001,8
11/03/2026 21:14,15.25,0.001,8
11/03/2026 20:44,15.375,0.001,8
11/03/2026 20:14,15.375,0.001,8
11/03/2026 19:44,15.375,0.001,8.01
11/03/2026 19:14,15.375,0.001,8.01
11/03/2026 18:44,15.125,0.001,8.01
11/03/2026 18:14,15.375,0.001,8.01
11/03/2026 17:44,15.625,0.001,8.01
11/03/2026 17:14,15.625,0.001,8
11/03/2026 16:44,15.5,0.001,8
11/03/2026 16:14,15.375,0.001,8
11/03/2026 15:44,15.5,0.001,8
11/03/2026 15:14,15.375,0.001,8
11/03/2026 14:44,15.5,0.001,8
11/03/2026 14:14,15.625,0.001,8
11/03/2026 13:44,15.375,0.001,8
11/03/2026 13:14,15.375,0.001,8
11/03/2026 12:44,15.125,0.001,8
11/03/2026 12:14,15.25,0.001,8
11/03/2026 11:44,15.25,0.001,8
11/03/2026 11:14,15,0.001,8.01
11/03/2026 10:44,15.25,0.001,8
11/03/2026 10:14,15.25,0.001,8
11/03/2026 09:44,15.375,0.001,8
11/03/2026 09:14,15,0.001,8
11/03/2026 08:44,15.125,0.001,8
11/03/2026 08:14,15.25,0.001,8
11/03/2026 07:44,15,0.001,7.99
11/03/2026 07:14,15,0.001,8
11/03/2026 06:44,15,0.001,7.99
11/03/2026 06:14,15,0.001,8
11/03/2026 05:44,15.375,0.001,8
11/03/2026 05:14,15.125,0.001,8
11/03/2026 04:44,15.125,0.001,8
11/03/2026 04:14,15.125,0.001,8.01
11/03/2026 03:44,15.375,0.001,8.01
11/03/2026 03:14,15.375,0.001,8.01
11/03/2026 02:44,15,0.001,8.01
11/03/2026 02:14,15.125,0.001,8.02
11/03/2026 01:44,15,0.001,8.02
11/03/2026 01:14,15.125,0.001,8.02
11/03/2026 00:44,15.125,0.001,8.02
11/03/2026 00:14,15.25,0.001,8.02
10/03/2026 23:44,15,0.001,8.03
10/03/2026 23:14,15.125,0.001,8.03
10/03/2026 22:44,15,0.001,8.03
10/03/2026 22:14,14.875,0.001,8.03
10/03/2026 21:44,15,0.001,8.04
10/03/2026 21:14,15,0.001,8.04
10/03/2026 21:14,15,0.001,8.04
10/03/2026 20:44,14.875,0.001,8.04
10/03/2026 20:14,15.125,0.001,8.04
10/03/2026 19:44,14.875,0.001,8.05
10/03/2026 19:14,15,0.001,8.05
10/03/2026 18:44,15.125,0.001,8.05
10/03/2026 18:14,15.125,0.001,8.06
10/03/2026 17:44,15.125,0.001,8.06
10/03/2026 17:14,15.25,0.001,8.06
10/03/2026 16:44,15.5,0.001,8.06
10/03/2026 16:14,15.25,0.001,8.06
10/03/2026 15:44,15.25,0.001,8.06
10/03/2026 15:14,15.25,0.001,8.06
10/03/2026 14:44,15.25,0.001,8.06
10/03/2026 14:14,15.25,0.001,8.05
10/03/2026 13:44,15.375,0.001,8.05
10/03/2026 13:14,15.5,0.001,8.05
10/03/2026 12:44,15.375,0.001,8.05
10/03/2026 12:14,15.25,0.001,8.04
10/03/2026 11:44,15.375,0.001,8.04
10/03/2026 11:14,15.375,0.001,8.04
10/03/2026 10:44,15.375,0.001,8.04
10/03/2026 10:14,15.5,0.001,8.03
10/03/2026 09:44,15.5,0.001,8.03
10/03/2026 09:14,15.375,0.001,8.03
10/03/2026 08:44,15.625,0.001,8.03
10/03/2026 08:14,15.5,0.001,8.03
10/03/2026 07:44,15.625,0.001,8.03
10/03/2026 07:14,14.75,0.001,8.02
10/03/2026 06:44,15.625,0.001,8.02
10/03/2026 06:14,15.5,0.001,8.02
10/03/2026 05:44,15.625,0.001,8.03
10/03/2026 05:44,15.625,0.001,8.03
10/03/2026 05:14,15.5,0.001,8.03
10/03/2026 04:44,14.75,0.001,8.03
10/03/2026 04:14,15.625,0.001,8.03
10/03/2026 03:44,15.75,0.001,8.03
10/03/2026 03:14,15.5,0.001,8.04
10/03/2026 02:44,15.5,0.001,8.04
10/03/2026 02:44,15.5,0.001,8.04
10/03/2026 02:14,15.625,0.001,8.04
10/03/2026 01:44,15.5,0.001,8.04
10/03/2026 01:14,15.5,0.001,8.04
10/03/2026 00:44,15.5,0.001,8.04
10/03/2026 00:14,15.625,0.001,8.04
09/03/2026 23:44,15.5,0.001,8.05
09/03/2026 23:14,15.375,0.001,8.05
09/03/2026 22:44,15.5,0.001,8.05
09/03/2026 22:14,15.375,0.001,8.05
09/03/2026 21:44,15.5,0.001,8.05
09/03/2026 21:14,15.5,0.001,8.05
09/03/2026 20:44,15.5,0.001,8.06
09/03/2026 20:14,15.5,0.001,8.06
09/03/2026 19:44,15.375,0.001,8.06
09/03/2026 19:14,15.5,0.001,8.06
09/03/2026 18:44,15.625,0.001,8.07
09/03/2026 18:14,14.75,0.001,8.07
09/03/2026 17:44,15.75,0.001,8.07
09/03/2026 17:14,14.75,0.001,8.07
09/03/2026 16:44,15.625,0.001,8.06
09/03/2026 16:14,15.75,0.001,8.06
09/03/2026 15:44,14.75,0.001,8.06
09/03/2026 15:14,15.625,0.001,8.06
09/03/2026 14:44,16.625,0.001,8.06
09/03/2026 14:14,15.5,0.001,8.05
09/03/2026 13:44,15.5,0.001,8.05
09/03/2026 13:14,15.5,0.001,8.05
09/03/2026 12:44,15.5,0.001,8.05
09/03/2026 12:14,15.5,0.001,8.04
09/03/2026 11:44,15.375,0.001,8.04
09/03/2026 11:14,15.125,0.001,8.04
09/03/2026 11:14,15.125,0.001,8.04
09/03/2026 10:44,15.5,0.001,8.04
09/03/2026 10:44,15.5,0.001,8.04
09/03/2026 10:14,15.375,0.001,8.03
09/03/2026 09:44,15.125,0.001,8.03
09/03/2026 09:14,15.375,0.001,8.03
09/03/2026 08:44,15.375,0.001,8.03
09/03/2026 08:14,15.375,0.001,8.02
09/03/2026 07:44,15.5,0.001,8.02
09/03/2026 07:14,15.5,0.001,8.02
09/03/2026 06:44,15.5,0.001,8.02
09/03/2026 06:14,15.375,0.001,8.02
09/03/2026 05:44,15.375,0.001,8.02
09/03/2026 05:14,15.5,0.001,8.03
09/03/2026 04:44,15.375,0.001,8.03
09/03/2026 04:14,15.375,0.001,8.03
09/03/2026 04:14,15.375,0.001,8.03
09/03/2026 03:44,15.5,0.001,8.03
09/03/2026 03:14,15.5,0.001,8.03
09/03/2026 02:44,15.25,0.001,8.04
09/03/2026 02:14,15.375,0.001,8.04
09/03/2026 01:44,15.375,0.001,8.04
09/03/2026 01:14,15.375,0.001,8.04
09/03/2026 00:44,15.25,0.001,8.04
09/03/2026 00:14,15.25,0.001,8.04
08/03/2026 23:44,15.125,0.001,8.04
08/03/2026 23:14,15.25,0.001,8.05
08/03/2026 22:44,15.25,0.001,8.05
08/03/2026 22:14,15.125,0.001,8.05
08/03/2026 21:44,15.125,0.001,8.05
08/03/2026 21:14,15.25,0.001,8.05
08/03/2026 20:44,15.25,0.001,8.06
08/03/2026 20:14,15.125,0.001,8.06
08/03/2026 19:44,15.25,0.001,8.06
08/03/2026 19:14,15.375,0.001,8.06
08/03/2026 18:44,15.25,0.001,8.06
08/03/2026 18:14,15.375,0.001,8.07
08/03/2026 17:44,15.5,0.001,8.07
08/03/2026 17:44,15.5,0.001,8.07
08/03/2026 17:14,15.5,0.001,8.07
08/03/2026 16:44,15.625,0.001,8.07
08/03/2026 16:14,15.625,0.001,8.07
08/03/2026 16:14,15.625,0.001,8.07
08/03/2026 15:44,14.75,0.001,8.07
08/03/2026 15:14,15.625,0.001,8.06
08/03/2026 14:44,15.5,0.001,8.06
08/03/2026 14:44,15.5,0.001,8.06
08/03/2026 14:14,15.5,0.001,8.06
08/03/2026 13:44,15.5,0.001,8.06
08/03/2026 13:14,15.375,0.001,8.05
08/03/2026 12:44,15.375,0.001,8.05
08/03/2026 12:14,15.25,0.001,8.05
08/03/2026 11:44,15.125,0.001,8.05
08/03/2026 11:14,15.375,0.001,8.04
08/03/2026 10:44,15.125,0.001,8.04
08/03/2026 10:44,15.125,0.001,8.04
08/03/2026 10:14,15.375,0.001,8.04
08/03/2026 09:44,15.25,0.001,8.03
08/03/2026 09:14,15.25,0.001,8.03
08/03/2026 08:44,15.375,0.001,8.03
08/03/2026 08:14,15.375,0.001,8.03
08/03/2026 07:44,15.25,0.001,8.03
08/03/2026 07:14,15.375,0.001,8.03
08/03/2026 06:44,15.375,0.001,8.03
08/03/2026 06:14,15.25,0.001,8.03
08/03/2026 05:44,15.25,0.001,8.03
08/03/2026 05:14,15.375,0.001,8.03
08/03/2026 04:44,15.25,0.001,8.03
08/03/2026 04:14,15.125,0.001,8.03
08/03/2026 03:44,15.375,0.001,8.04
08/03/2026 03:14,15.375,0.001,8.04
08/03/2026 02:44,15.125,0.001,8.04
08/03/2026 02:14,15.25,0.001,8.04
08/03/2026 02:14,15.25,0.001,8.04
08/03/2026 01:44,15,0.001,8.04
08/03/2026 01:14,15.125,0.001,8.04
08/03/2026 00:44,14.875,0.001,8.04
08/03/2026 00:14,15.125,0.001,8.05
07/03/2026 23:44,15.125,0.001,8.05
07/03/2026 23:14,15,0.001,8.05
07/03/2026 22:44,15.25,0.001,8.05
07/03/2026 22:14,15,0.001,8.05
07/03/2026 21:44,14.875,0.001,8.05
07/03/2026 21:44,14.875,0.001,8.05
07/03/2026 21:14,14.875,0.001,8.06
07/03/2026 20:44,14.75,0.001,8.06
07/03/2026 20:14,14.75,0.001,8.06
07/03/2026 19:44,14.875,0.001,8.06
07/03/2026 19:14,14.875,0.001,8.06
07/03/2026 18:44,14.875,0.001,8.07
07/03/2026 18:14,15,0.001,8.07
07/03/2026 17:44,14.875,0.001,8.07
07/03/2026 17:14,15,0.001,8.07
07/03/2026 16:44,15,0.001,8.07
07/03/2026 16:14,14.875,0.001,8.07
07/03/2026 15:44,15,0.001,8.07
07/03/2026 15:14,14.875,0.001,8.06
07/03/2026 14:44,15,0.001,8.06
07/03/2026 14:14,15.125,0.001,8.06
07/03/2026 13:44,15,0.001,8.06
07/03/2026 13:14,15,0.001,8.05
07/03/2026 12:44,15,0.001,8.05
07/03/2026 12:14,15,0.001,8.05
07/03/2026 11:44,14.875,0.001,8.05
07/03/2026 11:14,14.875,0.001,8.04
07/03/2026 10:44,14.75,0.001,8.04
07/03/2026 10:14,14.875,0.001,8.04
07/03/2026 09:44,15,0.001,8.04
07/03/2026 09:14,14.875,0.001,8.03
07/03/2026 08:44,14.875,0.001,8.03
07/03/2026 08:14,14.875,0.001,8.03
07/03/2026 07:44,14.875,0.001,8.03
07/03/2026 07:14,14.875,0.001,8.03
07/03/2026 06:44,14.875,0.001,8.02
07/03/2026 06:14,14.875,0.001,8.02
07/03/2026 05:44,14.75,0.001,8.03
07/03/2026 05:14,15,0.001,8.03
07/03/2026 04:44,14.75,0.001,8.03
07/03/2026 04:14,14.875,0.001,8.03
07/03/2026 03:44,14.875,0.001,8.03
07/03/2026 03:14,14.75,0.001,8.04
07/03/2026 02:44,14.875,0.001,8.04
07/03/2026 02:14,14.75,0.001,8.04
07/03/2026 01:44,15.125,0.001,8.04
07/03/2026 01:14,14.75,0.001,8.04
07/03/2026 00:44,14.875,0.001,8.04
07/03/2026 00:14,14.875,0.001,8.05
06/03/2026 23:44,14.875,0.001,8.05
06/03/2026 23:14,14.875,0.001,8.05
06/03/2026 23:14,14.875,0.001,8.05
06/03/2026 22:44,14.875,0.001,8.05
06/03/2026 22:14,15,0.001,8.06
06/03/2026 21:44,14.875,0.001,8.06
06/03/2026 21:14,15,0.001,8.06
06/03/2026 20:44,14.875,0.001,8.07
06/03/2026 20:14,14.875,0.001,8.07
06/03/2026 19:44,15.125,0.001,8.07
06/03/2026 19:14,14.875,0.001,8.07
06/03/2026 18:44,14.875,0.001,8.08
06/03/2026 18:14,14.875,0.001,8.08
06/03/2026 17:44,14.875,0.001,8.08
06/03/2026 17:14,15.125,0.001,8.08
06/03/2026 16:44,15.125,0.001,8.08
06/03/2026 16:14,15.125,0.001,8.08
06/03/2026 15:44,15.125,0.001,8.08
06/03/2026 15:14,15.25,0.001,8.07
06/03/2026 14:44,15,0.001,8.07
06/03/2026 14:14,15,0.001,8.07
06/03/2026 13:44,15.25,0.001,8.07
06/03/2026 13:14,15.375,0.001,8.07
06/03/2026 12:44,15.375,0.001,8.06
06/03/2026 12:14,15.25,0.001,8.06
06/03/2026 11:44,15.375,0.001,8.06
06/03/2026 11:14,15.375,0.001,8.06
06/03/2026 10:44,15.375,0.001,8.05
06/03/2026 10:14,15.375,0.001,8.05
06/03/2026 09:44,15.375,0.001,8.05
06/03/2026 09:14,15.25,0.001,8.05
06/03/2026 08:44,15.375,0.001,8.05
06/03/2026 08:14,15.375,0.001,8.04
06/03/2026 07:44,15.5,0.001,8.04
06/03/2026 07:14,15.5,0.001,8.04
06/03/2026 06:44,15.5,0.001,8.04
06/03/2026 06:14,15.375,0.001,8.04
06/03/2026 05:44,15.375,0.001,8.04
06/03/2026 05:14,15.625,0.001,8.04
06/03/2026 04:44,15.25,0.001,8.04
06/03/2026 04:14,15.375,0.001,8.05
06/03/2026 03:44,15.375,0.001,8.05
06/03/2026 03:14,15.375,0.001,8.05
06/03/2026 02:44,15.5,0.001,8.05
06/03/2026 02:14,15.375,0.001,8.05
06/03/2026 01:44,15.25,0.001,8.05
06/03/2026 01:14,15.25,0.001,8.06
06/03/2026 00:44,15.375,0.001,8.06
06/03/2026 00:14,15.125,0.001,8.06
05/03/2026 23:44,15.25,0.001,8.06
05/03/2026 23:14,15.125,0.001,8.06
05/03/2026 22:44,15.125,0.001,8.06
05/03/2026 22:14,15.25,0.001,8.06
05/03/2026 21:44,15.125,0.001,8.06
05/03/2026 21:14,15.125,0.001,8.07
05/03/2026 20:44,15.125,0.001,8.07
05/03/2026 20:44,15.125,0.001,8.07
05/03/2026 20:14,15,0.001,8.07
05/03/2026 19:44,15.125,0.001,8.07
05/03/2026 19:14,15.125,0.001,8.07
05/03/2026 18:44,14.875,0.001,8.07
05/03/2026 18:14,14.875,0.001,8.08
05/03/2026 17:44,14.75,0.001,8.08
05/03/2026 17:14,15,0.001,8.08
05/03/2026 16:44,15,0.001,8.08
05/03/2026 16:14,14.875,0.001,8.08
05/03/2026 15:44,15,0.001,8.07
05/03/2026 15:14,15.125,0.001,8.07
05/03/2026 14:44,15.125,0.001,8.07
05/03/2026 14:14,15,0.001,8.07
05/03/2026 13:44,14.875,0.001,8.06
05/03/2026 13:14,15.125,0.001,8.06
05/03/2026 12:44,15.125,0.001,8.06
05/03/2026 12:14,15,0.001,8.06
05/03/2026 11:44,15.125,0.001,8.05
05/03/2026 11:14,15.125,0.001,8.05
05/03/2026 10:44,15,0.001,8.05
05/03/2026 10:14,14.875,0.001,8.05
05/03/2026 09:44,14.875,0.001,8.04
05/03/2026 09:14,15.125,0.001,8.04
05/03/2026 08:44,14.875,0.001,8.04
05/03/2026 08:14,15,0.001,8.04
05/03/2026 07:44,15.125,0.001,8.04
05/03/2026 07:14,15,0.001,8.04
05/03/2026 07:14,15,0.001,8.04
05/03/2026 06:44,15.25,0.001,8.03
05/03/2026 06:14,15.125,0.001,8.04
05/03/2026 05:44,15.125,0.001,8.04
05/03/2026 05:14,15.125,0.001,8.04
05/03/2026 04:44,15.125,0.001,8.04
05/03/2026 04:14,15,0.001,8.04
05/03/2026 03:44,15.125,0.001,8.04
05/03/2026 03:14,15.125,0.001,8.04
05/03/2026 03:14,15.125,0.001,8.04
05/03/2026 02:44,15.25,0.001,8.04
05/03/2026 02:14,15.125,0.001,8.05
05/03/2026 01:44,15,0.001,8.05
05/03/2026 01:14,15.25,0.001,8.05
05/03/2026 00:44,15,0.001,8.05
05/03/2026 00:14,15,0.001,8.05
04/03/2026 23:44,15,0.001,8.05
04/03/2026 23:14,15.125,0.001,8.06
04/03/2026 22:44,15.125,0.001,8.06
04/03/2026 22:14,15.125,0.001,8.06
04/03/2026 21:44,14.875,0.001,8.06
04/03/2026 21:14,15,0.001,8.06
04/03/2026 20:44,14.75,0.001,8.06
04/03/2026 20:14,15.125,0.001,8.07
04/03/2026 19:44,14.875,0.001,8.07
04/03/2026 19:14,14.875,0.001,8.07
04/03/2026 18:44,14.875,0.001,8.07
04/03/2026 18:14,14.875,0.001,8.07
04/03/2026 17:44,14.875,0.001,8.07
04/03/2026 17:14,15,0.001,8.07
04/03/2026 16:44,15,0.001,8.07
04/03/2026 16:14,15.125,0.001,8.07
04/03/2026 15:44,15.25,0.001,8.07
04/03/2026 15:14,15,0.001,8.07
04/03/2026 14:44,15,0.001,8.07
04/03/2026 14:14,15,0.001,8.06
04/03/2026 13:44,15,0.001,8.06
04/03/2026 13:14,15.125,0.001,8.06
04/03/2026 12:44,15.125,0.001,8.06
04/03/2026 12:14,15.25,0.001,8.05
04/03/2026 11:44,15.125,0.001,8.05
04/03/2026 11:14,15.25,0.001,8.05
04/03/2026 10:44,15.25,0.001,8.05
04/03/2026 10:14,15.375,0.001,8.04
04/03/2026 09:44,15,0.001,8.04
04/03/2026 09:14,15.375,0.001,8.04
04/03/2026 08:44,15.375,0.001,8.04
04/03/2026 08:14,15.375,0.001,8.03
04/03/2026 07:44,15.25,0.001,8.03
04/03/2026 07:14,15.375,0.001,8.03
04/03/2026 06:44,15.375,0.001,8.03
04/03/2026 06:14,15.25,0.001,8.03
04/03/2026 05:44,15.25,0.001,8.03
04/03/2026 05:14,15.125,0.001,8.03
04/03/2026 04:44,15.25,0.001,8.03
04/03/2026 04:14,15.25,0.001,8.03
04/03/2026 03:44,15.25,0.001,8.03
04/03/2026 03:14,15.125,0.001,8.03
04/03/2026 02:44,15.125,0.001,8.03
04/03/2026 02:44,15.125,0.001,8.03
04/03/2026 02:14,15.25,0.001,8.03
04/03/2026 01:44,15.25,0.001,8.04
04/03/2026 01:14,15.125,0.001,8.04
04/03/2026 00:44,15,0.001,8.04
04/03/2026 00:14,15.125,0.001,8.04
03/03/2026 23:44,15,0.001,8.04
03/03/2026 23:14,15.375,0.001,8.05
03/03/2026 22:44,15.125,0.001,8.05
03/03/2026 22:14,15,0.001,8.05
03/03/2026 21:44,15,0.001,8.05
03/03/2026 21:14,15,0.001,8.06
03/03/2026 20:44,15.125,0.001,8.06
03/03/2026 20:14,15,0.001,8.07
03/03/2026 19:44,15.25,0.001,8.07
03/03/2026 19:14,15.25,0.001,8.07
03/03/2026 18:44,15.25,0.001,8.08
03/03/2026 18:14,15.375,0.001,8.08
03/03/2026 17:44,15.375,0.001,8.09
03/03/2026 17:14,15.375,0.001,8.09
03/03/2026 16:44,15.625,0.001,8.09
03/03/2026 16:14,15.625,0.001,8.1
03/03/2026 15:44,15.5,0.001,8.09
03/03/2026 15:14,15.625,0.001,8.09
03/03/2026 14:44,15.625,0.001,8.09
03/03/2026 14:14,15.5,0.001,8.09
03/03/2026 13:44,15.5,0.001,8.08
03/03/2026 13:14,15.5,0.001,8.08
03/03/2026 12:44,15.625,0.001,8.08
03/03/2026 12:14,15.5,0.001,8.07
03/03/2026 11:44,15.375,0.001,8.07
03/03/2026 11:44,15.375,0.001,8.07
03/03/2026 11:14,15.375,0.001,8.07
03/03/2026 10:44,15.5,0.001,8.07
03/03/2026 10:14,15.5,0.001,8.06
03/03/2026 09:44,15.25,0.001,8.06
03/03/2026 09:14,15.375,0.001,8.06
03/03/2026 08:44,15.25,0.001,8.06
03/03/2026 08:14,15.25,0.001,8.06
03/03/2026 07:44,15.25,0.001,8.06
03/03/2026 07:44,15.25,0.001,8.06
03/03/2026 07:14,15.375,0.001,8.06
03/03/2026 06:44,15,0.001,8.06
03/03/2026 06:14,15.375,0.001,8.06
03/03/2026 05:44,15.375,0.001,8.06
03/03/2026 05:14,15.5,0.001,8.06
03/03/2026 04:44,15.375,0.001,8.06
03/03/2026 04:14,15.25,0.001,8.07
03/03/2026 03:44,15.375,0.001,8.07
03/03/2026 03:14,15.375,0.001,8.07
03/03/2026 02:44,15.25,0.001,8.07
03/03/2026 02:14,15.125,0.001,8.07
03/03/2026 01:44,15.375,0.001,8.07
03/03/2026 01:14,15.25,0.001,8.08
03/03/2026 00:44,15.125,0.001,8.08
03/03/2026 00:14,15.25,0.001,8.08
03/03/2026 00:14,15.25,0.001,8.08
02/03/2026 23:44,15.375,0.001,8.08
02/03/2026 23:14,15.125,0.001,8.08
02/03/2026 22:44,15.25,0.001,8.09
02/03/2026 22:14,15.25,0.001,8.09
02/03/2026 22:14,15.25,0.001,8.09
02/03/2026 21:44,15.25,0.001,8.09
02/03/2026 21:14,15.375,0.001,8.09
02/03/2026 20:44,15.25,0.001,8.09
02/03/2026 20:14,15.25,0.001,8.09
02/03/2026 19:44,15.5,0.001,8.09
02/03/2026 19:14,15.5,0.001,8.1
02/03/2026 18:44,15.375,0.001,8.1
02/03/2026 18:14,15.125,0.001,8.1
02/03/2026 18:14,15.125,0.001,8.1
02/03/2026 17:44,15.375,0.001,8.1
02/03/2026 17:14,15.5,0.001,8.1
02/03/2026 16:44,15.625,0.001,8.1
02/03/2026 16:14,15.5,0.001,8.09
02/03/2026 16:14,15.5,0.001,8.09
02/03/2026 15:44,15.625,0.001,8.09
02/03/2026 15:14,15.625,0.001,8.09
02/03/2026 14:44,15.5,0.001,8.09
02/03/2026 14:14,15.5,0.001,8.09
02/03/2026 13:44,15.375,0.001,8.08
02/03/2026 13:14,15.625,0.001,8.08
02/03/2026 12:44,15.5,0.001,8.08
02/03/2026 12:44,15.5,0.001,8.08
02/03/2026 12:14,15.625,0.001,8.08
02/03/2026 11:44,15.25,0.001,8.07
02/03/2026 11:44,15.25,0.001,8.07
02/03/2026 11:14,15.375,0.001,8.07
02/03/2026 10:44,15.5,0.001,8.07
02/03/2026 10:14,15.375,0.001,8.07
02/03/2026 09:44,15.5,0.001,8.06
02/03/2026 09:14,15.125,0.001,8.06
02/03/2026 08:44,15.25,0.001,8.06
02/03/2026 08:14,15.5,0.001,8.06
02/03/2026 07:44,15.375,0.001,8.06
02/03/2026 07:14,15.375,0.001,8.05
02/03/2026 06:44,15.375,0.001,8.05
02/03/2026 06:14,15.375,0.001,8.06
02/03/2026 05:44,15.5,0.001,8.06
02/03/2026 05:14,15.5,0.001,8.06
02/03/2026 04:44,15.375,0.001,8.06
02/03/2026 04:14,15.375,0.001,8.06
02/03/2026 03:44,15.25,0.001,8.06
02/03/2026 03:14,15.5,0.001,8.06
02/03/2026 02:44,15.5,0.001,8.06
02/03/2026 02:14,15.375,0.001,8.07
02/03/2026 01:44,15.375,0.001,8.07
02/03/2026 01:14,15.25,0.001,8.07
02/03/2026 00:44,15.375,0.001,8.07
02/03/2026 00:14,15.5,0.001,8.07
01/03/2026 23:44,15.5,0.001,8.07
01/03/2026 23:14,15.5,0.001,8.07
01/03/2026 22:44,15.25,0.001,8.07
01/03/2026 22:44,15.25,0.001,8.07
01/03/2026 22:14,15.375,0.001,8.08
01/03/2026 21:44,15.5,0.001,8.08
01/03/2026 21:44,15.5,0.001,8.08
01/03/2026 21:14,15.375,0.001,8.08
01/03/2026 20:44,15.125,0.001,8.08
01/03/2026 20:14,15.125,0.001,8.08
01/03/2026 19:44,15.375,0.001,8.08
01/03/2026 19:14,15.25,0.001,8.08
01/03/2026 18:44,15.375,0.001,8.09
01/03/2026 18:14,15.5,0.001,8.09
01/03/2026 17:44,15.5,0.001,8.09
01/03/2026 17:14,15.5,0.001,8.09
01/03/2026 16:44,15.5,0.001,8.08
01/03/2026 16:14,15.5,0.001,8.08
01/03/2026 16:14,15.5,0.001,8.08
01/03/2026 15:44,15.5,0.001,8.08
01/03/2026 15:14,15.625,0.001,8.08
01/03/2026 14:44,15.5,0.001,8.07
01/03/2026 14:14,14.75,0.001,8.07
01/03/2026 13:44,15.625,0.001,8.07
01/03/2026 13:14,15.5,0.001,8.07
01/03/2026 12:44,15.25,0.001,8.06
01/03/2026 12:14,15.375,0.001,8.06
01/03/2026 12:14,15.375,0.001,8.06
01/03/2026 11:44,15.625,0.001,8.06
01/03/2026 11:14,15.375,0.001,8.05
01/03/2026 10:44,15.375,0.001,8.05
01/03/2026 10:14,15.375,0.001,8.05
01/03/2026 09:44,15.25,0.002,8.05
01/03/2026 09:14,15.375,0.002,8.04
01/03/2026 08:44,15.25,0.002,8.04
01/03/2026 08:14,15.25,0.002,8.04
01/03/2026 07:44,15.375,0.002,8.04
01/03/2026 07:14,15.125,0.002,8.04
01/03/2026 06:44,15.375,0.002,8.04
01/03/2026 06:14,15.25,0.002,8.04
01/03/2026 06:14,15.25,0.002,8.04
01/03/2026 05:44,15.375,0.002,8.05
01/03/2026 05:14,15.25,0.002,8.05
01/03/2026 04:44,15.5,0.002,8.05
01/03/2026 04:14,15.375,0.002,8.05
01/03/2026 03:44,15.375,0.002,8.05
01/03/2026 03:44,15.375,0.002,8.05
01/03/2026 03:14,15.375,0.002,8.05
01/03/2026 02:44,15.25,0.002,8.05
01/03/2026 02:14,15.375,0.002,8.05
01/03/2026 01:44,15.375,0.002,8.05
01/03/2026 01:14,15.5,0.002,8.05
01/03/2026 00:44,15.375,0.002,8.05
01/03/2026 00:14,15.375,0.002,8.06
28/02/2026 23:44,15.5,0.001,8.06
28/02/2026 23:40,15.375,0.001,8.06
28/02/2026 23:14,15.375,0.001,8.06
28/02/2026 22:44,15.5,0.001,8.06
28/02/2026 22:44,15.5,0.001,8.06
28/02/2026 22:14,15.25,0.001,8.06
28/02/2026 21:44,15.375,0.001,8.06
28/02/2026 21:14,15.125,0.002,8.06
28/02/2026 20:44,15.5,0.002,8.06
28/02/2026 20:44,15.5,0.002,8.06
28/02/2026 20:14,15.25,0.002,8.06
28/02/2026 19:44,15.25,0.002,8.06
28/02/2026 19:14,15.375,0.002,8.06
28/02/2026 18:44,15.375,0.002,8.06
28/02/2026 18:14,15.5,0.002,8.06
28/02/2026 17:44,15.5,0.002,8.07
28/02/2026 17:14,14.75,0.002,8.06
28/02/2026 17:14,14.75,0.002,8.06
28/02/2026 16:44,15.5,0.002,8.06
28/02/2026 16:14,16.625,0.002,8.06
28/02/2026 15:44,14.75,0.002,8.06
28/02/2026 15:44,14.75,0.002,8.06
28/02/2026 15:14,14.75,0.002,8.05
28/02/2026 14:44,15.5,0.002,8.05
28/02/2026 14:14,14.75,0.002,8.05
28/02/2026 13:44,15.5,0.002,8.04
28/02/2026 13:14,15.625,0.002,8.04
28/02/2026 12:44,15.5,0.002,8.04
28/02/2026 12:14,15.625,0.002,8.03
28/02/2026 11:44,15.625,0.002,8.03
28/02/2026 11:14,15.5,0.002,8.03
28/02/2026 10:44,15.375,0.002,8.02
28/02/2026 10:14,15.375,0.002,8.02
28/02/2026 09:44,15.5,0.002,8.02
28/02/2026 09:14,15.25,0.002,8.01
28/02/2026 08:44,15.5,0.002,8.01
28/02/2026 08:14,15.5,0.002,8.01
28/02/2026 07:44,15.375,0.002,8
28/02/2026 07:44,15.375,0.002,8
28/02/2026 07:14,15.625,0.002,8
28/02/2026 06:44,15.625,0.002,8
28/02/2026 06:14,15.5,0.002,8
28/02/2026 05:44,15.625,0.002,8
28/02/2026 05:14,16.5,0.002,8
28/02/2026 04:44,15.5,0.002,8
28/02/2026 04:14,15.5,0.002,8
28/02/2026 04:14,15.5,0.002,8
28/02/2026 03:44,16.625,0.002,8.01
28/02/2026 03:14,15.5,0.002,8.01
28/02/2026 03:14,15.5,0.002,8.01
28/02/2026 02:44,16.625,0.002,8.01
28/02/2026 02:14,15.5,0.002,8.01
28/02/2026 01:44,15.5,0.002,8.01
28/02/2026 01:14,15.5,0.002,8.01
28/02/2026 00:44,15.375,0.002,8.02
28/02/2026 00:14,15.625,0.002,8.02
27/02/2026 23:44,15.625,0.002,8.02
27/02/2026 23:14,15.625,0.002,8.02
27/02/2026 22:44,15.625,0.002,8.02
27/02/2026 22:14,15.625,0.002,8.02
27/02/2026 21:44,15.625,0.002,8.03
27/02/2026 21:14,16.625,0.002,8.03
27/02/2026 20:44,15.625,0.002,8.03
27/02/2026 20:14,14.875,0.002,8.03
27/02/2026 19:44,15.875,0.002,8.04
27/02/2026 19:14,15.875,0.002,8.04
27/02/2026 18:44,15.875,0.002,8.04
27/02/2026 18:14,16,0.002,8.05
27/02/2026 17:44,16,0.002,8.05
27/02/2026 17:14,16,0.002,8.05
27/02/2026 17:14,16,0.002,8.05
27/02/2026 16:44,16,0.002,8.05
27/02/2026 16:14,16,0.002,8.05
27/02/2026 15:44,16.125,0.002,8.04
27/02/2026 15:14,16,0.002,8.04
27/02/2026 14:44,16,0.002,8.04
27/02/2026 14:14,15.875,0.002,8.04
27/02/2026 13:44,15.75,0.002,8.04
27/02/2026 13:14,15.875,0.002,8.04
27/02/2026 12:44,15.875,0.002,8.04
27/02/2026 12:14,15.625,0.002,8.04
27/02/2026 11:44,15.625,0.002,8.05
27/02/2026 11:14,15.625,0.002,8.05
27/02/2026 10:44,15.5,0.002,8.05
27/02/2026 10:14,15.5,0.002,8.05
27/02/2026 09:44,15.5,0.002,8.05
27/02/2026 09:14,15.375,0.002,8.04
27/02/2026 09:14,15.375,0.002,8.04
27/02/2026 08:44,15.375,0.002,8.04
27/02/2026 08:14,15.25,0.002,8.04
27/02/2026 08:14,15.25,0.002,8.04
27/02/2026 07:44,15.5,0.002,8.04
27/02/2026 07:14,15.375,0.002,8.04
27/02/2026 06:44,15.25,0.002,8.04
27/02/2026 06:14,15.25,0.002,8.04
27/02/2026 05:44,15.25,0.002,8.04
27/02/2026 05:14,15.25,0.002,8.04
27/02/2026 04:44,15.375,0.002,8.04
27/02/2026 04:14,15.375,0.002,8.04
27/02/2026 03:44,15.375,0.002,8.04
27/02/2026 03:14,15.25,0.002,8.04
27/02/2026 02:44,15.375,0.002,8.04
27/02/2026 02:14,15.375,0.002,8.04
27/02/2026 01:44,15.5,0.002,8.04
27/02/2026 01:14,15.375,0.002,8.04
27/02/2026 00:44,15.375,0.002,8.04
27/02/2026 00:14,15.25,0.002,8.04
26/02/2026 23:44,15.25,0.002,8.04
26/02/2026 23:14,15.375,0.002,8.04
26/02/2026 22:44,15.375,0.002,8.04
26/02/2026 22:14,15.375,0.002,8.04
26/02/2026 21:44,15.625,0.002,8.04
26/02/2026 21:14,15.375,0.002,8.04
26/02/2026 20:44,15.375,0.002,8.04
26/02/2026 20:14,15.5,0.002,8.05
26/02/2026 19:44,15.5,0.002,8.05
26/02/2026 19:14,14.75,0.002,8.05
26/02/2026 18:44,15.625,0.002,8.05
26/02/2026 18:14,15.75,0.002,8.05
26/02/2026 17:44,15.75,0.002,8.05
26/02/2026 17:44,15.75,0.002,8.05
26/02/2026 17:14,15.875,0.001,8.04
26/02/2026 16:44,15.75,0.002,8.03
26/02/2026 16:14,15.75,0.001,8.02
26/02/2026 15:44,14.75,0.001,8.01
26/02/2026 15:14,14.75,0.001,8
26/02/2026 14:44,14.875,0.001,7.98
26/02/2026 14:14,15.75,0.001,7.95
26/02/2026 13:44,15.625,0.001,7.91
26/02/2026 13:14,15.625,0.001,7.86
26/02/2026 12:44,14.75,0.001,7.79
21/02/2026 14:44,15.75,0.001,8.02
21/02/2026 14:14,15.75,0.001,8.01
21/02/2026 13:44,14.75,0.001,8.01
21/02/2026 13:14,14.75,0.001,8.01
21/02/2026 12:44,15.625,0.001,8.01
21/02/2026 12:14,15.5,0.001,8
21/02/2026 11:44,15.625,0.001,8
21/02/2026 11:14,15.5,0.001,8
21/02/2026 10:44,15.5,0.001,8
21/02/2026 10:14,15.5,0.001,7.99
21/02/2026 09:44,15.5,0.001,7.99
21/02/2026 09:14,15.5,0.001,7.99
21/02/2026 08:44,15.625,0.001,7.99
21/02/2026 08:14,15.5,0.001,7.98
21/02/2026 07:44,15.5,0.001,7.98
21/02/2026 07:14,15.5,0.001,7.98
21/02/2026 06:44,15.5,0.001,7.98
21/02/2026 06:14,15.5,0.001,7.98
21/02/2026 05:44,15.625,0.001,7.98
21/02/2026 05:14,15.5,0.001,7.99
21/02/2026 04:44,14.75,0.001,7.99
21/02/2026 04:14,15.625,0.001,7.99
21/02/2026 03:44,15.5,0.001,7.99
21/02/2026 03:14,15.5,0.001,7.99
21/02/2026 02:44,15.5,0.001,8
21/02/2026 02:14,15.625,0.001,8
21/02/2026 01:44,15.625,0.001,8
21/02/2026 01:14,15.625,0.001,8
21/02/2026 00:44,15.5,0.001,8
21/02/2026 00:14,15.5,0.001,8.01
20/02/2026 23:44,15.625,0.001,8.01
20/02/2026 23:14,15.5,0.001,8.01
20/02/2026 22:44,15.5,0.001,8.01
20/02/2026 22:14,15.625,0.001,8.02
20/02/2026 21:44,15.625,0.001,8.02
20/02/2026 21:14,15.625,0.001,8.02
20/02/2026 20:44,16.625,0.001,8.02
20/02/2026 20:14,15.625,0.001,8.02
20/02/2026 19:44,16.625,0.001,8.03
20/02/2026 19:44,16.625,0.001,8.03
20/02/2026 19:14,16.625,0.001,8.03
20/02/2026 18:44,15.875,0.001,8.03
20/02/2026 18:14,16,0.001,8.03
20/02/2026 17:44,16,0.001,8.03
20/02/2026 17:14,16,0.001,8.03
20/02/2026 16:44,16,0.001,8.03
20/02/2026 16:14,15.875,0.001,8.03
20/02/2026 15:44,15.875,0.001,8.02
20/02/2026 15:14,15.875,0.001,8.02
20/02/2026 14:44,15.875,0.001,8.02
20/02/2026 14:14,15.75,0.001,8.02
20/02/2026 13:44,15.625,0.001,8.01
20/02/2026 13:14,15.5,0.001,8.01
20/02/2026 12:44,15.625,0.001,8.01
20/02/2026 12:14,15.5,0.001,8.01
20/02/2026 11:44,15.5,0.001,8
20/02/2026 11:14,15.5,0.001,8
20/02/2026 10:44,15.5,0.001,8
20/02/2026 10:14,15.625,0.001,8
20/02/2026 10:14,15.625,0.001,8
20/02/2026 09:44,15.5,0.001,7.99
20/02/2026 09:14,15.375,0.001,7.99
20/02/2026 08:44,15.5,0.001,7.99
20/02/2026 08:14,15.5,0.001,7.99
20/02/2026 07:44,15.5,0.001,7.99
20/02/2026 07:14,14.75,0.001,7.99
20/02/2026 06:44,15.625,0.001,7.99
20/02/2026 06:14,14.75,0.001,7.99
20/02/2026 05:44,16.5,0.001,8
20/02/2026 05:14,16.625,0.001,8
20/02/2026 04:44,15.625,0.001,8
20/02/2026 04:14,15.5,0.001,8
20/02/2026 03:44,15.5,0.001,8
20/02/2026 03:14,15.625,0.001,8.01
20/02/2026 02:44,15.625,0.001,8.01
20/02/2026 02:14,15.5,0.001,8.01
20/02/2026 01:44,15.5,0.001,8.01
20/02/2026 01:44,15.5,0.001,8.01
20/02/2026 01:14,15.375,0.001,8.01
20/02/2026 00:44,15.625,0.001,8.02
20/02/2026 00:14,15.625,0.001,8.02
19/02/2026 23:44,15.375,0.001,8.02
19/02/2026 23:14,15.5,0.001,8.02
19/02/2026 22:44,15.625,0.001,8.02
19/02/2026 22:14,15.5,0.001,8.02
19/02/2026 21:44,15.5,0.001,8.03
19/02/2026 21:14,15.5,0.001,8.03
19/02/2026 21:14,15.5,0.001,8.03
19/02/2026 20:44,15.5,0.001,8.03
19/02/2026 20:14,14.75,0.001,8.03
19/02/2026 19:44,15.5,0.001,8.03
19/02/2026 19:14,15.625,0.001,8.04
19/02/2026 18:44,15.625,0.001,8.04
19/02/2026 18:14,15.875,0.001,8.04
19/02/2026 17:44,15.875,0.001,8.04
19/02/2026 17:14,15.75,0.001,8.04
19/02/2026 16:44,15.75,0.001,8.04
19/02/2026 16:14,15.75,0.001,8.04
19/02/2026 15:44,15.875,0.001,8.03
19/02/2026 15:14,15.625,0.001,8.03
19/02/2026 14:44,15.625,0.001,8.03
19/02/2026 14:14,15.625,0.001,8.03
19/02/2026 13:44,15.75,0.001,8.02
19/02/2026 13:14,15.5,0.001,8.02
19/02/2026 12:44,15.375,0.001,8.02
19/02/2026 12:14,15.625,0.001,8.02
19/02/2026 11:44,15.625,0.001,8.01
19/02/2026 11:14,15.5,0.001,8.01
19/02/2026 10:44,15.375,0.001,8.01
19/02/2026 10:44,15.375,0.001,8.01
19/02/2026 10:14,15.25,0.001,8
19/02/2026 09:44,15.375,0.001,8
19/02/2026 09:14,15.25,0.001,8
19/02/2026 09:14,15.25,0.001,8
19/02/2026 08:44,15.25,0.001,8
19/02/2026 08:14,15.5,0.001,8
19/02/2026 07:44,15.5,0.001,8
19/02/2026 07:14,15.125,0.001,7.99
19/02/2026 06:44,15.5,0.001,7.99
19/02/2026 06:14,15.625,0.001,8
19/02/2026 05:44,15.5,0.001,7.99
19/02/2026 05:14,15.5,0.001,8
19/02/2026 04:44,15.5,0.001,8
19/02/2026 04:14,15.375,0.001,8
19/02/2026 03:44,15.375,0.001,8
19/02/2026 03:14,15.375,0.001,8
19/02/2026 02:44,15.375,0.001,8.01
19/02/2026 02:14,15.5,0.001,8.01
19/02/2026 01:44,15.375,0.001,8.01
19/02/2026 01:14,15.5,0.001,8.01
19/02/2026 00:44,15.25,0.001,8.01
19/02/2026 00:14,15.125,0.001,8.01
18/02/2026 23:44,15.375,0.001,8.02
18/02/2026 23:14,15.375,0.001,8.02
18/02/2026 22:44,15.25,0.001,8.02
18/02/2026 22:14,15.5,0.001,8.02
18/02/2026 21:44,15.5,0.001,8.02
18/02/2026 21:14,15.375,0.001,8.02
18/02/2026 20:44,15.5,0.001,8.02
18/02/2026 20:14,15.625,0.001,8.03
18/02/2026 19:44,15.375,0.001,8.03
18/02/2026 19:14,15.375,0.001,8.03
18/02/2026 18:44,15.375,0.001,8.03
18/02/2026 18:14,15.625,0.001,8.03
18/02/2026 17:44,16.625,0.001,8.03
18/02/2026 17:14,16.625,0.001,8.03
18/02/2026 16:44,15.75,0.001,8.03
18/02/2026 16:14,14.75,0.001,8.03
18/02/2026 15:44,15.75,0.001,8.02
18/02/2026 15:14,15.5,0.001,8.02
18/02/2026 14:44,15.625,0.001,8.02
18/02/2026 14:14,15.625,0.001,8.02
18/02/2026 13:44,15.625,0.001,8.01
18/02/2026 13:14,16.625,0.001,8.01
18/02/2026 12:44,15.625,0.001,8.01
18/02/2026 12:14,15.625,0.001,8
18/02/2026 11:44,15.5,0.001,8
18/02/2026 11:14,15.375,0.001,8
18/02/2026 10:44,15.625,0.001,8
18/02/2026 10:14,15.125,0.001,7.99
18/02/2026 09:44,15.5,0.001,7.99
18/02/2026 09:14,15.25,0.001,7.99
18/02/2026 09:14,15.25,0.001,7.99
18/02/2026 08:44,15.375,0.001,7.99
18/02/2026 08:14,15.375,0.001,7.99
18/02/2026 07:44,15.375,0.001,7.98
18/02/2026 07:14,15.625,0.001,7.98
18/02/2026 06:44,15.375,0.001,7.98
18/02/2026 06:14,15.625,0.001,7.99
18/02/2026 05:44,14.75,0.001,7.99
18/02/2026 05:14,15.375,0.001,7.99
18/02/2026 04:44,15.5,0.001,7.99
18/02/2026 04:14,15.5,0.001,7.99
18/02/2026 03:44,15.375,0.001,7.99
18/02/2026 03:14,15.375,0.001,8
18/02/2026 02:44,15.625,0.001,8
18/02/2026 02:14,15.5,0.001,8
18/02/2026 01:44,15.5,0.001,8
18/02/2026 01:14,15.625,0.001,8
18/02/2026 00:44,15.5,0.001,8
18/02/2026 00:44,15.5,0.001,8
18/02/2026 00:14,15.625,0.001,8
17/02/2026 23:44,15.625,0.001,8.01
17/02/2026 23:14,15.625,0.001,8.01
17/02/2026 22:44,16.625,0.001,8.01
17/02/2026 22:14,16.625,0.001,8.01
17/02/2026 21:44,16.625,0.001,8.01
17/02/2026 21:14,15.875,0.001,8.02
17/02/2026 21:14,15.875,0.001,8.02
17/02/2026 20:44,15.75,0.001,8.02
17/02/2026 20:14,15.875,0.001,8.02
17/02/2026 19:44,16,0.001,8.02
17/02/2026 19:14,16,0.001,8.02
17/02/2026 18:44,16.125,0.001,8.02
17/02/2026 18:14,16.125,0.001,8.02
17/02/2026 18:14,16.125,0.001,8.02
17/02/2026 17:44,16.25,0.001,8.03
17/02/2026 17:14,16.125,0.001,8.02
17/02/2026 16:44,16.125,0.001,8.02
17/02/2026 16:14,16.125,0.001,8.02
17/02/2026 15:44,16.125,0.001,8.02
17/02/2026 15:14,16,0.001,8.01
17/02/2026 14:44,15.875,0.001,8.01
17/02/2026 14:14,16,0.001,8.01
17/02/2026 13:44,15.75,0.001,8
17/02/2026 13:14,15.75,0.001,8
17/02/2026 12:44,15.5,0.001,8
17/02/2026 12:14,14.75,0.001,8
17/02/2026 11:44,15.625,0.001,7.99
17/02/2026 11:14,15.5,0.001,7.99
17/02/2026 10:44,15.5,0.001,7.99
17/02/2026 10:14,15.625,0.001,7.99
17/02/2026 09:44,15.375,0.001,7.99
17/02/2026 09:14,15.375,0.001,7.98
17/02/2026 08:44,15.5,0.001,7.98
17/02/2026 08:14,15.375,0.001,7.98
17/02/2026 07:44,15.5,0.001,7.98
17/02/2026 07:14,15.5,0.001,7.98
17/02/2026 06:44,15.5,0.001,7.98
17/02/2026 06:14,15.5,0.001,7.98
17/02/2026 05:44,15.625,0.001,7.98
17/02/2026 05:14,15.625,0.001,7.98
17/02/2026 04:44,14.75,0.001,7.98
17/02/2026 04:14,15.5,0.001,7.99
17/02/2026 03:44,14.75,0.001,7.98
17/02/2026 03:14,15.625,0.001,7.99
17/02/2026 02:44,15.5,0.001,7.99
17/02/2026 02:14,15.5,0.001,7.99
17/02/2026 01:44,15.625,0.001,7.99
17/02/2026 01:14,15.5,0.001,7.99
17/02/2026 00:44,15.625,0.001,7.99
17/02/2026 00:14,15.5,0.001,7.99
16/02/2026 23:44,15.5,0.001,8
16/02/2026 23:14,15.5,0.001,8
16/02/2026 22:44,15.625,0.001,8
16/02/2026 22:14,15.375,0.001,8
16/02/2026 21:44,15.5,0.001,8.01
16/02/2026 21:14,16.5,0.001,8.01
16/02/2026 20:44,15.5,0.001,8.01
16/02/2026 20:14,15.75,0.001,8.01
16/02/2026 19:44,15.75,0.001,8.01
16/02/2026 19:14,15.75,0.001,8.02
16/02/2026 18:44,15.875,0.001,8.02
16/02/2026 18:14,15.875,0.001,8.02
16/02/2026 17:44,15.875,0.001,8.02
16/02/2026 17:14,15.875,0.001,8.02
16/02/2026 16:44,15.875,0.001,8.02
16/02/2026 16:14,15.875,0.001,8.02
16/02/2026 15:44,15.875,0.001,8.02
16/02/2026 15:14,16.625,0.001,8.01
16/02/2026 14:44,15.75,0.001,8.01
16/02/2026 14:14,15.5,0.001,8.01
16/02/2026 13:44,15.625,0.001,8.01
16/02/2026 13:14,15.75,0.001,8
16/02/2026 12:44,15.5,0.001,8
16/02/2026 12:14,15.625,0.001,8
16/02/2026 11:44,15.25,0.001,8
16/02/2026 11:14,15.375,0.001,7.99
16/02/2026 10:44,15.5,0.001,7.99
16/02/2026 10:14,15.375,0.001,7.99
16/02/2026 09:44,15.375,0.001,7.99
16/02/2026 09:14,15.375,0.001,7.99
16/02/2026 08:44,15.625,0.001,7.99
16/02/2026 08:14,15.375,0.001,7.98
16/02/2026 07:44,15.375,0.001,7.98
16/02/2026 07:14,15.5,0.001,7.98
16/02/2026 06:44,15.625,0.001,7.98
16/02/2026 06:14,14.75,0.001,7.98
16/02/2026 05:44,15.5,0.001,7.98
16/02/2026 05:14,15.375,0.001,7.98
16/02/2026 04:44,15.625,0.001,7.98
16/02/2026 04:14,15.625,0.001,7.98
16/02/2026 03:44,15.5,0.001,7.99
16/02/2026 03:14,15.375,0.001,7.99
16/02/2026 02:44,15.5,0.001,7.99
16/02/2026 02:14,15.5,0.001,7.99
16/02/2026 01:44,15.375,0.001,7.99
16/02/2026 01:14,15.375,0.001,7.99
16/02/2026 00:44,15.5,0.001,7.99
16/02/2026 00:14,15.5,0.001,7.99
15/02/2026 23:44,15.5,0.001,8
15/02/2026 23:14,15.375,0.001,8
15/02/2026 22:44,15.375,0.001,8
15/02/2026 22:14,15.375,0.001,8
15/02/2026 21:44,15.25,0.001,8
15/02/2026 21:14,15.375,0.001,8
15/02/2026 20:44,15.25,0.001,8.01
15/02/2026 20:14,15,0.001,8.01
15/02/2026 19:44,15.125,0.001,8.01
15/02/2026 19:14,15.25,0.001,8.01
15/02/2026 18:44,15.375,0.001,8.01
15/02/2026 18:14,15.375,0.001,8.01
15/02/2026 17:44,15.25,0.001,8.01
15/02/2026 17:14,15.5,0.001,8.01
15/02/2026 16:44,15.375,0.001,8.01
15/02/2026 16:14,15.375,0.001,8.01
15/02/2026 15:44,15.625,0.001,8.01
15/02/2026 15:14,15.375,0.001,8.01
15/02/2026 14:44,15.375,0.001,8.01
15/02/2026 14:44,15.375,0.001,8.01
15/02/2026 14:14,15.25,0.001,8.01
15/02/2026 13:44,15.375,0.001,8
15/02/2026 13:14,15.375,0.001,8
15/02/2026 12:44,15.25,0.001,8
15/02/2026 12:14,15,0.001,7.99
15/02/2026 11:44,15,0.001,7.99
15/02/2026 11:14,15.125,0.001,7.99
15/02/2026 10:44,15.25,0.001,7.99
15/02/2026 10:14,15,0.001,7.98
15/02/2026 09:44,15,0.001,7.98
15/02/2026 09:14,15.125,0.001,7.98
15/02/2026 08:44,15.125,0.001,7.98
15/02/2026 08:14,15.125,0.001,7.98
15/02/2026 07:44,15.375,0.001,7.97
15/02/2026 07:14,15.25,0.001,7.97
15/02/2026 06:44,15.25,0.001,7.97
15/02/2026 06:14,15.25,0.001,7.97
15/02/2026 05:44,15.375,0.001,7.97
15/02/2026 05:14,15.125,0.001,7.98
15/02/2026 04:44,15.375,0.001,7.98
15/02/2026 04:14,15.375,0.001,7.98
15/02/2026 03:44,15.375,0.001,7.98
15/02/2026 03:14,15.25,0.001,7.98
15/02/2026 02:44,15.25,0.001,7.98
15/02/2026 02:14,15.25,0.001,7.99
15/02/2026 01:44,15.375,0.001,7.99
15/02/2026 01:14,15.125,0.001,7.99
15/02/2026 00:44,15.25,0.001,7.99
15/02/2026 00:14,15.25,0.001,7.99
14/02/2026 23:44,15.125,0.001,7.99
14/02/2026 23:14,15,0.001,8
14/02/2026 22:44,15,0.001,8
14/02/2026 22:14,15.25,0.001,8
14/02/2026 21:44,15.125,0.001,8
14/02/2026 21:14,15,0.001,8
14/02/2026 21:14,15,0.001,8
14/02/2026 20:44,15.125,0.001,8
14/02/2026 20:14,15.125,0.001,8.01
14/02/2026 19:44,15.125,0.001,8.01
14/02/2026 19:14,15.125,0.001,8.01
14/02/2026 18:44,15.125,0.001,8.01
14/02/2026 18:14,15,0.001,8.01
14/02/2026 17:44,15.125,0.001,8.01
14/02/2026 17:14,15.25,0.001,8.01
14/02/2026 16:44,15.25,0.001,8.01
14/02/2026 16:14,15.25,0.001,8
14/02/2026 15:44,15.25,0.001,8
14/02/2026 15:14,15,0.001,8
14/02/2026 14:44,15.125,0.001,8
14/02/2026 14:14,15.125,0.001,8
14/02/2026 13:44,15.125,0.001,7.99
14/02/2026 13:14,15.25,0.001,7.99
14/02/2026 12:44,15.125,0.001,7.99
14/02/2026 12:14,15,0.001,7.99
14/02/2026 11:44,15,0.001,7.98
14/02/2026 11:14,15,0.001,7.98
14/02/2026 10:44,15.125,0.001,7.98
14/02/2026 10:40,15.125,0.001,7.98
14/02/2026 09:44,15.375,0.001,7.98
14/02/2026 09:14,15.25,0.001,7.98
14/02/2026 08:44,15.375,0.001,7.97
14/02/2026 08:14,15.25,0.001,7.97
14/02/2026 08:14,15.25,0.001,7.97
14/02/2026 07:44,15.375,0.001,7.97
14/02/2026 07:14,15.375,0.001,7.97
14/02/2026 06:44,15.25,0.001,7.98
14/02/2026 06:14,15.25,0.001,7.98
14/02/2026 05:44,15.375,0.001,7.98
14/02/2026 05:14,15.25,0.001,7.98
14/02/2026 04:44,15.375,0.001,7.98
14/02/2026 04:14,15.5,0.001,7.98
14/02/2026 03:44,15.375,0.001,7.98
14/02/2026 03:14,15.375,0.001,7.99
14/02/2026 02:44,15.375,0.001,7.99
14/02/2026 02:14,15.25,0.001,7.99
14/02/2026 01:44,15.375,0.001,7.99
14/02/2026 01:14,15.25,0.001,7.99
14/02/2026 00:44,15.5,0.001,8
14/02/2026 00:14,15.25,0.001,8
13/02/2026 23:44,15.25,0.001,8
13/02/2026 23:14,15.375,0.001,8
13/02/2026 22:44,15.125,0.001,8
13/02/2026 22:14,15.125,0.001,8.01
13/02/2026 21:44,15.25,0.001,8
13/02/2026 21:14,15,0.001,8.01
13/02/2026 20:44,15.125,0.001,8.01
13/02/2026 20:14,15,0.001,8.01
13/02/2026 19:44,15.125,0.001,8.01
13/02/2026 19:14,15.25,0.001,8.01
13/02/2026 18:44,15.125,0.001,8.02
13/02/2026 18:14,15.375,0.001,8.02
13/02/2026 17:44,15.25,0.001,8.02
13/02/2026 17:44,15.25,0.001,8.02
13/02/2026 17:14,15.25,0.001,8.02
13/02/2026 16:44,15.5,0.001,8.02
13/02/2026 16:44,15.5,0.001,8.02
13/02/2026 16:14,15.375,0.001,8.02
13/02/2026 15:44,15.375,0.001,8.01
13/02/2026 15:14,15.5,0.001,8.01
13/02/2026 14:44,15.5,0.001,8.01
13/02/2026 14:14,15.5,0.001,8.01
13/02/2026 13:44,15.5,0.001,8.01
13/02/2026 13:14,15.5,0.001,8.01
13/02/2026 12:44,15.375,0.001,8
13/02/2026 12:14,15.5,0.001,8
13/02/2026 11:44,15.25,0.001,8
13/02/2026 11:14,15.375,0.001,8
13/02/2026 10:44,15.375,0.001,8
13/02/2026 10:14,15.375,0.001,7.99
13/02/2026 09:44,15.125,0.001,7.99
13/02/2026 09:14,15.25,0.001,7.99
13/02/2026 08:44,15,0.001,7.99
13/02/2026 08:14,15.25,0.001,7.99
13/02/2026 07:44,15.375,0.001,7.99
13/02/2026 07:14,15.125,0.001,7.98
13/02/2026 06:44,15.25,0.001,7.98
13/02/2026 06:14,15.125,0.001,7.98
13/02/2026 05:44,15.125,0.001,7.98
13/02/2026 05:14,14.875,0.001,7.99
13/02/2026 04:44,15.125,0.001,7.99
13/02/2026 04:14,15.125,0.001,7.99
13/02/2026 04:14,15.125,0.001,7.99
13/02/2026 03:44,14.875,0.001,7.99
13/02/2026 03:14,15,0.001,7.99
13/02/2026 02:44,15,0.001,7.99
13/02/2026 02:14,15.125,0.001,7.99
13/02/2026 01:44,15.25,0.001,7.99
13/02/2026 01:14,15.125,0.001,8
13/02/2026 00:44,15.125,0.001,8
13/02/2026 00:44,15.125,0.001,8
13/02/2026 00:14,15.25,0.001,8
12/02/2026 23:44,15,0.001,8
12/02/2026 23:14,14.875,0.001,8
12/02/2026 22:44,15,0.001,8
12/02/2026 22:14,15.125,0.001,8
12/02/2026 21:44,15.375,0.001,8
12/02/2026 21:14,15.25,0.001,8.01
12/02/2026 20:44,15.375,0.001,8.01
12/02/2026 20:14,15.375,0.001,8.01
12/02/2026 19:44,15.375,0.001,8.01
12/02/2026 19:14,15.375,0.001,8.02
12/02/2026 18:44,15.375,0.001,8.02
12/02/2026 18:14,15.5,0.001,8.02
12/02/2026 17:44,15.625,0.001,8.02
12/02/2026 17:14,15.625,0.001,8.02
12/02/2026 16:44,15.75,0.001,8.02
12/02/2026 16:14,15.75,0.001,8.02
12/02/2026 15:44,15.75,0.001,8.02
12/02/2026 15:14,16.625,0.001,8.01
12/02/2026 14:44,15.5,0.001,8.01
12/02/2026 14:14,15.5,0.001,8.01
12/02/2026 13:44,15.625,0.001,8.01
12/02/2026 13:14,15.625,0.001,8.01
12/02/2026 12:44,15.5,0.001,8.01
12/02/2026 12:14,15.25,0.001,8.01
12/02/2026 11:44,15.25,0.001,8.02
12/02/2026 11:14,15.25,0.001,8.02
12/02/2026 10:44,15,0.001,8.02
12/02/2026 10:14,15,0.001,8
12/02/2026 09:44,15.375,0.001,8.01
12/02/2026 09:14,15.25,0.001,8.01
12/02/2026 08:44,15.125,0.001,8.01
12/02/2026 08:14,15.125,0.001,8
12/02/2026 07:44,15.125,0.001,8
12/02/2026 07:14,15.25,0.001,8
12/02/2026 06:44,15,0.001,8
12/02/2026 06:14,15.125,0.001,8
12/02/2026 05:44,15.125,0.001,8.01
12/02/2026 05:14,15,0.001,8.01
12/02/2026 04:44,15.125,0.001,8.01
12/02/2026 04:14,15.125,0.001,8.01
12/02/2026 03:44,15,0.001,8.01
12/02/2026 03:14,15.125,0.001,8.01
12/02/2026 02:44,15,0.001,8.01
12/02/2026 02:14,14.875,0.001,8.02
12/02/2026 01:44,15.125,0.001,8.02
12/02/2026 01:14,15,0.001,8.02
12/02/2026 00:44,14.875,0.001,8.02
12/02/2026 00:44,14.875,0.001,8.02
12/02/2026 00:14,15.125,0.001,8.02
11/02/2026 23:44,15.25,0.001,8.02
11/02/2026 23:14,15.25,0.001,8.03
11/02/2026 22:44,15,0.001,8.03
11/02/2026 22:14,15.125,0.001,8.03
11/02/2026 22:14,15.125,0.001,8.03
11/02/2026 21:44,15.25,0.001,8.03
11/02/2026 21:14,15.5,0.001,8.03
11/02/2026 20:44,15.25,0.001,8.04
11/02/2026 20:14,15.375,0.001,8.04
11/02/2026 19:44,15.625,0.001,8.04
11/02/2026 19:14,15.375,0.001,8.04
11/02/2026 18:44,15.375,0.001,8.04
11/02/2026 18:14,15.625,0.001,8.04
11/02/2026 17:44,15.625,0.001,8.05
11/02/2026 17:14,15.625,0.001,8.05
11/02/2026 16:44,14.75,0.001,8.04
11/02/2026 16:14,15.75,0.001,8.04
11/02/2026 15:44,15.75,0.001,8.04
11/02/2026 15:14,15.625,0.001,8.04
11/02/2026 14:44,15.625,0.001,8.04
11/02/2026 14:14,15.75,0.001,8.04
11/02/2026 13:44,15.75,0.001,8.03
11/02/2026 13:14,15.5,0.001,8.03
11/02/2026 12:44,15.375,0.001,8.03
11/02/2026 12:14,15.375,0.001,8.03
11/02/2026 11:44,15.375,0.001,8.02
11/02/2026 11:14,15.125,0.001,8.02
11/02/2026 10:44,15.25,0.001,8.02
11/02/2026 10:14,15.25,0.001,8.02
11/02/2026 09:44,15.25,0.001,8.02
11/02/2026 09:14,15.25,0.001,8.01
11/02/2026 08:44,15.25,0.001,8.01
11/02/2026 08:14,15,0.001,8.01
11/02/2026 07:44,15.25,0.001,8.01
11/02/2026 07:14,15.25,0.001,8.01
11/02/2026 06:44,15.125,0.001,8.01
11/02/2026 06:14,14.875,0.001,8.01
11/02/2026 05:44,15.25,0.001,8.01
11/02/2026 05:14,15,0.001,8.01
11/02/2026 04:44,15.125,0.001,8.01
11/02/2026 04:14,15,0.001,8.01
11/02/2026 03:44,15,0.001,8.01
11/02/2026 03:14,15.125,0.001,8.01
11/02/2026 02:44,15.25,0.001,8.01
11/02/2026 02:14,15,0.001,8.02
11/02/2026 01:44,15.125,0.001,8.02
11/02/2026 01:14,15.125,0.001,8.02
11/02/2026 00:44,15.125,0.001,8.02
11/02/2026 00:14,15.125,0.001,8.02
10/02/2026 23:44,15.125,0.001,8.03
10/02/2026 23:14,15,0.001,8.03
10/02/2026 22:44,15.25,0.001,8.03
10/02/2026 22:44,15.25,0.001,8.03
10/02/2026 22:14,15,0.001,8.03
10/02/2026 21:44,15.25,0.001,8.03
10/02/2026 21:14,15.25,0.001,8.03
10/02/2026 20:44,15.375,0.001,8.04
10/02/2026 20:14,15,0.001,8.04
10/02/2026 19:44,15.375,0.001,8.04
10/02/2026 19:14,15.25,0.001,8.04
10/02/2026 18:44,15.375,0.001,8.04
10/02/2026 18:14,15.5,0.001,8.05
10/02/2026 17:44,15.5,0.001,8.05
10/02/2026 17:14,15.625,0.001,8.05
10/02/2026 16:44,15.625,0.001,8.05
10/02/2026 16:14,16.5,0.001,8.04
10/02/2026 15:44,16.625,0.001,8.04
10/02/2026 15:14,15.5,0.001,8.04
10/02/2026 14:44,15.625,0.001,8.04
10/02/2026 14:14,15.625,0.001,8.04
10/02/2026 13:44,15.5,0.001,8.03
10/02/2026 13:14,15.625,0.001,8.03
10/02/2026 13:14,15.625,0.001,8.03
10/02/2026 12:44,15.5,0.001,8.03
10/02/2026 12:14,15.375,0.001,8.03
10/02/2026 11:44,15.125,0.001,8.03
10/02/2026 11:14,15.375,0.001,8.02
10/02/2026 10:44,15.375,0.001,8.02
10/02/2026 10:14,15.25,0.001,8.02
10/02/2026 09:44,15.375,0.001,8.02
10/02/2026 09:14,15,0.001,8.02
10/02/2026 08:44,15.125,0.001,8.01
10/02/2026 08:14,15.25,0.001,8.01
10/02/2026 07:44,15.125,0.001,8.01
10/02/2026 07:14,15,0.001,8.01
10/02/2026 06:44,15.25,0.001,8.01
10/02/2026 06:14,15.125,0.001,8.01
10/02/2026 05:44,15.125,0.001,8.01
10/02/2026 05:14,15,0.001,8.02
10/02/2026 04:44,15,0.001,8.02
10/02/2026 04:14,15.125,0.001,8.02
10/02/2026 03:44,15.25,0.001,8.02
10/02/2026 03:14,15.125,0.001,8.02
10/02/2026 02:44,15.125,0.001,8.02
10/02/2026 02:14,15.375,0.001,8.02
10/02/2026 01:44,15.375,0.001,8.03
10/02/2026 01:14,15.5,0.001,8.03
10/02/2026 00:44,15.375,0.001,8.03
10/02/2026 00:44,15.375,0.001,8.03
10/02/2026 00:14,15.375,0.001,8.03
09/02/2026 23:44,15.375,0.001,8.03
09/02/2026 23:14,15.625,0.001,8.03
09/02/2026 22:44,15.5,0.001,8.04
09/02/2026 22:14,15.625,0.001,8.04
09/02/2026 21:44,15.625,0.001,8.04
09/02/2026 21:14,14.75,0.001,8.04
09/02/2026 20:44,14.875,0.001,8.04
09/02/2026 20:14,15.75,0.001,8.05
09/02/2026 19:44,15.75,0.001,8.05
09/02/2026 19:14,15.75,0.001,8.05
09/02/2026 18:44,16,0.001,8.05
09/02/2026 18:14,16,0.001,8.06
09/02/2026 17:44,16.125,0.001,8.06
09/02/2026 17:14,16.125,0.001,8.06
09/02/2026 16:44,15.875,0.001,8.07
09/02/2026 16:14,16.5,0.001,8.07
09/02/2026 15:44,16.375,0.001,8.08
09/02/2026 15:14,16.625,0.001,8.09
09/02/2026 14:44,16.5,0.001,8.08
09/02/2026 14:14,16.375,0.001,8.08
09/02/2026 13:44,16.25,0.001,8.08
09/02/2026 13:14,16.375,0.001,8.08
09/02/2026 12:44,16.125,0.001,8.08
09/02/2026 12:14,16.125,0.001,8.07
09/02/2026 11:44,16.125,0.001,8.07
09/02/2026 11:14,16.125,0.001,8.06
09/02/2026 11:14,16.125,0.001,8.06
09/02/2026 10:44,16.125,0.001,8.07
09/02/2026 10:14,16,0.001,8.06
09/02/2026 09:44,16.125,0.001,8.06
09/02/2026 09:14,16,0.001,8.06
09/02/2026 08:44,15.875,0.001,8.06
09/02/2026 08:14,15.75,0.001,8.06
09/02/2026 07:44,16,0.001,8.05
09/02/2026 07:14,15.75,0.001,8.06
09/02/2026 06:44,16,0.001,8.06
09/02/2026 06:14,16.125,0.001,8.06
09/02/2026 05:44,15.75,0.001,8.06
09/02/2026 05:14,15.875,0.001,8.06
09/02/2026 04:44,16.125,0.001,8.06
09/02/2026 04:14,16.25,0.001,8.06
09/02/2026 03:44,16,0.001,8.06
09/02/2026 03:14,16.25,0.001,8.07
09/02/2026 02:44,16.125,0.001,8.07
09/02/2026 02:14,16.125,0.001,8.07
09/02/2026 01:44,16.125,0.001,8.07
09/02/2026 01:14,16,0.001,8.07
09/02/2026 00:44,16,0.001,8.07
09/02/2026 00:14,16.125,0.001,8.08
08/02/2026 23:44,16.125,0.001,8.07
08/02/2026 23:14,16.125,0.001,8.08
08/02/2026 22:44,16,0.001,8.08
08/02/2026 22:14,16.125,0.001,8.08
08/02/2026 21:44,16.125,0.001,8.08
08/02/2026 21:14,16.125,0.001,8.08
08/02/2026 20:44,15.875,0.001,8.08
08/02/2026 20:44,15.875,0.001,8.08
08/02/2026 20:14,16,0.001,8.08
08/02/2026 19:44,16,0.001,8.09
08/02/2026 19:14,15.875,0.001,8.09
08/02/2026 18:44,15.75,0.001,8.09
08/02/2026 18:14,15.625,0.001,8.09
08/02/2026 17:44,15.75,0.001,8.09
08/02/2026 17:14,15.875,0.001,8.1
08/02/2026 16:44,15.875,0.001,8.09
08/02/2026 16:14,15.75,0.001,8.09
08/02/2026 15:44,15.875,0.001,8.09
08/02/2026 15:14,15.75,0.001,8.09
08/02/2026 14:44,16,0.001,8.09
08/02/2026 14:44,16,0.001,8.09
08/02/2026 14:14,15.875,0.001,8.09
08/02/2026 13:44,15.75,0.001,8.09
08/02/2026 13:14,16,0.001,8.08
08/02/2026 12:44,15.75,0.001,8.08
08/02/2026 12:14,15.875,0.001,8.08
08/02/2026 11:44,15.75,0.001,8.08
08/02/2026 11:14,15.875,0.001,8.08
08/02/2026 10:44,15.75,0.001,8.07
08/02/2026 10:14,15.625,0.001,8.08
08/02/2026 09:44,15.75,0.001,8.07
08/02/2026 09:14,15.75,0.001,8.07
08/02/2026 08:44,15.75,0.001,8.07
08/02/2026 08:14,15.875,0.001,8.07
08/02/2026 07:44,14.75,0.001,8.07
08/02/2026 07:14,15.75,0.001,8.07
08/02/2026 06:44,16.125,0.001,8.07
08/02/2026 06:14,16.125,0.001,8.07
08/02/2026 05:44,16,0.001,8.07
08/02/2026 05:14,16,0.001,8.07
08/02/2026 04:44,15.875,0.001,8.07
08/02/2026 04:14,16,0.001,8.08
08/02/2026 03:44,15.875,0.001,8.08
08/02/2026 03:14,16.125,0.001,8.08
08/02/2026 02:44,16,0.001,8.08
08/02/2026 02:14,15.875,0.001,8.08
08/02/2026 01:44,15.875,0.001,8.08
08/02/2026 01:14,15.875,0.001,8.08
08/02/2026 00:44,15.75,0.001,8.08
08/02/2026 00:14,15.875,0.001,8.08
07/02/2026 23:44,16,0.001,8.09
07/02/2026 23:14,15.875,0.001,8.09
07/02/2026 22:44,15.75,0.001,8.09
07/02/2026 22:14,15.875,0.001,8.09
07/02/2026 21:44,15.75,0.001,8.09
07/02/2026 21:14,15.875,0.001,8.09
07/02/2026 20:44,15.75,0.001,8.09
07/02/2026 20:14,15.75,0.001,8.09
07/02/2026 19:44,15.75,0.001,8.1
07/02/2026 19:14,15.75,0.001,8.1
07/02/2026 18:44,15.625,0.001,8.1
07/02/2026 18:14,15.5,0.001,8.1
07/02/2026 18:14,15.5,0.001,8.1
07/02/2026 17:44,15.875,0.001,8.1
07/02/2026 17:44,15.875,0.001,8.1
07/02/2026 17:14,15.625,0.001,8.1
07/02/2026 16:44,15.75,0.001,8.1
07/02/2026 16:14,15.625,0.001,8.1
07/02/2026 15:44,15.75,0.001,8.1
07/02/2026 15:14,15.75,0.001,8.1
07/02/2026 14:44,15.875,0.001,8.09
07/02/2026 14:14,15.75,0.001,8.09
07/02/2026 13:44,16.625,0.001,8.09
07/02/2026 13:14,15.625,0.001,8.09
07/02/2026 12:44,15.625,0.001,8.09
07/02/2026 12:14,16.625,0.001,8.08
07/02/2026 11:44,16.625,0.001,8.08
07/02/2026 11:14,15.625,0.001,8.08
07/02/2026 10:44,14.75,0.001,8.08
07/02/2026 10:14,14.75,0.001,8.08
07/02/2026 09:44,15.625,0.001,8.08
07/02/2026 09:14,14.75,0.001,8.08
07/02/2026 09:14,14.75,0.001,8.08
07/02/2026 08:44,15.625,0.001,8.07
07/02/2026 08:14,15.75,0.001,8.07
07/02/2026 07:44,16.625,0.001,8.07
07/02/2026 07:14,15.875,0.001,8.07
07/02/2026 06:44,16,0.001,8.07
07/02/2026 06:14,16,0.001,8.07
07/02/2026 05:44,16,0.001,8.07
07/02/2026 05:14,16,0.001,8.07
07/02/2026 04:44,15.75,0.001,8.07
07/02/2026 04:14,15.875,0.001,8.08
07/02/2026 03:44,15.75,0.001,8.08
07/02/2026 03:14,15.875,0.001,8.08
07/02/2026 02:44,16,0.001,8.08
07/02/2026 02:14,16,0.001,8.08
07/02/2026 01:44,15.875,0.001,8.08
07/02/2026 01:14,15.875,0.001,8.08
07/02/2026 01:14,15.875,0.001,8.08
07/02/2026 00:44,16,0.001,8.09
07/02/2026 00:14,16,0.001,8.09
06/02/2026 23:44,15.75,0.001,8.09
06/02/2026 23:14,15.875,0.001,8.09
06/02/2026 22:44,15.875,0.001,8.09
06/02/2026 22:44,15.875,0.001,8.09
06/02/2026 22:14,16,0.001,8.09
06/02/2026 22:14,16,0.001,8.09
06/02/2026 21:44,15.875,0.001,8.09
06/02/2026 21:14,15.875,0.001,8.1
06/02/2026 20:44,15.875,0.001,8.1
06/02/2026 20:14,15.875,0.001,8.1
06/02/2026 19:44,15.75,0.001,8.1
06/02/2026 19:14,15.75,0.001,8.1
06/02/2026 18:44,15.875,0.001,8.1
06/02/2026 18:14,16.625,0.001,8.1
06/02/2026 17:44,15.75,0.001,8.1
06/02/2026 17:14,15.875,0.001,8.1
06/02/2026 16:44,16,0.001,8.1
06/02/2026 16:40,16,0.001,8.1
06/02/2026 15:44,15.875,0.001,8.1
06/02/2026 15:14,15.875,0.001,8.1
06/02/2026 14:44,15.75,0.001,8.1
06/02/2026 14:14,15.75,0.001,8.1
06/02/2026 13:44,15.75,0.001,8.09
06/02/2026 13:14,16,0.001,8.09
06/02/2026 12:44,16,0.001,8.09
06/02/2026 12:14,16,0.001,8.09
06/02/2026 11:44,16,0.001,8.09
06/02/2026 11:14,15.75,0.001,8.08
06/02/2026 10:44,15.75,0.001,8.08
06/02/2026 10:14,15.75,0.001,8.08
06/02/2026 09:44,14.75,0.001,8.08
06/02/2026 09:44,14.75,0.001,8.08
06/02/2026 09:14,15.625,0.001,8.08
06/02/2026 09:14,15.625,0.001,8.08
06/02/2026 08:44,14.75,0.001,8.08
06/02/2026 08:14,14.875,0.001,8.07
06/02/2026 07:44,15.75,0.001,8.07
06/02/2026 07:14,15.875,0.001,8.07
06/02/2026 06:44,15.875,0.001,8.07
06/02/2026 06:14,16,0.001,8.07
06/02/2026 05:44,15.875,0.001,8.07
06/02/2026 05:14,15.75,0.001,8.08
06/02/2026 04:44,15.875,0.001,8.08
06/02/2026 04:14,15.875,0.001,8.08
06/02/2026 03:44,15.875,0.001,8.08
06/02/2026 03:14,14.75,0.001,8.08
06/02/2026 02:44,16.625,0.001,8.08
06/02/2026 02:14,16,0.001,8.08
06/02/2026 01:44,15.875,0.001,8.08
06/02/2026 01:14,15.75,0.001,8.09
06/02/2026 00:44,15.75,0.001,8.09
06/02/2026 00:14,14.75,0.001,8.09
05/02/2026 23:44,15.625,0.001,8.09
05/02/2026 23:44,15.625,0.001,8.09
05/02/2026 23:14,14.75,0.001,8.09
05/02/2026 22:44,15.875,0.001,8.09
05/02/2026 22:44,15.875,0.001,8.09
05/02/2026 22:14,15.875,0.001,8.09
05/02/2026 21:44,16.625,0.001,8.09
05/02/2026 21:14,15.625,0.001,8.1
05/02/2026 20:44,15.625,0.001,8.1
05/02/2026 20:14,15.625,0.001,8.1
05/02/2026 20:14,15.625,0.001,8.1
05/02/2026 19:44,15.875,0.001,8.1
05/02/2026 19:14,16.625,0.001,8.1
05/02/2026 18:44,15.5,0.001,8.1
05/02/2026 18:14,16.625,0.001,8.11
05/02/2026 17:44,15.75,0.001,8.11
05/02/2026 17:14,15.75,0.001,8.11
05/02/2026 16:44,14.875,0.001,8.1
05/02/2026 16:14,15.875,0.001,8.1
05/02/2026 15:44,15.875,0.001,8.1
05/02/2026 15:14,15.875,0.001,8.1
05/02/2026 14:44,15.875,0.001,8.1
05/02/2026 14:14,15.875,0.001,8.1
05/02/2026 13:44,15.875,0.001,8.1
05/02/2026 13:44,15.875,0.001,8.1
05/02/2026 13:14,15.75,0.001,8.09
05/02/2026 12:44,15.75,0.001,8.09
05/02/2026 12:14,15.875,0.001,8.09
05/02/2026 11:44,15.75,0.001,8.09
05/02/2026 11:14,15.625,0.001,8.08
05/02/2026 10:44,15.625,0.001,8.08
05/02/2026 10:14,15.625,0.001,8.08
05/02/2026 09:44,14.75,0.001,8.08
05/02/2026 09:14,15.5,0.001,8.08
05/02/2026 08:44,15.375,0.001,8.07
05/02/2026 08:14,15.5,0.001,8.07
05/02/2026 07:44,15.375,0.001,8.07
05/02/2026 07:14,15.375,0.001,8.07
05/02/2026 06:44,14.75,0.001,8.07
05/02/2026 06:14,15.375,0.001,8.07
05/02/2026 05:44,15.25,0.001,8.07
05/02/2026 05:14,15.625,0.001,8.07
05/02/2026 04:44,15.625,0.001,8.07
05/02/2026 04:14,15.125,0.001,8.08
05/02/2026 03:44,15.625,0.001,8.08
05/02/2026 03:14,15.625,0.001,8.08
05/02/2026 02:44,15.5,0.001,8.08
05/02/2026 02:14,15.375,0.001,8.08
05/02/2026 01:44,15.25,0.001,8.08
05/02/2026 01:14,15.625,0.001,8.08
05/02/2026 00:44,15.5,0.001,8.08
05/02/2026 00:14,15.375,0.001,8.09
04/02/2026 23:44,15.5,0.001,8.09
04/02/2026 23:44,15.5,0.001,8.09
04/02/2026 23:14,15.625,0.001,8.09
04/02/2026 22:44,16.625,0.001,8.09
04/02/2026 22:14,14.75,0.001,8.09
04/02/2026 21:44,15.5,0.001,8.1
04/02/2026 21:14,15.75,0.001,8.1
04/02/2026 20:44,15.625,0.001,8.1
04/02/2026 20:14,14.75,0.001,8.1
04/02/2026 19:44,15.75,0.001,8.1
04/02/2026 19:14,15.75,0.001,8.1
04/02/2026 18:44,15.875,0.001,8.1
04/02/2026 18:14,15.875,0.001,8.1
04/02/2026 17:44,15.875,0.001,8.11
04/02/2026 17:14,16,0.001,8.11
04/02/2026 16:44,16,0.001,8.1
04/02/2026 16:14,16,0.001,8.1
04/02/2026 15:44,15.875,0.001,8.1
04/02/2026 15:14,15.875,0.001,8.1
04/02/2026 14:44,15.875,0.001,8.1
04/02/2026 14:14,16,0.001,8.1
04/02/2026 13:44,15.75,0.001,8.1
04/02/2026 13:14,15.75,0.001,8.09
04/02/2026 12:44,15.75,0.001,8.09
04/02/2026 12:14,14.75,0.001,8.09
04/02/2026 11:44,15.5,0.001,8.09
04/02/2026 11:14,15.625,0.001,8.08
04/02/2026 10:44,16.625,0.001,8.08
04/02/2026 10:14,15.5,0.001,8.08
04/02/2026 09:44,15.625,0.001,8.08
04/02/2026 09:14,15.625,0.001,8.08
04/02/2026 08:44,15.5,0.001,8.07
04/02/2026 08:14,15.375,0.001,8.07
04/02/2026 07:44,15.25,0.001,8.07
04/02/2026 07:14,15.25,0.001,8.07
04/02/2026 06:44,15.375,0.001,8.07
04/02/2026 06:14,15.25,0.001,8.07
04/02/2026 05:44,15.125,0.001,8.07
04/02/2026 05:14,15.375,0.001,8.07
04/02/2026 04:44,15.5,0.001,8.07
04/02/2026 04:14,15.625,0.001,8.07
04/02/2026 03:44,15.125,0.001,8.07
04/02/2026 03:14,15.25,0.001,8.08
04/02/2026 02:44,15.5,0.001,8.08
04/02/2026 02:14,15.625,0.001,8.08
04/02/2026 01:44,15.375,0.001,8.08
04/02/2026 01:14,15.375,0.001,8.08
04/02/2026 00:44,15.5,0.001,8.08
04/02/2026 00:14,15.375,0.001,8.08
03/02/2026 23:44,15.25,0.001,8.08
03/02/2026 23:14,15.375,0.001,8.08
03/02/2026 22:44,15.375,0.001,8.08
03/02/2026 22:14,15.125,0.001,8.09
03/02/2026 21:44,15.25,0.001,8.09
03/02/2026 21:14,15.125,0.001,8.09
03/02/2026 20:44,15.125,0.001,8.09
03/02/2026 20:14,14.875,0.001,8.09
03/02/2026 19:44,15.25,0.001,8.09
03/02/2026 19:14,15,0.001,8.09
03/02/2026 18:44,15.125,0.001,8.09
03/02/2026 18:14,15,0.001,8.09
03/02/2026 17:44,14.75,0.001,8.1
03/02/2026 17:14,14.875,0.001,8.09
03/02/2026 16:44,15,0.001,8.09
03/02/2026 16:14,14.875,0.001,8.09
03/02/2026 15:44,14.875,0.001,8.09
03/02/2026 15:14,15,0.001,8.09
03/02/2026 14:44,15,0.001,8.09
03/02/2026 14:14,15.125,0.001,8.09
03/02/2026 13:44,15.125,0.001,8.09
03/02/2026 13:14,15.125,0.001,8.08
03/02/2026 12:44,15.125,0.001,8.08
03/02/2026 12:14,15,0.001,8.08
03/02/2026 11:44,15.125,0.001,8.08
03/02/2026 11:14,15.25,0.001,8.08
03/02/2026 10:44,15.25,0.001,8.08
03/02/2026 10:14,15.25,0.001,8.08
03/02/2026 09:44,15,0.001,8.07
03/02/2026 09:14,15.25,0.001,8.07
03/02/2026 08:44,15.625,0.001,8.07
03/02/2026 08:14,15.25,0.001,8.07
03/02/2026 07:44,15.375,0.001,8.07
03/02/2026 07:14,16.375,0.001,8.07
03/02/2026 06:44,15.625,0.001,8.07
03/02/2026 06:14,15.375,0.001,8.07
03/02/2026 05:44,15.5,0.001,8.07
03/02/2026 05:14,15.5,0.001,8.07
03/02/2026 04:44,15.5,0.001,8.07
03/02/2026 04:14,15.5,0.001,8.07
03/02/2026 03:44,15.625,0.001,8.08
03/02/2026 03:14,15.625,0.001,8.07
03/02/2026 02:44,15.5,0.001,8.08
03/02/2026 02:14,15.375,0.001,8.08
03/02/2026 01:44,15.5,0.001,8.08
03/02/2026 01:14,15.5,0.001,8.08
03/02/2026 00:44,15.5,0.001,8.08
03/02/2026 00:14,15.375,0.001,8.08
02/02/2026 23:44,15.125,0.001,8.08
02/02/2026 23:14,15.625,0.001,8.09
02/02/2026 22:44,15.5,0.001,8.09
02/02/2026 22:44,15.5,0.001,8.09
02/02/2026 22:14,15.5,0.001,8.09
02/02/2026 21:44,15.5,0.001,8.09
02/02/2026 21:14,15.375,0.001,8.09
02/02/2026 20:44,15.375,0.001,8.09
02/02/2026 20:44,15.375,0.001,8.09
02/02/2026 20:14,15.375,0.001,8.09
02/02/2026 19:44,15.5,0.001,8.09
02/02/2026 19:14,15.25,0.001,8.1
02/02/2026 18:44,15.375,0.001,8.1
02/02/2026 18:14,15.375,0.001,8.1
02/02/2026 17:44,15.125,0.001,8.1
02/02/2026 17:14,15,0.001,8.1
02/02/2026 16:44,15.125,0.001,8.1
02/02/2026 16:14,15.25,0.001,8.1
02/02/2026 15:44,15.125,0.001,8.09
02/02/2026 15:14,15.125,0.001,8.09
02/02/2026 14:44,15.375,0.001,8.09
02/02/2026 14:14,15.25,0.001,8.09
02/02/2026 13:44,15.25,0.001,8.09
02/02/2026 13:14,15.5,0.001,8.09
02/02/2026 12:44,15.25,0.001,8.08
02/02/2026 12:14,15.25,0.001,8.08
02/02/2026 11:44,15.25,0.001,8.08
02/02/2026 11:14,15.375,0.001,8.08
02/02/2026 10:44,15.375,0.001,8.08
02/02/2026 10:14,15.375,0.001,8.08
02/02/2026 09:44,15.5,0.001,8.08
02/02/2026 09:44,15.5,0.001,8.08
02/02/2026 09:14,15.375,0.001,8.07
02/02/2026 08:44,15.375,0.001,8.07
02/02/2026 08:14,15.375,0.001,8.07
02/02/2026 07:44,15.5,0.001,8.07
02/02/2026 07:14,14.75,0.001,8.07
02/02/2026 06:44,16.625,0.001,8.07
02/02/2026 06:14,15.625,0.001,8.07
02/02/2026 05:44,15.625,0.001,8.07
02/02/2026 05:14,15.5,0.001,8.07
02/02/2026 04:44,16.625,0.001,8.07
02/02/2026 04:14,15.625,0.001,8.07
02/02/2026 03:44,15.5,0.001,8.07
02/02/2026 03:14,15.625,0.001,8.07
02/02/2026 02:44,15.625,0.001,8.08
02/02/2026 02:14,15.5,0.001,8.08
02/02/2026 01:44,15.625,0.001,8.08
02/02/2026 01:14,15.625,0.001,8.08
02/02/2026 00:44,15.625,0.001,8.08
02/02/2026 00:14,15.5,0.001,8.08
01/02/2026 23:44,15.625,0.001,8.08
01/02/2026 23:14,14.75,0.001,8.08
01/02/2026 22:44,15.5,0.001,8.09
01/02/2026 22:44,15.5,0.001,8.09
01/02/2026 22:14,15.625,0.001,8.09
01/02/2026 21:44,15.5,0.001,8.09
01/02/2026 21:14,15.5,0.001,8.09
01/02/2026 20:44,15.5,0.001,8.09
01/02/2026 20:14,15.375,0.001,8.09
01/02/2026 19:44,16.625,0.001,8.1
01/02/2026 19:14,14.75,0.001,8.1
01/02/2026 18:44,15.375,0.001,8.1
01/02/2026 18:14,15.625,0.001,8.1
01/02/2026 17:44,16.625,0.001,8.1
01/02/2026 17:14,16.625,0.001,8.1
01/02/2026 16:44,15.75,0.001,8.1
01/02/2026 16:14,15.625,0.001,8.1
01/02/2026 15:44,15.625,0.001,8.09
01/02/2026 15:14,14.75,0.001,8.09
01/02/2026 14:44,15.75,0.001,8.09
01/02/2026 14:14,16.625,0.001,8.09
01/02/2026 13:44,15.75,0.001,8.09
01/02/2026 13:14,14.75,0.001,8.09
01/02/2026 12:44,16.625,0.001,8.08
01/02/2026 12:14,16.625,0.001,8.08
01/02/2026 11:44,15.75,0.001,8.08
01/02/2026 11:14,15.625,0.001,8.08
01/02/2026 11:14,15.625,0.001,8.08
01/02/2026 10:44,15.625,0.001,8.07
01/02/2026 10:14,15.625,0.001,8.07
01/02/2026 09:44,15.625,0.001,8.07
01/02/2026 09:14,14.75,0.001,8.07
01/02/2026 08:44,15.625,0.001,8.07
01/02/2026 08:44,15.625,0.001,8.07
01/02/2026 08:14,15.625,0.001,8.06
01/02/2026 07:44,15.375,0.001,8.06
01/02/2026 07:14,15.625,0.001,8.06
01/02/2026 06:44,15.625,0.001,8.06
01/02/2026 06:44,15.625,0.001,8.06
01/02/2026 06:14,15.75,0.001,8.06
01/02/2026 05:44,15.625,0.001,8.06
01/02/2026 05:14,15.75,0.001,8.07
01/02/2026 04:44,16.625,0.001,8.07
01/02/2026 04:14,15.875,0.001,8.07
01/02/2026 03:44,16.625,0.001,8.07
01/02/2026 03:14,14.75,0.001,8.07
01/02/2026 02:44,16.625,0.001,8.07
01/02/2026 02:14,14.75,0.001,8.07
01/02/2026 01:44,15.625,0.001,8.08
01/02/2026 01:14,14.75,0.001,8.08
01/02/2026 00:44,14.75,0.001,8.08
01/02/2026 00:14,15.75,0.001,8.08
31/01/2026 23:44,15.625,0.001,8.08
31/01/2026 23:14,15.5,0.001,8.08
31/01/2026 22:44,15.75,0.001,8.08
31/01/2026 22:14,16.625,0.001,8.09
31/01/2026 21:44,15.625,0.001,8.09
31/01/2026 21:44,15.625,0.001,8.09
31/01/2026 21:14,14.75,0.001,8.09
31/01/2026 20:44,15.75,0.001,8.09
31/01/2026 20:14,16.625,0.001,8.09
31/01/2026 19:44,16.625,0.001,8.09
31/01/2026 19:14,15.75,0.001,8.09
31/01/2026 18:44,15.5,0.001,8.1
31/01/2026 18:14,15.625,0.001,8.1
31/01/2026 17:44,15.625,0.001,8.1
31/01/2026 17:14,15.625,0.001,8.1
31/01/2026 16:44,15.75,0.001,8.1
31/01/2026 16:44,15.75,0.001,8.1
31/01/2026 16:14,16.625,0.001,8.09
31/01/2026 15:44,15.875,0.001,8.09
31/01/2026 15:14,14.75,0.001,8.09
31/01/2026 14:44,15.625,0.001,8.09
31/01/2026 14:14,15.625,0.001,8.09
31/01/2026 13:44,15.625,0.001,8.09
31/01/2026 13:14,15.625,0.001,8.08
31/01/2026 12:44,15.625,0.001,8.08
31/01/2026 12:14,15.5,0.001,8.08
31/01/2026 12:14,15.5,0.001,8.08
31/01/2026 11:44,15.375,0.001,8.08
31/01/2026 11:14,15.375,0.001,8.08
31/01/2026 10:44,15.375,0.001,8.08
31/01/2026 10:14,15.25,0.001,8.07
31/01/2026 09:44,15.375,0.001,8.07
31/01/2026 09:14,15.5,0.001,8.07
31/01/2026 08:44,15.375,0.001,8.07
31/01/2026 08:14,15.375,0.001,8.07
31/01/2026 07:44,15.25,0.001,8.06
31/01/2026 07:14,15.25,0.001,8.06
31/01/2026 07:14,15.25,0.001,8.06
31/01/2026 06:44,15.625,0.001,8.06
31/01/2026 06:14,15.625,0.001,8.06
31/01/2026 05:44,15.5,0.001,8.07
31/01/2026 05:14,15.625,0.001,8.07
31/01/2026 04:44,15.25,0.001,8.07
31/01/2026 04:14,15.625,0.001,8.07
31/01/2026 03:44,15.5,0.001,8.07
31/01/2026 03:14,15.5,0.001,8.07
31/01/2026 02:44,15.375,0.001,8.07
31/01/2026 02:14,15.625,0.001,8.08
31/01/2026 02:14,15.625,0.001,8.08
31/01/2026 01:44,15.375,0.001,8.08
31/01/2026 01:14,15.375,0.001,8.08
31/01/2026 00:44,15.375,0.001,8.08
31/01/2026 00:14,14.75,0.001,8.08
30/01/2026 23:44,15.625,0.001,8.08
30/01/2026 23:14,15.5,0.001,8.09
30/01/2026 22:44,15.375,0.001,8.09
30/01/2026 22:14,15.25,0.001,8.09
30/01/2026 21:44,15.625,0.001,8.09
30/01/2026 21:14,15.75,0.001,8.09
30/01/2026 20:44,15.5,0.001,8.09
30/01/2026 20:14,15.5,0.001,8.09
30/01/2026 19:44,15.5,0.001,8.1
30/01/2026 19:14,15.75,0.001,8.1
30/01/2026 18:44,16.625,0.001,8.1
30/01/2026 18:14,15.625,0.001,8.1
30/01/2026 17:44,15.75,0.001,8.1
30/01/2026 17:14,15.75,0.001,8.1
30/01/2026 16:44,15.875,0.001,8.1
30/01/2026 16:14,15.875,0.001,8.1
30/01/2026 15:44,15.875,0.001,8.1
30/01/2026 15:14,15.875,0.001,8.09
30/01/2026 14:44,15.75,0.001,8.09
30/01/2026 14:14,15.75,0.001,8.09
30/01/2026 13:44,15.625,0.001,8.09
30/01/2026 13:14,14.75,0.001,8.09
30/01/2026 13:14,14.75,0.001,8.09
30/01/2026 12:44,15.5,0.001,8.08
30/01/2026 12:14,15.5,0.001,8.08
30/01/2026 11:44,15.25,0.001,8.08
30/01/2026 11:14,15.5,0.001,8.08
30/01/2026 10:44,15.375,0.001,8.07
30/01/2026 10:14,15.375,0.001,8.07
30/01/2026 09:44,15.375,0.001,8.07
30/01/2026 09:14,15,0.001,8.07
30/01/2026 08:44,15,0.001,8.07
30/01/2026 08:14,15.125,0.001,8.07
30/01/2026 07:44,15.25,0.001,8.07
30/01/2026 07:14,15.25,0.001,8.06
30/01/2026 07:14,15.25,0.001,8.06
30/01/2026 06:44,15.125,0.001,8.06
30/01/2026 06:14,15.125,0.001,8.06
30/01/2026 05:44,15.5,0.001,8.07
30/01/2026 05:14,15.375,0.001,8.07
30/01/2026 04:44,15.375,0.001,8.07
30/01/2026 04:44,15.375,0.001,8.07
30/01/2026 04:14,15.375,0.001,8.07
30/01/2026 03:44,15.375,0.001,8.07
30/01/2026 03:14,15.375,0.001,8.07
30/01/2026 02:44,15.25,0.001,8.08
30/01/2026 02:14,15.125,0.001,8.08
30/01/2026 01:44,15.375,0.001,8.08
30/01/2026 01:14,15.5,0.001,8.08
30/01/2026 00:44,15.5,0.001,8.08
30/01/2026 00:14,15.125,0.001,8.08
29/01/2026 23:44,15.375,0.001,8.08
29/01/2026 23:14,15.625,0.001,8.09
29/01/2026 22:44,15.375,0.001,8.09
29/01/2026 22:14,15.625,0.001,8.09
29/01/2026 21:44,15.625,0.001,8.09
29/01/2026 21:14,15.625,0.001,8.09
29/01/2026 20:44,15.5,0.001,8.09
29/01/2026 20:14,16.625,0.001,8.1
29/01/2026 19:44,14.75,0.001,8.1
29/01/2026 19:14,16.5,0.001,8.1
29/01/2026 18:44,16.625,0.001,8.1
29/01/2026 18:14,14.875,0.001,8.1
29/01/2026 17:44,15.875,0.001,8.1
29/01/2026 17:14,15.875,0.001,8.1
29/01/2026 16:44,15.875,0.001,8.1
29/01/2026 16:14,16,0.001,8.1
29/01/2026 15:44,15.875,0.001,8.1
29/01/2026 15:14,15.75,0.001,8.1
29/01/2026 14:44,15.875,0.001,8.09
29/01/2026 14:14,14.75,0.001,8.09
29/01/2026 13:44,15.625,0.001,8.09
29/01/2026 13:14,14.75,0.001,8.09
29/01/2026 13:07,16.625,0.002,8.09
29/01/2026 05:55,16.375,0.003,8.06
29/01/2026 05:42,16.25,0.003,8.07
29/01/2026 05:37,16,0.003,8.06
29/01/2026 05:36,15.75,0.003,8.06
29/01/2026 05:36,15.875,0.002,8.06
29/01/2026 05:35,15.375,0.003,8.06
29/01/2026 05:35,15,0.002,8.06
29/01/2026 05:34,15.25,0.002,8.06
29/01/2026 05:34,15.125,0.002,8.06
29/01/2026 05:30,15.5,0.002,8.06
29/01/2026 05:30,15.375,0.002,8.06
29/01/2026 05:30,15.5,0.002,8.06
29/01/2026 05:29,15.5,0.002,8.06
29/01/2026 05:29,15.375,0.003,8.06
29/01/2026 05:29,15.375,0.002,8.06
29/01/2026 05:28,15.5,0.002,8.06
29/01/2026 05:28,15.5,0.002,8.06
29/01/2026 05:28,15.625,0.002,8.06
29/01/2026 05:27,15.625,0.002,8.06
29/01/2026 05:27,15.5,0.002,8.06
29/01/2026 05:27,15.5,0.002,8.06
29/01/2026 05:27,15.625,0.002,8.06
29/01/2026 05:27,15.375,0.002,8.06
29/01/2026 05:27,15.25,0.002,8.06
29/01/2026 05:27,15.375,0.002,8.06
29/01/2026 05:27,15.375,0.002,8.06
29/01/2026 05:26,15.25,0.002,8.06
29/01/2026 05:26,14.875,0.002,8.06
29/01/2026 05:18,15.75,0.003,8.07
29/01/2026 05:18,15.625,0.002,8.07
29/01/2026 05:17,14.75,0.002,8.07
29/01/2026 05:17,15.5,0.002,8.07
29/01/2026 05:17,15.375,0.002,8.06
29/01/2026 05:17,15.5,0.002,8.06
29/01/2026 05:17,15.5,0.002,8.06
29/01/2026 05:17,15.5,0.002,8.06
29/01/2026 05:17,15.125,0.002,8.06
29/01/2026 05:17,15.375,0.002,8.06
29/01/2026 05:16,15.375,0.002,8.06
29/01/2026 05:16,15.25,0.002,8.06
29/01/2026 05:16,15.25,0.002,8.06
29/01/2026 05:16,15.125,0.002,8.06
29/01/2026 05:16,15,0.002,8.07
29/01/2026 05:16,14.875,0.002,8.06
29/01/2026 05:15,15.125,0.002,8.06
29/01/2026 05:14,15.125,0.002,8.06
29/01/2026 04:54,15.625,0.002,8.07
29/01/2026 04:54,15.625,0.003,8.07
29/01/2026 04:53,15.5,0.002,8.07
29/01/2026 04:53,15.75,0.002,8.07
29/01/2026 04:53,15.5,0.002,8.07
29/01/2026 04:53,14.75,0.002,8.07
29/01/2026 04:53,15.5,0.002,8.07
29/01/2026 04:53,14.75,0.002,8.07
29/01/2026 04:53,15.625,0.002,8.07
29/01/2026 04:52,14.75,0.002,8.07
29/01/2026 04:52,15.625,0.002,8.07
29/01/2026 04:52,15.5,0.002,8.07
29/01/2026 04:52,15.5,0.002,8.07
29/01/2026 04:52,15.375,0.002,8.07
29/01/2026 04:52,15.375,0.002,8.07
29/01/2026 04:52,15.125,0.002,8.07
29/01/2026 04:51,15.375,0.002,8.07
29/01/2026 04:51,15.375,0.002,8.07
29/01/2026 04:51,15.125,0.002,8.07
29/01/2026 04:51,15,0.002,8.07
29/01/2026 04:51,15,0.002,8.07
29/01/2026 04:44,16.25,0.003,8.07
29/01/2026 04:43,16.375,0.003,8.07
29/01/2026 04:32,15.625,0.002,8.07
29/01/2026 04:32,15.625,0.002,8.07
29/01/2026 04:32,15.75,0.002,8.07
29/01/2026 04:32,15.5,0.002,8.07
29/01/2026 04:32,15.625,0.002,8.07
29/01/2026 04:31,15.375,0.002,8.07
29/01/2026 04:31,15.5,0.002,8.07
29/01/2026 04:31,15.25,0.002,8.07
29/01/2026 04:31,15.5,0.002,8.07
29/01/2026 04:31,15.375,0.002,8.07
29/01/2026 04:31,15.375,0.002,8.07
29/01/2026 04:31,15.25,0.002,8.07
29/01/2026 04:31,15.25,0.002,8.07
29/01/2026 04:30,15.375,0.002,8.07
29/01/2026 04:30,15.375,0.002,8.07
29/01/2026 04:29,15.375,0.002,8.07
29/01/2026 04:29,15.25,0.002,8.07
29/01/2026 04:29,15.125,0.002,8.07
29/01/2026 04:29,15.125,0.002,8.07
29/01/2026 04:29,15.125,0.002,8.07
29/01/2026 04:29,15.125,0.002,8.07
29/01/2026 04:28,15,0.002,8.07
29/01/2026 04:28,15,0.002,8.07
29/01/2026 04:14,15,0.002,8.07
29/01/2026 04:14,15,0.002,8.07
29/01/2026 04:00,16.125,0.003,8.07
29/01/2026 03:59,16.25,0.002,8.07
29/01/2026 03:54,16.125,0.002,8.07
29/01/2026 03:54,16,0.003,8.07
29/01/2026 03:54,16.125,0.003,8.07
29/01/2026 03:53,16.125,0.003,8.07
29/01/2026 03:53,16,0.002,8.07
29/01/2026 03:53,16.125,0.003,8.07
29/01/2026 03:53,16.125,0.003,8.07
29/01/2026 03:52,16.125,0.003,8.07
29/01/2026 03:52,16.125,0.003,8.07
29/01/2026 03:52,16.125,0.002,8.07
29/01/2026 03:52,16.125,0.003,8.07
29/01/2026 03:52,16.125,0.003,8.07
29/01/2026 03:51,16,0.003,8.07
29/01/2026 03:51,16,0.003,8.07
29/01/2026 03:51,16,0.003,8.07
29/01/2026 03:50,16,0.003,8.07
29/01/2026 03:50,16,0.002,8.07
29/01/2026 03:50,16.125,0.003,8.07
29/01/2026 03:50,16,0.002,8.07
29/01/2026 03:50,16,0.003,8.07
29/01/2026 03:50,16,0.003,8.07
29/01/2026 03:49,16.125,0.003,8.07
29/01/2026 03:49,16.125,0.003,8.07
29/01/2026 03:49,16,0.002,8.07
29/01/2026 03:49,16,0.003,8.08
29/01/2026 03:49,16,0.003,8.07
29/01/2026 03:49,16.125,0.002,8.07
29/01/2026 03:48,16.125,0.003,8.07
29/01/2026 03:48,16.125,0.002,8.07
29/01/2026 03:48,16.25,0.003,8.07
29/01/2026 03:48,16.375,0.003,8.07
29/01/2026 03:48,16.375,0.003,8.08
29/01/2026 03:48,16.375,0.003,8.07
29/01/2026 03:39,16.5,0.003,8.07
29/01/2026 03:38,16.375,0.003,8.07
29/01/2026 03:38,16.375,0.003,8.07
29/01/2026 03:34,16.25,0.003,8.07
29/01/2026 03:33,16.375,0.003,8.07
29/01/2026 03:33,16.25,0.003,8.07
29/01/2026 03:33,16.25,0.003,8.07
29/01/2026 03:28,16.125,0.003,8.07
29/01/2026 03:28,16,0.002,8.07
29/01/2026 03:28,16.125,0.003,8.07
29/01/2026 03:27,16.125,0.003,8.07
29/01/2026 03:27,16.125,0.003,8.07
29/01/2026 03:27,16.125,0.002,8.08
29/01/2026 03:27,16.125,0.003,8.08
29/01/2026 03:27,16.125,0.003,8.08
29/01/2026 03:27,16.25,0.002,8.08
29/01/2026 03:27,16.125,0.002,8.08
29/01/2026 03:26,16.125,0.002,8.07
29/01/2026 03:26,16.125,0.002,8.07
29/01/2026 03:25,16.125,0.002,8.07
29/01/2026 03:25,16.125,0.003,8.07
29/01/2026 03:25,16,0.002,8.08
29/01/2026 03:24,16.25,0.002,8.07
29/01/2026 03:24,16,0.003,8.07
29/01/2026 03:24,16.125,0.003,8.07
29/01/2026 03:24,16.125,0.003,8.08
29/01/2026 03:24,16.25,0.003,8.07
29/01/2026 03:23,16.25,0.003,8.07
29/01/2026 03:23,16.25,0.003,8.08
29/01/2026 03:23,16.375,0.002,8.08
29/01/2026 03:23,16.25,0.003,8.08
29/01/2026 03:23,16.375,0.003,8.08
29/01/2026 03:23,16.375,0.003,8.08
29/01/2026 03:23,16.375,0.003,8.08
29/01/2026 03:11,16.375,0.002,8.08
29/01/2026 03:08,16,0.002,8.08
29/01/2026 03:07,15.75,0.002,8.08
29/01/2026 03:07,16,0.002,8.08
29/01/2026 03:07,15.75,0.003,8.08
29/01/2026 03:06,15.875,0.003,8.08
29/01/2026 03:06,15.875,0.003,8.08
29/01/2026 03:06,16,0.002,8.08
29/01/2026 03:06,15.875,0.002,8.08
29/01/2026 03:05,16.125,0.002,8.08
29/01/2026 03:05,16.25,0.002,8.08
29/01/2026 03:04,16.25,0.003,8.08
29/01/2026 03:03,16.25,0.003,8.08
29/01/2026 03:03,16.125,0.003,8.08
29/01/2026 03:03,16.125,0.002,8.08
29/01/2026 03:02,16.125,0.002,8.08
29/01/2026 03:02,16,0.002,8.08
29/01/2026 03:01,16.125,0.002,8.08
29/01/2026 03:01,16,0.003,8.08
29/01/2026 03:01,16.125,0.002,8.08
29/01/2026 03:01,16,0.003,8.08
29/01/2026 03:00,16,0.003,8.08
29/01/2026 03:00,16,0.003,8.08
29/01/2026 03:00,16.125,0.003,8.08
29/01/2026 03:00,16.125,0.003,8.08
29/01/2026 03:00,16,0.003,8.08
29/01/2026 02:59,16.125,0.002,8.08
29/01/2026 02:59,15.875,0.002,8.08
29/01/2026 02:59,15.875,0.002,8.08
29/01/2026 02:58,15.875,0.002,8.08
29/01/2026 02:58,16.125,0.003,8.08
29/01/2026 02:58,16.125,0.002,8.08
29/01/2026 02:58,16,0.003,8.08
29/01/2026 02:58,16.125,0.002,8.08
29/01/2026 02:58,16,0.002,8.08
29/01/2026 02:57,16,0.002,8.08
29/01/2026 02:57,16.125,0.002,8.08
29/01/2026 02:57,16,0.002,8.08
29/01/2026 02:57,16,0.003,8.08
29/01/2026 02:56,16,0.002,8.08
29/01/2026 02:56,15.875,0.002,8.08
29/01/2026 02:56,15.875,0.002,8.08
29/01/2026 02:55,15.5,0.002,8.08
29/01/2026 02:55,14.75,0.002,8.08
29/01/2026 02:55,15.5,0.002,8.08
29/01/2026 02:54,15.375,0.002,8.08
29/01/2026 02:54,15.5,0.002,8.08
29/01/2026 02:54,15.375,0.002,8.08
29/01/2026 02:54,15.25,0.002,8.08
29/01/2026 02:54,15.375,0.002,8.08
29/01/2026 02:54,15.25,0.002,8.08
29/01/2026 02:54,15.25,0.002,8.08
29/01/2026 02:50,16,0.002,8.08
29/01/2026 02:50,15.75,0.002,8.08
29/01/2026 02:50,15.875,0.002,8.08
29/01/2026 02:50,15.875,0.002,8.08
29/01/2026 02:49,16.5,0.003,8.08
29/01/2026 02:48,16.5,0.003,8.08
29/01/2026 02:23,16.375,0.003,8.08
29/01/2026 02:23,16.25,0.002,8.08
29/01/2026 02:20,16.25,0.002,8.08
29/01/2026 02:20,16.125,0.002,8.08
29/01/2026 02:20,16.125,0.002,8.08
29/01/2026 02:20,16.25,0.002,8.08
29/01/2026 02:18,16.125,0.003,8.08
29/01/2026 02:17,16,0.002,8.08
29/01/2026 02:17,16.125,0.003,8.08
29/01/2026 02:17,16.125,0.002,8.08
29/01/2026 02:17,16.125,0.002,8.08
29/01/2026 02:16,16,0.002,8.08
29/01/2026 02:16,15.875,0.002,8.08
29/01/2026 02:16,15.875,0.002,8.08
29/01/2026 02:15,15.75,0.002,8.08
29/01/2026 02:15,15.875,0.002,8.08
29/01/2026 02:15,15.875,0.002,8.08
29/01/2026 02:15,15.875,0.002,8.08
29/01/2026 02:15,15.75,0.002,8.08
29/01/2026 02:15,15.875,0.002,8.08
29/01/2026 02:14,15.875,0.002,8.08
29/01/2026 02:14,16,0.002,8.08
29/01/2026 02:14,15.875,0.002,8.08
29/01/2026 02:14,15.75,0.002,8.08
29/01/2026 02:14,15.875,0.002,8.08
29/01/2026 02:14,15.75,0.002,8.08
29/01/2026 02:14,15.75,0.002,8.08
29/01/2026 02:13,15.75,0.002,8.08
29/01/2026 02:13,15.75,0.002,8.08
29/01/2026 02:13,15.75,0.002,8.08
29/01/2026 02:13,15.875,0.002,8.08
29/01/2026 02:13,15.875,0.002,8.08
29/01/2026 02:13,15.75,0.002,8.08
29/01/2026 02:12,15.875,0.002,8.08
29/01/2026 02:12,14.875,0.002,8.08
29/01/2026 02:12,15.75,0.002,8.08
29/01/2026 02:12,15.625,0.002,8.08
29/01/2026 02:12,14.75,0.002,8.08
29/01/2026 02:12,15.625,0.002,8.08
29/01/2026 02:11,14.75,0.002,8.08
29/01/2026 02:11,15.625,0.002,8.08
29/01/2026 02:11,16.625,0.002,8.08
29/01/2026 02:11,15.5,0.002,8.08
29/01/2026 02:11,15.5,0.002,8.08
29/01/2026 02:10,15.5,0.002,8.08
29/01/2026 02:10,15.25,0.002,8.08
29/01/2026 02:10,15.375,0.002,8.08
29/01/2026 02:08,15.375,0.002,8.08
29/01/2026 02:07,15.625,0.002,8.08
29/01/2026 02:07,15.625,0.002,8.08
29/01/2026 02:07,15.5,0.002,8.08
29/01/2026 02:07,15.625,0.002,8.08
29/01/2026 02:06,15.625,0.002,8.08
29/01/2026 02:06,15.5,0.002,8.08
29/01/2026 02:06,15.5,0.002,8.08
29/01/2026 02:05,15.625,0.002,8.08
29/01/2026 02:05,15.5,0.002,8.08
29/01/2026 02:05,15.625,0.002,8.08
29/01/2026 02:05,15.5,0.002,8.08
29/01/2026 02:05,15.5,0.002,8.08
29/01/2026 02:05,15.375,0.002,8.08
29/01/2026 02:05,15.25,0.002,8.08
29/01/2026 02:05,15.375,0.002,8.08
29/01/2026 02:04,15.375,0.002,8.08
29/01/2026 02:04,15.375,0.002,8.08
29/01/2026 02:04,15.375,0.002,8.08
29/01/2026 02:03,15.375,0.002,8.08
29/01/2026 02:03,15.375,0.002,8.08
29/01/2026 02:03,15.125,0.002,8.08
29/01/2026 02:02,15.125,0.002,8.08
29/01/2026 01:46,15.875,0.002,8.08
29/01/2026 01:46,16,0.002,8.08
29/01/2026 01:46,15.875,0.002,8.08
29/01/2026 01:45,16,0.002,8.08
29/01/2026 01:45,16,0.002,8.08
29/01/2026 01:45,15.875,0.002,8.08
29/01/2026 01:45,15.875,0.002,8.08
29/01/2026 01:44,16.625,0.002,8.08
29/01/2026 01:44,15.75,0.002,8.08
29/01/2026 01:44,16.625,0.002,8.08
29/01/2026 01:44,14.75,0.002,8.08
29/01/2026 01:44,15.625,0.002,8.08
29/01/2026 01:44,15.5,0.002,8.08
29/01/2026 01:44,15.5,0.002,8.08
29/01/2026 01:43,15.75,0.002,8.08
29/01/2026 01:43,16.625,0.002,8.08
29/01/2026 01:43,15.75,0.002,8.08
29/01/2026 01:43,15.625,0.002,8.08
29/01/2026 01:43,15.5,0.002,8.08
29/01/2026 01:43,15.5,0.002,8.08
29/01/2026 01:41,15.75,0.002,8.08
29/01/2026 01:39,16.5,0.002,8.08
29/01/2026 01:38,16.5,0.002,8.08
29/01/2026 01:34,16.125,0.002,8.08
29/01/2026 01:33,16.25,0.002,8.08
29/01/2026 01:33,16.25,0.002,8.08
29/01/2026 01:33,16.375,0.002,8.08
29/01/2026 01:33,16.25,0.002,8.08
29/01/2026 01:33,16.375,0.002,8.08
29/01/2026 01:31,16.125,0.002,8.08
29/01/2026 01:30,16.125,0.002,8.08
29/01/2026 01:30,16.125,0.002,8.08
29/01/2026 01:30,15.875,0.002,8.08
29/01/2026 01:30,16,0.002,8.08
29/01/2026 01:29,15.875,0.002,8.08
29/01/2026 01:29,16,0.002,8.08
29/01/2026 01:29,15.875,0.002,8.08
29/01/2026 01:29,16.125,0.002,8.08
29/01/2026 01:29,16.125,0.002,8.08
29/01/2026 01:29,16.125,0.002,8.08
29/01/2026 01:28,16.25,0.002,8.08
29/01/2026 01:28,16.125,0.002,8.08
29/01/2026 01:28,16.125,0.002,8.08
29/01/2026 01:28,16,0.002,8.08
29/01/2026 01:27,16,0.002,8.08
29/01/2026 01:27,16.125,0.002,8.08
29/01/2026 01:27,16.125,0.002,8.08
29/01/2026 01:27,16.125,0.002,8.08
29/01/2026 01:26,15.75,0.002,8.08
29/01/2026 01:25,15.75,0.002,8.08
29/01/2026 01:25,16.625,0.002,8.08
29/01/2026 01:25,15.875,0.002,8.08
29/01/2026 01:25,15.5,0.002,8.08
29/01/2026 01:24,16,0.002,8.08
29/01/2026 01:24,16,0.002,8.08
29/01/2026 01:24,16,0.002,8.08
29/01/2026 01:23,16.25,0.002,8.08
29/01/2026 01:23,16,0.002,8.08
29/01/2026 01:23,16.125,0.002,8.08
29/01/2026 01:23,16,0.002,8.08
29/01/2026 01:22,16.125,0.002,8.08
29/01/2026 01:22,16.125,0.002,8.08
29/01/2026 01:21,15.75,0.002,8.08
29/01/2026 01:21,15.875,0.002,8.08
29/01/2026 01:20,16.25,0.002,8.08
29/01/2026 01:20,16.25,0.002,8.08
29/01/2026 01:19,16.25,0.002,8.08
29/01/2026 01:19,16.5,0.002,8.08
29/01/2026 01:13,16.375,0.002,8.08
29/01/2026 01:12,16.375,0.002,8.08
29/01/2026 01:10,16.125,0.002,8.08
29/01/2026 01:09,16.25,0.002,8.08
29/01/2026 01:08,16.125,0.002,8.08
29/01/2026 01:08,16.125,0.002,8.08
29/01/2026 01:08,16.125,0.003,8.08
29/01/2026 01:08,16.25,0.002,8.08
29/01/2026 01:08,16.125,0.002,8.08
29/01/2026 01:08,16.125,0.002,8.08
29/01/2026 01:07,16.25,0.002,8.08
29/01/2026 01:07,16.25,0.002,8.08
29/01/2026 01:07,16.25,0.002,8.09
29/01/2026 01:07,16.375,0.002,8.08
29/01/2026 01:07,16.375,0.002,8.08
29/01/2026 01:07,16.5,0.002,8.08
29/01/2026 01:06,16.375,0.003,8.09
29/01/2026 01:06,16.25,0.002,8.08
29/01/2026 01:05,16.375,0.002,8.08
29/01/2026 01:03,16.375,0.003,8.08
29/01/2026 01:03,16.375,0.002,8.08
29/01/2026 01:01,16.375,0.002,8.09
29/01/2026 00:39,16.375,0.002,8.08
29/01/2026 00:35,15.75,0.002,8.08
29/01/2026 00:35,16.625,0.002,8.08
29/01/2026 00:35,14.75,0.002,8.08
29/01/2026 00:35,15.5,0.002,8.08
29/01/2026 00:34,15.375,0.002,8.08
29/01/2026 00:32,16,0.003,8.08
29/01/2026 00:32,15.875,0.002,8.08
29/01/2026 00:32,15.875,0.002,8.09
29/01/2026 00:32,15.875,0.002,8.08
29/01/2026 00:31,16,0.003,8.08
29/01/2026 00:31,16.125,0.002,8.09
29/01/2026 00:31,16.25,0.002,8.09
29/01/2026 00:30,16.25,0.002,8.09
29/01/2026 00:30,16.25,0.003,8.08
29/01/2026 00:29,16.25,0.003,8.09
29/01/2026 00:29,16.25,0.002,8.09
29/01/2026 00:29,16.25,0.002,8.09
29/01/2026 00:29,16.25,0.002,8.09
29/01/2026 00:29,16.375,0.002,8.09
29/01/2026 00:29,16.25,0.002,8.09
29/01/2026 00:28,16.5,0.003,8.08
29/01/2026 00:06,15.75,0.002,8.09
29/01/2026 00:06,15.75,0.002,8.09
29/01/2026 00:06,15.75,0.002,8.09
29/01/2026 00:06,14.75,0.002,8.08
29/01/2026 00:05,15.625,0.002,8.08
29/01/2026 00:05,15.5,0.002,8.08
29/01/2026 00:05,15.375,0.002,8.08
29/01/2026 00:05,15.25,0.002,8.08
28/01/2026 23:44,15.25,0.002,8.09
28/01/2026 23:15,16.5,0.003,8.09
28/01/2026 23:00,16.125,0.003,8.09
28/01/2026 22:59,16,0.003,8.09
28/01/2026 22:59,16.125,0.002,8.09
28/01/2026 22:59,16,0.002,8.09
28/01/2026 22:59,16,0.003,8.09
28/01/2026 22:59,15.875,0.002,8.09
28/01/2026 22:58,15.875,0.002,8.09
28/01/2026 22:58,15.875,0.003,8.09
28/01/2026 22:58,15.75,0.003,8.09
28/01/2026 22:58,15.875,0.003,8.09
28/01/2026 22:57,16,0.003,8.09
28/01/2026 22:57,15.875,0.003,8.09
28/01/2026 22:57,16,0.003,8.09
28/01/2026 22:56,16.125,0.003,8.09
28/01/2026 22:55,16.375,0.003,8.09
28/01/2026 22:55,16.5,0.003,8.09
28/01/2026 22:52,16.375,0.003,8.09
28/01/2026 22:48,16.25,0.003,8.09
28/01/2026 22:48,16,0.002,8.09
28/01/2026 22:48,16.125,0.003,8.09
28/01/2026 22:48,16.25,0.003,8.09
28/01/2026 22:48,16.375,0.003,8.09
28/01/2026 22:48,16.25,0.003,8.09
28/01/2026 22:47,16.25,0.003,8.09
28/01/2026 22:47,16.25,0.003,8.09
28/01/2026 22:46,16.125,0.002,8.09
28/01/2026 22:46,16,0.003,8.09
28/01/2026 22:45,15.875,0.003,8.09
28/01/2026 22:45,16,0.003,8.09
28/01/2026 22:45,16.125,0.003,8.09
28/01/2026 22:44,16.125,0.003,8.09
28/01/2026 22:44,16.125,0.002,8.09
28/01/2026 22:44,16.125,0.003,8.09
28/01/2026 22:44,16.25,0.003,8.09
28/01/2026 22:44,16.25,0.002,8.09
28/01/2026 22:43,16.25,0.003,8.09
28/01/2026 22:43,16.25,0.003,8.09
28/01/2026 22:42,15.875,0.002,8.09
28/01/2026 22:42,16,0.003,8.09
28/01/2026 22:41,15.75,0.002,8.09
28/01/2026 22:41,15.875,0.003,8.09
28/01/2026 22:41,16,0.003,8.09
28/01/2026 22:41,15.875,0.002,8.09
28/01/2026 22:41,15.875,0.002,8.09
28/01/2026 22:40,16,0.002,8.09
28/01/2026 22:40,15.875,0.003,8.09
28/01/2026 22:40,15.875,0.002,8.09
28/01/2026 22:40,15.875,0.003,8.09
28/01/2026 22:40,16,0.002,8.09
28/01/2026 22:39,16.25,0.003,8.09
28/01/2026 22:35,16,0.003,8.09
28/01/2026 22:35,16,0.003,8.09
28/01/2026 22:35,16.125,0.003,8.09
28/01/2026 22:35,16,0.002,8.09
28/01/2026 22:35,16,0.002,8.09
28/01/2026 22:35,16,0.002,8.09
28/01/2026 22:34,15.875,0.002,8.09
28/01/2026 22:33,15.375,0.003,8.09
28/01/2026 22:30,15.75,0.002,8.09
28/01/2026 22:30,15.875,0.002,8.09
28/01/2026 22:29,16,0.002,8.09
28/01/2026 22:29,16.125,0.003,8.09
28/01/2026 22:29,16.125,0.002,8.09
28/01/2026 22:28,16.125,0.002,8.09
28/01/2026 22:27,15.75,0.002,8.09
28/01/2026 22:27,16.625,0.002,8.09
28/01/2026 22:27,15.625,0.002,8.09
28/01/2026 22:27,15.25,0.002,8.09
28/01/2026 22:19,16,0.003,8.09
28/01/2026 22:19,16,0.003,8.09
28/01/2026 22:19,16,0.002,8.09
28/01/2026 22:18,15.625,0.002,8.09
28/01/2026 22:18,15.625,0.002,8.09
28/01/2026 22:18,15.625,0.002,8.09
28/01/2026 22:18,14.75,0.003,8.09
28/01/2026 22:18,15.625,0.003,8.09
28/01/2026 22:17,16.625,0.003,8.09
28/01/2026 22:17,14.875,0.003,8.09
28/01/2026 22:17,16.625,0.003,8.09
28/01/2026 22:16,14.75,0.002,8.09
28/01/2026 22:15,15.875,0.002,8.09
28/01/2026 22:15,15.875,0.003,8.09
28/01/2026 22:15,15.875,0.003,8.09
28/01/2026 22:14,15.75,0.003,8.09
28/01/2026 22:14,15.75,0.002,8.09
28/01/2026 22:14,14.75,0.002,8.09
28/01/2026 22:13,15.625,0.002,8.09
28/01/2026 22:12,16,0.003,8.09
28/01/2026 22:12,16,0.002,8.09
28/01/2026 22:12,15.875,0.002,8.09
28/01/2026 22:12,15.875,0.002,8.09
28/01/2026 22:12,15.875,0.003,8.09
28/01/2026 22:12,15.875,0.003,8.09
28/01/2026 22:11,16,0.003,8.09
28/01/2026 22:11,16,0.003,8.09
28/01/2026 22:11,15.875,0.003,8.09
28/01/2026 22:11,15.75,0.002,8.09
28/01/2026 22:11,15.75,0.002,8.09
28/01/2026 22:11,15.875,0.003,8.09
28/01/2026 22:10,15.75,0.003,8.09
28/01/2026 22:10,16.625,0.003,8.09
28/01/2026 22:10,15.75,0.002,8.09
28/01/2026 22:10,15.625,0.002,8.09
28/01/2026 22:10,16.625,0.003,8.09
28/01/2026 22:10,15.75,0.003,8.09
28/01/2026 22:09,15.75,0.002,8.09
28/01/2026 22:09,16,0.002,8.09
28/01/2026 22:08,15.875,0.002,8.09
28/01/2026 22:08,16,0.003,8.09
28/01/2026 22:08,15.875,0.002,8.09
28/01/2026 22:08,15.875,0.002,8.09
28/01/2026 22:08,15.875,0.002,8.09
28/01/2026 22:08,16,0.002,8.09
28/01/2026 22:08,15.875,0.003,8.09
28/01/2026 22:08,15.875,0.002,8.09
28/01/2026 22:07,14.875,0.002,8.09
28/01/2026 22:07,16.625,0.002,8.09
28/01/2026 22:07,15.5,0.003,8.09
28/01/2026 22:06,15.625,0.002,8.09
28/01/2026 22:04,15.875,0.002,8.09
28/01/2026 22:04,15.875,0.002,8.09
28/01/2026 22:04,15.75,0.003,8.09
28/01/2026 22:03,15.75,0.003,8.09
28/01/2026 22:03,15.875,0.003,8.09
28/01/2026 22:03,15.75,0.003,8.09
28/01/2026 22:03,15.75,0.003,8.09
28/01/2026 22:03,16.625,0.003,8.09
28/01/2026 22:01,16.25,0.003,8.1
28/01/2026 22:01,16.125,0.003,8.1
28/01/2026 22:01,16.25,0.003,8.09
28/01/2026 22:00,16.125,0.003,8.09
28/01/2026 22:00,16.25,0.003,8.09
28/01/2026 22:00,16.25,0.003,8.09
28/01/2026 22:00,16.25,0.003,8.1
28/01/2026 22:00,16.375,0.003,8.1
28/01/2026 22:00,16.375,0.003,8.09
28/01/2026 22:00,16.375,0.003,8.09
28/01/2026 22:00,16.375,0.003,8.09
28/01/2026 21:59,16.375,0.003,8.09
28/01/2026 21:59,16.375,0.003,8.09
28/01/2026 21:59,16.375,0.003,8.09
28/01/2026 21:59,16.5,0.003,8.1
28/01/2026 21:59,16.375,0.003,8.1
28/01/2026 21:58,16.5,0.003,8.09
28/01/2026 21:58,16.5,0.003,8.09
28/01/2026 21:57,16.5,0.003,8.09
28/01/2026 21:54,16.5,0.003,8.09
28/01/2026 21:48,16,0.003,8.1
28/01/2026 21:48,16,0.003,8.1
28/01/2026 21:48,16,0.002,8.09
28/01/2026 21:47,16.125,0.003,8.09
28/01/2026 21:47,15.875,0.002,8.09
28/01/2026 21:47,15.875,0.003,8.09
28/01/2026 21:47,15.875,0.002,8.09
28/01/2026 21:46,15.75,0.002,8.09
28/01/2026 21:46,15.875,0.003,8.09
28/01/2026 21:46,15.75,0.002,8.09
28/01/2026 21:46,15.625,0.002,8.09
28/01/2026 21:46,16.5,0.003,8.09
28/01/2026 21:46,15.625,0.002,8.09
28/01/2026 21:45,15.625,0.002,8.09
28/01/2026 21:45,14.75,0.002,8.09
28/01/2026 21:45,15.625,0.002,8.1
28/01/2026 21:45,15.5,0.003,8.09
28/01/2026 21:45,15.5,0.002,8.09
28/01/2026 21:45,15.125,0.002,8.09
28/01/2026 21:44,15.5,0.002,8.09
28/01/2026 21:30,15.75,0.003,8.1
28/01/2026 21:30,15.75,0.003,8.1
28/01/2026 21:30,15.625,0.003,8.1
28/01/2026 21:29,15.625,0.003,8.1
28/01/2026 21:29,15.5,0.002,8.1
28/01/2026 21:29,14.75,0.003,8.1
28/01/2026 21:29,15.5,0.002,8.1
28/01/2026 21:29,15.625,0.002,8.1
28/01/2026 21:29,15.625,0.002,8.1
28/01/2026 21:29,15.625,0.003,8.1
28/01/2026 21:28,15.5,0.002,8.1
28/01/2026 21:28,15.5,0.003,8.1
28/01/2026 21:17,16.375,0.003,8.1
28/01/2026 21:16,16.5,0.003,8.1
28/01/2026 21:16,16.375,0.003,8.1
28/01/2026 21:16,16.375,0.003,8.1
28/01/2026 21:14,16,0.003,8.1
28/01/2026 21:14,16.125,0.003,8.1
28/01/2026 21:14,16.125,0.003,8.1
28/01/2026 21:14,16.125,0.003,8.1
28/01/2026 21:13,16.125,0.003,8.1
28/01/2026 21:13,16,0.003,8.1
28/01/2026 21:13,16.125,0.003,8.1
28/01/2026 21:13,16.125,0.003,8.1
28/01/2026 21:13,16,0.002,8.1
28/01/2026 21:13,16.125,0.003,8.1
28/01/2026 21:13,16.125,0.003,8.1
28/01/2026 21:12,16,0.003,8.1
28/01/2026 21:12,16,0.003,8.1
28/01/2026 21:11,15.75,0.003,8.1
28/01/2026 21:11,15.75,0.003,8.1
28/01/2026 21:11,16.625,0.003,8.1
28/01/2026 21:09,15.875,0.003,8.1
28/01/2026 21:09,15.75,0.003,8.1
28/01/2026 21:08,15.625,0.002,8.1
28/01/2026 21:08,15.5,0.003,8.1
28/01/2026 21:08,15.625,0.003,8.1
28/01/2026 21:07,16.5,0.003,8.1
28/01/2026 21:05,16,0.003,8.1
28/01/2026 21:05,16,0.003,8.1
28/01/2026 21:04,16,0.003,8.1
28/01/2026 21:04,16,0.003,8.1
28/01/2026 21:04,15.875,0.003,8.1
28/01/2026 21:04,15.875,0.003,8.1
28/01/2026 21:04,16,0.003,8.1
28/01/2026 21:04,16,0.003,8.1
28/01/2026 21:03,16,0.003,8.1
28/01/2026 21:03,16.125,0.003,8.1
28/01/2026 21:03,16.125,0.003,8.1
28/01/2026 21:03,16,0.003,8.1
28/01/2026 21:03,15.875,0.003,8.1
28/01/2026 21:03,16,0.003,8.1
28/01/2026 21:03,16,0.003,8.1
28/01/2026 21:02,16,0.003,8.1
28/01/2026 21:02,16,0.003,8.1
28/01/2026 21:02,16.125,0.003,8.1
28/01/2026 21:02,16.125,0.003,8.1
28/01/2026 21:02,16.125,0.003,8.1
28/01/2026 21:02,16.125,0.003,8.1
28/01/2026 21:02,16.125,0.002,8.1
28/01/2026 21:01,16.125,0.003,8.1
28/01/2026 21:01,16.125,0.003,8.1
28/01/2026 21:01,16,0.003,8.1
28/01/2026 21:01,16,0.003,8.1
28/01/2026 21:01,16.125,0.003,8.1
28/01/2026 21:01,16,0.003,8.1
28/01/2026 21:01,15.875,0.003,8.1
28/01/2026 21:00,16,0.003,8.1
28/01/2026 21:00,15.875,0.003,8.1
28/01/2026 21:00,15.75,0.003,8.1
28/01/2026 21:00,15.875,0.003,8.1
28/01/2026 21:00,16,0.003,8.1
28/01/2026 20:59,15.75,0.003,8.1
28/01/2026 20:59,15.875,0.003,8.1
28/01/2026 20:59,15.75,0.003,8.1
28/01/2026 20:59,15.75,0.003,8.1
28/01/2026 20:59,16.625,0.003,8.1
28/01/2026 20:59,15.75,0.003,8.1
28/01/2026 20:59,15.75,0.003,8.1
28/01/2026 20:58,15.75,0.003,8.1
28/01/2026 20:58,14.75,0.003,8.1
28/01/2026 20:57,15.875,0.003,8.1
28/01/2026 20:57,15.875,0.003,8.1
28/01/2026 20:57,15.75,0.003,8.1
28/01/2026 20:57,15.875,0.003,8.1
28/01/2026 20:57,15.875,0.003,8.1
28/01/2026 20:57,15.75,0.003,8.1
28/01/2026 20:56,15.75,0.003,8.1
28/01/2026 20:56,15.75,0.003,8.1
28/01/2026 20:56,16.625,0.003,8.1
28/01/2026 20:56,15.625,0.003,8.1
28/01/2026 20:56,14.75,0.003,8.1
28/01/2026 20:56,15.625,0.003,8.1
28/01/2026 20:56,15.625,0.003,8.1
28/01/2026 20:55,15.625,0.003,8.1
28/01/2026 20:55,15.5,0.003,8.1
28/01/2026 20:55,15.625,0.003,8.1
28/01/2026 20:51,16,0.003,8.1
28/01/2026 20:51,16.25,0.003,8.1
28/01/2026 20:51,16.125,0.003,8.1
28/01/2026 20:51,16.25,0.003,8.1
28/01/2026 20:50,16.25,0.003,8.1
28/01/2026 20:50,16.25,0.003,8.1
28/01/2026 20:50,16.25,0.003,8.1
28/01/2026 20:50,16.25,0.003,8.1
28/01/2026 20:50,16.375,0.003,8.1
28/01/2026 20:50,16.375,0.003,8.1
28/01/2026 20:48,16.125,0.003,8.1
28/01/2026 20:48,16.125,0.003,8.1
28/01/2026 20:48,16.125,0.003,8.1
28/01/2026 20:48,16.125,0.003,8.1
28/01/2026 20:48,16.125,0.003,8.1
28/01/2026 20:47,16.125,0.003,8.1
28/01/2026 20:47,16.125,0.003,8.1
28/01/2026 20:47,16,0.003,8.1
28/01/2026 20:47,16,0.003,8.1
28/01/2026 20:47,16,0.003,8.1
28/01/2026 20:47,16,0.003,8.1
28/01/2026 20:47,16,0.003,8.1
28/01/2026 20:46,15.875,0.003,8.1
28/01/2026 20:46,15.875,0.003,8.1
28/01/2026 20:46,15.875,0.003,8.1
28/01/2026 20:46,15.875,0.002,8.1
28/01/2026 20:46,15.875,0.003,8.1
28/01/2026 20:46,16,0.003,8.1
28/01/2026 20:46,16,0.003,8.1
28/01/2026 20:45,15.875,0.003,8.1
28/01/2026 20:45,16,0.003,8.1
28/01/2026 20:45,15.875,0.003,8.1
28/01/2026 20:45,15.875,0.003,8.1
28/01/2026 20:45,15.875,0.003,8.1
28/01/2026 20:45,15.875,0.003,8.1
28/01/2026 20:45,15.75,0.003,8.1
28/01/2026 20:44,15.875,0.003,8.1
28/01/2026 20:44,15,0.003,8.1
28/01/2026 20:44,15.75,0.002,8.1
28/01/2026 20:44,14.75,0.003,8.1
28/01/2026 20:44,15.75,0.003,8.1
28/01/2026 20:44,16.625,0.003,8.1
28/01/2026 20:44,15.75,0.003,8.1
28/01/2026 20:44,16.625,0.002,8.1
28/01/2026 20:43,15.625,0.003,8.1
28/01/2026 20:43,15.75,0.003,8.1
28/01/2026 20:43,15.5,0.003,8.1
28/01/2026 20:43,15.5,0.003,8.1
28/01/2026 20:43,15.625,0.002,8.1
28/01/2026 20:42,15.625,0.003,8.1
28/01/2026 20:42,15.5,0.003,8.1
28/01/2026 20:41,15.5,0.003,8.1
28/01/2026 20:31,16.625,0.003,8.1
28/01/2026 20:25,16.375,0.003,8.1
28/01/2026 20:24,16.5,0.003,8.1
28/01/2026 20:21,16,0.003,8.1
28/01/2026 20:20,16,0.003,8.1
28/01/2026 20:20,15.875,0.003,8.1
28/01/2026 20:20,15.875,0.003,8.1
28/01/2026 20:20,15.875,0.003,8.1
28/01/2026 20:20,15.875,0.003,8.1
28/01/2026 20:20,16,0.003,8.1
28/01/2026 20:19,16.125,0.003,8.1
28/01/2026 20:19,16,0.003,8.1
28/01/2026 20:18,15.875,0.003,8.1
28/01/2026 20:18,15.875,0.003,8.1
28/01/2026 20:18,15.875,0.003,8.1
28/01/2026 20:18,16,0.003,8.1
28/01/2026 20:18,15.875,0.003,8.1
28/01/2026 20:18,14.75,0.003,8.1
28/01/2026 20:17,15.75,0.003,8.1
28/01/2026 20:17,16.625,0.003,8.1
28/01/2026 20:17,16.625,0.003,8.1
28/01/2026 20:17,15.625,0.003,8.1
28/01/2026 20:14,15.625,0.003,8.1
28/01/2026 20:11,15.875,0.003,8.1
28/01/2026 20:10,16,0.003,8.1
28/01/2026 20:10,15.75,0.003,8.1
28/01/2026 20:10,15.875,0.003,8.1
28/01/2026 20:09,15.875,0.003,8.1
28/01/2026 20:09,15.875,0.003,8.1
28/01/2026 20:09,15.75,0.003,8.1
28/01/2026 20:09,15.75,0.003,8.1
28/01/2026 20:09,15.75,0.003,8.1
28/01/2026 20:09,15.625,0.003,8.1
28/01/2026 20:09,15.75,0.003,8.1
28/01/2026 20:08,15.625,0.003,8.1
28/01/2026 20:08,15.5,0.003,8.1
28/01/2026 20:08,15.625,0.003,8.1
28/01/2026 20:08,15.5,0.003,8.1
28/01/2026 20:08,15.5,0.003,8.1
28/01/2026 20:01,15.75,0.003,8.1
28/01/2026 20:01,15.625,0.003,8.1
28/01/2026 20:01,15.625,0.003,8.1
28/01/2026 20:01,14.75,0.003,8.1
28/01/2026 20:01,15.625,0.003,8.1
28/01/2026 20:01,14.75,0.003,8.1
28/01/2026 20:01,15.5,0.003,8.1
28/01/2026 19:48,16,0.003,8.1
28/01/2026 19:48,16,0.003,8.1
28/01/2026 19:48,16.125,0.003,8.1
28/01/2026 19:48,16,0.003,8.1
28/01/2026 19:48,15.875,0.003,8.1
28/01/2026 19:47,15.875,0.003,8.1
28/01/2026 19:47,15.875,0.003,8.1
28/01/2026 19:47,15.875,0.003,8.1
28/01/2026 19:47,15.875,0.003,8.1
28/01/2026 19:46,15.875,0.003,8.1
28/01/2026 19:46,15.875,0.003,8.1
28/01/2026 19:46,15.875,0.003,8.1
28/01/2026 19:46,15.875,0.003,8.1
28/01/2026 19:46,15.875,0.003,8.1
28/01/2026 19:45,15.75,0.003,8.1
28/01/2026 19:45,15.75,0.003,8.1
28/01/2026 19:45,15.875,0.003,8.1
28/01/2026 19:45,15.75,0.003,8.1
28/01/2026 19:45,15.625,0.003,8.1
28/01/2026 19:45,15.75,0.003,8.1
28/01/2026 19:45,14.75,0.003,8.1
28/01/2026 19:44,15.75,0.003,8.1
28/01/2026 19:44,15.625,0.003,8.1
28/01/2026 19:38,16.375,0.003,8.11
28/01/2026 19:38,16.375,0.003,8.11
28/01/2026 19:38,16.375,0.003,8.11
28/01/2026 19:38,16.25,0.003,8.11
28/01/2026 19:38,16.375,0.003,8.11
28/01/2026 19:38,16.375,0.003,8.11
28/01/2026 19:37,16.375,0.003,8.11
28/01/2026 19:37,16.375,0.003,8.11
28/01/2026 19:37,16.375,0.003,8.11
28/01/2026 19:37,16.25,0.003,8.11
28/01/2026 19:37,16.375,0.003,8.11
28/01/2026 19:36,16.375,0.003,8.11
28/01/2026 19:36,16.375,0.003,8.1
28/01/2026 19:36,16.375,0.003,8.11
28/01/2026 19:36,16.625,0.003,8.11
28/01/2026 19:35,16.625,0.003,8.11
28/01/2026 19:34,16.375,0.003,8.11
28/01/2026 19:34,16.375,0.003,8.11
28/01/2026 19:34,16.5,0.003,8.11
28/01/2026 19:34,16.375,0.003,8.11
28/01/2026 19:33,16.5,0.003,8.11
28/01/2026 19:33,16.5,0.003,8.11
28/01/2026 19:33,16.625,0.003,8.11
28/01/2026 19:31,16.5,0.003,8.11
28/01/2026 19:31,16.5,0.003,8.11
28/01/2026 19:31,16.5,0.003,8.11
28/01/2026 19:30,16.5,0.003,8.11
28/01/2026 19:30,16.5,0.003,8.11
28/01/2026 19:29,16.5,0.003,8.11
28/01/2026 19:29,16.5,0.003,8.11
28/01/2026 19:29,16.5,0.003,8.11
28/01/2026 19:28,16.375,0.003,8.11
28/01/2026 19:27,16.375,0.003,8.11
28/01/2026 19:27,16.5,0.003,8.11
28/01/2026 19:27,16.375,0.003,8.11
28/01/2026 19:27,16.375,0.003,8.11
28/01/2026 19:27,16.375,0.003,8.11
28/01/2026 19:26,16.25,0.003,8.11
28/01/2026 19:26,16.375,0.003,8.11
28/01/2026 19:26,16.375,0.003,8.11
28/01/2026 19:26,16.5,0.003,8.11
28/01/2026 19:26,16.5,0.003,8.11
28/01/2026 19:25,16.375,0.003,8.11
28/01/2026 19:25,16.375,0.003,8.11
28/01/2026 19:25,16.375,0.003,8.11
28/01/2026 19:25,16.375,0.003,8.11
28/01/2026 19:25,16.375,0.003,8.11
28/01/2026 19:24,16.375,0.003,8.11
28/01/2026 19:24,16.375,0.003,8.11
28/01/2026 19:24,16.375,0.003,8.11
28/01/2026 19:24,16.5,0.003,8.11
28/01/2026 19:23,16.375,0.003,8.11
28/01/2026 19:23,16.375,0.003,8.11
28/01/2026 19:22,16.375,0.003,8.11
28/01/2026 19:22,16.375,0.003,8.11
28/01/2026 19:22,16.375,0.003,8.11
28/01/2026 19:22,16.25,0.003,8.11
28/01/2026 19:22,16.25,0.003,8.11
28/01/2026 19:22,16.375,0.003,8.11
28/01/2026 19:21,16.375,0.003,8.11
28/01/2026 19:21,16.375,0.003,8.11
28/01/2026 19:21,16.375,0.003,8.11
28/01/2026 19:21,16.375,0.003,8.11
28/01/2026 19:21,16.375,0.003,8.11
28/01/2026 19:21,16.375,0.003,8.11
28/01/2026 19:20,16.375,0.003,8.11
28/01/2026 19:20,16.5,0.003,8.11
28/01/2026 19:20,16.5,0.003,8.11
28/01/2026 19:20,16.375,0.003,8.11
28/01/2026 19:19,16.5,0.003,8.11
28/01/2026 19:19,16.5,0.003,8.11
28/01/2026 19:19,16.5,0.003,8.11
28/01/2026 19:19,16.5,0.003,8.11
28/01/2026 19:18,16.625,0.003,8.11
28/01/2026 19:16,16.375,0.003,8.11
28/01/2026 19:16,16.375,0.003,8.11
28/01/2026 19:16,16.375,0.003,8.11
28/01/2026 19:15,16.5,0.003,8.11
28/01/2026 19:15,16.375,0.003,8.11
28/01/2026 19:15,16.375,0.003,8.11
28/01/2026 19:15,16.375,0.003,8.11
28/01/2026 19:15,16.375,0.003,8.11
28/01/2026 19:14,16.375,0.003,8.11
28/01/2026 19:14,16.375,0.003,8.11
28/01/2026 19:13,16.375,0.003,8.11
28/01/2026 19:13,16.375,0.003,8.11
28/01/2026 19:13,16.375,0.003,8.11
28/01/2026 19:13,16.375,0.003,8.11
28/01/2026 19:12,16.25,0.003,8.11
28/01/2026 19:11,16.125,0.003,8.11
28/01/2026 19:11,16.125,0.003,8.11
28/01/2026 19:11,16.125,0.003,8.11
28/01/2026 19:11,16,0.003,8.11
28/01/2026 19:11,16.125,0.003,8.11
28/01/2026 19:10,16.125,0.003,8.11
28/01/2026 19:10,16,0.003,8.11
28/01/2026 19:10,15.75,0.003,8.11
28/01/2026 19:10,15.875,0.003,8.11
28/01/2026 19:10,15.875,0.003,8.11
28/01/2026 19:10,15.875,0.003,8.1
28/01/2026 19:10,16,0.003,8.11
28/01/2026 19:09,15.75,0.003,8.11
28/01/2026 19:09,15.75,0.003,8.11
28/01/2026 19:09,15.75,0.003,8.11
28/01/2026 19:09,15.625,0.003,8.11
28/01/2026 19:09,14.75,0.003,8.11
28/01/2026 19:09,15.625,0.003,8.11
28/01/2026 19:06,15.875,0.003,8.11
28/01/2026 19:06,16,0.003,8.11
28/01/2026 19:06,16,0.003,8.11
28/01/2026 19:06,15.875,0.003,8.11
28/01/2026 19:06,15.75,0.003,8.11
28/01/2026 19:06,15.875,0.003,8.11
28/01/2026 19:05,15.875,0.003,8.11
28/01/2026 19:05,15.75,0.003,8.11
28/01/2026 19:05,15.75,0.003,8.11
28/01/2026 19:05,15.75,0.003,8.11
28/01/2026 19:05,15.625,0.003,8.11
28/01/2026 19:05,15.625,0.003,8.11
28/01/2026 18:44,16.625,0.003,8.11
28/01/2026 18:36,16.125,0.003,8.11
28/01/2026 18:36,16.125,0.003,8.11
28/01/2026 18:36,16.125,0.003,8.11
28/01/2026 18:36,16.125,0.003,8.11
28/01/2026 18:35,16,0.003,8.11
28/01/2026 18:35,16.125,0.003,8.11
28/01/2026 18:35,16.125,0.003,8.11
28/01/2026 18:35,16.125,0.003,8.11
28/01/2026 18:35,16.125,0.003,8.11
28/01/2026 18:34,16.125,0.003,8.11
28/01/2026 18:34,16.125,0.003,8.11
28/01/2026 18:34,16.125,0.003,8.11
28/01/2026 18:34,16,0.003,8.11
28/01/2026 18:34,16.125,0.003,8.11
28/01/2026 18:34,16.125,0.003,8.11
28/01/2026 18:33,16.125,0.003,8.11
28/01/2026 18:33,16.125,0.003,8.11
28/01/2026 18:33,16.125,0.003,8.11
28/01/2026 18:33,16,0.003,8.11
28/01/2026 18:32,16.125,0.003,8.11
28/01/2026 18:32,16,0.003,8.11
28/01/2026 18:32,16,0.003,8.11
28/01/2026 18:32,16,0.003,8.11
28/01/2026 18:32,16,0.003,8.11
28/01/2026 18:31,16.125,0.003,8.11
28/01/2026 18:30,16.125,0.003,8.11
28/01/2026 18:30,16.125,0.003,8.11
28/01/2026 18:30,16.125,0.003,8.11
28/01/2026 18:30,16.125,0.003,8.11
28/01/2026 18:30,16.25,0.003,8.11
28/01/2026 18:30,16.125,0.003,8.11
28/01/2026 18:30,16.125,0.003,8.11
28/01/2026 18:30,16.125,0.003,8.11
28/01/2026 18:29,16.125,0.003,8.11
28/01/2026 18:29,16.125,0.003,8.11
28/01/2026 18:29,16,0.003,8.11
28/01/2026 18:28,16.25,0.003,8.11
28/01/2026 18:28,16.25,0.003,8.11
28/01/2026 18:28,16.25,0.003,8.11
28/01/2026 18:27,16.375,0.003,8.11
28/01/2026 18:27,16.375,0.003,8.11
28/01/2026 18:27,16.375,0.003,8.11
28/01/2026 18:27,16.375,0.003,8.11
28/01/2026 18:27,16.375,0.003,8.11
28/01/2026 18:27,16.375,0.003,8.11
28/01/2026 18:27,16.5,0.003,8.11
28/01/2026 18:26,16.5,0.003,8.11
28/01/2026 18:26,16.25,0.003,8.11
28/01/2026 18:26,16.375,0.003,8.11
28/01/2026 18:25,16.375,0.003,8.11
28/01/2026 18:25,16.375,0.003,8.11
28/01/2026 18:25,16.5,0.003,8.11
28/01/2026 18:25,16.25,0.003,8.11
28/01/2026 18:25,16.375,0.003,8.11
28/01/2026 18:24,16.375,0.003,8.11
28/01/2026 18:24,16.375,0.003,8.11
28/01/2026 18:24,16.5,0.003,8.11
28/01/2026 18:24,16.5,0.003,8.11
28/01/2026 18:24,16.375,0.003,8.11
28/01/2026 18:24,16.375,0.003,8.11
28/01/2026 18:23,16.375,0.003,8.11
28/01/2026 18:23,16.25,0.003,8.11
28/01/2026 18:22,16.25,0.003,8.11
28/01/2026 18:22,16.25,0.003,8.11
28/01/2026 18:22,16.25,0.003,8.11
28/01/2026 18:22,16.25,0.003,8.11
28/01/2026 18:22,16.25,0.003,8.11
28/01/2026 18:22,16.25,0.003,8.11
28/01/2026 18:22,16.125,0.003,8.11
28/01/2026 18:21,16.375,0.003,8.11
28/01/2026 18:20,16.75,0.003,8.11
28/01/2026 18:19,16.75,0.003,8.11
28/01/2026 16:39,16.5,0.003,8.11
28/01/2026 16:39,16.375,0.003,8.11
28/01/2026 16:38,16.125,0.003,8.11
28/01/2026 16:38,16.125,0.003,8.11
28/01/2026 16:38,16.125,0.003,8.11
28/01/2026 16:38,16,0.003,8.11
28/01/2026 16:36,16.375,0.003,8.11
28/01/2026 16:36,16.5,0.003,8.11
28/01/2026 16:35,16.375,0.003,8.11
28/01/2026 16:35,16.5,0.003,8.11
28/01/2026 16:35,16.5,0.003,8.11
28/01/2026 16:35,16.375,0.003,8.11
28/01/2026 16:35,16.5,0.003,8.11
28/01/2026 16:35,16.375,0.003,8.11
28/01/2026 16:35,16.5,0.003,8.11
28/01/2026 16:35,16.375,0.003,8.11
28/01/2026 16:34,16.5,0.003,8.11
28/01/2026 16:34,16.5,0.003,8.11
28/01/2026 16:34,16.5,0.003,8.11
28/01/2026 16:34,16.5,0.003,8.11
28/01/2026 16:34,16.5,0.003,8.11
28/01/2026 16:34,16.5,0.003,8.11
28/01/2026 16:33,16.5,0.003,8.11
28/01/2026 16:33,16.5,0.003,8.11
28/01/2026 16:33,16.5,0.003,8.11
28/01/2026 16:33,16.5,0.003,8.11
28/01/2026 16:33,16.5,0.003,8.11
28/01/2026 16:33,16.5,0.003,8.11
28/01/2026 16:33,16.5,0.003,8.11
28/01/2026 16:32,16.375,0.003,8.11
28/01/2026 16:32,16.5,0.003,8.11
28/01/2026 16:32,16.625,0.003,8.11
28/01/2026 16:32,16.5,0.003,8.11
28/01/2026 16:32,16.5,0.003,8.11
28/01/2026 16:32,16.625,0.003,8.11
28/01/2026 16:32,16.5,0.003,8.11
28/01/2026 16:32,16.625,0.003,8.11
28/01/2026 16:31,16.625,0.003,8.11
28/01/2026 16:31,16.625,0.003,8.11
28/01/2026 16:31,16.625,0.003,8.11
28/01/2026 16:31,16.625,0.003,8.11
28/01/2026 16:31,16.625,0.003,8.11
28/01/2026 16:31,16.625,0.003,8.11
28/01/2026 16:30,15.75,0.003,8.11
28/01/2026 16:30,16.75,0.003,8.11
28/01/2026 16:30,16.625,0.003,8.11
28/01/2026 16:29,16.625,0.003,8.11
28/01/2026 16:27,16.125,0.003,8.11
28/01/2026 16:27,16.125,0.003,8.11
28/01/2026 16:27,16,0.003,8.11
28/01/2026 16:27,15.875,0.003,8.11
28/01/2026 16:26,15.875,0.003,8.11
28/01/2026 16:25,16.125,0.003,8.11
28/01/2026 16:25,16,0.003,8.11
28/01/2026 16:24,16,0.003,8.11
28/01/2026 16:24,16,0.003,8.11
28/01/2026 16:24,16.125,0.003,8.11
28/01/2026 16:24,15.875,0.003,8.11
28/01/2026 16:24,16,0.003,8.11
28/01/2026 16:24,16,0.003,8.11
28/01/2026 16:24,15.75,0.003,8.11
28/01/2026 16:14,15.75,0.003,8.11
28/01/2026 16:14,15.75,0.003,8.11
28/01/2026 15:44,15.75,0.003,8.1
28/01/2026 15:14,15.75,0.003,8.1
28/01/2026 14:44,15.75,0.003,8.1
28/01/2026 14:19,15.875,0.003,8.1
28/01/2026 14:19,15.75,0.003,8.1
28/01/2026 14:14,15.875,0.003,8.1
28/01/2026 13:52,16.375,0.003,8.1
28/01/2026 13:52,16.375,0.003,8.1
28/01/2026 13:52,16.375,0.003,8.1
28/01/2026 13:52,16.5,0.003,8.1
28/01/2026 13:52,16.5,0.003,8.1
28/01/2026 13:52,16.5,0.003,8.1
28/01/2026 13:52,16.375,0.003,8.1
28/01/2026 13:52,16.5,0.003,8.1
28/01/2026 13:51,16.375,0.003,8.1
28/01/2026 13:51,16.375,0.003,8.1
28/01/2026 13:51,16.375,0.003,8.1
28/01/2026 13:51,16.375,0.003,8.1
28/01/2026 13:51,16.375,0.003,8.1
28/01/2026 13:51,16.5,0.003,8.1
28/01/2026 13:50,16.5,0.003,8.1
28/01/2026 13:50,16.375,0.003,8.1
28/01/2026 13:50,16.25,0.003,8.1
28/01/2026 13:49,15.875,0.003,8.1
28/01/2026 13:49,15.875,0.003,8.1
28/01/2026 13:49,15.875,0.003,8.1
28/01/2026 13:48,15.75,0.003,8.1
28/01/2026 13:44,15.75,0.003,8.1
28/01/2026 13:14,16.625,0.003,8.1
28/01/2026 12:44,15.875,0.003,8.09
28/01/2026 12:41,15.875,0.003,8.09
28/01/2026 12:41,15.75,0.003,8.09
28/01/2026 12:40,15.875,0.003,8.09
28/01/2026 12:35,15.875,0.003,8.09
28/01/2026 12:35,15.875,0.003,8.09
28/01/2026 12:35,15.875,0.003,8.09
28/01/2026 12:34,16,0.003,8.09
28/01/2026 12:32,15.875,0.003,8.09
28/01/2026 12:32,15.875,0.003,8.09
28/01/2026 12:29,16.25,0.003,8.09
28/01/2026 12:29,16.375,0.003,8.09
28/01/2026 12:29,16.25,0.003,8.09
28/01/2026 12:29,16.25,0.003,8.09
28/01/2026 12:29,16.375,0.003,8.09
28/01/2026 12:29,16.25,0.003,8.09
28/01/2026 12:29,16.375,0.003,8.09
28/01/2026 12:28,16.375,0.003,8.09
28/01/2026 12:28,16.375,0.003,8.09
28/01/2026 12:28,16.25,0.003,8.09
28/01/2026 12:28,16.375,0.003,8.09
28/01/2026 12:28,16.375,0.003,8.09
28/01/2026 12:28,16.125,0.003,8.09
28/01/2026 12:28,16.25,0.003,8.09
28/01/2026 12:28,16.25,0.003,8.09
28/01/2026 12:27,16.25,0.003,8.09
28/01/2026 12:27,16.25,0.003,8.09
28/01/2026 12:27,16.25,0.003,8.09
28/01/2026 12:27,16.125,0.003,8.09
28/01/2026 12:27,16.125,0.003,8.09
28/01/2026 12:27,16,0.003,8.09
28/01/2026 12:27,16.25,0.003,8.09
28/01/2026 12:27,16.25,0.003,8.09
28/01/2026 12:26,16.125,0.003,8.09
28/01/2026 12:25,16.375,0.003,8.09
28/01/2026 12:25,16.25,0.003,8.09
28/01/2026 12:25,16.375,0.003,8.09
28/01/2026 12:25,16.375,0.003,8.09
28/01/2026 12:25,16.375,0.003,8.09
28/01/2026 12:25,16.375,0.003,8.09
28/01/2026 12:25,16.5,0.003,8.09
28/01/2026 12:24,16.5,0.003,8.09
28/01/2026 12:24,16.5,0.003,8.09
28/01/2026 12:24,16.5,0.003,8.09
28/01/2026 12:24,16.5,0.003,8.09
28/01/2026 12:24,16.5,0.003,8.09
28/01/2026 12:24,16.625,0.003,8.09
28/01/2026 12:24,16.625,0.003,8.09
28/01/2026 12:24,16.5,0.003,8.09
28/01/2026 12:23,16.5,0.003,8.09
28/01/2026 12:23,16.5,0.003,8.09
28/01/2026 12:23,16.5,0.003,8.09
28/01/2026 12:23,16.5,0.003,8.09
28/01/2026 12:23,16.625,0.003,8.09
28/01/2026 12:22,16.5,0.003,8.09
28/01/2026 12:22,16.5,0.003,8.09
28/01/2026 12:22,16.625,0.003,8.09
28/01/2026 12:22,16.625,0.003,8.09
28/01/2026 12:22,16.625,0.003,8.09
28/01/2026 12:14,16.625,0.003,8.09
28/01/2026 11:44,15.625,0.003,8.09
28/01/2026 11:14,15.5,0.003,8.09
28/01/2026 10:44,15.75,0.003,8.08
28/01/2026 10:14,15.5,0.003,8.08
28/01/2026 09:44,15.5,0.003,8.08
28/01/2026 09:14,15.5,0.003,8.08
28/01/2026 08:44,15.75,0.003,8.07
28/01/2026 08:14,15.625,0.003,8.07
28/01/2026 07:44,15.625,0.003,8.07
28/01/2026 07:14,15.625,0.003,8.07
28/01/2026 06:44,15.625,0.003,8.07
28/01/2026 06:14,15.75,0.002,8.07
28/01/2026 05:44,15.875,0.002,8.07
28/01/2026 05:41,16.25,0.003,8.07
28/01/2026 05:41,16.25,0.003,8.07
28/01/2026 05:41,16.25,0.003,8.07
28/01/2026 05:41,16.25,0.003,8.07
28/01/2026 05:41,16.375,0.003,8.07
28/01/2026 05:41,16.375,0.002,8.07
28/01/2026 05:40,16.375,0.003,8.07
28/01/2026 05:40,16.375,0.003,8.07
28/01/2026 05:40,16.25,0.003,8.07
28/01/2026 05:40,16.375,0.003,8.07
28/01/2026 05:40,16.25,0.003,8.07
28/01/2026 05:39,16.375,0.003,8.07
28/01/2026 05:39,16.25,0.003,8.07
28/01/2026 05:39,16.125,0.003,8.07
28/01/2026 05:38,16.25,0.003,8.07
28/01/2026 05:38,16.125,0.003,8.07
28/01/2026 05:38,16,0.003,8.07
28/01/2026 05:38,16,0.003,8.07
28/01/2026 05:38,15.875,0.003,8.07
28/01/2026 05:38,16,0.003,8.07
28/01/2026 05:38,15.875,0.003,8.07
28/01/2026 05:37,16,0.003,8.07
28/01/2026 05:37,16.125,0.003,8.07
28/01/2026 05:37,16.125,0.003,8.07
28/01/2026 05:36,16,0.003,8.07
28/01/2026 05:36,16.125,0.003,8.07
28/01/2026 05:36,16.125,0.003,8.07
28/01/2026 05:36,16.125,0.003,8.07
28/01/2026 05:36,16.125,0.003,8.07
28/01/2026 05:36,16.125,0.003,8.07
28/01/2026 05:36,16,0.003,8.07
28/01/2026 05:35,16,0.003,8.07
28/01/2026 05:35,16,0.003,8.07
28/01/2026 05:35,16.125,0.003,8.07
28/01/2026 05:35,16,0.003,8.07
28/01/2026 05:35,16.125,0.002,8.07
28/01/2026 05:35,15.875,0.003,8.07
28/01/2026 05:35,15.875,0.003,8.07
28/01/2026 05:35,16,0.003,8.07
28/01/2026 05:34,16,0.003,8.07
28/01/2026 05:34,15.75,0.002,8.07
28/01/2026 05:34,15.75,0.003,8.07
28/01/2026 05:34,15.875,0.002,8.07
28/01/2026 05:34,15.75,0.003,8.07
28/01/2026 05:33,15.875,0.002,8.07
28/01/2026 05:33,15.75,0.002,8.07
28/01/2026 05:33,15.625,0.002,8.07
28/01/2026 05:33,14.75,0.002,8.07
28/01/2026 05:33,15.625,0.003,8.07
28/01/2026 05:32,15.625,0.003,8.07
28/01/2026 05:32,15.625,0.003,8.07
28/01/2026 05:16,14.875,0.002,8.07
28/01/2026 05:16,15.5,0.003,8.07
28/01/2026 05:15,15.625,0.002,8.07
28/01/2026 05:14,15.75,0.002,8.07
28/01/2026 05:10,15.875,0.003,8.07
28/01/2026 05:09,16,0.002,8.07
28/01/2026 05:09,16,0.002,8.07
28/01/2026 05:08,16,0.002,8.07
28/01/2026 05:08,15.875,0.002,8.07
28/01/2026 05:08,16,0.002,8.07
28/01/2026 05:08,15.875,0.002,8.07
28/01/2026 05:08,15.875,0.002,8.07
28/01/2026 05:08,15.875,0.002,8.07
28/01/2026 05:08,15.875,0.002,8.07
28/01/2026 05:08,15.875,0.002,8.07
28/01/2026 05:07,15.75,0.002,8.07
28/01/2026 05:07,15.75,0.002,8.07
28/01/2026 05:07,16.625,0.002,8.07
28/01/2026 05:07,15.625,0.002,8.07
28/01/2026 05:07,15.625,0.003,8.07
28/01/2026 05:07,15.5,0.002,8.07
28/01/2026 04:52,16,0.002,8.07
28/01/2026 04:52,16,0.002,8.07
28/01/2026 04:52,15.875,0.002,8.07
28/01/2026 04:51,16,0.002,8.07
28/01/2026 04:51,15.875,0.002,8.07
28/01/2026 04:51,15.875,0.002,8.07
28/01/2026 04:51,16,0.002,8.08
28/01/2026 04:51,15.75,0.002,8.08
28/01/2026 04:51,15.875,0.002,8.08
28/01/2026 04:50,15.75,0.002,8.07
28/01/2026 04:50,15.75,0.002,8.07
28/01/2026 04:50,15.875,0.002,8.07
28/01/2026 04:50,15.75,0.003,8.07
28/01/2026 04:50,15.75,0.003,8.07
28/01/2026 04:49,15.75,0.002,8.07
28/01/2026 04:49,15.75,0.003,8.07
28/01/2026 04:49,16.625,0.002,8.07
28/01/2026 04:49,14.875,0.002,8.07
28/01/2026 04:48,15.875,0.002,8.07
28/01/2026 04:48,15.75,0.002,8.07
28/01/2026 04:48,15.625,0.002,8.07
28/01/2026 04:48,15.75,0.002,8.07
28/01/2026 04:47,15.5,0.002,8.07
28/01/2026 04:47,15.625,0.003,8.07
28/01/2026 04:44,15.625,0.002,8.07
28/01/2026 04:14,15.5,0.002,8.07
28/01/2026 03:44,15.625,0.002,8.08
28/01/2026 03:14,15.5,0.002,8.08
28/01/2026 02:44,15.5,0.002,8.08
28/01/2026 02:14,15.625,0.002,8.08
28/01/2026 01:49,16,0.002,8.08
28/01/2026 01:49,15.875,0.002,8.08
28/01/2026 01:48,15.75,0.002,8.08
28/01/2026 01:48,15.75,0.002,8.08
28/01/2026 01:48,14.75,0.002,8.08
28/01/2026 01:48,15.75,0.002,8.08
28/01/2026 01:48,15.75,0.002,8.08
28/01/2026 01:48,15.625,0.002,8.08
28/01/2026 01:44,16.125,0.002,8.08
28/01/2026 01:44,16,0.002,8.08
28/01/2026 01:44,16,0.002,8.08
28/01/2026 01:44,16,0.002,8.08
28/01/2026 01:44,16.125,0.002,8.08
28/01/2026 01:43,16.25,0.002,8.08
28/01/2026 01:43,16.125,0.002,8.08
28/01/2026 01:43,16,0.002,8.08
28/01/2026 01:43,16.125,0.002,8.08
28/01/2026 01:43,16.125,0.002,8.08
28/01/2026 01:43,16.125,0.002,8.08
28/01/2026 01:43,16.125,0.002,8.08
28/01/2026 01:42,16.25,0.002,8.08
28/01/2026 01:42,16.25,0.002,8.08
28/01/2026 01:42,16.125,0.002,8.08
28/01/2026 01:42,16.25,0.002,8.08
28/01/2026 01:41,16,0.002,8.08
28/01/2026 01:41,16,0.002,8.08
28/01/2026 01:41,16.125,0.002,8.08
28/01/2026 01:41,16,0.002,8.08
28/01/2026 01:41,16,0.002,8.08
28/01/2026 01:41,16,0.002,8.08
28/01/2026 01:40,16.125,0.002,8.08
28/01/2026 01:40,16,0.002,8.08
28/01/2026 01:40,16,0.002,8.08
28/01/2026 01:40,15.875,0.002,8.08
28/01/2026 01:40,16,0.002,8.08
28/01/2026 01:40,16,0.002,8.08
28/01/2026 01:39,16.125,0.002,8.08
28/01/2026 01:39,16.125,0.002,8.08
28/01/2026 01:39,16,0.002,8.08
28/01/2026 01:39,16.125,0.002,8.08
28/01/2026 01:39,16,0.002,8.08
28/01/2026 01:38,16.125,0.002,8.08
28/01/2026 01:38,16.125,0.002,8.08
28/01/2026 01:38,16.125,0.002,8.08
28/01/2026 01:38,16.125,0.002,8.08
28/01/2026 01:38,16.125,0.002,8.08
28/01/2026 01:38,16.125,0.002,8.08
28/01/2026 01:38,16,0.002,8.08
28/01/2026 01:38,16,0.002,8.08
28/01/2026 01:37,16.125,0.002,8.08
28/01/2026 01:37,16.125,0.002,8.08
28/01/2026 01:37,16,0.002,8.08
28/01/2026 01:37,16,0.002,8.08
28/01/2026 01:37,16.125,0.002,8.08
28/01/2026 01:37,16,0.002,8.08
28/01/2026 01:37,16.125,0.002,8.08
28/01/2026 01:36,16.125,0.002,8.08
28/01/2026 01:36,16.125,0.002,8.08
28/01/2026 01:36,16.125,0.002,8.08
28/01/2026 01:36,16,0.002,8.08
28/01/2026 01:36,16.125,0.002,8.08
28/01/2026 01:36,16.125,0.002,8.08
28/01/2026 01:35,16.125,0.002,8.08
28/01/2026 01:35,16.125,0.002,8.08
28/01/2026 01:35,16.25,0.002,8.08
28/01/2026 01:35,16.125,0.002,8.08
28/01/2026 01:35,16.25,0.002,8.08
28/01/2026 01:35,16.125,0.002,8.08
28/01/2026 01:34,16.125,0.002,8.08
28/01/2026 01:34,16.375,0.002,8.08
28/01/2026 01:34,16.25,0.002,8.08
28/01/2026 01:34,16.375,0.002,8.08
28/01/2026 01:34,16.25,0.002,8.08
28/01/2026 01:34,16.375,0.002,8.08
28/01/2026 01:34,16.375,0.002,8.08
28/01/2026 01:34,16.375,0.002,8.08
28/01/2026 01:34,16.375,0.002,8.08
28/01/2026 01:33,16.375,0.002,8.08
28/01/2026 01:33,16.375,0.002,8.08
28/01/2026 01:33,16.5,0.002,8.08
28/01/2026 01:33,16.5,0.002,8.08
28/01/2026 01:30,14.75,0.002,8.08
28/01/2026 01:29,15.625,0.002,8.08
28/01/2026 01:29,14.75,0.002,8.08
28/01/2026 01:29,15.5,0.002,8.08
28/01/2026 01:29,15.625,0.002,8.08
28/01/2026 01:29,15.5,0.002,8.08
28/01/2026 01:27,16.625,0.002,8.08
28/01/2026 01:27,14.75,0.002,8.08
28/01/2026 01:26,15.625,0.002,8.08
28/01/2026 01:26,14.75,0.002,8.08
28/01/2026 01:26,15.625,0.002,8.08
28/01/2026 01:25,15.625,0.002,8.08
28/01/2026 01:24,16.625,0.002,8.08
28/01/2026 01:24,15.625,0.002,8.08
28/01/2026 01:24,15.625,0.002,8.08
28/01/2026 01:24,15.5,0.002,8.08
28/01/2026 01:24,15.625,0.002,8.08
28/01/2026 01:24,15.5,0.002,8.08
28/01/2026 01:14,15.375,0.002,8.08
28/01/2026 00:44,15.625,0.002,8.08
28/01/2026 00:14,15.5,0.002,8.08
27/01/2026 23:44,15.375,0.002,8.09
27/01/2026 23:14,15.625,0.002,8.09
27/01/2026 22:44,15.5,0.002,8.09
27/01/2026 22:14,15.125,0.002,8.09
27/01/2026 21:44,15.25,0.002,8.09
27/01/2026 21:14,15.125,0.002,8.09
27/01/2026 20:44,15.5,0.002,8.09
27/01/2026 20:14,15.25,0.002,8.1
27/01/2026 19:44,15.25,0.002,8.1
27/01/2026 19:14,15.375,0.002,8.1
27/01/2026 19:14,15.375,0.002,8.1
27/01/2026 18:44,15.25,0.002,8.1
27/01/2026 18:14,15.25,0.002,8.1
27/01/2026 17:44,15.5,0.002,8.1
27/01/2026 17:14,15.5,0.002,8.1
27/01/2026 16:44,15.625,0.002,8.1
27/01/2026 16:14,16.5,0.002,8.1
27/01/2026 15:44,15.5,0.002,8.1
27/01/2026 15:14,15.625,0.002,8.1
27/01/2026 14:44,15.5,0.002,8.1
27/01/2026 14:14,15.625,0.002,8.09
27/01/2026 13:44,15.5,0.002,8.09
27/01/2026 13:14,15.625,0.002,8.09
27/01/2026 12:44,15.5,0.002,8.09
27/01/2026 12:14,15.5,0.002,8.08
27/01/2026 11:44,15.375,0.002,8.08
27/01/2026 11:44,15.375,0.002,8.08
27/01/2026 11:14,15.625,0.002,8.08
27/01/2026 10:44,15.375,0.002,8.08
27/01/2026 10:44,15.375,0.002,8.08
27/01/2026 10:14,15.25,0.002,8.08
27/01/2026 09:44,15.375,0.002,8.07
27/01/2026 09:14,15.375,0.002,8.07
27/01/2026 08:44,15.375,0.002,8.07
27/01/2026 08:14,15.25,0.002,8.07
27/01/2026 07:44,15.125,0.002,8.07
27/01/2026 07:14,15.375,0.002,8.06
27/01/2026 06:44,15.25,0.002,8.06
27/01/2026 06:14,15.375,0.002,8.06
27/01/2026 06:14,15.375,0.002,8.06
27/01/2026 05:44,15.625,0.002,8.07
27/01/2026 05:14,15.5,0.002,8.07
27/01/2026 04:44,15.375,0.002,8.07
27/01/2026 04:14,15.375,0.002,8.07
27/01/2026 03:44,15.25,0.002,8.07
27/01/2026 03:14,15.25,0.002,8.07
27/01/2026 02:44,15.125,0.002,8.07
27/01/2026 02:14,15.25,0.002,8.07
27/01/2026 01:44,15.5,0.002,8.08
27/01/2026 01:14,15.125,0.002,8.08
27/01/2026 00:44,15.375,0.002,8.08
27/01/2026 00:14,15.25,0.002,8.08
26/01/2026 23:44,15.125,0.002,8.08
26/01/2026 23:14,15.25,0.002,8.08
26/01/2026 22:44,15.25,0.002,8.08
26/01/2026 22:14,15.25,0.002,8.09
26/01/2026 21:44,15.375,0.002,8.09
26/01/2026 21:14,15.25,0.002,8.09
26/01/2026 20:44,15.375,0.002,8.09
26/01/2026 20:14,15.25,0.002,8.09
26/01/2026 19:44,15.5,0.002,8.1
26/01/2026 19:14,15.5,0.002,8.1
26/01/2026 18:44,15.625,0.002,8.1
26/01/2026 18:14,15.5,0.002,8.1
26/01/2026 17:44,15.625,0.002,8.1
26/01/2026 17:14,16.625,0.002,8.1
26/01/2026 16:44,16.625,0.002,8.1
26/01/2026 16:14,15.625,0.002,8.1
26/01/2026 15:44,16.5,0.002,8.1
26/01/2026 15:14,15.5,0.002,8.09
26/01/2026 15:14,15.5,0.002,8.09
26/01/2026 14:44,14.75,0.002,8.09
26/01/2026 14:14,16.625,0.002,8.09
26/01/2026 13:44,15.625,0.002,8.09
26/01/2026 13:14,16.625,0.002,8.08
26/01/2026 12:44,15.625,0.002,8.08
26/01/2026 12:14,15.5,0.002,8.08
26/01/2026 11:44,15.375,0.002,8.08
26/01/2026 11:14,15.375,0.002,8.07
26/01/2026 10:44,15.25,0.002,8.07
26/01/2026 10:14,15.375,0.002,8.07
26/01/2026 09:44,15.375,0.002,8.07
26/01/2026 09:14,15.375,0.002,8.07
26/01/2026 08:44,15.25,0.002,8.06
26/01/2026 08:14,15.25,0.002,8.06
26/01/2026 07:44,15.375,0.002,8.06
26/01/2026 07:14,15.25,0.002,8.06
26/01/2026 06:44,15.25,0.002,8.06
26/01/2026 06:14,15.125,0.002,8.06
26/01/2026 05:44,15.25,0.002,8.06
26/01/2026 05:14,15.375,0.002,8.06
26/01/2026 04:44,15.375,0.002,8.07
26/01/2026 04:14,15.25,0.002,8.07
26/01/2026 03:44,15.5,0.002,8.07
26/01/2026 03:14,15.25,0.002,8.07
26/01/2026 02:44,15.375,0.002,8.07
26/01/2026 02:14,15.25,0.002,8.07
26/01/2026 01:44,15.25,0.002,8.07
26/01/2026 01:14,15,0.002,8.07
26/01/2026 00:44,15.25,0.002,8.08
26/01/2026 00:14,15,0.002,8.08
25/01/2026 23:44,14.875,0.002,8.08
25/01/2026 23:14,15.125,0.002,8.08
25/01/2026 22:44,15.25,0.002,8.08
25/01/2026 22:14,15,0.002,8.08
25/01/2026 21:44,15,0.002,8.08
25/01/2026 21:14,15,0.002,8.09
25/01/2026 20:44,15,0.002,8.09
25/01/2026 20:14,15,0.002,8.09
25/01/2026 19:44,14.875,0.002,8.09
25/01/2026 19:14,15,0.002,8.09
25/01/2026 19:14,15,0.002,8.09
25/01/2026 18:44,14.875,0.002,8.1
25/01/2026 18:14,14.875,0.002,8.1
25/01/2026 17:44,14.875,0.002,8.1
25/01/2026 17:14,15.125,0.002,8.09
25/01/2026 16:44,15.125,0.002,8.09
25/01/2026 16:14,15,0.002,8.09
25/01/2026 15:44,15,0.002,8.09
25/01/2026 15:14,15.125,0.002,8.09
25/01/2026 14:44,15.125,0.002,8.09
25/01/2026 14:14,15,0.002,8.08
25/01/2026 13:44,15.125,0.002,8.08
25/01/2026 13:14,15,0.002,8.08
25/01/2026 12:44,14.875,0.002,8.07
25/01/2026 12:14,15.125,0.002,8.07
25/01/2026 11:44,15.125,0.002,8.07
25/01/2026 11:14,15,0.002,8.07
25/01/2026 10:44,14.875,0.002,8.07
25/01/2026 10:14,14.875,0.002,8.06
25/01/2026 09:44,14.75,0.002,8.06
25/01/2026 09:14,14.75,0.002,8.06
25/01/2026 08:44,14.875,0.002,8.06
25/01/2026 08:14,15,0.002,8.06
25/01/2026 07:44,14.875,0.002,8.06
25/01/2026 07:14,14.75,0.002,8.05
25/01/2026 06:44,14.875,0.002,8.06
25/01/2026 06:44,14.875,0.002,8.06
25/01/2026 06:14,14.75,0.002,8.06
25/01/2026 05:44,14.875,0.002,8.06
25/01/2026 05:14,14.875,0.002,8.06
25/01/2026 04:44,14.875,0.002,8.06
25/01/2026 04:14,14.875,0.002,8.06
25/01/2026 03:44,14.75,0.002,8.06
25/01/2026 03:14,14.75,0.002,8.06
25/01/2026 02:44,14.875,0.002,8.07
25/01/2026 02:14,15.625,0.002,8.07
25/01/2026 01:44,14.875,0.002,8.07
25/01/2026 01:14,14.75,0.002,8.07
25/01/2026 00:44,14.75,0.002,8.07
25/01/2026 00:14,14.875,0.002,8.07
24/01/2026 23:44,15.5,0.002,8.08
24/01/2026 23:44,15.5,0.002,8.08
24/01/2026 23:14,15.625,0.002,8.08
24/01/2026 22:44,14.875,0.002,8.08
24/01/2026 22:14,15.625,0.002,8.08
24/01/2026 21:44,14.75,0.002,8.08
24/01/2026 21:44,14.75,0.002,8.08
24/01/2026 21:14,14.875,0.002,8.08
24/01/2026 20:44,14.875,0.002,8.08
24/01/2026 20:14,14.75,0.002,8.09
24/01/2026 19:44,15.625,0.002,8.09
24/01/2026 19:14,15.5,0.002,8.09
24/01/2026 18:44,15.625,0.002,8.09
24/01/2026 18:14,14.875,0.002,8.09
24/01/2026 17:44,15.625,0.002,8.09
24/01/2026 17:14,14.75,0.002,8.09
24/01/2026 16:44,15,0.002,8.09
24/01/2026 16:14,15,0.002,8.09
24/01/2026 15:44,14.875,0.002,8.09
24/01/2026 15:14,14.875,0.002,8.09
24/01/2026 14:44,14.875,0.002,8.09
24/01/2026 14:14,14.875,0.002,8.08
24/01/2026 13:44,15,0.002,8.08
24/01/2026 13:14,15,0.002,8.08
24/01/2026 12:44,14.75,0.002,8.07
24/01/2026 12:14,14.875,0.002,8.07
24/01/2026 11:44,14.875,0.002,8.07
24/01/2026 11:14,15,0.002,8.07
24/01/2026 10:44,15.125,0.002,8.07
24/01/2026 10:14,15.125,0.002,8.06
24/01/2026 10:14,15.125,0.002,8.06
24/01/2026 09:44,15.125,0.002,8.06
24/01/2026 09:14,15.125,0.002,8.06
24/01/2026 08:44,15,0.002,8.06
24/01/2026 08:14,15,0.002,8.06
24/01/2026 07:44,15,0.002,8.06
24/01/2026 07:14,15.25,0.002,8.05
24/01/2026 06:44,15.125,0.002,8.05
24/01/2026 06:14,15,0.002,8.05
24/01/2026 05:44,15.25,0.002,8.06
24/01/2026 05:14,15,0.002,8.06
24/01/2026 04:44,15.125,0.002,8.06
24/01/2026 04:14,15,0.002,8.06
24/01/2026 03:44,15.25,0.002,8.06
24/01/2026 03:14,15.25,0.002,8.06
24/01/2026 02:44,15.375,0.002,8.07
24/01/2026 02:14,15.25,0.002,8.07
24/01/2026 01:44,15.25,0.002,8.07
24/01/2026 01:14,15.125,0.002,8.07
24/01/2026 00:44,15.25,0.002,8.07
24/01/2026 00:44,15.25,0.002,8.07
24/01/2026 00:14,15.375,0.002,8.07
23/01/2026 23:44,15.25,0.002,8.07
23/01/2026 23:14,15.25,0.002,8.08
23/01/2026 22:44,15.125,0.002,8.07
23/01/2026 22:14,15.375,0.002,8.08
23/01/2026 21:44,15.5,0.002,8.08
23/01/2026 21:14,15.375,0.002,8.08
23/01/2026 20:44,15.375,0.002,8.08
23/01/2026 20:14,15.375,0.002,8.08
23/01/2026 19:44,15.25,0.002,8.08
23/01/2026 19:14,15.25,0.002,8.08
23/01/2026 18:44,15.375,0.002,8.09
23/01/2026 18:44,15.375,0.002,8.09
23/01/2026 18:14,15.375,0.002,8.09
23/01/2026 17:44,15.375,0.002,8.09
23/01/2026 17:14,15.5,0.002,8.09
23/01/2026 16:44,15.625,0.002,8.09
23/01/2026 16:14,15.5,0.002,8.08
23/01/2026 15:44,15.5,0.002,8.09
23/01/2026 15:14,15.5,0.002,8.09
23/01/2026 14:44,15.375,0.002,8.09
23/01/2026 14:14,15.375,0.002,8.09
23/01/2026 13:44,15.375,0.002,8.09
23/01/2026 13:14,15.5,0.002,8.09
23/01/2026 12:44,15.25,0.002,8.08
23/01/2026 12:14,15.375,0.002,8.08
23/01/2026 11:44,15.25,0.002,8.08
23/01/2026 11:14,15.5,0.002,8.07
23/01/2026 10:44,15.5,0.002,8.07
23/01/2026 10:14,15.375,0.002,8.07
23/01/2026 09:44,15.5,0.002,8.07
23/01/2026 09:14,15.25,0.002,8.07
23/01/2026 08:44,15.375,0.002,8.07
23/01/2026 08:14,15.375,0.002,8.07
23/01/2026 08:14,15.375,0.002,8.07
23/01/2026 07:44,15.375,0.002,8.07
23/01/2026 07:14,15.25,0.002,8.07
23/01/2026 06:44,15.375,0.002,8.07
23/01/2026 06:14,15.375,0.002,8.07
23/01/2026 05:44,15.375,0.002,8.07
23/01/2026 05:14,15.375,0.002,8.08
23/01/2026 04:44,15.375,0.002,8.08
23/01/2026 04:14,15.5,0.002,8.08
23/01/2026 04:14,15.5,0.002,8.08
23/01/2026 03:44,15.125,0.002,8.08
23/01/2026 03:44,15.125,0.002,8.08
23/01/2026 03:14,15.375,0.002,8.08
23/01/2026 02:44,15.5,0.002,8.08
23/01/2026 02:14,15.125,0.002,8.09
23/01/2026 01:44,15.375,0.002,8.09
23/01/2026 01:14,15.125,0.002,8.09
23/01/2026 00:44,15.375,0.002,8.09
23/01/2026 00:14,15.5,0.002,8.09
22/01/2026 23:44,15.5,0.002,8.1
22/01/2026 23:14,15.375,0.002,8.1
22/01/2026 22:44,15.375,0.002,8.1
22/01/2026 22:14,15.375,0.002,8.1
22/01/2026 21:44,15.25,0.002,8.1
22/01/2026 21:14,15.25,0.002,8.1
22/01/2026 20:44,15.375,0.002,8.1
22/01/2026 20:22,15.375,0.002,8.1
22/01/2026 20:18,15.625,0.002,8.1
22/01/2026 20:18,15.5,0.002,8.84
22/01/2026 20:14,15.375,0.002,8.1
22/01/2026 19:44,15.375,0.002,8.1
22/01/2026 19:14,15.375,0.002,8.1
22/01/2026 18:44,15.375,0.002,8.1
22/01/2026 18:14,14.75,0.002,8.1
22/01/2026 17:44,15.75,0.002,8.1
22/01/2026 17:14,15.625,0.002,8.1
22/01/2026 17:14,15.625,0.002,8.1
22/01/2026 16:44,15.625,0.002,8.1
22/01/2026 16:14,15.625,0.002,8.09
22/01/2026 15:44,16.625,0.002,8.09
22/01/2026 15:29,15.75,0.002,8.08
22/01/2026 15:14,15.875,0.002,8.08
22/01/2026 12:44,15.625,0.002,7.92
22/01/2026 12:14,14.75,0.002,7.83
22/01/2026 11:44,15.75,0.002,7.68
22/01/2026 11:34,15.75,0.002,7.6
22/01/2026 11:14,15.875,0.002,7.38
22/01/2026 10:44,15.75,0.003,6.99
22/01/2026 10:14,15.75,0.004,6.77
22/01/2026 09:44,15.875,0.007,6.68
22/01/2026 09:24,14.75,0.005,6.67
22/01/2026 09:14,15.625,0.001,8
22/01/2026 08:44,15.625,0.001,8
22/01/2026 08:14,15.625,0.001,8
22/01/2026 07:44,15.625,0.001,8
22/01/2026 07:14,16.625,0.001,8
22/01/2026 06:44,16.625,0.001,7.99
22/01/2026 06:14,15.75,0.001,8
22/01/2026 05:44,15.75,0.001,8
22/01/2026 05:14,15.75,0.001,8
22/01/2026 04:44,15.75,0.001,8
22/01/2026 04:14,15.75,0.001,8
22/01/2026 03:44,16.625,0.001,8
22/01/2026 03:14,15.75,0.001,8.01
22/01/2026 02:44,15.75,0.001,8.01
22/01/2026 02:14,14.75,0.001,8.01
22/01/2026 01:44,15.875,0.001,8.01
22/01/2026 01:14,15.875,0.001,8.02
22/01/2026 00:44,15.875,0.001,8.01
22/01/2026 00:14,15.875,0.001,8.02
21/01/2026 23:44,15.875,0.001,8.02
21/01/2026 23:14,15.75,0.001,8.02
21/01/2026 22:44,15.75,0.001,8.02
21/01/2026 22:14,15.75,0.001,8.03
21/01/2026 21:44,16,0.001,8.03
21/01/2026 21:14,15.875,0.001,8.03
21/01/2026 20:44,16.125,0.001,8.03
21/01/2026 20:14,16.125,0.001,8.04
21/01/2026 19:44,16.125,0.001,8.04
21/01/2026 19:14,16.125,0.001,8.04
21/01/2026 18:44,16.125,0.001,8.04
21/01/2026 18:14,16.375,0.001,8.04
21/01/2026 17:44,16.375,0.001,8.04
21/01/2026 17:14,16.375,0.001,8.04
21/01/2026 16:44,16.375,0.001,8.04
21/01/2026 16:14,16.625,0.001,8.04
21/01/2026 15:44,16.5,0.001,8.04
21/01/2026 15:14,16.5,0.001,8.04
21/01/2026 14:44,16.375,0.001,8.03
21/01/2026 14:14,16.5,0.001,8.03
21/01/2026 13:44,16.375,0.001,8.02
21/01/2026 13:14,16.25,0.001,8.02
21/01/2026 12:44,16.25,0.001,8.02
21/01/2026 12:14,16,0.001,8.01
21/01/2026 11:44,16,0.001,8.01
21/01/2026 11:14,16,0.001,8
21/01/2026 10:44,16.625,0.001,8
21/01/2026 10:14,15.625,0.001,7.99
21/01/2026 09:44,15.625,0.001,7.99
21/01/2026 09:14,16.5,0.001,7.99
21/01/2026 08:44,15.5,0.001,7.98
21/01/2026 08:14,15.375,0.001,7.98
21/01/2026 07:44,15.25,0.001,7.98
21/01/2026 07:14,15.125,0.001,7.98
21/01/2026 06:44,15,0.001,7.98
21/01/2026 06:14,15,0.001,7.98
21/01/2026 05:44,15.375,0.001,7.98
21/01/2026 05:14,15.375,0.001,7.98
21/01/2026 04:44,15.25,0.001,7.98
21/01/2026 04:44,15.25,0.001,7.98
21/01/2026 04:14,15.375,0.001,7.98
21/01/2026 03:44,15.625,0.001,7.99
21/01/2026 03:14,15.375,0.001,7.99
21/01/2026 02:44,15.5,0.001,7.99
21/01/2026 02:14,15.25,0.001,7.99
21/01/2026 01:44,15.625,0.001,7.99
21/01/2026 01:14,15.625,0.001,7.99
21/01/2026 00:44,15.5,0.001,8
21/01/2026 00:14,15.5,0.001,8
20/01/2026 23:44,14.75,0.001,8
20/01/2026 23:14,16.625,0.001,8
20/01/2026 22:44,14.75,0.001,8.01
20/01/2026 22:14,15.625,0.001,8.01
20/01/2026 21:44,15.75,0.001,8.01
20/01/2026 21:14,15.75,0.001,8.01
20/01/2026 20:44,16.625,0.001,8.01
20/01/2026 20:14,16.625,0.001,8.01
20/01/2026 19:44,15.75,0.001,8.02
20/01/2026 19:14,15.625,0.001,8.02
20/01/2026 18:44,15.75,0.001,8.02
20/01/2026 18:14,15.75,0.001,8.02
20/01/2026 17:44,15.875,0.001,8.02
20/01/2026 17:14,15.75,0.001,8.02
20/01/2026 16:44,15.875,0.001,8.02
20/01/2026 16:14,15.75,0.001,8.02
20/01/2026 15:44,14.75,0.001,8.01
20/01/2026 15:14,15.625,0.001,8.01
20/01/2026 14:44,15.5,0.001,8.01
20/01/2026 14:14,15.375,0.001,8
20/01/2026 13:44,15.125,0.001,8
20/01/2026 13:14,15,0.001,8
20/01/2026 12:44,14.75,0.001,7.99
20/01/2026 12:14,14.875,0.001,7.99
20/01/2026 11:44,14.75,0.001,7.99
20/01/2026 11:14,14.75,0.001,7.99
20/01/2026 10:44,15.625,0.001,7.98
20/01/2026 10:44,15.625,0.001,7.98
20/01/2026 10:14,14.125,0.001,7.98
20/01/2026 09:44,15.125,0.001,7.99
20/01/2026 09:14,15.125,0.001,7.99
20/01/2026 08:44,15,0.001,7.99
20/01/2026 08:14,15,0.001,7.99
20/01/2026 07:44,15,0.001,7.99
20/01/2026 07:14,15,0.001,7.98
20/01/2026 06:44,15.125,0.001,7.99
20/01/2026 06:14,15.125,0.001,7.99
20/01/2026 05:44,15,0.001,7.99
20/01/2026 05:44,15,0.001,7.99
20/01/2026 05:14,15.25,0.001,7.99
20/01/2026 04:44,15,0.001,7.99
20/01/2026 04:14,15.25,0.001,7.99
20/01/2026 03:44,15.25,0.001,7.99
20/01/2026 03:44,15.25,0.001,7.99
20/01/2026 03:14,15.375,0.001,8
20/01/2026 02:44,15.375,0.001,8
20/01/2026 02:14,15.625,0.001,8
20/01/2026 01:44,15.625,0.001,8
20/01/2026 01:14,16.5,0.001,8
20/01/2026 00:44,15.625,0.001,8.01
20/01/2026 00:14,15.75,0.001,8.01
19/01/2026 23:44,15.625,0.001,8.01
19/01/2026 23:14,16.625,0.001,8.01
19/01/2026 22:44,15.5,0.001,8.01
19/01/2026 22:14,15.625,0.001,8.01
19/01/2026 21:44,15.75,0.001,8.02
19/01/2026 21:44,15.75,0.001,8.02
19/01/2026 21:14,15.875,0.001,8.02
19/01/2026 21:14,15.875,0.001,8.02
19/01/2026 20:44,15.875,0.001,8.02
19/01/2026 20:14,15.75,0.001,8.02
19/01/2026 19:44,15.875,0.001,8.03
19/01/2026 19:14,16,0.001,8.03
19/01/2026 18:44,15.875,0.001,8.03
19/01/2026 18:14,16,0.001,8.03
19/01/2026 17:44,15.875,0.001,8.03
19/01/2026 17:14,15.875,0.001,8.03
19/01/2026 16:44,16,0.001,8.03
19/01/2026 16:14,15.75,0.001,8.02
19/01/2026 15:44,16.5,0.001,8.02
19/01/2026 15:44,16.5,0.001,8.02
19/01/2026 15:14,15.625,0.001,8.02
19/01/2026 14:44,15.5,0.001,8.01
19/01/2026 14:14,15.25,0.001,8.01
19/01/2026 13:44,15.25,0.001,8.01
19/01/2026 13:14,15,0.001,8
19/01/2026 12:44,14.875,0.001,8
19/01/2026 12:14,15,0.001,8
19/01/2026 11:44,14.875,0.001,8
19/01/2026 11:14,14.625,0.001,7.99
19/01/2026 10:44,14.5,0.001,7.99
19/01/2026 10:14,14.375,0.001,7.99
19/01/2026 09:44,14.625,0.001,7.99
19/01/2026 09:14,14.375,0.001,7.99
19/01/2026 08:44,14.5,0.001,7.99
19/01/2026 08:14,14.5,0.001,7.99
19/01/2026 07:44,14.625,0.001,7.99
19/01/2026 07:14,14.5,0.001,7.99
19/01/2026 06:44,14.5,0.001,7.98
19/01/2026 06:14,14.625,0.001,7.99
19/01/2026 05:44,14.375,0.001,7.99
19/01/2026 05:14,14.5,0.001,7.99
19/01/2026 04:44,14.375,0.001,7.99
19/01/2026 04:14,15.5,0.001,7.99
19/01/2026 03:44,14.5,0.001,7.99
19/01/2026 03:14,15.5,0.001,8
19/01/2026 02:44,14.625,0.001,8
19/01/2026 02:14,14.5,0.001,8
19/01/2026 01:44,14.5,0.001,8
19/01/2026 01:14,14.625,0.001,8
19/01/2026 00:44,14.5,0.001,8.01
19/01/2026 00:14,14.625,0.001,8.01
18/01/2026 23:44,14.625,0.001,8.01
18/01/2026 23:14,15.5,0.001,8.01
18/01/2026 22:44,14.625,0.001,8.01
18/01/2026 22:14,13.75,0.001,8.01
18/01/2026 21:44,14.625,0.001,8.02
18/01/2026 21:14,14.5,0.001,8.02
18/01/2026 20:44,14.5,0.001,8.02
18/01/2026 20:14,14.5,0.001,8.02
18/01/2026 19:44,14.625,0.001,8.03
18/01/2026 19:14,15.5,0.001,8.03
18/01/2026 18:44,14.625,0.001,8.03
18/01/2026 18:14,15.5,0.001,8.03
18/01/2026 17:44,14.625,0.001,8.03
18/01/2026 17:14,14.625,0.001,8.03
18/01/2026 16:44,15.5,0.001,8.03
18/01/2026 16:14,13.75,0.001,8.03
18/01/2026 15:44,14.75,0.001,8.03
18/01/2026 15:14,13.75,0.001,8.03
18/01/2026 14:44,15.625,0.001,8.02
18/01/2026 14:14,14.625,0.001,8.02
18/01/2026 13:44,15.625,0.001,8.02
18/01/2026 13:14,15.625,0.001,8.02
18/01/2026 12:44,13.875,0.001,8.01
18/01/2026 12:14,14.625,0.001,8.01
18/01/2026 11:44,14.875,0.001,8.01
18/01/2026 11:14,13.875,0.001,8.01
18/01/2026 10:44,14.75,0.001,8.01
18/01/2026 10:14,14.5,0.001,8
18/01/2026 09:44,15.625,0.001,8
18/01/2026 09:44,15.625,0.001,8
18/01/2026 09:14,14.75,0.001,8
18/01/2026 08:44,14.75,0.001,8
18/01/2026 08:14,14.75,0.001,8
18/01/2026 07:44,14.75,0.001,8
18/01/2026 07:14,14.625,0.001,7.99
18/01/2026 06:44,14.75,0.001,7.99
18/01/2026 06:14,14.875,0.001,7.99
18/01/2026 05:44,14.625,0.001,7.99
18/01/2026 05:14,14.625,0.001,8
18/01/2026 04:44,13.875,0.001,8
18/01/2026 04:14,15.625,0.001,8
18/01/2026 03:44,13.75,0.001,8
18/01/2026 03:14,14.75,0.001,8
18/01/2026 02:44,15.625,0.001,8
18/01/2026 02:14,13.75,0.001,8.01
18/01/2026 01:44,15.625,0.001,8.01
18/01/2026 01:14,14.75,0.001,8.01
18/01/2026 00:44,14.75,0.001,8.01
18/01/2026 00:14,14.875,0.001,8.02
17/01/2026 23:44,14.875,0.001,8.02
17/01/2026 23:14,14.875,0.001,8.02
17/01/2026 22:44,14.875,0.001,8.02
17/01/2026 22:14,14.75,0.001,8.02
17/01/2026 21:44,15,0.001,8.02
17/01/2026 21:14,14.875,0.001,8.03
17/01/2026 20:44,14.875,0.001,8.03
17/01/2026 20:14,15,0.001,8.03
17/01/2026 19:44,15,0.001,8.03
17/01/2026 19:14,14.75,0.001,8.03
17/01/2026 18:44,14.75,0.001,8.04
17/01/2026 18:14,14.875,0.001,8.04
17/01/2026 17:44,15,0.001,8.04
17/01/2026 17:14,14.875,0.001,8.04
17/01/2026 16:44,15.125,0.001,8.04
17/01/2026 16:14,14.875,0.001,8.03
17/01/2026 15:44,15.125,0.001,8.03
17/01/2026 15:14,15,0.001,8.03
17/01/2026 14:44,15.125,0.001,8.03
17/01/2026 14:14,15.125,0.001,8.03
17/01/2026 13:44,15.25,0.001,8.03
17/01/2026 13:14,15,0.001,8.02
17/01/2026 12:44,15.125,0.001,8.02
17/01/2026 12:14,15.25,0.001,8.02
17/01/2026 11:44,15,0.001,8.02
17/01/2026 11:14,15,0.001,8.01
17/01/2026 10:44,15.125,0.001,8.01
17/01/2026 10:14,15.125,0.001,8.01
17/01/2026 09:44,15,0.001,8.01
17/01/2026 09:14,14.875,0.001,8
17/01/2026 08:44,15.125,0.001,8
17/01/2026 08:14,15,0.001,8
17/01/2026 07:44,15.375,0.001,8
17/01/2026 07:14,15.375,0.001,8
17/01/2026 06:44,15.25,0.001,8
17/01/2026 06:14,15.25,0.001,8
17/01/2026 05:44,15.25,0.001,8
17/01/2026 05:14,15.25,0.001,8
17/01/2026 04:44,15.375,0.001,8
17/01/2026 04:14,15.375,0.001,8
17/01/2026 03:44,15.375,0.001,8.01
17/01/2026 03:14,15.5,0.001,8.01
17/01/2026 02:44,15.25,0.001,8.01
17/01/2026 02:14,15.375,0.001,8.01
17/01/2026 01:44,15.375,0.001,8.01
17/01/2026 01:14,15.375,0.001,8.01
17/01/2026 00:44,15.375,0.001,8.02
17/01/2026 00:14,15.375,0.001,8.02
16/01/2026 23:44,15.375,0.001,8.02
16/01/2026 23:14,15.375,0.001,8.02
16/01/2026 22:44,15.25,0.001,8.02
16/01/2026 22:14,15.375,0.001,8.02
16/01/2026 21:44,15.375,0.001,8.02
16/01/2026 21:14,15.125,0.001,8.03
16/01/2026 20:44,15.25,0.001,8.03
16/01/2026 20:14,15.375,0.001,8.03
16/01/2026 19:44,15.25,0.001,8.03
16/01/2026 19:14,15.375,0.001,8.04
16/01/2026 18:44,15,0.001,8.04
16/01/2026 18:14,15.375,0.001,8.04
16/01/2026 17:44,15.375,0.001,8.04
16/01/2026 17:14,15.375,0.001,8.04
16/01/2026 16:44,15.25,0.001,8.04
16/01/2026 16:14,15.375,0.001,8.04
16/01/2026 15:44,15.625,0.001,8.03
16/01/2026 15:14,15.375,0.001,8.03
16/01/2026 14:44,15.25,0.001,8.03
16/01/2026 14:14,15.625,0.001,8.03
16/01/2026 13:44,15.375,0.001,8.02
16/01/2026 13:14,15.5,0.001,8.02
16/01/2026 12:44,15.375,0.001,8.02
16/01/2026 12:14,15.25,0.001,8.02
16/01/2026 11:44,15.375,0.001,8.02
16/01/2026 11:14,15.25,0.001,8.01
16/01/2026 10:44,15.375,0.001,8.01
16/01/2026 10:14,15.375,0.001,8.01
16/01/2026 09:44,15.125,0.001,8
16/01/2026 09:14,15.375,0.001,8
16/01/2026 08:44,15.375,0.001,8
16/01/2026 08:14,15.5,0.001,8
16/01/2026 07:44,15.375,0.001,8
16/01/2026 07:14,15.375,0.001,7.99
16/01/2026 06:44,15.375,0.001,7.99
16/01/2026 06:14,15.5,0.001,7.99
16/01/2026 05:44,15.625,0.001,7.99
16/01/2026 05:14,15.375,0.001,7.99
16/01/2026 04:44,15.5,0.001,8
16/01/2026 04:14,15.375,0.001,8
16/01/2026 03:44,15.125,0.001,8
16/01/2026 03:14,15.375,0.001,8
16/01/2026 02:44,15.375,0.001,8
16/01/2026 02:14,15.5,0.001,8
16/01/2026 01:44,15.375,0.001,8.01
16/01/2026 01:14,15.125,0.001,8.01
16/01/2026 00:44,15.375,0.001,8.01
16/01/2026 00:14,15.375,0.001,8.01
15/01/2026 23:44,15.25,0.001,8.01
15/01/2026 23:14,15.125,0.001,8.01
15/01/2026 22:44,15.125,0.001,8.01
15/01/2026 22:14,15.125,0.001,8.02
15/01/2026 21:44,15.25,0.001,8.02
15/01/2026 21:14,15.125,0.001,8.02
15/01/2026 20:44,15.25,0.001,8.02
15/01/2026 20:44,15.25,0.001,8.02
15/01/2026 20:14,15,0.001,8.02
15/01/2026 19:44,15.25,0.001,8.02
15/01/2026 19:14,15.125,0.001,8.02
15/01/2026 18:44,15.125,0.001,8.02
15/01/2026 18:14,15.125,0.001,8.03
15/01/2026 17:44,15.25,0.001,8.03
15/01/2026 17:14,15.25,0.001,8.03
15/01/2026 16:44,15.375,0.001,8.03
15/01/2026 16:44,15.375,0.001,8.03
15/01/2026 16:14,15.5,0.001,8.02
15/01/2026 15:44,15.375,0.001,8.02
15/01/2026 15:14,15.375,0.001,8.02
15/01/2026 14:44,15.375,0.001,8.02
15/01/2026 14:14,15.375,0.001,8.02
15/01/2026 13:44,15.5,0.001,8.01
15/01/2026 13:14,15.25,0.001,8.01
15/01/2026 12:44,15.25,0.001,8.01
15/01/2026 12:14,15.375,0.001,8.01
15/01/2026 11:44,15.375,0.001,8
15/01/2026 11:14,15.375,0.001,8
15/01/2026 10:44,15.375,0.001,8
15/01/2026 10:14,15.25,0.001,8
15/01/2026 09:44,15.25,0.001,7.99
15/01/2026 09:14,15.25,0.001,7.99
15/01/2026 08:44,15.375,0.001,7.99
15/01/2026 08:14,15.375,0.001,7.98
15/01/2026 07:44,15.125,0.001,7.98
15/01/2026 07:14,15.625,0.001,7.98
15/01/2026 06:44,15.625,0.001,7.98
15/01/2026 06:14,15.375,0.001,7.98
15/01/2026 05:44,15.375,0.001,7.98
15/01/2026 05:14,15.25,0.001,7.98
15/01/2026 04:44,15.5,0.001,7.98
15/01/2026 04:14,15.5,0.001,7.98
15/01/2026 03:44,15.25,0.001,7.98
15/01/2026 03:14,15.5,0.001,7.99
15/01/2026 02:44,15.375,0.001,7.99
15/01/2026 02:14,15.25,0.001,7.99
15/01/2026 01:44,15.375,0.001,7.99
15/01/2026 01:14,15.375,0.001,7.99
15/01/2026 00:44,15.5,0.001,7.99
15/01/2026 00:14,15.25,0.001,7.99
14/01/2026 23:44,15.375,0.001,8
14/01/2026 23:14,15.375,0.001,8
14/01/2026 22:44,15.125,0.001,8
14/01/2026 22:14,15.375,0.001,8
14/01/2026 21:44,15.375,0.001,8
14/01/2026 21:14,15.25,0.001,8
14/01/2026 20:44,15.375,0.001,8.01
14/01/2026 20:14,15.25,0.001,8.01
14/01/2026 19:44,15.5,0.001,8.01
14/01/2026 19:14,15.375,0.001,8.01
14/01/2026 18:44,15.25,0.001,8.01
14/01/2026 18:14,15.25,0.001,8.01
14/01/2026 17:44,15.375,0.001,8.01
14/01/2026 17:14,15.5,0.001,8.01
14/01/2026 17:14,15.5,0.001,8.01
14/01/2026 16:44,15.625,0.001,8.01
14/01/2026 16:14,15.625,0.001,8.01
14/01/2026 15:44,15.5,0.001,8.01
14/01/2026 15:44,15.5,0.001,8.01
14/01/2026 15:14,15.625,0.001,8.01
14/01/2026 14:44,16.625,0.001,8
14/01/2026 14:14,15.625,0.001,8
14/01/2026 13:44,15.5,0.001,8
14/01/2026 13:14,15.5,0.001,8
14/01/2026 12:44,15.625,0.001,7.99
14/01/2026 12:14,15.5,0.001,7.99
14/01/2026 11:44,15.375,0.001,7.99
14/01/2026 11:14,15.375,0.001,7.98
14/01/2026 10:44,15.5,0.001,7.98
14/01/2026 10:14,15.25,0.001,7.98
14/01/2026 09:44,15.375,0.001,7.98
14/01/2026 09:44,15.375,0.001,7.98
14/01/2026 09:14,15.5,0.001,7.97
14/01/2026 08:44,15.375,0.001,7.97
14/01/2026 08:14,15.625,0.001,7.97
14/01/2026 07:44,15.625,0.001,7.96
14/01/2026 07:14,15.5,0.001,7.96
14/01/2026 06:44,15.5,0.001,7.96
14/01/2026 06:14,15.375,0.001,7.96
14/01/2026 05:44,15.375,0.001,7.96
14/01/2026 05:14,15.5,0.001,7.96
14/01/2026 05:14,15.5,0.001,7.96
14/01/2026 04:44,14.75,0.001,7.96
14/01/2026 04:14,15.5,0.001,7.96
14/01/2026 03:44,15.625,0.001,7.96
14/01/2026 03:14,15.5,0.001,7.97
14/01/2026 02:44,15.625,0.001,7.97
14/01/2026 02:14,15.375,0.001,7.97
14/01/2026 01:44,15.5,0.001,7.97
14/01/2026 01:14,15.25,0.001,7.97
14/01/2026 00:44,15.625,0.001,7.97
14/01/2026 00:14,15.375,0.001,7.97
13/01/2026 23:44,15.375,0.001,7.97
13/01/2026 23:14,15.375,0.001,7.97
13/01/2026 23:14,15.375,0.001,7.97
13/01/2026 22:44,15.125,0.001,7.98
13/01/2026 22:14,15.25,0.001,7.97
13/01/2026 21:44,15.25,0.001,7.98
13/01/2026 21:14,15.375,0.001,7.98
13/01/2026 20:44,15.25,0.001,7.98
13/01/2026 20:14,15.25,0.001,7.98
13/01/2026 19:44,15.25,0.001,7.98
13/01/2026 19:14,15.125,0.001,7.98
13/01/2026 18:44,15.25,0.001,7.99
13/01/2026 18:14,15.125,0.001,7.99
13/01/2026 18:14,15.125,0.001,7.99
13/01/2026 17:44,15.125,0.001,7.99
13/01/2026 17:14,15.375,0.001,7.99
13/01/2026 16:44,15.375,0.001,7.99
13/01/2026 16:14,15.375,0.001,7.98
13/01/2026 16:14,15.375,0.001,7.98
13/01/2026 15:44,15.5,0.001,7.98
13/01/2026 15:14,15.5,0.001,7.98
13/01/2026 14:44,15.25,0.001,7.98
13/01/2026 14:14,15.625,0.001,7.98
13/01/2026 13:44,15.5,0.001,7.98
13/01/2026 13:14,15.5,0.001,7.98
13/01/2026 12:44,15.375,0.001,7.98
13/01/2026 12:14,15.5,0.001,7.98
13/01/2026 11:44,15.375,0.001,7.98
13/01/2026 11:14,15.375,0.001,7.98
13/01/2026 10:44,15.375,0.001,7.99
13/01/2026 10:14,15.25,0.001,7.99
13/01/2026 09:44,15.25,0.001,8
13/01/2026 09:14,15.375,0.001,7.99
13/01/2026 08:44,15.25,0.001,7.99
13/01/2026 08:14,15.375,0.001,7.99
13/01/2026 07:44,15.375,0.001,7.99
13/01/2026 07:14,15.375,0.001,7.99
13/01/2026 06:44,15.25,0.001,7.99
13/01/2026 06:14,15.375,0.001,7.99
13/01/2026 05:44,15.375,0.001,7.99
13/01/2026 05:14,15.375,0.001,7.99
13/01/2026 04:44,15.375,0.001,7.99
13/01/2026 04:14,15.5,0.001,7.99
13/01/2026 03:44,15.375,0.001,7.99
13/01/2026 03:14,15.375,0.001,7.99
13/01/2026 02:44,15.25,0.001,8
13/01/2026 02:14,15.25,0.001,8
13/01/2026 01:44,15.25,0.001,8
13/01/2026 01:14,15.25,0.001,8
13/01/2026 00:44,15.25,0.001,8
13/01/2026 00:14,15.125,0.001,8
12/01/2026 23:44,15.25,0.001,8.01
12/01/2026 23:14,15.375,0.001,8.01
12/01/2026 22:44,15.125,0.001,8.01
12/01/2026 22:14,15.125,0.001,8.01
12/01/2026 21:44,15,0.001,8.01
12/01/2026 21:14,14.875,0.001,8.01
12/01/2026 20:44,15.125,0.001,8.01
12/01/2026 20:14,15.125,0.001,8.02
12/01/2026 19:44,15.125,0.001,8.02
12/01/2026 19:14,15.125,0.001,8.02
12/01/2026 18:44,15.25,0.001,8.02
12/01/2026 18:14,15.125,0.001,8.02
12/01/2026 18:14,15.125,0.001,8.02
12/01/2026 17:44,15.125,0.001,8.02
12/01/2026 17:14,15.125,0.001,8.02
12/01/2026 16:44,15.125,0.001,8.02
12/01/2026 16:14,15.125,0.001,8.02
12/01/2026 15:44,15.125,0.001,8.02
12/01/2026 15:14,15.125,0.001,8.02
12/01/2026 14:44,15,0.001,8.01
12/01/2026 14:14,15,0.001,8.01
12/01/2026 13:44,15.25,0.001,8.01
12/01/2026 13:14,15.125,0.001,8.01
12/01/2026 12:44,15.125,0.001,8
12/01/2026 12:14,15,0.001,8
12/01/2026 11:44,15,0.001,8
12/01/2026 11:14,15.125,0.001,8
12/01/2026 11:14,15.125,0.001,8
12/01/2026 10:44,15.125,0.001,7.99
12/01/2026 10:14,15.125,0.001,7.99
12/01/2026 09:44,15,0.001,7.99
12/01/2026 09:14,15,0.001,7.99
12/01/2026 08:44,15.125,0.001,7.98
12/01/2026 08:14,15,0.001,7.98
12/01/2026 07:44,15,0.001,7.98
12/01/2026 07:14,15.25,0.001,7.98
12/01/2026 06:44,15.25,0.001,7.98
12/01/2026 06:14,15,0.001,7.98
12/01/2026 05:44,15,0.001,7.98
12/01/2026 05:14,15,0.001,7.99
12/01/2026 04:44,15.25,0.001,7.99
12/01/2026 04:14,15,0.001,7.99
12/01/2026 03:44,15.25,0.001,7.99
12/01/2026 03:14,15.125,0.001,7.99
12/01/2026 02:44,15.25,0.001,7.99
12/01/2026 02:14,15.25,0.001,8
12/01/2026 01:44,15.125,0.001,8
12/01/2026 01:14,15.375,0.001,8
12/01/2026 00:44,15.25,0.001,8
12/01/2026 00:14,15.25,0.001,8.01
11/01/2026 23:44,15.25,0.001,8.01
11/01/2026 23:14,15,0.001,8.01
11/01/2026 22:44,15.25,0.001,8.01
11/01/2026 22:14,15,0.001,8.02
11/01/2026 21:44,15,0.001,8.02
11/01/2026 21:14,15.125,0.001,8.02
11/01/2026 20:44,15.125,0.001,8.03
11/01/2026 20:14,15.25,0.001,8.03
11/01/2026 19:44,15,0.001,8.03
11/01/2026 19:14,15.25,0.001,8.03
11/01/2026 18:44,15.25,0.001,8.03
11/01/2026 18:14,15.25,0.001,8.04
11/01/2026 17:44,15.125,0.001,8.04
11/01/2026 17:14,15.25,0.001,8.04
11/01/2026 17:14,15.25,0.001,8.04
11/01/2026 16:44,15.375,0.001,8.03
11/01/2026 16:14,15.375,0.001,8.03
11/01/2026 15:44,15.125,0.001,8.03
11/01/2026 15:14,15.375,0.001,8.03
11/01/2026 14:44,15.25,0.001,8.03
11/01/2026 14:14,15.375,0.001,8.03
11/01/2026 13:44,15.25,0.001,8.02
11/01/2026 13:14,15.25,0.001,8.02
11/01/2026 12:44,15,0.001,8.02
11/01/2026 12:14,15.25,0.001,8.01
11/01/2026 11:44,15,0.001,8.01
11/01/2026 11:14,15.125,0.001,8.01
11/01/2026 10:44,15,0.001,8.01
11/01/2026 10:14,15.125,0.001,8
11/01/2026 09:44,15,0.001,8
11/01/2026 09:14,15.125,0.001,8
11/01/2026 08:44,15.125,0.001,8
11/01/2026 08:14,15.25,0.001,7.99
11/01/2026 07:44,15.25,0.001,8
11/01/2026 07:14,15.125,0.001,7.99
11/01/2026 07:14,15.125,0.001,7.99
11/01/2026 06:44,15.25,0.001,7.99
11/01/2026 06:14,15.25,0.001,7.99
11/01/2026 05:44,15.375,0.001,8
11/01/2026 05:14,15.375,0.001,8
11/01/2026 04:44,15.375,0.001,8
11/01/2026 04:14,15.375,0.001,8
11/01/2026 03:44,15.375,0.001,8
11/01/2026 03:14,15.25,0.001,8
11/01/2026 02:44,15.25,0.001,8
11/01/2026 02:14,15.125,0.001,8.01
11/01/2026 01:44,15.375,0.001,8.01
11/01/2026 01:14,15.375,0.001,8.01
11/01/2026 00:44,15.25,0.001,8.01
11/01/2026 00:14,15.375,0.001,8.01
10/01/2026 23:44,15.125,0.001,8.01
10/01/2026 23:14,15,0.001,8.02
10/01/2026 22:44,15.125,0.001,8.02
10/01/2026 22:14,15,0.001,8.02
10/01/2026 21:44,15.375,0.001,8.02
10/01/2026 21:14,15.25,0.001,8.02
10/01/2026 20:44,15.125,0.001,8.02
10/01/2026 20:14,15.125,0.001,8.03
10/01/2026 19:44,15,0.001,8.03
10/01/2026 19:14,15.125,0.001,8.03
10/01/2026 18:44,15.125,0.001,8.03
10/01/2026 18:14,15.375,0.001,8.03
10/01/2026 17:44,15.25,0.001,8.03
10/01/2026 17:14,15.25,0.001,8.03
10/01/2026 16:44,15.125,0.001,8.03
10/01/2026 16:14,15.5,0.001,8.03
10/01/2026 15:44,15.625,0.001,8.03
10/01/2026 15:14,15.5,0.001,8.03
10/01/2026 14:44,15.5,0.001,8.03
10/01/2026 14:14,15.375,0.001,8.02
10/01/2026 13:44,15.5,0.001,8.02
10/01/2026 13:14,15.375,0.001,8.02
10/01/2026 12:44,15.25,0.001,8.01
10/01/2026 12:14,15.375,0.001,8.01
10/01/2026 11:44,15.375,0.001,8.01
10/01/2026 11:44,15.375,0.001,8.01
10/01/2026 11:14,15.25,0.001,8.01
10/01/2026 10:44,15.5,0.001,8
10/01/2026 10:14,15.5,0.001,8
10/01/2026 09:44,15.25,0.001,8
10/01/2026 09:14,15.25,0.001,8
10/01/2026 08:44,15.375,0.001,7.99
10/01/2026 08:14,15.5,0.001,7.99
10/01/2026 07:44,15.5,0.001,7.99
10/01/2026 07:14,15.625,0.001,7.99
10/01/2026 06:44,15.5,0.001,7.99
10/01/2026 06:14,15.5,0.001,7.99
10/01/2026 05:44,15.625,0.001,7.99
10/01/2026 05:44,15.625,0.001,7.99
10/01/2026 05:14,15.375,0.001,7.99
10/01/2026 04:44,15.25,0.001,7.99
10/01/2026 04:14,15.25,0.001,7.99
10/01/2026 03:44,15.375,0.001,8
10/01/2026 03:44,15.375,0.001,8
10/01/2026 03:14,15.375,0.001,8
10/01/2026 02:44,15.5,0.001,8
10/01/2026 02:14,15.5,0.001,8
10/01/2026 01:44,15.25,0.001,8
10/01/2026 01:14,15.25,0.001,8
10/01/2026 00:44,15.375,0.001,8
10/01/2026 00:14,15.25,0.001,8.01
09/01/2026 23:44,15.125,0.001,8.01
09/01/2026 23:14,15,0.001,8.01
09/01/2026 22:44,15.375,0.001,8.01
09/01/2026 22:14,15.125,0.001,8.01
09/01/2026 21:44,15.375,0.001,8.01
09/01/2026 21:14,15.25,0.001,8.01
09/01/2026 20:44,15.125,0.001,8.02
09/01/2026 20:14,15.25,0.001,8.02
09/01/2026 19:44,15.5,0.001,8.02
09/01/2026 19:14,15.375,0.001,8.02
09/01/2026 18:44,15,0.001,8.02
09/01/2026 18:44,15,0.001,8.02
09/01/2026 18:14,15.25,0.001,8.02
09/01/2026 17:44,15.375,0.001,8.03
09/01/2026 17:14,15.5,0.001,8.02
09/01/2026 16:44,15.5,0.001,8.02
09/01/2026 16:14,15.5,0.001,8.02
09/01/2026 15:44,15.5,0.001,8.02
09/01/2026 15:14,15.5,0.001,8.02
09/01/2026 14:44,15.5,0.001,8.02
09/01/2026 14:14,15.5,0.001,8.01
09/01/2026 13:44,15.5,0.001,8.01
09/01/2026 13:14,15.375,0.001,8.01
09/01/2026 12:44,15.375,0.001,8.01
09/01/2026 12:14,15.5,0.001,8
09/01/2026 11:44,15.625,0.001,8
09/01/2026 11:14,15.5,0.001,8
09/01/2026 10:44,15.625,0.001,8
09/01/2026 10:14,15.375,0.001,7.99
09/01/2026 09:44,15.625,0.001,7.99
09/01/2026 09:44,15.625,0.001,7.99
09/01/2026 09:14,15.375,0.001,7.99
09/01/2026 08:44,15.5,0.001,7.99
09/01/2026 08:14,15.625,0.001,7.98
09/01/2026 07:44,15.375,0.001,7.98
09/01/2026 07:14,15.75,0.001,7.98
09/01/2026 06:44,16.625,0.001,7.98
09/01/2026 06:14,16.625,0.001,7.98
09/01/2026 05:44,15.625,0.001,7.98
09/01/2026 05:14,15.5,0.001,7.99
09/01/2026 04:44,16.625,0.001,7.99
09/01/2026 04:14,15.625,0.001,7.99
09/01/2026 03:44,15.625,0.001,7.99
09/01/2026 03:14,15.625,0.001,7.99
09/01/2026 02:44,15.625,0.001,7.99
09/01/2026 02:14,15.75,0.001,7.99
09/01/2026 01:44,16.625,0.001,8
09/01/2026 01:44,16.625,0.001,8
09/01/2026 01:14,16.625,0.001,8
09/01/2026 00:44,16.625,0.001,8
09/01/2026 00:44,16.625,0.001,8
09/01/2026 00:14,14.75,0.001,8
08/01/2026 23:44,15.75,0.001,8
08/01/2026 23:14,14.875,0.001,8
08/01/2026 22:44,14.75,0.001,8.01
08/01/2026 22:14,14.75,0.001,8.01
08/01/2026 21:44,15.875,0.001,8.01
08/01/2026 21:44,15.875,0.001,8.01
08/01/2026 21:14,15.75,0.001,8.01
08/01/2026 20:44,15.875,0.001,8.01
08/01/2026 20:14,16,0.001,8.02
08/01/2026 19:44,15.75,0.001,8.02
08/01/2026 19:14,16,0.001,8.02
08/01/2026 18:44,15.75,0.001,8.02
08/01/2026 18:14,16,0.001,8.02
08/01/2026 17:44,16.25,0.001,8.03
08/01/2026 17:14,16.125,0.001,8.02
08/01/2026 16:44,16.25,0.001,8.02
08/01/2026 16:14,16.25,0.001,8.02
08/01/2026 15:44,16.25,0.001,8.02
08/01/2026 15:14,16.375,0.001,8.02
08/01/2026 14:44,16.5,0.001,8.02
08/01/2026 14:14,16.5,0.001,8.01
08/01/2026 13:44,16.5,0.001,8.01
08/01/2026 13:14,16.5,0.001,8.01
08/01/2026 12:44,16.375,0.001,8
08/01/2026 12:14,16.25,0.001,8
08/01/2026 11:44,16.125,0.001,8
08/01/2026 11:14,16.125,0.001,7.99
08/01/2026 10:44,15.875,0.001,7.99
08/01/2026 10:14,15.625,0.001,7.99
08/01/2026 09:44,15.625,0.001,7.98
08/01/2026 09:14,15.5,0.001,7.98
08/01/2026 08:44,15.625,0.001,7.98
08/01/2026 08:14,15.375,0.001,7.97
08/01/2026 07:44,15.375,0.001,7.97
08/01/2026 07:14,15.375,0.001,7.97
08/01/2026 06:44,15.125,0.001,7.97
08/01/2026 06:14,15,0.001,7.97
08/01/2026 05:44,15.125,0.001,7.97
08/01/2026 05:14,15,0.001,7.97
08/01/2026 04:44,15.125,0.001,7.97
08/01/2026 04:14,15.25,0.001,7.97
08/01/2026 03:44,15,0.001,7.98
08/01/2026 03:14,15.125,0.001,7.97
08/01/2026 02:44,15.125,0.001,7.98
08/01/2026 02:14,15.125,0.001,7.98
08/01/2026 01:44,15.125,0.001,7.98
08/01/2026 01:14,15.125,0.001,7.98
08/01/2026 00:44,15.25,0.001,7.98
08/01/2026 00:14,15.25,0.001,7.98
07/01/2026 23:44,15.375,0.001,7.98
07/01/2026 23:14,15.25,0.001,7.99
07/01/2026 22:44,15.125,0.001,7.99
07/01/2026 22:14,15.25,0.001,7.99
07/01/2026 21:44,15.375,0.001,7.99
07/01/2026 21:14,15.375,0.001,8
07/01/2026 20:44,15.375,0.001,8
07/01/2026 20:14,15.375,0.001,8
07/01/2026 19:44,15.5,0.001,8
07/01/2026 19:14,15.375,0.001,8
07/01/2026 18:44,15.25,0.001,8
07/01/2026 18:14,15.375,0.001,8.01
07/01/2026 17:44,15.375,0.001,8
07/01/2026 17:14,15.375,0.001,8
07/01/2026 16:44,15.25,0.001,8
07/01/2026 16:14,15,0.001,8
07/01/2026 15:44,14.875,0.001,8
07/01/2026 15:14,14.875,0.001,7.99
07/01/2026 14:44,14.875,0.001,7.99
07/01/2026 14:14,14.75,0.001,7.99
07/01/2026 13:44,14.75,0.001,7.98
07/01/2026 13:14,14.625,0.001,7.98
07/01/2026 12:44,14.5,0.001,7.97
07/01/2026 12:14,14.375,0.001,7.97
07/01/2026 11:44,14.25,0.001,7.97
07/01/2026 11:14,14.125,0.001,7.96
07/01/2026 10:44,14.125,0.001,7.96
07/01/2026 10:14,14,0.001,7.96
07/01/2026 09:44,14,0.001,7.95
07/01/2026 09:14,14.125,0.001,7.95
07/01/2026 08:44,14,0.001,7.95
07/01/2026 08:14,13.875,0.001,7.95
07/01/2026 07:44,13.875,0.001,7.95
07/01/2026 07:14,13.875,0.001,7.94
07/01/2026 06:44,14,0.001,7.94
07/01/2026 06:14,14,0.001,7.94
07/01/2026 05:44,13.875,0.001,7.94
07/01/2026 05:14,14,0.001,7.95
07/01/2026 04:44,14.25,0.001,7.95
07/01/2026 04:14,14.25,0.001,7.95
07/01/2026 03:44,14.375,0.001,7.95
07/01/2026 03:14,14.25,0.001,7.95
07/01/2026 02:44,14.375,0.001,7.96
07/01/2026 02:14,14.625,0.001,7.96
07/01/2026 01:44,14.5,0.001,7.96
07/01/2026 01:44,14.5,0.001,7.96
07/01/2026 01:14,14.625,0.001,7.96
07/01/2026 00:44,14.625,0.001,7.97
07/01/2026 00:14,13.75,0.001,7.97
06/01/2026 23:44,13.875,0.001,7.97
06/01/2026 23:14,14.875,0.001,7.97
06/01/2026 22:44,14.75,0.001,7.97
06/01/2026 22:14,14.875,0.001,7.98
06/01/2026 21:44,15.125,0.001,7.98
06/01/2026 21:14,15.125,0.001,7.98
06/01/2026 20:44,15,0.001,7.98
06/01/2026 20:14,15.25,0.001,7.99
06/01/2026 19:44,15.375,0.001,7.99
06/01/2026 19:14,15.375,0.001,7.99
06/01/2026 18:44,15.625,0.001,7.99
06/01/2026 18:14,15.625,0.001,7.99
06/01/2026 17:44,15.5,0.001,7.99
06/01/2026 17:14,15.5,0.001,7.99
06/01/2026 16:44,15.375,0.001,7.99
06/01/2026 16:14,15.25,0.001,7.99
06/01/2026 16:14,15.25,0.001,7.99
06/01/2026 15:44,15,0.001,7.99
06/01/2026 15:14,15,0.001,7.99
06/01/2026 14:44,15,0.001,7.99
06/01/2026 14:14,15,0.001,7.98
06/01/2026 13:44,14.75,0.001,7.98
06/01/2026 13:14,13.75,0.001,7.98
06/01/2026 12:44,14.5,0.001,7.98
06/01/2026 12:14,14.75,0.001,7.97
06/01/2026 11:44,14.5,0.001,7.97
06/01/2026 11:14,14.625,0.001,7.97
06/01/2026 10:44,14.625,0.001,7.97
06/01/2026 10:14,15.625,0.001,7.97
06/01/2026 09:44,15.625,0.001,7.97
06/01/2026 09:14,13.75,0.001,7.97
06/01/2026 08:44,14.75,0.001,7.97
06/01/2026 08:14,14.5,0.001,7.97
06/01/2026 07:44,14.75,0.001,7.96
06/01/2026 07:14,14.625,0.001,7.96
06/01/2026 06:44,14.75,0.001,7.96
06/01/2026 06:14,15.625,0.001,7.96
06/01/2026 05:44,14.75,0.001,7.96
06/01/2026 05:14,14.75,0.001,7.97
06/01/2026 04:44,15,0.001,7.97
06/01/2026 04:14,14.75,0.001,7.97
06/01/2026 03:44,14.875,0.001,7.97
06/01/2026 03:14,15,0.001,7.97
06/01/2026 02:44,15,0.001,7.97
06/01/2026 02:14,15.125,0.001,7.98
06/01/2026 01:44,15.125,0.001,7.98
06/01/2026 01:14,15.25,0.001,7.98
06/01/2026 00:44,15.25,0.001,7.98
06/01/2026 00:14,15.25,0.001,7.98
05/01/2026 23:44,15.25,0.001,7.99
05/01/2026 23:14,15.5,0.001,7.99
05/01/2026 22:44,15.375,0.001,7.99
05/01/2026 22:14,15.125,0.001,7.99
05/01/2026 21:44,15.375,0.001,7.99
05/01/2026 21:14,15.5,0.001,7.99
05/01/2026 20:44,15.375,0.001,8
05/01/2026 20:14,15.5,0.001,8
05/01/2026 19:44,15.25,0.001,8
05/01/2026 19:14,15.25,0.001,8
05/01/2026 18:44,15.5,0.001,8
05/01/2026 18:14,15.375,0.001,8
05/01/2026 17:44,15.375,0.001,8
05/01/2026 17:44,15.375,0.001,8
05/01/2026 17:14,15.5,0.001,8
05/01/2026 16:44,15.5,0.001,8
05/01/2026 16:14,15.625,0.001,8
05/01/2026 15:44,14.75,0.001,8
05/01/2026 15:14,15.625,0.001,8
05/01/2026 14:44,16.625,0.001,8
05/01/2026 14:14,15.75,0.001,8
05/01/2026 13:44,15.625,0.001,8
05/01/2026 13:14,15.75,0.001,8
05/01/2026 12:44,15.5,0.001,8
05/01/2026 12:14,16.5,0.001,8.01
05/01/2026 11:44,14.75,0.001,8.01
05/01/2026 11:14,15.625,0.001,8
05/01/2026 10:44,15.5,0.001,8
05/01/2026 10:14,15.625,0.001,8
05/01/2026 09:44,15.5,0.001,8
05/01/2026 09:14,15.5,0.001,8
05/01/2026 08:44,15.5,0.001,7.99
05/01/2026 08:14,15.625,0.001,7.99
05/01/2026 07:44,15.625,0.001,7.99
05/01/2026 07:14,16.625,0.001,7.99
05/01/2026 06:44,15.5,0.001,7.99
05/01/2026 06:14,15.625,0.001,7.99
05/01/2026 05:44,14.75,0.001,7.99
05/01/2026 05:14,16.625,0.001,7.99
05/01/2026 04:44,15.625,0.001,7.99
05/01/2026 04:14,15.625,0.001,8
05/01/2026 03:44,15.5,0.001,7.99
05/01/2026 03:14,15.625,0.001,8
05/01/2026 02:44,15.625,0.001,8
05/01/2026 02:14,15.5,0.001,8
05/01/2026 01:44,15.5,0.001,8
05/01/2026 01:14,15.5,0.001,8
05/01/2026 00:44,15.125,0.001,8
05/01/2026 00:14,15.375,0.001,8.01
04/01/2026 23:44,15.5,0.001,8.01
04/01/2026 23:14,15.375,0.001,8.01
04/01/2026 22:44,15.375,0.001,8.01
04/01/2026 22:14,15.25,0.001,8.01
04/01/2026 21:44,15.125,0.001,8.02
04/01/2026 21:14,15.125,0.001,8.02
04/01/2026 20:44,15.125,0.001,8.02
04/01/2026 20:14,15.375,0.001,8.03
04/01/2026 19:44,15.25,0.001,8.03
04/01/2026 19:14,15.125,0.001,8.03
04/01/2026 18:44,15.25,0.001,8.03
04/01/2026 18:14,15.375,0.001,8.03
04/01/2026 17:44,15.5,0.001,8.03
04/01/2026 17:14,15.375,0.001,8.03
04/01/2026 16:44,15.5,0.001,8.03
04/01/2026 16:14,15.625,0.001,8.03
04/01/2026 15:44,15.5,0.001,8.03
04/01/2026 15:14,15.5,0.001,8.03
04/01/2026 14:44,15.5,0.001,8.02
04/01/2026 14:14,15.625,0.001,8.02
04/01/2026 14:14,15.625,0.001,8.02
04/01/2026 13:44,15.625,0.001,8.02
04/01/2026 13:14,15.625,0.001,8.01
04/01/2026 12:44,15.5,0.001,8.01
04/01/2026 12:14,15.5,0.001,8.01
04/01/2026 11:44,15.375,0.001,8.01
04/01/2026 11:14,15.5,0.001,8
04/01/2026 10:44,15.5,0.001,8
04/01/2026 10:14,15.5,0.001,8
04/01/2026 09:44,15.5,0.001,7.99
04/01/2026 09:14,15.375,0.001,7.99
04/01/2026 08:44,15.25,0.001,7.99
04/01/2026 08:14,15.5,0.001,7.99
04/01/2026 07:44,15.375,0.001,7.99
04/01/2026 07:14,15.375,0.001,7.99
04/01/2026 06:44,15.375,0.001,7.99
04/01/2026 06:14,15.625,0.001,7.99
04/01/2026 05:44,15.375,0.001,7.99
04/01/2026 05:14,15.25,0.001,7.99
04/01/2026 04:44,15.5,0.001,7.99
04/01/2026 04:14,15.25,0.001,7.99
04/01/2026 03:44,15.125,0.001,7.99
04/01/2026 03:14,15.375,0.001,7.99
04/01/2026 02:44,15.5,0.001,8
04/01/2026 02:14,15.125,0.001,7.99
04/01/2026 01:44,15.375,0.001,8
04/01/2026 01:14,15.25,0.001,8
04/01/2026 00:44,15.375,0.001,8
04/01/2026 00:14,15.125,0.001,8
03/01/2026 23:44,15.125,0.001,8
03/01/2026 23:14,15.25,0.001,8
03/01/2026 22:44,15.25,0.001,8
03/01/2026 22:14,15.25,0.001,8
03/01/2026 21:44,15.25,0.001,8
03/01/2026 21:14,15.25,0.001,8.01
03/01/2026 20:44,15.25,0.001,8.01
03/01/2026 20:14,15.25,0.001,8.01
03/01/2026 19:44,15.25,0.001,8.01
03/01/2026 19:14,15,0.001,8.01
03/01/2026 18:44,15.25,0.001,8.01
03/01/2026 18:14,15.375,0.001,8.01
03/01/2026 17:44,15.375,0.001,8.01
03/01/2026 17:14,15.5,0.001,8.01
03/01/2026 16:44,15.375,0.001,8.01
03/01/2026 16:14,15.5,0.001,8.01
03/01/2026 15:44,15.375,0.001,8.01
03/01/2026 15:14,15.5,0.001,8.01
03/01/2026 14:44,15.625,0.001,8
03/01/2026 14:14,15.5,0.001,8
03/01/2026 13:44,15.375,0.001,8
03/01/2026 13:14,15.25,0.001,8
03/01/2026 12:44,15.375,0.001,7.99
03/01/2026 12:14,15.375,0.001,7.99
03/01/2026 11:44,15.375,0.001,7.99
03/01/2026 11:14,15.25,0.001,7.98
03/01/2026 10:44,15.25,0.001,7.98
03/01/2026 10:14,15.25,0.001,7.98
03/01/2026 09:44,15.125,0.001,7.98
03/01/2026 09:14,15.375,0.001,7.97
03/01/2026 08:44,15.375,0.001,7.97
03/01/2026 08:14,15.375,0.001,7.97
03/01/2026 07:44,15.375,0.001,7.97
03/01/2026 07:14,15.5,0.001,7.97
03/01/2026 06:44,15.375,0.001,7.96
03/01/2026 06:14,15.125,0.001,7.96
03/01/2026 05:44,15,0.001,7.97
03/01/2026 05:14,15.375,0.001,7.97
03/01/2026 04:44,15.375,0.001,7.97
03/01/2026 04:14,15.125,0.001,7.97
03/01/2026 03:44,15.25,0.001,7.97
03/01/2026 03:14,15.125,0.001,7.97
03/01/2026 02:44,15.25,0.001,7.97
03/01/2026 02:14,15.125,0.001,7.97
03/01/2026 01:44,15,0.001,7.97
03/01/2026 01:14,15,0.001,7.97
03/01/2026 00:44,15,0.001,7.97
03/01/2026 00:14,15,0.001,7.97
02/01/2026 23:44,15,0.001,7.98
02/01/2026 23:14,14.875,0.001,7.97
02/01/2026 22:44,14.875,0.001,7.98
02/01/2026 22:14,15,0.001,7.98
02/01/2026 21:44,14.875,0.001,7.98
02/01/2026 21:14,14.75,0.001,7.98
02/01/2026 20:44,14.875,0.001,7.98
02/01/2026 20:14,14.875,0.001,7.98
02/01/2026 19:44,14.75,0.001,7.98
02/01/2026 19:14,14.75,0.001,7.99
02/01/2026 18:44,14.75,0.001,7.99
02/01/2026 18:14,13.75,0.001,7.99
02/01/2026 17:44,14.75,0.001,7.99
02/01/2026 17:14,14.875,0.001,7.99
02/01/2026 16:44,14.75,0.001,7.98
02/01/2026 16:14,15.625,0.001,7.98
02/01/2026 15:44,14.875,0.001,7.98
02/01/2026 15:14,14.75,0.001,7.98
02/01/2026 14:44,14.75,0.001,7.98
02/01/2026 14:14,14.75,0.001,7.97
02/01/2026 13:44,14.875,0.001,7.97
02/01/2026 13:14,14.625,0.001,7.97
02/01/2026 12:44,14.625,0.001,7.97
02/01/2026 12:14,15.5,0.001,7.97
02/01/2026 11:44,14.625,0.001,7.97
02/01/2026 11:14,14.625,0.001,7.97
02/01/2026 10:44,14.5,0.001,7.97
02/01/2026 10:14,14.5,0.001,7.97
02/01/2026 09:44,14.375,0.001,7.97
02/01/2026 09:14,14.375,0.001,7.96
02/01/2026 08:44,14.375,0.001,7.96
02/01/2026 08:14,14.5,0.001,7.96
02/01/2026 07:44,14.375,0.001,7.96
02/01/2026 07:14,14.375,0.001,7.96
02/01/2026 06:44,14.375,0.001,7.95
02/01/2026 06:14,14.25,0.001,7.96
02/01/2026 06:14,14.25,0.001,7.96
02/01/2026 05:44,14.25,0.001,7.96
02/01/2026 05:14,14.375,0.001,7.96
02/01/2026 04:44,14.375,0.001,7.96
02/01/2026 04:14,14.375,0.001,7.96
02/01/2026 03:44,14.25,0.001,7.96
02/01/2026 03:14,14.375,0.001,7.96
02/01/2026 02:44,14.25,0.001,7.96
02/01/2026 02:14,14.25,0.001,7.96
02/01/2026 01:44,14.25,0.001,7.96
02/01/2026 01:14,14.375,0.001,7.96
02/01/2026 01:14,14.375,0.001,7.96
02/01/2026 00:44,14.375,0.001,7.97
02/01/2026 00:14,14.375,0.001,7.97
01/01/2026 23:44,14.25,0.001,7.97
01/01/2026 23:14,14.375,0.001,7.97
01/01/2026 22:44,14.375,0.001,7.97
01/01/2026 22:14,14.375,0.001,7.97
01/01/2026 21:44,14.375,0.001,7.97
01/01/2026 21:14,14.375,0.001,7.97
01/01/2026 20:44,14.25,0.001,7.97
01/01/2026 20:14,14.375,0.001,7.98
01/01/2026 19:44,14.25,0.001,7.98
01/01/2026 19:14,14.5,0.001,7.98
01/01/2026 18:44,13.75,0.001,7.98
01/01/2026 18:14,14.5,0.001,7.99
01/01/2026 17:44,14.625,0.001,7.98
01/01/2026 17:14,14.875,0.001,7.98
01/01/2026 16:44,15.625,0.001,7.98
01/01/2026 16:14,13.75,0.001,7.98
01/01/2026 15:44,15.625,0.001,7.98
01/01/2026 15:14,13.75,0.001,7.98
01/01/2026 14:44,13.75,0.001,7.97
01/01/2026 14:14,14.625,0.001,7.97
01/01/2026 13:44,15.5,0.001,7.97
01/01/2026 13:14,14.625,0.001,7.96
01/01/2026 12:44,14.625,0.001,7.96
01/01/2026 12:14,15.625,0.001,7.96
01/01/2026 11:44,14.875,0.001,7.95
01/01/2026 11:14,14.625,0.001,7.95
01/01/2026 10:44,13.75,0.001,7.95
01/01/2026 10:44,13.75,0.001,7.95
01/01/2026 10:14,14.5,0.001,7.94
01/01/2026 09:44,14.5,0.001,7.94
01/01/2026 09:14,14.5,0.001,7.94
01/01/2026 08:44,14.5,0.001,7.94
01/01/2026 08:14,14.5,0.001,7.93
01/01/2026 07:44,14.5,0.001,7.93
01/01/2026 07:14,15.5,0.001,7.93
01/01/2026 06:44,14.625,0.001,7.93
01/01/2026 06:14,14.375,0.001,7.93
01/01/2026 05:44,14.5,0.001,7.93
01/01/2026 05:14,14.625,0.001,7.93
01/01/2026 04:44,14.5,0.001,7.93
01/01/2026 04:14,14.625,0.001,7.93
01/01/2026 03:44,14.375,0.001,7.93
01/01/2026 03:14,14.375,0.001,7.93
01/01/2026 02:44,14.375,0.001,7.93
01/01/2026 02:14,14.375,0.001,7.93
01/01/2026 01:44,14.375,0.001,7.93
01/01/2026 01:14,14.375,0.001,7.93
01/01/2026 00:44,14.375,0.001,7.93
01/01/2026 00:14,14.625,0.001,7.93
31/12/2025 23:44,14.375,0.001,7.93
31/12/2025 23:14,14.375,0.001,7.93
31/12/2025 22:44,14.625,0.001,7.93
31/12/2025 22:14,14.625,0.001,7.93
31/12/2025 21:44,14.375,0.001,7.94
31/12/2025 21:14,14.625,0.001,7.93
31/12/2025 20:44,14.25,0.001,7.93
31/12/2025 20:14,14.5,0.001,7.94
31/12/2025 19:44,14.375,0.001,7.94
31/12/2025 19:14,14.625,0.001,7.94
31/12/2025 18:44,14.5,0.001,7.94
31/12/2025 18:14,14.5,0.001,7.94
31/12/2025 18:14,14.5,0.001,7.94
31/12/2025 17:44,15.5,0.001,7.94
31/12/2025 17:14,14.625,0.001,7.94
31/12/2025 16:44,14.625,0.001,7.94
31/12/2025 16:14,14.75,0.001,7.93
31/12/2025 15:44,14.625,0.001,7.93
31/12/2025 15:14,13.875,0.001,7.93
31/12/2025 14:44,15.625,0.001,7.92
31/12/2025 14:14,14.625,0.001,7.92
31/12/2025 13:44,14.625,0.001,7.92
31/12/2025 13:14,14.625,0.001,7.91
31/12/2025 12:44,15.5,0.001,7.91
31/12/2025 12:14,13.75,0.001,7.9
31/12/2025 11:44,15.625,0.001,7.9
31/12/2025 11:14,13.75,0.001,7.9
31/12/2025 10:44,15.625,0.001,7.89
31/12/2025 10:14,14.625,0.001,7.89
31/12/2025 09:44,14.5,0.001,7.89
31/12/2025 09:14,13.75,0.001,7.88
31/12/2025 08:44,13.75,0.001,7.88
31/12/2025 08:14,14.75,0.001,7.88
31/12/2025 07:44,15.625,0.001,7.87
31/12/2025 07:14,14.625,0.001,7.87
31/12/2025 06:44,15.625,0.001,7.87
31/12/2025 06:14,15.625,0.001,7.87
31/12/2025 05:44,15.625,0.001,7.87
31/12/2025 05:14,14.75,0.001,7.87
31/12/2025 05:14,14.75,0.001,7.87
31/12/2025 04:44,15.625,0.001,7.87
31/12/2025 04:14,14.75,0.001,7.86
31/12/2025 03:44,14.5,0.001,7.87
31/12/2025 03:14,14.875,0.001,7.86
31/12/2025 02:44,14.75,0.001,7.86
31/12/2025 02:14,14.875,0.001,7.86
31/12/2025 01:44,14.875,0.001,7.86
31/12/2025 01:14,14.875,0.001,7.86
31/12/2025 00:44,14.625,0.001,7.87
31/12/2025 00:14,14.625,0.001,7.87
30/12/2025 23:44,14.5,0.001,7.86
30/12/2025 23:14,14.625,0.001,7.86
30/12/2025 22:44,14.75,0.001,7.86
30/12/2025 22:14,13.75,0.001,7.87
30/12/2025 21:44,15.625,0.001,7.87
30/12/2025 21:14,13.75,0.001,7.87
30/12/2025 20:44,15.625,0.001,7.87
30/12/2025 20:14,13.875,0.001,7.87
30/12/2025 19:44,14.75,0.001,7.87
30/12/2025 19:14,13.875,0.001,7.87
30/12/2025 18:44,14.75,0.001,7.87
30/12/2025 18:14,14.875,0.001,7.88
30/12/2025 17:44,15.125,0.001,7.88
30/12/2025 17:21,15.625,0.001,7.88
30/12/2025 17:21,14.875,0.001,7.89
30/12/2025 17:21,15.75,0.001,7.89
30/12/2025 17:14,14.75,0.001,7.88
30/12/2025 17:14,14.75,0.001,7.88
30/12/2025 16:44,16.625,0.001,7.89
30/12/2025 16:14,15.75,0.001,7.89
30/12/2025 15:44,15.75,0.001,7.9
30/12/2025 15:14,15.75,0.001,7.9
30/12/2025 14:44,15.875,0.001,7.91
30/12/2025 14:14,15.875,0.001,7.92
30/12/2025 13:44,15.875,0.001,7.93
30/12/2025 13:14,15.75,0.001,7.94
30/12/2025 12:44,15.75,0.001,7.95
30/12/2025 12:14,15.875,0.001,7.96
30/12/2025 11:44,15.75,0.001,7.97
30/12/2025 11:14,15.875,0.001,7.98
30/12/2025 10:44,15.75,0.001,7.98
30/12/2025 10:14,15.875,0.001,7.99
30/12/2025 09:44,15.75,0.001,7.99
30/12/2025 09:14,15.875,0.001,7.99
30/12/2025 08:44,15.75,0.001,7.98
30/12/2025 08:14,15.875,0.001,7.99
30/12/2025 07:44,15.875,0.001,7.98
30/12/2025 07:14,16,0.001,7.98
30/12/2025 06:44,15.75,0.001,7.98
30/12/2025 06:14,15.75,0.001,7.98
30/12/2025 05:44,15.875,0.001,7.98
30/12/2025 05:14,15.75,0.001,7.99
30/12/2025 04:44,16,0.001,7.99
30/12/2025 04:14,16,0.001,7.99
30/12/2025 03:44,15.875,0.001,7.99
30/12/2025 03:14,16,0.001,7.99
30/12/2025 02:44,16,0.001,8
30/12/2025 02:14,15.75,0.001,8
30/12/2025 01:44,15.875,0.001,8
30/12/2025 01:14,15.875,0.001,8
30/12/2025 00:44,15.875,0.001,8
30/12/2025 00:14,15.75,0.001,8
29/12/2025 23:44,15.75,0.001,8
29/12/2025 23:14,15.875,0.001,8
29/12/2025 22:44,15.75,0.001,8.01
29/12/2025 22:14,15.75,0.001,8.01
29/12/2025 21:44,14.75,0.001,8.01
29/12/2025 21:14,15.75,0.001,8.01
29/12/2025 20:44,15.75,0.001,8.01
29/12/2025 20:14,15.5,0.001,8.01
29/12/2025 19:44,15.625,0.001,8.01
29/12/2025 19:14,15.75,0.001,8.02
29/12/2025 18:44,15.625,0.001,8.02
29/12/2025 18:14,16.625,0.001,8.02
29/12/2025 17:44,15.875,0.001,8.02
29/12/2025 17:14,15.75,0.001,8.02
29/12/2025 16:44,15.875,0.001,8.02
29/12/2025 16:14,15.875,0.001,8.02
29/12/2025 15:44,15.875,0.001,8.02
29/12/2025 15:14,16.625,0.001,8.02
29/12/2025 14:44,16,0.001,8.01
29/12/2025 14:14,15.875,0.001,8.01
29/12/2025 13:44,15.75,0.001,8.01
29/12/2025 13:14,15.875,0.001,8.01
29/12/2025 12:44,15.75,0.001,8
29/12/2025 12:14,15.75,0.001,8
29/12/2025 11:44,15.75,0.001,8
29/12/2025 11:14,15.75,0.001,8
29/12/2025 10:44,15.75,0.001,8
29/12/2025 10:14,15.875,0.001,8
29/12/2025 09:44,15.625,0.001,7.99
29/12/2025 09:14,15.75,0.001,7.99
29/12/2025 08:44,15.75,0.001,7.99
29/12/2025 08:14,15.625,0.001,7.99
29/12/2025 07:44,15.875,0.001,7.99
29/12/2025 07:14,16,0.001,7.99
29/12/2025 06:44,15.875,0.001,7.99
29/12/2025 06:14,15.875,0.001,7.99
29/12/2025 06:14,15.875,0.001,7.99
29/12/2025 05:44,15.75,0.001,7.99
29/12/2025 05:14,15.75,0.001,7.99
29/12/2025 04:44,15.75,0.001,8
29/12/2025 04:14,15.875,0.001,8
29/12/2025 03:44,15.75,0.001,8
29/12/2025 03:14,15.75,0.001,8
29/12/2025 02:44,15.75,0.001,8
29/12/2025 02:14,15.75,0.001,8
29/12/2025 01:44,15.75,0.001,8.01
29/12/2025 01:14,14.75,0.001,8.01
29/12/2025 00:44,16.625,0.001,8.01
29/12/2025 00:14,15.75,0.001,8.01
28/12/2025 23:44,14.75,0.001,8.01
28/12/2025 23:14,14.875,0.001,8.01
28/12/2025 22:44,15.75,0.001,8.01
28/12/2025 22:40,14.75,0.001,8.01
28/12/2025 22:14,15.75,0.001,8.02
28/12/2025 21:44,16.625,0.001,8.02
28/12/2025 21:14,15.75,0.001,8.02
28/12/2025 20:44,14.75,0.001,8.02
28/12/2025 20:14,15.625,0.001,8.02
28/12/2025 19:44,15.5,0.001,8.02
28/12/2025 19:14,14.75,0.001,8.02
28/12/2025 18:44,15.625,0.001,8.03
28/12/2025 18:44,15.625,0.001,8.03
28/12/2025 18:14,15.625,0.001,8.03
28/12/2025 17:44,15.625,0.001,8.03
28/12/2025 17:14,14.75,0.001,8.02
28/12/2025 16:44,14.75,0.001,8.02
28/12/2025 16:14,15.625,0.001,8.02
28/12/2025 15:44,16.625,0.001,8.02
28/12/2025 15:14,14.875,0.001,8.02
28/12/2025 14:44,15.75,0.001,8.02
28/12/2025 14:14,15.75,0.001,8.02
28/12/2025 13:44,15.75,0.001,8.01
28/12/2025 13:14,15.75,0.001,8.01
28/12/2025 12:44,14.75,0.001,8.01
28/12/2025 12:14,15.75,0.001,8.01
28/12/2025 11:44,15.875,0.001,8.01
28/12/2025 11:14,15.75,0.001,8
28/12/2025 10:44,16.625,0.001,8
28/12/2025 10:14,15.75,0.001,8
28/12/2025 09:44,14.75,0.001,8
28/12/2025 09:14,15.875,0.001,7.99
28/12/2025 08:44,15.875,0.001,7.99
28/12/2025 08:14,15.75,0.001,7.99
28/12/2025 07:44,14.75,0.001,7.99
28/12/2025 07:14,15.75,0.001,7.99
28/12/2025 06:44,15.75,0.001,7.99
28/12/2025 06:14,15.75,0.001,7.99
28/12/2025 05:44,15.75,0.001,7.99
28/12/2025 05:14,15.875,0.001,7.99
28/12/2025 04:44,15.75,0.001,7.99
28/12/2025 04:14,15.75,0.001,7.99
28/12/2025 03:44,15.75,0.001,7.99
28/12/2025 03:14,15.75,0.001,7.99
28/12/2025 02:44,15.625,0.001,8
28/12/2025 02:14,15.625,0.001,8
28/12/2025 01:44,15.5,0.001,8
28/12/2025 01:14,15.75,0.001,8
28/12/2025 00:44,16.625,0.001,8
28/12/2025 00:14,14.75,0.001,8
27/12/2025 23:44,16.625,0.001,8
27/12/2025 23:14,14.75,0.001,8
27/12/2025 22:44,15.75,0.001,8.01
27/12/2025 22:14,15.625,0.001,8.01
27/12/2025 21:44,15.625,0.001,8.01
27/12/2025 21:14,16.625,0.001,8.01
27/12/2025 20:44,15.625,0.001,8.01
27/12/2025 20:14,14.75,0.001,8.01
27/12/2025 19:44,15.625,0.001,8.01
27/12/2025 19:14,15.625,0.001,8.01
27/12/2025 19:14,15.625,0.001,8.01
27/12/2025 18:44,15.625,0.001,8.02
27/12/2025 18:14,16.625,0.001,8.02
27/12/2025 17:44,14.75,0.001,8.02
27/12/2025 17:14,15.625,0.001,8.02
27/12/2025 16:44,15.625,0.001,8.02
27/12/2025 16:14,15.625,0.001,8.01
27/12/2025 15:44,14.75,0.001,8.01
27/12/2025 15:14,15.625,0.001,8.01
27/12/2025 14:44,15.5,0.001,8.01
27/12/2025 14:14,14.75,0.001,8.01
27/12/2025 13:44,15.75,0.001,8
27/12/2025 13:14,16.625,0.001,8
27/12/2025 12:44,14.75,0.001,8
27/12/2025 12:14,15.625,0.001,8
27/12/2025 11:44,16.625,0.001,7.99
27/12/2025 11:14,16.625,0.001,7.99
27/12/2025 10:44,15.75,0.001,7.99
27/12/2025 10:14,15.625,0.001,7.98
27/12/2025 09:44,14.75,0.001,7.98
27/12/2025 09:14,15.625,0.001,7.98
27/12/2025 08:44,15.5,0.001,7.98
27/12/2025 08:14,15.75,0.001,7.98
27/12/2025 07:44,15.625,0.001,7.97
27/12/2025 07:14,15.625,0.001,7.97
27/12/2025 06:44,16.625,0.001,7.97
27/12/2025 06:14,14.75,0.001,7.97
27/12/2025 05:44,15.625,0.001,7.97
27/12/2025 05:14,14.75,0.001,7.98
27/12/2025 04:44,16.625,0.001,7.98
27/12/2025 04:14,14.75,0.001,7.98
27/12/2025 03:44,15.75,0.001,7.98
27/12/2025 03:14,15.75,0.001,7.98
27/12/2025 02:44,16.625,0.001,7.98
27/12/2025 02:14,15.625,0.001,7.98
27/12/2025 01:44,15.75,0.001,7.98
27/12/2025 01:14,15.625,0.001,7.99
27/12/2025 00:44,15.875,0.001,7.99
27/12/2025 00:14,15.75,0.001,7.99
26/12/2025 23:44,15.875,0.001,7.99
26/12/2025 23:14,15.75,0.001,7.99
26/12/2025 22:44,15.625,0.001,8
26/12/2025 22:14,15.875,0.001,8
26/12/2025 21:44,14.75,0.001,8
26/12/2025 21:14,14.75,0.001,8
26/12/2025 20:44,15.625,0.001,8
26/12/2025 20:14,15.75,0.001,8
26/12/2025 19:44,14.75,0.001,8
26/12/2025 19:14,15.5,0.001,8
26/12/2025 18:44,15.625,0.001,8.01
26/12/2025 18:14,15.5,0.001,8.01
26/12/2025 17:44,14.75,0.001,8.01
26/12/2025 17:44,14.75,0.001,8.01
26/12/2025 17:14,15.75,0.001,8
26/12/2025 16:44,14.75,0.001,8
26/12/2025 16:14,15.875,0.001,8
26/12/2025 15:44,16.625,0.001,8
26/12/2025 15:14,15.875,0.001,8
26/12/2025 15:14,15.875,0.001,8
26/12/2025 14:44,15.875,0.001,8
26/12/2025 14:14,15.875,0.001,8
26/12/2025 13:44,15.75,0.001,7.99
26/12/2025 13:14,15.75,0.001,7.99
26/12/2025 12:44,15.875,0.001,7.99
26/12/2025 12:14,15.875,0.001,7.99
26/12/2025 11:44,15.75,0.001,7.98
26/12/2025 11:14,15.875,0.001,7.99
26/12/2025 11:14,15.875,0.001,7.99
26/12/2025 10:44,14.875,0.001,7.99
26/12/2025 10:14,15.625,0.001,7.99
26/12/2025 10:14,15.625,0.001,7.99
26/12/2025 09:44,15.875,0.001,7.98
26/12/2025 09:14,16.625,0.001,7.98
26/12/2025 08:44,15.75,0.001,7.98
26/12/2025 08:14,15.875,0.001,7.98
26/12/2025 07:44,15.875,0.001,7.97
26/12/2025 07:14,15.875,0.001,7.97
26/12/2025 06:44,14.875,0.001,7.97
26/12/2025 06:14,15.75,0.001,7.97
26/12/2025 05:44,15.75,0.001,7.97
26/12/2025 05:14,15.75,0.001,7.97
26/12/2025 04:44,14.75,0.001,7.98
26/12/2025 04:14,15.75,0.001,7.98
26/12/2025 03:44,15.75,0.001,7.98
26/12/2025 03:14,15.75,0.001,7.98
26/12/2025 02:44,16.625,0.001,7.98
26/12/2025 02:14,15.75,0.001,7.98
26/12/2025 01:44,15.75,0.001,7.98
26/12/2025 01:14,15.75,0.001,7.98
26/12/2025 00:44,16.625,0.001,7.99
26/12/2025 00:14,14.75,0.001,7.99
25/12/2025 23:44,15.625,0.001,7.99
25/12/2025 23:14,15.625,0.001,7.99
25/12/2025 22:44,15.5,0.001,7.99
25/12/2025 22:14,15.625,0.001,7.99
25/12/2025 21:44,15.75,0.001,7.99
25/12/2025 21:14,15.625,0.001,8
25/12/2025 20:44,15.5,0.001,8
25/12/2025 20:14,14.75,0.001,8
25/12/2025 19:44,15.625,0.001,8
25/12/2025 19:14,15.625,0.001,8
25/12/2025 18:44,15.625,0.001,8
25/12/2025 18:14,15.625,0.001,8
25/12/2025 17:44,16.625,0.001,8
25/12/2025 17:14,14.75,0.001,8
25/12/2025 16:44,16.625,0.001,8
25/12/2025 16:14,15.75,0.001,7.99
25/12/2025 15:44,15.875,0.001,7.99
25/12/2025 15:14,15.625,0.001,7.99
25/12/2025 15:14,15.625,0.001,7.99
25/12/2025 14:44,14.75,0.001,7.99
25/12/2025 14:14,14.75,0.001,7.98
25/12/2025 13:44,14.75,0.001,7.98
25/12/2025 13:14,15.625,0.001,7.97
25/12/2025 12:44,15.5,0.001,7.97
25/12/2025 12:14,15.625,0.001,7.97
25/12/2025 11:44,15.625,0.001,7.96
25/12/2025 11:14,15.625,0.001,7.96
25/12/2025 10:44,15.625,0.001,7.96
25/12/2025 10:14,15.625,0.001,7.95
25/12/2025 10:14,15.625,0.001,7.95
25/12/2025 09:44,15.75,0.001,7.95
25/12/2025 09:14,16.625,0.001,7.95
25/12/2025 08:44,14.75,0.001,7.94
25/12/2025 08:14,15.625,0.001,7.94
25/12/2025 07:44,15.625,0.001,7.94
25/12/2025 07:14,15.625,0.001,7.94
25/12/2025 06:44,15.625,0.001,7.93
25/12/2025 06:14,15.625,0.001,7.93
25/12/2025 05:44,15.5,0.001,7.93
25/12/2025 05:14,15.625,0.001,7.93
25/12/2025 04:44,15.875,0.001,7.93
25/12/2025 04:14,16.625,0.001,7.93
25/12/2025 03:44,15.625,0.001,7.94
25/12/2025 03:14,15.5,0.001,7.93
25/12/2025 02:44,14.75,0.001,7.93
25/12/2025 02:14,16.5,0.001,7.94
25/12/2025 01:44,15.625,0.001,7.94
25/12/2025 01:14,15.625,0.001,7.94
25/12/2025 00:44,15.625,0.001,7.94
25/12/2025 00:44,15.625,0.001,7.94
25/12/2025 00:14,15.75,0.001,7.94
24/12/2025 23:44,15.75,0.001,7.95
24/12/2025 23:14,14.75,0.001,7.95
24/12/2025 22:44,15.625,0.001,7.95
24/12/2025 22:44,15.625,0.001,7.95
24/12/2025 22:14,15.625,0.001,7.95
24/12/2025 21:44,15.625,0.001,7.95
24/12/2025 21:14,15.75,0.001,7.95
24/12/2025 20:44,15.625,0.001,7.95
24/12/2025 20:14,16.625,0.001,7.95
24/12/2025 19:44,14.75,0.001,7.95
24/12/2025 19:14,15.625,0.001,7.95
24/12/2025 18:44,15.625,0.001,7.95
24/12/2025 18:14,15.75,0.001,7.95
24/12/2025 17:44,15.625,0.001,7.94
24/12/2025 17:14,14.75,0.001,7.94
24/12/2025 16:44,15.75,0.001,7.94
24/12/2025 16:14,16.625,0.001,7.93
24/12/2025 15:44,15.875,0.001,7.93
24/12/2025 15:14,15.875,0.001,7.93
24/12/2025 15:14,15.875,0.001,7.93
24/12/2025 14:44,15.75,0.001,7.92
24/12/2025 14:14,15.875,0.001,7.92
24/12/2025 13:44,15.875,0.001,7.91
24/12/2025 13:14,15.75,0.001,7.91
24/12/2025 12:44,15.75,0.001,7.91
24/12/2025 12:14,15.75,0.001,7.9
24/12/2025 12:14,15.75,0.001,7.9
24/12/2025 11:44,14.75,0.001,7.89
24/12/2025 11:14,16.625,0.001,7.89
24/12/2025 10:44,15.75,0.001,7.89
24/12/2025 10:14,15.625,0.001,7.88
24/12/2025 09:44,15.75,0.001,7.88
24/12/2025 09:14,15.875,0.001,7.88
24/12/2025 08:44,15.625,0.001,7.87
24/12/2025 08:14,16.625,0.001,7.87
24/12/2025 07:44,15.75,0.001,7.86
24/12/2025 07:14,15.75,0.001,7.86
24/12/2025 06:44,15.75,0.001,7.85
24/12/2025 06:14,15.75,0.001,7.85
24/12/2025 05:44,15.75,0.001,7.85
24/12/2025 05:14,16.625,0.001,7.85
24/12/2025 04:44,16.625,0.001,7.85
24/12/2025 04:14,15.625,0.001,7.85
24/12/2025 03:44,15.625,0.001,7.85
24/12/2025 03:14,15.625,0.001,7.85
24/12/2025 02:44,15.625,0.001,7.86
24/12/2025 02:14,15.625,0.001,7.86
24/12/2025 01:44,16.625,0.001,7.86
24/12/2025 01:14,15.625,0.001,7.86
24/12/2025 00:44,15.625,0.001,7.86
24/12/2025 00:14,15.5,0.001,7.87
23/12/2025 23:44,15.625,0.001,7.87
23/12/2025 23:14,15.5,0.001,7.87
23/12/2025 22:44,15.5,0.001,7.87
23/12/2025 22:14,15.5,0.001,7.87
23/12/2025 21:44,15.375,0.001,7.87
23/12/2025 21:14,15.375,0.001,7.87
23/12/2025 20:44,15.5,0.001,7.87
23/12/2025 20:14,15.5,0.001,7.87
23/12/2025 19:44,15.5,0.001,7.87
23/12/2025 19:31,16,0.001,7.87
23/12/2025 17:44,15.125,0.001,7.84
23/12/2025 17:14,15.25,0.001,7.82
23/12/2025 16:53,15.5,0.001,7.81
23/12/2025 16:44,15.5,0.001,7.8
23/12/2025 16:14,15.375,0.001,7.76
23/12/2025 15:44,15.5,0.001,7.7
23/12/2025 15:14,15.5,0.001,7.59
23/12/2025 14:44,15.625,0.001,7.36
23/12/2025 14:14,15.5,0.001,6.85
23/12/2025 13:44,15.5,0.001,6.4
23/12/2025 13:16,15.75,0.006,6.4
23/12/2025 13:16,15.875,0.006,6.4
23/12/2025 13:15,15.75,0.008,6.4
27/10/2025 09:44,21.625,0.012,6.86
27/10/2025 09:14,21.375,0.012,6.86
27/10/2025 08:44,21.125,0.013,6.86
27/10/2025 08:14,21,0.013,6.86
27/10/2025 07:44,21.25,0.013,6.86
27/10/2025 07:14,20.75,0.013,6.86
27/10/2025 07:14,20.75,0.013,6.86
27/10/2025 06:44,21,0.013,6.86
27/10/2025 06:14,20.875,0.013,6.86
27/10/2025 05:44,20.875,0.013,6.86
27/10/2025 05:44,20.875,0.013,6.86
27/10/2025 05:14,21,0.013,6.86
27/10/2025 04:44,20.875,0.013,6.86
27/10/2025 04:14,20.875,0.013,6.86
27/10/2025 04:14,20.875,0.013,6.86
27/10/2025 03:44,21,0.012,6.86
27/10/2025 03:14,20.875,0.013,6.86
27/10/2025 02:44,21.125,0.013,6.86
27/10/2025 02:14,21,0.013,6.86
27/10/2025 01:44,21,0.013,6.86
27/10/2025 01:14,21.125,0.012,6.86
27/10/2025 00:44,21,0.012,6.86
27/10/2025 00:14,21,0.012,6.86
26/10/2025 23:44,21.25,0.012,6.86
26/10/2025 23:14,21.125,0.012,6.86
26/10/2025 22:44,21.25,0.012,6.86
26/10/2025 22:14,21.25,0.012,6.86
26/10/2025 21:44,21.25,0.012,6.86
26/10/2025 21:14,21.25,0.012,6.86
26/10/2025 20:44,21.25,0.012,6.86
26/10/2025 20:14,21.125,0.012,6.86
26/10/2025 19:44,21.375,0.012,6.86
26/10/2025 19:14,21.375,0.012,6.86
26/10/2025 18:44,21.375,0.012,6.86
26/10/2025 18:14,21.5,0.012,6.86
26/10/2025 17:44,21.625,0.012,6.86
26/10/2025 17:14,21.625,0.013,6.86
26/10/2025 16:44,22.625,0.013,6.86
26/10/2025 16:14,20.875,0.013,6.86
26/10/2025 15:44,21.75,0.013,6.86
26/10/2025 15:14,21.75,0.013,6.86
26/10/2025 14:44,20.75,0.012,6.86
26/10/2025 14:14,20.75,0.013,6.86
26/10/2025 13:44,20.75,0.013,6.86
26/10/2025 13:14,21.75,0.013,6.87
26/10/2025 12:44,21.875,0.013,6.87
26/10/2025 12:14,21.5,0.013,6.86
26/10/2025 11:44,21.25,0.013,6.86
26/10/2025 11:14,21.25,0.013,6.86
26/10/2025 10:44,21.375,0.013,6.86
26/10/2025 10:14,21.375,0.013,6.86
26/10/2025 09:44,21.25,0.013,6.86
26/10/2025 09:14,21.125,0.013,6.86
26/10/2025 08:44,21.125,0.012,6.86
26/10/2025 08:14,21.125,0.012,6.86
26/10/2025 07:44,21,0.012,6.86
26/10/2025 07:14,21.125,0.012,6.86
26/10/2025 06:44,21.125,0.012,6.86
26/10/2025 06:14,21.25,0.012,6.86
26/10/2025 05:44,21.25,0.013,6.86
26/10/2025 05:14,21.25,0.013,6.86
26/10/2025 04:44,21.25,0.013,6.86
26/10/2025 04:14,21.25,0.013,6.86
26/10/2025 03:44,21.5,0.012,6.86
26/10/2025 03:14,21.5,0.013,6.86
26/10/2025 02:44,21.5,0.013,6.86
26/10/2025 02:14,21.625,0.012,6.86
26/10/2025 01:44,21.75,0.013,6.86
26/10/2025 01:14,22.625,0.013,6.86
26/10/2025 01:44,21.75,0.013,6.86
26/10/2025 01:14,21.875,0.012,6.85
26/10/2025 00:44,21.75,0.012,6.85
26/10/2025 00:14,21.875,0.013,6.85
25/10/2025 23:44,21.75,0.012,6.85
25/10/2025 23:14,22,0.012,6.85
25/10/2025 22:44,22.25,0.012,6.85
25/10/2025 22:14,22.125,0.012,6.85
25/10/2025 21:44,22.25,0.012,6.86
25/10/2025 21:14,22.375,0.012,6.85
25/10/2025 20:44,22.625,0.012,6.86
25/10/2025 20:14,22.625,0.012,6.86
25/10/2025 19:44,22.625,0.012,6.86
25/10/2025 19:44,22.625,0.012,6.86
25/10/2025 19:14,22.75,0.012,6.86
25/10/2025 18:44,22.875,0.012,6.86
25/10/2025 18:14,23,0.012,6.86
25/10/2025 17:44,22.875,0.012,6.86
25/10/2025 17:14,23.125,0.012,6.86
25/10/2025 16:44,23.125,0.012,6.86
25/10/2025 16:14,22.875,0.012,6.86
25/10/2025 15:44,23.125,0.012,6.86
25/10/2025 15:14,23.125,0.012,6.85
25/10/2025 14:44,23.125,0.012,6.86
25/10/2025 14:14,23.125,0.012,6.86
25/10/2025 13:44,23,0.012,6.86
25/10/2025 13:14,23.125,0.012,6.85
25/10/2025 12:44,23,0.012,6.85
25/10/2025 12:14,22.875,0.012,6.85
25/10/2025 11:44,22.875,0.012,6.85
25/10/2025 11:14,22.75,0.012,6.85
25/10/2025 10:44,21.75,0.012,6.85
25/10/2025 10:14,22.5,0.012,6.85
25/10/2025 09:44,22.75,0.012,6.85
25/10/2025 09:14,22.5,0.012,6.85
25/10/2025 08:44,22.625,0.012,6.85
25/10/2025 08:44,22.625,0.012,6.85
25/10/2025 08:14,22.625,0.012,6.85
25/10/2025 07:44,22.75,0.012,6.85
25/10/2025 07:44,22.75,0.012,6.85
25/10/2025 07:14,22.625,0.012,6.85
25/10/2025 06:44,22.875,0.012,6.85
25/10/2025 06:14,21.75,0.012,6.85
25/10/2025 05:44,22.75,0.012,6.85
25/10/2025 05:14,21.75,0.012,6.85
25/10/2025 04:44,23.625,0.012,6.85
25/10/2025 04:14,22.75,0.012,6.85
25/10/2025 03:44,23.625,0.012,6.84
25/10/2025 03:14,21.75,0.012,6.85
25/10/2025 02:44,22.875,0.012,6.84
25/10/2025 02:14,22.875,0.012,6.84
25/10/2025 01:44,22.875,0.012,6.84
25/10/2025 01:14,22.75,0.012,6.85
25/10/2025 01:14,22.75,0.012,6.85
25/10/2025 00:44,23.125,0.012,6.84
25/10/2025 00:14,23.125,0.012,6.85
24/10/2025 23:44,23.125,0.012,6.84
24/10/2025 23:14,23.25,0.012,6.84
24/10/2025 22:44,23.25,0.012,6.84
24/10/2025 22:14,23.375,0.012,6.84
24/10/2025 21:44,23.375,0.012,6.84
24/10/2025 21:14,23.5,0.012,6.84
24/10/2025 20:44,23.5,0.012,6.84
24/10/2025 20:14,23.625,0.012,6.84
24/10/2025 19:44,23.625,0.012,6.84
24/10/2025 19:14,24.5,0.012,6.84
24/10/2025 18:44,23.75,0.012,6.84
24/10/2025 18:14,23.875,0.012,6.84
24/10/2025 17:44,24.25,0.012,6.84
24/10/2025 17:14,24.625,0.012,6.84
24/10/2025 16:44,25.25,0.013,6.84
24/10/2025 16:14,25.25,0.013,6.84
24/10/2025 15:44,25.25,0.012,6.84
24/10/2025 15:14,25.25,0.013,6.84
