Declared,Temperature,NH3,pH
22/09/2026 15:05,15.5,0.001,7.91
22/09/2026 14:35,15.5,0.001,7.91
22/09/2026 14:05,15.25,0.001,7.91
22/09/2026 13:35,15.375,0.001,7.91
22/09/2026 13:05,15.375,0.001,7.91
22/09/2026 12:35,15.125,0.001,7.91
22/09/2026 12:05,15.25,0.001,7.91
22/09/2026 11:35,15.25,0.001,7.91
22/09/2026 11:05,15.375,0.001,7.91
22/09/2026 10:35,15.375,0.001,7.91
22/09/2026 10:05,15.25,0.001,7.91
22/09/2026 09:35,15.375,0.001,7.91
22/09/2026 09:05,15.375,0.001,7.91
22/09/2026 08:35,15.125,0.001,7.91
22/09/2026 08:05,15.375,0.001,7.91
22/09/2026 07:35,15.125,0.001,7.91
22/09/2026 07:05,15.25,0.001,7.91
22/09/2026 06:35,15.375,0.001,7.91
22/09/2026 06:05,15.375,0.001,7.9
22/09/2026 05:35,15.375,0.001,7.9
22/09/2026 05:05,15.25,0.001,7.9
22/09/2026 04:35,15.25,0.001,7.9
22/09/2026 04:05,15.375,0.001,7.91
22/09/2026 03:35,15.375,0.001,7.9
22/09/2026 03:05,15.5,0.001,7.9
22/09/2026 02:35,15.5,0.001,7.9
22/09/2026 02:05,15.625,0.001,7.9
22/09/2026 01:35,15.625,0.001,7.9
22/09/2026 01:05,15.625,0.001,7.9
22/09/2026 00:35,15.625,0.001,7.9
22/09/2026 00:05,16.625,0.001,7.9
21/09/2026 23:35,15.75,0.001,7.9
21/09/2026 23:05,15.75,0.001,7.9
21/09/2026 22:35,15.75,0.001,7.9
21/09/2026 22:05,15.875,0.001,7.9
21/09/2026 21:35,15.875,0.001,7.9
21/09/2026 21:05,15.875,0.001,7.9
21/09/2026 20:35,15.875,0.001,7.89
21/09/2026 20:05,16,0.001,7.89
21/09/2026 19:35,16,0.001,7.89
21/09/2026 19:05,16,0.001,7.89
21/09/2026 18:35,15.875,0.001,7.89
21/09/2026 18:05,16,0.001,7.89
21/09/2026 17:35,16,0.001,7.89
21/09/2026 17:05,15.875,0.001,7.89
21/09/2026 16:35,15.875,0.001,7.89
21/09/2026 16:05,15.75,0.001,7.89
21/09/2026 15:35,15.75,0.001,7.88
21/09/2026 15:05,14.875,0.001,7.88
21/09/2026 14:35,15.875,0.001,7.88
21/09/2026 14:05,15.625,0.001,7.88
21/09/2026 13:35,15.625,0.001,7.88
21/09/2026 13:05,15.625,0.001,7.88
21/09/2026 12:35,15.625,0.001,7.88
21/09/2026 12:05,15.625,0.001,7.89
21/09/2026 11:35,15.625,0.001,7.89
21/09/2026 11:05,15.5,0.001,7.9
21/09/2026 10:35,15.5,0.001,7.91
21/09/2026 10:05,15.375,0.001,7.92
21/09/2026 09:35,15.375,0.001,7.93
21/09/2026 09:05,15.25,0.001,7.94
21/09/2026 08:35,15.25,0.001,7.94
21/09/2026 08:05,15.25,0.001,7.95
21/09/2026 07:35,15.5,0.001,7.95
21/09/2026 07:05,15.25,0.001,7.94
21/09/2026 06:35,15.375,0.001,7.94
21/09/2026 06:05,15.5,0.001,7.95
21/09/2026 05:35,15.625,0.001,7.94
21/09/2026 05:05,15.5,0.001,7.94
21/09/2026 04:35,15.5,0.001,7.94
21/09/2026 04:05,15.5,0.001,7.94
21/09/2026 03:35,15.625,0.001,7.94
21/09/2026 03:05,15.625,0.001,7.94
21/09/2026 02:35,15.5,0.001,7.94
21/09/2026 02:11,15.375,0.001,7.94
21/09/2026 02:11,15.25,0.001,7.94
21/09/2026 02:11,15.375,0.001,8.62
21/09/2026 02:05,14.75,0.001,7.94
21/09/2026 01:35,15.625,0.001,7.94
21/09/2026 01:05,15.75,0.001,7.94
21/09/2026 00:35,15.625,0.001,7.95
21/09/2026 00:05,15.75,0.001,7.94
20/09/2026 23:35,15.75,0.001,7.95
20/09/2026 23:05,15.75,0.001,7.94
20/09/2026 22:35,15.875,0.001,7.94
20/09/2026 22:05,16.625,0.001,7.94
20/09/2026 21:35,15.75,0.001,7.94
20/09/2026 21:05,15.875,0.001,7.94
20/09/2026 20:35,15.875,0.001,7.94
20/09/2026 20:05,15.875,0.001,7.94
20/09/2026 19:35,15.75,0.001,7.94
20/09/2026 19:05,15.875,0.001,7.94
20/09/2026 18:35,15.875,0.001,7.94
20/09/2026 18:05,15.875,0.001,7.94
20/09/2026 17:35,15.75,0.001,7.94
20/09/2026 17:05,15.75,0.001,7.94
20/09/2026 16:35,16.625,0.001,7.94
20/09/2026 16:05,15.625,0.001,7.94
20/09/2026 15:35,15.625,0.001,7.94
20/09/2026 15:05,15.5,0.001,7.94
20/09/2026 14:35,15.375,0.001,7.94
20/09/2026 14:05,15.625,0.001,7.94
20/09/2026 13:35,15.5,0.001,7.94
20/09/2026 13:05,15.375,0.001,7.93
20/09/2026 12:35,15.5,0.001,7.94
20/09/2026 12:05,15.25,0.001,7.93
20/09/2026 11:35,15.5,0.001,7.93
20/09/2026 11:05,15.375,0.001,7.93
20/09/2026 10:35,15.5,0.001,7.93
20/09/2026 10:05,15.25,0.001,7.93
20/09/2026 09:35,15.5,0.001,7.93
20/09/2026 09:05,15.25,0.001,7.93
20/09/2026 08:35,15.375,0.001,7.93
20/09/2026 08:05,15.25,0.001,7.94
20/09/2026 07:35,15.375,0.001,7.93
20/09/2026 07:05,15.375,0.001,7.93
20/09/2026 06:35,15.5,0.001,7.94
20/09/2026 06:05,15.5,0.001,7.94
20/09/2026 05:35,15.25,0.001,7.94
20/09/2026 05:05,15.5,0.001,7.94
20/09/2026 04:35,15.5,0.001,7.94
20/09/2026 04:05,15.5,0.001,7.94
20/09/2026 03:35,15.5,0.001,7.93
20/09/2026 03:05,15.25,0.001,7.94
20/09/2026 02:35,15.5,0.001,7.93
20/09/2026 02:05,15.625,0.001,7.94
20/09/2026 01:35,15.625,0.001,7.93
20/09/2026 01:05,15.5,0.001,7.93
20/09/2026 00:35,15.625,0.001,7.94
20/09/2026 00:05,15.625,0.001,7.94
19/09/2026 23:35,15.5,0.001,7.94
19/09/2026 23:05,15.5,0.001,7.94
19/09/2026 22:35,15.625,0.001,7.94
19/09/2026 22:05,15.625,0.001,7.93
19/09/2026 21:35,15.625,0.001,7.94
19/09/2026 21:05,15.75,0.001,7.94
19/09/2026 20:35,15.75,0.001,7.94
19/09/2026 20:05,14.75,0.001,7.94
19/09/2026 19:35,15.75,0.001,7.94
19/09/2026 19:05,15.625,0.001,7.94
19/09/2026 18:35,15.625,0.001,7.94
19/09/2026 18:05,15.625,0.001,7.94
19/09/2026 17:35,15.625,0.001,7.94
19/09/2026 17:05,15.625,0.001,7.94
19/09/2026 16:35,15.625,0.001,7.93
19/09/2026 16:05,15.375,0.001,7.93
19/09/2026 15:35,15.625,0.001,7.93
19/09/2026 15:05,15.5,0.001,7.93
19/09/2026 14:35,15.375,0.001,7.93
19/09/2026 14:05,15.5,0.001,7.93
19/09/2026 13:35,15.25,0.001,7.93
19/09/2026 13:05,15.5,0.001,7.93
19/09/2026 12:35,15.125,0.001,7.93
19/09/2026 12:05,15.125,0.001,7.93
19/09/2026 11:35,15.25,0.001,7.93
19/09/2026 11:05,15.25,0.001,7.93
19/09/2026 10:35,15.25,0.001,7.93
19/09/2026 10:05,15.25,0.001,7.93
19/09/2026 09:35,15.25,0.001,7.93
19/09/2026 09:05,15.25,0.001,7.93
19/09/2026 08:35,15.125,0.001,7.93
19/09/2026 08:05,15.25,0.001,7.93
19/09/2026 07:35,15.125,0.001,7.93
19/09/2026 07:05,15.125,0.001,7.93
19/09/2026 06:35,15.125,0.001,7.93
19/09/2026 06:05,15.25,0.001,7.93
19/09/2026 05:35,15.375,0.001,7.93
19/09/2026 05:05,15.375,0.001,7.93
19/09/2026 04:35,15.375,0.001,7.94
19/09/2026 04:05,15.25,0.001,7.93
19/09/2026 03:35,15.375,0.001,7.94
19/09/2026 03:05,15.375,0.001,7.94
19/09/2026 02:35,15.375,0.001,7.94
19/09/2026 02:05,15.375,0.001,7.93
19/09/2026 01:35,15.25,0.001,7.94
19/09/2026 01:05,15.125,0.001,7.94
19/09/2026 00:35,15.5,0.001,7.94
19/09/2026 00:05,15.5,0.001,7.94
18/09/2026 23:35,15.375,0.001,7.94
18/09/2026 23:05,15.375,0.001,7.94
18/09/2026 22:35,15.625,0.001,7.94
18/09/2026 22:05,15.625,0.001,7.94
18/09/2026 21:35,15.625,0.001,7.94
18/09/2026 21:05,15.5,0.001,7.94
18/09/2026 20:35,15.5,0.001,7.94
18/09/2026 20:05,15.5,0.001,7.94
18/09/2026 19:35,16.5,0.001,7.94
18/09/2026 19:05,15.5,0.001,7.94
18/09/2026 18:35,15.5,0.001,7.94
18/09/2026 18:05,15.375,0.001,7.93
18/09/2026 17:35,15.5,0.001,7.94
18/09/2026 17:05,15.375,0.001,7.93
18/09/2026 16:35,15.5,0.001,7.93
18/09/2026 16:15,15,0.001,7.93
17/09/2026 07:05,15.25,0.001,7.91
17/09/2026 06:35,15.125,0.001,7.91
17/09/2026 06:05,15.25,0.001,7.9
17/09/2026 05:35,15.375,0.001,7.91
17/09/2026 05:05,15.375,0.001,7.91
17/09/2026 04:35,15.25,0.001,7.91
17/09/2026 04:05,15.25,0.001,7.91
17/09/2026 03:35,15.375,0.001,7.91
17/09/2026 03:05,15.375,0.001,7.91
17/09/2026 02:35,15.25,0.001,7.91
17/09/2026 02:05,15.25,0.001,7.91
17/09/2026 01:35,15.25,0.001,7.91
17/09/2026 01:05,15.375,0.001,7.91
17/09/2026 00:35,15.375,0.001,7.91
17/09/2026 00:05,15.5,0.001,7.91
16/09/2026 23:35,15.625,0.001,7.91
16/09/2026 23:05,15.625,0.001,7.91
16/09/2026 22:35,15.625,0.001,7.92
16/09/2026 22:05,15.625,0.001,7.91
16/09/2026 21:35,15.75,0.001,7.91
16/09/2026 21:05,15.625,0.001,7.91
16/09/2026 20:35,15.875,0.001,7.91
16/09/2026 20:05,15.75,0.001,7.91
16/09/2026 19:35,16.625,0.001,7.91
16/09/2026 19:05,15.75,0.001,7.91
16/09/2026 18:35,15.75,0.001,7.91
16/09/2026 18:05,15.625,0.001,7.91
16/09/2026 17:35,15.5,0.001,7.91
16/09/2026 17:05,15.5,0.001,7.91
16/09/2026 16:35,15.5,0.001,7.9
16/09/2026 16:05,15.375,0.001,7.9
16/09/2026 15:35,15.375,0.001,7.9
16/09/2026 15:05,15.375,0.001,7.9
16/09/2026 14:35,15.375,0.001,7.9
16/09/2026 14:05,15.375,0.001,7.9
16/09/2026 13:35,15.25,0.001,7.9
16/09/2026 13:05,15.25,0.001,7.89
16/09/2026 12:35,15.125,0.001,7.89
16/09/2026 12:05,15.125,0.001,7.89
16/09/2026 11:35,15,0.001,7.89
16/09/2026 11:05,14.875,0.001,7.89
16/09/2026 10:35,14.875,0.001,7.89
16/09/2026 10:05,15.125,0.001,7.89
16/09/2026 09:35,15.125,0.001,7.89
16/09/2026 09:05,15.25,0.001,7.89
16/09/2026 08:35,15.25,0.001,7.89
16/09/2026 08:05,15.125,0.001,7.89
16/09/2026 07:35,15.125,0.001,7.89
16/09/2026 07:05,15.25,0.001,7.89
16/09/2026 06:35,15,0.001,7.88
16/09/2026 06:05,15.375,0.001,7.88
16/09/2026 05:35,15.25,0.001,7.88
16/09/2026 05:05,15.25,0.001,7.88
16/09/2026 04:35,15.375,0.001,7.88
16/09/2026 04:05,15.375,0.001,7.88
16/09/2026 03:35,15.375,0.001,7.88
16/09/2026 03:05,15.375,0.001,7.88
16/09/2026 02:35,15.375,0.001,7.88
16/09/2026 02:05,15.5,0.001,7.88
16/09/2026 01:35,15.5,0.001,7.88
16/09/2026 01:05,15.5,0.001,7.88
16/09/2026 00:35,15.625,0.001,7.88
16/09/2026 00:05,15.625,0.001,7.88
15/09/2026 23:35,15.625,0.001,7.88
15/09/2026 23:05,15.75,0.001,7.88
15/09/2026 22:35,15.75,0.001,7.88
15/09/2026 22:05,14.75,0.001,7.88
15/09/2026 21:35,15.75,0.001,7.88
15/09/2026 21:05,15.875,0.001,7.88
15/09/2026 20:35,15.75,0.001,7.88
15/09/2026 20:05,15.875,0.001,7.88
15/09/2026 19:35,15.75,0.001,7.88
15/09/2026 19:05,15.75,0.001,7.88
15/09/2026 18:35,15.875,0.001,7.89
15/09/2026 18:05,15.75,0.001,7.89
15/09/2026 17:35,15.75,0.001,7.89
15/09/2026 17:05,15.75,0.001,7.9
15/09/2026 16:35,15.625,0.001,7.9
15/09/2026 16:05,15.5,0.001,7.9
15/09/2026 15:35,15.375,0.001,7.9
15/09/2026 15:05,15.5,0.001,7.9
15/09/2026 14:35,15.5,0.001,7.9
15/09/2026 14:05,15.25,0.001,7.9
15/09/2026 13:35,15.25,0.001,7.9
15/09/2026 13:05,15.375,0.001,7.88
15/09/2026 12:35,15.375,0.001,7.89
15/09/2026 12:05,15.25,0.001,7.88
15/09/2026 11:35,15.125,0.001,7.88
15/09/2026 11:05,15.25,0.001,7.87
15/09/2026 10:35,15.125,0.001,7.88
15/09/2026 10:05,15.125,0.001,7.88
15/09/2026 09:35,15.25,0.001,7.88
15/09/2026 09:05,15.25,0.001,7.88
15/09/2026 08:35,15.375,0.001,7.88
15/09/2026 08:05,15.375,0.001,7.88
15/09/2026 07:35,15.25,0.001,7.89
15/09/2026 07:05,15.375,0.001,7.89
15/09/2026 06:35,15.25,0.001,7.89
15/09/2026 06:05,15.375,0.001,7.89
15/09/2026 05:35,15.5,0.001,7.89
15/09/2026 05:05,15.625,0.001,7.89
15/09/2026 04:35,15.5,0.001,7.89
15/09/2026 04:05,15.25,0.001,7.89
15/09/2026 03:35,15.625,0.001,7.89
15/09/2026 03:05,15.625,0.001,7.89
15/09/2026 02:35,15.625,0.001,7.89
15/09/2026 02:05,15.625,0.001,7.89
15/09/2026 01:35,16.625,0.001,7.88
15/09/2026 01:05,15.875,0.001,7.88
15/09/2026 00:35,16,0.001,7.88
15/09/2026 00:05,15.875,0.001,7.88
14/09/2026 23:35,16,0.001,7.87
14/09/2026 23:05,16,0.001,7.86
14/09/2026 22:35,16,0.001,7.86
14/09/2026 22:05,16,0.001,7.86
14/09/2026 21:35,16.125,0.001,7.86
14/09/2026 21:05,16.125,0.001,7.86
14/09/2026 20:35,16.25,0.001,7.86
14/09/2026 20:05,16.125,0.001,7.86
14/09/2026 19:35,16.25,0.001,7.86
14/09/2026 19:05,16.125,0.001,7.86
14/09/2026 18:35,16.125,0.001,7.86
14/09/2026 18:05,16.125,0.001,7.85
14/09/2026 17:35,16,0.001,7.85
14/09/2026 17:05,16.125,0.001,7.84
14/09/2026 16:35,16,0.001,7.83
14/09/2026 16:05,15.875,0.001,7.82
14/09/2026 15:35,15.875,0.001,7.8
14/09/2026 15:05,15.875,0.001,7.77
14/09/2026 14:35,15.75,0.001,7.73
14/09/2026 14:05,15.75,0.001,7.67
14/09/2026 13:35,15.75,0.001,7.58
14/09/2026 13:25,16,0.001,7.53
14/09/2026 13:05,15.875,0.001,7.43
14/09/2026 12:35,14.75,0.001,7.19
14/09/2026 12:05,15.625,0.001,6.89
14/09/2026 11:35,16.625,0.001,6.7
14/09/2026 11:05,14.75,0.001,6.62
14/09/2026 10:35,15.625,0.001,6.61
14/09/2026 10:05,15.5,0.001,6.63
14/09/2026 10:05,15.5,0.001,6.79
12/09/2026 12:35,14.75,0.001,7.89
12/09/2026 12:05,14.875,0.001,7.89
12/09/2026 11:35,14.875,0.001,7.89
12/09/2026 11:05,14.875,0.001,7.89
12/09/2026 10:35,14.875,0.001,7.89
12/09/2026 10:05,14.875,0.001,7.89
12/09/2026 09:35,14.625,0.001,7.89
12/09/2026 09:05,14.75,0.001,7.89
12/09/2026 08:35,15.625,0.001,7.89
12/09/2026 08:05,14.625,0.001,7.89
12/09/2026 07:35,14.625,0.001,7.9
12/09/2026 07:05,13.75,0.001,7.9
12/09/2026 06:35,14.625,0.001,7.89
12/09/2026 06:05,14.875,0.001,7.9
12/09/2026 05:35,13.75,0.001,7.89
12/09/2026 05:05,14.625,0.001,7.89
12/09/2026 04:35,15.625,0.001,7.9
12/09/2026 04:05,14.75,0.001,7.9
12/09/2026 03:35,14.875,0.001,7.9
12/09/2026 03:05,13.875,0.001,7.9
12/09/2026 02:35,14.75,0.001,7.9
12/09/2026 02:05,14.875,0.001,7.9
12/09/2026 01:35,14.875,0.001,7.9
12/09/2026 01:05,15.125,0.001,7.9
12/09/2026 00:35,15,0.001,7.9
12/09/2026 00:05,14.75,0.001,7.9
11/09/2026 23:35,15.125,0.001,7.9
11/09/2026 23:05,14.875,0.001,7.9
11/09/2026 22:35,15,0.001,7.9
11/09/2026 22:05,15.125,0.001,7.9
11/09/2026 21:35,15.125,0.001,7.9
11/09/2026 21:05,15,0.001,7.9
11/09/2026 20:35,15.125,0.001,7.9
11/09/2026 20:05,15.25,0.001,7.9
11/09/2026 19:35,15.125,0.001,7.9
11/09/2026 19:05,15.125,0.001,7.9
11/09/2026 18:35,15.125,0.001,7.9
11/09/2026 18:05,15,0.001,7.9
11/09/2026 17:35,15.125,0.001,7.9
11/09/2026 17:05,15.125,0.001,7.9
11/09/2026 16:35,15.125,0.001,7.9
11/09/2026 16:05,14.875,0.001,7.9
11/09/2026 15:35,15,0.001,7.9
11/09/2026 15:05,14.875,0.001,7.9
11/09/2026 14:35,15.125,0.001,7.9
11/09/2026 14:05,14.875,0.001,7.89
11/09/2026 13:35,14.875,0.001,7.9
11/09/2026 13:05,15,0.001,7.9
11/09/2026 12:35,14.875,0.001,7.9
11/09/2026 12:05,14.75,0.001,7.9
11/09/2026 11:35,14.75,0.001,7.9
11/09/2026 11:05,14.875,0.001,7.9
11/09/2026 10:35,15,0.001,7.9
11/09/2026 10:05,14.875,0.001,7.9
11/09/2026 09:35,14.75,0.001,7.9
11/09/2026 09:05,15,0.001,7.9
11/09/2026 08:35,14.75,0.001,7.9
11/09/2026 08:05,14.75,0.001,7.9
11/09/2026 07:35,15,0.001,7.9
11/09/2026 07:05,14.875,0.001,7.9
11/09/2026 06:35,14.875,0.001,7.91
11/09/2026 06:05,15,0.001,7.9
11/09/2026 05:35,14.875,0.001,7.9
11/09/2026 05:05,14.875,0.001,7.9
11/09/2026 04:35,15.125,0.001,7.9
11/09/2026 04:05,15,0.001,7.91
11/09/2026 03:35,15.125,0.001,7.91
11/09/2026 03:05,14.875,0.001,7.91
11/09/2026 02:35,15.25,0.001,7.91
11/09/2026 02:05,15,0.001,7.91
11/09/2026 01:35,15.125,0.001,7.91
11/09/2026 01:05,15.125,0.001,7.91
11/09/2026 00:35,15.375,0.001,7.91
11/09/2026 00:05,15.25,0.001,7.91
10/09/2026 23:35,15.125,0.001,7.91
10/09/2026 23:05,15.375,0.001,7.91
10/09/2026 22:35,15.5,0.001,7.91
10/09/2026 22:05,15.375,0.001,7.91
10/09/2026 21:35,15.5,0.001,7.91
10/09/2026 21:05,15.25,0.001,7.91
10/09/2026 20:35,15.375,0.001,7.91
10/09/2026 20:05,15.375,0.001,7.91
10/09/2026 19:35,15.5,0.001,7.91
10/09/2026 19:05,15.625,0.001,7.91
10/09/2026 18:35,15.5,0.001,7.91
10/09/2026 18:05,15.375,0.001,7.91
10/09/2026 17:35,15.5,0.001,7.91
10/09/2026 17:05,15.5,0.001,7.91
10/09/2026 16:35,15.5,0.001,7.91
10/09/2026 16:05,15.375,0.001,7.91
10/09/2026 15:35,15.25,0.001,7.91
10/09/2026 15:05,15.25,0.001,7.91
10/09/2026 14:35,15.25,0.001,7.91
10/09/2026 14:05,15.125,0.001,7.91
10/09/2026 13:35,15.125,0.001,7.91
10/09/2026 13:05,15.125,0.001,7.91
10/09/2026 12:35,15,0.001,7.91
10/09/2026 12:05,15.125,0.001,7.91
10/09/2026 11:35,15.25,0.001,7.91
10/09/2026 11:05,15.25,0.001,7.91
10/09/2026 10:35,15.375,0.001,7.91
10/09/2026 10:05,15.25,0.001,7.91
10/09/2026 09:35,14.875,0.001,7.91
10/09/2026 09:05,14.875,0.001,7.91
10/09/2026 08:35,14.875,0.001,7.91
10/09/2026 08:05,14.875,0.001,7.91
10/09/2026 07:35,15,0.001,7.91
10/09/2026 07:05,14.875,0.001,7.91
10/09/2026 06:35,15.125,0.001,7.91
10/09/2026 06:05,15.25,0.001,7.91
10/09/2026 05:35,15.25,0.001,7.91
10/09/2026 05:05,15.125,0.001,7.91
10/09/2026 04:35,15.25,0.001,7.91
10/09/2026 04:05,15.25,0.001,7.91
10/09/2026 03:35,15.375,0.001,7.91
10/09/2026 03:05,15.25,0.001,7.91
10/09/2026 02:35,15.375,0.001,7.91
10/09/2026 02:05,15.375,0.001,7.91
10/09/2026 01:35,15.125,0.001,7.91
10/09/2026 01:05,15.25,0.001,7.91
10/09/2026 00:35,15.375,0.001,7.91
10/09/2026 00:05,15.5,0.001,7.91
09/09/2026 23:35,15.5,0.001,7.91
09/09/2026 23:05,15.5,0.001,7.91
09/09/2026 22:35,15.625,0.001,7.91
09/09/2026 22:05,15.625,0.001,7.91
09/09/2026 21:35,15.625,0.001,7.91
09/09/2026 21:05,14.75,0.001,7.91
09/09/2026 20:35,15.75,0.001,7.91
09/09/2026 20:05,15.75,0.001,7.91
09/09/2026 19:35,15.875,0.001,7.91
09/09/2026 19:05,15.75,0.001,7.91
09/09/2026 18:35,15.75,0.001,7.91
09/09/2026 18:05,15.625,0.001,7.91
09/09/2026 17:35,16.625,0.001,7.91
09/09/2026 17:05,15.625,0.001,7.91
09/09/2026 16:35,15.5,0.001,7.9
09/09/2026 16:05,15.5,0.001,7.9
09/09/2026 15:35,15.5,0.001,7.9
09/09/2026 15:05,15.5,0.001,7.9
09/09/2026 14:35,15.25,0.001,7.9
09/09/2026 14:05,15.5,0.001,7.9
09/09/2026 13:35,15.5,0.001,7.9
09/09/2026 13:05,15.375,0.001,7.9
09/09/2026 12:35,15.375,0.001,7.9
09/09/2026 12:05,15.375,0.001,7.9
09/09/2026 11:35,15.5,0.001,7.9
09/09/2026 11:05,15.375,0.001,7.9
09/09/2026 10:35,15.375,0.001,7.89
09/09/2026 10:05,15.5,0.001,7.89
09/09/2026 09:35,15.25,0.001,7.89
09/09/2026 09:05,15.25,0.001,7.89
09/09/2026 08:35,15.375,0.001,7.89
09/09/2026 08:05,15.125,0.001,7.89
09/09/2026 07:35,15.375,0.001,7.89
09/09/2026 07:05,15.375,0.001,7.89
09/09/2026 06:35,15.125,0.001,7.89
09/09/2026 06:05,15.375,0.001,7.89
09/09/2026 05:35,15.25,0.001,7.89
09/09/2026 05:05,15.375,0.001,7.89
09/09/2026 04:35,15.625,0.001,7.89
09/09/2026 04:05,15.625,0.001,7.89
09/09/2026 03:35,15.5,0.001,7.89
09/09/2026 03:05,15.625,0.001,7.89
09/09/2026 02:35,14.75,0.001,7.88
09/09/2026 02:05,15.5,0.001,7.88
09/09/2026 01:35,15.75,0.001,7.88
09/09/2026 01:05,15.75,0.001,7.88
09/09/2026 00:35,15.875,0.001,7.88
09/09/2026 00:05,15.875,0.001,7.88
08/09/2026 23:35,16,0.001,7.88
08/09/2026 23:05,15.875,0.001,7.88
08/09/2026 22:35,16,0.001,7.87
08/09/2026 22:05,16,0.001,7.87
08/09/2026 21:35,16,0.001,7.87
08/09/2026 21:05,16.125,0.001,7.87
08/09/2026 20:35,16.125,0.001,7.87
08/09/2026 20:05,16.125,0.001,7.86
08/09/2026 19:35,16.25,0.001,7.86
08/09/2026 19:05,16.375,0.001,7.86
08/09/2026 18:35,16.125,0.001,7.86
08/09/2026 18:05,16.125,0.001,7.86
08/09/2026 17:35,16.125,0.001,7.86
08/09/2026 17:05,16,0.001,7.86
08/09/2026 16:35,16.125,0.001,7.85
08/09/2026 16:05,16,0.001,7.85
08/09/2026 15:35,15.875,0.001,7.85
08/09/2026 15:05,15.75,0.001,7.85
08/09/2026 14:35,15.75,0.001,7.85
08/09/2026 14:05,16.625,0.001,7.85
08/09/2026 13:35,15.625,0.001,7.86
08/09/2026 13:05,15.5,0.001,7.86
08/09/2026 12:35,15.625,0.001,7.87
08/09/2026 12:05,15.5,0.001,7.88
08/09/2026 11:35,15.625,0.001,7.89
08/09/2026 11:05,14.875,0.001,7.88
08/09/2026 10:35,14.875,0.001,7.88
08/09/2026 10:05,14.75,0.001,7.88
08/09/2026 09:35,14.875,0.001,7.88
08/09/2026 09:05,15,0.001,7.88
08/09/2026 08:35,15.25,0.001,7.88
08/09/2026 08:05,15.125,0.001,7.88
08/09/2026 07:35,15,0.001,7.88
08/09/2026 07:05,15.125,0.001,7.88
08/09/2026 06:35,15.125,0.001,7.88
08/09/2026 06:05,15.125,0.001,7.88
08/09/2026 05:35,15.125,0.001,7.87
08/09/2026 05:05,15.25,0.001,7.88
08/09/2026 04:35,15.25,0.001,7.87
08/09/2026 04:05,15.25,0.001,7.87
08/09/2026 03:35,15.25,0.001,7.87
08/09/2026 03:05,15.25,0.001,7.87
08/09/2026 02:35,15.25,0.001,7.87
08/09/2026 02:05,15.375,0.001,7.87
08/09/2026 01:35,15.25,0.001,7.87
08/09/2026 01:05,15.5,0.001,7.87
08/09/2026 00:35,15.25,0.001,7.86
08/09/2026 00:05,15.5,0.001,7.86
07/09/2026 23:35,15.5,0.001,7.86
07/09/2026 23:05,15.375,0.001,7.86
07/09/2026 22:35,15.625,0.001,7.86
07/09/2026 22:05,15.625,0.001,7.85
07/09/2026 21:35,15.5,0.001,7.85
07/09/2026 21:05,15.625,0.001,7.85
07/09/2026 20:35,14.75,0.001,7.84
07/09/2026 20:05,15.75,0.001,7.84
07/09/2026 19:35,15.75,0.001,7.84
07/09/2026 19:05,15.75,0.001,7.83
07/09/2026 18:35,15.75,0.001,7.83
07/09/2026 18:05,15.625,0.001,7.83
07/09/2026 17:35,15.625,0.001,7.82
07/09/2026 17:05,15.625,0.001,7.82
07/09/2026 16:35,15.5,0.001,7.82
07/09/2026 16:05,15.5,0.001,7.81
07/09/2026 15:35,15.375,0.001,7.81
07/09/2026 15:05,15.5,0.001,7.81
07/09/2026 14:35,15.25,0.001,7.81
07/09/2026 14:05,15.125,0.001,7.81
07/09/2026 13:35,15.375,0.001,7.81
07/09/2026 13:05,15.25,0.001,7.82
07/09/2026 12:35,15,0.001,7.83
07/09/2026 12:05,14.875,0.001,7.84
07/09/2026 11:35,14.75,0.001,7.86
07/09/2026 11:05,14.875,0.001,7.88
07/09/2026 10:35,14.625,0.001,7.89
07/09/2026 10:05,14.625,0.001,7.9
07/09/2026 09:35,14.75,0.001,7.91
07/09/2026 09:05,13.75,0.001,7.9
07/09/2026 08:35,14.875,0.001,7.91
07/09/2026 08:05,13.75,0.001,7.91
07/09/2026 07:35,13.75,0.001,7.91
07/09/2026 07:05,15.625,0.001,7.91
07/09/2026 06:35,14.75,0.001,7.91
07/09/2026 06:05,14.75,0.001,7.91
07/09/2026 05:35,14.75,0.001,7.91
07/09/2026 05:05,14.875,0.001,7.91
07/09/2026 04:35,15,0.001,7.91
07/09/2026 04:05,14.875,0.001,7.91
07/09/2026 03:35,15,0.001,7.91
07/09/2026 03:05,14.875,0.001,7.91
07/09/2026 02:35,15,0.001,7.91
07/09/2026 02:05,15,0.001,7.91
07/09/2026 01:35,15,0.001,7.91
07/09/2026 01:05,15,0.001,7.91
07/09/2026 00:35,15.25,0.001,7.91
07/09/2026 00:05,15.125,0.001,7.91
06/09/2026 23:35,15.125,0.001,7.91
06/09/2026 23:05,15,0.001,7.91
06/09/2026 22:35,15.375,0.001,7.91
06/09/2026 22:05,15.25,0.001,7.91
06/09/2026 21:35,15.25,0.001,7.91
06/09/2026 21:05,15.125,0.001,7.91
06/09/2026 20:35,15.25,0.001,7.91
06/09/2026 20:05,15.25,0.001,7.91
06/09/2026 19:35,15.5,0.001,7.91
06/09/2026 19:05,15.25,0.001,7.91
06/09/2026 18:35,15.25,0.001,7.91
06/09/2026 18:05,15.375,0.001,7.91
06/09/2026 17:35,15.375,0.001,7.91
06/09/2026 17:05,15.25,0.001,7.91
06/09/2026 16:35,15.125,0.001,7.91
06/09/2026 16:05,15.25,0.001,7.91
06/09/2026 15:35,15.375,0.001,7.91
06/09/2026 15:05,15.25,0.001,7.91
06/09/2026 14:35,15.125,0.001,7.91
06/09/2026 14:05,15,0.001,7.91
06/09/2026 13:35,15.25,0.001,7.91
06/09/2026 13:05,15.125,0.001,7.91
06/09/2026 12:35,15.125,0.001,7.91
06/09/2026 12:05,15.125,0.001,7.91
06/09/2026 11:35,15,0.001,7.91
06/09/2026 11:05,14.875,0.001,7.91
06/09/2026 10:35,14.875,0.001,7.91
06/09/2026 10:05,15.125,0.001,7.91
06/09/2026 09:35,14.875,0.001,7.91
06/09/2026 09:05,14.875,0.001,7.91
06/09/2026 08:35,14.75,0.001,7.91
06/09/2026 08:05,14.75,0.001,7.91
06/09/2026 07:35,15,0.001,7.91
06/09/2026 07:05,14.875,0.001,7.91
06/09/2026 06:35,15.125,0.001,7.91
06/09/2026 06:05,14.75,0.001,7.91
06/09/2026 05:35,14.875,0.001,7.91
06/09/2026 05:05,14.875,0.001,7.91
06/09/2026 04:35,15,0.001,7.91
06/09/2026 04:05,15,0.001,7.91
06/09/2026 03:35,14.875,0.001,7.91
06/09/2026 03:05,15.125,0.001,7.91
06/09/2026 02:35,15.125,0.001,7.91
06/09/2026 02:05,15,0.001,7.91
06/09/2026 01:35,14.875,0.001,7.91
06/09/2026 01:05,15.25,0.001,7.91
06/09/2026 00:35,15.25,0.001,7.91
06/09/2026 00:05,14.875,0.001,7.91
05/09/2026 23:35,14.875,0.001,7.91
05/09/2026 23:05,15,0.001,7.91
05/09/2026 22:35,15.125,0.001,7.91
05/09/2026 22:05,15.25,0.001,7.91
05/09/2026 21:35,15.25,0.001,7.91
05/09/2026 21:05,15.25,0.001,7.91
05/09/2026 20:35,15.25,0.001,7.91
05/09/2026 20:05,15.25,0.001,7.91
05/09/2026 19:35,15.125,0.001,7.91
05/09/2026 19:05,15.25,0.001,7.91
05/09/2026 18:35,15.125,0.001,7.91
05/09/2026 18:05,15.375,0.001,7.91
05/09/2026 17:35,15.125,0.001,7.91
05/09/2026 17:05,15.125,0.001,7.91
05/09/2026 16:35,15.25,0.001,7.91
05/09/2026 16:05,15.25,0.001,7.9
05/09/2026 15:35,15.125,0.001,7.9
05/09/2026 15:05,15.125,0.001,7.9
05/09/2026 14:35,15.125,0.001,7.9
05/09/2026 14:05,15.25,0.001,7.9
05/09/2026 13:35,15,0.001,7.9
05/09/2026 13:05,15,0.001,7.9
05/09/2026 12:35,15,0.001,7.9
05/09/2026 12:05,14.875,0.001,7.9
05/09/2026 11:35,14.75,0.001,7.9
05/09/2026 11:05,14.75,0.001,7.9
05/09/2026 10:35,14.875,0.001,7.9
05/09/2026 10:05,14.875,0.001,7.9
05/09/2026 09:35,14.875,0.001,7.9
05/09/2026 09:05,14.875,0.001,7.9
05/09/2026 08:35,15,0.001,7.9
05/09/2026 08:05,14.875,0.001,7.9
05/09/2026 07:35,14.875,0.001,7.9
05/09/2026 07:05,15,0.001,7.89
05/09/2026 06:35,15,0.001,7.9
05/09/2026 06:05,15,0.001,7.9
05/09/2026 05:35,14.875,0.001,7.89
05/09/2026 05:05,14.875,0.001,7.89
05/09/2026 04:35,15,0.001,7.89
05/09/2026 04:05,15.125,0.001,7.89
05/09/2026 03:35,15.125,0.001,7.89
05/09/2026 03:05,15.25,0.001,7.89
05/09/2026 02:35,15.25,0.001,7.89
05/09/2026 02:05,15.25,0.001,7.89
05/09/2026 01:35,15.125,0.001,7.89
05/09/2026 01:05,15.375,0.001,7.89
05/09/2026 00:35,15.375,0.001,7.89
05/09/2026 00:05,15.375,0.001,7.89
04/09/2026 23:35,15.25,0.001,7.89
04/09/2026 23:05,15.5,0.001,7.89
04/09/2026 22:35,15.5,0.001,7.88
04/09/2026 22:05,15.5,0.001,7.88
04/09/2026 21:35,15.375,0.001,7.88
04/09/2026 21:05,15.5,0.001,7.88
04/09/2026 20:35,16.625,0.001,7.88
04/09/2026 20:05,15.625,0.001,7.88
04/09/2026 19:35,14.75,0.001,7.88
04/09/2026 19:05,14.75,0.001,7.88
04/09/2026 18:35,15.75,0.001,7.88
04/09/2026 18:05,16.625,0.001,7.88
04/09/2026 17:35,14.75,0.001,7.88
04/09/2026 17:05,15.5,0.001,7.87
04/09/2026 16:35,15.625,0.001,7.87
04/09/2026 16:05,15.625,0.001,7.87
04/09/2026 15:35,15.625,0.001,7.87
04/09/2026 15:05,15.375,0.001,7.87
04/09/2026 14:35,15.375,0.001,7.87
04/09/2026 14:05,15.375,0.001,7.87
04/09/2026 13:35,15.375,0.001,7.88
04/09/2026 13:05,15.25,0.001,7.88
04/09/2026 12:35,15.25,0.001,7.88
04/09/2026 12:05,15.125,0.001,7.88
04/09/2026 11:35,15.25,0.001,7.88
04/09/2026 11:05,15.125,0.001,7.88
04/09/2026 10:35,15.25,0.001,7.88
04/09/2026 10:05,15.375,0.001,7.88
04/09/2026 09:35,15.375,0.001,7.87
04/09/2026 09:05,15.125,0.001,7.87
04/09/2026 08:35,15.25,0.001,7.87
04/09/2026 08:05,15.25,0.001,7.87
04/09/2026 07:35,15.25,0.001,7.87
04/09/2026 07:05,15.25,0.001,7.87
04/09/2026 06:35,15.125,0.001,7.86
04/09/2026 06:05,15.25,0.001,7.87
04/09/2026 05:35,15.375,0.001,7.86
04/09/2026 05:05,15.5,0.001,7.86
04/09/2026 04:35,15.25,0.001,7.86
04/09/2026 04:05,15.25,0.001,7.86
04/09/2026 03:35,15.5,0.001,7.86
04/09/2026 03:05,15.25,0.001,7.85
04/09/2026 02:35,15.625,0.001,7.85
04/09/2026 02:05,15.625,0.001,7.85
04/09/2026 01:35,15.625,0.001,7.85
04/09/2026 01:05,15.5,0.001,7.84
04/09/2026 00:35,15.5,0.001,7.84
04/09/2026 00:05,15.625,0.001,7.84
03/09/2026 23:35,15.625,0.001,7.83
03/09/2026 23:05,15.75,0.001,7.83
03/09/2026 22:35,15.75,0.001,7.83
03/09/2026 22:05,14.75,0.001,7.83
03/09/2026 21:35,15.875,0.001,7.83
03/09/2026 21:05,16,0.001,7.82
03/09/2026 20:35,15.875,0.001,7.82
03/09/2026 20:05,16,0.001,7.82
03/09/2026 19:35,16,0.001,7.81
03/09/2026 19:05,16,0.001,7.81
03/09/2026 18:35,15.875,0.001,7.81
03/09/2026 18:05,15.875,0.001,7.81
03/09/2026 17:35,16,0.001,7.81
03/09/2026 17:05,15.875,0.001,7.81
03/09/2026 16:35,15.75,0.001,7.81
03/09/2026 16:05,15.75,0.001,7.82
03/09/2026 15:35,15.75,0.001,7.83
03/09/2026 15:05,15.5,0.001,7.84
03/09/2026 14:35,15.375,0.001,7.86
03/09/2026 14:05,15.25,0.001,7.88
03/09/2026 13:35,15.375,0.001,7.88
03/09/2026 13:31,15.375,0.001,7.88
03/09/2026 13:05,15.375,0.001,7.88
03/09/2026 12:35,15.25,0.001,7.88
03/09/2026 12:05,15.25,0.001,7.88
03/09/2026 11:35,15.25,0.001,7.88
03/09/2026 11:05,15.25,0.001,7.88
03/09/2026 10:35,15.125,0.001,7.89
03/09/2026 10:05,15.125,0.001,7.89
03/09/2026 09:35,15.25,0.001,7.89
03/09/2026 09:05,15.375,0.001,7.89
03/09/2026 08:35,15.25,0.001,7.9
03/09/2026 08:05,15.125,0.001,7.91
03/09/2026 07:35,15.25,0.001,7.91
03/09/2026 07:05,15.25,0.001,7.9
03/09/2026 06:35,15.125,0.001,7.9
03/09/2026 06:05,15.375,0.001,7.9
03/09/2026 05:35,15.375,0.001,7.9
03/09/2026 05:05,15.25,0.001,7.9
03/09/2026 04:35,15.125,0.001,7.9
03/09/2026 04:05,15.375,0.001,7.9
03/09/2026 03:35,15.5,0.001,7.9
03/09/2026 03:05,15.5,0.001,7.9
03/09/2026 02:35,15.5,0.001,7.9
03/09/2026 02:05,15.5,0.001,7.9
03/09/2026 01:35,15.625,0.001,7.9
03/09/2026 01:05,15.5,0.001,7.9
03/09/2026 00:35,16.625,0.001,7.89
03/09/2026 00:05,14.75,0.001,7.89
02/09/2026 23:35,15.75,0.001,7.89
02/09/2026 23:05,14.875,0.001,7.89
02/09/2026 22:35,15.875,0.001,7.89
02/09/2026 22:05,15.75,0.001,7.89
02/09/2026 21:35,16,0.001,7.89
02/09/2026 21:05,16,0.001,7.89
02/09/2026 20:35,16,0.001,7.89
02/09/2026 20:05,16.125,0.001,7.88
02/09/2026 19:35,16.125,0.001,7.88
02/09/2026 19:05,16,0.001,7.88
02/09/2026 18:35,16.125,0.001,7.88
02/09/2026 18:05,16,0.001,7.88
02/09/2026 17:35,16,0.001,7.88
02/09/2026 17:05,15.875,0.001,7.88
02/09/2026 16:35,15.875,0.001,7.88
02/09/2026 16:05,15.75,0.001,7.88
02/09/2026 15:35,16.625,0.001,7.87
02/09/2026 15:05,15.5,0.001,7.87
02/09/2026 14:35,15.5,0.001,7.87
02/09/2026 14:05,15.375,0.001,7.87
02/09/2026 13:35,15.25,0.001,7.88
02/09/2026 13:05,15.375,0.001,7.88
02/09/2026 12:35,15.375,0.001,7.88
02/09/2026 12:05,15.25,0.001,7.89
02/09/2026 11:35,15.25,0.001,7.89
02/09/2026 11:05,14.875,0.001,7.9
02/09/2026 10:35,15.125,0.001,7.91
02/09/2026 10:05,15.125,0.001,7.92
02/09/2026 09:35,14.875,0.001,7.92
02/09/2026 09:05,14.875,0.001,7.92
02/09/2026 08:35,14.875,0.001,7.92
02/09/2026 08:05,15.125,0.001,7.92
02/09/2026 07:35,14.875,0.001,7.92
02/09/2026 07:05,14.875,0.001,7.92
02/09/2026 06:35,15.125,0.001,7.91
02/09/2026 06:05,15.125,0.001,7.92
02/09/2026 05:35,15.125,0.001,7.92
02/09/2026 05:05,15.25,0.001,7.92
02/09/2026 04:35,15.125,0.001,7.92
02/09/2026 04:05,15.125,0.001,7.92
02/09/2026 03:35,15.375,0.001,7.92
02/09/2026 03:05,15.375,0.001,7.92
02/09/2026 02:35,15.375,0.001,7.92
02/09/2026 02:05,15.375,0.001,7.92
02/09/2026 01:35,15.25,0.001,7.92
02/09/2026 01:05,15.125,0.001,7.92
02/09/2026 00:35,15.375,0.001,7.91
02/09/2026 00:05,15.375,0.001,7.92
01/09/2026 23:35,15.375,0.001,7.92
01/09/2026 23:05,15.375,0.001,7.91
01/09/2026 22:35,15.375,0.001,7.92
01/09/2026 22:05,15.5,0.001,7.92
01/09/2026 21:35,15.375,0.001,7.92
01/09/2026 21:05,15.625,0.001,7.92
01/09/2026 20:35,15.5,0.001,7.92
01/09/2026 20:05,15.375,0.001,7.92
01/09/2026 19:35,15.5,0.001,7.92
01/09/2026 19:05,15.5,0.001,7.91
01/09/2026 18:35,15.375,0.001,7.92
01/09/2026 18:05,15.375,0.001,7.91
01/09/2026 17:35,15.25,0.001,7.91
01/09/2026 17:05,15.25,0.001,7.91
01/09/2026 16:35,15.25,0.001,7.91
01/09/2026 16:05,15.125,0.001,7.91
01/09/2026 15:35,15,0.001,7.91
01/09/2026 15:05,15.125,0.001,7.91
01/09/2026 14:35,15,0.001,7.91
01/09/2026 14:05,14.875,0.001,7.91
01/09/2026 13:35,15,0.001,7.91
01/09/2026 13:05,14.75,0.001,7.91
01/09/2026 12:35,14.875,0.001,7.91
01/09/2026 12:05,15.625,0.001,7.91
01/09/2026 11:35,14.75,0.001,7.91
01/09/2026 11:05,14.625,0.001,7.91
01/09/2026 10:35,14.875,0.001,7.91
01/09/2026 10:05,13.75,0.001,7.91
01/09/2026 09:35,15.625,0.001,7.91
01/09/2026 09:05,14.875,0.001,7.91
01/09/2026 08:35,14.875,0.001,7.91
01/09/2026 08:05,14.75,0.001,7.91
01/09/2026 07:35,14.875,0.001,7.91
01/09/2026 07:05,14.875,0.001,7.91
01/09/2026 06:35,14.875,0.001,7.91
01/09/2026 06:05,14.875,0.001,7.91
01/09/2026 05:35,14.875,0.001,7.91
01/09/2026 05:05,15,0.001,7.91
01/09/2026 04:35,15,0.001,7.91
01/09/2026 04:05,14.875,0.001,7.91
01/09/2026 03:35,15.125,0.001,7.91
01/09/2026 03:05,14.875,0.001,7.91
01/09/2026 02:35,15.125,0.001,7.91
01/09/2026 02:05,14.875,0.001,7.91
01/09/2026 01:35,15.125,0.001,7.91
01/09/2026 01:05,15.125,0.001,7.91
01/09/2026 00:35,15.125,0.001,7.91
01/09/2026 00:05,15.375,0.001,7.91
31/08/2026 23:35,15.375,0.001,7.91
31/08/2026 23:05,15.125,0.001,7.91
31/08/2026 22:35,15.25,0.001,7.91
31/08/2026 22:05,15.25,0.001,7.91
31/08/2026 21:35,15.25,0.001,7.91
31/08/2026 21:05,15.125,0.001,7.91
31/08/2026 20:35,15.375,0.001,7.91
31/08/2026 20:05,15.375,0.001,7.91
31/08/2026 19:35,15.125,0.001,7.91
31/08/2026 19:05,15.125,0.001,7.91
31/08/2026 18:35,15.375,0.001,7.91
31/08/2026 18:05,15.25,0.001,7.91
31/08/2026 17:35,15.125,0.001,7.91
31/08/2026 17:05,15.125,0.001,7.91
31/08/2026 16:35,15.125,0.001,7.91
31/08/2026 16:05,15.125,0.001,7.9
31/08/2026 15:35,15,0.001,7.9
31/08/2026 15:05,15.125,0.001,7.9
31/08/2026 14:35,15,0.001,7.9
31/08/2026 14:05,14.75,0.001,7.9
31/08/2026 13:35,14.75,0.001,7.9
31/08/2026 13:05,14.75,0.001,7.9
31/08/2026 12:35,14.875,0.001,7.9
31/08/2026 12:05,13.75,0.001,7.9
31/08/2026 11:35,13.75,0.001,7.9
31/08/2026 11:05,14.75,0.001,7.9
31/08/2026 10:35,14.75,0.001,7.9
31/08/2026 10:05,15.625,0.001,7.9
31/08/2026 09:35,13.75,0.001,7.9
31/08/2026 09:05,14.625,0.001,7.9
31/08/2026 08:35,14.75,0.001,7.91
31/08/2026 08:05,14.75,0.001,7.9
31/08/2026 07:35,14.875,0.001,7.91
31/08/2026 07:05,14.875,0.001,7.91
31/08/2026 06:35,14.875,0.001,7.91
31/08/2026 06:05,14.75,0.001,7.91
31/08/2026 05:35,15.125,0.001,7.91
31/08/2026 05:05,14.75,0.001,7.91
31/08/2026 04:35,14.875,0.001,7.91
31/08/2026 04:05,15,0.001,7.91
31/08/2026 03:35,15.125,0.001,7.91
31/08/2026 03:05,15,0.001,7.91
31/08/2026 02:35,15.125,0.001,7.91
31/08/2026 02:05,15,0.001,7.91
31/08/2026 01:35,15.25,0.001,7.91
31/08/2026 01:05,15.25,0.001,7.91
31/08/2026 00:35,15.375,0.001,7.91
31/08/2026 00:05,15.125,0.001,7.91
30/08/2026 23:35,15.375,0.001,7.91
30/08/2026 23:05,15.25,0.001,7.91
30/08/2026 22:35,15.375,0.001,7.91
30/08/2026 22:05,15.375,0.001,7.91
30/08/2026 21:35,15.5,0.001,7.91
30/08/2026 21:05,15.375,0.001,7.91
30/08/2026 20:35,15.5,0.001,7.91
30/08/2026 20:05,15.5,0.001,7.91
30/08/2026 19:35,15.5,0.001,7.91
30/08/2026 19:05,15.5,0.001,7.91
30/08/2026 18:35,15.5,0.001,7.91
30/08/2026 18:05,15.5,0.001,7.91
30/08/2026 17:35,15.375,0.001,7.91
30/08/2026 17:05,15.375,0.001,7.9
30/08/2026 16:35,15.5,0.001,7.9
30/08/2026 16:05,15.375,0.001,7.9
30/08/2026 15:35,15.375,0.001,7.9
30/08/2026 15:05,15.25,0.001,7.9
30/08/2026 14:35,15.375,0.001,7.9
30/08/2026 14:05,15.375,0.001,7.9
30/08/2026 13:35,15.25,0.001,7.9
30/08/2026 13:05,15.25,0.001,7.9
30/08/2026 12:35,15.25,0.001,7.9
30/08/2026 12:05,15,0.001,7.9
30/08/2026 11:35,15,0.001,7.9
30/08/2026 11:05,15.125,0.001,7.9
30/08/2026 10:35,15.125,0.001,7.9
30/08/2026 10:05,15.125,0.001,7.9
30/08/2026 09:35,15,0.001,7.9
30/08/2026 09:05,15.125,0.001,7.9
30/08/2026 08:35,15.25,0.001,7.9
30/08/2026 08:05,15.25,0.001,7.9
30/08/2026 07:35,15.125,0.001,7.9
30/08/2026 07:05,15.125,0.001,7.9
30/08/2026 06:35,15.125,0.001,7.9
30/08/2026 06:05,15.25,0.001,7.9
30/08/2026 05:35,14.875,0.001,7.9
30/08/2026 05:05,14.75,0.001,7.9
30/08/2026 04:35,15.125,0.001,7.9
30/08/2026 04:05,14.875,0.001,7.9
30/08/2026 03:35,15,0.001,7.9
30/08/2026 03:05,15,0.001,7.9
30/08/2026 02:35,15.125,0.001,7.9
30/08/2026 02:05,14.875,0.001,7.9
30/08/2026 01:35,15,0.001,7.9
30/08/2026 01:05,15.25,0.001,7.9
30/08/2026 00:35,15.375,0.001,7.9
30/08/2026 00:05,15.125,0.001,7.9
29/08/2026 23:35,15.375,0.001,7.9
29/08/2026 23:05,15.375,0.001,7.9
29/08/2026 22:35,15.25,0.001,7.9
29/08/2026 22:05,15.25,0.001,7.89
29/08/2026 21:35,15.25,0.001,7.9
29/08/2026 21:05,15.25,0.001,7.9
29/08/2026 20:35,15.375,0.001,7.9
29/08/2026 20:05,15.375,0.001,7.9
29/08/2026 19:35,15.375,0.001,7.89
29/08/2026 19:05,15.25,0.001,7.89
29/08/2026 18:35,15.25,0.001,7.89
29/08/2026 18:05,15.25,0.001,7.89
29/08/2026 17:35,15.375,0.001,7.89
29/08/2026 17:05,15.375,0.001,7.89
29/08/2026 16:35,15.25,0.001,7.89
29/08/2026 16:05,15.125,0.001,7.89
29/08/2026 15:35,15,0.001,7.88
29/08/2026 15:05,14.875,0.001,7.88
29/08/2026 14:35,15,0.001,7.88
29/08/2026 14:05,14.875,0.001,7.88
29/08/2026 13:35,14.75,0.001,7.88
29/08/2026 13:05,14.75,0.001,7.88
29/08/2026 12:35,13.75,0.001,7.88
29/08/2026 12:05,14.75,0.001,7.88
29/08/2026 11:35,14.625,0.001,7.88
29/08/2026 11:05,15,0.001,7.87
29/08/2026 10:35,15.625,0.001,7.87
29/08/2026 10:05,14.75,0.001,7.87
29/08/2026 09:35,13.75,0.001,7.87
29/08/2026 09:05,15,0.001,7.87
29/08/2026 08:35,13.75,0.001,7.87
29/08/2026 08:05,14.875,0.001,7.87
29/08/2026 07:35,15.625,0.001,7.87
29/08/2026 07:05,15.625,0.001,7.87
29/08/2026 06:35,14.75,0.001,7.87
29/08/2026 06:05,14.875,0.001,7.87
29/08/2026 05:35,14.875,0.001,7.87
29/08/2026 05:05,15,0.001,7.87
29/08/2026 04:35,15.125,0.001,7.87
29/08/2026 04:05,15.125,0.001,7.87
29/08/2026 03:35,15,0.001,7.86
29/08/2026 03:05,14.875,0.001,7.86
29/08/2026 02:35,14.875,0.001,7.86
29/08/2026 02:05,14.875,0.001,7.86
29/08/2026 01:35,15.25,0.001,7.86
29/08/2026 01:05,15.125,0.001,7.86
29/08/2026 00:35,15.25,0.001,7.86
29/08/2026 00:05,14.875,0.001,7.86
28/08/2026 23:35,15.25,0.001,7.86
28/08/2026 23:05,15.125,0.001,7.86
28/08/2026 22:35,15.125,0.001,7.86
28/08/2026 22:05,15.375,0.001,7.86
28/08/2026 21:35,15.25,0.001,7.87
28/08/2026 21:05,15.375,0.001,7.87
28/08/2026 20:35,15.125,0.001,7.87
28/08/2026 20:05,15.25,0.001,7.88
28/08/2026 19:35,15.25,0.001,7.88
28/08/2026 19:05,15.25,0.001,7.89
28/08/2026 18:35,15.125,0.001,7.9
28/08/2026 18:05,15.25,0.001,7.9
28/08/2026 17:35,15.125,0.001,7.91
28/08/2026 17:05,15.125,0.001,7.91
28/08/2026 16:35,15.25,0.001,7.91
28/08/2026 16:05,15.25,0.001,7.91
28/08/2026 15:35,15.125,0.001,7.91
28/08/2026 15:05,15,0.001,7.91
28/08/2026 14:35,15.125,0.001,7.91
28/08/2026 14:05,15,0.001,7.91
28/08/2026 13:35,14.875,0.001,7.91
28/08/2026 13:05,15.125,0.001,7.91
28/08/2026 12:35,14.875,0.001,7.9
28/08/2026 12:05,14.875,0.001,7.91
28/08/2026 11:35,14.875,0.001,7.9
28/08/2026 11:05,14.875,0.001,7.9
28/08/2026 10:35,14.875,0.001,7.91
28/08/2026 10:05,14.875,0.001,7.91
28/08/2026 09:35,14.75,0.001,7.9
28/08/2026 09:05,14.875,0.001,7.9
28/08/2026 08:35,14.875,0.001,7.9
28/08/2026 08:05,15,0.001,7.9
28/08/2026 07:35,14.875,0.001,7.9
28/08/2026 07:05,14.875,0.001,7.9
28/08/2026 06:35,15,0.001,7.9
28/08/2026 06:05,15.125,0.001,7.9
28/08/2026 05:35,15,0.001,7.9
28/08/2026 05:05,15,0.001,7.9
28/08/2026 04:35,15.125,0.001,7.9
28/08/2026 04:05,15,0.001,7.91
28/08/2026 03:35,15.125,0.001,7.9
28/08/2026 03:05,15.125,0.001,7.9
28/08/2026 02:35,15.125,0.001,7.91
28/08/2026 02:05,15.25,0.001,7.9
28/08/2026 01:35,15.125,0.001,7.9
28/08/2026 01:05,15.125,0.001,7.9
28/08/2026 00:35,15.125,0.001,7.9
28/08/2026 00:05,15.25,0.001,7.9
27/08/2026 23:35,15.25,0.001,7.9
27/08/2026 23:05,15.375,0.001,7.9
27/08/2026 22:35,15.25,0.001,7.9
27/08/2026 22:05,15.125,0.001,7.9
27/08/2026 21:35,15.25,0.001,7.9
27/08/2026 21:05,15.375,0.001,7.9
27/08/2026 20:35,15.375,0.001,7.9
27/08/2026 20:05,15.375,0.001,7.9
27/08/2026 19:35,15.375,0.001,7.9
27/08/2026 19:05,15.375,0.001,7.9
27/08/2026 18:35,15.375,0.001,7.9
27/08/2026 18:05,15.375,0.001,7.9
27/08/2026 17:35,15.5,0.001,7.9
27/08/2026 17:05,15.375,0.001,7.9
27/08/2026 16:35,15.25,0.001,7.9
27/08/2026 16:05,15.25,0.001,7.9
27/08/2026 15:35,15.375,0.001,7.9
27/08/2026 15:05,15.25,0.001,7.9
27/08/2026 14:35,15.125,0.001,7.89
27/08/2026 14:05,15.25,0.001,7.9
27/08/2026 13:35,15.25,0.001,7.9
27/08/2026 13:05,15.125,0.001,7.89
27/08/2026 12:35,15.25,0.001,7.89
27/08/2026 12:05,15.125,0.001,7.89
27/08/2026 11:35,15.25,0.001,7.89
27/08/2026 11:05,15.25,0.001,7.89
27/08/2026 10:35,15.125,0.001,7.89
27/08/2026 10:05,15.25,0.001,7.89
27/08/2026 09:35,15.25,0.001,7.89
27/08/2026 09:05,15.25,0.001,7.89
27/08/2026 08:35,15.25,0.001,7.89
27/08/2026 08:05,15.375,0.001,7.89
27/08/2026 07:35,15.375,0.001,7.89
27/08/2026 07:05,15.375,0.001,7.89
27/08/2026 06:35,15.375,0.001,7.89
27/08/2026 06:05,15.125,0.001,7.89
27/08/2026 05:35,15.25,0.001,7.89
27/08/2026 05:05,15.25,0.001,7.89
27/08/2026 04:35,15.375,0.001,7.89
27/08/2026 04:05,15.375,0.001,7.88
27/08/2026 03:35,15.5,0.001,7.88
27/08/2026 03:05,15.5,0.001,7.88
27/08/2026 02:35,15.375,0.001,7.88
27/08/2026 02:05,15.25,0.001,7.88
27/08/2026 01:35,15.5,0.001,7.88
27/08/2026 01:05,15.625,0.001,7.88
27/08/2026 00:35,14.75,0.001,7.88
27/08/2026 00:05,15.5,0.001,7.88
26/08/2026 23:35,15.625,0.001,7.88
26/08/2026 23:05,15.625,0.001,7.88
26/08/2026 22:35,16.625,0.001,7.87
26/08/2026 22:05,15.75,0.001,7.87
26/08/2026 21:35,15.875,0.001,7.87
26/08/2026 21:05,15.875,0.001,7.87
26/08/2026 20:35,15.75,0.001,7.87
26/08/2026 20:05,15.875,0.001,7.86
26/08/2026 19:35,15.875,0.001,7.86
26/08/2026 19:05,15.875,0.001,7.86
26/08/2026 18:35,16.625,0.001,7.85
26/08/2026 18:05,15.875,0.001,7.85
26/08/2026 17:35,16.625,0.001,7.85
26/08/2026 17:05,14.75,0.001,7.85
26/08/2026 16:35,15.625,0.001,7.85
26/08/2026 16:05,15.5,0.001,7.85
26/08/2026 15:35,15.625,0.001,7.84
26/08/2026 15:05,15.5,0.001,7.84
26/08/2026 14:35,15.5,0.001,7.84
26/08/2026 14:05,15.5,0.001,7.84
26/08/2026 13:35,15.5,0.001,7.84
26/08/2026 13:05,15.5,0.001,7.84
26/08/2026 12:35,15.25,0.001,7.85
26/08/2026 12:05,15.25,0.001,7.86
26/08/2026 11:35,15.375,0.001,7.86
26/08/2026 11:05,15.375,0.001,7.87
26/08/2026 10:35,15.25,0.001,7.88
26/08/2026 10:05,15.125,0.001,7.88
26/08/2026 09:35,15.125,0.001,7.88
26/08/2026 09:05,15.25,0.001,7.88
26/08/2026 08:35,15.25,0.001,7.88
26/08/2026 08:05,15.25,0.001,7.88
26/08/2026 07:35,15.25,0.001,7.88
26/08/2026 07:05,15.375,0.001,7.88
26/08/2026 06:35,15.375,0.001,7.88
26/08/2026 06:05,15.375,0.001,7.88
26/08/2026 05:35,15.25,0.001,7.87
26/08/2026 05:05,15.375,0.001,7.87
26/08/2026 04:35,15.5,0.001,7.87
26/08/2026 04:05,15.625,0.001,7.87
26/08/2026 03:35,15.5,0.001,7.87
26/08/2026 03:05,15.5,0.001,7.87
26/08/2026 02:35,15.375,0.001,7.87
26/08/2026 02:05,15.375,0.001,7.87
26/08/2026 01:35,15.5,0.001,7.86
26/08/2026 01:05,15.5,0.001,7.87
26/08/2026 00:35,15.625,0.001,7.86
26/08/2026 00:05,15.625,0.001,7.86
25/08/2026 23:35,15.625,0.001,7.86
25/08/2026 23:05,15.75,0.001,7.86
25/08/2026 22:35,15.625,0.001,7.86
25/08/2026 22:05,14.875,0.001,7.85
25/08/2026 21:35,15.875,0.001,7.85
25/08/2026 21:05,15.75,0.001,7.85
25/08/2026 20:35,15.875,0.001,7.85
25/08/2026 20:05,15.875,0.001,7.85
25/08/2026 19:35,16.625,0.001,7.84
25/08/2026 19:05,15.75,0.001,7.84
25/08/2026 18:35,15.875,0.001,7.84
25/08/2026 18:05,15.875,0.001,7.84
25/08/2026 17:35,15.625,0.001,7.84
25/08/2026 17:05,14.75,0.001,7.84
25/08/2026 16:35,14.75,0.001,7.84
25/08/2026 16:05,15.625,0.001,7.83
25/08/2026 15:35,15.5,0.001,7.84
25/08/2026 15:05,15.625,0.001,7.84
25/08/2026 14:35,15.5,0.001,7.84
25/08/2026 14:05,15.375,0.001,7.85
25/08/2026 13:35,15.375,0.001,7.85
25/08/2026 13:05,15.5,0.001,7.86
25/08/2026 12:35,15.375,0.001,7.86
25/08/2026 12:05,15.375,0.001,7.86
25/08/2026 11:35,15.25,0.001,7.86
25/08/2026 11:05,15.125,0.001,7.87
25/08/2026 10:35,15.25,0.001,7.87
25/08/2026 10:05,15.125,0.001,7.87
25/08/2026 09:35,15.25,0.001,7.87
25/08/2026 09:05,15.375,0.001,7.88
25/08/2026 08:35,15.125,0.001,7.88
25/08/2026 08:05,15.375,0.001,7.88
25/08/2026 07:35,15.25,0.001,7.88
25/08/2026 07:05,15.25,0.001,7.88
25/08/2026 06:35,15.375,0.001,7.87
25/08/2026 06:05,15.5,0.001,7.88
25/08/2026 05:35,15.375,0.001,7.87
25/08/2026 05:05,15.25,0.001,7.88
25/08/2026 04:35,15.25,0.001,7.87
25/08/2026 04:05,15.25,0.001,7.87
25/08/2026 03:35,15.25,0.001,7.87
25/08/2026 03:05,15.375,0.001,7.87
25/08/2026 02:35,15.625,0.001,7.87
25/08/2026 02:05,15.625,0.001,7.87
25/08/2026 01:35,15.5,0.001,7.87
25/08/2026 01:05,15.5,0.001,7.87
25/08/2026 00:35,15.75,0.001,7.86
25/08/2026 00:05,15.75,0.001,7.86
24/08/2026 23:35,14.875,0.001,7.86
24/08/2026 23:05,15.75,0.001,7.86
24/08/2026 22:35,15.75,0.001,7.86
24/08/2026 22:05,14.75,0.001,7.86
24/08/2026 21:35,15.875,0.001,7.85
24/08/2026 21:05,15.875,0.001,7.85
24/08/2026 20:35,15.875,0.001,7.85
24/08/2026 20:05,15.875,0.001,7.85
24/08/2026 19:35,15.875,0.001,7.85
24/08/2026 19:05,15.875,0.001,7.84
24/08/2026 18:35,15.75,0.001,7.84
24/08/2026 18:05,15.75,0.001,7.84
24/08/2026 17:35,14.875,0.001,7.84
24/08/2026 17:05,15.5,0.001,7.84
24/08/2026 16:35,15.5,0.001,7.84
24/08/2026 16:05,15.625,0.001,7.84
24/08/2026 15:35,15.5,0.001,7.84
24/08/2026 15:05,15.5,0.001,7.84
24/08/2026 14:35,15.375,0.001,7.85
24/08/2026 14:05,15.25,0.001,7.86
24/08/2026 13:35,15.25,0.001,7.86
24/08/2026 13:05,15.125,0.001,7.87
24/08/2026 12:35,15.125,0.001,7.88
24/08/2026 12:05,15.125,0.001,7.89
24/08/2026 11:35,15.25,0.001,7.89
24/08/2026 11:05,15.375,0.001,7.89
24/08/2026 10:35,15.375,0.001,7.89
24/08/2026 10:05,15.125,0.001,7.89
24/08/2026 09:35,15.25,0.001,7.89
24/08/2026 09:05,15.25,0.001,7.9
24/08/2026 08:35,15.25,0.001,7.9
24/08/2026 08:05,15.125,0.001,7.9
24/08/2026 07:35,15.25,0.001,7.9
24/08/2026 07:05,15.125,0.001,7.9
24/08/2026 06:35,15.25,0.001,7.9
24/08/2026 06:05,15.125,0.001,7.9
24/08/2026 05:35,15.125,0.001,7.9
24/08/2026 05:05,15.25,0.001,7.9
24/08/2026 04:35,15.25,0.001,7.9
24/08/2026 04:05,15.375,0.001,7.9
24/08/2026 03:35,15.25,0.001,7.9
24/08/2026 03:05,15.5,0.001,7.9
24/08/2026 02:35,15.5,0.001,7.9
24/08/2026 02:05,15.25,0.001,7.9
24/08/2026 01:35,15.375,0.001,7.9
24/08/2026 01:05,15.625,0.001,7.9
24/08/2026 00:35,15.5,0.001,7.9
24/08/2026 00:05,15.5,0.001,7.89
23/08/2026 23:35,15.5,0.001,7.9
23/08/2026 23:05,15.5,0.001,7.9
23/08/2026 22:35,15.625,0.001,7.9
23/08/2026 22:05,15.625,0.001,7.9
23/08/2026 21:35,15.625,0.001,7.9
23/08/2026 21:05,15.625,0.001,7.89
23/08/2026 20:35,15.625,0.001,7.9
23/08/2026 20:05,15.625,0.001,7.9
23/08/2026 19:35,16.625,0.001,7.89
23/08/2026 19:05,14.75,0.001,7.89
23/08/2026 18:35,15.625,0.001,7.89
23/08/2026 18:05,15.625,0.001,7.89
23/08/2026 17:35,15.625,0.001,7.89
23/08/2026 17:05,15.625,0.001,7.89
23/08/2026 16:35,15.625,0.001,7.89
23/08/2026 16:05,15.625,0.001,7.89
23/08/2026 15:35,15.5,0.001,7.89
23/08/2026 15:05,15.5,0.001,7.89
23/08/2026 14:35,15.375,0.001,7.89
23/08/2026 14:05,15.375,0.001,7.89
23/08/2026 13:35,15.375,0.001,7.89
23/08/2026 13:05,15.375,0.001,7.89
23/08/2026 12:35,15.375,0.001,7.89
23/08/2026 12:05,15.25,0.001,7.89
23/08/2026 11:35,15.25,0.001,7.89
23/08/2026 11:05,15.25,0.001,7.89
23/08/2026 10:35,15.125,0.001,7.89
23/08/2026 10:05,15.375,0.001,7.89
23/08/2026 09:35,15.375,0.001,7.89
23/08/2026 09:05,15.25,0.001,7.89
23/08/2026 08:35,15.375,0.001,7.89
23/08/2026 08:05,15.125,0.001,7.89
23/08/2026 07:35,15.25,0.001,7.89
23/08/2026 07:05,15.375,0.001,7.88
23/08/2026 06:35,15.375,0.001,7.88
23/08/2026 06:05,15.25,0.001,7.88
23/08/2026 05:35,15.5,0.001,7.88
23/08/2026 05:05,15.5,0.001,7.88
23/08/2026 04:35,15.5,0.001,7.89
23/08/2026 04:05,15.5,0.001,7.88
23/08/2026 03:35,15.625,0.001,7.88
23/08/2026 03:05,15.5,0.001,7.88
23/08/2026 02:35,15.625,0.001,7.88
23/08/2026 02:05,15.625,0.001,7.88
23/08/2026 01:35,15.875,0.001,7.88
23/08/2026 01:05,15.75,0.001,7.88
23/08/2026 00:35,15.875,0.001,7.88
23/08/2026 00:05,16,0.001,7.88
22/08/2026 23:35,15.875,0.001,7.88
22/08/2026 23:05,15.75,0.001,7.88
22/08/2026 22:35,16,0.001,7.88
22/08/2026 22:05,16,0.001,7.87
22/08/2026 21:35,16,0.001,7.87
22/08/2026 21:05,15.875,0.001,7.87
22/08/2026 20:35,16.125,0.001,7.87
22/08/2026 20:05,16.125,0.001,7.87
22/08/2026 19:35,16.125,0.001,7.87
22/08/2026 19:05,16.125,0.001,7.87
22/08/2026 18:35,16.125,0.001,7.87
22/08/2026 18:05,16.125,0.001,7.86
22/08/2026 17:35,16.125,0.001,7.86
22/08/2026 17:05,16,0.001,7.86
22/08/2026 16:35,16.125,0.001,7.86
22/08/2026 16:05,15.875,0.001,7.86
22/08/2026 15:35,15.875,0.001,7.85
22/08/2026 15:05,16.625,0.001,7.85
22/08/2026 14:35,15.75,0.001,7.85
22/08/2026 14:05,15.625,0.001,7.85
22/08/2026 13:35,15.625,0.001,7.85
22/08/2026 13:05,15.625,0.001,7.85
22/08/2026 12:35,15.5,0.001,7.84
22/08/2026 12:05,15.5,0.001,7.84
22/08/2026 11:35,15.5,0.001,7.84
22/08/2026 11:05,15.375,0.001,7.84
22/08/2026 10:35,15.375,0.001,7.83
22/08/2026 10:05,15.375,0.001,7.83
22/08/2026 09:35,15.5,0.001,7.83
22/08/2026 09:05,15.625,0.001,7.83
22/08/2026 08:35,15.25,0.001,7.83
22/08/2026 08:05,15.625,0.001,7.83
22/08/2026 07:35,15.5,0.001,7.82
22/08/2026 07:05,15.5,0.001,7.82
22/08/2026 06:35,15.5,0.001,7.82
22/08/2026 06:05,15.625,0.001,7.82
22/08/2026 05:35,15.625,0.001,7.81
22/08/2026 05:05,15.625,0.001,7.81
22/08/2026 04:35,16.625,0.001,7.81
22/08/2026 04:05,15.875,0.001,7.8
22/08/2026 03:35,14.875,0.001,7.8
22/08/2026 03:05,15.875,0.001,7.8
22/08/2026 02:35,16,0.001,7.79
22/08/2026 02:05,16,0.001,7.79
22/08/2026 01:35,16,0.001,7.78
22/08/2026 01:05,16,0.001,7.78
22/08/2026 00:35,16.125,0.001,7.78
22/08/2026 00:05,16,0.001,7.77
21/08/2026 23:35,16.25,0.001,7.76
21/08/2026 23:05,16.25,0.001,7.76
21/08/2026 22:35,16.375,0.001,7.75
21/08/2026 22:05,16.5,0.001,7.74
21/08/2026 21:35,16.5,0.001,7.74
21/08/2026 21:05,16.5,0.001,7.73
21/08/2026 20:35,16.5,0.001,7.73
21/08/2026 20:05,16.5,0.001,7.72
21/08/2026 19:35,16.375,0.001,7.71
21/08/2026 19:05,16.375,0.001,7.71
21/08/2026 18:35,16.5,0.001,7.71
21/08/2026 18:05,16.375,0.001,7.7
21/08/2026 17:35,16.375,0.001,7.7
21/08/2026 17:05,16.25,0.001,7.7
21/08/2026 16:35,16.25,0.001,7.7
21/08/2026 16:05,16.375,0.001,7.7
21/08/2026 15:35,16.25,0.001,7.71
21/08/2026 15:05,16.125,0.001,7.72
21/08/2026 14:35,16,0.001,7.73
21/08/2026 14:05,15.875,0.001,7.74
21/08/2026 13:35,16,0.001,7.75
21/08/2026 13:05,15.875,0.001,7.76
21/08/2026 12:35,15.75,0.001,7.77
21/08/2026 12:05,15.875,0.001,7.79
21/08/2026 11:35,14.875,0.001,7.81
21/08/2026 11:05,14.75,0.001,7.84
21/08/2026 10:35,14.75,0.001,7.86
21/08/2026 10:05,16.625,0.001,7.87
21/08/2026 09:35,15.625,0.001,7.87
21/08/2026 09:05,15.625,0.001,7.87
21/08/2026 08:35,14.75,0.001,7.87
21/08/2026 08:05,15.75,0.001,7.87
21/08/2026 07:35,15.75,0.001,7.87
21/08/2026 07:05,15.75,0.001,7.87
21/08/2026 06:35,15.875,0.001,7.87
21/08/2026 06:05,15.875,0.001,7.87
21/08/2026 05:35,15.875,0.001,7.86
21/08/2026 05:05,15.875,0.001,7.87
21/08/2026 04:35,16,0.001,7.86
21/08/2026 04:05,15.875,0.001,7.86
21/08/2026 03:35,16,0.001,7.86
21/08/2026 03:05,16.125,0.001,7.86
21/08/2026 02:35,16.125,0.001,7.86
21/08/2026 02:05,16.125,0.001,7.86
21/08/2026 01:35,16.375,0.001,7.85
21/08/2026 01:05,16.25,0.001,7.85
21/08/2026 00:35,16.5,0.001,7.85
21/08/2026 00:05,16.5,0.001,7.85
20/08/2026 23:35,16.5,0.001,7.85
20/08/2026 23:05,16.5,0.001,7.85
20/08/2026 22:35,16.5,0.001,7.84
20/08/2026 22:05,16.5,0.001,7.84
20/08/2026 21:35,16.5,0.001,7.84
20/08/2026 21:05,16.5,0.001,7.84
20/08/2026 20:35,16.625,0.001,7.84
20/08/2026 20:05,16.625,0.001,7.84
20/08/2026 19:35,16.5,0.001,7.84
20/08/2026 19:05,16.5,0.001,7.84
20/08/2026 18:35,16.625,0.001,7.84
20/08/2026 18:05,16.625,0.001,7.85
20/08/2026 17:35,16.625,0.001,7.86
20/08/2026 17:05,16.625,0.001,7.86
20/08/2026 16:35,16.5,0.001,7.86
20/08/2026 16:05,16.375,0.001,7.86
20/08/2026 15:35,16.5,0.001,7.85
20/08/2026 15:05,16.375,0.001,7.85
20/08/2026 14:35,16.375,0.001,7.85
20/08/2026 14:05,16.375,0.001,7.85
20/08/2026 13:35,16.25,0.001,7.85
20/08/2026 13:05,16.125,0.001,7.84
20/08/2026 12:35,16.125,0.001,7.84
20/08/2026 12:05,16,0.001,7.85
20/08/2026 11:35,15.75,0.001,7.85
20/08/2026 11:05,16.625,0.001,7.85
20/08/2026 10:35,15.625,0.001,7.85
20/08/2026 10:05,15.625,0.001,7.86
20/08/2026 09:35,15.5,0.001,7.87
20/08/2026 09:05,15.375,0.001,7.87
20/08/2026 08:35,15.5,0.001,7.86
20/08/2026 08:05,15.5,0.001,7.86
20/08/2026 07:35,15.375,0.001,7.86
20/08/2026 07:05,15.5,0.001,7.86
20/08/2026 06:35,15.375,0.001,7.86
20/08/2026 06:05,15.5,0.001,7.86
20/08/2026 05:35,15.5,0.001,7.86
20/08/2026 05:05,15.5,0.001,7.85
20/08/2026 04:35,15.625,0.001,7.85
20/08/2026 04:05,15.625,0.001,7.85
20/08/2026 03:35,15.625,0.001,7.85
20/08/2026 03:05,15.625,0.001,7.85
20/08/2026 02:35,15.375,0.001,7.85
20/08/2026 02:05,14.875,0.001,7.85
20/08/2026 01:35,15.75,0.001,7.84
20/08/2026 01:05,16,0.001,7.84
20/08/2026 00:35,15.75,0.001,7.84
20/08/2026 00:05,15.875,0.001,7.84
19/08/2026 23:35,16,0.001,7.84
19/08/2026 23:05,16,0.001,7.84
19/08/2026 22:35,16.125,0.001,7.84
19/08/2026 22:05,16.125,0.001,7.85
19/08/2026 21:35,16.25,0.001,7.84
19/08/2026 21:05,16.125,0.001,7.84
19/08/2026 20:35,16.125,0.001,7.84
19/08/2026 20:05,16.25,0.001,7.83
19/08/2026 19:35,16.25,0.001,7.83
19/08/2026 19:05,16,0.001,7.83
19/08/2026 18:35,16.25,0.001,7.83
19/08/2026 18:05,16,0.001,7.82
19/08/2026 17:35,16.25,0.001,7.82
19/08/2026 17:05,16,0.001,7.82
19/08/2026 16:35,16.125,0.001,7.82
19/08/2026 16:05,15.875,0.001,7.82
19/08/2026 15:35,15.875,0.001,7.82
19/08/2026 15:05,15.875,0.001,7.82
19/08/2026 14:35,15.875,0.001,7.81
19/08/2026 14:05,15.75,0.001,7.81
19/08/2026 13:35,15.625,0.001,7.81
19/08/2026 13:05,16.625,0.001,7.81
19/08/2026 12:35,15.5,0.001,7.81
19/08/2026 12:05,15.5,0.001,7.81
19/08/2026 11:35,15.375,0.001,7.81
19/08/2026 11:05,15.5,0.001,7.81
19/08/2026 10:35,15.5,0.001,7.82
19/08/2026 10:05,15.25,0.001,7.84
19/08/2026 09:35,15.25,0.001,7.85
19/08/2026 09:05,15.375,0.001,7.85
19/08/2026 08:35,15.25,0.001,7.85
19/08/2026 08:05,15.25,0.001,7.84
19/08/2026 07:35,15.375,0.001,7.84
19/08/2026 07:05,15.25,0.001,7.84
19/08/2026 06:35,15.375,0.001,7.84
19/08/2026 06:05,15.25,0.001,7.83
19/08/2026 05:35,15.5,0.001,7.84
19/08/2026 05:05,15.375,0.001,7.83
19/08/2026 04:35,15.375,0.001,7.83
19/08/2026 04:05,15.375,0.001,7.82
19/08/2026 03:35,15.375,0.001,7.82
19/08/2026 03:05,15.5,0.001,7.82
19/08/2026 02:35,15.5,0.001,7.81
19/08/2026 02:05,15.5,0.001,7.82
19/08/2026 01:35,15.5,0.001,7.81
19/08/2026 01:05,15.625,0.001,7.81
19/08/2026 00:35,16.625,0.001,7.81
19/08/2026 00:05,15.75,0.001,7.8
18/08/2026 23:35,15.875,0.001,7.79
18/08/2026 23:05,15.875,0.001,7.79
18/08/2026 22:35,15.875,0.001,7.78
18/08/2026 22:05,16.125,0.001,7.78
18/08/2026 21:35,16,0.001,7.77
18/08/2026 21:05,16.125,0.001,7.76
18/08/2026 20:35,16.25,0.001,7.76
18/08/2026 20:05,16.125,0.001,7.75
18/08/2026 19:35,16.125,0.001,7.74
18/08/2026 19:05,16.25,0.001,7.74
18/08/2026 18:35,16,0.001,7.73
18/08/2026 18:05,16,0.001,7.73
18/08/2026 17:35,16,0.001,7.72
18/08/2026 17:05,15.875,0.001,7.72
18/08/2026 16:35,15.75,0.001,7.71
18/08/2026 16:05,15.75,0.001,7.71
18/08/2026 15:35,15.75,0.001,7.72
18/08/2026 15:05,15.5,0.001,7.73
18/08/2026 14:35,15.5,0.001,7.74
18/08/2026 14:05,15.5,0.001,7.76
18/08/2026 13:35,15.5,0.001,7.79
18/08/2026 13:05,15.375,0.001,7.82
18/08/2026 12:35,15.375,0.001,7.85
18/08/2026 12:05,15.25,0.001,7.87
18/08/2026 11:35,15.25,0.001,7.88
18/08/2026 11:05,15.125,0.001,7.88
18/08/2026 10:35,15.25,0.001,7.88
18/08/2026 10:05,15.25,0.001,7.88
18/08/2026 09:35,15.125,0.001,7.88
18/08/2026 09:05,15.375,0.001,7.88
18/08/2026 08:35,15.125,0.001,7.88
18/08/2026 08:05,15.25,0.001,7.87
18/08/2026 07:35,15.125,0.001,7.87
18/08/2026 07:05,15.25,0.001,7.87
18/08/2026 06:35,15.125,0.001,7.87
18/08/2026 06:05,15.25,0.001,7.86
18/08/2026 05:35,15.375,0.001,7.86
18/08/2026 05:05,15.125,0.001,7.86
18/08/2026 04:35,15.125,0.001,7.86
18/08/2026 04:05,15.375,0.001,7.85
18/08/2026 03:35,15.25,0.001,7.85
18/08/2026 03:05,15.375,0.001,7.85
18/08/2026 02:35,15.375,0.001,7.84
18/08/2026 02:05,15.375,0.001,7.84
18/08/2026 01:35,15.25,0.001,7.84
18/08/2026 01:05,15.25,0.001,7.85
18/08/2026 00:35,15.375,0.001,7.85
18/08/2026 00:05,15.25,0.001,7.84
17/08/2026 23:35,15.5,0.001,7.84
17/08/2026 23:05,15.5,0.001,7.84
17/08/2026 22:35,15.25,0.001,7.83
17/08/2026 22:05,15.5,0.001,7.83
17/08/2026 21:35,15.5,0.001,7.83
17/08/2026 21:05,15.625,0.001,7.83
17/08/2026 20:35,14.875,0.001,7.83
17/08/2026 20:05,15.625,0.001,7.83
17/08/2026 19:35,16.625,0.001,7.83
17/08/2026 19:05,15.75,0.001,7.83
17/08/2026 18:35,15.75,0.001,7.83
17/08/2026 18:05,15.75,0.001,7.83
17/08/2026 17:35,15.625,0.001,7.82
17/08/2026 17:05,15.5,0.001,7.82
17/08/2026 16:35,15.5,0.001,7.81
17/08/2026 16:05,15.5,0.001,7.81
17/08/2026 15:35,15.5,0.001,7.82
17/08/2026 15:05,15.5,0.001,7.83
17/08/2026 14:35,15.375,0.001,7.83
17/08/2026 14:05,15.375,0.001,7.84
17/08/2026 13:35,15.375,0.001,7.85
17/08/2026 13:05,15.125,0.001,7.88
17/08/2026 12:35,15.375,0.001,7.89
17/08/2026 12:05,15.125,0.001,7.91
17/08/2026 12:02,15,0.001,7.92
17/08/2026 11:35,15.5,0.001,7.92
17/08/2026 11:05,15.375,0.001,7.92
17/08/2026 10:35,15.375,0.001,7.92
17/08/2026 10:05,15.375,0.001,7.92
17/08/2026 09:35,15.125,0.001,7.92
17/08/2026 09:05,15.25,0.001,7.92
17/08/2026 08:35,15.25,0.001,7.92
17/08/2026 08:05,15.25,0.001,7.92
17/08/2026 07:35,15.25,0.001,7.92
17/08/2026 07:05,15.25,0.001,7.92
17/08/2026 06:35,15.125,0.001,7.92
17/08/2026 06:05,15.125,0.001,7.92
17/08/2026 05:35,15.25,0.001,7.92
17/08/2026 05:05,15.25,0.001,7.93
17/08/2026 04:35,15.25,0.001,7.93
17/08/2026 04:05,15,0.001,7.92
17/08/2026 03:35,15.25,0.001,7.92
17/08/2026 03:05,15.25,0.001,7.93
17/08/2026 02:35,15.125,0.001,7.92
17/08/2026 02:05,15.375,0.001,7.93
17/08/2026 01:35,15.25,0.001,7.93
17/08/2026 01:05,15.375,0.001,7.93
17/08/2026 00:35,15.375,0.001,7.93
17/08/2026 00:05,15.5,0.001,7.93
16/08/2026 23:35,15.25,0.001,7.93
16/08/2026 23:05,15.5,0.001,7.93
16/08/2026 22:35,15.5,0.001,7.93
16/08/2026 22:05,15.625,0.001,7.93
16/08/2026 21:35,15.625,0.001,7.93
16/08/2026 21:05,15.5,0.001,7.93
16/08/2026 20:35,16.625,0.001,7.93
16/08/2026 20:05,16.625,0.001,7.94
16/08/2026 19:35,15.625,0.001,7.94
16/08/2026 19:05,15.75,0.001,7.94
16/08/2026 18:35,15.625,0.001,7.93
16/08/2026 18:05,15.625,0.001,7.93
16/08/2026 17:35,15.625,0.001,7.94
16/08/2026 17:05,15.5,0.001,7.94
16/08/2026 16:35,15.5,0.001,7.94
16/08/2026 16:05,15.5,0.001,7.94
16/08/2026 15:35,15.5,0.001,7.94
16/08/2026 15:05,15.25,0.001,7.94
16/08/2026 14:35,15.5,0.001,7.94
16/08/2026 14:05,15.375,0.001,7.94
16/08/2026 13:35,15.375,0.001,7.94
16/08/2026 13:05,15.25,0.001,7.94
16/08/2026 12:35,15.5,0.001,7.94
16/08/2026 12:05,15.25,0.001,7.94
16/08/2026 11:35,15.375,0.001,7.94
16/08/2026 11:05,15.375,0.001,7.94
16/08/2026 10:35,15.25,0.001,7.94
16/08/2026 10:05,15.375,0.001,7.94
16/08/2026 09:35,15.25,0.001,7.94
16/08/2026 09:05,15.25,0.001,7.94
16/08/2026 08:35,15.125,0.001,7.94
16/08/2026 08:05,15.125,0.001,7.94
16/08/2026 07:35,15.375,0.001,7.94
16/08/2026 07:05,15.125,0.001,7.93
16/08/2026 06:35,15.125,0.001,7.94
16/08/2026 06:05,15.375,0.001,7.94
16/08/2026 05:35,15.25,0.001,7.94
16/08/2026 05:05,15.25,0.001,7.94
16/08/2026 04:35,15.125,0.001,7.94
16/08/2026 04:05,15.25,0.001,7.94
16/08/2026 03:35,15.125,0.001,7.94
16/08/2026 03:05,15.25,0.001,7.93
16/08/2026 02:35,15.25,0.001,7.93
16/08/2026 02:05,15.25,0.001,7.94
16/08/2026 01:35,15.375,0.001,7.93
16/08/2026 01:05,15.375,0.001,7.93
16/08/2026 00:35,15.25,0.001,7.94
16/08/2026 00:05,15.375,0.001,7.93
15/08/2026 23:35,15.375,0.001,7.94
15/08/2026 23:05,15.25,0.001,7.93
15/08/2026 22:35,15.125,0.001,7.93
15/08/2026 22:05,15.5,0.001,7.93
15/08/2026 21:35,15.5,0.001,7.93
15/08/2026 21:05,15.5,0.001,7.93
15/08/2026 20:35,15.5,0.001,7.93
15/08/2026 20:05,15.5,0.001,7.93
15/08/2026 19:35,14.75,0.001,7.93
15/08/2026 19:05,15.625,0.001,7.93
15/08/2026 18:35,15.625,0.001,7.93
15/08/2026 18:05,15.625,0.001,7.93
15/08/2026 17:35,15.625,0.001,7.93
15/08/2026 17:05,15.5,0.001,7.93
15/08/2026 16:35,15.625,0.001,7.93
15/08/2026 16:05,15.625,0.001,7.93
15/08/2026 15:35,15.625,0.001,7.93
15/08/2026 15:05,15.375,0.001,7.92
15/08/2026 14:35,15.375,0.001,7.92
15/08/2026 14:05,15.5,0.001,7.92
15/08/2026 13:35,15.25,0.001,7.92
15/08/2026 13:05,15.25,0.001,7.92
15/08/2026 12:35,15.375,0.001,7.92
15/08/2026 12:05,15.5,0.001,7.92
15/08/2026 11:35,15.25,0.001,7.92
15/08/2026 11:05,15.5,0.001,7.92
15/08/2026 10:35,15.5,0.001,7.92
15/08/2026 10:05,15.25,0.001,7.92
15/08/2026 09:35,15.25,0.001,7.92
15/08/2026 09:05,15.25,0.001,7.92
15/08/2026 08:35,15.125,0.001,7.92
15/08/2026 08:05,15.375,0.001,7.92
15/08/2026 07:35,15.375,0.001,7.92
15/08/2026 07:05,15.375,0.001,7.92
15/08/2026 06:35,15.375,0.001,7.91
15/08/2026 06:05,15.25,0.001,7.92
15/08/2026 05:35,15.125,0.001,7.92
15/08/2026 05:05,15.375,0.001,7.92
15/08/2026 04:35,15.375,0.001,7.91
15/08/2026 04:05,15.25,0.001,7.91
15/08/2026 04:05,15.25,0.001,7.91
15/08/2026 03:35,15.375,0.001,7.91
15/08/2026 03:05,15.375,0.001,7.91
15/08/2026 02:35,15.5,0.001,7.91
15/08/2026 02:05,15.5,0.001,7.91
15/08/2026 01:35,15.5,0.001,7.91
15/08/2026 01:05,15.5,0.001,7.9
15/08/2026 00:35,15.625,0.001,7.9
15/08/2026 00:05,16.625,0.001,7.9
14/08/2026 23:35,15.75,0.001,7.9
14/08/2026 23:35,15.75,0.001,7.9
14/08/2026 23:05,16.625,0.001,7.9
14/08/2026 22:35,15.875,0.001,7.9
14/08/2026 22:05,15.75,0.001,7.9
14/08/2026 21:35,15.75,0.001,7.9
14/08/2026 21:05,15.875,0.001,7.89
14/08/2026 20:35,16,0.001,7.89
14/08/2026 20:05,16,0.001,7.89
14/08/2026 19:35,16,0.001,7.89
14/08/2026 19:05,16,0.001,7.89
14/08/2026 18:35,16.125,0.001,7.89
14/08/2026 18:05,16,0.001,7.89
14/08/2026 17:35,16,0.001,7.89
14/08/2026 17:05,16,0.001,7.89
14/08/2026 16:35,15.875,0.001,7.89
14/08/2026 16:05,16,0.001,7.89
14/08/2026 15:35,15.75,0.001,7.89
14/08/2026 15:05,16.625,0.001,7.89
14/08/2026 14:35,15.625,0.001,7.89
14/08/2026 14:05,15.5,0.001,7.89
14/08/2026 13:35,15.625,0.001,7.89
14/08/2026 13:05,15.5,0.001,7.88
14/08/2026 12:35,15.5,0.001,7.88
14/08/2026 12:05,15.5,0.001,7.89
14/08/2026 11:35,15.625,0.001,7.89
14/08/2026 11:05,15.625,0.001,7.89
14/08/2026 10:35,15.625,0.001,7.89
14/08/2026 10:05,15.625,0.001,7.89
14/08/2026 09:35,15.375,0.001,7.88
14/08/2026 09:05,15.125,0.001,7.89
14/08/2026 08:35,15.375,0.001,7.88
14/08/2026 08:05,15.5,0.001,7.89
14/08/2026 07:35,15.5,0.001,7.89
14/08/2026 07:05,15.5,0.001,7.89
14/08/2026 06:35,15.5,0.001,7.89
14/08/2026 06:05,15.625,0.001,7.89
14/08/2026 05:35,16.5,0.001,7.89
14/08/2026 05:05,15.625,0.001,7.89
14/08/2026 04:35,15.75,0.001,7.89
14/08/2026 04:05,16.625,0.001,7.89
14/08/2026 03:35,15.75,0.001,7.89
14/08/2026 03:05,16,0.001,7.89
14/08/2026 02:35,16,0.001,7.89
14/08/2026 02:05,16.125,0.001,7.89
14/08/2026 01:35,16.125,0.001,7.88
14/08/2026 01:05,16.25,0.001,7.88
14/08/2026 00:35,16.25,0.001,7.88
14/08/2026 00:05,16.5,0.001,7.87
14/08/2026 00:05,16.5,0.001,7.87
13/08/2026 23:35,16.5,0.001,7.87
13/08/2026 23:05,16.625,0.001,7.88
13/08/2026 22:35,16.5,0.001,7.89
13/08/2026 22:05,16.625,0.001,7.89
13/08/2026 21:35,16.75,0.001,7.9
13/08/2026 21:05,15.75,0.001,7.9
13/08/2026 20:35,16.75,0.001,7.9
13/08/2026 20:05,16.875,0.001,7.91
13/08/2026 19:35,16.875,0.001,7.91
13/08/2026 19:05,16.875,0.001,7.9
13/08/2026 18:35,16.875,0.001,7.9
13/08/2026 18:05,16.875,0.001,7.89
13/08/2026 17:35,16.875,0.001,7.88
13/08/2026 17:05,16.875,0.001,7.87
13/08/2026 16:35,16.875,0.001,7.84
13/08/2026 16:05,16.75,0.001,7.81
13/08/2026 15:35,17.625,0.001,7.76
13/08/2026 15:05,16.75,0.001,7.68
13/08/2026 14:35,17,0.001,7.54
13/08/2026 14:05,16.875,0.001,7.3
13/08/2026 13:35,16.75,0.001,6.95
13/08/2026 13:35,16.75,0.001,6.95
13/08/2026 13:05,16.75,0.001,6.67
13/08/2026 13:05,15.75,0.001,6.84
13/08/2026 07:35,15.125,0.001,7.88
13/08/2026 07:05,15.25,0.001,7.88
13/08/2026 06:35,15.25,0.001,7.88
13/08/2026 06:05,15.25,0.001,7.88
13/08/2026 05:35,15.25,0.001,7.88
13/08/2026 05:05,15.25,0.001,7.88
13/08/2026 04:35,15.375,0.001,7.88
13/08/2026 04:05,15.125,0.001,7.88
13/08/2026 03:35,15.5,0.001,7.88
13/08/2026 03:05,15.5,0.001,7.88
13/08/2026 02:35,15.5,0.001,7.88
13/08/2026 02:05,15.5,0.001,7.88
13/08/2026 01:35,15.625,0.001,7.88
13/08/2026 01:05,16.625,0.001,7.88
13/08/2026 00:35,15.625,0.001,7.88
13/08/2026 00:05,15.875,0.001,7.87
12/08/2026 23:35,15.875,0.001,7.87
12/08/2026 23:05,15.75,0.001,7.88
12/08/2026 22:35,15.75,0.001,7.87
12/08/2026 22:05,16,0.001,7.87
12/08/2026 21:35,15.875,0.001,7.87
12/08/2026 21:05,16,0.001,7.87
12/08/2026 20:35,16,0.001,7.86
12/08/2026 20:05,16.125,0.001,7.86
12/08/2026 19:35,16,0.001,7.86
12/08/2026 19:05,16,0.001,7.86
12/08/2026 18:35,15.875,0.001,7.86
12/08/2026 18:05,15.75,0.001,7.86
12/08/2026 17:35,15.875,0.001,7.86
12/08/2026 17:05,14.875,0.001,7.86
12/08/2026 16:35,15.75,0.001,7.85
12/08/2026 16:05,15.625,0.001,7.85
12/08/2026 15:35,15.5,0.001,7.85
12/08/2026 15:05,15.5,0.001,7.85
12/08/2026 14:35,15.375,0.001,7.85
12/08/2026 14:05,15.375,0.001,7.84
12/08/2026 13:35,15.25,0.001,7.84
12/08/2026 13:05,15.375,0.001,7.84
12/08/2026 12:35,15.25,0.001,7.84
12/08/2026 12:05,15.25,0.001,7.84
12/08/2026 11:35,15.25,0.001,7.84
12/08/2026 11:05,15.25,0.001,7.84
12/08/2026 10:35,15.25,0.001,7.84
12/08/2026 10:05,15.375,0.001,7.84
12/08/2026 09:35,15.25,0.001,7.85
12/08/2026 09:05,15.125,0.001,7.85
12/08/2026 08:35,15.25,0.001,7.85
12/08/2026 08:35,15.25,0.001,7.85
12/08/2026 08:05,15.25,0.001,7.85
12/08/2026 07:35,15.25,0.001,7.85
12/08/2026 07:05,15.125,0.001,7.85
12/08/2026 06:35,15.375,0.001,7.85
12/08/2026 06:05,15.125,0.001,7.85
12/08/2026 06:05,15.125,0.001,7.85
12/08/2026 05:35,15.375,0.001,7.85
12/08/2026 05:05,15.25,0.001,7.85
12/08/2026 04:35,15.375,0.001,7.85
12/08/2026 04:05,15.375,0.001,7.85
12/08/2026 03:35,15.5,0.001,7.85
12/08/2026 03:05,15.375,0.001,7.85
12/08/2026 02:35,15.5,0.001,7.85
12/08/2026 02:05,15.375,0.001,7.85
12/08/2026 01:35,15.5,0.001,7.84
12/08/2026 01:05,15.5,0.001,7.84
12/08/2026 00:35,15.375,0.001,7.84
12/08/2026 00:05,15.5,0.001,7.84
11/08/2026 23:35,15.625,0.001,7.84
11/08/2026 23:05,15.625,0.001,7.84
11/08/2026 22:35,15.875,0.001,7.83
11/08/2026 22:05,16.625,0.001,7.83
11/08/2026 21:35,15.75,0.001,7.83
11/08/2026 21:05,15.75,0.001,7.83
11/08/2026 21:05,15.75,0.001,7.83
11/08/2026 20:35,16,0.001,7.83
11/08/2026 20:05,15.875,0.001,7.83
11/08/2026 19:35,16,0.001,7.83
11/08/2026 19:05,16.125,0.001,7.83
11/08/2026 18:35,16,0.001,7.82
11/08/2026 18:05,16,0.001,7.82
11/08/2026 17:35,16,0.001,7.82
11/08/2026 17:05,16,0.001,7.83
11/08/2026 16:35,16,0.001,7.83
11/08/2026 16:05,15.875,0.001,7.83
11/08/2026 15:35,15.875,0.001,7.84
11/08/2026 15:05,16,0.001,7.84
11/08/2026 14:35,15.875,0.001,7.84
11/08/2026 14:05,15.75,0.001,7.84
11/08/2026 13:35,15.625,0.001,7.84
11/08/2026 13:05,15.875,0.001,7.84
11/08/2026 12:35,15.875,0.001,7.84
11/08/2026 12:05,15.75,0.001,7.84
11/08/2026 11:35,15.875,0.001,7.84
11/08/2026 11:05,15.875,0.001,7.84
11/08/2026 11:05,15.875,0.001,7.84
11/08/2026 10:35,16,0.001,7.84
11/08/2026 10:05,16,0.001,7.83
11/08/2026 10:05,16,0.001,7.83
11/08/2026 09:35,16,0.001,7.83
11/08/2026 09:05,16.25,0.001,7.83
11/08/2026 08:35,16.125,0.001,7.83
11/08/2026 08:05,16.25,0.001,7.83
11/08/2026 07:35,16.25,0.001,7.82
11/08/2026 07:05,16.375,0.001,7.82
11/08/2026 06:35,16.5,0.001,7.82
11/08/2026 06:05,16.5,0.001,7.82
11/08/2026 05:35,16.625,0.001,7.81
11/08/2026 05:05,16.625,0.001,7.81
11/08/2026 04:35,17.625,0.001,7.81
11/08/2026 04:05,17.625,0.001,7.81
11/08/2026 03:35,17,0.001,7.8
11/08/2026 03:05,17,0.001,7.8
11/08/2026 02:35,17.125,0.001,7.8
11/08/2026 02:05,17.25,0.001,7.79
11/08/2026 01:35,17.375,0.001,7.78
11/08/2026 01:05,17.5,0.001,7.78
11/08/2026 00:35,17.5,0.001,7.78
11/08/2026 00:05,17.875,0.001,7.77
10/08/2026 23:35,17.75,0.001,7.76
10/08/2026 23:05,17.875,0.001,7.76
10/08/2026 22:35,18,0.001,7.75
10/08/2026 22:05,18.375,0.001,7.75
10/08/2026 21:35,18.375,0.001,7.74
10/08/2026 21:09,18.375,0.001,7.73
10/08/2026 21:05,18.375,0.001,7.73
10/08/2026 21:02,18.5,0.001,7.73
10/08/2026 20:35,17.75,0.001,7.72
10/08/2026 20:05,19.625,0.001,7.71
10/08/2026 19:41,18.875,0.001,7.7
10/08/2026 19:35,18.625,0.001,7.7
10/08/2026 19:23,18.75,0.001,7.7
10/08/2026 19:05,18.875,0.001,7.69
10/08/2026 18:35,18.875,0.001,7.68
10/08/2026 18:05,19,0.001,7.68
10/08/2026 17:35,19.125,0.001,7.67
10/08/2026 17:05,19,0.001,7.66
10/08/2026 16:35,19.25,0.001,7.66
10/08/2026 16:05,19,0.001,7.65
10/08/2026 15:35,19.125,0.001,7.65
10/08/2026 15:05,19.125,0.001,7.66
10/08/2026 14:35,19.25,0.001,7.67
10/08/2026 14:05,19.125,0.001,7.7
10/08/2026 13:48,19.125,0.001,7.72
10/08/2026 13:35,19.125,0.001,7.74
10/08/2026 13:05,19,0.001,7.77
10/08/2026 12:35,19.125,0.001,7.8
10/08/2026 12:05,18.875,0.001,7.84
10/08/2026 11:35,19,0.001,7.87
10/08/2026 11:32,19,0.001,7.87
10/08/2026 11:29,19.125,0.001,7.88
10/08/2026 11:28,19.125,0.001,7.88
10/08/2026 11:26,19,0.001,7.88
10/08/2026 11:24,19.125,0.001,7.88
10/08/2026 11:10,19,0.001,7.89
10/08/2026 11:05,19,0.001,7.89
10/08/2026 11:03,19.125,0.001,7.89
10/08/2026 10:59,19,0.001,7.9
10/08/2026 10:58,18.875,0.001,7.89
10/08/2026 10:53,19,0.001,7.9
10/08/2026 10:42,19,0.001,7.9
10/08/2026 10:40,19,0.001,7.9
10/08/2026 10:35,18.875,0.001,7.9
10/08/2026 10:35,18.875,0.001,7.9
10/08/2026 10:26,18,0.001,7.9
10/08/2026 10:25,17.875,0.001,7.9
10/08/2026 10:25,17.75,0.001,8.57
09/08/2026 12:35,16,0.001,7.89
09/08/2026 11:35,15.75,0.001,7.89
09/08/2026 11:05,15.75,0.001,7.89
09/08/2026 10:35,15.875,0.001,7.89
09/08/2026 10:05,15.75,0.001,7.89
09/08/2026 09:35,15.75,0.001,7.89
09/08/2026 09:05,15.875,0.001,7.9
09/08/2026 08:35,15.875,0.001,7.9
09/08/2026 08:05,15.875,0.001,7.89
09/08/2026 07:35,15.875,0.001,7.89
09/08/2026 07:05,15.875,0.001,7.9
09/08/2026 06:35,15.875,0.001,7.9
09/08/2026 06:05,15.75,0.001,7.89
09/08/2026 05:35,16,0.001,7.89
09/08/2026 05:05,16,0.001,7.9
09/08/2026 04:35,16,0.001,7.9
09/08/2026 04:05,16,0.001,7.9
09/08/2026 03:35,16,0.001,7.9
09/08/2026 03:05,16,0.001,7.89
09/08/2026 02:35,16,0.001,7.89
09/08/2026 02:05,16,0.001,7.89
09/08/2026 01:35,16,0.001,7.89
09/08/2026 01:05,16,0.001,7.89
09/08/2026 00:35,16,0.001,7.89
09/08/2026 00:05,16,0.001,7.89
08/08/2026 23:35,16.125,0.001,7.89
08/08/2026 23:05,16,0.001,7.89
08/08/2026 22:35,15.875,0.001,7.89
08/08/2026 22:05,16,0.001,7.89
08/08/2026 21:35,16,0.001,7.89
08/08/2026 21:05,16,0.001,7.89
08/08/2026 20:35,16,0.001,7.89
08/08/2026 20:05,16.125,0.001,7.89
08/08/2026 19:35,16.125,0.001,7.89
08/08/2026 19:05,16,0.001,7.89
08/08/2026 18:35,16.125,0.001,7.89
08/08/2026 18:05,16,0.001,7.89
08/08/2026 17:35,16,0.001,7.89
08/08/2026 17:05,16,0.001,7.89
08/08/2026 16:35,15.875,0.001,7.89
08/08/2026 16:05,16,0.001,7.89
08/08/2026 15:35,16,0.001,7.88
08/08/2026 15:05,15.875,0.001,7.88
08/08/2026 14:35,15.875,0.001,7.88
08/08/2026 14:05,15.75,0.001,7.88
08/08/2026 13:35,16.625,0.001,7.88
08/08/2026 13:05,14.75,0.001,7.88
08/08/2026 12:35,15.875,0.001,7.88
08/08/2026 12:05,15.75,0.001,7.88
08/08/2026 11:35,14.75,0.001,7.88
08/08/2026 11:05,15.625,0.001,7.88
08/08/2026 10:35,15.75,0.001,7.88
08/08/2026 10:05,15.75,0.001,7.88
08/08/2026 09:35,15.875,0.001,7.88
08/08/2026 09:05,15.75,0.001,7.88
08/08/2026 09:05,15.75,0.001,7.88
08/08/2026 08:35,15.875,0.001,7.88
08/08/2026 08:05,15.75,0.001,7.88
08/08/2026 07:35,15.75,0.001,7.88
08/08/2026 07:05,16,0.001,7.88
08/08/2026 06:35,15.875,0.001,7.88
08/08/2026 06:05,15.875,0.001,7.88
08/08/2026 05:35,16,0.001,7.87
08/08/2026 05:05,15.875,0.001,7.87
08/08/2026 04:35,16,0.001,7.87
08/08/2026 04:05,16,0.001,7.87
08/08/2026 03:35,15.875,0.001,7.87
08/08/2026 03:05,15.875,0.001,7.87
08/08/2026 02:35,16,0.001,7.87
08/08/2026 02:05,16,0.001,7.87
08/08/2026 01:35,16,0.001,7.87
08/08/2026 01:05,16,0.001,7.87
08/08/2026 00:35,16,0.001,7.87
08/08/2026 00:05,16.125,0.001,7.87
07/08/2026 23:35,16,0.001,7.87
07/08/2026 23:05,16,0.001,7.87
07/08/2026 22:35,16.125,0.001,7.86
07/08/2026 22:05,16.125,0.001,7.86
07/08/2026 21:35,16.125,0.001,7.86
07/08/2026 21:05,16.125,0.001,7.86
07/08/2026 20:35,16.125,0.001,7.86
07/08/2026 20:05,16.125,0.001,7.86
07/08/2026 19:35,16.25,0.001,7.86
07/08/2026 19:05,16.125,0.001,7.86
07/08/2026 18:35,16.125,0.001,7.85
07/08/2026 18:05,16.25,0.001,7.85
07/08/2026 17:35,16,0.001,7.85
07/08/2026 17:05,16,0.001,7.85
07/08/2026 16:35,16.25,0.001,7.85
07/08/2026 16:05,16.125,0.001,7.85
07/08/2026 15:35,16.125,0.001,7.84
07/08/2026 15:35,16.125,0.001,7.84
07/08/2026 15:05,16,0.001,7.84
07/08/2026 14:35,16,0.001,7.84
07/08/2026 14:35,16,0.001,7.84
07/08/2026 14:05,15.875,0.001,7.84
07/08/2026 13:35,15.875,0.001,7.84
07/08/2026 13:05,16,0.001,7.84
07/08/2026 12:35,16,0.001,7.83
07/08/2026 12:05,15.875,0.001,7.83
07/08/2026 11:35,15.875,0.001,7.83
07/08/2026 11:05,15.875,0.001,7.82
07/08/2026 10:35,15.875,0.001,7.82
07/08/2026 10:05,16.125,0.001,7.82
07/08/2026 09:35,16,0.001,7.82
07/08/2026 09:05,16,0.001,7.82
07/08/2026 08:35,16,0.001,7.81
07/08/2026 08:05,16,0.001,7.81
07/08/2026 07:35,16,0.001,7.81
07/08/2026 07:05,16,0.001,7.81
07/08/2026 06:35,16.125,0.001,7.8
07/08/2026 06:05,16,0.001,7.8
07/08/2026 05:35,16.125,0.001,7.79
07/08/2026 05:05,16,0.001,7.79
07/08/2026 04:35,16.125,0.001,7.79
07/08/2026 04:05,16.25,0.001,7.79
07/08/2026 03:35,16.25,0.001,7.78
07/08/2026 03:05,16.25,0.001,7.78
07/08/2026 03:05,16.25,0.001,7.78
07/08/2026 02:35,16.375,0.001,7.77
07/08/2026 02:05,16.25,0.001,7.77
07/08/2026 01:35,16.5,0.001,7.76
07/08/2026 01:05,16.375,0.001,7.76
07/08/2026 00:35,16.5,0.001,7.75
07/08/2026 00:05,16.5,0.001,7.75
06/08/2026 23:35,16.625,0.001,7.74
06/08/2026 23:05,16.375,0.001,7.73
06/08/2026 22:35,16.5,0.001,7.73
06/08/2026 22:05,16.625,0.001,7.72
06/08/2026 21:35,16.5,0.001,7.71
06/08/2026 21:05,17.625,0.001,7.71
06/08/2026 20:35,17.625,0.001,7.7
06/08/2026 20:05,16.75,0.001,7.68
06/08/2026 19:35,16.75,0.001,7.68
06/08/2026 19:05,16.75,0.001,7.67
06/08/2026 18:35,17.625,0.001,7.66
06/08/2026 18:05,17.625,0.001,7.65
06/08/2026 17:35,17.625,0.001,7.63
06/08/2026 17:35,17.625,0.001,7.63
06/08/2026 17:05,16.75,0.001,7.63
06/08/2026 16:35,17.625,0.001,7.62
06/08/2026 16:05,16.625,0.001,7.61
06/08/2026 16:05,16.625,0.001,7.61
06/08/2026 15:35,16.625,0.001,7.61
06/08/2026 15:05,16.625,0.001,7.61
06/08/2026 14:35,16.625,0.001,7.62
06/08/2026 14:05,16.625,0.001,7.62
06/08/2026 13:35,16.625,0.001,7.62
06/08/2026 13:05,16.625,0.001,7.65
06/08/2026 12:35,16.625,0.001,7.68
06/08/2026 12:05,16.5,0.001,7.72
06/08/2026 11:35,16.625,0.001,7.75
06/08/2026 11:05,16.625,0.001,7.78
06/08/2026 10:35,16.5,0.001,7.81
06/08/2026 10:05,16.625,0.001,7.84
06/08/2026 09:35,16.625,0.001,7.87
06/08/2026 09:05,16.5,0.001,7.89
06/08/2026 08:35,16.5,0.001,7.9
06/08/2026 08:05,16.375,0.001,7.9
06/08/2026 07:35,16.5,0.001,7.9
06/08/2026 07:05,16.5,0.001,7.9
06/08/2026 06:35,16.5,0.001,7.9
06/08/2026 06:05,16.375,0.001,7.9
06/08/2026 05:35,16.375,0.001,7.9
06/08/2026 05:05,16.5,0.001,7.9
06/08/2026 04:35,16.625,0.001,7.9
06/08/2026 04:35,16.625,0.001,7.9
06/08/2026 04:05,16.5,0.001,7.9
06/08/2026 03:35,16.5,0.001,7.9
06/08/2026 03:05,16.625,0.001,7.9
06/08/2026 02:35,16.5,0.001,7.9
06/08/2026 02:05,16.5,0.001,7.9
06/08/2026 01:35,16.625,0.001,7.9
06/08/2026 01:05,16.625,0.001,7.9
06/08/2026 00:35,16.5,0.001,7.9
06/08/2026 00:05,16.625,0.001,7.9
05/08/2026 23:35,16.625,0.001,7.9
05/08/2026 23:05,17.625,0.001,7.9
05/08/2026 22:35,17.625,0.001,7.9
05/08/2026 22:05,15.75,0.001,7.89
05/08/2026 21:35,17.625,0.001,7.89
05/08/2026 21:05,16.75,0.001,7.89
05/08/2026 20:35,17.625,0.001,7.89
05/08/2026 20:05,16.75,0.001,7.89
05/08/2026 19:35,16.75,0.001,7.89
05/08/2026 19:35,16.75,0.001,7.89
05/08/2026 19:05,17.625,0.001,7.89
05/08/2026 18:35,16.75,0.001,7.89
05/08/2026 18:05,16.75,0.001,7.89
05/08/2026 17:35,16.75,0.001,7.89
05/08/2026 17:05,16.75,0.001,7.89
05/08/2026 16:35,16.75,0.001,7.89
05/08/2026 16:05,16.875,0.001,7.89
05/08/2026 15:35,16.75,0.001,7.89
05/08/2026 15:05,16.75,0.001,7.89
05/08/2026 14:35,16.75,0.001,7.88
05/08/2026 14:05,16.875,0.001,7.88
05/08/2026 14:05,16.875,0.001,7.88
05/08/2026 13:35,16.875,0.001,7.88
05/08/2026 13:05,16.75,0.001,7.88
05/08/2026 12:35,15.75,0.001,7.88
05/08/2026 12:05,16.75,0.001,7.88
05/08/2026 11:35,16.875,0.001,7.88
05/08/2026 11:05,16.75,0.001,7.88
05/08/2026 10:35,16.875,0.001,7.88
05/08/2026 10:05,16.875,0.001,7.88
05/08/2026 09:35,17,0.001,7.88
05/08/2026 09:05,16.875,0.001,7.87
05/08/2026 08:35,17,0.001,7.87
05/08/2026 08:35,17,0.001,7.87
05/08/2026 08:05,16.875,0.001,7.87
05/08/2026 07:35,16.875,0.001,7.87
05/08/2026 07:05,17,0.001,7.87
05/08/2026 06:35,16.875,0.001,7.87
05/08/2026 06:05,16.875,0.001,7.87
05/08/2026 05:35,17.125,0.001,7.86
05/08/2026 05:05,17.125,0.001,7.86
05/08/2026 04:35,17.125,0.001,7.86
05/08/2026 04:05,17.25,0.001,7.86
05/08/2026 03:35,17.375,0.001,7.86
05/08/2026 03:05,17.25,0.001,7.86
05/08/2026 02:35,17.5,0.001,7.85
05/08/2026 02:35,17.5,0.001,7.85
05/08/2026 02:05,17.5,0.001,7.85
05/08/2026 01:35,17.375,0.001,7.85
05/08/2026 01:05,17.625,0.001,7.84
05/08/2026 00:35,17.625,0.001,7.85
05/08/2026 00:35,17.625,0.001,7.85
05/08/2026 00:05,16.75,0.001,7.84
04/08/2026 23:35,17.75,0.001,7.84
04/08/2026 23:05,17.875,0.001,7.84
04/08/2026 22:35,17.875,0.001,7.84
04/08/2026 22:05,17.875,0.001,7.83
04/08/2026 21:35,18,0.001,7.83
04/08/2026 21:05,18,0.001,7.83
04/08/2026 20:35,18.125,0.001,7.82
04/08/2026 20:05,18.5,0.001,7.82
04/08/2026 19:35,18.5,0.001,7.81
04/08/2026 19:05,18.375,0.001,7.81
04/08/2026 18:35,18.5,0.001,7.81
04/08/2026 18:05,18.5,0.001,7.8
04/08/2026 18:05,18.5,0.001,7.8
04/08/2026 17:35,18.625,0.001,7.8
04/08/2026 17:05,18.5,0.001,7.8
04/08/2026 16:35,19.625,0.001,7.8
04/08/2026 16:35,19.625,0.001,7.8
04/08/2026 16:05,17.75,0.001,7.8
04/08/2026 15:35,18.625,0.001,7.79
04/08/2026 15:05,18.5,0.001,7.79
04/08/2026 14:35,17.75,0.001,7.79
04/08/2026 14:05,18.875,0.001,7.79
04/08/2026 13:35,18.75,0.001,7.81
04/08/2026 13:05,16.75,0.001,7.78
04/08/2026 12:35,16.625,0.001,7.8
04/08/2026 12:05,17.625,0.001,7.83
04/08/2026 11:35,16.625,0.001,7.85
04/08/2026 11:05,16.625,0.001,7.86
04/08/2026 10:35,16.625,0.001,7.88
04/08/2026 10:05,16.5,0.001,7.9
04/08/2026 09:35,16.625,0.001,7.91
04/08/2026 09:05,16.625,0.001,7.92
04/08/2026 08:35,16.5,0.001,7.93
04/08/2026 08:05,16.5,0.001,7.94
04/08/2026 07:35,16.625,0.001,7.93
04/08/2026 07:05,16.625,0.001,7.93
04/08/2026 06:35,16.625,0.001,7.93
04/08/2026 06:05,16.625,0.001,7.93
04/08/2026 05:35,16.625,0.001,7.93
04/08/2026 05:05,16.625,0.001,7.94
04/08/2026 04:35,16.625,0.001,7.93
04/08/2026 04:05,16.625,0.001,7.93
04/08/2026 03:35,16.5,0.001,7.94
04/08/2026 03:05,16.625,0.001,7.94
04/08/2026 02:35,16.625,0.001,7.93
04/08/2026 02:05,16.5,0.001,7.93
04/08/2026 01:35,16.5,0.001,7.94
04/08/2026 01:05,16.625,0.001,7.94
04/08/2026 00:35,15.75,0.001,7.93
04/08/2026 00:05,15.75,0.001,7.94
03/08/2026 23:35,15.75,0.001,7.93
03/08/2026 23:05,16.625,0.001,7.93
03/08/2026 23:05,16.625,0.001,7.93
03/08/2026 22:35,16.625,0.001,7.94
03/08/2026 22:05,17.625,0.001,7.93
03/08/2026 21:35,17.625,0.001,7.93
03/08/2026 21:05,16.625,0.001,7.94
03/08/2026 20:35,16.75,0.001,7.94
03/08/2026 20:05,16.625,0.001,7.93
03/08/2026 20:05,16.625,0.001,7.93
03/08/2026 19:35,16.625,0.001,7.94
03/08/2026 19:05,16.75,0.001,7.94
03/08/2026 18:35,15.75,0.001,7.93
03/08/2026 18:05,15.75,0.001,7.93
03/08/2026 17:35,17.625,0.001,7.93
03/08/2026 17:35,17.625,0.001,7.93
03/08/2026 17:05,16.5,0.001,7.94
03/08/2026 16:35,16.5,0.001,7.93
03/08/2026 16:05,16.625,0.001,7.93
03/08/2026 15:35,16.625,0.001,7.93
03/08/2026 15:05,16.5,0.001,7.93
03/08/2026 14:35,16.5,0.001,7.93
03/08/2026 14:05,16.5,0.001,7.93
03/08/2026 13:35,16.5,0.001,7.93
03/08/2026 13:05,16.625,0.001,7.93
03/08/2026 12:35,17.625,0.001,7.93
03/08/2026 12:05,16.5,0.001,7.93
03/08/2026 11:35,16.5,0.001,7.93
03/08/2026 11:05,16.625,0.001,7.93
03/08/2026 10:35,16.625,0.001,7.93
03/08/2026 10:05,16.5,0.001,7.93
03/08/2026 09:35,16.625,0.001,7.93
03/08/2026 09:05,16.625,0.001,7.93
03/08/2026 08:35,16.5,0.001,7.93
03/08/2026 08:05,16.625,0.001,7.93
03/08/2026 08:05,16.625,0.001,7.93
03/08/2026 07:35,16.5,0.001,7.93
03/08/2026 07:05,16.5,0.001,7.93
03/08/2026 06:35,16.5,0.001,7.93
03/08/2026 06:05,16.625,0.001,7.93
03/08/2026 05:35,16.625,0.001,7.93
03/08/2026 05:05,16.625,0.001,7.93
03/08/2026 04:35,16.625,0.001,7.93
03/08/2026 04:05,16.625,0.001,7.93
03/08/2026 03:35,16.625,0.001,7.93
03/08/2026 03:05,16.625,0.001,7.93
03/08/2026 02:35,16.625,0.001,7.93
03/08/2026 02:05,16.625,0.001,7.93
03/08/2026 01:35,15.75,0.001,7.93
03/08/2026 01:05,16.625,0.001,7.93
03/08/2026 00:35,16.625,0.001,7.93
03/08/2026 00:05,16.625,0.001,7.93
02/08/2026 23:35,15.75,0.001,7.93
02/08/2026 23:05,16.625,0.001,7.93
02/08/2026 22:35,16.625,0.001,7.93
02/08/2026 22:05,16.625,0.001,7.93
02/08/2026 21:35,16.5,0.001,7.93
02/08/2026 21:05,16.5,0.001,7.93
02/08/2026 20:35,15.75,0.001,7.93
02/08/2026 20:05,16.75,0.001,7.93
02/08/2026 19:35,16.625,0.001,7.93
02/08/2026 19:05,16.75,0.001,7.93
02/08/2026 18:35,15.75,0.001,7.93
02/08/2026 18:05,16.625,0.001,7.93
02/08/2026 17:35,16.5,0.001,7.93
02/08/2026 17:35,16.5,0.001,7.93
02/08/2026 17:05,16.625,0.001,7.93
02/08/2026 16:35,16.625,0.001,7.93
02/08/2026 16:05,16.625,0.001,7.93
02/08/2026 15:35,16.625,0.001,7.93
02/08/2026 15:05,16.625,0.001,7.93
02/08/2026 14:35,16.625,0.001,7.93
02/08/2026 14:05,16.5,0.001,7.93
02/08/2026 14:05,16.5,0.001,7.93
02/08/2026 13:35,16.5,0.001,7.93
02/08/2026 13:05,16.625,0.001,7.93
02/08/2026 12:35,16.625,0.001,7.93
02/08/2026 12:35,16.625,0.001,7.93
02/08/2026 12:05,16.625,0.001,7.93
02/08/2026 11:35,16.625,0.001,7.93
02/08/2026 11:05,17.625,0.001,7.92
02/08/2026 10:35,16.625,0.001,7.93
02/08/2026 10:05,16.5,0.001,7.93
02/08/2026 09:35,16.5,0.001,7.93
02/08/2026 09:05,16.625,0.001,7.93
02/08/2026 08:35,16.5,0.001,7.93
02/08/2026 08:05,16.625,0.001,7.93
02/08/2026 07:35,16.625,0.001,7.93
02/08/2026 07:05,16.5,0.001,7.93
02/08/2026 06:35,16.625,0.001,7.93
02/08/2026 06:05,16.625,0.001,7.93
02/08/2026 05:35,16.625,0.001,7.93
02/08/2026 05:05,16.625,0.001,7.93
02/08/2026 04:35,16.5,0.001,7.93
02/08/2026 04:35,16.5,0.001,7.93
02/08/2026 04:05,16.5,0.001,7.93
02/08/2026 03:35,16.75,0.001,7.93
02/08/2026 03:05,16.625,0.001,7.93
02/08/2026 02:35,15.75,0.001,7.93
02/08/2026 02:05,15.75,0.001,7.93
02/08/2026 01:35,16.75,0.001,7.93
02/08/2026 01:05,16.625,0.001,7.93
02/08/2026 00:35,17.625,0.001,7.93
02/08/2026 00:05,16.625,0.001,7.93
01/08/2026 23:35,16.875,0.001,7.93
01/08/2026 23:05,16.75,0.001,7.93
01/08/2026 22:35,16.75,0.001,7.93
01/08/2026 22:05,16.75,0.001,7.93
01/08/2026 21:35,16.875,0.001,7.93
01/08/2026 21:05,15.875,0.001,7.93
01/08/2026 20:35,16.875,0.001,7.93
01/08/2026 20:05,16.875,0.001,7.93
01/08/2026 19:35,16.875,0.001,7.93
01/08/2026 19:05,16.875,0.001,7.93
01/08/2026 19:05,16.875,0.001,7.93
01/08/2026 18:35,16.875,0.001,7.93
01/08/2026 18:05,16.75,0.001,7.93
01/08/2026 17:35,16.75,0.001,7.93
01/08/2026 17:05,16.875,0.001,7.93
01/08/2026 16:35,15.75,0.001,7.93
01/08/2026 16:05,17.625,0.001,7.93
01/08/2026 15:35,16.75,0.001,7.93
01/08/2026 15:05,16.75,0.001,7.93
01/08/2026 14:35,15.75,0.001,7.93
01/08/2026 14:05,16.625,0.001,7.93
01/08/2026 13:35,16.625,0.001,7.93
01/08/2026 13:05,16.5,0.002,7.93
01/08/2026 12:35,16.5,0.001,7.93
01/08/2026 12:05,16.5,0.001,7.92
01/08/2026 11:35,16.625,0.001,7.93
01/08/2026 11:05,16.5,0.001,7.92
01/08/2026 10:35,16.625,0.001,7.92
01/08/2026 10:05,16.5,0.001,7.92
01/08/2026 09:35,16.625,0.001,7.92
01/08/2026 09:05,16.625,0.001,7.93
01/08/2026 08:35,16.625,0.001,7.92
01/08/2026 08:05,16.625,0.001,7.92
01/08/2026 07:35,16.625,0.001,7.92
01/08/2026 07:05,16.625,0.001,7.92
01/08/2026 06:35,16.5,0.001,7.92
01/08/2026 06:05,16.625,0.002,7.93
01/08/2026 05:35,16.625,0.001,7.92
01/08/2026 05:05,16.625,0.002,7.92
01/08/2026 04:35,17.625,0.002,7.92
01/08/2026 04:05,17.625,0.001,7.92
01/08/2026 03:35,16.625,0.001,7.92
01/08/2026 03:05,16.75,0.001,7.92
01/08/2026 02:35,16.75,0.001,7.92
01/08/2026 02:05,17.625,0.001,7.92
01/08/2026 01:35,16.625,0.001,7.92
01/08/2026 01:05,16.625,0.001,7.92
01/08/2026 00:35,15.875,0.001,7.92
01/08/2026 00:05,16.75,0.001,7.92
31/07/2026 23:35,16.75,0.001,7.92
31/07/2026 23:05,17.625,0.001,7.92
31/07/2026 22:35,17.625,0.001,7.92
31/07/2026 22:05,16.875,0.001,7.92
31/07/2026 21:35,16.75,0.001,7.92
31/07/2026 21:05,17.625,0.001,7.92
31/07/2026 20:35,16.75,0.001,7.92
31/07/2026 20:05,17.625,0.001,7.92
31/07/2026 19:35,16.75,0.001,7.92
31/07/2026 19:05,16.875,0.001,7.92
31/07/2026 18:35,16.875,0.001,7.92
31/07/2026 18:05,16.875,0.001,7.92
31/07/2026 17:35,16.75,0.001,7.92
31/07/2026 17:05,16.75,0.001,7.91
31/07/2026 16:35,16.875,0.001,7.91
31/07/2026 16:05,16.625,0.001,7.92
31/07/2026 15:35,17.625,0.001,7.92
31/07/2026 15:05,16.75,0.001,7.91
31/07/2026 14:35,15.75,0.001,7.91
31/07/2026 14:05,16.625,0.001,7.91
31/07/2026 13:35,16.625,0.001,7.91
31/07/2026 13:05,16.625,0.001,7.91
31/07/2026 12:35,16.625,0.001,7.92
31/07/2026 12:05,16.625,0.001,7.91
31/07/2026 11:35,16.5,0.001,7.91
31/07/2026 11:05,16.5,0.001,7.91
31/07/2026 10:35,16.5,0.001,7.92
31/07/2026 10:05,16.625,0.001,7.91
31/07/2026 09:35,16.625,0.001,7.91
31/07/2026 09:05,16.625,0.001,7.91
31/07/2026 08:35,16.625,0.001,7.91
31/07/2026 08:05,16.625,0.001,7.91
31/07/2026 07:35,16.5,0.001,7.91
31/07/2026 07:05,17.625,0.001,7.91
31/07/2026 06:35,16.625,0.002,7.91
31/07/2026 06:05,16.625,0.001,7.91
31/07/2026 05:35,16.625,0.001,7.91
31/07/2026 05:05,16.75,0.001,7.91
31/07/2026 04:35,17.625,0.001,7.91
31/07/2026 04:05,15.75,0.001,7.91
31/07/2026 03:35,17.625,0.001,7.91
31/07/2026 03:05,15.75,0.001,7.91
31/07/2026 02:35,16.75,0.001,7.91
31/07/2026 02:05,16.625,0.001,7.91
31/07/2026 01:35,15.75,0.001,7.91
31/07/2026 01:35,15.75,0.001,7.91
31/07/2026 01:05,17.625,0.001,7.92
31/07/2026 00:35,15.75,0.001,7.92
31/07/2026 00:05,16.75,0.001,7.91
30/07/2026 23:35,16.75,0.001,7.92
30/07/2026 23:05,15.75,0.001,7.91
30/07/2026 22:35,16.625,0.001,7.92
30/07/2026 22:35,16.625,0.001,7.92
30/07/2026 22:05,15.75,0.001,7.92
30/07/2026 21:35,17.625,0.001,7.92
30/07/2026 21:05,16.875,0.001,7.91
30/07/2026 20:35,16.875,0.001,7.91
30/07/2026 20:05,16.875,0.001,7.91
30/07/2026 19:35,16.875,0.001,7.91
30/07/2026 19:35,16.875,0.001,7.91
30/07/2026 19:05,16.875,0.001,7.91
30/07/2026 18:35,16.875,0.001,7.91
30/07/2026 18:05,16.875,0.001,7.91
30/07/2026 18:05,16.875,0.001,7.91
30/07/2026 17:35,16.875,0.001,7.91
30/07/2026 17:05,16.75,0.001,7.91
30/07/2026 16:35,16.75,0.001,7.91
30/07/2026 16:05,16.75,0.001,7.91
30/07/2026 15:35,17.625,0.001,7.91
30/07/2026 15:05,16.75,0.001,7.91
30/07/2026 14:35,15.75,0.001,7.91
30/07/2026 14:05,15.75,0.001,7.91
30/07/2026 13:35,16.75,0.001,7.91
30/07/2026 13:05,16.625,0.001,7.91
30/07/2026 12:35,16.625,0.001,7.9
30/07/2026 12:05,17.625,0.001,7.91
30/07/2026 11:35,15.75,0.001,7.9
30/07/2026 11:05,16.625,0.001,7.9
30/07/2026 10:35,16.625,0.001,7.9
30/07/2026 10:05,17.5,0.001,7.9
30/07/2026 09:35,16.625,0.001,7.9
30/07/2026 09:05,16.625,0.001,7.9
30/07/2026 08:35,16.5,0.001,7.9
30/07/2026 08:05,16.5,0.001,7.9
30/07/2026 07:35,16.625,0.001,7.9
30/07/2026 07:05,16.625,0.001,7.9
30/07/2026 06:35,16.625,0.001,7.9
30/07/2026 06:05,16.625,0.001,7.9
30/07/2026 05:35,16.5,0.001,7.9
30/07/2026 05:05,15.75,0.001,7.9
30/07/2026 04:35,16.75,0.001,7.9
30/07/2026 04:05,16.75,0.001,7.9
30/07/2026 03:35,15.75,0.001,7.89
30/07/2026 03:05,16.75,0.001,7.9
30/07/2026 02:35,15.75,0.001,7.9
30/07/2026 02:05,16.75,0.001,7.89
30/07/2026 01:35,16.625,0.001,7.89
30/07/2026 01:05,16.75,0.001,7.89
30/07/2026 00:35,16.75,0.001,7.89
30/07/2026 00:05,16.75,0.001,7.89
29/07/2026 23:35,16.875,0.001,7.89
29/07/2026 23:05,16.875,0.001,7.89
29/07/2026 22:35,16.875,0.001,7.89
29/07/2026 22:05,16.75,0.001,7.89
29/07/2026 21:35,16.75,0.001,7.89
29/07/2026 21:05,16.875,0.001,7.89
29/07/2026 20:35,16.875,0.001,7.89
29/07/2026 20:05,17,0.001,7.89
29/07/2026 19:35,16.875,0.001,7.89
29/07/2026 19:05,17,0.001,7.88
29/07/2026 18:35,16.875,0.001,7.88
29/07/2026 18:05,16.875,0.001,7.88
29/07/2026 18:05,16.875,0.001,7.88
29/07/2026 17:35,16.875,0.001,7.88
29/07/2026 17:05,16.875,0.001,7.88
29/07/2026 16:35,16.75,0.001,7.88
29/07/2026 16:05,16.75,0.001,7.88
29/07/2026 15:35,16.875,0.001,7.87
29/07/2026 15:35,16.875,0.001,7.87
29/07/2026 15:05,16.75,0.001,7.87
29/07/2026 14:35,16.75,0.001,7.87
29/07/2026 14:05,16.625,0.001,7.87
29/07/2026 13:35,16.75,0.001,7.87
29/07/2026 13:05,17.625,0.001,7.87
29/07/2026 12:35,17.625,0.001,7.86
29/07/2026 12:05,16.5,0.001,7.86
29/07/2026 11:35,15.75,0.001,7.86
29/07/2026 11:05,16.625,0.001,7.86
29/07/2026 10:35,16.625,0.001,7.86
29/07/2026 10:05,15.75,0.001,7.86
29/07/2026 09:35,16.625,0.001,7.85
29/07/2026 09:05,16.625,0.001,7.85
29/07/2026 08:35,16.625,0.001,7.85
29/07/2026 08:05,16.625,0.001,7.85
29/07/2026 07:35,16.625,0.001,7.84
29/07/2026 07:05,16.625,0.001,7.84
29/07/2026 06:35,16.625,0.001,7.84
29/07/2026 06:05,16.625,0.001,7.84
29/07/2026 05:35,16.625,0.001,7.84
29/07/2026 05:05,16.625,0.001,7.83
29/07/2026 04:35,16.625,0.001,7.83
29/07/2026 04:05,16.625,0.001,7.83
29/07/2026 03:35,16.625,0.001,7.83
29/07/2026 03:05,16.625,0.001,7.82
29/07/2026 02:35,16.75,0.001,7.82
29/07/2026 02:05,16.75,0.001,7.82
29/07/2026 01:35,15.75,0.001,7.81
29/07/2026 01:35,15.75,0.001,7.81
29/07/2026 01:05,15.75,0.001,7.81
29/07/2026 00:35,16.75,0.001,7.8
29/07/2026 00:05,16.625,0.001,7.8
28/07/2026 23:35,16.75,0.001,7.8
28/07/2026 23:05,17.625,0.001,7.79
28/07/2026 22:35,15.75,0.001,7.79
28/07/2026 22:05,17.625,0.001,7.79
28/07/2026 21:35,17.625,0.001,7.78
28/07/2026 21:05,16.75,0.001,7.78
28/07/2026 20:35,16.625,0.001,7.77
28/07/2026 20:05,16.75,0.001,7.77
28/07/2026 19:35,16.75,0.001,7.76
28/07/2026 19:05,16.875,0.001,7.75
28/07/2026 18:35,16.875,0.001,7.74
28/07/2026 18:35,16.875,0.001,7.74
28/07/2026 18:05,16.75,0.001,7.74
28/07/2026 17:35,16.75,0.001,7.74
28/07/2026 17:05,17.625,0.001,7.73
28/07/2026 16:35,17.625,0.001,7.73
28/07/2026 16:05,16.75,0.001,7.72
28/07/2026 15:35,16.75,0.001,7.72
28/07/2026 15:05,15.75,0.001,7.71
28/07/2026 14:35,16.625,0.001,7.71
28/07/2026 14:05,16.5,0.001,7.72
28/07/2026 13:35,17.625,0.001,7.72
28/07/2026 13:05,16.5,0.001,7.74
28/07/2026 12:35,16.625,0.001,7.75
28/07/2026 12:05,16.625,0.001,7.78
28/07/2026 11:35,16.5,0.001,7.81
28/07/2026 11:05,16.625,0.001,7.84
28/07/2026 10:35,16.625,0.001,7.86
28/07/2026 10:05,16.625,0.001,7.89
28/07/2026 09:35,16.625,0.001,7.9
28/07/2026 09:05,16.5,0.001,7.92
28/07/2026 08:35,16.625,0.001,7.92
28/07/2026 08:05,16.5,0.001,7.92
28/07/2026 07:35,16.5,0.002,7.92
28/07/2026 07:05,16.625,0.002,7.92
28/07/2026 06:35,16.5,0.002,7.92
28/07/2026 06:05,16.5,0.002,7.92
28/07/2026 05:35,16.5,0.001,7.92
28/07/2026 05:35,16.5,0.001,7.92
28/07/2026 05:05,16.625,0.002,7.92
28/07/2026 04:35,16.5,0.001,7.92
28/07/2026 04:05,17.5,0.002,7.92
28/07/2026 04:05,17.5,0.002,7.92
28/07/2026 03:35,16.625,0.002,7.92
28/07/2026 03:05,16.5,0.001,7.92
28/07/2026 02:35,16.625,0.001,7.92
28/07/2026 02:05,16.625,0.001,7.92
28/07/2026 01:35,16.625,0.001,7.92
28/07/2026 01:05,16.625,0.001,7.92
28/07/2026 00:35,16.625,0.001,7.92
28/07/2026 00:05,16.5,0.001,7.92
27/07/2026 23:35,16.5,0.002,7.92
27/07/2026 23:05,16.625,0.001,7.92
27/07/2026 22:35,17.625,0.001,7.92
27/07/2026 22:05,17.625,0.002,7.92
27/07/2026 22:05,17.625,0.002,7.92
27/07/2026 21:35,16.625,0.002,7.92
27/07/2026 21:05,16.625,0.001,7.92
27/07/2026 20:35,16.625,0.002,7.92
27/07/2026 20:05,16.625,0.002,7.92
27/07/2026 19:35,16.625,0.002,7.92
27/07/2026 19:05,16.75,0.002,7.92
27/07/2026 18:35,16.625,0.001,7.92
27/07/2026 18:05,16.625,0.001,7.92
27/07/2026 17:35,17.625,0.001,7.92
27/07/2026 17:05,16.625,0.001,7.92
27/07/2026 16:35,16.625,0.001,7.92
27/07/2026 16:05,16.625,0.002,7.91
27/07/2026 15:35,16.625,0.002,7.92
27/07/2026 15:05,15.75,0.001,7.92
27/07/2026 14:35,16.5,0.001,7.91
27/07/2026 14:05,16.5,0.001,7.92
27/07/2026 13:35,16.5,0.001,7.91
27/07/2026 13:05,16.5,0.001,7.91
27/07/2026 12:35,16.5,0.002,7.91
27/07/2026 12:05,16.5,0.002,7.91
27/07/2026 11:35,16.5,0.002,7.91
27/07/2026 11:05,16.375,0.001,7.91
27/07/2026 10:35,16.375,0.002,7.92
27/07/2026 10:05,16.5,0.001,7.91
27/07/2026 09:35,16.5,0.001,7.91
27/07/2026 09:05,16.375,0.001,7.92
27/07/2026 08:35,16.375,0.001,7.92
27/07/2026 08:05,16.375,0.002,7.91
27/07/2026 07:35,16.5,0.001,7.91
27/07/2026 07:05,16.375,0.001,7.92
27/07/2026 06:35,16.5,0.002,7.92
27/07/2026 06:05,16.5,0.002,7.92
27/07/2026 05:35,16.375,0.002,7.91
27/07/2026 05:05,16.375,0.001,7.92
27/07/2026 04:35,16.5,0.001,7.91
27/07/2026 04:35,16.5,0.001,7.91
27/07/2026 04:05,16.375,0.001,7.91
27/07/2026 03:35,16.375,0.001,7.91
27/07/2026 03:05,16.5,0.001,7.91
27/07/2026 02:35,16.5,0.001,7.91
27/07/2026 02:05,16.5,0.001,7.92
27/07/2026 02:05,16.5,0.001,7.92
27/07/2026 01:35,16.5,0.002,7.91
27/07/2026 01:05,16.5,0.001,7.91
27/07/2026 00:35,16.5,0.001,7.91
27/07/2026 00:05,16.625,0.002,7.91
26/07/2026 23:35,16.5,0.002,7.91
26/07/2026 23:05,16.625,0.001,7.91
26/07/2026 22:35,16.625,0.001,7.91
26/07/2026 22:05,16.625,0.002,7.91
26/07/2026 21:35,16.625,0.002,7.91
26/07/2026 21:05,16.5,0.002,7.91
26/07/2026 20:35,16.625,0.002,7.91
26/07/2026 20:05,16.5,0.002,7.91
26/07/2026 19:35,15.75,0.002,7.91
26/07/2026 19:05,16.625,0.002,7.91
26/07/2026 18:35,16.625,0.002,7.91
26/07/2026 18:05,16.5,0.001,7.91
26/07/2026 17:35,16.5,0.002,7.91
26/07/2026 17:05,16.625,0.002,7.91
26/07/2026 16:35,16.5,0.002,7.91
26/07/2026 16:35,16.5,0.002,7.91
26/07/2026 16:05,16.5,0.002,7.91
26/07/2026 15:35,16.625,0.002,7.91
26/07/2026 15:05,16.5,0.002,7.91
26/07/2026 14:35,16.375,0.002,7.91
26/07/2026 14:05,16.375,0.002,7.91
26/07/2026 13:35,16.5,0.002,7.9
26/07/2026 13:05,16.375,0.002,7.91
26/07/2026 12:35,16.375,0.002,7.91
26/07/2026 12:05,16.375,0.002,7.91
26/07/2026 11:35,16.5,0.002,7.91
26/07/2026 11:05,16.5,0.002,7.9
26/07/2026 10:35,16.5,0.002,7.91
26/07/2026 10:05,16.375,0.002,7.9
26/07/2026 09:35,16.5,0.002,7.91
26/07/2026 09:05,16.5,0.002,7.91
26/07/2026 08:35,16.375,0.002,7.9
26/07/2026 08:35,16.375,0.002,7.9
26/07/2026 08:05,16.375,0.002,7.9
26/07/2026 07:35,16.5,0.001,7.9
26/07/2026 07:05,16.375,0.001,7.9
26/07/2026 06:35,16.5,0.001,7.9
26/07/2026 06:05,16.5,0.001,7.9
26/07/2026 05:35,16.375,0.002,7.9
26/07/2026 05:05,16.5,0.002,7.9
26/07/2026 04:35,16.5,0.002,7.9
26/07/2026 04:05,16.5,0.001,7.9
26/07/2026 03:35,16.5,0.001,7.9
26/07/2026 03:05,16.625,0.001,7.9
26/07/2026 02:35,16.625,0.001,7.9
26/07/2026 02:05,16.625,0.001,7.9
26/07/2026 01:35,16.625,0.001,7.9
26/07/2026 01:35,16.625,0.001,7.9
26/07/2026 01:05,16.625,0.001,7.9
26/07/2026 00:35,16.625,0.001,7.9
26/07/2026 00:05,16.625,0.001,7.9
25/07/2026 23:35,16.625,0.001,7.9
25/07/2026 23:05,16.625,0.001,7.9
25/07/2026 23:05,16.625,0.001,7.9
25/07/2026 22:35,16.625,0.001,7.9
25/07/2026 22:05,16.5,0.001,7.9
25/07/2026 21:35,16.625,0.001,7.89
25/07/2026 21:35,16.625,0.001,7.89
25/07/2026 21:05,16.625,0.001,7.89
25/07/2026 20:35,16.625,0.001,7.89
25/07/2026 20:05,16.5,0.001,7.89
25/07/2026 19:35,16.625,0.001,7.89
25/07/2026 19:05,16.5,0.001,7.89
25/07/2026 18:35,17.625,0.001,7.89
25/07/2026 18:05,16.625,0.001,7.89
25/07/2026 17:35,16.5,0.001,7.89
25/07/2026 17:05,16.625,0.001,7.89
25/07/2026 16:35,16.625,0.001,7.89
25/07/2026 16:05,16.625,0.001,7.89
25/07/2026 15:35,16.5,0.001,7.89
25/07/2026 15:05,16.625,0.001,7.89
25/07/2026 14:35,16.5,0.001,7.88
25/07/2026 14:05,16.5,0.001,7.88
25/07/2026 13:35,16.5,0.001,7.88
25/07/2026 13:35,16.5,0.001,7.88
25/07/2026 13:05,16.375,0.001,7.88
25/07/2026 12:35,16.5,0.001,7.88
25/07/2026 12:05,16.625,0.001,7.88
25/07/2026 11:35,16.5,0.001,7.88
25/07/2026 11:05,16.5,0.001,7.88
25/07/2026 10:35,16.625,0.001,7.87
25/07/2026 10:05,16.5,0.001,7.88
25/07/2026 09:35,16.5,0.001,7.88
25/07/2026 09:05,16.625,0.001,7.87
25/07/2026 08:35,16.625,0.001,7.87
25/07/2026 08:05,16.5,0.001,7.87
25/07/2026 07:35,16.625,0.001,7.87
25/07/2026 07:05,16.625,0.001,7.86
25/07/2026 06:35,16.625,0.001,7.87
25/07/2026 06:05,16.5,0.001,7.87
25/07/2026 05:35,16.625,0.001,7.86
25/07/2026 05:05,16.625,0.001,7.86
25/07/2026 04:35,16.625,0.001,7.86
25/07/2026 04:05,16.625,0.001,7.86
25/07/2026 03:35,16.625,0.002,7.86
25/07/2026 03:05,15.75,0.002,7.86
25/07/2026 02:35,17.625,0.002,7.86
25/07/2026 02:05,16.75,0.002,7.86
25/07/2026 01:35,16.75,0.002,7.86
25/07/2026 01:05,16.75,0.002,7.85
25/07/2026 00:35,16.875,0.002,7.85
25/07/2026 00:05,16.75,0.002,7.85
24/07/2026 23:35,16.75,0.002,7.85
24/07/2026 23:05,16.75,0.002,7.84
24/07/2026 22:35,16.875,0.002,7.84
24/07/2026 22:05,16.875,0.002,7.84
24/07/2026 21:35,16.875,0.002,7.83
24/07/2026 21:05,16.75,0.002,7.83
24/07/2026 20:35,17,0.002,7.83
24/07/2026 20:05,16.875,0.002,7.83
24/07/2026 19:35,17,0.002,7.83
24/07/2026 19:05,16.875,0.002,7.82
24/07/2026 18:35,16.875,0.002,7.82
24/07/2026 18:05,16.875,0.002,7.81
24/07/2026 17:35,16.875,0.002,7.81
24/07/2026 17:05,16.75,0.002,7.81
24/07/2026 16:35,16.875,0.002,7.81
24/07/2026 16:05,16.75,0.002,7.8
24/07/2026 15:35,15.75,0.002,7.8
24/07/2026 15:05,16.875,0.002,7.8
24/07/2026 14:35,16.75,0.002,7.8
24/07/2026 14:05,16.875,0.002,7.8
24/07/2026 14:05,16.875,0.002,7.8
24/07/2026 13:35,16.875,0.002,7.79
24/07/2026 13:05,17.625,0.002,7.79
24/07/2026 12:35,16.75,0.002,7.8
24/07/2026 12:05,16.875,0.002,7.8
24/07/2026 11:35,16.75,0.002,7.8
24/07/2026 11:05,16.75,0.002,7.81
24/07/2026 10:35,17.625,0.002,7.82
24/07/2026 10:05,17.625,0.002,7.84
24/07/2026 09:35,16.625,0.002,7.85
24/07/2026 09:05,16.75,0.002,7.87
24/07/2026 08:35,16.625,0.002,7.87
24/07/2026 08:05,16.625,0.002,7.87
24/07/2026 07:35,16.75,0.002,7.87
24/07/2026 07:05,16.625,0.002,7.87
24/07/2026 06:35,16.625,0.002,7.87
24/07/2026 06:05,17.625,0.002,7.87
24/07/2026 05:35,15.75,0.002,7.87
24/07/2026 05:05,16.75,0.002,7.87
24/07/2026 04:35,17.625,0.002,7.87
24/07/2026 04:35,17.625,0.002,7.87
24/07/2026 04:05,16.75,0.002,7.86
24/07/2026 03:35,16.625,0.002,7.86
24/07/2026 03:05,16.75,0.002,7.86
24/07/2026 02:35,16.75,0.002,7.86
24/07/2026 02:05,16.875,0.002,7.86
24/07/2026 01:35,16.875,0.002,7.86
24/07/2026 01:05,16.875,0.002,7.86
24/07/2026 01:05,16.875,0.002,7.86
24/07/2026 00:35,17,0.002,7.86
24/07/2026 00:05,16.875,0.002,7.86
23/07/2026 23:35,17,0.002,7.85
23/07/2026 23:05,17,0.002,7.85
23/07/2026 22:35,17,0.002,7.85
23/07/2026 22:05,17.125,0.002,7.85
23/07/2026 21:35,17.125,0.002,7.85
23/07/2026 21:05,17.125,0.002,7.84
23/07/2026 20:35,17.25,0.002,7.84
23/07/2026 20:05,17.125,0.002,7.84
23/07/2026 19:35,17.25,0.002,7.84
23/07/2026 19:05,17.25,0.002,7.83
23/07/2026 18:35,17.25,0.002,7.83
23/07/2026 18:35,17.25,0.002,7.83
23/07/2026 18:05,17.125,0.002,7.83
23/07/2026 17:35,17.375,0.002,7.83
23/07/2026 17:05,17.25,0.002,7.82
23/07/2026 16:35,17.25,0.002,7.82
23/07/2026 16:05,17.25,0.002,7.82
23/07/2026 15:35,17.25,0.002,7.81
23/07/2026 15:16,17.375,0.002,7.81
23/07/2026 15:05,17.375,0.002,7.81
23/07/2026 14:42,17.375,0.002,7.81
23/07/2026 14:42,17.25,0.002,7.81
23/07/2026 14:35,17.375,0.002,7.81
23/07/2026 14:05,17.25,0.002,7.81
23/07/2026 13:35,17.25,0.002,7.8
23/07/2026 13:05,17.25,0.002,7.8
23/07/2026 12:57,17.375,0.002,7.8
23/07/2026 12:35,17.25,0.002,7.8
23/07/2026 12:05,17.125,0.002,7.8
23/07/2026 11:35,17.125,0.002,7.8
23/07/2026 11:08,17.375,0.002,7.81
23/07/2026 11:05,17.375,0.002,7.81
23/07/2026 10:45,17,0.002,7.81
23/07/2026 10:44,17.125,0.002,7.81
23/07/2026 10:42,17,0.002,7.81
23/07/2026 10:41,17,0.002,7.81
23/07/2026 10:40,17,0.002,7.81
23/07/2026 10:37,16.875,0.002,7.81
23/07/2026 10:35,17,0.002,7.81
23/07/2026 10:05,17,0.002,7.82
23/07/2026 09:35,16.875,0.002,7.83
23/07/2026 09:05,16.75,0.002,7.85
23/07/2026 08:35,16.875,0.002,7.86
23/07/2026 08:05,16.875,0.002,7.86
23/07/2026 07:35,16.875,0.002,7.86
23/07/2026 07:05,16.875,0.002,7.86
23/07/2026 06:35,16.875,0.002,7.86
23/07/2026 06:05,17,0.002,7.86
23/07/2026 05:35,16.875,0.002,7.86
23/07/2026 05:05,17,0.002,7.85
23/07/2026 04:35,17.125,0.002,7.86
23/07/2026 04:05,17.125,0.002,7.85
23/07/2026 03:35,17.125,0.002,7.85
23/07/2026 03:05,17.25,0.002,7.85
23/07/2026 02:35,17.25,0.002,7.85
23/07/2026 02:05,17.25,0.002,7.85
23/07/2026 01:35,17.25,0.002,7.85
23/07/2026 01:05,17.25,0.002,7.84
23/07/2026 00:35,17.5,0.002,7.84
23/07/2026 00:05,17.5,0.002,7.84
22/07/2026 23:35,17.375,0.002,7.84
22/07/2026 23:05,17.5,0.002,7.83
22/07/2026 22:35,17.625,0.002,7.83
22/07/2026 22:05,17.625,0.002,7.83
22/07/2026 21:35,17.625,0.002,7.83
22/07/2026 21:05,18.625,0.002,7.83
22/07/2026 20:35,17.875,0.002,7.82
22/07/2026 20:05,17.75,0.002,7.82
22/07/2026 19:35,17.75,0.002,7.82
22/07/2026 19:05,16.75,0.002,7.82
22/07/2026 18:35,16.875,0.003,7.81
22/07/2026 18:35,17.875,0.003,7.81
22/07/2026 18:30,17.875,0.003,7.81
22/07/2026 18:28,17.875,0.003,7.81
22/07/2026 18:18,17.75,0.003,7.81
22/07/2026 18:18,17.875,0.003,7.81
22/07/2026 18:17,17.875,0.003,7.81
22/07/2026 18:05,18,0.002,7.81
22/07/2026 17:35,18.125,0.002,7.8
22/07/2026 17:05,17.875,0.002,7.8
22/07/2026 16:35,17.875,0.002,7.8
22/07/2026 16:05,18,0.002,7.8
22/07/2026 15:35,17.875,0.002,7.8
22/07/2026 15:05,17.875,0.003,7.8
22/07/2026 14:35,17.875,0.002,7.8
22/07/2026 14:05,18,0.002,7.81
22/07/2026 13:35,18.125,0.002,7.81
22/07/2026 13:05,18.25,0.002,7.82
22/07/2026 12:35,18.125,0.002,7.82
22/07/2026 12:35,18.125,0.002,7.82
22/07/2026 12:05,18,0.002,7.83
22/07/2026 11:35,17.875,0.002,7.85
22/07/2026 11:05,18,0.001,7.88
22/07/2026 10:35,18,0.001,7.91
22/07/2026 10:05,16.125,0.001,7.89
22/07/2026 10:02,16.375,0.001,7.89
22/07/2026 09:35,16,0.001,7.89
22/07/2026 09:05,16,0.001,7.9
22/07/2026 08:35,16,0.001,7.92
22/07/2026 08:05,16,0.001,7.94
22/07/2026 07:35,16,0.001,7.94
22/07/2026 07:05,16,0.001,7.94
22/07/2026 06:35,15.875,0.001,7.94
22/07/2026 06:05,16,0.001,7.94
22/07/2026 05:35,16,0.001,7.94
22/07/2026 05:05,16.125,0.001,7.94
22/07/2026 04:35,16,0.001,7.94
22/07/2026 04:05,16,0.001,7.94
22/07/2026 03:35,16.125,0.001,7.95
22/07/2026 03:05,16.125,0.001,7.94
22/07/2026 02:35,16,0.001,7.95
22/07/2026 02:05,16.125,0.001,7.94
22/07/2026 01:35,16.125,0.001,7.94
22/07/2026 01:05,16.125,0.001,7.94
22/07/2026 00:35,16,0.001,7.94
22/07/2026 00:05,16.125,0.001,7.95
21/07/2026 23:35,16.125,0.001,7.94
21/07/2026 23:05,16.125,0.001,7.94
21/07/2026 22:35,16.25,0.001,7.94
21/07/2026 22:35,16.25,0.001,7.94
21/07/2026 22:05,16.125,0.001,7.94
21/07/2026 22:05,16.125,0.001,7.94
21/07/2026 21:35,16.125,0.001,7.94
21/07/2026 21:05,16,0.001,7.94
21/07/2026 20:35,16.25,0.001,7.94
21/07/2026 20:05,16.125,0.001,7.94
21/07/2026 19:35,16.125,0.001,7.94
21/07/2026 19:05,16,0.001,7.94
21/07/2026 18:35,16.25,0.001,7.94
21/07/2026 18:05,16.25,0.001,7.94
21/07/2026 17:35,16.125,0.001,7.94
21/07/2026 17:05,16.25,0.001,7.94
21/07/2026 16:35,16.25,0.001,7.94
21/07/2026 16:05,16.125,0.001,7.94
21/07/2026 15:35,16.125,0.001,7.94
21/07/2026 15:05,16.125,0.001,7.94
21/07/2026 14:35,16,0.001,7.94
21/07/2026 14:05,16,0.001,7.94
21/07/2026 13:35,16.25,0.001,7.94
21/07/2026 13:05,16.125,0.001,7.94
21/07/2026 12:35,16.25,0.001,7.94
21/07/2026 12:05,16.125,0.001,7.94
21/07/2026 11:35,16.125,0.001,7.94
21/07/2026 11:05,16,0.001,7.94
21/07/2026 10:35,16.125,0.001,7.94
21/07/2026 10:05,16,0.001,7.94
21/07/2026 09:35,16,0.001,7.94
21/07/2026 09:35,16,0.001,7.94
21/07/2026 09:05,15.875,0.001,7.94
21/07/2026 08:35,16,0.001,7.94
21/07/2026 08:35,16,0.001,7.94
21/07/2026 08:05,16,0.001,7.94
21/07/2026 07:35,16,0.001,7.93
21/07/2026 07:05,16.125,0.001,7.94
21/07/2026 06:35,16,0.001,7.94
21/07/2026 06:05,16.25,0.001,7.94
21/07/2026 05:35,16.25,0.001,7.94
21/07/2026 05:05,16.125,0.001,7.94
21/07/2026 04:35,16.125,0.001,7.94
21/07/2026 04:05,16.125,0.001,7.94
21/07/2026 04:05,16.125,0.001,7.94
21/07/2026 03:35,16,0.001,7.93
21/07/2026 03:05,16,0.001,7.93
21/07/2026 02:35,16.125,0.001,7.93
21/07/2026 02:05,16.25,0.001,7.94
21/07/2026 01:35,16.125,0.001,7.93
21/07/2026 01:05,16.25,0.001,7.93
21/07/2026 00:35,16.125,0.001,7.93
21/07/2026 00:05,16.25,0.001,7.93
20/07/2026 23:35,16.25,0.001,7.93
20/07/2026 23:05,16.375,0.001,7.93
20/07/2026 22:35,16.375,0.001,7.93
20/07/2026 22:05,16.25,0.001,7.93
20/07/2026 21:35,16.375,0.001,7.93
20/07/2026 21:05,16.25,0.001,7.93
20/07/2026 21:05,16.25,0.001,7.93
20/07/2026 20:35,16.375,0.001,7.93
20/07/2026 20:05,16.25,0.001,7.93
20/07/2026 19:35,16.25,0.001,7.93
20/07/2026 19:05,16.25,0.001,7.93
20/07/2026 18:35,16.5,0.001,7.93
20/07/2026 18:05,16.5,0.001,7.93
20/07/2026 17:35,16.5,0.001,7.93
20/07/2026 17:05,16.375,0.001,7.93
20/07/2026 17:05,16.375,0.001,7.93
20/07/2026 16:35,16.5,0.001,7.93
20/07/2026 16:05,16.5,0.001,7.92
20/07/2026 15:35,16.375,0.001,7.93
20/07/2026 15:05,16.5,0.001,7.92
20/07/2026 14:35,16.375,0.001,7.93
20/07/2026 14:05,16.375,0.001,7.92
20/07/2026 13:35,16.375,0.001,7.93
20/07/2026 13:05,16.375,0.001,7.92
20/07/2026 12:35,16.375,0.001,7.93
20/07/2026 12:05,16.25,0.001,7.93
20/07/2026 11:35,16.25,0.001,7.93
20/07/2026 11:05,16.375,0.001,7.93
20/07/2026 10:35,16.25,0.001,7.93
20/07/2026 10:05,16.25,0.001,7.94
20/07/2026 09:35,16.125,0.001,7.94
20/07/2026 09:05,16.125,0.001,7.94
20/07/2026 08:35,16.25,0.001,7.94
20/07/2026 08:05,16.125,0.001,7.94
20/07/2026 07:35,16.25,0.001,7.94
20/07/2026 07:05,16,0.001,7.94
20/07/2026 06:35,16.125,0.001,7.94
20/07/2026 06:05,16.125,0.001,7.94
20/07/2026 05:35,16.125,0.001,7.94
20/07/2026 05:05,16.125,0.001,7.94
20/07/2026 04:35,16.125,0.001,7.94
20/07/2026 04:05,16,0.001,7.94
20/07/2026 03:35,16.25,0.001,7.94
20/07/2026 03:05,16.125,0.001,7.94
20/07/2026 02:35,16.125,0.001,7.94
20/07/2026 02:05,16.125,0.001,7.94
20/07/2026 02:05,16.125,0.001,7.94
20/07/2026 01:35,16.375,0.001,7.94
20/07/2026 01:05,16.125,0.001,7.94
20/07/2026 00:35,16.25,0.001,7.94
20/07/2026 00:05,16.25,0.001,7.94
19/07/2026 23:35,16.375,0.001,7.94
19/07/2026 23:05,16,0.001,7.94
19/07/2026 22:35,16.25,0.001,7.94
19/07/2026 22:05,16.125,0.001,7.94
19/07/2026 21:35,16.375,0.001,7.94
19/07/2026 21:05,16.25,0.001,7.94
19/07/2026 20:35,16.25,0.001,7.94
19/07/2026 20:05,16.25,0.001,7.93
19/07/2026 19:35,16.125,0.001,7.94
19/07/2026 19:05,16.375,0.001,7.93
19/07/2026 18:35,16.25,0.001,7.94
19/07/2026 18:05,16.25,0.001,7.94
19/07/2026 18:05,16.25,0.001,7.94
19/07/2026 17:35,16.25,0.001,7.93
19/07/2026 17:35,16.25,0.001,7.93
19/07/2026 17:05,16.375,0.001,7.94
19/07/2026 16:35,16.25,0.001,7.93
19/07/2026 16:05,16.375,0.001,7.94
19/07/2026 15:35,16.25,0.001,7.94
19/07/2026 15:05,16.25,0.001,7.93
19/07/2026 14:35,16.125,0.001,7.93
19/07/2026 14:05,16.125,0.001,7.93
19/07/2026 13:35,16.125,0.001,7.93
19/07/2026 13:05,16.375,0.001,7.93
19/07/2026 12:35,16.125,0.001,7.93
19/07/2026 12:05,16.125,0.001,7.93
19/07/2026 11:35,16.125,0.001,7.93
19/07/2026 11:05,16.25,0.001,7.93
19/07/2026 10:35,16.125,0.001,7.93
19/07/2026 10:05,16.25,0.001,7.93
19/07/2026 09:35,16.25,0.001,7.93
19/07/2026 09:05,16.125,0.001,7.93
19/07/2026 08:35,16.25,0.001,7.93
19/07/2026 08:05,16,0.001,7.93
19/07/2026 07:35,16.25,0.001,7.93
19/07/2026 07:05,16.125,0.001,7.93
19/07/2026 06:35,16.25,0.001,7.93
19/07/2026 06:05,16.25,0.001,7.93
19/07/2026 05:35,16.25,0.001,7.93
19/07/2026 05:05,16.125,0.001,7.93
19/07/2026 04:35,16.125,0.001,7.93
19/07/2026 04:05,16.125,0.001,7.93
19/07/2026 03:35,16.125,0.001,7.93
19/07/2026 03:05,16.25,0.001,7.93
19/07/2026 03:05,16.25,0.001,7.93
19/07/2026 02:35,16.125,0.001,7.93
19/07/2026 02:05,16.125,0.001,7.93
19/07/2026 01:35,16.25,0.001,7.93
19/07/2026 01:05,16.125,0.001,7.93
19/07/2026 00:35,16.25,0.001,7.93
19/07/2026 00:05,16.125,0.001,7.93
18/07/2026 23:35,16.375,0.001,7.93
18/07/2026 23:05,16.25,0.001,7.93
18/07/2026 22:35,16.375,0.001,7.93
18/07/2026 22:05,16.25,0.001,7.93
18/07/2026 21:35,16.25,0.001,7.93
18/07/2026 21:05,16.375,0.001,7.93
18/07/2026 20:35,16.375,0.001,7.93
18/07/2026 20:05,16.5,0.001,7.93
18/07/2026 19:35,16.25,0.001,7.93
18/07/2026 19:05,16.375,0.001,7.93
18/07/2026 18:35,16.375,0.001,7.93
18/07/2026 18:05,16.375,0.001,7.93
18/07/2026 17:35,16.5,0.001,7.93
18/07/2026 17:05,16.375,0.001,7.93
18/07/2026 16:35,16.5,0.001,7.93
18/07/2026 16:05,16.25,0.001,7.93
18/07/2026 15:35,16.375,0.001,7.93
18/07/2026 15:05,16.375,0.001,7.93
18/07/2026 14:35,16.375,0.001,7.93
18/07/2026 14:05,16.25,0.001,7.93
18/07/2026 13:35,16.25,0.001,7.93
18/07/2026 13:05,16.125,0.001,7.93
18/07/2026 12:35,16.125,0.001,7.93
18/07/2026 12:05,16.375,0.001,7.93
18/07/2026 11:35,16.125,0.001,7.92
18/07/2026 11:05,16.25,0.001,7.92
18/07/2026 11:05,16.25,0.001,7.92
18/07/2026 10:35,16.125,0.001,7.92
18/07/2026 10:05,16.25,0.001,7.92
18/07/2026 09:35,16,0.001,7.92
18/07/2026 09:05,16.125,0.001,7.92
18/07/2026 08:35,16.125,0.001,7.92
18/07/2026 08:35,16.125,0.001,7.92
18/07/2026 08:05,16.125,0.001,7.92
18/07/2026 07:35,16.125,0.001,7.92
18/07/2026 07:05,16.125,0.001,7.92
18/07/2026 06:35,16.125,0.001,7.92
18/07/2026 06:05,16.125,0.001,7.92
18/07/2026 05:35,16.25,0.001,7.92
18/07/2026 05:05,16.125,0.001,7.92
18/07/2026 04:35,16.25,0.001,7.92
18/07/2026 04:05,16.125,0.001,7.92
18/07/2026 03:35,16.125,0.001,7.92
18/07/2026 03:05,16.25,0.001,7.92
18/07/2026 02:35,16.125,0.001,7.91
18/07/2026 02:05,16.25,0.001,7.91
18/07/2026 01:35,16.25,0.001,7.91
18/07/2026 01:05,16.25,0.001,7.91
18/07/2026 00:35,16.125,0.001,7.91
18/07/2026 00:05,16.375,0.001,7.91
17/07/2026 23:35,16.25,0.001,7.91
17/07/2026 23:05,16.125,0.001,7.91
17/07/2026 22:35,16.25,0.001,7.91
17/07/2026 22:05,16.5,0.001,7.91
17/07/2026 21:35,16.125,0.001,7.91
17/07/2026 21:05,16.25,0.001,7.91
17/07/2026 20:35,16.25,0.001,7.9
17/07/2026 20:05,16.25,0.001,7.9
17/07/2026 19:35,16.375,0.001,7.9
17/07/2026 19:05,16.375,0.001,7.9
17/07/2026 18:35,16.5,0.001,7.9
17/07/2026 18:05,16.25,0.001,7.9
17/07/2026 17:35,16.125,0.001,7.9
17/07/2026 17:05,16.5,0.001,7.9
17/07/2026 16:35,16.25,0.001,7.89
17/07/2026 16:05,16.375,0.001,7.9
17/07/2026 15:35,16.25,0.001,7.89
17/07/2026 15:35,16.25,0.001,7.89
17/07/2026 15:05,16.25,0.001,7.89
17/07/2026 14:35,16.25,0.001,7.89
17/07/2026 14:05,16.25,0.001,7.89
17/07/2026 14:05,16.25,0.001,7.89
17/07/2026 13:35,16.125,0.001,7.89
17/07/2026 13:05,16.25,0.001,7.89
17/07/2026 12:35,16.125,0.001,7.89
17/07/2026 12:05,16.25,0.001,7.89
17/07/2026 11:35,16.125,0.001,7.89
17/07/2026 11:05,16,0.001,7.89
17/07/2026 10:35,16.125,0.001,7.89
17/07/2026 10:05,16,0.001,7.89
17/07/2026 09:35,16.125,0.001,7.89
17/07/2026 09:05,16.125,0.001,7.89
17/07/2026 08:35,16,0.001,7.89
17/07/2026 08:05,16.125,0.001,7.89
17/07/2026 07:35,16.125,0.001,7.88
17/07/2026 07:05,16,0.001,7.88
17/07/2026 06:35,16.125,0.001,7.88
17/07/2026 06:05,16.125,0.001,7.88
17/07/2026 05:35,16.25,0.001,7.88
17/07/2026 05:05,16.125,0.001,7.88
17/07/2026 04:35,16.25,0.001,7.87
17/07/2026 04:05,16.25,0.001,7.87
17/07/2026 03:35,16.5,0.001,7.87
17/07/2026 03:05,16.375,0.001,7.87
17/07/2026 02:35,16.25,0.001,7.87
17/07/2026 02:05,16.5,0.001,7.87
17/07/2026 01:35,16.5,0.001,7.86
17/07/2026 01:05,16.5,0.001,7.86
17/07/2026 00:35,16.5,0.001,7.85
17/07/2026 00:05,16.625,0.001,7.85
16/07/2026 23:35,16.625,0.001,7.85
16/07/2026 23:05,16.625,0.001,7.85
16/07/2026 22:35,17.5,0.001,7.84
16/07/2026 22:05,16.625,0.001,7.84
16/07/2026 21:35,16.75,0.001,7.84
16/07/2026 21:05,16.625,0.001,7.84
16/07/2026 20:35,16.75,0.001,7.83
16/07/2026 20:05,16.75,0.001,7.83
16/07/2026 19:35,16.875,0.001,7.82
16/07/2026 19:05,16.875,0.001,7.82
16/07/2026 18:35,17,0.001,7.82
16/07/2026 18:05,17,0.001,7.82
16/07/2026 17:35,16.875,0.001,7.81
16/07/2026 17:05,17,0.001,7.81
16/07/2026 16:35,16.875,0.001,7.81
16/07/2026 16:05,16.75,0.001,7.81
16/07/2026 15:35,16.875,0.001,7.81
16/07/2026 15:05,16.75,0.001,7.82
16/07/2026 14:35,16.75,0.001,7.82
16/07/2026 14:05,15.75,0.001,7.82
16/07/2026 13:35,16.625,0.001,7.83
16/07/2026 13:05,16.5,0.001,7.83
16/07/2026 12:35,16.5,0.001,7.85
16/07/2026 12:05,16.5,0.001,7.85
16/07/2026 11:35,16.375,0.001,7.86
16/07/2026 11:05,16.375,0.001,7.85
16/07/2026 10:35,16.375,0.001,7.86
16/07/2026 10:05,16.375,0.001,7.86
16/07/2026 09:35,16.25,0.001,7.87
16/07/2026 09:05,16.125,0.001,7.87
16/07/2026 08:35,16.25,0.001,7.87
16/07/2026 08:05,16.125,0.001,7.86
16/07/2026 07:35,16.375,0.001,7.86
16/07/2026 07:05,16.25,0.001,7.86
16/07/2026 06:35,16.25,0.001,7.86
16/07/2026 06:05,16.25,0.001,7.86
16/07/2026 05:35,16.5,0.001,7.86
16/07/2026 05:05,16.375,0.001,7.86
16/07/2026 05:05,16.375,0.001,7.86
16/07/2026 04:35,16.25,0.001,7.85
16/07/2026 04:05,16.25,0.001,7.85
16/07/2026 03:35,16.375,0.001,7.85
16/07/2026 03:05,16.375,0.001,7.84
16/07/2026 02:35,16.375,0.001,7.85
16/07/2026 02:05,16.375,0.001,7.84
16/07/2026 01:35,16.5,0.001,7.84
16/07/2026 01:05,16.375,0.001,7.83
16/07/2026 00:35,16.375,0.001,7.83
16/07/2026 00:05,16.5,0.001,7.83
15/07/2026 23:35,16.5,0.001,7.83
15/07/2026 23:05,16.625,0.001,7.82
15/07/2026 23:05,16.625,0.001,7.82
15/07/2026 22:35,16.625,0.001,7.82
15/07/2026 22:05,16.5,0.001,7.82
15/07/2026 21:35,16.625,0.001,7.81
15/07/2026 21:05,16.5,0.001,7.81
15/07/2026 20:35,16.625,0.001,7.8
15/07/2026 20:05,16.625,0.001,7.8
15/07/2026 19:35,17.625,0.001,7.8
15/07/2026 19:05,16.75,0.001,7.79
15/07/2026 18:35,15.75,0.001,7.79
15/07/2026 18:35,15.75,0.001,7.79
15/07/2026 18:05,16.75,0.001,7.79
15/07/2026 17:35,16.75,0.001,7.79
15/07/2026 17:05,16.625,0.001,7.78
15/07/2026 16:35,16.625,0.001,7.78
15/07/2026 16:05,16.625,0.001,7.78
15/07/2026 15:35,16.5,0.001,7.77
15/07/2026 15:05,16.625,0.001,7.77
15/07/2026 14:35,16.625,0.001,7.77
15/07/2026 14:05,16.5,0.001,7.77
15/07/2026 13:35,16.375,0.001,7.77
15/07/2026 13:05,16.125,0.001,7.78
15/07/2026 12:35,16.25,0.001,7.79
15/07/2026 12:05,16.125,0.001,7.79
15/07/2026 11:35,16.125,0.001,7.79
15/07/2026 11:05,16.125,0.001,7.79
15/07/2026 10:35,16,0.002,7.8
15/07/2026 10:05,16.125,0.001,7.82
15/07/2026 09:35,16.125,0.002,7.83
15/07/2026 09:05,16,0.002,7.84
15/07/2026 08:35,16.125,0.002,7.84
15/07/2026 08:05,16.25,0.002,7.84
15/07/2026 07:35,16.125,0.002,7.84
15/07/2026 07:05,16.125,0.002,7.84
15/07/2026 06:35,16,0.002,7.84
15/07/2026 06:05,16,0.002,7.84
15/07/2026 05:35,16.25,0.002,7.83
15/07/2026 05:05,16.25,0.002,7.83
15/07/2026 04:35,16.125,0.002,7.83
15/07/2026 04:05,16.25,0.002,7.83
15/07/2026 03:35,16.25,0.002,7.82
15/07/2026 03:05,16.375,0.002,7.83
15/07/2026 02:35,16.375,0.002,7.83
15/07/2026 02:05,16.25,0.002,7.83
15/07/2026 01:35,16.25,0.002,7.82
15/07/2026 01:05,16.5,0.002,7.82
15/07/2026 00:35,16.375,0.002,7.81
15/07/2026 00:05,16.5,0.002,7.81
14/07/2026 23:35,16.5,0.002,7.8
14/07/2026 23:05,16.5,0.002,7.8
14/07/2026 22:35,16.5,0.002,7.8
14/07/2026 22:05,16.5,0.002,7.79
14/07/2026 21:35,16.5,0.002,7.79
14/07/2026 21:05,16.5,0.002,7.78
14/07/2026 20:35,16.5,0.002,7.77
14/07/2026 20:05,16.625,0.002,7.76
14/07/2026 19:35,16.5,0.002,7.75
14/07/2026 19:05,16.625,0.002,7.75
14/07/2026 18:35,16.625,0.002,7.76
14/07/2026 18:05,16.5,0.002,7.76
14/07/2026 17:35,16.5,0.002,7.76
14/07/2026 17:05,16.5,0.002,7.77
14/07/2026 16:35,16.5,0.002,7.77
14/07/2026 16:05,17.625,0.002,7.78
14/07/2026 15:35,16.375,0.002,7.78
14/07/2026 15:35,16.375,0.002,7.78
14/07/2026 15:05,16.625,0.002,7.79
14/07/2026 14:35,16.5,0.002,7.8
14/07/2026 14:05,16.5,0.002,7.79
14/07/2026 13:35,16.5,0.002,7.78
14/07/2026 13:05,16.5,0.002,7.76
14/07/2026 12:35,16.5,0.002,7.75
14/07/2026 12:05,16.5,0.002,7.72
14/07/2026 11:35,16.375,0.002,7.69
14/07/2026 11:05,16.375,0.002,7.64
14/07/2026 10:35,16.5,0.002,7.58
14/07/2026 10:13,17.625,0.002,7.51
14/07/2026 10:05,16.75,0.002,7.47
14/07/2026 09:45,16,0.002,7.37
14/07/2026 09:35,17.625,0.002,7.28
14/07/2026 09:05,16.625,0.002,6.97
14/07/2026 08:05,16.5,0.002,6.4
14/07/2026 08:05,16.5,0.002,6.41
11/07/2026 10:35,16.25,0.001,7.94
11/07/2026 10:35,16.25,0.001,7.94
11/07/2026 10:05,16.25,0.001,7.94
11/07/2026 09:35,16.25,0.001,7.94
11/07/2026 09:05,16.375,0.001,7.94
11/07/2026 08:35,16.375,0.001,7.94
11/07/2026 08:05,16.375,0.001,7.94
11/07/2026 07:35,16.25,0.001,7.94
11/07/2026 07:05,16.25,0.001,7.94
11/07/2026 06:35,16.375,0.001,7.94
11/07/2026 06:05,16.5,0.001,7.94
11/07/2026 05:35,16.5,0.001,7.94
11/07/2026 05:05,16.375,0.001,7.94
11/07/2026 04:35,16.5,0.001,7.94
11/07/2026 04:05,16.5,0.001,7.94
11/07/2026 03:35,16.5,0.001,7.94
11/07/2026 03:05,16.625,0.001,7.94
11/07/2026 02:35,16.5,0.001,7.94
11/07/2026 02:05,16.625,0.001,7.94
11/07/2026 01:35,16.625,0.001,7.94
11/07/2026 01:05,16.5,0.001,7.94
11/07/2026 00:35,16.625,0.001,7.94
11/07/2026 00:05,16.625,0.001,7.94
10/07/2026 23:35,16.625,0.001,7.94
10/07/2026 23:35,16.625,0.001,7.94
10/07/2026 23:05,16.625,0.001,7.93
10/07/2026 22:35,16.5,0.001,7.93
10/07/2026 22:35,16.5,0.001,7.93
10/07/2026 22:05,16.625,0.001,7.93
10/07/2026 21:35,16.875,0.001,7.94
10/07/2026 21:05,17.625,0.001,7.93
10/07/2026 21:05,17.625,0.001,7.93
10/07/2026 20:35,16.75,0.001,7.93
10/07/2026 20:05,16.75,0.001,7.93
10/07/2026 19:35,16.75,0.001,7.93
10/07/2026 19:05,16.75,0.001,7.93
10/07/2026 18:35,16.75,0.001,7.93
10/07/2026 18:05,16.75,0.001,7.93
10/07/2026 17:35,17.625,0.001,7.93
10/07/2026 17:05,16.875,0.001,7.93
10/07/2026 16:35,17.625,0.001,7.93
10/07/2026 16:05,16.75,0.001,7.92
10/07/2026 15:35,16.75,0.001,7.92
10/07/2026 15:05,16.625,0.001,7.92
10/07/2026 14:35,15.75,0.001,7.92
10/07/2026 14:05,16.5,0.001,7.92
10/07/2026 13:35,16.5,0.001,7.92
10/07/2026 13:05,16.5,0.001,7.92
10/07/2026 12:35,16.5,0.001,7.92
10/07/2026 12:35,16.5,0.001,7.92
10/07/2026 12:05,16.5,0.001,7.92
10/07/2026 12:05,16.5,0.001,7.92
10/07/2026 11:35,16.375,0.001,7.92
10/07/2026 11:05,16.375,0.001,7.91
10/07/2026 10:35,16.375,0.001,7.91
10/07/2026 10:05,16.5,0.001,7.91
10/07/2026 09:35,16.25,0.001,7.91
10/07/2026 09:05,16.25,0.001,7.91
10/07/2026 08:35,16.5,0.001,7.91
10/07/2026 08:05,16.5,0.001,7.91
10/07/2026 07:35,16.375,0.001,7.9
10/07/2026 07:05,16.375,0.001,7.9
10/07/2026 06:35,16.375,0.001,7.9
10/07/2026 06:05,16.5,0.001,7.9
10/07/2026 05:35,16.375,0.001,7.9
10/07/2026 05:05,16.375,0.001,7.9
10/07/2026 04:35,16.5,0.001,7.89
10/07/2026 04:05,16.5,0.001,7.89
10/07/2026 03:35,16.375,0.001,7.89
10/07/2026 03:05,16.5,0.001,7.89
10/07/2026 02:35,16.625,0.001,7.89
10/07/2026 02:05,16.5,0.001,7.88
10/07/2026 01:35,16.625,0.001,7.88
10/07/2026 01:05,16.625,0.001,7.88
10/07/2026 00:35,16.5,0.001,7.88
10/07/2026 00:05,16.5,0.001,7.88
09/07/2026 23:35,16.625,0.001,7.87
09/07/2026 23:05,15.75,0.001,7.87
09/07/2026 22:35,17.625,0.001,7.87
09/07/2026 22:09,15.75,0.001,7.86
09/07/2026 22:05,15.75,0.001,7.86
09/07/2026 21:35,17.625,0.001,7.86
09/07/2026 21:05,16.75,0.001,7.86
09/07/2026 20:35,16.75,0.001,7.86
09/07/2026 20:05,15.75,0.001,7.85
09/07/2026 19:35,16.75,0.001,7.85
09/07/2026 19:05,16.75,0.001,7.85
09/07/2026 18:35,17.625,0.001,7.85
09/07/2026 18:05,16.75,0.001,7.85
09/07/2026 17:35,16.75,0.001,7.86
09/07/2026 17:05,15.75,0.001,7.86
09/07/2026 16:35,16.625,0.001,7.87
09/07/2026 16:05,16.5,0.001,7.89
09/07/2026 15:35,16.5,0.001,7.91
09/07/2026 15:33,16.625,0.001,7.91
09/07/2026 15:30,16.5,0.001,7.91
09/07/2026 15:27,15.75,0.001,7.92
09/07/2026 15:05,16.5,0.001,7.94
09/07/2026 14:35,16.5,0.001,7.94
09/07/2026 14:05,16.5,0.001,7.94
09/07/2026 13:35,16.25,0.001,7.94
09/07/2026 13:05,16.375,0.001,7.94
09/07/2026 13:05,16.375,0.001,7.94
09/07/2026 12:35,16.375,0.001,7.94
09/07/2026 12:05,16.25,0.001,7.94
09/07/2026 11:35,16.5,0.001,7.94
09/07/2026 11:05,16.25,0.001,7.94
09/07/2026 10:35,16.25,0.001,7.94
09/07/2026 10:05,16.25,0.001,7.94
09/07/2026 09:35,16.25,0.001,7.94
09/07/2026 09:05,16.25,0.001,7.94
09/07/2026 08:35,16.25,0.001,7.94
09/07/2026 08:05,16.375,0.001,7.94
09/07/2026 08:05,16.375,0.001,7.94
09/07/2026 07:35,16.375,0.001,7.94
09/07/2026 07:05,16.375,0.001,7.94
09/07/2026 06:35,16.5,0.001,7.94
09/07/2026 06:05,16.5,0.001,7.94
09/07/2026 05:35,16.5,0.001,7.94
09/07/2026 05:05,16.5,0.001,7.94
09/07/2026 04:35,16.375,0.001,7.94
09/07/2026 04:05,16.5,0.001,7.94
09/07/2026 04:05,16.5,0.001,7.94
09/07/2026 03:35,16.5,0.001,7.95
09/07/2026 03:05,16.5,0.001,7.95
09/07/2026 02:35,16.625,0.001,7.94
09/07/2026 02:05,16.5,0.001,7.94
09/07/2026 01:35,16.5,0.001,7.94
09/07/2026 01:05,16.5,0.001,7.94
09/07/2026 00:35,16.5,0.001,7.94
09/07/2026 00:05,16.625,0.001,7.94
08/07/2026 23:35,16.625,0.001,7.95
08/07/2026 23:05,16.625,0.001,7.94
08/07/2026 22:35,16.625,0.001,7.94
08/07/2026 22:05,16.625,0.001,7.94
08/07/2026 21:35,16.5,0.001,7.94
08/07/2026 21:05,15.75,0.001,7.94
08/07/2026 20:35,16.75,0.001,7.94
08/07/2026 20:05,16.75,0.001,7.94
08/07/2026 19:35,16.75,0.001,7.94
08/07/2026 19:05,17.625,0.001,7.94
08/07/2026 18:35,16.625,0.001,7.94
08/07/2026 18:05,16.625,0.001,7.94
08/07/2026 17:35,16.5,0.001,7.94
08/07/2026 17:05,16.625,0.001,7.94
08/07/2026 16:35,16.625,0.001,7.94
08/07/2026 16:05,16.625,0.001,7.93
08/07/2026 15:35,16.625,0.001,7.94
08/07/2026 15:05,16.375,0.001,7.94
08/07/2026 14:35,16.5,0.001,7.94
08/07/2026 14:05,16.5,0.001,7.94
08/07/2026 13:35,16.375,0.001,7.94
08/07/2026 13:05,16.25,0.001,7.93
08/07/2026 12:35,16.375,0.001,7.94
08/07/2026 12:05,16.375,0.001,7.94
08/07/2026 11:35,16.5,0.001,7.94
08/07/2026 11:05,16.5,0.001,7.94
08/07/2026 10:35,16.25,0.001,7.94
08/07/2026 10:05,16.25,0.001,7.94
08/07/2026 09:35,16.375,0.001,7.95
08/07/2026 09:05,16.25,0.001,7.95
08/07/2026 08:35,16.375,0.001,7.95
08/07/2026 08:05,16.375,0.001,7.95
08/07/2026 07:35,16.375,0.001,7.95
08/07/2026 07:05,16.375,0.001,7.95
08/07/2026 06:35,16.5,0.001,7.95
08/07/2026 06:05,16.5,0.001,7.95
08/07/2026 05:35,16.375,0.001,7.95
08/07/2026 05:05,16.625,0.001,7.95
08/07/2026 04:35,16.5,0.001,7.95
08/07/2026 04:05,16.5,0.001,7.95
08/07/2026 03:35,16.5,0.001,7.95
08/07/2026 03:05,16.625,0.001,7.95
08/07/2026 02:35,16.5,0.001,7.95
08/07/2026 02:05,16.5,0.001,7.95
08/07/2026 01:35,16.625,0.001,7.95
08/07/2026 01:05,16.625,0.001,7.95
08/07/2026 00:35,16.5,0.001,7.95
08/07/2026 00:05,17.625,0.001,7.95
07/07/2026 23:35,17.625,0.001,7.95
07/07/2026 23:05,15.75,0.001,7.95
07/07/2026 22:35,16.75,0.001,7.95
07/07/2026 22:05,16.625,0.001,7.95
07/07/2026 21:35,17.625,0.001,7.95
07/07/2026 21:05,16.75,0.001,7.95
07/07/2026 20:35,16.875,0.001,7.95
07/07/2026 20:05,16.875,0.001,7.95
07/07/2026 20:05,16.875,0.001,7.95
07/07/2026 19:35,16.875,0.001,7.95
07/07/2026 19:05,16.75,0.001,7.95
07/07/2026 18:35,16.75,0.001,7.95
07/07/2026 18:05,16.875,0.001,7.95
07/07/2026 17:35,16.625,0.001,7.95
07/07/2026 17:05,16.75,0.001,7.95
07/07/2026 16:35,17.625,0.001,7.95
07/07/2026 16:05,16.625,0.001,7.95
07/07/2026 15:35,16.5,0.001,7.95
07/07/2026 15:05,16.625,0.001,7.95
07/07/2026 14:35,16.625,0.001,7.95
07/07/2026 14:05,16.5,0.001,7.95
07/07/2026 13:35,16.5,0.001,7.95
07/07/2026 13:05,16.375,0.001,7.95
07/07/2026 12:35,16.5,0.001,7.95
07/07/2026 12:05,16.5,0.001,7.95
07/07/2026 11:35,16.5,0.001,7.95
07/07/2026 11:05,16.5,0.001,7.95
07/07/2026 10:35,16.5,0.001,7.95
07/07/2026 10:05,16.5,0.001,7.95
07/07/2026 09:35,16.5,0.001,7.95
07/07/2026 09:05,16.5,0.001,7.95
07/07/2026 08:35,16.375,0.001,7.95
07/07/2026 08:05,16.5,0.001,7.95
07/07/2026 07:35,16.5,0.001,7.95
07/07/2026 07:05,16.625,0.001,7.95
07/07/2026 06:35,16.5,0.001,7.95
07/07/2026 06:05,16.625,0.001,7.96
07/07/2026 05:35,16.5,0.001,7.96
07/07/2026 05:05,16.625,0.001,7.96
07/07/2026 04:35,16.625,0.001,7.96
07/07/2026 04:05,16.5,0.001,7.96
07/07/2026 03:35,16.5,0.001,7.95
07/07/2026 03:05,16.75,0.001,7.96
07/07/2026 02:35,16.625,0.001,7.96
07/07/2026 02:05,15.75,0.001,7.96
07/07/2026 01:35,16.625,0.001,7.96
07/07/2026 01:05,16.75,0.001,7.96
07/07/2026 01:05,16.75,0.001,7.96
07/07/2026 00:35,17.625,0.001,7.96
07/07/2026 00:05,17.625,0.001,7.96
06/07/2026 23:35,16.75,0.001,7.96
06/07/2026 23:05,16.75,0.001,7.96
06/07/2026 22:35,16.875,0.001,7.96
06/07/2026 22:05,16.75,0.001,7.96
06/07/2026 21:35,16.875,0.001,7.96
06/07/2026 21:05,16.875,0.001,7.96
06/07/2026 20:35,17,0.001,7.96
06/07/2026 20:05,17,0.001,7.96
06/07/2026 19:35,17,0.001,7.96
06/07/2026 19:05,17,0.001,7.96
06/07/2026 18:35,16.875,0.001,7.96
06/07/2026 18:05,16.875,0.001,7.96
06/07/2026 17:35,17,0.001,7.96
06/07/2026 17:05,16.875,0.001,7.96
06/07/2026 16:35,16.875,0.001,7.96
06/07/2026 16:05,16.875,0.001,7.96
06/07/2026 15:35,16.75,0.001,7.95
06/07/2026 15:05,16.75,0.001,7.95
06/07/2026 14:35,16.5,0.001,7.95
06/07/2026 14:05,15.75,0.001,7.95
06/07/2026 13:35,16.625,0.001,7.95
06/07/2026 13:35,16.625,0.001,7.95
06/07/2026 13:05,16.625,0.001,7.95
06/07/2026 12:35,16.625,0.001,7.95
06/07/2026 12:05,16.5,0.001,7.95
06/07/2026 11:35,17.5,0.001,7.95
06/07/2026 11:05,16.625,0.001,7.95
06/07/2026 10:35,16.625,0.001,7.95
06/07/2026 10:05,16.5,0.001,7.95
06/07/2026 09:35,15.75,0.001,7.95
06/07/2026 09:05,16.625,0.001,7.95
06/07/2026 08:35,16.5,0.001,7.95
06/07/2026 08:05,16.625,0.001,7.95
06/07/2026 07:35,16.625,0.001,7.95
06/07/2026 07:05,16.625,0.001,7.95
06/07/2026 06:35,15.75,0.001,7.95
06/07/2026 06:05,16.5,0.001,7.95
06/07/2026 05:35,16.625,0.001,7.94
06/07/2026 05:05,16.625,0.001,7.95
06/07/2026 04:35,16.625,0.001,7.95
06/07/2026 04:05,16.5,0.001,7.95
06/07/2026 04:05,16.5,0.001,7.95
06/07/2026 03:35,16.625,0.001,7.95
06/07/2026 03:05,16.625,0.001,7.95
06/07/2026 02:35,16.5,0.001,7.95
06/07/2026 02:05,16.625,0.001,7.95
06/07/2026 01:35,16.625,0.001,7.95
06/07/2026 01:05,16.625,0.001,7.95
06/07/2026 00:35,16.625,0.001,7.95
06/07/2026 00:05,16.625,0.001,7.95
05/07/2026 23:35,16.625,0.001,7.95
05/07/2026 23:05,15.75,0.001,7.95
05/07/2026 22:35,16.75,0.001,7.95
05/07/2026 22:05,16.75,0.001,7.95
05/07/2026 21:35,16.75,0.001,7.95
05/07/2026 21:05,16.75,0.001,7.95
05/07/2026 20:35,16.875,0.001,7.95
05/07/2026 20:05,16.875,0.001,7.95
05/07/2026 19:35,16.875,0.001,7.95
05/07/2026 19:05,16.75,0.001,7.95
05/07/2026 18:35,16.875,0.001,7.95
05/07/2026 18:05,16.875,0.001,7.95
05/07/2026 17:35,16.875,0.001,7.95
05/07/2026 17:05,16.875,0.001,7.95
05/07/2026 16:35,16.75,0.001,7.95
05/07/2026 16:05,16.875,0.001,7.95
05/07/2026 15:35,16.75,0.001,7.95
05/07/2026 15:05,16.75,0.001,7.95
05/07/2026 14:35,16.625,0.001,7.94
05/07/2026 14:05,16.625,0.001,7.95
05/07/2026 13:35,16.625,0.001,7.94
05/07/2026 13:05,16.5,0.001,7.94
05/07/2026 13:05,16.5,0.001,7.94
05/07/2026 12:35,16.625,0.001,7.94
05/07/2026 12:05,16.625,0.001,7.94
05/07/2026 11:35,16.625,0.001,7.94
05/07/2026 11:05,16.375,0.001,7.95
05/07/2026 10:35,16.625,0.001,7.94
05/07/2026 10:05,16.5,0.001,7.94
05/07/2026 09:35,16.625,0.001,7.94
05/07/2026 09:05,16.5,0.001,7.94
05/07/2026 08:35,16.5,0.001,7.94
05/07/2026 08:05,16.375,0.001,7.94
05/07/2026 07:35,16.5,0.001,7.94
05/07/2026 07:05,16.5,0.001,7.94
05/07/2026 06:35,16.5,0.001,7.94
05/07/2026 06:05,16.5,0.001,7.94
05/07/2026 05:35,16.5,0.001,7.94
05/07/2026 05:05,16.625,0.001,7.94
05/07/2026 04:35,16.5,0.001,7.94
05/07/2026 04:05,16.5,0.001,7.93
05/07/2026 03:35,16.625,0.001,7.94
05/07/2026 03:05,16.5,0.001,7.94
05/07/2026 02:35,16.5,0.001,7.94
05/07/2026 02:05,16.625,0.001,7.94
05/07/2026 01:35,16.625,0.001,7.94
05/07/2026 01:05,16.5,0.001,7.94
05/07/2026 00:35,16.625,0.001,7.94
05/07/2026 00:05,16.625,0.001,7.94
04/07/2026 23:35,16.625,0.001,7.94
04/07/2026 23:05,16.625,0.001,7.94
04/07/2026 22:35,16.375,0.001,7.94
04/07/2026 22:05,16.5,0.001,7.94
04/07/2026 21:35,16.5,0.001,7.94
04/07/2026 21:05,16.625,0.001,7.94
04/07/2026 20:35,17.625,0.001,7.94
04/07/2026 20:05,17.625,0.001,7.94
04/07/2026 19:35,16.625,0.001,7.94
04/07/2026 19:05,15.75,0.001,7.94
04/07/2026 18:35,15.75,0.001,7.94
04/07/2026 18:05,16.625,0.001,7.94
04/07/2026 17:35,16.625,0.001,7.94
04/07/2026 17:05,16.625,0.001,7.94
04/07/2026 16:35,16.5,0.001,7.94
04/07/2026 16:05,16.625,0.001,7.94
04/07/2026 15:35,16.625,0.001,7.93
04/07/2026 15:05,16.625,0.001,7.93
04/07/2026 14:35,16.5,0.001,7.93
04/07/2026 14:05,16.5,0.001,7.93
04/07/2026 13:35,16.5,0.001,7.93
04/07/2026 13:05,16.5,0.001,7.93
04/07/2026 12:35,16.5,0.001,7.93
04/07/2026 12:05,16.375,0.001,7.93
04/07/2026 12:05,16.375,0.001,7.93
04/07/2026 11:35,16.375,0.001,7.93
04/07/2026 11:05,16.5,0.001,7.93
04/07/2026 10:35,16.5,0.001,7.93
04/07/2026 10:05,16.375,0.001,7.93
04/07/2026 09:35,16.5,0.001,7.93
04/07/2026 09:05,16.375,0.001,7.93
04/07/2026 08:35,16.375,0.001,7.92
04/07/2026 08:05,16.375,0.001,7.92
04/07/2026 07:35,16.5,0.001,7.92
04/07/2026 07:35,16.5,0.001,7.92
04/07/2026 07:05,16.375,0.001,7.92
04/07/2026 07:05,16.375,0.001,7.92
04/07/2026 06:35,16.25,0.001,7.92
04/07/2026 06:05,16.375,0.001,7.92
04/07/2026 05:35,16.5,0.001,7.92
04/07/2026 05:05,16.375,0.001,7.92
04/07/2026 04:35,16.5,0.001,7.92
04/07/2026 04:05,16.375,0.001,7.92
04/07/2026 03:35,16.5,0.001,7.92
04/07/2026 03:05,16.5,0.001,7.92
04/07/2026 02:35,16.5,0.001,7.92
04/07/2026 02:05,16.375,0.001,7.92
04/07/2026 02:05,16.375,0.001,7.92
04/07/2026 01:35,16.5,0.001,7.92
04/07/2026 01:05,16.625,0.001,7.92
04/07/2026 00:35,16.625,0.001,7.92
04/07/2026 00:05,16.5,0.001,7.92
03/07/2026 23:35,16.625,0.001,7.92
03/07/2026 23:05,16.5,0.001,7.91
03/07/2026 22:35,16.5,0.001,7.91
03/07/2026 22:05,16.625,0.001,7.91
03/07/2026 21:35,16.5,0.001,7.91
03/07/2026 21:05,16.5,0.001,7.91
03/07/2026 20:35,16.5,0.001,7.91
03/07/2026 20:05,16.5,0.001,7.91
03/07/2026 19:35,16.5,0.001,7.91
03/07/2026 19:05,16.625,0.001,7.91
03/07/2026 18:35,16.5,0.001,7.91
03/07/2026 18:05,16.625,0.001,7.9
03/07/2026 17:35,16.625,0.001,7.91
03/07/2026 17:05,16.625,0.001,7.9
03/07/2026 16:35,15.75,0.001,7.9
03/07/2026 16:05,16.5,0.001,7.9
03/07/2026 15:35,16.5,0.001,7.9
03/07/2026 15:05,16.5,0.001,7.9
03/07/2026 14:35,16.625,0.001,7.89
03/07/2026 14:05,16.5,0.001,7.89
03/07/2026 13:35,16.5,0.001,7.89
03/07/2026 13:05,16.375,0.001,7.89
03/07/2026 12:35,16.5,0.001,7.89
03/07/2026 12:05,16.25,0.001,7.89
03/07/2026 11:35,16.25,0.001,7.89
03/07/2026 11:05,16.375,0.001,7.88
03/07/2026 10:35,16.5,0.001,7.88
03/07/2026 10:05,16.375,0.001,7.88
03/07/2026 09:35,16.5,0.001,7.88
03/07/2026 09:05,16.5,0.001,7.88
03/07/2026 08:35,16.125,0.001,7.88
03/07/2026 08:05,16.375,0.001,7.88
03/07/2026 07:35,16.25,0.001,7.87
03/07/2026 07:05,16.375,0.001,7.87
03/07/2026 06:35,16.25,0.001,7.87
03/07/2026 06:05,16.25,0.001,7.87
03/07/2026 05:35,16.375,0.001,7.86
03/07/2026 05:05,16.5,0.001,7.86
03/07/2026 04:35,16.375,0.001,7.86
03/07/2026 04:05,16.375,0.001,7.86
03/07/2026 03:35,16.375,0.001,7.85
03/07/2026 03:05,16.375,0.001,7.85
03/07/2026 02:35,16.5,0.001,7.85
03/07/2026 02:05,16.5,0.001,7.85
03/07/2026 01:35,16.5,0.001,7.84
03/07/2026 01:05,16.5,0.001,7.84
03/07/2026 00:35,16.625,0.001,7.84
03/07/2026 00:05,16.375,0.001,7.83
03/07/2026 00:05,16.375,0.001,7.83
02/07/2026 23:35,16.5,0.001,7.83
02/07/2026 23:05,16.625,0.001,7.83
02/07/2026 22:35,16.375,0.001,7.82
02/07/2026 22:05,16.5,0.001,7.82
02/07/2026 21:35,16.625,0.001,7.81
02/07/2026 21:05,16.5,0.001,7.81
02/07/2026 20:35,16.5,0.001,7.81
02/07/2026 20:05,16.5,0.001,7.8
02/07/2026 19:35,16.5,0.001,7.8
02/07/2026 19:35,16.5,0.001,7.8
02/07/2026 19:05,16.5,0.001,7.79
02/07/2026 18:35,16.625,0.001,7.79
02/07/2026 18:05,16.625,0.001,7.78
02/07/2026 17:35,16.5,0.001,7.78
02/07/2026 17:05,16.625,0.001,7.77
02/07/2026 16:35,16.625,0.001,7.76
02/07/2026 16:05,16.5,0.001,7.75
02/07/2026 15:35,16.625,0.001,7.75
02/07/2026 15:05,16.5,0.001,7.74
02/07/2026 14:35,16.5,0.001,7.73
02/07/2026 14:05,16.5,0.001,7.72
02/07/2026 13:35,16.375,0.001,7.72
02/07/2026 13:05,16.5,0.001,7.71
02/07/2026 12:35,16.375,0.001,7.7
02/07/2026 12:05,16.5,0.001,7.7
02/07/2026 11:35,16.5,0.001,7.71
02/07/2026 11:05,16.625,0.001,7.71
02/07/2026 10:35,16.625,0.001,7.73
02/07/2026 10:05,16.5,0.001,7.74
02/07/2026 09:35,16.5,0.001,7.77
02/07/2026 09:05,16.5,0.001,7.8
02/07/2026 08:35,16.375,0.001,7.82
02/07/2026 08:05,16.625,0.001,7.84
02/07/2026 07:35,16.5,0.001,7.85
02/07/2026 07:05,16.5,0.001,7.87
02/07/2026 06:35,16.375,0.001,7.88
02/07/2026 06:05,16.625,0.001,7.88
02/07/2026 05:35,16.5,0.001,7.88
02/07/2026 05:05,16.5,0.001,7.88
02/07/2026 04:35,16.5,0.001,7.88
02/07/2026 04:05,16.625,0.001,7.87
02/07/2026 03:35,16.5,0.001,7.87
02/07/2026 03:05,16.5,0.001,7.87
02/07/2026 02:35,16.375,0.001,7.87
02/07/2026 02:05,16.25,0.001,7.87
02/07/2026 01:35,16.375,0.001,7.86
02/07/2026 01:05,16.5,0.001,7.86
02/07/2026 00:35,16.375,0.001,7.86
02/07/2026 00:05,16.25,0.001,7.86
01/07/2026 23:35,16.5,0.001,7.85
01/07/2026 23:05,16.5,0.001,7.85
01/07/2026 22:35,16.375,0.001,7.85
01/07/2026 22:05,16.375,0.001,7.85
01/07/2026 21:35,16.5,0.001,7.84
01/07/2026 21:05,16.5,0.001,7.84
01/07/2026 20:35,16.5,0.001,7.84
01/07/2026 20:05,16.5,0.001,7.84
01/07/2026 19:35,16.5,0.001,7.83
01/07/2026 19:05,16.5,0.001,7.83
01/07/2026 18:35,16.625,0.001,7.82
01/07/2026 18:05,16.5,0.001,7.82
01/07/2026 17:35,16.5,0.001,7.82
01/07/2026 17:05,16.5,0.001,7.82
01/07/2026 16:35,16.5,0.001,7.81
01/07/2026 16:05,16.5,0.001,7.81
01/07/2026 15:35,16.625,0.001,7.81
01/07/2026 15:05,16.5,0.001,7.81
01/07/2026 14:35,16.5,0.001,7.82
01/07/2026 14:05,16.625,0.001,7.82
01/07/2026 13:35,16.625,0.001,7.83
01/07/2026 13:05,16.625,0.001,7.85
01/07/2026 12:35,16.625,0.001,7.87
01/07/2026 12:05,16.625,0.001,7.89
01/07/2026 11:35,16.625,0.001,7.91
01/07/2026 11:05,16.625,0.001,7.93
01/07/2026 10:35,16.625,0.001,7.94
01/07/2026 10:05,16.5,0.001,7.94
01/07/2026 09:35,16.625,0.001,7.94
01/07/2026 09:05,16.5,0.001,7.94
01/07/2026 08:35,16.375,0.001,7.94
01/07/2026 08:05,16.5,0.001,7.94
01/07/2026 07:35,16.375,0.001,7.94
01/07/2026 07:05,16.5,0.001,7.94
01/07/2026 06:35,16.625,0.001,7.94
01/07/2026 06:05,16.5,0.001,7.94
01/07/2026 05:35,16.625,0.001,7.94
01/07/2026 05:05,16.625,0.001,7.94
01/07/2026 04:35,16.625,0.001,7.94
01/07/2026 04:05,16.625,0.001,7.94
01/07/2026 04:05,16.625,0.001,7.94
01/07/2026 03:35,16.5,0.001,7.94
01/07/2026 03:05,16.625,0.001,7.94
01/07/2026 02:35,16.625,0.001,7.94
01/07/2026 02:05,16.625,0.001,7.94
01/07/2026 01:35,16.625,0.001,7.94
01/07/2026 01:05,16.5,0.001,7.94
01/07/2026 00:35,16.625,0.001,7.94
01/07/2026 00:05,15.75,0.001,7.94
30/06/2026 23:35,17.625,0.001,7.94
30/06/2026 23:05,16.75,0.001,7.94
30/06/2026 22:35,16.875,0.001,7.94
30/06/2026 22:05,16.875,0.001,7.94
30/06/2026 21:35,16.875,0.001,7.94
30/06/2026 21:05,16.875,0.001,7.94
30/06/2026 20:35,17,0.001,7.94
30/06/2026 20:05,17,0.001,7.94
30/06/2026 19:35,16.875,0.001,7.94
30/06/2026 19:05,16.875,0.001,7.94
30/06/2026 18:35,17,0.001,7.94
30/06/2026 18:05,17,0.001,7.94
30/06/2026 17:35,16.875,0.001,7.94
30/06/2026 17:35,16.875,0.001,7.94
30/06/2026 17:05,16.875,0.001,7.94
30/06/2026 16:35,16.75,0.001,7.94
30/06/2026 16:05,16.625,0.001,7.94
30/06/2026 15:35,15.75,0.001,7.94
30/06/2026 15:05,16.625,0.001,7.94
30/06/2026 14:35,16.5,0.001,7.94
30/06/2026 14:05,16.625,0.001,7.94
30/06/2026 13:35,16.625,0.001,7.94
30/06/2026 13:05,16.5,0.001,7.94
30/06/2026 12:35,16.625,0.001,7.94
30/06/2026 12:35,16.625,0.001,7.94
30/06/2026 12:05,16.5,0.001,7.94
30/06/2026 11:35,16.5,0.001,7.93
30/06/2026 11:05,16.5,0.001,7.93
30/06/2026 10:35,16.5,0.001,7.94
30/06/2026 10:05,16.375,0.001,7.93
30/06/2026 09:35,16.5,0.001,7.93
30/06/2026 09:05,16.5,0.001,7.93
30/06/2026 08:35,16.5,0.001,7.93
30/06/2026 08:05,16.375,0.001,7.93
30/06/2026 07:35,16.5,0.001,7.93
30/06/2026 07:05,16.375,0.001,7.93
30/06/2026 06:35,16.375,0.001,7.93
30/06/2026 06:05,16.375,0.001,7.93
30/06/2026 05:35,16.5,0.001,7.93
30/06/2026 05:05,16.375,0.001,7.93
30/06/2026 04:35,16.375,0.001,7.93
30/06/2026 04:35,16.375,0.001,7.93
30/06/2026 04:05,16.5,0.001,7.93
30/06/2026 04:05,16.5,0.001,7.93
30/06/2026 03:35,16.375,0.001,7.93
30/06/2026 03:05,16.5,0.001,7.93
30/06/2026 02:35,16.375,0.001,7.93
30/06/2026 02:05,16.375,0.001,7.93
30/06/2026 01:35,16.5,0.001,7.93
30/06/2026 01:05,16.625,0.001,7.93
30/06/2026 00:35,16.625,0.001,7.93
30/06/2026 00:05,16.5,0.001,7.93
29/06/2026 23:35,16.5,0.001,7.93
29/06/2026 23:05,16.625,0.001,7.93
29/06/2026 22:35,16.625,0.001,7.93
29/06/2026 22:05,16.5,0.001,7.93
29/06/2026 21:35,16.625,0.001,7.93
29/06/2026 21:05,16.5,0.001,7.93
29/06/2026 20:35,16.5,0.001,7.93
29/06/2026 20:05,16.625,0.001,7.93
29/06/2026 19:35,16.625,0.001,7.93
29/06/2026 19:05,16.625,0.001,7.93
29/06/2026 18:35,16.625,0.001,7.93
29/06/2026 18:05,16.625,0.001,7.93
29/06/2026 17:35,15.75,0.001,7.93
29/06/2026 17:05,16.5,0.001,7.93
29/06/2026 16:35,16.5,0.001,7.93
29/06/2026 16:05,16.5,0.001,7.92
29/06/2026 15:35,16.625,0.001,7.92
29/06/2026 15:05,16.5,0.001,7.93
29/06/2026 14:35,16.5,0.001,7.92
29/06/2026 14:05,16.625,0.001,7.92
29/06/2026 13:35,16.375,0.001,7.92
29/06/2026 13:05,16.5,0.001,7.93
29/06/2026 12:35,16.5,0.001,7.93
29/06/2026 12:05,16.375,0.001,7.92
29/06/2026 11:35,16.25,0.001,7.92
29/06/2026 11:05,16.25,0.001,7.92
29/06/2026 10:35,16.375,0.001,7.93
29/06/2026 10:05,16.375,0.001,7.92
29/06/2026 09:35,16.25,0.001,7.93
29/06/2026 09:05,16.25,0.001,7.93
29/06/2026 08:35,16.375,0.001,7.92
29/06/2026 08:05,16.375,0.001,7.93
29/06/2026 07:35,16.125,0.001,7.92
29/06/2026 07:05,16.25,0.001,7.93
29/06/2026 06:35,16.375,0.001,7.92
29/06/2026 06:05,16.125,0.001,7.93
29/06/2026 05:35,16.5,0.001,7.93
29/06/2026 05:05,16.375,0.001,7.93
29/06/2026 04:35,16.25,0.001,7.93
29/06/2026 04:05,16.375,0.001,7.93
29/06/2026 03:35,16.375,0.001,7.93
29/06/2026 03:05,16.375,0.001,7.93
29/06/2026 02:35,16.5,0.001,7.93
29/06/2026 02:08,16.5,0.001,7.93
29/06/2026 02:06,16.5,0.001,7.93
29/06/2026 02:05,16.625,0.001,7.93
29/06/2026 01:35,16.625,0.001,7.93
29/06/2026 01:05,16.375,0.001,7.93
29/06/2026 00:35,16.375,0.001,7.92
29/06/2026 00:35,16.375,0.001,7.92
29/06/2026 00:05,16.5,0.001,7.93
28/06/2026 23:35,16.5,0.001,7.93
28/06/2026 23:05,16.5,0.001,7.93
28/06/2026 22:35,16.625,0.001,7.93
28/06/2026 22:05,16.5,0.001,7.93
28/06/2026 21:35,16.625,0.001,7.93
28/06/2026 21:05,16.625,0.001,7.94
28/06/2026 20:35,17.625,0.001,7.94
28/06/2026 20:05,17.625,0.001,7.93
28/06/2026 19:35,15.75,0.001,7.93
28/06/2026 19:05,16.625,0.001,7.93
28/06/2026 18:35,16.625,0.001,7.93
28/06/2026 18:05,16.625,0.001,7.93
28/06/2026 17:35,16.5,0.001,7.92
28/06/2026 17:05,16.5,0.001,7.93
28/06/2026 16:35,17.625,0.001,7.93
28/06/2026 16:05,16.5,0.001,7.93
28/06/2026 15:35,16.5,0.001,7.93
28/06/2026 15:05,16.5,0.001,7.94
28/06/2026 14:39,16.5,0.001,7.93
28/06/2026 14:35,16.5,0.001,7.93
28/06/2026 14:05,16.375,0.001,7.93
28/06/2026 13:35,16.375,0.001,7.93
28/06/2026 13:05,16.25,0.001,7.93
28/06/2026 12:35,16.25,0.001,7.93
28/06/2026 12:05,16.25,0.001,7.93
28/06/2026 11:35,16.25,0.001,7.93
28/06/2026 11:05,16.25,0.001,7.93
28/06/2026 10:35,16.25,0.001,7.93
28/06/2026 10:35,16.25,0.001,7.93
28/06/2026 10:05,16.375,0.001,7.93
28/06/2026 09:35,16.25,0.001,7.93
28/06/2026 09:05,16.375,0.001,7.93
28/06/2026 08:35,16.25,0.001,7.93
28/06/2026 08:05,16.25,0.001,7.93
28/06/2026 07:35,16.375,0.001,7.93
28/06/2026 07:05,16.25,0.001,7.93
28/06/2026 06:35,16.25,0.001,7.94
28/06/2026 06:05,16.375,0.001,7.93
28/06/2026 06:05,16.375,0.001,7.93
28/06/2026 05:35,16.375,0.001,7.94
28/06/2026 05:35,16.375,0.001,7.94
28/06/2026 05:05,16.25,0.001,7.94
28/06/2026 04:35,16.25,0.001,7.94
28/06/2026 04:05,16.25,0.001,7.94
28/06/2026 03:35,16.5,0.001,7.94
28/06/2026 03:05,16.375,0.001,7.94
28/06/2026 02:35,16.375,0.001,7.94
28/06/2026 02:05,16.5,0.001,7.94
28/06/2026 01:35,16.375,0.001,7.94
28/06/2026 01:05,16.5,0.001,7.94
28/06/2026 00:35,16.375,0.001,7.94
28/06/2026 00:05,16.375,0.001,7.94
27/06/2026 23:35,16.5,0.001,7.93
27/06/2026 23:05,16.5,0.001,7.94
27/06/2026 22:35,16.625,0.001,7.93
27/06/2026 22:05,16.625,0.001,7.93
27/06/2026 21:35,16.5,0.001,7.93
27/06/2026 21:05,16.5,0.001,7.93
27/06/2026 20:35,16.625,0.001,7.94
27/06/2026 20:05,16.5,0.001,7.93
27/06/2026 19:35,16.625,0.001,7.93
27/06/2026 19:05,16.5,0.001,7.93
27/06/2026 18:35,17.5,0.001,7.94
27/06/2026 18:05,16.625,0.001,7.93
27/06/2026 17:35,16.5,0.001,7.93
27/06/2026 17:05,16.5,0.001,7.93
27/06/2026 16:35,16.5,0.001,7.93
27/06/2026 16:05,16.5,0.001,7.93
27/06/2026 15:35,16.5,0.001,7.93
27/06/2026 15:05,16.5,0.001,7.93
27/06/2026 14:35,16.5,0.001,7.93
27/06/2026 14:05,16.5,0.001,7.93
27/06/2026 13:35,16.5,0.001,7.93
27/06/2026 13:05,16.5,0.001,7.93
27/06/2026 12:35,16.375,0.001,7.93
27/06/2026 12:05,16.375,0.001,7.93
27/06/2026 11:35,16.5,0.001,7.93
27/06/2026 11:05,16.375,0.001,7.93
27/06/2026 10:35,16.375,0.001,7.93
27/06/2026 10:05,16.5,0.001,7.93
27/06/2026 09:35,16.375,0.001,7.93
27/06/2026 09:05,16.375,0.001,7.93
27/06/2026 08:35,16.375,0.001,7.93
27/06/2026 08:05,16.25,0.001,7.93
27/06/2026 07:35,16.25,0.001,7.93
27/06/2026 07:05,16.5,0.001,7.93
27/06/2026 06:35,16.375,0.001,7.93
27/06/2026 06:05,16.375,0.001,7.93
27/06/2026 05:35,16.5,0.001,7.93
27/06/2026 05:05,16.625,0.001,7.93
27/06/2026 04:35,16.5,0.001,7.93
27/06/2026 04:05,16.625,0.001,7.93
27/06/2026 03:35,16.5,0.001,7.93
27/06/2026 03:35,16.5,0.001,7.93
27/06/2026 03:05,16.625,0.001,7.93
27/06/2026 02:35,16.625,0.001,7.93
27/06/2026 02:05,16.5,0.001,7.93
27/06/2026 01:35,16.5,0.001,7.93
27/06/2026 01:05,16.625,0.001,7.93
27/06/2026 00:35,16.625,0.001,7.93
27/06/2026 00:05,16.625,0.001,7.92
26/06/2026 23:35,16.625,0.001,7.92
26/06/2026 23:35,16.625,0.001,7.92
26/06/2026 23:05,16.625,0.001,7.92
26/06/2026 23:05,16.625,0.001,7.92
26/06/2026 22:35,17.625,0.001,7.92
26/06/2026 22:05,16.625,0.001,7.92
26/06/2026 21:35,16.75,0.001,7.92
26/06/2026 21:05,16.75,0.001,7.92
26/06/2026 20:35,16.75,0.001,7.92
26/06/2026 20:05,16.875,0.001,7.92
26/06/2026 19:35,16.75,0.001,7.92
26/06/2026 19:05,17.625,0.001,7.92
26/06/2026 18:35,16.875,0.001,7.92
26/06/2026 18:05,16.875,0.001,7.92
26/06/2026 17:35,17.625,0.001,7.92
26/06/2026 17:05,16.75,0.001,7.92
26/06/2026 16:35,16.75,0.001,7.92
26/06/2026 16:05,16.625,0.001,7.92
26/06/2026 15:35,16.625,0.001,7.92
26/06/2026 15:35,16.625,0.001,7.92
26/06/2026 15:05,16.5,0.001,7.92
26/06/2026 14:37,14.75,0.001,7.91
26/06/2026 14:37,15.5,0.001,7.91
26/06/2026 14:37,15.625,0.001,8.57
26/06/2026 13:05,16.125,0.001,7.9
26/06/2026 12:35,16.125,0.001,7.91
26/06/2026 12:05,16.25,0.001,7.91
26/06/2026 11:35,16.25,0.001,7.92
26/06/2026 11:05,16.375,0.001,7.91
26/06/2026 10:35,16.375,0.001,7.91
26/06/2026 10:05,16.25,0.001,7.91
26/06/2026 09:35,16.25,0.001,7.91
26/06/2026 09:05,16.25,0.001,7.9
26/06/2026 08:35,16.125,0.001,7.91
26/06/2026 08:05,16.125,0.001,7.91
26/06/2026 07:35,16.25,0.001,7.9
26/06/2026 07:05,16,0.001,7.91
26/06/2026 06:35,16.125,0.001,7.91
26/06/2026 06:05,16.25,0.001,7.91
26/06/2026 05:35,16.25,0.001,7.9
26/06/2026 05:05,16.25,0.001,7.9
26/06/2026 04:35,16.25,0.001,7.89
26/06/2026 04:05,16.25,0.001,7.9
26/06/2026 03:35,16.375,0.001,7.9
26/06/2026 03:05,16.375,0.001,7.89
26/06/2026 02:35,16.375,0.001,7.9
26/06/2026 02:05,16.25,0.001,7.89
26/06/2026 01:35,16.375,0.001,7.9
26/06/2026 01:05,16.125,0.001,7.89
26/06/2026 00:35,16.5,0.001,7.9
26/06/2026 00:05,16.375,0.001,7.9
25/06/2026 23:35,16.125,0.001,7.9
25/06/2026 23:05,16.375,0.001,7.9
25/06/2026 22:35,16.25,0.001,7.89
25/06/2026 22:05,16.25,0.001,7.89
25/06/2026 21:35,16.375,0.001,7.89
25/06/2026 21:05,16.25,0.001,7.88
25/06/2026 20:35,16.375,0.001,7.89
25/06/2026 20:05,16.5,0.001,7.89
25/06/2026 19:35,16.375,0.001,7.88
25/06/2026 19:35,16.375,0.001,7.88
25/06/2026 19:05,16.25,0.001,7.88
25/06/2026 18:35,16.375,0.001,7.88
25/06/2026 18:05,16.25,0.001,7.87
25/06/2026 17:35,16.5,0.001,7.88
25/06/2026 17:05,16.5,0.001,7.88
25/06/2026 16:35,16.5,0.001,7.87
25/06/2026 16:05,16.375,0.001,7.88
25/06/2026 15:35,16.25,0.001,7.87
25/06/2026 15:05,16.5,0.001,7.87
25/06/2026 14:35,16.25,0.001,7.87
25/06/2026 14:05,16.5,0.001,7.87
25/06/2026 13:35,16.375,0.001,7.87
25/06/2026 13:05,16.5,0.001,7.87
25/06/2026 12:35,16.375,0.001,7.87
25/06/2026 12:05,16.625,0.001,7.87
25/06/2026 11:35,16.5,0.001,7.88
25/06/2026 11:05,16.5,0.001,7.87
25/06/2026 10:35,16.5,0.001,7.88
25/06/2026 10:05,16.625,0.001,7.89
25/06/2026 10:05,16.625,0.001,7.89
25/06/2026 09:35,16.625,0.001,7.92
25/06/2026 09:05,16.625,0.001,7.93
25/06/2026 08:35,16.125,0.001,7.93
25/06/2026 08:05,16.125,0.001,7.93
25/06/2026 07:35,16.125,0.001,7.93
25/06/2026 07:05,16.125,0.001,7.93
25/06/2026 06:35,16,0.001,7.93
25/06/2026 06:05,16.125,0.001,7.93
25/06/2026 05:35,16.125,0.001,7.93
25/06/2026 05:35,16.125,0.001,7.93
25/06/2026 05:05,16.25,0.001,7.93
25/06/2026 04:35,16.125,0.001,7.93
25/06/2026 04:05,16.25,0.001,7.93
25/06/2026 03:35,16.125,0.001,7.93
25/06/2026 03:05,16,0.001,7.93
25/06/2026 02:35,16.125,0.001,7.93
25/06/2026 02:05,16.125,0.001,7.93
25/06/2026 01:35,16,0.001,7.93
25/06/2026 01:05,16.125,0.001,7.93
25/06/2026 00:35,16,0.001,7.93
25/06/2026 00:05,16.375,0.001,7.93
24/06/2026 23:35,16.125,0.001,7.93
24/06/2026 23:05,16.125,0.001,7.93
24/06/2026 23:05,16.125,0.001,7.93
24/06/2026 22:35,16,0.001,7.93
24/06/2026 22:05,16.125,0.001,7.93
24/06/2026 21:35,16.125,0.001,7.93
24/06/2026 21:05,16,0.001,7.92
24/06/2026 20:35,16.125,0.001,7.93
24/06/2026 20:05,16.25,0.001,7.92
24/06/2026 19:35,16.125,0.001,7.92
24/06/2026 19:05,16.25,0.001,7.92
24/06/2026 18:35,16.25,0.001,7.92
24/06/2026 18:05,16.25,0.001,7.92
24/06/2026 17:35,16.25,0.001,7.92
24/06/2026 17:05,16.25,0.001,7.92
24/06/2026 16:35,16.25,0.001,7.92
24/06/2026 16:05,16.125,0.001,7.92
24/06/2026 15:35,16.125,0.001,7.92
24/06/2026 15:05,16.25,0.001,7.92
24/06/2026 14:35,16.125,0.001,7.92
24/06/2026 14:05,16.25,0.001,7.92
24/06/2026 13:35,16,0.001,7.92
24/06/2026 13:05,16.125,0.001,7.92
24/06/2026 12:35,16,0.001,7.92
24/06/2026 12:05,16.125,0.001,7.92
24/06/2026 11:35,16.25,0.001,7.92
24/06/2026 11:05,16.125,0.001,7.92
24/06/2026 10:35,16.25,0.001,7.91
24/06/2026 10:05,16.125,0.001,7.92
24/06/2026 09:35,16.125,0.001,7.91
24/06/2026 09:05,16.25,0.001,7.91
24/06/2026 08:35,16.125,0.001,7.91
24/06/2026 08:05,16.125,0.001,7.92
24/06/2026 07:35,16.125,0.001,7.91
24/06/2026 07:05,16,0.001,7.91
24/06/2026 06:35,16.125,0.001,7.91
24/06/2026 06:05,16.125,0.001,7.91
24/06/2026 05:35,16,0.001,7.91
24/06/2026 05:35,16,0.001,7.91
24/06/2026 05:05,16.125,0.001,7.91
24/06/2026 04:35,16.125,0.001,7.91
24/06/2026 04:05,16.125,0.001,7.91
24/06/2026 04:05,16.125,0.001,7.91
24/06/2026 03:35,16.125,0.001,7.91
24/06/2026 03:05,16.25,0.001,7.91
24/06/2026 02:35,16.125,0.001,7.91
24/06/2026 02:05,16,0.001,7.91
24/06/2026 01:35,16.125,0.001,7.91
24/06/2026 01:05,16.125,0.001,7.91
24/06/2026 00:35,16.25,0.001,7.91
24/06/2026 00:05,16.25,0.001,7.91
23/06/2026 23:35,16.25,0.001,7.91
23/06/2026 23:05,16.25,0.001,7.91
23/06/2026 22:35,16.375,0.001,7.91
23/06/2026 22:05,16.375,0.001,7.91
23/06/2026 21:35,16.25,0.001,7.91
23/06/2026 21:05,16.125,0.001,7.9
23/06/2026 20:35,16.125,0.001,7.9
23/06/2026 20:05,16.25,0.001,7.9
23/06/2026 19:35,16.125,0.001,7.9
23/06/2026 19:05,16.125,0.001,7.9
23/06/2026 18:35,16.125,0.001,7.9
23/06/2026 18:05,16.125,0.001,7.9
23/06/2026 18:05,16.125,0.001,7.9
23/06/2026 17:35,16.125,0.001,7.89
23/06/2026 17:05,16,0.001,7.89
23/06/2026 16:35,16,0.001,7.89
23/06/2026 16:05,16.125,0.001,7.89
23/06/2026 15:35,16.25,0.001,7.89
23/06/2026 15:05,16,0.001,7.89
23/06/2026 14:35,16,0.001,7.89
23/06/2026 14:05,16.125,0.001,7.89
23/06/2026 13:35,16.125,0.001,7.89
23/06/2026 13:05,16.125,0.001,7.89
23/06/2026 12:35,16.25,0.001,7.89
23/06/2026 12:05,16.125,0.001,7.89
23/06/2026 11:35,16.125,0.001,7.89
23/06/2026 11:05,16.25,0.001,7.89
23/06/2026 10:35,16.125,0.001,7.88
23/06/2026 10:05,16.125,0.001,7.88
23/06/2026 10:05,16.125,0.001,7.88
23/06/2026 09:35,16.25,0.001,7.88
23/06/2026 09:05,16.25,0.001,7.88
23/06/2026 08:35,16.125,0.001,7.88
23/06/2026 08:05,16.125,0.001,7.88
23/06/2026 07:35,16.125,0.001,7.88
23/06/2026 07:05,16,0.001,7.87
23/06/2026 06:35,16.125,0.001,7.87
23/06/2026 06:05,16.125,0.001,7.87
23/06/2026 05:35,16,0.001,7.87
23/06/2026 05:05,16,0.001,7.87
23/06/2026 04:35,16.125,0.001,7.86
23/06/2026 04:05,16.125,0.001,7.86
23/06/2026 03:35,16.125,0.001,7.86
23/06/2026 03:05,16.25,0.001,7.86
23/06/2026 02:35,16.125,0.001,7.86
23/06/2026 02:05,16,0.001,7.85
23/06/2026 01:35,16,0.001,7.85
23/06/2026 01:05,16,0.001,7.84
23/06/2026 00:35,16,0.001,7.84
23/06/2026 00:05,16.125,0.001,7.84
22/06/2026 23:35,16,0.001,7.84
22/06/2026 23:05,16,0.001,7.84
22/06/2026 22:35,16.125,0.001,7.84
22/06/2026 22:05,16,0.001,7.83
22/06/2026 21:35,16.125,0.001,7.83
22/06/2026 21:05,16,0.001,7.83
22/06/2026 20:35,16.125,0.001,7.83
22/06/2026 20:05,16,0.001,7.82
22/06/2026 19:35,16.25,0.001,7.82
22/06/2026 19:05,16.125,0.001,7.82
22/06/2026 18:35,16,0.001,7.81
22/06/2026 18:05,16,0.001,7.81
22/06/2026 17:35,16,0.001,7.81
22/06/2026 17:05,16.125,0.001,7.82
22/06/2026 16:35,16.125,0.001,7.82
22/06/2026 16:05,16.125,0.001,7.83
22/06/2026 15:35,16.25,0.001,7.84
22/06/2026 15:05,16.125,0.001,7.86
22/06/2026 14:35,16.125,0.001,7.88
22/06/2026 14:05,16.125,0.001,7.89
22/06/2026 13:35,16.125,0.001,7.9
22/06/2026 13:05,16.25,0.001,7.92
22/06/2026 12:35,16.25,0.001,7.92
22/06/2026 12:05,16.25,0.001,7.93
22/06/2026 11:35,16.125,0.001,7.93
22/06/2026 11:05,16.125,0.001,7.93
22/06/2026 10:35,16.375,0.001,7.93
22/06/2026 10:05,16.125,0.001,7.93
22/06/2026 09:35,16.25,0.001,7.93
22/06/2026 09:05,16.125,0.001,7.93
22/06/2026 08:35,16,0.001,7.93
22/06/2026 08:05,16.125,0.001,7.93
22/06/2026 07:35,16.125,0.001,7.93
22/06/2026 07:05,16.125,0.001,7.93
22/06/2026 06:35,16.125,0.001,7.93
22/06/2026 06:05,16.125,0.001,7.93
22/06/2026 05:35,16,0.001,7.93
22/06/2026 05:05,16.125,0.001,7.93
22/06/2026 05:05,16.125,0.001,7.93
22/06/2026 04:35,16.125,0.001,7.93
22/06/2026 04:05,16,0.001,7.93
22/06/2026 03:35,16,0.001,7.93
22/06/2026 03:05,16.125,0.001,7.93
22/06/2026 02:35,16,0.001,7.93
22/06/2026 02:05,16,0.001,7.93
22/06/2026 01:35,16,0.001,7.93
22/06/2026 01:05,16,0.001,7.93
22/06/2026 00:35,16.125,0.001,7.93
22/06/2026 00:05,16.125,0.001,7.93
21/06/2026 23:35,16.125,0.001,7.93
21/06/2026 23:05,16.125,0.001,7.92
21/06/2026 22:35,16.125,0.001,7.93
21/06/2026 22:05,16,0.001,7.93
21/06/2026 21:35,16,0.001,7.93
21/06/2026 21:05,16.125,0.001,7.92
21/06/2026 20:35,16.125,0.001,7.93
21/06/2026 20:05,16.125,0.001,7.93
21/06/2026 19:35,16.125,0.001,7.93
21/06/2026 19:05,16,0.001,7.93
21/06/2026 18:35,16,0.001,7.93
21/06/2026 18:05,16,0.001,7.93
21/06/2026 17:35,16,0.001,7.93
21/06/2026 17:05,16,0.001,7.93
21/06/2026 16:35,16.125,0.001,7.93
21/06/2026 16:35,16.125,0.001,7.93
21/06/2026 16:05,16.125,0.001,7.93
21/06/2026 15:35,16.125,0.001,7.93
21/06/2026 15:05,16.125,0.001,7.93
21/06/2026 14:35,16.125,0.001,7.93
21/06/2026 14:05,16.25,0.001,7.93
21/06/2026 13:35,16.25,0.001,7.93
21/06/2026 13:05,16.25,0.001,7.93
21/06/2026 12:35,16.25,0.001,7.93
21/06/2026 12:05,16.25,0.001,7.93
21/06/2026 11:35,16.25,0.001,7.93
21/06/2026 11:05,16.25,0.001,7.93
21/06/2026 10:35,16.25,0.001,7.93
21/06/2026 10:05,16.25,0.001,7.93
21/06/2026 09:35,16.125,0.001,7.93
21/06/2026 09:05,16.125,0.001,7.93
21/06/2026 08:35,16.125,0.001,7.93
21/06/2026 08:05,16,0.001,7.93
21/06/2026 07:35,16.125,0.001,7.93
21/06/2026 07:05,16.125,0.001,7.93
21/06/2026 06:35,16.125,0.001,7.93
21/06/2026 06:05,16.25,0.001,7.93
21/06/2026 05:35,16.125,0.001,7.93
21/06/2026 05:05,16,0.001,7.93
21/06/2026 04:35,16.125,0.001,7.93
21/06/2026 04:05,16.125,0.001,7.93
21/06/2026 03:35,16.125,0.001,7.93
21/06/2026 03:05,16.125,0.001,7.93
21/06/2026 02:35,16,0.001,7.93
21/06/2026 02:05,16.125,0.001,7.93
21/06/2026 01:35,16.25,0.001,7.93
21/06/2026 01:05,16.25,0.001,7.93
21/06/2026 00:35,16.125,0.001,7.93
21/06/2026 00:05,16,0.001,7.93
20/06/2026 23:35,16.125,0.001,7.93
20/06/2026 23:05,16.25,0.001,7.93
20/06/2026 22:35,16.125,0.001,7.93
20/06/2026 22:05,16.125,0.001,7.93
20/06/2026 21:35,16.125,0.001,7.93
20/06/2026 21:35,16.125,0.001,7.93
20/06/2026 21:05,16,0.001,7.93
20/06/2026 20:35,16.25,0.001,7.93
20/06/2026 20:05,16.25,0.001,7.93
20/06/2026 19:35,16.125,0.001,7.93
20/06/2026 19:05,16.125,0.001,7.93
20/06/2026 18:35,16.125,0.001,7.93
20/06/2026 18:05,16.375,0.001,7.93
20/06/2026 17:35,16.25,0.001,7.93
20/06/2026 17:05,16.125,0.001,7.93
20/06/2026 16:35,16,0.001,7.93
20/06/2026 16:05,16.125,0.001,7.93
20/06/2026 16:05,16.125,0.001,7.93
20/06/2026 15:35,16.25,0.001,7.93
20/06/2026 15:05,16.375,0.001,7.93
20/06/2026 15:05,16.375,0.001,7.93
20/06/2026 14:35,16.25,0.001,7.93
20/06/2026 14:05,16.25,0.001,7.93
20/06/2026 13:35,16.125,0.001,7.93
20/06/2026 13:05,16.25,0.001,7.92
20/06/2026 12:35,16,0.001,7.93
20/06/2026 12:05,16.125,0.001,7.93
20/06/2026 11:35,16,0.001,7.93
20/06/2026 11:05,16,0.001,7.93
20/06/2026 10:35,16.125,0.001,7.93
20/06/2026 10:05,16.125,0.001,7.93
20/06/2026 09:35,16,0.001,7.93
20/06/2026 09:05,16.125,0.001,7.93
20/06/2026 08:35,16,0.001,7.93
20/06/2026 08:05,16.125,0.001,7.93
20/06/2026 07:35,16,0.001,7.93
20/06/2026 07:05,16,0.001,7.93
20/06/2026 06:35,16.125,0.001,7.93
20/06/2026 06:05,16.125,0.001,7.93
20/06/2026 05:35,16,0.001,7.93
20/06/2026 05:05,15.875,0.001,7.94
20/06/2026 04:35,16,0.001,7.94
20/06/2026 04:05,16,0.001,7.94
20/06/2026 03:35,16,0.001,7.94
20/06/2026 03:05,16,0.001,7.94
20/06/2026 02:35,16,0.001,7.94
20/06/2026 02:05,16,0.001,7.94
20/06/2026 01:35,16,0.001,7.94
20/06/2026 01:05,16,0.001,7.94
20/06/2026 01:05,16,0.001,7.94
20/06/2026 00:35,16,0.001,7.93
20/06/2026 00:05,16,0.001,7.93
19/06/2026 23:35,16.125,0.001,7.94
19/06/2026 23:05,16,0.001,7.94
19/06/2026 23:05,16,0.001,7.94
19/06/2026 22:35,15.875,0.001,7.94
19/06/2026 22:05,16,0.001,7.94
19/06/2026 21:35,16,0.001,7.94
19/06/2026 21:05,16,0.001,7.94
19/06/2026 21:05,16,0.001,7.94
19/06/2026 20:35,16,0.001,7.93
19/06/2026 20:05,16,0.001,7.93
19/06/2026 20:05,16,0.001,7.93
19/06/2026 19:35,16,0.001,7.93
19/06/2026 19:05,16,0.001,7.93
19/06/2026 19:05,16,0.001,7.93
19/06/2026 18:35,16,0.001,7.93
19/06/2026 18:05,16,0.001,7.93
19/06/2026 17:35,16,0.001,7.93
19/06/2026 17:05,16,0.001,7.93
19/06/2026 16:35,15.875,0.001,7.93
19/06/2026 16:05,16,0.001,7.93
19/06/2026 15:35,16,0.001,7.93
19/06/2026 15:05,16,0.001,7.93
19/06/2026 14:35,15.875,0.001,7.93
19/06/2026 14:05,16,0.001,7.93
19/06/2026 13:35,16,0.001,7.93
19/06/2026 13:05,16.25,0.001,7.93
19/06/2026 12:35,16.125,0.001,7.93
19/06/2026 12:05,16.125,0.001,7.93
19/06/2026 11:35,16,0.001,7.93
19/06/2026 11:05,16,0.001,7.93
19/06/2026 10:35,16,0.001,7.93
19/06/2026 10:05,16,0.001,7.93
19/06/2026 09:35,16,0.001,7.93
19/06/2026 09:05,16,0.001,7.93
19/06/2026 08:35,15.875,0.001,7.93
19/06/2026 08:05,15.875,0.001,7.93
19/06/2026 07:35,16,0.001,7.92
19/06/2026 07:05,16,0.001,7.92
19/06/2026 06:35,15.875,0.001,7.92
19/06/2026 06:05,15.875,0.001,7.92
19/06/2026 05:35,16.125,0.001,7.92
19/06/2026 05:05,15.875,0.001,7.92
19/06/2026 04:35,16,0.001,7.92
19/06/2026 04:05,15.875,0.001,7.92
19/06/2026 03:35,16,0.001,7.92
19/06/2026 03:05,15.75,0.001,7.91
19/06/2026 02:35,15.875,0.001,7.91
19/06/2026 02:05,15.875,0.001,7.92
19/06/2026 01:35,16,0.001,7.91
19/06/2026 01:05,15.875,0.001,7.91
19/06/2026 00:35,15.875,0.001,7.91
19/06/2026 00:05,15.875,0.001,7.91
18/06/2026 23:35,15.875,0.001,7.91
18/06/2026 23:05,16,0.001,7.9
18/06/2026 22:35,16,0.001,7.9
18/06/2026 22:05,15.875,0.001,7.9
18/06/2026 21:35,15.875,0.001,7.9
18/06/2026 21:05,15.875,0.001,7.9
18/06/2026 20:35,16,0.001,7.9
18/06/2026 20:05,15.875,0.001,7.89
18/06/2026 19:35,15.875,0.001,7.89
18/06/2026 19:05,15.875,0.001,7.89
18/06/2026 18:35,16,0.001,7.89
18/06/2026 18:05,15.75,0.001,7.89
18/06/2026 17:35,15.875,0.001,7.89
18/06/2026 17:05,15.75,0.001,7.88
18/06/2026 16:35,15.875,0.001,7.88
18/06/2026 16:05,16,0.001,7.88
18/06/2026 15:35,16,0.001,7.89
18/06/2026 15:05,16,0.001,7.89
18/06/2026 14:35,16.125,0.001,7.89
18/06/2026 14:05,16,0.001,7.89
18/06/2026 13:35,16.125,0.001,7.9
18/06/2026 13:35,16.125,0.001,7.9
18/06/2026 13:05,16.125,0.001,7.9
18/06/2026 12:35,16.125,0.001,7.91
18/06/2026 12:05,16.125,0.001,7.93
18/06/2026 11:35,16.125,0.001,7.94
18/06/2026 11:05,16,0.001,7.95
18/06/2026 10:35,16.125,0.001,7.96
18/06/2026 10:09,17.375,0.001,7.96
16/06/2026 14:58,17.375,0.001,7.96
16/06/2026 14:57,17.25,0.001,7.96
16/06/2026 14:57,17.25,0.001,7.96
16/06/2026 14:56,17.125,0.001,7.96
16/06/2026 14:56,17.125,0.001,7.96
16/06/2026 14:56,17.375,0.001,7.96
16/06/2026 14:55,17.25,0.001,7.96
16/06/2026 14:55,17,0.001,7.96
16/06/2026 14:55,17,0.001,7.96
16/06/2026 14:54,17.125,0.001,7.96
16/06/2026 14:54,17.25,0.001,7.96
16/06/2026 14:53,17.25,0.001,7.96
16/06/2026 14:53,17.125,0.001,7.96
16/06/2026 14:53,17.25,0.001,7.96
16/06/2026 14:52,17.125,0.001,7.96
16/06/2026 14:52,17,0.001,7.96
16/06/2026 14:51,17.125,0.001,7.96
16/06/2026 14:51,17.125,0.001,7.96
16/06/2026 14:51,17,0.001,7.96
16/06/2026 14:51,17.25,0.001,7.96
16/06/2026 14:50,17.125,0.001,7.96
16/06/2026 14:50,17.25,0.001,7.96
16/06/2026 14:50,17.25,0.001,7.96
16/06/2026 14:50,17.125,0.001,7.96
16/06/2026 14:49,17.25,0.001,7.96
16/06/2026 14:49,17.25,0.001,7.96
16/06/2026 14:49,17.25,0.001,7.96
16/06/2026 14:47,17.125,0.001,7.96
16/06/2026 14:46,17.125,0.001,7.96
16/06/2026 14:46,17.125,0.001,7.96
16/06/2026 14:46,17.125,0.001,7.96
16/06/2026 14:45,17.125,0.001,7.96
16/06/2026 14:45,17.125,0.001,7.96
16/06/2026 14:45,17.125,0.001,7.96
16/06/2026 14:45,17.25,0.001,7.96
16/06/2026 14:44,17.25,0.001,7.96
16/06/2026 14:44,17.125,0.001,7.96
16/06/2026 14:44,17.25,0.001,7.96
16/06/2026 14:44,17.25,0.001,7.96
16/06/2026 14:43,17.25,0.001,7.96
16/06/2026 14:43,17.25,0.001,7.96
16/06/2026 14:43,17.375,0.001,7.96
16/06/2026 14:42,17.125,0.001,7.96
16/06/2026 14:41,17.25,0.001,7.96
16/06/2026 14:41,17.25,0.001,7.96
16/06/2026 14:40,17.375,0.001,7.96
16/06/2026 14:40,17.25,0.001,7.96
16/06/2026 14:40,17.375,0.001,7.96
16/06/2026 14:40,17.25,0.001,7.96
16/06/2026 14:37,17.375,0.001,7.96
16/06/2026 14:37,17.375,0.001,7.96
16/06/2026 14:35,17.375,0.001,7.96
16/06/2026 14:34,17.375,0.001,7.96
16/06/2026 14:33,17.25,0.001,7.96
16/06/2026 14:32,17.125,0.001,7.96
16/06/2026 14:31,17.125,0.001,7.96
16/06/2026 14:31,17.125,0.001,7.96
16/06/2026 14:31,17.25,0.001,7.96
16/06/2026 14:31,17.25,0.001,7.96
16/06/2026 14:30,17.125,0.001,7.96
16/06/2026 14:30,17.25,0.001,7.96
16/06/2026 14:30,17.25,0.001,7.96
16/06/2026 14:29,17.25,0.001,7.96
16/06/2026 14:29,17.25,0.001,7.96
16/06/2026 14:29,17.25,0.001,7.96
16/06/2026 14:28,17.375,0.001,7.96
16/06/2026 14:28,17.375,0.001,7.96
16/06/2026 14:25,17.375,0.001,7.96
16/06/2026 14:21,17.25,0.001,7.96
16/06/2026 14:20,17.125,0.001,7.96
16/06/2026 14:19,17,0.001,7.96
16/06/2026 14:18,17,0.001,7.96
16/06/2026 14:18,17.125,0.001,7.96
16/06/2026 14:17,17,0.001,7.96
16/06/2026 14:17,17,0.001,7.96
16/06/2026 14:17,17,0.001,7.96
16/06/2026 14:17,17.125,0.001,7.96
16/06/2026 14:16,17.125,0.001,7.96
16/06/2026 14:16,17,0.001,7.96
16/06/2026 14:16,17,0.001,7.96
16/06/2026 14:16,17,0.001,7.96
16/06/2026 14:15,17,0.001,7.96
16/06/2026 14:15,17,0.001,7.96
16/06/2026 14:15,17.125,0.001,7.96
16/06/2026 14:15,17,0.001,7.96
16/06/2026 14:15,17,0.001,7.96
16/06/2026 14:14,17,0.001,7.96
16/06/2026 14:14,17,0.001,7.96
16/06/2026 14:14,17,0.001,7.96
16/06/2026 14:14,17,0.001,7.96
16/06/2026 14:13,17,0.001,7.96
16/06/2026 14:13,16.875,0.001,7.96
16/06/2026 14:13,17.125,0.001,7.96
16/06/2026 14:13,16.875,0.001,7.96
16/06/2026 14:12,16.875,0.001,7.96
16/06/2026 14:12,17,0.001,7.96
16/06/2026 14:12,17,0.001,7.96
16/06/2026 14:12,17,0.001,7.96
16/06/2026 14:12,17,0.001,7.96
16/06/2026 14:11,16.875,0.001,7.96
16/06/2026 14:11,16.875,0.001,7.96
16/06/2026 14:11,17,0.001,7.96
16/06/2026 14:11,17,0.001,7.96
16/06/2026 14:11,16.875,0.001,7.96
16/06/2026 14:10,16.875,0.001,7.96
16/06/2026 14:10,16.875,0.001,7.96
16/06/2026 14:10,17,0.001,7.96
16/06/2026 14:10,17,0.001,7.96
16/06/2026 14:10,17,0.001,7.96
16/06/2026 14:09,17,0.001,7.96
16/06/2026 14:09,17,0.001,7.96
16/06/2026 14:09,17,0.001,7.96
16/06/2026 14:09,17,0.001,7.96
16/06/2026 14:09,17,0.001,7.96
16/06/2026 14:08,17,0.001,7.96
16/06/2026 14:08,16.875,0.001,7.96
16/06/2026 14:08,16.875,0.001,7.96
16/06/2026 14:08,16.875,0.001,7.96
16/06/2026 14:08,16.875,0.001,7.96
16/06/2026 14:07,16.875,0.001,7.96
16/06/2026 14:07,16.875,0.001,7.96
16/06/2026 14:07,16.875,0.001,7.96
16/06/2026 14:07,17,0.001,7.96
16/06/2026 14:07,16.875,0.001,7.96
16/06/2026 14:06,16.875,0.001,7.96
16/06/2026 14:06,16.875,0.001,7.96
16/06/2026 14:06,16.875,0.001,7.96
16/06/2026 14:06,16.875,0.001,7.96
16/06/2026 14:06,17,0.001,7.96
16/06/2026 14:06,16.875,0.001,7.96
16/06/2026 14:05,16.875,0.001,7.96
16/06/2026 14:05,17,0.001,7.96
16/06/2026 14:05,16.875,0.001,7.96
16/06/2026 14:05,17,0.001,7.96
16/06/2026 14:05,16.875,0.001,7.96
16/06/2026 14:04,16.875,0.001,7.96
16/06/2026 14:04,17,0.001,7.96
16/06/2026 14:04,16.875,0.001,7.96
16/06/2026 14:04,16.875,0.001,7.96
16/06/2026 14:04,16.875,0.001,7.96
16/06/2026 14:04,16.875,0.001,7.96
16/06/2026 14:03,16.875,0.001,7.96
16/06/2026 14:03,16.875,0.001,7.96
16/06/2026 14:03,16.875,0.001,7.96
16/06/2026 14:03,16.875,0.001,7.96
16/06/2026 14:03,16.75,0.001,7.96
16/06/2026 14:02,16.75,0.001,7.96
16/06/2026 14:02,16.75,0.001,7.96
16/06/2026 14:02,16.875,0.001,7.96
16/06/2026 14:02,16.75,0.001,7.96
16/06/2026 14:02,16.75,0.001,7.96
16/06/2026 14:02,16.75,0.001,7.96
16/06/2026 14:02,16.75,0.001,7.96
16/06/2026 14:01,16.75,0.001,7.96
16/06/2026 14:01,16.75,0.001,7.96
16/06/2026 14:01,16.875,0.001,7.96
16/06/2026 14:01,16.75,0.001,7.96
16/06/2026 14:01,16.875,0.001,7.96
16/06/2026 14:01,16.75,0.001,7.96
16/06/2026 14:01,16.75,0.001,7.96
16/06/2026 14:00,16.75,0.001,7.96
16/06/2026 14:00,16.875,0.001,7.96
16/06/2026 14:00,16.875,0.001,7.96
16/06/2026 14:00,16.875,0.001,7.96
16/06/2026 14:00,16.875,0.001,7.96
16/06/2026 14:00,16.875,0.001,7.96
16/06/2026 14:00,16.875,0.001,7.96
16/06/2026 13:59,16.75,0.001,7.96
16/06/2026 13:59,16.875,0.001,7.96
16/06/2026 13:59,16.875,0.001,7.96
16/06/2026 13:59,16.875,0.001,7.96
16/06/2026 13:59,16.875,0.001,7.96
16/06/2026 13:59,16.875,0.001,7.96
16/06/2026 13:59,16.875,0.001,7.96
16/06/2026 13:58,16.875,0.001,7.96
16/06/2026 13:58,16.875,0.001,7.96
16/06/2026 13:58,16.875,0.001,7.96
16/06/2026 13:58,16.875,0.001,7.96
16/06/2026 13:58,16.875,0.001,7.96
16/06/2026 13:58,17,0.001,7.96
16/06/2026 13:57,16.875,0.001,7.96
16/06/2026 13:57,16.875,0.001,7.96
16/06/2026 13:57,16.875,0.001,7.96
16/06/2026 13:57,17,0.001,7.96
16/06/2026 13:57,16.75,0.001,7.96
16/06/2026 13:56,17,0.001,7.96
16/06/2026 13:56,16.875,0.001,7.96
16/06/2026 13:56,16.875,0.001,7.96
16/06/2026 13:56,16.875,0.001,7.96
16/06/2026 13:56,16.875,0.001,7.96
16/06/2026 13:56,16.875,0.001,7.96
16/06/2026 13:55,16.875,0.001,7.96
16/06/2026 13:55,16.875,0.001,7.96
16/06/2026 13:55,16.75,0.001,7.96
16/06/2026 13:55,16.875,0.001,7.96
16/06/2026 13:55,16.875,0.001,7.96
16/06/2026 13:55,16.875,0.001,7.96
16/06/2026 13:54,16.875,0.001,7.96
16/06/2026 13:54,17,0.001,7.96
16/06/2026 13:54,16.875,0.001,7.96
16/06/2026 13:54,16.875,0.001,7.96
16/06/2026 13:54,16.875,0.001,7.96
16/06/2026 13:54,16.875,0.001,7.96
16/06/2026 13:53,16.875,0.001,7.96
16/06/2026 13:53,16.875,0.001,7.96
16/06/2026 13:53,16.875,0.001,7.96
16/06/2026 13:53,16.875,0.001,7.96
16/06/2026 13:53,16.875,0.001,7.96
16/06/2026 13:53,16.75,0.001,7.96
16/06/2026 13:52,16.75,0.001,7.96
16/06/2026 13:52,16.75,0.001,7.96
16/06/2026 13:52,16.75,0.001,7.96
16/06/2026 13:52,16.75,0.001,7.96
16/06/2026 13:52,16.875,0.001,7.96
16/06/2026 13:51,16.75,0.001,7.96
16/06/2026 13:51,16.75,0.001,7.96
16/06/2026 13:51,16.75,0.001,7.96
16/06/2026 13:51,16.75,0.001,7.96
16/06/2026 13:51,17.625,0.001,7.96
16/06/2026 13:51,17.625,0.001,7.96
16/06/2026 13:50,16.75,0.001,7.96
16/06/2026 13:50,16.75,0.001,7.96
16/06/2026 13:50,16.625,0.001,7.96
16/06/2026 13:50,16.75,0.001,7.96
16/06/2026 13:50,16.75,0.001,7.96
16/06/2026 13:50,16.875,0.001,7.96
16/06/2026 13:50,15.875,0.001,7.96
16/06/2026 13:50,16.875,0.001,7.96
16/06/2026 13:49,17.625,0.001,7.96
16/06/2026 13:49,15.75,0.001,7.96
16/06/2026 13:49,16.875,0.001,7.96
16/06/2026 13:49,16.75,0.001,7.96
16/06/2026 13:49,17.625,0.001,7.96
16/06/2026 13:49,16.75,0.001,7.96
16/06/2026 13:49,15.75,0.001,7.96
16/06/2026 13:48,15.75,0.001,7.96
16/06/2026 13:48,17.625,0.001,7.96
16/06/2026 13:48,15.75,0.001,7.96
16/06/2026 13:48,16.875,0.001,7.96
16/06/2026 13:48,15.75,0.001,7.96
16/06/2026 13:48,16.75,0.001,7.96
16/06/2026 13:48,15.75,0.001,7.96
16/06/2026 13:47,16.875,0.001,7.96
16/06/2026 13:47,15.75,0.001,7.96
16/06/2026 13:47,17.625,0.001,7.96
16/06/2026 13:47,17.625,0.001,7.96
16/06/2026 13:47,17.625,0.001,7.96
16/06/2026 13:47,15.75,0.001,7.96
16/06/2026 13:47,15.75,0.001,7.96
16/06/2026 13:47,16.875,0.001,7.96
16/06/2026 13:46,17.625,0.001,7.96
16/06/2026 13:46,15.75,0.001,7.96
16/06/2026 13:46,16.75,0.001,7.96
16/06/2026 13:46,16.75,0.001,7.96
16/06/2026 13:46,16.75,0.001,7.96
16/06/2026 13:46,15.75,0.001,7.96
16/06/2026 13:46,16.75,0.001,7.96
16/06/2026 13:46,16.75,0.001,7.96
16/06/2026 13:45,16.75,0.001,7.96
16/06/2026 13:45,17.625,0.001,7.96
16/06/2026 13:45,17.625,0.001,7.96
16/06/2026 13:45,17.625,0.001,7.96
16/06/2026 13:45,15.75,0.001,7.96
16/06/2026 13:45,16.625,0.001,7.96
16/06/2026 13:45,16.75,0.001,7.96
16/06/2026 13:45,16.75,0.001,7.96
16/06/2026 13:45,16.625,0.001,7.96
16/06/2026 13:45,16.625,0.001,7.96
16/06/2026 13:44,16.75,0.001,7.96
16/06/2026 13:44,15.75,0.001,7.96
16/06/2026 13:44,16.75,0.001,7.96
16/06/2026 13:44,15.75,0.001,7.96
16/06/2026 13:44,16.75,0.001,7.96
16/06/2026 13:44,15.75,0.001,7.96
16/06/2026 13:44,16.75,0.001,7.96
16/06/2026 13:43,16.75,0.001,7.96
16/06/2026 13:43,17.5,0.001,7.96
16/06/2026 13:43,17.625,0.001,7.96
16/06/2026 13:43,16.625,0.001,7.96
16/06/2026 13:43,16.75,0.001,7.96
16/06/2026 13:43,17.625,0.001,7.96
16/06/2026 13:43,16.75,0.001,7.96
16/06/2026 13:43,16.75,0.001,7.96
16/06/2026 13:42,16.875,0.001,7.96
16/06/2026 13:42,17.625,0.001,7.96
16/06/2026 13:42,17.625,0.001,7.96
16/06/2026 13:42,17.625,0.001,7.96
16/06/2026 13:42,16.75,0.001,7.96
16/06/2026 13:42,17.625,0.001,7.96
16/06/2026 13:42,16.75,0.001,7.96
16/06/2026 13:42,16.875,0.001,7.96
16/06/2026 13:41,16.75,0.001,7.96
16/06/2026 13:41,15.75,0.001,7.96
16/06/2026 13:41,16.75,0.001,7.96
16/06/2026 13:41,17.625,0.001,7.96
16/06/2026 13:41,16.875,0.001,7.96
16/06/2026 13:41,17.625,0.001,7.96
16/06/2026 13:41,17.625,0.001,7.96
16/06/2026 13:41,16.75,0.001,7.96
16/06/2026 13:40,16.75,0.001,7.96
16/06/2026 13:40,16.75,0.001,7.96
16/06/2026 13:40,16.75,0.001,7.96
16/06/2026 13:40,15.75,0.001,7.96
16/06/2026 13:40,15.875,0.001,7.96
16/06/2026 13:40,16.75,0.001,7.96
16/06/2026 13:40,15.875,0.001,7.96
16/06/2026 13:40,16.75,0.001,7.96
16/06/2026 13:39,16.625,0.001,7.96
16/06/2026 13:39,15.75,0.001,7.96
16/06/2026 13:39,17.625,0.001,7.96
16/06/2026 13:39,17.625,0.001,7.96
16/06/2026 13:39,16.75,0.001,7.96
16/06/2026 13:39,15.875,0.001,7.96
16/06/2026 13:39,17.625,0.001,7.96
16/06/2026 13:38,16.75,0.001,7.96
16/06/2026 13:38,16.625,0.001,7.96
16/06/2026 13:38,16.75,0.001,7.96
16/06/2026 13:38,16.875,0.001,7.96
16/06/2026 13:38,15.875,0.001,7.96
16/06/2026 13:38,16.75,0.001,7.96
16/06/2026 13:38,16.75,0.001,7.96
16/06/2026 13:38,15.75,0.001,7.96
16/06/2026 13:37,16.75,0.001,7.96
16/06/2026 13:37,16.625,0.001,7.96
16/06/2026 13:37,15.75,0.001,7.96
16/06/2026 13:37,16.75,0.001,7.96
16/06/2026 13:37,16.875,0.001,7.96
16/06/2026 13:37,15.75,0.001,7.96
16/06/2026 13:37,17.625,0.001,7.96
16/06/2026 13:36,16.625,0.001,7.96
16/06/2026 13:36,15.75,0.001,7.96
16/06/2026 13:36,16.625,0.001,7.96
16/06/2026 13:36,15.75,0.001,7.96
16/06/2026 13:36,15.75,0.001,7.96
16/06/2026 13:36,15.75,0.001,7.96
16/06/2026 13:36,16.625,0.001,7.96
16/06/2026 13:36,16.75,0.001,7.96
16/06/2026 13:35,17.625,0.001,7.96
16/06/2026 13:35,17.625,0.001,7.96
16/06/2026 13:35,16.875,0.001,7.96
16/06/2026 13:35,16.625,0.001,7.96
16/06/2026 13:35,15.75,0.001,7.96
16/06/2026 13:35,16.875,0.001,7.96
16/06/2026 13:35,15.75,0.001,7.96
16/06/2026 13:34,17.625,0.001,7.96
16/06/2026 13:34,15.75,0.001,7.96
16/06/2026 13:34,16.75,0.001,7.96
16/06/2026 13:34,16.625,0.001,7.96
16/06/2026 13:34,15.75,0.001,7.96
16/06/2026 13:34,17.625,0.001,7.96
16/06/2026 13:34,16.625,0.001,7.96
16/06/2026 13:34,16.75,0.001,7.96
16/06/2026 13:33,17.625,0.001,7.96
16/06/2026 13:33,16.875,0.001,7.96
16/06/2026 13:33,16.75,0.001,7.96
16/06/2026 13:33,15.75,0.001,7.96
16/06/2026 13:33,16.625,0.001,7.96
16/06/2026 13:33,16.75,0.001,7.96
16/06/2026 13:33,16.625,0.001,7.96
16/06/2026 13:32,16.75,0.001,7.96
16/06/2026 13:32,16.75,0.001,7.96
16/06/2026 13:32,16.75,0.001,7.96
16/06/2026 13:32,16.75,0.001,7.96
16/06/2026 13:32,15.75,0.001,7.96
16/06/2026 13:32,15.75,0.001,7.96
16/06/2026 13:32,16.75,0.001,7.96
16/06/2026 13:32,16.75,0.001,7.96
16/06/2026 13:31,16.875,0.001,7.96
16/06/2026 13:31,15.75,0.001,7.96
16/06/2026 13:31,16.75,0.001,7.96
16/06/2026 13:31,16.875,0.001,7.96
16/06/2026 13:31,17.625,0.001,7.96
16/06/2026 13:31,16.75,0.001,7.96
16/06/2026 13:31,15.875,0.001,7.96
16/06/2026 13:31,15.75,0.001,7.96
16/06/2026 13:30,16.75,0.001,7.96
16/06/2026 13:30,16.875,0.001,7.96
16/06/2026 13:30,16.625,0.001,7.96
16/06/2026 13:30,15.875,0.001,7.96
16/06/2026 13:30,16.75,0.001,7.96
16/06/2026 13:30,16.75,0.001,7.96
16/06/2026 13:30,16.75,0.001,7.96
16/06/2026 13:30,15.75,0.001,7.96
16/06/2026 13:29,17.625,0.001,7.96
16/06/2026 13:29,17.625,0.001,7.96
16/06/2026 13:29,16.75,0.001,7.96
16/06/2026 13:29,17.625,0.001,7.96
16/06/2026 13:29,15.75,0.001,7.96
16/06/2026 13:29,15.75,0.001,7.96
16/06/2026 13:29,16.875,0.001,7.96
16/06/2026 13:28,17.625,0.001,7.96
16/06/2026 13:28,15.75,0.001,7.96
16/06/2026 13:28,17.625,0.001,7.96
16/06/2026 13:28,15.75,0.001,7.96
16/06/2026 13:28,16.75,0.001,7.96
16/06/2026 13:28,16.875,0.001,7.96
16/06/2026 13:28,15.75,0.001,7.96
16/06/2026 13:27,17.625,0.001,7.96
16/06/2026 13:27,17.625,0.001,7.96
16/06/2026 13:27,17.625,0.001,7.96
16/06/2026 13:27,16.75,0.001,7.96
16/06/2026 13:27,17.625,0.001,7.96
16/06/2026 13:27,16.75,0.001,7.96
16/06/2026 13:27,16.625,0.001,7.96
16/06/2026 13:27,16.75,0.001,7.96
16/06/2026 13:26,16.625,0.001,7.96
16/06/2026 13:26,17.625,0.001,7.96
16/06/2026 13:26,16.625,0.001,7.96
16/06/2026 13:26,17.625,0.001,7.96
16/06/2026 13:26,15.75,0.001,7.96
16/06/2026 13:26,17.625,0.001,7.96
16/06/2026 13:26,16.625,0.001,7.96
16/06/2026 13:25,17.625,0.001,7.96
16/06/2026 13:25,16.75,0.001,7.96
16/06/2026 13:25,17.625,0.001,7.96
16/06/2026 13:25,16.75,0.001,7.96
16/06/2026 13:25,17.625,0.001,7.96
16/06/2026 13:25,16.75,0.001,7.96
16/06/2026 13:25,16.75,0.001,7.96
16/06/2026 13:25,16.75,0.001,7.96
16/06/2026 13:24,16.75,0.001,7.96
16/06/2026 13:24,15.75,0.001,7.96
16/06/2026 13:24,16.875,0.001,7.96
16/06/2026 13:24,16.875,0.001,7.96
16/06/2026 13:24,16.875,0.001,7.96
16/06/2026 13:24,16.75,0.001,7.96
16/06/2026 13:24,16.75,0.001,7.96
16/06/2026 13:23,15.75,0.001,7.96
16/06/2026 13:23,15.875,0.001,7.96
16/06/2026 13:23,17.625,0.001,7.96
16/06/2026 13:23,16.75,0.001,7.96
16/06/2026 13:23,16.75,0.001,7.96
16/06/2026 13:23,16.875,0.001,7.96
16/06/2026 13:22,17.625,0.001,7.96
16/06/2026 13:22,16.875,0.001,7.96
16/06/2026 13:22,16.75,0.001,7.96
16/06/2026 13:22,16.75,0.001,7.96
16/06/2026 13:22,16.875,0.001,7.96
16/06/2026 13:22,16.625,0.001,7.96
16/06/2026 13:22,15.875,0.001,7.96
16/06/2026 13:21,16.625,0.001,7.96
16/06/2026 13:21,16.875,0.001,7.96
16/06/2026 13:21,17.625,0.001,7.96
16/06/2026 13:21,17.625,0.001,7.96
16/06/2026 13:21,15.75,0.001,7.96
16/06/2026 13:21,16.75,0.001,7.96
16/06/2026 13:21,16.875,0.001,7.96
16/06/2026 13:21,17.625,0.001,7.96
16/06/2026 13:20,16.875,0.001,7.96
16/06/2026 13:20,16.75,0.001,7.96
16/06/2026 13:20,16.75,0.001,7.96
16/06/2026 13:20,16.75,0.001,7.96
16/06/2026 13:20,16.75,0.001,7.96
16/06/2026 13:20,15.75,0.001,7.96
16/06/2026 13:20,16.75,0.001,7.96
16/06/2026 13:19,16.75,0.001,7.96
16/06/2026 13:19,17.625,0.001,7.96
16/06/2026 13:19,16.75,0.001,7.96
16/06/2026 13:19,16.75,0.001,7.96
16/06/2026 13:19,16.875,0.001,7.96
16/06/2026 13:19,16.75,0.001,7.96
16/06/2026 13:19,17.625,0.001,7.96
16/06/2026 13:19,17.625,0.001,7.96
16/06/2026 13:18,17.625,0.001,7.96
16/06/2026 13:18,16.75,0.001,7.96
16/06/2026 13:18,17.625,0.001,7.96
16/06/2026 13:18,16.75,0.001,7.96
16/06/2026 13:18,16.75,0.001,7.96
16/06/2026 13:18,16.75,0.001,7.96
16/06/2026 13:18,16.75,0.001,7.96
16/06/2026 13:17,16.75,0.001,7.96
16/06/2026 13:17,16.75,0.001,7.96
16/06/2026 13:17,15.75,0.001,7.96
16/06/2026 13:17,15.75,0.001,7.95
16/06/2026 13:17,15.75,0.001,7.96
16/06/2026 13:17,17.625,0.001,7.96
16/06/2026 13:16,16.625,0.001,7.96
16/06/2026 13:16,16.75,0.001,7.96
16/06/2026 13:16,16.75,0.001,7.96
16/06/2026 13:16,16.75,0.001,7.96
16/06/2026 13:16,16.75,0.001,7.96
16/06/2026 13:16,16.75,0.001,7.96
16/06/2026 13:16,16.75,0.001,7.96
16/06/2026 13:16,16.75,0.001,7.96
16/06/2026 13:15,16.75,0.001,7.96
16/06/2026 13:15,16.625,0.001,7.96
16/06/2026 13:15,16.75,0.001,7.96
16/06/2026 13:15,16.75,0.001,7.96
16/06/2026 13:15,16.625,0.001,7.96
16/06/2026 13:15,15.75,0.001,7.96
16/06/2026 13:15,15.75,0.001,7.96
16/06/2026 13:15,17.625,0.001,7.96
16/06/2026 13:14,15.75,0.001,7.96
16/06/2026 13:14,16.75,0.001,7.96
16/06/2026 13:14,16.75,0.001,7.96
16/06/2026 13:14,17.625,0.001,7.96
16/06/2026 13:14,15.75,0.001,7.96
16/06/2026 13:14,16.75,0.001,7.96
16/06/2026 13:14,16.625,0.001,7.96
16/06/2026 13:14,15.75,0.001,7.96
16/06/2026 13:13,16.625,0.001,7.96
16/06/2026 13:13,16.75,0.001,7.96
16/06/2026 13:13,17.625,0.001,7.96
16/06/2026 13:13,16.625,0.001,7.96
16/06/2026 13:13,16.75,0.001,7.96
16/06/2026 13:13,16.625,0.001,7.96
16/06/2026 13:13,16.75,0.001,7.96
16/06/2026 13:13,16.5,0.001,7.96
16/06/2026 13:12,17.625,0.001,7.96
16/06/2026 13:12,16.625,0.001,7.96
16/06/2026 13:12,15.75,0.001,7.96
16/06/2026 13:12,16.625,0.001,7.96
16/06/2026 13:12,16.625,0.001,7.96
16/06/2026 13:12,16.625,0.001,7.96
16/06/2026 13:12,16.625,0.001,7.96
16/06/2026 13:12,16.625,0.001,7.96
16/06/2026 13:11,16.625,0.001,7.96
16/06/2026 13:11,16.625,0.001,7.96
16/06/2026 13:11,16.625,0.001,7.96
16/06/2026 13:11,16.5,0.001,7.96
16/06/2026 13:11,16.625,0.001,7.96
16/06/2026 13:11,16.5,0.001,7.96
16/06/2026 13:11,15.75,0.001,7.96
16/06/2026 13:11,16.625,0.001,7.96
16/06/2026 13:10,16.5,0.001,7.96
16/06/2026 13:10,16.625,0.001,7.96
16/06/2026 13:10,16.625,0.001,7.96
16/06/2026 13:10,16.625,0.001,7.96
16/06/2026 13:09,16.625,0.001,7.96
16/06/2026 13:09,16.625,0.001,7.96
16/06/2026 13:09,16.5,0.001,7.96
16/06/2026 13:09,16.5,0.001,7.96
16/06/2026 13:09,15.75,0.001,7.96
16/06/2026 13:09,16.5,0.001,7.96
16/06/2026 13:09,16.5,0.001,7.96
16/06/2026 13:08,16.5,0.001,7.96
16/06/2026 13:08,16.5,0.001,7.96
16/06/2026 13:08,16.625,0.001,7.96
16/06/2026 13:08,16.625,0.001,7.96
16/06/2026 13:08,16.5,0.001,7.96
16/06/2026 13:07,16.5,0.001,7.96
16/06/2026 13:07,16.625,0.001,7.96
16/06/2026 13:07,17.625,0.001,7.96
16/06/2026 13:07,16.625,0.001,7.96
16/06/2026 13:07,16.625,0.001,7.96
16/06/2026 13:07,16.5,0.001,7.96
16/06/2026 13:06,16.5,0.001,7.96
16/06/2026 13:06,16.375,0.001,7.96
16/06/2026 13:06,16.625,0.001,7.96
16/06/2026 13:06,16.5,0.001,7.96
16/06/2026 13:06,16.5,0.001,7.96
16/06/2026 13:06,16.5,0.001,7.96
16/06/2026 13:05,16.625,0.001,7.96
16/06/2026 13:05,16.625,0.001,7.96
16/06/2026 13:05,16.625,0.001,7.96
16/06/2026 13:05,16.5,0.001,7.96
16/06/2026 13:05,16.5,0.001,7.96
16/06/2026 13:04,16.5,0.001,7.96
16/06/2026 13:04,16.5,0.001,7.96
16/06/2026 13:04,16.625,0.001,7.96
16/06/2026 13:04,16.5,0.001,7.96
16/06/2026 13:04,16.375,0.001,7.96
16/06/2026 13:03,16.625,0.001,7.96
16/06/2026 13:03,16.625,0.001,7.96
16/06/2026 13:03,16.5,0.001,7.96
16/06/2026 13:03,16.5,0.001,7.96
16/06/2026 13:02,16.5,0.001,7.96
16/06/2026 13:02,16.5,0.001,7.96
16/06/2026 13:02,16.5,0.001,7.96
16/06/2026 13:02,16.5,0.001,7.96
16/06/2026 13:02,16.375,0.001,7.96
16/06/2026 13:01,16.5,0.001,7.96
16/06/2026 13:01,16.375,0.001,7.96
16/06/2026 13:01,16.5,0.001,7.96
16/06/2026 13:00,16.5,0.001,7.96
16/06/2026 13:00,16.5,0.001,7.96
16/06/2026 12:59,16.625,0.001,7.96
16/06/2026 12:59,16.5,0.001,7.96
16/06/2026 12:59,16.5,0.001,7.96
16/06/2026 12:58,16.625,0.001,7.96
16/06/2026 12:58,16.5,0.001,7.96
16/06/2026 12:57,16.5,0.001,7.96
16/06/2026 12:57,16.625,0.001,7.96
16/06/2026 12:57,16.625,0.001,7.96
16/06/2026 12:57,16.625,0.001,7.96
16/06/2026 12:56,16.625,0.001,7.96
16/06/2026 12:56,16.625,0.001,7.96
16/06/2026 12:56,17.625,0.001,7.96
16/06/2026 12:56,16.5,0.001,7.96
16/06/2026 12:55,15.75,0.001,7.96
16/06/2026 12:55,16.625,0.001,7.96
16/06/2026 12:55,16.625,0.001,7.96
16/06/2026 12:55,16.625,0.001,7.96
16/06/2026 12:54,16.625,0.001,7.96
16/06/2026 12:54,16.625,0.001,7.96
16/06/2026 12:54,16.625,0.001,7.96
16/06/2026 12:54,17.625,0.001,7.96
16/06/2026 12:54,15.75,0.001,7.96
16/06/2026 12:53,16.625,0.001,7.96
16/06/2026 12:53,15.75,0.001,7.96
16/06/2026 12:53,15.75,0.001,7.96
16/06/2026 12:53,17.625,0.001,7.96
16/06/2026 12:53,16.75,0.001,7.96
16/06/2026 12:53,17.625,0.001,7.96
16/06/2026 12:52,16.75,0.001,7.96
16/06/2026 12:52,16.75,0.001,7.96
16/06/2026 12:52,16.75,0.001,7.96
16/06/2026 12:52,16.75,0.001,7.96
16/06/2026 12:52,16.75,0.001,7.96
16/06/2026 12:52,15.75,0.001,7.96
16/06/2026 12:52,16.75,0.001,7.96
16/06/2026 12:52,17.625,0.001,7.96
16/06/2026 12:51,16.75,0.001,7.96
16/06/2026 12:51,16.75,0.001,7.96
16/06/2026 12:51,17.625,0.001,7.96
16/06/2026 12:51,16.75,0.001,7.96
16/06/2026 12:51,17.625,0.001,7.96
16/06/2026 12:51,17.625,0.001,7.96
16/06/2026 12:51,17.625,0.001,7.96
16/06/2026 12:51,16.75,0.001,7.96
16/06/2026 12:50,15.75,0.001,7.96
16/06/2026 12:50,17.625,0.001,7.96
16/06/2026 12:50,16.625,0.001,7.96
16/06/2026 12:50,15.75,0.001,7.96
16/06/2026 12:50,16.75,0.001,7.96
16/06/2026 12:50,15.75,0.001,7.96
16/06/2026 12:50,16.75,0.001,7.96
16/06/2026 12:50,16.5,0.001,7.96
16/06/2026 12:49,16.75,0.001,7.96
16/06/2026 12:49,16.75,0.001,7.96
16/06/2026 12:49,16.625,0.001,7.96
16/06/2026 12:49,17.625,0.001,7.96
16/06/2026 12:49,16.75,0.001,7.96
16/06/2026 12:49,16.75,0.001,7.96
16/06/2026 12:49,17.625,0.001,7.96
16/06/2026 12:49,16.625,0.001,7.96
16/06/2026 12:48,16.625,0.001,7.96
16/06/2026 12:48,17.625,0.001,7.96
16/06/2026 12:48,16.625,0.001,7.96
16/06/2026 12:48,15.75,0.001,7.96
16/06/2026 12:48,17.625,0.001,7.96
16/06/2026 12:48,16.5,0.001,7.96
16/06/2026 12:48,16.75,0.001,7.96
16/06/2026 12:48,16.5,0.001,7.96
16/06/2026 12:47,15.75,0.001,7.96
16/06/2026 12:47,16.625,0.001,7.96
16/06/2026 12:47,17.625,0.001,7.96
16/06/2026 12:47,17.625,0.001,7.96
16/06/2026 12:47,16.625,0.001,7.96
16/06/2026 12:47,15.75,0.001,7.96
16/06/2026 12:47,16.75,0.001,7.96
16/06/2026 12:47,16.625,0.001,7.96
16/06/2026 12:46,17.625,0.001,7.96
16/06/2026 12:46,17.625,0.001,7.96
16/06/2026 12:46,16.75,0.001,7.96
16/06/2026 12:46,15.75,0.001,7.96
16/06/2026 12:46,15.75,0.001,7.96
16/06/2026 12:46,16.625,0.001,7.96
16/06/2026 12:46,16.625,0.001,7.96
16/06/2026 12:46,15.75,0.001,7.96
16/06/2026 12:45,15.75,0.001,7.96
16/06/2026 12:45,16.625,0.001,7.96
16/06/2026 12:45,17.625,0.001,7.96
16/06/2026 12:45,16.625,0.001,7.96
16/06/2026 12:45,17.625,0.001,7.96
16/06/2026 12:45,16.625,0.001,7.96
16/06/2026 12:45,16.625,0.001,7.96
16/06/2026 12:44,15.75,0.001,7.96
16/06/2026 12:44,16.625,0.001,7.96
16/06/2026 12:44,16.5,0.001,7.96
16/06/2026 12:44,16.625,0.001,7.96
16/06/2026 12:44,16.625,0.001,7.96
16/06/2026 12:44,16.625,0.001,7.96
16/06/2026 12:44,15.75,0.001,7.96
16/06/2026 12:44,16.625,0.001,7.96
16/06/2026 12:43,16.625,0.001,7.96
16/06/2026 12:43,16.5,0.001,7.96
16/06/2026 12:43,16.5,0.001,7.96
16/06/2026 12:43,16.625,0.001,7.96
16/06/2026 12:43,16.625,0.001,7.96
16/06/2026 12:43,16.625,0.001,7.96
16/06/2026 12:43,16.5,0.001,7.96
16/06/2026 12:42,16.625,0.001,7.96
16/06/2026 12:42,16.5,0.001,7.96
16/06/2026 12:42,16.625,0.001,7.96
16/06/2026 12:42,16.625,0.001,7.96
16/06/2026 12:42,16.5,0.001,7.96
16/06/2026 12:42,16.625,0.001,7.96
16/06/2026 12:41,16.5,0.001,7.96
16/06/2026 12:41,16.5,0.001,7.96
16/06/2026 12:41,16.5,0.001,7.96
16/06/2026 12:41,16.625,0.001,7.96
16/06/2026 12:41,16.5,0.001,7.96
16/06/2026 12:40,16.75,0.001,7.96
16/06/2026 12:40,16.625,0.001,7.96
16/06/2026 12:40,16.625,0.001,7.96
16/06/2026 12:40,16.5,0.001,7.96
16/06/2026 12:40,16.625,0.001,7.96
16/06/2026 12:39,16.5,0.001,7.96
16/06/2026 12:39,16.625,0.001,7.96
16/06/2026 12:39,16.5,0.001,7.96
16/06/2026 12:39,16.5,0.001,7.96
16/06/2026 12:39,16.625,0.001,7.96
16/06/2026 12:39,16.75,0.001,7.96
16/06/2026 12:38,16.625,0.001,7.96
16/06/2026 12:38,16.5,0.001,7.96
16/06/2026 12:38,16.625,0.001,7.96
16/06/2026 12:38,16.625,0.001,7.96
16/06/2026 12:38,17.5,0.001,7.96
16/06/2026 12:38,16.75,0.001,7.96
16/06/2026 12:37,15.75,0.001,7.96
16/06/2026 12:37,16.75,0.001,7.96
16/06/2026 12:37,16.75,0.001,7.96
16/06/2026 12:37,16.75,0.001,7.96
16/06/2026 12:37,15.75,0.001,7.96
16/06/2026 12:37,17.625,0.001,7.96
16/06/2026 12:37,17.625,0.001,7.96
16/06/2026 12:37,16.625,0.001,7.96
16/06/2026 12:36,15.75,0.001,7.96
16/06/2026 12:36,16.75,0.001,7.96
16/06/2026 12:36,16.75,0.001,7.96
16/06/2026 12:36,16.625,0.001,7.96
16/06/2026 12:36,17.625,0.001,7.96
16/06/2026 12:36,17.625,0.001,7.96
16/06/2026 12:36,17.625,0.001,7.96
16/06/2026 12:35,17.625,0.001,7.96
16/06/2026 12:35,15.75,0.001,7.96
16/06/2026 12:35,15.75,0.001,7.96
16/06/2026 12:35,16.625,0.001,7.96
16/06/2026 12:35,16.625,0.001,7.96
16/06/2026 12:35,16.625,0.001,7.95
16/06/2026 12:35,16.625,0.001,7.96
16/06/2026 12:35,16.625,0.001,7.96
16/06/2026 12:34,16.625,0.001,7.96
16/06/2026 12:34,16.5,0.001,7.96
16/06/2026 12:34,16.5,0.001,7.96
16/06/2026 12:34,16.625,0.001,7.96
16/06/2026 12:34,16.75,0.001,7.96
16/06/2026 12:34,16.625,0.001,7.96
16/06/2026 12:34,17.625,0.001,7.96
16/06/2026 12:34,16.625,0.001,7.96
16/06/2026 12:33,16.625,0.001,7.96
16/06/2026 12:33,16.625,0.001,7.96
16/06/2026 12:33,16.625,0.001,7.96
16/06/2026 12:33,16.625,0.001,7.96
16/06/2026 12:33,16.625,0.001,7.96
16/06/2026 12:33,16.625,0.001,7.96
16/06/2026 12:33,16.625,0.001,7.96
16/06/2026 12:33,16.625,0.001,7.96
16/06/2026 12:32,16.625,0.001,7.96
16/06/2026 12:32,16.625,0.001,7.96
16/06/2026 12:32,16.625,0.001,7.96
16/06/2026 12:32,16.5,0.001,7.96
16/06/2026 12:32,16.625,0.001,7.96
16/06/2026 12:32,16.625,0.001,7.95
16/06/2026 12:32,16.5,0.001,7.96
16/06/2026 12:32,16.5,0.001,7.96
16/06/2026 12:31,16.5,0.001,7.96
16/06/2026 12:31,16.625,0.001,7.96
16/06/2026 12:31,16.5,0.001,7.96
16/06/2026 12:31,16.5,0.001,7.96
16/06/2026 12:30,16.5,0.001,7.96
16/06/2026 12:30,16.5,0.001,7.96
16/06/2026 12:30,16.625,0.001,7.96
16/06/2026 12:30,16.625,0.001,7.96
16/06/2026 12:29,16.5,0.001,7.96
16/06/2026 12:29,16.625,0.001,7.96
16/06/2026 12:29,16.625,0.001,7.96
16/06/2026 12:29,16.625,0.001,7.96
16/06/2026 12:28,16.5,0.001,7.96
16/06/2026 12:28,16.5,0.001,7.96
16/06/2026 12:28,16.625,0.001,7.96
16/06/2026 12:28,16.625,0.001,7.96
16/06/2026 12:27,16.5,0.001,7.96
16/06/2026 12:27,16.625,0.001,7.96
16/06/2026 12:27,16.5,0.001,7.96
16/06/2026 12:27,16.5,0.001,7.96
16/06/2026 12:27,16.5,0.001,7.96
16/06/2026 12:26,16.5,0.001,7.96
16/06/2026 12:26,16.625,0.001,7.96
16/06/2026 12:26,17.625,0.001,7.96
16/06/2026 12:26,16.5,0.001,7.96
16/06/2026 12:26,16.5,0.001,7.96
16/06/2026 12:25,16.625,0.001,7.96
16/06/2026 12:25,16.5,0.001,7.96
16/06/2026 12:25,16.625,0.001,7.96
16/06/2026 12:25,16.625,0.001,7.96
16/06/2026 12:25,16.625,0.001,7.96
16/06/2026 12:24,16.5,0.001,7.96
16/06/2026 12:24,16.625,0.001,7.96
16/06/2026 12:24,16.5,0.001,7.96
16/06/2026 12:24,16.625,0.001,7.96
16/06/2026 12:24,16.5,0.001,7.96
16/06/2026 12:24,16.625,0.001,7.96
16/06/2026 12:23,16.625,0.001,7.96
16/06/2026 12:23,16.625,0.001,7.96
16/06/2026 12:23,16.625,0.001,7.96
16/06/2026 12:23,16.625,0.001,7.96
16/06/2026 12:22,16.625,0.001,7.96
16/06/2026 12:22,16.625,0.001,7.96
16/06/2026 12:22,17.625,0.001,7.96
16/06/2026 12:22,16.625,0.001,7.96
16/06/2026 12:22,16.625,0.001,7.96
16/06/2026 12:22,16.625,0.001,7.96
16/06/2026 12:21,16.625,0.001,7.96
16/06/2026 12:21,16.5,0.001,7.96
16/06/2026 12:21,17.625,0.001,7.96
16/06/2026 12:21,17.625,0.001,7.96
16/06/2026 12:21,15.75,0.001,7.96
16/06/2026 12:21,17.625,0.001,7.96
16/06/2026 12:21,16.625,0.001,7.96
16/06/2026 12:20,16.5,0.001,7.96
16/06/2026 12:20,16.625,0.001,7.96
16/06/2026 12:20,17.625,0.001,7.96
16/06/2026 12:20,16.625,0.001,7.96
16/06/2026 12:20,15.75,0.001,7.96
16/06/2026 12:20,16.625,0.001,7.96
16/06/2026 12:20,16.625,0.001,7.96
16/06/2026 12:20,16.625,0.001,7.96
16/06/2026 12:19,16.625,0.001,7.96
16/06/2026 12:19,16.625,0.001,7.96
16/06/2026 12:19,17.625,0.001,7.96
16/06/2026 12:19,16.5,0.001,7.96
16/06/2026 12:19,16.5,0.001,7.96
16/06/2026 12:19,16.625,0.001,7.96
16/06/2026 12:19,16.625,0.001,7.96
16/06/2026 12:19,16.625,0.001,7.96
16/06/2026 12:18,15.75,0.001,7.96
16/06/2026 12:18,16.5,0.001,7.96
16/06/2026 12:18,16.625,0.001,7.96
16/06/2026 12:18,16.5,0.001,7.96
16/06/2026 12:18,16.625,0.001,7.96
16/06/2026 12:18,16.625,0.001,7.96
16/06/2026 12:18,16.625,0.001,7.96
16/06/2026 12:18,16.5,0.001,7.96
16/06/2026 12:17,16.5,0.001,7.96
16/06/2026 12:17,16.375,0.001,7.96
16/06/2026 12:17,16.5,0.001,7.96
16/06/2026 12:17,16.5,0.001,7.96
16/06/2026 12:17,16.375,0.001,7.96
16/06/2026 12:16,16.5,0.001,7.96
16/06/2026 12:16,16.375,0.001,7.96
16/06/2026 12:16,16.5,0.001,7.96
16/06/2026 12:15,16.375,0.001,7.96
16/06/2026 12:15,16.375,0.001,7.96
16/06/2026 12:15,16.375,0.001,7.96
16/06/2026 12:15,16.5,0.001,7.96
16/06/2026 12:14,16.5,0.001,7.96
16/06/2026 12:14,16.5,0.001,7.96
16/06/2026 12:14,16.5,0.001,7.96
16/06/2026 12:14,16.625,0.001,7.96
16/06/2026 12:13,16.625,0.001,7.96
16/06/2026 12:13,16.625,0.001,7.96
16/06/2026 12:13,16.5,0.001,7.96
16/06/2026 12:13,16.5,0.001,7.96
16/06/2026 12:12,16.625,0.001,7.96
16/06/2026 12:12,16.5,0.001,7.96
16/06/2026 12:12,16.5,0.001,7.96
16/06/2026 12:12,16.625,0.001,7.96
16/06/2026 12:11,16.625,0.001,7.96
16/06/2026 12:11,16.5,0.001,7.96
16/06/2026 12:11,16.5,0.001,7.96
16/06/2026 12:11,16.625,0.001,7.96
16/06/2026 12:11,16.625,0.001,7.96
16/06/2026 12:10,16.625,0.001,7.96
16/06/2026 12:10,16.625,0.001,7.96
16/06/2026 12:10,16.625,0.001,7.96
16/06/2026 12:10,16.625,0.001,7.96
16/06/2026 12:09,16.625,0.001,7.96
16/06/2026 12:09,16.625,0.001,7.96
16/06/2026 12:09,16.625,0.001,7.96
16/06/2026 12:09,16.625,0.001,7.96
16/06/2026 12:09,17.625,0.001,7.96
16/06/2026 12:09,16.5,0.001,7.96
16/06/2026 12:08,15.75,0.001,7.96
16/06/2026 12:08,16.625,0.001,7.96
16/06/2026 12:08,16.5,0.001,7.96
16/06/2026 12:08,16.625,0.001,7.96
16/06/2026 12:08,16.625,0.001,7.96
16/06/2026 12:08,16.625,0.001,7.96
16/06/2026 12:08,16.625,0.001,7.96
16/06/2026 12:08,16.625,0.001,7.96
16/06/2026 12:07,16.625,0.001,7.96
16/06/2026 12:07,16.625,0.001,7.96
16/06/2026 12:07,16.625,0.001,7.96
16/06/2026 12:07,16.625,0.001,7.96
16/06/2026 12:07,16.5,0.001,7.96
16/06/2026 12:07,16.5,0.001,7.96
16/06/2026 12:07,16.5,0.001,7.96
16/06/2026 12:06,16.5,0.001,7.96
16/06/2026 12:06,16.5,0.001,7.96
16/06/2026 12:06,16.625,0.001,7.96
16/06/2026 12:06,16.375,0.001,7.96
16/06/2026 12:06,16.375,0.001,7.96
16/06/2026 12:05,16.5,0.001,7.96
16/06/2026 12:05,16.625,0.001,7.96
16/06/2026 12:05,16.5,0.001,7.96
16/06/2026 12:05,16.375,0.001,7.96
16/06/2026 12:05,16.5,0.001,7.96
16/06/2026 12:04,16.5,0.001,7.96
16/06/2026 12:04,16.375,0.001,7.96
16/06/2026 12:04,16.625,0.001,7.96
16/06/2026 12:04,16.5,0.001,7.96
16/06/2026 12:03,16.5,0.001,7.96
16/06/2026 12:03,16.5,0.001,7.96
16/06/2026 12:03,16.625,0.001,7.96
16/06/2026 12:03,16.625,0.001,7.96
16/06/2026 12:02,16.5,0.001,7.96
16/06/2026 12:02,16.625,0.001,7.96
16/06/2026 12:02,16.375,0.001,7.96
16/06/2026 12:02,16.625,0.001,7.96
16/06/2026 12:01,16.5,0.001,7.96
16/06/2026 12:01,16.625,0.001,7.96
16/06/2026 12:01,16.375,0.001,7.96
16/06/2026 12:01,16.375,0.001,7.96
16/06/2026 12:01,16.5,0.001,7.96
16/06/2026 12:00,16.5,0.001,7.96
16/06/2026 12:00,16.5,0.001,7.96
16/06/2026 12:00,16.5,0.001,7.96
16/06/2026 12:00,16.5,0.001,7.96
16/06/2026 12:00,16.5,0.001,7.96
16/06/2026 12:00,16.375,0.001,7.96
16/06/2026 11:59,16.5,0.001,7.96
16/06/2026 11:59,16.5,0.001,7.96
16/06/2026 11:59,16.25,0.001,7.96
16/06/2026 11:59,16.125,0.001,7.96
16/06/2026 11:59,16.375,0.001,7.96
16/06/2026 11:59,16.375,0.001,7.96
16/06/2026 11:59,16.25,0.001,7.96
16/06/2026 11:59,16.25,0.001,7.96
16/06/2026 11:52,16.25,0.001,7.96
16/06/2026 11:50,16.125,0.001,7.95
16/06/2026 11:48,16.25,0.001,7.96
16/06/2026 11:47,16.125,0.001,7.96
16/06/2026 11:46,16.125,0.001,7.96
16/06/2026 11:45,16.375,0.001,7.96
16/06/2026 11:44,16.375,0.001,7.96
16/06/2026 11:42,16.25,0.001,7.95
16/06/2026 11:41,16.375,0.001,7.96
16/06/2026 11:41,16.25,0.001,7.96
16/06/2026 11:40,16.375,0.001,7.96
16/06/2026 11:39,16.25,0.001,7.96
16/06/2026 11:39,16.375,0.001,7.96
16/06/2026 11:39,16.25,0.001,7.96
16/06/2026 11:39,16.25,0.001,7.96
16/06/2026 11:38,16.375,0.001,7.96
16/06/2026 11:37,16.375,0.001,7.96
16/06/2026 11:36,16.25,0.001,7.96
16/06/2026 11:35,16.25,0.001,7.96
16/06/2026 11:35,16.375,0.001,7.96
16/06/2026 11:35,16.25,0.001,7.96
16/06/2026 11:34,16.25,0.001,7.96
16/06/2026 11:34,16.5,0.001,7.96
16/06/2026 11:34,16.25,0.001,7.96
16/06/2026 11:33,16.25,0.001,7.96
16/06/2026 11:33,16.25,0.001,7.96
16/06/2026 11:32,16.375,0.001,7.96
16/06/2026 11:32,16.5,0.001,7.96
16/06/2026 11:32,16.375,0.001,7.96
16/06/2026 11:31,16.25,0.001,7.96
16/06/2026 11:31,16.375,0.001,7.96
16/06/2026 11:31,16.375,0.001,7.96
16/06/2026 11:30,16.25,0.001,7.96
16/06/2026 11:30,16.25,0.001,7.96
16/06/2026 11:30,16.25,0.001,7.96
16/06/2026 11:29,16.375,0.001,7.96
16/06/2026 11:29,16.375,0.001,7.96
16/06/2026 11:28,16.125,0.001,7.96
16/06/2026 11:28,16.25,0.001,7.96
16/06/2026 11:27,16.375,0.001,7.96
16/06/2026 11:27,16.25,0.001,7.96
16/06/2026 11:27,16.25,0.001,7.96
16/06/2026 11:26,16.375,0.001,7.96
16/06/2026 11:26,16.125,0.001,7.96
16/06/2026 11:26,16.25,0.001,7.96
16/06/2026 11:25,16.25,0.001,7.96
16/06/2026 11:25,16.125,0.001,7.96
16/06/2026 11:05,16,0.001,7.96
16/06/2026 10:35,16,0.001,7.96
16/06/2026 10:05,16,0.001,7.96
16/06/2026 09:35,16,0.001,7.96
16/06/2026 09:05,16,0.001,7.96
16/06/2026 08:35,16.125,0.001,7.96
16/06/2026 08:05,16.125,0.001,7.96
16/06/2026 07:35,16,0.001,7.95
16/06/2026 07:05,16,0.001,7.95
16/06/2026 06:35,16,0.001,7.95
16/06/2026 06:05,16,0.001,7.96
16/06/2026 05:35,15.875,0.001,7.95
16/06/2026 05:05,16,0.001,7.96
16/06/2026 04:35,16.125,0.001,7.95
16/06/2026 04:05,15.875,0.001,7.95
16/06/2026 03:35,16,0.001,7.95
16/06/2026 03:05,16,0.001,7.95
16/06/2026 03:05,16,0.001,7.95
16/06/2026 02:35,16,0.001,7.95
16/06/2026 02:05,16,0.001,7.95
16/06/2026 01:35,16,0.001,7.95
16/06/2026 01:05,16.125,0.001,7.95
16/06/2026 00:35,16,0.001,7.95
16/06/2026 00:05,16.125,0.001,7.95
15/06/2026 23:35,16.125,0.001,7.95
15/06/2026 23:05,16.125,0.001,7.95
15/06/2026 22:35,16,0.001,7.95
15/06/2026 22:05,16,0.001,7.96
15/06/2026 21:35,16.125,0.001,7.96
15/06/2026 21:05,16.125,0.001,7.96
15/06/2026 20:35,15.875,0.001,7.96
15/06/2026 20:05,16.125,0.001,7.96
15/06/2026 19:35,16.125,0.001,7.96
15/06/2026 19:05,16.125,0.001,7.96
15/06/2026 18:35,16.125,0.001,7.96
15/06/2026 18:05,16.125,0.001,7.96
15/06/2026 17:35,16,0.001,7.96
15/06/2026 17:05,16.125,0.001,7.95
15/06/2026 16:35,16.125,0.001,7.96
15/06/2026 16:05,16.125,0.001,7.95
15/06/2026 15:35,16.125,0.001,7.96
15/06/2026 15:05,16.25,0.001,7.95
15/06/2026 14:35,16.25,0.001,7.95
15/06/2026 14:05,16.25,0.001,7.96
15/06/2026 13:35,16,0.001,7.96
15/06/2026 13:05,16.125,0.001,7.96
15/06/2026 12:35,16,0.001,7.96
15/06/2026 12:05,16.125,0.001,7.96
15/06/2026 11:35,16.125,0.001,7.96
15/06/2026 11:05,16.125,0.001,7.96
15/06/2026 10:35,16.125,0.001,7.96
15/06/2026 10:05,16,0.001,7.95
15/06/2026 09:35,16,0.001,7.96
15/06/2026 09:05,16.125,0.001,7.95
15/06/2026 08:35,16,0.001,7.95
15/06/2026 08:05,16,0.001,7.95
15/06/2026 07:35,16.125,0.001,7.95
15/06/2026 07:05,16,0.001,7.95
15/06/2026 06:35,16,0.001,7.95
15/06/2026 06:05,16,0.001,7.95
15/06/2026 05:35,16.125,0.001,7.95
15/06/2026 05:05,16.125,0.001,7.95
15/06/2026 04:35,16,0.001,7.95
15/06/2026 04:05,16,0.001,7.95
15/06/2026 03:35,16,0.001,7.95
15/06/2026 03:05,16,0.001,7.95
15/06/2026 02:35,16,0.001,7.95
15/06/2026 02:05,16,0.001,7.95
15/06/2026 01:35,16,0.001,7.95
15/06/2026 01:05,16,0.001,7.95
15/06/2026 00:35,16.125,0.001,7.95
15/06/2026 00:05,16.125,0.001,7.95
14/06/2026 23:35,16,0.001,7.95
14/06/2026 23:05,16.125,0.001,7.95
14/06/2026 22:35,16.125,0.001,7.95
14/06/2026 22:05,16.125,0.001,7.95
14/06/2026 21:35,16,0.001,7.95
14/06/2026 21:05,16.125,0.001,7.95
14/06/2026 20:35,16,0.001,7.95
14/06/2026 20:05,16.125,0.001,7.95
14/06/2026 19:35,16,0.001,7.95
14/06/2026 19:05,16.125,0.001,7.95
14/06/2026 18:35,16.125,0.001,7.95
14/06/2026 18:05,16,0.001,7.95
14/06/2026 17:35,16,0.001,7.95
14/06/2026 17:05,16,0.001,7.95
14/06/2026 16:35,16.125,0.001,7.95
14/06/2026 16:05,16.125,0.001,7.95
14/06/2026 15:35,16.125,0.001,7.95
14/06/2026 15:05,16,0.001,7.95
14/06/2026 14:35,16.25,0.001,7.95
14/06/2026 14:05,16.125,0.001,7.95
14/06/2026 13:35,16.125,0.001,7.95
14/06/2026 13:05,16.125,0.001,7.95
14/06/2026 12:35,16.125,0.001,7.95
14/06/2026 12:05,16.125,0.001,7.95
14/06/2026 11:35,16.125,0.001,7.95
14/06/2026 11:05,16,0.001,7.95
14/06/2026 10:35,16,0.001,7.95
14/06/2026 10:05,16,0.001,7.95
14/06/2026 09:35,16,0.001,7.95
14/06/2026 09:05,16,0.001,7.95
14/06/2026 08:35,16,0.001,7.95
14/06/2026 08:05,16,0.001,7.95
14/06/2026 07:35,16,0.001,7.95
14/06/2026 07:05,16,0.001,7.96
14/06/2026 06:35,16,0.001,7.95
14/06/2026 06:05,16,0.001,7.95
14/06/2026 05:35,16.125,0.001,7.95
14/06/2026 05:05,16,0.001,7.95
14/06/2026 04:35,16,0.001,7.95
14/06/2026 04:05,15.875,0.001,7.95
14/06/2026 03:35,16,0.001,7.95
14/06/2026 03:05,16,0.001,7.96
14/06/2026 02:35,15.875,0.001,7.95
14/06/2026 02:05,16,0.001,7.95
14/06/2026 01:35,15.875,0.001,7.95
14/06/2026 01:35,15.875,0.001,7.95
14/06/2026 01:05,16,0.001,7.95
14/06/2026 00:35,16,0.001,7.95
14/06/2026 00:05,16,0.001,7.95
13/06/2026 23:35,16,0.001,7.95
13/06/2026 23:05,16,0.001,7.95
13/06/2026 22:35,15.875,0.001,7.95
13/06/2026 22:35,15.875,0.001,7.95
13/06/2026 22:05,16,0.001,7.95
13/06/2026 21:35,16,0.001,7.95
13/06/2026 21:05,15.875,0.001,7.95
13/06/2026 20:35,16,0.001,7.95
13/06/2026 20:05,16.125,0.001,7.95
13/06/2026 19:35,16,0.001,7.95
13/06/2026 19:05,16.125,0.001,7.95
13/06/2026 18:35,16.125,0.001,7.95
13/06/2026 18:05,16,0.001,7.95
13/06/2026 17:35,16.125,0.001,7.95
13/06/2026 17:05,16.125,0.001,7.95
13/06/2026 16:35,16,0.001,7.95
13/06/2026 16:05,16.125,0.001,7.95
13/06/2026 15:35,16.125,0.001,7.95
13/06/2026 15:05,16.125,0.001,7.95
13/06/2026 14:35,16.25,0.001,7.95
13/06/2026 14:05,16,0.001,7.95
13/06/2026 13:35,16.125,0.001,7.96
13/06/2026 13:35,16.125,0.001,7.96
13/06/2026 13:05,16.25,0.001,7.96
13/06/2026 13:05,16.25,0.001,7.96
13/06/2026 12:35,16.25,0.001,7.95
13/06/2026 12:05,16.25,0.001,7.95
13/06/2026 11:35,16.25,0.001,7.95
13/06/2026 11:05,16,0.001,7.95
13/06/2026 10:35,16.125,0.001,7.95
13/06/2026 10:05,16,0.001,7.95
13/06/2026 09:35,16,0.001,7.95
13/06/2026 09:05,16,0.001,7.95
13/06/2026 08:35,16,0.001,7.95
13/06/2026 08:05,16,0.001,7.95
13/06/2026 08:05,16,0.001,7.95
13/06/2026 07:35,16,0.001,7.95
13/06/2026 07:05,16.125,0.001,7.95
13/06/2026 06:35,16.125,0.001,7.95
13/06/2026 06:05,16,0.001,7.94
13/06/2026 05:35,16,0.001,7.95
13/06/2026 05:05,16,0.001,7.94
13/06/2026 04:35,16,0.001,7.94
13/06/2026 04:05,16,0.001,7.94
13/06/2026 03:35,16.125,0.001,7.94
13/06/2026 03:05,16,0.001,7.95
13/06/2026 02:35,16,0.001,7.95
13/06/2026 02:05,16.125,0.001,7.95
13/06/2026 01:35,16,0.001,7.95
13/06/2026 01:05,16,0.001,7.95
13/06/2026 00:35,16,0.001,7.95
13/06/2026 00:05,16,0.001,7.94
12/06/2026 23:35,16,0.001,7.95
12/06/2026 23:05,16,0.001,7.94
12/06/2026 22:35,16,0.001,7.95
12/06/2026 22:05,16,0.001,7.95
12/06/2026 21:35,16,0.001,7.95
12/06/2026 21:05,16,0.001,7.95
12/06/2026 20:35,16.125,0.001,7.95
12/06/2026 20:05,16,0.001,7.95
12/06/2026 19:35,16.125,0.001,7.95
12/06/2026 19:05,16,0.001,7.96
12/06/2026 18:35,16.125,0.001,7.95
12/06/2026 18:05,16,0.001,7.96
12/06/2026 17:35,16.125,0.001,7.95
12/06/2026 17:05,16.125,0.001,7.96
12/06/2026 16:35,16,0.001,7.96
12/06/2026 16:05,16.125,0.001,7.96
12/06/2026 15:35,16.25,0.001,7.96
12/06/2026 15:05,16.125,0.001,7.96
12/06/2026 14:35,16.125,0.001,7.96
12/06/2026 14:05,16.125,0.001,7.96
12/06/2026 13:35,16,0.001,7.96
12/06/2026 13:05,16.25,0.001,7.96
12/06/2026 12:35,16.125,0.001,7.97
12/06/2026 12:05,16.125,0.001,7.97
12/06/2026 11:35,16,0.001,7.97
12/06/2026 11:05,16,0.001,7.98
12/06/2026 10:35,16.125,0.001,7.98
12/06/2026 10:05,16,0.001,7.98
12/06/2026 09:35,16.125,0.001,7.98
12/06/2026 09:05,16,0.001,7.98
12/06/2026 08:35,16.125,0.001,7.98
12/06/2026 08:05,16.125,0.001,7.98
12/06/2026 07:35,16,0.001,7.99
12/06/2026 07:05,16,0.001,7.99
12/06/2026 06:35,16.125,0.001,7.99
12/06/2026 06:05,16.125,0.001,7.99
12/06/2026 05:35,16.125,0.001,7.99
12/06/2026 05:05,15.875,0.001,7.99
12/06/2026 04:35,16.125,0.001,7.99
12/06/2026 04:05,16,0.001,7.98
12/06/2026 03:35,16.125,0.001,7.98
12/06/2026 03:05,16.125,0.001,7.98
12/06/2026 02:35,16.125,0.001,7.97
12/06/2026 02:05,16,0.001,7.97
12/06/2026 01:35,16.125,0.001,7.97
12/06/2026 01:05,16.25,0.001,7.96
12/06/2026 00:35,16.25,0.001,7.96
12/06/2026 00:05,16,0.001,7.96
11/06/2026 23:35,16,0.001,7.97
11/06/2026 23:05,16.125,0.001,7.97
11/06/2026 22:35,16,0.001,7.97
11/06/2026 22:05,16,0.001,7.97
11/06/2026 21:35,16,0.001,7.98
11/06/2026 21:05,16.25,0.001,7.97
11/06/2026 20:35,16,0.001,7.97
11/06/2026 20:05,16.125,0.001,7.97
11/06/2026 19:35,16.25,0.001,7.97
11/06/2026 19:13,15.25,0.001,7.96
11/06/2026 19:12,15.125,0.001,7.96
11/06/2026 19:12,15.375,0.001,8.65
11/06/2026 17:35,16,0.001,7.94
11/06/2026 17:05,16.125,0.001,7.92
11/06/2026 17:05,16.125,0.001,7.92
11/06/2026 16:35,15.75,0.001,7.89
11/06/2026 16:05,15.75,0.001,7.85
11/06/2026 15:35,15.75,0.001,7.78
11/06/2026 15:05,15.75,0.001,7.69
11/06/2026 14:35,14.875,0.001,7.56
11/06/2026 14:28,16,0.001,7.52
11/06/2026 14:05,16.125,0.001,7.33
11/06/2026 13:35,16,0.001,7.02
11/06/2026 13:05,16.125,0.001,6.75
11/06/2026 12:35,16,0.001,6.59
11/06/2026 12:05,16.125,0.001,6.51
11/06/2026 11:35,16.25,0.001,6.48
11/06/2026 11:05,16.25,0.001,6.43
11/06/2026 11:05,16.25,0.001,6.43
11/06/2026 11:05,16.125,0.001,6.51
07/06/2026 13:05,16.125,0.001,7.92
07/06/2026 13:05,16,0.001,7.92
07/06/2026 13:05,16,0.001,8.58
07/06/2026 12:35,15.75,0.001,7.91
07/06/2026 12:05,15.75,0.001,7.92
07/06/2026 11:35,14.75,0.001,7.92
07/06/2026 11:05,15.875,0.001,7.91
07/06/2026 10:35,15.75,0.001,7.91
07/06/2026 10:05,16.625,0.001,7.91
07/06/2026 09:35,15.75,0.001,7.91
07/06/2026 09:05,15.75,0.001,7.92
07/06/2026 08:35,15.75,0.001,7.91
07/06/2026 08:05,16.625,0.001,7.92
07/06/2026 07:35,15.75,0.001,7.91
07/06/2026 07:05,15.625,0.001,7.91
07/06/2026 06:35,14.875,0.001,7.91
07/06/2026 06:05,16.625,0.001,7.91
07/06/2026 05:35,15.625,0.001,7.92
07/06/2026 05:05,15.75,0.001,7.92
07/06/2026 04:35,15.875,0.001,7.92
07/06/2026 04:05,14.75,0.001,7.91
07/06/2026 03:35,15.75,0.001,7.91
07/06/2026 03:05,15.75,0.001,7.91
07/06/2026 02:35,15.625,0.001,7.91
07/06/2026 02:05,15.625,0.001,7.91
07/06/2026 01:35,14.75,0.001,7.91
07/06/2026 01:05,15.625,0.001,7.92
07/06/2026 00:35,16.625,0.001,7.92
07/06/2026 00:05,15.625,0.001,7.92
06/06/2026 23:35,15.75,0.001,7.92
06/06/2026 23:05,15.625,0.001,7.92
06/06/2026 22:35,16.625,0.001,7.91
06/06/2026 22:05,15.75,0.001,7.91
06/06/2026 21:35,16.625,0.001,7.92
06/06/2026 21:05,15.625,0.001,7.91
06/06/2026 20:35,16.625,0.001,7.91
06/06/2026 20:05,15.75,0.001,7.92
06/06/2026 19:35,14.75,0.001,7.92
06/06/2026 19:05,15.625,0.001,7.91
06/06/2026 18:35,16.625,0.001,7.91
06/06/2026 18:05,15.875,0.001,7.91
06/06/2026 17:35,15.75,0.001,7.92
06/06/2026 17:05,15.75,0.001,7.91
06/06/2026 16:35,15.875,0.001,7.92
06/06/2026 16:05,15.875,0.001,7.91
06/06/2026 15:35,15.75,0.001,7.92
06/06/2026 15:05,15.75,0.001,7.92
06/06/2026 14:35,15.75,0.001,7.92
06/06/2026 14:05,15.75,0.001,7.91
06/06/2026 13:35,15.875,0.001,7.92
06/06/2026 13:05,15.875,0.001,7.92
06/06/2026 12:35,15.875,0.001,7.91
06/06/2026 12:05,15.75,0.001,7.91
06/06/2026 11:35,14.875,0.001,7.91
06/06/2026 11:05,15.75,0.001,7.91
06/06/2026 10:35,15.75,0.001,7.91
06/06/2026 10:05,15.75,0.001,7.91
06/06/2026 09:35,15.625,0.001,7.91
06/06/2026 09:05,15.75,0.001,7.91
06/06/2026 08:35,15.75,0.001,7.91
06/06/2026 08:05,15.75,0.001,7.91
06/06/2026 07:35,15.875,0.001,7.92
06/06/2026 07:05,15.875,0.001,7.92
06/06/2026 06:35,15.75,0.001,7.91
06/06/2026 06:05,15.75,0.001,7.92
06/06/2026 05:35,15.875,0.001,7.91
06/06/2026 05:05,15.75,0.001,7.92
06/06/2026 04:35,15.75,0.001,7.91
06/06/2026 04:05,15.75,0.001,7.92
06/06/2026 03:35,15.875,0.001,7.92
06/06/2026 03:05,15.875,0.001,7.91
06/06/2026 02:35,15.875,0.001,7.91
06/06/2026 02:05,15.75,0.001,7.91
06/06/2026 01:35,15.75,0.001,7.92
06/06/2026 01:05,15.875,0.001,7.91
06/06/2026 00:35,16,0.001,7.91
06/06/2026 00:05,15.875,0.001,7.91
05/06/2026 23:35,15.875,0.001,7.91
05/06/2026 23:05,16,0.001,7.92
05/06/2026 22:35,16,0.001,7.91
05/06/2026 22:05,16,0.001,7.92
05/06/2026 21:35,16,0.001,7.92
05/06/2026 21:05,16,0.001,7.91
05/06/2026 21:05,16,0.001,7.91
05/06/2026 20:35,16,0.001,7.92
05/06/2026 20:05,16,0.001,7.91
05/06/2026 19:35,16.125,0.001,7.91
05/06/2026 19:05,16,0.001,7.92
05/06/2026 18:35,16.125,0.001,7.91
05/06/2026 18:35,16.125,0.001,7.91
05/06/2026 18:05,16.125,0.001,7.92
05/06/2026 17:35,16.125,0.001,7.91
05/06/2026 17:05,16.125,0.001,7.91
05/06/2026 16:35,16.125,0.001,7.91
05/06/2026 16:05,16,0.001,7.91
05/06/2026 15:35,15.875,0.001,7.91
05/06/2026 15:05,16.125,0.001,7.92
05/06/2026 14:35,16.25,0.001,7.91
05/06/2026 14:05,16.125,0.001,7.92
05/06/2026 13:35,16.25,0.001,7.92
05/06/2026 13:05,16.375,0.001,7.92
05/06/2026 12:35,16.5,0.001,7.92
05/06/2026 12:35,16.5,0.001,7.92
05/06/2026 12:05,16.375,0.001,7.93
05/06/2026 11:35,16.625,0.001,7.93
05/06/2026 11:05,16.5,0.001,7.95
05/06/2026 10:35,17.75,0.001,7.96
05/06/2026 10:05,17.5,0.001,7.98
05/06/2026 09:35,15.875,0.001,7.94
05/06/2026 09:05,16,0.001,7.94
05/06/2026 08:35,16,0.001,7.94
05/06/2026 08:05,16.125,0.001,7.94
05/06/2026 07:35,16,0.001,7.94
05/06/2026 07:05,16,0.001,7.94
05/06/2026 06:35,16.125,0.001,7.94
05/06/2026 06:05,16,0.001,7.94
05/06/2026 05:35,16.125,0.001,7.94
05/06/2026 05:05,16.125,0.001,7.94
05/06/2026 04:35,16.125,0.001,7.94
05/06/2026 04:05,16.125,0.001,7.94
05/06/2026 03:35,16.125,0.001,7.94
05/06/2026 03:05,16.125,0.001,7.94
05/06/2026 02:35,16,0.001,7.94
05/06/2026 02:05,16.25,0.001,7.94
05/06/2026 01:35,16.125,0.001,7.94
05/06/2026 01:05,16.25,0.001,7.94
05/06/2026 00:35,16.375,0.001,7.94
05/06/2026 00:05,16.25,0.001,7.94
04/06/2026 23:35,16.125,0.001,7.94
04/06/2026 23:05,16.25,0.001,7.94
04/06/2026 22:35,16.375,0.001,7.94
04/06/2026 22:05,16.375,0.001,7.94
04/06/2026 21:35,16.375,0.001,7.94
04/06/2026 21:05,16.375,0.001,7.94
04/06/2026 20:35,16.25,0.001,7.93
04/06/2026 20:05,16.25,0.001,7.94
04/06/2026 19:35,16.25,0.001,7.93
04/06/2026 19:05,16.25,0.001,7.93
04/06/2026 18:35,16.375,0.001,7.93
04/06/2026 18:05,16.375,0.001,7.93
04/06/2026 17:35,16.25,0.001,7.93
04/06/2026 17:05,16,0.001,7.93
04/06/2026 16:35,16.125,0.001,7.93
04/06/2026 16:05,16.125,0.001,7.93
04/06/2026 15:35,16.125,0.001,7.93
04/06/2026 15:05,16.125,0.001,7.93
04/06/2026 14:35,16,0.001,7.93
04/06/2026 14:05,16,0.001,7.93
04/06/2026 13:35,15.875,0.001,7.93
04/06/2026 13:05,15.875,0.001,7.93
04/06/2026 12:35,15.875,0.001,7.93
04/06/2026 12:05,15.875,0.001,7.93
04/06/2026 11:35,16,0.001,7.93
04/06/2026 11:05,15.75,0.001,7.93
04/06/2026 10:35,15.75,0.001,7.93
04/06/2026 10:05,15.625,0.001,7.93
04/06/2026 09:35,15.75,0.001,7.93
04/06/2026 09:05,15.625,0.001,7.93
04/06/2026 08:35,14.75,0.001,7.93
04/06/2026 08:05,15.75,0.001,7.93
04/06/2026 07:35,16.625,0.001,7.93
04/06/2026 07:05,15.75,0.001,7.92
04/06/2026 06:35,16.625,0.001,7.93
04/06/2026 06:05,15.625,0.001,7.93
04/06/2026 05:35,15.625,0.001,7.93
04/06/2026 05:05,14.75,0.001,7.93
04/06/2026 04:35,15.625,0.001,7.93
04/06/2026 04:05,15.5,0.001,7.93
04/06/2026 03:35,15.625,0.001,7.93
04/06/2026 03:05,15.625,0.001,7.93
04/06/2026 02:35,15.5,0.001,7.93
04/06/2026 02:05,15.25,0.001,7.93
04/06/2026 01:35,15.5,0.001,7.93
04/06/2026 01:05,15.5,0.001,7.93
04/06/2026 00:35,15.375,0.001,7.93
04/06/2026 00:05,15.25,0.001,7.93
03/06/2026 23:35,15.25,0.001,7.93
03/06/2026 23:05,15.25,0.001,7.93
03/06/2026 22:35,15.125,0.001,7.93
03/06/2026 22:05,15.125,0.001,7.92
03/06/2026 21:35,14.875,0.001,7.92
03/06/2026 21:05,14.875,0.001,7.92
03/06/2026 20:35,14.875,0.001,7.92
03/06/2026 20:05,13.75,0.001,7.92
03/06/2026 19:35,13.875,0.001,7.92
03/06/2026 19:35,13.875,0.001,7.92
03/06/2026 19:05,14.875,0.001,7.93
03/06/2026 18:35,15.25,0.001,7.93
03/06/2026 18:05,15.375,0.001,7.93
03/06/2026 17:35,15.625,0.001,7.93
03/06/2026 17:05,14.75,0.001,7.93
03/06/2026 16:35,16,0.001,7.93
03/06/2026 16:05,16.125,0.001,7.93
03/06/2026 15:35,16.5,0.001,7.93
03/06/2026 15:05,16.25,0.001,7.93
03/06/2026 14:35,16.375,0.001,7.93
03/06/2026 14:05,16,0.001,7.93
03/06/2026 13:35,16,0.001,7.93
03/06/2026 13:05,16,0.001,7.93
03/06/2026 12:35,15.875,0.001,7.93
03/06/2026 12:05,15.75,0.001,7.93
03/06/2026 11:35,16.625,0.001,7.93
03/06/2026 11:05,15.75,0.001,7.93
03/06/2026 10:35,15.875,0.001,7.93
03/06/2026 10:05,15.75,0.001,7.93
03/06/2026 09:35,16.5,0.001,7.93
03/06/2026 09:05,16.625,0.001,7.93
03/06/2026 08:35,15.5,0.001,7.93
03/06/2026 08:05,15.625,0.001,7.93
03/06/2026 07:35,16.625,0.001,7.93
03/06/2026 07:05,15.625,0.001,7.93
03/06/2026 06:35,15.625,0.001,7.92
03/06/2026 06:05,15.625,0.001,7.93
03/06/2026 05:35,15.5,0.001,7.92
03/06/2026 05:05,15.5,0.001,7.93
03/06/2026 04:35,15.5,0.001,7.92
03/06/2026 04:05,15.5,0.001,7.93
03/06/2026 03:35,15.625,0.001,7.93
03/06/2026 03:05,15.375,0.001,7.93
03/06/2026 02:35,15.375,0.001,7.92
03/06/2026 02:05,15.375,0.001,7.93
03/06/2026 01:35,15.375,0.001,7.93
03/06/2026 01:05,15.375,0.001,7.92
03/06/2026 00:35,15.25,0.001,7.92
03/06/2026 00:05,15.375,0.001,7.92
02/06/2026 23:35,15.375,0.001,7.92
02/06/2026 23:35,15.375,0.001,7.92
02/06/2026 23:05,15.25,0.001,7.92
02/06/2026 22:35,15.125,0.001,7.92
02/06/2026 22:05,15,0.001,7.92
02/06/2026 21:35,15.125,0.001,7.92
02/06/2026 21:05,15,0.001,7.92
02/06/2026 20:35,15.125,0.001,7.92
02/06/2026 20:05,14.875,0.001,7.92
02/06/2026 19:35,14.625,0.001,7.92
02/06/2026 19:05,14.75,0.001,7.92
02/06/2026 18:35,15.375,0.001,7.92
02/06/2026 18:05,15.625,0.001,7.92
02/06/2026 17:35,14.75,0.001,7.93
02/06/2026 17:05,16,0.001,7.93
02/06/2026 16:35,16.5,0.001,7.93
02/06/2026 16:35,16.5,0.001,7.93
02/06/2026 16:05,16.375,0.001,7.93
02/06/2026 15:35,16.5,0.001,7.93
02/06/2026 15:05,16.25,0.001,7.93
02/06/2026 14:35,16.25,0.001,7.93
02/06/2026 14:05,16.125,0.001,7.93
02/06/2026 13:35,16,0.001,7.93
02/06/2026 13:05,16.125,0.001,7.93
02/06/2026 12:35,16,0.001,7.92
02/06/2026 12:05,15.875,0.001,7.93
02/06/2026 11:35,15.75,0.001,7.92
02/06/2026 11:05,15.75,0.001,7.92
02/06/2026 10:35,14.875,0.001,7.92
02/06/2026 10:35,14.875,0.001,7.92
02/06/2026 10:05,15.75,0.001,7.92
02/06/2026 09:35,15.625,0.001,7.92
02/06/2026 09:05,15.625,0.001,7.92
02/06/2026 08:35,16.625,0.001,7.92
02/06/2026 08:05,15.625,0.001,7.92
02/06/2026 07:35,15.5,0.001,7.92
02/06/2026 07:05,15.625,0.001,7.92
02/06/2026 06:35,15.625,0.001,7.92
02/06/2026 06:05,15.5,0.001,7.92
02/06/2026 05:35,15.625,0.001,7.92
02/06/2026 05:05,15.5,0.001,7.92
02/06/2026 04:35,15.375,0.001,7.92
02/06/2026 04:05,15.5,0.001,7.92
02/06/2026 03:35,15.5,0.001,7.92
02/06/2026 03:05,15.25,0.001,7.92
02/06/2026 02:35,15.5,0.001,7.92
02/06/2026 02:05,15.375,0.001,7.92
02/06/2026 01:35,15.5,0.001,7.92
02/06/2026 01:05,15.375,0.001,7.92
02/06/2026 01:05,15.375,0.001,7.92
02/06/2026 00:35,15.375,0.001,7.92
02/06/2026 00:05,15.375,0.001,7.92
01/06/2026 23:35,15.125,0.001,7.92
01/06/2026 23:05,15.125,0.001,7.91
01/06/2026 22:35,14.875,0.001,7.92
01/06/2026 22:05,15,0.001,7.92
01/06/2026 21:35,14.875,0.001,7.91
01/06/2026 21:05,13.75,0.001,7.91
01/06/2026 20:35,14.875,0.001,7.92
01/06/2026 20:05,15.375,0.001,7.92
01/06/2026 19:35,14.75,0.001,7.92
01/06/2026 19:05,15.75,0.001,7.92
01/06/2026 18:35,16.125,0.001,7.92
01/06/2026 18:05,16.25,0.001,7.92
01/06/2026 17:35,16.25,0.001,7.92
01/06/2026 17:05,16.25,0.001,7.93
01/06/2026 16:35,16.5,0.001,7.93
01/06/2026 16:05,16.5,0.001,7.93
01/06/2026 15:35,16.625,0.002,7.93
01/06/2026 15:05,16.5,0.002,7.93
01/06/2026 14:35,16.625,0.002,7.93
01/06/2026 14:05,16.625,0.002,7.94
01/06/2026 13:35,16.75,0.002,7.93
01/06/2026 13:05,17.625,0.002,7.93
01/06/2026 12:35,16.625,0.001,7.93
01/06/2026 12:05,16.625,0.002,7.93
01/06/2026 11:35,16.5,0.002,7.93
01/06/2026 11:05,16.5,0.001,7.93
01/06/2026 10:35,16.5,0.001,7.93
01/06/2026 10:05,16.5,0.001,7.93
01/06/2026 09:35,16.25,0.001,7.93
01/06/2026 09:05,16.375,0.001,7.93
01/06/2026 08:35,16.375,0.001,7.93
01/06/2026 08:35,16.375,0.001,7.93
01/06/2026 08:05,16.5,0.001,7.93
01/06/2026 08:05,16.5,0.001,7.93
01/06/2026 07:35,16.5,0.002,7.93
01/06/2026 07:05,16.375,0.001,7.93
01/06/2026 06:35,16.125,0.002,7.93
01/06/2026 06:05,16.125,0.002,7.93
01/06/2026 06:05,16.125,0.002,7.93
01/06/2026 05:35,16.125,0.002,7.93
01/06/2026 05:05,16.125,0.002,7.93
01/06/2026 04:35,16,0.001,7.93
01/06/2026 04:05,15.875,0.001,7.93
01/06/2026 04:05,15.875,0.001,7.93
01/06/2026 03:35,15.875,0.001,7.93
01/06/2026 03:35,15.875,0.001,7.93
01/06/2026 03:05,15.875,0.001,7.93
01/06/2026 02:35,15.75,0.001,7.93
01/06/2026 02:05,15.75,0.002,7.93
01/06/2026 01:35,15.5,0.001,7.93
01/06/2026 01:05,15.625,0.001,7.93
01/06/2026 00:35,15.5,0.001,7.93
01/06/2026 00:05,15.5,0.001,7.93
31/05/2026 23:35,15.5,0.001,7.93
31/05/2026 23:35,15.5,0.001,7.93
31/05/2026 23:05,15.25,0.001,7.92
31/05/2026 22:35,15.125,0.001,7.92
31/05/2026 22:05,15,0.001,7.92
31/05/2026 21:35,14.875,0.001,7.92
31/05/2026 21:05,13.75,0.001,7.92
31/05/2026 20:35,13.75,0.001,7.92
31/05/2026 20:05,15.25,0.001,7.92
31/05/2026 19:35,15.5,0.002,7.93
31/05/2026 19:05,14.75,0.001,7.93
31/05/2026 18:35,16,0.001,7.93
31/05/2026 18:05,16,0.002,7.93
31/05/2026 17:35,16,0.002,7.93
31/05/2026 17:05,16.25,0.002,7.93
31/05/2026 16:35,16.375,0.002,7.93
31/05/2026 16:05,16.375,0.002,7.93
31/05/2026 15:35,16.5,0.002,7.93
31/05/2026 15:05,16.5,0.002,7.93
31/05/2026 14:35,16.625,0.002,7.93
31/05/2026 14:05,16.75,0.002,7.93
31/05/2026 13:35,16.625,0.002,7.93
31/05/2026 13:05,16.625,0.002,7.93
31/05/2026 12:35,16.625,0.002,7.93
31/05/2026 12:05,16.5,0.002,7.93
31/05/2026 11:35,16.5,0.002,7.93
31/05/2026 11:05,16.5,0.002,7.93
31/05/2026 10:35,16.5,0.002,7.93
31/05/2026 10:05,16.5,0.002,7.93
31/05/2026 09:35,16.375,0.002,7.93
31/05/2026 09:05,16.5,0.002,7.93
31/05/2026 08:35,16.25,0.002,7.93
31/05/2026 08:05,16.375,0.002,7.93
31/05/2026 07:35,16.25,0.002,7.93
31/05/2026 07:05,16.25,0.001,7.93
31/05/2026 06:35,16.25,0.001,7.93
31/05/2026 06:05,16.25,0.001,7.93
31/05/2026 05:35,16.25,0.001,7.93
31/05/2026 05:05,16.125,0.001,7.93
31/05/2026 04:35,16.125,0.001,7.93
31/05/2026 04:05,16,0.001,7.93
31/05/2026 03:35,15.875,0.001,7.93
31/05/2026 03:05,15.875,0.001,7.93
31/05/2026 02:35,15.875,0.001,7.93
31/05/2026 02:05,15.875,0.001,7.93
31/05/2026 01:35,15.75,0.001,7.92
31/05/2026 01:05,15.75,0.001,7.92
31/05/2026 00:35,15.5,0.001,7.93
31/05/2026 00:05,15.375,0.001,7.93
30/05/2026 23:35,15.375,0.001,7.92
30/05/2026 23:05,15.375,0.001,7.92
30/05/2026 22:35,15.375,0.001,7.92
30/05/2026 22:05,15.125,0.001,7.92
30/05/2026 21:35,15,0.001,7.92
30/05/2026 21:05,14.75,0.001,7.92
30/05/2026 20:35,13.75,0.001,7.91
30/05/2026 20:05,14.75,0.001,7.91
30/05/2026 19:35,15.125,0.001,7.92
30/05/2026 19:05,15.375,0.001,7.92
30/05/2026 18:35,15.25,0.001,7.92
30/05/2026 18:05,15.5,0.001,7.92
30/05/2026 17:35,15.75,0.001,7.92
30/05/2026 17:05,16,0.001,7.92
30/05/2026 16:35,16.125,0.001,7.92
30/05/2026 16:05,16.125,0.001,7.92
30/05/2026 15:35,16.5,0.001,7.93
30/05/2026 15:05,16.5,0.001,7.93
30/05/2026 14:35,16.75,0.001,7.93
30/05/2026 14:05,15.75,0.001,7.93
30/05/2026 13:35,17.625,0.001,7.93
30/05/2026 13:05,16.625,0.001,7.93
30/05/2026 12:35,15.75,0.001,7.92
30/05/2026 12:35,15.75,0.001,7.92
30/05/2026 12:05,16.5,0.001,7.92
30/05/2026 11:35,16.625,0.001,7.92
30/05/2026 11:05,16.5,0.001,7.92
30/05/2026 10:35,16.5,0.001,7.92
30/05/2026 10:05,16.5,0.001,7.92
30/05/2026 10:05,16.5,0.001,7.92
30/05/2026 09:35,16.5,0.001,7.92
30/05/2026 09:05,16.375,0.001,7.92
30/05/2026 08:35,16.5,0.001,7.92
30/05/2026 08:05,16.5,0.001,7.92
30/05/2026 07:35,16.375,0.001,7.92
30/05/2026 07:05,16.5,0.001,7.92
30/05/2026 06:35,16.25,0.001,7.92
30/05/2026 06:05,16.5,0.001,7.92
30/05/2026 05:35,16.5,0.001,7.92
30/05/2026 05:05,16.25,0.001,7.92
30/05/2026 04:35,16.125,0.001,7.92
30/05/2026 04:35,16.125,0.001,7.92
30/05/2026 04:05,16.125,0.001,7.92
30/05/2026 03:35,16.125,0.001,7.91
30/05/2026 03:05,16,0.001,7.91
30/05/2026 02:35,16,0.001,7.91
30/05/2026 02:05,15.875,0.001,7.91
30/05/2026 01:35,15.875,0.001,7.91
30/05/2026 01:05,15.75,0.001,7.91
30/05/2026 00:35,15.75,0.001,7.91
30/05/2026 00:05,15.625,0.001,7.91
29/05/2026 23:35,15.5,0.001,7.91
29/05/2026 23:05,15.5,0.001,7.91
29/05/2026 22:35,15.5,0.001,7.91
29/05/2026 22:05,15.25,0.001,7.9
29/05/2026 21:35,15,0.001,7.9
29/05/2026 21:05,14.875,0.001,7.9
29/05/2026 20:35,14.75,0.001,7.9
29/05/2026 20:05,15.625,0.001,7.9
29/05/2026 19:35,15,0.001,7.9
29/05/2026 19:05,15.375,0.001,7.9
29/05/2026 18:35,15.625,0.001,7.9
29/05/2026 18:05,15.875,0.001,7.9
29/05/2026 17:35,15.875,0.001,7.9
29/05/2026 17:05,16.125,0.001,7.9
29/05/2026 16:35,16,0.001,7.9
29/05/2026 16:05,16.25,0.001,7.9
29/05/2026 15:35,16.5,0.001,7.9
29/05/2026 15:05,16.5,0.001,7.9
29/05/2026 14:35,16.5,0.001,7.9
29/05/2026 14:05,15.75,0.001,7.9
29/05/2026 13:35,16.75,0.001,7.9
29/05/2026 13:05,16.625,0.001,7.9
29/05/2026 12:35,16.625,0.001,7.9
29/05/2026 12:05,16.5,0.001,7.9
29/05/2026 11:35,16.5,0.001,7.89
29/05/2026 11:05,16.5,0.001,7.89
29/05/2026 10:35,16.5,0.001,7.9
29/05/2026 10:05,16.5,0.001,7.89
29/05/2026 09:35,16.375,0.001,7.89
29/05/2026 09:05,16.5,0.001,7.89
29/05/2026 08:35,16.5,0.001,7.89
29/05/2026 08:05,16.5,0.001,7.89
29/05/2026 07:35,16.5,0.001,7.89
29/05/2026 07:05,16.5,0.001,7.89
29/05/2026 06:35,16.25,0.001,7.89
29/05/2026 06:05,16.375,0.001,7.88
29/05/2026 06:05,16.375,0.001,7.88
29/05/2026 05:35,16.25,0.001,7.88
29/05/2026 05:05,16.25,0.001,7.88
29/05/2026 04:35,16.125,0.001,7.88
29/05/2026 04:05,16.25,0.001,7.88
29/05/2026 03:35,16.25,0.001,7.88
29/05/2026 03:05,16,0.001,7.88
29/05/2026 02:35,16,0.001,7.87
29/05/2026 02:05,15.875,0.001,7.87
29/05/2026 01:35,15.875,0.001,7.87
29/05/2026 01:05,15.75,0.001,7.87
29/05/2026 00:35,14.875,0.001,7.87
29/05/2026 00:05,15.625,0.001,7.87
28/05/2026 23:35,15.5,0.001,7.86
28/05/2026 23:05,15.625,0.001,7.86
28/05/2026 22:35,15.25,0.001,7.86
28/05/2026 22:35,15.25,0.001,7.86
28/05/2026 22:05,15.25,0.001,7.86
28/05/2026 21:35,15.125,0.001,7.85
28/05/2026 21:05,15,0.001,7.85
28/05/2026 20:35,13.75,0.001,7.85
28/05/2026 20:05,14.5,0.001,7.85
28/05/2026 19:35,14.75,0.001,7.85
28/05/2026 19:05,15.125,0.001,7.85
28/05/2026 18:35,15.25,0.001,7.84
28/05/2026 18:05,15.375,0.001,7.84
28/05/2026 17:35,15.625,0.001,7.85
28/05/2026 17:05,15.625,0.001,7.85
28/05/2026 16:35,14.75,0.001,7.84
28/05/2026 16:05,15.75,0.001,7.84
28/05/2026 15:35,15.75,0.001,7.84
28/05/2026 15:05,15.875,0.001,7.84
28/05/2026 14:35,16,0.001,7.85
28/05/2026 14:05,16,0.001,7.85
28/05/2026 13:35,16.5,0.001,7.86
28/05/2026 13:05,16.625,0.001,7.86
28/05/2026 12:35,16.75,0.001,7.87
28/05/2026 12:05,16.875,0.001,7.88
28/05/2026 11:35,16.75,0.001,7.9
28/05/2026 11:05,16.625,0.001,7.91
28/05/2026 10:35,16.625,0.001,7.92
28/05/2026 10:05,16.5,0.001,7.94
28/05/2026 09:35,16.625,0.001,7.94
28/05/2026 09:35,16.625,0.001,7.94
28/05/2026 09:05,16.5,0.002,7.94
28/05/2026 08:35,16.5,0.002,7.94
28/05/2026 08:05,16.375,0.002,7.94
28/05/2026 07:35,16.375,0.002,7.94
28/05/2026 07:05,16.5,0.002,7.94
28/05/2026 06:35,16.375,0.001,7.95
28/05/2026 06:05,16.5,0.002,7.94
28/05/2026 05:35,16.375,0.001,7.94
28/05/2026 05:05,16.375,0.001,7.93
28/05/2026 05:05,16.375,0.001,7.93
28/05/2026 04:35,16.25,0.002,7.94
28/05/2026 04:05,16.125,0.001,7.94
28/05/2026 03:35,16.25,0.001,7.94
28/05/2026 03:05,16.25,0.001,7.94
28/05/2026 02:35,16.125,0.001,7.94
28/05/2026 02:05,16,0.001,7.94
28/05/2026 01:35,16.125,0.001,7.94
28/05/2026 01:05,16,0.001,7.94
28/05/2026 00:35,14.75,0.001,7.94
28/05/2026 00:05,15.75,0.001,7.94
27/05/2026 23:35,15.625,0.001,7.94
27/05/2026 23:05,15.625,0.001,7.93
27/05/2026 23:05,15.625,0.001,7.93
27/05/2026 22:35,15.5,0.001,7.94
27/05/2026 22:05,15.5,0.001,7.93
27/05/2026 21:35,15.5,0.001,7.94
27/05/2026 21:05,15.25,0.001,7.94
27/05/2026 20:35,15.25,0.001,7.93
27/05/2026 20:05,15.25,0.001,7.93
27/05/2026 19:35,15,0.001,7.93
27/05/2026 19:05,14.875,0.001,7.93
27/05/2026 18:35,14.875,0.001,7.93
27/05/2026 18:05,14.625,0.001,7.93
27/05/2026 17:35,14.75,0.001,7.93
27/05/2026 17:05,15.125,0.001,7.93
27/05/2026 16:35,15.25,0.001,7.94
27/05/2026 16:05,15.625,0.001,7.94
27/05/2026 15:35,15.875,0.001,7.94
27/05/2026 15:05,16.375,0.001,7.94
27/05/2026 14:35,15.75,0.001,7.94
27/05/2026 14:05,16.875,0.001,7.95
27/05/2026 13:35,16.75,0.001,7.95
27/05/2026 13:05,16.75,0.001,7.94
27/05/2026 12:35,16.625,0.001,7.94
27/05/2026 12:35,16.625,0.001,7.94
27/05/2026 12:05,16.625,0.001,7.94
27/05/2026 11:35,17.625,0.001,7.94
27/05/2026 11:05,16.625,0.001,7.95
27/05/2026 10:35,16.5,0.001,7.94
27/05/2026 10:05,16.625,0.001,7.94
27/05/2026 10:05,16.625,0.001,7.94
27/05/2026 09:35,16.625,0.001,7.94
27/05/2026 09:05,17.625,0.001,7.94
27/05/2026 08:35,16.5,0.001,7.94
27/05/2026 08:05,16.5,0.001,7.94
27/05/2026 07:35,16.625,0.001,7.94
27/05/2026 07:05,16.5,0.001,7.94
27/05/2026 07:05,16.5,0.001,7.94
27/05/2026 06:35,16.5,0.001,7.94
27/05/2026 06:05,16.5,0.001,7.94
27/05/2026 05:35,16.625,0.001,7.94
27/05/2026 05:05,16.375,0.001,7.94
27/05/2026 05:05,16.375,0.001,7.94
27/05/2026 04:35,16.5,0.001,7.94
27/05/2026 04:05,16.375,0.001,7.94
27/05/2026 03:35,16.375,0.001,7.94
27/05/2026 03:05,16.125,0.001,7.94
27/05/2026 02:35,16.375,0.001,7.94
27/05/2026 02:05,16.25,0.001,7.94
27/05/2026 01:35,16,0.001,7.94
27/05/2026 01:05,16.125,0.001,7.94
27/05/2026 00:35,16,0.001,7.94
27/05/2026 00:05,16,0.001,7.94
26/05/2026 23:35,15.875,0.001,7.93
26/05/2026 23:05,15.875,0.001,7.94
26/05/2026 22:35,15.75,0.001,7.93
26/05/2026 22:05,14.75,0.001,7.93
26/05/2026 21:35,15.625,0.001,7.93
26/05/2026 21:05,15.5,0.001,7.93
26/05/2026 20:35,15.5,0.001,7.93
26/05/2026 20:05,15.375,0.001,7.93
26/05/2026 19:35,15.25,0.001,7.93
26/05/2026 19:05,15.25,0.001,7.93
26/05/2026 18:35,15.125,0.001,7.93
26/05/2026 18:05,14.75,0.001,7.93
26/05/2026 17:35,14.75,0.001,7.93
26/05/2026 17:05,15,0.001,7.93
26/05/2026 17:05,15,0.001,7.93
26/05/2026 16:35,15.5,0.001,7.93
26/05/2026 16:05,15.5,0.001,7.93
26/05/2026 15:35,16,0.001,7.94
26/05/2026 15:05,16.375,0.001,7.94
26/05/2026 14:35,16.75,0.001,7.94
26/05/2026 14:05,16.875,0.001,7.94
26/05/2026 13:35,16.875,0.001,7.94
26/05/2026 13:05,16.75,0.001,7.94
26/05/2026 12:35,15.75,0.001,7.94
26/05/2026 12:05,16.625,0.001,7.94
26/05/2026 11:35,16.625,0.001,7.94
26/05/2026 11:05,16.625,0.001,7.94
26/05/2026 10:35,16.5,0.001,7.94
26/05/2026 10:05,16.625,0.001,7.94
26/05/2026 09:35,16.5,0.001,7.94
26/05/2026 09:05,16.625,0.001,7.94
26/05/2026 08:35,16.5,0.001,7.93
26/05/2026 08:05,16.625,0.001,7.94
26/05/2026 08:05,16.625,0.001,7.94
26/05/2026 07:35,16.5,0.001,7.94
26/05/2026 07:05,16.5,0.001,7.94
26/05/2026 06:35,16.5,0.001,7.94
26/05/2026 06:35,16.5,0.001,7.94
26/05/2026 06:05,16.5,0.001,7.94
26/05/2026 05:35,16.625,0.001,7.94
26/05/2026 05:35,16.625,0.001,7.94
26/05/2026 05:05,16.375,0.001,7.94
26/05/2026 04:35,16.5,0.001,7.94
26/05/2026 04:05,16.5,0.001,7.94
26/05/2026 03:35,16.25,0.001,7.94
26/05/2026 03:05,16.25,0.001,7.93
26/05/2026 02:35,16.25,0.001,7.93
26/05/2026 02:05,16.125,0.001,7.93
26/05/2026 01:35,16.125,0.001,7.93
26/05/2026 01:05,16,0.001,7.93
26/05/2026 00:35,15.875,0.001,7.93
26/05/2026 00:05,15.875,0.001,7.93
25/05/2026 23:35,15.875,0.001,7.93
25/05/2026 23:05,15.875,0.001,7.93
25/05/2026 22:35,15.875,0.001,7.93
25/05/2026 22:05,15.625,0.001,7.93
25/05/2026 21:35,15.625,0.001,7.93
25/05/2026 21:05,15.5,0.001,7.93
25/05/2026 20:35,15.375,0.001,7.93
25/05/2026 20:05,15.5,0.001,7.93
25/05/2026 19:35,15.25,0.001,7.93
25/05/2026 19:05,15.25,0.001,7.93
25/05/2026 18:35,15,0.001,7.93
25/05/2026 18:05,14.75,0.001,7.92
25/05/2026 17:35,14.625,0.001,7.92
25/05/2026 17:05,15.125,0.001,7.93
25/05/2026 16:35,15.375,0.001,7.93
25/05/2026 16:05,15.375,0.001,7.93
25/05/2026 15:35,15.75,0.001,7.93
25/05/2026 15:05,16.125,0.001,7.93
25/05/2026 14:35,16.5,0.001,7.94
25/05/2026 14:05,16.625,0.001,7.94
25/05/2026 14:05,16.625,0.001,7.94
25/05/2026 13:35,16.875,0.001,7.94
25/05/2026 13:05,15.75,0.001,7.94
25/05/2026 12:35,16.75,0.001,7.94
25/05/2026 12:05,17.625,0.001,7.94
25/05/2026 11:35,15.75,0.001,7.94
25/05/2026 11:05,17.625,0.001,7.94
25/05/2026 10:35,16.625,0.001,7.94
25/05/2026 10:05,16.625,0.001,7.94
25/05/2026 09:35,16.5,0.001,7.94
25/05/2026 09:05,16.625,0.001,7.93
25/05/2026 08:35,16.625,0.001,7.94
25/05/2026 08:05,16.625,0.001,7.94
25/05/2026 07:35,16.625,0.001,7.93
25/05/2026 07:05,16.5,0.001,7.94
25/05/2026 06:35,16.5,0.001,7.93
25/05/2026 06:05,16.5,0.001,7.93
25/05/2026 05:35,16.375,0.001,7.93
25/05/2026 05:05,16.5,0.001,7.93
25/05/2026 04:35,16.25,0.001,7.93
25/05/2026 04:05,16.375,0.001,7.93
25/05/2026 03:35,16.5,0.001,7.93
25/05/2026 03:05,16.375,0.001,7.93
25/05/2026 02:35,16.25,0.001,7.93
25/05/2026 02:05,16.25,0.001,7.93
25/05/2026 01:35,16.25,0.001,7.93
25/05/2026 01:05,16.125,0.001,7.93
25/05/2026 00:35,16,0.001,7.93
25/05/2026 00:05,16,0.001,7.93
24/05/2026 23:35,16,0.001,7.93
24/05/2026 23:05,15.75,0.001,7.93
24/05/2026 22:35,15.875,0.001,7.93
24/05/2026 22:05,14.75,0.001,7.93
24/05/2026 21:35,16.5,0.001,7.93
24/05/2026 21:35,16.5,0.001,7.93
24/05/2026 21:05,15.5,0.001,7.93
24/05/2026 20:35,15.625,0.001,7.93
24/05/2026 20:05,15.5,0.001,7.92
24/05/2026 19:35,15.25,0.001,7.92
24/05/2026 19:05,15.25,0.001,7.92
24/05/2026 18:35,15.125,0.001,7.92
24/05/2026 18:05,14.875,0.001,7.92
24/05/2026 17:35,14.75,0.001,7.92
24/05/2026 17:05,15,0.001,7.92
24/05/2026 16:35,15.375,0.001,7.93
24/05/2026 16:05,15.5,0.001,7.93
24/05/2026 15:35,15.875,0.001,7.93
24/05/2026 15:05,16.25,0.001,7.93
24/05/2026 14:35,15.75,0.001,7.94
24/05/2026 14:05,17,0.001,7.94
24/05/2026 13:35,16.875,0.001,7.94
24/05/2026 13:05,16.75,0.001,7.93
24/05/2026 12:35,15.75,0.001,7.93
24/05/2026 12:05,17.625,0.001,7.93
24/05/2026 11:35,16.75,0.001,7.93
24/05/2026 11:05,17.625,0.001,7.93
24/05/2026 10:35,15.75,0.001,7.93
24/05/2026 10:05,16.5,0.001,7.93
24/05/2026 10:05,16.5,0.001,7.93
24/05/2026 09:35,16.625,0.001,7.93
24/05/2026 09:05,16.625,0.001,7.93
24/05/2026 08:35,16.625,0.001,7.93
24/05/2026 08:05,16.625,0.001,7.93
24/05/2026 07:35,16.625,0.001,7.93
24/05/2026 07:05,16.625,0.001,7.93
24/05/2026 06:35,16.625,0.001,7.93
24/05/2026 06:05,16.625,0.001,7.93
24/05/2026 05:35,16.5,0.001,7.93
24/05/2026 05:05,16.5,0.001,7.93
24/05/2026 04:35,16.5,0.001,7.93
24/05/2026 04:05,16.375,0.001,7.93
24/05/2026 03:35,16.25,0.001,7.93
24/05/2026 03:05,16.375,0.001,7.92
24/05/2026 02:35,16.125,0.001,7.92
24/05/2026 02:05,16,0.001,7.92
24/05/2026 01:35,16.25,0.001,7.92
24/05/2026 01:05,16.125,0.001,7.92
24/05/2026 00:35,16,0.001,7.92
24/05/2026 00:05,16,0.001,7.92
23/05/2026 23:35,16,0.001,7.92
23/05/2026 23:05,16,0.001,7.92
23/05/2026 22:35,15.875,0.001,7.92
23/05/2026 22:05,15.75,0.001,7.92
23/05/2026 22:05,15.75,0.001,7.92
23/05/2026 21:35,15.75,0.001,7.92
23/05/2026 21:35,15.75,0.001,7.92
23/05/2026 21:05,15.625,0.001,7.92
23/05/2026 20:35,15.5,0.001,7.92
23/05/2026 20:05,15.25,0.001,7.92
23/05/2026 20:05,15.25,0.001,7.92
23/05/2026 19:35,15.375,0.001,7.92
23/05/2026 19:05,15.125,0.001,7.91
23/05/2026 18:35,15.125,0.001,7.91
23/05/2026 18:05,15,0.001,7.91
23/05/2026 17:35,15,0.001,7.91
23/05/2026 17:05,14.875,0.001,7.91
23/05/2026 16:35,15.125,0.001,7.92
23/05/2026 16:05,15.5,0.001,7.92
23/05/2026 15:35,15.875,0.001,7.92
23/05/2026 15:05,16,0.001,7.92
23/05/2026 14:35,16.375,0.001,7.92
23/05/2026 14:05,16.625,0.001,7.92
23/05/2026 13:35,16.875,0.001,7.92
23/05/2026 13:05,16.875,0.001,7.92
23/05/2026 12:35,15.75,0.001,7.92
23/05/2026 12:05,16.75,0.001,7.92
23/05/2026 12:05,16.75,0.001,7.92
23/05/2026 11:35,17.625,0.001,7.92
23/05/2026 11:05,16.625,0.001,7.92
23/05/2026 10:35,16.5,0.001,7.92
23/05/2026 10:05,16.625,0.001,7.92
23/05/2026 09:35,16.5,0.001,7.92
23/05/2026 09:05,16.625,0.001,7.92
23/05/2026 08:35,16.5,0.001,7.92
23/05/2026 08:05,15.75,0.001,7.92
23/05/2026 07:35,16.5,0.001,7.92
23/05/2026 07:05,16.5,0.001,7.91
23/05/2026 06:35,16.5,0.001,7.91
23/05/2026 06:05,16.5,0.001,7.91
23/05/2026 05:35,16.5,0.001,7.91
23/05/2026 05:05,16.5,0.001,7.91
23/05/2026 04:35,16.5,0.001,7.91
23/05/2026 04:05,16.5,0.001,7.91
23/05/2026 03:35,16.25,0.001,7.91
23/05/2026 03:05,16.25,0.001,7.91
23/05/2026 02:35,16.25,0.001,7.91
23/05/2026 02:05,16.125,0.001,7.91
23/05/2026 01:35,16.125,0.001,7.91
23/05/2026 01:05,16,0.001,7.91
23/05/2026 00:35,15.875,0.001,7.9
23/05/2026 00:05,15.875,0.001,7.9
23/05/2026 00:05,15.875,0.001,7.9
22/05/2026 23:35,15.875,0.001,7.9
22/05/2026 23:05,14.75,0.001,7.9
22/05/2026 22:35,15.625,0.001,7.9
22/05/2026 22:05,15.625,0.001,7.9
22/05/2026 21:35,15.5,0.001,7.9
22/05/2026 21:05,15.375,0.001,7.9
22/05/2026 20:35,15.375,0.001,7.9
22/05/2026 20:05,15.125,0.001,7.9
22/05/2026 19:35,15,0.001,7.9
22/05/2026 19:05,15.25,0.001,7.89
22/05/2026 18:35,15,0.001,7.89
22/05/2026 18:05,15.625,0.001,7.89
22/05/2026 17:35,15.125,0.001,7.9
22/05/2026 17:05,15.25,0.001,7.9
22/05/2026 16:35,15.625,0.001,7.9
22/05/2026 16:05,15.75,0.001,7.9
22/05/2026 15:35,16,0.001,7.9
22/05/2026 15:05,16.25,0.001,7.9
22/05/2026 15:05,16.25,0.001,7.9
22/05/2026 14:35,16.5,0.001,7.9
22/05/2026 14:05,17,0.001,7.9
22/05/2026 13:35,17,0.001,7.9
22/05/2026 13:05,16.875,0.001,7.9
22/05/2026 12:35,16.875,0.001,7.9
22/05/2026 12:05,16.75,0.001,7.9
22/05/2026 11:35,16.75,0.001,7.9
22/05/2026 11:05,17.625,0.001,7.9
22/05/2026 10:35,16.75,0.001,7.9
22/05/2026 10:05,16.625,0.001,7.9
22/05/2026 09:35,16.75,0.001,7.9
22/05/2026 09:05,16.625,0.001,7.91
22/05/2026 08:35,16.625,0.001,7.91
22/05/2026 08:05,16.625,0.001,7.91
22/05/2026 07:35,16.5,0.001,7.92
22/05/2026 07:05,16.5,0.001,7.92
22/05/2026 06:35,16.5,0.001,7.92
22/05/2026 06:05,16.375,0.001,7.92
22/05/2026 05:35,16.5,0.001,7.92
22/05/2026 05:05,16.375,0.001,7.92
22/05/2026 04:35,16.375,0.001,7.91
22/05/2026 04:05,16.375,0.001,7.91
22/05/2026 03:35,16.25,0.001,7.91
22/05/2026 03:05,16.125,0.001,7.91
22/05/2026 02:35,16.25,0.001,7.91
22/05/2026 02:05,16.125,0.001,7.91
22/05/2026 01:35,16,0.001,7.91
22/05/2026 01:05,16,0.001,7.91
22/05/2026 00:35,16,0.001,7.91
22/05/2026 00:05,15.875,0.001,7.91
21/05/2026 23:35,16.625,0.001,7.91
21/05/2026 23:05,15.625,0.001,7.91
21/05/2026 22:35,15.5,0.001,7.91
21/05/2026 22:05,15.5,0.001,7.91
21/05/2026 21:35,15.5,0.001,7.9
21/05/2026 21:05,15.25,0.001,7.9
21/05/2026 20:35,15.375,0.001,7.9
21/05/2026 20:05,15.125,0.001,7.9
21/05/2026 19:35,15.25,0.001,7.9
21/05/2026 19:05,15,0.001,7.9
21/05/2026 18:35,14.75,0.001,7.9
21/05/2026 18:05,15.125,0.001,7.9
21/05/2026 17:35,15.625,0.001,7.9
21/05/2026 17:05,16,0.001,7.91
21/05/2026 16:35,16.375,0.001,7.91
21/05/2026 16:05,16.625,0.001,7.91
21/05/2026 15:35,17.625,0.001,7.91
21/05/2026 15:05,16.625,0.001,7.91
21/05/2026 14:35,16.625,0.001,7.91
21/05/2026 14:05,15.75,0.001,7.91
21/05/2026 13:35,16.5,0.001,7.91
21/05/2026 13:05,16.375,0.001,7.91
21/05/2026 12:35,16.5,0.001,7.91
21/05/2026 12:05,16.5,0.001,7.91
21/05/2026 11:35,16.5,0.001,7.91
21/05/2026 11:05,16.375,0.001,7.91
21/05/2026 10:35,16.5,0.001,7.91
21/05/2026 10:05,16.375,0.001,7.91
21/05/2026 09:35,16.25,0.001,7.91
21/05/2026 09:05,16.375,0.001,7.91
21/05/2026 08:35,16.25,0.001,7.91
21/05/2026 08:05,16.375,0.001,7.9
21/05/2026 07:35,16.25,0.001,7.91
21/05/2026 07:05,16.125,0.001,7.9
21/05/2026 06:35,16.125,0.001,7.9
21/05/2026 06:05,16.125,0.001,7.9
21/05/2026 05:35,16.125,0.001,7.9
21/05/2026 05:05,16,0.001,7.9
21/05/2026 04:35,16,0.001,7.9
21/05/2026 04:05,16,0.001,7.9
21/05/2026 03:35,15.875,0.001,7.9
21/05/2026 03:05,15.75,0.001,7.9
21/05/2026 02:35,15.625,0.001,7.9
21/05/2026 02:05,15.5,0.001,7.89
21/05/2026 01:35,15.625,0.001,7.89
21/05/2026 01:05,15.5,0.001,7.89
21/05/2026 00:35,15.375,0.001,7.89
21/05/2026 00:05,15.25,0.001,7.89
20/05/2026 23:35,15.25,0.001,7.89
20/05/2026 23:05,15.125,0.001,7.89
20/05/2026 22:35,14.75,0.001,7.89
20/05/2026 22:35,14.75,0.001,7.89
20/05/2026 22:05,14.875,0.001,7.89
20/05/2026 21:35,14.875,0.001,7.89
20/05/2026 21:05,15.625,0.001,7.88
20/05/2026 20:35,14.625,0.001,7.88
20/05/2026 20:05,14.375,0.001,7.88
20/05/2026 19:35,14.375,0.001,7.88
20/05/2026 19:05,14.25,0.001,7.88
20/05/2026 18:35,14.125,0.001,7.88
20/05/2026 18:05,13.875,0.001,7.88
20/05/2026 17:35,12.75,0.001,7.87
20/05/2026 17:05,12.75,0.001,7.87
20/05/2026 16:35,13.875,0.001,7.88
20/05/2026 16:05,14.25,0.001,7.88
20/05/2026 15:35,14.25,0.001,7.88
20/05/2026 15:05,14.375,0.001,7.88
20/05/2026 14:35,14.625,0.001,7.88
20/05/2026 14:05,15,0.001,7.88
20/05/2026 13:35,15,0.001,7.88
20/05/2026 13:05,15.5,0.001,7.88
20/05/2026 12:35,15.625,0.001,7.88
20/05/2026 12:05,16,0.001,7.88
20/05/2026 11:35,15.875,0.001,7.88
20/05/2026 11:35,15.875,0.001,7.88
20/05/2026 11:05,16,0.001,7.88
20/05/2026 10:35,15.875,0.001,7.88
20/05/2026 10:05,15.875,0.001,7.88
20/05/2026 09:35,15.875,0.001,7.88
20/05/2026 09:05,15.875,0.001,7.88
20/05/2026 08:35,15.75,0.001,7.88
20/05/2026 08:05,15.75,0.001,7.88
20/05/2026 07:35,15.625,0.001,7.88
20/05/2026 07:05,15.5,0.001,7.88
20/05/2026 07:05,15.5,0.001,7.88
20/05/2026 06:35,15.5,0.001,7.88
20/05/2026 06:05,15.375,0.001,7.88
20/05/2026 05:35,15.375,0.001,7.88
20/05/2026 05:05,15.5,0.001,7.88
20/05/2026 05:05,15.5,0.001,7.88
20/05/2026 04:35,15.375,0.001,7.87
20/05/2026 04:05,15.375,0.001,7.87
20/05/2026 03:35,15.25,0.001,7.87
20/05/2026 03:05,15.25,0.001,7.87
20/05/2026 02:35,15.25,0.001,7.87
20/05/2026 02:05,15,0.001,7.87
20/05/2026 01:35,14.875,0.001,7.87
20/05/2026 01:05,15.125,0.001,7.87
20/05/2026 00:35,14.875,0.001,7.87
20/05/2026 00:05,14.75,0.001,7.87
19/05/2026 23:35,14.5,0.001,7.86
19/05/2026 23:05,14.5,0.001,7.86
19/05/2026 22:35,14.25,0.001,7.86
19/05/2026 22:05,14,0.001,7.86
19/05/2026 21:35,13.75,0.001,7.86
19/05/2026 21:35,13.75,0.001,7.86
19/05/2026 21:05,14.125,0.001,7.86
19/05/2026 20:35,13.75,0.001,7.87
19/05/2026 20:05,14.875,0.001,7.87
19/05/2026 19:35,15.375,0.001,7.87
19/05/2026 19:05,15.5,0.001,7.87
19/05/2026 18:35,14.75,0.001,7.87
19/05/2026 18:05,15.875,0.001,7.88
19/05/2026 17:35,16.125,0.001,7.88
19/05/2026 17:05,16.5,0.001,7.88
19/05/2026 16:35,16.75,0.001,7.88
19/05/2026 16:05,16.875,0.001,7.89
19/05/2026 15:35,16.75,0.001,7.89
19/05/2026 15:05,16.75,0.001,7.89
19/05/2026 14:35,16.625,0.001,7.89
19/05/2026 14:05,15.75,0.001,7.9
19/05/2026 13:35,16.75,0.001,7.9
19/05/2026 13:05,16.75,0.001,7.91
19/05/2026 12:35,16.625,0.001,7.91
19/05/2026 12:05,15.75,0.001,7.91
19/05/2026 11:35,16.875,0.001,7.91
19/05/2026 11:05,16.75,0.001,7.91
19/05/2026 10:35,16.875,0.001,7.91
19/05/2026 10:05,16.875,0.001,7.91
19/05/2026 10:05,16.875,0.001,7.91
19/05/2026 09:35,16.875,0.001,7.91
19/05/2026 09:05,17,0.001,7.91
19/05/2026 08:35,16.875,0.001,7.91
19/05/2026 08:05,17,0.001,7.91
19/05/2026 07:35,17.125,0.001,7.91
19/05/2026 07:05,17,0.001,7.91
19/05/2026 07:05,17,0.001,7.91
19/05/2026 06:35,17,0.001,7.91
19/05/2026 06:05,16.875,0.001,7.91
19/05/2026 05:35,16.875,0.001,7.91
19/05/2026 05:05,16.875,0.001,7.91
19/05/2026 04:35,16.875,0.001,7.91
19/05/2026 04:05,16.875,0.001,7.91
19/05/2026 03:35,16.875,0.001,7.91
19/05/2026 03:05,16.75,0.001,7.91
19/05/2026 02:35,16.875,0.001,7.91
19/05/2026 02:05,16.875,0.001,7.9
19/05/2026 01:35,16.875,0.001,7.9
19/05/2026 01:05,16.875,0.001,7.9
19/05/2026 00:35,16.75,0.001,7.9
19/05/2026 00:05,16.875,0.001,7.9
18/05/2026 23:35,16.75,0.001,7.9
18/05/2026 23:05,16.75,0.001,7.9
18/05/2026 23:05,16.75,0.001,7.9
18/05/2026 22:35,15.75,0.001,7.9
18/05/2026 22:05,16.75,0.001,7.9
18/05/2026 21:35,16.75,0.001,7.9
18/05/2026 21:05,15.75,0.001,7.9
18/05/2026 20:35,16.75,0.001,7.9
18/05/2026 20:05,16.75,0.001,7.9
18/05/2026 19:35,16.875,0.001,7.9
18/05/2026 19:05,16.875,0.001,7.9
18/05/2026 19:05,16.875,0.001,7.9
18/05/2026 18:35,16.75,0.001,7.9
18/05/2026 18:05,16.75,0.001,7.9
18/05/2026 17:35,16.75,0.001,7.9
18/05/2026 17:05,16.75,0.001,7.89
18/05/2026 16:35,16.75,0.001,7.9
18/05/2026 16:05,17.625,0.001,7.9
18/05/2026 15:35,16.75,0.001,7.9
18/05/2026 15:05,15.75,0.001,7.91
18/05/2026 14:35,16.5,0.001,7.91
18/05/2026 14:05,16.625,0.001,7.92
18/05/2026 13:35,16.625,0.001,7.92
18/05/2026 13:05,16.625,0.001,7.92
18/05/2026 12:35,16.5,0.001,7.92
18/05/2026 12:05,16.375,0.001,7.92
18/05/2026 11:35,16.375,0.001,7.93
18/05/2026 11:05,16.375,0.001,7.93
18/05/2026 10:35,16.375,0.001,7.94
18/05/2026 10:05,16.25,0.001,7.94
18/05/2026 09:35,16.125,0.001,7.94
18/05/2026 09:05,16.25,0.001,7.93
18/05/2026 08:35,16.125,0.001,7.94
18/05/2026 08:05,16.25,0.001,7.94
18/05/2026 08:05,16.25,0.001,7.94
18/05/2026 07:35,16.25,0.001,7.94
18/05/2026 07:05,16.375,0.001,7.94
18/05/2026 06:35,16.5,0.001,7.94
18/05/2026 06:05,16.5,0.001,7.94
18/05/2026 05:35,16.625,0.001,7.94
18/05/2026 05:05,16.625,0.001,7.94
18/05/2026 05:05,16.625,0.001,7.94
18/05/2026 04:35,16.625,0.001,7.94
18/05/2026 04:05,15.75,0.001,7.94
18/05/2026 03:35,17.625,0.001,7.94
18/05/2026 03:05,16.875,0.001,7.95
18/05/2026 02:35,17,0.001,7.95
18/05/2026 02:05,17,0.001,7.95
18/05/2026 01:35,17.125,0.001,7.95
18/05/2026 01:05,17.25,0.001,7.95
18/05/2026 00:35,17.5,0.001,7.95
18/05/2026 00:05,17.5,0.001,7.95
17/05/2026 23:35,17.625,0.001,7.95
17/05/2026 23:35,17.625,0.001,7.95
17/05/2026 23:05,18.625,0.001,7.95
17/05/2026 22:35,17.875,0.001,7.95
17/05/2026 22:05,18.125,0.001,7.95
17/05/2026 21:35,18.125,0.001,7.95
17/05/2026 21:05,18,0.001,7.95
17/05/2026 20:35,18.25,0.001,7.95
17/05/2026 20:05,18.5,0.001,7.95
17/05/2026 19:35,18.625,0.001,7.95
17/05/2026 19:05,18.5,0.001,7.95
17/05/2026 18:35,19.5,0.001,7.95
17/05/2026 18:05,18.875,0.001,7.95
17/05/2026 17:35,17.875,0.001,7.95
17/05/2026 17:05,17.875,0.001,7.96
17/05/2026 16:35,18.625,0.001,7.96
17/05/2026 16:05,18.75,0.001,7.96
17/05/2026 15:35,17.75,0.001,7.96
17/05/2026 15:05,18.5,0.001,7.95
17/05/2026 14:35,18.375,0.001,7.95
17/05/2026 14:05,18.375,0.001,7.95
17/05/2026 13:35,18.375,0.001,7.95
17/05/2026 13:05,18,0.001,7.95
17/05/2026 12:35,17.875,0.001,7.95
17/05/2026 12:05,18.125,0.001,7.95
17/05/2026 11:35,18,0.001,7.95
17/05/2026 11:05,17.875,0.001,7.95
17/05/2026 10:35,18.125,0.001,7.95
17/05/2026 10:05,18,0.001,7.95
17/05/2026 09:35,18,0.001,7.95
17/05/2026 09:35,18,0.001,7.95
17/05/2026 09:05,18,0.001,7.95
17/05/2026 08:35,18,0.001,7.95
17/05/2026 08:05,17.875,0.001,7.95
17/05/2026 07:35,17.875,0.001,7.95
17/05/2026 07:05,18,0.001,7.95
17/05/2026 06:35,17.875,0.001,7.95
17/05/2026 06:05,18,0.001,7.95
17/05/2026 05:35,18.125,0.001,7.95
17/05/2026 05:05,18,0.001,7.95
17/05/2026 04:35,18,0.001,7.95
17/05/2026 04:05,18,0.001,7.95
17/05/2026 03:35,18,0.001,7.94
17/05/2026 03:05,18.125,0.001,7.95
17/05/2026 02:35,18.125,0.001,7.94
17/05/2026 02:05,18.125,0.001,7.95
17/05/2026 01:35,18.25,0.001,7.95
17/05/2026 01:05,18.125,0.001,7.95
17/05/2026 00:35,18.25,0.001,7.95
17/05/2026 00:05,18.125,0.001,7.95
16/05/2026 23:35,18.25,0.001,7.94
16/05/2026 23:05,18.375,0.001,7.94
16/05/2026 22:35,18.25,0.001,7.95
16/05/2026 22:05,18.375,0.001,7.95
16/05/2026 21:35,18.375,0.001,7.95
16/05/2026 21:05,18.375,0.001,7.95
16/05/2026 20:35,18.375,0.001,7.95
16/05/2026 20:05,18.375,0.001,7.94
16/05/2026 19:35,18.375,0.001,7.95
16/05/2026 19:35,18.375,0.001,7.95
16/05/2026 19:05,18.375,0.001,7.94
16/05/2026 18:35,18.5,0.001,7.94
16/05/2026 18:05,18.5,0.001,7.94
16/05/2026 17:35,18.25,0.001,7.94
16/05/2026 17:05,18.25,0.001,7.94
16/05/2026 16:35,18.25,0.001,7.94
16/05/2026 16:35,18.25,0.001,7.94
16/05/2026 16:05,18.125,0.001,7.94
16/05/2026 15:35,18.125,0.001,7.94
16/05/2026 15:05,17.875,0.001,7.94
16/05/2026 14:35,17.875,0.001,7.94
16/05/2026 14:05,17.75,0.001,7.94
16/05/2026 13:35,17.875,0.001,7.93
16/05/2026 13:05,17.5,0.001,7.94
16/05/2026 12:35,17.5,0.001,7.94
16/05/2026 12:05,17.5,0.001,7.93
16/05/2026 11:35,17.5,0.001,7.93
16/05/2026 11:05,17.25,0.001,7.93
16/05/2026 10:35,17.25,0.001,7.93
16/05/2026 10:05,17.125,0.001,7.93
16/05/2026 09:35,17.125,0.001,7.93
16/05/2026 09:05,17.125,0.001,7.93
16/05/2026 08:35,17.375,0.001,7.93
16/05/2026 08:05,17.125,0.001,7.93
16/05/2026 07:35,17.125,0.001,7.93
16/05/2026 07:05,17.125,0.001,7.93
16/05/2026 07:05,17.125,0.001,7.93
16/05/2026 06:35,17.25,0.001,7.93
16/05/2026 06:05,17.25,0.001,7.93
16/05/2026 06:05,17.25,0.001,7.93
16/05/2026 05:35,17.375,0.001,7.93
16/05/2026 05:05,17.375,0.001,7.93
16/05/2026 04:35,17.25,0.001,7.93
16/05/2026 04:05,17.375,0.001,7.93
16/05/2026 03:35,17.375,0.001,7.93
16/05/2026 03:05,17.5,0.001,7.93
16/05/2026 02:35,17.5,0.001,7.93
16/05/2026 02:05,17.625,0.001,7.93
16/05/2026 02:05,17.625,0.001,7.93
16/05/2026 01:35,17.5,0.001,7.93
16/05/2026 01:05,17.625,0.001,7.93
16/05/2026 00:35,17.375,0.001,7.93
16/05/2026 00:05,17.5,0.001,7.93
15/05/2026 23:35,17.5,0.001,7.93
15/05/2026 23:05,17.625,0.001,7.93
15/05/2026 22:35,17.5,0.001,7.93
15/05/2026 22:05,17.625,0.001,7.93
15/05/2026 21:35,18.5,0.001,7.93
15/05/2026 21:05,17.625,0.001,7.93
15/05/2026 20:35,18.625,0.001,7.93
15/05/2026 20:05,17.75,0.001,7.93
15/05/2026 19:35,17.875,0.001,7.93
15/05/2026 19:05,17.625,0.001,7.93
15/05/2026 18:35,17.625,0.001,7.93
15/05/2026 18:05,16.75,0.001,7.93
15/05/2026 18:05,16.75,0.001,7.93
15/05/2026 17:35,17.5,0.001,7.93
15/05/2026 17:05,17.375,0.001,7.93
15/05/2026 16:35,17.5,0.001,7.93
15/05/2026 16:22,19.625,0.001,7.93
15/05/2026 15:51,17.875,0.001,7.93
15/05/2026 15:51,18,0.001,7.93
15/05/2026 15:50,17.75,0.001,7.93
15/05/2026 15:50,17.875,0.001,7.93
15/05/2026 15:50,17.75,0.001,7.93
15/05/2026 15:50,17.625,0.001,7.93
15/05/2026 15:50,16.75,0.001,7.93
15/05/2026 15:49,17.625,0.001,7.93
15/05/2026 15:49,17.75,0.001,7.93
15/05/2026 15:49,17.75,0.001,7.93
15/05/2026 15:48,17.625,0.001,7.93
15/05/2026 15:48,17.625,0.001,7.93
15/05/2026 15:48,16.75,0.001,7.93
15/05/2026 15:48,16.75,0.001,7.93
15/05/2026 15:48,17.75,0.001,7.93
15/05/2026 15:48,17.625,0.001,7.93
15/05/2026 15:48,18.625,0.001,7.93
15/05/2026 15:47,17.5,0.001,7.93
15/05/2026 15:47,17.625,0.001,7.93
15/05/2026 15:47,17.5,0.001,7.93
15/05/2026 15:47,17.5,0.001,7.93
15/05/2026 15:47,17.375,0.001,7.93
15/05/2026 15:44,17.375,0.001,7.93
15/05/2026 15:43,17.375,0.001,7.93
15/05/2026 15:43,17.5,0.001,7.93
15/05/2026 15:36,17.75,0.001,7.93
15/05/2026 15:35,17.625,0.001,7.93
15/05/2026 15:35,17.875,0.001,7.93
15/05/2026 15:35,17.875,0.001,7.93
15/05/2026 15:35,17.875,0.001,7.93
15/05/2026 15:35,17.875,0.001,7.93
15/05/2026 15:35,17.875,0.001,7.93
15/05/2026 15:35,17.75,0.001,7.93
15/05/2026 15:35,17.875,0.001,7.93
15/05/2026 15:34,17.75,0.001,7.93
15/05/2026 15:34,18.625,0.001,7.93
15/05/2026 15:34,18.625,0.001,7.93
15/05/2026 15:34,18.625,0.001,7.93
15/05/2026 15:34,18.5,0.001,7.93
15/05/2026 15:34,18.5,0.001,7.93
15/05/2026 15:34,18.625,0.001,7.93
15/05/2026 15:33,17.5,0.001,7.93
15/05/2026 15:33,17.625,0.001,7.93
15/05/2026 15:33,17.625,0.001,7.93
15/05/2026 15:32,18.625,0.001,7.93
15/05/2026 15:32,17.625,0.001,7.93
15/05/2026 15:32,17.625,0.001,7.93
15/05/2026 15:32,17.5,0.001,7.93
15/05/2026 15:31,17.5,0.001,7.93
15/05/2026 15:31,17.5,0.001,7.93
15/05/2026 15:30,17.625,0.001,7.93
15/05/2026 15:30,17.625,0.001,7.93
15/05/2026 15:30,17.75,0.001,7.93
15/05/2026 15:29,18.5,0.001,7.93
15/05/2026 15:29,17.625,0.001,7.93
15/05/2026 15:29,16.75,0.001,7.93
15/05/2026 15:28,16.75,0.001,7.93
15/05/2026 15:28,17.75,0.001,7.93
15/05/2026 15:28,17.75,0.001,7.93
15/05/2026 15:27,18.625,0.001,7.93
15/05/2026 15:27,16.75,0.001,7.93
15/05/2026 15:27,17.75,0.001,7.93
15/05/2026 15:27,17.625,0.001,7.93
15/05/2026 15:27,18.625,0.001,7.93
15/05/2026 15:26,17.75,0.001,7.93
15/05/2026 15:26,18.5,0.001,7.93
15/05/2026 15:26,16.75,0.001,7.93
15/05/2026 15:26,17.625,0.001,7.93
15/05/2026 15:25,16.75,0.001,7.93
15/05/2026 15:25,16.75,0.001,7.93
15/05/2026 15:25,17.75,0.001,7.93
15/05/2026 15:25,16.75,0.001,7.93
15/05/2026 15:25,17.625,0.001,7.93
15/05/2026 15:25,18.625,0.001,7.93
15/05/2026 15:24,18,0.001,7.93
15/05/2026 15:24,16.75,0.001,7.93
15/05/2026 15:24,17.5,0.001,7.93
15/05/2026 15:24,17.75,0.001,7.93
15/05/2026 15:24,16.75,0.001,7.92
15/05/2026 15:24,17.5,0.001,7.93
15/05/2026 15:23,17.625,0.001,7.93
15/05/2026 15:23,17.5,0.001,7.93
15/05/2026 15:23,17.625,0.001,7.93
15/05/2026 15:23,17.5,0.001,7.93
15/05/2026 15:23,17.625,0.001,7.93
15/05/2026 15:22,17.625,0.001,7.93
15/05/2026 15:22,17.375,0.001,7.93
15/05/2026 15:22,17.5,0.001,7.93
15/05/2026 15:22,17.625,0.001,7.93
15/05/2026 15:21,17.375,0.001,7.93
15/05/2026 15:21,17.5,0.001,7.92
15/05/2026 15:21,17.375,0.001,7.92
15/05/2026 15:20,17.5,0.001,7.93
15/05/2026 15:13,18.5,0.001,7.93
15/05/2026 15:07,18.25,0.001,7.93
15/05/2026 15:07,18.25,0.001,7.92
15/05/2026 15:07,18.375,0.001,7.92
15/05/2026 15:07,18.25,0.001,7.92
15/05/2026 15:06,18.25,0.001,7.92
15/05/2026 15:06,18.125,0.001,7.92
15/05/2026 15:06,18.125,0.001,7.92
15/05/2026 15:05,18.125,0.001,7.92
15/05/2026 15:05,18.125,0.001,7.93
15/05/2026 15:05,18.125,0.001,7.93
15/05/2026 15:05,18.25,0.001,7.93
15/05/2026 15:05,18.125,0.001,7.93
15/05/2026 15:04,18.125,0.001,7.92
15/05/2026 15:04,18.125,0.001,7.92
15/05/2026 15:04,18.375,0.001,7.92
15/05/2026 15:04,18.125,0.001,7.92
15/05/2026 15:03,18.25,0.001,7.92
15/05/2026 15:03,18.125,0.001,7.92
15/05/2026 15:03,18.25,0.001,7.92
15/05/2026 15:03,18.25,0.001,7.92
15/05/2026 15:02,18.25,0.001,7.92
15/05/2026 15:01,18.125,0.001,7.93
15/05/2026 15:01,17.875,0.001,7.93
15/05/2026 15:01,18.25,0.001,7.93
15/05/2026 15:00,18.125,0.001,7.93
15/05/2026 15:00,18,0.001,7.92
15/05/2026 15:00,18.125,0.001,7.93
15/05/2026 15:00,18,0.001,7.93
15/05/2026 15:00,17.875,0.001,7.93
15/05/2026 15:00,18,0.001,7.93
15/05/2026 14:59,18,0.001,7.93
15/05/2026 14:59,17.875,0.001,7.93
15/05/2026 14:59,18,0.001,7.93
15/05/2026 14:59,17.875,0.001,7.93
15/05/2026 14:59,18,0.001,7.93
15/05/2026 14:58,18,0.001,7.93
15/05/2026 14:58,17.875,0.001,7.93
15/05/2026 14:58,18,0.001,7.93
15/05/2026 14:58,18,0.001,7.93
15/05/2026 14:58,18,0.001,7.93
15/05/2026 14:58,18,0.001,7.93
15/05/2026 14:57,17.875,0.001,7.93
15/05/2026 14:57,17.875,0.001,7.93
15/05/2026 14:57,18,0.001,7.93
15/05/2026 14:57,18,0.001,7.93
15/05/2026 14:57,18,0.001,7.93
15/05/2026 14:57,18,0.001,7.93
15/05/2026 14:57,18,0.001,7.93
15/05/2026 14:57,18,0.001,7.93
15/05/2026 14:56,18,0.001,7.92
15/05/2026 14:56,18.125,0.001,7.92
15/05/2026 14:56,17.875,0.001,7.93
15/05/2026 14:56,17.875,0.001,7.93
15/05/2026 14:56,17.875,0.001,7.93
15/05/2026 14:56,18,0.001,7.92
15/05/2026 14:56,18,0.001,7.93
15/05/2026 14:55,18,0.001,7.92
15/05/2026 14:55,17.875,0.001,7.93
15/05/2026 14:55,18,0.001,7.93
15/05/2026 14:55,18,0.001,7.92
15/05/2026 14:55,17.875,0.001,7.93
15/05/2026 14:55,17.875,0.001,7.93
15/05/2026 14:55,18,0.001,7.92
15/05/2026 14:54,18,0.001,7.93
15/05/2026 14:54,17.875,0.001,7.93
15/05/2026 14:54,17.875,0.001,7.93
15/05/2026 14:54,17.875,0.001,7.93
15/05/2026 14:54,18.125,0.001,7.92
15/05/2026 14:54,18,0.001,7.93
15/05/2026 14:54,17.875,0.001,7.93
15/05/2026 14:53,18,0.001,7.93
15/05/2026 14:53,18,0.001,7.93
15/05/2026 14:53,17.875,0.001,7.93
15/05/2026 14:53,17.875,0.001,7.93
15/05/2026 14:53,18,0.001,7.93
15/05/2026 14:53,18,0.001,7.93
15/05/2026 14:52,18,0.001,7.93
15/05/2026 14:52,18,0.001,7.93
15/05/2026 14:52,17.875,0.001,7.93
15/05/2026 14:52,18,0.001,7.93
15/05/2026 14:52,17.875,0.001,7.93
15/05/2026 14:52,18,0.001,7.93
15/05/2026 14:51,18.625,0.001,7.93
15/05/2026 14:51,17.875,0.001,7.92
15/05/2026 14:51,17.875,0.001,7.93
15/05/2026 14:51,18.625,0.001,7.93
15/05/2026 14:51,17.75,0.001,7.93
15/05/2026 14:50,17.75,0.001,7.92
15/05/2026 14:50,17.875,0.001,7.92
15/05/2026 14:50,17.75,0.001,7.92
15/05/2026 14:50,16.75,0.001,7.92
15/05/2026 14:50,17.875,0.001,7.92
15/05/2026 14:50,17.875,0.001,7.92
15/05/2026 14:50,17.75,0.001,7.92
15/05/2026 14:50,17.875,0.001,7.92
15/05/2026 14:49,16.875,0.001,7.92
15/05/2026 14:49,17.75,0.001,7.92
15/05/2026 14:49,17.875,0.001,7.92
15/05/2026 14:49,17.875,0.001,7.93
15/05/2026 14:49,16.875,0.001,7.92
15/05/2026 14:49,17.75,0.001,7.92
15/05/2026 14:49,17.75,0.001,7.92
15/05/2026 14:49,17.875,0.001,7.92
15/05/2026 14:48,17.75,0.001,7.92
15/05/2026 14:48,16.75,0.001,7.92
15/05/2026 14:48,17.75,0.001,7.92
15/05/2026 14:48,18.625,0.001,7.92
15/05/2026 14:48,17.875,0.001,7.92
15/05/2026 14:48,18.625,0.001,7.93
15/05/2026 14:48,17.75,0.001,7.93
15/05/2026 14:47,17.625,0.001,7.92
15/05/2026 14:47,17.875,0.001,7.92
15/05/2026 14:47,18.625,0.001,7.92
15/05/2026 14:47,18.625,0.001,7.92
15/05/2026 14:47,17.625,0.001,7.92
15/05/2026 14:47,17.5,0.001,7.92
15/05/2026 14:47,17.625,0.001,7.92
15/05/2026 14:47,17.625,0.001,7.92
15/05/2026 14:46,17.5,0.001,7.92
15/05/2026 14:46,17.5,0.001,7.92
15/05/2026 14:46,17.625,0.001,7.92
15/05/2026 14:46,17.5,0.001,7.92
15/05/2026 14:46,17.5,0.001,7.92
15/05/2026 14:45,17.625,0.001,7.92
15/05/2026 14:45,17.5,0.001,7.93
15/05/2026 14:45,17.375,0.001,7.92
15/05/2026 14:45,17.5,0.001,7.93
15/05/2026 14:44,17.625,0.001,7.92
15/05/2026 14:44,17.5,0.001,7.92
15/05/2026 14:44,17.625,0.001,7.93
15/05/2026 14:43,17.5,0.001,7.93
15/05/2026 14:43,17.5,0.001,7.93
15/05/2026 14:43,17.625,0.001,7.92
15/05/2026 14:43,17.5,0.001,7.93
15/05/2026 14:42,17.625,0.001,7.93
15/05/2026 14:42,17.5,0.001,7.93
15/05/2026 14:42,17.5,0.001,7.93
15/05/2026 14:41,17.625,0.001,7.93
15/05/2026 14:40,17.875,0.001,7.92
15/05/2026 14:40,18,0.001,7.93
15/05/2026 14:39,18.5,0.001,7.93
15/05/2026 14:37,18.375,0.001,7.93
15/05/2026 14:37,18.5,0.001,7.92
15/05/2026 14:34,18.5,0.001,7.93
15/05/2026 14:34,18.5,0.001,7.92
15/05/2026 14:33,18.375,0.001,7.92
15/05/2026 14:32,18.375,0.001,7.93
15/05/2026 14:31,18.375,0.001,7.93
15/05/2026 14:29,18.125,0.001,7.93
15/05/2026 14:29,18.125,0.001,7.93
15/05/2026 14:29,18.25,0.001,7.92
15/05/2026 14:28,17.875,0.001,7.92
15/05/2026 14:28,18.125,0.001,7.92
15/05/2026 14:28,18.125,0.001,7.92
15/05/2026 14:27,18.125,0.001,7.92
15/05/2026 14:27,18.125,0.001,7.92
15/05/2026 14:27,18.125,0.001,7.92
15/05/2026 14:26,18.125,0.001,7.92
15/05/2026 14:26,18.125,0.001,7.92
15/05/2026 14:26,18.25,0.001,7.92
15/05/2026 14:26,18.125,0.001,7.92
15/05/2026 14:26,18.25,0.001,7.92
15/05/2026 14:26,18.25,0.001,7.92
15/05/2026 14:23,18.125,0.001,7.92
15/05/2026 14:23,18,0.001,7.92
15/05/2026 14:22,18.125,0.001,7.92
15/05/2026 14:22,18.125,0.001,7.92
15/05/2026 14:22,18,0.001,7.92
15/05/2026 14:22,17.875,0.001,7.92
15/05/2026 14:22,18.125,0.001,7.92
15/05/2026 14:21,18.125,0.001,7.92
15/05/2026 14:21,18.125,0.001,7.92
15/05/2026 14:21,18,0.001,7.92
15/05/2026 14:21,18,0.001,7.92
15/05/2026 14:20,18,0.001,7.92
15/05/2026 14:20,18,0.001,7.92
15/05/2026 14:20,18.125,0.001,7.92
15/05/2026 14:20,18.125,0.001,7.93
15/05/2026 14:20,18,0.001,7.92
15/05/2026 14:19,18.125,0.001,7.92
15/05/2026 14:19,18.125,0.001,7.92
15/05/2026 14:19,18.125,0.001,7.93
15/05/2026 14:18,18.125,0.001,7.92
15/05/2026 14:17,18,0.001,7.92
15/05/2026 14:17,18.125,0.001,7.92
15/05/2026 14:16,18,0.001,7.92
15/05/2026 14:16,18,0.001,7.92
15/05/2026 14:15,18.125,0.001,7.92
15/05/2026 14:15,18.125,0.001,7.92
15/05/2026 14:15,18,0.001,7.92
15/05/2026 14:15,18,0.001,7.92
15/05/2026 14:14,18,0.001,7.92
15/05/2026 14:14,18,0.001,7.92
15/05/2026 14:14,18,0.001,7.92
15/05/2026 14:14,17.875,0.001,7.92
15/05/2026 14:13,17.875,0.001,7.92
15/05/2026 14:13,17.875,0.001,7.92
15/05/2026 14:13,17.875,0.001,7.92
15/05/2026 14:13,17.875,0.001,7.92
15/05/2026 14:13,17.875,0.001,7.92
15/05/2026 14:13,17.875,0.001,7.92
15/05/2026 14:12,17.875,0.001,7.92
15/05/2026 14:12,17.75,0.001,7.92
15/05/2026 14:12,18,0.001,7.92
15/05/2026 14:12,17.75,0.001,7.92
15/05/2026 14:12,17.875,0.001,7.92
15/05/2026 14:12,17.875,0.001,7.92
15/05/2026 14:12,17.75,0.001,7.92
15/05/2026 14:11,17.875,0.001,7.92
15/05/2026 14:11,17.875,0.001,7.92
15/05/2026 14:11,17.875,0.001,7.92
15/05/2026 14:11,17.75,0.001,7.92
15/05/2026 14:11,17.875,0.001,7.92
15/05/2026 14:11,18,0.001,7.92
15/05/2026 14:10,17.875,0.001,7.92
15/05/2026 14:10,17.75,0.001,7.92
15/05/2026 14:10,17.75,0.001,7.92
15/05/2026 14:10,17.75,0.001,7.92
15/05/2026 14:10,17.875,0.001,7.92
15/05/2026 14:10,18,0.001,7.92
15/05/2026 14:10,16.875,0.001,7.92
15/05/2026 14:09,18,0.001,7.92
15/05/2026 14:09,17.875,0.001,7.92
15/05/2026 14:09,18,0.001,7.92
15/05/2026 14:09,18,0.001,7.92
15/05/2026 14:09,18.125,0.001,7.92
15/05/2026 14:09,17.875,0.001,7.92
15/05/2026 14:08,18,0.001,7.92
15/05/2026 14:08,18.125,0.001,7.92
15/05/2026 14:08,18.125,0.001,7.92
15/05/2026 14:08,18.375,0.001,7.92
15/05/2026 14:08,18.375,0.001,7.92
15/05/2026 14:07,18.375,0.001,7.92
15/05/2026 14:02,18.25,0.001,7.92
15/05/2026 13:54,18.25,0.001,7.92
15/05/2026 13:48,17.875,0.001,7.92
15/05/2026 13:47,16.75,0.001,7.92
15/05/2026 13:47,17.75,0.001,7.92
15/05/2026 13:47,17.75,0.001,7.92
15/05/2026 13:47,17.75,0.001,7.92
15/05/2026 13:47,17.75,0.001,7.92
15/05/2026 13:47,17.75,0.001,7.92
15/05/2026 13:46,18.625,0.001,7.92
15/05/2026 13:46,16.75,0.001,7.92
15/05/2026 13:46,17.625,0.001,7.92
15/05/2026 13:46,17.75,0.001,7.92
15/05/2026 13:46,17.625,0.001,7.92
15/05/2026 13:46,18.625,0.001,7.92
15/05/2026 13:45,17.625,0.001,7.92
15/05/2026 13:45,17.5,0.001,7.92
15/05/2026 13:45,16.75,0.001,7.92
15/05/2026 13:45,16.75,0.001,7.92
15/05/2026 13:45,17.5,0.001,7.92
15/05/2026 13:45,18.625,0.001,7.92
15/05/2026 13:45,17.625,0.001,7.92
15/05/2026 13:44,17.625,0.001,7.92
15/05/2026 13:44,17.5,0.001,7.92
15/05/2026 13:44,17.625,0.001,7.92
15/05/2026 13:44,17.625,0.001,7.92
15/05/2026 13:44,17.625,0.001,7.92
15/05/2026 13:44,17.625,0.001,7.92
15/05/2026 13:44,16.75,0.001,7.92
15/05/2026 13:44,17.625,0.001,7.92
15/05/2026 13:43,17.5,0.001,7.92
15/05/2026 13:43,17.625,0.001,7.92
15/05/2026 13:43,17.5,0.001,7.92
15/05/2026 13:43,17.625,0.001,7.92
15/05/2026 13:43,17.5,0.001,7.92
15/05/2026 13:43,17.625,0.001,7.92
15/05/2026 13:43,16.75,0.001,7.92
15/05/2026 13:42,17.625,0.001,7.92
15/05/2026 13:42,17.5,0.001,7.92
15/05/2026 13:42,17.5,0.001,7.92
15/05/2026 13:42,17.625,0.001,7.92
15/05/2026 13:42,17.5,0.001,7.92
15/05/2026 13:42,17.625,0.001,7.92
15/05/2026 13:42,17.5,0.001,7.92
15/05/2026 13:42,17.5,0.001,7.92
15/05/2026 13:41,17.625,0.001,7.92
15/05/2026 13:41,17.625,0.001,7.92
15/05/2026 13:41,17.625,0.001,7.92
15/05/2026 13:41,17.625,0.001,7.92
15/05/2026 13:41,18.625,0.001,7.92
15/05/2026 13:41,16.75,0.001,7.92
15/05/2026 13:40,17.75,0.001,7.92
15/05/2026 13:40,17.75,0.001,7.92
15/05/2026 13:40,17.75,0.001,7.92
15/05/2026 13:40,17.625,0.001,7.92
15/05/2026 13:39,16.75,0.001,7.92
15/05/2026 13:39,17.75,0.001,7.92
15/05/2026 13:39,16.75,0.001,7.92
15/05/2026 13:39,17.5,0.001,7.92
15/05/2026 13:39,17.75,0.001,7.92
15/05/2026 13:39,17.625,0.001,7.92
15/05/2026 13:38,17.5,0.001,7.92
15/05/2026 13:38,17.5,0.001,7.92
15/05/2026 13:38,18.625,0.001,7.92
15/05/2026 13:38,16.75,0.001,7.92
15/05/2026 13:38,17.5,0.001,7.92
15/05/2026 13:38,17.625,0.001,7.92
15/05/2026 13:38,16.75,0.001,7.92
15/05/2026 13:38,17.625,0.001,7.92
15/05/2026 13:37,17.5,0.001,7.92
15/05/2026 13:37,17.75,0.001,7.92
15/05/2026 13:37,17.625,0.001,7.92
15/05/2026 13:37,17.5,0.001,7.92
15/05/2026 13:37,17.5,0.001,7.92
15/05/2026 13:37,17.5,0.001,7.92
15/05/2026 13:37,17.5,0.001,7.92
15/05/2026 13:36,17.5,0.001,7.92
15/05/2026 13:36,17.5,0.001,7.92
15/05/2026 13:36,17.5,0.001,7.92
15/05/2026 13:36,17.625,0.001,7.92
15/05/2026 13:36,17.5,0.001,7.92
15/05/2026 13:36,17.375,0.001,7.92
15/05/2026 13:36,17.375,0.001,7.92
15/05/2026 13:36,18.5,0.001,7.92
15/05/2026 13:35,17.375,0.001,7.92
15/05/2026 13:35,17.5,0.001,7.92
15/05/2026 13:35,17.5,0.001,7.92
15/05/2026 13:35,17.625,0.001,7.92
15/05/2026 13:34,17.75,0.001,7.92
15/05/2026 13:33,18.125,0.001,7.92
15/05/2026 13:33,18.125,0.001,7.92
15/05/2026 13:32,18,0.001,7.92
15/05/2026 13:32,18.125,0.001,7.92
15/05/2026 13:32,18,0.001,7.92
15/05/2026 13:31,18.125,0.001,7.92
15/05/2026 13:31,18,0.001,7.92
15/05/2026 13:31,18.125,0.001,7.92
15/05/2026 13:31,18.125,0.001,7.92
15/05/2026 13:31,18.125,0.001,7.92
15/05/2026 13:30,18.125,0.001,7.92
15/05/2026 13:30,18.25,0.001,7.92
15/05/2026 13:30,18.25,0.001,7.92
15/05/2026 12:59,17.875,0.001,7.92
15/05/2026 12:58,17.75,0.001,7.92
15/05/2026 12:58,17.75,0.001,7.92
15/05/2026 12:58,17.75,0.001,7.92
15/05/2026 12:58,17.875,0.001,7.92
15/05/2026 12:58,17.75,0.001,7.92
15/05/2026 12:57,17.625,0.001,7.92
15/05/2026 12:57,18.625,0.001,7.92
15/05/2026 12:57,17.875,0.001,7.92
15/05/2026 12:57,18.625,0.001,7.92
15/05/2026 12:56,17.875,0.001,7.92
15/05/2026 12:56,16.875,0.001,7.92
15/05/2026 12:56,17.875,0.001,7.92
15/05/2026 12:56,17.875,0.001,7.92
15/05/2026 12:56,17.875,0.001,7.92
15/05/2026 12:56,17.875,0.001,7.92
15/05/2026 12:55,17.75,0.001,7.92
15/05/2026 12:55,18,0.001,7.92
15/05/2026 12:55,18,0.001,7.92
15/05/2026 12:54,17.875,0.001,7.92
15/05/2026 12:54,17.75,0.001,7.92
15/05/2026 12:54,17.75,0.001,7.92
15/05/2026 12:53,17.625,0.001,7.92
15/05/2026 12:53,17.625,0.001,7.92
15/05/2026 12:53,16.75,0.001,7.92
15/05/2026 12:53,16.875,0.001,7.92
15/05/2026 12:53,18.625,0.001,7.92
15/05/2026 12:52,18.625,0.001,7.92
15/05/2026 12:52,16.75,0.001,7.92
15/05/2026 12:52,17.75,0.001,7.92
15/05/2026 12:52,17.75,0.001,7.92
15/05/2026 12:52,16.75,0.001,7.92
15/05/2026 12:51,17.75,0.001,7.92
15/05/2026 12:51,17.625,0.001,7.92
15/05/2026 12:51,17.625,0.001,7.92
15/05/2026 12:51,17.625,0.001,7.92
15/05/2026 12:51,17.625,0.001,7.92
15/05/2026 12:51,17.75,0.001,7.92
15/05/2026 12:50,17.625,0.001,7.92
15/05/2026 12:50,17.75,0.001,7.92
15/05/2026 12:50,18.625,0.001,7.92
15/05/2026 12:50,17.75,0.001,7.92
15/05/2026 12:50,17.625,0.001,7.92
15/05/2026 12:50,16.75,0.001,7.92
15/05/2026 12:49,18.625,0.001,7.92
15/05/2026 12:49,17.75,0.001,7.92
15/05/2026 12:49,17.875,0.001,7.92
15/05/2026 12:49,17.875,0.001,7.92
15/05/2026 12:49,17.75,0.001,7.92
15/05/2026 12:49,17.75,0.001,7.92
15/05/2026 12:48,17.75,0.001,7.92
15/05/2026 12:48,17.75,0.001,7.92
15/05/2026 12:48,17.75,0.001,7.92
15/05/2026 12:48,18.625,0.001,7.92
15/05/2026 12:48,16.75,0.001,7.92
15/05/2026 12:48,17.75,0.001,7.92
15/05/2026 12:47,17.75,0.001,7.92
15/05/2026 12:47,16.75,0.001,7.92
15/05/2026 12:47,17.625,0.001,7.92
15/05/2026 12:47,17.625,0.001,7.92
15/05/2026 12:47,16.75,0.001,7.92
15/05/2026 12:46,18.625,0.001,7.92
15/05/2026 12:46,18.5,0.001,7.92
15/05/2026 12:46,17.625,0.001,7.92
15/05/2026 12:46,17.5,0.001,7.92
15/05/2026 12:45,17.375,0.001,7.92
15/05/2026 12:45,17.625,0.001,7.92
15/05/2026 12:45,17.375,0.001,7.92
15/05/2026 12:45,17.375,0.001,7.92
15/05/2026 12:45,17.5,0.001,7.92
15/05/2026 12:44,17.375,0.001,7.92
15/05/2026 12:44,17.375,0.001,7.92
15/05/2026 12:44,17.5,0.001,7.92
15/05/2026 12:44,17.5,0.001,7.92
15/05/2026 12:44,17.375,0.001,7.92
15/05/2026 12:44,17.375,0.001,7.92
15/05/2026 12:44,17.5,0.001,7.92
15/05/2026 12:44,17.5,0.001,7.92
15/05/2026 12:43,17.375,0.001,7.92
15/05/2026 12:43,17.375,0.001,7.92
15/05/2026 12:43,17.375,0.001,7.92
15/05/2026 12:43,17.5,0.001,7.92
15/05/2026 12:43,17.375,0.001,7.92
15/05/2026 12:43,17.375,0.001,7.92
15/05/2026 12:43,17.25,0.001,7.92
15/05/2026 12:42,17.5,0.001,7.92
15/05/2026 12:42,17.375,0.001,7.92
15/05/2026 12:42,17.25,0.001,7.92
15/05/2026 12:42,17.25,0.001,7.92
15/05/2026 12:42,17.375,0.001,7.92
15/05/2026 12:42,17.25,0.001,7.92
15/05/2026 12:42,17.25,0.001,7.92
15/05/2026 12:41,17.25,0.001,7.92
15/05/2026 12:41,17.375,0.001,7.92
15/05/2026 12:41,17.25,0.001,7.92
15/05/2026 12:41,17.125,0.001,7.92
15/05/2026 12:41,17.25,0.001,7.92
15/05/2026 12:41,17.125,0.001,7.92
15/05/2026 12:41,17.125,0.001,7.92
15/05/2026 12:40,17.125,0.001,7.92
15/05/2026 12:40,17.125,0.001,7.92
15/05/2026 12:40,17,0.001,7.92
15/05/2026 12:40,17.25,0.001,7.92
15/05/2026 12:39,17.125,0.001,7.92
15/05/2026 12:39,17.125,0.001,7.92
15/05/2026 12:39,17.125,0.001,7.92
15/05/2026 12:39,17.125,0.001,7.92
15/05/2026 12:38,17.125,0.001,7.92
15/05/2026 12:38,17,0.001,7.92
15/05/2026 12:38,17,0.001,7.92
15/05/2026 12:38,17,0.001,7.92
15/05/2026 12:38,17,0.001,7.92
15/05/2026 12:37,17,0.001,7.92
15/05/2026 12:37,16.875,0.001,7.92
15/05/2026 12:36,16.875,0.001,7.92
15/05/2026 12:35,16.875,0.001,7.92
15/05/2026 12:35,16.875,0.001,7.92
15/05/2026 12:31,17,0.001,7.92
15/05/2026 12:31,17,0.001,7.92
15/05/2026 12:30,17,0.001,7.92
15/05/2026 12:30,17,0.001,7.92
15/05/2026 12:29,16.875,0.001,7.92
15/05/2026 12:28,17,0.001,7.92
15/05/2026 12:28,16.875,0.001,7.92
15/05/2026 12:25,17,0.001,7.92
15/05/2026 12:25,17,0.001,7.92
15/05/2026 12:25,17,0.001,7.92
15/05/2026 12:25,17,0.001,7.92
15/05/2026 12:24,16.875,0.001,7.92
15/05/2026 12:24,17,0.001,7.92
15/05/2026 12:23,17,0.001,7.92
15/05/2026 12:23,16.875,0.001,7.92
15/05/2026 12:23,16.875,0.001,7.92
15/05/2026 12:22,17.625,0.001,7.92
15/05/2026 12:05,16.75,0.001,7.92
15/05/2026 11:35,15.75,0.001,7.92
15/05/2026 11:05,17.625,0.001,7.92
15/05/2026 10:55,17.25,0.001,7.92
15/05/2026 10:55,17.25,0.001,7.92
15/05/2026 10:55,17.375,0.001,7.92
15/05/2026 10:54,17.375,0.001,7.92
15/05/2026 10:54,17.25,0.001,7.92
15/05/2026 10:54,17.375,0.001,7.92
15/05/2026 10:54,17.375,0.001,7.92
15/05/2026 10:54,17.375,0.001,7.92
15/05/2026 10:53,17.375,0.001,7.92
15/05/2026 10:53,17.375,0.001,7.92
15/05/2026 10:53,17.25,0.001,7.92
15/05/2026 10:53,17.375,0.001,7.92
15/05/2026 10:53,17.25,0.001,7.92
15/05/2026 10:53,17.375,0.001,7.92
15/05/2026 10:53,17.25,0.001,7.92
15/05/2026 10:53,17.25,0.001,7.92
15/05/2026 10:52,17.25,0.001,7.92
15/05/2026 10:52,17.25,0.001,7.92
15/05/2026 10:52,17.375,0.001,7.92
15/05/2026 10:52,17.375,0.001,7.92
15/05/2026 10:52,17.375,0.001,7.92
15/05/2026 10:52,17.375,0.001,7.92
15/05/2026 10:52,17.25,0.001,7.92
15/05/2026 10:52,17.25,0.001,7.92
15/05/2026 10:51,17.25,0.001,7.92
15/05/2026 10:51,17.25,0.001,7.92
15/05/2026 10:51,17.25,0.001,7.92
15/05/2026 10:51,17.375,0.001,7.92
15/05/2026 10:51,17.25,0.001,7.92
15/05/2026 10:51,17.25,0.001,7.92
15/05/2026 10:51,17.375,0.001,7.92
15/05/2026 10:51,17.25,0.001,7.92
15/05/2026 10:50,17.25,0.001,7.92
15/05/2026 10:50,17.25,0.001,7.92
15/05/2026 10:50,17.25,0.001,7.92
15/05/2026 10:50,17.25,0.001,7.92
15/05/2026 10:49,17.25,0.001,7.92
15/05/2026 10:49,17.5,0.001,7.92
15/05/2026 10:48,18.625,0.001,7.92
15/05/2026 10:48,17.875,0.001,7.92
15/05/2026 10:48,18,0.001,7.92
15/05/2026 10:37,17.625,0.001,7.92
15/05/2026 10:36,17.5,0.001,7.92
15/05/2026 10:36,17.625,0.001,7.92
15/05/2026 10:36,17.5,0.001,7.92
15/05/2026 10:36,17.625,0.001,7.92
15/05/2026 10:35,17.625,0.001,7.92
15/05/2026 10:35,17.375,0.001,7.92
15/05/2026 10:35,17.625,0.001,7.92
15/05/2026 10:35,17.5,0.001,7.92
15/05/2026 10:34,17.5,0.001,7.92
15/05/2026 10:34,17.375,0.001,7.92
15/05/2026 10:34,17.5,0.001,7.92
15/05/2026 10:34,17.5,0.001,7.92
15/05/2026 10:34,17.5,0.001,7.92
15/05/2026 10:33,17.5,0.001,7.92
15/05/2026 10:33,17.5,0.001,7.92
15/05/2026 10:33,17.5,0.001,7.92
15/05/2026 10:33,17.375,0.001,7.92
15/05/2026 10:33,17.625,0.001,7.92
15/05/2026 10:32,17.375,0.001,7.92
15/05/2026 10:32,17.5,0.001,7.92
15/05/2026 10:32,17.375,0.001,7.92
15/05/2026 10:32,17.375,0.001,7.92
15/05/2026 10:32,17.375,0.001,7.92
15/05/2026 10:31,17.375,0.001,7.92
15/05/2026 10:31,17.375,0.001,7.92
15/05/2026 10:31,17.5,0.001,7.92
15/05/2026 10:31,17.375,0.001,7.92
15/05/2026 10:31,17.5,0.001,7.92
15/05/2026 10:31,17.375,0.001,7.91
15/05/2026 10:30,17.5,0.001,7.91
15/05/2026 10:30,17.375,0.001,7.92
15/05/2026 10:30,17.375,0.001,7.91
15/05/2026 10:30,17.5,0.001,7.92
15/05/2026 10:30,17.375,0.001,7.91
15/05/2026 10:29,17.375,0.001,7.92
15/05/2026 10:29,17.375,0.001,7.92
15/05/2026 10:29,17.25,0.001,7.91
15/05/2026 10:29,17.125,0.001,7.92
15/05/2026 10:29,17.25,0.001,7.92
15/05/2026 10:29,17.25,0.001,7.92
15/05/2026 10:29,17.25,0.001,7.92
15/05/2026 10:29,17.25,0.001,7.92
15/05/2026 10:28,17.25,0.001,7.91
15/05/2026 10:28,17.25,0.001,7.92
15/05/2026 10:28,17.25,0.001,7.92
15/05/2026 10:28,17.125,0.001,7.92
15/05/2026 10:28,17.25,0.001,7.91
15/05/2026 10:28,17.375,0.001,7.91
15/05/2026 10:28,17.125,0.001,7.91
15/05/2026 10:28,17.25,0.001,7.92
15/05/2026 10:27,17.25,0.001,7.91
15/05/2026 10:27,17.25,0.001,7.92
15/05/2026 10:27,17.25,0.001,7.91
15/05/2026 10:27,17.25,0.001,7.92
15/05/2026 10:27,17.25,0.001,7.92
15/05/2026 10:27,17.25,0.001,7.91
15/05/2026 10:27,17.25,0.001,7.92
15/05/2026 10:27,17.25,0.001,7.91
15/05/2026 10:26,17.375,0.001,7.91
15/05/2026 10:26,17.25,0.001,7.92
15/05/2026 10:26,17.125,0.001,7.91
15/05/2026 10:26,17.25,0.001,7.92
15/05/2026 10:26,17.25,0.001,7.92
15/05/2026 10:26,17.25,0.001,7.92
15/05/2026 10:26,17.25,0.001,7.91
15/05/2026 10:26,17.125,0.001,7.91
15/05/2026 10:26,17.125,0.001,7.91
15/05/2026 10:25,17.25,0.001,7.92
15/05/2026 10:25,17.25,0.001,7.91
15/05/2026 10:25,17.25,0.001,7.92
15/05/2026 10:25,17.25,0.001,7.91
15/05/2026 10:25,17.25,0.001,7.92
15/05/2026 10:25,17.125,0.001,7.91
15/05/2026 10:25,17.25,0.001,7.92
15/05/2026 10:24,17.25,0.001,7.92
15/05/2026 10:24,17.125,0.001,7.92
15/05/2026 10:24,17.25,0.001,7.92
15/05/2026 10:24,17.125,0.001,7.91
15/05/2026 10:24,17.125,0.001,7.92
15/05/2026 10:24,17.125,0.001,7.91
15/05/2026 10:24,17.125,0.001,7.92
15/05/2026 10:24,17.125,0.001,7.92
15/05/2026 10:23,17.25,0.001,7.92
15/05/2026 10:23,17.125,0.001,7.92
15/05/2026 10:23,17.125,0.001,7.92
15/05/2026 10:23,17.125,0.001,7.92
15/05/2026 10:23,17.125,0.001,7.92
15/05/2026 10:23,17.125,0.001,7.91
15/05/2026 10:23,17.125,0.001,7.92
15/05/2026 10:23,17.25,0.001,7.92
15/05/2026 10:22,17.125,0.001,7.92
15/05/2026 10:22,17.125,0.001,7.92
15/05/2026 10:22,16.875,0.001,7.91
15/05/2026 10:22,17,0.001,7.92
15/05/2026 10:22,17,0.001,7.91
15/05/2026 10:22,17.125,0.001,7.91
15/05/2026 10:22,16.875,0.001,7.92
15/05/2026 10:21,16.875,0.001,7.92
15/05/2026 10:21,16.875,0.001,7.92
15/05/2026 10:21,17,0.001,7.92
15/05/2026 10:21,16.875,0.001,7.92
15/05/2026 10:21,16.875,0.001,7.92
15/05/2026 10:20,16.75,0.001,7.92
15/05/2026 10:20,16.875,0.001,7.92
15/05/2026 10:20,15.75,0.001,7.92
15/05/2026 10:19,16.75,0.001,7.92
15/05/2026 10:19,17.625,0.001,7.92
15/05/2026 10:18,16.75,0.001,7.92
15/05/2026 10:18,16.75,0.001,7.91
15/05/2026 10:05,16.625,0.001,7.91
15/05/2026 09:53,16.875,0.001,7.92
15/05/2026 09:53,16.875,0.001,7.91
15/05/2026 09:52,16.875,0.001,7.91
15/05/2026 09:52,16.875,0.001,7.91
15/05/2026 09:52,16.875,0.001,7.91
15/05/2026 09:52,16.75,0.001,7.92
15/05/2026 09:52,16.875,0.001,7.92
15/05/2026 09:51,16.75,0.001,7.92
15/05/2026 09:51,15.75,0.001,7.92
15/05/2026 09:51,16.75,0.001,7.92
15/05/2026 09:50,17.625,0.001,7.92
15/05/2026 09:49,16.75,0.001,7.92
15/05/2026 09:48,17.625,0.001,7.92
15/05/2026 09:48,16.75,0.001,7.92
15/05/2026 09:47,16.75,0.001,7.91
15/05/2026 09:45,16.75,0.001,7.92
15/05/2026 09:45,16.625,0.001,7.92
15/05/2026 09:35,16.875,0.001,7.92
15/05/2026 09:34,16.75,0.001,7.91
15/05/2026 09:34,16.75,0.001,7.91
15/05/2026 09:33,17.625,0.001,7.91
15/05/2026 09:33,15.75,0.001,7.91
15/05/2026 09:27,16.75,0.001,7.91
15/05/2026 09:26,16.625,0.001,7.91
15/05/2026 09:25,16.625,0.001,7.91
15/05/2026 09:25,16.625,0.001,7.91
15/05/2026 09:25,16.5,0.001,7.91
15/05/2026 09:05,16.5,0.001,7.91
15/05/2026 09:05,16.5,0.001,7.91
15/05/2026 08:35,16.625,0.001,7.91
15/05/2026 08:05,16.5,0.001,7.91
15/05/2026 07:35,16.5,0.001,7.91
15/05/2026 07:05,16.375,0.001,7.91
15/05/2026 06:35,16.375,0.001,7.91
15/05/2026 06:05,16.375,0.001,7.91
15/05/2026 05:35,16.5,0.001,7.91
15/05/2026 05:05,16.5,0.001,7.91
15/05/2026 04:35,16.5,0.001,7.91
15/05/2026 04:05,16.5,0.001,7.91
15/05/2026 03:35,16.5,0.001,7.91
15/05/2026 03:05,16.5,0.001,7.91
15/05/2026 02:35,16.5,0.001,7.91
15/05/2026 02:05,16.5,0.001,7.91
15/05/2026 01:35,16.5,0.001,7.91
15/05/2026 01:05,16.375,0.001,7.91
15/05/2026 00:35,16.5,0.001,7.91
15/05/2026 00:05,16.5,0.001,7.91
14/05/2026 23:35,16.375,0.001,7.9
14/05/2026 23:05,16.375,0.001,7.9
14/05/2026 22:35,16.25,0.001,7.9
14/05/2026 22:05,16.25,0.001,7.9
14/05/2026 21:35,16.375,0.001,7.9
14/05/2026 21:05,16.25,0.001,7.9
14/05/2026 20:35,16.125,0.001,7.9
14/05/2026 20:05,16.125,0.001,7.9
14/05/2026 19:35,16,0.001,7.9
14/05/2026 19:05,16,0.001,7.9
14/05/2026 18:35,15.75,0.001,7.9
14/05/2026 18:05,15.625,0.001,7.9
14/05/2026 17:35,15.5,0.001,7.89
14/05/2026 17:05,15.625,0.001,7.89
14/05/2026 16:35,15.25,0.001,7.89
14/05/2026 16:05,15.375,0.001,7.89
14/05/2026 15:35,15.375,0.001,7.89
14/05/2026 15:05,15.125,0.001,7.89
14/05/2026 14:35,15.25,0.001,7.89
14/05/2026 14:05,15.25,0.001,7.89
14/05/2026 13:35,15.125,0.001,7.89
14/05/2026 13:05,15.25,0.001,7.89
14/05/2026 12:35,15,0.001,7.89
14/05/2026 12:05,15.125,0.001,7.89
14/05/2026 11:35,15.125,0.001,7.89
14/05/2026 11:05,15.125,0.001,7.89
14/05/2026 10:35,14.875,0.001,7.89
14/05/2026 10:05,15,0.001,7.89
14/05/2026 09:35,15.125,0.001,7.89
14/05/2026 09:05,15.125,0.001,7.89
14/05/2026 08:40,16.375,0.001,7.89
13/05/2026 05:08,16,0.001,7.87
13/05/2026 05:08,16,0.001,7.87
13/05/2026 05:08,16.125,0.001,7.87
13/05/2026 05:08,16,0.001,7.87
13/05/2026 05:08,16,0.001,7.87
13/05/2026 05:08,16,0.001,7.87
13/05/2026 05:07,16.125,0.001,7.87
13/05/2026 05:07,16.125,0.001,7.87
13/05/2026 05:07,16.125,0.001,7.87
13/05/2026 05:07,16.125,0.001,7.87
13/05/2026 05:07,16,0.001,7.87
13/05/2026 05:07,15.875,0.001,7.87
13/05/2026 05:06,16.125,0.001,7.87
13/05/2026 05:06,16.125,0.001,7.87
13/05/2026 05:06,16.25,0.001,7.87
13/05/2026 05:06,16.25,0.001,7.87
13/05/2026 05:06,16.125,0.001,7.87
13/05/2026 05:06,16.125,0.001,7.87
13/05/2026 05:05,16.25,0.001,7.87
13/05/2026 05:05,16.25,0.001,7.87
13/05/2026 05:05,16.125,0.001,7.87
13/05/2026 05:05,16.25,0.001,7.87
13/05/2026 05:05,16.25,0.001,7.87
13/05/2026 05:04,16.5,0.001,7.87
13/05/2026 05:04,16.375,0.001,7.87
13/05/2026 05:04,16.25,0.001,7.87
13/05/2026 05:04,16.5,0.001,7.87
13/05/2026 04:17,15.375,0.001,7.87
13/05/2026 04:16,15.25,0.001,7.87
13/05/2026 04:16,15.5,0.001,7.87
13/05/2026 04:14,15.875,0.001,7.87
13/05/2026 04:14,16,0.001,7.87
13/05/2026 04:13,16,0.001,7.87
13/05/2026 04:13,16,0.001,7.87
13/05/2026 04:13,15.875,0.001,7.87
13/05/2026 04:13,15.875,0.001,7.87
13/05/2026 04:12,15.875,0.001,7.87
13/05/2026 04:12,15.75,0.001,7.87
13/05/2026 04:12,15.75,0.001,7.87
13/05/2026 04:12,15.75,0.001,7.87
13/05/2026 04:12,15.75,0.001,7.87
13/05/2026 04:11,15.75,0.001,7.87
13/05/2026 04:11,15.875,0.001,7.87
13/05/2026 04:11,15.75,0.001,7.87
13/05/2026 04:11,16.625,0.001,7.87
13/05/2026 04:11,15.625,0.001,7.87
13/05/2026 04:11,14.75,0.001,7.87
13/05/2026 04:10,15.625,0.001,7.87
13/05/2026 04:10,15.625,0.001,7.87
13/05/2026 04:10,15.5,0.001,7.87
13/05/2026 04:10,16.625,0.001,7.87
13/05/2026 04:10,15.625,0.001,7.87
13/05/2026 04:10,16.625,0.001,7.87
13/05/2026 04:10,15.5,0.001,7.87
13/05/2026 04:09,15.5,0.001,7.87
13/05/2026 04:09,15.625,0.001,7.87
13/05/2026 04:09,15.625,0.001,7.87
13/05/2026 04:09,15.625,0.001,7.87
13/05/2026 04:09,15.625,0.001,7.87
13/05/2026 04:09,15.5,0.001,7.87
13/05/2026 04:09,15.5,0.001,7.87
13/05/2026 04:09,15.5,0.001,7.87
13/05/2026 04:08,15.5,0.001,7.87
13/05/2026 04:08,15.5,0.001,7.87
13/05/2026 04:08,15.5,0.001,7.87
13/05/2026 04:08,15.25,0.001,7.87
13/05/2026 04:08,15.375,0.001,7.87
13/05/2026 04:08,15.25,0.001,7.87
13/05/2026 04:07,15.5,0.001,7.87
13/05/2026 04:07,15.25,0.001,7.87
13/05/2026 04:07,15.375,0.001,7.87
13/05/2026 04:06,15.5,0.001,7.87
13/05/2026 04:05,15.5,0.001,7.87
13/05/2026 04:05,15.375,0.001,7.87
13/05/2026 04:05,15.25,0.001,7.87
13/05/2026 04:05,15.375,0.001,7.87
13/05/2026 04:05,15.375,0.001,7.87
13/05/2026 04:05,15.375,0.001,7.87
13/05/2026 04:05,15.375,0.001,7.87
13/05/2026 04:04,15.125,0.001,7.87
13/05/2026 04:04,15.25,0.001,7.87
13/05/2026 04:02,15.375,0.001,7.87
13/05/2026 04:01,15.25,0.001,7.87
13/05/2026 03:54,15.25,0.001,7.87
13/05/2026 03:53,15.625,0.001,7.87
13/05/2026 03:53,15.5,0.001,7.87
13/05/2026 03:53,15.625,0.001,7.87
13/05/2026 03:53,15.625,0.001,7.87
13/05/2026 03:53,15.5,0.001,7.87
13/05/2026 03:52,15.5,0.001,7.87
13/05/2026 03:52,15.625,0.001,7.87
13/05/2026 03:52,15.5,0.001,7.87
13/05/2026 03:51,15.5,0.001,7.87
13/05/2026 03:51,16.625,0.001,7.87
13/05/2026 03:51,15.625,0.001,7.87
13/05/2026 03:51,14.75,0.001,7.87
13/05/2026 03:51,16.625,0.001,7.87
13/05/2026 03:50,16.625,0.001,7.87
13/05/2026 03:50,15.625,0.001,7.87
13/05/2026 03:50,15.625,0.001,7.87
13/05/2026 03:50,15.625,0.001,7.87
13/05/2026 03:50,15.625,0.001,7.87
13/05/2026 03:50,15.625,0.001,7.87
13/05/2026 03:50,15.625,0.001,7.87
13/05/2026 03:49,15.625,0.001,7.87
13/05/2026 03:49,14.75,0.001,7.87
13/05/2026 03:49,15.625,0.001,7.87
13/05/2026 03:49,15.5,0.001,7.87
13/05/2026 03:49,15.625,0.001,7.87
13/05/2026 03:49,15.625,0.001,7.87
13/05/2026 03:48,15.5,0.001,7.87
13/05/2026 03:48,15.5,0.001,7.87
13/05/2026 03:48,15.375,0.001,7.87
13/05/2026 03:48,15.5,0.001,7.87
13/05/2026 03:46,15.875,0.001,7.87
13/05/2026 03:46,14.875,0.001,7.87
13/05/2026 03:46,14.75,0.001,7.87
13/05/2026 03:46,14.75,0.001,7.87
13/05/2026 03:46,15.875,0.001,7.87
13/05/2026 03:46,14.75,0.001,7.87
13/05/2026 03:46,15.75,0.001,7.87
13/05/2026 03:45,15.75,0.001,7.87
13/05/2026 03:45,15.75,0.001,7.87
13/05/2026 03:45,15.5,0.001,7.87
13/05/2026 03:45,15.625,0.001,7.87
13/05/2026 03:45,15.75,0.001,7.87
13/05/2026 03:45,15.625,0.001,7.87
13/05/2026 03:44,15.625,0.001,7.87
13/05/2026 03:44,15.625,0.001,7.87
13/05/2026 03:42,16,0.001,7.87
13/05/2026 03:42,16,0.001,7.87
13/05/2026 03:42,16,0.001,7.87
13/05/2026 03:42,16,0.001,7.87
13/05/2026 03:42,16,0.001,7.87
13/05/2026 03:41,16,0.001,7.87
13/05/2026 03:41,16,0.001,7.87
13/05/2026 03:41,16.125,0.001,7.87
13/05/2026 03:41,16.125,0.001,7.87
13/05/2026 03:41,16.125,0.001,7.87
13/05/2026 03:41,16.25,0.001,7.87
13/05/2026 03:41,16.25,0.001,7.87
13/05/2026 03:40,16.25,0.001,7.87
13/05/2026 03:40,16.25,0.001,7.87
13/05/2026 03:40,16.25,0.001,7.87
13/05/2026 03:40,16.5,0.001,7.87
13/05/2026 03:40,16.25,0.001,7.87
13/05/2026 03:39,16.5,0.001,7.87
13/05/2026 03:39,16.375,0.001,7.87
13/05/2026 03:33,16,0.001,7.87
13/05/2026 03:31,15.875,0.001,7.87
13/05/2026 03:30,15.875,0.001,7.87
13/05/2026 03:30,14.75,0.001,7.87
13/05/2026 03:30,16.625,0.001,7.87
13/05/2026 03:30,14.75,0.001,7.87
13/05/2026 03:30,15.75,0.001,7.87
13/05/2026 03:30,14.75,0.001,7.87
13/05/2026 03:30,16.625,0.001,7.87
13/05/2026 03:29,15.75,0.001,7.87
13/05/2026 03:29,14.875,0.001,7.87
13/05/2026 03:29,15.875,0.001,7.87
13/05/2026 03:29,16,0.001,7.87
13/05/2026 03:29,15.875,0.001,7.87
13/05/2026 03:29,16,0.001,7.87
13/05/2026 03:28,15.875,0.001,7.87
13/05/2026 03:28,15.875,0.001,7.87
13/05/2026 03:28,16,0.001,7.87
13/05/2026 03:28,15.875,0.001,7.87
13/05/2026 03:28,15.875,0.001,7.87
13/05/2026 03:28,15.875,0.001,7.87
13/05/2026 03:28,15.75,0.001,7.87
13/05/2026 03:27,15.875,0.001,7.87
13/05/2026 03:27,15.875,0.001,7.87
13/05/2026 03:27,15.75,0.001,7.87
13/05/2026 03:27,15.875,0.001,7.87
13/05/2026 03:27,16,0.001,7.87
13/05/2026 03:26,15.875,0.001,7.87
13/05/2026 03:26,16,0.001,7.87
13/05/2026 03:26,16,0.001,7.87
13/05/2026 03:26,16,0.001,7.87
13/05/2026 03:26,16,0.001,7.87
13/05/2026 03:26,16,0.001,7.87
13/05/2026 03:25,16,0.001,7.87
13/05/2026 03:25,15.875,0.001,7.87
13/05/2026 03:25,15.875,0.001,7.87
13/05/2026 03:25,16,0.001,7.87
13/05/2026 03:25,16,0.001,7.87
13/05/2026 03:25,16,0.001,7.87
13/05/2026 03:24,16.125,0.001,7.87
13/05/2026 03:24,16.125,0.001,7.87
13/05/2026 03:24,16.125,0.001,7.87
13/05/2026 03:24,16.125,0.001,7.87
13/05/2026 03:24,16.25,0.001,7.87
13/05/2026 03:24,16,0.001,7.87
13/05/2026 03:23,16.125,0.001,7.87
13/05/2026 03:23,16.25,0.001,7.87
13/05/2026 03:20,15.25,0.001,7.86
13/05/2026 03:19,15.125,0.001,7.87
13/05/2026 03:19,15.125,0.001,7.87
13/05/2026 03:18,15.25,0.001,7.87
13/05/2026 03:14,15.75,0.001,7.87
13/05/2026 03:14,14.75,0.001,7.87
13/05/2026 03:13,16.625,0.001,7.87
13/05/2026 03:13,15.75,0.001,7.87
13/05/2026 03:13,15.75,0.001,7.87
13/05/2026 03:13,15.75,0.001,7.87
13/05/2026 03:13,15.875,0.001,7.87
13/05/2026 03:13,15.75,0.001,7.87
13/05/2026 03:13,15.75,0.001,7.87
13/05/2026 03:13,15.875,0.001,7.87
13/05/2026 03:12,15.75,0.001,7.87
13/05/2026 03:12,15.75,0.001,7.87
13/05/2026 03:12,15.875,0.001,7.87
13/05/2026 03:12,16,0.001,7.87
13/05/2026 03:12,15.875,0.001,7.87
13/05/2026 03:12,16,0.001,7.87
13/05/2026 03:12,15.875,0.001,7.87
13/05/2026 03:11,15.875,0.001,7.87
13/05/2026 03:11,15.875,0.001,7.87
13/05/2026 03:11,16,0.001,7.87
13/05/2026 03:11,16,0.001,7.87
13/05/2026 03:11,16.125,0.001,7.87
13/05/2026 03:11,16,0.001,7.87
13/05/2026 03:11,16.125,0.001,7.87
13/05/2026 03:10,16.125,0.001,7.87
13/05/2026 03:10,16,0.001,7.87
13/05/2026 03:10,16.125,0.001,7.87
13/05/2026 03:10,16.375,0.001,7.87
13/05/2026 03:10,16.25,0.001,7.87
13/05/2026 03:10,16.375,0.001,7.87
13/05/2026 03:10,16.375,0.001,7.87
13/05/2026 03:09,16.375,0.001,7.87
13/05/2026 00:28,16.375,0.001,7.86
13/05/2026 00:28,16.125,0.001,7.87
13/05/2026 00:27,16.25,0.001,7.87
13/05/2026 00:27,16.375,0.001,7.87
13/05/2026 00:27,16.125,0.001,7.87
13/05/2026 00:27,16.375,0.001,7.87
13/05/2026 00:19,16,0.001,7.87
13/05/2026 00:18,16,0.001,7.87
13/05/2026 00:18,16,0.001,7.87
13/05/2026 00:18,15.875,0.001,7.87
13/05/2026 00:17,16.125,0.001,7.86
13/05/2026 00:17,16.125,0.001,7.87
13/05/2026 00:17,15.875,0.001,7.87
13/05/2026 00:17,16,0.001,7.87
13/05/2026 00:16,16,0.001,7.87
13/05/2026 00:16,16,0.001,7.87
13/05/2026 00:16,15.875,0.001,7.87
13/05/2026 00:15,16,0.001,7.86
13/05/2026 00:15,15.875,0.001,7.86
13/05/2026 00:15,15.875,0.001,7.87
13/05/2026 00:13,15.375,0.001,7.87
13/05/2026 00:13,15.25,0.001,7.87
13/05/2026 00:13,15.25,0.001,7.87
13/05/2026 00:12,15.375,0.001,7.87
13/05/2026 00:12,15.5,0.001,7.87
13/05/2026 00:12,15.5,0.001,7.87
13/05/2026 00:12,15.5,0.001,7.87
13/05/2026 00:11,15.5,0.001,7.87
13/05/2026 00:11,15.5,0.001,7.87
13/05/2026 00:11,15.625,0.001,7.87
13/05/2026 00:11,15.625,0.001,7.87
13/05/2026 00:11,15.5,0.001,7.87
13/05/2026 00:10,15.625,0.001,7.87
13/05/2026 00:10,15.625,0.001,7.87
13/05/2026 00:10,15.625,0.001,7.87
13/05/2026 00:10,15.625,0.001,7.87
13/05/2026 00:09,15.625,0.001,7.87
13/05/2026 00:09,15.625,0.001,7.87
13/05/2026 00:09,16.625,0.001,7.87
13/05/2026 00:09,14.75,0.001,7.87
13/05/2026 00:09,14.75,0.001,7.87
13/05/2026 00:08,15.75,0.001,7.87
13/05/2026 00:08,15.75,0.001,7.87
13/05/2026 00:08,15.75,0.001,7.87
13/05/2026 00:08,15.75,0.001,7.87
13/05/2026 00:08,15.875,0.001,7.87
13/05/2026 00:08,15.875,0.001,7.87
13/05/2026 00:07,15.875,0.001,7.87
13/05/2026 00:07,16.125,0.001,7.87
13/05/2026 00:07,15.875,0.001,7.87
13/05/2026 00:07,15.875,0.001,7.87
13/05/2026 00:07,16,0.001,7.86
13/05/2026 00:07,16.125,0.001,7.87
13/05/2026 00:07,16.125,0.001,7.87
13/05/2026 00:06,16.125,0.001,7.87
13/05/2026 00:06,16.125,0.001,7.87
13/05/2026 00:06,16.125,0.001,7.87
13/05/2026 00:06,16.125,0.001,7.87
13/05/2026 00:06,16.125,0.001,7.86
13/05/2026 00:06,16.125,0.001,7.87
13/05/2026 00:06,16.375,0.001,7.87
13/05/2026 00:04,16.25,0.001,7.87
13/05/2026 00:03,16.25,0.001,7.87
12/05/2026 23:19,16.375,0.001,7.86
12/05/2026 23:18,16.375,0.001,7.86
12/05/2026 23:16,16.125,0.001,7.87
12/05/2026 23:15,16.25,0.001,7.87
12/05/2026 23:15,16.125,0.001,7.87
12/05/2026 23:15,16.375,0.001,7.87
12/05/2026 23:15,16.25,0.001,7.87
12/05/2026 23:15,16.375,0.001,7.87
12/05/2026 23:14,16.125,0.001,7.87
12/05/2026 23:14,16.5,0.001,7.87
12/05/2026 23:08,16.375,0.001,7.86
12/05/2026 22:48,16.125,0.001,7.87
12/05/2026 22:48,16.125,0.001,7.87
12/05/2026 22:47,16.125,0.001,7.86
12/05/2026 22:47,16,0.001,7.86
12/05/2026 22:46,15.875,0.001,7.87
12/05/2026 22:46,15.875,0.001,7.87
12/05/2026 22:46,15.875,0.001,7.87
12/05/2026 22:46,15.875,0.001,7.86
12/05/2026 22:45,15.875,0.001,7.87
12/05/2026 22:45,16,0.001,7.86
12/05/2026 22:45,15.875,0.001,7.87
12/05/2026 22:45,15.75,0.001,7.87
12/05/2026 22:45,15.75,0.001,7.87
12/05/2026 22:44,15.875,0.001,7.87
12/05/2026 22:44,15.75,0.001,7.86
12/05/2026 22:44,15.75,0.001,7.86
12/05/2026 22:44,15.875,0.001,7.86
12/05/2026 22:44,16,0.001,7.86
12/05/2026 22:44,15.875,0.001,7.86
12/05/2026 22:44,16,0.001,7.86
12/05/2026 22:43,16,0.001,7.86
12/05/2026 22:43,16,0.001,7.86
12/05/2026 22:43,15.875,0.001,7.86
12/05/2026 22:43,15.875,0.001,7.86
12/05/2026 22:43,16,0.001,7.86
12/05/2026 22:43,15.875,0.001,7.86
12/05/2026 22:43,15.875,0.001,7.86
12/05/2026 22:42,16,0.001,7.87
12/05/2026 22:42,16,0.001,7.86
12/05/2026 22:42,16,0.001,7.86
12/05/2026 22:42,16,0.001,7.87
12/05/2026 22:41,16,0.001,7.86
12/05/2026 22:41,16.125,0.001,7.87
12/05/2026 22:41,16,0.001,7.86
12/05/2026 22:41,16,0.001,7.86
12/05/2026 22:40,15.875,0.001,7.87
12/05/2026 22:40,15.875,0.001,7.87
12/05/2026 22:40,16.125,0.001,7.87
12/05/2026 22:40,16,0.001,7.86
12/05/2026 22:39,15.875,0.001,7.86
12/05/2026 22:39,15.875,0.001,7.86
12/05/2026 22:39,15.875,0.001,7.86
12/05/2026 22:39,16,0.001,7.86
12/05/2026 22:39,16,0.001,7.86
12/05/2026 22:39,15.875,0.001,7.86
12/05/2026 22:38,16,0.001,7.86
12/05/2026 22:38,16,0.001,7.86
12/05/2026 22:38,15.875,0.001,7.86
12/05/2026 22:38,15.875,0.001,7.86
12/05/2026 22:38,16,0.001,7.86
12/05/2026 22:38,15.875,0.001,7.86
12/05/2026 22:38,16,0.001,7.86
12/05/2026 22:37,16,0.001,7.86
12/05/2026 22:37,16,0.001,7.86
12/05/2026 22:37,16,0.001,7.86
12/05/2026 22:37,16,0.001,7.86
12/05/2026 22:37,16,0.001,7.86
12/05/2026 22:37,16.125,0.001,7.86
12/05/2026 22:36,16.125,0.001,7.86
12/05/2026 22:36,16.125,0.001,7.86
12/05/2026 22:36,16.125,0.001,7.86
12/05/2026 22:36,16.125,0.001,7.86
12/05/2026 22:36,16.125,0.001,7.86
12/05/2026 22:36,16.25,0.001,7.86
12/05/2026 22:35,16.125,0.001,7.86
12/05/2026 22:35,16.25,0.001,7.86
12/05/2026 22:35,16.375,0.001,7.86
12/05/2026 22:35,16.375,0.001,7.86
12/05/2026 22:34,16.25,0.001,7.86
12/05/2026 22:34,16.5,0.001,7.86
12/05/2026 22:29,16.375,0.001,7.86
12/05/2026 22:22,16.25,0.001,7.86
12/05/2026 22:04,16.25,0.001,7.86
12/05/2026 22:04,16.25,0.001,7.86
12/05/2026 22:03,16.125,0.001,7.86
12/05/2026 22:03,16.375,0.001,7.86
12/05/2026 22:03,16.375,0.001,7.86
12/05/2026 22:01,16.125,0.001,7.86
12/05/2026 21:58,16.25,0.001,7.86
12/05/2026 21:57,16.375,0.001,7.86
12/05/2026 21:57,16.125,0.001,7.86
12/05/2026 21:57,16.25,0.001,7.86
12/05/2026 21:57,16.25,0.001,7.86
12/05/2026 21:47,15.875,0.001,7.86
12/05/2026 21:47,16,0.001,7.86
12/05/2026 21:47,15.875,0.001,7.86
12/05/2026 21:47,16,0.001,7.86
12/05/2026 21:47,16.125,0.001,7.86
12/05/2026 21:47,16,0.001,7.86
12/05/2026 21:47,16,0.001,7.86
12/05/2026 21:47,16.25,0.001,7.86
12/05/2026 21:46,16,0.001,7.86
12/05/2026 21:46,16.25,0.001,7.86
12/05/2026 21:46,16.25,0.001,7.86
12/05/2026 21:46,16.375,0.001,7.86
12/05/2026 21:46,16.25,0.001,7.86
12/05/2026 21:39,16.375,0.001,7.86
12/05/2026 21:38,16.5,0.001,7.86
12/05/2026 21:36,16,0.001,7.86
12/05/2026 21:35,15.875,0.001,7.86
12/05/2026 21:35,16,0.001,7.86
12/05/2026 21:35,15.875,0.001,7.86
12/05/2026 21:34,15.875,0.001,7.86
12/05/2026 21:34,15.75,0.001,7.86
12/05/2026 21:34,16,0.001,7.86
12/05/2026 21:34,15.875,0.001,7.86
12/05/2026 21:34,15.75,0.001,7.86
12/05/2026 21:34,15.875,0.001,7.86
12/05/2026 21:33,15.875,0.001,7.86
12/05/2026 21:33,15.75,0.001,7.86
12/05/2026 21:33,16,0.001,7.86
12/05/2026 21:33,15.75,0.001,7.86
12/05/2026 21:33,14.75,0.001,7.86
12/05/2026 21:32,15.75,0.001,7.86
12/05/2026 21:32,15.75,0.001,7.86
12/05/2026 21:32,15.75,0.001,7.86
12/05/2026 21:32,15.75,0.001,7.86
12/05/2026 21:32,15.75,0.001,7.86
12/05/2026 21:32,15.75,0.001,7.86
12/05/2026 21:32,15.875,0.001,7.86
12/05/2026 21:31,14.75,0.001,7.86
12/05/2026 21:31,15.75,0.001,7.86
12/05/2026 21:31,15.75,0.001,7.86
12/05/2026 21:31,14.75,0.001,7.86
12/05/2026 21:31,15.75,0.001,7.86
12/05/2026 21:31,15.75,0.001,7.86
12/05/2026 21:31,15.75,0.001,7.86
12/05/2026 21:30,15.875,0.001,7.86
12/05/2026 21:30,15.875,0.001,7.86
12/05/2026 21:30,15.75,0.001,7.86
12/05/2026 21:30,15.875,0.001,7.86
12/05/2026 21:30,15.75,0.001,7.86
12/05/2026 21:30,15.75,0.001,7.86
12/05/2026 21:30,15.875,0.001,7.86
12/05/2026 21:30,15.625,0.001,7.86
12/05/2026 21:29,15.75,0.001,7.86
12/05/2026 21:29,15.875,0.001,7.86
12/05/2026 21:29,15.875,0.001,7.86
12/05/2026 21:29,15.875,0.001,7.86
12/05/2026 21:29,15.875,0.001,7.86
12/05/2026 21:29,15.75,0.001,7.86
12/05/2026 21:29,15.75,0.001,7.86
12/05/2026 21:29,15.875,0.001,7.86
12/05/2026 21:28,15.75,0.001,7.86
12/05/2026 21:28,15.75,0.001,7.86
12/05/2026 21:28,15.875,0.001,7.86
12/05/2026 21:28,15.75,0.001,7.86
12/05/2026 21:28,15.875,0.001,7.86
12/05/2026 21:28,15.875,0.001,7.86
12/05/2026 21:28,15.875,0.001,7.86
12/05/2026 21:28,15.875,0.001,7.86
12/05/2026 21:27,15.875,0.001,7.86
12/05/2026 21:27,16,0.001,7.86
12/05/2026 21:27,15.875,0.001,7.86
12/05/2026 21:27,15.875,0.001,7.86
12/05/2026 21:27,16,0.001,7.86
12/05/2026 21:27,16,0.001,7.86
12/05/2026 21:27,15.875,0.001,7.86
12/05/2026 21:26,15.875,0.001,7.86
12/05/2026 21:26,16,0.001,7.86
12/05/2026 21:26,16,0.001,7.86
12/05/2026 21:26,15.875,0.001,7.86
12/05/2026 21:26,15.875,0.001,7.86
12/05/2026 21:26,15.875,0.001,7.86
12/05/2026 21:25,16,0.001,7.86
12/05/2026 21:25,16,0.001,7.86
12/05/2026 21:25,16.125,0.001,7.86
12/05/2026 21:25,16,0.001,7.86
12/05/2026 21:25,16.125,0.001,7.86
12/05/2026 21:25,16,0.001,7.86
12/05/2026 21:25,16.125,0.001,7.86
12/05/2026 21:24,16.25,0.001,7.86
12/05/2026 21:24,16.25,0.001,7.86
12/05/2026 21:24,16.25,0.001,7.86
12/05/2026 21:23,16.125,0.001,7.86
12/05/2026 21:22,16.25,0.001,7.86
12/05/2026 21:19,16,0.001,7.86
12/05/2026 21:18,16,0.001,7.86
12/05/2026 21:18,15.875,0.001,7.86
12/05/2026 21:18,16,0.001,7.86
12/05/2026 21:18,15.75,0.001,7.86
12/05/2026 21:17,15.875,0.001,7.86
12/05/2026 21:17,15.75,0.001,7.86
12/05/2026 21:17,15.75,0.001,7.86
12/05/2026 21:17,16,0.001,7.86
12/05/2026 21:17,16,0.001,7.86
12/05/2026 21:17,16,0.001,7.86
12/05/2026 21:17,16,0.001,7.86
12/05/2026 21:16,16,0.001,7.86
12/05/2026 21:16,15.875,0.001,7.86
12/05/2026 21:16,16,0.001,7.86
12/05/2026 21:16,16,0.001,7.86
12/05/2026 21:16,16.125,0.001,7.86
12/05/2026 21:16,15.875,0.001,7.86
12/05/2026 21:16,16,0.001,7.86
12/05/2026 21:15,16,0.001,7.86
12/05/2026 21:15,16,0.001,7.86
12/05/2026 21:15,16,0.001,7.86
12/05/2026 21:15,16,0.001,7.86
12/05/2026 21:15,16.125,0.001,7.86
12/05/2026 21:15,16,0.001,7.86
12/05/2026 21:15,16.125,0.001,7.86
12/05/2026 21:14,16,0.001,7.86
12/05/2026 21:14,16.125,0.001,7.86
12/05/2026 21:14,16.125,0.001,7.86
12/05/2026 21:14,16.125,0.001,7.86
12/05/2026 21:14,16.25,0.001,7.86
12/05/2026 21:14,16.125,0.001,7.86
12/05/2026 21:13,16.25,0.001,7.86
12/05/2026 21:13,16.25,0.001,7.86
12/05/2026 21:12,16.125,0.001,7.86
12/05/2026 21:12,16,0.001,7.86
12/05/2026 21:12,16.125,0.001,7.86
12/05/2026 21:12,16,0.001,7.86
12/05/2026 21:11,16.25,0.001,7.86
12/05/2026 21:11,16,0.001,7.86
12/05/2026 21:11,16.25,0.001,7.86
12/05/2026 21:11,16.125,0.001,7.86
12/05/2026 21:10,16.125,0.001,7.86
12/05/2026 21:10,16.25,0.001,7.86
12/05/2026 21:10,16.125,0.001,7.86
12/05/2026 21:10,16.375,0.001,7.86
12/05/2026 21:09,16.25,0.001,7.86
12/05/2026 21:08,16.125,0.001,7.86
12/05/2026 21:07,16.125,0.001,7.86
12/05/2026 21:07,16.125,0.001,7.86
12/05/2026 21:07,16,0.001,7.86
12/05/2026 21:07,16.125,0.001,7.86
12/05/2026 21:07,16.125,0.001,7.86
12/05/2026 21:07,16.125,0.001,7.86
12/05/2026 21:06,16.125,0.001,7.86
12/05/2026 21:06,16.125,0.001,7.86
12/05/2026 21:06,16.375,0.001,7.86
12/05/2026 20:59,16.25,0.001,7.86
12/05/2026 20:58,16,0.001,7.86
12/05/2026 20:58,16.125,0.001,7.86
12/05/2026 20:58,16.125,0.001,7.86
12/05/2026 20:58,16.125,0.001,7.86
12/05/2026 20:58,16.125,0.001,7.86
12/05/2026 20:57,16,0.001,7.86
12/05/2026 20:57,16.125,0.001,7.86
12/05/2026 20:57,16,0.001,7.86
12/05/2026 20:57,16.125,0.001,7.86
12/05/2026 20:57,16.125,0.001,7.86
12/05/2026 20:56,16.125,0.001,7.86
12/05/2026 20:56,16,0.001,7.86
12/05/2026 20:56,16.125,0.001,7.86
12/05/2026 20:56,16.25,0.001,7.86
12/05/2026 20:56,16.125,0.001,7.86
12/05/2026 20:55,16,0.001,7.86
12/05/2026 20:55,16,0.001,7.86
12/05/2026 20:55,16.25,0.001,7.86
12/05/2026 20:55,16.25,0.001,7.86
12/05/2026 20:54,16.125,0.001,7.86
12/05/2026 20:54,16.375,0.001,7.86
12/05/2026 20:54,16.375,0.001,7.86
12/05/2026 20:54,16.375,0.001,7.86
12/05/2026 20:53,16.25,0.001,7.86
12/05/2026 20:53,16.375,0.001,7.86
12/05/2026 20:53,16.5,0.001,7.86
12/05/2026 20:47,16.25,0.001,7.86
12/05/2026 20:47,16.5,0.001,7.86
12/05/2026 20:46,16.5,0.001,7.86
12/05/2026 20:20,16.375,0.001,7.86
12/05/2026 20:18,16.25,0.001,7.86
12/05/2026 20:18,16.125,0.001,7.86
12/05/2026 20:17,16.125,0.001,7.86
12/05/2026 20:16,15.875,0.001,7.86
12/05/2026 20:16,15.875,0.001,7.86
12/05/2026 20:16,16,0.001,7.86
12/05/2026 20:16,15.875,0.001,7.86
12/05/2026 20:15,15.75,0.001,7.86
12/05/2026 20:15,15.875,0.001,7.86
12/05/2026 20:15,15.75,0.001,7.86
12/05/2026 20:15,15.75,0.001,7.86
12/05/2026 20:15,15.875,0.001,7.86
12/05/2026 20:14,15.75,0.001,7.86
12/05/2026 20:14,15.75,0.001,7.86
12/05/2026 20:14,15.875,0.001,7.86
12/05/2026 20:14,15.875,0.001,7.86
12/05/2026 20:14,15.875,0.001,7.86
12/05/2026 20:14,15.75,0.001,7.86
12/05/2026 20:13,15.75,0.001,7.86
12/05/2026 20:13,15.875,0.001,7.86
12/05/2026 20:13,15.875,0.001,7.86
12/05/2026 20:13,15.875,0.001,7.86
12/05/2026 20:13,15.875,0.001,7.86
12/05/2026 20:13,16,0.001,7.86
12/05/2026 20:13,15.875,0.001,7.86
12/05/2026 20:12,15.75,0.001,7.86
12/05/2026 20:12,16,0.001,7.86
12/05/2026 20:12,15.875,0.001,7.86
12/05/2026 20:12,15.875,0.001,7.86
12/05/2026 20:12,15.75,0.001,7.86
12/05/2026 20:12,15.875,0.001,7.86
12/05/2026 20:12,15.875,0.001,7.86
12/05/2026 20:11,15.75,0.001,7.86
12/05/2026 20:11,15.875,0.001,7.86
12/05/2026 20:11,16,0.001,7.86
12/05/2026 20:11,15.875,0.001,7.86
12/05/2026 20:11,15.875,0.001,7.86
12/05/2026 20:11,15.875,0.001,7.86
12/05/2026 20:10,15.875,0.001,7.86
12/05/2026 20:10,15.75,0.001,7.86
12/05/2026 20:10,15.875,0.001,7.86
12/05/2026 20:10,15.875,0.001,7.86
12/05/2026 20:10,15.875,0.001,7.86
12/05/2026 20:10,16,0.001,7.86
12/05/2026 20:09,16,0.001,7.86
12/05/2026 20:09,15.875,0.001,7.86
12/05/2026 20:09,15.875,0.001,7.86
12/05/2026 20:09,16,0.001,7.86
12/05/2026 20:09,15.875,0.001,7.86
12/05/2026 20:09,15.875,0.001,7.86
12/05/2026 20:08,15.75,0.001,7.86
12/05/2026 20:08,16,0.001,7.86
12/05/2026 20:08,15.75,0.001,7.86
12/05/2026 20:08,15.875,0.001,7.86
12/05/2026 20:08,15.875,0.001,7.86
12/05/2026 20:08,15.875,0.001,7.86
12/05/2026 20:08,15.875,0.001,7.86
12/05/2026 20:07,15.875,0.001,7.86
12/05/2026 20:07,15.875,0.001,7.86
12/05/2026 20:07,16.125,0.001,7.86
12/05/2026 20:07,15.875,0.001,7.86
12/05/2026 20:07,16,0.001,7.86
12/05/2026 20:07,16,0.001,7.86
12/05/2026 20:06,16,0.001,7.86
12/05/2026 20:06,15.875,0.001,7.86
12/05/2026 20:06,15.875,0.001,7.86
12/05/2026 20:06,16,0.001,7.86
12/05/2026 20:06,16,0.001,7.86
12/05/2026 20:05,16,0.001,7.86
12/05/2026 20:05,15.75,0.001,7.86
12/05/2026 20:05,15.875,0.001,7.86
12/05/2026 20:05,15.875,0.001,7.86
12/05/2026 20:05,15.75,0.001,7.86
12/05/2026 20:04,15.875,0.001,7.86
12/05/2026 20:04,16.625,0.001,7.86
12/05/2026 20:04,15.75,0.001,7.86
12/05/2026 20:04,15.75,0.001,7.86
12/05/2026 20:04,15.75,0.001,7.86
12/05/2026 20:04,14.75,0.001,7.86
12/05/2026 20:03,15.75,0.001,7.86
12/05/2026 20:03,15.75,0.001,7.86
12/05/2026 20:03,15.75,0.001,7.86
12/05/2026 20:03,15.625,0.001,7.86
12/05/2026 20:03,14.75,0.001,7.86
12/05/2026 20:03,15.625,0.001,7.86
12/05/2026 20:02,15.75,0.001,7.86
12/05/2026 20:02,15.75,0.001,7.86
12/05/2026 20:02,15.625,0.001,7.86
12/05/2026 20:02,16.625,0.001,7.86
12/05/2026 20:02,15.625,0.001,7.86
12/05/2026 20:02,15.75,0.001,7.86
12/05/2026 20:02,15.75,0.001,7.86
12/05/2026 20:02,15.625,0.001,7.86
12/05/2026 20:01,15.5,0.001,7.86
12/05/2026 20:01,15.625,0.001,7.86
12/05/2026 20:01,15.625,0.001,7.86
12/05/2026 20:01,15.625,0.001,7.86
12/05/2026 20:01,15.625,0.001,7.86
12/05/2026 20:01,15.625,0.001,7.86
12/05/2026 20:01,14.75,0.001,7.86
12/05/2026 20:00,15.875,0.001,7.86
12/05/2026 20:00,15.625,0.001,7.86
12/05/2026 20:00,15.875,0.001,7.86
12/05/2026 20:00,15.75,0.001,7.86
12/05/2026 20:00,14.75,0.001,7.86
12/05/2026 20:00,15.75,0.001,7.86
12/05/2026 20:00,14.875,0.001,7.86
12/05/2026 19:59,15.75,0.001,7.86
12/05/2026 19:59,16.625,0.001,7.86
12/05/2026 19:59,15.75,0.001,7.86
12/05/2026 19:59,15.75,0.001,7.86
12/05/2026 19:59,14.75,0.001,7.86
12/05/2026 19:59,15.75,0.001,7.86
12/05/2026 19:59,14.875,0.001,7.86
12/05/2026 19:58,15.875,0.001,7.86
12/05/2026 19:58,15.75,0.001,7.86
12/05/2026 19:58,14.75,0.001,7.86
12/05/2026 19:58,16.625,0.001,7.86
12/05/2026 19:58,16.625,0.001,7.86
12/05/2026 19:58,14.75,0.001,7.86
12/05/2026 19:58,15.875,0.001,7.86
12/05/2026 19:58,16.5,0.001,7.86
12/05/2026 19:57,15.625,0.001,7.86
12/05/2026 19:57,16.625,0.001,7.86
12/05/2026 19:57,15.75,0.001,7.86
12/05/2026 19:57,15.875,0.001,7.86
12/05/2026 19:57,15.75,0.001,7.86
12/05/2026 19:57,14.75,0.001,7.86
12/05/2026 19:57,15.75,0.001,7.86
12/05/2026 19:57,16.625,0.001,7.86
12/05/2026 19:56,16.625,0.001,7.86
12/05/2026 19:56,15.625,0.001,7.86
12/05/2026 19:56,15.625,0.001,7.86
12/05/2026 19:56,14.75,0.001,7.86
12/05/2026 19:56,15.625,0.001,7.86
12/05/2026 19:56,16.625,0.001,7.86
12/05/2026 19:56,15.625,0.001,7.86
12/05/2026 19:56,15.625,0.001,7.86
12/05/2026 19:55,14.75,0.001,7.86
12/05/2026 19:55,16.625,0.001,7.86
12/05/2026 19:55,16.5,0.001,7.86
12/05/2026 19:55,15.75,0.001,7.86
12/05/2026 19:55,15.875,0.001,7.86
12/05/2026 19:54,15.875,0.001,7.86
12/05/2026 19:54,15.75,0.001,7.86
12/05/2026 19:54,16.625,0.001,7.86
12/05/2026 19:54,16.625,0.001,7.86
12/05/2026 19:54,15.75,0.001,7.86
12/05/2026 19:53,16.625,0.001,7.86
12/05/2026 19:53,16.625,0.001,7.86
12/05/2026 19:53,14.75,0.001,7.86
12/05/2026 19:53,15.625,0.001,7.86
12/05/2026 19:53,15.75,0.001,7.86
12/05/2026 19:53,16.625,0.001,7.86
12/05/2026 19:53,16.625,0.001,7.86
12/05/2026 19:53,15.75,0.001,7.86
12/05/2026 19:53,15.75,0.001,7.86
12/05/2026 19:52,16.625,0.001,7.86
12/05/2026 19:52,14.75,0.001,7.86
12/05/2026 19:52,14.75,0.001,7.86
12/05/2026 19:52,15.625,0.001,7.86
12/05/2026 19:52,16.5,0.001,7.86
12/05/2026 19:52,15.625,0.001,7.86
12/05/2026 19:52,15.5,0.001,7.86
12/05/2026 19:52,15.625,0.001,7.86
12/05/2026 19:51,15.625,0.001,7.86
12/05/2026 19:51,15.625,0.001,7.86
12/05/2026 19:51,15.5,0.001,7.86
12/05/2026 19:51,15.625,0.001,7.86
12/05/2026 19:51,15.625,0.001,7.86
12/05/2026 19:51,15.625,0.001,7.86
12/05/2026 19:51,15.5,0.001,7.86
12/05/2026 19:50,15.5,0.001,7.86
12/05/2026 19:50,15.625,0.001,7.86
12/05/2026 19:50,15.625,0.001,7.86
12/05/2026 19:50,15.5,0.001,7.86
12/05/2026 19:50,15.5,0.001,7.86
12/05/2026 19:50,15.5,0.001,7.86
12/05/2026 19:50,15.625,0.001,7.86
12/05/2026 19:49,15.5,0.001,7.86
12/05/2026 19:49,15.5,0.001,7.86
12/05/2026 19:49,15.625,0.001,7.86
12/05/2026 19:49,15.5,0.001,7.86
12/05/2026 19:49,15.5,0.001,7.86
12/05/2026 19:48,15.625,0.001,7.86
12/05/2026 19:48,15.625,0.001,7.86
12/05/2026 19:48,15.5,0.001,7.86
12/05/2026 19:48,15.5,0.001,7.86
12/05/2026 19:48,15.625,0.001,7.86
12/05/2026 19:47,15.625,0.001,7.86
12/05/2026 19:47,15.5,0.001,7.86
12/05/2026 19:47,15.625,0.001,7.86
12/05/2026 19:47,15.375,0.001,7.86
12/05/2026 19:47,15.625,0.001,7.86
12/05/2026 19:47,15.5,0.001,7.86
12/05/2026 19:46,15.5,0.001,7.86
12/05/2026 19:46,15.5,0.001,7.86
12/05/2026 19:46,15.5,0.001,7.86
12/05/2026 19:46,15.625,0.001,7.86
12/05/2026 19:45,15.625,0.001,7.86
12/05/2026 19:45,15.375,0.001,7.86
12/05/2026 19:45,15.5,0.001,7.86
12/05/2026 19:44,15.5,0.001,7.86
12/05/2026 19:44,15.625,0.001,7.86
12/05/2026 19:44,15.625,0.001,7.86
12/05/2026 19:44,15.5,0.001,7.86
12/05/2026 19:44,15.25,0.001,7.86
12/05/2026 19:44,15.5,0.001,7.86
12/05/2026 19:43,15.375,0.001,7.86
12/05/2026 19:43,15.375,0.001,7.86
12/05/2026 19:43,15.5,0.001,7.86
12/05/2026 19:43,15.375,0.001,7.86
12/05/2026 19:43,15.5,0.001,7.86
12/05/2026 19:43,15.375,0.001,7.86
12/05/2026 19:42,15.5,0.001,7.86
12/05/2026 19:42,15.5,0.001,7.86
12/05/2026 19:42,15.375,0.001,7.86
12/05/2026 19:42,15.5,0.001,7.86
12/05/2026 19:42,15.375,0.001,7.86
12/05/2026 19:42,15.375,0.001,7.86
12/05/2026 19:41,15.5,0.001,7.86
12/05/2026 19:41,15.5,0.001,7.86
12/05/2026 19:41,15.5,0.001,7.86
12/05/2026 19:40,15.5,0.001,7.86
12/05/2026 19:40,15.375,0.001,7.86
12/05/2026 19:40,15.5,0.001,7.86
12/05/2026 19:39,15.375,0.001,7.86
12/05/2026 19:39,15.25,0.001,7.86
12/05/2026 19:39,15.25,0.001,7.86
12/05/2026 19:39,15.375,0.001,7.86
12/05/2026 19:39,15.375,0.001,7.86
12/05/2026 19:39,15.375,0.001,7.86
12/05/2026 19:39,15.25,0.001,7.86
12/05/2026 19:38,15.375,0.001,7.86
12/05/2026 19:38,15.375,0.001,7.86
12/05/2026 19:38,15.375,0.001,7.86
12/05/2026 19:38,15.25,0.001,7.86
12/05/2026 19:37,15.125,0.001,7.86
12/05/2026 19:37,15.25,0.001,7.86
12/05/2026 19:35,15.125,0.001,7.86
12/05/2026 19:05,15.25,0.001,7.86
12/05/2026 18:52,16.5,0.001,7.86
12/05/2026 18:21,16.25,0.001,7.86
12/05/2026 18:20,16,0.001,7.86
12/05/2026 18:20,16.125,0.001,7.86
12/05/2026 18:19,16.125,0.001,7.86
12/05/2026 18:19,16.125,0.001,7.86
12/05/2026 18:19,16.125,0.001,7.86
12/05/2026 18:19,16.125,0.001,7.86
12/05/2026 18:18,16.125,0.001,7.86
12/05/2026 18:18,16.25,0.001,7.86
12/05/2026 18:18,16.375,0.001,7.86
12/05/2026 18:17,16.125,0.001,7.86
12/05/2026 18:17,16.125,0.001,7.86
12/05/2026 18:16,16.125,0.001,7.86
12/05/2026 18:16,16.125,0.001,7.86
12/05/2026 18:16,16,0.001,7.86
12/05/2026 18:15,16,0.001,7.86
12/05/2026 18:15,16.125,0.001,7.86
12/05/2026 18:15,16.125,0.001,7.86
12/05/2026 18:15,16.25,0.001,7.86
12/05/2026 18:14,16.25,0.001,7.86
12/05/2026 18:14,16.125,0.001,7.86
12/05/2026 18:14,16.125,0.001,7.86
12/05/2026 18:14,16,0.001,7.86
12/05/2026 18:14,16.125,0.001,7.86
12/05/2026 18:13,16.25,0.001,7.86
12/05/2026 18:13,16.25,0.001,7.86
12/05/2026 18:12,16,0.001,7.86
12/05/2026 18:12,16.25,0.001,7.86
12/05/2026 18:12,16.25,0.001,7.86
12/05/2026 18:10,16,0.001,7.86
12/05/2026 18:09,15.75,0.001,7.86
12/05/2026 18:09,15.75,0.001,7.86
12/05/2026 18:09,15.75,0.001,7.86
12/05/2026 18:08,15.75,0.001,7.86
12/05/2026 18:08,15.75,0.001,7.86
12/05/2026 18:08,15.625,0.001,7.86
12/05/2026 18:08,16.625,0.001,7.86
12/05/2026 18:08,15.75,0.001,7.86
12/05/2026 18:08,15.75,0.001,7.86
12/05/2026 18:07,15.625,0.001,7.86
12/05/2026 18:07,15.75,0.001,7.86
12/05/2026 18:07,16.625,0.001,7.86
12/05/2026 18:07,14.75,0.001,7.86
12/05/2026 18:07,15.625,0.001,7.86
12/05/2026 18:07,15.75,0.001,7.86
12/05/2026 18:07,15.75,0.001,7.86
12/05/2026 18:06,16.625,0.001,7.86
12/05/2026 18:06,15.75,0.001,7.86
12/05/2026 18:06,14.75,0.001,7.86
12/05/2026 18:06,15.625,0.001,7.86
12/05/2026 18:06,15.625,0.001,7.86
12/05/2026 18:06,15.625,0.001,7.86
12/05/2026 18:06,15.625,0.001,7.86
12/05/2026 18:05,15.5,0.001,7.86
12/05/2026 18:05,15.5,0.001,7.86
12/05/2026 18:05,15.625,0.001,7.86
12/05/2026 18:05,15.5,0.001,7.86
12/05/2026 18:05,15.625,0.001,7.86
12/05/2026 18:05,15.5,0.001,7.86
12/05/2026 18:04,15.625,0.001,7.86
12/05/2026 18:04,15.625,0.001,7.86
12/05/2026 18:04,16.625,0.001,7.86
12/05/2026 18:04,15.625,0.001,7.86
12/05/2026 18:03,15.625,0.001,7.86
12/05/2026 18:03,16.625,0.001,7.86
12/05/2026 18:03,16.625,0.001,7.86
12/05/2026 18:03,15.625,0.001,7.86
12/05/2026 18:03,15.75,0.001,7.86
12/05/2026 18:03,15.75,0.001,7.86
12/05/2026 18:02,15.75,0.001,7.86
12/05/2026 18:02,15.625,0.001,7.86
12/05/2026 18:02,15.625,0.001,7.86
12/05/2026 18:02,15.75,0.001,7.86
12/05/2026 18:02,14.75,0.001,7.86
12/05/2026 18:02,15.875,0.001,7.86
12/05/2026 18:02,15.75,0.001,7.86
12/05/2026 18:02,15.625,0.001,7.86
12/05/2026 18:01,15.75,0.001,7.86
12/05/2026 18:01,16.625,0.001,7.86
12/05/2026 18:01,15.625,0.001,7.86
12/05/2026 18:01,15.625,0.001,7.86
12/05/2026 18:01,15.5,0.001,7.86
12/05/2026 18:01,15.625,0.001,7.86
12/05/2026 18:01,15.5,0.001,7.86
12/05/2026 18:01,15.625,0.001,7.86
12/05/2026 18:00,15.625,0.001,7.86
12/05/2026 18:00,15.625,0.001,7.86
12/05/2026 18:00,15.5,0.001,7.86
12/05/2026 18:00,14.75,0.001,7.86
12/05/2026 18:00,16.625,0.001,7.86
12/05/2026 18:00,15.625,0.001,7.86
12/05/2026 17:59,16.625,0.001,7.86
12/05/2026 17:59,16.625,0.001,7.86
12/05/2026 17:59,15.625,0.001,7.86
12/05/2026 17:59,15.75,0.001,7.86
12/05/2026 17:59,15.875,0.001,7.86
12/05/2026 17:59,16.625,0.001,7.86
12/05/2026 17:59,16.625,0.001,7.86
12/05/2026 17:58,15.75,0.001,7.86
12/05/2026 17:58,15.75,0.001,7.86
12/05/2026 17:58,15.625,0.001,7.86
12/05/2026 17:58,14.75,0.001,7.86
12/05/2026 17:58,15.75,0.001,7.86
12/05/2026 17:58,15.75,0.001,7.86
12/05/2026 17:58,15.625,0.001,7.86
12/05/2026 17:58,15.75,0.001,7.86
12/05/2026 17:57,15.75,0.001,7.86
12/05/2026 17:57,15.75,0.001,7.86
12/05/2026 17:57,15.625,0.001,7.86
12/05/2026 17:57,16.625,0.001,7.86
12/05/2026 17:57,16.625,0.001,7.86
12/05/2026 17:57,16.625,0.001,7.86
12/05/2026 17:57,15.875,0.001,7.86
12/05/2026 17:57,15.625,0.001,7.86
12/05/2026 17:56,16.5,0.001,7.86
12/05/2026 17:56,15.75,0.001,7.86
12/05/2026 17:56,15.75,0.001,7.86
12/05/2026 17:56,14.75,0.001,7.86
12/05/2026 17:56,15.625,0.001,7.86
12/05/2026 17:56,15.75,0.001,7.86
12/05/2026 17:56,16.625,0.001,7.86
12/05/2026 17:56,15.625,0.001,7.86
12/05/2026 17:55,15.625,0.001,7.86
12/05/2026 17:55,15.5,0.001,7.86
12/05/2026 17:55,15.625,0.001,7.86
12/05/2026 17:55,15.625,0.001,7.86
12/05/2026 17:55,15.625,0.001,7.86
12/05/2026 17:55,15.5,0.001,7.86
12/05/2026 17:55,15.5,0.001,7.86
12/05/2026 17:55,15.5,0.001,7.86
12/05/2026 17:54,15.625,0.001,7.86
12/05/2026 17:54,15.5,0.001,7.86
12/05/2026 17:54,15.5,0.001,7.86
12/05/2026 17:54,15.5,0.001,7.86
12/05/2026 17:54,15.5,0.001,7.86
12/05/2026 17:54,15.5,0.001,7.86
12/05/2026 17:53,15.625,0.001,7.86
12/05/2026 17:53,15.5,0.001,7.86
12/05/2026 17:53,15.625,0.001,7.86
12/05/2026 17:53,15.5,0.001,7.86
12/05/2026 17:53,15.625,0.001,7.86
12/05/2026 17:52,15.5,0.001,7.86
12/05/2026 17:52,15.625,0.001,7.86
12/05/2026 17:52,14.75,0.001,7.86
12/05/2026 17:52,15.625,0.001,7.86
12/05/2026 17:52,15.625,0.001,7.86
12/05/2026 17:52,15.625,0.001,7.86
12/05/2026 17:51,15.625,0.001,7.86
12/05/2026 17:51,15.5,0.001,7.86
12/05/2026 17:51,15.5,0.001,7.86
12/05/2026 17:51,15.5,0.001,7.86
12/05/2026 17:51,15.625,0.001,7.86
12/05/2026 17:51,15.5,0.001,7.86
12/05/2026 17:51,15.5,0.001,7.86
12/05/2026 17:50,15.5,0.001,7.86
12/05/2026 17:50,15.5,0.001,7.86
12/05/2026 17:50,15.5,0.001,7.86
12/05/2026 17:50,15.5,0.001,7.86
12/05/2026 17:50,15.5,0.001,7.86
12/05/2026 17:49,15.125,0.001,7.86
12/05/2026 17:49,15.375,0.001,7.86
12/05/2026 17:49,15.375,0.001,7.86
12/05/2026 17:49,15.5,0.001,7.86
12/05/2026 17:48,15.5,0.001,7.86
12/05/2026 17:48,15.5,0.001,7.86
12/05/2026 17:47,15.5,0.001,7.86
12/05/2026 17:47,15.625,0.001,7.86
12/05/2026 17:47,14.75,0.001,7.86
12/05/2026 17:46,15.75,0.001,7.86
12/05/2026 17:46,15.875,0.001,7.86
12/05/2026 17:46,15.875,0.001,7.86
12/05/2026 17:45,15.75,0.001,7.86
12/05/2026 17:45,15.875,0.001,7.86
12/05/2026 17:44,15.75,0.001,7.86
12/05/2026 17:44,15.75,0.001,7.86
12/05/2026 17:44,15.75,0.001,7.86
12/05/2026 17:44,15.875,0.001,7.86
12/05/2026 17:44,16.625,0.001,7.86
12/05/2026 17:44,15.75,0.001,7.86
12/05/2026 17:44,15.75,0.001,7.86
12/05/2026 17:44,14.875,0.001,7.86
12/05/2026 17:43,15.75,0.001,7.86
12/05/2026 17:43,15.75,0.001,7.86
12/05/2026 17:43,16.625,0.001,7.86
12/05/2026 17:43,15.625,0.001,7.86
12/05/2026 17:43,15.875,0.001,7.86
12/05/2026 17:43,15.75,0.001,7.86
12/05/2026 17:43,15.875,0.001,7.86
12/05/2026 17:43,15.875,0.001,7.86
12/05/2026 17:42,15.75,0.001,7.86
12/05/2026 17:42,14.875,0.001,7.86
12/05/2026 17:42,15.75,0.001,7.86
12/05/2026 17:42,15.75,0.001,7.86
12/05/2026 17:42,15.75,0.001,7.86
12/05/2026 17:42,15.875,0.001,7.86
12/05/2026 17:42,15.75,0.001,7.86
12/05/2026 17:41,15.75,0.001,7.86
12/05/2026 17:41,15.875,0.001,7.86
12/05/2026 17:41,15.875,0.001,7.86
12/05/2026 17:41,15.75,0.001,7.86
12/05/2026 17:41,15.875,0.001,7.86
12/05/2026 17:41,15.875,0.001,7.86
12/05/2026 17:41,15.75,0.001,7.86
12/05/2026 17:40,15.75,0.001,7.86
12/05/2026 17:40,14.75,0.001,7.86
12/05/2026 17:40,15.75,0.001,7.86
12/05/2026 17:40,15.875,0.001,7.86
12/05/2026 17:40,15.75,0.001,7.86
12/05/2026 17:40,16.625,0.001,7.86
12/05/2026 17:40,15.75,0.001,7.86
12/05/2026 17:39,16.625,0.001,7.86
12/05/2026 17:39,15.625,0.001,7.86
12/05/2026 17:39,14.75,0.001,7.86
12/05/2026 17:39,15.75,0.001,7.86
12/05/2026 17:39,16.625,0.001,7.86
12/05/2026 17:39,15.75,0.001,7.86
12/05/2026 17:39,15.75,0.001,7.86
12/05/2026 17:39,16.625,0.001,7.86
12/05/2026 17:38,15.75,0.001,7.86
12/05/2026 17:38,15.75,0.001,7.86
12/05/2026 17:38,15.75,0.001,7.86
12/05/2026 17:38,15.75,0.001,7.86
12/05/2026 17:38,16.625,0.001,7.86
12/05/2026 17:38,15.625,0.001,7.86
12/05/2026 17:38,14.75,0.001,7.86
12/05/2026 17:37,14.75,0.001,7.86
12/05/2026 17:37,15.5,0.001,7.86
12/05/2026 17:37,15.5,0.001,7.86
12/05/2026 17:37,15.5,0.001,7.86
12/05/2026 17:37,16.625,0.001,7.86
12/05/2026 17:37,15.625,0.001,7.86
12/05/2026 17:37,15.625,0.001,7.86
12/05/2026 17:37,15.625,0.001,7.86
12/05/2026 17:36,15.5,0.001,7.86
12/05/2026 17:36,15.625,0.001,7.86
12/05/2026 17:36,15.5,0.001,7.86
12/05/2026 17:36,15.625,0.001,7.86
12/05/2026 17:36,15.625,0.001,7.86
12/05/2026 17:36,15.625,0.001,7.86
12/05/2026 17:36,15.375,0.001,7.86
12/05/2026 17:36,15.5,0.001,7.86
12/05/2026 17:35,15.5,0.001,7.86
12/05/2026 17:35,15.5,0.001,7.86
12/05/2026 17:35,15.5,0.001,7.86
12/05/2026 17:35,15.5,0.001,7.86
12/05/2026 17:35,15.625,0.001,7.86
12/05/2026 17:35,15.625,0.001,7.86
12/05/2026 17:34,15.5,0.001,7.86
12/05/2026 17:34,15.625,0.001,7.86
12/05/2026 17:34,15.5,0.001,7.86
12/05/2026 17:34,15.625,0.001,7.86
12/05/2026 17:34,15.625,0.001,7.86
12/05/2026 17:34,15.5,0.001,7.86
12/05/2026 17:34,15.5,0.001,7.86
12/05/2026 17:33,15.5,0.001,7.86
12/05/2026 17:33,15.625,0.001,7.86
12/05/2026 17:33,15.625,0.001,7.86
12/05/2026 17:33,15.5,0.001,7.86
12/05/2026 17:33,15.625,0.001,7.86
12/05/2026 17:33,15.5,0.001,7.86
12/05/2026 17:32,15.5,0.001,7.86
12/05/2026 17:32,15.5,0.001,7.86
12/05/2026 17:32,15.625,0.001,7.86
12/05/2026 17:32,15.5,0.001,7.86
12/05/2026 17:31,15.5,0.001,7.86
12/05/2026 17:31,15.5,0.001,7.86
12/05/2026 17:31,15.625,0.001,7.86
12/05/2026 17:31,15.5,0.001,7.86
12/05/2026 17:31,15.5,0.001,7.86
12/05/2026 17:30,15.625,0.001,7.86
12/05/2026 17:30,15.5,0.001,7.86
12/05/2026 17:30,15.625,0.001,7.86
12/05/2026 17:30,15.5,0.001,7.86
12/05/2026 17:29,16.625,0.001,7.86
12/05/2026 17:29,15.625,0.001,7.86
12/05/2026 17:29,15.625,0.001,7.86
12/05/2026 17:29,15.625,0.001,7.86
12/05/2026 17:29,16.5,0.001,7.86
12/05/2026 17:29,14.75,0.001,7.86
12/05/2026 17:29,15.625,0.001,7.86
12/05/2026 17:28,15.625,0.001,7.86
12/05/2026 17:28,16.625,0.001,7.86
12/05/2026 17:28,16.625,0.001,7.86
12/05/2026 17:28,15.625,0.001,7.86
12/05/2026 17:28,16.625,0.001,7.86
12/05/2026 17:27,15.75,0.001,7.86
12/05/2026 17:27,15.625,0.001,7.86
12/05/2026 17:27,16.5,0.001,7.86
12/05/2026 17:27,16.625,0.001,7.86
12/05/2026 17:27,15.625,0.001,7.86
12/05/2026 17:27,15.5,0.001,7.86
12/05/2026 17:27,15.625,0.001,7.86
12/05/2026 17:27,15.625,0.001,7.86
12/05/2026 17:26,15.625,0.001,7.86
12/05/2026 17:26,15.5,0.001,7.86
12/05/2026 17:26,15.625,0.001,7.86
12/05/2026 17:26,15.5,0.001,7.86
12/05/2026 17:26,15.5,0.001,7.86
12/05/2026 17:26,15.625,0.001,7.86
12/05/2026 17:26,15.5,0.001,7.86
12/05/2026 17:26,15.5,0.001,7.86
12/05/2026 17:25,15.5,0.001,7.86
12/05/2026 17:25,15.5,0.001,7.86
12/05/2026 17:25,15.5,0.001,7.86
12/05/2026 17:25,15.5,0.001,7.86
12/05/2026 17:25,15.625,0.001,7.86
12/05/2026 17:25,15.5,0.001,7.86
12/05/2026 17:25,15.5,0.001,7.86
12/05/2026 17:24,15.625,0.001,7.86
12/05/2026 17:24,15.5,0.001,7.86
12/05/2026 17:24,15.5,0.001,7.86
12/05/2026 17:24,15.5,0.001,7.86
12/05/2026 17:24,15.5,0.001,7.86
12/05/2026 17:24,15.5,0.001,7.86
12/05/2026 17:24,15.5,0.001,7.86
12/05/2026 17:23,15.25,0.001,7.86
12/05/2026 17:23,15.25,0.001,7.86
12/05/2026 17:23,15.375,0.001,7.86
12/05/2026 17:23,15.5,0.001,7.86
12/05/2026 17:23,15.5,0.001,7.86
12/05/2026 17:22,15.25,0.001,7.86
12/05/2026 17:22,15.375,0.001,7.86
12/05/2026 17:21,15.25,0.001,7.86
12/05/2026 17:21,15.375,0.001,7.86
12/05/2026 17:21,15.375,0.001,7.86
12/05/2026 17:20,15.375,0.001,7.86
12/05/2026 17:20,15.25,0.001,7.86
12/05/2026 17:20,15.25,0.001,7.86
12/05/2026 17:17,15.25,0.001,7.86
12/05/2026 17:16,15.375,0.001,7.86
12/05/2026 17:05,15.125,0.001,7.86
12/05/2026 16:42,15.25,0.001,7.86
12/05/2026 16:42,15.375,0.001,7.86
12/05/2026 16:41,15.5,0.001,7.86
12/05/2026 16:41,15.25,0.001,7.86
12/05/2026 16:41,15.375,0.001,7.86
12/05/2026 16:41,15.625,0.001,7.86
12/05/2026 16:40,15.625,0.001,7.85
12/05/2026 16:40,15.375,0.001,7.86
12/05/2026 16:40,15.375,0.001,7.86
12/05/2026 16:40,15.625,0.001,7.86
12/05/2026 16:40,15.5,0.001,7.86
12/05/2026 16:40,15.375,0.001,7.86
12/05/2026 16:39,15.25,0.001,7.86
12/05/2026 16:39,15.375,0.001,7.86
12/05/2026 16:39,15.375,0.001,7.85
12/05/2026 16:39,15.5,0.001,7.86
12/05/2026 16:39,15.375,0.001,7.86
12/05/2026 16:39,15.375,0.001,7.86
12/05/2026 16:39,15.375,0.001,7.86
12/05/2026 16:39,15.125,0.001,7.86
12/05/2026 16:38,15.25,0.001,7.86
12/05/2026 16:38,15.125,0.001,7.86
12/05/2026 16:38,15.25,0.001,7.86
12/05/2026 16:38,15.125,0.001,7.86
12/05/2026 16:37,15.25,0.001,7.86
12/05/2026 16:37,15.125,0.001,7.86
12/05/2026 16:35,15,0.001,7.86
12/05/2026 16:05,15.125,0.001,7.85
12/05/2026 15:35,15.125,0.001,7.86
12/05/2026 15:05,15.25,0.001,7.85
12/05/2026 15:03,15.25,0.001,7.85
12/05/2026 15:02,15.25,0.001,7.85
12/05/2026 15:02,15.5,0.001,7.85
12/05/2026 15:01,15.25,0.001,7.85
12/05/2026 15:01,15.25,0.001,7.85
12/05/2026 15:01,15.625,0.001,7.85
12/05/2026 15:01,15.25,0.001,7.85
12/05/2026 15:01,15.375,0.001,7.85
12/05/2026 15:00,15.375,0.001,7.85
12/05/2026 15:00,15.5,0.001,7.85
12/05/2026 15:00,15.25,0.001,7.85
12/05/2026 15:00,15.375,0.001,7.85
12/05/2026 15:00,15.25,0.001,7.85
12/05/2026 15:00,15.375,0.001,7.85
12/05/2026 15:00,15.375,0.001,7.85
12/05/2026 15:00,15.25,0.001,7.85
12/05/2026 14:59,15.25,0.001,7.85
12/05/2026 14:59,15.25,0.001,7.85
12/05/2026 14:59,15.25,0.001,7.85
12/05/2026 14:59,15.375,0.001,7.85
12/05/2026 14:59,15.125,0.001,7.85
12/05/2026 14:59,15.25,0.001,7.85
12/05/2026 14:58,15.125,0.001,7.85
12/05/2026 14:58,15,0.001,7.85
12/05/2026 14:58,15,0.001,7.85
12/05/2026 14:58,15.125,0.001,7.85
12/05/2026 14:58,14.875,0.001,7.85
12/05/2026 14:35,14.875,0.001,7.85
12/05/2026 14:05,14.875,0.001,7.85
12/05/2026 13:35,15,0.001,7.85
12/05/2026 13:05,15,0.001,7.85
12/05/2026 12:35,15.125,0.001,7.85
12/05/2026 12:35,15.125,0.001,7.85
12/05/2026 12:32,15.5,0.001,7.85
12/05/2026 12:32,15.5,0.001,7.85
12/05/2026 12:32,15.5,0.001,7.85
12/05/2026 12:31,15.5,0.001,7.85
12/05/2026 12:31,15.625,0.001,7.85
12/05/2026 12:31,15.625,0.001,7.85
12/05/2026 12:31,15.625,0.001,7.85
12/05/2026 12:31,15.625,0.001,7.85
12/05/2026 12:31,15.5,0.001,7.85
12/05/2026 12:30,15.5,0.001,7.85
12/05/2026 12:30,15.5,0.001,7.85
12/05/2026 12:30,15.375,0.001,7.85
12/05/2026 12:30,15.375,0.001,7.85
12/05/2026 12:30,15.5,0.001,7.85
12/05/2026 12:30,15.375,0.001,7.85
12/05/2026 12:29,15.25,0.001,7.85
12/05/2026 12:29,15.25,0.001,7.85
12/05/2026 12:29,15.375,0.001,7.85
12/05/2026 12:29,15.25,0.001,7.85
12/05/2026 12:29,15.25,0.001,7.85
12/05/2026 12:29,15.375,0.001,7.85
12/05/2026 12:28,15.125,0.001,7.85
12/05/2026 12:28,15,0.001,7.85
12/05/2026 12:28,15.25,0.001,7.85
12/05/2026 12:28,15.125,0.001,7.85
12/05/2026 12:28,15,0.001,7.85
12/05/2026 12:28,14.875,0.001,7.85
12/05/2026 12:27,15,0.001,7.85
12/05/2026 12:27,14.875,0.001,7.85
12/05/2026 12:27,14.875,0.001,7.85
12/05/2026 12:10,15.625,0.001,7.85
12/05/2026 12:10,15.625,0.001,7.85
12/05/2026 12:10,15.5,0.001,7.85
12/05/2026 12:10,15.5,0.001,7.85
12/05/2026 12:10,15.5,0.001,7.85
12/05/2026 12:09,15.5,0.001,7.85
12/05/2026 12:09,15.5,0.001,7.85
12/05/2026 12:09,15.375,0.001,7.85
12/05/2026 12:09,15.5,0.001,7.85
12/05/2026 12:09,15.5,0.001,7.85
12/05/2026 12:09,15.5,0.001,7.85
12/05/2026 12:09,15.5,0.001,7.85
12/05/2026 12:09,15.5,0.001,7.85
12/05/2026 12:09,15.5,0.001,7.85
12/05/2026 12:08,15.5,0.001,7.85
12/05/2026 12:08,15.5,0.001,7.85
12/05/2026 12:08,15.5,0.001,7.85
12/05/2026 12:08,15.5,0.001,7.85
12/05/2026 12:08,15.375,0.001,7.85
12/05/2026 12:08,15.625,0.001,7.85
12/05/2026 12:08,15.375,0.001,7.85
12/05/2026 12:08,15.5,0.001,7.85
12/05/2026 12:07,15.625,0.001,7.85
12/05/2026 12:07,15.5,0.001,7.85
12/05/2026 12:07,15.5,0.001,7.85
12/05/2026 12:07,15.5,0.001,7.85
12/05/2026 12:07,15.5,0.001,7.85
12/05/2026 12:07,15.5,0.001,7.85
12/05/2026 12:06,15.5,0.001,7.85
12/05/2026 12:06,15.5,0.001,7.85
12/05/2026 12:06,15.5,0.001,7.85
12/05/2026 12:06,15.625,0.001,7.85
12/05/2026 12:06,15.5,0.001,7.85
12/05/2026 12:06,15.625,0.001,7.85
12/05/2026 12:06,15.5,0.001,7.85
12/05/2026 12:06,15.375,0.001,7.85
12/05/2026 12:05,15.375,0.001,7.85
12/05/2026 12:05,15.5,0.001,7.85
12/05/2026 12:05,15.5,0.001,7.85
12/05/2026 12:05,15.5,0.001,7.85
12/05/2026 12:05,15.5,0.001,7.85
12/05/2026 12:05,15.625,0.001,7.85
12/05/2026 12:04,15.5,0.001,7.85
12/05/2026 12:04,15.5,0.001,7.85
12/05/2026 12:04,15.5,0.001,7.85
12/05/2026 12:04,15.375,0.001,7.85
12/05/2026 12:04,15.625,0.001,7.85
12/05/2026 12:04,15.5,0.001,7.85
12/05/2026 12:03,15.5,0.001,7.85
12/05/2026 12:03,15.375,0.001,7.85
12/05/2026 12:03,15.5,0.001,7.85
12/05/2026 12:03,15.625,0.001,7.85
12/05/2026 12:03,15.5,0.001,7.85
12/05/2026 12:03,15.5,0.001,7.85
12/05/2026 12:03,15.625,0.001,7.85
12/05/2026 12:03,15.625,0.001,7.85
12/05/2026 12:02,15.625,0.001,7.85
12/05/2026 12:02,15.5,0.001,7.85
12/05/2026 12:02,15.5,0.001,7.85
12/05/2026 12:02,15.5,0.001,7.85
12/05/2026 12:02,15.5,0.001,7.85
12/05/2026 12:02,15.5,0.001,7.85
12/05/2026 12:02,15.5,0.001,7.85
12/05/2026 12:02,15.375,0.001,7.85
12/05/2026 12:01,15.625,0.001,7.85
12/05/2026 12:01,15.5,0.001,7.85
12/05/2026 12:01,15.5,0.001,7.85
12/05/2026 12:01,15.625,0.001,7.85
12/05/2026 12:01,15.625,0.001,7.85
12/05/2026 12:01,15.5,0.001,7.85
12/05/2026 12:01,15.5,0.001,7.85
12/05/2026 12:01,15.5,0.001,7.85
12/05/2026 12:00,15.75,0.001,7.85
12/05/2026 12:00,15.625,0.001,7.85
12/05/2026 12:00,15.625,0.001,7.85
12/05/2026 12:00,16.625,0.001,7.85
12/05/2026 12:00,15.625,0.001,7.85
12/05/2026 12:00,15.625,0.001,7.85
12/05/2026 12:00,16.625,0.001,7.85
12/05/2026 12:00,15.5,0.001,7.85
12/05/2026 11:59,15.625,0.001,7.85
12/05/2026 11:59,15.625,0.001,7.85
12/05/2026 11:59,15.625,0.001,7.85
12/05/2026 11:59,15.625,0.001,7.85
12/05/2026 11:59,15.625,0.001,7.85
12/05/2026 11:59,16.625,0.001,7.85
12/05/2026 11:59,15.625,0.001,7.85
12/05/2026 11:58,15.75,0.001,7.85
12/05/2026 11:58,15.75,0.001,7.85
12/05/2026 11:58,14.75,0.001,7.85
12/05/2026 11:58,15.75,0.001,7.85
12/05/2026 11:58,15.875,0.001,7.85
12/05/2026 11:58,15.75,0.001,7.85
12/05/2026 11:58,15.75,0.001,7.85
12/05/2026 11:57,15.75,0.001,7.85
12/05/2026 11:57,15.875,0.001,7.85
12/05/2026 11:57,16,0.001,7.85
12/05/2026 11:57,15.875,0.001,7.85
12/05/2026 11:57,15.75,0.001,7.85
12/05/2026 11:56,15.75,0.001,7.85
12/05/2026 11:56,15.875,0.001,7.85
12/05/2026 11:56,15.875,0.001,7.85
12/05/2026 11:56,16.625,0.001,7.85
12/05/2026 11:55,14.75,0.001,7.85
12/05/2026 11:55,16.625,0.001,7.85
12/05/2026 11:55,15.875,0.001,7.85
12/05/2026 11:55,16.625,0.001,7.85
12/05/2026 11:54,14.875,0.001,7.85
12/05/2026 11:54,15.75,0.001,7.85
12/05/2026 11:54,16.625,0.001,7.85
12/05/2026 11:53,15.5,0.001,7.85
12/05/2026 11:53,15.5,0.001,7.85
12/05/2026 11:53,15.625,0.001,7.85
12/05/2026 11:53,15.625,0.001,7.85
12/05/2026 11:53,15.5,0.001,7.85
12/05/2026 11:53,15.5,0.001,7.85
12/05/2026 11:53,15.375,0.001,7.85
12/05/2026 11:52,15.5,0.001,7.85
12/05/2026 11:52,15.5,0.001,7.85
12/05/2026 11:52,15.5,0.001,7.85
12/05/2026 11:52,15.625,0.001,7.85
12/05/2026 11:52,15.5,0.001,7.85
12/05/2026 11:52,15.375,0.001,7.85
12/05/2026 11:52,15.5,0.001,7.85
12/05/2026 11:52,15.5,0.001,7.85
12/05/2026 11:51,15.5,0.001,7.85
12/05/2026 11:51,15.625,0.001,7.85
12/05/2026 11:51,15.5,0.001,7.85
12/05/2026 11:51,15.625,0.001,7.85
12/05/2026 11:51,15.625,0.001,7.85
12/05/2026 11:51,15.5,0.001,7.85
12/05/2026 11:51,15.5,0.001,7.85
12/05/2026 11:51,15.625,0.001,7.85
12/05/2026 11:50,15.625,0.001,7.85
12/05/2026 11:50,15.5,0.001,7.85
12/05/2026 11:50,15.5,0.001,7.85
12/05/2026 11:50,15.625,0.001,7.85
12/05/2026 11:50,15.5,0.001,7.85
12/05/2026 11:50,15.625,0.001,7.85
12/05/2026 11:50,15.625,0.001,7.85
12/05/2026 11:50,15.5,0.001,7.85
12/05/2026 11:49,15.5,0.001,7.85
12/05/2026 11:49,15.625,0.001,7.85
12/05/2026 11:49,15.625,0.001,7.85
12/05/2026 11:49,15.625,0.001,7.85
12/05/2026 11:49,15.625,0.001,7.85
12/05/2026 11:49,15.625,0.001,7.85
12/05/2026 11:49,15.625,0.001,7.85
12/05/2026 11:48,15.625,0.001,7.85
12/05/2026 11:48,15.5,0.001,7.85
12/05/2026 11:48,15.625,0.001,7.85
12/05/2026 11:48,15.625,0.001,7.85
12/05/2026 11:48,15.625,0.001,7.85
12/05/2026 11:48,15.625,0.001,7.85
12/05/2026 11:48,15.5,0.001,7.85
12/05/2026 11:47,15.625,0.001,7.85
12/05/2026 11:47,15.625,0.001,7.85
12/05/2026 11:47,15.5,0.001,7.85
12/05/2026 11:47,15.625,0.001,7.85
12/05/2026 11:47,15.625,0.001,7.85
12/05/2026 11:47,15.625,0.001,7.85
12/05/2026 11:47,15.5,0.001,7.85
12/05/2026 11:46,15.5,0.001,7.85
12/05/2026 11:46,15.625,0.001,7.85
12/05/2026 11:46,15.625,0.001,7.85
12/05/2026 11:46,15.375,0.001,7.85
12/05/2026 11:46,15.625,0.001,7.85
12/05/2026 11:46,15.5,0.001,7.85
12/05/2026 11:46,15.5,0.001,7.85
12/05/2026 11:46,15.625,0.001,7.85
12/05/2026 11:45,15.5,0.001,7.85
12/05/2026 11:45,15.375,0.001,7.85
12/05/2026 11:45,15.5,0.001,7.85
12/05/2026 11:45,15.5,0.001,7.85
12/05/2026 11:45,15.625,0.001,7.85
12/05/2026 11:45,15.625,0.001,7.85
12/05/2026 11:45,15.5,0.001,7.85
12/05/2026 11:45,15.625,0.001,7.85
12/05/2026 11:44,15.625,0.001,7.85
12/05/2026 11:44,15.625,0.001,7.85
12/05/2026 11:44,15.625,0.001,7.85
12/05/2026 11:44,15.625,0.001,7.85
12/05/2026 11:44,15.625,0.001,7.85
12/05/2026 11:44,15.625,0.001,7.85
12/05/2026 11:44,15.625,0.001,7.85
12/05/2026 11:43,15.625,0.001,7.85
12/05/2026 11:43,15.625,0.001,7.85
12/05/2026 11:43,16.625,0.001,7.85
12/05/2026 11:43,15.875,0.001,7.85
12/05/2026 11:43,16.625,0.001,7.85
12/05/2026 11:43,16.625,0.001,7.85
12/05/2026 11:43,15.875,0.001,7.85
12/05/2026 11:42,15.75,0.001,7.85
12/05/2026 11:42,15.875,0.001,7.85
12/05/2026 11:42,15.75,0.001,7.85
12/05/2026 11:42,15.875,0.001,7.85
12/05/2026 11:42,15.875,0.001,7.85
12/05/2026 11:42,15.875,0.001,7.85
12/05/2026 11:42,15.75,0.001,7.85
12/05/2026 11:41,15.75,0.001,7.85
12/05/2026 11:41,16,0.001,7.85
12/05/2026 11:41,15.875,0.001,7.85
12/05/2026 11:41,16,0.001,7.85
12/05/2026 11:41,16.125,0.001,7.85
12/05/2026 11:41,16.125,0.001,7.85
12/05/2026 11:41,16.125,0.001,7.85
12/05/2026 11:40,16.25,0.001,7.85
12/05/2026 11:40,16.125,0.001,7.85
12/05/2026 11:40,16.125,0.001,7.85
12/05/2026 10:44,14.75,0.001,7.85
12/05/2026 10:44,16.625,0.001,7.85
12/05/2026 10:44,15.75,0.001,7.85
12/05/2026 10:44,16.625,0.001,7.85
12/05/2026 10:43,15.75,0.001,7.85
12/05/2026 10:43,14.75,0.001,7.85
12/05/2026 10:43,15.75,0.001,7.85
12/05/2026 10:43,15.875,0.001,7.85
12/05/2026 10:43,15.75,0.001,7.85
12/05/2026 10:43,15.875,0.001,7.85
12/05/2026 10:43,15.875,0.001,7.85
12/05/2026 10:43,15.875,0.001,7.85
12/05/2026 10:42,16,0.001,7.85
12/05/2026 10:42,16,0.001,7.85
12/05/2026 10:42,16.125,0.001,7.85
12/05/2026 10:42,16.125,0.001,7.85
12/05/2026 10:32,14.75,0.001,7.85
12/05/2026 10:31,15.625,0.001,7.85
12/05/2026 10:31,14.75,0.001,7.85
12/05/2026 10:31,16.625,0.001,7.85
12/05/2026 10:31,15.625,0.001,7.85
12/05/2026 10:31,15.625,0.001,7.85
12/05/2026 10:31,15.5,0.001,7.85
12/05/2026 10:30,15.625,0.001,7.85
12/05/2026 10:30,15.625,0.001,7.85
12/05/2026 10:30,15.625,0.001,7.85
12/05/2026 10:30,15.625,0.001,7.85
12/05/2026 10:30,15.5,0.001,7.85
12/05/2026 10:30,15.5,0.001,7.85
12/05/2026 10:29,15.625,0.001,7.85
12/05/2026 10:29,15.5,0.001,7.85
12/05/2026 10:29,15.5,0.001,7.85
12/05/2026 10:29,15.5,0.001,7.85
12/05/2026 10:29,15.625,0.001,7.85
12/05/2026 10:29,15.5,0.001,7.85
12/05/2026 10:29,15.5,0.001,7.85
12/05/2026 10:28,15.5,0.001,7.85
12/05/2026 10:28,15.625,0.001,7.85
12/05/2026 10:28,15.5,0.001,7.85
12/05/2026 10:28,15.5,0.001,7.85
12/05/2026 10:28,15.625,0.001,7.85
12/05/2026 10:28,15.5,0.001,7.85
12/05/2026 10:28,15.5,0.001,7.85
12/05/2026 10:27,15.5,0.001,7.85
12/05/2026 10:27,15.625,0.001,7.85
12/05/2026 10:27,15.625,0.001,7.85
12/05/2026 10:27,15.5,0.001,7.85
12/05/2026 10:27,15.5,0.001,7.85
12/05/2026 10:27,15.5,0.001,7.85
12/05/2026 10:27,15.5,0.001,7.85
12/05/2026 10:27,15.625,0.001,7.85
12/05/2026 10:26,15.625,0.001,7.85
12/05/2026 10:26,15.5,0.001,7.85
12/05/2026 10:26,15.5,0.001,7.85
12/05/2026 10:26,15.625,0.001,7.85
12/05/2026 10:26,15.375,0.001,7.85
12/05/2026 10:26,15.25,0.001,7.85
12/05/2026 10:26,15.375,0.001,7.85
12/05/2026 10:25,15.375,0.001,7.85
12/05/2026 10:25,15.375,0.001,7.85
12/05/2026 10:25,15.5,0.001,7.85
12/05/2026 10:25,15.375,0.001,7.85
12/05/2026 10:25,15.25,0.001,7.85
12/05/2026 10:25,15.5,0.001,7.85
12/05/2026 10:25,15.5,0.001,7.85
12/05/2026 10:24,15.375,0.001,7.85
12/05/2026 10:24,15.5,0.001,7.85
12/05/2026 10:24,15.5,0.001,7.85
12/05/2026 10:24,15.375,0.001,7.85
12/05/2026 10:24,15.25,0.001,7.85
12/05/2026 10:24,15.375,0.001,7.85
12/05/2026 10:24,15.25,0.001,7.85
12/05/2026 10:23,15.375,0.001,7.85
12/05/2026 10:23,15.5,0.001,7.85
12/05/2026 10:23,15.375,0.001,7.85
12/05/2026 10:23,15.375,0.001,7.85
12/05/2026 10:23,15.375,0.001,7.85
12/05/2026 10:22,15.375,0.001,7.85
12/05/2026 10:22,15.375,0.001,7.85
12/05/2026 10:22,15.5,0.001,7.85
12/05/2026 10:22,15.375,0.001,7.85
12/05/2026 10:22,15.375,0.001,7.85
12/05/2026 10:22,15.25,0.001,7.85
12/05/2026 10:22,15.375,0.001,7.85
12/05/2026 10:21,15.25,0.001,7.85
12/05/2026 10:21,15.125,0.001,7.85
12/05/2026 10:21,15.375,0.001,7.85
12/05/2026 10:21,15.25,0.001,7.85
12/05/2026 10:20,15.25,0.001,7.85
12/05/2026 10:20,15.125,0.001,7.85
12/05/2026 10:19,15.125,0.001,7.85
12/05/2026 10:19,15.125,0.001,7.85
12/05/2026 10:18,15.125,0.001,7.85
12/05/2026 10:18,15.125,0.001,7.85
12/05/2026 10:17,15.25,0.001,7.84
12/05/2026 10:16,15.125,0.001,7.85
12/05/2026 10:16,15.25,0.001,7.85
12/05/2026 10:15,15.125,0.001,7.85
12/05/2026 10:15,15.375,0.001,7.85
12/05/2026 10:14,15.125,0.001,7.85
12/05/2026 10:14,15.125,0.001,7.84
12/05/2026 10:14,15.25,0.001,7.85
12/05/2026 10:14,15.125,0.001,7.85
12/05/2026 10:13,15.125,0.001,7.85
12/05/2026 10:13,15.25,0.001,7.85
12/05/2026 10:13,15.25,0.001,7.85
12/05/2026 10:13,15.25,0.001,7.85
12/05/2026 10:13,14.875,0.001,7.85
12/05/2026 10:13,14.875,0.001,7.85
12/05/2026 10:05,15,0.001,7.85
12/05/2026 09:35,15,0.001,7.85
12/05/2026 09:05,14.875,0.001,7.85
12/05/2026 08:35,15.125,0.001,7.85
12/05/2026 08:06,15.5,0.001,7.85
12/05/2026 08:06,15.625,0.001,7.85
12/05/2026 08:06,15.625,0.001,7.85
12/05/2026 08:06,15.5,0.001,7.85
12/05/2026 08:06,15.5,0.001,7.85
12/05/2026 08:06,15.375,0.001,7.85
12/05/2026 08:05,15.375,0.001,7.85
12/05/2026 08:05,15.5,0.001,7.85
12/05/2026 08:05,15.25,0.001,7.85
12/05/2026 08:05,15.5,0.001,7.85
12/05/2026 08:05,15.25,0.001,7.85
12/05/2026 08:05,15.25,0.001,7.85
12/05/2026 08:05,15.25,0.001,7.85
12/05/2026 08:04,15.375,0.001,7.85
12/05/2026 08:04,15.375,0.001,7.85
12/05/2026 08:04,15.375,0.001,7.84
12/05/2026 08:04,15.375,0.001,7.85
12/05/2026 08:04,15.25,0.001,7.85
12/05/2026 08:04,15.5,0.001,7.85
12/05/2026 08:03,15.375,0.001,7.85
12/05/2026 08:03,15.375,0.001,7.85
12/05/2026 08:03,15.375,0.001,7.85
12/05/2026 08:02,15.375,0.001,7.85
12/05/2026 08:02,15.25,0.001,7.85
12/05/2026 08:02,15.125,0.001,7.85
12/05/2026 08:02,15.375,0.001,7.85
12/05/2026 08:00,15.25,0.001,7.85
12/05/2026 07:58,15.5,0.001,7.85
12/05/2026 07:58,15.375,0.001,7.85
12/05/2026 07:58,15.25,0.001,7.85
12/05/2026 07:57,15.375,0.001,7.85
12/05/2026 07:57,15.5,0.001,7.85
12/05/2026 07:57,15.25,0.001,7.85
12/05/2026 07:57,15.375,0.001,7.85
12/05/2026 07:57,15.375,0.001,7.85
12/05/2026 07:56,15.375,0.001,7.85
12/05/2026 07:56,15.25,0.001,7.85
12/05/2026 07:56,15.25,0.001,7.85
12/05/2026 07:56,15.25,0.001,7.85
12/05/2026 07:55,15.375,0.001,7.85
12/05/2026 07:55,15.125,0.001,7.85
12/05/2026 07:55,15.25,0.001,7.85
12/05/2026 07:55,15.25,0.001,7.85
12/05/2026 07:55,15,0.001,7.85
12/05/2026 07:55,15.125,0.001,7.85
12/05/2026 07:55,15.125,0.001,7.84
12/05/2026 07:35,15.25,0.001,7.85
12/05/2026 07:05,15.25,0.001,7.84
12/05/2026 06:35,15.125,0.001,7.85
12/05/2026 06:05,15.125,0.001,7.85
12/05/2026 05:35,15,0.001,7.85
12/05/2026 05:05,15.125,0.001,7.84
12/05/2026 04:35,15.25,0.001,7.84
12/05/2026 04:05,15.125,0.001,7.84
12/05/2026 03:35,15.25,0.001,7.84
12/05/2026 03:35,15.25,0.001,7.84
12/05/2026 03:05,15.125,0.001,7.84
12/05/2026 02:35,15.25,0.001,7.84
12/05/2026 02:05,14.875,0.001,7.84
12/05/2026 01:35,15.125,0.001,7.84
12/05/2026 01:05,15.125,0.001,7.84
12/05/2026 00:35,14.875,0.001,7.83
12/05/2026 00:05,15.25,0.001,7.83
11/05/2026 23:35,15.125,0.001,7.83
11/05/2026 23:05,15.125,0.001,7.83
11/05/2026 22:35,15.125,0.001,7.83
11/05/2026 22:05,15.125,0.001,7.83
11/05/2026 21:35,15.125,0.001,7.83
11/05/2026 21:05,15.125,0.001,7.83
11/05/2026 20:35,15.25,0.001,7.83
11/05/2026 20:05,15.375,0.001,7.83
11/05/2026 19:35,15.375,0.001,7.82
11/05/2026 19:05,15.125,0.001,7.82
11/05/2026 18:35,15.125,0.001,7.82
11/05/2026 18:05,15.25,0.001,7.82
11/05/2026 17:35,15.25,0.001,7.82
11/05/2026 17:05,15.25,0.001,7.82
11/05/2026 16:35,15.25,0.001,7.82
11/05/2026 16:05,15.375,0.001,7.82
11/05/2026 15:35,15.125,0.001,7.82
11/05/2026 15:05,15.25,0.001,7.82
11/05/2026 14:35,15.125,0.001,7.82
11/05/2026 14:05,15.125,0.001,7.82
11/05/2026 13:35,15,0.001,7.82
11/05/2026 13:05,15,0.001,7.82
11/05/2026 12:35,15.125,0.001,7.83
11/05/2026 12:05,15.125,0.001,7.83
11/05/2026 11:35,15,0.001,7.84
11/05/2026 11:05,14.875,0.001,7.84
11/05/2026 10:35,15.125,0.001,7.85
11/05/2026 10:05,15.125,0.001,7.85
11/05/2026 09:35,15,0.001,7.85
11/05/2026 09:05,15,0.001,7.85
11/05/2026 08:35,15.125,0.001,7.85
11/05/2026 08:05,15.125,0.001,7.85
11/05/2026 07:35,15.125,0.001,7.85
11/05/2026 07:05,15.375,0.001,7.85
11/05/2026 06:35,15.25,0.001,7.85
11/05/2026 06:05,15.25,0.001,7.85
11/05/2026 05:35,15.25,0.001,7.85
11/05/2026 05:35,15.25,0.001,7.85
11/05/2026 05:05,15.375,0.001,7.85
11/05/2026 04:35,15.25,0.001,7.85
11/05/2026 04:05,15.375,0.001,7.85
11/05/2026 03:35,15.25,0.001,7.85
11/05/2026 03:05,15.125,0.001,7.84
11/05/2026 02:35,15.25,0.001,7.84
11/05/2026 02:05,15.125,0.001,7.84
11/05/2026 02:05,15.125,0.001,7.84
11/05/2026 01:35,15.125,0.001,7.84
11/05/2026 01:05,15.125,0.001,7.84
11/05/2026 00:35,15,0.001,7.84
11/05/2026 00:05,15.125,0.001,7.84
10/05/2026 23:35,15.125,0.001,7.84
10/05/2026 23:05,15.125,0.001,7.84
10/05/2026 22:35,15.125,0.001,7.84
10/05/2026 22:35,15.125,0.001,7.84
10/05/2026 22:05,15,0.001,7.84
10/05/2026 21:35,15.25,0.001,7.84
10/05/2026 21:35,15.25,0.001,7.84
10/05/2026 21:05,15.25,0.001,7.84
10/05/2026 20:35,15,0.001,7.84
10/05/2026 20:05,15,0.001,7.84
10/05/2026 19:35,15.125,0.001,7.84
10/05/2026 19:05,15.125,0.001,7.84
10/05/2026 18:35,15,0.001,7.84
10/05/2026 18:05,15.125,0.001,7.84
10/05/2026 17:35,15.125,0.001,7.84
10/05/2026 17:05,15.125,0.001,7.84
10/05/2026 16:35,15.125,0.001,7.84
10/05/2026 16:05,15.125,0.001,7.83
10/05/2026 15:35,15.125,0.001,7.84
10/05/2026 15:05,15.125,0.001,7.83
10/05/2026 14:35,15.125,0.001,7.83
10/05/2026 14:05,14.875,0.001,7.83
10/05/2026 13:35,14.875,0.001,7.83
10/05/2026 13:05,15.125,0.001,7.83
10/05/2026 12:35,15,0.001,7.83
10/05/2026 12:05,14.875,0.001,7.83
10/05/2026 11:35,15.125,0.001,7.83
10/05/2026 11:05,14.875,0.001,7.83
10/05/2026 10:35,15,0.001,7.83
10/05/2026 10:05,15,0.001,7.83
10/05/2026 09:35,15,0.001,7.83
10/05/2026 09:05,14.875,0.001,7.83
10/05/2026 08:35,15,0.001,7.83
10/05/2026 08:05,15,0.001,7.83
10/05/2026 07:35,15,0.001,7.83
10/05/2026 07:05,15.125,0.001,7.83
10/05/2026 06:35,15.125,0.001,7.83
10/05/2026 06:05,15,0.001,7.82
10/05/2026 05:35,15.125,0.001,7.82
10/05/2026 05:05,15.125,0.001,7.82
10/05/2026 04:35,14.875,0.001,7.82
10/05/2026 04:05,15,0.001,7.82
10/05/2026 03:35,15.125,0.001,7.83
10/05/2026 03:05,15,0.001,7.83
10/05/2026 02:35,14.875,0.001,7.82
10/05/2026 02:05,14.875,0.001,7.82
10/05/2026 01:35,15,0.001,7.82
10/05/2026 01:05,15.25,0.001,7.82
10/05/2026 00:35,15.125,0.001,7.82
10/05/2026 00:05,15.125,0.001,7.82
09/05/2026 23:35,15.125,0.001,7.82
09/05/2026 23:05,15,0.001,7.82
09/05/2026 22:35,15.125,0.001,7.82
09/05/2026 22:05,15,0.001,7.82
09/05/2026 21:35,14.875,0.001,7.82
09/05/2026 21:05,15.125,0.001,7.82
09/05/2026 20:35,15.125,0.001,7.82
09/05/2026 20:05,15,0.001,7.82
09/05/2026 19:35,15,0.001,7.82
09/05/2026 19:05,15.125,0.001,7.82
09/05/2026 18:35,15.125,0.001,7.82
09/05/2026 18:05,15,0.001,7.82
09/05/2026 17:35,15.125,0.001,7.83
09/05/2026 17:05,15.25,0.001,7.82
09/05/2026 17:05,15.25,0.001,7.82
09/05/2026 16:35,15.125,0.001,7.82
09/05/2026 16:05,15.25,0.001,7.82
09/05/2026 15:35,15.125,0.001,7.83
09/05/2026 15:05,15,0.001,7.83
09/05/2026 14:35,15,0.001,7.82
09/05/2026 14:05,15.125,0.001,7.82
09/05/2026 13:35,14.75,0.001,7.82
09/05/2026 13:05,15,0.001,7.83
09/05/2026 12:35,15,0.001,7.83
09/05/2026 12:35,15,0.001,7.83
09/05/2026 12:05,14.875,0.001,7.82
09/05/2026 11:35,14.875,0.001,7.83
09/05/2026 11:05,15,0.001,7.83
09/05/2026 10:35,14.875,0.001,7.83
09/05/2026 10:05,15,0.001,7.83
09/05/2026 09:35,14.75,0.001,7.84
09/05/2026 09:05,14.875,0.001,7.84
09/05/2026 08:35,15.125,0.001,7.84
09/05/2026 08:05,15,0.001,7.84
09/05/2026 07:35,14.875,0.001,7.84
09/05/2026 07:05,15,0.001,7.84
09/05/2026 07:05,15,0.001,7.84
09/05/2026 06:35,14.875,0.001,7.84
09/05/2026 06:05,14.875,0.001,7.84
09/05/2026 05:35,15,0.001,7.84
09/05/2026 05:05,15.25,0.001,7.84
09/05/2026 04:35,14.75,0.001,7.84
09/05/2026 04:05,15,0.001,7.84
09/05/2026 03:35,15.25,0.001,7.83
09/05/2026 03:05,15,0.001,7.83
09/05/2026 02:35,15,0.001,7.83
09/05/2026 02:05,15,0.001,7.83
09/05/2026 01:35,15.125,0.001,7.83
09/05/2026 01:05,15,0.001,7.83
09/05/2026 00:35,15.125,0.001,7.82
09/05/2026 00:05,15,0.001,7.82
08/05/2026 23:35,15.125,0.001,7.82
08/05/2026 23:05,15,0.001,7.82
08/05/2026 22:35,15.125,0.001,7.82
08/05/2026 22:05,15.125,0.001,7.82
08/05/2026 21:35,15.125,0.001,7.82
08/05/2026 21:05,15.25,0.001,7.82
08/05/2026 20:35,15.375,0.001,7.82
08/05/2026 20:05,15.125,0.001,7.82
08/05/2026 19:35,15.25,0.001,7.82
08/05/2026 19:05,15,0.001,7.82
08/05/2026 19:05,15,0.001,7.82
08/05/2026 18:35,15.25,0.001,7.82
08/05/2026 18:05,15.25,0.001,7.81
08/05/2026 17:35,15.125,0.001,7.79
08/05/2026 17:05,15.25,0.001,7.77
08/05/2026 16:35,15.25,0.001,7.73
08/05/2026 16:05,15.25,0.001,7.67
08/05/2026 15:35,15.125,0.001,7.58
08/05/2026 15:23,15.375,0.001,7.51
08/05/2026 15:05,15.25,0.001,7.39
08/05/2026 14:35,15.125,0.001,7.06
08/05/2026 14:05,15.125,0.001,6.67
08/05/2026 13:35,15,0.001,6.4
01/05/2026 09:35,14.625,0.001,7.92
01/05/2026 09:05,15.625,0.001,7.92
01/05/2026 08:35,14.625,0.001,7.92
01/05/2026 08:35,14.625,0.001,7.92
01/05/2026 08:05,14.875,0.001,7.92
01/05/2026 07:35,15,0.001,7.92
01/05/2026 07:05,14,0.001,7.92
01/05/2026 06:35,15.625,0.001,7.92
01/05/2026 06:05,14.75,0.001,7.92
01/05/2026 05:35,14.875,0.001,7.92
01/05/2026 05:05,15,0.001,7.92
01/05/2026 04:35,15.625,0.001,7.92
01/05/2026 04:05,14.75,0.001,7.92
01/05/2026 03:35,14.75,0.001,7.92
01/05/2026 03:05,14.5,0.001,7.92
01/05/2026 03:05,14.5,0.001,7.92
01/05/2026 02:35,14.625,0.001,7.92
01/05/2026 02:05,15.625,0.001,7.92
01/05/2026 01:35,14.625,0.001,7.92
01/05/2026 01:35,14.625,0.001,7.92
01/05/2026 01:05,14.625,0.001,7.92
01/05/2026 00:35,14.625,0.001,7.92
01/05/2026 00:05,14.625,0.001,7.92
30/04/2026 23:35,15.625,0.001,7.92
30/04/2026 23:05,14.5,0.001,7.92
30/04/2026 22:35,14.75,0.001,7.92
30/04/2026 22:05,13.875,0.001,7.92
30/04/2026 21:35,13.875,0.001,7.92
30/04/2026 21:05,14.625,0.001,7.92
30/04/2026 20:35,14.625,0.001,7.92
30/04/2026 20:05,15.625,0.001,7.92
30/04/2026 19:35,14.625,0.001,7.92
30/04/2026 19:05,13.75,0.001,7.92
30/04/2026 19:05,13.75,0.001,7.92
30/04/2026 18:35,14.75,0.001,7.92
30/04/2026 18:05,14.875,0.001,7.92
30/04/2026 18:05,14.875,0.001,7.92
30/04/2026 17:35,15.625,0.001,7.92
30/04/2026 17:05,13.75,0.001,7.92
30/04/2026 16:35,14.75,0.001,7.92
30/04/2026 16:05,14.75,0.001,7.92
30/04/2026 16:05,14.75,0.001,7.92
30/04/2026 15:35,14.625,0.001,7.92
30/04/2026 15:05,14.875,0.001,7.92
30/04/2026 14:35,14.75,0.001,7.92
30/04/2026 14:35,14.75,0.001,7.92
30/04/2026 14:05,14.75,0.001,7.92
30/04/2026 13:35,14.625,0.001,7.92
30/04/2026 13:05,13.75,0.001,7.92
30/04/2026 12:35,14.625,0.001,7.92
30/04/2026 12:05,15.625,0.001,7.92
30/04/2026 11:35,14.625,0.001,7.92
30/04/2026 11:05,15.625,0.001,7.92
30/04/2026 10:35,15.625,0.001,7.92
30/04/2026 10:35,15.625,0.001,7.92
30/04/2026 10:05,14.625,0.001,7.92
30/04/2026 09:35,13.75,0.001,7.93
30/04/2026 09:05,14.625,0.001,7.93
30/04/2026 08:35,14.75,0.001,7.93
30/04/2026 08:05,15,0.001,7.93
30/04/2026 07:35,14.75,0.001,7.93
30/04/2026 07:05,14.75,0.001,7.93
30/04/2026 06:35,15,0.001,7.92
30/04/2026 06:05,14.875,0.001,7.92
30/04/2026 05:35,14.875,0.001,7.92
30/04/2026 05:05,14.75,0.001,7.92
30/04/2026 04:35,14.75,0.001,7.92
30/04/2026 04:05,15,0.001,7.92
30/04/2026 03:35,14.75,0.001,7.92
30/04/2026 03:05,14.75,0.001,7.92
30/04/2026 02:35,15.625,0.001,7.92
30/04/2026 02:05,15.625,0.001,7.92
30/04/2026 01:35,15.625,0.001,7.92
30/04/2026 01:05,15.625,0.001,7.92
30/04/2026 00:35,13.75,0.001,7.92
30/04/2026 00:05,14.625,0.001,7.92
29/04/2026 23:35,14.625,0.001,7.92
29/04/2026 23:05,14.625,0.001,7.92
29/04/2026 22:35,14.5,0.001,7.92
29/04/2026 22:05,14.625,0.001,7.92
29/04/2026 21:35,14.625,0.001,7.91
29/04/2026 21:05,13.75,0.001,7.91
29/04/2026 20:35,15.625,0.001,7.91
29/04/2026 20:05,14.625,0.001,7.91
29/04/2026 19:35,14.625,0.001,7.91
29/04/2026 19:05,13.875,0.001,7.9
29/04/2026 18:35,14.625,0.001,7.91
29/04/2026 18:05,13.75,0.001,7.9
29/04/2026 17:35,14.625,0.001,7.9
29/04/2026 17:05,15.625,0.001,7.9
29/04/2026 16:35,14.75,0.001,7.9
29/04/2026 16:05,14.75,0.001,7.9
29/04/2026 15:35,14.875,0.001,7.89
29/04/2026 15:05,13.875,0.001,7.89
29/04/2026 14:35,14.875,0.001,7.89
29/04/2026 14:05,14.75,0.001,7.89
29/04/2026 13:35,15.625,0.001,7.89
29/04/2026 13:05,14.75,0.001,7.88
29/04/2026 12:35,14.75,0.001,7.88
29/04/2026 12:05,15.625,0.001,7.88
29/04/2026 11:35,13.75,0.001,7.88
29/04/2026 11:05,14.75,0.001,7.88
29/04/2026 10:35,15,0.001,7.87
29/04/2026 10:05,14.75,0.001,7.87
29/04/2026 09:35,14.625,0.001,7.87
29/04/2026 09:05,14.75,0.001,7.87
29/04/2026 08:35,15.625,0.001,7.86
29/04/2026 08:05,14.625,0.001,7.86
29/04/2026 07:35,14.875,0.001,7.86
29/04/2026 07:05,15.625,0.001,7.86
29/04/2026 06:35,14.75,0.001,7.85
29/04/2026 06:05,13.75,0.001,7.85
29/04/2026 05:35,14.75,0.001,7.85
29/04/2026 05:05,14.75,0.001,7.84
29/04/2026 04:35,14.75,0.001,7.84
29/04/2026 04:05,14.875,0.001,7.84
29/04/2026 03:35,14.875,0.001,7.84
29/04/2026 03:05,15,0.001,7.83
29/04/2026 02:35,14.75,0.001,7.83
29/04/2026 02:05,14.75,0.001,7.83
29/04/2026 01:35,14.75,0.001,7.82
29/04/2026 01:05,15,0.001,7.82
29/04/2026 00:35,14.875,0.001,7.82
29/04/2026 00:05,14.875,0.001,7.81
28/04/2026 23:35,14.875,0.001,7.81
28/04/2026 23:05,15,0.001,7.8
28/04/2026 22:35,14.875,0.001,7.8
28/04/2026 22:05,14.875,0.001,7.79
28/04/2026 21:35,14.875,0.001,7.79
28/04/2026 21:05,15,0.001,7.79
28/04/2026 20:35,15,0.001,7.78
28/04/2026 20:05,14.875,0.001,7.78
28/04/2026 19:35,14.875,0.001,7.77
28/04/2026 19:05,14.875,0.001,7.77
28/04/2026 18:35,15.125,0.001,7.77
28/04/2026 18:05,15,0.001,7.76
28/04/2026 17:35,15,0.001,7.76
28/04/2026 17:05,15.125,0.001,7.75
28/04/2026 16:35,15.125,0.001,7.75
28/04/2026 16:05,15.125,0.001,7.75
28/04/2026 15:35,15.125,0.001,7.74
28/04/2026 15:05,15,0.001,7.75
28/04/2026 14:35,15,0.001,7.76
28/04/2026 14:05,15.25,0.001,7.77
28/04/2026 13:35,15,0.001,7.78
28/04/2026 13:05,15,0.001,7.79
28/04/2026 12:35,15,0.001,7.8
28/04/2026 12:05,14.875,0.001,7.82
28/04/2026 11:35,14.875,0.001,7.83
28/04/2026 11:05,13.75,0.001,7.83
28/04/2026 10:35,13.875,0.001,7.85
28/04/2026 10:05,14.75,0.001,7.86
28/04/2026 09:35,14.75,0.001,7.87
28/04/2026 09:05,14.625,0.001,7.88
28/04/2026 08:35,15.625,0.001,7.88
28/04/2026 08:05,13.75,0.001,7.88
28/04/2026 07:35,15.625,0.001,7.88
28/04/2026 07:05,14.875,0.001,7.88
28/04/2026 06:35,15,0.001,7.88
28/04/2026 06:05,14.75,0.001,7.87
28/04/2026 05:35,15.625,0.001,7.87
28/04/2026 05:05,14.75,0.001,7.87
28/04/2026 04:35,14.75,0.001,7.87
28/04/2026 04:05,15.625,0.001,7.86
28/04/2026 03:35,14.75,0.001,7.86
28/04/2026 03:05,15.625,0.001,7.86
28/04/2026 02:35,14.625,0.001,7.86
28/04/2026 02:05,15.625,0.001,7.85
28/04/2026 01:35,15.625,0.001,7.85
28/04/2026 01:05,15.625,0.001,7.85
28/04/2026 00:35,15.625,0.001,7.84
28/04/2026 00:05,14.875,0.001,7.84
28/04/2026 00:05,14.875,0.001,7.84
27/04/2026 23:35,14.75,0.001,7.83
27/04/2026 23:05,15.625,0.001,7.83
27/04/2026 22:35,13.75,0.001,7.83
27/04/2026 22:05,14.875,0.001,7.82
27/04/2026 22:05,14.875,0.001,7.82
27/04/2026 21:35,14.875,0.001,7.82
27/04/2026 21:05,14.875,0.001,7.82
27/04/2026 20:35,14.75,0.001,7.81
27/04/2026 20:05,14.875,0.001,7.81
27/04/2026 19:35,14.75,0.001,7.8
27/04/2026 19:05,15.625,0.001,7.8
27/04/2026 18:35,14.75,0.001,7.8
27/04/2026 18:05,14.875,0.001,7.8
27/04/2026 17:35,14.75,0.001,7.81
27/04/2026 17:05,14.75,0.001,7.82
27/04/2026 16:35,14.75,0.001,7.82
27/04/2026 16:05,15,0.001,7.83
27/04/2026 14:05,13.875,0.001,7.87
27/04/2026 13:35,14.625,0.001,7.88
27/04/2026 13:05,13.875,0.001,7.9
27/04/2026 12:35,13.75,0.001,7.91
27/04/2026 12:05,14.5,0.001,7.92
27/04/2026 11:35,14.5,0.001,7.92
27/04/2026 11:05,14.5,0.001,7.93
27/04/2026 10:35,14.5,0.001,7.93
27/04/2026 10:05,14.5,0.001,7.94
27/04/2026 09:35,14.625,0.001,7.94
27/04/2026 09:05,14.5,0.001,7.95
27/04/2026 08:35,14.625,0.001,7.96
27/04/2026 08:05,14.5,0.001,7.96
27/04/2026 07:35,14.5,0.001,7.96
27/04/2026 07:05,14.625,0.001,7.96
27/04/2026 06:35,14.5,0.001,7.95
27/04/2026 06:05,14.625,0.001,7.95
27/04/2026 05:35,14.5,0.001,7.96
27/04/2026 05:05,14.5,0.001,7.96
27/04/2026 04:35,14.5,0.001,7.96
27/04/2026 04:05,14.5,0.001,7.95
27/04/2026 04:05,14.5,0.001,7.95
27/04/2026 03:35,14.375,0.001,7.95
27/04/2026 03:05,14.5,0.001,7.95
27/04/2026 02:35,14.5,0.001,7.95
27/04/2026 02:05,14.625,0.001,7.95
27/04/2026 01:35,14.375,0.001,7.95
27/04/2026 01:05,14.5,0.001,7.95
27/04/2026 00:35,14.5,0.001,7.95
27/04/2026 00:05,14.375,0.001,7.95
26/04/2026 23:35,14.5,0.001,7.95
26/04/2026 23:05,14.5,0.001,7.95
26/04/2026 22:35,14.625,0.001,7.95
26/04/2026 22:05,14.375,0.001,7.95
26/04/2026 21:35,14.5,0.001,7.95
26/04/2026 21:05,14.5,0.001,7.95
26/04/2026 20:35,14.5,0.001,7.95
26/04/2026 20:05,14.5,0.001,7.95
26/04/2026 19:35,14.5,0.001,7.95
26/04/2026 19:05,14.5,0.001,7.95
26/04/2026 18:35,14.5,0.001,7.95
26/04/2026 18:35,14.5,0.001,7.95
26/04/2026 18:05,14.625,0.001,7.95
26/04/2026 17:35,14.5,0.001,7.95
26/04/2026 17:05,14.625,0.001,7.95
26/04/2026 16:35,14.5,0.001,7.95
26/04/2026 16:05,14.5,0.001,7.95
26/04/2026 15:35,13.75,0.001,7.95
26/04/2026 15:05,14.625,0.001,7.95
26/04/2026 14:35,14.625,0.001,7.95
26/04/2026 14:05,14.625,0.001,7.95
26/04/2026 13:35,14.5,0.001,7.95
26/04/2026 13:05,14.5,0.001,7.95
26/04/2026 12:35,14.375,0.001,7.95
26/04/2026 12:05,14.5,0.001,7.95
26/04/2026 11:35,14.625,0.001,7.95
26/04/2026 11:05,14.5,0.001,7.95
26/04/2026 10:35,14.5,0.001,7.95
26/04/2026 10:05,15.375,0.001,7.95
26/04/2026 09:35,14.625,0.001,7.95
26/04/2026 09:05,14.5,0.001,7.94
26/04/2026 08:35,14.5,0.001,7.94
26/04/2026 08:05,13.75,0.001,7.94
26/04/2026 07:35,14.5,0.001,7.94
26/04/2026 07:35,14.5,0.001,7.94
26/04/2026 07:05,15.5,0.001,7.94
26/04/2026 06:35,15.625,0.001,7.94
26/04/2026 06:05,15.625,0.001,7.94
26/04/2026 05:35,14.625,0.001,7.94
26/04/2026 05:05,14.5,0.001,7.94
26/04/2026 04:35,13.75,0.001,7.94
26/04/2026 04:05,14.5,0.001,7.94
26/04/2026 03:35,14.5,0.001,7.94
26/04/2026 03:05,14.625,0.001,7.94
26/04/2026 02:35,14.5,0.001,7.94
26/04/2026 02:05,14.625,0.001,7.94
26/04/2026 01:35,14.375,0.001,7.94
26/04/2026 01:05,14.5,0.001,7.94
26/04/2026 00:35,14.5,0.001,7.94
26/04/2026 00:05,14.5,0.001,7.94
25/04/2026 23:35,14.375,0.001,7.94
25/04/2026 23:05,14.375,0.001,7.94
25/04/2026 22:35,14.5,0.001,7.94
25/04/2026 22:05,15.625,0.001,7.94
25/04/2026 21:35,14.5,0.001,7.94
25/04/2026 21:35,14.5,0.001,7.94
25/04/2026 21:05,14.5,0.001,7.93
25/04/2026 20:35,14.5,0.001,7.94
25/04/2026 20:05,14.625,0.001,7.94
25/04/2026 19:35,14.625,0.001,7.93
25/04/2026 19:05,14.625,0.001,7.93
25/04/2026 18:35,14.5,0.001,7.93
25/04/2026 18:05,15.5,0.001,7.93
25/04/2026 17:35,14.5,0.001,7.93
25/04/2026 17:05,14.625,0.001,7.93
25/04/2026 16:35,14.625,0.001,7.93
25/04/2026 16:05,15.625,0.001,7.93
25/04/2026 15:35,14.625,0.001,7.93
25/04/2026 15:05,14.5,0.001,7.93
25/04/2026 14:35,14.5,0.001,7.93
25/04/2026 14:05,14.625,0.001,7.93
25/04/2026 13:35,14.625,0.001,7.93
25/04/2026 13:05,14.625,0.001,7.93
25/04/2026 12:35,14.5,0.001,7.93
25/04/2026 12:05,13.75,0.001,7.93
25/04/2026 11:35,14.5,0.001,7.93
25/04/2026 11:05,14.625,0.001,7.93
25/04/2026 10:35,14.5,0.001,7.93
25/04/2026 10:05,13.75,0.001,7.93
25/04/2026 09:35,14.625,0.001,7.93
25/04/2026 09:05,13.875,0.001,7.92
25/04/2026 08:35,15.625,0.001,7.92
25/04/2026 08:05,15.625,0.001,7.92
25/04/2026 07:35,14.875,0.001,7.92
25/04/2026 07:05,14.875,0.001,7.92
25/04/2026 06:35,13.75,0.001,7.92
25/04/2026 06:05,15.625,0.001,7.92
25/04/2026 05:35,14.875,0.001,7.92
25/04/2026 05:05,14.625,0.001,7.92
25/04/2026 04:35,13.75,0.001,7.92
25/04/2026 04:05,14.75,0.001,7.92
25/04/2026 03:35,14.625,0.001,7.92
25/04/2026 03:05,14.625,0.001,7.92
25/04/2026 02:35,14.625,0.001,7.92
25/04/2026 02:05,14.625,0.001,7.92
25/04/2026 01:35,14.5,0.001,7.92
25/04/2026 01:05,14.5,0.001,7.92
25/04/2026 00:35,14.375,0.001,7.92
25/04/2026 00:05,14.625,0.001,7.92
24/04/2026 23:35,14.375,0.001,7.92
24/04/2026 23:05,14.625,0.001,7.92
24/04/2026 22:35,14.5,0.001,7.92
24/04/2026 22:05,14.375,0.001,7.91
24/04/2026 21:35,14.375,0.001,7.91
24/04/2026 21:05,14.5,0.001,7.91
24/04/2026 21:05,14.5,0.001,7.91
24/04/2026 20:35,14.375,0.001,7.91
24/04/2026 20:05,14.25,0.001,7.92
24/04/2026 19:35,14.375,0.001,7.92
24/04/2026 19:05,14.375,0.001,7.92
24/04/2026 18:35,14.375,0.001,7.91
24/04/2026 18:05,14.25,0.001,7.92
24/04/2026 17:35,14.375,0.001,7.92
24/04/2026 17:05,14.5,0.001,7.92
24/04/2026 16:35,14.5,0.001,7.92
24/04/2026 16:05,14.5,0.001,7.92
24/04/2026 15:35,14.375,0.001,7.92
24/04/2026 15:05,14.5,0.001,7.92
24/04/2026 14:35,14.5,0.001,7.92
24/04/2026 14:05,14.375,0.001,7.92
24/04/2026 14:05,14.375,0.001,7.92
24/04/2026 13:35,14.375,0.001,7.93
24/04/2026 13:05,14.625,0.001,7.93
24/04/2026 12:35,14.5,0.001,7.93
24/04/2026 12:05,14.5,0.001,7.93
24/04/2026 11:35,14.5,0.001,7.93
24/04/2026 11:05,14.5,0.001,7.93
24/04/2026 10:35,15.5,0.001,7.93
24/04/2026 10:05,14.5,0.001,7.94
24/04/2026 09:35,14.5,0.001,7.94
24/04/2026 09:05,14.5,0.001,7.94
24/04/2026 08:35,14.625,0.001,7.94
24/04/2026 08:05,13.75,0.001,7.94
24/04/2026 07:35,14.625,0.001,7.94
24/04/2026 07:05,14.75,0.001,7.94
24/04/2026 06:35,14.875,0.001,7.94
24/04/2026 06:05,14.625,0.001,7.94
24/04/2026 05:35,15.625,0.001,7.94
24/04/2026 05:05,14.625,0.001,7.94
24/04/2026 05:05,14.625,0.001,7.94
24/04/2026 04:35,14.75,0.001,7.94
24/04/2026 04:05,14.625,0.001,7.94
24/04/2026 03:35,14.625,0.001,7.94
24/04/2026 03:05,14.625,0.001,7.94
24/04/2026 02:35,13.75,0.001,7.94
24/04/2026 02:05,14.625,0.001,7.94
24/04/2026 01:35,14.5,0.001,7.94
24/04/2026 01:05,14.5,0.001,7.94
24/04/2026 00:35,14.5,0.001,7.94
24/04/2026 00:05,14.625,0.001,7.94
23/04/2026 23:35,14.625,0.001,7.94
23/04/2026 23:05,14.5,0.001,7.94
23/04/2026 22:35,14.75,0.001,7.94
23/04/2026 22:35,14.75,0.001,7.94
23/04/2026 22:05,15.625,0.001,7.94
23/04/2026 21:35,14.5,0.001,7.94
23/04/2026 21:05,14.625,0.001,7.94
23/04/2026 20:35,15.625,0.001,7.94
23/04/2026 20:05,14.5,0.001,7.94
23/04/2026 19:35,13.75,0.001,7.94
23/04/2026 19:05,14.625,0.001,7.94
23/04/2026 19:05,14.625,0.001,7.94
23/04/2026 18:35,14.875,0.001,7.93
23/04/2026 18:05,13.75,0.001,7.94
23/04/2026 17:35,14.75,0.001,7.93
23/04/2026 17:05,15.625,0.001,7.93
23/04/2026 16:35,13.75,0.001,7.93
23/04/2026 16:05,15.625,0.001,7.93
23/04/2026 15:35,14.5,0.001,7.93
23/04/2026 15:05,13.875,0.001,7.93
23/04/2026 14:35,14.625,0.001,7.93
23/04/2026 14:05,13.75,0.001,7.94
23/04/2026 13:35,13.75,0.001,7.93
23/04/2026 13:05,14.5,0.001,7.93
23/04/2026 12:35,14.625,0.001,7.94
23/04/2026 12:05,14.5,0.001,7.93
23/04/2026 11:35,13.875,0.001,7.93
23/04/2026 11:05,14.625,0.001,7.93
23/04/2026 10:35,14.625,0.001,7.93
23/04/2026 10:05,14.625,0.001,7.93
23/04/2026 09:35,14.625,0.001,7.93
23/04/2026 09:05,14.625,0.001,7.94
23/04/2026 08:35,14.875,0.001,7.94
23/04/2026 08:05,14.625,0.001,7.94
23/04/2026 07:35,15.625,0.001,7.94
23/04/2026 07:05,14.75,0.001,7.94
23/04/2026 06:35,13.75,0.001,7.94
23/04/2026 06:05,13.75,0.001,7.94
23/04/2026 05:35,14.75,0.001,7.94
23/04/2026 05:05,13.75,0.001,7.94
23/04/2026 04:35,15.625,0.001,7.94
23/04/2026 04:05,15.5,0.001,7.94
23/04/2026 03:35,14.5,0.001,7.94
23/04/2026 03:35,14.5,0.001,7.94
23/04/2026 03:05,15.5,0.001,7.94
23/04/2026 02:35,14.625,0.001,7.94
23/04/2026 02:05,14.625,0.001,7.94
23/04/2026 01:35,13.75,0.001,7.94
23/04/2026 01:05,13.75,0.001,7.94
23/04/2026 00:35,13.75,0.001,7.94
23/04/2026 00:05,14.75,0.001,7.94
22/04/2026 23:35,15.625,0.001,7.94
22/04/2026 23:05,14.5,0.001,7.94
22/04/2026 22:35,14.625,0.001,7.94
22/04/2026 22:05,14,0.001,7.94
22/04/2026 21:35,14.625,0.001,7.94
22/04/2026 21:05,14.75,0.001,7.94
22/04/2026 20:35,14.875,0.001,7.94
22/04/2026 20:05,14.875,0.001,7.94
22/04/2026 19:35,14.75,0.001,7.94
22/04/2026 19:05,14.875,0.001,7.94
22/04/2026 18:35,15.625,0.001,7.94
22/04/2026 18:05,14.875,0.001,7.94
22/04/2026 17:35,14.875,0.001,7.94
22/04/2026 17:05,14.75,0.001,7.94
22/04/2026 16:35,14.875,0.001,7.94
22/04/2026 16:05,14.75,0.001,7.94
22/04/2026 15:35,14.75,0.001,7.94
22/04/2026 15:05,15.625,0.001,7.94
22/04/2026 15:05,15.625,0.001,7.94
22/04/2026 14:35,14.625,0.001,7.94
22/04/2026 14:05,14.625,0.001,7.94
22/04/2026 13:35,14.625,0.001,7.93
22/04/2026 13:05,14.625,0.001,7.93
22/04/2026 12:35,14.875,0.001,7.93
22/04/2026 12:05,14.625,0.001,7.93
22/04/2026 12:05,14.625,0.001,7.93
22/04/2026 11:35,15.625,0.001,7.93
22/04/2026 11:05,14.625,0.001,7.93
22/04/2026 10:35,14.5,0.001,7.93
22/04/2026 10:05,15.625,0.001,7.93
22/04/2026 09:35,14.875,0.001,7.93
22/04/2026 09:05,14.625,0.001,7.93
22/04/2026 08:35,14.625,0.001,7.93
22/04/2026 08:05,14.625,0.001,7.93
22/04/2026 07:35,13.875,0.001,7.93
22/04/2026 07:05,14.625,0.001,7.93
22/04/2026 06:35,14.75,0.001,7.93
22/04/2026 06:05,14.875,0.001,7.93
22/04/2026 05:35,14.75,0.001,7.93
22/04/2026 05:05,13.75,0.001,7.93
22/04/2026 04:35,14.75,0.001,7.93
22/04/2026 04:05,14.625,0.001,7.93
22/04/2026 03:35,14.75,0.001,7.93
22/04/2026 03:05,14.5,0.001,7.93
22/04/2026 02:35,15.625,0.001,7.93
22/04/2026 02:05,13.75,0.001,7.93
22/04/2026 01:35,14.625,0.001,7.93
22/04/2026 01:05,14.5,0.001,7.93
22/04/2026 00:35,14.625,0.001,7.93
22/04/2026 00:05,15.5,0.001,7.93
21/04/2026 23:35,14.625,0.001,7.93
21/04/2026 23:05,14.5,0.001,7.93
21/04/2026 22:35,14.5,0.001,7.93
21/04/2026 22:05,14.5,0.001,7.93
21/04/2026 21:35,14.5,0.001,7.93
21/04/2026 21:05,13.75,0.001,7.93
21/04/2026 20:35,14.5,0.001,7.93
21/04/2026 20:05,15.5,0.001,7.93
21/04/2026 19:35,14.625,0.001,7.93
21/04/2026 19:05,15.5,0.001,7.93
21/04/2026 18:35,14.625,0.001,7.93
21/04/2026 18:05,14.625,0.001,7.93
21/04/2026 17:35,14.625,0.001,7.93
21/04/2026 17:05,14.625,0.001,7.92
21/04/2026 16:35,15.625,0.001,7.93
21/04/2026 16:05,15.5,0.001,7.93
21/04/2026 15:35,14.625,0.001,7.93
21/04/2026 15:05,14.625,0.001,7.92
21/04/2026 14:35,13.75,0.001,7.92
21/04/2026 14:05,14.625,0.001,7.92
21/04/2026 13:35,14.625,0.001,7.92
21/04/2026 13:05,13.75,0.001,7.92
21/04/2026 12:35,15.5,0.001,7.92
21/04/2026 12:05,14.75,0.001,7.92
21/04/2026 11:35,15.625,0.001,7.92
21/04/2026 11:05,13.875,0.001,7.92
21/04/2026 10:35,14.875,0.001,7.92
21/04/2026 10:35,14.875,0.001,7.92
21/04/2026 10:05,14.75,0.001,7.92
21/04/2026 09:35,14.625,0.001,7.92
21/04/2026 09:05,15.625,0.001,7.92
21/04/2026 08:35,14.625,0.001,7.92
21/04/2026 08:05,14.75,0.001,7.92
21/04/2026 07:35,15.625,0.001,7.92
21/04/2026 07:05,14.875,0.001,7.92
21/04/2026 06:35,14.75,0.001,7.92
21/04/2026 06:05,14.75,0.001,7.92
21/04/2026 05:35,14.75,0.001,7.92
21/04/2026 05:05,14.75,0.001,7.92
21/04/2026 04:35,14.75,0.001,7.92
21/04/2026 04:05,14.75,0.001,7.92
21/04/2026 03:35,15.625,0.001,7.92
21/04/2026 03:05,14.875,0.001,7.92
21/04/2026 02:35,14.625,0.001,7.92
21/04/2026 02:05,14.625,0.001,7.92
21/04/2026 01:35,14.5,0.001,7.91
21/04/2026 01:05,14.75,0.001,7.91
21/04/2026 00:35,14.625,0.001,7.91
21/04/2026 00:05,14.5,0.001,7.91
20/04/2026 23:35,14.625,0.001,7.91
20/04/2026 23:05,13.75,0.001,7.91
20/04/2026 22:35,13.75,0.001,7.91
20/04/2026 22:05,13.875,0.001,7.91
20/04/2026 21:35,13.75,0.001,7.91
20/04/2026 21:05,15.625,0.001,7.91
20/04/2026 20:35,15.625,0.001,7.91
20/04/2026 20:05,13.75,0.001,7.91
20/04/2026 19:35,15.625,0.001,7.91
20/04/2026 19:05,13.75,0.001,7.91
20/04/2026 18:35,14.625,0.001,7.91
20/04/2026 18:35,14.625,0.001,7.91
20/04/2026 18:05,15.625,0.001,7.91
20/04/2026 17:35,14.75,0.001,7.91
20/04/2026 17:05,15.625,0.001,7.91
20/04/2026 16:35,14.75,0.001,7.91
20/04/2026 16:05,13.75,0.001,7.91
20/04/2026 15:35,14.625,0.001,7.91
20/04/2026 15:05,14.625,0.001,7.92
20/04/2026 14:35,14.625,0.001,7.92
20/04/2026 14:05,14.75,0.001,7.92
20/04/2026 13:35,15.625,0.001,7.93
20/04/2026 13:05,13.75,0.001,7.93
20/04/2026 12:35,14.625,0.001,7.93
20/04/2026 12:05,13.75,0.001,7.93
20/04/2026 11:35,15.625,0.001,7.93
20/04/2026 11:05,14.625,0.001,7.93
20/04/2026 10:35,14.875,0.001,7.93
20/04/2026 10:05,14.75,0.001,7.93
20/04/2026 09:35,14.75,0.001,7.93
20/04/2026 09:05,14.75,0.001,7.93
20/04/2026 08:35,14.625,0.001,7.93
20/04/2026 08:05,14.75,0.001,7.93
20/04/2026 07:35,14.75,0.001,7.93
20/04/2026 07:05,14.875,0.001,7.93
20/04/2026 06:35,14.875,0.001,7.93
20/04/2026 06:05,14.875,0.001,7.93
20/04/2026 05:35,13.75,0.001,7.93
20/04/2026 05:05,15.625,0.001,7.93
20/04/2026 04:35,13.75,0.001,7.93
20/04/2026 04:05,14.625,0.001,7.93
20/04/2026 03:35,14.75,0.001,7.93
20/04/2026 03:05,13.75,0.001,7.93
20/04/2026 02:35,14.5,0.001,7.93
20/04/2026 02:05,13.875,0.001,7.93
20/04/2026 01:35,15.5,0.001,7.93
20/04/2026 01:05,14.5,0.001,7.93
20/04/2026 00:35,15.5,0.001,7.93
20/04/2026 00:05,14.625,0.001,7.93
19/04/2026 23:35,15.625,0.001,7.93
19/04/2026 23:05,14.625,0.001,7.93
19/04/2026 22:35,14.625,0.001,7.93
19/04/2026 22:05,14.75,0.001,7.93
19/04/2026 21:35,14.625,0.001,7.93
19/04/2026 21:05,13.75,0.001,7.93
19/04/2026 20:35,15.625,0.001,7.93
19/04/2026 20:05,14.5,0.001,7.93
19/04/2026 19:35,15.625,0.001,7.93
19/04/2026 19:05,14.5,0.001,7.93
19/04/2026 18:35,15.625,0.001,7.93
19/04/2026 18:05,14.75,0.001,7.93
19/04/2026 17:35,14.75,0.001,7.93
19/04/2026 17:05,13.75,0.001,7.93
19/04/2026 16:35,13.75,0.001,7.93
19/04/2026 16:05,14.75,0.001,7.93
19/04/2026 15:35,14.625,0.001,7.93
19/04/2026 15:05,14.625,0.001,7.93
19/04/2026 14:35,14.625,0.001,7.93
19/04/2026 14:05,14.875,0.001,7.93
19/04/2026 13:35,14.625,0.001,7.93
19/04/2026 13:05,15.625,0.001,7.93
19/04/2026 12:35,14.5,0.001,7.93
19/04/2026 12:05,15.625,0.001,7.93
19/04/2026 11:35,14.625,0.001,7.93
19/04/2026 11:05,14.625,0.001,7.93
19/04/2026 10:35,14.75,0.001,7.93
19/04/2026 10:05,14.625,0.001,7.93
19/04/2026 09:35,15.625,0.001,7.93
19/04/2026 09:05,14.75,0.001,7.93
19/04/2026 09:05,14.75,0.001,7.93
19/04/2026 08:35,14.75,0.001,7.93
19/04/2026 08:05,14.75,0.001,7.93
19/04/2026 07:35,14.75,0.001,7.93
19/04/2026 07:05,15.625,0.001,7.93
19/04/2026 06:35,14.75,0.001,7.93
19/04/2026 06:05,14.75,0.001,7.93
19/04/2026 05:35,13.75,0.001,7.93
19/04/2026 05:05,15.625,0.001,7.93
19/04/2026 04:35,14.625,0.001,7.93
19/04/2026 04:05,13.75,0.001,7.93
19/04/2026 03:35,14.625,0.001,7.93
19/04/2026 03:05,14.75,0.001,7.93
19/04/2026 02:35,14.75,0.001,7.93
19/04/2026 02:05,14.75,0.001,7.93
19/04/2026 01:35,13.75,0.001,7.93
19/04/2026 01:05,13.875,0.001,7.93
19/04/2026 00:35,13.75,0.001,7.93
19/04/2026 00:05,14.5,0.001,7.93
19/04/2026 00:05,14.5,0.001,7.93
18/04/2026 23:35,13.75,0.001,7.93
18/04/2026 23:05,15.625,0.001,7.93
18/04/2026 22:35,15.625,0.001,7.93
18/04/2026 22:05,14.625,0.001,7.93
18/04/2026 21:35,15.625,0.001,7.93
18/04/2026 21:05,14.625,0.001,7.93
18/04/2026 20:35,15.625,0.001,7.93
18/04/2026 20:05,14.75,0.001,7.93
18/04/2026 19:35,14.75,0.001,7.93
18/04/2026 19:05,13.75,0.001,7.93
18/04/2026 18:35,15.625,0.001,7.93
18/04/2026 18:05,15.625,0.001,7.93
18/04/2026 17:35,15.625,0.001,7.93
18/04/2026 17:05,15.625,0.001,7.93
18/04/2026 16:35,14.875,0.001,7.93
18/04/2026 16:05,15.625,0.001,7.93
18/04/2026 15:35,14.75,0.001,7.93
18/04/2026 15:05,14.75,0.001,7.93
18/04/2026 14:35,14.625,0.001,7.93
18/04/2026 14:05,15.625,0.001,7.93
18/04/2026 13:35,14.75,0.001,7.93
18/04/2026 13:05,14.625,0.001,7.93
18/04/2026 12:35,13.75,0.001,7.93
18/04/2026 12:05,13.75,0.001,7.93
18/04/2026 11:35,15.625,0.001,7.93
18/04/2026 11:35,15.625,0.001,7.93
18/04/2026 11:05,14.75,0.001,7.93
18/04/2026 10:35,14.625,0.001,7.93
18/04/2026 10:05,13.75,0.001,7.93
18/04/2026 10:05,13.75,0.001,7.93
18/04/2026 09:35,15.625,0.001,7.93
18/04/2026 09:05,14.75,0.001,7.93
18/04/2026 08:35,14.75,0.001,7.93
18/04/2026 08:05,14.75,0.001,7.93
18/04/2026 07:35,14.75,0.001,7.93
18/04/2026 07:05,15,0.001,7.93
18/04/2026 06:35,14.875,0.001,7.93
18/04/2026 06:05,14.75,0.001,7.93
18/04/2026 05:35,14.75,0.001,7.93
18/04/2026 05:05,15.625,0.001,7.93
18/04/2026 04:35,13.875,0.001,7.93
18/04/2026 04:05,14.875,0.001,7.93
18/04/2026 03:35,15.625,0.001,7.93
18/04/2026 03:05,15.625,0.001,7.93
18/04/2026 02:35,13.75,0.001,7.93
18/04/2026 02:05,15.625,0.001,7.93
18/04/2026 01:35,14.625,0.001,7.93
18/04/2026 01:05,14.5,0.001,7.93
18/04/2026 00:35,13.75,0.001,7.93
18/04/2026 00:05,13.875,0.001,7.93
17/04/2026 23:35,15.625,0.001,7.93
17/04/2026 23:05,14.75,0.001,7.93
17/04/2026 22:35,13.75,0.001,7.93
17/04/2026 22:05,13.75,0.001,7.93
17/04/2026 21:35,14.5,0.001,7.93
17/04/2026 21:05,14.75,0.001,7.93
17/04/2026 20:35,15.625,0.001,7.93
17/04/2026 20:05,15.625,0.001,7.93
17/04/2026 19:35,14.75,0.001,7.93
17/04/2026 19:05,15,0.001,7.93
17/04/2026 18:35,14.75,0.001,7.93
17/04/2026 18:05,14.75,0.001,7.93
17/04/2026 17:35,13.875,0.001,7.93
17/04/2026 17:05,15.625,0.001,7.93
17/04/2026 16:35,14.625,0.001,7.93
17/04/2026 16:05,14.875,0.001,7.93
17/04/2026 15:35,14.75,0.001,7.93
17/04/2026 15:05,14.625,0.001,7.93
17/04/2026 14:35,14.875,0.001,7.93
17/04/2026 14:05,15.625,0.001,7.93
17/04/2026 13:35,14.625,0.001,7.93
17/04/2026 13:05,15.625,0.001,7.93
17/04/2026 12:35,13.75,0.001,7.93
17/04/2026 12:05,14.5,0.001,7.93
17/04/2026 11:35,15.625,0.001,7.93
17/04/2026 11:05,14.875,0.001,7.93
17/04/2026 10:35,13.875,0.001,7.93
17/04/2026 10:05,14.875,0.001,7.93
17/04/2026 09:35,15.625,0.001,7.93
17/04/2026 09:05,14.75,0.001,7.93
17/04/2026 08:35,14.75,0.001,7.93
17/04/2026 08:05,15.625,0.001,7.93
17/04/2026 07:35,14.875,0.001,7.93
17/04/2026 07:05,14.75,0.001,7.93
17/04/2026 06:35,14.625,0.001,7.93
17/04/2026 06:05,15.625,0.001,7.93
17/04/2026 05:35,14.875,0.001,7.93
17/04/2026 05:05,13.875,0.001,7.93
17/04/2026 04:35,14.625,0.001,7.93
17/04/2026 04:05,13.75,0.001,7.93
17/04/2026 03:35,14.5,0.001,7.93
17/04/2026 03:05,14.5,0.001,7.93
17/04/2026 03:05,14.5,0.001,7.93
17/04/2026 02:35,14.625,0.001,7.93
17/04/2026 02:05,14.625,0.001,7.93
17/04/2026 01:35,14.5,0.001,7.93
17/04/2026 01:05,14.375,0.001,7.93
17/04/2026 00:35,13.75,0.001,7.93
17/04/2026 00:05,14.625,0.001,7.93
16/04/2026 23:35,14.5,0.001,7.93
16/04/2026 23:05,14.625,0.001,7.94
16/04/2026 23:05,14.625,0.001,7.94
16/04/2026 22:35,14.5,0.001,7.94
16/04/2026 22:05,14.625,0.001,7.93
16/04/2026 21:35,14.5,0.001,7.93
16/04/2026 21:05,15.5,0.001,7.94
16/04/2026 20:35,15.625,0.001,7.93
16/04/2026 20:05,14.625,0.001,7.94
16/04/2026 19:35,14.625,0.001,7.94
16/04/2026 19:05,14.5,0.001,7.94
16/04/2026 18:35,14.75,0.001,7.94
16/04/2026 18:05,14.625,0.001,7.94
16/04/2026 17:35,14.5,0.001,7.93
16/04/2026 17:05,13.75,0.001,7.94
16/04/2026 16:35,15.625,0.001,7.93
16/04/2026 16:05,14.625,0.001,7.94
16/04/2026 15:35,14.625,0.001,7.94
16/04/2026 15:05,13.75,0.001,7.94
16/04/2026 14:35,14.75,0.001,7.94
16/04/2026 14:05,14.625,0.001,7.94
16/04/2026 13:35,14.625,0.001,7.94
16/04/2026 13:05,13.75,0.001,7.94
16/04/2026 12:35,15.5,0.001,7.94
16/04/2026 12:05,14.5,0.001,7.94
16/04/2026 12:05,14.5,0.001,7.94
16/04/2026 11:35,15.625,0.001,7.94
16/04/2026 11:05,14.875,0.001,7.94
16/04/2026 10:35,14.875,0.001,7.94
16/04/2026 10:05,15.625,0.001,7.94
16/04/2026 09:35,15.625,0.001,7.94
16/04/2026 09:05,14.625,0.001,7.94
16/04/2026 08:35,14.75,0.001,7.94
16/04/2026 08:05,14.75,0.001,7.94
16/04/2026 07:35,15,0.001,7.94
16/04/2026 07:05,14.875,0.001,7.94
16/04/2026 06:35,15,0.001,7.94
16/04/2026 06:05,14.75,0.001,7.94
16/04/2026 05:35,15,0.001,7.94
16/04/2026 05:05,14.875,0.001,7.95
16/04/2026 04:35,15.625,0.001,7.94
16/04/2026 04:05,14.75,0.001,7.95
16/04/2026 03:35,14.875,0.001,7.95
16/04/2026 03:05,14.75,0.001,7.95
16/04/2026 02:35,13.875,0.001,7.95
16/04/2026 02:05,14.625,0.001,7.94
16/04/2026 01:35,15.625,0.001,7.95
16/04/2026 01:05,15.625,0.001,7.95
16/04/2026 00:35,14.625,0.001,7.95
16/04/2026 00:05,14.625,0.001,7.95
15/04/2026 23:35,14.625,0.001,7.95
15/04/2026 23:05,14.5,0.001,7.95
15/04/2026 22:35,14.5,0.001,7.95
15/04/2026 22:05,15.625,0.001,7.95
15/04/2026 21:35,14.75,0.001,7.95
15/04/2026 21:05,15.625,0.001,7.95
15/04/2026 20:35,15.625,0.001,7.95
15/04/2026 20:05,13.75,0.001,7.95
15/04/2026 19:35,14.875,0.001,7.95
15/04/2026 19:05,14.875,0.001,7.95
15/04/2026 18:35,15.625,0.001,7.95
15/04/2026 18:05,14.875,0.001,7.95
15/04/2026 17:35,13.75,0.001,7.95
15/04/2026 17:05,14.875,0.001,7.95
15/04/2026 16:35,13.75,0.001,7.95
15/04/2026 16:05,14.875,0.001,7.95
15/04/2026 15:35,14.875,0.001,7.95
15/04/2026 15:05,14.75,0.001,7.95
15/04/2026 14:35,14.875,0.001,7.95
15/04/2026 14:05,15.625,0.001,7.95
15/04/2026 13:35,14.875,0.001,7.95
15/04/2026 13:05,15.625,0.001,7.95
15/04/2026 12:35,15.625,0.001,7.95
15/04/2026 12:05,14.75,0.001,7.95
15/04/2026 11:35,14.75,0.001,7.95
15/04/2026 11:35,14.75,0.001,7.95
15/04/2026 11:05,13.875,0.001,7.95
15/04/2026 10:35,14.875,0.001,7.96
15/04/2026 10:05,15,0.001,7.96
15/04/2026 09:35,14.875,0.001,7.96
15/04/2026 09:05,15.625,0.001,7.96
15/04/2026 08:35,14.875,0.001,7.96
15/04/2026 08:05,14.875,0.001,7.96
15/04/2026 07:35,14.875,0.001,7.96
15/04/2026 07:05,14.875,0.001,7.96
15/04/2026 06:35,15.125,0.001,7.96
15/04/2026 06:05,15,0.001,7.96
15/04/2026 05:35,15.125,0.001,7.96
15/04/2026 05:05,15.125,0.001,7.96
15/04/2026 04:35,14.875,0.001,7.96
15/04/2026 04:05,14.875,0.001,7.97
15/04/2026 04:05,14.875,0.001,7.97
15/04/2026 03:35,14.75,0.001,7.97
15/04/2026 03:05,14.875,0.001,7.96
15/04/2026 02:35,14.875,0.001,7.97
15/04/2026 02:05,14.75,0.001,7.97
15/04/2026 01:35,14.875,0.001,7.97
15/04/2026 01:05,15,0.001,7.97
15/04/2026 00:35,14.875,0.001,7.97
15/04/2026 00:05,14.75,0.001,7.97
14/04/2026 23:35,14.875,0.001,7.97
14/04/2026 23:05,14.875,0.001,7.97
14/04/2026 22:35,14.875,0.001,7.97
14/04/2026 22:05,15.125,0.001,7.97
14/04/2026 21:35,14.75,0.001,7.97
14/04/2026 21:05,14.875,0.001,7.98
14/04/2026 20:35,15,0.001,7.98
14/04/2026 20:05,15.125,0.001,7.98
14/04/2026 19:35,15,0.001,7.98
14/04/2026 19:05,15.125,0.001,7.98
14/04/2026 18:35,15.25,0.001,7.98
14/04/2026 18:05,15.125,0.001,7.98
14/04/2026 17:35,15.125,0.001,7.98
14/04/2026 17:05,15.375,0.001,7.99
14/04/2026 16:35,15.375,0.001,7.99
14/04/2026 16:05,15.25,0.001,7.99
14/04/2026 15:35,15.125,0.001,8
14/04/2026 15:05,15.375,0.001,8
14/04/2026 15:05,15.375,0.001,8
14/04/2026 14:35,15.25,0.001,8.01
14/04/2026 14:05,15.125,0.001,8
14/04/2026 13:35,15.25,0.001,8
14/04/2026 13:05,15.375,0.001,8
14/04/2026 12:35,15.25,0.001,8
14/04/2026 12:05,15.25,0.001,8
14/04/2026 11:35,15.125,0.001,8
14/04/2026 11:05,15.25,0.001,8
14/04/2026 10:35,15.25,0.001,7.99
14/04/2026 10:05,15.125,0.001,7.99
14/04/2026 09:35,15.25,0.001,7.99
14/04/2026 09:05,15.375,0.001,7.99
14/04/2026 08:35,15.375,0.001,7.99
14/04/2026 08:05,15.125,0.001,7.99
14/04/2026 07:35,15.375,0.001,7.99
14/04/2026 07:05,15.25,0.001,7.99
14/04/2026 06:35,15.375,0.001,7.99
14/04/2026 06:05,15.125,0.001,7.99
14/04/2026 05:35,15.125,0.001,7.99
14/04/2026 05:05,15.25,0.001,7.99
14/04/2026 04:35,15.375,0.001,7.99
14/04/2026 04:05,15.125,0.001,7.99
14/04/2026 03:35,15.125,0.001,7.99
14/04/2026 03:05,15.125,0.001,7.99
14/04/2026 03:05,15.125,0.001,7.99
14/04/2026 02:35,15,0.001,7.99
14/04/2026 02:35,15,0.001,7.99
14/04/2026 02:05,15,0.001,8
14/04/2026 01:35,15.125,0.001,8
14/04/2026 01:05,15,0.001,8
14/04/2026 00:35,15.125,0.001,8
14/04/2026 00:05,14.875,0.001,8
13/04/2026 23:35,15,0.001,8
13/04/2026 23:05,14.75,0.001,8
13/04/2026 22:35,15,0.001,8.01
13/04/2026 22:05,15,0.001,8.01
13/04/2026 21:35,14.875,0.001,8.01
13/04/2026 21:05,14.75,0.001,8.01
13/04/2026 20:35,14.875,0.001,8.01
13/04/2026 20:05,14.875,0.001,8.01
13/04/2026 19:35,14.875,0.001,8.02
13/04/2026 19:05,15.125,0.001,8.02
13/04/2026 18:35,15,0.001,8.02
13/04/2026 18:05,14.875,0.001,8.02
13/04/2026 17:35,14.875,0.001,8.02
13/04/2026 17:05,15.125,0.001,8.02
13/04/2026 16:35,15,0.001,8.02
13/04/2026 16:05,15,0.001,8.02
13/04/2026 15:35,15,0.001,8.01
13/04/2026 15:05,15.125,0.001,8.01
13/04/2026 14:35,15.125,0.001,8.02
13/04/2026 14:05,15.125,0.001,8.01
13/04/2026 13:35,15,0.001,8.01
13/04/2026 13:05,15.125,0.001,8.01
13/04/2026 12:35,15.125,0.001,8.01
13/04/2026 12:05,15,0.001,8.01
13/04/2026 11:35,15.125,0.001,8.01
13/04/2026 11:05,15.25,0.001,8.01
13/04/2026 10:35,15.25,0.001,8
13/04/2026 10:05,15.25,0.001,8
13/04/2026 09:35,15.125,0.001,8
13/04/2026 09:05,15.375,0.001,8
13/04/2026 08:35,15.25,0.001,8
13/04/2026 08:05,15.375,0.001,8
13/04/2026 07:35,15.375,0.001,8
13/04/2026 07:05,15.25,0.001,8
13/04/2026 06:35,15.375,0.001,8
13/04/2026 06:05,15.375,0.001,8
13/04/2026 05:35,15.25,0.001,8
13/04/2026 05:05,15.375,0.001,8
13/04/2026 04:35,15.375,0.001,8
13/04/2026 04:05,15.125,0.001,8
13/04/2026 03:35,15.125,0.001,8
13/04/2026 03:05,15.125,0.001,8
13/04/2026 02:35,15.125,0.001,8
13/04/2026 02:05,15.25,0.001,8
13/04/2026 01:35,15,0.001,8
13/04/2026 01:05,14.875,0.001,8
13/04/2026 00:35,15,0.001,8.01
13/04/2026 00:05,15,0.001,8.01
12/04/2026 23:35,15.125,0.001,8.01
12/04/2026 23:05,15.125,0.001,8.01
12/04/2026 22:35,15,0.001,8.01
12/04/2026 22:05,14.75,0.001,8.01
12/04/2026 21:35,14.875,0.001,8.01
12/04/2026 21:05,14.875,0.001,8.01
12/04/2026 20:35,14.875,0.001,8.02
12/04/2026 20:05,14.875,0.001,8.02
12/04/2026 19:35,14.75,0.001,8.02
12/04/2026 19:05,14.875,0.001,8.02
12/04/2026 18:35,14.875,0.001,8.02
12/04/2026 18:05,15.125,0.001,8.02
12/04/2026 17:35,15,0.001,8.02
12/04/2026 17:05,15,0.001,8.02
12/04/2026 16:35,15,0.001,8.02
12/04/2026 16:05,15.125,0.001,8.02
12/04/2026 15:35,14.875,0.001,8.02
12/04/2026 15:05,15.125,0.001,8.02
12/04/2026 14:35,15.125,0.001,8.02
12/04/2026 14:05,15.25,0.001,8.02
12/04/2026 13:35,15.125,0.001,8.02
12/04/2026 13:05,15.25,0.001,8.02
12/04/2026 12:35,15.125,0.001,8.01
12/04/2026 12:05,15.25,0.001,8.01
12/04/2026 11:35,14.875,0.001,8.01
12/04/2026 11:05,15.125,0.001,8.01
12/04/2026 10:35,15.125,0.001,8.01
12/04/2026 10:05,15,0.001,8.01
12/04/2026 09:35,15.25,0.001,8.01
12/04/2026 09:05,14.875,0.001,8.01
12/04/2026 08:35,15.125,0.001,8.01
12/04/2026 08:05,15.125,0.001,8.01
12/04/2026 07:35,15.25,0.001,8.01
12/04/2026 07:05,15.25,0.001,8.01
12/04/2026 06:35,15.25,0.001,8.01
12/04/2026 06:05,15.25,0.001,8.01
12/04/2026 05:35,15.125,0.001,8.01
12/04/2026 05:05,15,0.001,8.01
12/04/2026 04:35,15.125,0.001,8.01
12/04/2026 04:05,15,0.001,8.01
12/04/2026 03:35,15,0.001,8.01
12/04/2026 03:05,15,0.001,8.01
12/04/2026 02:35,15,0.001,8.01
12/04/2026 02:05,14.75,0.001,8.01
12/04/2026 01:35,15.125,0.001,8.02
12/04/2026 01:05,14.875,0.001,8.02
12/04/2026 00:35,15,0.001,8.02
12/04/2026 00:05,15,0.001,8.02
11/04/2026 23:35,15,0.001,8.02
11/04/2026 23:05,14.875,0.001,8.02
11/04/2026 22:35,15.125,0.001,8.02
11/04/2026 22:05,15,0.001,8.02
11/04/2026 21:35,15.125,0.001,8.03
11/04/2026 21:05,15.25,0.001,8.03
11/04/2026 21:05,15.25,0.001,8.03
11/04/2026 20:35,15.125,0.001,8.03
11/04/2026 20:05,15.25,0.001,8.03
11/04/2026 19:35,15.375,0.001,8.03
11/04/2026 19:05,15.375,0.001,8.03
11/04/2026 18:35,15.375,0.001,8.03
11/04/2026 18:05,15.375,0.001,8.03
11/04/2026 17:35,15.25,0.001,8.03
11/04/2026 17:05,15.375,0.001,8.03
11/04/2026 16:35,15.375,0.001,8.03
11/04/2026 16:05,15.375,0.001,8.03
11/04/2026 15:35,15.375,0.001,8.03
11/04/2026 15:05,15.25,0.001,8.03
11/04/2026 14:35,15.25,0.001,8.03
11/04/2026 14:05,15.25,0.001,8.02
11/04/2026 13:35,15.25,0.001,8.02
11/04/2026 13:05,15.375,0.001,8.02
11/04/2026 12:35,15.25,0.001,8.02
11/04/2026 12:05,15.125,0.001,8.02
11/04/2026 11:35,15.25,0.001,8.02
11/04/2026 11:05,15.125,0.001,8.01
11/04/2026 11:05,15.125,0.001,8.01
11/04/2026 10:35,15.125,0.001,8.01
11/04/2026 10:05,14.875,0.001,8.01
11/04/2026 09:35,15,0.001,8.01
11/04/2026 09:05,15.125,0.001,8.01
11/04/2026 08:35,15.25,0.001,8.01
11/04/2026 08:05,14.875,0.001,8.01
11/04/2026 07:35,15.125,0.001,8.01
11/04/2026 07:05,14.875,0.001,8.01
11/04/2026 06:35,15.125,0.001,8
11/04/2026 06:05,15.125,0.001,8.01
11/04/2026 05:35,15,0.001,8.01
11/04/2026 05:05,15.25,0.001,8.01
11/04/2026 04:35,15,0.001,8
11/04/2026 04:05,14.875,0.001,8.01
11/04/2026 03:35,15.125,0.001,8.01
11/04/2026 03:05,15.125,0.001,8.01
11/04/2026 02:35,15,0.001,8.01
11/04/2026 02:05,14.875,0.001,8.01
11/04/2026 01:35,14.875,0.001,8.01
11/04/2026 01:05,15,0.001,8.01
11/04/2026 00:35,15,0.001,8.01
11/04/2026 00:05,15,0.001,8.01
10/04/2026 23:35,15.125,0.001,8.02
10/04/2026 23:05,15,0.001,8.02
10/04/2026 22:35,15.125,0.001,8.02
10/04/2026 22:05,15,0.001,8.02
10/04/2026 21:35,15.125,0.001,8.02
10/04/2026 21:05,15.25,0.001,8.02
10/04/2026 20:35,15.25,0.001,8.02
10/04/2026 20:05,15.125,0.001,8.02
10/04/2026 19:35,15.25,0.001,8.02
10/04/2026 19:05,15.125,0.001,8.02
10/04/2026 18:35,15.25,0.001,8.03
10/04/2026 18:05,15.375,0.001,8.03
10/04/2026 17:35,15.125,0.001,8.03
10/04/2026 17:05,15.125,0.001,8.03
10/04/2026 16:35,15.375,0.001,8.03
10/04/2026 16:05,15.375,0.001,8.02
10/04/2026 15:35,15.25,0.001,8.02
10/04/2026 15:05,15.25,0.001,8.02
10/04/2026 14:35,15.125,0.001,8.02
10/04/2026 14:05,15.375,0.001,8.02
10/04/2026 13:35,15.375,0.001,8.02
10/04/2026 13:05,15.25,0.001,8.02
10/04/2026 12:35,15.375,0.001,8.02
10/04/2026 12:05,15.375,0.001,8.01
10/04/2026 11:35,15.25,0.001,8.01
10/04/2026 11:05,15.25,0.001,8.01
10/04/2026 10:35,15.375,0.001,8.01
10/04/2026 10:05,15.25,0.001,8.01
10/04/2026 09:35,15.375,0.001,8.01
10/04/2026 09:05,15.125,0.001,8.01
10/04/2026 08:35,15.125,0.001,8
10/04/2026 08:05,15.25,0.001,8
10/04/2026 07:35,15.125,0.001,8
10/04/2026 07:05,15.25,0.001,8
10/04/2026 07:05,15.25,0.001,8
10/04/2026 06:35,15.25,0.001,8
10/04/2026 06:05,15.375,0.001,8
10/04/2026 05:35,15.375,0.001,8
10/04/2026 05:05,15.125,0.001,8
10/04/2026 04:35,15.125,0.001,8
10/04/2026 04:05,15.25,0.001,8
10/04/2026 03:35,15.125,0.001,8.01
10/04/2026 03:05,15.125,0.001,8.01
10/04/2026 02:35,15.125,0.001,8.01
10/04/2026 02:05,15.125,0.001,8.01
10/04/2026 01:35,15.125,0.001,8.01
10/04/2026 01:05,15.25,0.001,8.01
10/04/2026 00:35,15.25,0.001,8.01
10/04/2026 00:05,15.125,0.001,8.01
09/04/2026 23:35,14.875,0.001,8.01
09/04/2026 23:05,15.125,0.001,8.01
09/04/2026 22:35,15.125,0.001,8.01
09/04/2026 22:05,14.875,0.001,8.01
09/04/2026 21:35,15.25,0.001,8.01
09/04/2026 21:05,15.25,0.001,8.01
09/04/2026 20:35,15.125,0.001,8.02
09/04/2026 20:05,15.25,0.001,8.02
09/04/2026 19:35,15.375,0.001,8.02
09/04/2026 19:05,15.25,0.001,8.02
09/04/2026 18:35,15.25,0.001,8.02
09/04/2026 18:05,15.25,0.001,8.02
09/04/2026 17:35,15.25,0.001,8.02
09/04/2026 17:05,15.25,0.001,8.02
09/04/2026 16:35,15.125,0.001,8.02
09/04/2026 16:05,15.375,0.001,8.02
09/04/2026 15:35,15.375,0.001,8.01
09/04/2026 15:05,15.375,0.001,8.01
09/04/2026 15:05,15.375,0.001,8.01
09/04/2026 14:35,15.375,0.001,8.01
09/04/2026 14:05,15.375,0.001,8.01
09/04/2026 13:35,15.5,0.001,8.01
09/04/2026 13:05,15.375,0.001,8
09/04/2026 12:35,15.25,0.001,8
09/04/2026 12:05,15.375,0.001,8
09/04/2026 11:35,15.25,0.001,8
09/04/2026 11:05,15.5,0.001,8
09/04/2026 10:35,15.5,0.001,8
09/04/2026 10:05,15.5,0.001,7.99
09/04/2026 09:35,15.375,0.001,7.99
09/04/2026 09:05,15.5,0.001,7.99
09/04/2026 08:35,15.5,0.001,7.99
09/04/2026 08:05,15.375,0.001,7.99
09/04/2026 07:35,15.375,0.001,7.98
09/04/2026 07:05,15.625,0.001,7.98
09/04/2026 06:35,15.625,0.001,7.98
09/04/2026 06:05,15.5,0.001,7.98
09/04/2026 05:35,15.5,0.001,7.98
09/04/2026 05:05,15.375,0.001,7.98
09/04/2026 04:35,15.25,0.001,7.98
09/04/2026 04:05,15.375,0.001,7.98
09/04/2026 03:35,15.5,0.001,7.98
09/04/2026 03:05,15.25,0.001,7.98
09/04/2026 02:35,15.375,0.001,7.98
09/04/2026 02:05,15.375,0.001,7.98
09/04/2026 01:35,15.375,0.001,7.98
09/04/2026 01:05,15.375,0.001,7.98
09/04/2026 00:35,15.25,0.001,7.98
09/04/2026 00:05,15.25,0.001,7.98
08/04/2026 23:35,15.25,0.001,7.98
08/04/2026 23:05,15.25,0.001,7.98
08/04/2026 22:35,15.25,0.001,7.98
08/04/2026 22:05,15.25,0.001,7.98
08/04/2026 21:35,15.125,0.001,7.98
08/04/2026 21:05,14.875,0.001,7.98
08/04/2026 20:35,15,0.001,7.98
08/04/2026 20:05,15,0.001,7.98
08/04/2026 19:35,15,0.001,7.98
08/04/2026 19:05,14.875,0.001,7.98
08/04/2026 18:35,15,0.001,7.98
08/04/2026 18:05,15,0.001,7.98
08/04/2026 17:35,15.125,0.001,7.98
08/04/2026 17:05,15,0.001,7.98
08/04/2026 16:35,15.25,0.001,7.98
08/04/2026 16:05,15.25,0.001,7.98
08/04/2026 15:35,15.25,0.001,7.98
08/04/2026 15:05,15,0.001,7.97
08/04/2026 14:35,15.125,0.001,7.97
08/04/2026 14:05,15,0.001,7.97
08/04/2026 13:35,15.125,0.001,7.96
08/04/2026 13:05,15,0.001,7.96
08/04/2026 12:35,15,0.001,7.96
08/04/2026 12:05,15.125,0.001,7.96
08/04/2026 11:35,15.25,0.001,7.95
08/04/2026 11:05,15.125,0.001,7.95
08/04/2026 10:35,15.25,0.001,7.95
08/04/2026 10:05,15.125,0.001,7.94
08/04/2026 09:35,15.125,0.001,7.94
08/04/2026 09:05,15.25,0.001,7.94
08/04/2026 08:35,15.375,0.001,7.94
08/04/2026 08:05,15.25,0.001,7.93
08/04/2026 07:35,15.25,0.001,7.93
08/04/2026 07:05,15.375,0.001,7.92
08/04/2026 06:35,15.25,0.001,7.92
08/04/2026 06:05,15.375,0.001,7.92
08/04/2026 05:35,15.375,0.001,7.92
08/04/2026 05:05,15.375,0.001,7.92
08/04/2026 04:35,15.375,0.001,7.92
08/04/2026 04:05,15.375,0.001,7.91
08/04/2026 03:35,15.25,0.001,7.91
08/04/2026 03:35,15.25,0.001,7.91
08/04/2026 03:05,15.125,0.001,7.91
08/04/2026 02:35,15.125,0.001,7.91
08/04/2026 02:05,15,0.001,7.91
08/04/2026 01:35,15.25,0.001,7.91
08/04/2026 01:05,15.125,0.001,7.91
08/04/2026 00:35,15.25,0.001,7.91
08/04/2026 00:05,15.25,0.001,7.91
07/04/2026 23:35,15.375,0.001,7.91
07/04/2026 23:05,15.375,0.001,7.92
07/04/2026 22:35,15.25,0.001,7.92
07/04/2026 22:05,15.375,0.001,7.92
07/04/2026 21:35,15.25,0.001,7.92
07/04/2026 21:05,15.375,0.001,7.93
07/04/2026 20:35,15.25,0.001,7.93
07/04/2026 20:05,15.375,0.001,7.94
07/04/2026 19:35,15.5,0.001,7.95
07/04/2026 19:05,15.625,0.001,7.95
07/04/2026 18:35,15.5,0.001,7.96
07/04/2026 18:05,15.625,0.001,7.97
07/04/2026 17:35,15.5,0.001,7.99
07/04/2026 17:05,15.5,0.001,8
07/04/2026 17:05,15.5,0.001,8
07/04/2026 16:35,15.5,0.001,8.01
07/04/2026 16:05,15.25,0.001,8.02
07/04/2026 16:05,15.25,0.001,8.02
07/04/2026 15:35,15.25,0.001,8.02
07/04/2026 15:05,15.375,0.001,8.03
07/04/2026 14:35,15.125,0.001,8.04
07/04/2026 14:05,15.125,0.001,8.04
07/04/2026 13:35,15.125,0.001,8.04
07/04/2026 13:05,15,0.001,8.04
07/04/2026 12:35,15.25,0.001,8.04
07/04/2026 12:05,15,0.001,8.04
07/04/2026 11:35,15.125,0.001,8.04
07/04/2026 11:05,15,0.001,8.03
07/04/2026 10:35,15.125,0.001,8.03
07/04/2026 10:05,15,0.001,8.03
07/04/2026 09:35,15.125,0.001,8.03
07/04/2026 09:05,14.875,0.001,8.03
07/04/2026 08:35,15.125,0.001,8.03
07/04/2026 08:05,14.875,0.001,8.03
07/04/2026 07:35,15,0.001,8.03
07/04/2026 07:05,15.125,0.001,8.03
07/04/2026 06:35,15,0.001,8.03
07/04/2026 06:05,14.75,0.001,8.03
07/04/2026 05:35,14.875,0.001,8.03
07/04/2026 05:05,14.875,0.001,8.03
07/04/2026 04:35,15,0.001,8.03
07/04/2026 04:05,14.875,0.001,8.03
07/04/2026 03:35,15.625,0.001,8.03
07/04/2026 03:05,14.875,0.001,8.03
07/04/2026 02:35,14.875,0.001,8.03
07/04/2026 02:05,14.875,0.001,8.03
07/04/2026 01:35,14.75,0.001,8.03
07/04/2026 01:05,14.875,0.001,8.03
07/04/2026 01:05,14.875,0.001,8.03
07/04/2026 00:35,15,0.001,8.03
07/04/2026 00:05,14.875,0.001,8.04
06/04/2026 23:35,15,0.001,8.04
06/04/2026 23:05,15,0.001,8.04
06/04/2026 22:35,15,0.001,8.04
06/04/2026 22:35,15,0.001,8.04
06/04/2026 22:05,14.75,0.001,8.04
06/04/2026 21:35,15.125,0.001,8.04
06/04/2026 21:05,15.125,0.001,8.04
06/04/2026 21:05,15.125,0.001,8.04
06/04/2026 20:35,14.875,0.001,8.04
06/04/2026 20:05,15,0.001,8.04
06/04/2026 19:35,15.25,0.001,8.04
06/04/2026 19:05,15,0.001,8.05
06/04/2026 18:35,15,0.001,8.05
06/04/2026 18:05,15.25,0.001,8.05
06/04/2026 17:35,15.375,0.001,8.05
06/04/2026 17:05,15.25,0.001,8.05
06/04/2026 16:35,15.25,0.001,8.05
06/04/2026 16:05,15.375,0.001,8.05
06/04/2026 15:35,15.375,0.001,8.04
06/04/2026 15:05,15.375,0.001,8.04
06/04/2026 14:35,15.25,0.001,8.04
06/04/2026 14:35,15.25,0.001,8.04
06/04/2026 14:05,15.125,0.001,8.04
06/04/2026 13:35,15.125,0.001,8.04
06/04/2026 13:05,15.25,0.001,8.04
06/04/2026 12:35,15.375,0.001,8.04
06/04/2026 12:05,15.25,0.001,8.04
06/04/2026 11:35,15.125,0.001,8.03
06/04/2026 11:05,15.125,0.001,8.03
06/04/2026 10:35,15.25,0.001,8.03
06/04/2026 10:05,15.125,0.001,8.03
06/04/2026 09:35,15.125,0.001,8.03
06/04/2026 09:05,15.25,0.001,8.03
06/04/2026 08:35,14.875,0.001,8.03
06/04/2026 08:35,14.875,0.001,8.03
06/04/2026 08:05,15,0.001,8.03
06/04/2026 07:35,15,0.001,8.03
06/04/2026 07:05,15.125,0.001,8.02
06/04/2026 06:35,15.25,0.001,8.02
06/04/2026 06:05,15.125,0.001,8.02
06/04/2026 05:35,14.875,0.001,8.02
06/04/2026 05:05,15,0.001,8.02
06/04/2026 04:35,15,0.001,8.03
06/04/2026 04:05,15.25,0.001,8.03
06/04/2026 03:35,15,0.001,8.03
06/04/2026 03:05,14.875,0.001,8.03
06/04/2026 02:35,15.125,0.001,8.03
06/04/2026 02:05,15,0.001,8.03
06/04/2026 01:35,14.875,0.001,8.03
06/04/2026 01:05,15,0.001,8.03
06/04/2026 00:35,15,0.001,8.03
06/04/2026 00:05,15,0.001,8.03
05/04/2026 23:35,15.125,0.001,8.03
05/04/2026 23:05,15,0.001,8.03
05/04/2026 22:35,15,0.001,8.04
05/04/2026 22:05,14.875,0.001,8.04
05/04/2026 21:35,14.875,0.001,8.04
05/04/2026 21:05,15,0.001,8.04
05/04/2026 20:35,15,0.001,8.04
05/04/2026 20:05,15.125,0.001,8.04
05/04/2026 19:35,15.125,0.001,8.04
05/04/2026 19:05,15.125,0.001,8.04
05/04/2026 18:35,15.125,0.001,8.04
05/04/2026 18:05,15.25,0.001,8.05
05/04/2026 17:35,15.375,0.001,8.05
05/04/2026 17:05,15.375,0.001,8.04
05/04/2026 16:35,15.375,0.001,8.04
05/04/2026 16:05,15.375,0.001,8.04
05/04/2026 15:35,15.25,0.001,8.04
05/04/2026 15:05,15.125,0.001,8.04
05/04/2026 14:35,15.125,0.001,8.04
05/04/2026 14:05,15.375,0.001,8.04
05/04/2026 13:35,15.375,0.001,8.04
05/04/2026 13:05,15.125,0.001,8.04
05/04/2026 12:35,15.25,0.001,8.04
05/04/2026 12:05,15.25,0.001,8.03
05/04/2026 11:35,15.25,0.001,8.03
05/04/2026 11:05,15.375,0.001,8.03
05/04/2026 10:35,15.125,0.001,8.03
05/04/2026 10:05,15.125,0.001,8.03
05/04/2026 09:35,15.25,0.001,8.03
05/04/2026 09:05,15.125,0.001,8.02
05/04/2026 08:35,15.125,0.001,8.02
05/04/2026 08:05,15,0.001,8.02
05/04/2026 07:35,15,0.001,8.02
05/04/2026 07:05,15,0.001,8.02
05/04/2026 06:35,15.125,0.001,8.02
05/04/2026 06:05,15.125,0.001,8.02
05/04/2026 06:05,15.125,0.001,8.02
05/04/2026 05:35,15.125,0.001,8.02
05/04/2026 05:05,15,0.001,8.02
05/04/2026 04:35,14.875,0.001,8.02
05/04/2026 04:05,14.875,0.001,8.02
05/04/2026 03:35,15,0.001,8.02
05/04/2026 03:05,14.875,0.001,8.02
05/04/2026 02:35,14.875,0.001,8.02
05/04/2026 02:05,14.875,0.001,8.02
05/04/2026 01:35,15.125,0.001,8.02
05/04/2026 01:05,15,0.001,8.03
05/04/2026 00:35,14.875,0.001,8.03
05/04/2026 00:05,14.875,0.001,8.03
04/04/2026 23:35,14.875,0.001,8.03
04/04/2026 23:05,15.125,0.001,8.03
04/04/2026 22:35,14.875,0.001,8.03
04/04/2026 22:05,14.875,0.001,8.03
04/04/2026 21:35,14.875,0.001,8.03
04/04/2026 21:05,15,0.001,8.03
04/04/2026 20:35,14.875,0.001,8.03
04/04/2026 20:35,14.875,0.001,8.03
04/04/2026 20:05,15.25,0.001,8.04
04/04/2026 19:35,15.125,0.001,8.04
04/04/2026 19:05,15,0.001,8.04
04/04/2026 18:35,15.125,0.001,8.04
04/04/2026 18:05,15.25,0.001,8.04
04/04/2026 17:35,15.25,0.001,8.04
04/04/2026 17:05,15.125,0.001,8.04
04/04/2026 16:35,15.125,0.001,8.04
04/04/2026 16:05,15.25,0.001,8.04
04/04/2026 15:35,15.375,0.001,8.03
04/04/2026 15:05,15.125,0.001,8.03
04/04/2026 14:35,15.25,0.001,8.03
04/04/2026 14:05,15.25,0.001,8.03
04/04/2026 13:35,15.125,0.001,8.03
04/04/2026 13:05,15.375,0.001,8.03
04/04/2026 12:35,15.25,0.001,8.03
04/04/2026 12:05,15.25,0.001,8.03
04/04/2026 11:35,14.875,0.001,8.02
04/04/2026 11:05,15.125,0.001,8.02
04/04/2026 10:35,15.25,0.001,8.02
04/04/2026 10:05,15,0.001,8.02
04/04/2026 09:35,15.125,0.001,8.02
04/04/2026 09:05,15.125,0.001,8.02
04/04/2026 08:35,15.25,0.001,8.01
04/04/2026 08:05,15,0.001,8.01
04/04/2026 07:35,15.125,0.001,8.01
04/04/2026 07:05,15.125,0.001,8.01
04/04/2026 06:35,15,0.001,8.01
04/04/2026 06:05,15,0.001,8.01
04/04/2026 05:35,15.125,0.001,8.01
04/04/2026 05:05,15,0.001,8.01
04/04/2026 04:35,15,0.001,8.01
04/04/2026 04:05,15,0.001,8.01
04/04/2026 03:35,15.125,0.001,8.01
04/04/2026 03:05,15,0.001,8.01
04/04/2026 02:35,15.125,0.001,8.01
04/04/2026 02:05,14.875,0.001,8.01
04/04/2026 01:35,14.875,0.001,8.02
04/04/2026 01:05,15,0.001,8.01
04/04/2026 00:35,14.75,0.001,8.02
04/04/2026 00:05,14.875,0.001,8.02
03/04/2026 23:35,15,0.001,8.02
03/04/2026 23:05,14.875,0.001,8.02
03/04/2026 23:05,14.875,0.001,8.02
03/04/2026 22:35,14.75,0.001,8.02
03/04/2026 22:05,15,0.001,8.02
03/04/2026 21:35,15,0.001,8.02
03/04/2026 21:05,14.875,0.001,8.02
03/04/2026 20:35,14.875,0.001,8.02
03/04/2026 20:05,15.125,0.001,8.02
03/04/2026 19:35,15.125,0.001,8.02
03/04/2026 19:05,15.125,0.001,8.03
03/04/2026 18:35,15.25,0.001,8.03
03/04/2026 18:05,15.375,0.001,8.03
03/04/2026 17:35,15.375,0.001,8.03
03/04/2026 17:05,15.25,0.001,8.03
03/04/2026 16:35,15.125,0.001,8.03
03/04/2026 16:05,15.375,0.001,8.02
03/04/2026 15:35,15.25,0.001,8.02
03/04/2026 15:05,15.125,0.001,8.02
03/04/2026 14:35,15.25,0.001,8.02
03/04/2026 14:05,15.125,0.001,8.02
03/04/2026 13:35,15.125,0.001,8.02
03/04/2026 13:05,15.125,0.001,8.02
03/04/2026 12:35,15.125,0.001,8.02
03/04/2026 12:05,15,0.001,8.01
03/04/2026 11:35,15,0.001,8.01
03/04/2026 11:05,15.25,0.001,8.01
03/04/2026 10:35,15.125,0.001,8.01
03/04/2026 10:05,15.125,0.001,8.01
03/04/2026 09:35,15,0.001,8.01
03/04/2026 09:05,15.125,0.001,8.01
03/04/2026 08:35,15,0.001,8.01
03/04/2026 08:05,15.125,0.001,8.01
03/04/2026 07:35,15,0.001,8
03/04/2026 07:05,15.125,0.001,8
03/04/2026 06:35,15.125,0.001,8
03/04/2026 06:05,15,0.001,8
03/04/2026 05:35,15,0.001,8
03/04/2026 05:05,15.125,0.001,8
03/04/2026 04:35,15,0.001,8
03/04/2026 04:05,15,0.001,8.01
03/04/2026 03:35,14.875,0.001,8.01
03/04/2026 03:05,14.75,0.001,8.01
03/04/2026 02:35,14.875,0.001,8.01
03/04/2026 02:05,15.125,0.001,8.01
03/04/2026 01:35,14.875,0.001,8.01
03/04/2026 01:05,14.75,0.001,8.01
03/04/2026 00:35,15,0.001,8.01
03/04/2026 00:05,14.875,0.001,8.01
02/04/2026 23:35,14.875,0.001,8.01
02/04/2026 23:05,14.875,0.001,8.01
02/04/2026 22:35,15.125,0.001,8.01
02/04/2026 22:05,15.125,0.001,8.01
02/04/2026 21:35,15,0.001,8.01
02/04/2026 21:05,15.125,0.001,8.01
02/04/2026 20:35,15.125,0.001,8.01
02/04/2026 20:05,15,0.001,8.01
02/04/2026 19:35,15.125,0.001,8.01
02/04/2026 19:05,15.25,0.001,8.02
02/04/2026 18:35,15.25,0.001,8.02
02/04/2026 18:05,15.375,0.001,8.02
02/04/2026 17:35,15.25,0.001,8.01
02/04/2026 17:05,15.25,0.001,8.01
02/04/2026 16:35,15.25,0.001,8.01
02/04/2026 16:05,15.375,0.001,8.01
02/04/2026 15:35,15.25,0.001,8.01
02/04/2026 15:05,15.375,0.001,8.01
02/04/2026 14:35,15.125,0.001,8.01
02/04/2026 14:05,15.375,0.001,8.01
02/04/2026 13:35,15.375,0.001,8
02/04/2026 13:05,15.125,0.001,8
02/04/2026 12:35,15.125,0.001,8
02/04/2026 12:05,15.25,0.001,8
02/04/2026 11:35,15.375,0.001,8
02/04/2026 11:05,15.25,0.001,7.99
02/04/2026 10:35,15.25,0.001,7.99
02/04/2026 10:05,15.125,0.001,7.99
02/04/2026 09:35,15.125,0.001,7.99
02/04/2026 09:05,15.125,0.001,7.99
02/04/2026 08:35,15.25,0.001,7.98
02/04/2026 08:05,15.375,0.001,7.98
02/04/2026 07:35,15.125,0.001,7.98
02/04/2026 07:05,15.25,0.001,7.98
02/04/2026 06:35,15.125,0.001,7.98
02/04/2026 06:05,15.125,0.001,7.98
02/04/2026 05:35,15.25,0.001,7.98
02/04/2026 05:05,15.375,0.001,7.98
02/04/2026 04:35,15.125,0.001,7.98
02/04/2026 04:05,15.25,0.001,7.98
02/04/2026 03:35,15.125,0.001,7.98
02/04/2026 03:05,15.25,0.001,7.98
02/04/2026 02:35,15.125,0.001,7.98
02/04/2026 02:05,14.875,0.001,7.98
02/04/2026 01:35,15.25,0.001,7.98
02/04/2026 01:05,15.25,0.001,7.98
02/04/2026 00:35,15,0.001,7.97
02/04/2026 00:05,14.875,0.001,7.97
01/04/2026 23:35,15,0.001,7.98
01/04/2026 23:05,15,0.001,7.98
01/04/2026 22:35,14.875,0.001,7.98
01/04/2026 22:05,14.875,0.001,7.99
01/04/2026 21:35,14.875,0.001,7.99
01/04/2026 21:05,15,0.001,7.99
01/04/2026 20:35,15,0.001,7.98
01/04/2026 20:35,15,0.001,7.98
01/04/2026 20:05,15.125,0.001,7.99
01/04/2026 19:35,15.125,0.001,7.99
01/04/2026 19:05,15.25,0.001,7.99
01/04/2026 18:35,15.125,0.001,7.99
01/04/2026 18:05,15.375,0.001,7.99
01/04/2026 17:36,15.375,0.001,8
01/04/2026 17:35,15.25,0.001,7.99
01/04/2026 17:31,15.25,0.001,8
01/04/2026 17:31,15.375,0.001,8.69
01/04/2026 17:05,15.375,0.001,7.99
01/04/2026 16:35,15.25,0.001,7.99
01/04/2026 16:05,15.25,0.001,7.99
01/04/2026 15:35,15.375,0.001,7.99
01/04/2026 15:05,15.125,0.001,7.99
01/04/2026 15:05,15.125,0.001,7.99
01/04/2026 14:35,15.125,0.001,7.99
01/04/2026 14:35,15.125,0.001,7.99
01/04/2026 14:05,15.125,0.001,7.98
01/04/2026 14:05,15.125,0.001,7.98
01/04/2026 13:35,15.25,0.001,7.98
01/04/2026 13:05,15.125,0.001,7.98
01/04/2026 12:35,15.25,0.001,7.98
01/04/2026 12:05,15.25,0.001,7.98
01/04/2026 11:35,15.25,0.001,7.98
01/04/2026 11:05,15.25,0.001,7.98
01/04/2026 10:35,15.125,0.001,7.98
28/03/2026 11:35,15.25,0.001,7.96
28/03/2026 11:05,15.25,0.001,7.95
28/03/2026 10:35,15.375,0.001,7.95
28/03/2026 10:05,15.375,0.001,7.95
28/03/2026 09:35,15.375,0.001,7.95
28/03/2026 09:05,15.375,0.001,7.95
28/03/2026 08:35,15.375,0.001,7.95
28/03/2026 08:05,15.375,0.001,7.95
28/03/2026 07:35,15.375,0.001,7.95
28/03/2026 07:07,15.375,0.001,7.95
28/03/2026 07:05,15.375,0.001,7.95
28/03/2026 06:35,15.5,0.001,7.95
28/03/2026 06:05,15.375,0.001,7.95
28/03/2026 05:35,15.375,0.001,7.95
28/03/2026 05:05,15.375,0.001,7.95
28/03/2026 04:35,15.375,0.001,7.95
28/03/2026 04:05,15.25,0.001,7.94
28/03/2026 03:05,15.125,0.001,7.95
28/03/2026 02:35,15.125,0.001,7.94
28/03/2026 02:05,15.25,0.001,7.94
28/03/2026 01:35,15.375,0.001,7.94
28/03/2026 01:05,15.125,0.001,7.94
28/03/2026 00:35,15.125,0.001,7.94
28/03/2026 00:05,15.125,0.001,7.94
27/03/2026 23:35,15,0.001,7.94
27/03/2026 23:05,15.25,0.001,7.94
27/03/2026 22:35,15,0.001,7.94
27/03/2026 22:05,14.875,0.001,7.94
27/03/2026 21:35,15.125,0.001,7.94
27/03/2026 21:05,15.125,0.001,7.94
27/03/2026 20:35,15,0.001,7.94
27/03/2026 20:05,15.125,0.001,7.94
27/03/2026 19:35,14.875,0.001,7.94
27/03/2026 19:05,14.875,0.001,7.94
27/03/2026 18:35,15,0.001,7.94
27/03/2026 18:05,15.125,0.001,7.94
27/03/2026 17:35,15.25,0.001,7.94
27/03/2026 17:05,15,0.001,7.94
27/03/2026 16:35,15.25,0.001,7.94
27/03/2026 16:05,15.25,0.001,7.94
27/03/2026 15:35,15.25,0.001,7.94
27/03/2026 15:05,15.125,0.001,7.94
27/03/2026 14:35,15,0.001,7.94
27/03/2026 14:05,15.125,0.001,7.93
27/03/2026 13:35,15.375,0.001,7.93
27/03/2026 13:05,15.25,0.001,7.93
27/03/2026 12:35,15.125,0.001,7.93
27/03/2026 12:05,15.375,0.001,7.92
27/03/2026 11:35,15.25,0.001,7.92
27/03/2026 11:35,15.25,0.001,7.92
27/03/2026 11:05,15.25,0.001,7.92
27/03/2026 10:35,15.25,0.001,7.91
27/03/2026 10:05,15.25,0.001,7.91
27/03/2026 09:35,15.125,0.001,7.91
27/03/2026 09:05,15.375,0.001,7.91
27/03/2026 08:35,15.25,0.001,7.91
27/03/2026 08:05,15.25,0.001,7.9
27/03/2026 07:35,15.375,0.001,7.9
27/03/2026 07:05,15.25,0.001,7.9
27/03/2026 06:35,15.375,0.001,7.9
27/03/2026 06:05,15.25,0.001,7.9
27/03/2026 05:35,15.125,0.001,7.9
27/03/2026 05:05,15.125,0.001,7.89
27/03/2026 04:35,15.375,0.001,7.89
27/03/2026 04:05,15,0.001,7.89
27/03/2026 03:35,15.25,0.001,7.89
27/03/2026 03:05,15.125,0.001,7.89
27/03/2026 02:35,15.125,0.001,7.89
27/03/2026 02:05,15.125,0.001,7.89
27/03/2026 01:35,15.25,0.001,7.89
27/03/2026 01:05,15.125,0.001,7.88
27/03/2026 00:35,15.125,0.001,7.88
27/03/2026 00:05,15,0.001,7.88
26/03/2026 23:35,15,0.001,7.88
26/03/2026 23:05,15,0.001,7.88
26/03/2026 22:35,15,0.001,7.88
26/03/2026 22:05,15,0.001,7.88
26/03/2026 21:35,15.25,0.001,7.88
26/03/2026 21:05,15.125,0.001,7.87
26/03/2026 20:35,15.125,0.001,7.88
26/03/2026 20:05,15.25,0.001,7.87
26/03/2026 19:35,15.125,0.001,7.87
26/03/2026 19:05,15.375,0.001,7.87
26/03/2026 18:35,15,0.001,7.87
26/03/2026 18:05,15.125,0.001,7.87
26/03/2026 17:35,15.25,0.001,7.87
26/03/2026 17:05,15.375,0.001,7.87
26/03/2026 16:35,15.25,0.001,7.86
26/03/2026 16:05,15.375,0.001,7.86
26/03/2026 15:35,15.25,0.001,7.86
26/03/2026 15:35,15.25,0.001,7.86
26/03/2026 15:05,15.375,0.001,7.86
26/03/2026 14:35,15.125,0.001,7.86
26/03/2026 14:05,15.25,0.001,7.86
26/03/2026 13:35,15.25,0.001,7.86
26/03/2026 13:05,15.125,0.001,7.87
26/03/2026 12:35,15.125,0.001,7.87
26/03/2026 12:05,15.375,0.001,7.89
26/03/2026 11:35,15.375,0.001,7.9
26/03/2026 11:05,15.25,0.001,7.92
26/03/2026 10:35,15.25,0.001,7.94
26/03/2026 10:05,15.375,0.001,7.95
26/03/2026 09:35,15.375,0.001,7.95
26/03/2026 09:05,15.375,0.001,7.95
26/03/2026 08:35,15.25,0.001,7.95
26/03/2026 08:05,15.25,0.001,7.95
26/03/2026 07:35,15.25,0.001,7.95
26/03/2026 07:05,15.25,0.001,7.95
26/03/2026 06:35,15.25,0.001,7.95
26/03/2026 06:05,15.25,0.001,7.95
26/03/2026 05:35,15.25,0.001,7.95
26/03/2026 05:35,15.25,0.001,7.95
26/03/2026 05:05,15.125,0.001,7.95
26/03/2026 04:35,15.25,0.001,7.95
26/03/2026 04:05,15.25,0.001,7.95
26/03/2026 03:35,15.25,0.001,7.95
26/03/2026 03:05,15.125,0.001,7.95
26/03/2026 02:35,15.375,0.001,7.95
26/03/2026 02:05,15,0.001,7.95
26/03/2026 01:35,14.875,0.001,7.95
26/03/2026 01:05,15,0.001,7.95
26/03/2026 00:35,15,0.001,7.95
26/03/2026 00:35,15,0.001,7.95
26/03/2026 00:05,15.125,0.001,7.95
25/03/2026 23:35,15.125,0.001,7.95
25/03/2026 23:05,14.75,0.001,7.95
25/03/2026 22:35,15.125,0.001,7.95
25/03/2026 22:05,14.875,0.001,7.95
25/03/2026 21:35,14.875,0.001,7.95
25/03/2026 21:05,14.75,0.001,7.95
25/03/2026 20:35,14.75,0.001,7.95
25/03/2026 20:05,15,0.001,7.96
25/03/2026 19:35,15,0.001,7.96
25/03/2026 19:05,15.25,0.001,7.96
25/03/2026 18:35,14.875,0.001,7.96
25/03/2026 18:05,15,0.001,7.96
25/03/2026 17:35,15.25,0.001,7.96
25/03/2026 17:05,15.25,0.001,7.96
25/03/2026 16:35,15.125,0.001,7.96
25/03/2026 16:05,15.125,0.001,7.96
25/03/2026 15:35,15.125,0.001,7.96
25/03/2026 15:05,15.125,0.001,7.96
25/03/2026 14:35,15.25,0.001,7.96
25/03/2026 14:05,15.375,0.001,7.96
25/03/2026 13:35,15.25,0.001,7.96
25/03/2026 13:05,15.25,0.001,7.96
25/03/2026 12:35,15.375,0.001,7.96
25/03/2026 12:05,15.25,0.001,7.96
25/03/2026 11:35,15.375,0.001,7.96
25/03/2026 11:05,15.25,0.001,7.96
25/03/2026 10:35,15.375,0.001,7.95
25/03/2026 10:05,15.25,0.001,7.95
25/03/2026 09:35,15.375,0.001,7.95
25/03/2026 09:05,15.25,0.001,7.95
25/03/2026 08:35,15.5,0.001,7.95
25/03/2026 08:05,15.25,0.001,7.95
25/03/2026 07:35,15.5,0.001,7.94
25/03/2026 07:05,15.5,0.001,7.95
25/03/2026 06:35,15.375,0.001,7.94
25/03/2026 06:35,15.375,0.001,7.94
25/03/2026 06:05,15.375,0.001,7.95
25/03/2026 05:35,15.375,0.001,7.94
25/03/2026 05:05,15.25,0.001,7.94
25/03/2026 04:35,15.375,0.001,7.94
25/03/2026 04:05,15.375,0.001,7.94
25/03/2026 03:35,15.25,0.001,7.94
25/03/2026 03:05,15.25,0.001,7.94
25/03/2026 02:35,15.375,0.001,7.94
25/03/2026 02:05,15.25,0.001,7.95
25/03/2026 01:35,15.25,0.001,7.95
25/03/2026 01:05,15.125,0.001,7.95
25/03/2026 00:35,15.25,0.001,7.95
25/03/2026 00:05,15.125,0.001,7.95
24/03/2026 23:35,15.125,0.001,7.95
24/03/2026 23:05,15.25,0.001,7.95
24/03/2026 22:35,15.125,0.001,7.95
24/03/2026 22:05,15,0.001,7.95
24/03/2026 22:05,15,0.001,7.95
24/03/2026 21:35,15.25,0.001,7.95
24/03/2026 21:05,15.25,0.001,7.95
24/03/2026 20:35,15,0.001,7.95
24/03/2026 20:05,15.25,0.001,7.95
24/03/2026 19:35,15.125,0.001,7.95
24/03/2026 19:05,15,0.001,7.95
24/03/2026 18:35,15,0.001,7.95
24/03/2026 18:05,15.125,0.001,7.95
24/03/2026 17:35,15.25,0.001,7.95
24/03/2026 17:05,15.25,0.001,7.95
24/03/2026 16:35,15.25,0.001,7.95
24/03/2026 16:05,15.125,0.001,7.96
24/03/2026 15:35,15.375,0.001,7.97
24/03/2026 15:05,15.25,0.001,7.97
24/03/2026 14:35,15.25,0.001,7.97
24/03/2026 14:05,15.125,0.001,7.97
24/03/2026 13:35,15.375,0.001,7.97
24/03/2026 13:05,15,0.001,7.97
24/03/2026 12:35,15.25,0.001,7.97
24/03/2026 12:05,15.125,0.001,7.96
24/03/2026 11:35,15.375,0.001,7.96
24/03/2026 11:05,15.375,0.001,7.96
24/03/2026 10:35,15.25,0.001,7.96
24/03/2026 10:05,15.25,0.001,7.96
24/03/2026 09:35,15.375,0.001,7.96
24/03/2026 09:05,15.25,0.001,7.95
24/03/2026 08:35,15.125,0.001,7.95
24/03/2026 08:05,15.125,0.001,7.95
24/03/2026 07:35,15.375,0.001,7.95
24/03/2026 07:05,15.25,0.001,7.95
24/03/2026 06:35,15.5,0.001,7.96
24/03/2026 06:05,15.375,0.001,7.96
24/03/2026 05:35,15.25,0.001,7.96
24/03/2026 05:05,15.375,0.001,7.96
24/03/2026 04:35,15.125,0.001,7.96
24/03/2026 04:05,15.375,0.001,7.96
24/03/2026 03:35,15.25,0.001,7.96
24/03/2026 03:05,15.375,0.001,7.96
24/03/2026 02:35,15,0.001,7.96
24/03/2026 02:05,15.375,0.001,7.96
24/03/2026 01:35,15.125,0.001,7.96
24/03/2026 01:35,15.125,0.001,7.96
24/03/2026 01:05,15.25,0.001,7.96
24/03/2026 00:35,15.25,0.001,7.96
24/03/2026 00:05,15.25,0.001,7.96
23/03/2026 23:35,15.125,0.001,7.96
23/03/2026 23:35,15.125,0.001,7.96
23/03/2026 23:05,15.125,0.001,7.96
23/03/2026 22:35,14.875,0.001,7.96
23/03/2026 22:05,15.125,0.001,7.96
23/03/2026 21:35,15,0.001,7.96
23/03/2026 21:05,15,0.001,7.97
23/03/2026 20:35,15,0.001,7.96
23/03/2026 20:05,15,0.001,7.96
23/03/2026 19:35,15.125,0.001,7.96
23/03/2026 19:05,15.125,0.001,7.97
23/03/2026 18:35,15.25,0.001,7.97
23/03/2026 18:05,15.125,0.001,7.97
23/03/2026 17:35,15.375,0.001,7.97
23/03/2026 17:05,15.25,0.001,7.97
23/03/2026 16:35,15.375,0.001,7.97
23/03/2026 16:05,15.25,0.001,7.97
23/03/2026 15:35,15.375,0.001,7.97
23/03/2026 15:05,15.25,0.001,7.97
23/03/2026 14:35,15.375,0.001,7.97
23/03/2026 14:05,15.25,0.001,7.97
23/03/2026 13:35,15.25,0.001,7.97
23/03/2026 13:05,15.375,0.001,7.97
23/03/2026 12:35,15.125,0.001,7.98
23/03/2026 12:05,15.25,0.001,7.98
23/03/2026 11:35,15.25,0.001,7.97
23/03/2026 11:05,15.25,0.001,7.97
23/03/2026 10:35,15.25,0.001,7.97
23/03/2026 10:05,15.375,0.001,7.97
23/03/2026 09:35,15.375,0.001,7.97
23/03/2026 09:05,15.375,0.001,7.97
23/03/2026 08:35,15.375,0.001,7.97
23/03/2026 08:05,15.375,0.001,7.97
23/03/2026 07:35,15.125,0.001,7.97
23/03/2026 07:05,15.5,0.001,7.97
23/03/2026 06:35,15.375,0.001,7.97
23/03/2026 06:05,15.375,0.001,7.98
23/03/2026 05:35,15.5,0.001,7.97
23/03/2026 05:05,15.375,0.001,7.98
23/03/2026 04:35,15.375,0.001,7.98
23/03/2026 04:05,15.25,0.001,7.98
23/03/2026 03:35,15.375,0.001,7.98
23/03/2026 03:05,15.25,0.001,7.98
23/03/2026 02:35,15.25,0.001,7.98
23/03/2026 02:05,15.375,0.001,7.98
23/03/2026 01:35,15.25,0.001,7.98
23/03/2026 01:05,15.25,0.001,7.98
23/03/2026 00:35,15.375,0.001,7.98
23/03/2026 00:05,15.25,0.001,7.98
23/03/2026 00:05,15.25,0.001,7.98
22/03/2026 23:35,15.25,0.001,7.98
22/03/2026 23:05,15.25,0.001,7.98
22/03/2026 23:05,15.25,0.001,7.98
22/03/2026 22:35,15.25,0.001,7.98
22/03/2026 22:05,15.25,0.001,7.98
22/03/2026 21:35,15.125,0.001,7.98
22/03/2026 21:35,15.125,0.001,7.98
22/03/2026 21:05,15.125,0.001,7.98
22/03/2026 20:35,15,0.001,7.98
22/03/2026 20:05,15,0.001,7.98
22/03/2026 19:35,15,0.001,7.99
22/03/2026 19:05,15.25,0.001,7.99
22/03/2026 18:35,15.25,0.001,7.99
22/03/2026 18:05,15.25,0.001,7.99
22/03/2026 17:35,15.125,0.001,7.99
22/03/2026 17:05,15.25,0.001,7.99
22/03/2026 16:35,15.25,0.001,7.99
22/03/2026 16:05,15.25,0.001,7.98
22/03/2026 15:35,15.25,0.001,7.98
22/03/2026 15:35,15.25,0.001,7.98
22/03/2026 15:05,15.375,0.001,7.98
22/03/2026 15:05,15.375,0.001,7.98
22/03/2026 14:35,15.375,0.001,7.98
22/03/2026 14:05,15.25,0.001,7.98
22/03/2026 13:35,15.25,0.001,7.98
22/03/2026 13:05,15.375,0.001,7.98
22/03/2026 13:05,15.375,0.001,7.98
22/03/2026 12:35,15.375,0.001,7.98
22/03/2026 12:05,15.5,0.001,7.98
22/03/2026 11:35,15.25,0.001,7.98
22/03/2026 11:05,15.375,0.001,7.98
22/03/2026 10:35,15.5,0.001,7.98
22/03/2026 10:05,15.375,0.001,7.98
22/03/2026 09:35,15.375,0.001,7.98
22/03/2026 09:05,15.5,0.001,7.97
22/03/2026 08:35,15.5,0.001,7.97
22/03/2026 08:05,15.5,0.001,7.97
22/03/2026 07:35,15.5,0.001,7.97
22/03/2026 07:05,15.375,0.001,7.97
22/03/2026 06:35,15.625,0.001,7.97
22/03/2026 06:05,15.5,0.001,7.97
22/03/2026 05:35,15.5,0.001,7.97
22/03/2026 05:05,15.375,0.001,7.97
22/03/2026 04:35,15.5,0.001,7.97
22/03/2026 04:05,15.375,0.001,7.97
22/03/2026 03:35,15.25,0.001,7.97
22/03/2026 03:05,15.5,0.001,7.97
22/03/2026 02:35,15.5,0.001,7.97
22/03/2026 02:05,15.25,0.001,7.97
22/03/2026 01:35,15.25,0.001,7.97
22/03/2026 01:05,15.375,0.001,7.97
22/03/2026 00:35,15.375,0.001,7.97
22/03/2026 00:05,15.125,0.001,7.97
21/03/2026 23:35,15.375,0.001,7.97
21/03/2026 23:05,15.375,0.001,7.97
21/03/2026 22:35,15.25,0.001,7.98
21/03/2026 22:05,15.125,0.001,7.98
21/03/2026 21:35,15.25,0.001,7.98
21/03/2026 21:05,15.25,0.001,7.98
21/03/2026 20:35,15.375,0.001,7.98
21/03/2026 20:05,15.125,0.001,7.98
21/03/2026 20:05,15.125,0.001,7.98
21/03/2026 19:35,15.375,0.001,7.98
21/03/2026 19:05,15,0.001,7.98
21/03/2026 18:35,15.125,0.001,7.98
21/03/2026 18:05,15.125,0.001,7.98
21/03/2026 17:35,15.25,0.001,7.98
21/03/2026 17:05,15.125,0.001,7.98
21/03/2026 16:35,15.375,0.001,7.98
21/03/2026 16:35,15.375,0.001,7.98
21/03/2026 16:05,15.25,0.001,7.98
21/03/2026 16:05,15.25,0.001,7.98
21/03/2026 15:35,15.25,0.001,7.98
21/03/2026 15:05,15.125,0.001,7.98
21/03/2026 14:35,15.25,0.001,7.98
21/03/2026 14:05,15.25,0.001,7.98
21/03/2026 13:35,15.25,0.001,7.98
21/03/2026 13:05,15.25,0.001,7.98
21/03/2026 12:35,15.25,0.001,7.97
21/03/2026 12:05,15.5,0.001,7.97
21/03/2026 11:35,15.5,0.001,7.97
21/03/2026 11:05,15.25,0.001,7.97
21/03/2026 10:35,15.375,0.001,7.97
21/03/2026 10:05,15.375,0.001,7.97
21/03/2026 09:35,15.5,0.001,7.97
21/03/2026 09:05,15.5,0.001,7.97
21/03/2026 08:35,15.5,0.001,7.97
21/03/2026 08:05,15.5,0.001,7.97
21/03/2026 07:35,15.5,0.001,7.97
21/03/2026 07:05,15.625,0.001,7.97
21/03/2026 06:35,15.5,0.001,7.97
21/03/2026 06:05,15.5,0.001,7.97
21/03/2026 05:35,15.625,0.001,7.97
21/03/2026 05:05,15.625,0.001,7.97
21/03/2026 04:35,15.625,0.001,7.97
21/03/2026 04:05,15.5,0.001,7.97
21/03/2026 03:35,15.5,0.001,7.97
21/03/2026 03:05,15.5,0.001,7.96
21/03/2026 02:35,15.5,0.001,7.96
21/03/2026 02:05,15.375,0.001,7.97
21/03/2026 02:05,15.375,0.001,7.97
21/03/2026 01:35,15.375,0.001,7.96
21/03/2026 01:05,15.375,0.001,7.97
21/03/2026 00:35,15.5,0.001,7.97
21/03/2026 00:05,15.375,0.001,7.97
20/03/2026 23:35,15.375,0.001,7.97
20/03/2026 23:05,15.375,0.001,7.97
20/03/2026 22:35,15.25,0.001,7.97
20/03/2026 22:05,15.125,0.001,7.97
20/03/2026 21:35,15.25,0.001,7.97
20/03/2026 21:05,15.25,0.001,7.97
20/03/2026 20:35,15.375,0.001,7.97
20/03/2026 20:05,15.125,0.001,7.97
20/03/2026 19:35,15,0.001,7.97
20/03/2026 19:05,15.125,0.001,7.97
20/03/2026 18:35,15.125,0.001,7.98
20/03/2026 18:05,14.875,0.001,7.97
20/03/2026 17:35,14.875,0.001,7.98
20/03/2026 17:05,14.875,0.001,7.97
20/03/2026 16:35,15.25,0.001,7.97
20/03/2026 16:05,15.25,0.001,7.97
20/03/2026 15:35,15.125,0.001,7.97
20/03/2026 15:05,15.375,0.001,7.97
20/03/2026 14:35,15.25,0.001,7.97
20/03/2026 14:05,15.125,0.001,7.97
20/03/2026 13:35,15.375,0.001,7.97
20/03/2026 13:35,15.375,0.001,7.97
20/03/2026 13:05,15.375,0.001,7.97
20/03/2026 12:35,15.375,0.001,7.97
20/03/2026 12:05,15.25,0.001,7.96
20/03/2026 11:35,15.25,0.001,7.97
20/03/2026 11:05,15.5,0.001,7.96
20/03/2026 10:35,15.25,0.001,7.96
20/03/2026 10:05,15.375,0.001,7.96
20/03/2026 09:35,15.5,0.001,7.96
20/03/2026 09:05,15.375,0.001,7.95
20/03/2026 08:35,15.375,0.001,7.95
20/03/2026 08:35,15.375,0.001,7.95
20/03/2026 08:05,15.375,0.001,7.95
20/03/2026 07:35,15.375,0.001,7.95
20/03/2026 07:05,15.375,0.001,7.95
20/03/2026 06:35,15.5,0.001,7.95
20/03/2026 06:05,15.375,0.001,7.95
20/03/2026 05:35,15.375,0.001,7.95
20/03/2026 05:05,15.25,0.001,7.95
20/03/2026 04:35,15.5,0.001,7.95
20/03/2026 04:05,15.25,0.001,7.95
20/03/2026 03:35,15.375,0.001,7.95
20/03/2026 03:05,15.375,0.001,7.95
20/03/2026 02:35,15.25,0.001,7.95
20/03/2026 02:05,15.375,0.001,7.96
20/03/2026 01:35,15.25,0.001,7.96
20/03/2026 01:05,15.25,0.001,7.96
20/03/2026 00:35,15.25,0.001,7.96
20/03/2026 00:05,15.375,0.001,7.96
19/03/2026 23:35,15.125,0.001,7.96
19/03/2026 23:05,15,0.001,7.96
19/03/2026 22:35,14.875,0.001,7.96
19/03/2026 22:05,15.125,0.001,7.96
19/03/2026 21:35,15,0.001,7.96
19/03/2026 21:05,14.875,0.001,7.96
19/03/2026 20:35,14.875,0.001,7.96
19/03/2026 20:05,14.875,0.001,7.96
19/03/2026 19:35,15,0.001,7.96
19/03/2026 19:05,14.875,0.001,7.96
19/03/2026 18:35,14.875,0.001,7.96
19/03/2026 18:05,15.125,0.001,7.96
19/03/2026 17:35,15,0.001,7.96
19/03/2026 17:05,15.25,0.001,7.96
19/03/2026 16:35,15.125,0.001,7.96
19/03/2026 16:05,15.25,0.001,7.96
19/03/2026 15:35,15.125,0.001,7.96
19/03/2026 15:05,15.25,0.001,7.96
19/03/2026 14:35,15.25,0.001,7.95
19/03/2026 14:05,15.125,0.001,7.95
19/03/2026 13:35,15.375,0.001,7.95
19/03/2026 13:05,15.25,0.001,7.95
19/03/2026 12:35,15.375,0.001,7.95
19/03/2026 12:05,15.125,0.001,7.94
19/03/2026 11:35,15.125,0.001,7.94
19/03/2026 11:05,15.375,0.001,7.94
19/03/2026 11:05,15.375,0.001,7.94
19/03/2026 10:35,15.125,0.001,7.94
19/03/2026 10:05,15.125,0.001,7.94
19/03/2026 09:35,15.125,0.001,7.94
19/03/2026 09:05,15,0.001,7.93
19/03/2026 08:35,15.375,0.001,7.93
19/03/2026 08:05,15.25,0.001,7.93
19/03/2026 07:35,15.375,0.001,7.93
19/03/2026 07:05,15.25,0.001,7.93
19/03/2026 06:35,15.375,0.001,7.93
19/03/2026 06:05,15.375,0.001,7.93
19/03/2026 05:35,15.125,0.001,7.93
19/03/2026 05:05,15.125,0.001,7.92
19/03/2026 05:05,15.125,0.001,7.92
19/03/2026 04:35,15.25,0.001,7.93
19/03/2026 04:05,15.25,0.001,7.92
19/03/2026 03:35,15.125,0.001,7.92
19/03/2026 03:05,15.125,0.001,7.92
19/03/2026 02:35,15.25,0.001,7.93
19/03/2026 02:05,15,0.001,7.92
19/03/2026 01:35,15.125,0.001,7.92
19/03/2026 01:05,15,0.001,7.92
19/03/2026 00:35,15,0.001,7.93
19/03/2026 00:05,15.125,0.001,7.92
18/03/2026 23:35,15,0.001,7.93
18/03/2026 23:05,15,0.001,7.92
18/03/2026 22:35,14.875,0.001,7.92
18/03/2026 22:05,14.875,0.001,7.93
18/03/2026 21:35,15.25,0.001,7.92
18/03/2026 21:05,15,0.001,7.92
18/03/2026 20:35,15,0.001,7.92
18/03/2026 20:05,15,0.001,7.92
18/03/2026 19:35,15.125,0.001,7.92
18/03/2026 19:05,15,0.001,7.92
18/03/2026 18:35,15.25,0.001,7.92
18/03/2026 18:05,15.25,0.001,7.92
18/03/2026 17:35,15.375,0.001,7.92
18/03/2026 17:05,15.25,0.001,7.92
18/03/2026 16:35,15.25,0.001,7.92
18/03/2026 16:35,15.25,0.001,7.92
18/03/2026 16:05,15.375,0.001,7.92
18/03/2026 15:35,15.25,0.001,7.91
18/03/2026 15:05,15.25,0.001,7.92
18/03/2026 14:35,15.125,0.001,7.91
18/03/2026 14:05,15.375,0.001,7.91
18/03/2026 13:35,15.25,0.001,7.91
18/03/2026 13:05,15.25,0.001,7.91
18/03/2026 12:35,15.25,0.001,7.91
18/03/2026 12:05,15.25,0.001,7.91
18/03/2026 11:35,15.125,0.001,7.91
18/03/2026 11:05,15.125,0.001,7.92
18/03/2026 11:05,15.125,0.001,7.92
18/03/2026 10:35,15.25,0.001,7.92
18/03/2026 10:05,15.375,0.001,7.92
18/03/2026 09:58,15.375,0.001,7.92
18/03/2026 09:35,15.25,0.001,7.93
18/03/2026 09:05,15.125,0.001,7.94
18/03/2026 08:35,15.125,0.001,7.94
18/03/2026 08:05,15.25,0.001,7.94
18/03/2026 07:35,15.375,0.001,7.94
18/03/2026 07:05,15.375,0.001,7.94
18/03/2026 06:35,15.375,0.001,7.93
18/03/2026 06:05,15.375,0.001,7.93
18/03/2026 05:35,15.25,0.001,7.93
18/03/2026 05:05,15.25,0.001,7.93
18/03/2026 04:35,15.25,0.001,7.93
18/03/2026 04:05,15.25,0.001,7.93
18/03/2026 03:35,15.375,0.001,7.93
18/03/2026 03:18,15.375,0.001,7.93
18/03/2026 03:05,15.125,0.001,7.93
18/03/2026 02:35,15.25,0.001,7.93
18/03/2026 02:05,15.25,0.001,7.93
18/03/2026 01:35,15.25,0.001,7.93
18/03/2026 01:35,15.25,0.001,7.93
18/03/2026 01:05,15.125,0.001,7.93
18/03/2026 00:35,15.375,0.001,7.93
18/03/2026 00:05,15,0.001,7.93
17/03/2026 23:35,15.25,0.001,7.93
17/03/2026 23:05,15.125,0.001,7.93
17/03/2026 22:35,15.125,0.001,7.93
17/03/2026 22:05,15.25,0.001,7.94
17/03/2026 21:35,15.25,0.001,7.94
17/03/2026 21:05,15.125,0.001,7.94
17/03/2026 20:35,15.25,0.001,7.94
17/03/2026 20:05,15.25,0.001,7.95
17/03/2026 20:05,15.25,0.001,7.95
17/03/2026 19:35,15.125,0.001,7.95
17/03/2026 19:35,15.125,0.001,7.95
17/03/2026 19:05,15.375,0.001,7.95
17/03/2026 18:35,15.375,0.001,7.96
17/03/2026 18:05,15.25,0.001,7.96
17/03/2026 17:35,15.25,0.001,7.97
17/03/2026 17:05,15.375,0.001,7.97
17/03/2026 16:35,15.375,0.001,7.98
17/03/2026 16:05,15.125,0.001,7.98
17/03/2026 15:35,15.375,0.001,7.99
17/03/2026 15:05,15.375,0.001,7.99
17/03/2026 14:35,15.375,0.001,7.99
17/03/2026 14:35,15.375,0.001,7.99
17/03/2026 14:05,15.25,0.001,7.98
17/03/2026 13:35,15.375,0.001,7.98
17/03/2026 13:05,15.25,0.001,7.98
17/03/2026 12:35,15.25,0.001,7.98
17/03/2026 12:05,15.25,0.001,7.98
17/03/2026 11:35,15.25,0.001,7.98
17/03/2026 11:05,15.25,0.001,7.98
17/03/2026 10:35,15.375,0.001,7.98
17/03/2026 10:05,15.25,0.001,7.98
17/03/2026 09:35,15.5,0.001,7.97
17/03/2026 09:05,15.5,0.001,7.97
17/03/2026 08:35,15.5,0.001,7.97
17/03/2026 08:05,15.5,0.001,7.97
17/03/2026 07:35,15.375,0.001,7.97
17/03/2026 07:05,15.25,0.001,7.97
17/03/2026 06:35,15.5,0.001,7.97
17/03/2026 06:05,15.375,0.001,7.97
17/03/2026 05:35,15.25,0.001,7.97
17/03/2026 05:05,15.375,0.001,7.97
17/03/2026 04:35,15.375,0.001,7.97
17/03/2026 04:05,15.375,0.001,7.97
17/03/2026 04:05,15.375,0.001,7.97
17/03/2026 03:35,15.25,0.001,7.97
17/03/2026 03:05,15.25,0.001,7.97
17/03/2026 02:35,15.125,0.001,7.97
17/03/2026 02:05,15.25,0.001,7.97
17/03/2026 01:35,15.125,0.001,7.98
17/03/2026 01:05,15.375,0.001,7.98
17/03/2026 00:35,15.125,0.001,7.98
17/03/2026 00:05,15.25,0.001,7.98
16/03/2026 23:35,15,0.001,7.98
16/03/2026 23:05,15,0.001,7.98
16/03/2026 22:35,15.125,0.001,7.98
16/03/2026 22:05,15,0.001,7.98
16/03/2026 21:35,15.125,0.001,7.98
16/03/2026 21:05,15,0.001,7.98
16/03/2026 20:35,15,0.001,7.98
16/03/2026 20:05,15,0.001,7.99
16/03/2026 19:35,15,0.001,7.99
16/03/2026 19:05,15,0.001,7.99
16/03/2026 18:35,15.125,0.001,7.99
16/03/2026 18:05,15.125,0.001,7.99
16/03/2026 17:35,15.25,0.001,7.99
16/03/2026 17:05,15.25,0.001,7.99
16/03/2026 17:05,15.25,0.001,7.99
16/03/2026 16:35,15.375,0.001,7.99
16/03/2026 16:05,15.25,0.001,7.99
16/03/2026 15:35,15.375,0.001,7.99
16/03/2026 15:05,15.375,0.001,7.99
16/03/2026 14:35,15.25,0.001,7.98
16/03/2026 14:05,15.375,0.001,7.99
16/03/2026 13:35,15.25,0.001,7.98
16/03/2026 13:05,15.125,0.001,7.98
16/03/2026 12:35,15.25,0.001,7.98
16/03/2026 12:05,15.125,0.001,7.98
16/03/2026 11:35,15.25,0.001,7.98
16/03/2026 11:05,15.375,0.001,7.98
16/03/2026 10:35,15.375,0.001,7.98
16/03/2026 10:05,15.375,0.001,7.97
16/03/2026 09:35,15.25,0.001,7.97
16/03/2026 09:05,15.125,0.001,7.97
16/03/2026 09:01,15.25,0.001,7.97
16/03/2026 08:05,15.375,0.001,7.97
16/03/2026 08:05,15.375,0.001,7.97
16/03/2026 07:35,15.125,0.001,7.97
16/03/2026 07:35,15.125,0.001,7.97
16/03/2026 07:05,15.5,0.001,7.97
16/03/2026 06:35,15.375,0.001,7.97
16/03/2026 06:05,15.25,0.001,7.97
16/03/2026 05:35,15.375,0.001,7.97
16/03/2026 05:05,15.25,0.001,7.97
16/03/2026 04:35,15.25,0.001,7.97
16/03/2026 04:05,15.125,0.001,7.97
16/03/2026 03:35,15.125,0.001,7.97
16/03/2026 03:05,15.25,0.001,7.98
16/03/2026 02:35,15.25,0.001,7.98
16/03/2026 02:05,15.25,0.001,7.98
16/03/2026 01:35,15.125,0.001,7.98
16/03/2026 01:05,15,0.001,7.98
16/03/2026 00:35,15.25,0.001,7.98
16/03/2026 00:05,15.125,0.001,7.98
15/03/2026 23:35,15,0.001,7.98
15/03/2026 23:05,15,0.001,7.98
15/03/2026 22:35,15,0.001,7.98
15/03/2026 22:05,14.875,0.001,7.99
15/03/2026 22:05,14.875,0.001,7.99
15/03/2026 21:35,15,0.001,7.99
15/03/2026 21:05,15.25,0.001,7.99
15/03/2026 21:05,15.25,0.001,7.99
15/03/2026 20:35,15.125,0.001,7.99
15/03/2026 20:05,15.125,0.001,7.99
15/03/2026 19:35,15.125,0.001,7.99
15/03/2026 19:05,15.125,0.001,7.99
15/03/2026 18:35,15.25,0.001,7.99
15/03/2026 18:05,15.125,0.001,7.99
15/03/2026 17:35,15.125,0.001,8
15/03/2026 17:05,15.25,0.001,8
15/03/2026 16:35,15.25,0.001,7.99
15/03/2026 16:05,15.25,0.001,7.99
15/03/2026 15:35,15.25,0.001,7.99
15/03/2026 15:35,15.25,0.001,7.99
15/03/2026 15:05,15.375,0.001,7.99
15/03/2026 14:35,15.125,0.001,7.99
15/03/2026 14:05,15.375,0.001,7.99
15/03/2026 13:35,15.125,0.001,7.99
15/03/2026 13:05,15.125,0.001,7.99
15/03/2026 12:35,15.125,0.001,7.99
15/03/2026 12:05,15.375,0.001,7.99
15/03/2026 11:35,15.125,0.001,7.98
15/03/2026 11:05,15,0.001,7.98
15/03/2026 10:35,15.25,0.001,7.98
15/03/2026 10:05,15.375,0.001,7.98
15/03/2026 09:35,15.125,0.001,7.98
15/03/2026 09:05,15.125,0.001,7.98
15/03/2026 08:35,15.25,0.001,7.98
15/03/2026 08:05,15.125,0.001,7.97
15/03/2026 07:35,15.125,0.001,7.97
15/03/2026 07:05,15.125,0.001,7.97
15/03/2026 06:35,15.125,0.001,7.97
15/03/2026 06:05,15.25,0.001,7.97
15/03/2026 05:35,15.25,0.001,7.97
15/03/2026 05:05,15.125,0.001,7.98
15/03/2026 04:35,15.125,0.001,7.98
15/03/2026 04:05,15.25,0.001,7.98
15/03/2026 03:35,15,0.001,7.98
15/03/2026 03:05,15,0.001,7.98
15/03/2026 02:35,15.125,0.001,7.98
15/03/2026 02:05,15,0.001,7.98
15/03/2026 01:35,15.125,0.001,7.98
15/03/2026 01:05,15,0.001,7.98
15/03/2026 00:35,15.25,0.001,7.98
15/03/2026 00:35,15.25,0.001,7.98
15/03/2026 00:05,15,0.001,7.98
14/03/2026 23:35,14.875,0.001,7.98
14/03/2026 23:05,14.875,0.001,7.99
14/03/2026 22:35,14.875,0.001,7.99
14/03/2026 22:05,14.875,0.001,7.99
14/03/2026 21:35,15,0.001,7.99
14/03/2026 21:05,15,0.001,7.99
14/03/2026 20:35,14.75,0.001,7.99
14/03/2026 20:05,14.875,0.001,7.99
14/03/2026 19:35,15,0.001,7.99
14/03/2026 19:05,14.875,0.001,7.99
14/03/2026 18:35,14.75,0.001,7.99
14/03/2026 18:05,15.125,0.001,8
14/03/2026 17:35,14.875,0.001,8
14/03/2026 17:05,15.125,0.001,8
14/03/2026 16:35,15.25,0.001,8
14/03/2026 16:05,15.25,0.001,7.99
14/03/2026 15:35,15.25,0.001,8
14/03/2026 15:05,15.25,0.001,7.99
14/03/2026 14:35,15.25,0.001,7.99
14/03/2026 14:35,15.25,0.001,7.99
14/03/2026 14:05,15.25,0.001,7.99
14/03/2026 13:35,15.125,0.001,7.99
14/03/2026 13:05,15,0.001,7.99
14/03/2026 12:35,15.25,0.001,7.99
14/03/2026 12:35,15.25,0.001,7.99
14/03/2026 12:05,15,0.001,7.99
14/03/2026 11:35,15.125,0.001,7.99
14/03/2026 11:05,15.25,0.001,7.98
14/03/2026 10:35,15.25,0.001,7.98
14/03/2026 10:05,15.375,0.001,7.98
14/03/2026 09:35,15.25,0.001,7.98
14/03/2026 09:05,15.25,0.001,7.98
14/03/2026 08:35,15.25,0.001,7.98
14/03/2026 08:05,15.125,0.001,7.98
14/03/2026 07:35,15.25,0.001,7.98
14/03/2026 07:05,15.375,0.001,7.98
14/03/2026 06:35,15.125,0.001,7.98
14/03/2026 06:05,15.25,0.001,7.98
14/03/2026 05:35,15.25,0.001,7.98
14/03/2026 05:05,15.25,0.001,7.98
14/03/2026 04:35,15.375,0.001,7.98
14/03/2026 04:05,15.125,0.001,7.98
14/03/2026 03:35,15.125,0.001,7.98
14/03/2026 03:35,15.125,0.001,7.98
14/03/2026 03:05,15.125,0.001,7.98
14/03/2026 02:35,15.125,0.001,7.98
14/03/2026 02:05,15,0.001,7.98
14/03/2026 01:35,15,0.001,7.98
14/03/2026 01:05,15.25,0.001,7.98
14/03/2026 00:35,15.125,0.001,7.99
14/03/2026 00:05,14.875,0.001,7.99
14/03/2026 00:05,14.875,0.001,7.99
13/03/2026 23:35,15,0.001,7.99
13/03/2026 23:05,15,0.001,7.99
13/03/2026 23:05,15,0.001,7.99
13/03/2026 22:35,15,0.001,7.99
13/03/2026 22:05,15.125,0.001,7.99
13/03/2026 21:35,15,0.001,7.99
13/03/2026 21:05,15,0.001,7.99
13/03/2026 20:35,15.125,0.001,8
13/03/2026 20:05,15.125,0.001,8
13/03/2026 19:35,15.125,0.001,8
13/03/2026 19:05,15.125,0.001,8
13/03/2026 18:35,15.25,0.001,8
13/03/2026 18:05,15.25,0.001,8
13/03/2026 17:35,15.125,0.001,8
13/03/2026 17:05,15.125,0.001,8
13/03/2026 16:35,15.375,0.001,8
13/03/2026 16:05,15.125,0.001,8
13/03/2026 15:35,15.25,0.001,8
13/03/2026 15:05,15.25,0.001,8
13/03/2026 14:35,15.375,0.001,8
13/03/2026 14:35,15.375,0.001,8
13/03/2026 14:05,15.25,0.001,7.99
13/03/2026 13:35,15.25,0.001,7.99
13/03/2026 13:05,15.25,0.001,7.99
13/03/2026 12:35,15.25,0.001,7.99
13/03/2026 12:05,15.375,0.001,7.99
13/03/2026 11:35,15.25,0.001,7.99
13/03/2026 11:05,15.125,0.001,7.99
13/03/2026 10:35,15.375,0.001,7.98
13/03/2026 10:05,15.25,0.001,7.98
13/03/2026 09:35,15.25,0.001,7.98
13/03/2026 09:05,15.375,0.001,7.98
13/03/2026 08:35,15.25,0.001,7.98
13/03/2026 08:05,15.375,0.001,7.98
13/03/2026 07:35,15.375,0.001,7.98
13/03/2026 07:05,15.5,0.001,7.98
13/03/2026 06:35,15.25,0.001,7.98
13/03/2026 06:05,15.5,0.001,7.98
13/03/2026 05:35,15.375,0.001,7.98
13/03/2026 05:05,15.25,0.001,7.98
13/03/2026 04:35,15.375,0.001,7.98
13/03/2026 04:05,15.375,0.001,7.98
13/03/2026 03:35,15.25,0.001,7.98
13/03/2026 03:05,15.25,0.001,7.98
13/03/2026 02:35,15.125,0.001,7.98
13/03/2026 02:05,15.25,0.001,7.98
13/03/2026 01:35,15.125,0.001,7.98
13/03/2026 01:05,15.125,0.001,7.98
13/03/2026 00:35,15.25,0.001,7.98
13/03/2026 00:05,15.25,0.001,7.98
13/03/2026 00:05,15.25,0.001,7.98
12/03/2026 23:35,15.125,0.001,7.99
12/03/2026 23:05,15,0.001,7.99
12/03/2026 22:35,15.125,0.001,7.99
12/03/2026 22:05,15.125,0.001,7.99
12/03/2026 21:35,15.125,0.001,7.99
12/03/2026 21:05,15.25,0.001,7.99
12/03/2026 20:35,15,0.001,7.99
12/03/2026 20:05,15.125,0.001,7.99
12/03/2026 19:35,15.125,0.001,7.99
12/03/2026 19:05,15,0.001,7.99
12/03/2026 18:35,15.125,0.001,7.99
12/03/2026 18:05,15.125,0.001,8
12/03/2026 17:35,15.25,0.001,8
12/03/2026 17:05,15.25,0.001,8
12/03/2026 16:35,15.25,0.001,7.99
12/03/2026 16:05,15.25,0.001,7.99
12/03/2026 15:35,15.375,0.001,7.99
12/03/2026 15:05,15.375,0.001,7.99
12/03/2026 14:35,15.5,0.001,7.99
12/03/2026 14:05,15.25,0.001,7.99
12/03/2026 13:35,15.25,0.001,7.99
12/03/2026 13:05,15.375,0.001,7.99
12/03/2026 12:35,15.375,0.001,7.98
12/03/2026 12:05,15.25,0.001,7.98
12/03/2026 11:35,15.375,0.001,7.98
12/03/2026 11:05,15.25,0.001,7.98
12/03/2026 10:35,15.25,0.001,7.98
12/03/2026 10:05,15.375,0.001,7.98
12/03/2026 09:35,15.5,0.001,7.98
12/03/2026 09:05,15.5,0.001,7.97
12/03/2026 08:35,15.5,0.001,7.97
12/03/2026 08:05,15.5,0.001,7.97
12/03/2026 07:35,15.5,0.001,7.97
12/03/2026 07:05,15.375,0.001,7.97
12/03/2026 06:35,15.5,0.001,7.97
12/03/2026 06:05,15.625,0.001,7.97
12/03/2026 05:35,15.5,0.001,7.97
12/03/2026 05:05,15.5,0.001,7.97
12/03/2026 04:35,15.375,0.001,7.97
12/03/2026 04:05,15.25,0.001,7.97
12/03/2026 03:35,15.375,0.001,7.97
12/03/2026 03:35,15.375,0.001,7.97
12/03/2026 03:05,15.25,0.001,7.97
12/03/2026 03:05,15.25,0.001,7.97
12/03/2026 02:35,15.25,0.001,7.97
12/03/2026 02:05,15.125,0.001,7.97
12/03/2026 01:35,15.5,0.001,7.97
12/03/2026 01:05,15.375,0.001,7.97
12/03/2026 00:35,15.25,0.001,7.97
12/03/2026 00:05,15.25,0.001,7.97
11/03/2026 23:35,15.25,0.001,7.97
11/03/2026 23:05,15.25,0.001,7.97
11/03/2026 22:35,15,0.001,7.97
11/03/2026 22:05,15,0.001,7.97
11/03/2026 21:35,15,0.001,7.97
11/03/2026 21:05,15,0.001,7.97
11/03/2026 20:35,15.125,0.001,7.97
11/03/2026 20:35,15.125,0.001,7.97
11/03/2026 20:05,15,0.001,7.97
11/03/2026 19:35,14.875,0.001,7.97
11/03/2026 19:05,15,0.001,7.97
11/03/2026 18:35,14.875,0.001,7.97
11/03/2026 18:35,14.875,0.001,7.97
11/03/2026 18:05,14.75,0.001,7.97
11/03/2026 17:35,14.875,0.001,7.97
11/03/2026 17:05,15.125,0.001,7.97
11/03/2026 16:35,15,0.001,7.97
11/03/2026 16:05,15.125,0.001,7.97
11/03/2026 15:35,15.25,0.001,7.97
11/03/2026 15:05,15.25,0.001,7.97
11/03/2026 14:35,15.125,0.001,7.97
11/03/2026 14:05,15,0.001,7.97
11/03/2026 13:35,15.125,0.001,7.98
11/03/2026 13:05,15.125,0.001,7.98
11/03/2026 12:35,15.25,0.001,7.98
11/03/2026 12:05,15.25,0.001,7.98
11/03/2026 11:35,15.125,0.001,7.99
11/03/2026 11:05,15.125,0.001,7.99
11/03/2026 10:35,15.125,0.001,7.98
11/03/2026 10:05,15.125,0.001,7.99
11/03/2026 09:35,15.125,0.001,7.99
11/03/2026 09:35,15.125,0.001,7.99
11/03/2026 09:05,15.375,0.001,7.99
11/03/2026 08:35,15.25,0.001,7.99
11/03/2026 08:05,15.25,0.001,7.98
11/03/2026 07:35,15.25,0.001,7.98
11/03/2026 07:05,15.25,0.001,7.98
11/03/2026 06:35,15.125,0.001,7.98
11/03/2026 06:05,15.25,0.001,7.99
11/03/2026 05:35,15.25,0.001,7.99
11/03/2026 05:05,15.25,0.001,7.99
11/03/2026 04:35,15.375,0.001,7.99
11/03/2026 04:05,15.25,0.001,7.99
11/03/2026 03:35,15.25,0.001,7.99
11/03/2026 03:05,15.125,0.001,8
11/03/2026 02:35,15.25,0.001,7.99
11/03/2026 02:05,15.25,0.001,8
11/03/2026 01:35,15.375,0.001,8
11/03/2026 01:05,15.125,0.001,8
11/03/2026 00:35,15.25,0.001,8
11/03/2026 00:05,15.125,0.001,8
10/03/2026 23:35,15.125,0.001,8.01
10/03/2026 23:05,15.25,0.001,8.01
10/03/2026 22:35,15.125,0.001,8.01
10/03/2026 22:05,14.875,0.001,8.01
10/03/2026 21:35,15.125,0.001,8.01
10/03/2026 21:35,15.125,0.001,8.01
10/03/2026 21:05,15,0.001,8.01
10/03/2026 20:35,14.875,0.001,8.01
10/03/2026 20:05,14.875,0.001,8.01
10/03/2026 19:35,14.75,0.001,8.02
10/03/2026 19:05,14.75,0.001,8.02
10/03/2026 18:35,14.875,0.001,8.02
10/03/2026 18:05,14.875,0.001,8.02
10/03/2026 17:35,14.875,0.001,8.02
10/03/2026 17:05,14.875,0.001,8.03
10/03/2026 16:35,15,0.001,8.03
10/03/2026 16:05,14.75,0.001,8.03
10/03/2026 15:35,14.875,0.001,8.03
10/03/2026 15:05,15,0.001,8.03
10/03/2026 14:35,15,0.001,8.03
10/03/2026 14:05,15,0.001,8.02
10/03/2026 13:35,15,0.001,8.02
10/03/2026 13:05,15.125,0.001,8.02
10/03/2026 12:35,15.25,0.001,8.02
10/03/2026 12:05,15.25,0.001,8.02
10/03/2026 11:35,15.25,0.001,8.02
10/03/2026 11:05,15.375,0.001,8.02
10/03/2026 10:35,15.125,0.001,8.02
10/03/2026 10:05,15.25,0.001,8.02
10/03/2026 09:35,15.375,0.001,8.02
10/03/2026 09:05,15.5,0.001,8.02
10/03/2026 08:35,15.375,0.001,8.02
10/03/2026 08:05,15.25,0.001,8.01
10/03/2026 07:35,15.5,0.001,8.01
10/03/2026 07:05,15.375,0.001,8.01
10/03/2026 06:35,15.375,0.001,8.01
10/03/2026 06:05,15.25,0.001,8.01
10/03/2026 05:35,15.5,0.001,8.01
10/03/2026 05:05,15.375,0.001,8.01
10/03/2026 04:35,15.375,0.001,8.02
10/03/2026 04:05,15.375,0.001,8.02
10/03/2026 03:35,15.375,0.001,8.02
10/03/2026 03:05,15.5,0.001,8.02
10/03/2026 02:35,15.5,0.001,8.02
10/03/2026 02:05,15.375,0.001,8.02
10/03/2026 01:35,15.375,0.001,8.02
10/03/2026 01:05,15.25,0.001,8.02
10/03/2026 00:35,15.375,0.001,8.02
10/03/2026 00:05,15.125,0.001,8.02
09/03/2026 23:35,15.25,0.001,8.02
09/03/2026 23:05,15.125,0.001,8.02
09/03/2026 22:35,15.25,0.001,8.02
09/03/2026 22:05,15.125,0.001,8.03
09/03/2026 21:35,15.125,0.001,8.02
09/03/2026 21:05,15,0.001,8.03
09/03/2026 20:35,15.125,0.001,8.03
09/03/2026 20:05,15.125,0.001,8.03
09/03/2026 19:35,15,0.001,8.03
09/03/2026 19:05,15,0.001,8.03
09/03/2026 18:35,15.125,0.001,8.03
09/03/2026 18:05,15.25,0.001,8.03
09/03/2026 17:35,15.125,0.001,8.03
09/03/2026 17:05,15.375,0.001,8.03
09/03/2026 16:35,15.25,0.001,8.03
09/03/2026 16:05,15.25,0.001,8.03
09/03/2026 16:01,15.375,0.001,8.03
09/03/2026 15:05,15.25,0.001,8.03
09/03/2026 14:35,15.25,0.001,8.03
09/03/2026 14:05,15.125,0.001,8.03
09/03/2026 13:35,15.125,0.001,8.02
09/03/2026 13:05,15.125,0.001,8.02
09/03/2026 12:35,15.125,0.001,8.02
09/03/2026 12:05,15.375,0.001,8.02
09/03/2026 11:35,15.25,0.001,8.02
09/03/2026 11:05,15.375,0.001,8.02
09/03/2026 10:35,15.375,0.001,8.02
09/03/2026 10:05,15.375,0.001,8.02
09/03/2026 09:35,15.375,0.001,8.02
09/03/2026 09:05,15.375,0.001,8.02
09/03/2026 08:35,15.375,0.001,8.02
09/03/2026 08:05,15.375,0.001,8.02
09/03/2026 07:35,15.5,0.001,8.01
09/03/2026 07:05,15.375,0.001,8.01
09/03/2026 06:35,15.5,0.001,8.01
09/03/2026 06:05,15.5,0.001,8.01
09/03/2026 05:35,15.25,0.001,8.01
09/03/2026 05:05,15.375,0.001,8.02
09/03/2026 04:35,15.25,0.001,8.02
09/03/2026 04:05,15.375,0.001,8.02
09/03/2026 03:35,15.25,0.001,8.02
09/03/2026 03:05,15.375,0.001,8.02
09/03/2026 02:35,15.25,0.001,8.02
09/03/2026 02:05,15.375,0.001,8.02
09/03/2026 01:35,15.25,0.001,8.02
09/03/2026 01:05,15.25,0.001,8.02
09/03/2026 00:35,15.375,0.001,8.02
09/03/2026 00:05,15.125,0.001,8.03
08/03/2026 23:35,15.375,0.001,8.03
08/03/2026 23:05,15.125,0.001,8.03
08/03/2026 22:35,15,0.001,8.03
08/03/2026 22:05,15,0.001,8.03
08/03/2026 21:35,14.875,0.001,8.03
08/03/2026 21:05,14.75,0.001,8.03
08/03/2026 20:35,15,0.001,8.03
08/03/2026 20:05,15,0.001,8.03
08/03/2026 19:35,14.875,0.001,8.03
08/03/2026 19:05,15.125,0.001,8.03
08/03/2026 18:35,15.125,0.001,8.04
08/03/2026 18:05,15,0.001,8.04
08/03/2026 17:35,15.125,0.001,8.04
08/03/2026 17:05,15,0.001,8.04
08/03/2026 16:35,15.125,0.001,8.04
08/03/2026 16:05,15.25,0.001,8.03
08/03/2026 15:35,15.25,0.001,8.03
08/03/2026 15:05,15.25,0.001,8.03
08/03/2026 14:35,15.125,0.001,8.03
08/03/2026 14:05,15.25,0.001,8.03
08/03/2026 13:35,15.25,0.001,8.03
08/03/2026 13:05,15.375,0.001,8.03
08/03/2026 12:35,15.125,0.001,8.03
08/03/2026 12:05,15.25,0.001,8.03
08/03/2026 11:35,15.375,0.001,8.02
08/03/2026 11:05,15.375,0.001,8.02
08/03/2026 10:35,15.25,0.001,8.02
08/03/2026 10:05,15.375,0.001,8.02
08/03/2026 09:35,15.375,0.001,8.02
08/03/2026 09:05,15.25,0.001,8.02
08/03/2026 08:35,15.25,0.001,8.02
08/03/2026 08:05,15.375,0.001,8.02
08/03/2026 08:05,15.375,0.001,8.02
08/03/2026 07:35,15.25,0.001,8.02
08/03/2026 07:05,15.5,0.001,8.02
08/03/2026 06:35,15.375,0.001,8.01
08/03/2026 06:05,15.375,0.001,8.02
08/03/2026 05:35,15.375,0.001,8.02
08/03/2026 05:05,15.5,0.001,8.02
08/03/2026 04:35,15.375,0.001,8.02
08/03/2026 04:05,15.375,0.001,8.02
08/03/2026 03:35,15.375,0.001,8.02
08/03/2026 03:05,15.125,0.001,8.02
08/03/2026 02:35,15.375,0.001,8.02
08/03/2026 02:05,15.125,0.001,8.02
08/03/2026 01:35,15.25,0.001,8.02
08/03/2026 01:05,15.25,0.001,8.02
08/03/2026 00:35,15.25,0.001,8.02
08/03/2026 00:05,15.125,0.001,8.03
07/03/2026 23:35,15.125,0.001,8.03
07/03/2026 23:05,15.25,0.001,8.03
07/03/2026 22:35,15.125,0.001,8.03
07/03/2026 22:05,14.875,0.001,8.03
07/03/2026 21:35,15,0.001,8.03
07/03/2026 21:05,14.875,0.001,8.03
07/03/2026 20:35,14.75,0.001,8.03
07/03/2026 20:05,14.625,0.001,8.03
07/03/2026 19:35,14.75,0.001,8.03
07/03/2026 19:05,14.875,0.001,8.03
07/03/2026 18:35,14.625,0.001,8.03
07/03/2026 18:35,14.625,0.001,8.03
07/03/2026 18:05,15.625,0.001,8.03
07/03/2026 17:35,13.75,0.001,8.03
07/03/2026 17:05,14.75,0.001,8.03
07/03/2026 16:35,15.625,0.001,8.03
07/03/2026 16:05,14.875,0.001,8.03
07/03/2026 15:35,14.75,0.001,8.03
07/03/2026 15:05,14.875,0.001,8.03
07/03/2026 14:35,14.75,0.001,8.03
07/03/2026 14:05,14.75,0.001,8.03
07/03/2026 13:35,15,0.001,8.03
07/03/2026 13:05,14.875,0.001,8.03
07/03/2026 12:35,14.875,0.001,8.02
07/03/2026 12:05,14.875,0.001,8.02
07/03/2026 12:05,14.875,0.001,8.02
07/03/2026 11:35,15,0.001,8.02
07/03/2026 11:05,15.125,0.001,8.02
07/03/2026 10:35,15.125,0.001,8.02
07/03/2026 10:05,15,0.001,8.02
07/03/2026 09:35,15.125,0.001,8.02
07/03/2026 09:05,15.125,0.001,8.02
07/03/2026 08:35,15.125,0.001,8.01
07/03/2026 08:05,15.125,0.001,8.01
07/03/2026 07:35,15.25,0.001,8.01
07/03/2026 07:05,15.125,0.001,8.01
07/03/2026 06:35,14.875,0.001,8.01
07/03/2026 06:05,15.125,0.001,8.01
07/03/2026 05:35,15,0.001,8.01
07/03/2026 05:05,15.25,0.001,8.01
07/03/2026 04:35,15,0.001,8.01
07/03/2026 04:05,14.875,0.001,8.01
07/03/2026 03:35,14.875,0.001,8.01
07/03/2026 03:05,15.125,0.001,8.01
07/03/2026 02:35,14.875,0.001,8.01
07/03/2026 02:05,15.125,0.001,8.01
07/03/2026 01:35,14.875,0.001,8.01
07/03/2026 01:05,15,0.001,8.02
07/03/2026 00:35,15.125,0.001,8.02
07/03/2026 00:05,14.875,0.001,8.02
06/03/2026 23:35,15,0.001,8.02
06/03/2026 23:05,15,0.001,8.02
06/03/2026 22:35,14.875,0.001,8.02
06/03/2026 22:05,14.875,0.001,8.03
06/03/2026 21:35,15,0.001,8.03
06/03/2026 21:05,14.875,0.001,8.03
06/03/2026 20:35,14.75,0.001,8.03
06/03/2026 20:05,15,0.001,8.03
06/03/2026 19:35,14.875,0.001,8.03
06/03/2026 19:05,13.875,0.001,8.03
06/03/2026 18:35,15,0.001,8.03
06/03/2026 18:05,14.875,0.001,8.03
06/03/2026 17:35,14.875,0.001,8.03
06/03/2026 17:05,15.125,0.001,8.03
06/03/2026 16:35,14.875,0.001,8.03
06/03/2026 16:05,14.875,0.001,8.03
06/03/2026 15:35,14.875,0.001,8.03
06/03/2026 15:05,15.125,0.001,8.03
06/03/2026 14:35,15.125,0.001,8.03
06/03/2026 14:05,15,0.001,8.03
06/03/2026 13:35,15,0.001,8.03
06/03/2026 13:05,15.125,0.001,8.03
06/03/2026 12:35,15.125,0.001,8.03
06/03/2026 12:05,15.125,0.001,8.02
06/03/2026 11:35,15.125,0.001,8.02
06/03/2026 11:05,15.125,0.001,8.02
06/03/2026 10:35,15.25,0.001,8.02
06/03/2026 10:05,15.125,0.001,8.02
06/03/2026 09:35,15.375,0.001,8.02
06/03/2026 09:05,15.5,0.001,8.02
06/03/2026 08:35,15.5,0.001,8.01
06/03/2026 08:05,15.375,0.001,8.01
06/03/2026 07:35,15.625,0.001,8.01
06/03/2026 07:05,15.5,0.001,8.01
06/03/2026 06:35,15.5,0.001,8.01
06/03/2026 06:05,15.25,0.001,8.01
06/03/2026 06:05,15.25,0.001,8.01
06/03/2026 05:35,15.25,0.001,8.01
06/03/2026 05:05,15.375,0.001,8.01
06/03/2026 04:35,15.5,0.001,8.01
06/03/2026 04:05,15.25,0.001,8.01
06/03/2026 03:35,15.375,0.001,8.01
06/03/2026 03:05,15.375,0.001,8.01
06/03/2026 02:35,15.375,0.001,8.02
06/03/2026 02:05,15.375,0.001,8.01
06/03/2026 01:35,15.25,0.001,8.02
06/03/2026 01:05,15.375,0.001,8.02
06/03/2026 00:35,15.125,0.001,8.02
06/03/2026 00:05,15.125,0.001,8.02
05/03/2026 23:35,15.25,0.001,8.02
05/03/2026 23:05,15.25,0.001,8.02
05/03/2026 22:35,15.125,0.001,8.02
05/03/2026 22:05,14.875,0.001,8.02
05/03/2026 21:35,14.875,0.001,8.02
05/03/2026 21:05,14.875,0.001,8.02
05/03/2026 20:35,15,0.001,8.02
05/03/2026 20:05,14.875,0.001,8.02
05/03/2026 19:35,14.875,0.001,8.02
05/03/2026 19:05,14.75,0.001,8.02
05/03/2026 18:35,14.75,0.001,8.02
05/03/2026 18:05,14.75,0.001,8.03
05/03/2026 17:35,14.75,0.001,8.02
05/03/2026 17:05,13.75,0.001,8.02
05/03/2026 17:05,13.75,0.001,8.02
05/03/2026 16:35,15,0.001,8.02
05/03/2026 16:05,14.875,0.001,8.02
05/03/2026 15:35,14.75,0.001,8.02
05/03/2026 15:05,14.875,0.001,8.02
05/03/2026 14:35,14.875,0.001,8.02
05/03/2026 14:05,15,0.001,8.02
05/03/2026 13:35,14.75,0.001,8.02
05/03/2026 13:05,15.125,0.001,8.01
05/03/2026 12:35,15,0.001,8.01
05/03/2026 12:05,15.25,0.001,8.01
05/03/2026 11:35,15.125,0.001,8.01
05/03/2026 11:05,15.25,0.001,8.01
05/03/2026 10:35,15.125,0.001,8.01
05/03/2026 10:05,15.25,0.001,8.01
05/03/2026 09:35,15.375,0.001,8.01
05/03/2026 09:05,15.125,0.001,8
05/03/2026 08:35,15.125,0.001,8
05/03/2026 08:05,15.125,0.001,8
05/03/2026 07:35,15.125,0.001,8
05/03/2026 07:05,15.25,0.001,8
05/03/2026 06:35,15.375,0.001,8
05/03/2026 06:05,15.25,0.001,8
05/03/2026 05:35,15.25,0.001,8
05/03/2026 05:05,15.125,0.001,8
05/03/2026 04:35,15.25,0.001,8
05/03/2026 04:05,15.125,0.001,8
05/03/2026 04:05,15.125,0.001,8
05/03/2026 03:35,15,0.001,8
05/03/2026 03:05,15.25,0.001,8
05/03/2026 02:35,15,0.001,8
05/03/2026 02:05,15.25,0.001,8
05/03/2026 01:35,15.125,0.001,8
05/03/2026 01:05,15.125,0.001,8
05/03/2026 00:35,15.125,0.001,8
05/03/2026 00:05,15.125,0.001,8
04/03/2026 23:35,14.875,0.001,8.01
04/03/2026 23:05,15,0.001,8.01
04/03/2026 22:35,14.875,0.001,8.01
04/03/2026 22:05,15,0.001,8.01
04/03/2026 21:35,14.875,0.001,8.01
04/03/2026 21:05,15.125,0.001,8.01
04/03/2026 20:35,14.875,0.001,8.01
04/03/2026 20:05,14.75,0.001,8.01
04/03/2026 19:35,15,0.001,8.01
04/03/2026 19:05,14.75,0.001,8.01
04/03/2026 18:35,15,0.001,8.01
04/03/2026 18:05,14.875,0.001,8.01
04/03/2026 17:35,14.75,0.001,8.01
04/03/2026 17:05,14.875,0.001,8.01
04/03/2026 16:35,14.875,0.001,8.01
04/03/2026 16:05,15,0.001,8.01
04/03/2026 15:35,14.875,0.001,8.01
04/03/2026 15:05,15.125,0.001,8.01
04/03/2026 15:05,15.125,0.001,8.01
04/03/2026 14:35,15,0.001,8
04/03/2026 14:05,15,0.001,8
04/03/2026 13:35,15.125,0.001,8
04/03/2026 13:05,15,0.001,8
04/03/2026 12:35,15.125,0.001,8
04/03/2026 12:05,15,0.001,8
04/03/2026 11:35,15.125,0.001,7.99
04/03/2026 11:05,15.375,0.001,7.99
04/03/2026 10:35,15.375,0.001,7.99
04/03/2026 10:35,15.375,0.001,7.99
04/03/2026 10:05,15.375,0.001,7.99
04/03/2026 09:35,15.25,0.001,7.99
04/03/2026 09:05,15.25,0.001,7.99
04/03/2026 08:35,15.375,0.001,7.98
04/03/2026 08:05,15.5,0.001,7.98
04/03/2026 07:35,15.375,0.001,7.98
04/03/2026 07:05,15.25,0.001,7.98
04/03/2026 06:35,15.5,0.001,7.98
04/03/2026 06:05,15.25,0.001,7.98
04/03/2026 05:35,15.25,0.001,7.98
04/03/2026 05:05,15.375,0.001,7.98
04/03/2026 04:35,15.25,0.001,7.98
04/03/2026 04:05,15.5,0.001,7.98
04/03/2026 03:35,15.375,0.001,7.98
04/03/2026 03:05,15.25,0.001,7.98
04/03/2026 02:35,15.25,0.001,7.98
04/03/2026 02:05,15.125,0.001,7.98
04/03/2026 01:35,15.25,0.001,7.98
04/03/2026 01:05,15.375,0.001,7.98
04/03/2026 00:35,15.125,0.001,7.98
04/03/2026 00:05,15.125,0.001,7.98
03/03/2026 23:35,15.25,0.001,7.98
03/03/2026 23:05,15.25,0.001,7.98
03/03/2026 22:35,15.125,0.001,7.99
03/03/2026 22:05,15,0.001,7.99
03/03/2026 21:35,15.125,0.001,7.99
03/03/2026 21:05,15.125,0.001,7.99
03/03/2026 20:35,15,0.001,7.99
03/03/2026 20:35,15,0.001,7.99
03/03/2026 20:05,15,0.001,7.99
03/03/2026 19:35,15.25,0.001,8
03/03/2026 19:05,14.875,0.001,8
03/03/2026 18:35,15,0.001,8
03/03/2026 18:05,15.25,0.001,8.01
03/03/2026 17:35,15.375,0.001,8.01
03/03/2026 17:05,15.25,0.001,8.02
03/03/2026 16:35,15.125,0.001,8.02
03/03/2026 16:05,15.125,0.001,8.03
03/03/2026 15:35,15.375,0.001,8.03
03/03/2026 15:05,15.375,0.001,8.03
03/03/2026 14:35,15.25,0.001,8.03
03/03/2026 14:05,15.375,0.001,8.03
03/03/2026 13:35,15.125,0.001,8.03
03/03/2026 13:35,15.125,0.001,8.03
03/03/2026 13:05,15.25,0.001,8.02
03/03/2026 12:35,15.375,0.001,8.02
03/03/2026 12:05,15.375,0.001,8.02
03/03/2026 11:35,15.5,0.001,8.02
03/03/2026 11:05,15.25,0.001,8.02
03/03/2026 10:35,15.375,0.001,8.02
03/03/2026 10:05,15.25,0.001,8.01
03/03/2026 09:35,15.375,0.001,8.01
03/03/2026 09:31,15.25,0.001,8.01
03/03/2026 08:35,15.375,0.001,8.01
03/03/2026 08:05,15.375,0.001,8.01
03/03/2026 07:35,15.375,0.001,8.01
03/03/2026 07:05,15.375,0.001,8.01
03/03/2026 06:35,15.25,0.001,8.01
03/03/2026 06:05,15.25,0.001,8.01
03/03/2026 05:35,15.375,0.001,8.01
03/03/2026 05:05,15.375,0.001,8.01
03/03/2026 04:35,15.375,0.001,8.01
03/03/2026 04:05,15.25,0.001,8.01
03/03/2026 03:35,15.375,0.001,8.01
03/03/2026 03:05,15.25,0.001,8.01
03/03/2026 02:35,15.25,0.001,8.01
03/03/2026 02:05,15.25,0.001,8.01
03/03/2026 01:35,15.375,0.001,8.01
03/03/2026 01:05,15.25,0.001,8.02
03/03/2026 00:35,15.375,0.001,8.02
03/03/2026 00:05,15.25,0.001,8.02
02/03/2026 23:35,15.125,0.001,8.02
02/03/2026 23:05,15.25,0.001,8.02
02/03/2026 22:35,15.125,0.001,8.02
02/03/2026 22:05,15.125,0.001,8.02
02/03/2026 21:35,15.25,0.001,8.02
02/03/2026 21:05,15.125,0.001,8.02
02/03/2026 20:35,15.25,0.001,8.02
02/03/2026 20:05,15.125,0.001,8.02
02/03/2026 19:35,15.125,0.001,8.03
02/03/2026 19:05,15.125,0.001,8.03
02/03/2026 18:35,15,0.001,8.03
02/03/2026 18:05,15.125,0.001,8.03
02/03/2026 17:35,15,0.001,8.03
02/03/2026 17:05,15.25,0.001,8.03
02/03/2026 16:35,15.375,0.001,8.03
02/03/2026 16:05,15.125,0.001,8.03
02/03/2026 15:35,15.25,0.001,8.03
02/03/2026 15:05,15.25,0.001,8.02
02/03/2026 14:35,15.25,0.001,8.02
02/03/2026 14:05,15.375,0.001,8.02
02/03/2026 13:35,15.375,0.001,8.02
02/03/2026 13:05,15.25,0.001,8.02
02/03/2026 12:35,15.375,0.001,8.02
02/03/2026 12:05,15.375,0.001,8.01
02/03/2026 11:35,15.25,0.001,8.01
02/03/2026 11:05,15.375,0.001,8.01
02/03/2026 10:35,15.125,0.001,8.01
02/03/2026 10:05,15.375,0.001,8.01
02/03/2026 09:35,15.375,0.001,8.01
02/03/2026 09:05,15.375,0.001,8.01
02/03/2026 08:35,15.375,0.001,8.01
02/03/2026 08:05,15.25,0.001,8
02/03/2026 07:35,15.375,0.001,8
02/03/2026 07:05,15.375,0.001,8
02/03/2026 06:35,15.25,0.001,8
02/03/2026 06:05,15.5,0.001,8
02/03/2026 05:35,15.375,0.001,8
02/03/2026 05:05,15.5,0.001,8
02/03/2026 04:35,15.625,0.001,8
02/03/2026 04:05,15.5,0.001,8
02/03/2026 03:35,15.375,0.001,8
02/03/2026 03:05,15.375,0.001,8
02/03/2026 02:35,15.25,0.001,8.01
02/03/2026 02:05,15.375,0.001,8.01
02/03/2026 01:35,15.25,0.001,8.01
02/03/2026 01:05,15.25,0.001,8.01
02/03/2026 00:35,15.25,0.001,8.01
02/03/2026 00:05,15.375,0.001,8.01
01/03/2026 23:35,15.25,0.001,8.01
01/03/2026 23:05,15.125,0.001,8.01
01/03/2026 22:35,15.25,0.001,8.01
01/03/2026 22:05,15.125,0.001,8.01
01/03/2026 21:35,15.25,0.001,8.01
01/03/2026 21:05,15.25,0.001,8.01
01/03/2026 20:35,15.125,0.001,8.01
01/03/2026 20:05,15.125,0.001,8.01
01/03/2026 19:35,15.25,0.001,8.01
01/03/2026 19:05,15.125,0.001,8.02
01/03/2026 18:35,15.125,0.001,8.02
01/03/2026 18:05,15.125,0.001,8.02
01/03/2026 17:35,15.25,0.001,8.02
01/03/2026 17:05,15.25,0.001,8.02
01/03/2026 16:35,15.25,0.001,8.01
01/03/2026 16:05,15.375,0.001,8.01
01/03/2026 16:05,15.375,0.001,8.01
01/03/2026 15:35,15.25,0.001,8.01
01/03/2026 15:05,15.25,0.001,8.01
01/03/2026 14:35,15.25,0.001,8.01
01/03/2026 14:05,15.25,0.001,8.01
01/03/2026 13:35,15.375,0.001,8.01
01/03/2026 13:05,15.375,0.001,8
01/03/2026 12:35,15.375,0.001,8
01/03/2026 12:05,15.375,0.001,8
01/03/2026 11:35,15.125,0.001,8
01/03/2026 11:05,15.25,0.001,8
01/03/2026 10:35,15.375,0.001,8
01/03/2026 10:35,15.375,0.001,8
01/03/2026 10:05,15.375,0.001,7.99
01/03/2026 09:35,15.125,0.001,7.99
01/03/2026 09:05,15.375,0.001,7.99
01/03/2026 08:35,15.25,0.001,7.99
01/03/2026 08:05,15.375,0.001,7.99
01/03/2026 07:35,15.375,0.001,7.99
01/03/2026 07:05,15.25,0.001,7.98
01/03/2026 06:35,15.375,0.001,7.98
01/03/2026 06:35,15.375,0.001,7.98
01/03/2026 06:05,15.5,0.001,7.98
01/03/2026 05:35,15.25,0.001,7.98
01/03/2026 05:35,15.25,0.001,7.98
01/03/2026 05:05,15.5,0.001,7.99
01/03/2026 04:35,15.25,0.001,7.98
01/03/2026 04:05,15.375,0.001,7.98
01/03/2026 03:35,15.25,0.001,7.99
01/03/2026 03:05,15.25,0.001,7.99
01/03/2026 02:35,15.375,0.001,7.99
01/03/2026 02:05,15.125,0.001,7.99
01/03/2026 02:05,15.125,0.001,7.99
01/03/2026 01:35,15.25,0.001,7.99
01/03/2026 01:05,15.125,0.001,7.99
01/03/2026 00:35,15.375,0.001,7.99
01/03/2026 00:05,15.375,0.001,7.99
28/02/2026 23:35,15.25,0.001,7.99
28/02/2026 23:05,15.125,0.001,8
28/02/2026 22:35,15.25,0.001,8
28/02/2026 22:05,15.25,0.001,8
28/02/2026 21:35,15.375,0.001,8
28/02/2026 21:05,15.125,0.001,8
28/02/2026 20:35,15.125,0.001,8
28/02/2026 20:05,15.125,0.001,8
28/02/2026 19:35,15.25,0.001,8
28/02/2026 19:05,15,0.001,8
28/02/2026 18:35,15.25,0.001,8
28/02/2026 18:05,15.25,0.001,8.01
28/02/2026 17:35,15.375,0.001,8.01
28/02/2026 17:05,15.375,0.001,8
28/02/2026 16:35,15.25,0.001,8
28/02/2026 16:05,15.375,0.001,8
28/02/2026 15:35,15.25,0.001,8
28/02/2026 15:05,15.125,0.001,8
28/02/2026 14:35,15.375,0.001,8
28/02/2026 14:05,15.25,0.001,7.99
28/02/2026 13:35,15.25,0.001,7.99
28/02/2026 13:35,15.25,0.001,7.99
28/02/2026 13:05,15.375,0.001,7.99
28/02/2026 12:35,15.25,0.001,7.99
28/02/2026 12:05,15.375,0.001,7.99
28/02/2026 12:05,15.375,0.001,7.99
28/02/2026 11:35,15.125,0.001,7.98
28/02/2026 11:05,15.25,0.001,7.98
28/02/2026 10:35,15.25,0.001,7.98
28/02/2026 10:05,15.375,0.001,7.98
28/02/2026 09:35,15.5,0.001,7.98
28/02/2026 09:05,15.25,0.001,7.98
28/02/2026 08:35,15.375,0.001,7.98
28/02/2026 08:05,15.375,0.001,7.97
28/02/2026 07:35,15.375,0.001,7.97
28/02/2026 07:35,15.375,0.001,7.97
28/02/2026 07:05,15.5,0.001,7.97
28/02/2026 06:35,15.5,0.001,7.97
28/02/2026 06:05,15.5,0.001,7.97
28/02/2026 05:35,15.5,0.001,7.97
28/02/2026 05:05,15.25,0.001,7.97
28/02/2026 04:35,15.375,0.001,7.97
28/02/2026 04:05,15.375,0.001,7.97
28/02/2026 03:35,15.375,0.001,7.97
28/02/2026 03:05,15.375,0.001,7.97
28/02/2026 02:35,15.25,0.001,7.97
28/02/2026 02:05,15.375,0.001,7.97
28/02/2026 01:35,15.25,0.001,7.97
28/02/2026 01:05,15.125,0.001,7.97
28/02/2026 00:35,15.25,0.001,7.97
28/02/2026 00:05,15.375,0.001,7.97
27/02/2026 23:35,15.125,0.001,7.98
27/02/2026 23:05,15.25,0.001,7.97
27/02/2026 22:35,15.125,0.001,7.97
27/02/2026 22:05,15.25,0.001,7.97
27/02/2026 21:35,15.25,0.001,7.98
27/02/2026 21:05,14.875,0.001,7.98
27/02/2026 20:35,15.125,0.001,7.98
27/02/2026 20:05,15.25,0.001,7.99
27/02/2026 19:35,15.25,0.001,7.99
27/02/2026 19:05,15.375,0.001,7.99
27/02/2026 18:35,15.375,0.001,7.99
27/02/2026 18:05,15.375,0.001,7.99
27/02/2026 17:35,15.25,0.001,7.99
27/02/2026 17:05,15.375,0.001,7.98
27/02/2026 16:35,15.5,0.001,7.98
27/02/2026 16:05,15.375,0.001,7.98
27/02/2026 15:35,15.5,0.001,7.99
27/02/2026 15:05,15.5,0.001,7.99
27/02/2026 14:35,15.25,0.001,7.99
27/02/2026 14:05,15.25,0.001,7.99
27/02/2026 13:35,15.5,0.001,7.99
27/02/2026 13:05,15.375,0.001,7.99
27/02/2026 12:35,15.375,0.001,8
27/02/2026 12:05,15.25,0.001,8
27/02/2026 11:35,15.375,0.001,8.01
27/02/2026 11:05,15.25,0.001,8.01
27/02/2026 10:35,15.375,0.001,8.01
27/02/2026 10:05,15.375,0.001,8.01
27/02/2026 09:35,15.375,0.001,8.01
27/02/2026 09:05,15.375,0.001,8.01
27/02/2026 08:35,15.375,0.001,8.01
27/02/2026 08:05,15.125,0.001,8.01
27/02/2026 07:35,15.375,0.001,8.01
27/02/2026 07:05,15.375,0.001,8.01
27/02/2026 06:35,15.25,0.001,8.01
27/02/2026 06:05,15.375,0.001,8.01
27/02/2026 05:35,15.375,0.001,8.01
27/02/2026 05:05,15.25,0.001,8.01
27/02/2026 04:35,15.375,0.001,8
27/02/2026 04:05,15.25,0.001,8
27/02/2026 03:35,15.125,0.001,8
27/02/2026 03:05,15.125,0.001,8
27/02/2026 02:35,15.125,0.001,8
27/02/2026 02:05,15.125,0.001,8
27/02/2026 02:05,15.125,0.001,8
27/02/2026 01:35,15.125,0.001,8
27/02/2026 01:05,15.25,0.001,8
27/02/2026 00:35,15.125,0.001,8
27/02/2026 00:05,15.125,0.001,8
26/02/2026 23:35,15.25,0.001,8
26/02/2026 23:05,15.125,0.001,8
26/02/2026 22:35,15,0.001,8
26/02/2026 22:05,15.25,0.001,8
26/02/2026 21:35,15.125,0.001,8
26/02/2026 21:05,15.25,0.001,8
26/02/2026 20:35,15.125,0.001,8
26/02/2026 20:05,15.25,0.001,7.99
26/02/2026 19:35,15.25,0.001,7.99
26/02/2026 19:05,15,0.001,7.98
26/02/2026 18:35,15.25,0.001,7.97
26/02/2026 18:05,15.25,0.001,7.96
26/02/2026 17:35,15.25,0.001,7.94
26/02/2026 17:05,15.125,0.001,7.92
26/02/2026 16:35,15.375,0.001,7.89
26/02/2026 16:35,15.375,0.001,7.89
26/02/2026 16:05,15.375,0.001,7.87
26/02/2026 15:35,15.5,0.001,7.83
26/02/2026 15:05,15.5,0.001,7.78
26/02/2026 14:35,15.375,0.001,7.73
26/02/2026 14:05,15.5,0.001,7.66
26/02/2026 13:35,15.25,0.001,7.56
26/02/2026 13:22,15.625,0.001,7.51
26/02/2026 13:05,15.625,0.001,7.42
26/02/2026 12:35,15.625,0.001,7.23
21/02/2026 14:35,15.25,0.001,7.96
21/02/2026 14:05,15.25,0.001,7.96
21/02/2026 13:35,15.25,0.001,7.96
21/02/2026 13:05,15.125,0.001,7.96
21/02/2026 12:35,15.125,0.001,7.96
21/02/2026 12:05,15.125,0.001,7.96
21/02/2026 11:35,15.125,0.001,7.95
21/02/2026 11:05,15.125,0.001,7.95
21/02/2026 10:35,15.25,0.001,7.95
21/02/2026 10:05,15.25,0.001,7.95
21/02/2026 09:35,15.25,0.001,7.95
21/02/2026 09:05,15.375,0.001,7.95
21/02/2026 08:35,15.125,0.001,7.95
21/02/2026 08:05,15.25,0.001,7.95
21/02/2026 07:35,15.125,0.001,7.95
21/02/2026 07:05,15.25,0.001,7.95
21/02/2026 06:35,15.375,0.001,7.95
21/02/2026 06:05,15.375,0.001,7.95
21/02/2026 05:35,15.25,0.001,7.94
21/02/2026 05:05,15.25,0.001,7.95
21/02/2026 04:35,15.375,0.001,7.95
21/02/2026 04:05,15.375,0.001,7.95
21/02/2026 03:35,15.125,0.001,7.95
21/02/2026 03:05,15.25,0.001,7.95
21/02/2026 02:35,15.125,0.001,7.95
21/02/2026 02:05,15.25,0.001,7.95
21/02/2026 01:35,15.375,0.001,7.95
21/02/2026 01:05,15.25,0.001,7.95
21/02/2026 00:35,15.125,0.001,7.95
21/02/2026 00:35,15.125,0.001,7.95
21/02/2026 00:05,15,0.001,7.95
20/02/2026 23:35,14.875,0.001,7.95
20/02/2026 23:05,15,0.001,7.95
20/02/2026 22:35,15,0.001,7.95
20/02/2026 22:05,15,0.001,7.96
20/02/2026 22:05,15,0.001,7.96
20/02/2026 21:35,14.875,0.001,7.96
20/02/2026 21:05,15,0.001,7.96
20/02/2026 20:35,14.875,0.001,7.96
20/02/2026 20:05,15,0.001,7.96
20/02/2026 19:35,14.75,0.001,7.96
20/02/2026 19:05,15.125,0.001,7.96
20/02/2026 18:35,15,0.001,7.96
20/02/2026 18:05,15.125,0.001,7.96
20/02/2026 17:35,15.125,0.001,7.96
20/02/2026 17:05,15.125,0.001,7.96
20/02/2026 16:35,15.125,0.001,7.96
20/02/2026 16:05,15.125,0.001,7.96
20/02/2026 15:35,15.125,0.001,7.96
20/02/2026 15:05,15.125,0.001,7.96
20/02/2026 14:35,15.125,0.001,7.96
20/02/2026 14:05,15,0.001,7.96
20/02/2026 13:35,15.125,0.001,7.95
20/02/2026 13:05,15.125,0.001,7.95
20/02/2026 12:35,15.25,0.001,7.95
20/02/2026 12:05,15.25,0.001,7.95
20/02/2026 11:35,15.375,0.001,7.95
20/02/2026 11:05,15.125,0.001,7.95
20/02/2026 10:35,15.25,0.001,7.95
20/02/2026 10:05,15.375,0.001,7.95
20/02/2026 09:35,15.25,0.001,7.95
20/02/2026 09:05,15.25,0.001,7.95
20/02/2026 08:35,15.125,0.001,7.95
20/02/2026 08:05,15.375,0.001,7.94
20/02/2026 07:35,15.375,0.001,7.94
20/02/2026 07:05,15.25,0.001,7.94
20/02/2026 06:35,15.5,0.001,7.94
20/02/2026 06:05,15.375,0.001,7.94
20/02/2026 05:35,15.375,0.001,7.94
20/02/2026 05:05,15.375,0.001,7.94
20/02/2026 04:35,15.375,0.001,7.95
20/02/2026 04:05,15.375,0.001,7.95
20/02/2026 03:35,15.25,0.001,7.94
20/02/2026 03:05,15.25,0.001,7.95
20/02/2026 02:35,15.25,0.001,7.95
20/02/2026 02:05,15.25,0.001,7.95
20/02/2026 01:35,15.125,0.001,7.95
20/02/2026 01:05,15.125,0.001,7.95
20/02/2026 00:35,15.125,0.001,7.95
20/02/2026 00:05,15.125,0.001,7.95
19/02/2026 23:35,15,0.001,7.95
19/02/2026 23:05,14.875,0.001,7.95
19/02/2026 22:35,15,0.001,7.95
19/02/2026 22:05,14.875,0.001,7.95
19/02/2026 21:35,15,0.001,7.95
19/02/2026 21:05,14.875,0.001,7.95
19/02/2026 20:35,14.875,0.001,7.96
19/02/2026 20:05,15,0.001,7.96
19/02/2026 19:35,14.875,0.001,7.96
19/02/2026 19:05,14.875,0.001,7.96
19/02/2026 18:35,14.875,0.001,7.96
19/02/2026 18:05,15.125,0.001,7.96
19/02/2026 17:35,14.875,0.001,7.96
19/02/2026 17:05,15,0.001,7.96
19/02/2026 16:35,15.125,0.001,7.96
19/02/2026 16:05,15.125,0.001,7.96
19/02/2026 15:35,15.125,0.001,7.96
19/02/2026 15:05,14.875,0.001,7.96
19/02/2026 14:35,14.875,0.001,7.96
19/02/2026 14:05,15.125,0.001,7.96
19/02/2026 13:35,15.125,0.001,7.96
19/02/2026 13:05,14.875,0.001,7.95
19/02/2026 12:35,15.125,0.001,7.95
19/02/2026 12:35,15.125,0.001,7.95
19/02/2026 12:05,15.25,0.001,7.95
19/02/2026 11:35,15.25,0.001,7.95
19/02/2026 11:05,15.125,0.001,7.95
19/02/2026 10:35,15,0.001,7.95
19/02/2026 10:05,15,0.001,7.95
19/02/2026 09:35,15.375,0.001,7.95
19/02/2026 09:05,15.125,0.001,7.95
19/02/2026 08:35,15.25,0.001,7.95
19/02/2026 08:05,15.25,0.001,7.95
19/02/2026 07:35,15.375,0.001,7.95
19/02/2026 07:35,15.375,0.001,7.95
19/02/2026 07:05,15.25,0.001,7.95
19/02/2026 06:35,15.375,0.001,7.95
19/02/2026 06:05,15.25,0.001,7.95
19/02/2026 05:35,15.5,0.001,7.95
19/02/2026 05:05,15.125,0.001,7.95
19/02/2026 04:35,15.25,0.001,7.95
19/02/2026 04:05,15.375,0.001,7.95
19/02/2026 04:05,15.375,0.001,7.95
19/02/2026 03:35,15.125,0.001,7.95
19/02/2026 03:05,15.125,0.001,7.95
19/02/2026 03:05,15.125,0.001,7.95
19/02/2026 02:35,15.125,0.001,7.95
19/02/2026 02:05,15.25,0.001,7.95
19/02/2026 01:35,15.125,0.001,7.95
19/02/2026 01:05,15.25,0.001,7.95
19/02/2026 00:35,15,0.001,7.95
19/02/2026 00:05,14.875,0.001,7.95
18/02/2026 23:35,14.875,0.001,7.96
18/02/2026 23:05,15.125,0.001,7.96
18/02/2026 22:35,15,0.001,7.96
18/02/2026 22:05,14.875,0.001,7.96
18/02/2026 21:35,15,0.001,7.96
18/02/2026 21:05,14.875,0.001,7.96
18/02/2026 20:35,15,0.001,7.96
18/02/2026 20:05,15,0.001,7.96
18/02/2026 19:35,14.875,0.001,7.96
18/02/2026 19:05,15,0.001,7.96
18/02/2026 18:35,14.875,0.001,7.96
18/02/2026 18:05,15,0.001,7.96
18/02/2026 17:35,14.875,0.001,7.97
18/02/2026 17:05,15,0.001,7.97
18/02/2026 16:35,15,0.001,7.97
18/02/2026 16:05,14.875,0.001,7.96
18/02/2026 15:35,15.125,0.001,7.96
18/02/2026 15:05,15,0.001,7.96
18/02/2026 14:35,15,0.001,7.96
18/02/2026 14:05,15,0.001,7.96
18/02/2026 13:35,15.125,0.001,7.96
18/02/2026 13:05,15.25,0.001,7.96
18/02/2026 12:35,15.125,0.001,7.96
18/02/2026 12:05,15.25,0.001,7.96
18/02/2026 11:35,15,0.001,7.95
18/02/2026 11:05,15,0.001,7.95
18/02/2026 10:35,15,0.001,7.96
18/02/2026 10:05,15.125,0.001,7.95
18/02/2026 09:35,15.125,0.001,7.95
18/02/2026 09:05,15.125,0.001,7.95
18/02/2026 08:35,15.25,0.001,7.95
18/02/2026 08:05,15.25,0.001,7.95
18/02/2026 07:35,15.125,0.001,7.95
18/02/2026 07:05,15,0.001,7.95
18/02/2026 06:35,15.25,0.001,7.95
18/02/2026 06:05,15.25,0.001,7.95
18/02/2026 05:35,15.25,0.001,7.95
18/02/2026 05:05,15.25,0.001,7.95
18/02/2026 04:35,15,0.001,7.95
18/02/2026 04:05,14.875,0.001,7.95
18/02/2026 03:35,15,0.001,7.95
18/02/2026 03:05,15.125,0.001,7.95
18/02/2026 02:35,15,0.001,7.95
18/02/2026 02:05,14.875,0.001,7.95
18/02/2026 01:35,15,0.001,7.96
18/02/2026 01:05,15,0.001,7.96
18/02/2026 00:35,14.875,0.001,7.96
18/02/2026 00:05,14.875,0.001,7.96
17/02/2026 23:35,14.875,0.001,7.96
17/02/2026 23:05,14.875,0.001,7.96
17/02/2026 22:35,14.875,0.001,7.96
17/02/2026 22:05,15.125,0.001,7.96
17/02/2026 21:35,15.125,0.001,7.96
17/02/2026 21:05,15.125,0.001,7.96
17/02/2026 20:35,15,0.001,7.97
17/02/2026 20:05,15.25,0.001,7.96
17/02/2026 19:35,15.125,0.001,7.96
17/02/2026 19:05,15.25,0.001,7.97
17/02/2026 18:35,15.25,0.001,7.97
17/02/2026 18:05,15.25,0.001,7.97
17/02/2026 17:35,15.375,0.001,7.97
17/02/2026 17:05,15.25,0.001,7.97
17/02/2026 17:05,15.25,0.001,7.97
17/02/2026 16:35,15.25,0.001,7.97
17/02/2026 16:05,15.375,0.001,7.96
17/02/2026 15:35,15.25,0.001,7.97
17/02/2026 15:05,15.375,0.001,7.96
17/02/2026 14:35,15.25,0.001,7.96
17/02/2026 14:05,15.25,0.001,7.96
17/02/2026 13:35,15.125,0.001,7.96
17/02/2026 13:05,15.125,0.001,7.96
17/02/2026 12:35,15.125,0.001,7.96
17/02/2026 12:05,15.25,0.001,7.96
17/02/2026 11:35,15.25,0.001,7.96
17/02/2026 11:05,15.25,0.001,7.95
17/02/2026 10:35,15.125,0.001,7.95
17/02/2026 10:05,15.25,0.001,7.95
17/02/2026 09:35,15.25,0.001,7.95
17/02/2026 09:05,15.375,0.001,7.95
17/02/2026 08:35,15.25,0.001,7.95
17/02/2026 08:05,15.25,0.001,7.95
17/02/2026 07:35,15.375,0.001,7.95
17/02/2026 07:05,15.25,0.001,7.95
17/02/2026 06:35,15.375,0.001,7.95
17/02/2026 06:05,15.25,0.001,7.95
17/02/2026 05:35,15.25,0.001,7.95
17/02/2026 05:05,15.25,0.001,7.95
17/02/2026 04:35,15.125,0.001,7.95
17/02/2026 04:05,15.25,0.001,7.95
17/02/2026 03:35,15.25,0.001,7.95
17/02/2026 03:05,15.125,0.001,7.95
17/02/2026 02:35,15.25,0.001,7.95
17/02/2026 02:05,15.125,0.001,7.95
17/02/2026 01:35,15.125,0.001,7.95
17/02/2026 01:05,15,0.001,7.95
17/02/2026 00:35,14.875,0.001,7.95
17/02/2026 00:05,14.875,0.001,7.95
16/02/2026 23:35,15,0.001,7.95
16/02/2026 23:05,14.875,0.001,7.95
16/02/2026 22:35,14.875,0.001,7.96
16/02/2026 22:05,14.875,0.001,7.96
16/02/2026 21:35,15,0.001,7.96
16/02/2026 21:05,14.875,0.001,7.96
16/02/2026 20:35,15,0.001,7.96
16/02/2026 20:05,15,0.001,7.96
16/02/2026 19:35,15,0.001,7.96
16/02/2026 19:05,15,0.001,7.96
16/02/2026 18:35,15,0.001,7.96
16/02/2026 18:05,15,0.001,7.97
16/02/2026 17:35,15.125,0.001,7.96
16/02/2026 17:05,15.125,0.001,7.96
16/02/2026 16:35,15.125,0.001,7.97
16/02/2026 16:05,15.125,0.001,7.96
16/02/2026 15:35,15.25,0.001,7.97
16/02/2026 15:05,15,0.001,7.97
16/02/2026 14:35,15.125,0.001,7.96
16/02/2026 14:05,15.125,0.001,7.96
16/02/2026 13:35,15.125,0.001,7.96
16/02/2026 13:05,15,0.001,7.96
16/02/2026 12:35,15,0.001,7.96
16/02/2026 12:05,15.125,0.001,7.96
16/02/2026 11:35,15.125,0.001,7.96
16/02/2026 11:05,15,0.001,7.95
16/02/2026 10:35,15.25,0.001,7.95
16/02/2026 10:05,15,0.001,7.95
16/02/2026 09:35,15.25,0.001,7.95
16/02/2026 09:05,15.25,0.001,7.95
16/02/2026 08:35,15.375,0.001,7.95
16/02/2026 08:35,15.375,0.001,7.95
16/02/2026 08:05,15.25,0.001,7.96
16/02/2026 07:35,15.25,0.001,7.96
16/02/2026 07:05,15.375,0.001,7.96
16/02/2026 06:35,15.375,0.001,7.95
16/02/2026 06:05,15.375,0.001,7.96
16/02/2026 05:35,15.375,0.001,7.96
16/02/2026 05:05,15.25,0.001,7.95
16/02/2026 04:35,15.25,0.001,7.96
16/02/2026 04:05,15.125,0.001,7.96
16/02/2026 03:35,15.375,0.001,7.96
16/02/2026 03:05,15.375,0.001,7.96
16/02/2026 02:35,15.125,0.001,7.96
16/02/2026 02:05,15.25,0.001,7.96
16/02/2026 01:35,15.125,0.001,7.96
16/02/2026 01:05,15,0.001,7.96
16/02/2026 00:35,15,0.001,7.96
16/02/2026 00:05,15,0.001,7.96
15/02/2026 23:35,15.125,0.001,7.96
15/02/2026 23:05,14.875,0.001,7.96
15/02/2026 22:35,14.875,0.001,7.96
15/02/2026 22:05,14.875,0.001,7.96
15/02/2026 21:35,14.875,0.001,7.96
15/02/2026 21:05,13.75,0.001,7.97
15/02/2026 20:35,14.75,0.001,7.97
15/02/2026 20:05,14.75,0.001,7.97
15/02/2026 19:35,14.625,0.001,7.96
15/02/2026 19:05,14.625,0.001,7.97
15/02/2026 18:35,14.5,0.001,7.97
15/02/2026 18:35,14.5,0.001,7.97
15/02/2026 18:05,13.75,0.001,7.97
15/02/2026 17:35,15.625,0.001,7.97
15/02/2026 17:05,14.75,0.001,7.97
15/02/2026 16:35,15.625,0.001,7.97
15/02/2026 16:05,14.75,0.001,7.97
15/02/2026 15:35,14.75,0.001,7.97
15/02/2026 15:05,14.75,0.001,7.97
15/02/2026 14:35,14.75,0.001,7.97
15/02/2026 14:05,14.875,0.001,7.97
15/02/2026 13:35,14.75,0.001,7.97
15/02/2026 13:05,14.75,0.001,7.97
15/02/2026 12:35,14.875,0.001,7.97
15/02/2026 12:05,14.875,0.001,7.96
15/02/2026 11:35,14.875,0.001,7.96
15/02/2026 11:05,15,0.001,7.96
15/02/2026 10:35,15,0.001,7.96
15/02/2026 10:05,15,0.001,7.96
15/02/2026 09:35,15,0.001,7.96
15/02/2026 09:05,15,0.001,7.96
15/02/2026 08:35,15.125,0.001,7.96
15/02/2026 08:05,15.125,0.001,7.96
15/02/2026 07:35,15.25,0.001,7.96
15/02/2026 07:05,15.25,0.001,7.96
15/02/2026 06:35,15.375,0.001,7.95
15/02/2026 06:05,15.125,0.001,7.96
15/02/2026 05:35,15.25,0.001,7.96
15/02/2026 05:05,15.375,0.001,7.96
15/02/2026 04:35,15.25,0.001,7.96
15/02/2026 04:05,15,0.001,7.96
15/02/2026 03:35,15.25,0.001,7.96
15/02/2026 03:05,15.25,0.001,7.96
15/02/2026 02:35,15.125,0.001,7.96
15/02/2026 02:05,15.125,0.001,7.96
15/02/2026 01:35,15.125,0.001,7.97
15/02/2026 01:05,15,0.001,7.97
15/02/2026 00:35,15,0.001,7.97
15/02/2026 00:05,15,0.001,7.96
14/02/2026 23:35,14.875,0.001,7.97
14/02/2026 23:05,15,0.001,7.97
14/02/2026 22:35,14.875,0.001,7.97
14/02/2026 22:05,14.75,0.001,7.97
14/02/2026 21:35,15,0.001,7.98
14/02/2026 21:05,13.75,0.001,7.98
14/02/2026 20:35,14.875,0.001,7.98
14/02/2026 20:05,13.75,0.001,7.98
14/02/2026 19:35,14.625,0.001,7.98
14/02/2026 19:05,15.5,0.001,7.98
14/02/2026 18:35,14.5,0.001,7.98
14/02/2026 18:05,14.625,0.001,7.98
14/02/2026 17:35,14.625,0.001,7.98
14/02/2026 17:05,13.75,0.001,7.99
14/02/2026 16:35,14.75,0.001,7.99
14/02/2026 16:05,14.75,0.001,7.98
14/02/2026 15:35,14.75,0.001,7.98
14/02/2026 15:05,15.625,0.001,7.99
14/02/2026 14:35,14.875,0.001,7.98
14/02/2026 14:05,14.875,0.001,7.98
14/02/2026 13:35,14.875,0.001,7.98
14/02/2026 13:35,14.875,0.001,7.98
14/02/2026 13:05,14.875,0.001,7.99
14/02/2026 12:35,14.875,0.001,7.98
14/02/2026 12:05,14.875,0.001,7.98
14/02/2026 11:35,15.125,0.001,7.98
14/02/2026 11:05,15,0.001,7.98
14/02/2026 10:35,15,0.001,7.99
14/02/2026 10:05,15.125,0.001,7.98
14/02/2026 09:35,15.25,0.001,7.99
14/02/2026 09:35,15.25,0.001,7.99
14/02/2026 09:05,15.25,0.001,7.98
14/02/2026 08:35,15.25,0.001,7.99
14/02/2026 08:05,15.125,0.001,7.99
14/02/2026 07:35,15.375,0.001,7.99
14/02/2026 07:05,15.375,0.001,7.99
14/02/2026 06:35,15.375,0.001,7.99
14/02/2026 06:05,15.25,0.001,7.99
14/02/2026 05:35,15.25,0.001,7.99
14/02/2026 05:05,15.25,0.001,7.99
14/02/2026 04:35,15.25,0.001,7.99
14/02/2026 04:05,15.125,0.001,7.99
14/02/2026 03:35,15.375,0.001,8
14/02/2026 03:05,15.25,0.001,8
14/02/2026 02:35,15.25,0.001,8
14/02/2026 02:05,15.125,0.001,8
14/02/2026 01:35,15.25,0.001,8
14/02/2026 01:05,15.25,0.001,8
14/02/2026 00:35,15.125,0.001,8
14/02/2026 00:35,15.125,0.001,8
14/02/2026 00:05,15.25,0.001,8.01
13/02/2026 23:35,15.125,0.001,8.01
13/02/2026 23:05,14.875,0.001,8.01
13/02/2026 22:35,15,0.001,8.01
13/02/2026 22:05,15,0.001,8.01
13/02/2026 21:35,15.125,0.001,8.01
13/02/2026 21:05,14.875,0.001,8.01
13/02/2026 20:35,14.875,0.001,8.01
13/02/2026 20:05,14.875,0.001,8.01
13/02/2026 19:35,14.875,0.001,8.01
13/02/2026 19:05,14.75,0.001,8.02
13/02/2026 18:35,15.625,0.001,8.02
13/02/2026 18:05,15.625,0.001,8.02
13/02/2026 17:35,14.875,0.001,8.02
13/02/2026 17:05,14.875,0.001,8.02
13/02/2026 16:35,14.875,0.001,8.02
13/02/2026 16:05,14.875,0.001,8.02
13/02/2026 15:35,14.875,0.001,8.02
13/02/2026 15:05,15,0.001,8.01
13/02/2026 14:35,15.125,0.001,8.01
13/02/2026 14:05,15.125,0.001,8.02
13/02/2026 13:35,15.125,0.001,8.01
13/02/2026 13:05,15,0.001,8.02
13/02/2026 12:35,15.125,0.001,8.02
13/02/2026 12:05,15,0.001,8.01
13/02/2026 11:35,14.875,0.001,8.01
13/02/2026 11:05,15,0.001,8.01
13/02/2026 10:35,15,0.001,8.01
13/02/2026 10:35,15,0.001,8.01
13/02/2026 10:05,15,0.001,8.01
13/02/2026 09:35,15.25,0.001,8.01
13/02/2026 09:05,15.125,0.001,8.01
13/02/2026 08:35,15.125,0.001,8.01
13/02/2026 08:05,15.125,0.001,8
13/02/2026 07:35,15.25,0.001,8
13/02/2026 07:05,15,0.001,8
13/02/2026 06:35,15,0.001,8
13/02/2026 06:35,15,0.001,8
13/02/2026 06:05,15.25,0.001,8
13/02/2026 05:35,15.25,0.001,8
13/02/2026 05:05,15,0.001,8
13/02/2026 04:35,15,0.001,8
13/02/2026 04:05,15.125,0.001,8
13/02/2026 03:35,14.875,0.001,8
13/02/2026 03:05,14.875,0.001,8
13/02/2026 02:35,15,0.001,8
13/02/2026 02:05,14.875,0.001,8
13/02/2026 01:35,14.875,0.001,8
13/02/2026 01:05,15,0.001,8
13/02/2026 00:35,14.75,0.001,8
13/02/2026 00:05,15,0.001,8
12/02/2026 23:35,14.875,0.001,8
12/02/2026 23:05,13.75,0.001,8.01
12/02/2026 22:35,14.875,0.001,8.01
12/02/2026 22:05,14.75,0.001,8.01
12/02/2026 21:35,14.75,0.001,8.01
12/02/2026 21:05,14.875,0.001,8.01
12/02/2026 20:35,14.875,0.001,8.01
12/02/2026 20:05,15,0.001,8.01
12/02/2026 19:35,14.875,0.001,8.01
12/02/2026 19:05,14.875,0.001,8.01
12/02/2026 18:35,15,0.001,8.01
12/02/2026 18:05,15,0.001,8.01
12/02/2026 17:35,15.125,0.001,8.01
12/02/2026 17:05,15.125,0.001,8.01
12/02/2026 16:35,15.125,0.001,8.01
12/02/2026 16:05,15.125,0.001,8.01
12/02/2026 15:35,15.125,0.001,8.01
12/02/2026 15:05,15.125,0.001,8.01
12/02/2026 14:35,15,0.001,8.01
12/02/2026 14:05,15.25,0.001,8.01
12/02/2026 13:35,15.25,0.001,8.01
12/02/2026 13:05,15.125,0.001,8.01
12/02/2026 12:35,15,0.001,8.02
12/02/2026 12:05,15.125,0.001,8.02
12/02/2026 11:35,15,0.001,8.03
12/02/2026 11:05,15,0.001,8.03
12/02/2026 10:35,14.875,0.001,8.03
12/02/2026 10:05,15.25,0.001,8.01
12/02/2026 09:35,15.25,0.001,8.02
12/02/2026 09:05,15.25,0.001,8.01
12/02/2026 08:35,15.125,0.001,8.01
12/02/2026 08:05,15.25,0.001,8.01
12/02/2026 07:35,15.125,0.001,8.01
12/02/2026 07:05,15.125,0.001,8.01
12/02/2026 06:35,15.125,0.001,8.01
12/02/2026 06:05,15.125,0.001,8
12/02/2026 05:35,15,0.001,8.01
12/02/2026 05:05,15.125,0.001,8
12/02/2026 04:35,15.25,0.001,8
12/02/2026 04:05,15.125,0.001,8.01
12/02/2026 03:35,15,0.001,8.02
12/02/2026 03:05,14.875,0.001,8.02
12/02/2026 02:35,15,0.001,8.02
12/02/2026 02:05,15.125,0.001,8.02
12/02/2026 01:35,14.875,0.001,8.01
12/02/2026 01:05,14.875,0.001,8.02
12/02/2026 00:35,14.875,0.001,8.01
12/02/2026 00:05,15,0.001,8.01
11/02/2026 23:35,15.125,0.001,8.02
11/02/2026 23:05,14.875,0.001,8.02
11/02/2026 22:35,14.875,0.001,8.02
11/02/2026 22:05,15,0.001,8.02
11/02/2026 21:35,15.125,0.001,8.02
11/02/2026 21:05,15.125,0.001,8.02
11/02/2026 20:35,14.875,0.001,8.02
11/02/2026 20:35,14.875,0.001,8.02
11/02/2026 20:05,14.875,0.001,8.02
11/02/2026 19:35,15.125,0.001,8.02
11/02/2026 19:05,15.125,0.001,8.02
11/02/2026 18:35,15.125,0.001,8.02
11/02/2026 18:05,15.125,0.001,8.02
11/02/2026 17:35,15.125,0.001,8.02
11/02/2026 17:05,15.125,0.001,8.02
11/02/2026 16:35,15.25,0.001,8.02
11/02/2026 16:05,15.25,0.001,8.02
11/02/2026 15:35,15.125,0.001,8.02
11/02/2026 15:05,15.25,0.001,8.02
11/02/2026 14:35,15.125,0.001,8.02
11/02/2026 14:05,15.375,0.001,8.01
11/02/2026 13:35,15.25,0.001,8.01
11/02/2026 13:05,15.25,0.001,8.01
11/02/2026 12:35,15.125,0.001,8
11/02/2026 12:05,15.25,0.001,8.01
11/02/2026 11:35,15.25,0.001,8
11/02/2026 11:05,15.125,0.001,8
11/02/2026 10:35,15.375,0.001,8.01
11/02/2026 10:05,15.25,0.001,8
11/02/2026 09:35,15.125,0.001,8.01
11/02/2026 09:05,15.25,0.001,8
11/02/2026 08:35,15,0.001,8
11/02/2026 08:05,15.25,0.001,8.01
11/02/2026 07:35,15.375,0.001,7.99
11/02/2026 07:05,15.25,0.001,7.99
11/02/2026 06:35,15.25,0.001,8
11/02/2026 06:05,15.25,0.001,7.99
11/02/2026 05:35,15.125,0.001,8.01
11/02/2026 05:05,15,0.001,8
11/02/2026 04:35,15.125,0.001,8
11/02/2026 04:05,15.125,0.001,7.99
11/02/2026 03:35,15.125,0.001,8
11/02/2026 03:05,15.125,0.001,8
11/02/2026 02:35,15,0.001,8
11/02/2026 02:05,15.25,0.001,8
11/02/2026 01:35,15.125,0.001,8.01
11/02/2026 01:05,15.125,0.001,8.01
11/02/2026 00:35,15.125,0.001,8.01
11/02/2026 00:05,15,0.001,8.01
10/02/2026 23:35,15,0.001,8.01
10/02/2026 23:05,15,0.001,8.01
10/02/2026 22:35,15,0.001,8.01
10/02/2026 22:05,15,0.001,8
10/02/2026 21:35,15,0.001,8
10/02/2026 21:05,15.125,0.001,8.01
10/02/2026 20:35,15.125,0.001,8.01
10/02/2026 20:05,15.25,0.001,8.01
10/02/2026 19:35,15.25,0.001,8.01
10/02/2026 19:05,15.125,0.001,8.02
10/02/2026 18:35,15.25,0.001,8.01
10/02/2026 18:05,15.25,0.001,8.01
10/02/2026 17:35,15.25,0.001,8.01
10/02/2026 17:05,15.375,0.001,8.01
10/02/2026 16:35,15.25,0.001,8
10/02/2026 16:05,15.25,0.001,8.01
10/02/2026 15:35,15.25,0.001,8.01
10/02/2026 15:35,15.25,0.001,8.01
10/02/2026 15:05,15.375,0.001,8
10/02/2026 14:35,15.25,0.001,8
10/02/2026 14:05,15.25,0.001,8.01
10/02/2026 13:35,15.125,0.001,8.01
10/02/2026 13:05,15.25,0.001,8.01
10/02/2026 12:35,15.25,0.001,8
10/02/2026 12:05,15.25,0.001,8
10/02/2026 11:35,15.25,0.001,8
10/02/2026 11:05,15.125,0.001,8
10/02/2026 10:35,15.25,0.001,8
10/02/2026 10:05,15.25,0.001,8
10/02/2026 09:35,15.25,0.001,7.99
10/02/2026 09:35,15.25,0.001,7.99
10/02/2026 09:05,15.25,0.001,7.99
10/02/2026 08:35,15.25,0.001,7.98
10/02/2026 08:05,15.25,0.001,7.98
10/02/2026 07:35,15.375,0.001,7.99
10/02/2026 07:05,15.25,0.001,7.98
10/02/2026 07:05,15.25,0.001,7.98
10/02/2026 06:35,15.25,0.001,7.98
10/02/2026 06:05,15.25,0.001,7.99
10/02/2026 05:35,15.375,0.001,7.99
10/02/2026 05:05,15.125,0.001,8
10/02/2026 04:35,15.125,0.001,7.99
10/02/2026 04:05,15.25,0.001,8
10/02/2026 03:35,15.375,0.001,7.99
10/02/2026 03:05,15.25,0.001,7.99
10/02/2026 02:35,15.375,0.001,7.99
10/02/2026 02:05,15.25,0.001,8
10/02/2026 01:35,15.375,0.001,7.99
10/02/2026 01:05,15.125,0.001,8
10/02/2026 00:35,15.375,0.001,8
10/02/2026 00:05,15.375,0.001,8
09/02/2026 23:35,15.375,0.001,8
09/02/2026 23:05,15.375,0.001,8
09/02/2026 22:35,15.375,0.001,8
09/02/2026 22:05,15.5,0.001,8
09/02/2026 21:35,15.25,0.001,8
09/02/2026 21:05,15.5,0.001,8
09/02/2026 20:35,15.375,0.001,8.01
09/02/2026 20:35,15.375,0.001,8.01
09/02/2026 20:05,15.5,0.001,8
09/02/2026 19:35,15.625,0.001,8.01
09/02/2026 19:05,15.5,0.001,8.01
09/02/2026 18:35,15.625,0.001,8.01
09/02/2026 18:05,15.5,0.001,8.01
09/02/2026 17:35,15.875,0.001,8.02
09/02/2026 17:05,15.625,0.001,8.03
09/02/2026 16:35,15.75,0.001,8.04
09/02/2026 16:05,15.875,0.001,8.06
09/02/2026 15:35,15.875,0.001,8.07
09/02/2026 15:05,15.875,0.001,8.07
09/02/2026 14:35,15.875,0.001,8.07
09/02/2026 14:05,15.875,0.001,8.07
09/02/2026 13:35,15.75,0.001,8.07
09/02/2026 13:05,14.75,0.001,8.06
09/02/2026 12:35,16.625,0.001,8.06
09/02/2026 12:05,15.75,0.001,8.06
09/02/2026 11:35,15.625,0.001,8.06
09/02/2026 11:05,15.5,0.001,8.05
09/02/2026 10:35,15.5,0.001,8.05
09/02/2026 10:05,15.625,0.001,8.05
09/02/2026 10:05,15.625,0.001,8.05
09/02/2026 09:35,15.5,0.001,8.04
09/02/2026 09:05,15.5,0.001,8.04
09/02/2026 08:35,15.625,0.001,8.04
09/02/2026 08:05,15.625,0.001,8.05
09/02/2026 07:35,15.5,0.001,8.05
09/02/2026 07:05,15.5,0.001,8.04
09/02/2026 06:35,15.625,0.001,8.04
09/02/2026 06:05,15.5,0.001,8.04
09/02/2026 05:35,15.625,0.001,8.05
09/02/2026 05:05,15.5,0.001,8.05
09/02/2026 04:35,14.75,0.001,8.05
09/02/2026 04:05,15.625,0.001,8.05
09/02/2026 04:05,15.625,0.001,8.05
09/02/2026 03:35,15.5,0.001,8.05
09/02/2026 03:05,15.375,0.001,8.05
09/02/2026 02:35,15.5,0.001,8.05
09/02/2026 02:05,15.5,0.001,8.05
09/02/2026 01:35,15.5,0.001,8.05
09/02/2026 01:35,15.5,0.001,8.05
09/02/2026 01:05,15.5,0.001,8.05
09/02/2026 00:35,15.5,0.001,8.05
09/02/2026 00:05,15.5,0.001,8.05
08/02/2026 23:35,15.5,0.001,8.06
08/02/2026 23:05,15.5,0.001,8.06
08/02/2026 22:35,15.5,0.001,8.06
08/02/2026 22:05,15.375,0.001,8.06
08/02/2026 21:35,15.375,0.001,8.06
08/02/2026 21:05,15.375,0.001,8.06
08/02/2026 20:35,15.25,0.001,8.07
08/02/2026 20:05,15.375,0.001,8.07
08/02/2026 19:35,15.25,0.001,8.07
08/02/2026 19:35,15.25,0.001,8.07
08/02/2026 19:05,15.25,0.001,8.07
08/02/2026 18:35,15.25,0.001,8.07
08/02/2026 18:05,15.125,0.001,8.07
08/02/2026 18:05,15.125,0.001,8.07
08/02/2026 17:35,15.25,0.001,8.07
08/02/2026 17:05,15.5,0.001,8.08
08/02/2026 16:35,15.375,0.001,8.07
08/02/2026 16:05,15.5,0.001,8.07
08/02/2026 15:35,15.5,0.001,8.07
08/02/2026 15:05,15.25,0.001,8.07
08/02/2026 14:35,15.5,0.001,8.07
08/02/2026 14:05,15.5,0.001,8.07
08/02/2026 13:35,15.625,0.001,8.06
08/02/2026 13:05,15.625,0.001,8.06
08/02/2026 12:35,15.5,0.001,8.06
08/02/2026 12:05,15.5,0.001,8.06
08/02/2026 11:35,15.5,0.001,8.06
08/02/2026 11:05,15.5,0.001,8.05
08/02/2026 10:35,15.625,0.001,8.05
08/02/2026 10:05,15.5,0.001,8.05
08/02/2026 09:35,15.5,0.001,8.05
08/02/2026 09:05,15.5,0.001,8.04
08/02/2026 08:35,15.625,0.001,8.04
08/02/2026 08:05,15.5,0.001,8.05
08/02/2026 07:35,16.5,0.001,8.05
08/02/2026 07:05,15.75,0.001,8.04
08/02/2026 06:35,15.75,0.001,8.04
08/02/2026 06:05,15.625,0.001,8.04
08/02/2026 05:35,15.5,0.001,8.05
08/02/2026 05:05,15.625,0.001,8.04
08/02/2026 04:35,15.625,0.001,8.05
08/02/2026 04:05,15.5,0.001,8.05
08/02/2026 03:35,15.5,0.001,8.05
08/02/2026 03:05,15.625,0.001,8.05
08/02/2026 02:35,15.5,0.001,8.04
08/02/2026 02:05,15.625,0.001,8.05
08/02/2026 01:35,15.5,0.001,8.05
08/02/2026 01:05,15.5,0.001,8.05
08/02/2026 00:35,15.5,0.001,8.05
08/02/2026 00:05,15.25,0.001,8.06
07/02/2026 23:35,15.5,0.001,8.06
07/02/2026 23:05,15.375,0.001,8.06
07/02/2026 22:35,15.375,0.001,8.06
07/02/2026 22:05,15.375,0.001,8.06
07/02/2026 21:35,15.375,0.001,8.06
07/02/2026 21:05,15.5,0.001,8.06
07/02/2026 20:35,15.375,0.001,8.07
07/02/2026 20:05,15.25,0.001,8.07
07/02/2026 19:35,15.375,0.001,8.07
07/02/2026 19:05,15.25,0.001,8.07
07/02/2026 18:35,15.375,0.001,8.07
07/02/2026 18:05,15.375,0.001,8.07
07/02/2026 17:35,15.25,0.001,8.07
07/02/2026 17:05,15.375,0.001,8.08
07/02/2026 16:35,15.25,0.001,8.07
07/02/2026 16:05,15.5,0.001,8.07
07/02/2026 15:35,15.5,0.001,8.07
07/02/2026 15:05,15.625,0.001,8.07
07/02/2026 14:35,15.375,0.001,8.06
07/02/2026 14:05,15.625,0.001,8.06
07/02/2026 13:35,15.5,0.001,8.06
07/02/2026 13:05,15.625,0.001,8.06
07/02/2026 12:35,15.5,0.001,8.05
07/02/2026 12:05,15.5,0.001,8.05
07/02/2026 11:35,15.375,0.001,8.05
07/02/2026 11:05,15.5,0.001,8.05
07/02/2026 10:35,15.5,0.001,8.05
07/02/2026 10:05,15.625,0.001,8.04
07/02/2026 09:35,15.5,0.001,8.04
07/02/2026 09:05,15.375,0.001,8.04
07/02/2026 08:35,15.5,0.001,8.04
07/02/2026 08:05,15.625,0.001,8.04
07/02/2026 07:35,15.625,0.001,8.04
07/02/2026 07:05,15.625,0.001,8.03
07/02/2026 06:35,15.5,0.001,8.04
07/02/2026 06:05,15.625,0.001,8.04
07/02/2026 05:35,15.625,0.001,8.05
07/02/2026 05:05,15.5,0.001,8.04
07/02/2026 04:35,15.5,0.001,8.05
07/02/2026 04:05,15.5,0.001,8.04
07/02/2026 04:05,15.5,0.001,8.04
07/02/2026 03:35,15.5,0.001,8.04
07/02/2026 03:05,15.375,0.001,8.04
07/02/2026 03:05,15.375,0.001,8.04
07/02/2026 02:35,15.5,0.001,8.04
07/02/2026 02:05,15.625,0.001,8.05
07/02/2026 01:35,15.625,0.001,8.05
07/02/2026 01:05,15.5,0.001,8.05
07/02/2026 00:35,15.5,0.001,8.05
07/02/2026 00:05,15.5,0.001,8.05
06/02/2026 23:35,15.5,0.001,8.05
06/02/2026 23:05,15.375,0.001,8.05
06/02/2026 22:35,15.5,0.001,8.06
06/02/2026 22:05,15.5,0.001,8.06
06/02/2026 21:35,15.5,0.001,8.06
06/02/2026 21:05,15.375,0.001,8.06
06/02/2026 20:35,15.5,0.001,8.06
06/02/2026 20:05,15.375,0.001,8.07
06/02/2026 19:35,15.25,0.001,8.07
06/02/2026 19:05,15.25,0.001,8.07
06/02/2026 18:35,15.5,0.001,8.07
06/02/2026 18:05,15.5,0.001,8.07
06/02/2026 17:35,15.5,0.001,8.07
06/02/2026 17:05,15.625,0.001,8.07
06/02/2026 16:35,16.625,0.001,8.07
06/02/2026 16:05,14.75,0.001,8.07
06/02/2026 15:35,16.5,0.001,8.07
06/02/2026 15:05,15.5,0.001,8.06
06/02/2026 14:35,15.625,0.001,8.06
06/02/2026 14:05,15.5,0.001,8.06
06/02/2026 13:35,15.625,0.001,8.06
06/02/2026 13:05,15.625,0.001,8.06
06/02/2026 12:35,15.625,0.001,8.06
06/02/2026 12:05,15.625,0.001,8.05
06/02/2026 11:35,15.5,0.001,8.05
06/02/2026 11:05,15.625,0.001,8.05
06/02/2026 10:35,15.5,0.001,8.04
06/02/2026 10:05,15.625,0.001,8.05
06/02/2026 09:35,15.625,0.001,8.05
06/02/2026 09:05,15.625,0.001,8.05
06/02/2026 08:35,15.625,0.001,8.05
06/02/2026 08:05,15.625,0.001,8.04
06/02/2026 07:35,15.5,0.001,8.04
06/02/2026 07:05,15.625,0.001,8.04
06/02/2026 06:35,15.625,0.001,8.04
06/02/2026 06:05,15.625,0.001,8.04
06/02/2026 05:35,15.625,0.001,8.04
06/02/2026 05:05,15.5,0.001,8.05
06/02/2026 04:35,15.625,0.001,8.04
06/02/2026 04:05,15.5,0.001,8.04
06/02/2026 03:35,15.5,0.001,8.03
06/02/2026 03:05,15.5,0.001,8.04
06/02/2026 02:35,15.625,0.001,8.04
06/02/2026 02:05,15.5,0.001,8.04
06/02/2026 01:35,15.375,0.001,8.04
06/02/2026 01:05,15.375,0.001,8.05
06/02/2026 00:35,15.375,0.001,8.05
06/02/2026 00:05,15.5,0.001,8.05
05/02/2026 23:35,15.5,0.001,8.06
05/02/2026 23:05,15.375,0.001,8.06
05/02/2026 22:35,15.5,0.001,8.05
05/02/2026 22:05,15.375,0.001,8.06
05/02/2026 21:35,15.375,0.001,8.06
05/02/2026 21:05,15.25,0.001,8.06
05/02/2026 20:35,15.375,0.001,8.06
05/02/2026 20:05,15.25,0.001,8.06
05/02/2026 19:35,15.5,0.001,8.07
05/02/2026 19:05,15.625,0.001,8.07
05/02/2026 18:35,15.5,0.001,8.07
05/02/2026 18:05,15.625,0.001,8.07
05/02/2026 17:35,15.625,0.001,8.07
05/02/2026 17:05,15.625,0.001,8.07
05/02/2026 16:35,15.625,0.001,8.07
05/02/2026 16:05,15.625,0.001,8.06
05/02/2026 15:35,15.625,0.001,8.07
05/02/2026 15:05,15.5,0.001,8.06
05/02/2026 14:35,16.625,0.001,8.06
05/02/2026 14:05,15.5,0.001,8.05
05/02/2026 13:35,15.5,0.001,8.05
05/02/2026 13:05,15.625,0.001,8.06
05/02/2026 12:35,15.5,0.001,8.06
05/02/2026 12:05,15.375,0.001,8.05
05/02/2026 11:35,15.375,0.001,8.05
05/02/2026 11:05,15.375,0.001,8.04
05/02/2026 10:35,15.375,0.001,8.04
05/02/2026 10:05,15.375,0.001,8.03
05/02/2026 09:35,15.25,0.001,8.04
05/02/2026 09:05,15.25,0.001,8.05
05/02/2026 08:35,15.375,0.001,8.04
05/02/2026 08:05,15.375,0.001,8.04
05/02/2026 07:35,15.125,0.001,8.04
05/02/2026 07:05,15.25,0.001,8.04
05/02/2026 06:35,15.25,0.001,8.03
05/02/2026 06:05,15,0.001,8.04
05/02/2026 05:35,15.375,0.001,8.04
05/02/2026 05:05,15.375,0.001,8.04
05/02/2026 04:35,15.25,0.001,8.04
05/02/2026 04:05,15.125,0.001,8.03
05/02/2026 03:35,15.125,0.001,8.04
05/02/2026 03:05,15.125,0.001,8.03
05/02/2026 02:35,15.25,0.001,8.04
05/02/2026 02:05,15.125,0.001,8.04
05/02/2026 01:35,15.125,0.001,8.04
05/02/2026 01:05,15.125,0.001,8.04
05/02/2026 00:35,15.25,0.001,8.04
05/02/2026 00:05,15.25,0.001,8.04
04/02/2026 23:35,15.5,0.001,8.05
04/02/2026 23:05,15.375,0.001,8.05
04/02/2026 22:35,15.375,0.001,8.05
04/02/2026 22:35,15.375,0.001,8.05
04/02/2026 22:05,15.375,0.001,8.05
04/02/2026 21:35,15.5,0.001,8.05
04/02/2026 21:05,15.5,0.001,8.05
04/02/2026 20:35,15.625,0.001,8.06
04/02/2026 20:05,15.5,0.001,8.06
04/02/2026 20:05,15.5,0.001,8.06
04/02/2026 19:35,15.5,0.001,8.06
04/02/2026 19:05,15.625,0.001,8.06
04/02/2026 18:35,16.625,0.001,8.06
04/02/2026 18:05,15.75,0.001,8.07
04/02/2026 17:35,15.875,0.001,8.06
04/02/2026 17:05,16.625,0.001,8.06
04/02/2026 16:35,15.75,0.001,8.06
04/02/2026 16:05,15.75,0.001,8.06
04/02/2026 15:35,15.875,0.001,8.06
04/02/2026 15:05,15.75,0.001,8.06
04/02/2026 14:35,15.75,0.001,8.06
04/02/2026 14:05,15.5,0.001,8.05
04/02/2026 13:35,15.625,0.001,8.05
04/02/2026 13:05,16.625,0.001,8.05
04/02/2026 12:35,15.625,0.001,8.05
04/02/2026 12:05,15.5,0.001,8.05
04/02/2026 11:35,15.5,0.001,8.04
04/02/2026 11:05,15.5,0.001,8.04
04/02/2026 10:35,15.5,0.001,8.04
04/02/2026 10:05,15.25,0.001,8.04
04/02/2026 09:35,15.5,0.001,8.04
04/02/2026 09:05,15.25,0.001,8.04
04/02/2026 08:35,15.375,0.001,8.04
04/02/2026 08:05,15.375,0.001,8.04
04/02/2026 07:35,15.25,0.001,8.03
04/02/2026 07:05,15.375,0.001,8.03
04/02/2026 06:35,15.375,0.001,8.03
04/02/2026 06:05,15.375,0.001,8.02
04/02/2026 05:35,15.125,0.001,8.03
04/02/2026 05:05,15.375,0.001,8.04
04/02/2026 04:35,15.375,0.001,8.03
04/02/2026 04:05,15.25,0.001,8.02
04/02/2026 03:35,15.375,0.001,8.03
04/02/2026 03:05,15.25,0.001,8.03
04/02/2026 02:35,15.25,0.001,8.03
04/02/2026 02:05,15.25,0.001,8.03
04/02/2026 01:35,15.375,0.001,8.03
04/02/2026 01:05,15.25,0.001,8.03
04/02/2026 00:35,15.25,0.001,8.03
04/02/2026 00:05,15.25,0.001,8.04
03/02/2026 23:35,15.25,0.001,8.04
03/02/2026 23:05,15.25,0.001,8.04
03/02/2026 22:35,15.25,0.001,8.04
03/02/2026 22:05,15.25,0.001,8.04
03/02/2026 21:35,15.125,0.001,8.03
03/02/2026 21:05,15.25,0.001,8.04
03/02/2026 21:05,15.25,0.001,8.04
03/02/2026 20:35,15.125,0.001,8.05
03/02/2026 20:05,14.875,0.001,8.04
03/02/2026 19:35,15,0.001,8.04
03/02/2026 19:05,14.875,0.001,8.05
03/02/2026 18:35,15,0.001,8.05
03/02/2026 18:05,15.125,0.001,8.05
03/02/2026 17:35,15,0.001,8.05
03/02/2026 17:05,14.875,0.001,8.05
03/02/2026 16:35,15,0.001,8.05
03/02/2026 16:05,15.125,0.001,8.05
03/02/2026 15:35,15.125,0.001,8.05
03/02/2026 15:05,15.25,0.001,8.05
03/02/2026 14:35,15.25,0.001,8.05
03/02/2026 14:05,15.25,0.001,8.04
03/02/2026 13:35,15.25,0.001,8.04
03/02/2026 13:05,15.25,0.001,8.05
03/02/2026 12:35,15.125,0.001,8.04
03/02/2026 12:05,15.25,0.001,8.04
03/02/2026 11:35,15.375,0.001,8.04
03/02/2026 11:05,15.25,0.001,8.04
03/02/2026 10:35,15.375,0.001,8.04
03/02/2026 10:35,15.375,0.001,8.04
03/02/2026 10:05,15.5,0.001,8.04
03/02/2026 09:35,15.375,0.001,8.05
03/02/2026 09:05,15.375,0.001,8.04
03/02/2026 08:35,15.375,0.001,8.04
03/02/2026 08:35,15.375,0.001,8.04
03/02/2026 08:05,15.5,0.001,8.04
03/02/2026 08:05,15.5,0.001,8.04
03/02/2026 07:35,15.375,0.001,8.03
03/02/2026 07:05,15.5,0.001,8.04
03/02/2026 06:35,15.375,0.001,8.04
03/02/2026 06:05,15.5,0.001,8.04
03/02/2026 05:35,15.5,0.001,8.04
03/02/2026 05:05,15.25,0.001,8.03
03/02/2026 04:35,15.25,0.001,8.03
03/02/2026 04:05,15.25,0.001,8.03
03/02/2026 03:35,15.375,0.001,8.03
03/02/2026 03:05,15.25,0.001,8.03
03/02/2026 02:35,15.5,0.001,8.04
03/02/2026 02:05,15.5,0.001,8.04
03/02/2026 01:35,15.25,0.001,8.04
03/02/2026 01:05,15.25,0.001,8.04
03/02/2026 00:35,15.375,0.001,8.04
03/02/2026 00:05,15.375,0.001,8.05
02/02/2026 23:35,15.375,0.001,8.05
02/02/2026 23:05,15.375,0.001,8.05
02/02/2026 22:35,15.375,0.001,8.05
02/02/2026 22:05,15.375,0.001,8.05
02/02/2026 21:35,15.125,0.001,8.05
02/02/2026 21:05,15.25,0.001,8.05
02/02/2026 20:35,15.25,0.001,8.05
02/02/2026 20:05,15.25,0.001,8.06
02/02/2026 20:05,15.25,0.001,8.06
02/02/2026 19:35,15.25,0.001,8.06
02/02/2026 19:05,15.25,0.001,8.06
02/02/2026 18:35,15.25,0.001,8.06
02/02/2026 18:05,15.25,0.001,8.06
02/02/2026 17:35,15.25,0.001,8.06
02/02/2026 17:05,15.125,0.001,8.06
02/02/2026 17:05,15.125,0.001,8.06
02/02/2026 16:35,15.125,0.001,8.06
02/02/2026 16:05,15.25,0.001,8.06
02/02/2026 15:35,15.25,0.001,8.06
02/02/2026 15:05,15.25,0.001,8.06
02/02/2026 14:35,15.375,0.001,8.06
02/02/2026 14:05,15.125,0.001,8.05
02/02/2026 13:35,15.25,0.001,8.05
02/02/2026 13:05,15.25,0.001,8.05
02/02/2026 12:35,15.25,0.001,8.05
02/02/2026 12:05,15.25,0.001,8.05
02/02/2026 11:35,15.25,0.001,8.04
02/02/2026 11:05,15.5,0.001,8.04
02/02/2026 11:05,15.5,0.001,8.04
02/02/2026 10:35,15.25,0.001,8.04
02/02/2026 10:05,15.375,0.001,8.04
02/02/2026 09:35,15.625,0.001,8.04
02/02/2026 09:05,15.5,0.001,8.04
02/02/2026 08:35,15.625,0.001,8.04
02/02/2026 08:05,15.5,0.001,8.04
02/02/2026 07:35,15.625,0.001,8.03
02/02/2026 07:05,15.625,0.001,8.04
02/02/2026 07:05,15.625,0.001,8.04
02/02/2026 06:35,15.5,0.001,8.04
02/02/2026 06:05,15.5,0.001,8.03
02/02/2026 05:35,15.5,0.001,8.03
02/02/2026 05:05,15.5,0.001,8.03
02/02/2026 04:35,15.5,0.001,8.03
02/02/2026 04:05,15.5,0.001,8.03
02/02/2026 03:35,15.625,0.001,8.03
02/02/2026 03:05,15.5,0.001,8.03
02/02/2026 02:35,15.375,0.001,8.04
02/02/2026 02:05,15.5,0.001,8.03
02/02/2026 01:35,15.625,0.001,8.04
02/02/2026 01:05,15.375,0.001,8.04
02/02/2026 00:35,15.375,0.001,8.03
02/02/2026 00:05,15.375,0.001,8.03
01/02/2026 23:35,15.25,0.001,8.04
01/02/2026 23:05,15.375,0.001,8.04
01/02/2026 22:35,15.5,0.001,8.04
01/02/2026 22:05,15.375,0.001,8.04
01/02/2026 21:35,15.375,0.001,8.05
01/02/2026 21:05,15.375,0.001,8.05
01/02/2026 20:35,15.375,0.001,8.05
01/02/2026 20:05,15.5,0.001,8.05
01/02/2026 19:35,15.375,0.001,8.05
01/02/2026 19:05,15.25,0.001,8.06
01/02/2026 18:35,15.5,0.001,8.06
01/02/2026 18:05,15.5,0.001,8.06
01/02/2026 17:35,15.625,0.001,8.06
01/02/2026 17:05,15.625,0.001,8.05
01/02/2026 16:35,15.625,0.001,8.06
01/02/2026 16:05,15.625,0.001,8.05
01/02/2026 15:35,15.75,0.001,8.05
01/02/2026 15:05,15.625,0.001,8.05
01/02/2026 14:35,14.75,0.001,8.06
01/02/2026 14:05,15.625,0.001,8.05
01/02/2026 13:35,16.625,0.001,8.04
01/02/2026 13:05,14.75,0.001,8.04
01/02/2026 12:35,15.5,0.001,8.04
01/02/2026 12:05,15.625,0.001,8.03
01/02/2026 11:35,15.5,0.001,8.03
01/02/2026 11:05,15.625,0.001,8.03
01/02/2026 10:35,15.625,0.001,8.03
01/02/2026 10:05,15.5,0.001,8.03
01/02/2026 09:35,15.625,0.001,8.03
01/02/2026 09:05,15.5,0.001,8.03
01/02/2026 09:05,15.5,0.001,8.03
01/02/2026 08:35,15.5,0.001,8.04
01/02/2026 08:05,15.625,0.001,8.04
01/02/2026 07:35,15.5,0.001,8.03
01/02/2026 07:05,15.5,0.001,8.03
01/02/2026 06:35,15.625,0.001,8.03
01/02/2026 06:05,15.625,0.001,8.02
01/02/2026 05:35,15.625,0.001,8.03
01/02/2026 05:05,15.5,0.001,8.03
01/02/2026 04:35,15.5,0.001,8.02
01/02/2026 04:05,15.5,0.001,8.02
01/02/2026 03:35,15.5,0.001,8.02
01/02/2026 03:05,15.375,0.001,8.03
01/02/2026 02:35,15.5,0.001,8.03
01/02/2026 02:35,15.5,0.001,8.03
01/02/2026 02:05,15.25,0.001,8.03
01/02/2026 01:35,15.5,0.001,8.04
01/02/2026 01:05,15.5,0.001,8.03
01/02/2026 00:35,15.375,0.001,8.03
01/02/2026 00:05,15.375,0.001,8.03
31/01/2026 23:35,15.375,0.001,8.04
31/01/2026 23:05,15.375,0.001,8.04
31/01/2026 22:35,15.375,0.001,8.04
31/01/2026 22:05,15.375,0.001,8.05
31/01/2026 21:35,15.375,0.001,8.05
31/01/2026 21:05,15.5,0.001,8.04
31/01/2026 20:35,15.25,0.001,8.04
31/01/2026 20:05,15.25,0.001,8.05
31/01/2026 19:35,15.125,0.001,8.05
31/01/2026 19:05,15.25,0.001,8.05
31/01/2026 18:35,15.25,0.001,8.05
31/01/2026 18:05,15.25,0.001,8.06
31/01/2026 17:35,15.375,0.001,8.05
31/01/2026 17:05,15.5,0.001,8.06
31/01/2026 16:35,15.5,0.001,8.05
31/01/2026 16:05,15.5,0.001,8.05
31/01/2026 15:35,15.375,0.001,8.05
31/01/2026 15:05,15.5,0.001,8.05
31/01/2026 14:35,15.375,0.001,8.05
31/01/2026 14:05,15.375,0.001,8.04
31/01/2026 13:35,15.5,0.001,8.04
31/01/2026 13:05,15.375,0.001,8.04
31/01/2026 12:35,15.5,0.001,8.04
31/01/2026 12:05,15.375,0.001,8.04
31/01/2026 11:35,15.25,0.001,8.04
31/01/2026 11:05,15.25,0.001,8.04
31/01/2026 10:35,15.375,0.001,8.04
31/01/2026 10:05,15.25,0.001,8.03
31/01/2026 09:35,15.5,0.001,8.03
31/01/2026 09:05,15.25,0.001,8.03
31/01/2026 08:35,15.5,0.001,8.03
31/01/2026 08:05,15.375,0.001,8.03
31/01/2026 07:35,15.375,0.001,8.03
31/01/2026 07:05,15.375,0.001,8.03
31/01/2026 06:35,15.5,0.001,8.01
31/01/2026 06:05,15.375,0.001,8.02
31/01/2026 05:35,15.25,0.001,8.02
31/01/2026 05:05,15.25,0.001,8.03
31/01/2026 04:35,15.25,0.001,8.03
31/01/2026 04:05,15.5,0.001,8.02
31/01/2026 03:35,15.25,0.001,8.02
31/01/2026 03:05,15.375,0.001,8.02
31/01/2026 02:35,15.25,0.001,8.03
31/01/2026 02:35,15.25,0.001,8.03
31/01/2026 02:05,15.25,0.001,8.03
31/01/2026 01:35,15.125,0.001,8.03
31/01/2026 01:05,15.25,0.001,8.03
31/01/2026 00:35,15.125,0.001,8.04
31/01/2026 00:05,15.25,0.001,8.04
30/01/2026 23:35,15.25,0.001,8.04
30/01/2026 23:05,15,0.001,8.04
30/01/2026 22:35,15.125,0.001,8.04
30/01/2026 22:05,15.125,0.001,8.04
30/01/2026 21:35,15.125,0.001,8.05
30/01/2026 21:05,15.125,0.001,8.05
30/01/2026 20:35,15.375,0.001,8.04
30/01/2026 20:05,15.25,0.001,8.04
30/01/2026 19:35,15.375,0.001,8.05
30/01/2026 19:05,15.5,0.001,8.06
30/01/2026 18:35,15.25,0.001,8.06
30/01/2026 18:05,15.375,0.001,8.05
30/01/2026 17:35,15.375,0.001,8.06
30/01/2026 17:05,15.5,0.001,8.06
30/01/2026 16:35,15.5,0.001,8.05
30/01/2026 16:05,15.5,0.001,8.05
30/01/2026 15:35,15.5,0.001,8.05
30/01/2026 15:05,15.625,0.001,8.05
30/01/2026 14:35,15.5,0.001,8.05
30/01/2026 14:05,15.375,0.001,8.04
30/01/2026 13:35,15.375,0.001,8.04
30/01/2026 13:05,15.375,0.001,8.04
30/01/2026 12:35,15.25,0.001,8.04
30/01/2026 12:05,15.375,0.001,8.03
30/01/2026 11:35,15.375,0.001,8.03
30/01/2026 11:05,15.125,0.001,8.03
30/01/2026 10:35,15.125,0.001,8.03
30/01/2026 10:05,15.375,0.001,8.02
30/01/2026 09:35,15.25,0.001,8.02
30/01/2026 09:05,15.375,0.001,8.03
30/01/2026 08:35,15.25,0.001,8.03
30/01/2026 08:05,15.25,0.001,8.02
30/01/2026 07:35,15.125,0.001,8.02
30/01/2026 07:05,15,0.001,8.02
30/01/2026 06:35,14.875,0.001,8.01
30/01/2026 06:05,15.125,0.001,8.02
30/01/2026 05:35,15.25,0.001,8.02
30/01/2026 05:05,14.875,0.001,8.02
30/01/2026 04:35,15.125,0.001,8.02
30/01/2026 04:05,15.25,0.001,8.02
30/01/2026 03:35,15.125,0.001,8.02
30/01/2026 03:05,15.125,0.001,8.01
30/01/2026 02:35,15,0.001,8.01
30/01/2026 02:05,15.125,0.001,8.01
30/01/2026 01:35,15.125,0.001,8.02
30/01/2026 01:05,15,0.001,8.02
30/01/2026 00:35,15,0.001,8.02
30/01/2026 00:05,15.25,0.001,8.02
29/01/2026 23:35,15.25,0.001,8.03
29/01/2026 23:05,15.125,0.001,8.03
29/01/2026 22:35,15.125,0.001,8.04
29/01/2026 22:05,15.125,0.001,8.03
29/01/2026 21:35,15.25,0.001,8.04
29/01/2026 21:05,15.25,0.001,8.05
29/01/2026 20:35,15.375,0.001,8.05
29/01/2026 20:05,15.25,0.001,8.05
29/01/2026 19:35,15.25,0.001,8.05
29/01/2026 19:05,15.5,0.001,8.05
29/01/2026 18:35,15.5,0.001,8.05
29/01/2026 18:05,15.375,0.001,8.06
29/01/2026 17:35,15.5,0.001,8.05
29/01/2026 17:05,15.5,0.001,8.05
29/01/2026 16:35,15.375,0.001,8.05
29/01/2026 16:05,15.5,0.001,8.05
29/01/2026 15:35,15.625,0.001,8.05
29/01/2026 15:05,15.5,0.001,8.05
29/01/2026 14:35,15.375,0.001,8.04
29/01/2026 14:05,15.5,0.001,8.04
29/01/2026 13:35,15.625,0.001,8.04
29/01/2026 13:05,15.625,0.001,8.04
29/01/2026 12:35,15.25,0.001,8.04
29/01/2026 12:05,15.5,0.001,8.03
29/01/2026 11:35,15.5,0.001,8.03
29/01/2026 11:35,15.5,0.001,8.03
29/01/2026 11:05,15.375,0.001,8.03
29/01/2026 10:35,15.25,0.001,8.02
29/01/2026 10:05,15.375,0.001,8.02
29/01/2026 09:35,15.375,0.001,8.03
29/01/2026 09:05,15.25,0.001,8.01
29/01/2026 08:35,15.125,0.001,8.02
29/01/2026 08:05,15.25,0.001,8.03
29/01/2026 07:35,15.25,0.001,8.03
29/01/2026 07:05,15.375,0.001,8.02
29/01/2026 06:35,15.125,0.001,8.03
29/01/2026 06:05,15.125,0.001,8.03
29/01/2026 05:35,15.25,0.001,8.03
29/01/2026 05:05,15.125,0.001,8.03
29/01/2026 04:35,15,0.001,8.03
29/01/2026 04:35,15,0.001,8.03
29/01/2026 04:05,15.25,0.001,8.03
29/01/2026 03:35,15.25,0.001,8.01
29/01/2026 03:05,15.25,0.001,8.02
29/01/2026 02:35,15.125,0.001,8.02
29/01/2026 02:05,15.125,0.001,8.02
29/01/2026 02:05,15.125,0.001,8.02
29/01/2026 01:35,15.25,0.001,8.02
29/01/2026 01:05,15.25,0.001,8.02
29/01/2026 00:35,15.25,0.001,8.02
29/01/2026 00:05,15.125,0.001,8.02
28/01/2026 23:35,15.25,0.001,8.03
28/01/2026 23:05,15.375,0.001,8.03
28/01/2026 22:35,15.25,0.001,8.04
28/01/2026 22:05,15.375,0.001,8.04
28/01/2026 21:35,15.5,0.001,8.04
28/01/2026 21:35,15.5,0.001,8.04
28/01/2026 21:05,15.375,0.001,8.04
28/01/2026 20:35,15.375,0.001,8.04
28/01/2026 20:05,15.5,0.001,8.04
28/01/2026 19:35,15.5,0.001,8.04
28/01/2026 19:05,15.5,0.001,8.04
28/01/2026 18:35,15.5,0.001,8.05
28/01/2026 18:05,15.625,0.001,8.05
28/01/2026 17:35,15.75,0.001,8.05
28/01/2026 17:05,15.75,0.001,8.04
28/01/2026 16:35,15.875,0.001,8.04
28/01/2026 16:05,16,0.001,8.04
28/01/2026 15:35,16,0.001,8.05
28/01/2026 15:05,15.875,0.001,8.04
28/01/2026 14:35,16,0.001,8.04
28/01/2026 14:35,16,0.001,8.04
28/01/2026 14:05,15.875,0.001,8.03
28/01/2026 13:35,16,0.001,8.04
28/01/2026 13:05,15.875,0.001,8.03
28/01/2026 12:35,15.875,0.001,8.03
28/01/2026 12:05,15.875,0.001,8.03
28/01/2026 11:35,15.875,0.001,8.02
28/01/2026 11:05,16.625,0.001,8.02
28/01/2026 10:35,15.75,0.001,8.02
28/01/2026 10:05,16.625,0.001,8.02
28/01/2026 09:35,15.75,0.001,8.01
28/01/2026 09:05,16.625,0.001,8.01
28/01/2026 08:35,14.875,0.001,8
28/01/2026 08:05,15.75,0.001,8.02
28/01/2026 07:35,16.625,0.001,8.02
28/01/2026 07:05,15.875,0.001,8.01
28/01/2026 06:35,15.75,0.001,8.02
28/01/2026 06:05,15.625,0.001,8.03
28/01/2026 05:35,15.75,0.001,8.02
28/01/2026 05:05,15.75,0.001,8.02
28/01/2026 04:35,14.75,0.001,8.02
28/01/2026 04:05,15.625,0.001,8.02
28/01/2026 03:35,15.5,0.001,8.03
28/01/2026 03:05,15.625,0.001,8.03
28/01/2026 02:35,15.5,0.001,8.03
28/01/2026 02:05,15.375,0.001,8.04
28/01/2026 01:35,15.625,0.001,8.04
28/01/2026 01:05,15.625,0.001,8.04
28/01/2026 00:35,15.625,0.001,8.04
28/01/2026 00:05,15.5,0.001,8.05
27/01/2026 23:35,15.625,0.001,8.05
27/01/2026 23:05,15.375,0.001,8.05
27/01/2026 23:05,15.375,0.001,8.05
27/01/2026 22:35,15.5,0.001,8.05
27/01/2026 22:05,15.625,0.001,8.06
27/01/2026 22:05,15.625,0.001,8.06
27/01/2026 21:35,15.5,0.001,8.06
27/01/2026 21:05,15.25,0.001,8.06
27/01/2026 20:35,15.625,0.001,8.06
27/01/2026 20:05,15.375,0.001,8.06
27/01/2026 19:35,15.375,0.001,8.06
27/01/2026 19:05,15.25,0.001,8.06
27/01/2026 18:35,15.375,0.001,8.07
27/01/2026 18:05,15.5,0.001,8.07
27/01/2026 17:35,15.625,0.001,8.07
27/01/2026 17:05,15.5,0.001,8.07
27/01/2026 16:35,15.5,0.001,8.06
27/01/2026 16:05,15.5,0.001,8.06
27/01/2026 15:35,15.5,0.001,8.06
27/01/2026 15:05,15.5,0.001,8.06
27/01/2026 14:35,15.5,0.001,8.06
27/01/2026 14:05,15.5,0.001,8.06
27/01/2026 13:35,15.5,0.001,8.06
27/01/2026 13:05,15.625,0.001,8.06
27/01/2026 12:35,15.5,0.001,8.05
27/01/2026 12:05,15.5,0.001,8.05
27/01/2026 11:35,15.5,0.001,8.05
27/01/2026 11:05,15.5,0.001,8.04
27/01/2026 10:35,15.5,0.001,8.04
27/01/2026 10:05,15.5,0.001,8.04
27/01/2026 09:35,15.5,0.001,8.03
27/01/2026 09:05,15.5,0.001,8.03
27/01/2026 08:35,15.5,0.001,8.03
27/01/2026 08:05,15.5,0.001,8.03
27/01/2026 07:35,15.625,0.001,8.03
27/01/2026 07:05,15.375,0.001,8.03
27/01/2026 06:35,15.5,0.001,8.03
27/01/2026 06:05,15.625,0.001,8.02
27/01/2026 05:35,15.5,0.001,8.01
27/01/2026 05:05,15.5,0.001,8.01
27/01/2026 04:35,15.625,0.001,8
27/01/2026 04:05,15.375,0.001,8.01
27/01/2026 03:35,15.25,0.001,8.01
27/01/2026 03:05,15.375,0.001,8.02
27/01/2026 02:35,15.375,0.001,8.01
27/01/2026 02:05,15.375,0.001,8.01
27/01/2026 01:35,15.5,0.001,8.02
27/01/2026 01:05,15.25,0.001,8.03
27/01/2026 00:35,15.375,0.001,8.02
27/01/2026 00:05,15.5,0.001,8.03
26/01/2026 23:35,15.375,0.001,8.03
26/01/2026 23:05,15.375,0.001,8.04
26/01/2026 22:35,15.125,0.001,8.03
26/01/2026 22:05,15.375,0.001,8.04
26/01/2026 21:35,15.25,0.001,8.04
26/01/2026 21:05,15.5,0.001,8.04
26/01/2026 20:35,15.25,0.001,8.05
26/01/2026 20:05,15.375,0.001,8.05
26/01/2026 19:35,15.375,0.001,8.04
26/01/2026 19:05,15.5,0.001,8.05
26/01/2026 19:05,15.5,0.001,8.05
26/01/2026 18:35,15.625,0.001,8.05
26/01/2026 18:05,15.5,0.001,8.05
26/01/2026 17:35,15.5,0.001,8.04
26/01/2026 17:05,15.5,0.001,8.05
26/01/2026 16:35,15.625,0.001,8.04
26/01/2026 16:05,15.5,0.001,8.04
26/01/2026 16:05,15.5,0.001,8.04
26/01/2026 15:35,15.5,0.001,8.04
26/01/2026 15:05,15.5,0.001,8.04
26/01/2026 14:35,15.5,0.001,8.05
26/01/2026 14:05,15.5,0.001,8.04
26/01/2026 13:35,15.625,0.001,8.03
26/01/2026 13:05,15.375,0.001,8.04
26/01/2026 12:35,15.375,0.001,8.03
26/01/2026 12:05,15.5,0.001,8.03
26/01/2026 11:35,15.625,0.001,8.02
26/01/2026 11:05,15.625,0.001,8.02
26/01/2026 10:35,15.5,0.001,8.02
26/01/2026 10:05,15.25,0.001,8.02
26/01/2026 09:35,15.25,0.001,8.01
26/01/2026 09:05,15.25,0.001,8.02
26/01/2026 08:35,15.375,0.001,8.01
26/01/2026 08:05,15.375,0.001,8.02
26/01/2026 07:35,15.375,0.001,8.03
26/01/2026 07:05,15.375,0.001,8.03
26/01/2026 06:35,15.375,0.001,8.03
26/01/2026 06:05,15.375,0.001,8.03
26/01/2026 05:35,15.25,0.001,8.02
26/01/2026 05:05,15.25,0.001,8.02
26/01/2026 04:35,15.5,0.001,8.01
26/01/2026 04:05,15.5,0.001,8.01
26/01/2026 03:35,15.375,0.001,8.02
26/01/2026 03:05,15.5,0.001,8.02
26/01/2026 02:35,15.375,0.001,8.01
26/01/2026 02:05,15.375,0.001,8.02
26/01/2026 01:35,15.375,0.001,8.02
26/01/2026 01:05,15.25,0.001,8.03
26/01/2026 00:35,15.25,0.001,8.03
26/01/2026 00:05,15.25,0.001,8.04
25/01/2026 23:35,15.375,0.001,8.03
25/01/2026 23:05,15.25,0.001,8.04
25/01/2026 22:35,15.25,0.001,8.04
25/01/2026 22:05,15.25,0.001,8.05
25/01/2026 21:35,15.125,0.001,8.04
25/01/2026 21:05,15.125,0.001,8.04
25/01/2026 20:35,15.25,0.001,8.05
25/01/2026 20:05,15.125,0.001,8.05
25/01/2026 19:35,15.125,0.001,8.05
25/01/2026 19:05,15,0.001,8.05
25/01/2026 18:35,15.125,0.001,8.06
25/01/2026 18:05,15.125,0.001,8.05
25/01/2026 17:35,15.125,0.001,8.05
25/01/2026 17:05,15.125,0.001,8.04
25/01/2026 16:35,15.375,0.001,8.05
25/01/2026 16:05,15.25,0.001,8.05
25/01/2026 15:35,15.125,0.001,8.04
25/01/2026 15:05,15.125,0.001,8.04
25/01/2026 15:05,15.125,0.001,8.04
25/01/2026 14:35,15.125,0.001,8.04
25/01/2026 14:05,15.25,0.001,8.04
25/01/2026 13:35,15.25,0.001,8.04
25/01/2026 13:05,15.25,0.001,8.03
25/01/2026 12:35,15.25,0.001,8.03
25/01/2026 12:05,15.125,0.001,8.02
25/01/2026 11:35,15.125,0.001,8.01
25/01/2026 11:35,15.125,0.001,8.01
25/01/2026 11:05,15.25,0.001,8.02
25/01/2026 10:35,15.125,0.001,8.01
25/01/2026 10:05,15,0.001,8.01
25/01/2026 09:35,15.25,0.001,8
25/01/2026 09:05,15.375,0.001,8
25/01/2026 09:05,15.375,0.001,8
25/01/2026 08:35,15.25,0.001,7.99
25/01/2026 08:05,15.125,0.001,8
25/01/2026 07:35,15.125,0.001,8
25/01/2026 07:05,15.25,0.001,8
25/01/2026 06:35,15.125,0.001,8
25/01/2026 06:05,15.25,0.001,8.01
25/01/2026 05:35,15.25,0.001,8.01
25/01/2026 05:05,15,0.001,8.01
25/01/2026 04:35,15,0.001,8
25/01/2026 04:05,15,0.001,8.01
25/01/2026 03:35,14.875,0.001,8.01
25/01/2026 03:05,15.125,0.001,8
25/01/2026 02:35,14.875,0.001,8.01
25/01/2026 02:05,15,0.001,8.01
25/01/2026 01:35,14.875,0.001,8.01
25/01/2026 01:05,14.875,0.001,8.01
25/01/2026 00:35,14.875,0.001,8.01
25/01/2026 00:05,15.125,0.001,8.02
24/01/2026 23:35,14.875,0.001,8.02
24/01/2026 23:05,15,0.001,8.02
24/01/2026 22:35,14.875,0.001,8.03
24/01/2026 22:05,14.875,0.001,8.03
24/01/2026 21:35,14.875,0.001,8.02
24/01/2026 21:05,14.875,0.001,8.03
24/01/2026 20:35,15,0.001,8.02
24/01/2026 20:05,14.75,0.001,8.03
24/01/2026 19:35,14.875,0.001,8.03
24/01/2026 19:05,14.875,0.001,8.03
24/01/2026 18:35,14.875,0.001,8.04
24/01/2026 18:35,14.875,0.001,8.04
24/01/2026 18:05,14.75,0.001,8.03
24/01/2026 17:35,14.875,0.001,8.03
24/01/2026 17:05,14.75,0.001,8.04
24/01/2026 16:35,14.875,0.001,8.03
24/01/2026 16:05,15,0.001,8.03
24/01/2026 15:35,15,0.001,8.02
24/01/2026 15:05,15,0.001,8.01
24/01/2026 14:35,15,0.001,8.02
24/01/2026 14:35,15,0.001,8.02
24/01/2026 14:05,15,0.001,8.02
24/01/2026 13:35,15.125,0.001,8.01
24/01/2026 13:05,15.125,0.001,8.01
24/01/2026 12:35,15.25,0.001,8
24/01/2026 12:05,15.25,0.001,8
24/01/2026 11:35,15.125,0.001,7.99
24/01/2026 11:05,15.25,0.001,8
24/01/2026 10:35,15.125,0.001,7.99
24/01/2026 10:05,15.375,0.001,7.99
24/01/2026 09:35,15.25,0.001,7.99
24/01/2026 09:05,15.25,0.001,7.98
24/01/2026 08:35,15.375,0.001,7.98
24/01/2026 08:05,15.375,0.001,7.96
24/01/2026 07:35,15.25,0.001,7.96
24/01/2026 07:05,15.375,0.001,7.96
24/01/2026 06:35,15.25,0.001,7.97
24/01/2026 06:05,15.375,0.001,7.98
24/01/2026 05:35,15.375,0.001,7.98
24/01/2026 05:05,15.5,0.001,7.98
24/01/2026 04:35,15.375,0.001,7.99
24/01/2026 04:05,15.125,0.001,7.99
24/01/2026 03:35,15.375,0.001,8
24/01/2026 03:05,15.5,0.001,8
24/01/2026 02:35,15.25,0.001,7.97
24/01/2026 02:05,15.375,0.001,7.99
24/01/2026 01:35,15.25,0.001,7.99
24/01/2026 01:05,15.5,0.001,7.99
24/01/2026 00:35,15.25,0.001,8
24/01/2026 00:05,15.375,0.001,8
23/01/2026 23:35,15.375,0.001,7.99
23/01/2026 23:05,15.25,0.001,7.99
23/01/2026 22:35,15.25,0.001,7.99
23/01/2026 22:05,15.5,0.001,7.99
23/01/2026 21:35,15.5,0.001,8.02
23/01/2026 21:05,15.375,0.001,8.01
23/01/2026 20:35,15.375,0.001,8
23/01/2026 20:05,15.25,0.001,8.01
23/01/2026 19:35,15.25,0.001,8.01
23/01/2026 19:05,15.375,0.001,8.01
23/01/2026 18:35,15.25,0.001,8.02
23/01/2026 18:05,15.375,0.001,8
23/01/2026 17:35,15.375,0.001,8
23/01/2026 17:05,15.5,0.001,8
23/01/2026 16:35,15.25,0.001,8.01
23/01/2026 16:05,15.375,0.001,8.01
23/01/2026 15:35,15.375,0.001,8.01
23/01/2026 15:05,15.375,0.001,8.03
23/01/2026 14:35,15.25,0.001,8.03
23/01/2026 14:05,15.375,0.001,8.02
23/01/2026 13:35,15.375,0.001,8.01
23/01/2026 13:05,15.375,0.001,8.01
23/01/2026 12:35,15.375,0.001,8.01
23/01/2026 12:05,15.25,0.001,8
23/01/2026 11:35,15.25,0.001,8
23/01/2026 11:05,15.375,0.001,8
23/01/2026 11:05,15.375,0.001,8
23/01/2026 10:35,15.25,0.001,8.01
23/01/2026 10:05,15.25,0.001,8.01
23/01/2026 09:35,15.375,0.001,8
23/01/2026 09:05,15.25,0.001,7.98
23/01/2026 08:35,15.625,0.001,7.98
23/01/2026 08:35,15.625,0.001,7.98
23/01/2026 08:05,15.625,0.001,7.98
23/01/2026 07:35,15.625,0.001,7.99
23/01/2026 07:05,15.5,0.001,7.98
23/01/2026 06:35,15.5,0.001,7.98
23/01/2026 06:05,15.25,0.001,7.99
23/01/2026 05:35,15.5,0.001,7.99
23/01/2026 05:05,15.625,0.001,8
23/01/2026 05:05,15.625,0.001,8
23/01/2026 04:35,15.5,0.001,8
23/01/2026 04:05,15.5,0.001,8
23/01/2026 03:35,15.375,0.001,8
23/01/2026 03:05,15.5,0.001,7.99
23/01/2026 02:35,15.625,0.001,8
23/01/2026 02:05,15.5,0.001,8
23/01/2026 01:35,15.5,0.001,8.02
23/01/2026 01:05,15.5,0.001,8.02
23/01/2026 00:35,15.25,0.001,8.02
23/01/2026 00:05,15.5,0.001,8.02
22/01/2026 23:35,15.25,0.001,8.03
22/01/2026 23:05,15.375,0.001,8.03
22/01/2026 22:35,15.25,0.001,8.03
22/01/2026 22:05,15.5,0.001,8.03
22/01/2026 21:35,15.25,0.001,8.04
22/01/2026 21:05,15.375,0.001,8.04
22/01/2026 20:35,15.25,0.001,8.05
22/01/2026 20:18,15.5,0.001,8.05
22/01/2026 20:15,15.625,0.001,8.05
22/01/2026 20:15,15.5,0.001,8.76
22/01/2026 20:05,15.5,0.001,8.05
22/01/2026 19:35,15.375,0.001,8.04
22/01/2026 19:05,15.25,0.001,8.04
22/01/2026 18:35,15.5,0.001,8.04
22/01/2026 18:05,15.5,0.001,8.04
22/01/2026 17:35,15.5,0.001,8.04
22/01/2026 17:05,15.5,0.001,8.04
22/01/2026 16:35,15.625,0.001,8.04
22/01/2026 16:05,15.625,0.001,8.04
22/01/2026 15:35,15.75,0.001,8.04
22/01/2026 15:09,15.625,0.001,8.04
22/01/2026 13:05,16.625,0.001,7.97
22/01/2026 12:35,15.875,0.001,7.94
22/01/2026 12:05,16.625,0.001,7.87
22/01/2026 11:35,15.75,0.001,7.75
22/01/2026 11:05,16,0.001,7.54
22/01/2026 10:35,16.125,0.001,7.12
22/01/2026 10:05,16,0.001,6.72
22/01/2026 09:35,16,0.001,6.4
22/01/2026 09:25,16,0.002,6.4
22/01/2026 09:05,15.875,0.001,8.06
22/01/2026 08:35,15.875,0.001,8.06
22/01/2026 08:05,16,0.001,8.06
22/01/2026 08:05,16,0.001,8.06
22/01/2026 07:35,16.125,0.001,8.06
22/01/2026 07:05,16,0.001,8.05
22/01/2026 06:35,16.125,0.001,8.05
22/01/2026 06:05,16,0.001,8.06
22/01/2026 05:35,16.125,0.001,8.06
22/01/2026 05:05,16,0.001,8.06
22/01/2026 04:35,16,0.001,8.06
22/01/2026 04:05,16.125,0.001,8.06
22/01/2026 03:35,16,0.001,8.06
22/01/2026 03:05,16.125,0.001,8.06
22/01/2026 03:05,16.125,0.001,8.06
22/01/2026 02:35,16,0.001,8.07
22/01/2026 02:05,16,0.001,8.07
22/01/2026 01:35,16,0.001,8.07
22/01/2026 01:05,16.125,0.001,8.07
22/01/2026 00:35,16.25,0.001,8.07
22/01/2026 00:05,16.25,0.001,8.08
21/01/2026 23:35,16.125,0.001,8.08
21/01/2026 23:05,16.125,0.001,8.08
21/01/2026 22:35,16,0.001,8.08
21/01/2026 22:05,16,0.001,8.08
21/01/2026 22:05,16,0.001,8.08
21/01/2026 21:35,16.25,0.001,8.08
21/01/2026 21:05,16.5,0.001,8.09
21/01/2026 20:35,16.5,0.001,8.09
21/01/2026 20:05,16.375,0.001,8.09
21/01/2026 19:35,16.375,0.001,8.09
21/01/2026 19:05,16.375,0.001,8.1
21/01/2026 18:35,16.625,0.001,8.1
21/01/2026 18:05,16.5,0.001,8.1
21/01/2026 17:35,16.75,0.001,8.1
21/01/2026 17:35,16.75,0.001,8.1
21/01/2026 17:05,17.625,0.001,8.1
21/01/2026 16:35,16.875,0.001,8.1
21/01/2026 16:05,17.125,0.001,8.1
21/01/2026 15:35,16.875,0.001,8.09
21/01/2026 15:05,16.875,0.001,8.09
21/01/2026 14:35,16.875,0.001,8.09
21/01/2026 14:05,16.75,0.001,8.09
21/01/2026 13:35,16.75,0.001,8.08
21/01/2026 13:05,16.625,0.001,8.08
21/01/2026 12:35,16.5,0.001,8.07
21/01/2026 12:05,16.5,0.001,8.07
21/01/2026 11:35,16.25,0.001,8.07
21/01/2026 11:05,16.125,0.001,8.06
21/01/2026 10:35,16,0.001,8.06
21/01/2026 10:05,16,0.001,8.06
21/01/2026 09:35,15.875,0.001,8.05
21/01/2026 09:05,15.75,0.001,8.05
21/01/2026 08:35,15.75,0.001,8.05
21/01/2026 08:05,16.5,0.001,8.04
21/01/2026 07:35,15.5,0.001,8.04
21/01/2026 07:05,15.5,0.001,8.04
21/01/2026 06:35,15.5,0.001,8.04
21/01/2026 06:05,15.625,0.001,8.04
21/01/2026 05:35,15.5,0.001,8.04
21/01/2026 05:05,15.5,0.001,8.04
21/01/2026 04:35,15.5,0.001,8.04
21/01/2026 04:05,16.625,0.001,8.04
21/01/2026 03:35,14.75,0.001,8.05
21/01/2026 03:05,15.625,0.001,8.04
21/01/2026 02:35,15.75,0.001,8.05
21/01/2026 02:05,15.75,0.001,8.05
21/01/2026 02:05,15.75,0.001,8.05
21/01/2026 01:35,15.75,0.001,8.05
21/01/2026 01:05,15.75,0.001,8.06
21/01/2026 00:35,15.875,0.001,8.06
21/01/2026 00:05,16,0.001,8.06
20/01/2026 23:35,16,0.001,8.06
20/01/2026 23:05,15.875,0.001,8.06
20/01/2026 22:35,16,0.001,8.07
20/01/2026 22:05,16,0.001,8.07
20/01/2026 21:35,16,0.001,8.07
20/01/2026 21:05,16.125,0.001,8.07
20/01/2026 20:35,16.125,0.001,8.07
20/01/2026 20:05,16.125,0.001,8.07
20/01/2026 19:35,16,0.001,8.08
20/01/2026 19:05,16.125,0.001,8.08
20/01/2026 18:35,16.125,0.001,8.08
20/01/2026 18:35,16.125,0.001,8.08
20/01/2026 18:05,16.375,0.001,8.08
20/01/2026 17:35,16.25,0.001,8.08
20/01/2026 17:05,16.125,0.001,8.08
20/01/2026 16:35,16,0.001,8.08
20/01/2026 16:05,16.125,0.001,8.07
20/01/2026 15:35,15.875,0.001,8.07
20/01/2026 15:05,15.75,0.001,8.07
20/01/2026 14:35,14.75,0.001,8.06
20/01/2026 14:05,16.625,0.001,8.06
20/01/2026 13:35,15.375,0.001,8.06
20/01/2026 13:05,15.25,0.001,8.05
20/01/2026 12:35,15.375,0.001,8.05
20/01/2026 12:05,15.25,0.001,8.05
20/01/2026 11:35,15.125,0.001,8.05
20/01/2026 11:05,15.125,0.001,8.05
20/01/2026 10:35,15.125,0.001,8.05
20/01/2026 10:05,14.875,0.001,8.05
20/01/2026 09:35,15.375,0.001,8.05
20/01/2026 09:05,15.375,0.001,8.06
20/01/2026 08:35,15.25,0.001,8.06
20/01/2026 08:05,15.375,0.001,8.06
20/01/2026 07:35,15.125,0.001,8.05
20/01/2026 07:05,15.375,0.001,8.05
20/01/2026 06:35,15.375,0.001,8.05
20/01/2026 06:05,15.25,0.001,8.05
20/01/2026 05:35,15.25,0.001,8.05
20/01/2026 05:05,15.375,0.001,8.05
20/01/2026 04:35,15.375,0.001,8.06
20/01/2026 04:05,15.625,0.001,8.06
20/01/2026 03:35,15.5,0.001,8.06
20/01/2026 03:05,15.5,0.001,8.06
20/01/2026 03:05,15.5,0.001,8.06
20/01/2026 02:35,15.5,0.001,8.06
20/01/2026 02:05,15.625,0.001,8.07
20/01/2026 01:35,15.625,0.001,8.07
20/01/2026 01:05,15.75,0.001,8.07
20/01/2026 00:35,14.75,0.001,8.07
20/01/2026 00:05,14.75,0.001,8.07
19/01/2026 23:35,15.875,0.001,8.07
19/01/2026 23:05,15.875,0.001,8.07
19/01/2026 22:35,15.875,0.001,8.08
19/01/2026 22:05,16,0.001,8.08
19/01/2026 22:05,16,0.001,8.08
19/01/2026 21:35,15.875,0.001,8.08
19/01/2026 21:05,16,0.001,8.08
19/01/2026 20:35,16,0.001,8.09
19/01/2026 20:05,16.125,0.001,8.09
19/01/2026 19:35,16,0.001,8.09
19/01/2026 19:35,16,0.001,8.09
19/01/2026 19:05,16,0.001,8.09
19/01/2026 18:35,16.125,0.001,8.09
19/01/2026 18:05,16.125,0.001,8.09
19/01/2026 17:35,16.125,0.001,8.09
19/01/2026 17:05,16.125,0.001,8.09
19/01/2026 16:35,16,0.001,8.09
19/01/2026 16:05,15.875,0.001,8.09
19/01/2026 15:35,15.875,0.001,8.09
19/01/2026 15:05,15.75,0.001,8.08
19/01/2026 14:35,15.625,0.001,8.08
19/01/2026 14:05,15.5,0.001,8.08
19/01/2026 13:35,15.25,0.001,8.08
19/01/2026 13:05,15.375,0.001,8.07
19/01/2026 12:35,15.25,0.001,8.07
19/01/2026 12:05,14.875,0.001,8.07
19/01/2026 11:35,15,0.001,8.07
19/01/2026 11:05,15.125,0.001,8.06
19/01/2026 11:05,15.125,0.001,8.06
19/01/2026 10:35,15,0.001,8.06
19/01/2026 10:05,14.75,0.001,8.06
19/01/2026 09:35,14.75,0.001,8.06
19/01/2026 09:05,14.625,0.001,8.05
19/01/2026 08:35,15.125,0.001,8.06
19/01/2026 08:05,15,0.001,8.06
19/01/2026 07:35,15.125,0.001,8.05
19/01/2026 07:05,15,0.001,8.05
19/01/2026 06:35,14.875,0.001,8.05
19/01/2026 06:05,14.875,0.001,8.05
19/01/2026 05:35,14.875,0.001,8.06
19/01/2026 05:05,14.875,0.001,8.06
19/01/2026 04:35,14.875,0.001,8.06
19/01/2026 04:05,15.125,0.001,8.06
19/01/2026 03:35,15,0.001,8.06
19/01/2026 03:05,15,0.001,8.06
19/01/2026 02:35,15,0.001,8.06
19/01/2026 02:05,15,0.001,8.07
19/01/2026 02:05,15,0.001,8.07
19/01/2026 01:35,15.125,0.001,8.07
19/01/2026 01:05,15,0.001,8.07
19/01/2026 00:35,15,0.001,8.07
19/01/2026 00:05,15,0.001,8.07
18/01/2026 23:35,15.25,0.001,8.08
18/01/2026 23:05,15,0.001,8.08
18/01/2026 22:35,15.125,0.001,8.08
18/01/2026 22:05,15,0.001,8.08
18/01/2026 21:35,15.125,0.001,8.08
18/01/2026 21:05,15,0.001,8.08
18/01/2026 20:35,15.25,0.001,8.09
18/01/2026 20:05,15,0.001,8.09
18/01/2026 19:35,15.25,0.001,8.09
18/01/2026 19:05,15,0.001,8.09
18/01/2026 18:35,15,0.001,8.09
18/01/2026 18:05,14.875,0.001,8.1
18/01/2026 17:35,15.125,0.001,8.09
18/01/2026 17:05,15,0.001,8.09
18/01/2026 16:35,15.125,0.001,8.09
18/01/2026 16:05,15.125,0.001,8.09
18/01/2026 15:35,15.125,0.001,8.09
18/01/2026 15:05,15.125,0.001,8.09
18/01/2026 14:35,15.375,0.001,8.09
18/01/2026 14:05,15.25,0.001,8.09
18/01/2026 13:35,15.25,0.001,8.08
18/01/2026 13:05,15.125,0.001,8.08
18/01/2026 12:35,15.25,0.001,8.08
18/01/2026 12:05,15.25,0.001,8.08
18/01/2026 11:35,15.25,0.001,8.08
18/01/2026 11:05,15.25,0.001,8.07
18/01/2026 10:35,15.125,0.001,8.07
18/01/2026 10:05,15.125,0.001,8.07
18/01/2026 09:35,15.25,0.001,8.07
18/01/2026 09:05,15.125,0.001,8.07
18/01/2026 08:35,15.125,0.001,8.06
18/01/2026 08:05,15.125,0.001,8.06
18/01/2026 07:35,15.125,0.001,8.06
18/01/2026 07:05,15.125,0.001,8.06
18/01/2026 06:35,15.125,0.001,8.06
18/01/2026 06:05,15.125,0.001,8.06
18/01/2026 05:35,15.125,0.001,8.06
18/01/2026 05:05,15.25,0.001,8.06
18/01/2026 04:35,15.375,0.001,8.06
18/01/2026 04:05,15.25,0.001,8.07
18/01/2026 03:35,15.125,0.001,8.07
18/01/2026 03:05,15.25,0.001,8.07
18/01/2026 02:35,15.25,0.001,8.07
18/01/2026 02:05,15,0.001,8.07
18/01/2026 01:35,15.125,0.001,8.07
18/01/2026 01:05,15.25,0.001,8.08
18/01/2026 00:35,15.125,0.001,8.08
18/01/2026 00:35,15.125,0.001,8.08
18/01/2026 00:05,15.125,0.001,8.08
17/01/2026 23:35,15.375,0.001,8.08
17/01/2026 23:05,15.25,0.001,8.08
17/01/2026 22:35,15.25,0.001,8.09
17/01/2026 22:05,15.375,0.001,8.09
17/01/2026 21:35,15.25,0.001,8.09
17/01/2026 21:35,15.25,0.001,8.09
17/01/2026 21:05,15.25,0.001,8.09
17/01/2026 20:35,15.25,0.001,8.09
17/01/2026 20:05,15.375,0.001,8.09
17/01/2026 19:35,15.375,0.001,8.1
17/01/2026 19:05,15.25,0.001,8.1
17/01/2026 18:35,15.375,0.001,8.1
17/01/2026 18:05,15.375,0.001,8.1
17/01/2026 17:35,15.25,0.001,8.1
17/01/2026 17:05,15.375,0.001,8.1
17/01/2026 16:35,15.25,0.001,8.1
17/01/2026 16:05,15.25,0.001,8.1
17/01/2026 15:35,15.5,0.001,8.1
17/01/2026 15:05,15.375,0.001,8.1
17/01/2026 14:35,15.5,0.001,8.09
17/01/2026 14:05,15.375,0.001,8.09
17/01/2026 13:35,15.5,0.001,8.09
17/01/2026 13:05,15.5,0.001,8.09
17/01/2026 12:35,15.5,0.001,8.09
17/01/2026 12:05,15.625,0.001,8.08
17/01/2026 11:35,15.25,0.001,8.08
17/01/2026 11:05,15.5,0.001,8.08
17/01/2026 10:35,15.375,0.001,8.08
17/01/2026 10:05,15.5,0.001,8.08
17/01/2026 09:35,15.5,0.001,8.07
17/01/2026 09:05,15.5,0.001,8.07
17/01/2026 08:35,15.625,0.001,8.07
17/01/2026 08:05,15.625,0.001,8.07
17/01/2026 07:35,15.5,0.001,8.07
17/01/2026 07:05,15.625,0.001,8.06
17/01/2026 06:35,15.625,0.001,8.06
17/01/2026 06:05,15.5,0.001,8.06
17/01/2026 05:35,15.5,0.001,8.06
17/01/2026 05:05,15.625,0.001,8.07
17/01/2026 04:35,15.5,0.001,8.07
17/01/2026 04:05,15.5,0.001,8.07
17/01/2026 03:35,15.5,0.001,8.07
17/01/2026 03:05,15.625,0.001,8.07
17/01/2026 02:35,15.625,0.001,8.07
17/01/2026 02:05,14.75,0.001,8.07
17/01/2026 01:35,15.625,0.001,8.08
17/01/2026 01:05,15.625,0.001,8.08
17/01/2026 00:35,16.625,0.001,8.08
17/01/2026 00:05,14.75,0.001,8.08
16/01/2026 23:35,16.625,0.001,8.08
16/01/2026 23:05,15.625,0.001,8.08
16/01/2026 22:35,15.5,0.001,8.09
16/01/2026 22:05,15.625,0.001,8.09
16/01/2026 22:05,15.625,0.001,8.09
16/01/2026 21:35,15.625,0.001,8.09
16/01/2026 21:05,15.625,0.001,8.09
16/01/2026 20:35,15.625,0.001,8.09
16/01/2026 20:05,15.5,0.001,8.09
16/01/2026 19:35,15.5,0.001,8.1
16/01/2026 19:05,15.625,0.001,8.1
16/01/2026 18:35,15.5,0.001,8.1
16/01/2026 18:05,15.625,0.001,8.1
16/01/2026 17:35,15.625,0.001,8.1
16/01/2026 17:35,15.625,0.001,8.1
16/01/2026 17:05,16.625,0.001,8.1
16/01/2026 16:35,14.875,0.001,8.1
16/01/2026 16:35,14.875,0.001,8.1
16/01/2026 16:05,16.625,0.001,8.1
16/01/2026 15:35,15.75,0.001,8.09
16/01/2026 15:05,16.625,0.001,8.09
16/01/2026 15:05,16.625,0.001,8.09
16/01/2026 14:35,15.75,0.001,8.09
16/01/2026 14:05,14.75,0.001,8.09
16/01/2026 13:35,14.75,0.001,8.09
16/01/2026 13:05,14.75,0.001,8.09
16/01/2026 12:35,15.75,0.001,8.08
16/01/2026 12:05,14.75,0.001,8.08
16/01/2026 11:35,15.875,0.001,8.08
16/01/2026 11:35,15.875,0.001,8.08
16/01/2026 11:05,15.625,0.001,8.08
16/01/2026 10:35,16.625,0.001,8.07
16/01/2026 10:05,15.75,0.001,8.07
16/01/2026 09:35,15.875,0.001,8.07
16/01/2026 09:05,15.75,0.001,8.07
16/01/2026 08:35,15.75,0.001,8.07
16/01/2026 08:05,15.75,0.001,8.06
16/01/2026 07:35,15.625,0.001,8.06
16/01/2026 07:05,14.75,0.001,8.06
16/01/2026 06:35,15.625,0.001,8.06
16/01/2026 06:05,15.875,0.001,8.06
16/01/2026 05:35,16.625,0.001,8.06
16/01/2026 05:05,15.75,0.001,8.06
16/01/2026 04:35,15.875,0.001,8.06
16/01/2026 04:05,16.625,0.001,8.06
16/01/2026 03:35,15.75,0.001,8.06
16/01/2026 03:05,16.625,0.001,8.07
16/01/2026 02:35,15.75,0.001,8.07
16/01/2026 02:05,15.75,0.001,8.07
16/01/2026 01:35,14.75,0.001,8.07
16/01/2026 01:05,15.625,0.001,8.07
16/01/2026 00:35,15.625,0.001,8.07
16/01/2026 00:05,15.625,0.001,8.07
15/01/2026 23:35,15.625,0.001,8.08
15/01/2026 23:05,15.5,0.001,8.08
15/01/2026 22:35,15.5,0.001,8.08
15/01/2026 22:05,15.625,0.001,8.08
15/01/2026 21:35,15.625,0.001,8.08
15/01/2026 21:05,15.5,0.001,8.08
15/01/2026 21:05,15.5,0.001,8.08
15/01/2026 20:35,15.5,0.001,8.09
15/01/2026 20:05,15.5,0.001,8.09
15/01/2026 19:35,15.5,0.001,8.09
15/01/2026 19:05,15.375,0.001,8.09
15/01/2026 18:35,15.5,0.001,8.09
15/01/2026 18:05,15.625,0.001,8.09
15/01/2026 17:35,15.625,0.001,8.09
15/01/2026 17:05,15.5,0.001,8.09
15/01/2026 16:35,14.75,0.001,8.09
15/01/2026 16:05,15.625,0.001,8.09
15/01/2026 15:35,14.75,0.001,8.09
15/01/2026 15:05,15.75,0.001,8.09
15/01/2026 14:35,14.75,0.001,8.09
15/01/2026 14:05,15.625,0.001,8.08
15/01/2026 13:35,14.75,0.001,8.08
15/01/2026 13:05,16.625,0.001,8.08
15/01/2026 12:35,15.5,0.001,8.08
15/01/2026 12:05,16.625,0.001,8.07
15/01/2026 11:35,15.5,0.001,8.07
15/01/2026 11:05,15.75,0.001,8.07
15/01/2026 10:35,14.75,0.001,8.07
15/01/2026 10:35,14.75,0.001,8.07
15/01/2026 10:05,15.625,0.001,8.07
15/01/2026 09:35,14.75,0.001,8.06
15/01/2026 09:05,16.625,0.001,8.06
15/01/2026 08:35,15.75,0.001,8.06
15/01/2026 08:05,15.875,0.001,8.05
15/01/2026 07:35,15.75,0.001,8.05
15/01/2026 07:05,15.75,0.001,8.05
15/01/2026 06:35,15.75,0.001,8.05
15/01/2026 06:05,15.75,0.001,8.05
15/01/2026 05:35,14.75,0.001,8.05
15/01/2026 05:05,15.875,0.001,8.05
15/01/2026 04:35,14.875,0.001,8.05
15/01/2026 04:05,15.875,0.001,8.06
15/01/2026 03:35,16.625,0.001,8.06
15/01/2026 03:05,14.75,0.001,8.06
15/01/2026 02:35,15.875,0.001,8.06
15/01/2026 02:05,16.625,0.001,8.06
15/01/2026 01:35,15.625,0.001,8.06
15/01/2026 01:05,14.75,0.001,8.06
15/01/2026 00:35,16.625,0.001,8.06
15/01/2026 00:05,16.625,0.001,8.06
14/01/2026 23:35,16.625,0.001,8.07
14/01/2026 23:05,15.625,0.001,8.07
14/01/2026 22:35,15.5,0.001,8.07
14/01/2026 22:05,15.625,0.001,8.07
14/01/2026 21:35,15.625,0.001,8.07
14/01/2026 21:05,15.75,0.001,8.07
14/01/2026 20:35,14.75,0.001,8.08
14/01/2026 20:05,15.5,0.001,8.08
14/01/2026 19:35,15.625,0.001,8.08
14/01/2026 19:05,15.375,0.001,8.08
14/01/2026 18:35,15.5,0.001,8.08
14/01/2026 18:05,15.625,0.001,8.08
14/01/2026 18:05,15.625,0.001,8.08
14/01/2026 17:35,16.625,0.001,8.08
14/01/2026 17:05,15.75,0.001,8.08
14/01/2026 16:35,15.75,0.001,8.08
14/01/2026 16:05,15.75,0.001,8.08
14/01/2026 15:35,15.875,0.001,8.08
14/01/2026 15:05,15.75,0.001,8.07
14/01/2026 14:35,15.875,0.001,8.07
14/01/2026 14:05,15.875,0.001,8.07
14/01/2026 13:35,15.75,0.001,8.07
14/01/2026 13:05,15.75,0.001,8.06
14/01/2026 12:35,15.75,0.001,8.06
14/01/2026 12:05,14.75,0.001,8.06
14/01/2026 11:35,15.75,0.001,8.06
14/01/2026 11:05,15.875,0.001,8.05
14/01/2026 10:35,15.75,0.001,8.05
14/01/2026 10:35,15.75,0.001,8.05
14/01/2026 10:05,15.75,0.001,8.05
14/01/2026 10:05,15.75,0.001,8.05
14/01/2026 09:35,15.75,0.001,8.05
14/01/2026 09:05,15.75,0.001,8.04
14/01/2026 08:35,15.75,0.001,8.04
14/01/2026 08:05,15.875,0.001,8.04
14/01/2026 07:35,15.75,0.001,8.04
14/01/2026 07:05,14.875,0.001,8.04
14/01/2026 06:35,15.75,0.001,8.03
14/01/2026 06:05,15.75,0.001,8.03
14/01/2026 05:35,15.875,0.001,8.04
14/01/2026 05:05,16,0.001,8.04
14/01/2026 04:35,15.75,0.001,8.04
14/01/2026 04:05,15.75,0.001,8.04
14/01/2026 03:35,15.75,0.001,8.04
14/01/2026 03:05,15.75,0.001,8.04
14/01/2026 02:35,16.625,0.001,8.04
14/01/2026 02:05,14.75,0.001,8.04
14/01/2026 01:35,15.625,0.001,8.04
14/01/2026 01:05,14.75,0.001,8.04
14/01/2026 00:35,16.625,0.001,8.04
14/01/2026 00:05,15.625,0.001,8.04
13/01/2026 23:35,15.625,0.001,8.04
13/01/2026 23:05,15.625,0.001,8.05
13/01/2026 22:35,15.5,0.001,8.05
13/01/2026 22:05,15.625,0.001,8.05
13/01/2026 21:35,15.5,0.001,8.05
13/01/2026 21:05,15.5,0.001,8.05
13/01/2026 20:35,15.5,0.001,8.05
13/01/2026 20:05,15.5,0.001,8.05
13/01/2026 19:35,15.5,0.001,8.05
13/01/2026 19:05,15.5,0.001,8.05
13/01/2026 18:35,15.5,0.001,8.06
13/01/2026 18:05,15.5,0.001,8.06
13/01/2026 17:35,15.625,0.001,8.06
13/01/2026 17:05,15.625,0.001,8.05
13/01/2026 16:35,16.625,0.001,8.05
13/01/2026 16:05,16.625,0.001,8.05
13/01/2026 15:35,15.875,0.001,8.05
13/01/2026 15:35,15.875,0.001,8.05
13/01/2026 15:05,16.625,0.001,8.05
13/01/2026 14:35,14.75,0.001,8.05
13/01/2026 14:05,15.875,0.001,8.05
13/01/2026 13:35,15.75,0.001,8.05
13/01/2026 13:05,15.75,0.001,8.05
13/01/2026 12:35,15.75,0.001,8.05
13/01/2026 12:05,14.75,0.001,8.05
13/01/2026 11:35,14.75,0.001,8.05
13/01/2026 11:05,14.75,0.001,8.06
13/01/2026 10:35,15.625,0.001,8.06
13/01/2026 10:05,15.5,0.001,8.07
13/01/2026 09:35,15.625,0.001,8.07
13/01/2026 09:05,15.625,0.001,8.06
13/01/2026 09:05,15.625,0.001,8.06
13/01/2026 08:35,15.5,0.001,8.06
13/01/2026 08:05,15.625,0.001,8.06
13/01/2026 07:35,16.625,0.001,8.06
13/01/2026 07:05,14.75,0.001,8.06
13/01/2026 06:35,15.625,0.001,8.06
13/01/2026 06:05,16.625,0.001,8.05
13/01/2026 05:35,15.5,0.001,8.06
13/01/2026 05:05,14.75,0.001,8.06
13/01/2026 04:35,15.625,0.001,8.06
13/01/2026 04:05,15.625,0.001,8.06
13/01/2026 03:35,15.625,0.001,8.06
13/01/2026 03:05,15.625,0.001,8.06
13/01/2026 02:35,15.625,0.001,8.07
13/01/2026 02:05,15.5,0.001,8.07
13/01/2026 01:35,15.5,0.001,8.07
13/01/2026 01:05,15.625,0.001,8.07
13/01/2026 00:35,15.625,0.001,8.07
13/01/2026 00:05,15.5,0.001,8.07
12/01/2026 23:35,15.625,0.001,8.08
12/01/2026 23:05,15.5,0.001,8.08
12/01/2026 22:35,15.5,0.001,8.08
12/01/2026 22:05,15.375,0.001,8.08
12/01/2026 22:05,15.375,0.001,8.08
12/01/2026 21:35,15.375,0.001,8.08
12/01/2026 21:05,15.5,0.001,8.08
12/01/2026 20:35,15.5,0.001,8.09
12/01/2026 20:05,15.375,0.001,8.09
12/01/2026 19:35,15.5,0.001,8.09
12/01/2026 19:05,15.25,0.001,8.09
12/01/2026 18:35,15.375,0.001,8.09
12/01/2026 18:05,15.25,0.001,8.09
12/01/2026 17:35,15.375,0.001,8.09
12/01/2026 17:05,15.625,0.001,8.09
12/01/2026 16:35,15.5,0.001,8.09
12/01/2026 16:05,15.5,0.001,8.09
12/01/2026 15:35,15.375,0.001,8.09
12/01/2026 15:05,15.5,0.001,8.09
12/01/2026 14:35,15.25,0.001,8.09
12/01/2026 14:05,15.25,0.001,8.08
12/01/2026 13:35,15.5,0.001,8.08
12/01/2026 13:05,15.5,0.001,8.08
12/01/2026 12:35,15.25,0.001,8.08
12/01/2026 12:05,15.5,0.001,8.07
12/01/2026 11:35,15.625,0.001,8.07
12/01/2026 11:05,15.5,0.001,8.07
12/01/2026 10:35,15.5,0.001,8.07
12/01/2026 10:05,15.5,0.001,8.06
12/01/2026 09:35,15.5,0.001,8.06
12/01/2026 09:05,15.375,0.001,8.06
12/01/2026 09:05,15.375,0.001,8.06
12/01/2026 08:35,15.375,0.001,8.06
12/01/2026 08:05,15.5,0.001,8.06
12/01/2026 07:35,15.5,0.001,8.06
12/01/2026 07:05,15.25,0.001,8.05
12/01/2026 06:35,15.375,0.001,8.05
12/01/2026 06:05,15.375,0.001,8.05
12/01/2026 05:35,15.5,0.001,8.06
12/01/2026 05:05,15.5,0.001,8.06
12/01/2026 04:35,15.5,0.001,8.06
12/01/2026 04:05,15.375,0.001,8.06
12/01/2026 03:35,15.5,0.001,8.06
12/01/2026 03:05,15.375,0.001,8.07
12/01/2026 02:35,15.5,0.001,8.07
12/01/2026 02:05,15.625,0.001,8.07
12/01/2026 01:35,15.5,0.001,8.07
12/01/2026 01:05,15.5,0.001,8.07
12/01/2026 00:35,15.5,0.001,8.08
12/01/2026 00:05,15.5,0.001,8.08
11/01/2026 23:35,15.625,0.001,8.08
11/01/2026 23:05,15.375,0.001,8.08
11/01/2026 22:35,15.5,0.001,8.08
11/01/2026 22:05,15.625,0.001,8.09
11/01/2026 21:35,15.5,0.001,8.09
11/01/2026 21:05,15.5,0.001,8.1
11/01/2026 20:35,15.375,0.001,8.1
11/01/2026 20:35,15.375,0.001,8.1
11/01/2026 20:05,15.625,0.001,8.1
11/01/2026 19:35,15.5,0.001,8.1
11/01/2026 19:05,15.5,0.001,8.11
11/01/2026 18:35,15.375,0.001,8.11
11/01/2026 18:05,15.5,0.001,8.11
11/01/2026 17:35,15.5,0.001,8.11
11/01/2026 17:05,15.5,0.001,8.11
11/01/2026 16:35,15.5,0.001,8.11
11/01/2026 16:05,15.625,0.001,8.1
11/01/2026 15:35,15.5,0.001,8.1
11/01/2026 15:05,15.5,0.001,8.1
11/01/2026 14:35,15.625,0.001,8.1
11/01/2026 14:05,15.5,0.001,8.09
11/01/2026 13:35,15.5,0.001,8.1
11/01/2026 13:05,15.5,0.001,8.09
11/01/2026 12:35,15.5,0.001,8.09
11/01/2026 12:05,15.5,0.001,8.09
11/01/2026 11:35,15.625,0.001,8.09
11/01/2026 11:05,15.625,0.001,8.08
11/01/2026 10:35,15.5,0.001,8.08
11/01/2026 10:05,15.625,0.001,8.08
11/01/2026 09:35,15.5,0.001,8.07
11/01/2026 09:05,15.5,0.001,8.07
11/01/2026 08:35,15.5,0.001,8.07
11/01/2026 08:05,15.625,0.001,8.07
11/01/2026 07:35,15.625,0.001,8.07
11/01/2026 07:05,15.5,0.001,8.07
11/01/2026 06:35,15.5,0.001,8.07
11/01/2026 06:05,15.5,0.001,8.07
11/01/2026 05:35,15.625,0.001,8.07
11/01/2026 05:05,15.625,0.001,8.07
11/01/2026 04:35,15.5,0.001,8.07
11/01/2026 04:05,15.5,0.001,8.07
11/01/2026 03:35,15.5,0.001,8.08
11/01/2026 03:05,15.5,0.001,8.08
11/01/2026 02:35,15.5,0.001,8.08
11/01/2026 02:05,15.5,0.001,8.08
11/01/2026 01:35,15.5,0.001,8.08
11/01/2026 01:05,15.5,0.001,8.09
11/01/2026 00:35,15.5,0.001,8.09
11/01/2026 00:05,15.625,0.001,8.09
10/01/2026 23:35,15.5,0.001,8.09
10/01/2026 23:05,15.375,0.001,8.09
10/01/2026 22:35,15.5,0.001,8.09
10/01/2026 22:05,15.5,0.001,8.1
10/01/2026 21:35,15.5,0.001,8.1
10/01/2026 21:05,15.5,0.001,8.1
10/01/2026 20:35,15.5,0.001,8.1
10/01/2026 20:05,15.625,0.001,8.1
10/01/2026 19:35,15.5,0.001,8.11
10/01/2026 19:05,15.625,0.001,8.11
10/01/2026 18:35,15.5,0.001,8.11
10/01/2026 18:05,15.625,0.001,8.11
10/01/2026 17:35,15.5,0.001,8.11
10/01/2026 17:05,15.625,0.001,8.11
10/01/2026 16:35,16.625,0.001,8.11
10/01/2026 16:05,15.625,0.001,8.1
10/01/2026 16:05,15.625,0.001,8.1
10/01/2026 15:35,15.75,0.001,8.1
10/01/2026 15:05,16.625,0.001,8.1
10/01/2026 14:35,15.75,0.001,8.1
10/01/2026 14:05,16.5,0.001,8.1
10/01/2026 13:35,15.625,0.001,8.09
10/01/2026 13:05,16.625,0.001,8.09
10/01/2026 12:35,15.625,0.001,8.09
10/01/2026 12:05,15.625,0.001,8.09
10/01/2026 11:35,15.625,0.001,8.09
10/01/2026 11:05,15.625,0.001,8.08
10/01/2026 10:35,16.5,0.001,8.08
10/01/2026 10:05,14.75,0.001,8.08
10/01/2026 09:35,15.625,0.001,8.08
10/01/2026 09:05,15.5,0.001,8.07
10/01/2026 08:35,15.75,0.001,8.07
10/01/2026 08:05,14.75,0.001,8.07
10/01/2026 07:35,14.75,0.001,8.07
10/01/2026 07:05,15.75,0.001,8.06
10/01/2026 06:35,16.625,0.001,8.06
10/01/2026 06:05,15.875,0.001,8.07
10/01/2026 05:35,14.75,0.001,8.07
10/01/2026 05:05,15.625,0.001,8.07
10/01/2026 04:35,15.75,0.001,8.07
10/01/2026 04:05,16.625,0.001,8.07
10/01/2026 03:35,14.75,0.001,8.07
10/01/2026 03:05,14.75,0.001,8.07
10/01/2026 02:35,15.625,0.001,8.07
10/01/2026 02:05,15.5,0.001,8.08
10/01/2026 01:35,15.625,0.001,8.08
10/01/2026 01:05,15.625,0.001,8.08
10/01/2026 00:35,15.625,0.001,8.08
10/01/2026 00:05,15.5,0.001,8.08
09/01/2026 23:35,15.375,0.001,8.08
09/01/2026 23:05,15.5,0.001,8.09
09/01/2026 22:35,15.5,0.001,8.09
09/01/2026 22:05,15.5,0.001,8.09
09/01/2026 22:05,15.5,0.001,8.09
09/01/2026 21:35,15.625,0.001,8.09
09/01/2026 21:05,15.375,0.001,8.09
09/01/2026 20:35,15.5,0.001,8.1
09/01/2026 20:05,15.5,0.001,8.1
09/01/2026 19:35,15.5,0.001,8.1
09/01/2026 19:05,15.5,0.001,8.1
09/01/2026 18:35,15.5,0.001,8.1
09/01/2026 18:05,15.5,0.001,8.1
09/01/2026 17:35,15.625,0.001,8.1
09/01/2026 17:05,15.875,0.001,8.1
09/01/2026 16:35,15.75,0.001,8.1
09/01/2026 16:05,14.75,0.001,8.1
09/01/2026 15:35,15.75,0.001,8.1
09/01/2026 15:05,15.75,0.001,8.1
09/01/2026 14:35,15.75,0.001,8.09
09/01/2026 14:05,15.75,0.001,8.09
09/01/2026 13:35,15.875,0.001,8.09
09/01/2026 13:05,15.75,0.001,8.08
09/01/2026 12:35,15.875,0.001,8.08
09/01/2026 12:05,16.625,0.001,8.08
09/01/2026 11:35,15.75,0.001,8.08
09/01/2026 11:05,14.875,0.001,8.08
09/01/2026 10:35,15.75,0.001,8.08
09/01/2026 10:05,14.75,0.001,8.07
09/01/2026 09:35,15.75,0.001,8.07
09/01/2026 09:05,15.75,0.001,8.07
09/01/2026 08:35,15.75,0.001,8.07
09/01/2026 08:05,16.625,0.001,8.06
09/01/2026 07:35,15.875,0.001,8.06
09/01/2026 07:05,16,0.001,8.06
09/01/2026 06:35,15.875,0.001,8.06
09/01/2026 06:05,15.875,0.001,8.06
09/01/2026 05:35,15.875,0.001,8.06
09/01/2026 05:05,15.875,0.001,8.06
09/01/2026 04:35,16,0.001,8.06
09/01/2026 04:05,16,0.001,8.07
09/01/2026 03:35,16,0.001,8.07
09/01/2026 03:05,16,0.001,8.07
09/01/2026 02:35,15.875,0.001,8.07
09/01/2026 02:05,15.875,0.001,8.07
09/01/2026 01:35,15.875,0.001,8.07
09/01/2026 01:05,16,0.001,8.07
09/01/2026 00:35,16,0.001,8.08
09/01/2026 00:05,15.875,0.001,8.08
08/01/2026 23:35,16,0.001,8.08
08/01/2026 23:05,15.875,0.001,8.08
08/01/2026 22:35,16,0.001,8.08
08/01/2026 22:05,16,0.001,8.09
08/01/2026 21:35,16,0.001,8.09
08/01/2026 21:05,16.125,0.001,8.09
08/01/2026 21:05,16.125,0.001,8.09
08/01/2026 20:35,16.125,0.001,8.09
08/01/2026 20:05,16.25,0.001,8.09
08/01/2026 19:35,16.25,0.001,8.1
08/01/2026 19:05,16.125,0.001,8.1
08/01/2026 18:35,16.25,0.001,8.1
08/01/2026 18:05,16.25,0.001,8.1
08/01/2026 17:35,16.5,0.001,8.1
08/01/2026 17:05,16.375,0.001,8.1
08/01/2026 16:35,16.5,0.001,8.1
08/01/2026 16:05,16.625,0.001,8.1
08/01/2026 15:35,16.5,0.001,8.09
08/01/2026 15:35,16.5,0.001,8.09
08/01/2026 15:05,15.75,0.001,8.09
08/01/2026 14:35,16.875,0.001,8.09
08/01/2026 14:35,16.875,0.001,8.09
08/01/2026 14:05,16.75,0.001,8.09
08/01/2026 13:35,16.75,0.001,8.09
08/01/2026 13:05,17.625,0.001,8.08
08/01/2026 12:35,16.625,0.001,8.08
08/01/2026 12:35,16.625,0.001,8.08
08/01/2026 12:05,16.5,0.001,8.08
08/01/2026 11:35,16.5,0.001,8.07
08/01/2026 11:05,16.25,0.001,8.07
08/01/2026 10:35,16.25,0.001,8.07
08/01/2026 10:05,16,0.001,8.06
08/01/2026 09:35,16,0.001,8.06
08/01/2026 09:05,15.75,0.001,8.06
08/01/2026 08:35,15.75,0.001,8.06
08/01/2026 08:05,15.75,0.001,8.05
08/01/2026 07:35,15.5,0.001,8.05
08/01/2026 07:05,15.5,0.001,8.05
08/01/2026 06:35,15.5,0.001,8.05
08/01/2026 06:05,15.625,0.001,8.05
08/01/2026 05:35,15.625,0.001,8.05
08/01/2026 05:05,15.5,0.001,8.05
08/01/2026 04:35,15.5,0.001,8.05
08/01/2026 04:05,15.375,0.001,8.06
08/01/2026 03:35,15.375,0.001,8.06
08/01/2026 03:05,15.5,0.001,8.06
08/01/2026 02:35,15.5,0.001,8.06
08/01/2026 02:05,15.625,0.001,8.06
08/01/2026 01:35,15.625,0.001,8.06
08/01/2026 01:05,15.625,0.001,8.06
08/01/2026 00:35,15.5,0.001,8.06
08/01/2026 00:05,15.5,0.001,8.07
07/01/2026 23:35,15.625,0.001,8.07
07/01/2026 23:05,15.625,0.001,8.07
07/01/2026 22:35,15.625,0.001,8.07
07/01/2026 22:05,15.625,0.001,8.07
07/01/2026 21:35,15.625,0.001,8.08
07/01/2026 21:05,16.5,0.001,8.08
07/01/2026 20:35,15.75,0.001,8.08
07/01/2026 20:05,14.75,0.001,8.08
07/01/2026 19:35,14.75,0.001,8.08
07/01/2026 19:05,14.875,0.001,8.09
07/01/2026 18:35,15.875,0.001,8.09
07/01/2026 18:05,15.75,0.001,8.09
07/01/2026 17:35,16.625,0.001,8.09
07/01/2026 17:05,16.625,0.001,8.09
07/01/2026 16:35,15.625,0.001,8.08
07/01/2026 16:05,15.5,0.001,8.08
07/01/2026 15:35,15.25,0.001,8.08
07/01/2026 15:05,15.375,0.001,8.08
07/01/2026 14:35,15.125,0.001,8.07
07/01/2026 14:05,15.375,0.001,8.07
07/01/2026 13:35,15.125,0.001,8.07
07/01/2026 13:05,14.875,0.001,8.06
07/01/2026 12:35,14.875,0.001,8.06
07/01/2026 12:05,14.75,0.001,8.06
07/01/2026 11:35,14.75,0.001,8.05
07/01/2026 11:05,14.625,0.001,8.05
07/01/2026 10:35,14.625,0.001,8.04
07/01/2026 10:05,14.375,0.001,8.04
07/01/2026 09:35,14.5,0.001,8.04
07/01/2026 09:05,14.375,0.001,8.04
07/01/2026 08:35,14.25,0.001,8.03
07/01/2026 08:05,14.375,0.001,8.03
07/01/2026 07:35,14.25,0.001,8.03
07/01/2026 07:35,14.25,0.001,8.03
07/01/2026 07:05,14.375,0.001,8.03
07/01/2026 06:35,14.375,0.001,8.03
07/01/2026 06:05,14.5,0.001,8.03
07/01/2026 05:35,14.5,0.001,8.03
07/01/2026 05:05,14.5,0.001,8.03
07/01/2026 04:35,14.5,0.001,8.03
07/01/2026 04:05,14.75,0.001,8.04
07/01/2026 03:35,14.75,0.001,8.04
07/01/2026 03:05,14.875,0.001,8.04
07/01/2026 02:35,14.875,0.001,8.04
07/01/2026 02:05,15,0.001,8.05
07/01/2026 01:35,15,0.001,8.05
07/01/2026 01:05,15.125,0.001,8.05
07/01/2026 01:05,15.125,0.001,8.05
07/01/2026 00:35,15.25,0.001,8.05
07/01/2026 00:05,15.375,0.001,8.05
06/01/2026 23:35,15.375,0.001,8.06
06/01/2026 23:05,15.375,0.001,8.06
06/01/2026 22:35,15.5,0.001,8.06
06/01/2026 22:05,15.5,0.001,8.06
06/01/2026 21:35,15.625,0.001,8.07
06/01/2026 21:05,15.5,0.001,8.07
06/01/2026 20:35,15.625,0.001,8.07
06/01/2026 20:05,16.5,0.001,8.07
06/01/2026 19:35,14.75,0.001,8.08
06/01/2026 19:05,15.75,0.001,8.08
06/01/2026 19:05,15.75,0.001,8.08
06/01/2026 18:35,15.875,0.001,8.08
06/01/2026 18:05,15.875,0.001,8.08
06/01/2026 17:35,15.875,0.001,8.08
06/01/2026 17:35,15.875,0.001,8.08
06/01/2026 17:05,15.875,0.001,8.08
06/01/2026 16:35,15.75,0.001,8.08
06/01/2026 16:05,15.75,0.001,8.08
06/01/2026 15:35,15.75,0.001,8.08
06/01/2026 15:05,15.625,0.001,8.08
06/01/2026 14:35,15.5,0.001,8.07
06/01/2026 14:05,15.5,0.001,8.07
06/01/2026 13:35,15.5,0.001,8.07
06/01/2026 13:05,15.375,0.001,8.06
06/01/2026 12:35,15.125,0.001,8.06
06/01/2026 12:05,15.25,0.001,8.06
06/01/2026 11:35,15.25,0.001,8.06
06/01/2026 11:05,15.125,0.001,8.06
06/01/2026 10:35,15.375,0.001,8.06
06/01/2026 10:05,15.25,0.001,8.06
06/01/2026 09:35,15.375,0.001,8.05
06/01/2026 09:05,15.125,0.001,8.05
06/01/2026 08:35,15.375,0.001,8.05
06/01/2026 08:05,15.125,0.001,8.05
06/01/2026 07:35,15.125,0.001,8.05
06/01/2026 07:05,15.25,0.001,8.05
06/01/2026 06:35,15.125,0.001,8.05
06/01/2026 06:05,15.125,0.001,8.05
06/01/2026 05:35,15.125,0.001,8.05
06/01/2026 05:05,15.25,0.001,8.05
06/01/2026 04:35,15.375,0.001,8.05
06/01/2026 04:05,15.25,0.001,8.05
06/01/2026 03:35,15.5,0.001,8.05
06/01/2026 03:05,15.375,0.001,8.06
06/01/2026 02:35,15.375,0.001,8.06
06/01/2026 02:05,15.5,0.001,8.06
06/01/2026 02:05,15.5,0.001,8.06
06/01/2026 01:35,15.5,0.001,8.06
06/01/2026 01:05,15.5,0.001,8.06
06/01/2026 00:35,15.625,0.001,8.07
06/01/2026 00:05,15.625,0.001,8.07
05/01/2026 23:35,15.5,0.001,8.07
05/01/2026 23:05,14.75,0.001,8.07
05/01/2026 22:35,15.625,0.001,8.07
05/01/2026 22:35,15.625,0.001,8.07
05/01/2026 22:05,14.75,0.001,8.07
05/01/2026 21:35,15.625,0.001,8.08
05/01/2026 21:05,16.625,0.001,8.08
05/01/2026 20:35,15.625,0.001,8.08
05/01/2026 20:05,15.5,0.001,8.08
05/01/2026 19:35,15.625,0.001,8.08
05/01/2026 19:05,15.625,0.001,8.09
05/01/2026 18:35,15.625,0.001,8.09
05/01/2026 18:05,14.75,0.001,8.09
05/01/2026 17:35,16.625,0.001,8.09
05/01/2026 17:05,16.625,0.001,8.09
05/01/2026 16:35,15.875,0.001,8.09
05/01/2026 16:05,15.75,0.001,8.09
05/01/2026 15:35,15.875,0.001,8.08
05/01/2026 15:35,15.875,0.001,8.08
05/01/2026 15:05,15.875,0.001,8.08
05/01/2026 14:35,15.875,0.001,8.08
05/01/2026 14:05,15.875,0.001,8.08
05/01/2026 13:35,15.875,0.001,8.08
05/01/2026 13:05,15.875,0.001,8.08
05/01/2026 12:35,15.75,0.001,8.09
05/01/2026 12:05,15.75,0.001,8.09
05/01/2026 11:35,15.875,0.001,8.08
05/01/2026 11:05,15.75,0.001,8.08
05/01/2026 10:35,15.75,0.001,8.08
05/01/2026 10:05,15.75,0.001,8.08
05/01/2026 09:35,15.875,0.001,8.08
05/01/2026 09:05,15.75,0.001,8.07
05/01/2026 08:35,15.75,0.001,8.07
05/01/2026 08:05,15.875,0.001,8.07
05/01/2026 07:35,15.875,0.001,8.07
05/01/2026 07:05,15.75,0.001,8.06
05/01/2026 06:35,15.875,0.001,8.06
05/01/2026 06:05,15.875,0.001,8.06
05/01/2026 05:35,15.875,0.001,8.07
05/01/2026 05:05,15.75,0.001,8.07
05/01/2026 04:35,15.875,0.001,8.07
05/01/2026 04:05,15.75,0.001,8.07
05/01/2026 03:35,15.75,0.001,8.07
05/01/2026 03:05,15.75,0.001,8.07
05/01/2026 02:35,15.75,0.001,8.07
05/01/2026 02:05,15.75,0.001,8.08
05/01/2026 01:35,15.625,0.001,8.08
05/01/2026 01:05,15.625,0.001,8.08
05/01/2026 00:35,15.75,0.001,8.08
05/01/2026 00:05,15.625,0.001,8.08
04/01/2026 23:35,15.625,0.001,8.09
04/01/2026 23:05,15.5,0.001,8.09
04/01/2026 22:35,15.5,0.001,8.09
04/01/2026 22:05,15.5,0.001,8.09
04/01/2026 21:35,15.625,0.001,8.1
04/01/2026 21:05,15.625,0.001,8.1
04/01/2026 20:35,15.5,0.001,8.1
04/01/2026 20:05,15.5,0.001,8.1
04/01/2026 19:35,15.5,0.001,8.11
04/01/2026 19:35,15.5,0.001,8.11
04/01/2026 19:05,15.625,0.001,8.11
04/01/2026 18:35,15.625,0.001,8.11
04/01/2026 18:05,15.625,0.001,8.11
04/01/2026 17:35,16.625,0.001,8.11
04/01/2026 17:05,15.75,0.001,8.11
04/01/2026 17:05,15.75,0.001,8.11
04/01/2026 16:35,14.75,0.001,8.11
04/01/2026 16:05,16.625,0.001,8.11
04/01/2026 15:35,15.75,0.001,8.1
04/01/2026 15:05,15.75,0.001,8.1
04/01/2026 14:35,15.875,0.001,8.1
04/01/2026 14:05,15.75,0.001,8.1
04/01/2026 13:35,16.625,0.001,8.1
04/01/2026 13:05,15.75,0.001,8.09
04/01/2026 12:35,15.75,0.001,8.09
04/01/2026 12:05,15.75,0.001,8.09
04/01/2026 11:35,15.75,0.001,8.08
04/01/2026 11:05,15.75,0.001,8.08
04/01/2026 10:35,15.625,0.001,8.08
04/01/2026 10:05,15.75,0.001,8.08
04/01/2026 09:35,15.875,0.001,8.07
04/01/2026 09:05,14.75,0.001,8.07
04/01/2026 08:35,15.625,0.001,8.07
04/01/2026 08:05,16.625,0.001,8.07
04/01/2026 07:35,16.625,0.001,8.06
04/01/2026 07:05,14.75,0.001,8.06
04/01/2026 06:35,14.75,0.001,8.06
04/01/2026 06:05,15.875,0.001,8.06
04/01/2026 05:35,14.75,0.001,8.06
04/01/2026 05:35,14.75,0.001,8.06
04/01/2026 05:05,14.75,0.001,8.06
04/01/2026 04:35,15.625,0.001,8.07
04/01/2026 04:05,15.625,0.001,8.07
04/01/2026 03:35,14.75,0.001,8.07
04/01/2026 03:05,15.625,0.001,8.07
04/01/2026 02:35,16.5,0.001,8.07
04/01/2026 02:05,15.625,0.001,8.07
04/01/2026 02:05,15.625,0.001,8.07
04/01/2026 01:35,15.5,0.001,8.07
04/01/2026 01:05,15.625,0.001,8.08
04/01/2026 00:35,15.625,0.001,8.08
04/01/2026 00:05,15.5,0.001,8.08
03/01/2026 23:35,15.5,0.001,8.08
03/01/2026 23:05,15.5,0.001,8.08
03/01/2026 22:35,15.375,0.001,8.08
03/01/2026 22:35,15.375,0.001,8.08
03/01/2026 22:05,15.625,0.001,8.08
03/01/2026 21:35,15.5,0.001,8.09
03/01/2026 21:05,15.5,0.001,8.09
03/01/2026 20:35,15.5,0.001,8.09
03/01/2026 20:05,15.625,0.001,8.09
03/01/2026 19:35,15.5,0.001,8.09
03/01/2026 19:05,15.375,0.001,8.1
03/01/2026 18:35,15.5,0.001,8.1
03/01/2026 18:05,15.5,0.001,8.1
03/01/2026 17:35,15.625,0.001,8.1
03/01/2026 17:05,15.625,0.001,8.1
03/01/2026 16:35,15.75,0.001,8.1
03/01/2026 16:05,15.75,0.001,8.09
03/01/2026 15:35,15.75,0.001,8.09
03/01/2026 15:05,15.875,0.001,8.09
03/01/2026 14:35,15.875,0.001,8.09
03/01/2026 14:05,15.75,0.001,8.09
03/01/2026 13:35,15.75,0.001,8.08
03/01/2026 13:05,15.875,0.001,8.08
03/01/2026 12:35,15.75,0.001,8.08
03/01/2026 12:35,15.75,0.001,8.08
03/01/2026 12:05,15.75,0.001,8.07
03/01/2026 11:35,14.75,0.001,8.07
03/01/2026 11:05,15.625,0.001,8.07
03/01/2026 10:35,15.75,0.001,8.07
03/01/2026 10:05,15.625,0.001,8.06
03/01/2026 10:05,15.625,0.001,8.06
03/01/2026 09:35,16.625,0.001,8.06
03/01/2026 09:05,14.75,0.001,8.06
03/01/2026 08:35,15.75,0.001,8.05
03/01/2026 08:05,14.75,0.001,8.05
03/01/2026 07:35,15.75,0.001,8.05
03/01/2026 07:05,14.75,0.001,8.05
03/01/2026 06:35,15.625,0.001,8.05
03/01/2026 06:05,15.625,0.001,8.05
03/01/2026 05:35,15.625,0.001,8.05
03/01/2026 05:05,14.75,0.001,8.05
03/01/2026 04:35,14.75,0.001,8.05
03/01/2026 04:05,15.625,0.001,8.05
03/01/2026 03:35,15.625,0.001,8.05
03/01/2026 03:05,14.75,0.001,8.06
03/01/2026 02:35,15.5,0.001,8.06
03/01/2026 02:05,15.625,0.001,8.06
03/01/2026 01:35,15.625,0.001,8.06
03/01/2026 01:05,15.625,0.001,8.06
03/01/2026 00:35,15.625,0.001,8.06
03/01/2026 00:05,15.5,0.001,8.06
02/01/2026 23:35,15.5,0.001,8.07
02/01/2026 23:05,15.625,0.001,8.07
02/01/2026 22:35,15.5,0.001,8.07
02/01/2026 22:05,15.375,0.001,8.07
02/01/2026 21:35,15.5,0.001,8.07
02/01/2026 21:05,15.375,0.001,8.07
02/01/2026 20:35,15.5,0.001,8.07
02/01/2026 20:05,15.25,0.001,8.08
02/01/2026 19:35,15.375,0.001,8.08
02/01/2026 19:05,15.25,0.001,8.08
02/01/2026 18:35,15.5,0.001,8.08
02/01/2026 18:05,15.375,0.001,8.08
02/01/2026 17:35,15.375,0.001,8.08
02/01/2026 17:05,15.5,0.001,8.08
02/01/2026 16:35,15.375,0.001,8.08
02/01/2026 16:05,15.5,0.001,8.08
02/01/2026 15:35,15.625,0.001,8.08
02/01/2026 15:05,15.625,0.001,8.07
02/01/2026 14:35,15.625,0.001,8.07
02/01/2026 14:05,15.625,0.001,8.07
02/01/2026 13:35,15.625,0.001,8.07
02/01/2026 13:05,15.5,0.001,8.07
02/01/2026 12:35,15.5,0.001,8.07
02/01/2026 12:05,15.625,0.001,8.07
02/01/2026 11:35,15.5,0.001,8.07
02/01/2026 11:05,15.5,0.001,8.07
02/01/2026 10:35,15.375,0.001,8.07
02/01/2026 10:05,15.25,0.001,8.06
02/01/2026 09:35,15.375,0.001,8.06
02/01/2026 09:05,15.5,0.001,8.06
02/01/2026 08:35,15.25,0.001,8.05
02/01/2026 08:05,15.25,0.001,8.05
02/01/2026 07:35,15.375,0.001,8.05
02/01/2026 07:05,15.375,0.001,8.05
02/01/2026 06:35,15.375,0.001,8.05
02/01/2026 06:05,15.375,0.001,8.05
02/01/2026 05:35,15.25,0.001,8.05
02/01/2026 05:05,15.375,0.001,8.05
02/01/2026 04:35,15.125,0.001,8.05
02/01/2026 04:05,15.25,0.001,8.05
02/01/2026 03:35,15.375,0.001,8.05
02/01/2026 03:05,15.375,0.001,8.05
02/01/2026 02:35,15.375,0.001,8.06
02/01/2026 02:05,15.25,0.001,8.06
02/01/2026 01:35,15.25,0.001,8.06
02/01/2026 01:05,15.25,0.001,8.06
02/01/2026 00:35,15.375,0.001,8.06
02/01/2026 00:05,15.25,0.001,8.06
02/01/2026 00:05,15.25,0.001,8.06
01/01/2026 23:35,15.5,0.001,8.07
01/01/2026 23:05,15.25,0.001,8.07
01/01/2026 22:35,15.375,0.001,8.07
01/01/2026 22:05,15.375,0.001,8.07
01/01/2026 21:35,15.375,0.001,8.07
01/01/2026 21:05,15.375,0.001,8.08
01/01/2026 20:35,15.375,0.001,8.08
01/01/2026 20:05,15.5,0.001,8.08
01/01/2026 19:35,15.5,0.001,8.08
01/01/2026 19:05,15.625,0.001,8.08
01/01/2026 19:05,15.625,0.001,8.08
01/01/2026 18:35,15.625,0.001,8.08
01/01/2026 18:05,15.75,0.001,8.09
01/01/2026 17:35,15.75,0.001,8.08
01/01/2026 17:05,14.75,0.001,8.08
01/01/2026 16:35,15.875,0.001,8.08
01/01/2026 16:05,15.75,0.001,8.08
01/01/2026 15:35,15.75,0.001,8.08
01/01/2026 15:05,16.625,0.001,8.07
01/01/2026 14:35,16.625,0.001,8.07
01/01/2026 14:05,15.625,0.001,8.07
01/01/2026 13:35,15.625,0.001,8.06
01/01/2026 13:05,15.625,0.001,8.06
01/01/2026 12:35,15.625,0.001,8.06
01/01/2026 12:35,15.625,0.001,8.06
01/01/2026 12:05,15.625,0.001,8.05
01/01/2026 11:35,15.625,0.001,8.05
01/01/2026 11:05,15.5,0.001,8.05
01/01/2026 10:35,15.5,0.001,8.04
01/01/2026 10:05,15.5,0.001,8.04
01/01/2026 09:35,15.375,0.001,8.04
01/01/2026 09:05,15.5,0.001,8.03
01/01/2026 08:35,15.5,0.001,8.03
01/01/2026 08:05,15.25,0.001,8.02
01/01/2026 07:35,15.375,0.001,8.02
01/01/2026 07:05,15.375,0.001,8.02
01/01/2026 06:35,15.375,0.001,8.02
01/01/2026 06:05,15.375,0.001,8.02
01/01/2026 05:35,15.5,0.001,8.02
01/01/2026 05:05,15.25,0.001,8.02
01/01/2026 04:35,15.375,0.001,8.02
01/01/2026 04:05,15.375,0.001,8.02
01/01/2026 03:35,15.375,0.001,8.02
01/01/2026 03:05,15.375,0.001,8.02
01/01/2026 02:35,15.5,0.001,8.02
01/01/2026 02:05,15.5,0.001,8.02
01/01/2026 01:35,15.5,0.001,8.03
01/01/2026 01:05,15.375,0.001,8.03
01/01/2026 00:35,15.375,0.001,8.03
01/01/2026 00:05,15.375,0.001,8.03
31/12/2025 23:35,15.375,0.001,8.03
31/12/2025 23:05,15.375,0.001,8.03
31/12/2025 22:35,15.375,0.001,8.03
31/12/2025 22:05,15.25,0.001,8.03
31/12/2025 21:35,15.25,0.001,8.03
31/12/2025 21:05,15.375,0.001,8.04
31/12/2025 20:35,15.25,0.001,8.04
31/12/2025 20:05,15.5,0.001,8.04
31/12/2025 19:35,15.375,0.001,8.04
31/12/2025 19:05,15.5,0.001,8.04
31/12/2025 18:35,15.5,0.001,8.04
31/12/2025 18:05,15.5,0.001,8.04
31/12/2025 17:35,15.5,0.001,8.04
31/12/2025 17:05,15.625,0.001,8.04
31/12/2025 16:35,15.625,0.001,8.04
31/12/2025 16:05,15.625,0.001,8.03
31/12/2025 15:35,15.625,0.001,8.03
31/12/2025 15:05,15.625,0.001,8.03
31/12/2025 14:35,15.625,0.001,8.02
31/12/2025 14:05,15.625,0.001,8.02
31/12/2025 13:35,15.5,0.001,8.02
31/12/2025 13:05,15.5,0.001,8.01
31/12/2025 13:05,15.5,0.001,8.01
31/12/2025 12:35,15.625,0.001,8
31/12/2025 12:05,15.5,0.001,8
31/12/2025 11:35,15.5,0.001,8
31/12/2025 11:05,15.625,0.001,7.99
31/12/2025 10:35,15.5,0.001,7.99
31/12/2025 10:05,15.5,0.001,7.98
31/12/2025 09:35,15.375,0.001,7.98
31/12/2025 09:05,15.5,0.001,7.97
31/12/2025 08:35,15.5,0.001,7.97
31/12/2025 08:05,15.5,0.001,7.96
31/12/2025 07:35,15.25,0.001,7.96
31/12/2025 07:05,15.25,0.001,7.95
31/12/2025 06:35,15.375,0.001,7.95
31/12/2025 06:05,15.25,0.001,7.95
31/12/2025 05:35,15.25,0.001,7.95
31/12/2025 05:05,15.25,0.001,7.95
31/12/2025 04:35,15.5,0.001,7.95
31/12/2025 04:05,15.5,0.001,7.95
31/12/2025 03:35,15.25,0.001,7.95
31/12/2025 03:05,15.5,0.001,7.94
31/12/2025 02:35,15.25,0.001,7.94
31/12/2025 02:05,15.375,0.001,7.94
31/12/2025 01:35,15.5,0.001,7.94
31/12/2025 01:05,15.375,0.001,7.94
31/12/2025 00:35,15.25,0.001,7.94
31/12/2025 00:05,15.25,0.001,7.94
30/12/2025 23:35,15.25,0.001,7.94
30/12/2025 23:05,15.375,0.001,7.94
30/12/2025 22:35,15.375,0.001,7.95
30/12/2025 22:05,15.375,0.001,7.94
30/12/2025 21:35,15.25,0.001,7.94
30/12/2025 21:05,15.375,0.001,7.95
30/12/2025 20:35,15.375,0.001,7.95
30/12/2025 20:35,15.375,0.001,7.95
30/12/2025 20:05,15.5,0.001,7.95
30/12/2025 19:35,15.625,0.001,7.95
30/12/2025 19:05,15.5,0.001,7.95
30/12/2025 18:35,15.5,0.001,7.96
30/12/2025 18:05,16.625,0.001,7.96
30/12/2025 17:35,15.75,0.001,7.96
30/12/2025 17:24,16.375,0.001,7.96
30/12/2025 17:24,16.125,0.001,7.96
30/12/2025 17:24,16.125,0.001,7.96
30/12/2025 17:24,16.375,0.001,7.96
30/12/2025 17:05,16.25,0.001,7.97
30/12/2025 16:35,16.375,0.001,7.97
30/12/2025 16:05,16.375,0.001,7.97
30/12/2025 15:35,16.125,0.001,7.98
30/12/2025 15:05,16.375,0.001,7.98
30/12/2025 14:35,16.375,0.001,7.99
30/12/2025 14:05,16.25,0.001,7.99
30/12/2025 13:35,16.25,0.001,8
30/12/2025 13:05,16.25,0.001,8.01
30/12/2025 12:35,16,0.001,8.02
30/12/2025 12:05,16.125,0.001,8.03
30/12/2025 11:35,16.125,0.001,8.04
30/12/2025 11:05,16.125,0.001,8.05
30/12/2025 10:35,16.125,0.001,8.06
30/12/2025 10:05,16.125,0.001,8.06
30/12/2025 09:35,16.125,0.001,8.06
30/12/2025 09:05,16.25,0.001,8.06
30/12/2025 08:35,16.25,0.001,8.05
30/12/2025 08:05,16.375,0.001,8.05
30/12/2025 07:35,16.375,0.001,8.05
30/12/2025 07:05,16.125,0.001,8.05
30/12/2025 06:35,16.25,0.001,8.05
30/12/2025 06:05,16.25,0.001,8.05
30/12/2025 05:35,16.25,0.001,8.05
30/12/2025 05:05,16.25,0.001,8.05
30/12/2025 04:35,16.375,0.001,8.06
30/12/2025 04:05,16.125,0.001,8.06
30/12/2025 03:35,16.25,0.001,8.06
30/12/2025 03:05,16.125,0.001,8.06
30/12/2025 02:35,16.25,0.001,8.06
30/12/2025 02:05,16.25,0.001,8.06
30/12/2025 01:35,16.25,0.001,8.07
30/12/2025 01:05,16.25,0.001,8.07
30/12/2025 00:35,16.25,0.001,8.07
30/12/2025 00:05,16.25,0.001,8.07
29/12/2025 23:35,16,0.001,8.08
29/12/2025 23:05,16.125,0.001,8.08
29/12/2025 23:05,16.125,0.001,8.08
29/12/2025 22:35,16,0.001,8.08
29/12/2025 22:05,16.125,0.001,8.08
29/12/2025 21:35,16.125,0.001,8.09
29/12/2025 21:05,16.125,0.001,8.09
29/12/2025 20:35,16,0.001,8.09
29/12/2025 20:05,16,0.001,8.09
29/12/2025 19:35,15.875,0.001,8.09
29/12/2025 19:05,15.875,0.001,8.1
29/12/2025 18:35,16.125,0.001,8.1
29/12/2025 18:05,16.125,0.001,8.1
29/12/2025 17:35,16.125,0.001,8.1
29/12/2025 17:05,16,0.001,8.1
29/12/2025 16:35,16.25,0.001,8.1
29/12/2025 16:05,16,0.001,8.09
29/12/2025 15:35,16.125,0.001,8.09
29/12/2025 15:05,16.25,0.001,8.09
29/12/2025 14:35,16.375,0.001,8.09
29/12/2025 14:05,16.125,0.001,8.08
29/12/2025 13:35,16.25,0.001,8.08
29/12/2025 13:05,16,0.001,8.08
29/12/2025 12:35,16.125,0.001,8.08
29/12/2025 12:05,16.125,0.001,8.07
29/12/2025 11:35,16.125,0.001,8.07
29/12/2025 11:05,16.125,0.001,8.07
29/12/2025 10:35,16,0.001,8.07
29/12/2025 10:05,16.25,0.001,8.06
29/12/2025 09:35,16.125,0.001,8.06
29/12/2025 09:05,16,0.001,8.06
29/12/2025 08:35,16.25,0.001,8.06
29/12/2025 08:05,16.25,0.001,8.05
29/12/2025 07:35,16.25,0.001,8.05
29/12/2025 07:05,16.125,0.001,8.05
29/12/2025 06:35,16.125,0.001,8.05
29/12/2025 06:05,16.25,0.001,8.05
29/12/2025 05:35,16.25,0.001,8.06
29/12/2025 05:05,16.25,0.001,8.06
29/12/2025 04:35,16.125,0.001,8.06
29/12/2025 04:05,16.25,0.001,8.07
29/12/2025 03:35,16,0.001,8.07
29/12/2025 03:05,16.125,0.001,8.07
29/12/2025 02:35,16.125,0.001,8.07
29/12/2025 02:05,16.125,0.001,8.07
29/12/2025 01:35,16,0.001,8.08
29/12/2025 01:05,16,0.001,8.08
29/12/2025 00:35,16,0.001,8.08
29/12/2025 00:05,16.125,0.001,8.08
28/12/2025 23:35,16,0.001,8.08
28/12/2025 23:05,16,0.001,8.08
28/12/2025 22:35,16,0.001,8.09
28/12/2025 22:05,16.125,0.001,8.09
28/12/2025 22:05,16.125,0.001,8.09
28/12/2025 21:35,16,0.001,8.09
28/12/2025 21:31,15.875,0.001,8.09
28/12/2025 21:05,16,0.001,8.09
28/12/2025 20:35,16,0.001,8.1
28/12/2025 20:05,16,0.001,8.1
28/12/2025 19:35,15.875,0.001,8.1
28/12/2025 19:05,16.125,0.001,8.1
28/12/2025 18:35,16,0.001,8.1
28/12/2025 18:05,15.875,0.001,8.1
28/12/2025 17:35,15.875,0.001,8.1
28/12/2025 17:05,16,0.001,8.1
28/12/2025 16:35,16,0.001,8.1
28/12/2025 16:05,16.125,0.001,8.1
28/12/2025 15:35,16.125,0.001,8.1
28/12/2025 15:05,16.125,0.001,8.09
28/12/2025 14:35,16,0.001,8.09
28/12/2025 14:05,16.125,0.001,8.09
28/12/2025 13:35,16.125,0.001,8.09
28/12/2025 13:05,16.125,0.001,8.08
28/12/2025 12:35,16.125,0.001,8.08
28/12/2025 12:05,16.25,0.001,8.08
28/12/2025 11:35,16.125,0.001,8.07
28/12/2025 11:05,16.125,0.001,8.07
28/12/2025 10:35,16.125,0.001,8.07
28/12/2025 10:05,16,0.001,8.06
28/12/2025 09:35,16.25,0.001,8.06
28/12/2025 09:05,16.25,0.001,8.06
28/12/2025 08:35,16.125,0.001,8.06
28/12/2025 08:05,16.125,0.001,8.05
28/12/2025 07:35,16.25,0.001,8.05
28/12/2025 07:05,16.25,0.001,8.05
28/12/2025 06:35,16.25,0.001,8.05
28/12/2025 06:05,16.125,0.001,8.05
28/12/2025 05:35,16.125,0.001,8.05
28/12/2025 05:05,16,0.001,8.05
28/12/2025 04:35,16.125,0.001,8.06
28/12/2025 04:05,16.125,0.001,8.06
28/12/2025 03:35,16.125,0.001,8.06
28/12/2025 03:05,16.125,0.001,8.06
28/12/2025 02:35,16.125,0.001,8.06
28/12/2025 02:35,16.125,0.001,8.06
28/12/2025 02:05,16.25,0.001,8.06
28/12/2025 01:35,16.125,0.001,8.07
28/12/2025 01:05,16,0.001,8.07
28/12/2025 00:35,16,0.001,8.07
28/12/2025 00:05,16.125,0.001,8.07
28/12/2025 00:05,16.125,0.001,8.07
27/12/2025 23:35,16,0.001,8.07
27/12/2025 23:05,16,0.001,8.08
27/12/2025 22:35,16,0.001,8.08
27/12/2025 22:05,16,0.001,8.08
27/12/2025 21:35,16,0.001,8.08
27/12/2025 21:05,16,0.001,8.08
27/12/2025 20:35,16,0.001,8.08
27/12/2025 20:05,15.875,0.001,8.09
27/12/2025 19:35,15.875,0.001,8.09
27/12/2025 19:05,15.875,0.001,8.09
27/12/2025 18:35,16,0.001,8.09
27/12/2025 18:05,15.875,0.001,8.09
27/12/2025 17:35,15.875,0.001,8.09
27/12/2025 17:05,16,0.001,8.09
27/12/2025 16:35,16,0.001,8.09
27/12/2025 16:05,16,0.001,8.09
27/12/2025 15:35,15.875,0.001,8.08
27/12/2025 15:05,16,0.001,8.08
27/12/2025 14:35,16.125,0.001,8.08
27/12/2025 14:05,16,0.001,8.08
27/12/2025 14:05,16,0.001,8.08
27/12/2025 13:35,15.875,0.001,8.07
27/12/2025 13:05,16,0.001,8.07
27/12/2025 12:35,16,0.001,8.07
27/12/2025 12:05,16,0.001,8.06
27/12/2025 11:35,16,0.001,8.06
27/12/2025 11:05,16,0.001,8.06
27/12/2025 10:35,16,0.001,8.05
27/12/2025 10:05,15.875,0.001,8.05
27/12/2025 09:35,16,0.001,8.05
27/12/2025 09:05,16,0.001,8.04
27/12/2025 08:35,16,0.001,8.04
27/12/2025 08:05,15.875,0.001,8.04
27/12/2025 07:35,16,0.001,8.03
27/12/2025 07:05,16,0.001,8.03
27/12/2025 06:35,16,0.001,8.03
27/12/2025 06:05,16,0.001,8.04
27/12/2025 05:35,16,0.001,8.04
27/12/2025 05:05,16,0.001,8.04
27/12/2025 04:35,16.125,0.001,8.04
27/12/2025 04:05,16,0.001,8.04
27/12/2025 03:35,16.125,0.001,8.04
27/12/2025 03:05,16.125,0.001,8.05
27/12/2025 02:35,16.125,0.001,8.05
27/12/2025 02:05,16.125,0.001,8.05
27/12/2025 01:35,16.125,0.001,8.05
27/12/2025 01:05,16.125,0.001,8.05
27/12/2025 00:35,16.125,0.001,8.05
27/12/2025 00:05,16.125,0.001,8.06
26/12/2025 23:35,16,0.001,8.06
26/12/2025 23:05,16.125,0.001,8.06
26/12/2025 22:35,16.125,0.001,8.06
26/12/2025 22:05,16,0.001,8.06
26/12/2025 22:05,16,0.001,8.06
26/12/2025 21:35,16,0.001,8.07
26/12/2025 21:05,16,0.001,8.07
26/12/2025 20:35,16,0.001,8.07
26/12/2025 20:05,16,0.001,8.07
26/12/2025 19:35,16,0.001,8.07
26/12/2025 19:05,16,0.001,8.08
26/12/2025 18:35,16,0.001,8.08
26/12/2025 18:05,16,0.001,8.08
26/12/2025 17:35,16.125,0.001,8.08
26/12/2025 17:05,16.125,0.001,8.08
26/12/2025 16:35,16.125,0.001,8.07
26/12/2025 16:05,16,0.001,8.07
26/12/2025 15:35,16.25,0.001,8.07
26/12/2025 15:05,16.125,0.001,8.07
26/12/2025 14:35,16.25,0.001,8.06
26/12/2025 14:05,16,0.001,8.06
26/12/2025 13:35,16.125,0.001,8.06
26/12/2025 13:05,16.25,0.001,8.05
26/12/2025 12:35,16.125,0.001,8.05
26/12/2025 12:05,16.25,0.001,8.05
26/12/2025 11:35,16.25,0.001,8.06
26/12/2025 11:05,16.125,0.001,8.06
26/12/2025 10:35,16.25,0.001,8.05
26/12/2025 10:05,16.125,0.001,8.05
26/12/2025 09:35,16.25,0.001,8.05
26/12/2025 09:05,16.25,0.001,8.05
26/12/2025 08:35,16.25,0.001,8.04
26/12/2025 08:05,16.125,0.001,8.04
26/12/2025 07:35,16.375,0.001,8.04
26/12/2025 07:05,16.375,0.001,8.04
26/12/2025 06:35,16.25,0.001,8.03
26/12/2025 06:05,16.125,0.001,8.04
26/12/2025 05:35,16,0.001,8.04
26/12/2025 05:05,16.25,0.001,8.04
26/12/2025 04:35,16.125,0.001,8.04
26/12/2025 04:05,16.25,0.001,8.04
26/12/2025 03:35,16,0.001,8.04
26/12/2025 03:05,16.125,0.001,8.05
26/12/2025 02:35,16.25,0.001,8.05
26/12/2025 02:05,16.125,0.001,8.05
26/12/2025 01:35,16,0.001,8.05
26/12/2025 01:05,16.125,0.001,8.05
26/12/2025 00:35,16.125,0.001,8.06
26/12/2025 00:05,16,0.001,8.06
26/12/2025 00:05,16,0.001,8.06
25/12/2025 23:35,16.125,0.001,8.06
25/12/2025 23:05,16.125,0.001,8.06
25/12/2025 22:35,16,0.001,8.06
25/12/2025 22:05,16,0.001,8.06
25/12/2025 21:35,16.125,0.001,8.06
25/12/2025 21:05,16,0.001,8.07
25/12/2025 20:35,16.125,0.001,8.07
25/12/2025 20:05,16,0.001,8.07
25/12/2025 19:35,16,0.001,8.07
25/12/2025 19:05,16,0.001,8.07
25/12/2025 18:35,16,0.001,8.07
25/12/2025 18:05,16,0.001,8.08
25/12/2025 17:35,16.125,0.001,8.08
25/12/2025 17:05,16.125,0.001,8.07
25/12/2025 16:35,16.125,0.001,8.07
25/12/2025 16:05,16.125,0.001,8.07
25/12/2025 16:05,16.125,0.001,8.07
25/12/2025 15:35,16.125,0.001,8.07
25/12/2025 15:05,16.25,0.001,8.06
25/12/2025 14:35,16.125,0.001,8.06
25/12/2025 14:05,16,0.001,8.06
25/12/2025 13:35,16.125,0.001,8.05
25/12/2025 13:05,16.125,0.001,8.05
25/12/2025 12:35,16.125,0.001,8.04
25/12/2025 12:05,16.125,0.001,8.04
25/12/2025 11:35,16.125,0.001,8.03
25/12/2025 11:05,16.125,0.001,8.03
25/12/2025 10:35,16.125,0.001,8.03
25/12/2025 10:05,16,0.001,8.02
25/12/2025 09:35,16.125,0.001,8.02
25/12/2025 09:05,16.125,0.001,8.02
25/12/2025 08:35,16.125,0.001,8.01
25/12/2025 08:05,16.25,0.001,8.01
25/12/2025 07:35,16.125,0.001,8
25/12/2025 07:05,16.125,0.001,8
25/12/2025 06:35,16.125,0.001,8
25/12/2025 06:05,16.125,0.001,8
25/12/2025 05:35,16.125,0.001,8
25/12/2025 05:05,16,0.001,8
25/12/2025 04:35,16.125,0.001,8
25/12/2025 04:35,16.125,0.001,8
25/12/2025 04:05,16,0.001,8
25/12/2025 03:35,16.125,0.001,8
25/12/2025 03:05,16,0.001,8
25/12/2025 02:35,16.125,0.001,8
25/12/2025 02:05,16.125,0.001,8
25/12/2025 01:35,16,0.001,8
25/12/2025 01:05,16.125,0.001,8.01
25/12/2025 00:35,16.125,0.001,8.01
25/12/2025 00:05,16,0.001,8.01
24/12/2025 23:35,16,0.001,8.01
24/12/2025 23:05,16.125,0.001,8.01
24/12/2025 22:35,16,0.001,8.01
24/12/2025 22:05,16,0.001,8.01
24/12/2025 22:05,16,0.001,8.01
24/12/2025 21:35,16.125,0.001,8.01
24/12/2025 21:05,16.125,0.001,8.01
24/12/2025 20:35,16.125,0.001,8.01
24/12/2025 20:05,16,0.001,8.02
24/12/2025 19:35,16,0.001,8.01
24/12/2025 19:05,16.125,0.001,8.02
24/12/2025 18:35,16,0.001,8.02
24/12/2025 18:05,16,0.001,8.02
24/12/2025 17:35,16.125,0.001,8.01
24/12/2025 17:05,16.125,0.001,8.01
24/12/2025 16:35,16.125,0.001,8
24/12/2025 16:05,16.25,0.001,8
24/12/2025 15:35,16.375,0.001,7.99
24/12/2025 15:05,16.25,0.001,7.99
24/12/2025 14:35,16.125,0.001,7.98
24/12/2025 14:05,16.25,0.001,7.98
24/12/2025 13:35,16.25,0.001,7.97
24/12/2025 13:05,16.25,0.001,7.97
24/12/2025 12:35,16.25,0.001,7.96
24/12/2025 12:05,16.25,0.001,7.96
24/12/2025 11:35,16.125,0.001,7.95
24/12/2025 11:05,16.125,0.001,7.95
24/12/2025 10:35,16.25,0.001,7.94
24/12/2025 10:05,16.25,0.001,7.94
24/12/2025 09:35,16.25,0.001,7.93
24/12/2025 09:05,16.375,0.001,7.92
24/12/2025 08:35,16.25,0.001,7.92
24/12/2025 08:05,16.125,0.001,7.92
24/12/2025 07:35,16.25,0.001,7.91
24/12/2025 07:05,16.375,0.001,7.91
24/12/2025 06:35,16.375,0.001,7.91
24/12/2025 06:05,16.375,0.001,7.91
24/12/2025 05:35,16.25,0.001,7.91
24/12/2025 05:05,16.125,0.001,7.91
24/12/2025 04:35,16.25,0.001,7.91
24/12/2025 04:05,16.25,0.001,7.91
24/12/2025 03:35,16.125,0.001,7.91
24/12/2025 03:05,16.25,0.001,7.91
24/12/2025 02:35,16.125,0.001,7.91
24/12/2025 02:05,16.125,0.001,7.91
24/12/2025 01:35,16.125,0.001,7.91
24/12/2025 01:05,16.125,0.001,7.91
24/12/2025 00:35,16.25,0.001,7.91
24/12/2025 00:05,16.125,0.001,7.91
23/12/2025 23:35,16.125,0.001,7.91
23/12/2025 23:05,16.125,0.001,7.91
23/12/2025 22:35,16,0.001,7.91
23/12/2025 22:05,16,0.001,7.91
23/12/2025 21:35,16.125,0.001,7.92
23/12/2025 21:05,16,0.001,7.92
23/12/2025 20:35,16,0.001,7.92
23/12/2025 20:35,16,0.001,7.92
23/12/2025 20:05,15.875,0.001,7.92
23/12/2025 19:35,16,0.001,7.92
23/12/2025 19:05,15.875,0.001,7.91
23/12/2025 18:35,15.875,0.001,7.91
23/12/2025 18:05,16,0.001,7.9
23/12/2025 17:35,16,0.001,7.89
23/12/2025 17:05,16,0.001,7.87
23/12/2025 16:35,16,0.001,7.84
23/12/2025 16:13,16.25,0.001,7.81
23/12/2025 16:05,16.125,0.001,7.79
23/12/2025 15:35,16.375,0.001,7.71
23/12/2025 15:05,16.375,0.002,7.55
23/12/2025 14:35,16.25,0.002,7.24
23/12/2025 14:05,16.25,0.004,6.84
23/12/2025 13:35,16.375,0.005,6.57
27/10/2025 10:05,22.25,0.007,6.71
27/10/2025 09:35,21.75,0.007,6.71
27/10/2025 09:05,21.5,0.007,6.71
27/10/2025 08:35,21.375,0.007,6.71
27/10/2025 08:05,22,0.007,6.71
27/10/2025 07:40,20.5,0.007,6.7
27/10/2025 07:35,20.625,0.007,6.7
27/10/2025 07:15,21.5,0.007,6.7
27/10/2025 07:05,20.5,0.007,6.7
27/10/2025 06:35,20.75,0.007,6.7
27/10/2025 06:15,21.625,0.007,6.7
27/10/2025 06:05,19.75,0.007,6.7
27/10/2025 05:35,21.5,0.007,6.7
27/10/2025 05:25,19.75,0.007,6.7
27/10/2025 05:10,21.625,0.007,6.7
27/10/2025 05:05,21.375,0.007,6.7
27/10/2025 04:55,20.5,0.007,6.7
27/10/2025 04:35,21,0.007,6.7
27/10/2025 04:30,21.5,0.007,6.7
27/10/2025 04:20,20.5,0.007,6.7
27/10/2025 04:05,20.875,0.007,6.7
27/10/2025 03:50,21.5,0.007,6.7
27/10/2025 03:40,20.5,0.007,6.7
27/10/2025 03:35,20.75,0.007,6.7
27/10/2025 03:15,21.5,0.007,6.7
27/10/2025 03:10,19.75,0.007,6.7
27/10/2025 03:05,20.75,0.007,6.7
27/10/2025 02:45,22.5,0.007,6.7
27/10/2025 02:35,21.375,0.007,6.7
27/10/2025 02:30,19.75,0.007,6.7
27/10/2025 02:20,21.5,0.007,6.7
27/10/2025 02:15,19.75,0.007,6.7
27/10/2025 02:05,20.625,0.007,6.7
27/10/2025 01:35,20.75,0.007,6.7
27/10/2025 01:05,22.625,0.007,6.7
27/10/2025 01:05,22.625,0.007,6.7
27/10/2025 00:50,19.75,0.007,6.7
27/10/2025 00:35,20.875,0.007,6.7
27/10/2025 00:20,22.625,0.007,6.7
27/10/2025 00:10,19.75,0.007,6.7
27/10/2025 00:05,20.75,0.007,6.7
26/10/2025 23:35,20.75,0.007,6.7
26/10/2025 23:05,20.75,0.007,6.7
26/10/2025 22:35,20.75,0.007,6.7
26/10/2025 22:05,20.625,0.007,6.7
26/10/2025 21:35,20.875,0.007,6.7
26/10/2025 21:05,21,0.007,6.7
26/10/2025 20:55,21.5,0.007,6.7
26/10/2025 20:50,19.75,0.007,6.7
26/10/2025 20:35,20.75,0.007,6.7
26/10/2025 20:05,20.75,0.007,6.7
26/10/2025 20:05,20.75,0.007,6.7
26/10/2025 19:35,20.875,0.007,6.7
26/10/2025 19:05,21,0.007,6.7
26/10/2025 18:35,21.125,0.007,6.71
26/10/2025 18:05,21,0.007,6.7
26/10/2025 17:35,21,0.007,6.7
26/10/2025 17:05,21.125,0.007,6.7
26/10/2025 16:35,21.25,0.007,6.7
26/10/2025 16:05,21.25,0.007,6.7
26/10/2025 16:05,21.25,0.007,6.7
26/10/2025 15:35,21.375,0.007,6.7
26/10/2025 15:05,21.375,0.007,6.7
26/10/2025 14:35,20.75,0.007,6.71
26/10/2025 14:05,21.5,0.007,6.71
26/10/2025 13:35,21.875,0.007,6.71
26/10/2025 13:05,22,0.007,6.71
26/10/2025 12:35,20.875,0.007,6.71
26/10/2025 12:05,21.5,0.007,6.71
26/10/2025 11:35,21.25,0.007,6.71
26/10/2025 11:05,21,0.007,6.71
26/10/2025 10:35,20.75,0.007,6.7
26/10/2025 10:05,20.875,0.007,6.7
26/10/2025 09:55,21.5,0.007,6.7
26/10/2025 09:50,19.75,0.007,6.7
26/10/2025 09:35,20.75,0.007,6.7
26/10/2025 09:05,20.75,0.007,6.7
26/10/2025 08:40,21.5,0.007,6.7
26/10/2025 08:35,19.75,0.007,6.7
26/10/2025 08:05,22.625,0.007,6.7
26/10/2025 07:50,19.75,0.007,6.7
26/10/2025 07:35,20.875,0.007,6.7
26/10/2025 07:25,21.5,0.007,6.7
26/10/2025 07:15,19.75,0.007,6.7
26/10/2025 07:15,19.75,0.007,6.7
26/10/2025 07:05,21.625,0.007,6.7
26/10/2025 06:35,20.75,0.007,6.7
26/10/2025 06:10,21.875,0.007,6.7
26/10/2025 06:05,20.75,0.007,6.7
26/10/2025 05:50,19.75,0.007,6.7
26/10/2025 05:35,20.875,0.007,6.7
26/10/2025 05:05,20.75,0.007,6.7
26/10/2025 04:35,21,0.007,6.7
26/10/2025 04:05,21,0.007,6.7
26/10/2025 03:35,20.75,0.007,6.7
26/10/2025 03:05,20.875,0.007,6.69
26/10/2025 02:35,21,0.007,6.7
26/10/2025 02:05,21.125,0.007,6.7
26/10/2025 01:35,21,0.007,6.7
26/10/2025 01:05,21.25,0.007,6.7
26/10/2025 01:35,21.25,0.007,6.69
26/10/2025 01:05,21.25,0.007,6.7
26/10/2025 00:35,21.25,0.007,6.7
26/10/2025 00:05,21.25,0.007,6.7
25/10/2025 23:35,21.375,0.007,6.69
25/10/2025 23:05,21.5,0.007,6.7
25/10/2025 22:35,20.75,0.007,6.7
25/10/2025 22:05,21.875,0.007,6.69
25/10/2025 21:35,21.875,0.007,6.69
25/10/2025 21:05,21.875,0.007,6.7
25/10/2025 20:35,21.75,0.007,6.7
25/10/2025 20:05,21.875,0.007,6.7
25/10/2025 19:35,22,0.007,6.7
25/10/2025 19:05,22,0.007,6.7
25/10/2025 18:35,22.25,0.007,6.7
25/10/2025 18:05,22.25,0.007,6.69
25/10/2025 17:35,22.375,0.007,6.7
25/10/2025 17:05,22.5,0.007,6.7
25/10/2025 16:35,22.625,0.007,6.7
25/10/2025 16:05,22.75,0.006,6.7
25/10/2025 15:35,22.875,0.006,6.7
25/10/2025 15:05,23,0.006,6.7
25/10/2025 14:35,22.875,0.006,6.7
25/10/2025 14:05,23,0.006,6.7
25/10/2025 13:35,22.75,0.007,6.7
25/10/2025 13:05,23,0.007,6.7
25/10/2025 12:35,22.625,0.007,6.7
25/10/2025 12:35,22.625,0.007,6.7
25/10/2025 12:05,22.5,0.007,6.69
25/10/2025 11:35,22.5,0.007,6.69
25/10/2025 11:05,22.25,0.007,6.69
25/10/2025 10:35,22.25,0.007,6.69
25/10/2025 10:05,22.25,0.007,6.69
25/10/2025 09:35,22.25,0.007,6.69
25/10/2025 09:05,22.125,0.007,6.69
25/10/2025 09:05,22.125,0.007,6.69
25/10/2025 08:35,22.25,0.007,6.69
25/10/2025 08:05,22.25,0.007,6.69
25/10/2025 07:35,22.375,0.007,6.69
25/10/2025 07:05,22.375,0.007,6.69
25/10/2025 06:35,22.375,0.007,6.69
25/10/2025 06:05,22.25,0.007,6.68
25/10/2025 05:35,22.375,0.007,6.69
25/10/2025 05:05,22.375,0.007,6.69
25/10/2025 04:35,22.375,0.006,6.68
25/10/2025 04:05,22.5,0.006,6.69
25/10/2025 03:35,22.375,0.006,6.68
25/10/2025 03:05,22.5,0.006,6.68
25/10/2025 02:35,22.625,0.006,6.68
25/10/2025 02:05,22.625,0.007,6.68
25/10/2025 01:35,23.5,0.007,6.68
25/10/2025 01:05,22.625,0.006,6.68
25/10/2025 00:35,22.75,0.006,6.68
25/10/2025 00:05,22.875,0.006,6.68
24/10/2025 23:35,22.875,0.006,6.68
24/10/2025 23:05,22.875,0.006,6.68
24/10/2025 22:35,23,0.006,6.68
24/10/2025 22:05,23.25,0.007,6.68
24/10/2025 21:35,23.25,0.007,6.68
24/10/2025 21:05,23.625,0.007,6.68
24/10/2025 20:35,23.5,0.007,6.68
24/10/2025 20:05,23.625,0.006,6.68
24/10/2025 19:35,24.625,0.006,6.68
24/10/2025 19:05,23.75,0.006,6.68
24/10/2025 19:05,23.75,0.006,6.68
24/10/2025 18:35,24,0.006,6.68
24/10/2025 18:05,24.25,0.006,6.68
24/10/2025 17:35,24.5,0.006,6.69
24/10/2025 17:05,25,0.006,6.69
24/10/2025 16:35,25.25,0.007,6.69
24/10/2025 16:05,25.375,0.007,6.7
24/10/2025 15:35,25.5,0.007,6.7
24/10/2025 15:05,25.5,0.007,6.7
24/10/2025 14:35,25.125,0.007,6.7
24/10/2025 14:05,25.125,0.007,6.71
