Declared,Temperature,NH3,pH
22/09/2026 15:04,15.5,0.001,7.88
22/09/2026 14:34,15.5,0.001,7.87
22/09/2026 14:04,15.5,0.001,7.88
22/09/2026 13:34,15.25,0.001,7.87
22/09/2026 13:04,15.25,0.001,7.87
22/09/2026 12:34,15.25,0.001,7.87
22/09/2026 12:04,15.25,0.001,7.87
22/09/2026 11:34,15.25,0.001,7.87
22/09/2026 11:04,15.125,0.001,7.87
22/09/2026 10:34,15.125,0.001,7.87
22/09/2026 10:04,15.125,0.001,7.87
22/09/2026 09:34,15.125,0.001,7.87
22/09/2026 09:04,15.25,0.001,7.87
22/09/2026 08:34,15.125,0.001,7.87
22/09/2026 08:04,15.25,0.001,7.87
22/09/2026 07:34,15.125,0.001,7.87
22/09/2026 07:04,15.25,0.001,7.87
22/09/2026 06:34,15.25,0.001,7.87
22/09/2026 06:04,15.25,0.001,7.87
22/09/2026 05:34,15.375,0.001,7.87
22/09/2026 05:04,15.375,0.001,7.87
22/09/2026 04:34,15.375,0.001,7.87
22/09/2026 04:04,15.375,0.001,7.87
22/09/2026 03:34,15.5,0.001,7.86
22/09/2026 03:04,15.625,0.001,7.86
22/09/2026 02:34,15.625,0.001,7.86
22/09/2026 02:04,16.625,0.001,7.87
22/09/2026 01:34,16.625,0.001,7.86
22/09/2026 01:04,15.75,0.001,7.86
22/09/2026 00:34,15.75,0.001,7.87
22/09/2026 00:04,15.875,0.001,7.86
21/09/2026 23:34,15.875,0.001,7.86
21/09/2026 23:04,15.75,0.001,7.87
21/09/2026 22:34,15.875,0.001,7.86
21/09/2026 22:04,15.875,0.001,7.86
21/09/2026 21:34,15.875,0.001,7.86
21/09/2026 21:04,15.875,0.001,7.86
21/09/2026 20:34,15.75,0.001,7.86
21/09/2026 20:04,15.875,0.001,7.86
21/09/2026 19:34,15.875,0.001,7.85
21/09/2026 19:04,15.75,0.001,7.85
21/09/2026 18:34,15.75,0.001,7.85
21/09/2026 18:04,15.875,0.001,7.85
21/09/2026 17:34,15.875,0.001,7.85
21/09/2026 17:04,15.75,0.001,7.85
21/09/2026 16:34,15.75,0.001,7.85
21/09/2026 16:04,15.75,0.001,7.85
21/09/2026 15:34,15.75,0.001,7.85
21/09/2026 15:04,15.75,0.001,7.85
21/09/2026 14:34,15.75,0.001,7.85
21/09/2026 14:04,15.75,0.001,7.85
21/09/2026 13:34,14.75,0.001,7.85
21/09/2026 13:04,14.75,0.001,7.85
21/09/2026 12:34,16.625,0.001,7.85
21/09/2026 12:04,15.625,0.001,7.85
21/09/2026 11:34,15.625,0.001,7.86
21/09/2026 11:04,15.5,0.001,7.86
21/09/2026 10:34,15.625,0.001,7.87
21/09/2026 10:04,15.375,0.001,7.87
21/09/2026 09:34,15.375,0.001,7.88
21/09/2026 09:04,15.5,0.001,7.89
21/09/2026 08:34,15.5,0.001,7.89
21/09/2026 08:04,15.5,0.001,7.89
21/09/2026 07:34,15.375,0.001,7.89
21/09/2026 07:04,15.5,0.001,7.89
21/09/2026 06:34,15.625,0.001,7.89
21/09/2026 06:04,15.625,0.001,7.9
21/09/2026 05:34,15.625,0.001,7.89
21/09/2026 05:04,14.75,0.001,7.89
21/09/2026 04:34,16.625,0.001,7.9
21/09/2026 04:04,16.625,0.001,7.9
21/09/2026 03:34,16.625,0.001,7.89
21/09/2026 03:04,15.75,0.001,7.9
21/09/2026 02:34,15.75,0.001,7.9
21/09/2026 02:11,15.75,0.001,7.9
21/09/2026 02:11,15.625,0.001,7.89
21/09/2026 02:11,14.75,0.001,8.55
21/09/2026 02:04,15.75,0.001,7.9
21/09/2026 01:34,15.875,0.001,7.9
21/09/2026 01:04,15.875,0.001,7.9
21/09/2026 00:34,15.875,0.001,7.9
21/09/2026 00:04,16,0.001,7.9
20/09/2026 23:34,15.875,0.001,7.9
20/09/2026 23:04,16,0.001,7.9
20/09/2026 22:34,16,0.002,7.89
20/09/2026 22:04,16,0.001,7.89
20/09/2026 21:34,15.875,0.001,7.9
20/09/2026 21:04,15.875,0.001,7.89
20/09/2026 20:34,15.875,0.001,7.9
20/09/2026 20:04,15.75,0.001,7.89
20/09/2026 19:34,15.875,0.001,7.9
20/09/2026 19:04,15.75,0.001,7.89
20/09/2026 18:34,15.75,0.001,7.9
20/09/2026 18:04,15.75,0.001,7.9
20/09/2026 17:34,15.75,0.001,7.9
20/09/2026 17:04,15.875,0.002,7.89
20/09/2026 16:34,15.75,0.001,7.89
20/09/2026 16:04,14.75,0.001,7.89
20/09/2026 15:34,16.625,0.002,7.89
20/09/2026 15:04,14.75,0.001,7.89
20/09/2026 14:34,15.5,0.002,7.89
20/09/2026 14:04,15.625,0.001,7.89
20/09/2026 13:34,15.5,0.002,7.89
20/09/2026 13:04,15.5,0.002,7.89
20/09/2026 12:34,15.625,0.002,7.89
20/09/2026 12:04,15.5,0.002,7.89
20/09/2026 11:34,15.625,0.001,7.89
20/09/2026 11:04,15.5,0.002,7.89
20/09/2026 10:34,15.5,0.002,7.89
20/09/2026 10:04,15.5,0.002,7.89
20/09/2026 09:34,15.375,0.001,7.89
20/09/2026 09:04,15.5,0.002,7.89
20/09/2026 08:34,15.5,0.002,7.89
20/09/2026 08:04,15.5,0.002,7.89
20/09/2026 07:34,15.5,0.002,7.89
20/09/2026 07:04,15.5,0.002,7.89
20/09/2026 06:34,15.5,0.002,7.89
20/09/2026 06:04,15.5,0.002,7.89
20/09/2026 05:34,15.625,0.002,7.89
20/09/2026 05:04,15.5,0.002,7.89
20/09/2026 04:34,15.75,0.002,7.89
20/09/2026 04:04,15.625,0.002,7.89
20/09/2026 03:34,15.625,0.002,7.89
20/09/2026 03:04,15.625,0.002,7.89
20/09/2026 02:34,14.75,0.002,7.89
20/09/2026 02:04,16.625,0.002,7.89
20/09/2026 01:34,14.75,0.002,7.89
20/09/2026 01:04,15.75,0.002,7.89
20/09/2026 00:34,15.875,0.002,7.89
20/09/2026 00:04,15.875,0.002,7.89
19/09/2026 23:34,15.875,0.002,7.89
19/09/2026 23:04,15.875,0.002,7.89
19/09/2026 22:34,15.875,0.002,7.89
19/09/2026 22:04,15.875,0.002,7.89
19/09/2026 21:34,15.75,0.002,7.89
19/09/2026 21:04,15.75,0.002,7.89
19/09/2026 20:34,15.75,0.002,7.89
19/09/2026 20:04,16.625,0.002,7.89
19/09/2026 19:34,15.75,0.002,7.89
19/09/2026 19:04,15.625,0.002,7.89
19/09/2026 18:34,16.625,0.002,7.89
19/09/2026 18:04,15.625,0.002,7.89
19/09/2026 17:34,14.75,0.002,7.89
19/09/2026 17:04,15.625,0.002,7.89
19/09/2026 16:34,15.625,0.002,7.89
19/09/2026 16:04,15.5,0.002,7.89
19/09/2026 15:34,15.5,0.002,7.88
19/09/2026 15:04,15.5,0.002,7.89
19/09/2026 14:34,15.25,0.002,7.88
19/09/2026 14:04,15.25,0.002,7.88
19/09/2026 13:34,15.375,0.002,7.88
19/09/2026 13:04,15.25,0.002,7.88
19/09/2026 12:34,15.125,0.002,7.88
19/09/2026 12:04,15.125,0.002,7.88
19/09/2026 11:34,15.25,0.002,7.88
19/09/2026 11:04,15.125,0.002,7.88
19/09/2026 10:34,15.125,0.002,7.88
19/09/2026 10:04,15.25,0.002,7.88
19/09/2026 09:34,15.125,0.002,7.88
19/09/2026 09:04,15.125,0.002,7.88
19/09/2026 08:34,15.25,0.002,7.88
19/09/2026 08:04,15.25,0.002,7.88
19/09/2026 07:34,15.25,0.002,7.88
19/09/2026 07:04,15.25,0.002,7.88
19/09/2026 06:34,15.25,0.002,7.88
19/09/2026 06:04,15.25,0.002,7.88
19/09/2026 05:34,15.25,0.002,7.88
19/09/2026 05:04,15.375,0.002,7.88
19/09/2026 04:34,15.375,0.002,7.88
19/09/2026 04:04,15.375,0.002,7.88
19/09/2026 03:34,15.5,0.002,7.88
19/09/2026 03:04,15.5,0.002,7.88
19/09/2026 02:34,15.5,0.002,7.88
19/09/2026 02:04,15.5,0.002,7.88
19/09/2026 01:34,15.5,0.002,7.88
19/09/2026 01:04,15.625,0.002,7.88
19/09/2026 00:34,15.625,0.002,7.88
19/09/2026 00:04,15.625,0.002,7.88
18/09/2026 23:34,15.625,0.002,7.88
18/09/2026 23:04,16.625,0.002,7.88
18/09/2026 22:34,14.75,0.002,7.88
18/09/2026 22:04,15.75,0.002,7.88
18/09/2026 21:34,15.625,0.002,7.88
18/09/2026 21:04,15.625,0.002,7.88
18/09/2026 20:34,15.625,0.002,7.88
18/09/2026 20:04,15.625,0.002,7.88
18/09/2026 19:34,15.625,0.002,7.88
18/09/2026 19:04,15.625,0.002,7.88
18/09/2026 18:34,15.75,0.002,7.88
18/09/2026 18:04,15.625,0.002,7.88
18/09/2026 17:34,15.5,0.002,7.88
18/09/2026 17:04,15.5,0.002,7.87
18/09/2026 16:34,15.375,0.002,7.87
18/09/2026 16:15,14.875,0.002,7.87
18/09/2026 16:04,15.25,0.002,7.87
18/09/2026 15:34,15.25,0.002,7.87
18/09/2026 15:04,15.25,0.002,7.87
18/09/2026 14:34,15.25,0.002,7.87
18/09/2026 14:04,15.125,0.002,7.87
18/09/2026 13:34,15,0.002,7.87
18/09/2026 13:04,15.125,0.002,7.87
18/09/2026 12:34,14.875,0.002,7.87
18/09/2026 12:04,14.875,0.002,7.87
18/09/2026 11:34,15,0.002,7.87
18/09/2026 11:04,14.875,0.002,7.87
18/09/2026 10:34,14.75,0.002,7.87
18/09/2026 10:04,14.875,0.002,7.87
18/09/2026 09:34,14.875,0.002,7.87
18/09/2026 09:04,14.875,0.002,7.87
18/09/2026 08:34,14.75,0.002,7.87
18/09/2026 08:04,14.875,0.002,7.87
18/09/2026 07:34,14.875,0.002,7.87
18/09/2026 07:04,14.875,0.002,7.87
18/09/2026 06:34,14.875,0.002,7.87
18/09/2026 06:04,14.875,0.002,7.87
18/09/2026 05:34,14.875,0.002,7.87
18/09/2026 05:04,15,0.002,7.87
18/09/2026 04:34,15,0.002,7.87
18/09/2026 04:04,15.125,0.002,7.87
18/09/2026 03:34,15.125,0.002,7.87
18/09/2026 03:04,15.25,0.002,7.87
18/09/2026 02:34,15.25,0.002,7.87
18/09/2026 02:04,15.375,0.002,7.87
18/09/2026 01:34,15.5,0.002,7.87
18/09/2026 01:04,15.375,0.002,7.87
18/09/2026 00:34,15.5,0.002,7.87
18/09/2026 00:04,15.5,0.002,7.87
17/09/2026 23:34,15.5,0.002,7.87
17/09/2026 23:04,15.625,0.002,7.87
17/09/2026 22:34,16.625,0.002,7.87
17/09/2026 22:04,15.625,0.002,7.87
17/09/2026 21:34,15.625,0.002,7.87
17/09/2026 21:04,15.5,0.002,7.87
17/09/2026 20:34,15.625,0.002,7.87
17/09/2026 20:04,15.5,0.002,7.87
17/09/2026 19:34,15.5,0.002,7.87
17/09/2026 19:04,15.375,0.002,7.87
17/09/2026 18:34,15.5,0.002,7.87
17/09/2026 18:04,15.5,0.002,7.87
17/09/2026 17:34,15.375,0.002,7.86
17/09/2026 17:04,15.375,0.002,7.87
17/09/2026 16:34,15.25,0.002,7.87
17/09/2026 16:04,15.375,0.002,7.86
17/09/2026 15:34,15.125,0.002,7.86
17/09/2026 15:04,15.125,0.002,7.86
17/09/2026 14:34,15,0.002,7.86
17/09/2026 14:04,15,0.002,7.86
17/09/2026 13:34,15.125,0.002,7.86
17/09/2026 13:04,14.875,0.002,7.86
17/09/2026 12:34,14.875,0.002,7.86
17/09/2026 12:04,15.125,0.002,7.86
17/09/2026 11:34,14.875,0.002,7.86
17/09/2026 11:04,14.875,0.002,7.86
17/09/2026 10:34,15,0.002,7.86
17/09/2026 10:04,14.875,0.002,7.86
17/09/2026 09:34,14.875,0.002,7.86
17/09/2026 06:34,15.125,0.002,7.86
17/09/2026 06:04,15,0.002,7.86
17/09/2026 05:34,15.25,0.002,7.86
17/09/2026 05:04,15.25,0.002,7.86
17/09/2026 04:34,15.375,0.002,7.86
17/09/2026 04:04,15.25,0.002,7.86
17/09/2026 03:34,15.25,0.002,7.86
17/09/2026 03:04,15.375,0.002,7.86
17/09/2026 02:34,15.5,0.002,7.86
17/09/2026 02:04,15.5,0.002,7.86
17/09/2026 01:34,15.625,0.002,7.86
17/09/2026 01:04,15.625,0.002,7.85
17/09/2026 00:34,14.75,0.002,7.85
17/09/2026 00:04,14.75,0.002,7.85
16/09/2026 23:34,15.875,0.002,7.85
16/09/2026 23:04,15.75,0.002,7.85
16/09/2026 22:34,15.875,0.002,7.85
16/09/2026 22:04,15.75,0.002,7.85
16/09/2026 21:34,15.75,0.002,7.85
16/09/2026 21:04,15.75,0.002,7.85
16/09/2026 20:34,15.625,0.002,7.85
16/09/2026 20:04,15.75,0.002,7.85
16/09/2026 19:34,15.75,0.002,7.85
16/09/2026 19:04,16.625,0.002,7.85
16/09/2026 18:34,14.75,0.002,7.84
16/09/2026 18:04,16.625,0.002,7.84
16/09/2026 17:34,15.5,0.002,7.84
16/09/2026 17:04,15.5,0.002,7.84
16/09/2026 16:34,15.5,0.002,7.84
16/09/2026 16:04,15.375,0.002,7.84
16/09/2026 15:34,15.375,0.002,7.84
16/09/2026 15:04,15.25,0.002,7.84
16/09/2026 14:34,15.25,0.002,7.84
16/09/2026 14:04,15.125,0.002,7.83
16/09/2026 13:34,15.25,0.002,7.83
16/09/2026 13:04,15,0.002,7.83
16/09/2026 12:34,15.125,0.002,7.83
16/09/2026 12:04,15,0.002,7.83
16/09/2026 11:34,14.875,0.002,7.83
16/09/2026 11:04,15,0.002,7.83
16/09/2026 10:34,15,0.002,7.83
16/09/2026 10:04,14.75,0.002,7.83
16/09/2026 09:34,15.125,0.002,7.83
16/09/2026 09:04,15,0.002,7.82
16/09/2026 08:34,15.125,0.002,7.82
16/09/2026 08:04,15,0.002,7.82
16/09/2026 07:34,15.125,0.002,7.83
16/09/2026 07:04,15.125,0.002,7.83
16/09/2026 06:34,15.125,0.002,7.82
16/09/2026 06:04,15.25,0.002,7.82
16/09/2026 05:34,15.25,0.002,7.82
16/09/2026 05:04,15.375,0.002,7.82
16/09/2026 04:34,15.375,0.002,7.82
16/09/2026 04:04,15.375,0.002,7.82
16/09/2026 03:34,15.375,0.002,7.82
16/09/2026 03:04,15.5,0.002,7.82
16/09/2026 02:34,14.75,0.002,7.81
16/09/2026 02:04,15.625,0.002,7.81
16/09/2026 01:34,14.75,0.002,7.81
16/09/2026 01:04,15.75,0.002,7.81
16/09/2026 00:34,15.75,0.002,7.81
16/09/2026 00:04,15.875,0.002,7.81
15/09/2026 23:34,15.875,0.002,7.81
15/09/2026 23:04,15.875,0.002,7.8
15/09/2026 22:34,16,0.002,7.8
15/09/2026 22:04,15.875,0.002,7.8
15/09/2026 21:34,15.875,0.002,7.8
15/09/2026 21:04,15.875,0.002,7.8
15/09/2026 20:34,15.75,0.002,7.8
15/09/2026 20:04,15.875,0.002,7.8
15/09/2026 19:34,15.75,0.002,7.8
15/09/2026 19:04,15.75,0.002,7.79
15/09/2026 18:34,15.875,0.002,7.79
15/09/2026 18:04,15.75,0.002,7.79
15/09/2026 17:34,15.75,0.002,7.79
15/09/2026 17:04,15.75,0.002,7.79
15/09/2026 16:34,16.5,0.002,7.79
15/09/2026 16:04,15.625,0.002,7.79
15/09/2026 15:34,15.5,0.002,7.79
15/09/2026 15:04,15.5,0.002,7.79
15/09/2026 14:34,15.5,0.002,7.78
15/09/2026 14:04,15.375,0.002,7.78
15/09/2026 13:34,15.25,0.002,7.78
15/09/2026 13:04,15.25,0.002,7.78
15/09/2026 12:34,15.125,0.002,7.78
15/09/2026 12:04,15.125,0.003,7.77
15/09/2026 11:34,15.125,0.002,7.77
15/09/2026 11:04,15.125,0.002,7.77
15/09/2026 10:34,15.125,0.002,7.76
15/09/2026 10:04,15,0.002,7.76
15/09/2026 09:34,15.125,0.002,7.76
15/09/2026 09:04,15.125,0.002,7.75
15/09/2026 08:34,15.125,0.002,7.75
15/09/2026 08:04,15.25,0.002,7.75
15/09/2026 07:34,15.25,0.002,7.75
15/09/2026 07:04,15.375,0.002,7.75
15/09/2026 06:34,15.375,0.002,7.75
15/09/2026 06:04,15.25,0.002,7.75
15/09/2026 05:34,15.5,0.002,7.75
15/09/2026 05:04,15.375,0.002,7.75
15/09/2026 04:34,15.625,0.002,7.76
15/09/2026 04:04,15.5,0.002,7.75
15/09/2026 03:34,15.625,0.002,7.76
15/09/2026 03:04,15.75,0.003,7.76
15/09/2026 02:34,16.625,0.003,7.76
15/09/2026 02:04,15.75,0.003,7.77
15/09/2026 01:34,15.875,0.002,7.77
15/09/2026 01:04,15.875,0.002,7.77
15/09/2026 00:34,15.875,0.002,7.77
15/09/2026 00:04,16,0.002,7.77
14/09/2026 23:34,16.125,0.003,7.77
14/09/2026 23:04,16.125,0.003,7.77
14/09/2026 22:34,16.125,0.003,7.77
14/09/2026 22:04,16.125,0.003,7.78
14/09/2026 21:34,16.125,0.003,7.77
14/09/2026 21:04,16,0.003,7.78
14/09/2026 20:34,16,0.003,7.78
14/09/2026 20:04,16.125,0.003,7.78
14/09/2026 19:34,16,0.003,7.78
14/09/2026 19:04,16.125,0.003,7.78
14/09/2026 18:34,16.25,0.003,7.77
14/09/2026 18:04,16,0.003,7.77
14/09/2026 17:34,16,0.003,7.77
14/09/2026 17:04,16,0.003,7.76
14/09/2026 16:34,15.875,0.003,7.76
14/09/2026 16:04,15.875,0.003,7.76
14/09/2026 15:34,15.875,0.003,7.76
14/09/2026 15:04,15.875,0.003,7.76
14/09/2026 14:34,15.75,0.003,7.75
14/09/2026 14:04,15.75,0.003,7.74
14/09/2026 13:34,15.75,0.003,7.72
14/09/2026 13:04,15.625,0.003,7.69
14/09/2026 12:34,16.5,0.003,7.64
14/09/2026 12:04,14.75,0.003,7.56
14/09/2026 11:51,15.875,0.003,7.51
14/09/2026 11:34,15.75,0.003,7.41
14/09/2026 11:04,15.875,0.003,7.11
14/09/2026 10:34,15.875,0.004,6.68
14/09/2026 10:04,15.875,0.004,6.4
14/09/2026 10:04,15.875,0.004,6.4
12/09/2026 12:34,15,0.004,7.88
12/09/2026 12:04,15,0.004,7.88
12/09/2026 11:34,14.875,0.004,7.88
12/09/2026 11:04,14.875,0.004,7.88
12/09/2026 10:34,14.875,0.004,7.88
12/09/2026 10:04,15,0.004,7.88
12/09/2026 09:34,14.875,0.004,7.89
12/09/2026 09:04,15,0.004,7.88
12/09/2026 08:34,14.875,0.004,7.88
12/09/2026 08:04,14.75,0.004,7.88
12/09/2026 07:34,14.75,0.004,7.89
12/09/2026 07:04,15,0.004,7.88
12/09/2026 06:34,15,0.004,7.88
12/09/2026 06:04,15.125,0.004,7.88
12/09/2026 05:34,15.125,0.004,7.88
12/09/2026 05:04,15,0.004,7.88
12/09/2026 04:34,15,0.004,7.89
12/09/2026 04:04,15,0.004,7.89
12/09/2026 03:34,15.125,0.004,7.89
12/09/2026 03:04,15.125,0.004,7.89
12/09/2026 02:34,15.125,0.004,7.89
12/09/2026 02:04,15.25,0.004,7.89
12/09/2026 01:34,15.25,0.004,7.89
12/09/2026 01:04,15.25,0.004,7.89
12/09/2026 00:34,15.25,0.004,7.89
12/09/2026 00:04,15.375,0.004,7.89
11/09/2026 23:34,15.25,0.004,7.89
11/09/2026 23:04,15.5,0.004,7.88
11/09/2026 22:34,15.25,0.004,7.89
11/09/2026 22:04,15.25,0.004,7.88
11/09/2026 21:34,15.375,0.004,7.89
11/09/2026 21:04,15.375,0.004,7.88
11/09/2026 20:34,15.375,0.004,7.88
11/09/2026 20:04,15.5,0.004,7.88
11/09/2026 19:34,15.375,0.004,7.88
11/09/2026 19:04,15.5,0.004,7.89
11/09/2026 18:34,15.5,0.004,7.88
11/09/2026 18:04,15.5,0.004,7.88
11/09/2026 17:34,15.375,0.004,7.88
11/09/2026 17:04,15.5,0.004,7.88
11/09/2026 16:34,15.25,0.004,7.88
11/09/2026 16:04,15.25,0.004,7.88
11/09/2026 15:34,15.25,0.004,7.88
11/09/2026 15:04,15.25,0.004,7.88
11/09/2026 14:34,15,0.004,7.88
11/09/2026 14:04,15.125,0.004,7.88
11/09/2026 13:34,14.875,0.004,7.88
11/09/2026 13:04,15,0.004,7.88
11/09/2026 12:34,15,0.004,7.88
11/09/2026 12:04,15,0.004,7.88
11/09/2026 11:34,15.125,0.004,7.88
11/09/2026 11:04,15,0.004,7.88
11/09/2026 10:34,15,0.004,7.88
11/09/2026 10:04,15,0.004,7.88
11/09/2026 09:34,14.875,0.004,7.88
11/09/2026 09:04,15.125,0.004,7.88
11/09/2026 08:34,15,0.004,7.88
11/09/2026 08:04,15.125,0.004,7.88
11/09/2026 07:34,15.125,0.004,7.88
11/09/2026 07:04,15.125,0.004,7.88
11/09/2026 06:34,15.125,0.004,7.88
11/09/2026 06:04,15.125,0.004,7.88
11/09/2026 05:34,15.375,0.004,7.88
11/09/2026 05:04,15.25,0.004,7.88
11/09/2026 04:34,15.25,0.004,7.88
11/09/2026 04:04,15.25,0.004,7.88
11/09/2026 03:34,15.375,0.004,7.88
11/09/2026 03:04,15.5,0.004,7.88
11/09/2026 02:34,15.5,0.004,7.88
11/09/2026 02:04,15.625,0.004,7.88
11/09/2026 01:34,15.5,0.004,7.88
11/09/2026 01:04,15.75,0.004,7.89
11/09/2026 00:34,15.625,0.004,7.88
11/09/2026 00:04,16.625,0.004,7.88
10/09/2026 23:34,15.75,0.004,7.88
10/09/2026 23:04,15.875,0.004,7.89
10/09/2026 22:34,15.875,0.004,7.88
10/09/2026 22:04,15.875,0.004,7.89
10/09/2026 21:34,15.75,0.004,7.88
10/09/2026 21:04,15.75,0.004,7.88
10/09/2026 20:34,15.75,0.004,7.88
10/09/2026 20:04,16.625,0.004,7.88
10/09/2026 19:34,15.75,0.004,7.88
10/09/2026 19:04,15.75,0.004,7.88
10/09/2026 18:34,15.75,0.004,7.88
10/09/2026 18:04,15.75,0.004,7.88
10/09/2026 17:34,15.75,0.004,7.88
10/09/2026 17:04,15.75,0.004,7.88
10/09/2026 16:34,15.625,0.004,7.88
10/09/2026 16:04,15.5,0.004,7.88
10/09/2026 15:34,15.375,0.004,7.88
10/09/2026 15:04,15.375,0.004,7.88
10/09/2026 14:34,15.375,0.004,7.88
10/09/2026 14:04,15.375,0.004,7.88
10/09/2026 13:34,15.25,0.004,7.88
10/09/2026 13:04,15.125,0.004,7.88
10/09/2026 12:34,15.125,0.004,7.88
10/09/2026 12:04,15.125,0.003,7.88
10/09/2026 11:34,15.125,0.004,7.88
10/09/2026 11:04,15,0.004,7.88
10/09/2026 10:34,15.125,0.004,7.88
10/09/2026 10:04,15,0.004,7.88
10/09/2026 09:34,15,0.004,7.88
10/09/2026 09:04,15.125,0.004,7.88
10/09/2026 08:34,15,0.004,7.88
10/09/2026 08:04,15.125,0.004,7.88
10/09/2026 07:34,15.125,0.004,7.89
10/09/2026 07:04,15.125,0.004,7.88
10/09/2026 06:34,15.25,0.004,7.88
10/09/2026 06:04,15.25,0.004,7.88
10/09/2026 05:34,15.375,0.004,7.88
10/09/2026 05:04,15.25,0.004,7.89
10/09/2026 04:34,15.375,0.004,7.88
10/09/2026 04:04,15.5,0.004,7.89
10/09/2026 03:34,15.5,0.004,7.88
10/09/2026 03:04,16.5,0.004,7.88
10/09/2026 02:34,15.625,0.004,7.89
10/09/2026 02:04,15.625,0.004,7.89
10/09/2026 01:34,16.625,0.004,7.89
10/09/2026 01:04,14.75,0.004,7.89
10/09/2026 00:34,15.75,0.004,7.89
10/09/2026 00:04,15.875,0.004,7.89
09/09/2026 23:34,15.875,0.004,7.89
09/09/2026 23:04,15.875,0.004,7.89
09/09/2026 22:34,15.875,0.004,7.89
09/09/2026 22:04,15.875,0.004,7.89
09/09/2026 21:34,15.875,0.004,7.89
09/09/2026 21:04,15.875,0.004,7.88
09/09/2026 20:34,15.875,0.004,7.89
09/09/2026 20:04,15.875,0.004,7.89
09/09/2026 19:34,15.875,0.004,7.89
09/09/2026 19:04,15.875,0.004,7.89
09/09/2026 18:34,15.875,0.004,7.89
09/09/2026 18:04,15.875,0.004,7.88
09/09/2026 17:34,15.875,0.004,7.88
09/09/2026 17:04,15.75,0.004,7.88
09/09/2026 16:34,14.75,0.004,7.88
09/09/2026 16:04,15.625,0.004,7.88
09/09/2026 15:34,15.5,0.004,7.88
09/09/2026 15:04,15.5,0.004,7.88
09/09/2026 14:34,15.5,0.004,7.88
09/09/2026 14:04,15.5,0.004,7.88
09/09/2026 13:34,15.375,0.004,7.88
09/09/2026 13:04,15.5,0.004,7.88
09/09/2026 12:34,15.375,0.004,7.88
09/09/2026 12:04,15.375,0.004,7.88
09/09/2026 11:34,15.375,0.004,7.87
09/09/2026 11:04,15.375,0.004,7.88
09/09/2026 10:34,15.25,0.004,7.88
09/09/2026 10:04,15.375,0.004,7.87
09/09/2026 09:34,15.375,0.004,7.87
09/09/2026 09:04,15.375,0.004,7.87
09/09/2026 08:34,15.25,0.004,7.87
09/09/2026 08:04,15.375,0.004,7.87
09/09/2026 07:34,15.375,0.004,7.87
09/09/2026 07:04,15.5,0.004,7.87
09/09/2026 06:34,15.625,0.004,7.87
09/09/2026 06:04,15.625,0.004,7.87
09/09/2026 05:34,15.625,0.004,7.87
09/09/2026 05:04,15.625,0.004,7.87
09/09/2026 04:34,15.75,0.004,7.87
09/09/2026 04:04,15.75,0.004,7.86
09/09/2026 03:34,15.875,0.004,7.87
09/09/2026 03:04,15.875,0.004,7.87
09/09/2026 02:34,16,0.004,7.86
09/09/2026 02:04,16,0.004,7.86
09/09/2026 01:34,16.125,0.004,7.86
09/09/2026 01:04,16.125,0.004,7.86
09/09/2026 00:34,16,0.004,7.86
09/09/2026 00:04,16.25,0.004,7.86
08/09/2026 23:34,16.25,0.004,7.86
08/09/2026 23:04,16.25,0.004,7.86
08/09/2026 22:34,16.25,0.004,7.86
08/09/2026 22:04,16.375,0.004,7.86
08/09/2026 21:34,16.375,0.004,7.86
08/09/2026 21:04,16.25,0.003,7.85
08/09/2026 20:34,16.25,0.004,7.86
08/09/2026 20:04,16.25,0.004,7.86
08/09/2026 19:34,16.25,0.004,7.86
08/09/2026 19:04,16.5,0.004,7.86
08/09/2026 18:34,16.375,0.004,7.86
08/09/2026 18:04,16.375,0.004,7.86
08/09/2026 17:34,16.375,0.004,7.85
08/09/2026 17:04,16.25,0.004,7.85
08/09/2026 16:34,16.125,0.004,7.85
08/09/2026 16:04,16,0.004,7.85
08/09/2026 15:34,16,0.004,7.85
08/09/2026 15:04,16,0.004,7.85
08/09/2026 14:34,16,0.004,7.85
08/09/2026 14:04,15.875,0.004,7.85
08/09/2026 13:34,15.875,0.004,7.85
08/09/2026 13:04,15.75,0.004,7.85
08/09/2026 12:34,15.75,0.004,7.86
08/09/2026 12:04,15.75,0.004,7.87
08/09/2026 11:34,14.75,0.004,7.87
08/09/2026 11:04,15.625,0.004,7.87
08/09/2026 10:34,15.5,0.004,7.87
08/09/2026 10:04,15.625,0.004,7.87
08/09/2026 09:34,15.5,0.004,7.87
08/09/2026 09:04,15.375,0.004,7.87
08/09/2026 08:34,15.5,0.004,7.87
08/09/2026 08:04,15.5,0.004,7.87
08/09/2026 07:34,15.375,0.004,7.87
08/09/2026 07:04,15.625,0.004,7.87
08/09/2026 06:34,15.5,0.004,7.87
08/09/2026 06:04,14.75,0.004,7.87
08/09/2026 05:34,15.75,0.004,7.87
08/09/2026 05:04,15.75,0.004,7.86
08/09/2026 04:34,15.75,0.004,7.87
08/09/2026 04:04,15.875,0.004,7.87
08/09/2026 03:34,15.875,0.004,7.86
08/09/2026 03:04,15.875,0.004,7.87
08/09/2026 02:34,15.875,0.004,7.86
08/09/2026 02:04,16,0.004,7.86
08/09/2026 01:34,16.125,0.004,7.86
08/09/2026 01:04,16,0.004,7.86
08/09/2026 00:34,16.125,0.004,7.86
08/09/2026 00:04,16.375,0.004,7.86
07/09/2026 23:34,16.25,0.004,7.86
07/09/2026 23:04,16.25,0.004,7.85
07/09/2026 22:34,16.125,0.004,7.85
07/09/2026 22:04,16.25,0.004,7.85
07/09/2026 21:34,16.125,0.004,7.85
07/09/2026 21:04,16.375,0.004,7.85
07/09/2026 20:34,16.25,0.004,7.85
07/09/2026 20:04,16.375,0.004,7.85
07/09/2026 19:34,16.25,0.004,7.85
07/09/2026 19:04,16.375,0.004,7.85
07/09/2026 18:34,16.25,0.004,7.85
07/09/2026 18:04,16.25,0.004,7.84
07/09/2026 17:34,16.125,0.003,7.84
07/09/2026 17:04,16.125,0.003,7.84
07/09/2026 16:34,16,0.003,7.84
07/09/2026 16:04,16,0.003,7.84
07/09/2026 15:34,15.875,0.003,7.84
07/09/2026 15:04,15.875,0.003,7.84
07/09/2026 14:34,15.75,0.004,7.84
07/09/2026 14:04,16.625,0.003,7.84
07/09/2026 13:34,14.75,0.004,7.84
07/09/2026 13:04,15.625,0.004,7.85
07/09/2026 12:34,15.375,0.003,7.85
07/09/2026 12:04,15.25,0.004,7.86
07/09/2026 11:34,15.25,0.004,7.87
07/09/2026 11:04,15.125,0.004,7.88
07/09/2026 10:34,15.25,0.004,7.89
07/09/2026 10:04,15.125,0.004,7.89
07/09/2026 09:34,15,0.004,7.89
07/09/2026 09:04,14.875,0.004,7.89
07/09/2026 08:34,15.125,0.004,7.89
07/09/2026 08:04,15.125,0.004,7.89
07/09/2026 07:34,15,0.004,7.89
07/09/2026 07:04,15.125,0.004,7.89
07/09/2026 06:34,15.125,0.004,7.89
07/09/2026 06:04,15.125,0.004,7.89
07/09/2026 05:34,15.25,0.004,7.9
07/09/2026 05:04,15.125,0.004,7.89
07/09/2026 04:34,15.25,0.004,7.9
07/09/2026 04:04,15.25,0.004,7.9
07/09/2026 03:34,15.25,0.004,7.9
07/09/2026 03:04,15.375,0.004,7.9
07/09/2026 02:34,15.5,0.004,7.9
07/09/2026 02:04,15.5,0.004,7.9
07/09/2026 01:34,15.5,0.004,7.9
07/09/2026 01:04,14.75,0.004,7.9
07/09/2026 00:34,15.75,0.004,7.9
07/09/2026 00:04,14.75,0.004,7.9
06/09/2026 23:34,15.75,0.004,7.9
06/09/2026 23:04,15.875,0.004,7.9
06/09/2026 22:34,15.875,0.004,7.91
06/09/2026 22:04,15.875,0.004,7.91
06/09/2026 21:34,15.75,0.004,7.91
06/09/2026 21:04,15.75,0.004,7.91
06/09/2026 20:34,15.875,0.004,7.9
06/09/2026 20:04,15.75,0.004,7.91
06/09/2026 19:34,15.75,0.004,7.9
06/09/2026 19:04,15.875,0.004,7.9
06/09/2026 18:34,15.75,0.004,7.9
06/09/2026 18:04,15.75,0.004,7.9
06/09/2026 17:34,14.75,0.004,7.9
06/09/2026 17:04,15.75,0.004,7.9
06/09/2026 16:34,15.625,0.004,7.9
06/09/2026 16:04,15.75,0.004,7.91
06/09/2026 15:34,15.625,0.004,7.91
06/09/2026 15:04,15.625,0.004,7.9
06/09/2026 14:34,15.625,0.004,7.9
06/09/2026 14:04,15.75,0.004,7.91
06/09/2026 13:34,15.625,0.004,7.9
06/09/2026 13:04,15.5,0.004,7.9
06/09/2026 12:34,15.625,0.004,7.9
06/09/2026 12:04,15.625,0.004,7.9
06/09/2026 11:34,15.5,0.004,7.9
06/09/2026 11:04,15.375,0.004,7.9
06/09/2026 10:34,15.375,0.004,7.9
06/09/2026 10:04,15.375,0.004,7.9
06/09/2026 09:34,15.375,0.004,7.9
06/09/2026 09:04,15.25,0.004,7.9
06/09/2026 08:34,15.125,0.004,7.9
06/09/2026 08:04,15.25,0.004,7.9
06/09/2026 07:34,15.25,0.004,7.9
06/09/2026 07:04,15.25,0.004,7.9
06/09/2026 06:34,15.375,0.004,7.9
06/09/2026 06:04,15.375,0.004,7.9
06/09/2026 05:34,15.375,0.004,7.9
06/09/2026 05:04,15.375,0.004,7.9
06/09/2026 04:34,15.5,0.004,7.9
06/09/2026 04:04,15.375,0.004,7.9
06/09/2026 03:34,15.5,0.004,7.9
06/09/2026 03:04,15.5,0.004,7.9
06/09/2026 02:34,15.5,0.004,7.9
06/09/2026 02:04,15.625,0.004,7.9
06/09/2026 01:34,15.5,0.004,7.9
06/09/2026 01:04,15.5,0.004,7.9
06/09/2026 00:34,15.625,0.004,7.9
06/09/2026 00:04,16.5,0.004,7.9
05/09/2026 23:34,15.5,0.004,7.9
05/09/2026 23:04,15.625,0.004,7.9
05/09/2026 22:34,15.5,0.004,7.9
05/09/2026 22:04,15.625,0.004,7.9
05/09/2026 21:34,16.5,0.004,7.9
05/09/2026 21:04,14.75,0.004,7.89
05/09/2026 20:34,14.75,0.004,7.9
05/09/2026 20:04,15.625,0.004,7.9
05/09/2026 19:34,15.625,0.004,7.9
05/09/2026 19:04,15.625,0.004,7.9
05/09/2026 18:34,15.75,0.004,7.9
05/09/2026 18:04,16.625,0.004,7.9
05/09/2026 17:34,14.75,0.004,7.9
05/09/2026 17:04,15.625,0.004,7.9
05/09/2026 16:34,15.5,0.004,7.89
05/09/2026 16:04,15.625,0.004,7.89
05/09/2026 15:34,15.625,0.004,7.89
05/09/2026 15:04,15.375,0.004,7.89
05/09/2026 14:34,15.5,0.004,7.89
05/09/2026 14:04,15.5,0.004,7.89
05/09/2026 13:34,15.5,0.004,7.89
05/09/2026 13:04,15.5,0.004,7.89
05/09/2026 12:34,15.5,0.004,7.89
05/09/2026 12:04,15.375,0.004,7.89
05/09/2026 11:34,15.5,0.004,7.89
05/09/2026 11:04,15.375,0.004,7.89
05/09/2026 10:34,15.375,0.004,7.89
05/09/2026 10:04,15.375,0.003,7.89
05/09/2026 09:34,15.25,0.004,7.89
05/09/2026 09:04,15.25,0.004,7.89
05/09/2026 08:34,15.375,0.004,7.89
05/09/2026 08:04,15.375,0.004,7.89
05/09/2026 07:34,15.375,0.004,7.89
05/09/2026 07:04,15.375,0.004,7.89
05/09/2026 06:34,15.5,0.004,7.89
05/09/2026 06:04,15.375,0.004,7.89
05/09/2026 05:34,15.625,0.004,7.89
05/09/2026 05:04,15.625,0.004,7.89
05/09/2026 04:34,15.625,0.004,7.89
05/09/2026 04:04,15.625,0.004,7.89
05/09/2026 03:34,15.625,0.004,7.89
05/09/2026 03:04,15.625,0.004,7.89
05/09/2026 02:34,15.625,0.004,7.89
05/09/2026 02:04,15.75,0.004,7.89
05/09/2026 01:34,15.875,0.004,7.89
05/09/2026 01:04,15.875,0.004,7.89
05/09/2026 00:34,15.875,0.003,7.89
05/09/2026 00:04,16,0.003,7.89
04/09/2026 23:34,16.125,0.004,7.89
04/09/2026 23:04,16.125,0.004,7.89
04/09/2026 22:34,16.25,0.003,7.89
04/09/2026 22:04,16.25,0.003,7.89
04/09/2026 21:34,16.25,0.003,7.89
04/09/2026 21:04,16.125,0.003,7.88
04/09/2026 20:34,16,0.003,7.89
04/09/2026 20:04,16,0.003,7.89
04/09/2026 19:34,16.125,0.003,7.88
04/09/2026 19:04,16.125,0.003,7.88
04/09/2026 18:34,16.125,0.003,7.88
04/09/2026 18:04,16.125,0.003,7.88
04/09/2026 17:34,16.125,0.003,7.88
04/09/2026 17:04,16,0.003,7.87
04/09/2026 16:34,15.875,0.003,7.88
04/09/2026 16:04,15.875,0.003,7.88
04/09/2026 15:34,15.75,0.003,7.88
04/09/2026 15:04,15.75,0.003,7.88
04/09/2026 14:34,15.75,0.003,7.88
04/09/2026 14:04,15.75,0.003,7.88
04/09/2026 13:34,15.75,0.003,7.88
04/09/2026 13:04,16.625,0.003,7.88
04/09/2026 12:34,15.75,0.003,7.88
04/09/2026 12:04,15.625,0.003,7.88
04/09/2026 11:34,15.625,0.003,7.88
04/09/2026 11:04,15.625,0.003,7.88
04/09/2026 10:34,15.75,0.003,7.87
04/09/2026 10:04,15.625,0.003,7.87
04/09/2026 09:34,14.75,0.003,7.87
04/09/2026 09:04,15.75,0.003,7.87
04/09/2026 08:34,15.75,0.003,7.87
04/09/2026 08:04,15.75,0.003,7.87
04/09/2026 07:34,15.75,0.003,7.87
04/09/2026 07:04,15.75,0.003,7.87
04/09/2026 06:34,15.75,0.003,7.87
04/09/2026 06:04,15.75,0.003,7.87
04/09/2026 05:34,15.875,0.003,7.87
04/09/2026 05:04,15.875,0.003,7.87
04/09/2026 04:34,15.875,0.003,7.87
04/09/2026 04:04,15.875,0.003,7.87
04/09/2026 03:34,16,0.003,7.86
04/09/2026 03:04,16,0.003,7.86
04/09/2026 02:34,16,0.003,7.86
04/09/2026 02:04,16.25,0.003,7.86
04/09/2026 01:34,16,0.003,7.86
04/09/2026 01:04,16,0.003,7.86
04/09/2026 00:34,16.125,0.003,7.86
04/09/2026 00:04,16.375,0.003,7.86
03/09/2026 23:34,16.125,0.003,7.86
03/09/2026 23:04,16.25,0.003,7.86
03/09/2026 22:34,16.375,0.003,7.86
03/09/2026 22:04,16.375,0.003,7.86
03/09/2026 21:34,16.375,0.003,7.86
03/09/2026 21:04,16.375,0.003,7.86
03/09/2026 20:34,16.375,0.003,7.86
03/09/2026 20:04,16.375,0.003,7.86
03/09/2026 19:34,16.5,0.003,7.86
03/09/2026 19:04,16.375,0.003,7.86
03/09/2026 18:34,16.375,0.003,7.86
03/09/2026 18:04,16.375,0.003,7.86
03/09/2026 17:34,16.375,0.003,7.86
03/09/2026 17:04,16.125,0.003,7.87
03/09/2026 16:34,16.375,0.003,7.86
03/09/2026 16:04,16.125,0.003,7.87
03/09/2026 15:34,16,0.003,7.87
03/09/2026 15:04,16,0.003,7.88
03/09/2026 14:34,16,0.003,7.89
03/09/2026 14:04,15.75,0.003,7.89
03/09/2026 13:34,15.75,0.003,7.89
03/09/2026 13:04,15.75,0.003,7.89
03/09/2026 12:34,14.75,0.003,7.89
03/09/2026 12:30,15.625,0.003,7.89
03/09/2026 12:04,15.625,0.003,7.89
03/09/2026 11:34,16.625,0.003,7.89
03/09/2026 11:04,15.625,0.003,7.89
03/09/2026 10:34,15.625,0.003,7.89
03/09/2026 10:04,14.75,0.003,7.89
03/09/2026 09:34,16.625,0.003,7.89
03/09/2026 09:04,14.75,0.003,7.9
03/09/2026 08:34,15.625,0.003,7.9
03/09/2026 08:04,14.75,0.003,7.91
03/09/2026 07:34,15.625,0.003,7.9
03/09/2026 07:04,16.5,0.003,7.9
03/09/2026 06:34,14.75,0.003,7.9
03/09/2026 06:04,15.75,0.003,7.9
03/09/2026 05:34,16.625,0.003,7.9
03/09/2026 05:04,15.875,0.003,7.91
03/09/2026 04:34,15.875,0.003,7.9
03/09/2026 04:04,16,0.003,7.91
03/09/2026 03:34,16,0.003,7.91
03/09/2026 03:04,16.125,0.003,7.91
03/09/2026 02:34,16.125,0.003,7.91
03/09/2026 02:04,16.375,0.003,7.91
03/09/2026 01:34,16.375,0.003,7.91
03/09/2026 01:04,16.375,0.003,7.91
03/09/2026 00:34,16.375,0.003,7.92
03/09/2026 00:04,16.375,0.003,7.91
02/09/2026 23:34,16.625,0.003,7.92
02/09/2026 23:04,16.625,0.003,7.92
02/09/2026 22:34,17.625,0.003,7.91
02/09/2026 22:04,16.625,0.003,7.91
02/09/2026 21:34,16.75,0.003,7.91
02/09/2026 21:04,16.75,0.003,7.92
02/09/2026 20:34,16.75,0.003,7.91
02/09/2026 20:04,17.625,0.003,7.91
02/09/2026 19:34,16.875,0.003,7.91
02/09/2026 19:04,16.875,0.003,7.92
02/09/2026 18:34,17,0.003,7.92
02/09/2026 18:04,16.875,0.003,7.92
02/09/2026 17:34,15.875,0.003,7.92
02/09/2026 17:04,16.875,0.003,7.92
02/09/2026 16:34,17.625,0.003,7.93
02/09/2026 16:04,16.5,0.003,7.93
02/09/2026 15:34,16.5,0.003,7.93
02/09/2026 15:04,16.5,0.003,7.93
02/09/2026 14:34,16.375,0.003,7.93
02/09/2026 14:04,16.375,0.003,7.93
02/09/2026 13:34,16.375,0.003,7.93
02/09/2026 13:04,16.5,0.003,7.93
02/09/2026 12:34,16.375,0.003,7.93
02/09/2026 12:04,16.375,0.003,7.93
02/09/2026 11:34,16.375,0.003,7.94
02/09/2026 11:04,16.5,0.003,7.95
02/09/2026 10:34,17,0.003,7.96
02/09/2026 10:04,15.5,0.003,7.94
02/09/2026 09:34,15.5,0.003,7.94
02/09/2026 09:04,15.625,0.003,7.94
02/09/2026 08:34,15.625,0.003,7.94
02/09/2026 08:04,15.5,0.003,7.94
02/09/2026 07:34,15.5,0.003,7.93
02/09/2026 07:04,15.625,0.003,7.94
02/09/2026 06:34,15.625,0.003,7.94
02/09/2026 06:04,14.75,0.003,7.94
02/09/2026 05:34,15.75,0.003,7.94
02/09/2026 05:04,15.625,0.003,7.93
02/09/2026 04:34,15.75,0.003,7.93
02/09/2026 04:04,15.75,0.003,7.93
02/09/2026 03:34,15.875,0.003,7.93
02/09/2026 03:04,15.875,0.003,7.93
02/09/2026 02:34,15.875,0.003,7.93
02/09/2026 02:04,16,0.003,7.93
02/09/2026 01:34,16,0.003,7.93
02/09/2026 01:04,16,0.003,7.93
02/09/2026 00:34,16,0.003,7.93
02/09/2026 00:04,16.125,0.003,7.93
01/09/2026 23:34,16,0.003,7.93
01/09/2026 23:04,16.125,0.003,7.93
01/09/2026 22:34,16.25,0.003,7.93
01/09/2026 22:04,16.125,0.003,7.93
01/09/2026 21:34,16.125,0.003,7.93
01/09/2026 21:04,16.25,0.003,7.93
01/09/2026 20:34,16.125,0.003,7.93
01/09/2026 20:04,16,0.003,7.93
01/09/2026 19:34,16,0.003,7.92
01/09/2026 19:04,16,0.003,7.93
01/09/2026 18:34,16,0.003,7.92
01/09/2026 18:04,16,0.003,7.92
01/09/2026 17:34,15.875,0.003,7.92
01/09/2026 17:04,15.75,0.003,7.92
01/09/2026 16:34,15.625,0.003,7.92
01/09/2026 16:04,15.75,0.003,7.92
01/09/2026 15:34,15.5,0.003,7.92
01/09/2026 15:04,15.625,0.003,7.92
01/09/2026 14:34,15.5,0.003,7.92
01/09/2026 14:04,15.5,0.003,7.92
01/09/2026 13:34,15.375,0.003,7.92
01/09/2026 13:04,15.375,0.003,7.92
01/09/2026 12:34,15.25,0.003,7.92
01/09/2026 12:04,15.375,0.003,7.92
01/09/2026 11:34,15.375,0.003,7.92
01/09/2026 11:04,15.25,0.003,7.92
01/09/2026 10:34,15.125,0.003,7.92
01/09/2026 10:04,15.25,0.003,7.93
01/09/2026 09:34,15.25,0.003,7.93
01/09/2026 09:04,15.125,0.003,7.92
01/09/2026 08:34,15.25,0.003,7.92
01/09/2026 08:04,15.25,0.003,7.92
01/09/2026 07:34,15.25,0.003,7.92
01/09/2026 07:04,15.25,0.003,7.93
01/09/2026 06:34,15.25,0.003,7.93
01/09/2026 06:04,15.375,0.003,7.93
01/09/2026 05:34,15.375,0.003,7.93
01/09/2026 05:04,15.5,0.003,7.93
01/09/2026 04:34,15.5,0.003,7.93
01/09/2026 04:04,15.375,0.003,7.92
01/09/2026 03:34,15.5,0.003,7.93
01/09/2026 03:04,15.5,0.003,7.93
01/09/2026 02:34,16.625,0.003,7.92
01/09/2026 02:04,15.625,0.003,7.92
01/09/2026 01:34,16.625,0.003,7.92
01/09/2026 01:04,15.75,0.003,7.92
01/09/2026 00:34,14.75,0.003,7.92
01/09/2026 00:04,15.75,0.003,7.92
31/08/2026 23:34,15.75,0.003,7.92
31/08/2026 23:04,15.875,0.003,7.92
31/08/2026 22:34,15.875,0.003,7.92
31/08/2026 22:04,15.875,0.003,7.92
31/08/2026 21:34,15.875,0.003,7.92
31/08/2026 21:04,15.875,0.003,7.92
31/08/2026 20:34,15.75,0.003,7.92
31/08/2026 20:04,15.75,0.003,7.92
31/08/2026 19:34,15.75,0.003,7.92
31/08/2026 19:04,14.75,0.003,7.92
31/08/2026 18:34,15.75,0.003,7.92
31/08/2026 18:04,16.625,0.003,7.92
31/08/2026 17:34,16.625,0.003,7.91
31/08/2026 17:04,14.75,0.003,7.91
31/08/2026 16:34,15.5,0.003,7.91
31/08/2026 16:04,15.375,0.003,7.91
31/08/2026 15:34,15.375,0.003,7.91
31/08/2026 15:04,15.25,0.003,7.91
31/08/2026 14:34,15.125,0.003,7.91
31/08/2026 14:04,15.125,0.003,7.91
31/08/2026 13:34,14.875,0.003,7.91
31/08/2026 13:04,14.875,0.003,7.91
31/08/2026 12:34,14.75,0.003,7.91
31/08/2026 12:04,14.875,0.003,7.91
31/08/2026 11:34,14.75,0.003,7.91
31/08/2026 11:04,14.875,0.003,7.91
31/08/2026 10:34,14.75,0.003,7.91
31/08/2026 10:04,14.875,0.003,7.91
31/08/2026 09:34,14.875,0.003,7.91
31/08/2026 09:04,14.875,0.003,7.91
31/08/2026 08:34,14.875,0.003,7.91
31/08/2026 08:04,15,0.003,7.91
31/08/2026 07:34,14.875,0.003,7.91
31/08/2026 07:04,15,0.003,7.91
31/08/2026 06:34,15.125,0.003,7.91
31/08/2026 06:04,15.125,0.003,7.91
31/08/2026 05:34,15.125,0.003,7.91
31/08/2026 05:04,15.25,0.003,7.91
31/08/2026 04:34,15.25,0.003,7.91
31/08/2026 04:04,15.25,0.003,7.91
31/08/2026 03:34,15.375,0.003,7.92
31/08/2026 03:04,15.5,0.003,7.92
31/08/2026 02:34,15.5,0.003,7.92
31/08/2026 02:04,14.75,0.003,7.91
31/08/2026 01:34,15.625,0.003,7.92
31/08/2026 01:04,14.75,0.003,7.92
31/08/2026 00:34,14.75,0.003,7.91
31/08/2026 00:04,15.75,0.003,7.92
30/08/2026 23:34,15.875,0.003,7.92
30/08/2026 23:04,15.75,0.003,7.92
30/08/2026 22:34,15.875,0.003,7.91
30/08/2026 22:04,15.75,0.003,7.92
30/08/2026 21:34,15.875,0.003,7.91
30/08/2026 21:04,15.75,0.003,7.91
30/08/2026 20:34,15.875,0.003,7.91
30/08/2026 20:04,15.875,0.003,7.91
30/08/2026 19:34,15.875,0.003,7.91
30/08/2026 19:04,15.75,0.003,7.91
30/08/2026 18:34,15.875,0.003,7.91
30/08/2026 18:04,15.75,0.003,7.91
30/08/2026 17:34,16.625,0.003,7.91
30/08/2026 17:04,15.75,0.003,7.91
30/08/2026 16:34,15.5,0.003,7.91
30/08/2026 16:04,15.625,0.003,7.91
30/08/2026 15:34,15.5,0.003,7.91
30/08/2026 15:04,15.375,0.003,7.9
30/08/2026 14:34,15.375,0.003,7.9
30/08/2026 14:04,15.125,0.003,7.9
30/08/2026 13:34,15.25,0.003,7.9
30/08/2026 13:04,15.125,0.003,7.9
30/08/2026 12:34,15.125,0.003,7.9
30/08/2026 12:04,15.125,0.003,7.9
30/08/2026 11:34,15.125,0.003,7.9
30/08/2026 11:04,15.125,0.003,7.9
30/08/2026 10:34,15.125,0.003,7.9
30/08/2026 10:04,15.125,0.003,7.9
30/08/2026 09:34,15.125,0.003,7.9
30/08/2026 09:04,15.25,0.003,7.9
30/08/2026 08:34,15.125,0.003,7.9
30/08/2026 08:04,15.375,0.003,7.9
30/08/2026 07:34,15.5,0.003,7.9
30/08/2026 07:04,15.375,0.003,7.9
30/08/2026 06:34,15.25,0.003,7.9
30/08/2026 06:04,15.25,0.003,7.9
30/08/2026 05:34,15.125,0.003,7.9
30/08/2026 05:04,15.125,0.003,7.9
30/08/2026 04:34,15.125,0.003,7.9
30/08/2026 04:04,15.25,0.003,7.9
30/08/2026 03:34,15.25,0.003,7.9
30/08/2026 03:04,15.375,0.003,7.9
30/08/2026 02:34,15.375,0.003,7.9
30/08/2026 02:04,15.25,0.003,7.9
30/08/2026 01:34,15.375,0.003,7.9
30/08/2026 01:04,15.5,0.003,7.9
30/08/2026 00:34,15.5,0.003,7.9
30/08/2026 00:04,15.625,0.003,7.9
29/08/2026 23:34,15.625,0.003,7.9
29/08/2026 23:04,14.75,0.003,7.9
29/08/2026 22:34,16.625,0.003,7.9
29/08/2026 22:04,15.625,0.003,7.9
29/08/2026 21:34,15.75,0.003,7.9
29/08/2026 21:04,15.625,0.003,7.9
29/08/2026 20:34,15.75,0.003,7.9
29/08/2026 20:04,15.75,0.003,7.9
29/08/2026 19:34,16.625,0.003,7.9
29/08/2026 19:04,14.75,0.003,7.9
29/08/2026 18:34,15.625,0.003,7.9
29/08/2026 18:04,15.625,0.003,7.9
29/08/2026 17:34,15.5,0.003,7.89
29/08/2026 17:04,15.5,0.003,7.89
29/08/2026 16:34,15.375,0.003,7.89
29/08/2026 16:04,15.25,0.003,7.89
29/08/2026 15:34,15.25,0.003,7.89
29/08/2026 15:04,15.125,0.003,7.89
29/08/2026 14:34,15,0.003,7.89
29/08/2026 14:04,15,0.003,7.89
29/08/2026 13:34,14.875,0.003,7.88
29/08/2026 13:04,14.875,0.003,7.89
29/08/2026 12:34,14.875,0.003,7.88
29/08/2026 12:04,14.75,0.003,7.88
29/08/2026 11:34,14.75,0.003,7.88
29/08/2026 11:04,13.75,0.003,7.88
29/08/2026 10:34,14.75,0.003,7.88
29/08/2026 10:04,14.75,0.003,7.88
29/08/2026 09:34,14.875,0.003,7.88
29/08/2026 09:04,14.75,0.003,7.88
29/08/2026 08:34,14.875,0.003,7.88
29/08/2026 08:04,14.875,0.003,7.88
29/08/2026 07:34,14.875,0.003,7.88
29/08/2026 07:04,14.875,0.003,7.88
29/08/2026 06:34,15,0.003,7.88
29/08/2026 06:04,15,0.003,7.88
29/08/2026 05:34,15.125,0.003,7.88
29/08/2026 05:04,15.25,0.003,7.88
29/08/2026 04:34,15.25,0.003,7.88
29/08/2026 04:04,15,0.003,7.88
29/08/2026 03:34,15.125,0.003,7.88
29/08/2026 03:04,15.25,0.003,7.88
29/08/2026 02:34,15.25,0.003,7.88
29/08/2026 02:04,15.25,0.003,7.88
29/08/2026 01:34,15.25,0.003,7.88
29/08/2026 01:04,15.25,0.003,7.88
29/08/2026 00:34,15.375,0.003,7.88
29/08/2026 00:04,15.375,0.003,7.88
28/08/2026 23:34,15.5,0.003,7.88
28/08/2026 23:04,15.375,0.003,7.88
28/08/2026 22:34,15.5,0.003,7.88
28/08/2026 22:04,15.5,0.003,7.88
28/08/2026 21:34,15.5,0.003,7.88
28/08/2026 21:04,15.5,0.003,7.88
28/08/2026 20:34,15.5,0.003,7.88
28/08/2026 20:04,15.5,0.003,7.89
28/08/2026 19:34,15.5,0.003,7.89
28/08/2026 19:04,15.5,0.003,7.89
28/08/2026 18:34,15.5,0.003,7.9
28/08/2026 18:04,15.5,0.003,7.9
28/08/2026 17:34,15.5,0.003,7.9
28/08/2026 17:04,15.375,0.003,7.9
28/08/2026 16:34,15.125,0.003,7.9
28/08/2026 16:04,15.125,0.003,7.9
28/08/2026 15:34,15.25,0.003,7.9
28/08/2026 15:04,15.125,0.003,7.9
28/08/2026 14:34,15.125,0.003,7.9
28/08/2026 14:04,15,0.003,7.9
28/08/2026 13:34,15.125,0.003,7.9
28/08/2026 13:04,15,0.003,7.9
28/08/2026 12:34,15.125,0.003,7.9
28/08/2026 12:04,15,0.003,7.9
28/08/2026 11:34,15,0.003,7.9
28/08/2026 11:04,15,0.003,7.9
28/08/2026 10:34,14.875,0.003,7.9
28/08/2026 10:04,14.875,0.003,7.9
28/08/2026 09:34,14.875,0.003,7.9
28/08/2026 09:04,14.875,0.003,7.9
28/08/2026 08:34,14.875,0.003,7.9
28/08/2026 08:04,14.875,0.003,7.9
28/08/2026 07:34,15,0.003,7.9
28/08/2026 07:04,15.125,0.003,7.9
28/08/2026 06:34,15.125,0.003,7.9
28/08/2026 06:04,15,0.003,7.9
28/08/2026 05:34,15.125,0.003,7.9
28/08/2026 05:04,15,0.003,7.9
28/08/2026 04:34,15.125,0.003,7.9
28/08/2026 04:04,15.25,0.003,7.9
28/08/2026 03:34,15.375,0.003,7.9
28/08/2026 03:04,15.125,0.003,7.9
28/08/2026 02:34,15.25,0.003,7.9
28/08/2026 02:04,15.375,0.003,7.9
28/08/2026 01:34,15.25,0.003,7.9
28/08/2026 01:04,15.25,0.003,7.9
28/08/2026 00:34,15.25,0.003,7.9
28/08/2026 00:04,15.5,0.003,7.9
27/08/2026 23:34,15.375,0.003,7.9
27/08/2026 23:04,15.5,0.003,7.9
27/08/2026 22:34,15.5,0.003,7.9
27/08/2026 22:04,15.625,0.003,7.9
27/08/2026 21:34,15.625,0.003,7.9
27/08/2026 21:04,15.625,0.003,7.9
27/08/2026 20:34,15.5,0.003,7.9
27/08/2026 20:04,15.625,0.003,7.9
27/08/2026 19:34,15.625,0.003,7.9
27/08/2026 19:04,15.625,0.003,7.9
27/08/2026 18:34,15.625,0.003,7.9
27/08/2026 18:04,15.625,0.003,7.9
27/08/2026 17:34,15.625,0.003,7.9
27/08/2026 17:04,15.625,0.003,7.9
27/08/2026 16:34,15.5,0.003,7.9
27/08/2026 16:04,15.375,0.003,7.9
27/08/2026 15:34,15.375,0.003,7.9
27/08/2026 15:04,15.375,0.003,7.9
27/08/2026 14:34,15.375,0.003,7.89
27/08/2026 14:04,15.375,0.003,7.9
27/08/2026 13:34,15.5,0.003,7.9
27/08/2026 13:04,15.5,0.003,7.89
27/08/2026 12:34,15.375,0.003,7.9
27/08/2026 12:04,15.5,0.003,7.89
27/08/2026 11:34,15.5,0.003,7.89
27/08/2026 11:04,15.375,0.003,7.89
27/08/2026 10:34,15.375,0.003,7.89
27/08/2026 10:04,15.25,0.003,7.89
27/08/2026 09:34,15.375,0.003,7.89
27/08/2026 09:04,15.375,0.003,7.89
27/08/2026 08:34,15.25,0.003,7.89
27/08/2026 08:04,15.375,0.003,7.89
27/08/2026 07:34,15.375,0.003,7.89
27/08/2026 07:04,15.375,0.003,7.89
27/08/2026 06:34,15.375,0.003,7.89
27/08/2026 06:04,15.375,0.003,7.89
27/08/2026 05:34,15.625,0.003,7.89
27/08/2026 05:04,15.625,0.003,7.89
27/08/2026 04:34,15.5,0.003,7.89
27/08/2026 04:04,15.625,0.003,7.89
27/08/2026 03:34,15.625,0.003,7.89
27/08/2026 03:04,14.75,0.003,7.89
27/08/2026 02:34,16.625,0.003,7.89
27/08/2026 02:04,15.875,0.003,7.88
27/08/2026 01:34,15.875,0.003,7.88
27/08/2026 01:04,16,0.003,7.88
27/08/2026 00:34,16,0.003,7.88
27/08/2026 00:04,16,0.003,7.88
26/08/2026 23:34,16.125,0.003,7.88
26/08/2026 23:04,16.25,0.003,7.88
26/08/2026 22:34,16.25,0.003,7.88
26/08/2026 22:04,16.125,0.003,7.88
26/08/2026 21:34,16.25,0.003,7.88
26/08/2026 21:04,16.125,0.003,7.88
26/08/2026 20:34,16.125,0.003,7.88
26/08/2026 20:04,16.125,0.003,7.88
26/08/2026 19:34,16.125,0.003,7.88
26/08/2026 19:04,16.125,0.003,7.88
26/08/2026 18:34,16.125,0.003,7.87
26/08/2026 18:04,16,0.003,7.87
26/08/2026 17:34,16,0.003,7.87
26/08/2026 17:04,15.875,0.003,7.87
26/08/2026 16:34,16,0.003,7.87
26/08/2026 16:04,15.75,0.003,7.87
26/08/2026 15:34,15.75,0.003,7.87
26/08/2026 15:04,14.75,0.003,7.87
26/08/2026 14:34,16.625,0.003,7.86
26/08/2026 14:04,14.875,0.003,7.86
26/08/2026 13:34,15.75,0.003,7.86
26/08/2026 13:04,15.375,0.003,7.86
26/08/2026 12:34,15.5,0.003,7.87
26/08/2026 12:04,15.5,0.003,7.87
26/08/2026 11:34,15.375,0.003,7.86
26/08/2026 11:04,15.5,0.003,7.87
26/08/2026 10:34,15.375,0.003,7.87
26/08/2026 10:04,15.25,0.003,7.88
26/08/2026 09:34,15.125,0.003,7.88
26/08/2026 09:04,15.25,0.003,7.88
26/08/2026 08:34,15.25,0.003,7.88
26/08/2026 08:04,15.375,0.003,7.88
26/08/2026 07:34,15.25,0.003,7.88
26/08/2026 07:04,15.375,0.003,7.87
26/08/2026 06:34,15.375,0.003,7.87
26/08/2026 06:04,15.375,0.003,7.87
26/08/2026 05:34,15.5,0.003,7.87
26/08/2026 05:04,15.375,0.003,7.87
26/08/2026 04:34,15.625,0.003,7.87
26/08/2026 04:04,15.625,0.003,7.87
26/08/2026 03:34,14.75,0.003,7.87
26/08/2026 03:04,15.625,0.003,7.87
26/08/2026 02:34,15.75,0.003,7.87
26/08/2026 02:04,15.75,0.003,7.87
26/08/2026 01:34,15.875,0.003,7.86
26/08/2026 01:04,15.875,0.003,7.86
26/08/2026 00:34,16,0.003,7.86
26/08/2026 00:04,16,0.003,7.87
25/08/2026 23:34,16.125,0.003,7.86
25/08/2026 23:04,16.125,0.003,7.86
25/08/2026 22:34,16.25,0.003,7.86
25/08/2026 22:04,16.125,0.003,7.86
25/08/2026 21:34,16,0.003,7.86
25/08/2026 21:04,16,0.003,7.86
25/08/2026 20:34,16,0.003,7.85
25/08/2026 20:04,16,0.003,7.85
25/08/2026 19:34,16.125,0.003,7.85
25/08/2026 19:04,16.125,0.003,7.85
25/08/2026 18:34,16,0.003,7.85
25/08/2026 18:04,16,0.003,7.85
25/08/2026 17:34,15.875,0.003,7.85
25/08/2026 17:04,15.875,0.003,7.85
25/08/2026 16:34,15.75,0.003,7.85
25/08/2026 16:04,15.75,0.003,7.85
25/08/2026 15:34,15.625,0.003,7.85
25/08/2026 15:04,15.5,0.003,7.85
25/08/2026 14:34,14.75,0.003,7.85
25/08/2026 14:04,15.625,0.003,7.85
25/08/2026 13:34,15.5,0.003,7.86
25/08/2026 13:04,15.375,0.003,7.86
25/08/2026 12:34,15.5,0.003,7.86
25/08/2026 12:04,15.5,0.003,7.86
25/08/2026 11:34,15.375,0.003,7.87
25/08/2026 11:04,15.375,0.003,7.87
25/08/2026 10:34,15.25,0.003,7.87
25/08/2026 10:04,15.25,0.003,7.87
25/08/2026 09:34,15.125,0.003,7.87
25/08/2026 09:04,15.25,0.003,7.87
25/08/2026 08:34,15.25,0.003,7.87
25/08/2026 08:04,15.25,0.003,7.87
25/08/2026 07:34,15.375,0.003,7.87
25/08/2026 07:04,15.375,0.003,7.87
25/08/2026 06:34,15.375,0.003,7.87
25/08/2026 06:04,15.625,0.003,7.87
25/08/2026 05:34,15.5,0.003,7.87
25/08/2026 05:04,15.625,0.003,7.87
25/08/2026 04:34,15.625,0.003,7.87
25/08/2026 04:04,15.75,0.003,7.87
25/08/2026 03:34,15.75,0.003,7.87
25/08/2026 03:04,15.75,0.003,7.87
25/08/2026 02:34,15.75,0.003,7.87
25/08/2026 02:04,15.875,0.003,7.87
25/08/2026 01:34,15.875,0.003,7.87
25/08/2026 01:04,16,0.003,7.86
25/08/2026 00:34,16,0.003,7.87
25/08/2026 00:04,16,0.003,7.86
24/08/2026 23:34,16.125,0.003,7.87
24/08/2026 23:04,16.125,0.003,7.86
24/08/2026 22:34,16.125,0.003,7.86
24/08/2026 22:04,16.25,0.003,7.86
24/08/2026 21:34,16.125,0.003,7.86
24/08/2026 21:04,16,0.003,7.86
24/08/2026 20:34,16.125,0.003,7.86
24/08/2026 20:04,16.125,0.003,7.86
24/08/2026 19:34,16.125,0.003,7.86
24/08/2026 19:04,16.125,0.003,7.86
24/08/2026 18:34,16,0.003,7.86
24/08/2026 18:04,16,0.003,7.85
24/08/2026 17:34,15.875,0.003,7.85
24/08/2026 17:04,15.875,0.003,7.85
24/08/2026 16:34,15.75,0.003,7.85
24/08/2026 16:04,16.625,0.003,7.85
24/08/2026 15:34,14.75,0.003,7.85
24/08/2026 15:04,15.625,0.003,7.86
24/08/2026 14:34,15.5,0.003,7.86
24/08/2026 14:04,15.5,0.003,7.87
24/08/2026 13:34,15.375,0.003,7.87
24/08/2026 13:04,15.375,0.003,7.87
24/08/2026 12:34,15.375,0.003,7.88
24/08/2026 12:04,15.25,0.003,7.88
24/08/2026 11:34,15.25,0.003,7.88
24/08/2026 11:04,15.25,0.003,7.88
24/08/2026 10:34,15.25,0.003,7.88
24/08/2026 10:04,15,0.003,7.89
24/08/2026 09:34,15.125,0.003,7.88
24/08/2026 09:04,15,0.003,7.89
24/08/2026 08:34,15.125,0.003,7.89
24/08/2026 08:04,15.125,0.003,7.88
24/08/2026 07:34,15,0.003,7.89
24/08/2026 07:04,15.125,0.003,7.89
24/08/2026 06:34,15.125,0.003,7.89
24/08/2026 06:04,15.25,0.003,7.89
24/08/2026 05:34,15.375,0.003,7.89
24/08/2026 05:04,15.25,0.003,7.89
24/08/2026 04:34,15.5,0.003,7.89
24/08/2026 04:04,15.5,0.003,7.89
24/08/2026 03:34,15.5,0.003,7.89
24/08/2026 03:04,15.625,0.003,7.89
24/08/2026 02:34,15.625,0.003,7.89
24/08/2026 02:04,15.625,0.003,7.89
24/08/2026 01:34,16.5,0.003,7.89
24/08/2026 01:04,15.75,0.003,7.89
24/08/2026 00:34,15.75,0.003,7.89
24/08/2026 00:04,15.75,0.003,7.89
23/08/2026 23:34,15.875,0.003,7.89
23/08/2026 23:04,15.875,0.003,7.89
23/08/2026 22:34,15.875,0.003,7.89
23/08/2026 22:04,15.875,0.003,7.88
23/08/2026 21:34,15.875,0.003,7.88
23/08/2026 21:04,15.75,0.003,7.88
23/08/2026 20:34,15.75,0.003,7.88
23/08/2026 20:04,15.875,0.003,7.88
23/08/2026 19:34,15.875,0.003,7.88
23/08/2026 19:04,15.875,0.003,7.88
23/08/2026 18:34,15.875,0.003,7.88
23/08/2026 18:04,15.75,0.003,7.88
23/08/2026 17:34,15.75,0.003,7.88
23/08/2026 17:04,16.625,0.003,7.88
23/08/2026 16:34,15.75,0.003,7.88
23/08/2026 16:04,15.625,0.003,7.88
23/08/2026 15:34,15.625,0.003,7.88
23/08/2026 15:04,15.375,0.003,7.87
23/08/2026 14:34,15.375,0.003,7.88
23/08/2026 14:04,15.375,0.003,7.87
23/08/2026 13:34,15.125,0.003,7.87
23/08/2026 13:04,15.375,0.003,7.87
23/08/2026 12:34,15.25,0.003,7.87
23/08/2026 12:04,15.125,0.003,7.87
23/08/2026 11:34,15.25,0.003,7.87
23/08/2026 11:04,15.25,0.003,7.87
23/08/2026 10:34,15.25,0.003,7.87
23/08/2026 10:04,15.25,0.003,7.87
23/08/2026 09:34,15.375,0.003,7.87
23/08/2026 09:04,15.25,0.003,7.87
23/08/2026 08:34,15.125,0.003,7.87
23/08/2026 08:04,15.25,0.003,7.87
23/08/2026 07:34,15.5,0.003,7.87
23/08/2026 07:04,15.375,0.003,7.87
23/08/2026 06:34,15.5,0.003,7.87
23/08/2026 06:04,15.5,0.003,7.87
23/08/2026 05:34,15.625,0.003,7.87
23/08/2026 05:04,16.625,0.003,7.87
23/08/2026 04:34,15.75,0.003,7.87
23/08/2026 04:04,16.625,0.003,7.87
23/08/2026 03:34,15.625,0.003,7.87
23/08/2026 03:04,15.875,0.003,7.87
23/08/2026 02:34,15.75,0.003,7.87
23/08/2026 02:04,15.875,0.003,7.87
23/08/2026 01:34,15.875,0.003,7.86
23/08/2026 01:04,16,0.003,7.86
23/08/2026 00:34,16,0.003,7.86
23/08/2026 00:04,16,0.003,7.86
22/08/2026 23:34,16.125,0.003,7.86
22/08/2026 23:04,16.125,0.003,7.86
22/08/2026 22:34,16.25,0.003,7.86
22/08/2026 22:04,16.125,0.003,7.86
22/08/2026 21:34,16.25,0.003,7.86
22/08/2026 21:04,16.125,0.003,7.85
22/08/2026 20:34,16,0.003,7.85
22/08/2026 20:04,16.125,0.003,7.85
22/08/2026 19:34,16,0.003,7.85
22/08/2026 19:04,16.25,0.003,7.85
22/08/2026 18:34,16.25,0.003,7.85
22/08/2026 18:04,16.125,0.003,7.85
22/08/2026 17:34,16,0.003,7.85
22/08/2026 17:04,15.875,0.003,7.85
22/08/2026 16:34,15.875,0.003,7.84
22/08/2026 16:04,15.75,0.003,7.84
22/08/2026 15:34,15.75,0.003,7.84
22/08/2026 15:04,14.75,0.003,7.84
22/08/2026 14:34,15.625,0.003,7.84
22/08/2026 14:04,15.625,0.003,7.83
22/08/2026 13:34,15.625,0.003,7.83
22/08/2026 13:04,15.5,0.003,7.83
22/08/2026 12:34,15.5,0.003,7.83
22/08/2026 12:04,15.5,0.003,7.83
22/08/2026 11:34,15.375,0.003,7.82
22/08/2026 11:04,15.375,0.003,7.82
22/08/2026 10:34,15.375,0.003,7.82
22/08/2026 10:04,15.375,0.003,7.82
22/08/2026 09:34,15.375,0.003,7.82
22/08/2026 09:04,15.25,0.003,7.82
22/08/2026 08:34,15.375,0.003,7.82
22/08/2026 08:04,15.375,0.003,7.82
22/08/2026 07:34,15.625,0.003,7.81
22/08/2026 07:04,15.5,0.003,7.81
22/08/2026 06:34,15.625,0.003,7.81
22/08/2026 06:04,15.625,0.003,7.81
22/08/2026 05:34,15.75,0.003,7.81
22/08/2026 05:04,16.625,0.003,7.8
22/08/2026 04:34,15.75,0.003,7.8
22/08/2026 04:04,15.75,0.003,7.8
22/08/2026 03:34,16,0.003,7.8
22/08/2026 03:04,16,0.003,7.8
22/08/2026 02:34,16.125,0.003,7.79
22/08/2026 02:04,16.125,0.003,7.79
22/08/2026 01:34,16.125,0.003,7.79
22/08/2026 01:04,16.125,0.003,7.79
22/08/2026 00:34,16.25,0.003,7.78
22/08/2026 00:04,16.375,0.003,7.78
21/08/2026 23:34,16.375,0.003,7.78
21/08/2026 23:04,16.5,0.003,7.77
21/08/2026 22:34,16.625,0.003,7.77
21/08/2026 22:04,16.5,0.003,7.76
21/08/2026 21:34,16.5,0.003,7.76
21/08/2026 21:04,16.625,0.003,7.76
21/08/2026 20:34,16.5,0.002,7.76
21/08/2026 20:04,16.5,0.002,7.75
21/08/2026 19:34,16.375,0.002,7.75
21/08/2026 19:04,16.375,0.002,7.75
21/08/2026 18:34,16.375,0.003,7.75
21/08/2026 18:04,16.25,0.003,7.74
21/08/2026 17:34,16.25,0.003,7.74
21/08/2026 17:04,16.25,0.003,7.74
21/08/2026 16:34,16.125,0.003,7.74
21/08/2026 16:04,16,0.003,7.74
21/08/2026 15:34,15.875,0.003,7.75
21/08/2026 15:04,15.875,0.003,7.76
21/08/2026 14:34,15.75,0.003,7.76
21/08/2026 14:04,15.625,0.003,7.77
21/08/2026 13:34,16.625,0.003,7.78
21/08/2026 13:04,15.625,0.002,7.78
21/08/2026 12:34,15.625,0.002,7.79
21/08/2026 12:04,15.5,0.003,7.8
21/08/2026 11:34,15.5,0.003,7.82
21/08/2026 11:04,15.25,0.003,7.83
21/08/2026 10:34,15.25,0.003,7.84
21/08/2026 10:04,15.125,0.003,7.85
21/08/2026 09:34,15,0.003,7.85
21/08/2026 09:04,15.125,0.003,7.85
21/08/2026 08:34,15.125,0.003,7.85
21/08/2026 08:04,15.125,0.003,7.85
21/08/2026 07:34,15,0.003,7.85
21/08/2026 07:04,15,0.003,7.85
21/08/2026 06:34,15.125,0.003,7.85
21/08/2026 06:04,15.125,0.003,7.85
21/08/2026 05:34,15.125,0.003,7.85
21/08/2026 05:04,15.125,0.003,7.85
21/08/2026 04:34,15.125,0.003,7.85
21/08/2026 04:04,15.125,0.003,7.85
21/08/2026 03:34,15.125,0.002,7.85
21/08/2026 03:04,15,0.003,7.84
21/08/2026 02:34,15.125,0.003,7.84
21/08/2026 02:04,15.125,0.003,7.84
21/08/2026 01:34,15,0.002,7.84
21/08/2026 01:04,15,0.003,7.84
21/08/2026 00:34,14.875,0.003,7.83
21/08/2026 00:04,15.25,0.003,7.84
20/08/2026 23:34,15.75,0.003,7.84
20/08/2026 23:04,16.125,0.003,7.84
20/08/2026 22:34,16.875,0.003,7.85
20/08/2026 22:04,16.75,0.003,7.85
20/08/2026 21:34,16.75,0.003,7.84
20/08/2026 21:04,16.75,0.003,7.84
20/08/2026 20:34,15.875,0.003,7.84
20/08/2026 20:04,15.75,0.003,7.84
20/08/2026 19:34,16.875,0.003,7.84
20/08/2026 19:04,16.75,0.003,7.84
20/08/2026 18:34,16.75,0.003,7.84
20/08/2026 18:04,16.75,0.003,7.85
20/08/2026 17:34,17.625,0.003,7.85
20/08/2026 17:04,16.5,0.003,7.85
20/08/2026 16:34,16.375,0.003,7.85
20/08/2026 16:04,16.375,0.003,7.85
20/08/2026 15:34,16.375,0.003,7.85
20/08/2026 15:04,16.5,0.003,7.85
20/08/2026 14:34,16.375,0.003,7.84
20/08/2026 14:04,16.25,0.003,7.85
20/08/2026 13:34,16.25,0.003,7.84
20/08/2026 13:04,16.25,0.002,7.84
20/08/2026 12:34,16.375,0.002,7.84
20/08/2026 12:04,16.125,0.003,7.84
20/08/2026 11:34,16.25,0.003,7.84
20/08/2026 11:04,15.875,0.003,7.84
20/08/2026 10:34,15.875,0.003,7.85
20/08/2026 10:04,14.875,0.003,7.85
20/08/2026 09:34,15.75,0.003,7.85
20/08/2026 09:04,16.625,0.003,7.86
20/08/2026 08:34,15.625,0.003,7.85
20/08/2026 08:04,15.625,0.003,7.86
20/08/2026 07:34,15.75,0.003,7.85
20/08/2026 07:04,15.75,0.003,7.85
20/08/2026 06:34,15.75,0.003,7.85
20/08/2026 06:04,15.75,0.002,7.85
20/08/2026 05:34,15.875,0.002,7.85
20/08/2026 05:04,15.875,0.003,7.85
20/08/2026 04:34,15.875,0.003,7.85
20/08/2026 04:04,16,0.003,7.85
20/08/2026 03:34,16,0.003,7.85
20/08/2026 03:04,16.25,0.003,7.85
20/08/2026 02:34,16,0.002,7.85
20/08/2026 02:04,16,0.003,7.85
20/08/2026 01:34,16.125,0.002,7.85
20/08/2026 01:04,16.25,0.002,7.85
20/08/2026 00:34,16.125,0.002,7.85
20/08/2026 00:04,16.375,0.002,7.84
19/08/2026 23:34,16.625,0.002,7.84
19/08/2026 23:04,16.5,0.002,7.85
19/08/2026 22:34,16.375,0.003,7.84
19/08/2026 22:04,16.375,0.002,7.84
19/08/2026 21:34,16.625,0.003,7.84
19/08/2026 21:04,16.625,0.002,7.84
19/08/2026 20:34,16.5,0.002,7.84
19/08/2026 20:04,16.625,0.002,7.84
19/08/2026 19:34,16.5,0.002,7.84
19/08/2026 19:04,16.5,0.002,7.84
19/08/2026 18:34,16.625,0.002,7.84
19/08/2026 18:04,16.5,0.002,7.83
19/08/2026 17:34,16.5,0.002,7.83
19/08/2026 17:04,16.5,0.002,7.83
19/08/2026 16:34,16.375,0.002,7.83
19/08/2026 16:04,16.375,0.002,7.83
19/08/2026 15:34,16.25,0.002,7.83
19/08/2026 15:04,16.375,0.002,7.83
19/08/2026 14:34,16.375,0.002,7.83
19/08/2026 14:04,16.25,0.002,7.82
19/08/2026 13:34,16.375,0.002,7.82
19/08/2026 13:04,16.25,0.002,7.82
19/08/2026 12:34,16.25,0.002,7.82
19/08/2026 12:04,16.25,0.002,7.82
19/08/2026 11:34,16.125,0.002,7.82
19/08/2026 11:04,16.125,0.002,7.82
19/08/2026 10:34,16.125,0.002,7.83
19/08/2026 10:04,16.25,0.002,7.84
19/08/2026 09:34,15.625,0.002,7.84
19/08/2026 09:04,15.625,0.002,7.84
19/08/2026 08:34,15.625,0.002,7.84
19/08/2026 08:04,15.625,0.002,7.83
19/08/2026 07:34,16.625,0.002,7.83
19/08/2026 07:04,16.625,0.002,7.83
19/08/2026 06:34,15.75,0.002,7.83
19/08/2026 06:04,15.75,0.002,7.83
19/08/2026 05:34,15.75,0.002,7.83
19/08/2026 05:04,15.875,0.002,7.83
19/08/2026 04:34,15.75,0.002,7.82
19/08/2026 04:04,15.75,0.002,7.82
19/08/2026 03:34,15.875,0.002,7.82
19/08/2026 03:04,16,0.002,7.81
19/08/2026 02:34,16,0.002,7.81
19/08/2026 02:04,16,0.002,7.81
19/08/2026 01:34,16,0.002,7.81
19/08/2026 01:04,16.125,0.002,7.8
19/08/2026 00:34,16.25,0.002,7.8
19/08/2026 00:04,16.375,0.002,7.8
18/08/2026 23:34,16.25,0.002,7.8
18/08/2026 23:04,16.375,0.002,7.79
18/08/2026 22:34,16.5,0.002,7.79
18/08/2026 22:04,16.625,0.002,7.79
18/08/2026 21:34,16.625,0.002,7.78
18/08/2026 21:04,15.75,0.002,7.78
18/08/2026 20:34,16.625,0.002,7.78
18/08/2026 20:04,16.5,0.002,7.77
18/08/2026 19:34,16.5,0.002,7.77
18/08/2026 19:04,16.5,0.002,7.77
18/08/2026 18:34,16.5,0.002,7.76
18/08/2026 18:04,16.375,0.002,7.76
18/08/2026 17:34,16.375,0.002,7.76
18/08/2026 17:04,16.25,0.002,7.75
18/08/2026 16:34,16.125,0.002,7.75
18/08/2026 16:04,16.125,0.002,7.75
18/08/2026 15:34,16,0.002,7.75
18/08/2026 15:04,16,0.002,7.75
18/08/2026 14:34,15.75,0.002,7.76
18/08/2026 14:04,15.875,0.002,7.77
18/08/2026 13:34,15.75,0.002,7.79
18/08/2026 13:04,15.625,0.002,7.81
18/08/2026 12:34,15.625,0.002,7.83
18/08/2026 12:04,15.625,0.002,7.85
18/08/2026 11:34,15.625,0.002,7.86
18/08/2026 11:04,15.625,0.002,7.86
18/08/2026 10:34,15.5,0.002,7.86
18/08/2026 10:04,15.5,0.002,7.85
18/08/2026 09:34,15.5,0.002,7.85
18/08/2026 09:04,15.375,0.002,7.85
18/08/2026 08:34,15.25,0.002,7.85
18/08/2026 08:04,15.375,0.002,7.85
18/08/2026 07:34,15.375,0.002,7.85
18/08/2026 07:04,15.5,0.002,7.85
18/08/2026 06:34,15.375,0.002,7.85
18/08/2026 06:04,15.375,0.002,7.84
18/08/2026 05:34,15.5,0.002,7.84
18/08/2026 05:04,15.5,0.002,7.84
18/08/2026 04:34,15.5,0.002,7.84
18/08/2026 04:04,15.5,0.002,7.84
18/08/2026 03:34,15.625,0.002,7.84
18/08/2026 03:04,15.625,0.002,7.84
18/08/2026 02:34,14.75,0.002,7.84
18/08/2026 02:04,14.75,0.002,7.84
18/08/2026 01:34,15.625,0.002,7.83
18/08/2026 01:04,15.875,0.002,7.83
18/08/2026 00:34,15.875,0.002,7.83
18/08/2026 00:04,15.875,0.002,7.83
17/08/2026 23:34,16,0.002,7.83
17/08/2026 23:04,16.125,0.002,7.83
17/08/2026 22:34,16,0.002,7.82
17/08/2026 22:04,16,0.002,7.82
17/08/2026 21:34,16,0.002,7.82
17/08/2026 21:04,16,0.002,7.82
17/08/2026 20:34,16,0.002,7.82
17/08/2026 20:04,16.125,0.002,7.81
17/08/2026 19:34,16.125,0.002,7.81
17/08/2026 19:04,16,0.002,7.81
17/08/2026 18:34,16.25,0.002,7.81
17/08/2026 18:04,16,0.002,7.81
17/08/2026 17:34,16.125,0.002,7.81
17/08/2026 17:04,16,0.002,7.81
17/08/2026 16:34,15.75,0.002,7.81
17/08/2026 16:04,15.75,0.002,7.81
17/08/2026 15:34,15.75,0.002,7.81
17/08/2026 15:04,15.75,0.002,7.82
17/08/2026 14:34,15.75,0.002,7.83
17/08/2026 14:04,16.625,0.002,7.84
17/08/2026 13:34,14.75,0.002,7.85
17/08/2026 13:04,14.75,0.002,7.87
17/08/2026 12:34,15.5,0.002,7.88
17/08/2026 12:04,15.5,0.002,7.89
17/08/2026 12:02,15.25,0.002,7.89
17/08/2026 11:34,15.5,0.002,7.9
17/08/2026 11:04,15.5,0.002,7.9
17/08/2026 10:34,15.5,0.002,7.9
17/08/2026 10:04,15.5,0.002,7.9
17/08/2026 09:34,15.375,0.002,7.9
17/08/2026 09:04,15.5,0.002,7.9
17/08/2026 08:34,15.375,0.002,7.9
17/08/2026 08:04,15.5,0.002,7.9
17/08/2026 07:34,15.5,0.002,7.9
17/08/2026 07:04,15.5,0.002,7.9
17/08/2026 06:34,15.5,0.002,7.9
17/08/2026 06:04,15.625,0.002,7.9
17/08/2026 05:34,15.625,0.002,7.9
17/08/2026 05:04,15.625,0.002,7.9
17/08/2026 04:34,15.625,0.002,7.9
17/08/2026 04:04,15.75,0.002,7.9
17/08/2026 03:34,14.75,0.002,7.9
17/08/2026 03:04,15.75,0.002,7.9
17/08/2026 02:34,15.75,0.002,7.9
17/08/2026 02:04,15.75,0.002,7.9
17/08/2026 01:34,16,0.002,7.9
17/08/2026 01:04,16,0.002,7.9
17/08/2026 00:34,16,0.002,7.9
17/08/2026 00:04,16,0.002,7.9
16/08/2026 23:34,16,0.002,7.9
16/08/2026 23:04,16.125,0.002,7.9
16/08/2026 22:34,16.125,0.002,7.9
16/08/2026 22:04,16.125,0.002,7.9
16/08/2026 21:34,16.25,0.002,7.9
16/08/2026 21:04,16,0.002,7.9
16/08/2026 20:34,16,0.002,7.9
16/08/2026 20:04,16.125,0.002,7.9
16/08/2026 19:34,16.125,0.002,7.9
16/08/2026 19:04,16,0.002,7.9
16/08/2026 18:34,16,0.002,7.9
16/08/2026 18:04,16.125,0.002,7.9
16/08/2026 17:34,16.125,0.002,7.9
16/08/2026 17:04,15.875,0.002,7.9
16/08/2026 16:34,15.875,0.002,7.9
16/08/2026 16:04,15.75,0.002,7.9
16/08/2026 15:34,15.75,0.002,7.9
16/08/2026 15:04,15.75,0.002,7.89
16/08/2026 14:34,15.625,0.002,7.89
16/08/2026 14:04,15.625,0.002,7.89
16/08/2026 13:34,15.5,0.002,7.89
16/08/2026 13:04,15.625,0.002,7.89
16/08/2026 12:34,14.75,0.002,7.89
16/08/2026 12:04,15.625,0.002,7.89
16/08/2026 11:34,15.625,0.002,7.89
16/08/2026 11:04,15.625,0.002,7.89
16/08/2026 10:34,15.5,0.002,7.89
16/08/2026 10:04,15.5,0.002,7.89
16/08/2026 09:34,15.5,0.002,7.89
16/08/2026 09:04,15.375,0.002,7.89
16/08/2026 08:34,15.375,0.002,7.89
16/08/2026 08:04,15.5,0.002,7.89
16/08/2026 07:34,15.5,0.002,7.89
16/08/2026 07:04,15.5,0.002,7.89
16/08/2026 06:34,15.5,0.002,7.89
16/08/2026 06:04,15.625,0.002,7.89
16/08/2026 05:34,15.5,0.002,7.89
16/08/2026 05:04,15.625,0.002,7.89
16/08/2026 04:34,15.625,0.002,7.89
16/08/2026 04:04,16.625,0.002,7.89
16/08/2026 03:34,15.625,0.002,7.89
16/08/2026 03:04,16.625,0.002,7.89
16/08/2026 02:34,15.75,0.002,7.89
16/08/2026 02:04,15.75,0.002,7.89
16/08/2026 01:34,15.75,0.002,7.89
16/08/2026 01:04,16.625,0.002,7.89
16/08/2026 00:34,15.75,0.002,7.89
16/08/2026 00:04,15.875,0.002,7.89
15/08/2026 23:34,15.75,0.002,7.89
15/08/2026 23:04,16,0.002,7.89
15/08/2026 22:34,16,0.002,7.89
15/08/2026 22:04,16.125,0.002,7.89
15/08/2026 21:34,16,0.002,7.89
15/08/2026 21:04,16,0.002,7.89
15/08/2026 20:34,16,0.002,7.89
15/08/2026 20:04,15.875,0.002,7.89
15/08/2026 19:34,16,0.002,7.89
15/08/2026 19:04,16,0.002,7.88
15/08/2026 18:34,16,0.002,7.89
15/08/2026 18:04,15.875,0.002,7.89
15/08/2026 17:34,15.875,0.002,7.88
15/08/2026 17:04,15.875,0.002,7.88
15/08/2026 16:34,15.875,0.002,7.88
15/08/2026 16:04,15.875,0.002,7.88
15/08/2026 15:34,15.75,0.002,7.88
15/08/2026 15:04,14.75,0.002,7.88
15/08/2026 14:34,14.75,0.002,7.87
15/08/2026 14:34,14.75,0.002,7.87
15/08/2026 14:04,14.75,0.002,7.88
15/08/2026 13:34,15.625,0.002,7.88
15/08/2026 13:04,15.375,0.002,7.87
15/08/2026 12:34,15.5,0.002,7.88
15/08/2026 12:04,15.625,0.002,7.87
15/08/2026 11:34,15.5,0.002,7.88
15/08/2026 11:04,15.5,0.002,7.87
15/08/2026 10:34,15.5,0.002,7.88
15/08/2026 10:04,15.5,0.002,7.88
15/08/2026 09:34,15.5,0.002,7.88
15/08/2026 09:34,15.5,0.002,7.88
15/08/2026 09:04,15.5,0.002,7.88
15/08/2026 08:34,15.5,0.002,7.88
15/08/2026 08:34,15.5,0.002,7.88
15/08/2026 08:04,15.5,0.002,7.88
15/08/2026 07:34,15.625,0.002,7.88
15/08/2026 07:04,14.75,0.002,7.88
15/08/2026 06:34,15.625,0.002,7.88
15/08/2026 06:04,16.625,0.002,7.88
15/08/2026 05:34,14.75,0.002,7.88
15/08/2026 05:04,15.75,0.002,7.88
15/08/2026 04:34,15.75,0.002,7.88
15/08/2026 04:04,15.875,0.002,7.88
15/08/2026 03:34,15.75,0.002,7.88
15/08/2026 03:04,15.875,0.002,7.88
15/08/2026 02:34,15.75,0.002,7.88
15/08/2026 02:04,16,0.002,7.88
15/08/2026 01:34,16,0.002,7.88
15/08/2026 01:04,16,0.002,7.88
15/08/2026 00:34,16,0.002,7.88
15/08/2026 00:04,16,0.002,7.88
14/08/2026 23:34,16.125,0.002,7.88
14/08/2026 23:04,16.375,0.002,7.87
14/08/2026 22:34,16.125,0.002,7.88
14/08/2026 22:34,16.125,0.002,7.88
14/08/2026 22:04,16.125,0.002,7.88
14/08/2026 21:34,16.25,0.002,7.87
14/08/2026 21:04,16.25,0.002,7.87
14/08/2026 20:34,16.25,0.002,7.87
14/08/2026 20:04,16.25,0.002,7.87
14/08/2026 19:34,16.25,0.002,7.87
14/08/2026 19:04,16.125,0.002,7.87
14/08/2026 18:34,16.25,0.002,7.87
14/08/2026 18:04,16.125,0.002,7.87
14/08/2026 17:34,16,0.002,7.87
14/08/2026 17:04,16,0.002,7.87
14/08/2026 16:34,15.875,0.002,7.87
14/08/2026 16:04,15.75,0.002,7.87
14/08/2026 15:34,15.875,0.002,7.87
14/08/2026 15:04,15.75,0.002,7.87
14/08/2026 15:04,15.75,0.002,7.87
14/08/2026 14:34,15.625,0.002,7.87
14/08/2026 14:04,15.625,0.002,7.87
14/08/2026 13:34,15.5,0.002,7.86
14/08/2026 13:04,15.375,0.002,7.86
14/08/2026 12:34,15.375,0.002,7.86
14/08/2026 12:04,15.375,0.002,7.86
14/08/2026 11:34,15.25,0.002,7.86
14/08/2026 11:04,15.25,0.002,7.86
14/08/2026 10:34,15.125,0.002,7.86
14/08/2026 10:04,15.125,0.002,7.86
14/08/2026 10:04,15.125,0.002,7.86
14/08/2026 09:34,15.125,0.002,7.86
14/08/2026 09:34,15.125,0.002,7.86
14/08/2026 09:04,15.125,0.002,7.85
14/08/2026 08:34,15,0.002,7.85
14/08/2026 08:04,15.125,0.002,7.86
14/08/2026 07:34,15.125,0.002,7.85
14/08/2026 07:04,15.125,0.002,7.85
14/08/2026 06:34,15.125,0.002,7.85
14/08/2026 06:04,15,0.002,7.85
14/08/2026 05:34,15.125,0.002,7.85
14/08/2026 05:04,15.125,0.002,7.85
14/08/2026 04:34,15.125,0.002,7.85
14/08/2026 04:04,15.125,0.002,7.85
14/08/2026 03:34,15.125,0.002,7.85
14/08/2026 03:04,15.125,0.002,7.85
14/08/2026 02:34,15,0.002,7.85
14/08/2026 02:04,15,0.002,7.85
14/08/2026 01:34,14.875,0.002,7.85
14/08/2026 01:04,14.875,0.002,7.85
14/08/2026 00:34,14.875,0.002,7.85
14/08/2026 00:04,15.25,0.002,7.85
13/08/2026 23:34,16.625,0.002,7.86
13/08/2026 23:04,16.25,0.002,7.87
13/08/2026 22:34,17,0.002,7.87
13/08/2026 22:04,17.125,0.002,7.87
13/08/2026 21:34,17,0.002,7.87
13/08/2026 21:04,17.125,0.002,7.88
13/08/2026 21:04,17.125,0.002,7.88
13/08/2026 20:34,17,0.002,7.88
13/08/2026 20:34,17,0.002,7.88
13/08/2026 20:04,17.125,0.002,7.88
13/08/2026 19:34,17.25,0.002,7.88
13/08/2026 19:04,17.25,0.002,7.88
13/08/2026 18:34,17.25,0.002,7.88
13/08/2026 18:04,17.25,0.002,7.88
13/08/2026 17:34,17.125,0.002,7.88
13/08/2026 17:04,17,0.002,7.87
13/08/2026 16:34,17,0.002,7.87
13/08/2026 16:04,16.875,0.002,7.86
13/08/2026 15:34,16.625,0.002,7.85
13/08/2026 15:34,16.625,0.002,7.85
13/08/2026 15:04,15.75,0.002,7.84
13/08/2026 14:34,16.625,0.002,7.82
13/08/2026 14:04,16.5,0.002,7.8
13/08/2026 13:34,16.375,0.002,7.77
13/08/2026 13:34,16.375,0.002,7.77
13/08/2026 13:04,16.625,0.002,7.7
13/08/2026 13:04,16.5,0.002,8.28
13/08/2026 07:34,15.625,0.001,7.85
13/08/2026 07:04,15.625,0.001,7.85
13/08/2026 06:34,15.75,0.001,7.85
13/08/2026 06:04,15.75,0.001,7.85
13/08/2026 05:34,15.75,0.001,7.85
13/08/2026 05:04,15.75,0.001,7.84
13/08/2026 04:34,15.75,0.001,7.85
13/08/2026 04:04,15.75,0.001,7.85
13/08/2026 03:34,15.875,0.001,7.85
13/08/2026 03:04,16,0.001,7.85
13/08/2026 02:34,16,0.001,7.85
13/08/2026 02:04,16,0.001,7.84
13/08/2026 01:34,16,0.001,7.84
13/08/2026 01:04,16.125,0.001,7.84
13/08/2026 00:34,16.125,0.001,7.84
13/08/2026 00:04,16.125,0.001,7.84
12/08/2026 23:34,16.125,0.001,7.84
12/08/2026 23:04,16.25,0.001,7.84
12/08/2026 22:34,16.25,0.001,7.84
12/08/2026 22:04,16.25,0.001,7.84
12/08/2026 21:34,16.25,0.001,7.84
12/08/2026 21:04,16.25,0.001,7.84
12/08/2026 20:34,16.25,0.001,7.83
12/08/2026 20:34,16.25,0.001,7.83
12/08/2026 20:04,16.375,0.001,7.83
12/08/2026 19:34,16.25,0.001,7.83
12/08/2026 19:04,16.25,0.001,7.83
12/08/2026 18:34,16.25,0.001,7.83
12/08/2026 18:04,16.125,0.001,7.83
12/08/2026 17:34,16.125,0.001,7.83
12/08/2026 17:04,15.875,0.001,7.82
12/08/2026 16:34,15.875,0.001,7.82
12/08/2026 16:04,15.875,0.001,7.82
12/08/2026 15:34,15.625,0.001,7.82
12/08/2026 15:04,15.625,0.001,7.82
12/08/2026 14:34,15.5,0.001,7.81
12/08/2026 14:04,15.5,0.001,7.81
12/08/2026 13:34,15.375,0.001,7.81
12/08/2026 13:04,15.25,0.001,7.81
12/08/2026 12:34,15.25,0.001,7.81
12/08/2026 12:04,15.25,0.001,7.81
12/08/2026 11:34,15,0.001,7.81
12/08/2026 11:04,15,0.001,7.81
12/08/2026 10:34,15,0.001,7.81
12/08/2026 10:04,15.125,0.001,7.81
12/08/2026 09:34,14.875,0.001,7.81
12/08/2026 09:04,14.875,0.001,7.81
12/08/2026 08:34,15.125,0.001,7.81
12/08/2026 08:04,15,0.001,7.81
12/08/2026 07:34,15.125,0.001,7.81
12/08/2026 07:04,15.125,0.001,7.81
12/08/2026 06:34,15,0.001,7.81
12/08/2026 06:04,15.125,0.001,7.81
12/08/2026 05:34,15.125,0.001,7.81
12/08/2026 05:04,15.25,0.001,7.81
12/08/2026 04:34,15.25,0.001,7.81
12/08/2026 04:04,15.375,0.001,7.81
12/08/2026 03:34,15.375,0.001,7.81
12/08/2026 03:04,15.375,0.001,7.81
12/08/2026 02:34,15.625,0.001,7.81
12/08/2026 02:04,15.625,0.001,7.81
12/08/2026 01:34,14.75,0.001,7.8
12/08/2026 01:04,15.625,0.001,7.81
12/08/2026 00:34,16.625,0.001,7.8
12/08/2026 00:04,15.75,0.001,7.8
11/08/2026 23:34,15.75,0.001,7.8
11/08/2026 23:04,15.75,0.001,7.8
11/08/2026 22:34,15.875,0.001,7.8
11/08/2026 22:04,15.75,0.001,7.8
11/08/2026 21:34,15.75,0.001,7.79
11/08/2026 21:04,15.75,0.001,7.79
11/08/2026 20:34,15.875,0.001,7.79
11/08/2026 20:04,15.875,0.001,7.79
11/08/2026 19:34,15.75,0.001,7.79
11/08/2026 19:04,15.875,0.001,7.79
11/08/2026 18:34,15.75,0.001,7.78
11/08/2026 18:04,15.75,0.001,7.78
11/08/2026 17:34,15.75,0.001,7.78
11/08/2026 17:04,14.75,0.001,7.78
11/08/2026 16:34,15.625,0.001,7.78
11/08/2026 16:04,15.375,0.001,7.78
11/08/2026 15:34,15.5,0.001,7.79
11/08/2026 15:04,15.25,0.001,7.79
11/08/2026 14:34,15.25,0.001,7.79
11/08/2026 14:04,15.25,0.001,7.79
11/08/2026 13:34,15.125,0.001,7.79
11/08/2026 13:04,15,0.001,7.79
11/08/2026 12:34,15.25,0.001,7.79
11/08/2026 12:04,15,0.001,7.79
11/08/2026 11:34,14.875,0.001,7.78
11/08/2026 11:34,14.875,0.001,7.78
11/08/2026 11:04,15.125,0.001,7.78
11/08/2026 10:34,15.125,0.001,7.78
11/08/2026 10:04,14.875,0.001,7.78
11/08/2026 09:34,15.125,0.001,7.78
11/08/2026 09:04,15,0.001,7.78
11/08/2026 08:34,15.125,0.001,7.77
11/08/2026 08:04,15.25,0.001,7.77
11/08/2026 07:34,15.25,0.001,7.77
11/08/2026 07:04,15.375,0.001,7.77
11/08/2026 06:34,15.25,0.001,7.77
11/08/2026 06:04,15.375,0.001,7.77
11/08/2026 05:34,15.375,0.001,7.76
11/08/2026 05:04,15.5,0.001,7.76
11/08/2026 04:34,15.5,0.001,7.76
11/08/2026 04:04,15.5,0.001,7.76
11/08/2026 03:34,15.375,0.001,7.75
11/08/2026 03:04,15.375,0.001,7.75
11/08/2026 02:34,15.5,0.001,7.74
11/08/2026 02:04,15.375,0.001,7.74
11/08/2026 02:04,15.375,0.001,7.74
11/08/2026 01:34,15.375,0.001,7.74
11/08/2026 01:04,15.25,0.001,7.73
11/08/2026 00:34,14.75,0.001,7.73
11/08/2026 00:04,16.25,0.001,7.73
10/08/2026 23:34,17,0.001,7.74
10/08/2026 23:04,17.75,0.001,7.73
10/08/2026 22:34,18.25,0.001,7.73
10/08/2026 22:04,18.25,0.001,7.72
10/08/2026 21:34,18.375,0.001,7.72
10/08/2026 21:04,18.375,0.001,7.71
10/08/2026 20:34,18.375,0.001,7.71
10/08/2026 20:34,18.375,0.001,7.71
10/08/2026 20:04,18.5,0.001,7.7
10/08/2026 19:34,18.625,0.001,7.69
10/08/2026 19:04,18.75,0.001,7.69
10/08/2026 18:34,18.875,0.001,7.68
10/08/2026 18:04,19,0.001,7.67
10/08/2026 17:34,18.875,0.001,7.67
10/08/2026 17:04,19.125,0.001,7.66
10/08/2026 16:34,19.125,0.001,7.65
10/08/2026 16:04,18.875,0.001,7.65
10/08/2026 15:34,19.25,0.001,7.65
10/08/2026 15:04,19,0.001,7.65
10/08/2026 14:34,19.25,0.001,7.66
10/08/2026 14:34,19.25,0.001,7.66
10/08/2026 14:04,19.25,0.001,7.68
10/08/2026 13:34,19.125,0.001,7.71
10/08/2026 13:04,19.25,0.001,7.74
10/08/2026 12:34,19.25,0.001,7.77
10/08/2026 12:04,19.25,0.001,7.8
10/08/2026 11:34,19.25,0.001,7.83
10/08/2026 11:04,19.25,0.001,7.85
10/08/2026 10:34,19.125,0.001,7.85
10/08/2026 10:26,18.125,0.001,7.84
10/08/2026 10:25,18.125,0.001,7.84
10/08/2026 10:25,17.875,0.001,8.48
09/08/2026 12:34,15.875,0.001,7.86
09/08/2026 11:34,15.875,0.001,7.86
09/08/2026 11:04,15.875,0.001,7.86
09/08/2026 10:34,15.75,0.001,7.86
09/08/2026 10:04,15.75,0.001,7.86
09/08/2026 09:34,15.875,0.001,7.86
09/08/2026 09:04,15.875,0.001,7.86
09/08/2026 08:34,15.75,0.001,7.86
09/08/2026 08:04,15.875,0.001,7.86
09/08/2026 07:34,15.75,0.001,7.86
09/08/2026 07:04,15.875,0.001,7.86
09/08/2026 06:34,16,0.001,7.86
09/08/2026 06:04,16,0.001,7.86
09/08/2026 05:34,15.875,0.001,7.87
09/08/2026 05:04,16,0.001,7.86
09/08/2026 04:34,16,0.001,7.86
09/08/2026 04:04,16,0.001,7.86
09/08/2026 03:34,16.125,0.001,7.86
09/08/2026 03:04,16.125,0.001,7.87
09/08/2026 03:04,16.125,0.001,7.87
09/08/2026 02:34,16.125,0.001,7.86
09/08/2026 02:04,16.25,0.001,7.86
09/08/2026 01:34,16.25,0.001,7.86
09/08/2026 01:04,16.25,0.001,7.86
09/08/2026 00:34,16.375,0.001,7.86
09/08/2026 00:04,16.375,0.001,7.86
08/08/2026 23:34,16.375,0.001,7.86
08/08/2026 23:04,16.375,0.001,7.86
08/08/2026 22:34,16.375,0.001,7.86
08/08/2026 22:04,16.375,0.001,7.86
08/08/2026 21:34,16.375,0.001,7.86
08/08/2026 21:04,16.5,0.001,7.86
08/08/2026 20:34,16.375,0.001,7.86
08/08/2026 20:04,16.375,0.001,7.86
08/08/2026 19:34,16.375,0.001,7.86
08/08/2026 19:04,16.375,0.001,7.86
08/08/2026 18:34,16.375,0.001,7.86
08/08/2026 18:04,16.5,0.001,7.86
08/08/2026 17:34,16.375,0.001,7.86
08/08/2026 17:04,16.125,0.001,7.85
08/08/2026 16:34,16.125,0.001,7.85
08/08/2026 16:04,16.125,0.001,7.85
08/08/2026 15:34,16.125,0.001,7.85
08/08/2026 15:04,16.125,0.001,7.85
08/08/2026 14:34,16,0.001,7.85
08/08/2026 14:04,16,0.001,7.85
08/08/2026 13:34,16,0.001,7.85
08/08/2026 13:04,15.875,0.001,7.85
08/08/2026 12:34,15.875,0.001,7.85
08/08/2026 12:04,15.75,0.001,7.85
08/08/2026 11:34,15.75,0.001,7.84
08/08/2026 11:04,15.875,0.001,7.85
08/08/2026 11:04,15.875,0.001,7.85
08/08/2026 10:34,15.875,0.001,7.85
08/08/2026 10:04,15.75,0.001,7.84
08/08/2026 09:34,15.75,0.001,7.84
08/08/2026 09:04,15.75,0.001,7.84
08/08/2026 08:34,15.75,0.001,7.84
08/08/2026 08:04,15.75,0.001,7.84
08/08/2026 07:34,15.75,0.001,7.84
08/08/2026 07:04,15.875,0.001,7.84
08/08/2026 06:34,15.875,0.001,7.84
08/08/2026 06:04,15.875,0.001,7.84
08/08/2026 05:34,15.875,0.001,7.84
08/08/2026 05:04,15.875,0.001,7.84
08/08/2026 04:34,15.875,0.001,7.84
08/08/2026 04:04,16,0.001,7.84
08/08/2026 03:34,16,0.001,7.84
08/08/2026 03:04,16.125,0.001,7.84
08/08/2026 02:34,16.125,0.001,7.84
08/08/2026 02:04,16.125,0.001,7.84
08/08/2026 01:34,16.25,0.001,7.84
08/08/2026 01:04,16.25,0.001,7.84
08/08/2026 00:34,16.25,0.001,7.84
08/08/2026 00:04,16.25,0.001,7.83
07/08/2026 23:34,16.25,0.001,7.83
07/08/2026 23:04,16.25,0.001,7.83
07/08/2026 22:34,16.375,0.001,7.83
07/08/2026 22:04,16.5,0.001,7.83
07/08/2026 21:34,16.25,0.001,7.83
07/08/2026 21:04,16.375,0.001,7.83
07/08/2026 20:34,16.375,0.001,7.83
07/08/2026 20:04,16.375,0.001,7.82
07/08/2026 19:34,16.5,0.001,7.82
07/08/2026 19:04,16.375,0.001,7.82
07/08/2026 18:34,16.375,0.001,7.82
07/08/2026 18:04,16.375,0.001,7.82
07/08/2026 17:34,16.375,0.001,7.82
07/08/2026 17:04,16.375,0.001,7.81
07/08/2026 16:34,16.25,0.001,7.81
07/08/2026 16:04,16.125,0.001,7.81
07/08/2026 15:34,16,0.001,7.81
07/08/2026 15:04,16,0.001,7.8
07/08/2026 14:34,16,0.001,7.8
07/08/2026 14:04,15.875,0.001,7.8
07/08/2026 13:34,15.875,0.001,7.8
07/08/2026 13:34,15.875,0.001,7.8
07/08/2026 13:04,16,0.001,7.79
07/08/2026 12:34,15.75,0.001,7.79
07/08/2026 12:34,15.75,0.001,7.79
07/08/2026 12:04,15.875,0.001,7.79
07/08/2026 11:34,15.875,0.001,7.79
07/08/2026 11:04,15.875,0.001,7.79
07/08/2026 10:34,16,0.001,7.79
07/08/2026 10:04,15.875,0.001,7.78
07/08/2026 09:34,15.75,0.001,7.78
07/08/2026 09:04,15.75,0.001,7.78
07/08/2026 08:34,15.75,0.001,7.78
07/08/2026 08:04,15.875,0.001,7.78
07/08/2026 07:34,15.875,0.001,7.77
07/08/2026 07:04,15.875,0.001,7.77
07/08/2026 06:34,16,0.001,7.77
07/08/2026 06:04,15.875,0.001,7.77
07/08/2026 05:34,16,0.001,7.77
07/08/2026 05:04,16.125,0.001,7.76
07/08/2026 04:34,16.125,0.001,7.76
07/08/2026 04:04,16.125,0.001,7.76
07/08/2026 03:34,16.125,0.001,7.75
07/08/2026 03:04,16.375,0.001,7.75
07/08/2026 02:34,16.375,0.001,7.75
07/08/2026 02:04,16.375,0.001,7.74
07/08/2026 01:34,16.5,0.001,7.74
07/08/2026 01:04,16.375,0.001,7.74
07/08/2026 00:34,16.375,0.001,7.73
07/08/2026 00:04,16.5,0.001,7.73
06/08/2026 23:34,16.5,0.001,7.72
06/08/2026 23:04,16.5,0.001,7.71
06/08/2026 22:34,16.625,0.001,7.71
06/08/2026 22:34,16.625,0.001,7.71
06/08/2026 22:04,16.5,0.001,7.7
06/08/2026 21:34,15.75,0.001,7.7
06/08/2026 21:04,16.5,0.001,7.69
06/08/2026 20:34,16.5,0.001,7.68
06/08/2026 20:04,17.625,0.001,7.68
06/08/2026 19:34,16.5,0.001,7.67
06/08/2026 19:04,16.625,0.001,7.67
06/08/2026 18:34,16.625,0.001,7.66
06/08/2026 18:04,16.5,0.001,7.65
06/08/2026 17:34,16.5,0.001,7.64
06/08/2026 17:04,16.375,0.001,7.63
06/08/2026 16:34,16.375,0.001,7.62
06/08/2026 16:04,16.25,0.001,7.62
06/08/2026 15:34,16,0.001,7.62
06/08/2026 15:04,16.125,0.001,7.62
06/08/2026 14:34,16,0.001,7.63
06/08/2026 14:04,16,0.001,7.63
06/08/2026 13:34,16,0.001,7.63
06/08/2026 13:04,15.875,0.001,7.65
06/08/2026 12:34,15.75,0.001,7.68
06/08/2026 12:04,15.75,0.001,7.7
06/08/2026 11:34,15.75,0.001,7.73
06/08/2026 11:04,15.75,0.001,7.76
06/08/2026 10:34,15.75,0.001,7.78
06/08/2026 10:04,16.625,0.001,7.81
06/08/2026 09:34,16.625,0.001,7.83
06/08/2026 09:04,15.75,0.001,7.84
06/08/2026 08:34,16.625,0.001,7.85
06/08/2026 08:04,16.625,0.001,7.86
06/08/2026 07:34,15.625,0.001,7.86
06/08/2026 07:04,15.625,0.001,7.85
06/08/2026 06:34,15.625,0.001,7.85
06/08/2026 06:04,16.625,0.001,7.85
06/08/2026 05:34,15.75,0.001,7.86
06/08/2026 05:04,15.75,0.001,7.85
06/08/2026 04:34,15.875,0.001,7.85
06/08/2026 04:04,15.75,0.001,7.85
06/08/2026 03:34,15.875,0.001,7.85
06/08/2026 03:04,15.875,0.001,7.85
06/08/2026 02:34,16,0.001,7.85
06/08/2026 02:04,15.875,0.001,7.85
06/08/2026 01:34,15.875,0.001,7.85
06/08/2026 01:04,15.75,0.001,7.85
06/08/2026 00:34,15.875,0.001,7.85
06/08/2026 00:04,15.75,0.001,7.85
05/08/2026 23:34,15.875,0.001,7.85
05/08/2026 23:04,15.875,0.001,7.85
05/08/2026 22:34,15.875,0.001,7.85
05/08/2026 22:04,15.875,0.001,7.85
05/08/2026 21:34,16,0.001,7.85
05/08/2026 21:04,15.875,0.001,7.85
05/08/2026 20:34,16,0.001,7.85
05/08/2026 20:04,16,0.001,7.85
05/08/2026 19:34,15.875,0.001,7.84
05/08/2026 19:04,16,0.001,7.85
05/08/2026 18:34,16,0.001,7.85
05/08/2026 18:04,16,0.001,7.84
05/08/2026 17:34,16,0.001,7.84
05/08/2026 17:04,16,0.001,7.84
05/08/2026 16:34,15.875,0.001,7.84
05/08/2026 16:34,15.875,0.001,7.84
05/08/2026 16:04,15.875,0.001,7.84
05/08/2026 15:34,15.75,0.001,7.84
05/08/2026 15:04,15.875,0.001,7.84
05/08/2026 14:34,15.875,0.001,7.84
05/08/2026 14:04,15.75,0.001,7.84
05/08/2026 13:34,15.875,0.001,7.84
05/08/2026 13:04,15.875,0.001,7.83
05/08/2026 12:34,15.875,0.001,7.83
05/08/2026 12:04,15.75,0.001,7.83
05/08/2026 11:34,15.875,0.001,7.83
05/08/2026 11:04,15.875,0.001,7.83
05/08/2026 10:34,15.875,0.001,7.83
05/08/2026 10:04,15.875,0.001,7.83
05/08/2026 09:34,15.875,0.001,7.83
05/08/2026 09:04,16,0.001,7.83
05/08/2026 08:34,16,0.001,7.83
05/08/2026 08:34,16,0.001,7.83
05/08/2026 08:04,16,0.001,7.82
05/08/2026 07:34,15.875,0.001,7.82
05/08/2026 07:34,15.875,0.001,7.82
05/08/2026 07:04,16,0.001,7.82
05/08/2026 06:34,16,0.001,7.82
05/08/2026 06:04,16,0.001,7.82
05/08/2026 05:34,16,0.001,7.82
05/08/2026 05:04,16.25,0.001,7.82
05/08/2026 04:34,16.25,0.001,7.81
05/08/2026 04:04,16.375,0.001,7.81
05/08/2026 03:34,16.25,0.001,7.81
05/08/2026 03:04,16.375,0.001,7.81
05/08/2026 03:04,16.375,0.001,7.81
05/08/2026 02:34,16.25,0.001,7.81
05/08/2026 02:04,16.5,0.001,7.81
05/08/2026 01:34,16.375,0.001,7.8
05/08/2026 01:04,16.5,0.001,7.8
05/08/2026 00:34,16.625,0.001,7.8
05/08/2026 00:04,16.625,0.001,7.8
04/08/2026 23:34,16.75,0.001,7.79
04/08/2026 23:04,16.625,0.001,7.79
04/08/2026 22:34,15.875,0.001,7.79
04/08/2026 22:04,16.875,0.001,7.79
04/08/2026 21:34,16.75,0.001,7.78
04/08/2026 21:04,16.75,0.001,7.78
04/08/2026 20:34,17.125,0.001,7.78
04/08/2026 20:04,17.25,0.001,7.78
04/08/2026 19:34,17.125,0.001,7.78
04/08/2026 19:04,17.25,0.001,7.77
04/08/2026 18:34,17.375,0.001,7.77
04/08/2026 18:04,17.375,0.001,7.77
04/08/2026 17:34,17.375,0.001,7.76
04/08/2026 17:04,17.375,0.001,7.76
04/08/2026 16:34,17.25,0.001,7.76
04/08/2026 16:04,17.125,0.001,7.76
04/08/2026 15:34,17.125,0.001,7.76
04/08/2026 15:04,17,0.001,7.75
04/08/2026 14:34,17,0.001,7.75
04/08/2026 14:04,17,0.001,7.75
04/08/2026 13:34,17,0.001,7.75
04/08/2026 13:04,15.75,0.001,7.77
04/08/2026 12:34,17.625,0.001,7.79
04/08/2026 12:04,16,0.001,7.79
04/08/2026 11:34,15.875,0.001,7.8
04/08/2026 11:34,15.875,0.001,7.8
04/08/2026 11:04,16,0.001,7.82
04/08/2026 10:34,15.875,0.001,7.83
04/08/2026 10:04,15.875,0.001,7.85
04/08/2026 09:34,16,0.001,7.86
04/08/2026 09:04,16,0.001,7.87
04/08/2026 08:34,15.875,0.001,7.87
04/08/2026 08:04,15.875,0.001,7.87
04/08/2026 08:04,15.875,0.001,7.87
04/08/2026 07:34,15.875,0.001,7.87
04/08/2026 07:04,15.875,0.001,7.87
04/08/2026 06:34,15.875,0.001,7.87
04/08/2026 06:04,15.875,0.001,7.87
04/08/2026 05:34,16,0.001,7.87
04/08/2026 05:04,16,0.001,7.87
04/08/2026 04:34,15.875,0.001,7.87
04/08/2026 04:04,16,0.001,7.87
04/08/2026 04:04,16,0.001,7.87
04/08/2026 03:34,16.125,0.001,7.87
04/08/2026 03:04,16,0.001,7.87
04/08/2026 02:34,16.125,0.001,7.87
04/08/2026 02:04,16.25,0.001,7.87
04/08/2026 01:34,16.125,0.001,7.87
04/08/2026 01:04,16.125,0.001,7.87
04/08/2026 00:34,16.125,0.001,7.87
04/08/2026 00:34,16.125,0.001,7.87
04/08/2026 00:04,16.25,0.001,7.87
03/08/2026 23:34,16.25,0.001,7.87
03/08/2026 23:04,16.25,0.001,7.87
03/08/2026 22:34,16.25,0.001,7.86
03/08/2026 22:04,16.25,0.001,7.86
03/08/2026 21:34,16.25,0.001,7.86
03/08/2026 21:04,16.125,0.001,7.87
03/08/2026 20:34,16.25,0.001,7.87
03/08/2026 20:04,16.375,0.001,7.86
03/08/2026 19:34,16.25,0.001,7.86
03/08/2026 19:04,16.125,0.001,7.86
03/08/2026 18:34,16.25,0.001,7.87
03/08/2026 18:04,16.125,0.001,7.87
03/08/2026 17:34,16.125,0.001,7.86
03/08/2026 17:04,16.125,0.001,7.86
03/08/2026 16:34,16,0.001,7.86
03/08/2026 16:04,16,0.001,7.85
03/08/2026 15:34,15.875,0.001,7.85
03/08/2026 15:04,15.875,0.001,7.85
03/08/2026 14:34,15.875,0.001,7.86
03/08/2026 14:04,15.875,0.001,7.86
03/08/2026 13:34,15.75,0.001,7.85
03/08/2026 13:04,15.875,0.001,7.86
03/08/2026 12:34,15.875,0.001,7.86
03/08/2026 12:04,15.875,0.001,7.86
03/08/2026 11:34,15.875,0.001,7.86
03/08/2026 11:04,15.875,0.001,7.86
03/08/2026 10:34,15.875,0.001,7.87
03/08/2026 10:04,15.875,0.001,7.87
03/08/2026 10:04,15.875,0.001,7.87
03/08/2026 09:34,15.75,0.001,7.87
03/08/2026 09:04,15.75,0.001,7.87
03/08/2026 08:34,15.75,0.001,7.87
03/08/2026 08:30,15.875,0.001,7.87
03/08/2026 07:34,15.75,0.001,7.87
03/08/2026 07:04,15.875,0.001,7.87
03/08/2026 06:34,15.875,0.001,7.87
03/08/2026 06:04,15.75,0.001,7.87
03/08/2026 05:34,15.875,0.001,7.87
03/08/2026 05:04,15.875,0.001,7.87
03/08/2026 04:34,16,0.001,7.87
03/08/2026 04:04,16,0.001,7.87
03/08/2026 03:34,16,0.001,7.87
03/08/2026 03:04,15.875,0.001,7.87
03/08/2026 03:04,15.875,0.001,7.87
03/08/2026 02:34,16,0.001,7.87
03/08/2026 02:04,16,0.001,7.87
03/08/2026 01:34,16,0.001,7.87
03/08/2026 01:04,16,0.001,7.87
03/08/2026 00:34,16,0.001,7.87
03/08/2026 00:04,16.125,0.001,7.87
02/08/2026 23:34,16.125,0.001,7.87
02/08/2026 23:04,16,0.001,7.87
02/08/2026 22:34,16,0.001,7.87
02/08/2026 22:04,16.125,0.001,7.86
02/08/2026 21:34,16,0.001,7.86
02/08/2026 21:04,16.125,0.001,7.86
02/08/2026 20:34,16,0.001,7.87
02/08/2026 20:04,16.125,0.001,7.87
02/08/2026 19:34,16.125,0.001,7.86
02/08/2026 19:04,16.125,0.001,7.87
02/08/2026 18:34,16.125,0.001,7.86
02/08/2026 18:04,16.125,0.001,7.86
02/08/2026 17:34,16,0.001,7.86
02/08/2026 17:04,16.125,0.001,7.87
02/08/2026 16:34,16,0.001,7.86
02/08/2026 16:04,16,0.001,7.87
02/08/2026 15:34,16,0.001,7.87
02/08/2026 15:04,15.875,0.001,7.87
02/08/2026 14:34,15.875,0.001,7.87
02/08/2026 14:04,15.875,0.001,7.87
02/08/2026 13:34,15.875,0.001,7.87
02/08/2026 13:04,16,0.001,7.87
02/08/2026 12:34,15.75,0.001,7.87
02/08/2026 12:04,15.875,0.001,7.87
02/08/2026 11:34,15.875,0.001,7.87
02/08/2026 11:04,15.875,0.001,7.87
02/08/2026 10:34,15.75,0.001,7.87
02/08/2026 10:04,15.75,0.001,7.87
02/08/2026 09:34,15.75,0.001,7.87
02/08/2026 09:04,15.75,0.001,7.87
02/08/2026 08:34,15.75,0.001,7.87
02/08/2026 08:04,15.75,0.001,7.88
02/08/2026 07:34,15.875,0.001,7.88
02/08/2026 07:04,15.875,0.001,7.88
02/08/2026 06:34,15.875,0.001,7.87
02/08/2026 06:04,15.875,0.001,7.88
02/08/2026 05:34,15.875,0.001,7.88
02/08/2026 05:04,16,0.001,7.88
02/08/2026 04:34,16,0.001,7.88
02/08/2026 04:04,16,0.001,7.88
02/08/2026 03:34,16.125,0.001,7.88
02/08/2026 03:04,16,0.001,7.88
02/08/2026 02:34,16,0.001,7.87
02/08/2026 02:04,16.125,0.001,7.88
02/08/2026 01:34,16.375,0.001,7.88
02/08/2026 01:04,16.125,0.001,7.87
02/08/2026 00:34,16.25,0.001,7.88
02/08/2026 00:04,16.25,0.001,7.88
01/08/2026 23:34,16.25,0.001,7.88
01/08/2026 23:04,16.375,0.001,7.88
01/08/2026 22:34,16.25,0.001,7.88
01/08/2026 22:04,16.375,0.001,7.88
01/08/2026 21:34,16.5,0.001,7.88
01/08/2026 21:04,16.25,0.001,7.88
01/08/2026 20:34,16.5,0.001,7.88
01/08/2026 20:04,16.25,0.001,7.88
01/08/2026 19:34,16.375,0.001,7.88
01/08/2026 19:04,16.375,0.001,7.88
01/08/2026 18:34,16.375,0.001,7.88
01/08/2026 18:04,16.375,0.001,7.88
01/08/2026 17:34,16.375,0.001,7.88
01/08/2026 17:04,16.375,0.001,7.87
01/08/2026 16:34,16.375,0.001,7.87
01/08/2026 16:34,16.375,0.001,7.87
01/08/2026 16:04,16.25,0.001,7.87
01/08/2026 15:34,16.25,0.001,7.87
01/08/2026 15:04,16.125,0.001,7.87
01/08/2026 14:34,16.125,0.001,7.87
01/08/2026 14:04,16.125,0.001,7.87
01/08/2026 13:34,16.125,0.001,7.87
01/08/2026 13:04,16,0.001,7.88
01/08/2026 12:34,16,0.001,7.87
01/08/2026 12:04,16.125,0.001,7.88
01/08/2026 11:34,16,0.001,7.87
01/08/2026 11:04,16.125,0.001,7.87
01/08/2026 10:34,16.125,0.001,7.88
01/08/2026 10:34,16.125,0.001,7.88
01/08/2026 10:04,16.125,0.001,7.88
01/08/2026 09:34,16,0.001,7.88
01/08/2026 09:04,16,0.001,7.87
01/08/2026 08:34,16,0.001,7.88
01/08/2026 08:04,15.875,0.001,7.88
01/08/2026 07:34,16,0.001,7.88
01/08/2026 07:04,16,0.001,7.88
01/08/2026 06:34,16,0.001,7.88
01/08/2026 06:04,16,0.001,7.88
01/08/2026 05:34,16.125,0.001,7.89
01/08/2026 05:04,16.125,0.001,7.89
01/08/2026 04:34,16.125,0.001,7.88
01/08/2026 04:04,16.25,0.001,7.88
01/08/2026 03:34,16.25,0.001,7.88
01/08/2026 03:04,16.25,0.001,7.87
01/08/2026 02:34,16.25,0.001,7.88
01/08/2026 02:04,16.375,0.001,7.88
01/08/2026 01:34,16.375,0.001,7.88
01/08/2026 01:04,16.375,0.001,7.88
01/08/2026 00:34,16.25,0.001,7.88
01/08/2026 00:04,16.375,0.001,7.88
31/07/2026 23:34,16.375,0.001,7.88
31/07/2026 23:34,16.375,0.001,7.88
31/07/2026 23:04,16.375,0.001,7.88
31/07/2026 22:34,16.375,0.001,7.88
31/07/2026 22:04,16.375,0.001,7.88
31/07/2026 21:34,16.25,0.001,7.88
31/07/2026 21:04,16.375,0.001,7.88
31/07/2026 20:34,16.25,0.001,7.88
31/07/2026 20:04,16.5,0.001,7.88
31/07/2026 19:34,16.375,0.001,7.88
31/07/2026 19:04,16.5,0.001,7.88
31/07/2026 18:34,16.375,0.001,7.88
31/07/2026 18:04,16.375,0.001,7.88
31/07/2026 17:34,16.375,0.001,7.88
31/07/2026 17:04,16.25,0.001,7.87
31/07/2026 16:34,16.25,0.001,7.88
31/07/2026 16:04,16.25,0.001,7.88
31/07/2026 15:34,16.25,0.001,7.87
31/07/2026 15:04,16.25,0.001,7.88
31/07/2026 14:34,16.125,0.001,7.88
31/07/2026 14:04,16.125,0.001,7.88
31/07/2026 13:34,16,0.001,7.88
31/07/2026 13:04,16,0.001,7.87
31/07/2026 12:34,16.25,0.001,7.87
31/07/2026 12:04,16,0.001,7.87
31/07/2026 11:34,16,0.001,7.87
31/07/2026 11:04,16.125,0.001,7.87
31/07/2026 10:34,16,0.001,7.88
31/07/2026 10:04,16,0.001,7.87
31/07/2026 09:34,16,0.001,7.88
31/07/2026 09:04,16,0.001,7.88
31/07/2026 08:34,16,0.001,7.87
31/07/2026 08:34,16,0.001,7.87
31/07/2026 08:04,15.875,0.001,7.88
31/07/2026 07:34,16,0.001,7.88
31/07/2026 07:04,16,0.001,7.87
31/07/2026 06:34,16,0.001,7.88
31/07/2026 06:04,16,0.001,7.88
31/07/2026 06:04,16,0.001,7.88
31/07/2026 05:34,16.125,0.001,7.89
31/07/2026 05:04,16.125,0.001,7.89
31/07/2026 04:34,16.125,0.001,7.89
31/07/2026 04:04,16.25,0.001,7.89
31/07/2026 03:34,16.25,0.001,7.89
31/07/2026 03:04,16.375,0.001,7.89
31/07/2026 02:34,16.25,0.001,7.89
31/07/2026 02:04,16.375,0.001,7.89
31/07/2026 01:34,16.375,0.001,7.89
31/07/2026 01:04,16.375,0.001,7.89
31/07/2026 00:34,16.5,0.001,7.89
31/07/2026 00:04,16.375,0.001,7.88
30/07/2026 23:34,16.5,0.001,7.89
30/07/2026 23:04,16.5,0.001,7.88
30/07/2026 22:34,16.375,0.001,7.88
30/07/2026 22:04,16.5,0.001,7.88
30/07/2026 21:34,16.5,0.001,7.88
30/07/2026 21:04,16.25,0.001,7.88
30/07/2026 20:34,16.375,0.001,7.88
30/07/2026 20:04,16.5,0.001,7.88
30/07/2026 19:34,16.375,0.001,7.88
30/07/2026 19:04,16.5,0.001,7.88
30/07/2026 18:34,16.5,0.001,7.88
30/07/2026 18:04,16.375,0.001,7.88
30/07/2026 17:34,16.375,0.001,7.87
30/07/2026 17:04,16.5,0.001,7.87
30/07/2026 16:34,16.375,0.001,7.87
30/07/2026 16:04,16.375,0.001,7.87
30/07/2026 15:34,16.25,0.001,7.87
30/07/2026 15:04,16.125,0.001,7.87
30/07/2026 14:34,16.25,0.001,7.87
30/07/2026 14:04,16.25,0.001,7.87
30/07/2026 13:34,16.125,0.001,7.87
30/07/2026 13:04,16,0.001,7.87
30/07/2026 12:34,16,0.001,7.87
30/07/2026 12:04,16,0.001,7.87
30/07/2026 11:34,16.125,0.001,7.87
30/07/2026 11:04,16.125,0.001,7.87
30/07/2026 10:34,16.25,0.001,7.87
30/07/2026 10:04,16.125,0.001,7.87
30/07/2026 09:34,16,0.001,7.87
30/07/2026 09:04,16,0.001,7.87
30/07/2026 08:34,16,0.001,7.87
30/07/2026 08:04,15.875,0.001,7.87
30/07/2026 07:34,16,0.001,7.87
30/07/2026 07:04,16,0.001,7.87
30/07/2026 06:34,16.125,0.001,7.87
30/07/2026 06:04,16,0.001,7.86
30/07/2026 05:34,16.125,0.001,7.86
30/07/2026 05:04,16.125,0.001,7.86
30/07/2026 04:34,16.125,0.001,7.86
30/07/2026 04:04,16.25,0.001,7.86
30/07/2026 03:34,16.25,0.001,7.86
30/07/2026 03:04,16.25,0.001,7.86
30/07/2026 02:34,16.375,0.001,7.87
30/07/2026 02:04,16.375,0.001,7.86
30/07/2026 01:34,16.375,0.001,7.86
30/07/2026 01:04,16.5,0.001,7.86
30/07/2026 00:34,16.5,0.001,7.86
30/07/2026 00:04,16.5,0.001,7.86
29/07/2026 23:34,16.375,0.001,7.86
29/07/2026 23:04,16.375,0.001,7.86
29/07/2026 22:34,16.375,0.001,7.86
29/07/2026 22:04,16.375,0.001,7.86
29/07/2026 21:34,16.5,0.001,7.85
29/07/2026 21:04,16.375,0.001,7.85
29/07/2026 20:34,16.375,0.001,7.85
29/07/2026 20:04,16.5,0.001,7.85
29/07/2026 19:34,16.5,0.001,7.85
29/07/2026 19:04,16.5,0.001,7.84
29/07/2026 18:34,16.5,0.001,7.85
29/07/2026 18:34,16.5,0.001,7.85
29/07/2026 18:04,16.5,0.001,7.85
29/07/2026 17:34,16.5,0.001,7.84
29/07/2026 17:04,16.5,0.001,7.84
29/07/2026 16:34,16.375,0.001,7.83
29/07/2026 16:04,16.375,0.001,7.84
29/07/2026 15:34,16.375,0.001,7.83
29/07/2026 15:04,16.25,0.001,7.83
29/07/2026 14:34,16.25,0.001,7.83
29/07/2026 14:04,16.125,0.001,7.83
29/07/2026 13:34,16.125,0.001,7.83
29/07/2026 13:04,16.125,0.001,7.82
29/07/2026 12:34,16.125,0.001,7.83
29/07/2026 12:04,16,0.001,7.83
29/07/2026 11:34,16.125,0.001,7.82
29/07/2026 11:04,16,0.001,7.82
29/07/2026 10:34,16,0.001,7.82
29/07/2026 10:04,16,0.001,7.82
29/07/2026 09:34,16,0.001,7.81
29/07/2026 09:04,16,0.001,7.81
29/07/2026 08:34,16,0.001,7.82
29/07/2026 08:04,16,0.001,7.81
29/07/2026 07:34,16,0.001,7.81
29/07/2026 07:04,16,0.001,7.81
29/07/2026 06:34,16,0.001,7.8
29/07/2026 06:04,16,0.001,7.8
29/07/2026 05:34,16.125,0.001,7.8
29/07/2026 05:04,16,0.001,7.8
29/07/2026 04:34,16.125,0.001,7.8
29/07/2026 04:04,16.125,0.001,7.8
29/07/2026 03:34,16.125,0.001,7.8
29/07/2026 03:34,16.125,0.001,7.8
29/07/2026 03:04,16.125,0.001,7.79
29/07/2026 02:34,16.25,0.001,7.79
29/07/2026 02:04,16.25,0.001,7.79
29/07/2026 01:34,16.125,0.001,7.78
29/07/2026 01:04,16.25,0.001,7.78
29/07/2026 00:34,16.25,0.001,7.78
29/07/2026 00:04,16.25,0.001,7.77
28/07/2026 23:34,16.375,0.001,7.77
28/07/2026 23:04,16.25,0.001,7.77
28/07/2026 22:34,16.25,0.001,7.77
28/07/2026 22:04,16.375,0.001,7.76
28/07/2026 21:34,16.25,0.001,7.76
28/07/2026 21:04,16.375,0.001,7.75
28/07/2026 20:34,16.375,0.001,7.75
28/07/2026 20:04,16.375,0.001,7.74
28/07/2026 19:34,16.375,0.001,7.75
28/07/2026 19:04,16.25,0.001,7.73
28/07/2026 18:34,16.375,0.001,7.73
28/07/2026 18:04,16.5,0.001,7.72
28/07/2026 17:34,16.375,0.001,7.72
28/07/2026 17:04,16.375,0.001,7.72
28/07/2026 16:34,16.25,0.001,7.72
28/07/2026 16:04,16.25,0.001,7.71
28/07/2026 15:34,16.125,0.001,7.71
28/07/2026 15:34,16.125,0.001,7.71
28/07/2026 15:04,16.25,0.001,7.7
28/07/2026 14:34,16.25,0.001,7.71
28/07/2026 14:04,16.25,0.001,7.71
28/07/2026 13:34,16.125,0.001,7.72
28/07/2026 13:04,16.125,0.001,7.74
28/07/2026 12:34,16.125,0.001,7.76
28/07/2026 12:04,16,0.001,7.78
28/07/2026 11:34,15.875,0.001,7.8
28/07/2026 11:04,15.875,0.001,7.83
28/07/2026 10:34,15.875,0.001,7.85
28/07/2026 10:04,15.875,0.001,7.86
28/07/2026 09:34,15.75,0.001,7.87
28/07/2026 09:04,15.875,0.001,7.88
28/07/2026 08:34,15.75,0.001,7.88
28/07/2026 08:04,15.875,0.001,7.87
28/07/2026 07:34,15.875,0.001,7.88
28/07/2026 07:04,15.875,0.001,7.87
28/07/2026 06:34,15.875,0.001,7.87
28/07/2026 06:04,16,0.001,7.87
28/07/2026 05:34,15.75,0.001,7.87
28/07/2026 05:04,15.875,0.001,7.87
28/07/2026 04:34,15.875,0.001,7.88
28/07/2026 04:04,16,0.001,7.87
28/07/2026 03:34,15.875,0.001,7.88
28/07/2026 03:04,15.875,0.001,7.88
28/07/2026 03:04,15.875,0.001,7.88
28/07/2026 02:34,16,0.001,7.87
28/07/2026 02:04,16,0.001,7.88
28/07/2026 01:34,16,0.001,7.87
28/07/2026 01:04,16.125,0.001,7.87
28/07/2026 00:34,16.125,0.001,7.88
28/07/2026 00:04,16.125,0.001,7.88
28/07/2026 00:04,16.125,0.001,7.88
27/07/2026 23:34,16.25,0.001,7.87
27/07/2026 23:04,16.25,0.001,7.87
27/07/2026 22:34,16.25,0.001,7.87
27/07/2026 22:34,16.25,0.001,7.87
27/07/2026 22:30,16.25,0.001,7.87
27/07/2026 22:04,16.25,0.001,7.87
27/07/2026 21:34,16,0.001,7.87
27/07/2026 21:04,16.125,0.001,7.87
27/07/2026 20:34,16.125,0.001,7.87
27/07/2026 20:04,16,0.001,7.87
27/07/2026 19:34,16,0.001,7.87
27/07/2026 19:04,16.125,0.001,7.87
27/07/2026 18:34,16.25,0.001,7.87
27/07/2026 18:04,16.125,0.001,7.87
27/07/2026 17:34,16.125,0.001,7.87
27/07/2026 17:04,16,0.001,7.86
27/07/2026 16:34,16,0.001,7.87
27/07/2026 16:04,16,0.001,7.87
27/07/2026 15:34,15.875,0.001,7.87
27/07/2026 15:04,16,0.001,7.87
27/07/2026 14:34,15.875,0.001,7.87
27/07/2026 14:04,15.875,0.001,7.87
27/07/2026 13:34,15.875,0.001,7.87
27/07/2026 13:04,15.875,0.001,7.87
27/07/2026 12:34,15.875,0.001,7.87
27/07/2026 12:04,15.875,0.001,7.87
27/07/2026 11:34,15.75,0.001,7.86
27/07/2026 11:04,15.875,0.001,7.87
27/07/2026 10:34,15.875,0.001,7.87
27/07/2026 10:04,15.625,0.001,7.87
27/07/2026 09:34,15.75,0.001,7.87
27/07/2026 09:04,14.75,0.001,7.87
27/07/2026 08:34,15.625,0.001,7.87
27/07/2026 08:04,16.625,0.001,7.87
27/07/2026 07:34,14.75,0.001,7.87
27/07/2026 07:04,15.625,0.001,7.86
27/07/2026 06:34,15.75,0.001,7.86
27/07/2026 06:04,15.625,0.001,7.87
27/07/2026 05:34,15.75,0.001,7.87
27/07/2026 05:04,15.875,0.001,7.86
27/07/2026 04:34,15.75,0.001,7.87
27/07/2026 04:04,15.875,0.001,7.86
27/07/2026 03:34,15.875,0.001,7.86
27/07/2026 03:04,15.875,0.001,7.87
27/07/2026 02:34,15.875,0.001,7.86
27/07/2026 02:04,16,0.001,7.86
27/07/2026 01:34,15.875,0.001,7.87
27/07/2026 01:04,16,0.001,7.86
27/07/2026 00:34,16,0.001,7.86
27/07/2026 00:04,16,0.001,7.86
26/07/2026 23:34,16.125,0.001,7.86
26/07/2026 23:04,16,0.001,7.87
26/07/2026 22:34,16.125,0.001,7.86
26/07/2026 22:04,16,0.001,7.86
26/07/2026 21:34,16.125,0.001,7.86
26/07/2026 21:04,15.875,0.001,7.86
26/07/2026 20:34,16,0.001,7.86
26/07/2026 20:04,16,0.001,7.86
26/07/2026 19:34,16,0.001,7.86
26/07/2026 19:04,15.875,0.001,7.86
26/07/2026 18:34,16,0.001,7.86
26/07/2026 18:04,15.75,0.001,7.86
26/07/2026 17:34,15.875,0.001,7.86
26/07/2026 17:04,15.875,0.001,7.86
26/07/2026 16:34,15.875,0.001,7.86
26/07/2026 16:34,15.875,0.001,7.86
26/07/2026 16:04,15.75,0.001,7.85
26/07/2026 15:34,16.625,0.001,7.85
26/07/2026 15:04,16.625,0.001,7.86
26/07/2026 14:34,14.75,0.001,7.86
26/07/2026 14:04,15.75,0.001,7.86
26/07/2026 13:34,14.75,0.001,7.86
26/07/2026 13:04,14.75,0.001,7.86
26/07/2026 12:34,15.75,0.001,7.85
26/07/2026 12:04,15.75,0.001,7.85
26/07/2026 11:34,15.75,0.001,7.85
26/07/2026 11:04,14.75,0.001,7.85
26/07/2026 10:34,15.625,0.001,7.85
26/07/2026 10:04,16.625,0.001,7.85
26/07/2026 09:34,15.625,0.001,7.86
26/07/2026 09:04,15.625,0.001,7.85
26/07/2026 08:34,16.625,0.001,7.85
26/07/2026 08:04,15.75,0.001,7.84
26/07/2026 07:34,16.625,0.001,7.84
26/07/2026 07:04,15.75,0.001,7.85
26/07/2026 06:34,15.75,0.001,7.85
26/07/2026 06:04,15.75,0.001,7.85
26/07/2026 05:34,16.625,0.001,7.85
26/07/2026 05:04,15.75,0.001,7.84
26/07/2026 04:34,15.75,0.001,7.85
26/07/2026 04:04,15.875,0.001,7.85
26/07/2026 03:34,15.875,0.001,7.86
26/07/2026 03:04,15.875,0.001,7.85
26/07/2026 02:34,16,0.001,7.86
26/07/2026 02:04,15.875,0.001,7.86
26/07/2026 01:34,16,0.001,7.85
26/07/2026 01:04,16,0.001,7.84
26/07/2026 01:04,16,0.001,7.84
26/07/2026 00:34,16.125,0.001,7.86
26/07/2026 00:04,16.125,0.001,7.86
26/07/2026 00:04,16.125,0.001,7.86
25/07/2026 23:34,16.25,0.001,7.85
25/07/2026 23:04,16.125,0.001,7.85
25/07/2026 22:34,16.25,0.001,7.86
25/07/2026 22:04,16.125,0.001,7.85
25/07/2026 21:34,16,0.001,7.86
25/07/2026 21:04,15.875,0.001,7.85
25/07/2026 20:34,16,0.001,7.85
25/07/2026 20:04,16,0.001,7.84
25/07/2026 19:34,16.125,0.001,7.84
25/07/2026 19:04,16,0.001,7.85
25/07/2026 18:34,16,0.001,7.84
25/07/2026 18:34,16,0.001,7.84
25/07/2026 18:04,16,0.001,7.85
25/07/2026 17:34,15.875,0.001,7.85
25/07/2026 17:04,15.875,0.001,7.84
25/07/2026 16:34,15.875,0.001,7.85
25/07/2026 16:04,15.875,0.001,7.85
25/07/2026 15:34,15.75,0.001,7.85
25/07/2026 15:04,15.875,0.001,7.85
25/07/2026 14:34,15.875,0.001,7.85
25/07/2026 14:04,15.75,0.001,7.84
25/07/2026 13:34,14.75,0.001,7.84
25/07/2026 13:04,16.5,0.001,7.84
25/07/2026 12:34,15.75,0.001,7.84
25/07/2026 12:04,15.75,0.001,7.84
25/07/2026 11:34,15.75,0.001,7.84
25/07/2026 11:04,15.625,0.001,7.84
25/07/2026 10:34,15.75,0.001,7.84
25/07/2026 10:04,15.75,0.001,7.83
25/07/2026 09:34,15.5,0.001,7.84
25/07/2026 09:04,16.625,0.001,7.83
25/07/2026 08:34,14.75,0.001,7.83
25/07/2026 08:04,14.875,0.001,7.83
25/07/2026 07:34,15.75,0.001,7.82
25/07/2026 07:04,15.75,0.001,7.82
25/07/2026 06:34,15.875,0.001,7.83
25/07/2026 06:04,15.75,0.001,7.83
25/07/2026 05:34,15.875,0.001,7.82
25/07/2026 05:04,15.875,0.001,7.83
25/07/2026 04:34,16,0.001,7.83
25/07/2026 04:04,16,0.001,7.82
25/07/2026 03:34,16,0.001,7.82
25/07/2026 03:04,16,0.001,7.82
25/07/2026 02:34,16.125,0.001,7.82
25/07/2026 02:04,16.125,0.001,7.82
25/07/2026 01:34,16.125,0.001,7.81
25/07/2026 01:04,16.25,0.001,7.81
25/07/2026 00:34,16.25,0.001,7.81
25/07/2026 00:04,16.25,0.001,7.81
24/07/2026 23:34,16.375,0.001,7.81
24/07/2026 23:04,16.5,0.001,7.81
24/07/2026 22:34,16.5,0.001,7.8
24/07/2026 22:34,16.5,0.001,7.8
24/07/2026 22:04,16.5,0.001,7.8
24/07/2026 21:34,16.375,0.001,7.8
24/07/2026 21:04,16.25,0.001,7.79
24/07/2026 20:34,16.25,0.001,7.79
24/07/2026 20:04,16.25,0.001,7.79
24/07/2026 19:34,16.375,0.001,7.79
24/07/2026 19:04,16.375,0.001,7.79
24/07/2026 18:34,16.25,0.001,7.78
24/07/2026 18:04,16.125,0.001,7.78
24/07/2026 17:34,16.25,0.001,7.77
24/07/2026 17:34,16.25,0.001,7.77
24/07/2026 17:04,16.125,0.001,7.78
24/07/2026 16:34,16.125,0.001,7.77
24/07/2026 16:04,16.125,0.001,7.77
24/07/2026 15:34,16.25,0.001,7.76
24/07/2026 15:04,16.125,0.001,7.76
24/07/2026 14:34,16,0.001,7.76
24/07/2026 14:04,16.125,0.001,7.76
24/07/2026 13:34,16.125,0.001,7.75
24/07/2026 13:04,16,0.001,7.76
24/07/2026 12:34,16,0.001,7.77
24/07/2026 12:04,16.125,0.001,7.77
24/07/2026 11:34,16,0.001,7.77
24/07/2026 11:04,16.125,0.001,7.78
24/07/2026 10:34,16,0.001,7.79
24/07/2026 10:04,16,0.001,7.81
24/07/2026 09:34,15.875,0.001,7.82
24/07/2026 09:04,15.75,0.001,7.83
24/07/2026 08:34,15.875,0.001,7.82
24/07/2026 08:04,15.875,0.001,7.82
24/07/2026 07:34,15.875,0.001,7.82
24/07/2026 07:04,15.875,0.001,7.82
24/07/2026 06:34,15.875,0.001,7.82
24/07/2026 06:04,16,0.001,7.82
24/07/2026 05:34,16,0.001,7.82
24/07/2026 05:04,16.125,0.001,7.82
24/07/2026 04:34,16,0.001,7.81
24/07/2026 04:04,16.25,0.001,7.82
24/07/2026 03:34,16.125,0.001,7.81
24/07/2026 03:04,16.25,0.001,7.81
24/07/2026 02:34,16.25,0.001,7.81
24/07/2026 02:04,16.375,0.001,7.81
24/07/2026 01:34,16.375,0.001,7.8
24/07/2026 01:04,16.5,0.001,7.8
24/07/2026 00:34,16.375,0.001,7.8
24/07/2026 00:04,16.625,0.001,7.8
23/07/2026 23:34,16.625,0.001,7.8
23/07/2026 23:04,16.625,0.001,7.8
23/07/2026 22:34,16.625,0.001,7.81
23/07/2026 22:04,16.625,0.001,7.81
23/07/2026 21:34,15.75,0.001,7.8
23/07/2026 21:04,16.625,0.001,7.8
23/07/2026 20:34,16.625,0.001,7.8
23/07/2026 20:04,16.625,0.001,7.79
23/07/2026 19:34,16.75,0.001,7.8
23/07/2026 19:04,16.875,0.001,7.79
23/07/2026 18:34,17,0.001,7.79
23/07/2026 18:04,16.875,0.001,7.79
23/07/2026 17:34,17,0.001,7.79
23/07/2026 17:04,17,0.001,7.78
23/07/2026 16:34,17,0.001,7.78
23/07/2026 16:04,16.75,0.001,7.78
23/07/2026 15:34,16.875,0.001,7.78
23/07/2026 15:04,16.875,0.001,7.78
23/07/2026 14:34,16.75,0.001,7.78
23/07/2026 14:04,16.875,0.001,7.75
23/07/2026 13:34,16.75,0.001,7.77
23/07/2026 13:04,16.875,0.001,7.75
23/07/2026 12:34,17,0.001,7.76
23/07/2026 12:34,17,0.001,7.76
23/07/2026 12:04,17,0.001,7.77
23/07/2026 11:34,17.625,0.001,7.77
23/07/2026 11:04,15.75,0.001,7.78
23/07/2026 10:34,16.25,0.001,7.79
23/07/2026 10:04,16.25,0.001,7.79
23/07/2026 09:34,16,0.001,7.8
23/07/2026 09:04,16,0.001,7.81
23/07/2026 08:34,16,0.001,7.81
23/07/2026 08:04,16,0.001,7.81
23/07/2026 07:34,16,0.001,7.8
23/07/2026 07:04,16.125,0.001,7.8
23/07/2026 06:34,16,0.001,7.81
23/07/2026 06:04,16,0.001,7.8
23/07/2026 05:34,16.125,0.001,7.8
23/07/2026 05:04,16,0.001,7.8
23/07/2026 04:34,16.125,0.001,7.8
23/07/2026 04:04,16.125,0.001,7.79
23/07/2026 03:34,16.125,0.001,7.79
23/07/2026 03:04,16.25,0.001,7.8
23/07/2026 02:34,16.25,0.001,7.79
23/07/2026 02:04,16.375,0.001,7.79
23/07/2026 02:04,16.375,0.001,7.79
23/07/2026 01:34,16.375,0.001,7.8
23/07/2026 01:04,16.5,0.001,7.8
23/07/2026 00:34,16.5,0.001,7.79
23/07/2026 00:04,16.625,0.001,7.8
22/07/2026 23:34,16.75,0.001,7.8
22/07/2026 23:04,16.875,0.001,7.8
22/07/2026 22:34,15.875,0.001,7.81
22/07/2026 22:04,16.875,0.001,7.8
22/07/2026 21:34,16.75,0.001,7.81
22/07/2026 21:04,16.875,0.001,7.79
22/07/2026 20:34,16.875,0.001,7.79
22/07/2026 20:04,17,0.001,7.79
22/07/2026 19:34,16.875,0.001,7.8
22/07/2026 19:04,17.125,0.001,7.8
22/07/2026 18:34,17.125,0.001,7.8
22/07/2026 18:04,17.125,0.001,7.82
22/07/2026 18:04,17.125,0.001,7.82
22/07/2026 17:34,17.125,0.001,7.82
22/07/2026 17:04,17.125,0.001,7.82
22/07/2026 16:34,17,0.001,7.82
22/07/2026 16:04,16.875,0.001,7.82
22/07/2026 15:34,17,0.001,7.82
22/07/2026 15:04,16.875,0.001,7.82
22/07/2026 14:34,17,0.001,7.82
22/07/2026 14:04,16.75,0.001,7.83
22/07/2026 13:34,16.875,0.001,7.83
22/07/2026 13:04,16.875,0.001,7.84
22/07/2026 12:34,16.75,0.001,7.85
22/07/2026 12:04,16.875,0.001,7.86
22/07/2026 11:34,17,0.001,7.88
22/07/2026 11:04,16.75,0.001,7.9
22/07/2026 10:34,16.75,0.001,7.93
22/07/2026 10:04,15.875,0.001,7.92
22/07/2026 09:34,15.875,0.001,7.93
22/07/2026 09:34,15.875,0.001,7.93
22/07/2026 09:04,15.75,0.001,7.94
22/07/2026 08:34,15.75,0.001,7.94
22/07/2026 08:04,15.75,0.001,7.94
22/07/2026 07:34,15.625,0.001,7.95
22/07/2026 07:04,14.75,0.001,7.95
22/07/2026 06:34,16.625,0.001,7.95
22/07/2026 06:04,15.75,0.001,7.95
22/07/2026 05:34,15.75,0.001,7.95
22/07/2026 05:04,15.875,0.001,7.96
22/07/2026 04:34,15.75,0.001,7.96
22/07/2026 04:04,15.75,0.001,7.97
22/07/2026 03:34,15.875,0.001,7.97
22/07/2026 03:04,15.875,0.001,7.97
22/07/2026 02:34,15.875,0.001,7.97
22/07/2026 02:04,16,0.001,7.97
22/07/2026 01:34,16,0.001,7.98
22/07/2026 01:04,16,0.001,7.98
22/07/2026 00:34,16,0.001,7.98
22/07/2026 00:34,16,0.001,7.98
22/07/2026 00:04,16,0.001,7.98
21/07/2026 23:34,16,0.001,7.98
21/07/2026 23:04,16.125,0.001,7.99
21/07/2026 22:34,16.375,0.001,7.99
21/07/2026 22:04,16.25,0.001,7.99
21/07/2026 21:34,16.25,0.001,7.99
21/07/2026 21:04,16.125,0.001,8
21/07/2026 20:34,16.125,0.001,8
21/07/2026 20:34,16.125,0.001,8
21/07/2026 20:04,16.25,0.001,8
21/07/2026 19:34,16.125,0.001,8
21/07/2026 19:04,16.375,0.001,8
21/07/2026 18:34,16.25,0.001,8
21/07/2026 18:04,16.375,0.001,8
21/07/2026 17:34,16.5,0.001,8
21/07/2026 17:04,16.375,0.001,8
21/07/2026 16:34,16.5,0.001,7.99
21/07/2026 16:04,16.5,0.001,7.99
21/07/2026 15:34,16.5,0.001,7.99
21/07/2026 15:04,16.5,0.001,7.99
21/07/2026 14:34,16.375,0.001,7.99
21/07/2026 14:04,16.375,0.001,7.99
21/07/2026 13:34,16.25,0.001,7.98
21/07/2026 13:04,16.375,0.001,7.97
21/07/2026 12:34,16.375,0.001,7.97
21/07/2026 12:04,16.375,0.001,7.97
21/07/2026 11:34,16.25,0.001,7.97
21/07/2026 11:04,16.25,0.001,7.96
21/07/2026 10:34,16.25,0.001,7.95
21/07/2026 10:04,16.125,0.001,7.95
21/07/2026 09:34,15.875,0.001,7.94
21/07/2026 09:04,15.875,0.001,7.94
21/07/2026 08:34,15.75,0.001,7.94
21/07/2026 08:04,15.875,0.001,7.94
21/07/2026 07:34,15.875,0.001,7.94
21/07/2026 07:04,15.875,0.001,7.94
21/07/2026 06:34,16.625,0.001,7.95
21/07/2026 06:04,15.75,0.001,7.95
21/07/2026 05:34,15.875,0.001,7.95
21/07/2026 05:04,15.875,0.001,7.95
21/07/2026 04:34,16,0.001,7.95
21/07/2026 04:04,15.875,0.001,7.96
21/07/2026 03:34,15.875,0.001,7.96
21/07/2026 03:04,16,0.001,7.96
21/07/2026 02:34,16.125,0.001,7.96
21/07/2026 02:04,16,0.001,7.97
21/07/2026 01:34,16.125,0.001,7.97
21/07/2026 01:04,16,0.001,7.97
21/07/2026 01:04,16,0.001,7.97
21/07/2026 00:34,16.125,0.001,7.98
21/07/2026 00:34,16.125,0.001,7.98
21/07/2026 00:04,16.125,0.001,7.97
20/07/2026 23:34,16.375,0.001,7.98
20/07/2026 23:04,16.25,0.001,7.98
20/07/2026 22:34,16.375,0.001,7.98
20/07/2026 22:34,16.375,0.001,7.98
20/07/2026 22:04,16.5,0.001,7.98
20/07/2026 21:34,16.375,0.001,7.99
20/07/2026 21:04,16.625,0.001,7.99
20/07/2026 20:34,16.625,0.001,7.99
20/07/2026 20:04,16.5,0.001,8
20/07/2026 19:34,17.5,0.001,8
20/07/2026 19:04,15.75,0.001,8.01
20/07/2026 18:34,16.875,0.001,8.01
20/07/2026 18:04,16.875,0.001,8
20/07/2026 17:34,16.875,0.001,8
20/07/2026 17:04,17,0.001,8
20/07/2026 16:34,16.875,0.001,8
20/07/2026 16:04,16.875,0.001,7.99
20/07/2026 15:34,16.75,0.001,7.99
20/07/2026 15:04,16.75,0.001,7.99
20/07/2026 14:34,15.75,0.001,7.98
20/07/2026 14:04,16.625,0.001,7.98
20/07/2026 13:34,16.5,0.001,7.98
20/07/2026 13:04,16.625,0.001,7.97
20/07/2026 12:34,16.375,0.001,7.97
20/07/2026 12:04,16.5,0.001,7.97
20/07/2026 11:34,16.375,0.001,7.96
20/07/2026 11:04,16.375,0.001,7.94
20/07/2026 10:34,16.5,0.001,7.94
20/07/2026 10:04,16.125,0.001,7.94
20/07/2026 09:34,16,0.001,7.93
20/07/2026 09:04,15.875,0.001,7.94
20/07/2026 08:34,16,0.001,7.94
20/07/2026 08:04,15.875,0.001,7.94
20/07/2026 07:34,15.875,0.001,7.95
20/07/2026 07:04,15.875,0.001,7.95
20/07/2026 06:34,16,0.001,7.96
20/07/2026 06:04,16,0.001,7.96
20/07/2026 05:34,15.875,0.001,7.96
20/07/2026 05:04,16,0.001,7.97
20/07/2026 04:34,16,0.001,7.96
20/07/2026 04:04,15.875,0.001,7.96
20/07/2026 03:34,16.125,0.001,7.96
20/07/2026 03:04,16,0.001,7.97
20/07/2026 02:34,16.125,0.001,7.96
20/07/2026 02:04,16.125,0.001,7.97
20/07/2026 01:34,16.25,0.001,7.98
20/07/2026 01:04,16.25,0.001,7.98
20/07/2026 00:34,16.25,0.001,7.97
20/07/2026 00:04,16.25,0.001,7.98
19/07/2026 23:34,16.25,0.001,7.98
19/07/2026 23:04,16.375,0.001,7.98
19/07/2026 22:34,16.375,0.001,7.99
19/07/2026 22:04,16.375,0.001,8
19/07/2026 21:34,16.375,0.001,8
19/07/2026 21:04,16.5,0.001,8
19/07/2026 20:34,16.375,0.001,8.01
19/07/2026 20:34,16.375,0.001,8.01
19/07/2026 20:04,16.375,0.001,8.01
19/07/2026 19:34,16.375,0.001,8.01
19/07/2026 19:04,16.5,0.001,8.02
19/07/2026 18:34,16.5,0.001,8.02
19/07/2026 18:04,16.5,0.001,8.01
19/07/2026 17:34,16.5,0.001,8.01
19/07/2026 17:04,16.375,0.001,8.01
19/07/2026 16:34,16.5,0.001,8
19/07/2026 16:04,16.5,0.001,8.01
19/07/2026 15:34,16.375,0.001,8.01
19/07/2026 15:34,16.375,0.001,8.01
19/07/2026 15:04,16.375,0.001,8
19/07/2026 14:34,16.375,0.001,7.99
19/07/2026 14:04,16.25,0.001,7.99
19/07/2026 13:34,16.25,0.001,7.99
19/07/2026 13:04,16.375,0.001,7.98
19/07/2026 12:34,16.125,0.001,7.98
19/07/2026 12:04,16.125,0.001,7.98
19/07/2026 11:34,16.125,0.001,7.97
19/07/2026 11:04,16.125,0.001,7.95
19/07/2026 10:34,16,0.001,7.95
19/07/2026 10:04,16,0.001,7.94
19/07/2026 09:34,16,0.001,7.93
19/07/2026 09:04,15.875,0.001,7.94
19/07/2026 08:34,15.875,0.001,7.93
19/07/2026 08:04,15.75,0.001,7.94
19/07/2026 07:34,15.875,0.001,7.95
19/07/2026 07:04,14.875,0.001,7.95
19/07/2026 06:34,15.75,0.001,7.96
19/07/2026 06:04,15.875,0.001,7.95
19/07/2026 05:34,15.875,0.001,7.96
19/07/2026 05:04,15.875,0.001,7.96
19/07/2026 04:34,15.875,0.001,7.96
19/07/2026 04:04,15.875,0.001,7.95
19/07/2026 03:34,16,0.001,7.96
19/07/2026 03:04,16,0.001,7.97
19/07/2026 02:34,16.125,0.001,7.97
19/07/2026 02:04,16,0.001,7.97
19/07/2026 01:34,16.25,0.001,7.98
19/07/2026 01:04,16.25,0.001,7.98
19/07/2026 00:34,16.125,0.001,7.98
19/07/2026 00:04,16.25,0.001,7.98
18/07/2026 23:34,16.375,0.001,7.98
18/07/2026 23:04,16.375,0.001,7.98
18/07/2026 22:34,16.375,0.001,7.99
18/07/2026 22:04,16.5,0.001,7.99
18/07/2026 21:34,16.625,0.001,7.99
18/07/2026 21:04,16.375,0.001,8
18/07/2026 20:34,16.5,0.001,8
18/07/2026 20:04,16.5,0.001,8
18/07/2026 19:34,16.5,0.001,8
18/07/2026 19:04,17.5,0.001,8
18/07/2026 18:34,16.625,0.001,8
18/07/2026 18:04,16.75,0.001,8
18/07/2026 17:34,16.625,0.001,8
18/07/2026 17:04,16.625,0.001,8
18/07/2026 16:34,16.75,0.001,8
18/07/2026 16:34,16.75,0.001,8
18/07/2026 16:04,16.625,0.001,7.99
18/07/2026 15:34,16.5,0.001,7.99
18/07/2026 15:04,16.625,0.001,7.99
18/07/2026 14:34,16.5,0.001,7.98
18/07/2026 14:04,16.5,0.001,7.98
18/07/2026 13:34,16.25,0.001,7.97
18/07/2026 13:04,16.25,0.001,7.97
18/07/2026 12:34,16.25,0.001,7.96
18/07/2026 12:04,16.125,0.001,7.96
18/07/2026 11:34,16.25,0.001,7.96
18/07/2026 11:04,16.125,0.001,7.95
18/07/2026 10:34,16.125,0.001,7.95
18/07/2026 10:04,16,0.001,7.94
18/07/2026 09:34,15.875,0.001,7.94
18/07/2026 09:04,15.875,0.001,7.94
18/07/2026 08:34,15.875,0.001,7.93
18/07/2026 08:04,15.75,0.001,7.93
18/07/2026 07:34,15.75,0.001,7.92
18/07/2026 07:04,15.75,0.001,7.92
18/07/2026 07:04,15.75,0.001,7.92
18/07/2026 06:34,15.75,0.001,7.92
18/07/2026 06:04,15.75,0.001,7.92
18/07/2026 05:34,15.875,0.001,7.92
18/07/2026 05:04,15.875,0.001,7.92
18/07/2026 04:34,15.875,0.001,7.92
18/07/2026 04:04,16,0.001,7.92
18/07/2026 03:34,15.875,0.001,7.92
18/07/2026 03:04,16,0.001,7.93
18/07/2026 02:34,16,0.001,7.93
18/07/2026 02:04,16,0.001,7.93
18/07/2026 01:34,16.125,0.001,7.93
18/07/2026 01:04,16.125,0.001,7.93
18/07/2026 00:34,16.25,0.001,7.93
18/07/2026 00:04,16.25,0.001,7.94
17/07/2026 23:34,16.375,0.001,7.93
17/07/2026 23:04,16.25,0.001,7.94
17/07/2026 22:34,16.25,0.001,7.94
17/07/2026 22:04,16.375,0.001,7.94
17/07/2026 21:34,16.25,0.001,7.95
17/07/2026 21:04,16.375,0.001,7.94
17/07/2026 20:34,16.25,0.001,7.94
17/07/2026 20:04,16.25,0.001,7.94
17/07/2026 19:34,16.375,0.001,7.94
17/07/2026 19:30,16.375,0.001,7.94
17/07/2026 19:04,16.5,0.001,7.94
17/07/2026 18:34,16.375,0.001,7.93
17/07/2026 18:04,16.375,0.001,7.93
17/07/2026 18:04,16.375,0.001,7.93
17/07/2026 17:34,16.5,0.001,7.92
17/07/2026 17:04,16.375,0.001,7.93
17/07/2026 16:34,16.5,0.001,7.93
17/07/2026 16:04,16.25,0.001,7.94
17/07/2026 16:04,16.25,0.001,7.94
17/07/2026 15:34,16.125,0.001,7.94
17/07/2026 15:04,16.125,0.001,7.93
17/07/2026 14:34,16,0.001,7.92
17/07/2026 14:04,16,0.001,7.92
17/07/2026 13:34,16,0.001,7.92
17/07/2026 13:34,16,0.001,7.92
17/07/2026 13:04,15.875,0.001,7.91
17/07/2026 12:34,15.875,0.001,7.9
17/07/2026 12:04,15.75,0.001,7.9
17/07/2026 11:34,15.75,0.001,7.89
17/07/2026 11:04,15.875,0.001,7.89
17/07/2026 10:34,15.625,0.001,7.88
17/07/2026 10:04,15.625,0.001,7.87
17/07/2026 09:34,15.5,0.001,7.87
17/07/2026 09:34,15.5,0.001,7.87
17/07/2026 09:04,15.5,0.001,7.86
17/07/2026 08:34,15.375,0.001,7.85
17/07/2026 08:04,15.25,0.001,7.85
17/07/2026 07:34,15.25,0.001,7.85
17/07/2026 07:04,15.375,0.001,7.84
17/07/2026 06:34,15.375,0.001,7.84
17/07/2026 06:04,15.25,0.001,7.84
17/07/2026 05:34,15.125,0.001,7.84
17/07/2026 05:04,15.25,0.001,7.84
17/07/2026 04:34,15.125,0.001,7.84
17/07/2026 04:04,15.125,0.001,7.84
17/07/2026 03:34,15.125,0.001,7.84
17/07/2026 03:04,14.875,0.001,7.84
17/07/2026 02:34,15,0.001,7.83
17/07/2026 02:04,15.125,0.001,7.83
17/07/2026 01:34,15.25,0.001,7.84
17/07/2026 01:04,15.375,0.001,7.84
17/07/2026 00:34,15.625,0.001,7.84
17/07/2026 00:04,15.625,0.001,7.84
16/07/2026 23:34,16.625,0.001,7.83
16/07/2026 23:04,15.875,0.001,7.83
16/07/2026 23:04,15.875,0.001,7.83
16/07/2026 22:34,16,0.001,7.83
16/07/2026 22:04,16.25,0.001,7.83
16/07/2026 22:04,16.25,0.001,7.83
16/07/2026 21:34,16.375,0.001,7.83
16/07/2026 21:04,16.75,0.001,7.84
16/07/2026 21:04,16.75,0.001,7.84
16/07/2026 20:34,17.125,0.001,7.85
16/07/2026 20:04,17.25,0.001,7.86
16/07/2026 19:34,17.25,0.001,7.85
16/07/2026 19:04,17.375,0.001,7.86
16/07/2026 18:34,17.375,0.001,7.86
16/07/2026 18:04,17.625,0.001,7.86
16/07/2026 18:04,17.625,0.001,7.86
16/07/2026 17:34,17.5,0.001,7.86
16/07/2026 17:34,17.5,0.001,7.86
16/07/2026 17:04,17.5,0.001,7.86
16/07/2026 16:34,17.375,0.001,7.86
16/07/2026 16:04,17.375,0.001,7.85
16/07/2026 15:34,17.25,0.001,7.85
16/07/2026 15:04,17.125,0.001,7.84
16/07/2026 14:34,16.875,0.001,7.83
16/07/2026 14:04,15.75,0.001,7.83
16/07/2026 13:34,16.5,0.001,7.83
16/07/2026 13:04,16.375,0.001,7.84
16/07/2026 12:34,16.25,0.001,7.84
16/07/2026 12:04,16.125,0.001,7.84
16/07/2026 11:34,16.125,0.001,7.84
16/07/2026 11:04,16,0.001,7.84
16/07/2026 10:34,15.875,0.001,7.83
16/07/2026 10:04,15.875,0.001,7.83
16/07/2026 09:34,15.75,0.001,7.82
16/07/2026 09:04,15.75,0.001,7.83
16/07/2026 08:34,16.625,0.001,7.83
16/07/2026 08:04,14.75,0.001,7.83
16/07/2026 07:34,15.75,0.001,7.84
16/07/2026 07:04,14.75,0.001,7.84
16/07/2026 06:34,16.625,0.001,7.84
16/07/2026 06:04,16.625,0.001,7.84
16/07/2026 05:34,15.875,0.001,7.84
16/07/2026 05:04,16.625,0.001,7.84
16/07/2026 04:34,16.625,0.001,7.84
16/07/2026 04:04,15.75,0.001,7.84
16/07/2026 03:34,15.875,0.001,7.84
16/07/2026 03:04,15.75,0.001,7.84
16/07/2026 02:34,15.875,0.001,7.84
16/07/2026 02:04,16,0.001,7.84
16/07/2026 01:34,15.875,0.001,7.84
16/07/2026 01:04,15.875,0.001,7.84
16/07/2026 00:34,16,0.001,7.84
16/07/2026 00:04,16,0.001,7.84
15/07/2026 23:34,16,0.001,7.84
15/07/2026 23:04,16,0.001,7.84
15/07/2026 22:34,16.125,0.001,7.84
15/07/2026 22:04,16.25,0.001,7.84
15/07/2026 21:34,16.25,0.001,7.84
15/07/2026 21:04,16.25,0.001,7.84
15/07/2026 20:34,16.5,0.001,7.83
15/07/2026 20:04,16.375,0.001,7.84
15/07/2026 19:34,16.5,0.001,7.84
15/07/2026 19:04,16.625,0.001,7.83
15/07/2026 18:34,16.625,0.001,7.83
15/07/2026 18:04,15.75,0.001,7.83
15/07/2026 17:34,16.75,0.001,7.82
15/07/2026 17:04,16.625,0.001,7.82
15/07/2026 16:34,16.625,0.001,7.82
15/07/2026 16:04,16.625,0.001,7.82
15/07/2026 15:34,16.625,0.001,7.82
15/07/2026 15:04,16.5,0.001,7.82
15/07/2026 14:34,16.5,0.001,7.82
15/07/2026 14:04,16.375,0.001,7.82
15/07/2026 13:34,16.125,0.001,7.81
15/07/2026 13:04,16.125,0.001,7.81
15/07/2026 12:34,16,0.001,7.81
15/07/2026 12:04,16,0.001,7.82
15/07/2026 11:34,15.75,0.001,7.82
15/07/2026 11:04,15.75,0.001,7.82
15/07/2026 10:34,16.625,0.001,7.82
15/07/2026 10:04,16.625,0.001,7.83
15/07/2026 09:34,15.5,0.001,7.83
15/07/2026 09:04,15.625,0.001,7.83
15/07/2026 08:34,15.625,0.001,7.83
15/07/2026 08:04,15.5,0.001,7.83
15/07/2026 07:34,15.625,0.001,7.83
15/07/2026 07:04,15.5,0.001,7.83
15/07/2026 06:34,15.5,0.001,7.83
15/07/2026 06:04,15.5,0.001,7.83
15/07/2026 05:34,15.625,0.001,7.83
15/07/2026 05:04,15.5,0.001,7.84
15/07/2026 04:34,15.5,0.001,7.84
15/07/2026 04:04,15.625,0.001,7.84
15/07/2026 03:34,14.75,0.001,7.84
15/07/2026 03:34,14.75,0.001,7.84
15/07/2026 03:04,16.625,0.001,7.84
15/07/2026 02:34,16.625,0.001,7.84
15/07/2026 02:04,14.75,0.001,7.84
15/07/2026 01:34,14.75,0.001,7.84
15/07/2026 01:04,14.75,0.001,7.84
15/07/2026 00:34,15.75,0.001,7.84
15/07/2026 00:04,15.875,0.001,7.84
14/07/2026 23:34,15.875,0.001,7.84
14/07/2026 23:34,15.875,0.001,7.84
14/07/2026 23:04,15.75,0.001,7.83
14/07/2026 22:34,16,0.001,7.83
14/07/2026 22:04,16,0.001,7.82
14/07/2026 21:34,16,0.001,7.81
14/07/2026 21:04,16,0.001,7.81
14/07/2026 20:34,16.125,0.001,7.83
14/07/2026 20:04,16.25,0.001,7.86
14/07/2026 19:34,16.25,0.001,7.87
14/07/2026 19:04,16.375,0.001,7.87
14/07/2026 18:34,16.375,0.001,7.87
14/07/2026 18:04,16.5,0.001,7.87
14/07/2026 17:34,16.375,0.001,7.87
14/07/2026 17:04,16.375,0.001,7.87
14/07/2026 16:34,16.5,0.001,7.87
14/07/2026 16:04,16.5,0.001,7.88
14/07/2026 15:34,16.375,0.001,7.88
14/07/2026 15:04,16.375,0.001,7.89
14/07/2026 14:34,16.375,0.001,7.89
14/07/2026 14:04,16.5,0.001,7.88
14/07/2026 14:04,16.5,0.001,7.88
14/07/2026 13:34,16.375,0.001,7.87
14/07/2026 13:04,16.25,0.001,7.86
14/07/2026 12:34,16.25,0.001,7.85
14/07/2026 12:04,16.25,0.001,7.83
14/07/2026 11:34,16.25,0.001,7.81
14/07/2026 11:04,16.375,0.001,7.78
14/07/2026 10:34,16.25,0.001,7.74
14/07/2026 10:04,16.375,0.001,7.65
14/07/2026 09:45,15.625,0.001,7.59
14/07/2026 09:34,16.375,0.001,7.53
14/07/2026 09:31,16.5,0.001,7.51
14/07/2026 09:04,16.625,0.001,7.26
14/07/2026 08:04,16.5,0.001,6.56
14/07/2026 08:04,16.5,0.001,6.69
11/07/2026 10:34,15.625,0.001,7.94
11/07/2026 10:04,15.5,0.001,7.94
11/07/2026 09:34,15.5,0.001,7.93
11/07/2026 09:04,15.375,0.001,7.93
11/07/2026 08:34,15.375,0.001,7.93
11/07/2026 08:04,15.25,0.001,7.92
11/07/2026 07:34,15.25,0.001,7.92
11/07/2026 07:04,15.125,0.001,7.92
11/07/2026 06:34,15.125,0.001,7.92
11/07/2026 06:04,15.125,0.001,7.92
11/07/2026 05:34,15.25,0.001,7.92
11/07/2026 05:04,15.25,0.001,7.92
11/07/2026 04:34,15.375,0.001,7.92
11/07/2026 04:04,15.375,0.001,7.93
11/07/2026 03:34,15.375,0.001,7.93
11/07/2026 03:04,15.375,0.001,7.93
11/07/2026 02:34,15.5,0.001,7.93
11/07/2026 02:04,15.5,0.001,7.93
11/07/2026 01:34,15.625,0.001,7.94
11/07/2026 01:04,14.75,0.001,7.94
11/07/2026 00:34,14.75,0.001,7.94
11/07/2026 00:04,15.625,0.001,7.94
10/07/2026 23:34,14.75,0.001,7.94
10/07/2026 23:04,15.625,0.001,7.95
10/07/2026 23:04,15.625,0.001,7.95
10/07/2026 22:34,16.625,0.001,7.95
10/07/2026 22:04,15.875,0.001,7.95
10/07/2026 22:04,15.875,0.001,7.95
10/07/2026 21:34,15.75,0.001,7.95
10/07/2026 21:04,16,0.001,7.96
10/07/2026 20:34,16.125,0.001,7.96
10/07/2026 20:04,16.125,0.001,7.96
10/07/2026 19:34,16.125,0.001,7.97
10/07/2026 19:04,16.25,0.001,7.97
10/07/2026 18:34,16.25,0.001,7.97
10/07/2026 18:04,16.375,0.001,7.97
10/07/2026 17:34,16.375,0.001,7.97
10/07/2026 17:04,16.25,0.001,7.96
10/07/2026 17:04,16.25,0.001,7.96
10/07/2026 16:34,16.25,0.001,7.96
10/07/2026 16:04,16.25,0.001,7.96
10/07/2026 15:34,16.25,0.001,7.95
10/07/2026 15:34,16.25,0.001,7.95
10/07/2026 15:04,16.25,0.001,7.95
10/07/2026 14:34,16,0.001,7.95
10/07/2026 14:04,15.75,0.001,7.94
10/07/2026 13:34,15.75,0.001,7.94
10/07/2026 13:04,15.75,0.001,7.93
10/07/2026 13:04,15.75,0.001,7.93
10/07/2026 12:34,15.625,0.001,7.93
10/07/2026 12:04,16.625,0.001,7.93
10/07/2026 11:34,16.625,0.001,7.92
10/07/2026 11:04,15.625,0.001,7.92
10/07/2026 10:34,15.5,0.001,7.91
10/07/2026 10:04,15.5,0.001,7.91
10/07/2026 09:34,15.5,0.001,7.9
10/07/2026 09:04,15.375,0.001,7.9
10/07/2026 08:34,15.25,0.001,7.89
10/07/2026 08:04,15.25,0.001,7.89
10/07/2026 07:34,15.25,0.001,7.88
10/07/2026 07:04,15.125,0.001,7.88
10/07/2026 06:34,15.125,0.001,7.88
10/07/2026 06:04,15.125,0.001,7.88
10/07/2026 05:34,15.25,0.001,7.88
10/07/2026 05:04,15.25,0.001,7.88
10/07/2026 04:34,15.25,0.001,7.88
10/07/2026 04:04,15.375,0.001,7.88
10/07/2026 03:34,15.25,0.001,7.88
10/07/2026 03:04,15.375,0.001,7.88
10/07/2026 02:34,15.375,0.001,7.88
10/07/2026 02:04,15.5,0.001,7.88
10/07/2026 01:34,15.375,0.001,7.88
10/07/2026 01:04,15.375,0.001,7.88
10/07/2026 00:34,15.5,0.001,7.88
10/07/2026 00:04,15.375,0.001,7.88
09/07/2026 23:34,15.625,0.001,7.89
09/07/2026 23:04,16.625,0.001,7.89
09/07/2026 22:34,16.625,0.001,7.89
09/07/2026 22:34,16.625,0.001,7.89
09/07/2026 22:04,15.625,0.001,7.89
09/07/2026 22:04,14.75,0.001,7.89
09/07/2026 21:34,15.75,0.001,7.89
09/07/2026 21:04,15.75,0.001,7.89
09/07/2026 20:34,15.75,0.001,7.89
09/07/2026 20:04,15.875,0.001,7.9
09/07/2026 19:34,15.875,0.001,7.9
09/07/2026 19:04,15.75,0.001,7.9
09/07/2026 18:34,16,0.001,7.9
09/07/2026 18:04,16,0.001,7.9
09/07/2026 17:34,16,0.001,7.91
09/07/2026 17:04,16,0.001,7.91
09/07/2026 16:34,16,0.001,7.92
09/07/2026 16:04,16,0.001,7.93
09/07/2026 15:34,16,0.001,7.95
09/07/2026 15:04,15.75,0.001,7.97
09/07/2026 14:34,15.75,0.001,7.97
09/07/2026 14:04,14.875,0.001,7.97
09/07/2026 14:04,14.875,0.001,7.97
09/07/2026 13:34,14.75,0.001,7.97
09/07/2026 13:04,15.625,0.001,7.96
09/07/2026 12:34,16.625,0.001,7.96
09/07/2026 12:04,16.5,0.001,7.96
09/07/2026 11:34,15.625,0.001,7.95
09/07/2026 11:04,15.5,0.001,7.95
09/07/2026 10:34,15.5,0.001,7.94
09/07/2026 10:34,15.5,0.001,7.94
09/07/2026 10:04,15.5,0.001,7.94
09/07/2026 09:34,15.375,0.001,7.94
09/07/2026 09:04,15.375,0.001,7.93
09/07/2026 08:34,15.25,0.001,7.93
09/07/2026 08:04,15.25,0.001,7.93
09/07/2026 07:34,15.25,0.001,7.93
09/07/2026 07:04,15.125,0.001,7.92
09/07/2026 07:04,15.125,0.001,7.92
09/07/2026 06:34,15.125,0.001,7.92
09/07/2026 06:04,15.125,0.001,7.92
09/07/2026 05:34,15.125,0.001,7.93
09/07/2026 04:04,15.125,0.001,7.94
09/07/2026 03:34,15.25,0.001,7.94
09/07/2026 03:04,15.25,0.001,7.94
09/07/2026 02:34,15.25,0.001,7.94
09/07/2026 02:04,15.375,0.001,7.94
09/07/2026 01:34,15.375,0.001,7.95
09/07/2026 01:04,15.375,0.001,7.95
09/07/2026 00:34,15.5,0.001,7.95
09/07/2026 00:04,15.5,0.001,7.95
08/07/2026 23:34,15.5,0.001,7.96
08/07/2026 23:04,15.5,0.001,7.96
08/07/2026 22:34,15.625,0.001,7.96
08/07/2026 22:04,15.75,0.001,7.96
08/07/2026 21:34,15.75,0.001,7.97
08/07/2026 21:04,15.75,0.001,7.97
08/07/2026 20:34,15.75,0.001,7.97
08/07/2026 20:04,15.875,0.001,7.97
08/07/2026 19:34,15.875,0.001,7.98
08/07/2026 19:04,15.875,0.001,7.98
08/07/2026 18:34,15.875,0.001,7.98
08/07/2026 18:04,15.875,0.001,7.98
08/07/2026 17:34,15.875,0.001,7.98
08/07/2026 17:04,16,0.001,7.98
08/07/2026 16:34,16,0.001,7.98
08/07/2026 16:04,15.875,0.001,7.98
08/07/2026 15:34,15.875,0.001,7.97
08/07/2026 15:04,15.75,0.001,7.97
08/07/2026 14:34,15.875,0.001,7.97
08/07/2026 14:04,15.75,0.001,7.96
08/07/2026 13:34,15.75,0.001,7.96
08/07/2026 13:04,15.75,0.001,7.96
08/07/2026 12:34,15.625,0.001,7.95
08/07/2026 12:04,15.625,0.001,7.95
08/07/2026 11:34,15.625,0.001,7.95
08/07/2026 11:04,15.625,0.001,7.94
08/07/2026 10:34,15.5,0.001,7.94
08/07/2026 10:04,15.375,0.001,7.94
08/07/2026 09:34,15.375,0.001,7.94
08/07/2026 09:34,15.375,0.001,7.94
08/07/2026 09:04,15.25,0.001,7.94
08/07/2026 08:34,15.25,0.001,7.93
08/07/2026 08:04,15.25,0.001,7.93
08/07/2026 08:04,15.25,0.001,7.93
08/07/2026 07:34,15.125,0.001,7.93
08/07/2026 07:04,15.125,0.001,7.93
08/07/2026 06:34,15.125,0.001,7.93
08/07/2026 06:04,15.25,0.001,7.93
08/07/2026 05:34,15.25,0.001,7.93
08/07/2026 05:34,15.25,0.001,7.93
08/07/2026 05:04,15.125,0.001,7.94
08/07/2026 04:34,15.375,0.001,7.94
08/07/2026 04:04,15.375,0.001,7.94
08/07/2026 03:34,15.375,0.001,7.94
08/07/2026 03:04,15.375,0.001,7.95
08/07/2026 02:34,15.375,0.001,7.95
08/07/2026 02:04,15.5,0.001,7.95
08/07/2026 02:04,15.5,0.001,7.95
08/07/2026 01:34,15.625,0.001,7.95
08/07/2026 01:04,15.625,0.001,7.96
08/07/2026 00:34,14.75,0.001,7.96
08/07/2026 00:04,15.625,0.001,7.96
07/07/2026 23:34,16.5,0.001,7.96
07/07/2026 23:04,16.625,0.001,7.97
07/07/2026 22:34,15.75,0.001,7.97
07/07/2026 22:04,15.75,0.001,7.97
07/07/2026 22:04,15.75,0.001,7.97
07/07/2026 21:34,15.75,0.001,7.98
07/07/2026 21:04,15.875,0.001,7.98
07/07/2026 20:34,16,0.001,7.98
07/07/2026 20:04,16,0.001,7.98
07/07/2026 19:34,16,0.001,7.99
07/07/2026 19:04,16,0.001,7.99
07/07/2026 18:34,16.125,0.001,7.99
07/07/2026 18:34,16.125,0.001,7.99
07/07/2026 18:04,16.25,0.001,7.99
07/07/2026 17:34,16.125,0.001,7.99
07/07/2026 17:04,16.25,0.001,7.99
07/07/2026 16:34,16.125,0.001,7.99
07/07/2026 16:04,16.125,0.001,7.98
07/07/2026 15:34,16.125,0.001,7.98
07/07/2026 15:04,16,0.001,7.98
07/07/2026 14:34,15.875,0.001,7.98
07/07/2026 14:04,15.875,0.001,7.97
07/07/2026 13:34,15.75,0.001,7.97
07/07/2026 13:04,15.75,0.001,7.97
07/07/2026 12:34,15.625,0.001,7.96
07/07/2026 12:04,16.625,0.001,7.96
07/07/2026 11:34,15.5,0.001,7.96
07/07/2026 11:34,15.5,0.001,7.96
07/07/2026 11:04,15.5,0.001,7.95
07/07/2026 10:34,15.5,0.001,7.95
07/07/2026 10:04,15.5,0.001,7.95
07/07/2026 09:34,15.625,0.001,7.95
07/07/2026 09:04,15.375,0.001,7.94
07/07/2026 08:34,15.375,0.001,7.94
07/07/2026 08:04,15.375,0.001,7.94
07/07/2026 07:34,15.25,0.001,7.93
07/07/2026 07:04,15.25,0.001,7.93
07/07/2026 06:34,15.25,0.001,7.93
07/07/2026 06:04,15.375,0.001,7.94
07/07/2026 05:34,15.375,0.001,7.94
07/07/2026 05:04,15.375,0.001,7.94
07/07/2026 04:34,15.375,0.001,7.94
07/07/2026 04:04,15.5,0.001,7.95
07/07/2026 03:34,15.5,0.001,7.95
07/07/2026 03:04,15.5,0.001,7.95
07/07/2026 02:34,15.5,0.001,7.95
07/07/2026 02:04,15.5,0.001,7.95
07/07/2026 01:34,15.5,0.001,7.96
07/07/2026 01:04,15.625,0.001,7.96
07/07/2026 00:34,14.875,0.001,7.96
07/07/2026 00:04,15.625,0.001,7.96
06/07/2026 23:34,15.625,0.001,7.97
06/07/2026 23:04,15.625,0.001,7.97
06/07/2026 22:34,15.75,0.001,7.97
06/07/2026 22:04,15.875,0.001,7.98
06/07/2026 21:34,16,0.001,7.98
06/07/2026 21:04,16,0.001,7.98
06/07/2026 20:34,16,0.001,7.98
06/07/2026 20:04,16,0.001,7.99
06/07/2026 19:34,16.125,0.001,7.99
06/07/2026 19:04,16.375,0.001,7.99
06/07/2026 18:34,16.25,0.001,7.99
06/07/2026 18:04,16.25,0.001,8
06/07/2026 17:34,16.25,0.001,7.99
06/07/2026 17:04,16.25,0.001,7.99
06/07/2026 16:34,16.25,0.001,7.99
06/07/2026 16:04,16.125,0.001,7.99
06/07/2026 15:34,16.125,0.001,7.98
06/07/2026 15:04,16,0.001,7.98
06/07/2026 14:34,16.125,0.001,7.98
06/07/2026 14:04,16,0.001,7.98
06/07/2026 13:34,15.875,0.001,7.97
06/07/2026 13:04,15.875,0.001,7.97
06/07/2026 12:34,15.875,0.001,7.97
06/07/2026 12:34,15.875,0.001,7.97
06/07/2026 12:04,15.875,0.001,7.96
06/07/2026 11:34,15.875,0.001,7.96
06/07/2026 11:04,15.75,0.001,7.95
06/07/2026 10:34,16.625,0.001,7.95
06/07/2026 10:04,14.75,0.001,7.95
06/07/2026 09:34,15.75,0.001,7.94
06/07/2026 09:04,15.625,0.001,7.94
06/07/2026 08:34,15.625,0.001,7.94
06/07/2026 08:04,15.5,0.001,7.93
06/07/2026 07:34,15.5,0.001,7.93
06/07/2026 07:04,15.375,0.001,7.93
06/07/2026 07:04,15.375,0.001,7.93
06/07/2026 06:34,15.375,0.001,7.93
06/07/2026 06:04,15.375,0.001,7.93
06/07/2026 05:34,15.375,0.001,7.93
06/07/2026 05:04,15.5,0.001,7.94
06/07/2026 04:34,15.375,0.001,7.94
06/07/2026 04:04,15.5,0.001,7.94
06/07/2026 03:34,15.5,0.001,7.94
06/07/2026 03:04,15.625,0.001,7.94
06/07/2026 02:34,15.625,0.001,7.94
06/07/2026 02:04,15.5,0.001,7.95
06/07/2026 01:34,15.625,0.001,7.95
06/07/2026 01:04,16.625,0.001,7.95
06/07/2026 00:34,15.625,0.001,7.96
06/07/2026 00:04,15.5,0.001,7.96
05/07/2026 23:34,15.625,0.001,7.96
05/07/2026 23:04,15.625,0.001,7.96
05/07/2026 22:34,15.625,0.001,7.96
05/07/2026 22:04,15.75,0.001,7.97
05/07/2026 21:34,15.875,0.001,7.97
05/07/2026 21:04,16,0.001,7.97
05/07/2026 20:34,16,0.001,7.98
05/07/2026 20:04,16,0.001,7.98
05/07/2026 19:34,16.125,0.001,7.98
05/07/2026 19:04,16.125,0.001,7.99
05/07/2026 18:34,16.25,0.001,7.99
05/07/2026 18:04,16.375,0.001,7.99
05/07/2026 17:34,16.25,0.001,7.99
05/07/2026 17:04,16.125,0.001,7.99
05/07/2026 16:34,16.125,0.001,7.98
05/07/2026 16:04,16.125,0.001,7.98
05/07/2026 15:34,16.125,0.001,7.98
05/07/2026 15:04,16.125,0.001,7.97
05/07/2026 14:34,16,0.001,7.97
05/07/2026 14:04,16,0.001,7.97
05/07/2026 13:34,16,0.001,7.97
05/07/2026 13:04,15.875,0.001,7.96
05/07/2026 12:34,15.75,0.001,7.96
05/07/2026 12:04,15.875,0.001,7.95
05/07/2026 11:34,14.75,0.001,7.95
05/07/2026 11:04,16.625,0.001,7.94
05/07/2026 10:34,16.625,0.001,7.94
05/07/2026 10:04,15.625,0.001,7.94
05/07/2026 09:34,15.625,0.001,7.94
05/07/2026 09:04,15.625,0.001,7.93
05/07/2026 08:34,15.5,0.001,7.93
05/07/2026 08:04,15.5,0.001,7.93
05/07/2026 07:34,15.375,0.001,7.92
05/07/2026 07:04,15.375,0.001,7.92
05/07/2026 06:34,15.25,0.001,7.92
05/07/2026 06:04,15.25,0.001,7.92
05/07/2026 05:34,15.25,0.001,7.92
05/07/2026 05:04,15.375,0.001,7.93
05/07/2026 04:34,15.25,0.001,7.93
05/07/2026 04:04,15.375,0.001,7.93
05/07/2026 03:34,15.375,0.001,7.93
05/07/2026 03:04,15.5,0.001,7.93
05/07/2026 03:04,15.5,0.001,7.93
05/07/2026 02:34,15.375,0.001,7.94
05/07/2026 02:04,15.5,0.001,7.94
05/07/2026 01:34,15.5,0.001,7.94
05/07/2026 01:04,15.625,0.001,7.94
05/07/2026 00:34,15.625,0.001,7.95
05/07/2026 00:04,15.625,0.001,7.95
04/07/2026 23:34,15.5,0.001,7.95
04/07/2026 23:04,15.625,0.001,7.95
04/07/2026 22:34,15.625,0.001,7.95
04/07/2026 22:04,15.75,0.001,7.96
04/07/2026 22:04,15.75,0.001,7.96
04/07/2026 21:34,15.75,0.001,7.96
04/07/2026 21:04,16.625,0.001,7.96
04/07/2026 20:34,15.75,0.001,7.96
04/07/2026 20:04,15.875,0.001,7.97
04/07/2026 19:34,15.875,0.001,7.97
04/07/2026 19:04,16,0.001,7.97
04/07/2026 18:34,16,0.001,7.97
04/07/2026 18:04,16,0.001,7.97
04/07/2026 17:34,16,0.001,7.97
04/07/2026 17:34,16,0.001,7.97
04/07/2026 17:04,16,0.001,7.97
04/07/2026 16:34,16,0.001,7.97
04/07/2026 16:04,16,0.001,7.97
04/07/2026 15:34,16,0.001,7.96
04/07/2026 15:04,16,0.001,7.96
04/07/2026 14:34,15.875,0.001,7.96
04/07/2026 14:04,16,0.001,7.95
04/07/2026 13:34,16,0.001,7.95
04/07/2026 13:04,15.625,0.001,7.94
04/07/2026 12:34,15.75,0.001,7.94
04/07/2026 12:04,15.75,0.001,7.93
04/07/2026 11:34,15.625,0.001,7.93
04/07/2026 11:04,15.75,0.001,7.93
04/07/2026 10:34,15.625,0.001,7.92
04/07/2026 10:04,15.625,0.001,7.92
04/07/2026 09:34,15.5,0.001,7.92
04/07/2026 09:04,15.375,0.001,7.91
04/07/2026 08:34,15.375,0.001,7.91
04/07/2026 08:04,15.375,0.001,7.9
04/07/2026 07:34,15.25,0.001,7.9
04/07/2026 07:34,15.25,0.001,7.9
04/07/2026 07:04,15.125,0.001,7.9
04/07/2026 06:34,15.125,0.001,7.9
04/07/2026 06:04,15.25,0.001,7.9
04/07/2026 05:34,15.25,0.001,7.9
04/07/2026 05:04,15.25,0.001,7.9
04/07/2026 04:34,15.375,0.001,7.91
04/07/2026 04:04,15.375,0.001,7.91
04/07/2026 03:34,15.375,0.001,7.91
04/07/2026 03:04,15.375,0.001,7.91
04/07/2026 02:34,15.375,0.001,7.91
04/07/2026 02:04,15.375,0.001,7.91
04/07/2026 01:34,15.5,0.001,7.92
04/07/2026 01:04,15.5,0.001,7.92
04/07/2026 00:34,15.5,0.001,7.92
04/07/2026 00:04,15.625,0.001,7.92
03/07/2026 23:34,15.625,0.001,7.92
03/07/2026 23:04,15.625,0.001,7.92
03/07/2026 22:34,15.5,0.001,7.92
03/07/2026 22:04,15.625,0.001,7.93
03/07/2026 21:34,15.625,0.001,7.93
03/07/2026 21:04,15.625,0.001,7.93
03/07/2026 20:34,14.75,0.001,7.93
03/07/2026 20:34,14.75,0.001,7.93
03/07/2026 20:04,15.875,0.001,7.93
03/07/2026 19:34,15.875,0.001,7.94
03/07/2026 19:04,15.875,0.001,7.94
03/07/2026 18:34,16,0.001,7.94
03/07/2026 18:04,16,0.001,7.94
03/07/2026 17:34,16,0.001,7.94
03/07/2026 17:04,16,0.001,7.93
03/07/2026 16:34,16,0.001,7.93
03/07/2026 16:04,15.875,0.001,7.93
03/07/2026 15:34,16,0.001,7.92
03/07/2026 15:04,15.875,0.001,7.91
03/07/2026 14:34,15.875,0.001,7.91
03/07/2026 14:04,15.75,0.001,7.91
03/07/2026 13:34,15.75,0.001,7.9
03/07/2026 13:04,14.75,0.001,7.9
03/07/2026 12:34,16.625,0.001,7.89
03/07/2026 12:04,15.75,0.001,7.88
03/07/2026 11:34,15.625,0.001,7.88
03/07/2026 11:04,14.75,0.001,7.88
03/07/2026 10:34,15.625,0.001,7.87
03/07/2026 10:04,15.5,0.001,7.86
03/07/2026 09:34,15.375,0.001,7.86
03/07/2026 09:04,15.5,0.001,7.85
03/07/2026 08:34,15.25,0.001,7.85
03/07/2026 08:04,15.25,0.001,7.85
03/07/2026 07:34,15.125,0.001,7.84
03/07/2026 07:04,15.125,0.001,7.84
03/07/2026 06:34,15.25,0.001,7.84
03/07/2026 06:04,15.125,0.001,7.83
03/07/2026 05:34,15.125,0.001,7.83
03/07/2026 05:04,15.25,0.001,7.83
03/07/2026 04:34,15.375,0.001,7.83
03/07/2026 04:04,15.125,0.001,7.83
03/07/2026 03:34,15.25,0.001,7.83
03/07/2026 03:04,15.25,0.001,7.83
03/07/2026 02:34,15.375,0.001,7.83
03/07/2026 02:04,15.5,0.001,7.83
03/07/2026 01:34,15.375,0.001,7.83
03/07/2026 01:04,15.5,0.001,7.83
03/07/2026 00:34,15.5,0.001,7.83
03/07/2026 00:04,15.5,0.001,7.83
02/07/2026 23:34,15.625,0.001,7.82
02/07/2026 23:04,15.5,0.001,7.82
02/07/2026 22:34,15.5,0.001,7.82
02/07/2026 22:04,16.625,0.001,7.82
02/07/2026 22:04,16.625,0.001,7.82
02/07/2026 21:34,16.5,0.001,7.82
02/07/2026 21:04,16.625,0.001,7.82
02/07/2026 20:34,15.75,0.001,7.82
02/07/2026 20:34,15.75,0.001,7.82
02/07/2026 20:04,16.625,0.001,7.82
02/07/2026 19:34,15.75,0.001,7.82
02/07/2026 19:04,15.75,0.001,7.82
02/07/2026 18:34,15.875,0.001,7.81
02/07/2026 18:04,15.875,0.001,7.81
02/07/2026 17:34,15.75,0.001,7.8
02/07/2026 17:04,15.875,0.001,7.79
02/07/2026 16:34,15.875,0.001,7.78
02/07/2026 16:04,16,0.001,7.78
02/07/2026 15:34,16,0.001,7.77
02/07/2026 15:04,15.875,0.001,7.76
02/07/2026 14:34,16,0.001,7.75
02/07/2026 14:04,16,0.001,7.74
02/07/2026 14:04,16,0.001,7.74
02/07/2026 13:34,16,0.001,7.72
02/07/2026 13:04,15.875,0.001,7.71
02/07/2026 12:34,15.875,0.001,7.71
02/07/2026 12:04,16,0.001,7.7
02/07/2026 11:34,15.875,0.001,7.7
02/07/2026 11:04,15.875,0.001,7.7
02/07/2026 10:34,15.875,0.001,7.72
02/07/2026 10:04,15.75,0.001,7.73
02/07/2026 09:34,15.75,0.001,7.75
02/07/2026 09:04,15.75,0.001,7.78
02/07/2026 08:34,15.75,0.001,7.8
02/07/2026 08:04,14.75,0.001,7.82
02/07/2026 07:34,15.625,0.001,7.83
02/07/2026 07:04,15.625,0.001,7.85
02/07/2026 07:04,15.625,0.001,7.85
02/07/2026 06:34,15.625,0.001,7.86
02/07/2026 06:04,15.5,0.001,7.86
02/07/2026 05:34,15.75,0.001,7.86
02/07/2026 05:04,15.625,0.001,7.86
02/07/2026 04:34,15.625,0.001,7.86
02/07/2026 04:04,15.625,0.001,7.86
02/07/2026 03:34,15.5,0.001,7.86
02/07/2026 03:04,15.625,0.001,7.86
02/07/2026 02:34,15.5,0.001,7.86
02/07/2026 02:34,15.5,0.001,7.86
02/07/2026 02:04,15.5,0.001,7.86
02/07/2026 01:34,15.625,0.001,7.86
02/07/2026 01:04,15.5,0.001,7.86
02/07/2026 00:34,15.5,0.001,7.85
02/07/2026 00:04,15.5,0.001,7.86
01/07/2026 23:34,15.5,0.001,7.86
01/07/2026 23:04,15.5,0.001,7.86
01/07/2026 22:34,15.375,0.001,7.86
01/07/2026 22:04,15.625,0.001,7.86
01/07/2026 21:34,15.625,0.001,7.86
01/07/2026 21:04,15.5,0.001,7.86
01/07/2026 20:34,15.75,0.001,7.86
01/07/2026 20:04,16.625,0.001,7.86
01/07/2026 19:34,16.625,0.001,7.86
01/07/2026 19:04,15.75,0.001,7.86
01/07/2026 18:34,15.875,0.001,7.86
01/07/2026 18:04,16,0.001,7.86
01/07/2026 17:34,15.875,0.001,7.85
01/07/2026 17:04,16,0.001,7.85
01/07/2026 16:34,16,0.001,7.85
01/07/2026 16:04,16,0.001,7.84
01/07/2026 15:34,16,0.001,7.84
01/07/2026 15:04,16,0.001,7.84
01/07/2026 14:34,16,0.001,7.84
01/07/2026 14:04,16,0.001,7.84
01/07/2026 13:34,16.125,0.001,7.85
01/07/2026 13:04,16.125,0.001,7.86
01/07/2026 12:34,16,0.001,7.88
01/07/2026 12:04,16,0.001,7.9
01/07/2026 11:34,16,0.001,7.92
01/07/2026 11:04,15.875,0.001,7.93
01/07/2026 10:34,15.75,0.001,7.94
01/07/2026 10:04,16.625,0.001,7.94
01/07/2026 09:34,15.75,0.001,7.93
01/07/2026 09:04,15.625,0.001,7.93
01/07/2026 08:34,15.625,0.001,7.93
01/07/2026 08:04,15.5,0.001,7.93
01/07/2026 07:34,15.5,0.001,7.92
01/07/2026 07:04,15.375,0.001,7.92
01/07/2026 06:34,15.375,0.001,7.92
01/07/2026 06:04,15.5,0.001,7.93
01/07/2026 05:34,15.5,0.001,7.93
01/07/2026 05:04,15.5,0.001,7.93
01/07/2026 04:34,15.625,0.001,7.93
01/07/2026 04:04,15.5,0.001,7.93
01/07/2026 03:34,15.625,0.001,7.94
01/07/2026 03:04,16.625,0.001,7.94
01/07/2026 02:34,15.625,0.001,7.94
01/07/2026 02:04,15.625,0.001,7.94
01/07/2026 01:34,14.75,0.001,7.94
01/07/2026 01:34,14.75,0.001,7.94
01/07/2026 01:04,15.75,0.001,7.95
01/07/2026 01:04,15.75,0.001,7.95
01/07/2026 00:34,16.625,0.001,7.95
01/07/2026 00:04,15.625,0.001,7.95
30/06/2026 23:34,15.875,0.001,7.95
30/06/2026 23:04,15.875,0.001,7.96
30/06/2026 22:34,15.875,0.001,7.96
30/06/2026 22:04,15.875,0.001,7.96
30/06/2026 21:34,16,0.001,7.97
30/06/2026 21:34,16,0.001,7.97
30/06/2026 21:04,16,0.001,7.97
30/06/2026 20:34,16.125,0.001,7.97
30/06/2026 20:04,16.25,0.001,7.97
30/06/2026 19:34,16.25,0.001,7.98
30/06/2026 19:04,16.125,0.001,7.98
30/06/2026 18:34,16.375,0.001,7.98
30/06/2026 18:04,16.5,0.001,7.98
30/06/2026 18:04,16.5,0.001,7.98
30/06/2026 17:34,16.5,0.001,7.98
30/06/2026 17:04,16.25,0.001,7.98
30/06/2026 16:34,16.25,0.001,7.98
30/06/2026 16:04,16.375,0.001,7.97
30/06/2026 15:34,16.375,0.001,7.97
30/06/2026 15:04,16.125,0.001,7.97
30/06/2026 14:34,16,0.001,7.96
30/06/2026 14:04,15.875,0.001,7.96
30/06/2026 13:34,16,0.001,7.96
30/06/2026 13:04,16,0.001,7.95
30/06/2026 12:34,15.875,0.001,7.95
30/06/2026 12:04,15.75,0.001,7.94
30/06/2026 12:04,15.75,0.001,7.94
30/06/2026 11:34,15.625,0.001,7.94
30/06/2026 11:04,15.625,0.001,7.94
30/06/2026 10:34,15.625,0.001,7.94
30/06/2026 10:04,15.625,0.001,7.93
30/06/2026 09:34,15.625,0.001,7.93
30/06/2026 09:04,15.5,0.001,7.93
30/06/2026 09:04,15.5,0.001,7.93
30/06/2026 08:34,15.5,0.001,7.92
30/06/2026 08:04,15.375,0.001,7.92
30/06/2026 07:34,15.25,0.001,7.92
30/06/2026 07:04,15.25,0.001,7.92
30/06/2026 07:04,15.25,0.001,7.92
30/06/2026 06:34,15.375,0.001,7.92
30/06/2026 06:04,15.25,0.001,7.92
30/06/2026 05:34,15.375,0.001,7.92
30/06/2026 05:04,15.25,0.001,7.92
30/06/2026 05:04,15.25,0.001,7.92
30/06/2026 04:34,15.5,0.001,7.92
30/06/2026 04:04,15.5,0.001,7.93
30/06/2026 03:34,15.5,0.001,7.93
30/06/2026 03:04,15.5,0.001,7.93
30/06/2026 02:34,15.625,0.001,7.93
30/06/2026 02:04,15.5,0.001,7.94
30/06/2026 01:34,15.625,0.001,7.94
30/06/2026 01:04,15.625,0.001,7.94
30/06/2026 00:34,15.625,0.001,7.94
30/06/2026 00:04,15.625,0.001,7.94
29/06/2026 23:34,15.625,0.001,7.95
29/06/2026 23:04,16.625,0.001,7.95
29/06/2026 22:34,15.625,0.001,7.95
29/06/2026 22:04,14.75,0.001,7.95
29/06/2026 21:34,15.625,0.001,7.96
29/06/2026 21:04,15.75,0.001,7.96
29/06/2026 20:34,15.75,0.001,7.96
29/06/2026 20:04,15.875,0.001,7.96
29/06/2026 19:34,15.875,0.001,7.97
29/06/2026 19:04,15.875,0.001,7.97
29/06/2026 18:34,16,0.001,7.97
29/06/2026 18:04,16.125,0.001,7.97
29/06/2026 17:34,16.125,0.001,7.97
29/06/2026 17:04,16,0.001,7.97
29/06/2026 16:34,16.125,0.001,7.97
29/06/2026 16:04,16,0.001,7.97
29/06/2026 15:34,16,0.001,7.96
29/06/2026 15:04,16,0.001,7.96
29/06/2026 14:34,15.875,0.001,7.95
29/06/2026 14:04,16,0.001,7.95
29/06/2026 13:34,15.75,0.001,7.95
29/06/2026 13:04,15.875,0.001,7.95
29/06/2026 12:34,15.875,0.001,7.94
29/06/2026 12:04,14.75,0.001,7.94
29/06/2026 11:34,16.625,0.001,7.94
29/06/2026 11:04,14.75,0.001,7.94
29/06/2026 10:34,15.625,0.001,7.93
29/06/2026 10:04,15.625,0.001,7.93
29/06/2026 09:34,15.5,0.001,7.92
29/06/2026 09:04,15.5,0.001,7.92
29/06/2026 08:34,15.375,0.001,7.92
29/06/2026 08:04,15.25,0.001,7.91
29/06/2026 07:34,15.375,0.001,7.91
29/06/2026 07:04,15.25,0.001,7.91
29/06/2026 06:34,15.125,0.001,7.91
29/06/2026 06:04,15.25,0.001,7.91
29/06/2026 05:34,15.375,0.001,7.91
29/06/2026 05:04,15.375,0.001,7.92
29/06/2026 04:34,15.5,0.001,7.92
29/06/2026 04:04,15.375,0.001,7.92
29/06/2026 03:34,15.375,0.001,7.92
29/06/2026 03:04,15.5,0.001,7.93
29/06/2026 02:34,15.375,0.001,7.93
29/06/2026 02:34,15.375,0.001,7.93
29/06/2026 02:04,15.625,0.001,7.93
29/06/2026 01:34,15.5,0.001,7.93
29/06/2026 01:04,15.625,0.001,7.93
29/06/2026 00:34,15.75,0.001,7.94
29/06/2026 00:04,15.625,0.001,7.94
28/06/2026 23:34,15.625,0.001,7.94
28/06/2026 23:04,15.75,0.001,7.94
28/06/2026 22:34,15.75,0.001,7.95
28/06/2026 22:04,14.875,0.001,7.95
28/06/2026 21:34,15.75,0.001,7.95
28/06/2026 21:04,15.875,0.001,7.95
28/06/2026 20:34,15.875,0.001,7.95
28/06/2026 20:04,15.875,0.001,7.96
28/06/2026 19:34,16,0.001,7.96
28/06/2026 19:04,16,0.001,7.96
28/06/2026 18:34,16,0.001,7.97
28/06/2026 18:04,16,0.001,7.97
28/06/2026 17:34,16.125,0.001,7.97
28/06/2026 17:04,16,0.001,7.96
28/06/2026 16:34,16.125,0.001,7.96
28/06/2026 16:34,16.125,0.001,7.96
28/06/2026 16:04,16,0.001,7.96
28/06/2026 15:34,16,0.001,7.95
28/06/2026 15:34,16,0.001,7.95
28/06/2026 15:04,16,0.001,7.95
28/06/2026 14:34,16,0.001,7.95
28/06/2026 14:04,15.875,0.001,7.95
28/06/2026 13:34,15.75,0.001,7.94
28/06/2026 13:04,15.875,0.001,7.94
28/06/2026 12:34,15.75,0.001,7.93
28/06/2026 12:34,15.75,0.001,7.93
28/06/2026 12:04,16.625,0.001,7.93
28/06/2026 11:34,15.75,0.001,7.93
28/06/2026 11:04,14.75,0.001,7.92
28/06/2026 10:34,14.75,0.001,7.92
28/06/2026 10:04,15.75,0.001,7.92
28/06/2026 09:34,15.375,0.001,7.91
28/06/2026 09:04,15.375,0.001,7.91
28/06/2026 08:34,15.375,0.001,7.91
28/06/2026 08:04,15.375,0.001,7.9
28/06/2026 07:34,15.25,0.001,7.91
28/06/2026 07:04,15.125,0.001,7.9
28/06/2026 06:34,15.25,0.001,7.9
28/06/2026 06:04,15.25,0.001,7.91
28/06/2026 05:34,15.125,0.001,7.91
28/06/2026 05:04,15.25,0.001,7.91
28/06/2026 04:34,15.25,0.001,7.91
28/06/2026 04:04,15.5,0.001,7.91
28/06/2026 03:34,15.25,0.001,7.92
28/06/2026 03:34,15.25,0.001,7.92
28/06/2026 03:04,15.375,0.001,7.92
28/06/2026 02:34,15.5,0.001,7.92
28/06/2026 02:34,15.5,0.001,7.92
28/06/2026 02:04,15.5,0.001,7.92
28/06/2026 01:34,15.375,0.001,7.92
28/06/2026 01:04,15.5,0.001,7.93
28/06/2026 00:34,15.5,0.001,7.93
28/06/2026 00:04,15.625,0.001,7.93
27/06/2026 23:34,15.625,0.001,7.93
27/06/2026 23:04,15.75,0.001,7.94
27/06/2026 22:34,15.5,0.001,7.94
27/06/2026 22:04,14.75,0.001,7.94
27/06/2026 21:34,15.75,0.001,7.94
27/06/2026 21:04,16.625,0.001,7.94
27/06/2026 20:34,14.75,0.001,7.95
27/06/2026 20:04,15.875,0.001,7.95
27/06/2026 19:34,15.875,0.001,7.95
27/06/2026 19:04,15.875,0.001,7.96
27/06/2026 18:34,15.875,0.001,7.96
27/06/2026 18:04,16.125,0.001,7.96
27/06/2026 17:34,16.125,0.001,7.96
27/06/2026 17:04,16.125,0.001,7.95
27/06/2026 16:34,16.125,0.001,7.95
27/06/2026 16:04,16,0.001,7.95
27/06/2026 15:34,16.125,0.001,7.95
27/06/2026 15:04,16,0.001,7.94
27/06/2026 14:34,15.875,0.001,7.94
27/06/2026 14:04,15.875,0.001,7.94
27/06/2026 13:34,15.75,0.001,7.93
27/06/2026 13:04,15.75,0.001,7.93
27/06/2026 12:34,15.875,0.001,7.92
27/06/2026 12:04,15.75,0.001,7.92
27/06/2026 11:34,15.75,0.001,7.92
27/06/2026 11:04,15.75,0.001,7.91
27/06/2026 10:34,15.75,0.001,7.91
27/06/2026 10:04,15.625,0.001,7.91
27/06/2026 09:34,16.625,0.001,7.9
27/06/2026 09:04,15.5,0.001,7.9
27/06/2026 08:34,15.625,0.001,7.9
27/06/2026 08:04,15.5,0.001,7.89
27/06/2026 07:34,15.5,0.001,7.89
27/06/2026 07:04,15.375,0.001,7.89
27/06/2026 06:34,15.375,0.001,7.89
27/06/2026 06:04,15.5,0.001,7.89
27/06/2026 05:34,15.5,0.001,7.89
27/06/2026 05:04,15.375,0.001,7.89
27/06/2026 04:34,15.5,0.001,7.89
27/06/2026 04:04,15.5,0.001,7.9
27/06/2026 03:34,15.5,0.001,7.9
27/06/2026 03:34,15.5,0.001,7.9
27/06/2026 03:04,16.5,0.001,7.9
27/06/2026 02:34,14.75,0.001,7.9
27/06/2026 02:04,15.75,0.001,7.9
27/06/2026 01:34,15.625,0.001,7.91
27/06/2026 01:04,15.75,0.001,7.91
27/06/2026 00:34,15.625,0.001,7.91
27/06/2026 00:04,15.75,0.001,7.91
26/06/2026 23:34,15.75,0.001,7.91
26/06/2026 23:04,15.75,0.001,7.91
26/06/2026 22:34,15.875,0.001,7.92
26/06/2026 22:04,15.875,0.001,7.92
26/06/2026 21:34,16,0.001,7.92
26/06/2026 21:04,16,0.001,7.92
26/06/2026 20:34,16.125,0.001,7.93
26/06/2026 20:04,16,0.001,7.93
26/06/2026 19:34,16.125,0.001,7.93
26/06/2026 19:04,16.25,0.001,7.93
26/06/2026 18:34,16.25,0.001,7.93
26/06/2026 18:34,16.25,0.001,7.93
26/06/2026 18:04,16.25,0.001,7.93
26/06/2026 17:34,16.25,0.001,7.93
26/06/2026 17:04,16.25,0.001,7.93
26/06/2026 16:34,16.25,0.001,7.92
26/06/2026 16:04,16.25,0.001,7.92
26/06/2026 15:34,16.25,0.001,7.92
26/06/2026 15:04,16,0.001,7.92
26/06/2026 14:38,15.375,0.001,7.92
26/06/2026 14:37,15,0.001,7.92
26/06/2026 14:37,15.125,0.001,8.59
26/06/2026 13:04,15.75,0.001,7.92
26/06/2026 12:34,16.625,0.001,7.92
26/06/2026 12:04,14.75,0.001,7.91
26/06/2026 12:04,14.75,0.001,7.91
26/06/2026 11:34,16.5,0.001,7.91
26/06/2026 11:04,15.75,0.001,7.91
26/06/2026 10:34,15.625,0.001,7.91
26/06/2026 10:04,15.625,0.001,7.9
26/06/2026 09:34,15.5,0.001,7.9
26/06/2026 09:04,15.375,0.001,7.89
26/06/2026 08:34,15.25,0.001,7.89
26/06/2026 08:04,15.375,0.001,7.89
26/06/2026 07:34,15.125,0.001,7.88
26/06/2026 07:04,15.125,0.001,7.88
26/06/2026 06:34,15,0.001,7.88
26/06/2026 06:34,15,0.001,7.88
26/06/2026 06:04,15.125,0.001,7.88
26/06/2026 05:34,15.25,0.001,7.88
26/06/2026 05:04,15.125,0.001,7.89
26/06/2026 04:34,15.25,0.001,7.89
26/06/2026 04:04,15.125,0.001,7.89
26/06/2026 03:34,15.25,0.001,7.89
26/06/2026 03:04,15.125,0.001,7.89
26/06/2026 02:34,15.375,0.001,7.9
26/06/2026 02:04,15.25,0.001,7.9
26/06/2026 01:34,15.25,0.001,7.9
26/06/2026 01:04,15.25,0.001,7.9
26/06/2026 00:34,15.375,0.001,7.9
26/06/2026 00:04,15.375,0.001,7.9
25/06/2026 23:34,15.375,0.001,7.9
25/06/2026 23:04,15.25,0.001,7.91
25/06/2026 22:34,15.375,0.001,7.91
25/06/2026 22:04,15.375,0.001,7.91
25/06/2026 21:34,15.375,0.001,7.91
25/06/2026 21:04,15.375,0.001,7.91
25/06/2026 20:34,15.25,0.001,7.91
25/06/2026 20:04,15.375,0.001,7.92
25/06/2026 19:34,15.375,0.001,7.92
25/06/2026 19:04,15.375,0.001,7.92
25/06/2026 18:34,15.625,0.001,7.92
25/06/2026 18:04,14.75,0.001,7.92
25/06/2026 17:34,15.5,0.001,7.92
25/06/2026 17:04,15.75,0.001,7.92
25/06/2026 16:34,14.75,0.001,7.91
25/06/2026 16:04,16.625,0.001,7.91
25/06/2026 15:34,14.75,0.001,7.91
25/06/2026 15:04,15.75,0.001,7.9
25/06/2026 14:34,16.625,0.001,7.9
25/06/2026 14:04,14.75,0.001,7.89
25/06/2026 13:34,16.625,0.001,7.89
25/06/2026 13:04,16.625,0.001,7.89
25/06/2026 12:34,15.625,0.001,7.89
25/06/2026 12:04,15.625,0.001,7.89
25/06/2026 11:34,16.625,0.001,7.88
25/06/2026 11:04,15.625,0.001,7.89
25/06/2026 10:34,15.625,0.001,7.89
25/06/2026 10:04,15.5,0.001,7.89
25/06/2026 09:34,15.625,0.001,7.9
25/06/2026 09:04,15.625,0.001,7.91
25/06/2026 08:34,15.25,0.001,7.91
25/06/2026 08:04,15.125,0.001,7.9
25/06/2026 07:34,15,0.001,7.9
25/06/2026 07:04,15.125,0.001,7.9
25/06/2026 06:34,15.125,0.001,7.9
25/06/2026 06:04,15,0.001,7.9
25/06/2026 05:34,15,0.001,7.9
25/06/2026 05:04,15.125,0.001,7.91
25/06/2026 04:34,15,0.001,7.91
25/06/2026 04:04,15.125,0.001,7.91
25/06/2026 03:34,15,0.001,7.91
25/06/2026 03:04,15.125,0.001,7.91
25/06/2026 02:34,15.125,0.001,7.92
25/06/2026 02:04,15.125,0.001,7.92
25/06/2026 01:34,15.25,0.001,7.92
25/06/2026 01:04,15.125,0.001,7.92
25/06/2026 00:34,15.125,0.001,7.92
25/06/2026 00:04,15.25,0.001,7.92
24/06/2026 23:34,15.25,0.001,7.93
24/06/2026 23:04,15.25,0.001,7.93
24/06/2026 22:34,15.25,0.001,7.93
24/06/2026 22:04,15.25,0.001,7.93
24/06/2026 21:34,15.375,0.001,7.94
24/06/2026 21:04,15.125,0.001,7.94
24/06/2026 20:34,15.25,0.001,7.94
24/06/2026 20:04,15.25,0.001,7.94
24/06/2026 19:34,15.25,0.001,7.95
24/06/2026 19:04,15.375,0.001,7.95
24/06/2026 18:34,15.375,0.001,7.95
24/06/2026 18:04,15.625,0.001,7.95
24/06/2026 17:34,15.5,0.001,7.95
24/06/2026 17:04,15.5,0.001,7.95
24/06/2026 16:34,15.625,0.001,7.95
24/06/2026 16:04,15.625,0.001,7.95
24/06/2026 15:34,15.625,0.001,7.95
24/06/2026 15:04,15.5,0.001,7.94
24/06/2026 14:34,15.625,0.001,7.94
24/06/2026 14:04,15.625,0.001,7.94
24/06/2026 13:34,15.625,0.001,7.94
24/06/2026 13:04,15.5,0.001,7.93
24/06/2026 12:34,14.75,0.001,7.93
24/06/2026 12:34,14.75,0.001,7.93
24/06/2026 12:04,15.5,0.001,7.92
24/06/2026 11:34,15.625,0.001,7.92
24/06/2026 11:04,15.5,0.001,7.92
24/06/2026 10:34,15.625,0.001,7.92
24/06/2026 10:04,15.5,0.001,7.91
24/06/2026 09:34,15.5,0.001,7.91
24/06/2026 09:04,15.375,0.001,7.9
24/06/2026 08:34,15.25,0.001,7.9
24/06/2026 08:04,15.125,0.001,7.9
24/06/2026 07:34,15,0.001,7.89
24/06/2026 07:04,14.875,0.001,7.89
24/06/2026 06:34,15,0.001,7.89
24/06/2026 06:04,15,0.001,7.89
24/06/2026 05:34,14.875,0.001,7.89
24/06/2026 05:04,15,0.001,7.89
24/06/2026 04:34,15.125,0.001,7.9
24/06/2026 04:04,15.125,0.001,7.9
24/06/2026 03:34,15.125,0.001,7.9
24/06/2026 03:04,15.125,0.001,7.9
24/06/2026 02:34,15.125,0.001,7.9
24/06/2026 02:04,15.125,0.001,7.9
24/06/2026 02:04,15.125,0.001,7.9
24/06/2026 01:34,15.125,0.001,7.91
24/06/2026 01:04,15.25,0.001,7.91
24/06/2026 00:34,15.125,0.001,7.91
24/06/2026 00:04,15.125,0.001,7.91
23/06/2026 23:34,15.375,0.001,7.91
23/06/2026 23:04,15.25,0.001,7.91
23/06/2026 22:34,15.375,0.001,7.92
23/06/2026 22:04,15.375,0.001,7.92
23/06/2026 21:34,15.375,0.001,7.92
23/06/2026 21:04,15.25,0.001,7.92
23/06/2026 20:34,15.375,0.001,7.92
23/06/2026 20:04,15.25,0.001,7.93
23/06/2026 19:34,15.25,0.001,7.93
23/06/2026 19:04,15.25,0.001,7.93
23/06/2026 18:34,15.5,0.001,7.93
23/06/2026 18:04,15.5,0.001,7.93
23/06/2026 17:34,15.625,0.001,7.93
23/06/2026 17:04,16.625,0.001,7.93
23/06/2026 16:34,15.625,0.001,7.93
23/06/2026 16:04,14.75,0.001,7.92
23/06/2026 15:34,15.75,0.001,7.92
23/06/2026 15:04,15.625,0.001,7.92
23/06/2026 14:34,16.625,0.001,7.91
23/06/2026 14:04,15.75,0.001,7.91
23/06/2026 13:34,14.75,0.001,7.91
23/06/2026 13:04,15.75,0.001,7.9
23/06/2026 12:34,15.75,0.001,7.9
23/06/2026 12:04,15.875,0.001,7.9
23/06/2026 11:34,15.875,0.001,7.89
23/06/2026 11:04,15.875,0.001,7.89
23/06/2026 10:34,15.75,0.001,7.88
23/06/2026 10:04,16.625,0.001,7.88
23/06/2026 09:34,15.625,0.001,7.87
23/06/2026 09:04,15.625,0.001,7.87
23/06/2026 08:34,15.5,0.001,7.86
23/06/2026 08:04,15.25,0.001,7.86
23/06/2026 07:34,15.25,0.001,7.86
23/06/2026 07:04,15.125,0.001,7.85
23/06/2026 06:34,15.125,0.001,7.85
23/06/2026 06:04,15.125,0.001,7.85
23/06/2026 06:04,15.125,0.001,7.85
23/06/2026 05:34,15.25,0.001,7.85
23/06/2026 05:04,15.125,0.001,7.85
23/06/2026 04:34,15.125,0.001,7.85
23/06/2026 04:04,15.125,0.001,7.85
23/06/2026 03:34,15.125,0.001,7.85
23/06/2026 03:04,15.125,0.001,7.85
23/06/2026 02:34,15,0.001,7.85
23/06/2026 02:04,15,0.001,7.85
23/06/2026 01:34,15.125,0.001,7.85
23/06/2026 01:04,15,0.001,7.85
23/06/2026 00:34,15,0.001,7.86
23/06/2026 00:04,15,0.001,7.86
22/06/2026 23:34,14.875,0.001,7.86
22/06/2026 23:04,15,0.001,7.86
22/06/2026 22:34,15,0.001,7.86
22/06/2026 22:04,14.875,0.001,7.86
22/06/2026 21:34,14.75,0.001,7.86
22/06/2026 21:04,14.875,0.001,7.86
22/06/2026 20:34,14.75,0.001,7.86
22/06/2026 20:04,14.75,0.001,7.86
22/06/2026 19:34,15.625,0.001,7.86
22/06/2026 19:04,14.5,0.001,7.86
22/06/2026 18:34,14.5,0.001,7.87
22/06/2026 18:04,14.625,0.001,7.87
22/06/2026 17:34,14.75,0.001,7.87
22/06/2026 17:04,15.125,0.001,7.87
22/06/2026 16:34,15.125,0.001,7.87
22/06/2026 16:04,15.375,0.001,7.87
22/06/2026 15:34,15.5,0.001,7.88
22/06/2026 15:04,15.375,0.001,7.89
22/06/2026 14:34,15.625,0.001,7.91
22/06/2026 14:04,15.625,0.001,7.92
22/06/2026 13:34,15.75,0.001,7.93
22/06/2026 13:04,16.625,0.001,7.93
22/06/2026 12:34,15.75,0.001,7.94
22/06/2026 12:04,15.75,0.001,7.94
22/06/2026 11:34,16,0.001,7.94
22/06/2026 11:04,16,0.001,7.93
22/06/2026 10:34,15.875,0.001,7.93
22/06/2026 10:04,15.75,0.001,7.93
22/06/2026 09:34,15.75,0.001,7.92
22/06/2026 09:04,15.625,0.001,7.92
22/06/2026 08:34,15.625,0.001,7.92
22/06/2026 08:04,15.5,0.001,7.91
22/06/2026 07:34,15.375,0.001,7.91
22/06/2026 07:04,15.25,0.001,7.91
22/06/2026 06:34,15.25,0.001,7.91
22/06/2026 06:04,15.125,0.001,7.91
22/06/2026 05:34,15.125,0.001,7.91
22/06/2026 05:04,15.125,0.001,7.92
22/06/2026 04:34,15.125,0.001,7.92
22/06/2026 04:04,15.125,0.001,7.92
22/06/2026 03:34,15.125,0.001,7.92
22/06/2026 03:04,15.25,0.001,7.92
22/06/2026 02:34,15,0.001,7.92
22/06/2026 02:04,15.125,0.001,7.92
22/06/2026 01:34,15,0.001,7.93
22/06/2026 01:04,14.875,0.001,7.93
22/06/2026 00:34,15,0.001,7.93
22/06/2026 00:34,15,0.001,7.93
22/06/2026 00:04,15,0.001,7.93
21/06/2026 23:34,15,0.001,7.94
21/06/2026 23:04,14.875,0.001,7.94
21/06/2026 22:34,14.875,0.001,7.94
21/06/2026 22:04,14.875,0.001,7.94
21/06/2026 21:34,14.875,0.001,7.94
21/06/2026 21:34,14.875,0.001,7.94
21/06/2026 21:04,14.75,0.001,7.94
21/06/2026 20:34,13.75,0.001,7.95
21/06/2026 20:04,14.5,0.001,7.95
21/06/2026 19:34,14.5,0.001,7.95
21/06/2026 19:04,14.375,0.001,7.95
21/06/2026 18:34,14.625,0.001,7.95
21/06/2026 18:04,14.75,0.001,7.95
21/06/2026 17:34,15.125,0.001,7.95
21/06/2026 17:04,15.25,0.001,7.95
21/06/2026 16:34,15.375,0.001,7.95
21/06/2026 16:34,15.375,0.001,7.95
21/06/2026 16:04,15.5,0.001,7.95
21/06/2026 15:34,15.5,0.001,7.95
21/06/2026 15:04,15.625,0.001,7.95
21/06/2026 14:34,15.625,0.001,7.95
21/06/2026 14:04,16.625,0.001,7.94
21/06/2026 13:34,16.625,0.001,7.94
21/06/2026 13:04,15.875,0.001,7.94
21/06/2026 12:34,16,0.001,7.94
21/06/2026 12:04,16.125,0.001,7.94
21/06/2026 11:34,16,0.001,7.93
21/06/2026 11:04,15.75,0.001,7.93
21/06/2026 10:34,15.75,0.001,7.93
21/06/2026 10:04,15.625,0.001,7.92
21/06/2026 09:34,15.625,0.001,7.92
21/06/2026 09:04,15.5,0.001,7.91
21/06/2026 08:34,15.5,0.001,7.91
21/06/2026 08:04,15.375,0.001,7.91
21/06/2026 07:34,15.375,0.001,7.91
21/06/2026 07:04,15.25,0.001,7.91
21/06/2026 06:34,15.25,0.001,7.91
21/06/2026 06:04,15.125,0.001,7.91
21/06/2026 05:34,15.125,0.001,7.91
21/06/2026 05:04,15.125,0.001,7.91
21/06/2026 04:34,15.125,0.001,7.91
21/06/2026 04:04,15.125,0.001,7.91
21/06/2026 03:34,15,0.001,7.92
21/06/2026 03:04,15.125,0.001,7.92
21/06/2026 02:34,15,0.001,7.92
21/06/2026 02:04,15.125,0.001,7.92
21/06/2026 01:34,15,0.001,7.92
21/06/2026 01:04,14.875,0.001,7.92
21/06/2026 00:34,15,0.001,7.93
21/06/2026 00:04,14.875,0.001,7.93
20/06/2026 23:34,14.875,0.001,7.93
20/06/2026 23:04,14.75,0.001,7.93
20/06/2026 22:34,14.75,0.001,7.93
20/06/2026 22:04,14.75,0.001,7.93
20/06/2026 21:34,14.75,0.001,7.93
20/06/2026 21:04,14.5,0.001,7.94
20/06/2026 20:34,14.625,0.001,7.94
20/06/2026 20:04,14.5,0.001,7.94
20/06/2026 20:04,14.5,0.001,7.94
20/06/2026 19:34,14.375,0.001,7.94
20/06/2026 19:04,14.125,0.001,7.94
20/06/2026 19:04,14.125,0.001,7.94
20/06/2026 18:34,14.375,0.001,7.94
20/06/2026 18:34,14.375,0.001,7.94
20/06/2026 18:04,14.75,0.001,7.94
20/06/2026 17:34,14.875,0.001,7.94
20/06/2026 17:04,15.125,0.001,7.94
20/06/2026 16:34,15.375,0.001,7.94
20/06/2026 16:04,15.5,0.001,7.94
20/06/2026 16:04,15.5,0.001,7.94
20/06/2026 15:34,15.5,0.001,7.94
20/06/2026 15:04,15.625,0.001,7.94
20/06/2026 15:04,15.625,0.001,7.94
20/06/2026 14:34,15.75,0.001,7.93
20/06/2026 14:04,16.625,0.001,7.94
20/06/2026 13:34,16,0.001,7.93
20/06/2026 13:04,16.125,0.001,7.93
20/06/2026 12:34,16,0.001,7.93
20/06/2026 12:04,15.875,0.001,7.92
20/06/2026 11:34,15.875,0.001,7.92
20/06/2026 11:04,15.75,0.001,7.91
20/06/2026 10:34,14.75,0.001,7.91
20/06/2026 10:04,15.625,0.001,7.91
20/06/2026 09:34,15.5,0.001,7.9
20/06/2026 09:04,15.5,0.001,7.9
20/06/2026 08:34,15.375,0.001,7.9
20/06/2026 08:04,15.25,0.001,7.89
20/06/2026 07:34,15.25,0.001,7.89
20/06/2026 07:04,15.125,0.001,7.89
20/06/2026 07:04,15.125,0.001,7.89
20/06/2026 06:34,15.125,0.001,7.89
20/06/2026 06:04,15.125,0.001,7.89
20/06/2026 05:34,15.125,0.001,7.89
20/06/2026 05:04,15.125,0.001,7.9
20/06/2026 04:34,15.25,0.001,7.9
20/06/2026 04:04,15.125,0.001,7.9
20/06/2026 03:34,15,0.001,7.9
20/06/2026 03:04,15.125,0.001,7.9
20/06/2026 02:34,15,0.001,7.9
20/06/2026 02:04,15,0.001,7.9
20/06/2026 01:34,15,0.001,7.91
20/06/2026 01:04,15,0.001,7.9
20/06/2026 00:34,15,0.001,7.9
20/06/2026 00:34,15,0.001,7.9
20/06/2026 00:04,15,0.001,7.9
19/06/2026 23:34,14.875,0.001,7.91
19/06/2026 23:34,14.875,0.001,7.91
19/06/2026 23:04,14.875,0.001,7.91
19/06/2026 22:34,14.875,0.001,7.91
19/06/2026 22:04,14.75,0.001,7.91
19/06/2026 21:34,15,0.001,7.91
19/06/2026 21:04,14.75,0.001,7.91
19/06/2026 20:34,14.625,0.001,7.92
19/06/2026 20:04,14.75,0.001,7.92
19/06/2026 19:34,14.625,0.001,7.92
19/06/2026 19:04,14.625,0.001,7.92
19/06/2026 18:34,14.5,0.001,7.92
19/06/2026 18:04,14.5,0.001,7.92
19/06/2026 17:34,14.75,0.001,7.92
19/06/2026 17:04,14.875,0.001,7.92
19/06/2026 16:34,15.125,0.001,7.92
19/06/2026 16:04,15.125,0.001,7.92
19/06/2026 15:34,15.25,0.001,7.91
19/06/2026 15:04,15.375,0.001,7.91
19/06/2026 14:34,15.625,0.001,7.91
19/06/2026 14:04,15.75,0.001,7.91
19/06/2026 13:34,16,0.001,7.91
19/06/2026 13:04,16,0.001,7.91
19/06/2026 12:34,15.875,0.001,7.91
19/06/2026 12:34,15.875,0.001,7.91
19/06/2026 12:04,15.875,0.001,7.9
19/06/2026 11:34,15.75,0.001,7.9
19/06/2026 11:34,15.75,0.001,7.9
19/06/2026 11:04,15.625,0.001,7.9
19/06/2026 10:34,15.625,0.001,7.89
19/06/2026 10:04,15.625,0.001,7.89
19/06/2026 09:34,15.375,0.001,7.88
19/06/2026 09:04,15.375,0.001,7.88
19/06/2026 08:34,15.25,0.001,7.88
19/06/2026 08:04,15.125,0.001,7.87
19/06/2026 07:34,15.125,0.001,7.87
19/06/2026 07:04,15.125,0.001,7.87
19/06/2026 06:34,15,0.001,7.87
19/06/2026 06:04,15,0.001,7.87
19/06/2026 05:34,15,0.001,7.87
19/06/2026 05:04,15.125,0.001,7.87
19/06/2026 04:34,15.125,0.001,7.87
19/06/2026 04:04,14.875,0.001,7.87
19/06/2026 03:34,15.125,0.001,7.87
19/06/2026 03:04,14.875,0.001,7.87
19/06/2026 02:34,14.875,0.001,7.87
19/06/2026 02:04,14.875,0.001,7.87
19/06/2026 01:34,14.875,0.001,7.87
19/06/2026 01:04,14.75,0.001,7.88
19/06/2026 00:34,14.875,0.001,7.88
19/06/2026 00:04,14.75,0.001,7.88
18/06/2026 23:34,15.625,0.001,7.88
18/06/2026 23:34,15.625,0.001,7.88
18/06/2026 23:04,14.75,0.001,7.88
18/06/2026 22:34,13.75,0.001,7.88
18/06/2026 22:04,14.625,0.001,7.88
18/06/2026 21:34,14.625,0.001,7.88
18/06/2026 21:04,14.625,0.001,7.88
18/06/2026 20:34,14.5,0.001,7.88
18/06/2026 20:04,14.5,0.001,7.88
18/06/2026 19:34,14.125,0.001,7.88
18/06/2026 19:04,14.375,0.001,7.88
18/06/2026 18:34,14.375,0.001,7.89
18/06/2026 18:04,14.625,0.001,7.89
18/06/2026 17:34,14.875,0.001,7.89
18/06/2026 17:04,14.875,0.001,7.89
18/06/2026 16:34,15.125,0.001,7.89
18/06/2026 16:04,15.375,0.001,7.88
18/06/2026 15:34,15.5,0.001,7.88
18/06/2026 15:04,16.625,0.001,7.88
18/06/2026 14:34,15.625,0.001,7.88
18/06/2026 14:04,15.75,0.001,7.88
18/06/2026 13:34,15.875,0.001,7.88
18/06/2026 13:04,15.875,0.001,7.89
18/06/2026 12:34,15.875,0.001,7.89
18/06/2026 12:04,15.75,0.001,7.9
18/06/2026 11:34,15.75,0.001,7.91
18/06/2026 11:04,15.625,0.001,7.92
18/06/2026 10:34,15.625,0.001,7.92
18/06/2026 10:04,15.5,0.001,7.92
18/06/2026 09:34,15.25,0.001,7.92
18/06/2026 09:04,15.25,0.001,7.91
18/06/2026 08:34,15.125,0.001,7.91
18/06/2026 08:04,15,0.001,7.91
18/06/2026 07:34,15,0.001,7.91
18/06/2026 07:04,15.125,0.001,7.91
18/06/2026 06:34,15,0.001,7.9
18/06/2026 06:04,15,0.001,7.91
18/06/2026 05:34,15,0.001,7.91
18/06/2026 05:04,15,0.001,7.91
18/06/2026 04:34,14.875,0.001,7.91
18/06/2026 04:04,15,0.001,7.91
18/06/2026 03:34,15,0.001,7.92
18/06/2026 03:04,14.875,0.001,7.92
18/06/2026 02:34,14.875,0.001,7.92
18/06/2026 02:04,15,0.001,7.92
18/06/2026 01:34,14.75,0.001,7.92
18/06/2026 01:04,14.75,0.001,7.93
18/06/2026 00:34,14.75,0.001,7.92
18/06/2026 00:04,14.75,0.001,7.93
17/06/2026 23:34,14.75,0.001,7.93
17/06/2026 23:04,13.75,0.001,7.93
17/06/2026 22:34,14.75,0.001,7.93
17/06/2026 22:34,14.75,0.001,7.93
17/06/2026 22:04,14.625,0.001,7.93
17/06/2026 21:34,14.625,0.001,7.94
17/06/2026 21:04,14.625,0.001,7.94
17/06/2026 20:34,14.5,0.001,7.94
17/06/2026 20:04,14.625,0.001,7.94
17/06/2026 19:34,14.375,0.001,7.94
17/06/2026 19:04,14.5,0.001,7.94
17/06/2026 18:34,14.625,0.001,7.95
17/06/2026 18:04,14.75,0.001,7.95
17/06/2026 17:34,15,0.001,7.95
17/06/2026 17:04,15.125,0.001,7.95
17/06/2026 16:34,15.375,0.001,7.95
17/06/2026 16:04,15.5,0.001,7.95
17/06/2026 15:34,15.5,0.001,7.95
17/06/2026 15:04,15.625,0.001,7.95
17/06/2026 14:34,15.75,0.001,7.95
17/06/2026 14:04,15.875,0.001,7.95
17/06/2026 13:34,16.25,0.001,7.95
17/06/2026 13:04,16,0.001,7.94
17/06/2026 12:34,15.875,0.001,7.94
17/06/2026 12:04,15.75,0.001,7.93
17/06/2026 11:34,16.625,0.001,7.93
17/06/2026 11:04,14.75,0.001,7.93
17/06/2026 10:34,15.625,0.001,7.92
17/06/2026 10:04,15.625,0.001,7.92
17/06/2026 09:34,15.375,0.001,7.92
17/06/2026 09:04,15.5,0.001,7.92
17/06/2026 08:34,15.25,0.001,7.91
17/06/2026 08:34,15.25,0.001,7.91
17/06/2026 08:04,15.375,0.001,7.91
17/06/2026 07:34,15.25,0.001,7.91
17/06/2026 07:04,15.125,0.001,7.91
17/06/2026 06:34,15.125,0.001,7.91
17/06/2026 06:04,15.25,0.001,7.91
17/06/2026 05:34,15.125,0.001,7.91
17/06/2026 05:04,15.125,0.001,7.91
17/06/2026 04:34,15.25,0.001,7.91
17/06/2026 04:04,15.125,0.001,7.92
17/06/2026 03:34,15.125,0.001,7.92
17/06/2026 03:04,15.25,0.001,7.92
17/06/2026 02:34,15.125,0.001,7.92
17/06/2026 02:04,15.125,0.001,7.92
17/06/2026 01:34,14.875,0.001,7.92
17/06/2026 01:04,15.125,0.001,7.93
17/06/2026 00:34,15,0.001,7.93
17/06/2026 00:04,14.875,0.001,7.93
16/06/2026 23:34,15.125,0.001,7.93
16/06/2026 23:04,15,0.001,7.93
16/06/2026 22:34,14.875,0.001,7.93
16/06/2026 22:34,14.875,0.001,7.93
16/06/2026 22:04,14.875,0.001,7.94
16/06/2026 21:34,14.875,0.001,7.94
16/06/2026 21:04,14.875,0.001,7.94
16/06/2026 20:34,14.75,0.001,7.94
16/06/2026 20:34,14.75,0.001,7.94
16/06/2026 20:04,14.875,0.001,7.95
16/06/2026 19:34,15.625,0.001,7.95
16/06/2026 19:04,13.75,0.001,7.95
16/06/2026 18:34,14.625,0.001,7.95
16/06/2026 18:04,14.625,0.001,7.95
16/06/2026 17:34,13.75,0.001,7.95
16/06/2026 17:04,15,0.001,7.95
16/06/2026 16:34,15.375,0.001,7.95
16/06/2026 16:04,15.5,0.001,7.95
16/06/2026 15:34,15.625,0.001,7.95
16/06/2026 15:04,15.75,0.001,7.95
16/06/2026 14:34,16,0.001,7.95
16/06/2026 14:04,16.25,0.001,7.95
16/06/2026 13:34,16,0.001,7.94
16/06/2026 13:04,15.875,0.001,7.94
16/06/2026 12:34,15.75,0.001,7.94
16/06/2026 12:04,15.75,0.001,7.93
16/06/2026 11:34,16.625,0.001,7.93
16/06/2026 11:04,15.625,0.001,7.93
16/06/2026 10:34,15.5,0.001,7.92
16/06/2026 10:04,15.375,0.001,7.92
16/06/2026 09:34,15.375,0.001,7.92
16/06/2026 09:04,15.375,0.001,7.92
16/06/2026 08:34,15.25,0.001,7.91
16/06/2026 08:04,15.25,0.001,7.91
16/06/2026 07:34,15.25,0.001,7.91
16/06/2026 07:04,15.125,0.001,7.91
16/06/2026 06:34,15.125,0.001,7.91
16/06/2026 06:04,15.125,0.001,7.91
16/06/2026 05:34,15.125,0.001,7.91
16/06/2026 05:04,15.125,0.001,7.91
16/06/2026 04:34,15.125,0.001,7.92
16/06/2026 04:04,15,0.001,7.92
16/06/2026 03:34,15.125,0.001,7.92
16/06/2026 03:04,15.125,0.001,7.92
16/06/2026 02:34,15,0.001,7.92
16/06/2026 02:04,15,0.001,7.92
16/06/2026 01:34,15,0.001,7.93
16/06/2026 01:04,15.125,0.001,7.93
16/06/2026 00:34,15,0.001,7.93
16/06/2026 00:04,15.125,0.001,7.93
15/06/2026 23:34,15,0.001,7.93
15/06/2026 23:04,15,0.001,7.93
15/06/2026 22:34,14.875,0.001,7.93
15/06/2026 22:04,15,0.001,7.94
15/06/2026 21:34,14.875,0.001,7.94
15/06/2026 21:04,15.125,0.001,7.94
15/06/2026 20:34,15,0.001,7.94
15/06/2026 20:04,15,0.001,7.94
15/06/2026 19:34,14.875,0.001,7.95
15/06/2026 19:04,15,0.001,7.95
15/06/2026 18:34,14.875,0.001,7.95
15/06/2026 18:04,14.875,0.001,7.95
15/06/2026 17:34,14.875,0.001,7.95
15/06/2026 17:04,14.75,0.001,7.95
15/06/2026 16:34,15.25,0.001,7.95
15/06/2026 16:04,15.5,0.001,7.95
15/06/2026 15:34,15.625,0.001,7.95
15/06/2026 15:04,16.625,0.001,7.95
15/06/2026 14:34,15.75,0.001,7.94
15/06/2026 14:30,14.75,0.001,7.94
15/06/2026 14:04,15.75,0.001,7.94
15/06/2026 13:34,15.875,0.001,7.94
15/06/2026 13:04,16,0.001,7.93
15/06/2026 12:34,16,0.001,7.94
15/06/2026 12:04,16,0.001,7.93
15/06/2026 11:34,15.875,0.001,7.93
15/06/2026 11:04,15.875,0.001,7.92
15/06/2026 10:34,14.75,0.001,7.92
15/06/2026 10:04,16.625,0.001,7.92
15/06/2026 09:34,15.75,0.001,7.92
15/06/2026 09:04,15.625,0.001,7.91
15/06/2026 09:04,15.625,0.001,7.91
15/06/2026 08:34,15.5,0.001,7.91
15/06/2026 08:04,15.5,0.001,7.91
15/06/2026 07:34,15.375,0.001,7.9
15/06/2026 07:04,15.625,0.001,7.91
15/06/2026 06:34,15.5,0.001,7.91
15/06/2026 06:04,15.375,0.001,7.91
15/06/2026 05:34,15.375,0.001,7.91
15/06/2026 05:04,15.5,0.001,7.91
15/06/2026 04:34,15.5,0.001,7.91
15/06/2026 04:04,15.5,0.001,7.91
15/06/2026 03:34,15.5,0.001,7.91
15/06/2026 03:04,15.5,0.001,7.92
15/06/2026 02:34,15.5,0.001,7.92
15/06/2026 02:04,15.625,0.001,7.92
15/06/2026 01:34,15.5,0.001,7.92
15/06/2026 01:04,15.625,0.001,7.92
15/06/2026 00:34,15.5,0.001,7.93
15/06/2026 00:04,15.75,0.001,7.93
14/06/2026 23:34,16.625,0.001,7.93
14/06/2026 23:04,16.625,0.001,7.93
14/06/2026 22:34,16.625,0.001,7.93
14/06/2026 22:04,15.75,0.001,7.93
14/06/2026 21:34,15.625,0.001,7.94
14/06/2026 21:04,15.875,0.001,7.94
14/06/2026 20:34,15.875,0.001,7.94
14/06/2026 20:04,15.875,0.001,7.94
14/06/2026 19:34,16,0.001,7.95
14/06/2026 19:04,16,0.001,7.95
14/06/2026 18:34,16,0.001,7.95
14/06/2026 18:34,16,0.001,7.95
14/06/2026 18:04,16,0.001,7.95
14/06/2026 17:34,16.25,0.001,7.95
14/06/2026 17:04,16.25,0.001,7.95
14/06/2026 16:34,16.25,0.001,7.94
14/06/2026 16:04,16.25,0.001,7.94
14/06/2026 15:34,16.25,0.001,7.94
14/06/2026 15:04,16,0.001,7.94
14/06/2026 14:34,16.125,0.001,7.93
14/06/2026 14:04,16,0.001,7.93
14/06/2026 13:34,15.875,0.001,7.93
14/06/2026 13:04,15.875,0.001,7.93
14/06/2026 12:34,15.75,0.001,7.92
14/06/2026 12:04,15.75,0.001,7.92
14/06/2026 11:34,15.75,0.001,7.91
14/06/2026 11:04,14.75,0.001,7.91
14/06/2026 10:34,15.625,0.001,7.91
14/06/2026 10:04,15.375,0.001,7.91
14/06/2026 09:34,15.5,0.001,7.9
14/06/2026 09:04,15.25,0.001,7.9
14/06/2026 08:34,15.375,0.001,7.9
14/06/2026 08:04,15.375,0.001,7.89
14/06/2026 07:34,15.125,0.001,7.89
14/06/2026 07:04,15.125,0.001,7.89
14/06/2026 06:34,15.125,0.001,7.89
14/06/2026 06:04,15.125,0.001,7.89
14/06/2026 05:34,15,0.001,7.9
14/06/2026 05:04,15,0.001,7.9
14/06/2026 04:34,15.125,0.001,7.9
14/06/2026 04:04,15.25,0.001,7.9
14/06/2026 03:34,15.125,0.001,7.9
14/06/2026 03:04,15.125,0.001,7.9
14/06/2026 02:34,15,0.001,7.9
14/06/2026 02:04,15.125,0.001,7.9
14/06/2026 01:34,15.25,0.001,7.91
14/06/2026 01:04,15,0.001,7.91
14/06/2026 00:34,14.875,0.001,7.91
14/06/2026 00:04,15.125,0.001,7.91
13/06/2026 23:34,15.125,0.001,7.91
13/06/2026 23:04,14.875,0.001,7.91
13/06/2026 22:34,15,0.001,7.91
13/06/2026 22:04,14.875,0.001,7.92
13/06/2026 21:34,14.875,0.001,7.92
13/06/2026 21:04,14.875,0.001,7.92
13/06/2026 20:34,15,0.001,7.92
13/06/2026 20:04,14.875,0.001,7.92
13/06/2026 19:34,14.875,0.001,7.93
13/06/2026 19:04,14.875,0.001,7.93
13/06/2026 18:34,14.875,0.001,7.93
13/06/2026 18:04,14.75,0.001,7.93
13/06/2026 17:34,15.625,0.001,7.92
13/06/2026 17:04,14.5,0.001,7.92
13/06/2026 16:34,14.5,0.001,7.92
13/06/2026 16:04,15.125,0.001,7.92
13/06/2026 15:34,15.25,0.001,7.92
13/06/2026 15:04,15.5,0.001,7.92
13/06/2026 14:34,16.625,0.001,7.92
13/06/2026 14:04,15.75,0.001,7.91
13/06/2026 13:34,16,0.001,7.91
13/06/2026 13:04,16,0.001,7.91
13/06/2026 12:34,16.125,0.001,7.91
13/06/2026 12:04,16,0.001,7.9
13/06/2026 11:34,15.875,0.001,7.9
13/06/2026 11:04,15.75,0.001,7.89
13/06/2026 10:34,15.75,0.001,7.89
13/06/2026 10:04,15.625,0.001,7.89
13/06/2026 09:34,15.5,0.001,7.88
13/06/2026 09:04,15.5,0.001,7.88
13/06/2026 08:34,15.5,0.001,7.88
13/06/2026 08:34,15.5,0.001,7.88
13/06/2026 08:04,15.375,0.001,7.88
13/06/2026 07:34,15.375,0.001,7.87
13/06/2026 07:04,15.375,0.001,7.87
13/06/2026 06:34,15.25,0.001,7.87
13/06/2026 06:04,15.375,0.001,7.87
13/06/2026 05:34,15.375,0.001,7.87
13/06/2026 05:04,15.25,0.001,7.87
13/06/2026 04:34,15.25,0.001,7.88
13/06/2026 04:04,15.375,0.001,7.88
13/06/2026 03:34,15.375,0.001,7.88
13/06/2026 03:04,15.125,0.001,7.88
13/06/2026 03:04,15.125,0.001,7.88
13/06/2026 02:34,15.25,0.001,7.88
13/06/2026 02:04,15.25,0.001,7.88
13/06/2026 02:04,15.25,0.001,7.88
13/06/2026 01:34,15.125,0.001,7.88
13/06/2026 01:04,15.125,0.001,7.88
13/06/2026 00:34,15.25,0.001,7.89
13/06/2026 00:04,15.25,0.001,7.89
12/06/2026 23:34,15.25,0.001,7.89
12/06/2026 23:04,15.25,0.001,7.89
12/06/2026 22:34,15.25,0.001,7.89
12/06/2026 22:04,15.25,0.001,7.89
12/06/2026 21:34,15.25,0.001,7.89
12/06/2026 21:04,15.25,0.001,7.89
12/06/2026 20:34,15.25,0.001,7.89
12/06/2026 20:04,15.25,0.001,7.89
12/06/2026 19:34,15.25,0.001,7.89
12/06/2026 19:04,15.25,0.001,7.89
12/06/2026 18:34,15.25,0.001,7.89
12/06/2026 18:04,15.25,0.001,7.89
12/06/2026 17:34,15.25,0.001,7.9
12/06/2026 17:04,15.125,0.001,7.89
12/06/2026 16:34,15,0.001,7.89
12/06/2026 16:04,15.125,0.001,7.89
12/06/2026 15:34,15.5,0.001,7.88
12/06/2026 15:04,15.875,0.001,7.88
12/06/2026 14:34,16.25,0.001,7.88
12/06/2026 14:04,16.125,0.001,7.87
12/06/2026 13:34,16,0.001,7.87
12/06/2026 13:04,16,0.001,7.87
12/06/2026 12:34,15.875,0.001,7.87
12/06/2026 12:04,15.875,0.001,7.87
12/06/2026 11:34,16.625,0.001,7.87
12/06/2026 11:04,15.75,0.001,7.87
12/06/2026 10:34,15.625,0.001,7.87
12/06/2026 10:04,15.625,0.001,7.87
12/06/2026 09:34,15.5,0.001,7.86
12/06/2026 09:04,15.5,0.001,7.86
12/06/2026 08:34,15.375,0.001,7.85
12/06/2026 08:04,15.375,0.001,7.85
12/06/2026 07:34,15.5,0.001,7.84
12/06/2026 07:04,15.375,0.001,7.84
12/06/2026 06:34,15.25,0.001,7.84
12/06/2026 06:04,15.125,0.001,7.84
12/06/2026 05:34,15.125,0.001,7.84
12/06/2026 05:04,15.25,0.001,7.84
12/06/2026 04:34,15.25,0.001,7.85
12/06/2026 04:04,15.125,0.001,7.84
12/06/2026 03:34,15.125,0.001,7.85
12/06/2026 03:04,15.125,0.001,7.85
12/06/2026 02:34,15.25,0.001,7.85
12/06/2026 02:04,15.125,0.001,7.85
12/06/2026 01:34,15.125,0.001,7.85
12/06/2026 01:04,15.25,0.001,7.85
12/06/2026 00:34,14.875,0.001,7.85
12/06/2026 00:04,15.125,0.001,7.84
11/06/2026 23:34,15.125,0.001,7.84
11/06/2026 23:34,15.125,0.001,7.84
11/06/2026 23:04,15,0.001,7.84
11/06/2026 22:34,15,0.001,7.84
11/06/2026 22:04,14.875,0.001,7.84
11/06/2026 21:34,14.875,0.001,7.83
11/06/2026 21:04,14.75,0.001,7.83
11/06/2026 20:34,15,0.001,7.85
11/06/2026 20:04,15.5,0.001,7.86
11/06/2026 19:34,15.875,0.001,7.87
11/06/2026 19:13,15.5,0.001,7.87
11/06/2026 19:12,15.375,0.001,7.87
11/06/2026 19:12,15.25,0.001,8.52
11/06/2026 17:34,15.875,0.001,7.87
11/06/2026 17:34,15.875,0.001,7.87
11/06/2026 17:04,15.75,0.001,7.86
11/06/2026 17:04,15.75,0.001,7.86
11/06/2026 16:34,15.875,0.001,7.84
11/06/2026 16:04,16,0.001,7.82
11/06/2026 16:04,16,0.001,7.82
11/06/2026 15:34,16,0.001,7.78
11/06/2026 15:04,15.875,0.001,7.72
11/06/2026 14:34,15.75,0.001,7.64
11/06/2026 14:07,15.875,0.001,7.51
11/06/2026 14:04,16,0.001,7.49
11/06/2026 13:34,15.875,0.001,7.2
11/06/2026 13:04,15.875,0.001,6.74
11/06/2026 12:34,15.875,0.001,6.4
11/06/2026 12:04,15.875,0.001,6.4
11/06/2026 11:34,15.875,0.001,6.4
11/06/2026 11:05,16,0.001,6.4
11/06/2026 11:04,15.875,0.001,6.4
11/06/2026 11:04,15.875,0.001,6.4
07/06/2026 13:04,15.75,0.002,7.9
07/06/2026 12:34,15.75,0.002,7.89
07/06/2026 12:04,15.625,0.002,7.89
07/06/2026 11:34,14.75,0.002,7.89
07/06/2026 11:04,15.625,0.002,7.89
07/06/2026 10:34,15.5,0.002,7.88
07/06/2026 10:04,15.375,0.002,7.88
07/06/2026 09:34,15.5,0.002,7.87
07/06/2026 09:04,15.25,0.002,7.87
07/06/2026 08:34,15.375,0.002,7.87
07/06/2026 08:04,15.25,0.002,7.87
07/06/2026 07:34,15.25,0.002,7.87
07/06/2026 07:04,15.125,0.002,7.86
07/06/2026 06:34,15.125,0.002,7.86
07/06/2026 06:04,15.125,0.002,7.87
07/06/2026 05:34,15,0.002,7.87
07/06/2026 05:04,15,0.002,7.87
07/06/2026 04:34,15,0.002,7.87
07/06/2026 04:04,14.875,0.002,7.87
07/06/2026 03:34,15.125,0.002,7.87
07/06/2026 03:04,15,0.002,7.87
07/06/2026 02:34,15,0.002,7.88
07/06/2026 02:04,14.875,0.002,7.88
07/06/2026 01:34,15,0.002,7.88
07/06/2026 01:04,15.125,0.002,7.88
07/06/2026 00:34,14.875,0.002,7.88
07/06/2026 00:04,14.875,0.002,7.88
06/06/2026 23:34,14.875,0.002,7.89
06/06/2026 23:04,14.875,0.002,7.89
06/06/2026 22:34,14.875,0.002,7.89
06/06/2026 22:04,14.75,0.002,7.89
06/06/2026 21:34,14.75,0.002,7.89
06/06/2026 21:04,14.75,0.002,7.89
06/06/2026 20:34,14.75,0.002,7.89
06/06/2026 20:04,14.75,0.002,7.89
06/06/2026 19:34,14.75,0.002,7.9
06/06/2026 19:04,15.625,0.002,7.9
06/06/2026 18:34,14.625,0.002,7.9
06/06/2026 18:04,14.75,0.002,7.9
06/06/2026 17:34,15.125,0.002,7.9
06/06/2026 17:04,15.375,0.002,7.91
06/06/2026 16:34,15.5,0.002,7.9
06/06/2026 16:04,15.75,0.002,7.9
06/06/2026 15:34,15.875,0.002,7.9
06/06/2026 15:04,16.125,0.002,7.9
06/06/2026 14:34,16,0.002,7.9
06/06/2026 14:04,16,0.002,7.89
06/06/2026 13:34,15.875,0.002,7.89
06/06/2026 13:04,15.75,0.002,7.89
06/06/2026 12:34,15.75,0.002,7.88
06/06/2026 12:04,15.75,0.002,7.88
06/06/2026 11:34,15.625,0.002,7.88
06/06/2026 11:04,15.625,0.002,7.87
06/06/2026 10:34,15.625,0.002,7.87
06/06/2026 10:04,15.625,0.002,7.87
06/06/2026 10:04,15.625,0.002,7.87
06/06/2026 09:34,15.625,0.002,7.87
06/06/2026 09:34,15.625,0.002,7.87
06/06/2026 09:04,15.375,0.002,7.86
06/06/2026 08:34,15.5,0.002,7.86
06/06/2026 08:34,15.5,0.002,7.86
06/06/2026 08:04,15.5,0.002,7.86
06/06/2026 07:34,15.5,0.002,7.86
06/06/2026 07:04,15.5,0.002,7.86
06/06/2026 06:34,15.375,0.002,7.86
06/06/2026 06:04,15.375,0.002,7.86
06/06/2026 05:34,15.375,0.002,7.86
06/06/2026 05:04,15.5,0.002,7.86
06/06/2026 04:34,15.5,0.002,7.86
06/06/2026 04:04,15.375,0.002,7.86
06/06/2026 04:04,15.375,0.002,7.86
06/06/2026 03:34,15.375,0.002,7.87
06/06/2026 03:04,15.625,0.002,7.87
06/06/2026 02:34,15.5,0.002,7.87
06/06/2026 02:04,15.375,0.002,7.87
06/06/2026 01:34,15.5,0.002,7.87
06/06/2026 01:34,15.5,0.002,7.87
06/06/2026 01:04,15.5,0.002,7.87
06/06/2026 00:34,16.625,0.002,7.87
06/06/2026 00:04,15.5,0.002,7.88
05/06/2026 23:34,15.625,0.002,7.88
05/06/2026 23:04,14.75,0.002,7.88
05/06/2026 22:34,16.5,0.002,7.88
05/06/2026 22:04,15.875,0.002,7.88
05/06/2026 21:34,15.875,0.002,7.89
05/06/2026 21:04,15.875,0.002,7.89
05/06/2026 20:34,15.875,0.002,7.89
05/06/2026 20:04,15.875,0.002,7.89
05/06/2026 19:34,16,0.002,7.89
05/06/2026 19:04,16,0.002,7.89
05/06/2026 18:34,16,0.002,7.89
05/06/2026 18:04,16,0.002,7.89
05/06/2026 17:34,16,0.002,7.89
05/06/2026 17:04,15.875,0.002,7.89
05/06/2026 16:34,15.75,0.002,7.88
05/06/2026 16:04,15.75,0.002,7.88
05/06/2026 15:34,15.75,0.002,7.88
05/06/2026 15:04,14.75,0.002,7.88
05/06/2026 14:34,15.75,0.002,7.87
05/06/2026 14:04,15.875,0.002,7.87
05/06/2026 13:34,15.75,0.002,7.87
05/06/2026 13:04,15.75,0.002,7.87
05/06/2026 12:34,15.75,0.002,7.86
05/06/2026 12:34,15.75,0.002,7.86
05/06/2026 12:04,15.875,0.002,7.87
05/06/2026 11:34,15.875,0.002,7.87
05/06/2026 11:04,15.75,0.002,7.87
05/06/2026 10:34,15.625,0.002,7.88
05/06/2026 10:04,15.625,0.002,7.88
05/06/2026 09:34,15.5,0.002,7.88
05/06/2026 09:04,15.375,0.002,7.88
05/06/2026 08:34,15.5,0.002,7.87
05/06/2026 08:04,15.5,0.002,7.87
05/06/2026 07:34,15.375,0.002,7.87
05/06/2026 07:04,15.375,0.002,7.87
05/06/2026 06:34,15.375,0.002,7.87
05/06/2026 06:04,15.5,0.002,7.87
05/06/2026 05:34,15.375,0.002,7.87
05/06/2026 05:04,15.5,0.002,7.87
05/06/2026 04:34,15.5,0.002,7.87
05/06/2026 04:04,15.5,0.002,7.88
05/06/2026 03:34,15.5,0.002,7.88
05/06/2026 03:04,15.375,0.002,7.88
05/06/2026 02:34,15.625,0.002,7.88
05/06/2026 02:04,15.625,0.002,7.88
05/06/2026 01:34,15.625,0.002,7.88
05/06/2026 01:04,16.625,0.002,7.88
05/06/2026 00:34,15.5,0.002,7.89
05/06/2026 00:04,15.625,0.002,7.89
04/06/2026 23:34,14.75,0.002,7.89
04/06/2026 23:04,14.75,0.002,7.89
04/06/2026 22:34,15.875,0.002,7.89
04/06/2026 22:04,15.75,0.002,7.89
04/06/2026 21:34,15.875,0.002,7.89
04/06/2026 21:04,15.75,0.002,7.9
04/06/2026 20:34,15.75,0.002,7.9
04/06/2026 20:04,15.875,0.002,7.9
04/06/2026 19:34,16,0.002,7.9
04/06/2026 19:04,16,0.002,7.9
04/06/2026 18:34,16,0.002,7.9
04/06/2026 18:34,16,0.002,7.9
04/06/2026 18:04,16.125,0.002,7.9
04/06/2026 17:34,15.75,0.002,7.9
04/06/2026 17:04,15.75,0.002,7.9
04/06/2026 16:34,15.875,0.002,7.9
04/06/2026 16:04,15.875,0.002,7.9
04/06/2026 15:34,15.875,0.002,7.89
04/06/2026 15:04,15.875,0.002,7.89
04/06/2026 15:04,15.875,0.002,7.89
04/06/2026 14:34,15.875,0.002,7.89
04/06/2026 14:34,15.875,0.002,7.89
04/06/2026 14:04,15.75,0.002,7.89
04/06/2026 13:34,15.75,0.002,7.89
04/06/2026 13:04,16.625,0.002,7.88
04/06/2026 12:34,16.625,0.002,7.88
04/06/2026 12:04,14.75,0.002,7.87
04/06/2026 11:34,15.5,0.002,7.87
04/06/2026 11:04,15.625,0.002,7.87
04/06/2026 10:34,15.625,0.002,7.87
04/06/2026 10:04,15.375,0.002,7.87
04/06/2026 10:04,15.375,0.002,7.87
04/06/2026 09:34,15.375,0.002,7.86
04/06/2026 09:04,15.375,0.002,7.86
04/06/2026 08:34,15.375,0.002,7.86
04/06/2026 08:04,15.25,0.002,7.86
04/06/2026 08:04,15.25,0.002,7.86
04/06/2026 07:34,15.25,0.002,7.86
04/06/2026 07:04,15.25,0.002,7.86
04/06/2026 06:34,15.25,0.002,7.86
04/06/2026 06:04,15.125,0.002,7.86
04/06/2026 05:34,15.125,0.002,7.86
04/06/2026 05:04,15.25,0.002,7.86
04/06/2026 04:34,15.25,0.002,7.86
04/06/2026 04:04,15,0.002,7.86
04/06/2026 03:34,15.125,0.002,7.86
04/06/2026 03:04,15.125,0.002,7.86
04/06/2026 02:34,15,0.002,7.87
04/06/2026 02:34,15,0.002,7.87
04/06/2026 02:04,15.125,0.002,7.87
04/06/2026 01:34,15.125,0.002,7.87
04/06/2026 01:04,15,0.002,7.87
04/06/2026 00:34,14.75,0.002,7.87
04/06/2026 00:04,15,0.002,7.87
03/06/2026 23:34,14.875,0.002,7.88
03/06/2026 23:04,13.75,0.002,7.88
03/06/2026 22:34,14.75,0.002,7.88
03/06/2026 22:04,14.625,0.002,7.88
03/06/2026 21:34,14.5,0.002,7.88
03/06/2026 21:04,14.625,0.002,7.88
03/06/2026 20:34,14.75,0.002,7.88
03/06/2026 20:04,15.25,0.002,7.89
03/06/2026 20:04,15.25,0.002,7.89
03/06/2026 19:34,15.375,0.002,7.89
03/06/2026 19:04,15.625,0.002,7.9
03/06/2026 18:34,16.625,0.002,7.9
03/06/2026 18:04,15.75,0.002,7.9
03/06/2026 17:34,15.875,0.002,7.9
03/06/2026 17:04,15.75,0.002,7.9
03/06/2026 16:34,15.75,0.002,7.9
03/06/2026 16:04,14.75,0.002,7.9
03/06/2026 15:34,16.625,0.002,7.89
03/06/2026 15:04,15.875,0.002,7.89
03/06/2026 14:34,15.875,0.002,7.89
03/06/2026 14:04,15.875,0.002,7.89
03/06/2026 13:34,15.75,0.002,7.89
03/06/2026 13:04,15.625,0.002,7.88
03/06/2026 12:34,16.625,0.002,7.88
03/06/2026 12:04,15.5,0.002,7.88
03/06/2026 11:34,15.5,0.002,7.88
03/06/2026 11:04,15.5,0.002,7.87
03/06/2026 10:34,15.375,0.002,7.87
03/06/2026 10:04,15.375,0.002,7.87
03/06/2026 09:34,15.25,0.002,7.87
03/06/2026 09:04,15.25,0.002,7.86
03/06/2026 08:34,15.125,0.002,7.86
03/06/2026 08:04,15.25,0.002,7.86
03/06/2026 07:34,15.125,0.002,7.86
03/06/2026 07:04,15,0.002,7.85
03/06/2026 06:34,15,0.002,7.85
03/06/2026 06:04,15.125,0.002,7.86
03/06/2026 05:34,15.125,0.002,7.86
03/06/2026 05:04,15.125,0.002,7.86
03/06/2026 04:34,15,0.002,7.86
03/06/2026 04:04,15,0.002,7.86
03/06/2026 03:34,15.125,0.002,7.86
03/06/2026 03:04,14.875,0.002,7.86
03/06/2026 02:34,15,0.002,7.86
03/06/2026 02:04,15.125,0.002,7.86
03/06/2026 02:04,15.125,0.002,7.86
03/06/2026 01:34,14.75,0.002,7.86
03/06/2026 01:04,14.875,0.002,7.87
03/06/2026 00:34,14.875,0.002,7.87
03/06/2026 00:04,14.875,0.002,7.87
02/06/2026 23:34,14.75,0.002,7.87
02/06/2026 23:04,14.75,0.002,7.87
02/06/2026 22:34,14.75,0.002,7.87
02/06/2026 22:04,14.75,0.002,7.87
02/06/2026 21:34,15.5,0.002,7.87
02/06/2026 21:04,14.625,0.002,7.87
02/06/2026 20:34,14.625,0.002,7.88
02/06/2026 20:04,14.625,0.002,7.88
02/06/2026 19:34,15,0.002,7.88
02/06/2026 19:04,15.125,0.002,7.88
02/06/2026 18:34,15.5,0.002,7.89
02/06/2026 18:04,15.5,0.002,7.89
02/06/2026 17:34,15.5,0.002,7.89
02/06/2026 17:04,15.25,0.002,7.89
02/06/2026 17:04,15.25,0.002,7.89
02/06/2026 16:34,15.5,0.002,7.89
02/06/2026 16:04,15.625,0.002,7.89
02/06/2026 15:34,15.625,0.002,7.88
02/06/2026 15:04,15.875,0.002,7.88
02/06/2026 14:34,16,0.002,7.88
02/06/2026 14:04,15.75,0.002,7.88
02/06/2026 13:34,15.75,0.002,7.88
02/06/2026 13:34,15.75,0.002,7.88
02/06/2026 13:04,15.625,0.002,7.87
02/06/2026 12:34,15.625,0.002,7.87
02/06/2026 12:04,15.625,0.002,7.87
02/06/2026 11:34,15.625,0.002,7.86
02/06/2026 11:04,15.5,0.002,7.86
02/06/2026 10:34,15.5,0.002,7.86
02/06/2026 10:04,15.5,0.002,7.85
02/06/2026 09:34,15.5,0.002,7.85
02/06/2026 09:04,15.375,0.002,7.85
02/06/2026 08:34,15.125,0.002,7.85
02/06/2026 08:04,15.375,0.002,7.84
02/06/2026 07:34,15.125,0.002,7.84
02/06/2026 07:04,15.25,0.002,7.84
02/06/2026 06:34,15.25,0.002,7.84
02/06/2026 06:04,15,0.002,7.84
02/06/2026 06:04,15,0.002,7.84
02/06/2026 05:34,15,0.002,7.84
02/06/2026 05:04,15.125,0.002,7.84
02/06/2026 04:34,15,0.002,7.84
02/06/2026 04:04,14.875,0.002,7.84
02/06/2026 03:34,15,0.002,7.84
02/06/2026 03:04,15.125,0.002,7.84
02/06/2026 02:34,15,0.002,7.84
02/06/2026 02:34,15,0.002,7.84
02/06/2026 02:04,14.875,0.002,7.84
02/06/2026 01:34,15,0.002,7.85
02/06/2026 01:04,15,0.002,7.84
02/06/2026 00:34,14.75,0.002,7.85
02/06/2026 00:04,14.75,0.002,7.85
01/06/2026 23:34,14.75,0.002,7.85
01/06/2026 23:04,13.75,0.002,7.85
01/06/2026 22:34,14.875,0.002,7.85
01/06/2026 22:04,15.125,0.002,7.85
01/06/2026 21:34,15.5,0.002,7.86
01/06/2026 21:04,15.75,0.002,7.86
01/06/2026 20:34,16,0.002,7.86
01/06/2026 20:04,16.5,0.002,7.87
01/06/2026 19:34,16.5,0.002,7.87
01/06/2026 19:04,16.625,0.002,7.87
01/06/2026 18:34,16.625,0.002,7.87
01/06/2026 18:04,17,0.002,7.87
01/06/2026 17:34,17,0.002,7.87
01/06/2026 17:04,17,0.002,7.87
01/06/2026 16:34,17,0.002,7.87
01/06/2026 16:04,17.125,0.002,7.87
01/06/2026 15:34,17,0.002,7.87
01/06/2026 15:04,16.875,0.002,7.87
01/06/2026 14:34,16.75,0.002,7.87
01/06/2026 14:04,16.75,0.002,7.87
01/06/2026 13:34,16.75,0.002,7.87
01/06/2026 13:04,16.625,0.002,7.87
01/06/2026 12:34,16.5,0.002,7.86
01/06/2026 12:04,16.375,0.002,7.86
01/06/2026 11:34,16.375,0.002,7.86
01/06/2026 11:04,16.5,0.002,7.86
01/06/2026 10:34,16.25,0.002,7.86
01/06/2026 10:04,16.25,0.002,7.86
01/06/2026 09:34,16.25,0.002,7.86
01/06/2026 09:34,16.25,0.002,7.86
01/06/2026 09:04,16.25,0.002,7.86
01/06/2026 08:34,16.25,0.002,7.86
01/06/2026 08:04,16.125,0.002,7.86
01/06/2026 07:34,16,0.002,7.86
01/06/2026 07:04,16,0.002,7.86
01/06/2026 06:34,16,0.002,7.86
01/06/2026 06:04,16,0.002,7.86
01/06/2026 05:34,16,0.002,7.86
01/06/2026 05:04,15.875,0.002,7.86
01/06/2026 04:34,15.875,0.002,7.86
01/06/2026 04:04,15.875,0.002,7.86
01/06/2026 03:34,14.875,0.002,7.86
01/06/2026 03:04,15.75,0.002,7.87
01/06/2026 02:34,14.75,0.002,7.86
01/06/2026 02:04,15.625,0.002,7.87
01/06/2026 01:34,15.5,0.002,7.87
01/06/2026 01:04,15.5,0.002,7.87
01/06/2026 00:34,15.375,0.002,7.87
01/06/2026 00:04,15.25,0.002,7.87
31/05/2026 23:34,15.25,0.002,7.87
31/05/2026 23:04,15.25,0.002,7.87
31/05/2026 22:34,15.5,0.002,7.88
31/05/2026 22:04,15.875,0.002,7.88
31/05/2026 21:34,16.125,0.002,7.88
31/05/2026 21:04,16.5,0.002,7.89
31/05/2026 20:34,15.75,0.002,7.89
31/05/2026 20:04,16.875,0.002,7.89
31/05/2026 19:34,17.25,0.002,7.9
31/05/2026 19:04,17.375,0.002,7.9
31/05/2026 18:34,17.375,0.002,7.9
31/05/2026 18:04,17.375,0.002,7.9
31/05/2026 17:34,17.25,0.002,7.9
31/05/2026 17:04,17.25,0.002,7.9
31/05/2026 16:34,17.25,0.002,7.89
31/05/2026 16:04,17.25,0.002,7.89
31/05/2026 15:34,17.125,0.002,7.89
31/05/2026 15:04,17,0.002,7.89
31/05/2026 14:34,16.75,0.002,7.89
31/05/2026 14:34,16.75,0.002,7.89
31/05/2026 14:04,16.875,0.002,7.89
31/05/2026 14:04,16.875,0.002,7.89
31/05/2026 13:34,16.875,0.002,7.89
31/05/2026 13:04,16.625,0.002,7.88
31/05/2026 13:04,16.625,0.002,7.88
31/05/2026 12:34,16.5,0.002,7.88
31/05/2026 12:04,16.5,0.002,7.88
31/05/2026 11:34,16.5,0.002,7.88
31/05/2026 11:04,16.375,0.002,7.87
31/05/2026 10:34,16.375,0.002,7.87
31/05/2026 10:04,16.25,0.002,7.87
31/05/2026 10:04,16.25,0.002,7.87
31/05/2026 09:34,16.375,0.002,7.87
31/05/2026 09:04,16.25,0.002,7.87
31/05/2026 08:34,16.375,0.002,7.87
31/05/2026 08:04,16.25,0.002,7.87
31/05/2026 07:34,16.25,0.002,7.87
31/05/2026 07:04,16.25,0.002,7.86
31/05/2026 06:34,16,0.002,7.87
31/05/2026 06:04,16,0.002,7.87
31/05/2026 05:34,16,0.002,7.87
31/05/2026 05:04,15.875,0.002,7.87
31/05/2026 04:34,15.875,0.002,7.87
31/05/2026 04:04,15.875,0.002,7.87
31/05/2026 03:34,15.875,0.002,7.87
31/05/2026 03:04,15.75,0.002,7.87
31/05/2026 02:34,15.75,0.002,7.88
31/05/2026 02:04,15.5,0.002,7.88
31/05/2026 01:34,15.5,0.002,7.88
31/05/2026 01:04,15.5,0.002,7.88
31/05/2026 00:34,15.375,0.002,7.88
31/05/2026 00:04,15.375,0.002,7.88
30/05/2026 23:34,15.125,0.002,7.88
30/05/2026 23:04,15.25,0.002,7.88
30/05/2026 22:34,15.25,0.002,7.88
30/05/2026 22:04,15.625,0.002,7.89
30/05/2026 21:34,15.875,0.002,7.89
30/05/2026 21:04,16.125,0.002,7.89
30/05/2026 20:34,16.5,0.002,7.9
30/05/2026 20:04,16.75,0.002,7.9
30/05/2026 19:34,17,0.002,7.9
30/05/2026 19:04,17,0.002,7.9
30/05/2026 18:34,16.875,0.002,7.91
30/05/2026 18:04,17,0.002,7.91
30/05/2026 17:34,17.125,0.002,7.91
30/05/2026 17:04,17.25,0.002,7.9
30/05/2026 16:34,17.125,0.002,7.9
30/05/2026 16:04,17.125,0.002,7.9
30/05/2026 15:34,16.875,0.002,7.9
30/05/2026 15:04,16.875,0.002,7.89
30/05/2026 14:34,16.875,0.002,7.89
30/05/2026 14:04,17.125,0.002,7.9
30/05/2026 13:34,17,0.002,7.89
30/05/2026 13:04,16.875,0.002,7.89
30/05/2026 12:34,16.75,0.002,7.89
30/05/2026 12:04,16.625,0.002,7.88
30/05/2026 11:34,15.75,0.002,7.88
30/05/2026 11:04,16.625,0.002,7.88
30/05/2026 10:34,16.5,0.002,7.88
30/05/2026 10:04,16.375,0.002,7.87
30/05/2026 09:34,16.375,0.002,7.87
30/05/2026 09:04,16.25,0.002,7.87
30/05/2026 08:34,16.25,0.002,7.87
30/05/2026 08:04,16.25,0.002,7.87
30/05/2026 07:34,16.25,0.002,7.87
30/05/2026 07:04,16.125,0.002,7.86
30/05/2026 06:34,16.125,0.002,7.86
30/05/2026 06:04,16,0.002,7.86
30/05/2026 05:34,16.125,0.002,7.87
30/05/2026 05:04,16,0.002,7.87
30/05/2026 04:34,16,0.002,7.87
30/05/2026 04:04,16,0.002,7.87
30/05/2026 03:34,15.875,0.002,7.87
30/05/2026 03:04,15.875,0.002,7.87
30/05/2026 02:34,15.75,0.002,7.87
30/05/2026 02:04,15.75,0.002,7.87
30/05/2026 01:34,14.75,0.002,7.87
30/05/2026 01:04,15.75,0.002,7.87
30/05/2026 00:34,15.625,0.002,7.87
30/05/2026 00:04,15.375,0.002,7.88
29/05/2026 23:34,15.375,0.002,7.87
29/05/2026 23:04,15.25,0.002,7.88
29/05/2026 22:34,15.25,0.002,7.88
29/05/2026 22:04,15.125,0.002,7.88
29/05/2026 21:34,15.5,0.002,7.88
29/05/2026 21:04,15.875,0.002,7.88
29/05/2026 20:34,16.125,0.002,7.89
29/05/2026 20:04,16.5,0.002,7.89
29/05/2026 19:34,16.875,0.002,7.9
29/05/2026 19:04,17,0.002,7.9
29/05/2026 18:34,17.125,0.002,7.9
29/05/2026 18:04,17.25,0.002,7.9
29/05/2026 17:34,17.125,0.002,7.9
29/05/2026 17:04,17.25,0.002,7.9
29/05/2026 16:34,17.125,0.002,7.9
29/05/2026 16:04,17,0.002,7.89
29/05/2026 16:04,17,0.002,7.89
29/05/2026 15:34,16.875,0.002,7.89
29/05/2026 15:04,16.875,0.002,7.89
29/05/2026 14:34,16.875,0.002,7.89
29/05/2026 14:04,16.875,0.002,7.89
29/05/2026 13:34,16.875,0.002,7.88
29/05/2026 13:34,16.875,0.002,7.88
29/05/2026 13:04,16.875,0.002,7.88
29/05/2026 12:34,16.75,0.002,7.88
29/05/2026 12:04,17.625,0.002,7.88
29/05/2026 11:34,16.625,0.002,7.88
29/05/2026 11:04,16.5,0.002,7.87
29/05/2026 10:34,16.5,0.002,7.87
29/05/2026 10:04,16.375,0.002,7.87
29/05/2026 09:34,16.25,0.002,7.87
29/05/2026 09:04,16.125,0.002,7.86
29/05/2026 08:34,16.125,0.002,7.86
29/05/2026 08:04,16,0.002,7.86
29/05/2026 07:34,16.125,0.002,7.86
29/05/2026 07:04,16,0.002,7.86
29/05/2026 06:34,16.125,0.002,7.86
29/05/2026 06:04,16,0.002,7.86
29/05/2026 05:34,15.875,0.002,7.85
29/05/2026 05:04,15.875,0.002,7.87
29/05/2026 04:34,15.875,0.002,7.86
29/05/2026 04:04,15.75,0.002,7.87
29/05/2026 03:34,15.75,0.002,7.87
29/05/2026 03:04,14.75,0.002,7.87
29/05/2026 02:34,16.625,0.002,7.87
29/05/2026 02:04,14.75,0.002,7.87
29/05/2026 01:34,15.625,0.002,7.87
29/05/2026 01:04,15.5,0.002,7.87
29/05/2026 00:34,15.375,0.002,7.87
29/05/2026 00:04,15.375,0.002,7.87
28/05/2026 23:34,15.25,0.002,7.87
28/05/2026 23:04,15.125,0.002,7.88
28/05/2026 22:34,15.375,0.002,7.88
28/05/2026 22:04,15.75,0.002,7.88
28/05/2026 21:34,16.125,0.002,7.89
28/05/2026 21:04,16.5,0.002,7.89
28/05/2026 20:34,16.875,0.002,7.89
28/05/2026 20:04,17.375,0.002,7.9
28/05/2026 19:34,17.625,0.002,7.9
28/05/2026 19:04,17.75,0.002,7.91
28/05/2026 18:34,17.875,0.002,7.91
28/05/2026 18:04,18.125,0.002,7.91
28/05/2026 17:34,18.125,0.002,7.91
28/05/2026 17:04,18.125,0.002,7.91
28/05/2026 16:34,18.25,0.002,7.91
28/05/2026 16:04,18.25,0.002,7.91
28/05/2026 15:34,18.5,0.002,7.91
28/05/2026 15:04,18.375,0.002,7.91
28/05/2026 14:34,18.375,0.002,7.92
28/05/2026 14:04,18.625,0.002,7.92
28/05/2026 13:34,18.75,0.002,7.93
28/05/2026 13:29,19.5,0.002,7.93
28/05/2026 13:04,19.75,0.002,7.93
28/05/2026 12:34,20.25,0.002,7.95
28/05/2026 12:04,20.75,0.002,7.97
28/05/2026 11:49,22.25,0.002,8.03
28/05/2026 11:34,17.75,0.002,7.98
28/05/2026 11:04,16.875,0.002,7.95
28/05/2026 10:34,16.75,0.002,7.96
28/05/2026 10:04,16.625,0.002,7.96
28/05/2026 09:34,16.375,0.002,7.95
28/05/2026 09:34,16.375,0.002,7.95
28/05/2026 09:04,16.375,0.002,7.96
28/05/2026 08:34,16.25,0.002,7.96
28/05/2026 08:04,16.25,0.002,7.96
28/05/2026 07:34,16.25,0.002,7.95
28/05/2026 07:04,16.125,0.002,7.95
28/05/2026 06:34,16.25,0.002,7.95
28/05/2026 06:04,16.125,0.002,7.96
28/05/2026 05:34,16.125,0.002,7.96
28/05/2026 05:04,16.125,0.002,7.96
28/05/2026 04:34,16.125,0.002,7.96
28/05/2026 04:34,16.125,0.002,7.96
28/05/2026 04:04,16,0.002,7.96
28/05/2026 03:34,16,0.002,7.97
28/05/2026 03:04,16,0.002,7.97
28/05/2026 02:34,15.875,0.002,7.97
28/05/2026 02:04,15.875,0.002,7.97
28/05/2026 02:04,15.875,0.002,7.97
28/05/2026 01:34,15.875,0.002,7.97
28/05/2026 01:04,15.75,0.002,7.97
28/05/2026 00:34,16.625,0.002,7.98
28/05/2026 00:04,15.75,0.002,7.98
27/05/2026 23:34,15.625,0.002,7.98
27/05/2026 23:04,15.625,0.002,7.98
27/05/2026 22:34,15.5,0.002,7.98
27/05/2026 22:04,15.5,0.002,7.98
27/05/2026 21:34,15.25,0.002,7.98
27/05/2026 21:04,15.25,0.002,7.99
27/05/2026 20:34,15.125,0.002,7.99
27/05/2026 20:34,15.125,0.002,7.99
27/05/2026 20:04,15,0.002,7.99
27/05/2026 19:34,15.125,0.002,7.99
27/05/2026 19:04,15.125,0.002,7.99
27/05/2026 18:34,15.5,0.002,8
27/05/2026 18:04,16,0.002,8
27/05/2026 17:34,16,0.002,8
27/05/2026 17:04,16,0.002,8
27/05/2026 16:34,16.375,0.002,8
27/05/2026 16:04,16.125,0.002,8
27/05/2026 15:34,16.375,0.002,8
27/05/2026 15:04,16.375,0.002,8
27/05/2026 14:34,16.625,0.002,7.99
27/05/2026 14:04,17,0.002,8
27/05/2026 13:34,17.25,0.002,7.99
27/05/2026 13:34,17.25,0.002,7.99
27/05/2026 13:04,17.125,0.002,7.98
27/05/2026 12:34,17,0.002,7.98
27/05/2026 12:04,16.875,0.002,7.98
27/05/2026 11:34,16.75,0.002,7.97
27/05/2026 11:04,16.875,0.002,7.97
27/05/2026 10:34,15.75,0.002,7.96
27/05/2026 10:04,16.5,0.002,7.96
27/05/2026 09:34,16.5,0.002,7.96
27/05/2026 09:04,16.5,0.002,7.96
27/05/2026 08:34,16.375,0.002,7.95
27/05/2026 08:04,16.375,0.002,7.95
27/05/2026 07:34,16.25,0.002,7.95
27/05/2026 07:04,16.25,0.002,7.95
27/05/2026 06:34,16.125,0.002,7.95
27/05/2026 06:04,16.25,0.002,7.95
27/05/2026 05:34,16.125,0.002,7.96
27/05/2026 05:30,16.25,0.002,7.96
27/05/2026 05:04,16.125,0.002,7.96
27/05/2026 04:34,16,0.002,7.96
27/05/2026 04:04,16,0.002,7.96
27/05/2026 03:34,16.125,0.002,7.96
27/05/2026 03:04,15.875,0.002,7.96
27/05/2026 02:34,16,0.002,7.97
27/05/2026 02:04,15.875,0.002,7.97
27/05/2026 01:34,15.75,0.002,7.97
27/05/2026 01:04,15.75,0.002,7.97
27/05/2026 00:34,15.75,0.002,7.97
27/05/2026 00:04,15.625,0.002,7.97
26/05/2026 23:34,15.5,0.002,7.97
26/05/2026 23:34,15.5,0.002,7.97
26/05/2026 23:04,15.625,0.002,7.98
26/05/2026 22:34,15.5,0.002,7.98
26/05/2026 22:04,15.5,0.002,7.98
26/05/2026 21:34,15.25,0.002,7.98
26/05/2026 21:04,15.375,0.002,7.98
26/05/2026 20:34,15.125,0.002,7.98
26/05/2026 20:04,15.125,0.002,7.99
26/05/2026 19:34,15,0.002,7.99
26/05/2026 19:04,15,0.002,7.99
26/05/2026 18:34,15.125,0.002,7.99
26/05/2026 18:04,15.5,0.002,8
26/05/2026 17:34,15.875,0.002,8
26/05/2026 17:04,16.125,0.002,8
26/05/2026 16:34,16.25,0.002,8
26/05/2026 16:04,16.375,0.002,8
26/05/2026 15:34,16.375,0.002,8
26/05/2026 15:04,16.5,0.002,8
26/05/2026 14:34,16.875,0.002,8
26/05/2026 14:04,17,0.002,7.99
26/05/2026 13:34,17.125,0.002,7.99
26/05/2026 13:04,17,0.002,7.98
26/05/2026 12:34,16.875,0.002,7.98
26/05/2026 12:04,16.75,0.002,7.97
26/05/2026 11:34,16.75,0.002,7.97
26/05/2026 11:04,16.75,0.002,7.96
26/05/2026 10:34,15.75,0.002,7.96
26/05/2026 10:04,16.5,0.002,7.95
26/05/2026 09:34,16.5,0.002,7.95
26/05/2026 09:04,16.5,0.002,7.94
26/05/2026 08:34,16.375,0.002,7.94
26/05/2026 08:04,16.25,0.002,7.94
26/05/2026 08:04,16.25,0.002,7.94
26/05/2026 07:34,16.375,0.002,7.94
26/05/2026 07:04,16.25,0.002,7.95
26/05/2026 06:34,16.125,0.002,7.95
26/05/2026 06:04,16,0.002,7.95
26/05/2026 05:34,16.125,0.002,7.95
26/05/2026 05:04,16,0.002,7.95
26/05/2026 04:34,16,0.002,7.96
26/05/2026 04:04,16,0.002,7.96
26/05/2026 03:34,16,0.002,7.96
26/05/2026 03:04,15.875,0.002,7.96
26/05/2026 02:34,15.75,0.002,7.96
26/05/2026 02:04,15.875,0.002,7.96
26/05/2026 01:34,15.75,0.002,7.96
26/05/2026 01:04,15.75,0.002,7.96
26/05/2026 00:34,16.625,0.002,7.97
26/05/2026 00:04,16.625,0.002,7.97
25/05/2026 23:34,15.625,0.002,7.97
25/05/2026 23:04,15.5,0.002,7.97
25/05/2026 23:04,15.5,0.002,7.97
25/05/2026 22:34,15.375,0.002,7.97
25/05/2026 22:04,15.375,0.002,7.98
25/05/2026 21:34,15.5,0.002,7.98
25/05/2026 21:04,15.25,0.002,7.98
25/05/2026 20:34,15.25,0.002,7.98
25/05/2026 20:04,15.125,0.002,7.98
25/05/2026 19:34,15,0.002,7.98
25/05/2026 19:04,15,0.002,7.99
25/05/2026 18:34,15.375,0.002,7.99
25/05/2026 18:04,15.625,0.002,7.99
25/05/2026 17:34,16,0.002,7.99
25/05/2026 17:04,16.25,0.002,8
25/05/2026 16:34,16.375,0.002,7.99
25/05/2026 16:34,16.375,0.002,7.99
25/05/2026 16:04,16.375,0.002,7.99
25/05/2026 15:34,16.625,0.002,7.99
25/05/2026 15:04,16.5,0.002,7.99
25/05/2026 14:34,15.75,0.002,7.99
25/05/2026 14:04,16.75,0.002,7.99
25/05/2026 13:34,17.125,0.002,7.98
25/05/2026 13:04,17.25,0.002,7.97
25/05/2026 12:34,17,0.002,7.98
25/05/2026 12:04,16.875,0.002,7.98
25/05/2026 11:34,16.875,0.002,7.98
25/05/2026 11:04,16.75,0.002,7.97
25/05/2026 10:34,16.75,0.002,7.97
25/05/2026 10:04,16.5,0.002,7.96
25/05/2026 10:04,16.5,0.002,7.96
25/05/2026 09:34,16.375,0.002,7.96
25/05/2026 09:04,16.5,0.002,7.96
25/05/2026 08:34,16.375,0.002,7.96
25/05/2026 08:04,16.25,0.002,7.96
25/05/2026 07:34,16.375,0.002,7.95
25/05/2026 07:04,16.25,0.002,7.95
25/05/2026 07:04,16.25,0.002,7.95
25/05/2026 06:34,16.25,0.002,7.96
25/05/2026 06:04,16.25,0.002,7.95
25/05/2026 05:34,16.125,0.002,7.96
25/05/2026 05:04,16.125,0.002,7.96
25/05/2026 04:34,16.125,0.002,7.96
25/05/2026 04:04,16,0.002,7.96
25/05/2026 03:34,16,0.002,7.96
25/05/2026 03:04,15.875,0.002,7.96
25/05/2026 02:34,16,0.002,7.97
25/05/2026 02:04,16,0.002,7.97
25/05/2026 01:34,15.875,0.002,7.97
25/05/2026 01:04,15.75,0.002,7.97
25/05/2026 00:34,15.75,0.002,7.98
25/05/2026 00:04,15.75,0.002,7.98
24/05/2026 23:34,14.75,0.002,7.98
24/05/2026 23:34,14.75,0.002,7.98
24/05/2026 23:04,15.625,0.002,7.98
24/05/2026 22:34,14.75,0.002,7.98
24/05/2026 22:04,15.5,0.002,7.99
24/05/2026 21:34,15.5,0.002,7.98
24/05/2026 21:04,15.375,0.002,7.99
24/05/2026 20:34,15.375,0.002,7.99
24/05/2026 20:04,15.25,0.002,7.99
24/05/2026 20:04,15.25,0.002,7.99
24/05/2026 19:34,15.125,0.002,7.99
24/05/2026 19:04,15.125,0.002,8
24/05/2026 18:34,15.25,0.002,8
24/05/2026 18:04,15.625,0.002,8
24/05/2026 17:34,15.875,0.002,8.01
24/05/2026 17:34,15.875,0.002,8.01
24/05/2026 17:04,16.125,0.002,8.01
24/05/2026 16:34,16.25,0.002,8.01
24/05/2026 16:04,16.25,0.002,8.01
24/05/2026 15:34,16.375,0.002,8
24/05/2026 15:04,16.5,0.002,8
24/05/2026 14:34,16.875,0.002,8
24/05/2026 14:04,17.25,0.002,8
24/05/2026 13:34,17.25,0.002,8
24/05/2026 13:04,17.125,0.002,7.99
24/05/2026 12:34,17,0.002,7.99
24/05/2026 12:04,17,0.002,7.98
24/05/2026 11:34,16.75,0.002,7.98
24/05/2026 11:04,17.625,0.002,7.97
24/05/2026 10:34,17.625,0.002,7.97
24/05/2026 10:34,17.625,0.002,7.97
24/05/2026 10:04,16.5,0.002,7.97
24/05/2026 09:34,16.375,0.002,7.96
24/05/2026 09:04,16.375,0.002,7.96
24/05/2026 08:34,16.25,0.002,7.96
24/05/2026 08:04,16.25,0.002,7.96
24/05/2026 07:34,16.25,0.002,7.95
24/05/2026 07:04,16.25,0.002,7.95
24/05/2026 06:34,16.125,0.002,7.96
24/05/2026 06:04,16.125,0.002,7.96
24/05/2026 05:34,16,0.002,7.96
24/05/2026 05:04,16.125,0.002,7.96
24/05/2026 04:34,16,0.002,7.97
24/05/2026 04:04,16,0.002,7.97
24/05/2026 03:34,15.875,0.002,7.97
24/05/2026 03:04,15.875,0.002,7.98
24/05/2026 02:34,15.875,0.002,7.98
24/05/2026 02:04,15.75,0.002,7.98
24/05/2026 01:34,14.75,0.002,7.98
24/05/2026 01:34,14.75,0.002,7.98
24/05/2026 01:04,14.75,0.002,7.98
24/05/2026 00:34,15.75,0.002,7.98
24/05/2026 00:04,16.625,0.002,7.98
23/05/2026 23:34,15.625,0.002,7.99
23/05/2026 23:04,15.375,0.002,7.99
23/05/2026 22:34,15.5,0.002,7.99
23/05/2026 22:04,15.375,0.002,7.99
23/05/2026 21:34,15.375,0.002,7.99
23/05/2026 21:04,15.25,0.002,7.99
23/05/2026 20:34,15.125,0.002,8
23/05/2026 20:04,15.125,0.002,8
23/05/2026 19:34,14.875,0.002,8
23/05/2026 19:04,14.875,0.002,8
23/05/2026 18:34,15.125,0.002,8.01
23/05/2026 18:04,15.5,0.002,8.01
23/05/2026 17:34,16,0.002,8.02
23/05/2026 17:04,16.125,0.002,8.01
23/05/2026 16:34,16.125,0.002,8.01
23/05/2026 16:04,16.25,0.002,8
23/05/2026 15:34,16.625,0.002,8.01
23/05/2026 15:04,16.5,0.002,8.01
23/05/2026 14:34,17.625,0.002,8.01
23/05/2026 14:04,15.75,0.002,8.01
23/05/2026 13:34,17,0.002,8.01
23/05/2026 13:04,17.125,0.002,8.01
23/05/2026 12:34,17.125,0.002,8
23/05/2026 12:04,16.875,0.002,8
23/05/2026 11:34,16.75,0.002,8
23/05/2026 11:04,16.875,0.002,8
23/05/2026 10:34,17.625,0.002,7.99
23/05/2026 10:04,17.625,0.002,7.99
23/05/2026 09:34,16.5,0.002,7.99
23/05/2026 09:04,16.5,0.002,7.99
23/05/2026 08:34,16.5,0.002,7.98
23/05/2026 08:04,16.375,0.002,7.98
23/05/2026 07:34,16.25,0.002,7.98
23/05/2026 07:04,16.25,0.002,7.98
23/05/2026 06:34,16.125,0.002,7.98
23/05/2026 06:04,16.125,0.002,7.98
23/05/2026 05:34,16.125,0.002,7.98
23/05/2026 05:04,16,0.002,7.98
23/05/2026 04:34,16,0.002,7.98
23/05/2026 04:34,16,0.002,7.98
23/05/2026 04:04,16,0.002,7.99
23/05/2026 03:34,16,0.002,7.99
23/05/2026 03:04,15.875,0.002,7.99
23/05/2026 02:34,15.875,0.002,7.99
23/05/2026 02:04,15.75,0.002,7.99
23/05/2026 01:34,15.875,0.002,7.99
23/05/2026 01:04,16.625,0.002,8
23/05/2026 00:34,15.75,0.002,8
23/05/2026 00:04,15.625,0.002,8
22/05/2026 23:34,14.75,0.002,8
22/05/2026 23:04,15.625,0.002,8
22/05/2026 23:04,15.625,0.002,8
22/05/2026 22:34,15.5,0.002,8
22/05/2026 22:04,15.375,0.002,8
22/05/2026 22:04,15.375,0.002,8
22/05/2026 21:34,15.375,0.002,8.01
22/05/2026 21:04,15.25,0.002,8.01
22/05/2026 20:34,15.25,0.002,8.01
22/05/2026 20:04,15.125,0.002,8.01
22/05/2026 19:34,15,0.002,8.01
22/05/2026 19:04,15.25,0.002,8.02
22/05/2026 18:34,15.625,0.002,8.02
22/05/2026 18:04,16,0.002,8.02
22/05/2026 17:34,16.25,0.002,8.01
22/05/2026 17:04,16.25,0.002,8.01
22/05/2026 16:34,16.25,0.002,8.01
22/05/2026 16:04,16.5,0.002,8.01
22/05/2026 15:34,16.5,0.002,8.01
22/05/2026 15:04,16.5,0.002,8.01
22/05/2026 14:34,16.5,0.002,8
22/05/2026 14:04,16.75,0.002,8.01
22/05/2026 13:34,17.125,0.002,8
22/05/2026 13:04,17.5,0.002,8
22/05/2026 12:34,17.5,0.002,8
22/05/2026 12:04,17.375,0.002,7.99
22/05/2026 11:34,17.125,0.002,7.99
22/05/2026 11:04,17.25,0.002,7.98
22/05/2026 10:34,16.875,0.002,7.98
22/05/2026 10:04,17,0.002,7.97
22/05/2026 09:34,16.875,0.002,7.97
22/05/2026 09:04,16.75,0.002,7.97
22/05/2026 08:34,16.625,0.002,7.97
22/05/2026 08:04,16.375,0.002,7.97
22/05/2026 07:34,16.375,0.002,7.97
22/05/2026 07:04,16.375,0.002,7.97
22/05/2026 06:34,16.25,0.002,7.97
22/05/2026 06:04,16.25,0.002,7.97
22/05/2026 05:34,16.25,0.002,7.97
22/05/2026 05:04,16.125,0.002,7.97
22/05/2026 04:34,16.125,0.002,7.98
22/05/2026 04:04,16,0.002,7.98
22/05/2026 03:34,16,0.002,7.98
22/05/2026 03:04,16,0.002,7.98
22/05/2026 02:34,16,0.002,7.98
22/05/2026 02:04,15.875,0.002,7.98
22/05/2026 01:34,15.875,0.002,7.99
22/05/2026 01:04,15.875,0.002,7.99
22/05/2026 00:34,15.875,0.002,7.99
22/05/2026 00:04,15.75,0.002,7.99
21/05/2026 23:34,15.5,0.002,7.99
21/05/2026 23:04,15.625,0.002,7.99
21/05/2026 22:34,15.625,0.002,8
21/05/2026 22:04,15.375,0.002,8
21/05/2026 21:34,15.25,0.002,8
21/05/2026 21:04,15.375,0.002,8
21/05/2026 20:34,15.125,0.002,8
21/05/2026 20:04,15,0.002,8
21/05/2026 19:34,15,0.002,8.01
21/05/2026 19:04,15.125,0.002,8.01
21/05/2026 18:34,15.5,0.002,8.01
21/05/2026 18:04,15.75,0.002,8.02
21/05/2026 17:34,15.875,0.002,8.02
21/05/2026 17:04,16,0.002,8.01
21/05/2026 16:34,15.875,0.002,8.01
21/05/2026 16:04,16,0.002,8.01
21/05/2026 15:34,16.25,0.002,8.01
21/05/2026 15:04,16.375,0.002,8.01
21/05/2026 14:34,16.75,0.002,8
21/05/2026 14:04,17,0.002,8
21/05/2026 13:34,17,0.002,8
21/05/2026 13:04,17,0.002,8
21/05/2026 13:04,17,0.002,8
21/05/2026 12:34,17,0.002,8
21/05/2026 12:04,17,0.002,7.99
21/05/2026 11:34,16.875,0.002,7.99
21/05/2026 11:04,16.875,0.002,7.99
21/05/2026 10:34,16.875,0.002,7.98
21/05/2026 10:04,16.75,0.002,7.98
21/05/2026 09:34,16.625,0.002,7.97
21/05/2026 09:04,16.625,0.002,7.97
21/05/2026 08:34,16.5,0.002,7.97
21/05/2026 08:04,16.5,0.002,7.96
21/05/2026 07:34,16.375,0.002,7.96
21/05/2026 07:04,16.25,0.002,7.95
21/05/2026 07:04,16.25,0.002,7.95
21/05/2026 06:34,16.25,0.002,7.95
21/05/2026 06:04,16.25,0.002,7.96
21/05/2026 05:34,16.25,0.002,7.96
21/05/2026 05:04,16.25,0.002,7.96
21/05/2026 04:34,16.125,0.002,7.96
21/05/2026 04:04,16.125,0.002,7.96
21/05/2026 03:34,16.125,0.002,7.96
21/05/2026 03:34,16.125,0.002,7.96
21/05/2026 03:04,16,0.002,7.96
21/05/2026 02:34,15.875,0.002,7.97
21/05/2026 02:04,15.75,0.002,7.97
21/05/2026 01:34,15.875,0.002,7.97
21/05/2026 01:04,15.75,0.002,7.97
21/05/2026 00:34,15.875,0.002,7.97
21/05/2026 00:04,15.75,0.002,7.98
20/05/2026 23:34,15.75,0.002,7.98
20/05/2026 23:04,15.625,0.002,7.98
20/05/2026 22:34,14.75,0.002,7.98
20/05/2026 22:04,14.75,0.002,7.98
20/05/2026 21:34,15.5,0.002,7.98
20/05/2026 21:04,15.5,0.002,7.98
20/05/2026 20:34,15.25,0.002,7.98
20/05/2026 20:04,15.25,0.002,7.98
20/05/2026 19:34,15.25,0.002,7.99
20/05/2026 19:04,15.125,0.002,7.99
20/05/2026 18:34,15.125,0.002,7.99
20/05/2026 18:04,15.125,0.002,8
20/05/2026 17:34,15.375,0.002,8
20/05/2026 17:04,15.625,0.002,7.99
20/05/2026 16:34,15.625,0.002,8
20/05/2026 16:04,15.75,0.002,7.99
20/05/2026 15:34,15.875,0.002,7.99
20/05/2026 15:04,15.875,0.002,7.98
20/05/2026 14:34,15.75,0.002,7.98
20/05/2026 14:04,15.75,0.002,7.98
20/05/2026 13:34,15.75,0.002,7.98
20/05/2026 13:04,15.875,0.002,7.98
20/05/2026 12:34,15.875,0.002,7.97
20/05/2026 12:34,15.875,0.002,7.97
20/05/2026 12:04,16.125,0.002,7.97
20/05/2026 11:34,16.25,0.002,7.96
20/05/2026 11:04,16.125,0.002,7.96
20/05/2026 10:34,16,0.002,7.96
20/05/2026 10:04,16,0.002,7.95
20/05/2026 09:34,16,0.002,7.95
20/05/2026 09:04,15.875,0.002,7.94
20/05/2026 08:34,15.625,0.002,7.94
20/05/2026 08:04,15.75,0.002,7.94
20/05/2026 07:34,15.5,0.002,7.93
20/05/2026 07:04,15.375,0.002,7.93
20/05/2026 06:34,15.375,0.002,7.92
20/05/2026 06:04,15.125,0.002,7.93
20/05/2026 05:34,15.25,0.002,7.94
20/05/2026 05:04,15.125,0.002,7.94
20/05/2026 04:34,15.125,0.002,7.94
20/05/2026 04:04,15.125,0.002,7.94
20/05/2026 03:34,15,0.002,7.95
20/05/2026 03:04,14.875,0.002,7.95
20/05/2026 02:34,14.75,0.002,7.95
20/05/2026 02:04,14.625,0.002,7.95
20/05/2026 01:34,14.5,0.002,7.95
20/05/2026 01:04,14.375,0.002,7.95
20/05/2026 00:34,14.25,0.002,7.95
20/05/2026 00:04,14.125,0.002,7.96
19/05/2026 23:34,14,0.001,7.96
19/05/2026 23:04,14.625,0.002,7.97
19/05/2026 22:34,15,0.001,7.97
19/05/2026 22:04,15.375,0.001,7.98
19/05/2026 21:34,14.75,0.002,7.98
19/05/2026 21:04,15.875,0.002,7.98
19/05/2026 20:34,16.125,0.002,7.99
19/05/2026 20:04,16.5,0.002,7.99
19/05/2026 19:34,16.5,0.002,7.99
19/05/2026 19:04,17.625,0.002,8
19/05/2026 18:34,16.875,0.002,8
19/05/2026 18:04,17,0.002,8
19/05/2026 17:34,17,0.002,8
19/05/2026 17:04,17.25,0.002,8
19/05/2026 16:34,17.375,0.002,8
19/05/2026 16:04,17.25,0.002,7.99
19/05/2026 15:34,17.25,0.002,7.99
19/05/2026 15:04,17.375,0.002,7.99
19/05/2026 14:34,17.375,0.002,7.99
19/05/2026 14:04,17.375,0.002,7.99
19/05/2026 13:34,17.25,0.002,7.99
19/05/2026 13:04,17.5,0.002,7.99
19/05/2026 12:34,17.5,0.001,7.99
19/05/2026 12:04,17.5,0.001,7.99
19/05/2026 11:34,17.5,0.001,7.98
19/05/2026 11:34,17.5,0.001,7.98
19/05/2026 11:04,17.5,0.001,7.98
19/05/2026 10:34,17.5,0.001,7.97
19/05/2026 10:04,17.5,0.001,7.97
19/05/2026 09:34,17.375,0.001,7.97
19/05/2026 09:04,17.375,0.001,7.96
19/05/2026 08:34,17.375,0.001,7.96
19/05/2026 08:04,17.5,0.001,7.96
19/05/2026 07:34,17.5,0.001,7.94
19/05/2026 07:04,17.25,0.001,7.94
19/05/2026 06:34,17.25,0.001,7.93
19/05/2026 06:04,17.25,0.001,7.93
19/05/2026 05:34,17.125,0.001,7.95
19/05/2026 05:04,17.125,0.001,7.96
19/05/2026 04:34,17.125,0.001,7.96
19/05/2026 04:04,17.25,0.001,7.95
19/05/2026 03:34,17.125,0.001,7.96
19/05/2026 03:04,17.125,0.001,7.96
19/05/2026 02:34,17.25,0.001,7.97
19/05/2026 02:04,17.25,0.001,7.97
19/05/2026 01:34,17.25,0.001,7.97
19/05/2026 01:04,17.25,0.001,7.97
19/05/2026 00:34,17.125,0.001,7.97
19/05/2026 00:04,17.125,0.001,7.97
18/05/2026 23:34,17.375,0.001,7.98
18/05/2026 23:04,17.375,0.001,7.98
18/05/2026 22:34,17.25,0.001,7.98
18/05/2026 22:34,17.25,0.001,7.98
18/05/2026 22:04,17.25,0.001,7.99
18/05/2026 21:34,17.375,0.001,7.99
18/05/2026 21:04,17.5,0.001,7.99
18/05/2026 20:34,17.375,0.001,7.99
18/05/2026 20:04,17.5,0.001,8
18/05/2026 19:34,17.5,0.001,8
18/05/2026 19:04,17.5,0.001,8.01
18/05/2026 18:34,17.625,0.001,8.01
18/05/2026 18:04,17.625,0.001,8.01
18/05/2026 17:34,16.75,0.001,8
18/05/2026 17:04,18.625,0.001,8
18/05/2026 16:34,17.625,0.001,8
18/05/2026 16:34,17.625,0.001,8
18/05/2026 16:04,17.625,0.001,8
18/05/2026 15:34,17.5,0.001,8
18/05/2026 15:04,17.375,0.001,8
18/05/2026 14:34,17.375,0.001,8
18/05/2026 14:04,17.5,0.001,8
18/05/2026 13:34,17.25,0.001,8
18/05/2026 13:04,17,0.001,7.99
18/05/2026 12:34,17,0.001,7.99
18/05/2026 12:04,16.875,0.001,7.99
18/05/2026 11:34,16.75,0.001,7.98
18/05/2026 11:04,15.75,0.001,7.99
18/05/2026 10:34,16.625,0.001,7.99
18/05/2026 10:04,16.5,0.001,7.99
18/05/2026 09:34,16.25,0.001,7.99
18/05/2026 09:04,16.375,0.001,7.98
18/05/2026 08:34,16.25,0.001,7.98
18/05/2026 08:04,16.25,0.001,7.98
18/05/2026 07:34,16.375,0.001,7.98
18/05/2026 07:04,16.375,0.001,7.98
18/05/2026 06:34,16.375,0.001,7.98
18/05/2026 06:04,16.5,0.001,7.98
18/05/2026 05:34,16.625,0.001,7.98
18/05/2026 05:04,17.625,0.001,7.98
18/05/2026 04:34,16.875,0.001,7.98
18/05/2026 04:04,17,0.001,7.99
18/05/2026 03:34,17.125,0.001,7.99
18/05/2026 03:04,17.125,0.001,8
18/05/2026 02:34,17.25,0.001,8
18/05/2026 02:04,17.5,0.001,8
18/05/2026 01:34,17.625,0.001,8
18/05/2026 01:04,18.625,0.001,8
18/05/2026 00:34,17.75,0.001,8.01
18/05/2026 00:34,17.75,0.001,8.01
18/05/2026 00:04,17.875,0.001,8.01
18/05/2026 00:04,17.875,0.001,8.01
17/05/2026 23:34,18,0.001,8.01
17/05/2026 23:04,18.25,0.001,8.02
17/05/2026 22:34,18.5,0.001,8.02
17/05/2026 22:04,18.5,0.001,8.02
17/05/2026 21:34,19.625,0.001,8.03
17/05/2026 21:04,18.75,0.001,8.03
17/05/2026 20:44,18.75,0.001,8.04
17/05/2026 20:34,19.875,0.001,8.04
17/05/2026 20:04,20,0.001,8.04
17/05/2026 19:34,20,0.001,8.04
17/05/2026 19:34,20,0.001,8.04
17/05/2026 19:04,20.125,0.001,8.05
17/05/2026 18:34,20.25,0.001,8.05
17/05/2026 18:04,20.375,0.001,8.05
17/05/2026 17:34,20.375,0.001,8.05
17/05/2026 17:04,20.375,0.001,8.05
17/05/2026 16:34,20.5,0.001,8.05
17/05/2026 16:04,20.375,0.001,8.05
17/05/2026 15:34,20.25,0.001,8.04
17/05/2026 15:04,20.25,0.001,8.03
17/05/2026 14:39,20.625,0.001,8.03
17/05/2026 14:34,19.625,0.001,8.03
17/05/2026 14:04,19.5,0.001,8.02
17/05/2026 13:34,19.375,0.001,8.01
17/05/2026 13:04,19.125,0.001,8.02
17/05/2026 12:34,19.25,0.001,8.02
17/05/2026 12:04,18.75,0.001,8.01
17/05/2026 11:34,18.75,0.001,8.01
17/05/2026 11:04,19.625,0.001,8.01
17/05/2026 10:34,17.75,0.001,8.01
17/05/2026 10:04,18.5,0.001,8.01
17/05/2026 09:34,18.5,0.001,8
17/05/2026 09:04,18.375,0.001,8
17/05/2026 08:34,18.375,0.001,8
17/05/2026 08:04,18.25,0.001,8
17/05/2026 07:34,18.375,0.001,8
17/05/2026 07:04,18.25,0.001,7.99
17/05/2026 06:34,18.375,0.001,7.99
17/05/2026 06:04,18.375,0.001,8
17/05/2026 05:34,18.5,0.001,8
17/05/2026 05:04,18.5,0.001,8
17/05/2026 04:34,18.5,0.001,8
17/05/2026 04:04,18.625,0.001,8
17/05/2026 03:34,18.625,0.001,8.01
17/05/2026 03:04,18.5,0.001,8.01
17/05/2026 02:34,18.625,0.001,8.01
17/05/2026 02:04,18.75,0.001,8.01
17/05/2026 01:34,19.625,0.001,8.02
17/05/2026 01:34,19.625,0.001,8.02
17/05/2026 01:04,17.75,0.001,8.02
17/05/2026 00:34,17.875,0.001,8.02
17/05/2026 00:04,18.75,0.001,8.03
16/05/2026 23:34,18.875,0.001,8.03
16/05/2026 23:34,18.875,0.001,8.03
16/05/2026 23:04,18.875,0.001,8.03
16/05/2026 22:34,19,0.001,8.03
16/05/2026 22:04,19.125,0.001,8.03
16/05/2026 21:34,19.125,0.001,8.04
16/05/2026 21:04,19.25,0.001,8.04
16/05/2026 20:34,19.25,0.001,8.04
16/05/2026 20:04,19.5,0.001,8.05
16/05/2026 19:34,19.25,0.001,8.05
16/05/2026 19:04,19.5,0.001,8.05
16/05/2026 18:34,19.625,0.001,8.06
16/05/2026 18:04,19.5,0.001,8.06
16/05/2026 17:34,19.375,0.001,8.06
16/05/2026 17:04,19.375,0.001,8.05
16/05/2026 17:04,19.375,0.001,8.05
16/05/2026 16:34,19.25,0.001,8.05
16/05/2026 16:04,19.25,0.001,8.05
16/05/2026 15:34,19.25,0.001,8.05
16/05/2026 15:04,19,0.001,8.04
16/05/2026 14:34,18.875,0.001,8.04
16/05/2026 14:04,18.75,0.001,8.04
16/05/2026 13:34,18.75,0.001,8.03
16/05/2026 13:04,18.5,0.001,8.03
16/05/2026 12:34,18.375,0.001,8.03
16/05/2026 12:04,18.375,0.001,8.02
16/05/2026 11:34,18.125,0.001,8.02
16/05/2026 11:04,18.125,0.001,8.01
16/05/2026 10:34,17.875,0.001,8.01
16/05/2026 10:04,17.75,0.001,8.01
16/05/2026 09:34,17.75,0.001,8
16/05/2026 09:04,17.75,0.001,8
16/05/2026 08:34,17.625,0.001,8
16/05/2026 08:04,17.625,0.001,7.99
16/05/2026 07:34,16.75,0.001,7.99
16/05/2026 07:04,17.5,0.001,7.99
16/05/2026 06:34,17.625,0.001,7.99
16/05/2026 06:04,16.75,0.001,7.99
16/05/2026 05:34,16.75,0.001,7.99
16/05/2026 05:04,17.75,0.001,8
16/05/2026 04:34,18.625,0.001,8
16/05/2026 04:04,16.75,0.001,8
16/05/2026 03:34,17.875,0.001,8.01
16/05/2026 03:04,17.875,0.001,8.01
16/05/2026 02:34,17.875,0.001,8.01
16/05/2026 02:34,17.875,0.001,8.01
16/05/2026 02:04,17.875,0.001,8.01
16/05/2026 01:34,18.125,0.001,8.02
16/05/2026 01:04,17.875,0.001,8.02
16/05/2026 00:34,18,0.001,8.02
16/05/2026 00:04,18,0.001,8.03
15/05/2026 23:34,18,0.001,8.03
15/05/2026 23:04,18.25,0.001,8.03
15/05/2026 22:34,18.375,0.001,8.03
15/05/2026 22:04,18.125,0.001,8.04
15/05/2026 21:34,18.25,0.001,8.04
15/05/2026 21:04,18.5,0.001,8.04
15/05/2026 20:34,18.375,0.001,8.05
15/05/2026 20:04,18.625,0.001,8.05
15/05/2026 19:34,18.375,0.001,8.05
15/05/2026 19:04,18.5,0.001,8.06
15/05/2026 18:34,18.625,0.001,8.06
15/05/2026 18:04,18.625,0.001,8.06
15/05/2026 17:34,18.375,0.001,8.06
15/05/2026 17:04,18.5,0.001,8.05
15/05/2026 16:34,18.5,0.001,8.05
15/05/2026 16:04,18.25,0.001,8.05
15/05/2026 15:34,18.25,0.001,8.05
15/05/2026 15:04,18.25,0.001,8.04
15/05/2026 15:04,18.25,0.001,8.04
15/05/2026 14:34,18,0.001,8.04
15/05/2026 14:04,17.875,0.001,8.03
15/05/2026 13:34,17.875,0.001,8.03
15/05/2026 13:04,17.625,0.001,8.02
15/05/2026 12:34,17.5,0.001,8.02
15/05/2026 12:04,17.5,0.001,8.02
15/05/2026 11:34,17.375,0.001,8.01
15/05/2026 11:04,17.25,0.001,8.01
15/05/2026 10:34,17.125,0.001,8
15/05/2026 10:04,17,0.001,8
15/05/2026 09:34,16.875,0.001,7.99
15/05/2026 09:34,16.875,0.001,7.99
15/05/2026 09:04,15.875,0.001,7.99
15/05/2026 09:04,15.875,0.001,7.99
15/05/2026 08:34,15.875,0.001,7.98
15/05/2026 08:04,16.625,0.001,7.98
15/05/2026 07:34,16.5,0.001,7.98
15/05/2026 07:04,16.25,0.001,7.97
15/05/2026 06:34,16.125,0.001,7.98
15/05/2026 06:04,16.25,0.001,7.98
15/05/2026 05:34,16.25,0.001,7.98
15/05/2026 05:04,16.375,0.001,7.98
15/05/2026 04:34,16.375,0.001,7.98
15/05/2026 04:04,16.375,0.001,7.98
15/05/2026 03:34,16.375,0.001,7.99
15/05/2026 03:04,16.5,0.001,7.99
15/05/2026 02:34,16.625,0.001,7.99
15/05/2026 02:04,16.5,0.001,8
15/05/2026 01:34,16.5,0.001,8
15/05/2026 01:04,16.625,0.001,8
15/05/2026 00:34,16.5,0.001,8
15/05/2026 00:04,16.375,0.001,8
14/05/2026 23:34,16.625,0.001,8.01
14/05/2026 23:34,16.625,0.001,8.01
14/05/2026 23:04,16.625,0.001,8.01
14/05/2026 23:04,16.625,0.001,8.01
14/05/2026 22:34,16.5,0.001,8.01
14/05/2026 22:04,16.5,0.001,8.02
14/05/2026 21:34,16.5,0.001,8.02
14/05/2026 21:04,16.5,0.001,8.02
14/05/2026 20:34,16.5,0.001,8.02
14/05/2026 20:04,16.375,0.001,8.02
14/05/2026 19:34,16.25,0.001,8.03
14/05/2026 19:04,16.375,0.001,8.03
14/05/2026 18:34,16.25,0.001,8.03
14/05/2026 18:04,16.25,0.001,8.03
14/05/2026 17:34,16.125,0.001,8.03
14/05/2026 17:04,16,0.001,8.03
14/05/2026 16:34,15.875,0.001,8.02
14/05/2026 16:04,15.875,0.001,8.02
14/05/2026 15:34,15.75,0.001,8.02
14/05/2026 15:04,15.625,0.001,8.01
14/05/2026 14:34,15.5,0.001,8.01
14/05/2026 14:04,15.5,0.001,8
14/05/2026 14:04,15.5,0.001,8
14/05/2026 13:34,15.25,0.001,8
14/05/2026 13:04,15.375,0.001,8
14/05/2026 12:34,15.125,0.001,7.99
14/05/2026 12:04,15.125,0.001,7.99
14/05/2026 11:34,15,0.001,7.98
14/05/2026 11:04,15,0.001,7.98
14/05/2026 10:34,14.875,0.001,7.98
14/05/2026 10:04,14.875,0.001,7.97
14/05/2026 09:34,14.875,0.001,7.97
14/05/2026 09:04,14.875,0.001,7.97
14/05/2026 08:34,14.875,0.001,7.96
14/05/2026 08:04,14.875,0.001,7.96
14/05/2026 07:34,14.875,0.001,7.96
14/05/2026 07:04,14.875,0.001,7.96
14/05/2026 06:34,14.875,0.001,7.96
14/05/2026 06:04,14.875,0.001,7.96
14/05/2026 05:34,14.875,0.001,7.96
14/05/2026 05:04,14.875,0.001,7.96
14/05/2026 04:34,14.875,0.001,7.97
14/05/2026 04:04,14.875,0.001,7.97
14/05/2026 03:34,15,0.001,7.97
14/05/2026 03:04,15,0.001,7.97
14/05/2026 02:34,15,0.001,7.97
14/05/2026 02:04,14.875,0.001,7.98
14/05/2026 01:34,15.125,0.001,7.98
14/05/2026 01:04,15,0.001,7.98
14/05/2026 00:34,15.125,0.001,7.99
14/05/2026 00:04,15.125,0.001,7.99
13/05/2026 23:34,15.25,0.001,7.99
13/05/2026 23:04,15.25,0.001,8
13/05/2026 22:34,15.25,0.001,8
13/05/2026 22:04,15.375,0.001,8
13/05/2026 21:34,15.375,0.001,8.01
13/05/2026 21:04,15.5,0.001,8.01
13/05/2026 20:34,15.5,0.001,8.01
13/05/2026 20:04,15.5,0.001,8.01
13/05/2026 19:34,16.625,0.001,8.02
13/05/2026 19:04,15.625,0.001,8.02
13/05/2026 18:34,15.625,0.001,8.02
13/05/2026 18:04,15.75,0.001,8.02
13/05/2026 17:34,15.75,0.001,8.02
13/05/2026 17:04,15.75,0.001,8.02
13/05/2026 16:34,15.625,0.001,8.02
13/05/2026 16:04,15.625,0.001,8.02
13/05/2026 15:34,16.5,0.001,8.01
13/05/2026 15:04,15.5,0.001,8.01
13/05/2026 14:34,15.25,0.001,8.01
13/05/2026 14:04,15.375,0.001,8
13/05/2026 13:34,15.25,0.001,8
13/05/2026 13:04,15.125,0.001,7.99
13/05/2026 12:34,15.125,0.001,7.99
13/05/2026 12:04,15.125,0.001,7.99
13/05/2026 11:34,15,0.001,7.98
13/05/2026 11:04,15,0.001,7.98
13/05/2026 10:34,15.125,0.001,7.97
13/05/2026 10:04,14.875,0.001,7.97
13/05/2026 09:34,15.125,0.001,7.96
13/05/2026 09:04,15,0.001,7.96
13/05/2026 08:34,15,0.001,7.96
13/05/2026 08:04,15,0.001,7.95
13/05/2026 07:34,14.875,0.001,7.95
13/05/2026 07:04,15,0.001,7.95
13/05/2026 06:34,15,0.001,7.95
13/05/2026 06:04,15,0.001,7.95
13/05/2026 05:34,15.125,0.001,7.96
13/05/2026 05:04,15.125,0.001,7.96
13/05/2026 04:34,14.875,0.001,7.96
13/05/2026 04:04,14.875,0.001,7.96
13/05/2026 03:34,15,0.001,7.97
13/05/2026 03:04,15,0.001,7.97
13/05/2026 02:34,14.875,0.001,7.97
13/05/2026 02:04,15.125,0.001,7.97
13/05/2026 01:34,15,0.001,7.98
13/05/2026 01:04,15,0.001,7.98
13/05/2026 00:34,15,0.001,7.98
13/05/2026 00:04,15.125,0.001,7.99
12/05/2026 23:34,15,0.001,7.99
12/05/2026 23:04,15.125,0.001,7.99
12/05/2026 22:34,15.125,0.001,7.99
12/05/2026 22:04,15.125,0.001,7.99
12/05/2026 21:34,15.125,0.001,7.99
12/05/2026 21:04,15.375,0.001,7.99
12/05/2026 20:34,15.25,0.001,8
12/05/2026 20:04,15.5,0.001,8
12/05/2026 19:34,15.5,0.001,8
12/05/2026 19:04,15.625,0.001,8.01
12/05/2026 18:34,15.5,0.001,8.01
12/05/2026 18:04,15.625,0.001,8.01
12/05/2026 17:34,15.625,0.001,8.01
12/05/2026 17:04,15.5,0.001,8.01
12/05/2026 16:34,15.5,0.001,8
12/05/2026 16:04,15.5,0.001,8
12/05/2026 15:34,15.375,0.001,8
12/05/2026 15:04,15.25,0.001,7.99
12/05/2026 14:34,15.125,0.001,7.99
12/05/2026 14:04,15.125,0.001,7.99
12/05/2026 13:34,15.125,0.001,7.98
12/05/2026 13:04,15,0.001,7.98
12/05/2026 12:34,15.125,0.001,7.98
12/05/2026 12:04,15,0.001,7.97
12/05/2026 11:34,15,0.001,7.97
12/05/2026 11:04,14.875,0.001,7.97
12/05/2026 10:34,15,0.001,7.96
12/05/2026 10:04,15,0.001,7.96
12/05/2026 09:34,14.875,0.001,7.96
12/05/2026 09:04,14.875,0.001,7.95
12/05/2026 08:34,15,0.001,7.95
12/05/2026 08:04,14.875,0.001,7.95
12/05/2026 07:34,14.875,0.001,7.94
12/05/2026 07:04,14.875,0.001,7.94
12/05/2026 06:34,14.75,0.001,7.94
12/05/2026 06:04,14.75,0.001,7.94
12/05/2026 05:34,14.875,0.001,7.94
12/05/2026 05:04,14.875,0.001,7.95
12/05/2026 04:34,14.875,0.001,7.95
12/05/2026 04:04,14.875,0.001,7.95
12/05/2026 03:34,14.875,0.001,7.95
12/05/2026 03:04,14.875,0.001,7.95
12/05/2026 02:34,14.875,0.001,7.95
12/05/2026 02:04,14.75,0.001,7.96
12/05/2026 01:34,15,0.001,7.96
12/05/2026 01:04,14.75,0.001,7.96
12/05/2026 00:34,14.875,0.001,7.96
12/05/2026 00:04,15.125,0.001,7.96
11/05/2026 23:34,15.125,0.001,7.96
11/05/2026 23:04,15,0.001,7.97
11/05/2026 22:34,15.125,0.001,7.97
11/05/2026 22:04,15.25,0.001,7.97
11/05/2026 21:34,15.25,0.001,7.97
11/05/2026 21:34,15.25,0.001,7.97
11/05/2026 21:04,15.375,0.001,7.98
11/05/2026 20:34,15.375,0.001,7.98
11/05/2026 20:04,15.375,0.001,7.98
11/05/2026 19:34,15.375,0.001,7.98
11/05/2026 19:04,15.5,0.001,7.98
11/05/2026 18:34,15.75,0.001,7.99
11/05/2026 18:04,15.625,0.001,7.99
11/05/2026 17:34,15.75,0.001,7.99
11/05/2026 17:04,14.75,0.001,7.99
11/05/2026 16:34,16.625,0.001,7.99
11/05/2026 16:04,15.625,0.001,7.98
11/05/2026 15:34,15.625,0.001,7.98
11/05/2026 15:04,15.75,0.001,7.98
11/05/2026 14:34,15.625,0.001,7.98
11/05/2026 14:04,15.5,0.001,7.97
11/05/2026 13:34,15.375,0.001,7.97
11/05/2026 13:04,15.125,0.001,7.97
11/05/2026 12:34,15.125,0.001,7.97
11/05/2026 12:04,15.25,0.001,7.97
11/05/2026 11:34,15,0.001,7.96
11/05/2026 11:04,15,0.001,7.96
11/05/2026 10:34,15,0.001,7.97
11/05/2026 10:04,14.875,0.001,7.96
11/05/2026 09:34,14.875,0.001,7.96
11/05/2026 09:04,14.875,0.001,7.96
11/05/2026 08:34,15,0.001,7.95
11/05/2026 08:04,14.875,0.001,7.95
11/05/2026 07:34,14.75,0.001,7.95
11/05/2026 07:04,14.875,0.001,7.95
11/05/2026 06:34,14.875,0.001,7.95
11/05/2026 06:04,14.875,0.001,7.95
11/05/2026 05:34,14.875,0.001,7.95
11/05/2026 05:04,14.875,0.001,7.95
11/05/2026 04:34,14.875,0.001,7.96
11/05/2026 04:04,14.875,0.001,7.96
11/05/2026 03:34,14.75,0.001,7.96
11/05/2026 03:04,14.875,0.001,7.96
11/05/2026 02:34,14.875,0.001,7.96
11/05/2026 02:04,14.875,0.001,7.96
11/05/2026 01:34,14.875,0.001,7.97
11/05/2026 01:04,14.875,0.001,7.97
11/05/2026 00:34,14.875,0.001,7.97
11/05/2026 00:04,14.75,0.001,7.98
10/05/2026 23:34,14.875,0.001,7.98
10/05/2026 23:04,14.875,0.001,7.98
10/05/2026 22:34,14.875,0.001,7.98
10/05/2026 22:04,14.875,0.001,7.99
10/05/2026 21:34,15,0.001,7.99
10/05/2026 21:04,15,0.001,7.99
10/05/2026 20:34,15.125,0.001,7.99
10/05/2026 20:04,15,0.001,7.99
10/05/2026 19:34,15.125,0.001,8
10/05/2026 19:04,15.125,0.001,8
10/05/2026 18:34,15.25,0.001,8
10/05/2026 18:04,15.25,0.001,8
10/05/2026 18:04,15.25,0.001,8
10/05/2026 17:34,15.375,0.001,8
10/05/2026 17:04,15.375,0.001,8
10/05/2026 16:34,15.25,0.001,8
10/05/2026 16:04,15.375,0.001,8
10/05/2026 15:34,15.25,0.001,7.99
10/05/2026 15:04,15.25,0.001,7.98
10/05/2026 14:34,15.25,0.001,7.98
10/05/2026 14:04,15.125,0.001,7.98
10/05/2026 13:34,15.125,0.001,7.97
10/05/2026 13:04,15.125,0.001,7.97
10/05/2026 12:34,15.25,0.001,7.97
10/05/2026 12:04,15.125,0.001,7.96
10/05/2026 11:34,15,0.001,7.96
10/05/2026 11:04,14.875,0.001,7.95
10/05/2026 10:34,14.875,0.001,7.95
10/05/2026 10:04,14.75,0.001,7.94
10/05/2026 09:34,14.75,0.001,7.94
10/05/2026 09:04,14.875,0.001,7.94
10/05/2026 08:34,14.75,0.001,7.93
10/05/2026 08:04,14.875,0.001,7.93
10/05/2026 07:34,13.75,0.001,7.93
10/05/2026 07:34,13.75,0.001,7.93
10/05/2026 07:04,14.75,0.001,7.92
10/05/2026 06:34,14.75,0.001,7.92
10/05/2026 06:04,14.625,0.001,7.92
10/05/2026 05:34,15.625,0.001,7.93
10/05/2026 05:04,15.625,0.001,7.93
10/05/2026 04:34,14.75,0.001,7.93
10/05/2026 04:04,15.625,0.001,7.93
10/05/2026 03:34,15.625,0.001,7.93
10/05/2026 03:04,14.625,0.001,7.93
10/05/2026 02:34,14.75,0.001,7.93
10/05/2026 02:04,14.625,0.001,7.94
10/05/2026 01:34,14.75,0.001,7.94
10/05/2026 01:04,14.75,0.001,7.94
10/05/2026 00:34,14.75,0.001,7.94
10/05/2026 00:04,13.75,0.001,7.94
09/05/2026 23:34,14.75,0.001,7.95
09/05/2026 23:04,14.875,0.001,7.95
09/05/2026 22:34,14.75,0.001,7.95
09/05/2026 22:04,14.875,0.001,7.95
09/05/2026 21:34,14.875,0.001,7.95
09/05/2026 21:04,15.125,0.001,7.96
09/05/2026 20:34,15,0.001,7.96
09/05/2026 20:04,14.875,0.001,7.96
09/05/2026 19:34,15,0.001,7.96
09/05/2026 19:04,15.125,0.001,7.96
09/05/2026 19:04,15.125,0.001,7.96
09/05/2026 18:34,15,0.001,7.96
09/05/2026 18:04,15.125,0.001,7.97
09/05/2026 17:34,15.375,0.001,7.97
09/05/2026 17:04,15.25,0.001,7.96
09/05/2026 16:34,15.25,0.001,7.96
09/05/2026 16:04,15.25,0.001,7.96
09/05/2026 15:34,15.25,0.001,7.95
09/05/2026 15:04,15.125,0.001,7.95
09/05/2026 14:34,15.25,0.001,7.95
09/05/2026 14:04,15.125,0.001,7.94
09/05/2026 13:34,15,0.001,7.94
09/05/2026 13:04,15.125,0.001,7.93
09/05/2026 12:34,14.875,0.001,7.93
09/05/2026 12:04,15,0.001,7.92
09/05/2026 11:34,14.875,0.001,7.92
09/05/2026 11:04,15,0.001,7.92
09/05/2026 10:34,14.875,0.001,7.91
09/05/2026 10:04,14.875,0.001,7.91
09/05/2026 09:34,14.75,0.001,7.91
09/05/2026 09:04,14.75,0.001,7.91
09/05/2026 08:34,14.875,0.001,7.9
09/05/2026 08:34,14.875,0.001,7.9
09/05/2026 08:04,15.625,0.001,7.9
09/05/2026 07:34,14.75,0.001,7.9
09/05/2026 07:04,14.625,0.001,7.9
09/05/2026 06:34,14.75,0.001,7.9
09/05/2026 06:04,14.75,0.001,7.9
09/05/2026 05:34,13.75,0.001,7.9
09/05/2026 05:04,14.875,0.001,7.91
09/05/2026 04:34,14.875,0.001,7.91
09/05/2026 04:04,14.75,0.001,7.91
09/05/2026 03:34,14.875,0.001,7.91
09/05/2026 03:04,14.875,0.001,7.91
09/05/2026 02:34,14.875,0.001,7.91
09/05/2026 02:04,14.875,0.001,7.91
09/05/2026 01:34,14.875,0.001,7.92
09/05/2026 01:04,15,0.001,7.92
09/05/2026 00:34,15,0.001,7.92
09/05/2026 00:04,15,0.001,7.93
08/05/2026 23:34,15,0.001,7.92
08/05/2026 23:04,15.125,0.001,7.93
08/05/2026 23:04,15.125,0.001,7.93
08/05/2026 22:34,15.375,0.001,7.93
08/05/2026 22:04,15.25,0.001,7.93
08/05/2026 21:34,15.375,0.001,7.93
08/05/2026 21:04,15.375,0.001,7.94
08/05/2026 20:34,15.375,0.001,7.94
08/05/2026 20:04,15.625,0.001,7.94
08/05/2026 19:34,15.625,0.001,7.95
08/05/2026 19:04,16.625,0.001,7.95
08/05/2026 18:34,16.625,0.001,7.96
08/05/2026 18:04,15.875,0.001,7.95
08/05/2026 17:34,15.75,0.001,7.95
08/05/2026 17:04,15.75,0.001,7.93
08/05/2026 16:34,15.625,0.001,7.91
08/05/2026 16:04,16.625,0.001,7.88
08/05/2026 15:34,14.75,0.001,7.83
08/05/2026 15:04,15.5,0.001,7.73
08/05/2026 14:34,15.625,0.001,7.54
08/05/2026 14:31,15.75,0.001,7.52
08/05/2026 14:04,15.625,0.001,7.19
08/05/2026 13:34,15.625,0.001,6.83
08/05/2026 13:04,15.625,0.001,6.6
08/05/2026 13:04,15.5,0.001,6.75
01/05/2026 09:34,14.625,0.001,7.97
01/05/2026 09:04,14.625,0.001,7.97
01/05/2026 08:34,14.5,0.001,7.96
01/05/2026 08:04,14.5,0.001,7.96
01/05/2026 07:34,14.625,0.001,7.95
01/05/2026 07:04,14.625,0.001,7.95
01/05/2026 06:34,14.5,0.001,7.95
01/05/2026 06:04,14.625,0.001,7.95
01/05/2026 05:34,14.625,0.001,7.95
01/05/2026 05:04,14.625,0.001,7.96
01/05/2026 04:34,14.375,0.001,7.96
01/05/2026 04:04,14.375,0.001,7.96
01/05/2026 03:34,14.5,0.001,7.96
01/05/2026 03:04,14.5,0.001,7.96
01/05/2026 02:34,14.5,0.001,7.96
01/05/2026 02:04,14.5,0.001,7.97
01/05/2026 01:34,14.5,0.001,7.97
01/05/2026 01:04,14.625,0.001,7.97
01/05/2026 00:34,14.5,0.001,7.98
01/05/2026 00:04,13.75,0.001,7.98
30/04/2026 23:34,15.625,0.001,7.98
30/04/2026 23:04,14.75,0.001,7.98
30/04/2026 23:04,14.75,0.001,7.98
30/04/2026 22:34,15.625,0.001,7.99
30/04/2026 22:04,14.75,0.001,7.99
30/04/2026 21:34,14.875,0.001,7.99
30/04/2026 21:04,14.875,0.001,8
30/04/2026 20:34,14.875,0.001,8
30/04/2026 20:04,15,0.001,8
30/04/2026 19:34,15.125,0.001,8.01
30/04/2026 19:04,15.125,0.001,8.01
30/04/2026 18:34,15.375,0.001,8.01
30/04/2026 18:04,15.125,0.001,8.01
30/04/2026 17:34,15.25,0.001,8.01
30/04/2026 17:04,15.25,0.001,8.01
30/04/2026 16:34,15.125,0.001,8.01
30/04/2026 16:04,15.25,0.001,8
30/04/2026 15:34,15.125,0.001,8
30/04/2026 15:04,15.125,0.001,8
30/04/2026 14:34,15,0.001,7.99
30/04/2026 14:04,15.125,0.001,7.99
30/04/2026 13:34,15,0.001,7.99
30/04/2026 13:04,15,0.001,7.98
30/04/2026 12:34,14.875,0.001,7.98
30/04/2026 12:34,14.875,0.001,7.98
30/04/2026 12:04,15.625,0.001,7.97
30/04/2026 11:34,14.75,0.001,7.97
30/04/2026 11:04,14.625,0.001,7.96
30/04/2026 11:04,14.625,0.001,7.96
30/04/2026 10:34,15.625,0.001,7.96
30/04/2026 10:04,15.625,0.001,7.96
30/04/2026 09:34,14.625,0.001,7.95
30/04/2026 09:04,15.5,0.001,7.95
30/04/2026 08:34,13.75,0.001,7.94
30/04/2026 08:04,14.625,0.001,7.94
30/04/2026 07:34,14.625,0.001,7.93
30/04/2026 07:04,13.75,0.001,7.93
30/04/2026 06:34,14.75,0.001,7.93
30/04/2026 06:04,14.75,0.001,7.93
30/04/2026 05:34,15.625,0.001,7.93
30/04/2026 05:04,14.5,0.001,7.93
30/04/2026 04:34,14.5,0.001,7.93
30/04/2026 04:04,14.5,0.001,7.94
30/04/2026 03:34,14.625,0.001,7.94
30/04/2026 03:04,14.5,0.001,7.94
30/04/2026 02:34,14.5,0.001,7.94
30/04/2026 02:04,14.5,0.001,7.94
30/04/2026 01:34,14.75,0.001,7.95
30/04/2026 01:04,14.5,0.001,7.95
30/04/2026 00:34,14.625,0.001,7.95
30/04/2026 00:04,14.5,0.001,7.95
29/04/2026 23:34,14.625,0.001,7.96
29/04/2026 23:04,13.75,0.001,7.96
29/04/2026 22:34,14.625,0.001,7.96
29/04/2026 22:04,14.875,0.001,7.97
29/04/2026 21:34,14.75,0.001,7.97
29/04/2026 21:04,14.75,0.001,7.97
29/04/2026 21:04,14.75,0.001,7.97
29/04/2026 20:34,14.875,0.001,7.97
29/04/2026 20:04,15,0.001,7.97
29/04/2026 19:34,15.125,0.001,7.98
29/04/2026 19:04,15.125,0.001,7.98
29/04/2026 19:04,15.125,0.001,7.98
29/04/2026 18:34,15.125,0.001,7.98
29/04/2026 18:04,15.25,0.001,7.98
29/04/2026 17:34,15.125,0.001,7.98
29/04/2026 17:04,15.375,0.001,7.98
29/04/2026 16:34,15.25,0.001,7.98
29/04/2026 16:04,15.125,0.001,7.97
29/04/2026 15:34,15.125,0.001,7.97
29/04/2026 15:04,15.125,0.001,7.96
29/04/2026 14:34,15.125,0.001,7.96
29/04/2026 14:04,15,0.001,7.95
29/04/2026 13:34,15.125,0.001,7.95
29/04/2026 13:04,15,0.001,7.94
29/04/2026 12:34,15,0.001,7.94
29/04/2026 12:04,15,0.001,7.93
29/04/2026 11:34,14.875,0.001,7.92
29/04/2026 11:04,15.625,0.001,7.92
29/04/2026 10:34,14.75,0.001,7.91
29/04/2026 10:04,13.75,0.001,7.9
29/04/2026 09:34,14.625,0.001,7.9
29/04/2026 09:04,15.625,0.001,7.89
29/04/2026 08:34,14.5,0.001,7.88
29/04/2026 08:04,14.625,0.001,7.88
29/04/2026 07:34,14.5,0.001,7.87
29/04/2026 07:04,14.625,0.001,7.87
29/04/2026 06:34,14.5,0.001,7.86
29/04/2026 06:04,14.5,0.001,7.86
29/04/2026 05:34,14.625,0.001,7.86
29/04/2026 05:04,14.5,0.001,7.86
29/04/2026 04:34,14.5,0.001,7.86
29/04/2026 04:34,14.5,0.001,7.86
29/04/2026 04:04,14.625,0.001,7.86
29/04/2026 03:34,13.75,0.001,7.85
29/04/2026 03:34,13.75,0.001,7.85
29/04/2026 03:04,14.625,0.001,7.85
29/04/2026 02:34,15.625,0.001,7.85
29/04/2026 02:04,14.875,0.001,7.85
29/04/2026 01:34,14.75,0.001,7.85
29/04/2026 01:04,14.75,0.001,7.85
29/04/2026 00:34,14.875,0.001,7.85
29/04/2026 00:04,14.875,0.001,7.85
28/04/2026 23:34,14.875,0.001,7.85
28/04/2026 23:04,15,0.001,7.85
28/04/2026 22:34,15,0.001,7.85
28/04/2026 22:04,15.125,0.001,7.85
28/04/2026 21:34,15.125,0.001,7.85
28/04/2026 21:04,15.25,0.001,7.85
28/04/2026 20:34,15.375,0.001,7.85
28/04/2026 20:04,15.375,0.001,7.85
28/04/2026 19:34,15.375,0.001,7.86
28/04/2026 19:04,15.375,0.001,7.86
28/04/2026 18:34,15.625,0.001,7.86
28/04/2026 18:04,15.375,0.001,7.86
28/04/2026 17:34,15.625,0.001,7.86
28/04/2026 17:04,15.5,0.001,7.85
28/04/2026 16:34,15.5,0.001,7.85
28/04/2026 16:04,15.375,0.001,7.84
28/04/2026 15:34,15.375,0.001,7.84
28/04/2026 15:04,15.5,0.001,7.84
28/04/2026 14:34,15.5,0.001,7.84
28/04/2026 14:04,15.5,0.001,7.85
28/04/2026 13:34,15.375,0.001,7.85
28/04/2026 13:04,15.25,0.001,7.86
28/04/2026 12:34,15.25,0.001,7.87
28/04/2026 12:04,15.25,0.001,7.87
28/04/2026 11:34,15.125,0.001,7.88
28/04/2026 11:04,15,0.001,7.88
28/04/2026 10:34,14.875,0.001,7.89
28/04/2026 10:04,14.625,0.001,7.9
28/04/2026 09:34,14.625,0.001,7.91
28/04/2026 09:04,14.625,0.001,7.91
28/04/2026 08:34,14.375,0.001,7.91
28/04/2026 08:04,14.625,0.001,7.9
28/04/2026 07:34,14.5,0.001,7.9
28/04/2026 07:34,14.5,0.001,7.9
28/04/2026 07:04,14.5,0.001,7.9
28/04/2026 06:34,14.375,0.001,7.9
28/04/2026 06:04,14.375,0.001,7.89
28/04/2026 05:34,14.5,0.001,7.89
28/04/2026 05:04,14.5,0.001,7.9
28/04/2026 04:34,14.5,0.001,7.9
28/04/2026 04:04,14.5,0.001,7.9
28/04/2026 03:34,14.625,0.001,7.9
28/04/2026 03:34,14.625,0.001,7.9
28/04/2026 03:04,14.5,0.001,7.9
28/04/2026 02:34,13.75,0.001,7.9
28/04/2026 02:34,13.75,0.001,7.9
28/04/2026 02:04,15.625,0.001,7.9
28/04/2026 01:34,13.75,0.001,7.9
28/04/2026 01:04,14.75,0.001,7.9
28/04/2026 00:34,14.75,0.001,7.9
28/04/2026 00:04,14.875,0.001,7.9
27/04/2026 23:34,14.875,0.001,7.91
27/04/2026 23:04,14.875,0.001,7.91
27/04/2026 22:34,14.875,0.001,7.91
27/04/2026 22:04,15,0.001,7.91
27/04/2026 21:34,15.125,0.001,7.91
27/04/2026 21:04,15,0.001,7.91
27/04/2026 20:34,15.25,0.001,7.91
27/04/2026 20:04,15.25,0.001,7.91
27/04/2026 19:34,15.375,0.001,7.92
27/04/2026 19:04,15.25,0.001,7.92
27/04/2026 18:34,15.375,0.001,7.93
27/04/2026 18:04,15.5,0.001,7.93
27/04/2026 17:34,15.5,0.001,7.93
27/04/2026 17:04,15.25,0.001,7.94
27/04/2026 16:34,15.375,0.001,7.94
27/04/2026 16:04,15.375,0.001,7.95
27/04/2026 15:34,15.25,0.001,7.95
27/04/2026 15:04,15.25,0.001,7.95
27/04/2026 14:34,15.25,0.001,7.95
27/04/2026 14:04,15.125,0.001,7.96
27/04/2026 13:34,15.25,0.001,7.97
27/04/2026 13:04,15,0.001,7.97
27/04/2026 12:34,14.875,0.001,7.97
27/04/2026 12:04,14.875,0.001,7.98
27/04/2026 11:34,15.625,0.001,7.98
27/04/2026 11:04,13.75,0.001,7.98
27/04/2026 10:34,14.625,0.001,7.98
27/04/2026 10:04,14.5,0.001,7.98
27/04/2026 09:34,14.375,0.001,7.98
27/04/2026 09:04,14.5,0.001,7.98
27/04/2026 08:34,14.375,0.001,7.98
27/04/2026 08:34,14.375,0.001,7.98
27/04/2026 08:04,14.25,0.001,7.98
27/04/2026 07:34,14.375,0.001,7.97
27/04/2026 07:04,14.375,0.001,7.97
27/04/2026 06:34,14.375,0.001,7.97
27/04/2026 06:04,14.25,0.001,7.97
27/04/2026 05:34,14.125,0.001,7.97
27/04/2026 05:04,14.375,0.001,7.98
27/04/2026 04:34,14.375,0.001,7.98
27/04/2026 04:04,14.5,0.001,7.98
27/04/2026 03:34,14.375,0.001,7.98
27/04/2026 03:04,14.5,0.001,7.99
27/04/2026 02:34,14.5,0.001,7.99
27/04/2026 02:04,14.375,0.001,7.99
27/04/2026 01:34,14.5,0.001,7.99
27/04/2026 01:04,14.5,0.001,7.99
27/04/2026 00:34,14.625,0.001,8
27/04/2026 00:04,14.5,0.001,8
26/04/2026 23:34,14.625,0.001,8
26/04/2026 23:04,14.625,0.001,8
26/04/2026 22:34,14.625,0.001,8
26/04/2026 22:04,14.625,0.001,8.01
26/04/2026 21:34,15.625,0.001,8.01
26/04/2026 21:04,14.875,0.001,8.01
26/04/2026 20:34,14.75,0.001,8.02
26/04/2026 20:34,14.75,0.001,8.02
26/04/2026 20:04,14.875,0.001,8.02
26/04/2026 19:34,15.125,0.001,8.02
26/04/2026 19:04,15,0.001,8.03
26/04/2026 18:34,15.125,0.001,8.03
26/04/2026 18:04,15.125,0.001,8.03
26/04/2026 17:34,15.125,0.001,8.03
26/04/2026 17:04,15.125,0.001,8.03
26/04/2026 16:34,14.875,0.001,8.03
26/04/2026 16:04,15,0.001,8.03
26/04/2026 15:34,15.125,0.001,8.02
26/04/2026 15:04,15.125,0.001,8.02
26/04/2026 14:34,15,0.001,8.02
26/04/2026 14:04,14.875,0.001,8.01
26/04/2026 13:34,14.75,0.001,8.01
26/04/2026 13:04,14.75,0.001,8.01
26/04/2026 12:34,15.625,0.001,8.01
26/04/2026 12:04,14.75,0.001,8
26/04/2026 11:34,14.625,0.001,8
26/04/2026 11:04,15.625,0.001,7.99
26/04/2026 10:34,14.625,0.001,7.99
26/04/2026 10:04,14.5,0.001,7.98
26/04/2026 09:34,14.5,0.001,7.98
26/04/2026 09:04,14.625,0.001,7.98
26/04/2026 08:34,14.5,0.001,7.97
26/04/2026 08:04,14.5,0.001,7.97
26/04/2026 07:34,14.5,0.001,7.97
26/04/2026 07:04,14.375,0.001,7.97
26/04/2026 06:34,14.375,0.001,7.96
26/04/2026 06:04,14.375,0.001,7.97
26/04/2026 06:04,14.375,0.001,7.97
26/04/2026 05:34,14.375,0.001,7.97
26/04/2026 05:04,14.5,0.001,7.97
26/04/2026 04:34,14.5,0.001,7.97
26/04/2026 04:04,14.625,0.001,7.98
26/04/2026 03:34,14.5,0.001,7.98
26/04/2026 03:04,14.375,0.001,7.98
26/04/2026 02:34,14.625,0.001,7.98
26/04/2026 02:04,14.5,0.001,7.99
26/04/2026 01:34,14.5,0.001,7.98
26/04/2026 01:04,14.5,0.001,7.99
26/04/2026 00:34,14.625,0.001,7.99
26/04/2026 00:04,14.625,0.001,7.99
26/04/2026 00:04,14.625,0.001,7.99
25/04/2026 23:34,14.625,0.001,8
25/04/2026 23:04,14.75,0.001,8
25/04/2026 22:34,14.75,0.001,8
25/04/2026 22:04,13.875,0.001,8
25/04/2026 21:34,14.875,0.001,8
25/04/2026 21:04,15,0.001,8
25/04/2026 20:34,15,0.001,8.01
25/04/2026 20:04,15.125,0.001,8.01
25/04/2026 19:34,15,0.001,8.01
25/04/2026 19:04,15.125,0.001,8.02
25/04/2026 18:34,15.25,0.001,8.02
25/04/2026 18:04,15.125,0.001,8.02
25/04/2026 17:34,15.125,0.001,8.02
25/04/2026 17:04,15.125,0.001,8.02
25/04/2026 16:34,15.125,0.001,8.02
25/04/2026 16:04,15.125,0.001,8.01
25/04/2026 15:34,15.125,0.001,8.01
25/04/2026 15:04,15,0.001,8.01
25/04/2026 14:34,14.875,0.001,8
25/04/2026 14:04,14.875,0.001,8
25/04/2026 13:34,14.875,0.001,8
25/04/2026 13:04,14.875,0.001,7.99
25/04/2026 12:34,14.75,0.001,7.99
25/04/2026 12:04,14.75,0.001,7.99
25/04/2026 11:34,14.625,0.001,7.98
25/04/2026 11:04,14.625,0.001,7.98
25/04/2026 10:34,14.625,0.001,7.98
25/04/2026 10:04,14.625,0.001,7.97
25/04/2026 09:34,14.5,0.001,7.97
25/04/2026 09:04,14.5,0.001,7.96
25/04/2026 09:04,14.5,0.001,7.96
25/04/2026 08:34,14.5,0.001,7.96
25/04/2026 08:04,14.5,0.001,7.96
25/04/2026 07:34,14.625,0.001,7.95
25/04/2026 07:04,14.5,0.001,7.95
25/04/2026 06:34,14.25,0.001,7.95
25/04/2026 06:04,14.5,0.001,7.95
25/04/2026 05:34,14.5,0.001,7.95
25/04/2026 05:04,14.5,0.001,7.95
25/04/2026 04:34,14.5,0.001,7.96
25/04/2026 04:04,14.375,0.001,7.96
25/04/2026 03:34,14.375,0.001,7.96
25/04/2026 03:04,14.5,0.001,7.96
25/04/2026 02:34,14.375,0.001,7.97
25/04/2026 02:04,14.5,0.001,7.97
25/04/2026 01:34,14.375,0.001,7.97
25/04/2026 01:04,14.25,0.001,7.97
25/04/2026 00:34,14.375,0.001,7.97
25/04/2026 00:04,14.375,0.001,7.98
24/04/2026 23:34,14.375,0.001,7.98
24/04/2026 23:04,14.375,0.001,7.98
24/04/2026 22:34,14.5,0.001,7.98
24/04/2026 22:04,14.375,0.001,7.99
24/04/2026 21:34,14.5,0.001,7.99
24/04/2026 21:04,14.5,0.001,7.99
24/04/2026 20:34,14.5,0.001,7.99
24/04/2026 20:04,14.375,0.001,8
24/04/2026 19:34,14.5,0.001,8
24/04/2026 19:04,14.5,0.001,8
24/04/2026 18:34,14.625,0.001,8
24/04/2026 18:04,14.625,0.001,8.01
24/04/2026 18:04,14.625,0.001,8.01
24/04/2026 17:34,15.625,0.001,8.01
24/04/2026 17:04,14.625,0.001,8.01
24/04/2026 16:34,14.75,0.001,8.01
24/04/2026 16:04,13.75,0.001,8.01
24/04/2026 15:34,14.75,0.001,8.01
24/04/2026 15:04,14.75,0.001,8
24/04/2026 14:34,14.75,0.001,8
24/04/2026 14:04,14.75,0.001,8
24/04/2026 13:34,14.75,0.001,8
24/04/2026 13:04,15.625,0.001,8
24/04/2026 12:34,13.75,0.001,8
24/04/2026 12:04,14.625,0.001,8
24/04/2026 12:04,14.625,0.001,8
24/04/2026 11:34,14.625,0.001,7.99
24/04/2026 11:04,15.625,0.001,7.99
24/04/2026 10:34,14.5,0.001,7.98
24/04/2026 10:04,14.5,0.001,7.98
24/04/2026 09:34,14.5,0.001,7.97
24/04/2026 09:04,14.625,0.001,7.97
24/04/2026 08:34,14.375,0.001,7.97
24/04/2026 08:34,14.375,0.001,7.97
24/04/2026 08:04,14.5,0.001,7.96
24/04/2026 07:34,14.5,0.001,7.96
24/04/2026 07:04,14.5,0.001,7.96
24/04/2026 06:34,14.375,0.001,7.96
24/04/2026 06:04,14.375,0.001,7.96
24/04/2026 05:34,14.375,0.001,7.96
24/04/2026 05:04,14.375,0.001,7.96
24/04/2026 04:34,14.25,0.001,7.96
24/04/2026 04:04,14.5,0.001,7.97
24/04/2026 03:34,14.5,0.001,7.97
24/04/2026 03:04,14.375,0.001,7.97
24/04/2026 02:34,14.5,0.001,7.98
24/04/2026 02:34,14.5,0.001,7.98
24/04/2026 02:04,14.625,0.001,7.98
24/04/2026 01:34,14.625,0.001,7.98
24/04/2026 01:04,14.5,0.001,7.98
24/04/2026 00:34,14.625,0.001,7.99
24/04/2026 00:04,14.75,0.001,7.99
23/04/2026 23:34,14.75,0.001,7.99
23/04/2026 23:04,14.75,0.001,7.99
23/04/2026 22:34,14.75,0.001,8
23/04/2026 22:04,14.75,0.001,8
23/04/2026 21:34,15,0.001,8
23/04/2026 21:04,15.125,0.001,8.01
23/04/2026 20:34,15.125,0.001,8.01
23/04/2026 20:04,15,0.001,8.01
23/04/2026 19:34,15.25,0.001,8.02
23/04/2026 19:34,15.25,0.001,8.02
23/04/2026 19:04,15.125,0.001,8.02
23/04/2026 18:34,15.25,0.001,8.02
23/04/2026 18:04,15.375,0.001,8.03
23/04/2026 17:34,15.25,0.001,8.03
23/04/2026 17:04,15.375,0.001,8.02
23/04/2026 16:34,15.25,0.001,8.02
23/04/2026 16:04,15.125,0.001,8.02
23/04/2026 15:34,15.25,0.001,8.02
23/04/2026 15:04,15.25,0.001,8.01
23/04/2026 14:34,15.125,0.001,8.01
23/04/2026 14:04,15.125,0.001,8
23/04/2026 14:04,15.125,0.001,8
23/04/2026 13:34,15.125,0.001,8
23/04/2026 13:04,15,0.001,8
23/04/2026 12:34,15,0.001,7.99
23/04/2026 12:04,14.875,0.001,7.99
23/04/2026 11:34,14.75,0.001,7.99
23/04/2026 11:04,13.75,0.001,7.98
23/04/2026 10:34,13.75,0.001,7.98
23/04/2026 10:04,14.625,0.001,7.97
23/04/2026 09:34,14.75,0.001,7.97
23/04/2026 09:04,15.625,0.001,7.97
23/04/2026 08:34,14.625,0.001,7.96
23/04/2026 08:04,15.625,0.001,7.96
23/04/2026 07:34,13.75,0.001,7.96
23/04/2026 07:04,14.5,0.001,7.95
23/04/2026 06:34,14.5,0.001,7.96
23/04/2026 06:04,14.5,0.001,7.96
23/04/2026 06:04,14.5,0.001,7.96
23/04/2026 05:34,14.625,0.001,7.96
23/04/2026 05:04,15.625,0.001,7.96
23/04/2026 04:34,15.625,0.001,7.96
23/04/2026 04:04,14.625,0.001,7.96
23/04/2026 03:34,15.625,0.001,7.97
23/04/2026 03:04,14.625,0.001,7.97
23/04/2026 02:34,13.75,0.001,7.97
23/04/2026 02:04,13.75,0.001,7.97
23/04/2026 01:34,14.75,0.001,7.98
23/04/2026 01:04,14.875,0.001,7.98
23/04/2026 00:34,14.875,0.001,7.98
23/04/2026 00:04,14.875,0.001,7.98
22/04/2026 23:34,15,0.001,7.99
22/04/2026 23:04,14.875,0.001,7.99
22/04/2026 22:34,14.875,0.001,7.99
22/04/2026 22:04,15,0.001,8
22/04/2026 21:34,15.125,0.001,8
22/04/2026 21:04,15.125,0.001,8.01
22/04/2026 20:34,15.25,0.001,8.01
22/04/2026 20:04,15.375,0.001,8.01
22/04/2026 19:34,15.25,0.001,8.02
22/04/2026 19:04,15.5,0.001,8.02
22/04/2026 18:34,15.375,0.001,8.02
22/04/2026 18:04,15.5,0.001,8.02
22/04/2026 17:34,15.5,0.001,8.02
22/04/2026 17:04,15.5,0.001,8.02
22/04/2026 16:34,15.375,0.001,8.02
22/04/2026 16:04,15.25,0.001,8.01
22/04/2026 15:34,15.375,0.001,8.01
22/04/2026 15:04,15.125,0.001,8
22/04/2026 14:34,15.125,0.001,8
22/04/2026 14:04,15.25,0.001,7.99
22/04/2026 13:34,15,0.001,7.99
22/04/2026 13:04,15.125,0.001,7.99
22/04/2026 12:34,14.875,0.001,7.98
22/04/2026 12:04,14.875,0.001,7.98
22/04/2026 11:34,14.75,0.001,7.98
22/04/2026 11:04,14.75,0.001,7.97
22/04/2026 10:34,13.75,0.001,7.97
22/04/2026 10:04,14.625,0.001,7.97
22/04/2026 09:34,15.625,0.001,7.96
22/04/2026 09:04,14.625,0.001,7.96
22/04/2026 08:34,14.75,0.001,7.95
22/04/2026 08:04,14.625,0.001,7.95
22/04/2026 07:34,14.5,0.001,7.95
22/04/2026 07:04,14.625,0.001,7.94
22/04/2026 06:34,14.5,0.001,7.94
22/04/2026 06:04,14.625,0.001,7.95
22/04/2026 05:34,14.625,0.001,7.95
22/04/2026 05:04,14.5,0.001,7.95
22/04/2026 04:34,14.625,0.001,7.95
22/04/2026 04:04,14.625,0.001,7.96
22/04/2026 04:04,14.625,0.001,7.96
22/04/2026 03:34,14.5,0.001,7.96
22/04/2026 03:04,14.5,0.001,7.96
22/04/2026 02:34,14.625,0.001,7.96
22/04/2026 02:04,15.625,0.001,7.96
22/04/2026 01:34,14.5,0.001,7.97
22/04/2026 01:04,13.75,0.001,7.97
22/04/2026 00:34,14.75,0.001,7.97
22/04/2026 00:04,14.75,0.001,7.97
21/04/2026 23:34,14.875,0.001,7.98
21/04/2026 23:04,14.875,0.001,7.98
21/04/2026 22:34,14.875,0.001,7.98
21/04/2026 22:04,14.875,0.001,7.99
21/04/2026 21:34,14.875,0.001,7.99
21/04/2026 21:04,15,0.001,7.99
21/04/2026 20:34,15,0.001,7.99
21/04/2026 20:04,15.125,0.001,8
21/04/2026 19:34,15.125,0.001,8
21/04/2026 19:04,15.125,0.001,8.01
21/04/2026 18:34,15.375,0.001,8.01
21/04/2026 18:04,15.375,0.001,8.01
21/04/2026 17:34,15.375,0.001,8.01
21/04/2026 17:04,15.375,0.001,8.01
21/04/2026 16:34,15.25,0.001,8.01
21/04/2026 16:04,15.25,0.001,8
21/04/2026 15:34,15.125,0.001,8
21/04/2026 15:04,15.125,0.001,8
21/04/2026 14:34,15.125,0.001,7.99
21/04/2026 14:04,15.125,0.001,7.99
21/04/2026 13:34,15,0.001,7.98
21/04/2026 13:04,15,0.001,7.98
21/04/2026 12:34,14.875,0.001,7.98
21/04/2026 12:04,14.875,0.001,7.97
21/04/2026 11:34,14.75,0.001,7.97
21/04/2026 11:34,14.75,0.001,7.97
21/04/2026 11:04,14.875,0.001,7.97
21/04/2026 10:34,14.75,0.001,7.96
21/04/2026 10:04,14.75,0.001,7.96
21/04/2026 09:34,15.625,0.001,7.95
21/04/2026 09:04,14.625,0.001,7.95
21/04/2026 08:34,15.5,0.001,7.95
21/04/2026 08:04,14.625,0.001,7.94
21/04/2026 07:34,14.625,0.001,7.94
21/04/2026 07:04,14.5,0.001,7.94
21/04/2026 06:34,14.625,0.001,7.94
21/04/2026 06:04,14.625,0.001,7.94
21/04/2026 05:34,14.5,0.001,7.94
21/04/2026 05:34,14.5,0.001,7.94
21/04/2026 05:04,14.5,0.001,7.95
21/04/2026 04:34,14.625,0.001,7.95
21/04/2026 04:04,14.625,0.001,7.95
21/04/2026 03:34,14.5,0.001,7.95
21/04/2026 03:04,14.5,0.001,7.95
21/04/2026 02:34,14.5,0.001,7.96
21/04/2026 02:04,14.625,0.001,7.96
21/04/2026 01:34,14.625,0.001,7.96
21/04/2026 01:04,14.625,0.001,7.96
21/04/2026 00:34,14.625,0.001,7.96
21/04/2026 00:04,14.75,0.001,7.97
20/04/2026 23:34,15.5,0.001,7.97
20/04/2026 23:04,14.75,0.001,7.97
20/04/2026 22:34,14.75,0.001,7.98
20/04/2026 22:04,14.75,0.001,7.98
20/04/2026 21:34,14.875,0.001,7.98
20/04/2026 21:04,14.875,0.001,7.98
20/04/2026 20:34,15,0.001,7.99
20/04/2026 20:04,15,0.001,7.99
20/04/2026 19:34,15,0.001,7.99
20/04/2026 19:04,15.125,0.001,8
20/04/2026 18:34,15.125,0.001,8
20/04/2026 18:04,15.125,0.001,8
20/04/2026 17:34,15.375,0.001,8
20/04/2026 17:04,15.25,0.001,8
20/04/2026 17:04,15.25,0.001,8
20/04/2026 16:34,15.125,0.001,8
20/04/2026 16:04,15.125,0.001,8
20/04/2026 15:34,15.125,0.001,8
20/04/2026 15:04,15.125,0.001,8
20/04/2026 14:34,15.25,0.001,8
20/04/2026 14:04,15,0.001,8
20/04/2026 13:34,15,0.001,8
20/04/2026 13:04,15,0.001,7.99
20/04/2026 12:34,14.875,0.001,7.99
20/04/2026 12:04,14.875,0.001,7.99
20/04/2026 11:34,14.875,0.001,7.98
20/04/2026 11:04,14.75,0.001,7.98
20/04/2026 10:34,15.625,0.001,7.98
20/04/2026 10:04,15.625,0.001,7.97
20/04/2026 09:34,14.75,0.001,7.97
20/04/2026 09:04,14.625,0.001,7.97
20/04/2026 08:34,13.75,0.001,7.96
20/04/2026 08:04,15.5,0.001,7.96
20/04/2026 07:34,14.625,0.001,7.95
20/04/2026 07:04,14.625,0.001,7.95
20/04/2026 07:04,14.625,0.001,7.95
20/04/2026 06:34,14.625,0.001,7.95
20/04/2026 06:04,14.625,0.001,7.95
20/04/2026 05:34,14.5,0.001,7.96
20/04/2026 05:04,14.625,0.001,7.96
20/04/2026 04:34,14.5,0.001,7.96
20/04/2026 04:04,14.5,0.001,7.97
20/04/2026 03:34,14.5,0.001,7.97
20/04/2026 03:04,14.5,0.001,7.97
20/04/2026 02:34,14.5,0.001,7.97
20/04/2026 02:04,14.5,0.001,7.98
20/04/2026 01:34,13.75,0.001,7.98
20/04/2026 01:04,14.625,0.001,7.98
20/04/2026 00:34,14.5,0.001,7.98
20/04/2026 00:04,14.625,0.001,7.99
19/04/2026 23:34,14.625,0.001,7.99
19/04/2026 23:04,14.625,0.001,7.99
19/04/2026 22:34,14.75,0.001,8
19/04/2026 22:04,14.875,0.001,8
19/04/2026 21:34,14.875,0.001,8
19/04/2026 21:04,14.875,0.001,8.01
19/04/2026 20:34,14.875,0.001,8.01
19/04/2026 20:04,15,0.001,8.01
19/04/2026 19:34,15,0.001,8.01
19/04/2026 19:04,14.875,0.001,8.02
19/04/2026 18:34,15.125,0.001,8.02
19/04/2026 18:04,15,0.001,8.02
19/04/2026 17:34,15.125,0.001,8.02
19/04/2026 17:04,15,0.001,8.02
19/04/2026 16:34,15.125,0.001,8.02
19/04/2026 16:04,15.125,0.001,8.01
19/04/2026 15:34,15.125,0.001,8.01
19/04/2026 15:04,15.25,0.001,8.01
19/04/2026 14:34,15.125,0.001,8.01
19/04/2026 14:04,15.25,0.001,8
19/04/2026 13:34,15.125,0.001,8
19/04/2026 13:04,15,0.001,8
19/04/2026 12:34,15,0.001,7.99
19/04/2026 12:04,14.75,0.001,7.99
19/04/2026 11:34,14.75,0.001,7.98
19/04/2026 11:04,15.625,0.001,7.98
19/04/2026 10:34,14.75,0.001,7.98
19/04/2026 10:04,14.75,0.001,7.97
19/04/2026 09:34,14.625,0.001,7.97
19/04/2026 09:04,14.625,0.001,7.97
19/04/2026 08:34,14.5,0.001,7.96
19/04/2026 08:04,14.625,0.001,7.96
19/04/2026 07:34,14.5,0.001,7.96
19/04/2026 07:04,14.5,0.001,7.96
19/04/2026 06:34,14.5,0.001,7.96
19/04/2026 06:04,14.5,0.001,7.96
19/04/2026 05:34,14.5,0.001,7.96
19/04/2026 05:04,14.5,0.001,7.96
19/04/2026 04:34,14.625,0.001,7.97
19/04/2026 04:04,14.5,0.001,7.97
19/04/2026 03:34,14.625,0.001,7.97
19/04/2026 03:04,14.5,0.001,7.98
19/04/2026 02:34,13.75,0.001,7.98
19/04/2026 02:04,14.625,0.001,7.98
19/04/2026 01:34,14.625,0.001,7.98
19/04/2026 01:04,14.75,0.001,7.99
19/04/2026 00:34,14.75,0.001,7.99
19/04/2026 00:04,13.75,0.001,7.99
18/04/2026 23:34,14.875,0.001,7.99
18/04/2026 23:04,14.875,0.001,8
18/04/2026 22:34,14.875,0.001,8
18/04/2026 22:04,14.875,0.001,8
18/04/2026 22:04,14.875,0.001,8
18/04/2026 21:34,15,0.001,8.01
18/04/2026 21:04,14.875,0.001,8.01
18/04/2026 20:34,15.125,0.001,8.01
18/04/2026 20:04,15.25,0.001,8.01
18/04/2026 19:34,15.125,0.001,8.02
18/04/2026 19:04,15.25,0.001,8.02
18/04/2026 18:34,15.25,0.001,8.02
18/04/2026 18:04,15.375,0.001,8.03
18/04/2026 18:04,15.375,0.001,8.03
18/04/2026 17:34,15.375,0.001,8.03
18/04/2026 17:04,15.25,0.001,8.02
18/04/2026 16:34,15.25,0.001,8.02
18/04/2026 16:04,15.375,0.001,8.02
18/04/2026 15:34,15.25,0.001,8.02
18/04/2026 15:04,15.25,0.001,8.01
18/04/2026 14:34,15.25,0.001,8.01
18/04/2026 14:04,15,0.001,8.01
18/04/2026 13:34,15.125,0.001,8
18/04/2026 13:04,15.125,0.001,8
18/04/2026 12:34,15,0.001,8
18/04/2026 12:04,14.75,0.001,7.99
18/04/2026 11:34,15,0.001,7.99
18/04/2026 11:04,14.875,0.001,7.98
18/04/2026 11:04,14.875,0.001,7.98
18/04/2026 10:34,14.875,0.001,7.98
18/04/2026 10:04,14.875,0.001,7.98
18/04/2026 09:34,14.75,0.001,7.97
18/04/2026 09:04,14.875,0.001,7.97
18/04/2026 08:34,14.75,0.001,7.97
18/04/2026 08:04,14.875,0.001,7.97
18/04/2026 07:34,14.75,0.001,7.96
18/04/2026 07:04,14.75,0.001,7.96
18/04/2026 06:34,14.75,0.001,7.96
18/04/2026 06:04,14.75,0.001,7.96
18/04/2026 05:34,14.875,0.001,7.97
18/04/2026 05:04,14.75,0.001,7.97
18/04/2026 04:34,14.75,0.001,7.97
18/04/2026 04:04,14.75,0.001,7.97
18/04/2026 03:34,14.75,0.001,7.97
18/04/2026 03:04,14.625,0.001,7.98
18/04/2026 02:34,14.625,0.001,7.98
18/04/2026 02:04,14.75,0.001,7.98
18/04/2026 01:34,15.625,0.001,7.98
18/04/2026 01:04,14.625,0.001,7.99
18/04/2026 00:34,14.875,0.001,7.99
18/04/2026 00:04,14.875,0.001,7.99
17/04/2026 23:34,14.75,0.001,7.99
17/04/2026 23:04,15,0.001,8
17/04/2026 22:34,14.875,0.001,8
17/04/2026 22:04,14.875,0.001,8
17/04/2026 21:34,14.875,0.001,8
17/04/2026 21:04,15.125,0.001,8.01
17/04/2026 20:34,15.125,0.001,8.01
17/04/2026 20:04,15.125,0.001,8.01
17/04/2026 19:34,15.125,0.001,8.01
17/04/2026 19:34,15.125,0.001,8.01
17/04/2026 19:04,15.25,0.001,8.02
17/04/2026 18:34,15.375,0.001,8.02
17/04/2026 18:04,15.25,0.001,8.02
17/04/2026 17:34,15.125,0.001,8.02
17/04/2026 17:04,15.25,0.001,8.02
17/04/2026 16:34,15.25,0.001,8.02
17/04/2026 16:04,15.25,0.001,8.02
17/04/2026 15:34,15.125,0.001,8.01
17/04/2026 15:04,15,0.001,8.01
17/04/2026 14:34,15.125,0.001,8
17/04/2026 14:04,15.125,0.001,8
17/04/2026 13:34,15.125,0.001,8
17/04/2026 13:04,15.125,0.001,8
17/04/2026 12:34,15.125,0.001,7.99
17/04/2026 12:04,14.75,0.001,7.99
17/04/2026 11:34,14.875,0.001,7.98
17/04/2026 11:04,14.875,0.001,7.98
17/04/2026 10:34,13.75,0.001,7.98
17/04/2026 10:04,14.625,0.001,7.97
17/04/2026 09:34,14.625,0.001,7.97
17/04/2026 09:04,14.75,0.001,7.97
17/04/2026 08:34,14.625,0.001,7.96
17/04/2026 08:04,14.625,0.001,7.96
17/04/2026 08:04,14.625,0.001,7.96
17/04/2026 07:34,14.625,0.001,7.96
17/04/2026 07:04,14.625,0.001,7.96
17/04/2026 06:34,14.5,0.001,7.96
17/04/2026 06:04,14.5,0.001,7.95
17/04/2026 05:34,14.625,0.001,7.96
17/04/2026 05:04,14.5,0.001,7.96
17/04/2026 04:34,14.5,0.001,7.96
17/04/2026 04:04,14.5,0.001,7.96
17/04/2026 03:34,14.5,0.001,7.97
17/04/2026 03:04,14.625,0.001,7.97
17/04/2026 02:34,14.5,0.001,7.97
17/04/2026 02:04,14.625,0.001,7.98
17/04/2026 01:34,14.625,0.001,7.98
17/04/2026 01:04,14.5,0.001,7.98
17/04/2026 00:34,15.625,0.001,7.98
17/04/2026 00:04,14.625,0.001,7.99
17/04/2026 00:04,14.625,0.001,7.99
16/04/2026 23:34,14.625,0.001,7.99
16/04/2026 23:04,14.75,0.001,7.99
16/04/2026 22:34,14.75,0.001,7.99
16/04/2026 22:04,14.875,0.001,8
16/04/2026 21:34,14.75,0.001,8
16/04/2026 21:04,14.875,0.001,8
16/04/2026 20:34,15,0.001,8
16/04/2026 20:04,15,0.001,8.01
16/04/2026 19:34,15,0.001,8.01
16/04/2026 19:04,15.125,0.001,8.01
16/04/2026 18:34,15,0.001,8.02
16/04/2026 18:04,15.25,0.001,8.02
16/04/2026 17:34,15.25,0.001,8.02
16/04/2026 17:04,15,0.001,8.01
16/04/2026 16:34,15.25,0.001,8.01
16/04/2026 16:04,15.125,0.001,8.01
16/04/2026 15:34,15.125,0.001,8.01
16/04/2026 15:04,15.125,0.001,8
16/04/2026 14:34,15,0.001,8
16/04/2026 14:04,15.125,0.001,8
16/04/2026 13:34,15,0.001,8
16/04/2026 13:04,15,0.001,7.99
16/04/2026 12:34,14.875,0.001,7.99
16/04/2026 12:04,15,0.001,7.99
16/04/2026 11:34,14.875,0.001,7.98
16/04/2026 11:04,14.75,0.001,7.98
16/04/2026 10:34,14.875,0.001,7.97
16/04/2026 10:04,14.75,0.001,7.97
16/04/2026 09:34,14.75,0.001,7.97
16/04/2026 09:04,14.75,0.001,7.97
16/04/2026 08:34,14.875,0.001,7.96
16/04/2026 08:04,14.875,0.001,7.96
16/04/2026 07:34,14.875,0.001,7.96
16/04/2026 07:04,15,0.001,7.96
16/04/2026 06:34,14.875,0.001,7.96
16/04/2026 06:04,14.875,0.001,7.96
16/04/2026 05:34,14.875,0.001,7.96
16/04/2026 05:04,14.875,0.001,7.96
16/04/2026 05:04,14.875,0.001,7.96
16/04/2026 04:34,14.75,0.001,7.96
16/04/2026 04:04,13.75,0.001,7.97
16/04/2026 03:34,14.75,0.001,7.97
16/04/2026 03:04,15.625,0.001,7.97
16/04/2026 02:34,14.625,0.001,7.98
16/04/2026 02:04,14.625,0.001,7.98
16/04/2026 01:34,13.75,0.001,7.98
16/04/2026 01:04,14.75,0.001,7.98
16/04/2026 00:34,14.625,0.001,7.99
16/04/2026 00:04,14.875,0.001,7.99
15/04/2026 23:34,14.75,0.001,7.99
15/04/2026 23:04,14.75,0.001,8
15/04/2026 22:34,14.75,0.001,8
15/04/2026 22:04,14.875,0.001,8
15/04/2026 21:34,15,0.001,8
15/04/2026 21:04,14.875,0.001,8.01
15/04/2026 20:34,15,0.001,8.01
15/04/2026 20:04,15.125,0.001,8.01
15/04/2026 19:34,15.125,0.001,8.01
15/04/2026 19:04,15.125,0.001,8.02
15/04/2026 18:34,15.25,0.001,8.02
15/04/2026 18:04,15.375,0.001,8.02
15/04/2026 18:04,15.375,0.001,8.02
15/04/2026 17:34,15.375,0.001,8.02
15/04/2026 17:04,15.125,0.001,8.02
15/04/2026 16:34,15.25,0.001,8.01
15/04/2026 16:04,15.25,0.001,8.01
15/04/2026 15:34,15.125,0.001,8.01
15/04/2026 15:04,15.25,0.001,8
15/04/2026 14:34,15,0.001,8
15/04/2026 14:04,15,0.001,8
15/04/2026 14:04,15,0.001,8
15/04/2026 13:34,14.875,0.001,8
15/04/2026 13:04,15,0.001,7.99
15/04/2026 12:34,14.875,0.001,7.99
15/04/2026 12:04,14.875,0.001,7.99
15/04/2026 11:34,14.875,0.001,7.98
15/04/2026 11:04,14.75,0.001,7.98
15/04/2026 10:34,14.875,0.001,7.98
15/04/2026 10:04,14.75,0.001,7.97
15/04/2026 09:34,14.75,0.001,7.97
15/04/2026 09:04,14.75,0.001,7.97
15/04/2026 08:34,13.75,0.001,7.96
15/04/2026 08:04,14.75,0.001,7.96
15/04/2026 07:34,14.75,0.001,7.96
15/04/2026 07:04,14.75,0.001,7.96
15/04/2026 07:04,14.75,0.001,7.96
15/04/2026 06:34,15.625,0.001,7.95
15/04/2026 06:04,14.75,0.001,7.96
15/04/2026 05:34,13.75,0.001,7.96
15/04/2026 05:34,13.75,0.001,7.96
15/04/2026 05:04,14.625,0.001,7.96
15/04/2026 04:34,14.75,0.001,7.96
15/04/2026 04:04,15.625,0.001,7.97
15/04/2026 03:34,14.625,0.001,7.97
15/04/2026 03:34,14.625,0.001,7.97
15/04/2026 03:04,15.5,0.001,7.97
15/04/2026 02:34,14.625,0.001,7.97
15/04/2026 02:04,14.75,0.001,7.97
15/04/2026 01:34,14.625,0.001,7.98
15/04/2026 01:04,15.625,0.001,7.98
15/04/2026 00:34,13.75,0.001,7.98
15/04/2026 00:04,14.75,0.001,7.98
14/04/2026 23:34,14.75,0.001,7.99
14/04/2026 23:04,14.75,0.001,7.99
14/04/2026 22:34,15,0.001,7.99
14/04/2026 22:04,14.875,0.001,7.99
14/04/2026 21:34,14.875,0.001,8
14/04/2026 21:04,15,0.001,8
14/04/2026 20:34,15.125,0.001,8
14/04/2026 20:04,15.125,0.001,8
14/04/2026 19:34,15.25,0.001,8.01
14/04/2026 19:04,15.125,0.001,8.01
14/04/2026 18:34,15.25,0.001,8.01
14/04/2026 18:04,15.375,0.001,8.01
14/04/2026 17:34,15.375,0.001,8.01
14/04/2026 17:04,15.375,0.001,8.01
14/04/2026 16:34,15.25,0.001,8.01
14/04/2026 16:04,15.25,0.001,8.01
14/04/2026 15:34,15.25,0.001,8.01
14/04/2026 15:04,15.125,0.001,8.01
14/04/2026 14:34,15.125,0.001,8.01
14/04/2026 14:04,15.125,0.001,8.01
14/04/2026 13:34,15.25,0.001,8.01
14/04/2026 13:04,15,0.001,8
14/04/2026 12:34,15,0.001,8
14/04/2026 12:04,15,0.001,8
14/04/2026 12:04,15,0.001,8
14/04/2026 11:34,15,0.001,7.99
14/04/2026 11:04,14.875,0.001,7.99
14/04/2026 10:34,14.875,0.001,7.99
14/04/2026 10:04,14.875,0.001,7.98
14/04/2026 09:34,14.875,0.001,7.98
14/04/2026 09:04,14.875,0.001,7.97
14/04/2026 08:34,15,0.001,7.97
14/04/2026 08:04,15,0.001,7.97
14/04/2026 07:34,14.875,0.001,7.97
14/04/2026 07:34,14.875,0.001,7.97
14/04/2026 07:04,15,0.001,7.97
14/04/2026 06:34,15,0.001,7.97
14/04/2026 06:34,15,0.001,7.97
14/04/2026 06:04,15.125,0.001,7.97
14/04/2026 05:34,15,0.001,7.97
14/04/2026 05:04,15,0.001,7.97
14/04/2026 04:34,14.75,0.001,7.98
14/04/2026 04:04,14.75,0.001,7.98
14/04/2026 03:34,14.875,0.001,7.98
14/04/2026 03:04,14.875,0.001,7.98
14/04/2026 02:34,14.875,0.001,7.98
14/04/2026 02:04,14.75,0.001,7.99
14/04/2026 01:34,14.625,0.001,7.99
14/04/2026 01:04,14.75,0.001,7.99
14/04/2026 00:34,14.75,0.001,7.99
14/04/2026 00:04,14.75,0.001,7.99
14/04/2026 00:04,14.75,0.001,7.99
13/04/2026 23:34,14.625,0.001,7.99
13/04/2026 23:04,14.625,0.001,8
13/04/2026 22:34,14.75,0.001,8
13/04/2026 22:04,14.75,0.001,8
13/04/2026 21:34,14.625,0.001,8.01
13/04/2026 21:04,15.625,0.001,8.01
13/04/2026 20:34,14.75,0.001,8.01
13/04/2026 20:04,14.75,0.001,8.02
13/04/2026 19:34,14.75,0.001,8.02
13/04/2026 19:04,15,0.001,8.02
13/04/2026 18:34,15,0.001,8.02
13/04/2026 18:34,15,0.001,8.02
13/04/2026 18:04,15.125,0.001,8.02
13/04/2026 17:34,15.125,0.001,8.02
13/04/2026 17:04,15,0.001,8.02
13/04/2026 16:34,15,0.001,8.02
13/04/2026 16:04,15,0.001,8.02
13/04/2026 15:34,15,0.001,8.02
13/04/2026 15:04,15,0.001,8.01
13/04/2026 14:34,15,0.001,8.01
13/04/2026 14:04,14.875,0.001,8.01
13/04/2026 13:34,14.875,0.001,8
13/04/2026 13:04,14.875,0.001,8
13/04/2026 12:34,15,0.001,8
13/04/2026 12:04,14.875,0.001,7.99
13/04/2026 12:04,14.875,0.001,7.99
13/04/2026 11:34,14.875,0.001,7.99
13/04/2026 11:04,13.75,0.001,7.99
13/04/2026 10:34,14.875,0.001,7.98
13/04/2026 10:04,14.875,0.001,7.98
13/04/2026 09:34,14.875,0.001,7.98
13/04/2026 09:04,14.875,0.001,7.98
13/04/2026 08:34,15,0.001,7.97
13/04/2026 08:04,15,0.001,7.97
13/04/2026 07:34,15,0.001,7.97
13/04/2026 07:04,15,0.001,7.97
13/04/2026 06:34,15,0.001,7.97
13/04/2026 06:04,15,0.001,7.97
13/04/2026 05:34,15,0.001,7.97
13/04/2026 05:04,15,0.001,7.97
13/04/2026 04:34,14.875,0.001,7.97
13/04/2026 04:04,14.875,0.001,7.97
13/04/2026 03:34,14.875,0.001,7.98
13/04/2026 03:04,14.75,0.001,7.98
13/04/2026 02:34,15.625,0.001,7.98
13/04/2026 02:04,13.75,0.001,7.98
13/04/2026 01:34,14.625,0.001,7.98
13/04/2026 01:04,15.625,0.001,7.99
13/04/2026 00:34,14.625,0.001,7.99
13/04/2026 00:04,13.75,0.001,7.99
12/04/2026 23:34,13.75,0.001,7.99
12/04/2026 23:04,14.625,0.001,7.99
12/04/2026 22:34,14.625,0.001,8
12/04/2026 22:04,14.625,0.001,8
12/04/2026 21:34,14.75,0.001,8
12/04/2026 21:04,14.625,0.001,8.01
12/04/2026 20:34,14.5,0.001,8.01
12/04/2026 20:04,14.75,0.001,8.01
12/04/2026 19:34,14.625,0.001,8.01
12/04/2026 19:04,13.75,0.001,8.02
12/04/2026 18:34,14.75,0.001,8.02
12/04/2026 18:04,14.875,0.001,8.02
12/04/2026 17:34,14.875,0.001,8.02
12/04/2026 17:04,15,0.001,8.02
12/04/2026 16:34,14.875,0.001,8.02
12/04/2026 16:04,15,0.001,8.02
12/04/2026 15:34,14.875,0.001,8.01
12/04/2026 15:04,14.75,0.001,8.01
12/04/2026 14:34,14.875,0.001,8.01
12/04/2026 14:04,14.875,0.001,8.01
12/04/2026 13:34,15,0.001,8
12/04/2026 13:04,14.875,0.001,8
12/04/2026 12:34,14.875,0.001,7.99
12/04/2026 12:34,14.875,0.001,7.99
12/04/2026 12:04,14.875,0.001,7.99
12/04/2026 11:34,14.75,0.001,7.99
12/04/2026 11:04,14.875,0.001,7.98
12/04/2026 10:34,14.875,0.001,7.98
12/04/2026 10:04,14.75,0.001,7.97
12/04/2026 09:34,15.625,0.001,7.98
12/04/2026 09:04,14.75,0.001,7.97
12/04/2026 08:34,14.75,0.001,7.97
12/04/2026 08:04,14.75,0.001,7.97
12/04/2026 08:04,14.75,0.001,7.97
12/04/2026 07:34,14.875,0.001,7.96
12/04/2026 07:04,14.875,0.001,7.96
12/04/2026 06:34,14.75,0.001,7.96
12/04/2026 06:34,14.75,0.001,7.96
12/04/2026 06:04,14.75,0.001,7.96
12/04/2026 05:34,14.75,0.001,7.97
12/04/2026 05:04,14.75,0.001,7.97
12/04/2026 04:34,14.75,0.001,7.97
12/04/2026 04:04,14.75,0.001,7.97
12/04/2026 03:34,14.75,0.001,7.98
12/04/2026 03:04,13.75,0.001,7.98
12/04/2026 02:34,14.75,0.001,7.98
12/04/2026 02:04,14.875,0.001,7.98
12/04/2026 01:34,15.625,0.001,7.98
12/04/2026 01:04,14.875,0.001,7.99
12/04/2026 00:34,14.875,0.001,7.99
12/04/2026 00:04,14.75,0.001,7.99
11/04/2026 23:34,14.875,0.001,7.99
11/04/2026 23:34,14.875,0.001,7.99
11/04/2026 23:04,14.875,0.001,8
11/04/2026 22:34,15,0.001,8
11/04/2026 22:04,14.875,0.001,8
11/04/2026 21:34,15,0.001,8.01
11/04/2026 21:04,15.125,0.001,8.01
11/04/2026 20:34,15.125,0.001,8.01
11/04/2026 20:04,15.125,0.001,8.01
11/04/2026 19:34,15.125,0.001,8.02
11/04/2026 19:04,15.25,0.001,8.02
11/04/2026 18:34,15.375,0.001,8.02
11/04/2026 18:04,15.375,0.001,8.02
11/04/2026 17:34,15.375,0.001,8.02
11/04/2026 17:04,15.5,0.001,8.02
11/04/2026 16:34,15.375,0.001,8.02
11/04/2026 16:04,15.375,0.001,8.02
11/04/2026 15:34,15.5,0.001,8.02
11/04/2026 15:34,15.5,0.001,8.02
11/04/2026 15:04,15.25,0.001,8.01
11/04/2026 14:34,15.25,0.001,8.01
11/04/2026 14:04,15.125,0.001,8
11/04/2026 13:34,15.125,0.001,8
11/04/2026 13:04,15.125,0.001,8
11/04/2026 12:34,15,0.001,7.99
11/04/2026 12:04,14.875,0.001,7.99
11/04/2026 11:34,15,0.001,7.99
11/04/2026 11:04,14.875,0.001,7.98
11/04/2026 10:34,14.875,0.001,7.98
11/04/2026 10:04,14.75,0.001,7.97
11/04/2026 09:34,14.75,0.001,7.97
11/04/2026 09:04,14.875,0.001,7.97
11/04/2026 08:34,14.75,0.001,7.97
11/04/2026 08:04,14.75,0.001,7.96
11/04/2026 07:34,14.875,0.001,7.96
11/04/2026 07:04,14.75,0.001,7.96
11/04/2026 06:34,14.875,0.001,7.96
11/04/2026 06:04,14.75,0.001,7.96
11/04/2026 05:34,14.875,0.001,7.96
11/04/2026 05:04,14.75,0.001,7.96
11/04/2026 04:34,14.75,0.001,7.96
11/04/2026 04:04,15.625,0.001,7.97
11/04/2026 03:34,15.625,0.001,7.97
11/04/2026 03:04,14.75,0.001,7.97
11/04/2026 02:34,14.75,0.001,7.97
11/04/2026 02:04,14.625,0.001,7.98
11/04/2026 01:34,15.625,0.001,7.98
11/04/2026 01:04,14.75,0.001,7.98
11/04/2026 00:34,14.75,0.001,7.98
11/04/2026 00:04,14.75,0.001,7.98
10/04/2026 23:34,14.875,0.001,7.99
10/04/2026 23:04,14.75,0.001,7.99
10/04/2026 22:34,15,0.001,7.99
10/04/2026 22:04,15,0.001,8
10/04/2026 21:34,15,0.001,8
10/04/2026 21:04,15.125,0.001,8
10/04/2026 20:34,15,0.001,8
10/04/2026 20:04,15.125,0.001,8.01
10/04/2026 19:34,15.25,0.001,8.01
10/04/2026 19:04,15.375,0.001,8.01
10/04/2026 18:34,15.375,0.001,8.02
10/04/2026 18:04,15.375,0.001,8.02
10/04/2026 17:34,15.5,0.001,8.02
10/04/2026 17:04,15.25,0.001,8.01
10/04/2026 16:34,15.25,0.001,8.01
10/04/2026 16:04,15.375,0.001,8.01
10/04/2026 15:34,15.375,0.001,8.01
10/04/2026 15:04,15.375,0.001,8
10/04/2026 14:34,15.125,0.001,8
10/04/2026 14:04,15.125,0.001,8
10/04/2026 13:34,15.125,0.001,7.99
10/04/2026 13:04,15,0.001,7.99
10/04/2026 12:34,15.125,0.001,7.98
10/04/2026 12:04,15.125,0.001,7.98
10/04/2026 11:34,15.125,0.001,7.98
10/04/2026 11:04,15,0.001,7.97
10/04/2026 10:34,15,0.001,7.97
10/04/2026 10:04,15,0.001,7.97
10/04/2026 09:34,15,0.001,7.96
10/04/2026 09:04,15,0.001,7.96
10/04/2026 08:34,15,0.001,7.96
10/04/2026 08:04,15,0.001,7.95
10/04/2026 07:34,15.125,0.001,7.95
10/04/2026 07:04,14.875,0.001,7.95
10/04/2026 06:34,15.125,0.001,7.95
10/04/2026 06:04,15.125,0.001,7.95
10/04/2026 05:34,15.125,0.001,7.95
10/04/2026 05:04,15.125,0.001,7.96
10/04/2026 04:34,15.125,0.001,7.96
10/04/2026 04:04,15,0.001,7.96
10/04/2026 03:34,15.125,0.001,7.96
10/04/2026 03:04,15,0.001,7.96
10/04/2026 02:34,14.875,0.001,7.97
10/04/2026 02:04,14.875,0.001,7.97
10/04/2026 01:34,14.875,0.001,7.97
10/04/2026 01:04,15.125,0.001,7.97
10/04/2026 00:34,14.875,0.001,7.97
10/04/2026 00:04,15,0.001,7.98
09/04/2026 23:34,15.125,0.001,7.98
09/04/2026 23:04,15,0.001,7.98
09/04/2026 22:34,15,0.001,7.98
09/04/2026 22:04,15,0.001,7.99
09/04/2026 21:34,15,0.001,7.99
09/04/2026 21:04,15.125,0.001,7.99
09/04/2026 20:34,15.125,0.001,7.99
09/04/2026 20:04,15.25,0.001,8
09/04/2026 19:34,15.375,0.001,8
09/04/2026 19:04,15.5,0.001,8
09/04/2026 18:34,15.375,0.001,8.01
09/04/2026 18:04,15.5,0.001,8.01
09/04/2026 17:34,15.5,0.001,8.01
09/04/2026 17:04,15.5,0.001,8
09/04/2026 16:34,15.5,0.001,8
09/04/2026 16:34,15.5,0.001,8
09/04/2026 16:04,15.375,0.001,8
09/04/2026 15:34,15.375,0.001,8
09/04/2026 15:04,15.25,0.001,7.99
09/04/2026 14:34,15.25,0.001,7.99
09/04/2026 14:04,15.25,0.001,7.99
09/04/2026 13:34,15.25,0.001,7.98
09/04/2026 13:04,15.25,0.001,7.98
09/04/2026 12:34,15.25,0.001,7.97
09/04/2026 12:04,15.25,0.001,7.97
09/04/2026 11:34,15.25,0.001,7.96
09/04/2026 11:04,15.125,0.001,7.96
09/04/2026 10:34,15.25,0.001,7.96
09/04/2026 10:04,15.125,0.001,7.95
09/04/2026 09:34,15.125,0.001,7.95
09/04/2026 09:04,15.125,0.001,7.94
09/04/2026 08:34,15.25,0.001,7.94
09/04/2026 08:04,15.375,0.001,7.94
09/04/2026 07:34,15.25,0.001,7.93
09/04/2026 07:04,15.375,0.001,7.93
09/04/2026 06:34,15.25,0.001,7.93
09/04/2026 06:04,15.25,0.001,7.93
09/04/2026 05:34,15.25,0.001,7.93
09/04/2026 05:04,15.25,0.001,7.94
09/04/2026 04:34,15.25,0.001,7.94
09/04/2026 04:04,15.125,0.001,7.94
09/04/2026 03:34,15.25,0.001,7.94
09/04/2026 03:04,15.25,0.001,7.94
09/04/2026 03:04,15.25,0.001,7.94
09/04/2026 02:34,15.125,0.001,7.94
09/04/2026 02:04,15.125,0.001,7.94
09/04/2026 01:34,15.125,0.001,7.95
09/04/2026 01:04,15.125,0.001,7.95
09/04/2026 00:34,15.125,0.001,7.95
09/04/2026 00:04,15.125,0.001,7.95
08/04/2026 23:34,15.125,0.001,7.95
08/04/2026 23:04,15,0.001,7.95
08/04/2026 22:34,15,0.001,7.95
08/04/2026 22:04,15,0.001,7.96
08/04/2026 21:34,14.875,0.001,7.96
08/04/2026 21:04,14.875,0.001,7.96
08/04/2026 20:34,14.875,0.001,7.96
08/04/2026 20:04,14.75,0.001,7.96
08/04/2026 19:34,14.875,0.001,7.97
08/04/2026 19:04,14.75,0.001,7.97
08/04/2026 18:34,13.75,0.001,7.97
08/04/2026 18:04,14.75,0.001,7.97
08/04/2026 17:34,14.75,0.001,7.97
08/04/2026 17:04,14.75,0.001,7.97
08/04/2026 16:34,14.875,0.001,7.96
08/04/2026 16:04,14.875,0.001,7.96
08/04/2026 15:34,14.875,0.001,7.96
08/04/2026 15:34,14.875,0.001,7.96
08/04/2026 15:04,14.875,0.001,7.95
08/04/2026 14:34,14.875,0.001,7.95
08/04/2026 14:30,14.75,0.001,7.95
08/04/2026 13:34,14.875,0.001,7.94
08/04/2026 13:04,14.875,0.001,7.94
08/04/2026 12:34,14.875,0.001,7.93
08/04/2026 12:04,15,0.001,7.93
08/04/2026 11:34,14.875,0.001,7.92
08/04/2026 11:04,15,0.001,7.92
08/04/2026 11:04,15,0.001,7.92
08/04/2026 10:34,14.875,0.001,7.92
08/04/2026 10:04,14.875,0.001,7.91
08/04/2026 09:34,15,0.001,7.91
08/04/2026 09:04,14.875,0.001,7.9
08/04/2026 08:34,15,0.001,7.9
08/04/2026 08:04,15,0.001,7.89
08/04/2026 07:34,14.875,0.001,7.89
08/04/2026 07:04,15.125,0.001,7.88
08/04/2026 06:34,15,0.001,7.88
08/04/2026 06:34,15,0.001,7.88
08/04/2026 06:04,15.25,0.001,7.88
08/04/2026 05:34,15,0.001,7.88
08/04/2026 05:04,15,0.001,7.89
08/04/2026 04:34,14.875,0.001,7.89
08/04/2026 04:04,14.875,0.001,7.89
08/04/2026 03:34,14.875,0.001,7.89
08/04/2026 03:04,15,0.001,7.89
08/04/2026 02:34,14.875,0.001,7.89
08/04/2026 02:04,14.875,0.001,7.9
08/04/2026 01:34,14.75,0.001,7.9
08/04/2026 01:04,14.875,0.001,7.9
08/04/2026 00:34,15,0.001,7.9
08/04/2026 00:04,14.875,0.001,7.91
07/04/2026 23:34,14.875,0.001,7.91
07/04/2026 23:04,14.875,0.001,7.92
07/04/2026 22:34,15,0.001,7.92
07/04/2026 22:04,15.125,0.001,7.93
07/04/2026 21:34,15.125,0.001,7.93
07/04/2026 21:04,15.125,0.001,7.94
07/04/2026 20:34,15.125,0.001,7.94
07/04/2026 20:04,15.25,0.001,7.95
07/04/2026 19:34,15.25,0.001,7.96
07/04/2026 19:04,15.5,0.001,7.97
07/04/2026 18:34,15.5,0.001,7.98
07/04/2026 18:04,15.625,0.001,7.99
07/04/2026 17:34,15.5,0.001,8
07/04/2026 17:04,15.625,0.001,8
07/04/2026 16:34,15.5,0.001,8.01
07/04/2026 16:04,15.125,0.001,8.02
07/04/2026 16:04,15.125,0.001,8.02
07/04/2026 15:34,15.125,0.001,8.02
07/04/2026 15:04,15.125,0.001,8.03
07/04/2026 14:34,15.125,0.001,8.03
07/04/2026 14:04,15,0.001,8.03
07/04/2026 13:34,14.875,0.001,8.03
07/04/2026 13:04,14.875,0.001,8.03
07/04/2026 12:34,14.875,0.001,8.02
07/04/2026 12:04,14.875,0.001,8.02
07/04/2026 11:34,14.75,0.001,8.02
07/04/2026 11:04,14.75,0.001,8.01
07/04/2026 10:34,14.625,0.001,8.01
07/04/2026 10:04,13.75,0.001,8.01
07/04/2026 09:34,13.75,0.001,8
07/04/2026 09:04,14.625,0.001,8
07/04/2026 08:34,14.5,0.001,8
07/04/2026 08:04,13.75,0.001,7.99
07/04/2026 07:34,14.625,0.001,7.99
07/04/2026 07:04,14.625,0.001,7.99
07/04/2026 06:34,14.625,0.001,7.99
07/04/2026 06:04,15.625,0.001,7.99
07/04/2026 05:34,14.625,0.001,7.99
07/04/2026 05:34,14.625,0.001,7.99
07/04/2026 05:04,14.5,0.001,7.99
07/04/2026 04:34,14.625,0.001,8
07/04/2026 04:04,14.625,0.001,8
07/04/2026 03:34,14.375,0.001,8
07/04/2026 03:04,14.625,0.001,8
07/04/2026 02:34,14.5,0.001,8.01
07/04/2026 02:04,14.625,0.001,8.01
07/04/2026 01:34,14.5,0.001,8.01
07/04/2026 01:04,14.625,0.001,8.01
07/04/2026 00:34,14.75,0.001,8.02
07/04/2026 00:04,14.75,0.001,8.02
06/04/2026 23:34,14.875,0.001,8.02
06/04/2026 23:04,14.75,0.001,8.02
06/04/2026 22:34,14.75,0.001,8.03
06/04/2026 22:04,14.75,0.001,8.03
06/04/2026 21:34,15,0.001,8.03
06/04/2026 21:04,15,0.001,8.03
06/04/2026 20:34,15,0.001,8.04
06/04/2026 20:04,15.125,0.001,8.04
06/04/2026 19:34,15.25,0.001,8.04
06/04/2026 19:04,15.125,0.001,8.05
06/04/2026 18:34,15.375,0.001,8.05
06/04/2026 18:04,15.375,0.001,8.05
06/04/2026 17:34,15.375,0.001,8.05
06/04/2026 17:04,15.375,0.001,8.05
06/04/2026 16:34,15.25,0.001,8.05
06/04/2026 16:04,15.375,0.001,8.05
06/04/2026 15:34,15.125,0.001,8.04
06/04/2026 15:34,15.125,0.001,8.04
06/04/2026 15:04,15.125,0.001,8.04
06/04/2026 14:34,15.25,0.001,8.04
06/04/2026 14:04,15.125,0.001,8.03
06/04/2026 13:34,15.125,0.001,8.03
06/04/2026 13:04,15,0.001,8.03
06/04/2026 12:34,15,0.001,8.02
06/04/2026 12:04,14.875,0.001,8.02
06/04/2026 11:34,14.875,0.001,8.02
06/04/2026 11:04,14.75,0.001,8.01
06/04/2026 10:34,14.75,0.001,8.01
06/04/2026 10:04,14.75,0.001,8.01
06/04/2026 09:34,13.75,0.001,8
06/04/2026 09:04,14.75,0.001,8
06/04/2026 08:34,14.75,0.001,8
06/04/2026 08:04,14.75,0.001,7.99
06/04/2026 07:34,14.625,0.001,7.99
06/04/2026 07:04,14.75,0.001,7.99
06/04/2026 06:34,14.75,0.001,7.99
06/04/2026 06:04,15.625,0.001,7.99
06/04/2026 05:34,13.75,0.001,7.99
06/04/2026 05:04,13.75,0.001,8
06/04/2026 04:34,14.625,0.001,8
06/04/2026 04:04,14.75,0.001,8
06/04/2026 03:34,14.5,0.001,8
06/04/2026 03:04,14.75,0.001,8.01
06/04/2026 02:34,14.75,0.001,8.01
06/04/2026 02:04,15.625,0.001,8.01
06/04/2026 01:34,13.75,0.001,8.01
06/04/2026 01:04,14.75,0.001,8.01
06/04/2026 00:34,14.75,0.001,8.02
06/04/2026 00:04,14.75,0.001,8.02
05/04/2026 23:34,14.75,0.001,8.02
05/04/2026 23:04,14.75,0.001,8.02
05/04/2026 22:34,14.875,0.001,8.03
05/04/2026 22:04,14.75,0.001,8.03
05/04/2026 21:34,14.875,0.001,8.03
05/04/2026 21:34,14.875,0.001,8.03
05/04/2026 21:04,15,0.001,8.04
05/04/2026 20:34,15,0.001,8.04
05/04/2026 20:04,15.125,0.001,8.04
05/04/2026 19:34,15.125,0.001,8.05
05/04/2026 19:34,15.125,0.001,8.05
05/04/2026 19:04,15.25,0.001,8.05
05/04/2026 18:34,15.25,0.001,8.05
05/04/2026 18:04,15.375,0.001,8.06
05/04/2026 17:34,15.25,0.001,8.05
05/04/2026 17:04,15.375,0.001,8.05
05/04/2026 16:34,15.125,0.001,8.05
05/04/2026 16:34,15.125,0.001,8.05
05/04/2026 16:04,15.25,0.001,8.05
05/04/2026 15:34,15.25,0.001,8.04
05/04/2026 15:04,15.125,0.001,8.04
05/04/2026 14:34,15.125,0.001,8.04
05/04/2026 14:04,15.25,0.001,8.03
05/04/2026 13:34,15.125,0.001,8.03
05/04/2026 13:04,15,0.001,8.03
05/04/2026 12:34,15.125,0.001,8.03
05/04/2026 12:04,15,0.001,8.02
05/04/2026 11:34,15,0.001,8.02
05/04/2026 11:04,14.875,0.001,8.02
05/04/2026 10:34,14.875,0.001,8.01
05/04/2026 10:04,15,0.001,8.01
05/04/2026 09:34,14.875,0.001,8
05/04/2026 09:04,14.875,0.001,8
05/04/2026 08:34,14.875,0.001,8
05/04/2026 08:04,14.875,0.001,8
05/04/2026 07:34,14.875,0.001,7.99
05/04/2026 07:04,14.875,0.001,7.99
05/04/2026 06:34,14.875,0.001,7.99
05/04/2026 06:04,14.875,0.001,8
05/04/2026 05:34,14.875,0.001,8
05/04/2026 05:04,14.875,0.001,8
05/04/2026 04:34,14.75,0.001,8
05/04/2026 04:04,14.875,0.001,8
05/04/2026 03:34,14.875,0.001,8
05/04/2026 03:04,14.875,0.001,8.01
05/04/2026 02:34,14.75,0.001,8.01
05/04/2026 02:04,14.75,0.001,8.01
05/04/2026 01:34,14.875,0.001,8.01
05/04/2026 01:04,14.875,0.001,8.02
05/04/2026 00:34,14.75,0.001,8.02
05/04/2026 00:04,14.75,0.001,8.02
04/04/2026 23:34,14.875,0.001,8.02
04/04/2026 23:04,14.875,0.001,8.03
04/04/2026 22:34,15,0.001,8.03
04/04/2026 22:04,15.125,0.001,8.03
04/04/2026 21:34,15,0.001,8.03
04/04/2026 21:04,15.125,0.001,8.04
04/04/2026 21:04,15.125,0.001,8.04
04/04/2026 20:34,15.125,0.001,8.04
04/04/2026 20:04,15.125,0.001,8.04
04/04/2026 19:34,15.25,0.001,8.05
04/04/2026 19:04,15.25,0.001,8.05
04/04/2026 18:34,15.375,0.001,8.05
04/04/2026 18:04,15.5,0.001,8.05
04/04/2026 17:34,15.25,0.001,8.05
04/04/2026 17:04,15.375,0.001,8.05
04/04/2026 16:34,15.375,0.001,8.05
04/04/2026 16:04,15.25,0.001,8.05
04/04/2026 15:34,15.125,0.001,8.04
04/04/2026 15:04,15.125,0.001,8.04
04/04/2026 14:34,15.125,0.001,8.04
04/04/2026 14:04,15.125,0.001,8.03
04/04/2026 13:34,15.125,0.001,8.03
04/04/2026 13:04,15,0.001,8.03
04/04/2026 12:34,14.875,0.001,8.02
04/04/2026 12:04,15,0.001,8.02
04/04/2026 11:34,14.875,0.001,8.02
04/04/2026 11:04,14.75,0.001,8.01
04/04/2026 10:34,14.875,0.001,8.01
04/04/2026 10:04,14.875,0.001,8.01
04/04/2026 09:34,14.75,0.001,8
04/04/2026 09:04,14.75,0.001,8
04/04/2026 08:34,14.75,0.001,8
04/04/2026 08:04,14.75,0.001,8
04/04/2026 07:34,14.75,0.001,7.99
04/04/2026 07:04,14.75,0.001,7.99
04/04/2026 06:34,14.875,0.001,7.99
04/04/2026 06:04,13.75,0.001,7.99
04/04/2026 05:34,14.75,0.001,7.99
04/04/2026 05:04,14.625,0.001,7.99
04/04/2026 04:34,15.625,0.001,8
04/04/2026 04:04,14.625,0.001,8
04/04/2026 03:34,14.875,0.001,8
04/04/2026 03:04,14.875,0.001,8
04/04/2026 02:34,14.625,0.001,8.01
04/04/2026 02:04,15.625,0.001,8.01
04/04/2026 01:34,15.625,0.001,8.01
04/04/2026 01:04,14.75,0.001,8.01
04/04/2026 00:34,14.75,0.001,8.01
04/04/2026 00:04,14.75,0.001,8.02
03/04/2026 23:34,14.75,0.001,8.02
03/04/2026 23:04,14.875,0.001,8.02
03/04/2026 22:34,14.875,0.001,8.03
03/04/2026 22:04,14.875,0.001,8.03
03/04/2026 21:34,15,0.001,8.03
03/04/2026 21:04,15,0.001,8.03
03/04/2026 20:34,15.125,0.001,8.04
03/04/2026 20:04,15.125,0.001,8.04
03/04/2026 19:34,15.125,0.001,8.04
03/04/2026 19:04,15.25,0.001,8.05
03/04/2026 18:34,15.375,0.001,8.05
03/04/2026 18:04,15.375,0.001,8.05
03/04/2026 17:34,15.25,0.001,8.05
03/04/2026 17:04,15.375,0.001,8.05
03/04/2026 16:34,15.25,0.001,8.05
03/04/2026 16:04,15.25,0.001,8.04
03/04/2026 15:34,15.125,0.001,8.04
03/04/2026 15:04,15.25,0.001,8.04
03/04/2026 14:34,15.125,0.001,8.04
03/04/2026 14:04,14.875,0.001,8.03
03/04/2026 13:34,15,0.001,8.03
03/04/2026 13:04,14.875,0.001,8.03
03/04/2026 12:34,15,0.001,8.02
03/04/2026 12:04,14.75,0.001,8.02
03/04/2026 11:34,14.75,0.001,8.02
03/04/2026 11:04,14.75,0.001,8.01
03/04/2026 10:34,14.75,0.001,8.01
03/04/2026 10:04,15.625,0.001,8.01
03/04/2026 09:34,14.75,0.001,8
03/04/2026 09:04,15.625,0.001,8
03/04/2026 08:34,14.75,0.001,8
03/04/2026 08:04,14.75,0.001,8
03/04/2026 07:34,14.75,0.001,8
03/04/2026 07:04,14.875,0.001,7.99
03/04/2026 06:34,14.875,0.001,7.99
03/04/2026 06:04,14.75,0.001,8
03/04/2026 05:34,15.625,0.001,8
03/04/2026 05:04,15.625,0.001,8
03/04/2026 04:34,14.625,0.001,8
03/04/2026 04:34,14.625,0.001,8
03/04/2026 04:04,14.75,0.001,8
03/04/2026 03:34,15.625,0.001,8.01
03/04/2026 03:04,14.625,0.001,8.01
03/04/2026 02:34,14.625,0.001,8.01
03/04/2026 02:04,13.75,0.001,8.01
03/04/2026 01:34,13.75,0.001,8.02
03/04/2026 01:04,14.625,0.001,8.02
03/04/2026 00:34,14.75,0.001,8.02
03/04/2026 00:04,14.75,0.001,8.03
02/04/2026 23:34,14.75,0.001,8.03
02/04/2026 23:04,14.875,0.001,8.03
02/04/2026 22:34,14.875,0.001,8.03
02/04/2026 22:04,15,0.001,8.04
02/04/2026 21:34,14.875,0.001,8.04
02/04/2026 21:04,15,0.001,8.04
02/04/2026 20:34,15.25,0.001,8.04
02/04/2026 20:04,15.25,0.001,8.05
02/04/2026 19:34,15.5,0.001,8.05
02/04/2026 19:04,15.375,0.001,8.05
02/04/2026 18:34,15.375,0.001,8.05
02/04/2026 18:04,15.375,0.001,8.06
02/04/2026 17:34,15.375,0.001,8.06
02/04/2026 17:04,15.5,0.001,8.05
02/04/2026 16:34,15.375,0.001,8.05
02/04/2026 16:04,15.375,0.001,8.05
02/04/2026 15:34,15.25,0.001,8.05
02/04/2026 15:04,15.25,0.001,8.04
02/04/2026 14:34,15.125,0.001,8.04
02/04/2026 14:04,15.125,0.001,8.04
02/04/2026 13:34,15.25,0.001,8.04
02/04/2026 13:34,15.25,0.001,8.04
02/04/2026 13:04,15.125,0.001,8.03
02/04/2026 12:34,15,0.001,8.03
02/04/2026 12:04,15,0.001,8.02
02/04/2026 11:34,15,0.001,8.02
02/04/2026 11:04,15,0.001,8.01
02/04/2026 10:34,15.125,0.001,8.01
02/04/2026 10:04,15,0.001,8.01
02/04/2026 10:04,15,0.001,8.01
02/04/2026 09:34,15,0.001,8
02/04/2026 09:04,15,0.001,8
02/04/2026 08:34,15.125,0.001,8
02/04/2026 08:30,15,0.001,8
02/04/2026 07:34,15,0.001,7.99
02/04/2026 07:04,15,0.001,7.99
02/04/2026 06:34,15.25,0.001,7.99
02/04/2026 06:04,15.125,0.001,7.99
02/04/2026 05:34,15,0.001,7.99
02/04/2026 05:04,15.125,0.001,7.99
02/04/2026 04:34,15,0.001,7.99
02/04/2026 04:04,14.875,0.001,7.99
02/04/2026 03:34,15.125,0.001,7.99
02/04/2026 03:04,15,0.001,7.99
02/04/2026 02:34,14.875,0.001,7.99
02/04/2026 02:04,15,0.001,7.99
02/04/2026 01:34,14.875,0.001,8
02/04/2026 01:04,15,0.001,8
02/04/2026 00:34,14.875,0.001,8
02/04/2026 00:04,14.75,0.001,8
01/04/2026 23:34,14.75,0.001,8
01/04/2026 23:04,15,0.001,8
01/04/2026 22:34,14.75,0.001,8
01/04/2026 22:04,14.875,0.001,8
01/04/2026 21:34,15.125,0.001,8
01/04/2026 21:04,15,0.001,8.01
01/04/2026 20:34,15.125,0.001,8.01
01/04/2026 20:04,15.125,0.001,8.02
01/04/2026 19:34,15.25,0.001,8.02
01/04/2026 19:04,15.25,0.001,8.02
01/04/2026 18:34,15.375,0.001,8.02
01/04/2026 18:04,15.375,0.001,8.02
01/04/2026 17:34,15.375,0.001,8.02
01/04/2026 17:31,15.375,0.001,8.02
01/04/2026 17:04,15.25,0.001,8.02
01/04/2026 16:34,15.375,0.001,8.02
01/04/2026 16:04,15.125,0.001,8.01
01/04/2026 16:04,15.125,0.001,8.01
01/04/2026 15:34,15.25,0.001,8.01
01/04/2026 15:04,15.125,0.001,8.01
01/04/2026 14:34,15.25,0.001,8.01
01/04/2026 14:04,15.25,0.001,8
01/04/2026 14:04,15.25,0.001,8
01/04/2026 13:34,15.25,0.001,8
01/04/2026 13:04,15,0.001,7.99
01/04/2026 12:34,15.125,0.001,7.99
01/04/2026 12:04,14.875,0.001,7.99
01/04/2026 11:34,14.875,0.001,7.98
01/04/2026 11:34,14.875,0.001,7.98
01/04/2026 11:04,14.875,0.001,7.98
01/04/2026 10:34,14.75,0.001,7.98
01/04/2026 10:04,15.125,0.001,7.97
01/04/2026 10:04,15.125,0.001,8.67
29/03/2026 11:34,15,0.001,7.96
29/03/2026 11:04,15.125,0.001,7.96
29/03/2026 10:34,15.125,0.001,7.96
29/03/2026 10:04,15,0.001,7.96
29/03/2026 09:34,15.125,0.001,7.95
29/03/2026 09:04,15.125,0.001,7.94
29/03/2026 08:34,15.25,0.001,7.94
29/03/2026 08:04,15.125,0.001,7.94
29/03/2026 07:34,15.125,0.001,7.94
29/03/2026 07:04,15.25,0.001,7.94
29/03/2026 06:34,15.25,0.001,7.94
29/03/2026 06:04,15.125,0.001,7.94
29/03/2026 05:34,15.125,0.001,7.94
29/03/2026 05:04,15.25,0.001,7.94
29/03/2026 04:34,15.125,0.001,7.95
29/03/2026 04:04,15.125,0.001,7.95
29/03/2026 03:34,15.125,0.001,7.95
29/03/2026 03:04,15.125,0.001,7.96
29/03/2026 02:34,15,0.001,7.96
29/03/2026 02:04,15,0.001,7.96
29/03/2026 00:34,15,0.001,7.96
29/03/2026 00:04,15,0.001,7.96
28/03/2026 23:34,15,0.001,7.97
28/03/2026 23:04,14.875,0.001,7.97
28/03/2026 23:04,14.875,0.001,7.97
28/03/2026 22:34,15,0.001,7.97
28/03/2026 22:04,15.125,0.001,7.98
28/03/2026 21:34,15.125,0.001,7.98
28/03/2026 21:04,15,0.001,7.98
28/03/2026 20:34,15.125,0.001,7.99
28/03/2026 20:04,15.125,0.001,7.99
28/03/2026 19:34,15.125,0.001,7.99
28/03/2026 19:04,15.125,0.001,8
28/03/2026 19:04,15.125,0.001,8
28/03/2026 18:34,15.25,0.001,8
28/03/2026 18:04,15.25,0.001,8
28/03/2026 17:34,15.5,0.001,8
28/03/2026 17:04,15.375,0.001,8
28/03/2026 16:34,15.375,0.001,7.99
28/03/2026 16:04,15.25,0.001,7.99
28/03/2026 15:34,15.25,0.001,7.99
28/03/2026 15:04,15.375,0.001,7.98
28/03/2026 14:34,15.25,0.001,7.98
28/03/2026 14:04,15.125,0.001,7.97
28/03/2026 13:34,15,0.001,7.97
28/03/2026 13:04,15.125,0.001,7.96
28/03/2026 12:34,14.875,0.001,7.96
28/03/2026 12:04,14.875,0.001,7.96
28/03/2026 11:34,15.125,0.001,7.95
28/03/2026 11:04,15,0.001,7.95
28/03/2026 10:34,15,0.001,7.94
28/03/2026 10:04,15,0.001,7.94
28/03/2026 09:34,15.125,0.001,7.94
28/03/2026 09:04,14.875,0.001,7.93
28/03/2026 08:34,14.875,0.001,7.93
28/03/2026 08:04,15.125,0.001,7.92
28/03/2026 07:34,14.875,0.001,7.92
28/03/2026 07:04,14.875,0.001,7.92
28/03/2026 06:34,15,0.001,7.92
28/03/2026 06:04,15,0.001,7.92
28/03/2026 05:34,14.875,0.001,7.92
28/03/2026 05:04,15,0.001,7.93
28/03/2026 04:34,14.875,0.001,7.93
28/03/2026 04:04,15,0.001,7.93
28/03/2026 03:34,14.875,0.001,7.93
28/03/2026 03:04,14.875,0.001,7.93
28/03/2026 02:34,14.875,0.001,7.94
28/03/2026 02:04,15,0.001,7.94
28/03/2026 01:34,14.875,0.001,7.94
28/03/2026 01:04,14.875,0.001,7.94
28/03/2026 00:34,14.875,0.001,7.94
28/03/2026 00:04,14.875,0.001,7.95
27/03/2026 23:34,14.875,0.001,7.95
27/03/2026 23:04,14.875,0.001,7.95
27/03/2026 22:34,14.75,0.001,7.95
27/03/2026 22:04,14.75,0.001,7.95
27/03/2026 22:04,14.75,0.001,7.95
27/03/2026 21:34,14.875,0.001,7.96
27/03/2026 21:04,14.75,0.001,7.96
27/03/2026 20:34,13.75,0.001,7.96
27/03/2026 20:04,14.75,0.001,7.96
27/03/2026 19:34,14.875,0.001,7.97
27/03/2026 19:04,14.75,0.001,7.97
27/03/2026 18:34,14.875,0.001,7.97
27/03/2026 18:04,14.875,0.001,7.97
27/03/2026 18:04,14.875,0.001,7.97
27/03/2026 17:34,15,0.001,7.97
27/03/2026 17:04,15,0.001,7.97
27/03/2026 17:04,15,0.001,7.97
27/03/2026 16:34,14.875,0.001,7.96
27/03/2026 16:04,15.125,0.001,7.96
27/03/2026 15:34,15,0.001,7.96
27/03/2026 15:04,15,0.001,7.95
27/03/2026 14:34,15.125,0.001,7.95
27/03/2026 14:34,15.125,0.001,7.95
27/03/2026 14:04,15.125,0.001,7.94
27/03/2026 13:34,15,0.001,7.94
27/03/2026 13:04,15,0.001,7.93
27/03/2026 12:34,15,0.001,7.93
27/03/2026 12:04,15,0.001,7.92
27/03/2026 11:34,15,0.001,7.92
27/03/2026 11:34,15,0.001,7.92
27/03/2026 11:04,15.125,0.001,7.91
27/03/2026 10:34,15.125,0.001,7.91
27/03/2026 10:04,15,0.001,7.91
27/03/2026 09:34,15.125,0.001,7.9
27/03/2026 09:04,15,0.001,7.89
27/03/2026 08:34,15.125,0.001,7.89
27/03/2026 08:04,15.125,0.001,7.89
27/03/2026 07:34,15,0.001,7.88
27/03/2026 07:04,15,0.001,7.88
27/03/2026 06:34,15.125,0.001,7.88
27/03/2026 06:04,15.125,0.001,7.88
27/03/2026 05:34,15,0.001,7.88
27/03/2026 05:04,15.125,0.001,7.88
27/03/2026 04:34,15.125,0.001,7.88
27/03/2026 04:04,15,0.001,7.88
27/03/2026 03:34,15.125,0.001,7.89
27/03/2026 03:04,14.875,0.001,7.89
27/03/2026 02:34,15,0.001,7.89
27/03/2026 02:04,15.125,0.001,7.89
27/03/2026 01:34,15.125,0.001,7.89
27/03/2026 01:04,15.125,0.001,7.89
27/03/2026 00:34,15,0.001,7.9
27/03/2026 00:04,15,0.001,7.9
26/03/2026 23:34,15.125,0.001,7.9
26/03/2026 23:04,15,0.001,7.9
26/03/2026 22:34,15.125,0.001,7.9
26/03/2026 22:04,15.25,0.001,7.9
26/03/2026 22:04,15.25,0.001,7.9
26/03/2026 21:34,15.125,0.001,7.91
26/03/2026 21:04,15,0.001,7.91
26/03/2026 20:34,15.125,0.001,7.91
26/03/2026 20:04,15.375,0.001,7.91
26/03/2026 19:34,15.375,0.001,7.92
26/03/2026 19:04,15.375,0.001,7.92
26/03/2026 18:34,15.375,0.001,7.92
26/03/2026 18:04,15.5,0.001,7.92
26/03/2026 17:34,15.5,0.001,7.92
26/03/2026 17:04,15.5,0.001,7.92
26/03/2026 16:34,15.625,0.001,7.92
26/03/2026 16:04,15.5,0.001,7.91
26/03/2026 16:04,15.5,0.001,7.91
26/03/2026 15:34,15.5,0.001,7.91
26/03/2026 15:04,15.375,0.001,7.91
26/03/2026 14:34,15.375,0.001,7.9
26/03/2026 14:04,15.375,0.001,7.9
26/03/2026 13:34,15.375,0.001,7.9
26/03/2026 13:04,15.375,0.001,7.9
26/03/2026 13:00,15.25,0.001,7.91
26/03/2026 12:04,15.25,0.001,7.92
26/03/2026 11:34,15.375,0.001,7.92
26/03/2026 11:04,15.375,0.001,7.94
26/03/2026 10:34,15.25,0.001,7.95
26/03/2026 10:04,15.375,0.001,7.96
26/03/2026 09:34,15,0.001,7.95
26/03/2026 09:04,14.875,0.001,7.95
26/03/2026 08:34,14.875,0.001,7.94
26/03/2026 08:04,15,0.001,7.94
26/03/2026 07:34,15,0.001,7.94
26/03/2026 07:34,15,0.001,7.94
26/03/2026 07:04,15.125,0.001,7.93
26/03/2026 06:34,15.125,0.001,7.93
26/03/2026 06:04,15,0.001,7.94
26/03/2026 05:34,15,0.001,7.94
26/03/2026 05:34,15,0.001,7.94
26/03/2026 05:04,14.875,0.001,7.94
26/03/2026 04:34,14.875,0.001,7.94
26/03/2026 04:04,15,0.001,7.94
26/03/2026 03:34,15.125,0.001,7.95
26/03/2026 03:04,15.125,0.001,7.95
26/03/2026 02:34,15,0.001,7.95
26/03/2026 02:04,14.875,0.001,7.95
26/03/2026 02:04,14.875,0.001,7.95
26/03/2026 01:34,15,0.001,7.95
26/03/2026 01:04,15,0.001,7.95
26/03/2026 00:34,14.875,0.001,7.96
26/03/2026 00:04,15,0.001,7.96
25/03/2026 23:34,15,0.001,7.96
25/03/2026 23:04,14.875,0.001,7.97
25/03/2026 22:34,14.875,0.001,7.97
25/03/2026 22:04,15,0.001,7.97
25/03/2026 21:34,15.125,0.001,7.97
25/03/2026 21:34,15.125,0.001,7.97
25/03/2026 21:04,15,0.001,7.98
25/03/2026 20:34,14.875,0.001,7.98
25/03/2026 20:04,15,0.001,7.98
25/03/2026 19:34,15,0.001,7.98
25/03/2026 19:34,15,0.001,7.98
25/03/2026 19:04,15.125,0.001,7.99
25/03/2026 18:34,15.125,0.001,7.99
25/03/2026 18:04,15.125,0.001,7.99
25/03/2026 17:34,15.25,0.001,8
25/03/2026 17:04,15.25,0.001,7.99
25/03/2026 16:34,15.25,0.001,7.99
25/03/2026 16:04,15.125,0.001,7.99
25/03/2026 15:34,15.25,0.001,7.99
25/03/2026 15:04,15.25,0.001,7.98
25/03/2026 14:34,15.125,0.001,7.98
25/03/2026 14:04,15.125,0.001,7.98
25/03/2026 13:34,15.125,0.001,7.97
25/03/2026 13:04,15,0.001,7.97
25/03/2026 12:34,15.125,0.001,7.97
25/03/2026 12:34,15.125,0.001,7.97
25/03/2026 12:04,15,0.001,7.97
25/03/2026 11:34,15,0.001,7.97
25/03/2026 11:04,15,0.001,7.96
25/03/2026 10:34,15.125,0.001,7.96
25/03/2026 10:04,15,0.001,7.95
25/03/2026 09:34,15.125,0.001,7.95
25/03/2026 09:04,15,0.001,7.94
25/03/2026 08:34,15,0.001,7.94
25/03/2026 08:04,15.25,0.001,7.93
25/03/2026 07:34,15.125,0.001,7.93
25/03/2026 07:04,15,0.001,7.93
25/03/2026 06:34,15.25,0.001,7.93
25/03/2026 06:04,15.125,0.001,7.93
25/03/2026 05:34,15,0.001,7.93
25/03/2026 05:04,15,0.001,7.93
25/03/2026 04:34,15,0.001,7.93
25/03/2026 04:04,15.125,0.001,7.94
25/03/2026 03:34,15,0.001,7.94
25/03/2026 03:04,15,0.001,7.94
25/03/2026 02:34,15,0.001,7.94
25/03/2026 02:04,14.875,0.001,7.94
25/03/2026 01:34,15,0.001,7.95
25/03/2026 01:04,14.875,0.001,7.95
25/03/2026 00:34,14.875,0.001,7.95
25/03/2026 00:04,14.875,0.001,7.95
24/03/2026 23:34,14.875,0.001,7.95
24/03/2026 23:04,14.875,0.001,7.96
24/03/2026 22:34,14.875,0.001,7.96
24/03/2026 22:04,14.875,0.001,7.96
24/03/2026 21:34,14.875,0.001,7.96
24/03/2026 21:04,14.75,0.001,7.97
24/03/2026 20:34,14.75,0.001,7.97
24/03/2026 20:04,14.75,0.001,7.97
24/03/2026 19:34,14.75,0.001,7.97
24/03/2026 19:04,14.75,0.001,7.98
24/03/2026 18:34,14.875,0.001,7.98
24/03/2026 18:04,15,0.001,7.98
24/03/2026 17:34,15,0.001,7.99
24/03/2026 17:04,15,0.001,7.99
24/03/2026 16:34,15,0.001,7.98
24/03/2026 16:04,15.125,0.001,7.98
24/03/2026 15:34,15,0.001,7.99
24/03/2026 15:04,15,0.001,8
24/03/2026 14:34,15,0.001,7.99
24/03/2026 14:04,15,0.001,7.99
24/03/2026 13:34,14.875,0.001,7.99
24/03/2026 13:04,14.875,0.001,7.98
24/03/2026 13:04,14.875,0.001,7.98
24/03/2026 12:34,15,0.001,7.98
24/03/2026 12:04,14.875,0.001,7.98
24/03/2026 11:34,15,0.001,7.97
24/03/2026 11:04,15.125,0.001,7.97
24/03/2026 10:34,15,0.001,7.96
24/03/2026 10:04,15,0.001,7.96
24/03/2026 09:34,14.875,0.001,7.95
24/03/2026 09:04,15,0.001,7.95
24/03/2026 08:34,14.875,0.001,7.95
24/03/2026 08:04,15,0.001,7.94
24/03/2026 07:34,15,0.001,7.94
24/03/2026 07:04,15,0.001,7.94
24/03/2026 06:34,15.125,0.001,7.94
24/03/2026 06:04,15,0.001,7.94
24/03/2026 05:34,15.125,0.001,7.94
24/03/2026 05:04,14.875,0.001,7.94
24/03/2026 04:34,15,0.001,7.94
24/03/2026 04:04,15.125,0.001,7.95
24/03/2026 03:34,15.125,0.001,7.95
24/03/2026 03:04,15,0.001,7.95
24/03/2026 03:04,15,0.001,7.95
24/03/2026 02:34,15,0.001,7.95
24/03/2026 02:34,15,0.001,7.95
24/03/2026 02:04,15,0.001,7.95
24/03/2026 01:34,15,0.001,7.96
24/03/2026 01:04,14.875,0.001,7.96
24/03/2026 00:34,14.875,0.001,7.96
24/03/2026 00:04,15,0.001,7.96
23/03/2026 23:34,15.125,0.001,7.97
23/03/2026 23:04,15,0.001,7.97
23/03/2026 22:34,14.875,0.001,7.97
23/03/2026 22:04,15.125,0.001,7.97
23/03/2026 21:34,14.875,0.001,7.98
23/03/2026 21:04,15,0.001,7.98
23/03/2026 20:34,15.125,0.001,7.98
23/03/2026 20:04,15.25,0.001,7.99
23/03/2026 19:34,15.125,0.001,7.99
23/03/2026 19:04,15.125,0.001,7.99
23/03/2026 18:34,15.25,0.001,8
23/03/2026 18:04,15.25,0.001,8
23/03/2026 17:34,15.25,0.001,8
23/03/2026 17:04,15.5,0.001,8
23/03/2026 16:34,15.25,0.001,8
23/03/2026 16:04,15.25,0.001,8
23/03/2026 15:34,15.25,0.001,7.99
23/03/2026 15:04,15.25,0.001,7.99
23/03/2026 14:34,15.375,0.001,7.99
23/03/2026 14:04,15.375,0.001,7.99
23/03/2026 13:34,15.125,0.001,7.99
23/03/2026 13:04,15.125,0.001,7.99
23/03/2026 12:34,15.125,0.001,7.99
23/03/2026 12:04,15.125,0.001,7.99
23/03/2026 11:34,15,0.001,7.98
23/03/2026 11:04,15,0.001,7.98
23/03/2026 10:34,15.125,0.001,7.98
23/03/2026 10:04,15.125,0.001,7.97
23/03/2026 10:04,15.125,0.001,7.97
23/03/2026 09:34,15.125,0.001,7.97
23/03/2026 09:04,15,0.001,7.97
23/03/2026 08:34,15.125,0.001,7.96
23/03/2026 08:04,15.125,0.001,7.96
23/03/2026 07:34,15.125,0.001,7.96
23/03/2026 07:04,15.25,0.001,7.95
23/03/2026 06:34,15.125,0.001,7.95
23/03/2026 06:04,15.25,0.001,7.95
23/03/2026 05:34,15.125,0.001,7.96
23/03/2026 05:04,15.25,0.001,7.96
23/03/2026 04:34,15.25,0.001,7.96
23/03/2026 04:04,15.25,0.001,7.96
23/03/2026 04:04,15.25,0.001,7.96
23/03/2026 03:34,15,0.001,7.97
23/03/2026 03:04,15,0.001,7.97
23/03/2026 02:34,15,0.001,7.97
23/03/2026 02:04,15.25,0.001,7.97
23/03/2026 01:34,15.125,0.001,7.98
23/03/2026 01:04,15.125,0.001,7.98
23/03/2026 00:34,15,0.001,7.98
23/03/2026 00:04,15.125,0.001,7.98
22/03/2026 23:34,15,0.001,7.99
22/03/2026 23:04,15,0.001,7.99
22/03/2026 22:34,15.125,0.001,7.99
22/03/2026 22:04,15,0.001,7.99
22/03/2026 21:34,15,0.001,7.99
22/03/2026 21:04,15,0.001,7.99
22/03/2026 20:34,14.875,0.001,8
22/03/2026 20:04,15,0.001,8
22/03/2026 19:34,15,0.001,8
22/03/2026 19:04,15,0.001,8.01
22/03/2026 18:34,15.125,0.001,8.01
22/03/2026 18:04,15.125,0.001,8.01
22/03/2026 17:34,15.25,0.001,8.02
22/03/2026 17:04,15.125,0.001,8.01
22/03/2026 16:34,15.125,0.001,8.01
22/03/2026 16:04,15.125,0.001,8.01
22/03/2026 15:34,15.25,0.001,8.01
22/03/2026 15:04,15.125,0.001,8.01
22/03/2026 14:34,15.25,0.001,8
22/03/2026 14:04,15.125,0.001,8
22/03/2026 13:34,15.125,0.001,8
22/03/2026 13:04,15.25,0.001,7.99
22/03/2026 12:34,15,0.001,7.99
22/03/2026 12:04,15.125,0.001,7.99
22/03/2026 11:34,15.125,0.001,7.98
22/03/2026 11:04,15.125,0.001,7.98
22/03/2026 10:34,15.125,0.001,7.98
22/03/2026 10:04,15.125,0.001,7.97
22/03/2026 09:34,15.25,0.001,7.97
22/03/2026 09:04,15.25,0.001,7.97
22/03/2026 08:34,15.25,0.001,7.96
22/03/2026 08:04,15.25,0.001,7.96
22/03/2026 07:34,15.25,0.001,7.96
22/03/2026 07:04,15.25,0.001,7.95
22/03/2026 06:34,15.125,0.001,7.95
22/03/2026 06:04,15.25,0.001,7.96
22/03/2026 05:34,15.25,0.001,7.96
22/03/2026 05:04,15.25,0.001,7.96
22/03/2026 04:34,15.25,0.001,7.96
22/03/2026 04:04,15.125,0.001,7.96
22/03/2026 03:34,15.125,0.001,7.97
22/03/2026 03:04,15.125,0.001,7.97
22/03/2026 02:34,15.125,0.001,7.97
22/03/2026 02:04,15.125,0.001,7.98
22/03/2026 01:34,15,0.001,7.97
22/03/2026 01:04,15.125,0.001,7.98
22/03/2026 00:34,15.125,0.001,7.98
22/03/2026 00:04,15,0.001,7.98
21/03/2026 23:34,15.125,0.001,7.98
21/03/2026 23:04,15,0.001,7.99
21/03/2026 22:34,15,0.001,7.99
21/03/2026 22:04,14.875,0.001,7.99
21/03/2026 21:34,15.125,0.001,8
21/03/2026 21:04,14.875,0.001,8
21/03/2026 20:34,15,0.001,8
21/03/2026 20:04,15,0.001,8
21/03/2026 19:34,14.875,0.001,8.01
21/03/2026 19:04,14.875,0.001,8.01
21/03/2026 18:34,14.75,0.001,8.01
21/03/2026 18:04,14.875,0.001,8.02
21/03/2026 17:34,15,0.001,8.02
21/03/2026 17:04,14.875,0.001,8.01
21/03/2026 17:04,14.875,0.001,8.01
21/03/2026 16:34,14.875,0.001,8.01
21/03/2026 16:04,15,0.001,8.01
21/03/2026 16:04,15,0.001,8.01
21/03/2026 15:34,15.125,0.001,8.01
21/03/2026 15:04,15,0.001,8.01
21/03/2026 14:34,15.25,0.001,8
21/03/2026 14:04,15.125,0.001,8
21/03/2026 13:34,15.125,0.001,8
21/03/2026 13:04,15.25,0.001,7.99
21/03/2026 12:34,15.125,0.001,7.99
21/03/2026 12:04,15.125,0.001,7.99
21/03/2026 11:34,15.125,0.001,7.98
21/03/2026 11:04,15.25,0.001,7.98
21/03/2026 10:34,15.25,0.001,7.98
21/03/2026 10:04,15.125,0.001,7.97
21/03/2026 09:34,15.125,0.001,7.97
21/03/2026 09:04,15.25,0.001,7.97
21/03/2026 08:34,15.25,0.001,7.96
21/03/2026 08:04,15.25,0.001,7.96
21/03/2026 07:34,15.375,0.001,7.96
21/03/2026 07:04,15.375,0.001,7.95
21/03/2026 06:34,15.375,0.001,7.95
21/03/2026 06:04,15.25,0.001,7.95
21/03/2026 05:34,15.25,0.001,7.96
21/03/2026 05:04,15.25,0.001,7.96
21/03/2026 04:34,15.375,0.001,7.96
21/03/2026 04:04,15.375,0.001,7.96
21/03/2026 03:34,15.375,0.001,7.96
21/03/2026 03:04,15.25,0.001,7.97
21/03/2026 02:34,15.25,0.001,7.97
21/03/2026 02:04,15.125,0.001,7.97
21/03/2026 01:34,15.125,0.001,7.97
21/03/2026 01:04,15.125,0.001,7.98
21/03/2026 00:34,15.125,0.001,7.97
21/03/2026 00:04,15.125,0.001,7.98
20/03/2026 23:34,15.125,0.001,7.98
20/03/2026 23:04,15.125,0.001,7.98
20/03/2026 22:34,15,0.001,7.99
20/03/2026 22:04,15,0.001,7.99
20/03/2026 22:04,15,0.001,7.99
20/03/2026 21:34,15.125,0.001,7.99
20/03/2026 21:04,15,0.001,7.99
20/03/2026 20:34,15,0.001,8
20/03/2026 20:04,14.875,0.001,8
20/03/2026 19:34,14.875,0.001,8
20/03/2026 19:04,14.75,0.001,8
20/03/2026 18:34,14.875,0.001,8.01
20/03/2026 18:04,14.75,0.001,8.01
20/03/2026 17:34,14.875,0.001,8.01
20/03/2026 17:04,14.875,0.001,8.01
20/03/2026 16:34,14.75,0.001,8
20/03/2026 16:04,14.875,0.001,8
20/03/2026 15:34,14.875,0.001,8
20/03/2026 15:04,15,0.001,8
20/03/2026 14:34,15,0.001,8
20/03/2026 14:04,15,0.001,7.99
20/03/2026 13:34,15.125,0.001,7.99
20/03/2026 13:04,15,0.001,7.98
20/03/2026 12:34,15.125,0.001,7.98
20/03/2026 12:04,15.125,0.001,7.98
20/03/2026 11:34,15,0.001,7.97
20/03/2026 11:04,15.125,0.001,7.97
20/03/2026 10:34,15.125,0.001,7.97
20/03/2026 10:34,15.125,0.001,7.97
20/03/2026 10:04,15,0.001,7.96
20/03/2026 09:34,15,0.001,7.96
20/03/2026 09:04,15.125,0.001,7.95
20/03/2026 08:34,15,0.001,7.95
20/03/2026 08:04,15.125,0.001,7.95
20/03/2026 07:34,15.125,0.001,7.94
20/03/2026 07:34,15.125,0.001,7.94
20/03/2026 07:04,15.125,0.001,7.94
20/03/2026 06:34,15.25,0.001,7.94
20/03/2026 06:04,15.125,0.001,7.94
20/03/2026 05:34,15.125,0.001,7.94
20/03/2026 05:04,15.125,0.001,7.94
20/03/2026 04:34,15.125,0.001,7.94
20/03/2026 04:04,15.125,0.001,7.95
20/03/2026 03:34,15,0.001,7.95
20/03/2026 03:04,15.125,0.001,7.95
20/03/2026 02:34,14.875,0.001,7.95
20/03/2026 02:04,15,0.001,7.95
20/03/2026 01:34,14.875,0.001,7.96
20/03/2026 01:04,14.875,0.001,7.96
20/03/2026 00:34,15,0.001,7.96
20/03/2026 00:04,15,0.001,7.96
19/03/2026 23:34,14.875,0.001,7.96
19/03/2026 23:04,14.875,0.001,7.97
19/03/2026 22:34,14.75,0.001,7.97
19/03/2026 22:04,14.75,0.001,7.97
19/03/2026 21:34,14.875,0.001,7.97
19/03/2026 21:04,14.75,0.001,7.97
19/03/2026 20:34,14.875,0.001,7.98
19/03/2026 20:04,14.75,0.001,7.98
19/03/2026 19:34,14.875,0.001,7.98
19/03/2026 19:04,14.75,0.001,7.98
19/03/2026 18:34,14.75,0.001,7.98
19/03/2026 18:04,14.75,0.001,7.99
19/03/2026 17:34,14.875,0.001,7.99
19/03/2026 17:04,14.875,0.001,7.99
19/03/2026 16:34,14.875,0.001,7.98
19/03/2026 16:04,15,0.001,7.98
19/03/2026 15:34,15,0.001,7.98
19/03/2026 15:04,14.875,0.001,7.98
19/03/2026 14:34,15.125,0.001,7.97
19/03/2026 14:04,15,0.001,7.97
19/03/2026 13:34,15,0.001,7.97
19/03/2026 13:04,15,0.001,7.96
19/03/2026 12:34,15,0.001,7.96
19/03/2026 12:34,15,0.001,7.96
19/03/2026 12:04,15,0.001,7.95
19/03/2026 11:34,14.875,0.001,7.95
19/03/2026 11:04,15,0.001,7.94
19/03/2026 10:34,14.875,0.001,7.94
19/03/2026 10:04,14.875,0.001,7.93
19/03/2026 09:34,14.875,0.001,7.93
19/03/2026 09:04,15,0.001,7.93
19/03/2026 08:34,14.875,0.001,7.92
19/03/2026 08:04,14.875,0.001,7.92
19/03/2026 07:34,14.875,0.001,7.91
19/03/2026 07:04,14.875,0.001,7.91
19/03/2026 06:34,15,0.001,7.91
19/03/2026 06:04,14.875,0.001,7.91
19/03/2026 05:34,15,0.001,7.91
19/03/2026 05:04,14.875,0.001,7.91
19/03/2026 04:34,15,0.001,7.91
19/03/2026 04:04,15.125,0.001,7.91
19/03/2026 03:34,15,0.001,7.91
19/03/2026 03:04,14.875,0.001,7.91
19/03/2026 02:34,15,0.001,7.92
19/03/2026 02:04,15,0.001,7.92
19/03/2026 01:34,14.875,0.001,7.92
19/03/2026 01:04,14.875,0.001,7.92
19/03/2026 00:34,14.875,0.001,7.92
19/03/2026 00:04,15,0.001,7.92
18/03/2026 23:34,14.875,0.001,7.92
18/03/2026 23:04,15,0.001,7.93
18/03/2026 22:34,15,0.001,7.93
18/03/2026 22:04,15,0.001,7.93
18/03/2026 21:34,14.875,0.001,7.93
18/03/2026 21:04,15,0.001,7.93
18/03/2026 20:34,15.125,0.001,7.94
18/03/2026 20:04,15.25,0.001,7.94
18/03/2026 19:34,15.125,0.001,7.94
18/03/2026 19:04,15.25,0.001,7.94
18/03/2026 18:34,15.375,0.001,7.95
18/03/2026 18:04,15.375,0.001,7.95
18/03/2026 17:34,15.375,0.001,7.95
18/03/2026 17:04,15.375,0.001,7.95
18/03/2026 16:34,15.375,0.001,7.94
18/03/2026 16:04,15.375,0.001,7.94
18/03/2026 15:34,15.25,0.001,7.93
18/03/2026 15:34,15.25,0.001,7.93
18/03/2026 15:04,15.375,0.001,7.93
18/03/2026 14:34,15.25,0.001,7.93
18/03/2026 14:04,15.25,0.001,7.92
18/03/2026 13:34,15.25,0.001,7.92
18/03/2026 13:04,15.25,0.001,7.92
18/03/2026 12:34,15.125,0.001,7.91
18/03/2026 12:04,15.25,0.001,7.91
18/03/2026 11:34,15,0.001,7.91
18/03/2026 11:04,15,0.001,7.91
18/03/2026 10:34,15,0.001,7.91
18/03/2026 10:04,14.875,0.001,7.91
18/03/2026 10:04,14.875,0.001,7.91
18/03/2026 09:58,15.125,0.001,7.91
18/03/2026 09:34,15,0.001,7.91
18/03/2026 09:04,15.125,0.001,7.92
18/03/2026 08:34,15,0.001,7.92
18/03/2026 08:04,15,0.001,7.92
18/03/2026 07:34,15,0.001,7.92
18/03/2026 07:04,15.125,0.001,7.91
18/03/2026 06:34,15,0.001,7.91
18/03/2026 06:04,15.125,0.001,7.91
18/03/2026 05:34,15.125,0.001,7.91
18/03/2026 05:04,15.125,0.001,7.92
18/03/2026 04:34,15,0.001,7.92
18/03/2026 04:04,15.125,0.001,7.92
18/03/2026 03:34,15,0.001,7.92
18/03/2026 03:23,15,0.001,7.92
18/03/2026 03:04,15,0.001,7.92
18/03/2026 02:34,14.875,0.001,7.93
18/03/2026 01:34,15.125,0.001,7.93
18/03/2026 01:34,15.125,0.001,7.93
18/03/2026 01:04,15,0.001,7.93
18/03/2026 00:34,15,0.001,7.93
18/03/2026 00:04,15,0.001,7.94
17/03/2026 23:34,15.125,0.001,7.94
17/03/2026 23:04,15.25,0.001,7.94
17/03/2026 22:34,15.125,0.001,7.95
17/03/2026 22:34,15.125,0.001,7.95
17/03/2026 22:04,15.25,0.001,7.95
17/03/2026 21:34,15,0.001,7.95
17/03/2026 21:04,15.125,0.001,7.95
17/03/2026 20:34,15.125,0.001,7.96
17/03/2026 20:04,15.25,0.001,7.97
17/03/2026 19:34,15.25,0.001,7.97
17/03/2026 19:04,15.25,0.001,7.98
17/03/2026 18:34,15.5,0.001,7.98
17/03/2026 18:04,15.5,0.001,7.99
17/03/2026 17:34,15.625,0.001,7.99
17/03/2026 17:04,15.5,0.001,7.99
17/03/2026 16:34,15.375,0.001,8
17/03/2026 16:04,15.5,0.001,8
17/03/2026 15:34,15.5,0.001,8.01
17/03/2026 15:04,15.5,0.001,8.01
17/03/2026 14:34,15.375,0.001,8
17/03/2026 14:04,15.25,0.001,8
17/03/2026 13:34,15.25,0.001,8
17/03/2026 13:04,15.125,0.001,7.99
17/03/2026 12:34,15.125,0.001,7.99
17/03/2026 12:04,15.125,0.001,7.98
17/03/2026 11:34,15,0.001,7.98
17/03/2026 11:04,15,0.001,7.98
17/03/2026 10:34,15.125,0.001,7.97
17/03/2026 10:04,15.125,0.001,7.97
17/03/2026 09:34,15,0.001,7.96
17/03/2026 09:04,15.125,0.001,7.96
17/03/2026 08:34,15,0.001,7.96
17/03/2026 08:04,15.25,0.001,7.95
17/03/2026 07:34,15.25,0.001,7.95
17/03/2026 07:04,15.125,0.001,7.95
17/03/2026 06:34,15.25,0.001,7.95
17/03/2026 06:04,15.25,0.001,7.95
17/03/2026 05:34,15.125,0.001,7.95
17/03/2026 05:04,15.125,0.001,7.95
17/03/2026 04:34,15,0.001,7.96
17/03/2026 04:04,15.125,0.001,7.96
17/03/2026 03:34,15,0.001,7.96
17/03/2026 03:04,15,0.001,7.96
17/03/2026 02:34,15,0.001,7.97
17/03/2026 02:04,15,0.001,7.97
17/03/2026 01:34,15.125,0.001,7.97
17/03/2026 01:04,15.125,0.001,7.97
17/03/2026 00:34,15,0.001,7.97
17/03/2026 00:04,15.125,0.001,7.98
16/03/2026 23:34,15,0.001,7.98
16/03/2026 23:04,14.875,0.001,7.98
16/03/2026 22:34,14.875,0.001,7.98
16/03/2026 22:04,15.125,0.001,7.99
16/03/2026 22:04,15.125,0.001,7.99
16/03/2026 21:34,14.875,0.001,7.99
16/03/2026 21:04,14.875,0.001,7.99
16/03/2026 20:34,14.875,0.001,7.99
16/03/2026 20:04,15,0.001,8
16/03/2026 20:04,15,0.001,8
16/03/2026 19:34,15,0.001,8
16/03/2026 19:04,15,0.001,8
16/03/2026 18:34,15.125,0.001,8
16/03/2026 18:04,15.125,0.001,8.01
16/03/2026 17:34,15.25,0.001,8.01
16/03/2026 17:04,15.25,0.001,8.01
16/03/2026 16:34,15.125,0.001,8
16/03/2026 16:04,15.125,0.001,8
16/03/2026 15:34,15.125,0.001,8
16/03/2026 15:04,15,0.001,8
16/03/2026 14:52,15.125,0.001,8
16/03/2026 14:34,15,0.001,7.99
16/03/2026 14:04,15.125,0.001,7.99
16/03/2026 13:34,15.125,0.001,7.99
16/03/2026 13:34,15.125,0.001,7.99
16/03/2026 13:04,15,0.001,7.98
16/03/2026 12:34,15,0.001,7.98
16/03/2026 12:04,15,0.001,7.98
16/03/2026 11:34,14.875,0.001,7.97
16/03/2026 11:04,15,0.001,7.97
16/03/2026 10:34,15,0.001,7.97
16/03/2026 10:04,15,0.001,7.96
16/03/2026 09:34,15,0.001,7.96
16/03/2026 09:04,15.125,0.001,7.96
16/03/2026 08:34,15,0.001,7.95
16/03/2026 08:04,15,0.001,7.95
16/03/2026 07:34,14.875,0.001,7.95
16/03/2026 07:04,15,0.001,7.95
16/03/2026 06:34,15,0.001,7.95
16/03/2026 06:04,15,0.001,7.95
16/03/2026 05:34,15,0.001,7.95
16/03/2026 05:04,15.125,0.001,7.95
16/03/2026 05:04,15.125,0.001,7.95
16/03/2026 04:34,15,0.001,7.96
16/03/2026 04:04,15,0.001,7.96
16/03/2026 03:34,14.875,0.001,7.96
16/03/2026 03:04,15,0.001,7.96
16/03/2026 03:04,15,0.001,7.96
16/03/2026 02:34,15,0.001,7.96
16/03/2026 02:04,15,0.001,7.97
16/03/2026 01:34,14.875,0.001,7.97
16/03/2026 01:04,14.75,0.001,7.97
16/03/2026 00:34,14.875,0.001,7.97
16/03/2026 00:04,14.875,0.001,7.97
15/03/2026 23:34,14.875,0.001,7.98
15/03/2026 23:04,14.875,0.001,7.98
15/03/2026 22:34,14.875,0.001,7.98
15/03/2026 22:04,14.875,0.001,7.98
15/03/2026 21:34,14.875,0.001,7.99
15/03/2026 21:04,15,0.001,7.99
15/03/2026 20:34,14.875,0.001,7.99
15/03/2026 20:04,15,0.001,7.99
15/03/2026 19:34,15.125,0.001,8
15/03/2026 19:04,15.125,0.001,8
15/03/2026 18:34,15.25,0.001,8
15/03/2026 18:04,15.375,0.001,8.01
15/03/2026 18:04,15.375,0.001,8.01
15/03/2026 17:34,15.25,0.001,8.01
15/03/2026 17:04,15.25,0.001,8.01
15/03/2026 16:34,15.25,0.001,8
15/03/2026 16:04,15.25,0.001,8
15/03/2026 15:34,15.25,0.001,8
15/03/2026 15:04,15.125,0.001,8
15/03/2026 14:34,15.125,0.001,7.99
15/03/2026 14:04,15.125,0.001,7.99
15/03/2026 13:34,15.125,0.001,7.99
15/03/2026 13:04,15.125,0.001,7.98
15/03/2026 12:34,15,0.001,7.98
15/03/2026 12:04,15,0.001,7.97
15/03/2026 11:34,15.125,0.001,7.97
15/03/2026 11:04,14.875,0.001,7.97
15/03/2026 10:34,14.75,0.001,7.96
15/03/2026 10:04,14.875,0.001,7.96
15/03/2026 09:34,14.875,0.001,7.96
15/03/2026 09:04,14.875,0.001,7.95
15/03/2026 08:34,14.875,0.001,7.95
15/03/2026 08:04,14.875,0.001,7.95
15/03/2026 07:34,15,0.001,7.95
15/03/2026 07:04,14.875,0.001,7.94
15/03/2026 06:34,14.875,0.001,7.94
15/03/2026 06:04,14.75,0.001,7.94
15/03/2026 05:34,14.875,0.001,7.95
15/03/2026 05:04,14.75,0.001,7.95
15/03/2026 04:34,14.875,0.001,7.95
15/03/2026 04:04,14.875,0.001,7.95
15/03/2026 03:34,14.75,0.001,7.95
15/03/2026 03:04,14.875,0.001,7.95
15/03/2026 02:34,14.75,0.001,7.96
15/03/2026 02:04,14.75,0.001,7.96
15/03/2026 01:34,14.75,0.001,7.96
15/03/2026 01:04,14.875,0.001,7.97
15/03/2026 00:34,14.875,0.001,7.97
15/03/2026 00:04,14.75,0.001,7.97
14/03/2026 23:34,14.75,0.001,7.97
14/03/2026 23:04,14.75,0.001,7.97
14/03/2026 22:34,14.75,0.001,7.98
14/03/2026 22:04,14.75,0.001,7.98
14/03/2026 21:34,14.875,0.001,7.98
14/03/2026 21:04,14.875,0.001,7.99
14/03/2026 20:34,14.875,0.001,7.99
14/03/2026 20:04,14.75,0.001,7.99
14/03/2026 19:34,14.875,0.001,7.99
14/03/2026 19:04,15,0.001,8
14/03/2026 18:34,15,0.001,8
14/03/2026 18:04,15,0.001,8
14/03/2026 17:34,15,0.001,8
14/03/2026 17:04,15.125,0.001,8
14/03/2026 16:34,15.125,0.001,8
14/03/2026 16:04,15.125,0.001,7.99
14/03/2026 15:34,15,0.001,7.99
14/03/2026 15:04,15,0.001,7.99
14/03/2026 14:34,15.125,0.001,7.99
14/03/2026 14:04,15,0.001,7.98
14/03/2026 13:34,15,0.001,7.98
14/03/2026 13:34,15,0.001,7.98
14/03/2026 13:04,15.125,0.001,7.97
14/03/2026 12:34,15.125,0.001,7.97
14/03/2026 12:04,14.875,0.001,7.97
14/03/2026 11:34,15,0.001,7.97
14/03/2026 11:04,15.125,0.001,7.96
14/03/2026 10:34,15.125,0.001,7.96
14/03/2026 10:04,14.875,0.001,7.95
14/03/2026 09:34,15.125,0.001,7.95
14/03/2026 09:04,15.125,0.001,7.95
14/03/2026 08:34,15.125,0.001,7.95
14/03/2026 08:04,15,0.001,7.94
14/03/2026 07:34,15.125,0.001,7.94
14/03/2026 07:04,15.125,0.001,7.94
14/03/2026 06:34,15.125,0.001,7.94
14/03/2026 06:04,15,0.001,7.94
14/03/2026 05:34,15,0.001,7.94
14/03/2026 05:04,15,0.001,7.95
14/03/2026 04:34,14.875,0.001,7.95
14/03/2026 04:04,14.875,0.001,7.95
14/03/2026 04:04,14.875,0.001,7.95
14/03/2026 03:34,15,0.001,7.95
14/03/2026 03:04,15,0.001,7.96
14/03/2026 03:04,15,0.001,7.96
14/03/2026 02:34,15,0.001,7.96
14/03/2026 02:04,14.875,0.001,7.96
14/03/2026 01:34,15,0.001,7.96
14/03/2026 01:04,14.875,0.001,7.96
14/03/2026 00:34,15,0.001,7.97
14/03/2026 00:04,15,0.001,7.97
13/03/2026 23:34,14.875,0.001,7.97
13/03/2026 23:04,14.875,0.001,7.97
13/03/2026 22:34,14.875,0.001,7.98
13/03/2026 22:04,15,0.001,7.98
13/03/2026 21:34,14.875,0.001,7.98
13/03/2026 21:04,15.125,0.001,7.99
13/03/2026 21:04,15.125,0.001,7.99
13/03/2026 20:34,15.25,0.001,7.99
13/03/2026 20:04,15.25,0.001,7.99
13/03/2026 19:34,15.25,0.001,7.99
13/03/2026 19:04,15.375,0.001,8
13/03/2026 18:34,15.375,0.001,8
13/03/2026 18:04,15.625,0.001,8
13/03/2026 17:34,15.5,0.001,8
13/03/2026 17:04,15.5,0.001,8
13/03/2026 16:34,15.5,0.001,8
13/03/2026 16:04,15.5,0.001,8
13/03/2026 15:34,15.375,0.001,7.99
13/03/2026 15:04,15.375,0.001,7.99
13/03/2026 14:34,15.5,0.001,7.99
13/03/2026 14:04,15.5,0.001,7.98
13/03/2026 13:34,15.25,0.001,7.98
13/03/2026 13:04,15.25,0.001,7.98
13/03/2026 12:34,15.375,0.001,7.97
13/03/2026 12:04,15.25,0.001,7.97
13/03/2026 11:34,15.25,0.001,7.97
13/03/2026 11:04,15.25,0.001,7.96
13/03/2026 10:34,15.125,0.001,7.96
13/03/2026 10:04,15.25,0.001,7.95
13/03/2026 09:34,15.125,0.001,7.95
13/03/2026 09:34,15.125,0.001,7.95
13/03/2026 09:04,15.125,0.001,7.95
13/03/2026 08:34,15.25,0.001,7.95
13/03/2026 08:04,15.125,0.001,7.94
13/03/2026 07:34,15.25,0.001,7.94
13/03/2026 07:04,15.375,0.001,7.94
13/03/2026 06:34,15.375,0.001,7.94
13/03/2026 06:04,15.25,0.001,7.94
13/03/2026 05:34,15.25,0.001,7.94
13/03/2026 05:34,15.25,0.001,7.94
13/03/2026 05:04,15.25,0.001,7.94
13/03/2026 04:34,15.125,0.001,7.94
13/03/2026 04:04,15.125,0.001,7.95
13/03/2026 03:34,15.25,0.001,7.95
13/03/2026 03:04,15.25,0.001,7.95
13/03/2026 02:34,15.125,0.001,7.95
13/03/2026 02:04,15.125,0.001,7.96
13/03/2026 01:34,15.25,0.001,7.96
13/03/2026 01:04,15.25,0.001,7.96
13/03/2026 00:34,15.125,0.001,7.96
13/03/2026 00:04,15.125,0.001,7.96
13/03/2026 00:04,15.125,0.001,7.96
12/03/2026 23:34,15.125,0.001,7.97
12/03/2026 23:34,15.125,0.001,7.97
12/03/2026 23:04,15,0.001,7.97
12/03/2026 22:34,15.125,0.001,7.97
12/03/2026 22:04,15.125,0.001,7.97
12/03/2026 21:34,15.125,0.001,7.98
12/03/2026 21:04,15.125,0.001,7.98
12/03/2026 20:34,15.125,0.001,7.98
12/03/2026 20:04,15.125,0.001,7.98
12/03/2026 19:34,15.25,0.001,7.99
12/03/2026 19:04,15.125,0.001,7.99
12/03/2026 18:34,15.125,0.001,7.99
12/03/2026 18:04,15.5,0.001,8
12/03/2026 17:34,15.375,0.001,7.99
12/03/2026 17:04,15.375,0.001,7.99
12/03/2026 16:34,15.375,0.001,7.99
12/03/2026 16:04,15.5,0.001,7.99
12/03/2026 15:34,15.5,0.001,7.99
12/03/2026 15:04,15.375,0.001,7.98
12/03/2026 14:34,15.375,0.001,7.98
12/03/2026 14:04,15.375,0.001,7.98
12/03/2026 13:34,15.25,0.001,7.97
12/03/2026 13:34,15.25,0.001,7.97
12/03/2026 13:04,15.375,0.001,7.97
12/03/2026 12:34,15.25,0.001,7.96
12/03/2026 12:04,15.25,0.001,7.96
12/03/2026 11:34,15.25,0.001,7.96
12/03/2026 11:04,15.25,0.001,7.95
12/03/2026 10:34,15.375,0.001,7.95
12/03/2026 10:04,15.125,0.001,7.95
12/03/2026 09:34,15.375,0.001,7.94
12/03/2026 09:04,15.25,0.001,7.94
12/03/2026 08:34,15.375,0.001,7.94
12/03/2026 08:04,15.5,0.001,7.93
12/03/2026 07:34,15.5,0.001,7.93
12/03/2026 07:04,15.375,0.001,7.93
12/03/2026 06:34,15.625,0.001,7.93
12/03/2026 06:04,15.5,0.001,7.93
12/03/2026 05:34,15.5,0.001,7.93
12/03/2026 05:04,15.375,0.001,7.93
12/03/2026 04:34,15.375,0.001,7.94
12/03/2026 04:04,15.375,0.001,7.94
12/03/2026 03:34,15.375,0.001,7.94
12/03/2026 03:04,15.375,0.001,7.94
12/03/2026 02:34,15.375,0.001,7.94
12/03/2026 02:04,15.25,0.001,7.94
12/03/2026 01:34,15.25,0.001,7.94
12/03/2026 01:04,15.25,0.001,7.95
12/03/2026 00:34,15.125,0.001,7.95
12/03/2026 00:04,15.25,0.001,7.95
11/03/2026 23:34,15.125,0.001,7.95
11/03/2026 23:04,15,0.001,7.96
11/03/2026 22:34,15.125,0.001,7.96
11/03/2026 22:04,15,0.001,7.96
11/03/2026 21:34,15,0.001,7.96
11/03/2026 21:04,15,0.001,7.96
11/03/2026 20:34,15,0.001,7.97
11/03/2026 20:04,14.875,0.001,7.97
11/03/2026 19:34,15,0.001,7.97
11/03/2026 19:34,15,0.001,7.97
11/03/2026 19:04,15.125,0.001,7.98
11/03/2026 18:34,15,0.001,7.98
11/03/2026 18:04,15.125,0.001,7.98
11/03/2026 17:34,15.125,0.001,7.98
11/03/2026 17:04,15.125,0.001,7.98
11/03/2026 16:34,15.25,0.001,7.98
11/03/2026 16:04,15.125,0.001,7.98
11/03/2026 15:34,15.25,0.001,7.98
11/03/2026 15:04,15.125,0.001,7.97
11/03/2026 14:34,15.125,0.001,7.97
11/03/2026 14:04,15.25,0.001,7.97
11/03/2026 13:34,15.125,0.001,7.97
11/03/2026 13:04,15.125,0.001,7.97
11/03/2026 12:34,15.125,0.001,7.97
11/03/2026 12:04,15.125,0.001,7.97
11/03/2026 11:34,15.125,0.001,7.97
11/03/2026 11:04,15.125,0.001,7.98
11/03/2026 10:34,15.125,0.001,7.98
11/03/2026 10:04,15.125,0.001,7.96
11/03/2026 09:34,15.125,0.001,7.96
11/03/2026 09:04,15.25,0.001,7.95
11/03/2026 08:34,15,0.001,7.95
11/03/2026 08:04,15.125,0.001,7.95
11/03/2026 07:34,15,0.001,7.95
11/03/2026 07:04,15,0.001,7.95
11/03/2026 06:34,15.125,0.001,7.95
11/03/2026 06:04,15,0.001,7.95
11/03/2026 05:34,15.125,0.001,7.95
11/03/2026 05:04,15,0.001,7.95
11/03/2026 04:34,14.875,0.001,7.96
11/03/2026 04:04,15.125,0.001,7.96
11/03/2026 03:34,15.125,0.001,7.96
11/03/2026 03:04,15,0.001,7.96
11/03/2026 02:34,15,0.001,7.97
11/03/2026 02:04,15.125,0.001,7.97
11/03/2026 01:34,15,0.001,7.97
11/03/2026 01:04,15,0.001,7.98
11/03/2026 00:34,14.875,0.001,7.98
11/03/2026 00:04,14.875,0.001,7.98
10/03/2026 23:34,14.875,0.001,7.98
10/03/2026 23:04,14.875,0.001,7.99
10/03/2026 22:34,15,0.001,7.99
10/03/2026 22:34,15,0.001,7.99
10/03/2026 22:04,14.875,0.001,7.99
10/03/2026 21:34,14.875,0.001,8
10/03/2026 21:34,14.875,0.001,8
10/03/2026 21:04,14.875,0.001,8
10/03/2026 20:34,14.75,0.001,8
10/03/2026 20:04,14.75,0.001,8
10/03/2026 19:34,14.75,0.001,8.01
10/03/2026 19:04,15.625,0.001,8.01
10/03/2026 19:04,15.625,0.001,8.01
10/03/2026 18:34,13.75,0.001,8.01
10/03/2026 18:04,13.75,0.001,8.02
10/03/2026 17:34,14.75,0.001,8.02
10/03/2026 17:04,14.875,0.001,8.02
10/03/2026 16:34,14.875,0.001,8.02
10/03/2026 16:04,14.875,0.001,8.02
10/03/2026 15:34,15,0.001,8.02
10/03/2026 15:04,15.125,0.001,8.01
10/03/2026 14:34,14.875,0.001,8.01
10/03/2026 14:04,15,0.001,8.01
10/03/2026 13:34,15.25,0.001,8
10/03/2026 13:04,15.125,0.001,8
10/03/2026 12:34,15.25,0.001,8
10/03/2026 12:04,15.125,0.001,8
10/03/2026 11:34,15,0.001,7.99
10/03/2026 11:04,15.25,0.001,7.99
10/03/2026 10:34,15.25,0.001,7.99
10/03/2026 10:04,15.25,0.001,7.98
10/03/2026 09:34,15.25,0.001,7.98
10/03/2026 09:04,15.25,0.001,7.98
10/03/2026 08:34,15.25,0.001,7.98
10/03/2026 08:04,15.375,0.001,7.97
10/03/2026 07:34,15.375,0.001,7.97
10/03/2026 07:04,15.375,0.001,7.97
10/03/2026 06:34,15.375,0.001,7.97
10/03/2026 06:04,15.375,0.001,7.97
10/03/2026 05:34,15.375,0.001,7.97
10/03/2026 05:04,15.375,0.001,7.97
10/03/2026 04:34,15.25,0.001,7.97
10/03/2026 04:04,15.25,0.001,7.98
10/03/2026 03:34,15.375,0.001,7.98
10/03/2026 03:04,15.25,0.001,7.98
10/03/2026 02:34,15.25,0.001,7.98
10/03/2026 02:04,15.25,0.001,7.98
10/03/2026 01:34,15.25,0.001,7.99
10/03/2026 01:04,15.25,0.001,7.99
10/03/2026 01:04,15.25,0.001,7.99
10/03/2026 00:34,15.25,0.001,7.99
10/03/2026 00:04,15.25,0.001,7.99
09/03/2026 23:34,15.125,0.001,7.99
09/03/2026 23:04,15,0.001,8
09/03/2026 22:34,15,0.001,8
09/03/2026 22:04,15.125,0.001,8
09/03/2026 21:34,15.125,0.001,8
09/03/2026 21:04,15.125,0.001,8.01
09/03/2026 20:34,15.125,0.001,8.01
09/03/2026 20:04,15,0.001,8.01
09/03/2026 19:34,15.25,0.001,8.01
09/03/2026 19:04,15.125,0.001,8.02
09/03/2026 18:34,15.25,0.001,8.02
09/03/2026 18:04,15.25,0.001,8.02
09/03/2026 17:34,15.375,0.001,8.02
09/03/2026 17:04,15.25,0.001,8.02
09/03/2026 16:34,15.375,0.001,8.02
09/03/2026 16:04,15.25,0.001,8.01
09/03/2026 15:34,15.25,0.001,8.01
09/03/2026 15:04,15.375,0.001,8.01
09/03/2026 14:34,15.25,0.001,8
09/03/2026 14:04,15.25,0.001,8
09/03/2026 13:34,15.25,0.001,8
09/03/2026 13:04,15.25,0.001,7.99
09/03/2026 12:34,15.125,0.001,7.99
09/03/2026 12:04,15.125,0.001,7.99
09/03/2026 11:34,15.25,0.001,7.98
09/03/2026 11:04,15.125,0.001,7.98
09/03/2026 10:34,15.25,0.001,7.97
09/03/2026 10:34,15.25,0.001,7.97
09/03/2026 10:04,15.125,0.001,7.97
09/03/2026 09:34,15.125,0.001,7.97
09/03/2026 09:04,15.125,0.001,7.97
09/03/2026 08:34,15.25,0.001,7.96
09/03/2026 08:04,15.25,0.001,7.96
09/03/2026 07:34,15.25,0.001,7.96
09/03/2026 07:04,15.25,0.001,7.96
09/03/2026 06:34,15.125,0.001,7.95
09/03/2026 06:04,15.25,0.001,7.96
09/03/2026 05:34,15.25,0.001,7.96
09/03/2026 05:04,15.25,0.001,7.96
09/03/2026 04:34,15.25,0.001,7.96
09/03/2026 04:04,15.25,0.001,7.97
09/03/2026 03:34,15.125,0.001,7.97
09/03/2026 03:04,15.25,0.001,7.97
09/03/2026 02:34,15.125,0.001,7.97
09/03/2026 02:04,15.125,0.001,7.97
09/03/2026 01:34,15,0.001,7.98
09/03/2026 01:04,15.125,0.001,7.98
09/03/2026 00:34,15.125,0.001,7.98
09/03/2026 00:04,15.125,0.001,7.98
08/03/2026 23:34,14.875,0.001,7.99
08/03/2026 23:04,14.875,0.001,7.99
08/03/2026 22:34,15,0.001,7.99
08/03/2026 22:04,14.875,0.001,7.99
08/03/2026 21:34,14.875,0.001,8
08/03/2026 21:04,15,0.001,8
08/03/2026 20:34,15.125,0.001,8
08/03/2026 20:04,14.875,0.001,8
08/03/2026 19:34,14.875,0.001,8.01
08/03/2026 19:04,15,0.001,8.01
08/03/2026 18:34,15,0.001,8.01
08/03/2026 18:04,15.125,0.001,8.01
08/03/2026 17:34,15.25,0.001,8.02
08/03/2026 17:04,15.25,0.001,8.01
08/03/2026 16:34,15.125,0.001,8.01
08/03/2026 16:04,15.25,0.001,8.01
08/03/2026 15:34,15.25,0.001,8.01
08/03/2026 15:04,15.375,0.001,8
08/03/2026 14:34,15.25,0.001,8
08/03/2026 14:04,15.125,0.001,8
08/03/2026 13:34,15.125,0.001,8
08/03/2026 13:04,15,0.001,7.99
08/03/2026 12:34,15.125,0.001,7.99
08/03/2026 12:04,15,0.001,7.99
08/03/2026 11:34,15.125,0.001,7.98
08/03/2026 11:04,15,0.001,7.98
08/03/2026 10:34,15.25,0.001,7.98
08/03/2026 10:04,15.125,0.001,7.97
08/03/2026 09:34,15.125,0.001,7.97
08/03/2026 09:04,15.125,0.001,7.97
08/03/2026 08:34,15.125,0.001,7.96
08/03/2026 08:04,15.125,0.001,7.96
08/03/2026 07:34,15.25,0.001,7.96
08/03/2026 07:04,15.25,0.001,7.96
08/03/2026 06:34,15.25,0.001,7.96
08/03/2026 06:04,15.125,0.001,7.96
08/03/2026 05:34,15.125,0.001,7.96
08/03/2026 05:04,15.25,0.001,7.96
08/03/2026 04:34,15.125,0.001,7.97
08/03/2026 04:04,15.125,0.001,7.97
08/03/2026 03:34,15.125,0.001,7.97
08/03/2026 03:04,15.125,0.001,7.97
08/03/2026 02:34,15.125,0.001,7.98
08/03/2026 02:04,15.125,0.001,7.98
08/03/2026 01:34,14.875,0.001,7.98
08/03/2026 01:04,15,0.001,7.98
08/03/2026 00:34,15,0.001,7.99
08/03/2026 00:04,15,0.001,7.99
07/03/2026 23:34,15,0.001,7.99
07/03/2026 23:04,14.875,0.001,8
07/03/2026 22:34,14.875,0.001,8
07/03/2026 22:04,14.875,0.001,8
07/03/2026 21:34,14.75,0.001,8
07/03/2026 21:04,14.75,0.001,8.01
07/03/2026 20:34,15.625,0.001,8.01
07/03/2026 20:04,14.625,0.001,8.01
07/03/2026 19:34,14.625,0.001,8.01
07/03/2026 19:04,14.75,0.001,8.01
07/03/2026 18:34,14.625,0.001,8.02
07/03/2026 18:04,14.5,0.001,8.02
07/03/2026 17:34,15.625,0.001,8.02
07/03/2026 17:04,14.75,0.001,8.02
07/03/2026 16:34,14.75,0.001,8.02
07/03/2026 16:04,14.875,0.001,8.02
07/03/2026 15:34,14.875,0.001,8.02
07/03/2026 15:04,14.875,0.001,8.01
07/03/2026 14:34,14.875,0.001,8.01
07/03/2026 14:04,14.875,0.001,8.01
07/03/2026 13:34,14.875,0.001,8
07/03/2026 13:04,14.875,0.001,8
07/03/2026 12:34,15,0.001,8
07/03/2026 12:04,14.875,0.001,7.99
07/03/2026 11:34,14.875,0.001,7.99
07/03/2026 11:04,14.75,0.001,7.99
07/03/2026 10:34,15,0.001,7.98
07/03/2026 10:04,14.875,0.001,7.98
07/03/2026 09:34,15,0.001,7.98
07/03/2026 09:04,15.125,0.001,7.97
07/03/2026 08:34,14.875,0.001,7.97
07/03/2026 08:04,14.875,0.001,7.97
07/03/2026 07:34,15.125,0.001,7.96
07/03/2026 07:04,14.875,0.001,7.96
07/03/2026 06:34,15,0.001,7.96
07/03/2026 06:04,15,0.001,7.96
07/03/2026 05:34,14.875,0.001,7.96
07/03/2026 05:04,14.875,0.001,7.97
07/03/2026 04:34,14.875,0.001,7.97
07/03/2026 04:04,14.875,0.001,7.97
07/03/2026 03:34,14.875,0.001,7.97
07/03/2026 03:04,14.875,0.001,7.97
07/03/2026 02:34,14.875,0.001,7.97
07/03/2026 02:04,14.875,0.001,7.98
07/03/2026 01:34,15,0.001,7.98
07/03/2026 01:34,15,0.001,7.98
07/03/2026 01:04,14.875,0.001,7.98
07/03/2026 00:34,14.875,0.001,7.98
07/03/2026 00:04,14.875,0.001,7.99
06/03/2026 23:34,14.875,0.001,7.99
06/03/2026 23:04,14.875,0.001,7.99
06/03/2026 22:34,15,0.001,8
06/03/2026 22:04,14.875,0.001,8
06/03/2026 21:34,14.75,0.001,8
06/03/2026 21:04,15,0.001,8.01
06/03/2026 20:34,14.875,0.001,8.01
06/03/2026 20:04,14.75,0.001,8.01
06/03/2026 19:34,15,0.001,8.02
06/03/2026 19:04,14.875,0.001,8.02
06/03/2026 18:34,14.875,0.001,8.02
06/03/2026 18:04,14.875,0.001,8.02
06/03/2026 17:34,14.875,0.001,8.02
06/03/2026 17:04,15,0.001,8.02
06/03/2026 16:34,14.875,0.001,8.02
06/03/2026 16:04,14.875,0.001,8.02
06/03/2026 15:34,14.875,0.001,8.01
06/03/2026 15:04,15,0.001,8.01
06/03/2026 14:34,15,0.001,8.01
06/03/2026 14:04,14.875,0.001,8.01
06/03/2026 13:34,15,0.001,8
06/03/2026 13:04,15.125,0.001,8
06/03/2026 12:34,15,0.001,8
06/03/2026 12:04,15.125,0.001,7.99
06/03/2026 11:34,15.125,0.001,7.99
06/03/2026 11:04,15.125,0.001,7.99
06/03/2026 10:34,15.125,0.001,7.98
06/03/2026 10:04,15.25,0.001,7.98
06/03/2026 09:34,15.25,0.001,7.98
06/03/2026 09:04,15.375,0.001,7.97
06/03/2026 08:34,15.375,0.001,7.97
06/03/2026 08:34,15.375,0.001,7.97
06/03/2026 08:04,15.25,0.001,7.97
06/03/2026 07:34,15.375,0.001,7.96
06/03/2026 07:04,15.25,0.001,7.96
06/03/2026 06:34,15.25,0.001,7.96
06/03/2026 06:04,15.125,0.001,7.96
06/03/2026 05:34,15.375,0.001,7.96
06/03/2026 05:04,15.375,0.001,7.97
06/03/2026 04:34,15.25,0.001,7.97
06/03/2026 04:04,15.25,0.001,7.97
06/03/2026 03:34,15.25,0.001,7.97
06/03/2026 03:04,15.25,0.001,7.97
06/03/2026 02:34,15.125,0.001,7.98
06/03/2026 02:04,15.25,0.001,7.98
06/03/2026 01:34,15.125,0.001,7.98
06/03/2026 01:04,15.125,0.001,7.98
06/03/2026 00:34,15.125,0.001,7.99
06/03/2026 00:04,15,0.001,7.99
05/03/2026 23:34,15,0.001,7.99
05/03/2026 23:04,15,0.001,7.99
05/03/2026 22:34,15,0.001,7.99
05/03/2026 22:04,14.875,0.001,8
05/03/2026 21:34,14.875,0.001,8
05/03/2026 21:04,14.875,0.001,8
05/03/2026 20:34,14.75,0.001,8
05/03/2026 20:04,14.875,0.001,8
05/03/2026 19:34,13.75,0.001,8.01
05/03/2026 19:04,14.625,0.001,8.01
05/03/2026 18:34,14.625,0.001,8.01
05/03/2026 18:04,14.5,0.001,8.01
05/03/2026 17:34,13.75,0.001,8.02
05/03/2026 17:04,14.75,0.001,8.01
05/03/2026 16:34,14.875,0.001,8.01
05/03/2026 16:04,14.875,0.001,8.01
05/03/2026 15:34,14.75,0.001,8.01
05/03/2026 15:04,14.875,0.001,8.01
05/03/2026 15:04,14.875,0.001,8.01
05/03/2026 14:34,15,0.001,8
05/03/2026 14:04,14.875,0.001,8
05/03/2026 13:34,15,0.001,8
05/03/2026 13:04,14.875,0.001,7.99
05/03/2026 12:34,15,0.001,7.99
05/03/2026 12:04,15,0.001,7.99
05/03/2026 11:34,15,0.001,7.98
05/03/2026 11:04,15,0.001,7.98
05/03/2026 10:34,15.125,0.001,7.97
05/03/2026 10:04,15,0.001,7.97
05/03/2026 09:34,15,0.001,7.97
05/03/2026 09:34,15,0.001,7.97
05/03/2026 09:04,15.125,0.001,7.96
05/03/2026 08:34,14.875,0.001,7.96
05/03/2026 08:04,15.125,0.001,7.96
05/03/2026 07:34,15.125,0.001,7.96
05/03/2026 07:04,15.125,0.001,7.95
05/03/2026 06:34,15.125,0.001,7.95
05/03/2026 06:04,15.125,0.001,7.95
05/03/2026 05:34,15,0.001,7.95
05/03/2026 05:04,15,0.001,7.96
05/03/2026 04:34,15,0.001,7.96
05/03/2026 04:04,15,0.001,7.96
05/03/2026 03:34,15,0.001,7.96
05/03/2026 03:04,15,0.001,7.97
05/03/2026 02:34,14.875,0.001,7.97
05/03/2026 02:04,14.875,0.001,7.97
05/03/2026 01:34,15,0.001,7.97
05/03/2026 01:04,14.875,0.001,7.98
05/03/2026 00:34,15,0.001,7.98
05/03/2026 00:04,14.875,0.001,7.98
04/03/2026 23:34,14.875,0.001,7.98
04/03/2026 23:04,14.75,0.001,7.98
04/03/2026 22:34,14.875,0.001,7.99
04/03/2026 22:04,14.75,0.001,7.99
04/03/2026 21:34,14.75,0.001,7.99
04/03/2026 21:04,14.75,0.001,7.99
04/03/2026 20:34,13.75,0.001,8
04/03/2026 20:04,14.75,0.001,8
04/03/2026 19:34,15.625,0.001,8
04/03/2026 19:04,14.625,0.001,8
04/03/2026 18:34,14.625,0.001,8.01
04/03/2026 18:04,15.625,0.001,8.01
04/03/2026 17:34,14.625,0.001,8.01
04/03/2026 17:04,13.75,0.001,8.01
04/03/2026 16:34,15.625,0.001,8
04/03/2026 16:04,14.75,0.001,8
04/03/2026 15:34,14.75,0.001,8
04/03/2026 15:04,14.875,0.001,8
04/03/2026 14:34,14.875,0.001,8
04/03/2026 14:04,14.875,0.001,7.99
04/03/2026 13:34,14.875,0.001,7.99
04/03/2026 13:04,14.875,0.001,7.99
04/03/2026 12:34,14.875,0.001,7.98
04/03/2026 12:04,14.875,0.001,7.98
04/03/2026 11:34,14.875,0.001,7.97
04/03/2026 11:04,14.875,0.001,7.97
04/03/2026 10:34,15,0.001,7.97
04/03/2026 10:04,14.875,0.001,7.96
04/03/2026 09:34,15.125,0.001,7.96
04/03/2026 09:04,15,0.001,7.96
04/03/2026 08:34,15.125,0.001,7.95
04/03/2026 08:04,15.125,0.001,7.95
04/03/2026 08:04,15.125,0.001,7.95
04/03/2026 07:34,15,0.001,7.94
04/03/2026 07:04,15.125,0.001,7.94
04/03/2026 06:34,15,0.001,7.94
04/03/2026 06:04,15,0.001,7.94
04/03/2026 05:34,15,0.001,7.94
04/03/2026 05:04,15,0.001,7.94
04/03/2026 04:34,14.875,0.001,7.95
04/03/2026 04:04,15,0.001,7.95
04/03/2026 03:34,14.875,0.001,7.95
04/03/2026 03:04,14.875,0.001,7.95
04/03/2026 02:34,14.875,0.001,7.95
04/03/2026 02:04,14.75,0.001,7.96
04/03/2026 01:34,14.875,0.001,7.96
04/03/2026 01:04,14.875,0.001,7.96
04/03/2026 00:34,14.75,0.001,7.96
04/03/2026 00:04,14.75,0.001,7.97
03/03/2026 23:34,14.75,0.001,7.97
03/03/2026 23:04,14.75,0.001,7.97
03/03/2026 22:34,13.875,0.001,7.97
03/03/2026 22:04,14.5,0.001,7.98
03/03/2026 21:34,14.75,0.001,7.98
03/03/2026 21:04,14.75,0.001,7.98
03/03/2026 20:34,14.625,0.001,7.99
03/03/2026 20:04,14.75,0.001,7.99
03/03/2026 19:34,14.875,0.001,8
03/03/2026 19:04,14.75,0.001,8
03/03/2026 18:34,14.75,0.001,8.01
03/03/2026 18:04,14.875,0.001,8.01
03/03/2026 17:34,15,0.001,8.02
03/03/2026 17:04,15.125,0.001,8.02
03/03/2026 16:34,15,0.001,8.02
03/03/2026 16:04,15,0.001,8.03
03/03/2026 15:34,15.125,0.001,8.01
03/03/2026 15:04,15.125,0.001,8.01
03/03/2026 14:34,15.25,0.001,8.01
03/03/2026 14:04,15.25,0.001,8.01
03/03/2026 13:34,15.125,0.001,8
03/03/2026 13:04,15.125,0.001,8
03/03/2026 12:34,15.125,0.001,8
03/03/2026 12:04,15.125,0.001,8
03/03/2026 11:34,15.25,0.001,7.99
03/03/2026 11:04,15,0.001,7.99
03/03/2026 10:34,15.125,0.001,7.98
03/03/2026 10:04,15,0.001,7.98
03/03/2026 09:34,15,0.001,7.98
03/03/2026 09:04,15,0.001,7.98
03/03/2026 08:34,15,0.001,7.98
03/03/2026 08:04,15,0.001,7.97
03/03/2026 07:34,15.125,0.001,7.97
03/03/2026 07:04,15,0.001,7.97
03/03/2026 06:34,15.125,0.001,7.97
03/03/2026 06:04,15.125,0.001,7.97
03/03/2026 05:34,15.125,0.001,7.97
03/03/2026 05:04,15,0.001,7.98
03/03/2026 04:34,14.875,0.001,7.98
03/03/2026 04:04,15.25,0.001,7.98
03/03/2026 04:04,15.25,0.001,7.98
03/03/2026 03:34,15.125,0.001,7.98
03/03/2026 03:04,15.125,0.001,7.99
03/03/2026 02:34,14.875,0.001,7.99
03/03/2026 02:04,15.125,0.001,7.99
03/03/2026 01:34,15.125,0.001,7.99
03/03/2026 01:04,15,0.001,8
03/03/2026 00:34,15,0.001,8
03/03/2026 00:04,15.125,0.001,8
02/03/2026 23:34,15,0.001,8
02/03/2026 23:04,14.875,0.001,8
02/03/2026 22:34,14.875,0.001,8.01
02/03/2026 22:04,14.875,0.001,8.01
02/03/2026 21:34,15,0.001,8.01
02/03/2026 21:04,15,0.001,8.01
02/03/2026 20:34,15,0.001,8.02
02/03/2026 20:04,14.875,0.001,8.02
02/03/2026 19:34,14.875,0.001,8.02
02/03/2026 19:04,15,0.001,8.02
02/03/2026 18:34,14.875,0.001,8.03
02/03/2026 18:04,15.125,0.001,8.03
02/03/2026 17:34,15.125,0.001,8.03
02/03/2026 17:04,15.125,0.001,8.03
02/03/2026 16:34,15.125,0.001,8.02
02/03/2026 16:04,15.25,0.001,8.02
02/03/2026 15:34,15.25,0.001,8.02
02/03/2026 15:04,15.125,0.001,8.02
02/03/2026 14:34,15.125,0.001,8.02
02/03/2026 14:04,15.125,0.001,8.01
02/03/2026 13:34,15.125,0.001,8.01
02/03/2026 13:04,15.125,0.001,8.01
02/03/2026 12:34,15.125,0.001,8
02/03/2026 12:04,15.125,0.001,8
02/03/2026 11:34,15.25,0.001,8
02/03/2026 11:04,15.125,0.001,7.99
02/03/2026 10:34,15.125,0.001,7.99
02/03/2026 10:04,15.25,0.001,7.98
02/03/2026 09:34,15.125,0.001,7.98
02/03/2026 09:04,15.125,0.001,7.98
02/03/2026 08:34,15.125,0.001,7.98
02/03/2026 08:04,15.125,0.001,7.97
02/03/2026 07:34,15.125,0.001,7.97
02/03/2026 07:04,15.125,0.001,7.97
02/03/2026 06:34,15.125,0.001,7.97
02/03/2026 06:04,15.125,0.001,7.97
02/03/2026 05:34,15.125,0.001,7.97
02/03/2026 05:34,15.125,0.001,7.97
02/03/2026 05:04,15.25,0.001,7.97
02/03/2026 04:34,15.125,0.001,7.98
02/03/2026 04:04,15.125,0.001,7.98
02/03/2026 03:34,15.125,0.001,7.98
02/03/2026 03:04,15.125,0.001,7.98
02/03/2026 02:34,15.125,0.001,7.98
02/03/2026 02:04,15,0.001,7.99
02/03/2026 01:34,15.125,0.001,7.99
02/03/2026 01:34,15.125,0.001,7.99
02/03/2026 01:04,15.125,0.001,7.99
02/03/2026 00:34,15,0.001,7.99
02/03/2026 00:04,15,0.001,8
01/03/2026 23:34,15.125,0.001,8
01/03/2026 23:04,15.125,0.001,8
01/03/2026 23:04,15.125,0.001,8
01/03/2026 22:34,15.125,0.001,8
01/03/2026 22:04,15,0.001,8.01
01/03/2026 21:34,15.125,0.001,8.01
01/03/2026 21:04,14.875,0.001,8.01
01/03/2026 20:34,15,0.001,8.01
01/03/2026 20:04,14.75,0.001,8.01
01/03/2026 19:34,14.875,0.001,8.02
01/03/2026 19:04,15,0.001,8.02
01/03/2026 18:34,15,0.001,8.02
01/03/2026 18:04,14.875,0.001,8.02
01/03/2026 17:34,15,0.001,8.02
01/03/2026 17:04,15,0.001,8.02
01/03/2026 16:34,15.125,0.001,8.02
01/03/2026 16:04,15.125,0.001,8.02
01/03/2026 15:34,15.125,0.001,8.02
01/03/2026 15:04,15.25,0.001,8.01
01/03/2026 14:34,15.125,0.001,8.01
01/03/2026 14:04,15.125,0.001,8.01
01/03/2026 13:34,15.125,0.001,8
01/03/2026 13:04,15.125,0.001,8
01/03/2026 12:34,15.125,0.001,7.99
01/03/2026 12:34,15.125,0.001,7.99
01/03/2026 12:04,15.125,0.001,7.99
01/03/2026 11:34,15.125,0.001,7.99
01/03/2026 11:04,15.125,0.001,7.98
01/03/2026 10:34,15,0.001,7.98
01/03/2026 10:04,15,0.001,7.97
01/03/2026 09:34,15.125,0.001,7.97
01/03/2026 09:04,15.125,0.001,7.97
01/03/2026 08:34,15.125,0.001,7.96
01/03/2026 08:04,15.25,0.001,7.96
01/03/2026 07:34,15.125,0.001,7.96
01/03/2026 07:04,15.125,0.001,7.96
01/03/2026 06:34,15.125,0.001,7.95
01/03/2026 06:04,15.125,0.001,7.95
01/03/2026 05:34,15.125,0.001,7.96
01/03/2026 05:34,15.125,0.001,7.96
01/03/2026 05:04,15.125,0.001,7.96
01/03/2026 04:34,15.125,0.001,7.96
01/03/2026 04:04,15.125,0.001,7.96
01/03/2026 03:34,15.25,0.001,7.96
01/03/2026 03:04,15.125,0.001,7.96
01/03/2026 02:34,15.125,0.001,7.97
01/03/2026 02:04,15.125,0.001,7.97
01/03/2026 01:34,15.125,0.001,7.97
01/03/2026 01:04,15,0.001,7.97
01/03/2026 00:34,15,0.001,7.97
01/03/2026 00:04,15,0.001,7.98
01/03/2026 00:04,15,0.001,7.98
28/02/2026 23:34,14.875,0.001,7.98
28/02/2026 23:04,15,0.001,7.98
28/02/2026 22:34,14.875,0.001,7.98
28/02/2026 22:04,15,0.001,7.99
28/02/2026 21:34,15,0.001,7.99
28/02/2026 21:04,15,0.001,7.99
28/02/2026 20:34,14.875,0.001,7.99
28/02/2026 20:04,15.125,0.001,8
28/02/2026 19:34,15,0.001,8
28/02/2026 19:04,14.875,0.001,8
28/02/2026 18:34,14.875,0.001,8
28/02/2026 18:04,15.125,0.001,8.01
28/02/2026 17:34,15.125,0.001,8.01
28/02/2026 17:04,15.125,0.001,8
28/02/2026 16:34,15.25,0.001,8
28/02/2026 16:04,15.25,0.001,8
28/02/2026 16:04,15.25,0.001,8
28/02/2026 15:34,15.375,0.001,7.99
28/02/2026 15:04,15.375,0.001,7.99
28/02/2026 14:34,15.25,0.001,7.99
28/02/2026 14:04,15.375,0.001,7.98
28/02/2026 13:34,15.25,0.001,7.98
28/02/2026 13:04,15.125,0.001,7.98
28/02/2026 12:34,15.125,0.001,7.97
28/02/2026 12:04,15.25,0.001,7.97
28/02/2026 11:34,15.25,0.001,7.96
28/02/2026 11:04,15.25,0.001,7.96
28/02/2026 10:34,15.25,0.001,7.95
28/02/2026 10:30,15.25,0.001,7.95
28/02/2026 10:04,15.25,0.001,7.95
28/02/2026 09:34,15.25,0.001,7.94
28/02/2026 09:04,15.25,0.001,7.94
28/02/2026 08:34,15.375,0.001,7.93
28/02/2026 08:04,15.375,0.001,7.93
28/02/2026 07:34,15.375,0.001,7.92
28/02/2026 07:04,15.375,0.001,7.92
28/02/2026 06:34,15.375,0.001,7.92
28/02/2026 06:04,15.25,0.001,7.92
28/02/2026 05:34,15.25,0.001,7.92
28/02/2026 05:04,15.25,0.001,7.93
28/02/2026 04:34,15.25,0.001,7.93
28/02/2026 04:04,15.375,0.001,7.93
28/02/2026 03:34,15.375,0.001,7.93
28/02/2026 03:04,15.25,0.001,7.93
28/02/2026 02:34,15.25,0.001,7.93
28/02/2026 02:04,15.125,0.001,7.93
28/02/2026 01:34,15.125,0.001,7.93
28/02/2026 01:04,15.125,0.001,7.93
28/02/2026 00:34,15.25,0.001,7.93
28/02/2026 00:04,15.125,0.001,7.93
27/02/2026 23:34,15.125,0.001,7.94
27/02/2026 23:04,15.125,0.001,7.94
27/02/2026 22:34,15.125,0.001,7.94
27/02/2026 22:04,15.125,0.001,7.94
27/02/2026 21:34,15.125,0.001,7.94
27/02/2026 21:04,15.25,0.001,7.95
27/02/2026 20:34,15.25,0.001,7.95
27/02/2026 20:04,15.375,0.001,7.95
27/02/2026 19:34,15.375,0.001,7.95
27/02/2026 19:34,15.375,0.001,7.95
27/02/2026 19:04,15.5,0.001,7.95
27/02/2026 18:34,15.625,0.001,7.95
27/02/2026 18:04,15.625,0.001,7.95
27/02/2026 17:34,16.625,0.001,7.95
27/02/2026 17:34,16.625,0.001,7.95
27/02/2026 17:04,16.625,0.001,7.95
27/02/2026 16:34,15.625,0.001,7.95
27/02/2026 16:04,15.625,0.001,7.94
27/02/2026 15:34,15.625,0.001,7.94
27/02/2026 15:04,16.625,0.001,7.94
27/02/2026 14:34,15.625,0.001,7.93
27/02/2026 14:04,15.375,0.001,7.93
27/02/2026 13:34,15.375,0.001,7.93
27/02/2026 13:04,15.375,0.001,7.93
27/02/2026 12:34,15.375,0.001,7.92
27/02/2026 12:04,15.375,0.001,7.92
27/02/2026 11:34,15.125,0.001,7.91
27/02/2026 11:04,15.125,0.001,7.9
27/02/2026 10:49,15.5,0.001,7.9
27/02/2026 10:48,15.5,0.001,7.9
27/02/2026 10:48,15.375,0.001,8.56
21/02/2026 14:34,15.5,0.001,7.99
21/02/2026 14:04,15.5,0.001,7.99
21/02/2026 13:34,15.375,0.001,7.99
21/02/2026 13:04,15.375,0.001,7.98
21/02/2026 12:34,15.125,0.001,7.98
21/02/2026 12:04,15.125,0.001,7.97
21/02/2026 11:34,15.125,0.001,7.97
21/02/2026 11:04,15.25,0.001,7.96
21/02/2026 10:34,15.25,0.001,7.96
21/02/2026 10:04,15.25,0.001,7.96
21/02/2026 09:34,15.125,0.001,7.96
21/02/2026 09:04,15.125,0.001,7.95
21/02/2026 09:04,15.125,0.001,7.95
21/02/2026 08:34,15.25,0.001,7.95
21/02/2026 08:04,15.375,0.001,7.95
21/02/2026 07:34,15.25,0.001,7.94
21/02/2026 07:04,15.25,0.001,7.95
21/02/2026 06:34,15.375,0.001,7.94
21/02/2026 06:04,15.25,0.001,7.95
21/02/2026 05:34,15.25,0.001,7.95
21/02/2026 05:04,15.25,0.001,7.95
21/02/2026 04:34,15.375,0.001,7.95
21/02/2026 04:04,15.375,0.001,7.96
21/02/2026 03:34,15.375,0.001,7.96
21/02/2026 03:04,15.25,0.001,7.96
21/02/2026 02:34,15.125,0.001,7.96
21/02/2026 02:04,15.375,0.001,7.97
21/02/2026 01:34,15.375,0.001,7.97
21/02/2026 01:34,15.375,0.001,7.97
21/02/2026 01:04,15.375,0.001,7.97
21/02/2026 00:34,15.25,0.001,7.97
21/02/2026 00:04,15.25,0.001,7.98
20/02/2026 23:34,15.25,0.001,7.98
20/02/2026 23:04,15.125,0.001,7.98
20/02/2026 22:34,15.25,0.001,7.98
20/02/2026 22:04,15.375,0.001,7.99
20/02/2026 21:34,15.375,0.001,7.99
20/02/2026 21:04,15.125,0.001,7.99
20/02/2026 20:34,15.375,0.001,7.99
20/02/2026 20:04,15.375,0.001,8
20/02/2026 19:34,15.375,0.001,8
20/02/2026 19:04,15.5,0.001,8.01
20/02/2026 18:34,15.625,0.001,8.01
20/02/2026 18:04,15.5,0.001,8.01
20/02/2026 17:34,15.625,0.001,8.01
20/02/2026 17:04,15.625,0.001,8.01
20/02/2026 17:04,15.625,0.001,8.01
20/02/2026 16:34,15.75,0.001,8.01
20/02/2026 16:04,16.625,0.001,8.01
20/02/2026 15:34,15.625,0.001,8
20/02/2026 15:04,15.625,0.001,8
20/02/2026 14:34,15.5,0.001,8
20/02/2026 14:04,15.5,0.001,7.99
20/02/2026 13:34,15.375,0.001,7.99
20/02/2026 13:34,15.375,0.001,7.99
20/02/2026 13:04,15.375,0.001,7.99
20/02/2026 12:34,15.25,0.001,7.98
20/02/2026 12:04,15.25,0.001,7.98
20/02/2026 11:34,15.125,0.001,7.98
20/02/2026 11:04,15.25,0.001,7.97
20/02/2026 10:34,15.125,0.001,7.97
20/02/2026 10:04,15.25,0.001,7.96
20/02/2026 09:34,15.125,0.001,7.96
20/02/2026 09:04,15.25,0.001,7.96
20/02/2026 08:34,15.5,0.001,7.95
20/02/2026 08:04,15.375,0.001,7.95
20/02/2026 07:34,15.5,0.001,7.95
20/02/2026 07:04,15.5,0.001,7.95
20/02/2026 06:34,15.375,0.001,7.95
20/02/2026 06:04,15.375,0.001,7.95
20/02/2026 05:34,15.5,0.001,7.95
20/02/2026 05:04,15.25,0.001,7.95
20/02/2026 04:34,15.25,0.001,7.95
20/02/2026 04:04,15.375,0.001,7.96
20/02/2026 03:34,15.25,0.001,7.96
20/02/2026 03:04,15.25,0.001,7.96
20/02/2026 02:34,15.125,0.001,7.96
20/02/2026 02:04,15.125,0.001,7.97
20/02/2026 01:34,15.25,0.001,7.97
20/02/2026 01:04,15.125,0.001,7.97
20/02/2026 00:34,15.25,0.001,7.97
20/02/2026 00:04,15.125,0.001,7.98
19/02/2026 23:34,15.125,0.001,7.98
19/02/2026 23:04,15.25,0.001,7.98
19/02/2026 22:34,15.25,0.001,7.99
19/02/2026 22:04,15.125,0.001,7.99
19/02/2026 21:34,15.125,0.001,7.99
19/02/2026 21:04,15.125,0.001,8
19/02/2026 20:34,15.375,0.001,8
19/02/2026 20:04,15.375,0.001,8
19/02/2026 19:34,15.25,0.001,8.01
19/02/2026 19:04,15.375,0.001,8.01
19/02/2026 18:34,15.5,0.001,8.01
19/02/2026 18:04,15.5,0.001,8.01
19/02/2026 17:34,15.625,0.001,8.02
19/02/2026 17:04,15.5,0.001,8.01
19/02/2026 16:34,15.5,0.001,8.01
19/02/2026 16:04,15.5,0.001,8.01
19/02/2026 15:34,15.375,0.001,8.01
19/02/2026 15:04,15.375,0.001,8
19/02/2026 14:34,15.375,0.001,8
19/02/2026 14:04,15.25,0.001,8
19/02/2026 13:34,15.25,0.001,7.99
19/02/2026 13:04,15.125,0.001,7.99
19/02/2026 12:34,15.25,0.001,7.99
19/02/2026 12:04,15,0.001,7.98
19/02/2026 11:34,15.125,0.001,7.98
19/02/2026 11:04,15.125,0.001,7.98
19/02/2026 11:04,15.125,0.001,7.98
19/02/2026 10:34,15,0.001,7.98
19/02/2026 10:04,15.125,0.001,7.97
19/02/2026 09:34,15.125,0.001,7.97
19/02/2026 09:04,15.125,0.001,7.96
19/02/2026 08:34,15.125,0.001,7.96
19/02/2026 08:04,15.125,0.001,7.96
19/02/2026 07:34,15.125,0.001,7.95
19/02/2026 07:04,15.25,0.001,7.95
19/02/2026 07:04,15.25,0.001,7.95
19/02/2026 06:34,15.25,0.001,7.95
19/02/2026 06:04,15.25,0.001,7.96
19/02/2026 05:34,15.125,0.001,7.96
19/02/2026 05:34,15.125,0.001,7.96
19/02/2026 05:04,15.25,0.001,7.96
19/02/2026 04:34,15.125,0.001,7.96
19/02/2026 04:34,15.125,0.001,7.96
19/02/2026 04:04,15.125,0.001,7.96
19/02/2026 03:34,15.125,0.001,7.96
19/02/2026 03:04,15,0.001,7.97
19/02/2026 02:34,15.25,0.001,7.97
19/02/2026 02:04,15.125,0.001,7.97
19/02/2026 01:34,15.125,0.001,7.97
19/02/2026 01:04,15,0.001,7.98
19/02/2026 00:34,14.875,0.001,7.98
19/02/2026 00:04,15.125,0.001,7.98
18/02/2026 23:34,15,0.001,7.98
18/02/2026 23:04,15.125,0.001,7.98
18/02/2026 22:34,15.125,0.001,7.99
18/02/2026 22:04,15.125,0.001,7.99
18/02/2026 21:34,15.125,0.001,7.99
18/02/2026 21:04,15,0.001,8
18/02/2026 20:34,15.125,0.001,8
18/02/2026 20:04,15,0.001,8
18/02/2026 19:34,15,0.001,8
18/02/2026 19:04,15.125,0.001,8
18/02/2026 18:34,15.25,0.001,8.01
18/02/2026 18:04,15.125,0.001,8.01
18/02/2026 17:34,15.25,0.001,8.01
18/02/2026 17:04,15.375,0.001,8.01
18/02/2026 16:04,15.375,0.001,8.01
18/02/2026 15:34,15.375,0.001,8.01
18/02/2026 15:04,15.375,0.001,8
18/02/2026 14:34,15.375,0.001,8
18/02/2026 14:04,15.375,0.001,8
18/02/2026 13:34,15.375,0.001,7.99
18/02/2026 13:04,15.25,0.001,7.98
18/02/2026 12:34,15.125,0.001,7.98
18/02/2026 12:04,15.125,0.001,7.98
18/02/2026 12:04,15.125,0.001,7.98
18/02/2026 11:34,15,0.001,7.98
18/02/2026 11:04,15,0.001,7.97
18/02/2026 10:34,15.125,0.001,7.97
18/02/2026 10:04,15.125,0.001,7.96
18/02/2026 09:34,15,0.001,7.96
18/02/2026 09:04,15,0.001,7.96
18/02/2026 08:34,15.125,0.001,7.95
18/02/2026 08:04,15,0.001,7.95
18/02/2026 07:34,15.125,0.001,7.95
18/02/2026 07:04,15.125,0.001,7.95
18/02/2026 06:34,15.125,0.001,7.95
18/02/2026 06:04,15.25,0.001,7.95
18/02/2026 05:34,15.125,0.001,7.95
18/02/2026 05:04,15.125,0.001,7.96
18/02/2026 04:34,15.125,0.001,7.96
18/02/2026 04:04,15.125,0.001,7.96
18/02/2026 03:34,15.125,0.001,7.96
18/02/2026 03:04,15.125,0.001,7.96
18/02/2026 03:04,15.125,0.001,7.96
18/02/2026 02:34,15,0.001,7.97
18/02/2026 02:04,15,0.001,7.97
18/02/2026 01:34,15,0.001,7.97
18/02/2026 01:04,15.125,0.001,7.97
18/02/2026 00:34,15.25,0.001,7.97
18/02/2026 00:04,15.125,0.001,7.98
17/02/2026 23:34,15.125,0.001,7.98
17/02/2026 23:04,15.25,0.001,7.99
17/02/2026 23:04,15.25,0.001,7.99
17/02/2026 22:34,15.375,0.001,7.99
17/02/2026 22:04,15.25,0.001,7.99
17/02/2026 21:34,15.375,0.001,7.99
17/02/2026 21:04,15.5,0.001,8
17/02/2026 20:34,15.375,0.001,8
17/02/2026 20:04,15.625,0.001,8
17/02/2026 19:34,15.625,0.001,8.01
17/02/2026 19:04,15.75,0.001,8.01
17/02/2026 18:34,15.75,0.001,8.01
17/02/2026 18:04,15.75,0.001,8.02
17/02/2026 17:34,15.875,0.001,8.02
17/02/2026 17:04,15.75,0.001,8.02
17/02/2026 16:34,15.75,0.001,8.01
17/02/2026 16:04,15.75,0.001,8.01
17/02/2026 15:34,15.75,0.001,8.01
17/02/2026 15:04,14.75,0.001,8
17/02/2026 14:34,15.625,0.001,8
17/02/2026 14:04,15.5,0.001,8
17/02/2026 13:34,15.375,0.001,7.99
17/02/2026 13:04,15.375,0.001,7.99
17/02/2026 12:34,15.375,0.001,7.99
17/02/2026 12:04,15.125,0.001,7.98
17/02/2026 11:34,15.125,0.001,7.98
17/02/2026 11:04,15.125,0.001,7.98
17/02/2026 10:34,15.25,0.001,7.97
17/02/2026 10:04,15.25,0.001,7.97
17/02/2026 09:34,15.25,0.001,7.96
17/02/2026 09:04,15.25,0.001,7.96
17/02/2026 08:34,15.25,0.001,7.96
17/02/2026 08:34,15.25,0.001,7.96
17/02/2026 08:04,15.25,0.001,7.95
17/02/2026 07:34,15.25,0.001,7.95
17/02/2026 07:04,15.375,0.001,7.95
17/02/2026 06:34,15.375,0.001,7.95
17/02/2026 06:04,15.25,0.001,7.95
17/02/2026 05:34,15.375,0.001,7.95
17/02/2026 05:04,15.375,0.001,7.95
17/02/2026 05:04,15.375,0.001,7.95
17/02/2026 04:34,15.25,0.001,7.95
17/02/2026 04:04,15.25,0.001,7.95
17/02/2026 03:34,15.375,0.001,7.96
17/02/2026 03:04,15.25,0.001,7.96
17/02/2026 02:34,15.25,0.001,7.96
17/02/2026 02:04,15.25,0.001,7.96
17/02/2026 01:34,15.375,0.001,7.96
17/02/2026 01:04,15.25,0.001,7.97
17/02/2026 00:34,15.125,0.001,7.97
17/02/2026 00:04,15.25,0.001,7.97
16/02/2026 23:34,15.25,0.001,7.97
16/02/2026 23:04,15.25,0.001,7.97
16/02/2026 22:34,15.25,0.001,7.98
16/02/2026 22:04,15.375,0.001,7.98
16/02/2026 21:34,15.25,0.001,7.98
16/02/2026 21:04,15.375,0.001,7.99
16/02/2026 20:34,15.5,0.001,7.99
16/02/2026 20:04,15.5,0.001,7.99
16/02/2026 19:34,15.5,0.001,8
16/02/2026 19:04,15.5,0.001,8
16/02/2026 18:34,15.5,0.001,8
16/02/2026 18:34,15.5,0.001,8
16/02/2026 18:04,15.625,0.001,8.01
16/02/2026 17:34,15.625,0.001,8.01
16/02/2026 17:04,16.625,0.001,8.01
16/02/2026 16:34,15.625,0.001,8.01
16/02/2026 16:04,14.75,0.001,8
16/02/2026 15:34,15.5,0.001,8
16/02/2026 15:04,15.5,0.001,8
16/02/2026 14:34,15.5,0.001,8
16/02/2026 14:04,15.5,0.001,7.99
16/02/2026 13:34,15.375,0.001,7.99
16/02/2026 13:04,15.25,0.001,7.99
16/02/2026 12:34,15.25,0.001,7.98
16/02/2026 12:04,15.125,0.001,7.98
16/02/2026 11:34,15.25,0.001,7.97
16/02/2026 11:04,15.125,0.001,7.97
16/02/2026 10:34,15.125,0.001,7.97
16/02/2026 10:04,15.25,0.001,7.96
16/02/2026 09:34,15.125,0.001,7.96
16/02/2026 09:04,15.375,0.001,7.96
16/02/2026 08:34,15.125,0.001,7.96
16/02/2026 08:04,15.25,0.001,7.95
16/02/2026 07:34,15.5,0.001,7.95
16/02/2026 07:04,15.375,0.001,7.95
16/02/2026 06:34,15.25,0.001,7.95
16/02/2026 06:04,15.375,0.001,7.95
16/02/2026 05:34,15.375,0.001,7.95
16/02/2026 05:04,15.375,0.001,7.95
16/02/2026 04:34,15.375,0.001,7.95
16/02/2026 04:04,15.25,0.001,7.96
16/02/2026 03:34,15.25,0.001,7.96
16/02/2026 03:04,15.5,0.001,7.96
16/02/2026 02:34,15.25,0.001,7.96
16/02/2026 02:04,15.25,0.001,7.97
16/02/2026 01:34,15.375,0.001,7.97
16/02/2026 01:04,15.25,0.001,7.97
16/02/2026 00:34,15.25,0.001,7.97
16/02/2026 00:04,15.25,0.001,7.98
15/02/2026 23:34,15.125,0.001,7.98
15/02/2026 23:04,15.125,0.001,7.98
15/02/2026 22:34,15.125,0.001,7.98
15/02/2026 22:04,15.125,0.001,7.98
15/02/2026 21:34,15,0.001,7.99
15/02/2026 21:04,15.125,0.001,7.99
15/02/2026 20:34,15.125,0.001,7.99
15/02/2026 20:34,15.125,0.001,7.99
15/02/2026 20:04,15.25,0.001,7.99
15/02/2026 19:34,15.25,0.001,7.99
15/02/2026 19:04,15,0.001,8
15/02/2026 18:34,15.125,0.001,8
15/02/2026 18:04,15.125,0.001,8
15/02/2026 17:34,15.125,0.001,8
15/02/2026 17:34,15.125,0.001,8
15/02/2026 17:04,15.125,0.001,8
15/02/2026 16:34,15.125,0.001,8
15/02/2026 16:34,15.125,0.001,8
15/02/2026 16:04,15.25,0.001,8
15/02/2026 16:04,15.25,0.001,8
15/02/2026 15:34,15.125,0.001,8
15/02/2026 15:04,15.125,0.001,7.99
15/02/2026 14:34,15,0.001,7.99
15/02/2026 14:04,15.125,0.001,7.98
15/02/2026 13:34,14.875,0.001,7.98
15/02/2026 13:04,15.125,0.001,7.98
15/02/2026 13:04,15.125,0.001,7.98
15/02/2026 12:34,15.125,0.001,7.97
15/02/2026 12:04,15,0.001,7.97
15/02/2026 11:34,15,0.001,7.97
15/02/2026 11:04,15,0.001,7.96
15/02/2026 10:34,15,0.001,7.96
15/02/2026 10:04,15.125,0.001,7.95
15/02/2026 09:34,15.125,0.001,7.95
15/02/2026 09:04,15,0.001,7.95
15/02/2026 08:34,15.125,0.001,7.94
15/02/2026 08:04,15.125,0.001,7.94
15/02/2026 07:34,15.125,0.001,7.94
15/02/2026 07:04,15.125,0.001,7.93
15/02/2026 06:34,15.125,0.001,7.93
15/02/2026 06:04,15.25,0.001,7.93
15/02/2026 05:34,15.125,0.001,7.93
15/02/2026 05:04,15.125,0.001,7.93
15/02/2026 04:34,15.125,0.001,7.94
15/02/2026 04:04,15.125,0.001,7.94
15/02/2026 03:34,15.125,0.001,7.94
15/02/2026 03:04,15,0.001,7.94
15/02/2026 02:34,15,0.001,7.94
15/02/2026 02:04,15,0.001,7.95
15/02/2026 01:34,15.125,0.001,7.95
15/02/2026 01:04,15.25,0.001,7.95
15/02/2026 00:34,15.125,0.001,7.95
15/02/2026 00:04,15,0.001,7.95
14/02/2026 23:34,15,0.001,7.95
14/02/2026 23:04,15,0.001,7.96
14/02/2026 22:34,14.875,0.001,7.96
14/02/2026 22:04,14.875,0.001,7.96
14/02/2026 21:34,14.875,0.001,7.96
14/02/2026 21:04,14.875,0.001,7.97
14/02/2026 20:34,14.75,0.001,7.97
14/02/2026 20:04,14.75,0.001,7.97
14/02/2026 19:34,14.625,0.001,7.98
14/02/2026 19:04,14.75,0.001,7.98
14/02/2026 18:34,13.75,0.001,7.98
14/02/2026 18:04,14.75,0.001,7.98
14/02/2026 17:34,14.75,0.001,7.98
14/02/2026 17:04,14.875,0.001,7.98
14/02/2026 16:34,14.875,0.001,7.98
14/02/2026 16:04,14.875,0.001,7.98
14/02/2026 15:34,14.875,0.001,7.98
14/02/2026 15:04,14.875,0.001,7.97
14/02/2026 14:34,15,0.001,7.97
14/02/2026 14:34,15,0.001,7.97
14/02/2026 14:04,15,0.001,7.97
14/02/2026 13:34,14.875,0.001,7.97
14/02/2026 13:04,15,0.001,7.96
14/02/2026 13:04,15,0.001,7.96
14/02/2026 12:34,14.875,0.001,7.96
14/02/2026 12:04,15,0.001,7.96
14/02/2026 11:34,15,0.001,7.96
14/02/2026 11:04,15,0.001,7.95
14/02/2026 10:34,15,0.001,7.95
14/02/2026 10:04,15.125,0.001,7.95
14/02/2026 09:34,15.125,0.001,7.95
14/02/2026 09:04,15.125,0.001,7.94
14/02/2026 08:34,15.125,0.001,7.94
14/02/2026 08:04,15.125,0.001,7.93
14/02/2026 07:34,15.125,0.001,7.93
14/02/2026 07:04,15.25,0.001,7.93
14/02/2026 06:34,15.125,0.001,7.93
14/02/2026 06:04,15.125,0.001,7.93
14/02/2026 05:34,15.25,0.001,7.93
14/02/2026 05:04,15.25,0.001,7.94
14/02/2026 04:34,15.125,0.001,7.93
14/02/2026 04:04,15.25,0.001,7.94
14/02/2026 03:34,15.25,0.001,7.94
14/02/2026 03:04,15.125,0.001,7.94
14/02/2026 02:34,15.125,0.001,7.95
14/02/2026 02:04,15.125,0.001,7.95
14/02/2026 01:34,15.125,0.001,7.95
14/02/2026 01:04,15.125,0.001,7.95
14/02/2026 00:34,15,0.001,7.96
14/02/2026 00:04,15.125,0.001,7.96
13/02/2026 23:34,15,0.001,7.96
13/02/2026 23:34,15,0.001,7.96
13/02/2026 23:04,15,0.001,7.96
13/02/2026 22:34,15,0.001,7.96
13/02/2026 22:04,15,0.001,7.97
13/02/2026 21:34,15.125,0.001,7.97
13/02/2026 21:04,14.875,0.001,7.97
13/02/2026 20:34,14.875,0.001,7.97
13/02/2026 20:04,14.875,0.001,7.98
13/02/2026 19:34,15,0.001,7.98
13/02/2026 19:04,14.875,0.001,7.98
13/02/2026 18:34,14.875,0.001,7.99
13/02/2026 18:04,14.875,0.001,7.99
13/02/2026 17:34,15,0.001,7.99
13/02/2026 17:04,14.875,0.001,7.98
13/02/2026 16:34,15,0.001,7.98
13/02/2026 16:04,15.125,0.001,7.98
13/02/2026 15:34,15,0.001,7.98
13/02/2026 15:04,15,0.001,7.98
13/02/2026 14:34,15,0.001,7.97
13/02/2026 14:34,15,0.001,7.97
13/02/2026 14:04,15,0.001,7.97
13/02/2026 13:34,15,0.001,7.97
13/02/2026 13:04,15,0.001,7.97
13/02/2026 12:34,15.125,0.001,7.97
13/02/2026 12:04,15,0.001,7.96
13/02/2026 11:34,15.125,0.001,7.96
13/02/2026 11:04,15,0.001,7.95
13/02/2026 11:04,15,0.001,7.95
13/02/2026 10:34,15.125,0.001,7.95
13/02/2026 10:34,15.125,0.001,7.95
13/02/2026 10:04,15,0.001,7.95
13/02/2026 09:34,15,0.001,7.94
13/02/2026 09:04,15,0.001,7.94
13/02/2026 08:34,14.875,0.001,7.94
13/02/2026 08:04,14.875,0.001,7.93
13/02/2026 07:34,15,0.001,7.93
13/02/2026 07:04,15,0.001,7.93
13/02/2026 06:34,15.125,0.001,7.93
13/02/2026 06:04,15,0.001,7.93
13/02/2026 05:34,15,0.001,7.93
13/02/2026 05:04,14.875,0.001,7.93
13/02/2026 04:34,14.875,0.001,7.93
13/02/2026 04:04,14.875,0.001,7.93
13/02/2026 03:34,14.875,0.001,7.93
13/02/2026 03:04,14.75,0.001,7.93
13/02/2026 02:34,14.875,0.001,7.93
13/02/2026 02:04,14.875,0.001,7.94
13/02/2026 01:34,14.875,0.001,7.94
13/02/2026 01:34,14.875,0.001,7.94
13/02/2026 01:04,14.75,0.001,7.94
13/02/2026 00:34,14.75,0.001,7.94
13/02/2026 00:04,15,0.001,7.94
12/02/2026 23:34,15,0.001,7.94
12/02/2026 23:04,14.875,0.001,7.95
12/02/2026 22:34,14.875,0.001,7.95
12/02/2026 22:04,15,0.001,7.95
12/02/2026 21:34,15,0.001,7.95
12/02/2026 21:04,15,0.001,7.96
12/02/2026 20:34,15,0.001,7.96
12/02/2026 20:04,15.125,0.001,7.96
12/02/2026 19:34,15.125,0.001,7.96
12/02/2026 19:04,15.125,0.001,7.96
12/02/2026 18:34,15.25,0.001,7.97
12/02/2026 18:04,15.375,0.001,7.97
12/02/2026 17:34,15.25,0.001,7.97
12/02/2026 17:04,15.375,0.001,7.97
12/02/2026 16:34,15.5,0.001,7.96
12/02/2026 16:04,15.5,0.001,7.96
12/02/2026 15:34,15.375,0.001,7.96
12/02/2026 15:04,15.375,0.001,7.96
12/02/2026 14:34,15.375,0.001,7.96
12/02/2026 14:04,15.375,0.001,7.95
12/02/2026 13:34,15.25,0.001,7.95
12/02/2026 13:04,15.25,0.001,7.95
12/02/2026 12:34,15.25,0.001,7.95
12/02/2026 12:04,15.125,0.001,7.95
12/02/2026 11:34,15.25,0.001,7.96
12/02/2026 11:04,15.125,0.001,7.96
12/02/2026 10:34,15.125,0.001,7.95
12/02/2026 10:04,15.125,0.001,7.94
12/02/2026 09:34,14.875,0.001,7.95
12/02/2026 09:04,15,0.001,7.94
12/02/2026 08:34,15,0.001,7.94
12/02/2026 08:04,14.875,0.001,7.94
12/02/2026 07:34,15,0.001,7.94
12/02/2026 07:04,15,0.001,7.93
12/02/2026 06:34,15,0.001,7.93
12/02/2026 06:04,14.875,0.001,7.94
12/02/2026 05:34,14.875,0.001,7.94
12/02/2026 05:04,14.875,0.001,7.94
12/02/2026 04:34,15,0.001,7.94
12/02/2026 04:04,14.875,0.001,7.94
12/02/2026 03:34,14.75,0.001,7.94
12/02/2026 03:04,14.875,0.001,7.94
12/02/2026 02:34,15,0.001,7.95
12/02/2026 02:04,15,0.001,7.95
12/02/2026 01:34,14.875,0.001,7.95
12/02/2026 01:04,14.75,0.001,7.95
12/02/2026 00:34,14.875,0.001,7.96
12/02/2026 00:04,15,0.001,7.96
11/02/2026 23:34,15,0.001,7.96
11/02/2026 23:04,14.875,0.001,7.96
11/02/2026 22:34,15,0.001,7.97
11/02/2026 22:04,15.25,0.001,7.97
11/02/2026 21:34,15.25,0.001,7.97
11/02/2026 21:04,15.125,0.001,7.97
11/02/2026 20:34,15,0.001,7.98
11/02/2026 20:04,15.125,0.001,7.98
11/02/2026 19:34,15.375,0.001,7.98
11/02/2026 19:04,15.125,0.001,7.98
11/02/2026 18:34,15.375,0.001,7.99
11/02/2026 18:04,15.375,0.001,7.99
11/02/2026 17:34,15.25,0.001,7.99
11/02/2026 17:04,15.375,0.001,7.99
11/02/2026 16:34,15.5,0.001,7.98
11/02/2026 16:04,15.5,0.001,7.98
11/02/2026 15:34,15.375,0.001,7.98
11/02/2026 15:34,15.375,0.001,7.98
11/02/2026 15:04,15.375,0.001,7.98
11/02/2026 14:34,15.5,0.001,7.98
11/02/2026 14:04,15.375,0.001,7.98
11/02/2026 13:34,15.25,0.001,7.97
11/02/2026 13:04,15.25,0.001,7.97
11/02/2026 12:34,15.25,0.001,7.96
11/02/2026 12:04,15,0.001,7.96
11/02/2026 12:04,15,0.001,7.96
11/02/2026 11:34,15.125,0.001,7.96
11/02/2026 11:04,15,0.001,7.95
11/02/2026 10:34,15,0.001,7.95
11/02/2026 10:04,15,0.001,7.95
11/02/2026 09:34,15,0.001,7.94
11/02/2026 09:04,15,0.001,7.94
11/02/2026 08:34,14.875,0.001,7.94
11/02/2026 08:04,15,0.001,7.93
11/02/2026 07:34,14.875,0.001,7.93
11/02/2026 07:04,15,0.001,7.93
11/02/2026 06:34,14.875,0.001,7.93
11/02/2026 06:04,15,0.001,7.93
11/02/2026 05:34,14.875,0.001,7.93
11/02/2026 05:04,14.75,0.001,7.93
11/02/2026 04:34,14.875,0.001,7.93
11/02/2026 04:04,14.875,0.001,7.94
11/02/2026 03:34,15,0.001,7.94
11/02/2026 03:04,14.75,0.001,7.94
11/02/2026 02:34,14.875,0.001,7.94
11/02/2026 02:04,14.75,0.001,7.94
11/02/2026 01:34,14.875,0.001,7.95
11/02/2026 01:04,14.75,0.001,7.95
11/02/2026 00:34,14.75,0.001,7.95
11/02/2026 00:04,14.75,0.001,7.95
10/02/2026 23:34,14.875,0.001,7.96
10/02/2026 23:04,14.875,0.001,7.96
10/02/2026 22:34,14.875,0.001,7.96
10/02/2026 22:04,14.75,0.001,7.96
10/02/2026 21:34,14.875,0.001,7.96
10/02/2026 21:04,14.875,0.001,7.97
10/02/2026 20:34,14.75,0.001,7.97
10/02/2026 20:04,15,0.001,7.97
10/02/2026 19:34,15.125,0.001,7.97
10/02/2026 19:04,14.875,0.001,7.97
10/02/2026 18:34,15.125,0.001,7.98
10/02/2026 18:04,15.125,0.001,7.98
10/02/2026 17:34,15.125,0.001,7.98
10/02/2026 17:04,15.25,0.001,7.98
10/02/2026 16:34,15.25,0.001,7.98
10/02/2026 16:04,15.375,0.001,7.98
10/02/2026 15:34,15.25,0.001,7.98
10/02/2026 15:04,15.375,0.001,7.97
10/02/2026 14:34,15.125,0.001,7.97
10/02/2026 14:04,15.25,0.001,7.97
10/02/2026 13:34,15.125,0.001,7.96
10/02/2026 13:04,15.125,0.001,7.96
10/02/2026 12:34,15.125,0.001,7.96
10/02/2026 12:34,15.125,0.001,7.96
10/02/2026 12:04,15.125,0.001,7.95
10/02/2026 11:34,15.125,0.001,7.95
10/02/2026 11:04,15.125,0.001,7.95
10/02/2026 10:34,15,0.001,7.95
10/02/2026 10:04,14.875,0.001,7.94
10/02/2026 09:34,15,0.001,7.94
10/02/2026 09:04,14.875,0.001,7.94
10/02/2026 08:34,15,0.001,7.93
10/02/2026 08:04,14.875,0.001,7.93
10/02/2026 07:34,15,0.001,7.93
10/02/2026 07:04,14.875,0.001,7.93
10/02/2026 06:34,14.875,0.001,7.93
10/02/2026 06:04,15,0.001,7.93
10/02/2026 05:34,14.875,0.001,7.93
10/02/2026 05:04,14.875,0.001,7.93
10/02/2026 04:34,14.875,0.001,7.93
10/02/2026 04:04,14.875,0.001,7.93
10/02/2026 03:34,15,0.001,7.94
10/02/2026 03:04,15,0.001,7.94
10/02/2026 02:34,14.875,0.001,7.94
10/02/2026 02:34,14.875,0.001,7.94
10/02/2026 02:04,15,0.001,7.94
10/02/2026 01:34,15,0.001,7.94
10/02/2026 01:04,15.125,0.001,7.94
10/02/2026 00:34,15,0.001,7.94
10/02/2026 00:04,15.125,0.001,7.95
09/02/2026 23:34,15.125,0.001,7.95
09/02/2026 23:04,15.25,0.001,7.95
09/02/2026 22:34,15.25,0.001,7.95
09/02/2026 22:04,15.375,0.001,7.96
09/02/2026 21:34,15.375,0.001,7.96
09/02/2026 21:04,15.25,0.001,7.96
09/02/2026 20:34,15.375,0.001,7.96
09/02/2026 20:04,15.5,0.001,7.97
09/02/2026 19:34,15.625,0.001,7.97
09/02/2026 19:04,15.625,0.001,7.97
09/02/2026 18:34,15.875,0.001,7.98
09/02/2026 18:04,16.625,0.001,7.98
09/02/2026 17:34,15.75,0.001,7.99
09/02/2026 17:04,15.75,0.001,7.99
09/02/2026 16:34,14.75,0.001,7.99
09/02/2026 16:04,15.75,0.001,7.99
09/02/2026 15:34,14.75,0.001,8
09/02/2026 15:04,15.75,0.001,8
09/02/2026 14:34,15.625,0.001,8
09/02/2026 14:04,15.75,0.001,8
09/02/2026 13:34,15.625,0.001,7.99
09/02/2026 13:04,15.625,0.001,7.99
09/02/2026 12:34,15.375,0.001,7.99
09/02/2026 12:04,15.375,0.001,7.98
09/02/2026 11:34,15.375,0.001,7.98
09/02/2026 11:04,15.375,0.001,7.98
09/02/2026 10:34,15.375,0.001,7.97
09/02/2026 10:04,15.375,0.001,7.97
09/02/2026 09:34,15.375,0.001,7.97
09/02/2026 09:04,15.375,0.001,7.96
09/02/2026 08:34,15.25,0.001,7.96
09/02/2026 08:34,15.25,0.001,7.96
09/02/2026 08:04,15.125,0.001,7.96
09/02/2026 07:34,15.25,0.001,7.96
09/02/2026 07:34,15.25,0.001,7.96
09/02/2026 07:04,15.25,0.001,7.96
09/02/2026 07:04,15.25,0.001,7.96
09/02/2026 06:34,15.375,0.001,7.96
09/02/2026 06:04,15.25,0.001,7.96
09/02/2026 05:34,15.25,0.001,7.96
09/02/2026 05:04,15.375,0.001,7.96
09/02/2026 04:34,15.5,0.001,7.96
09/02/2026 04:04,15.375,0.001,7.96
09/02/2026 03:34,15.375,0.001,7.97
09/02/2026 03:04,15.375,0.001,7.97
09/02/2026 02:34,15.25,0.001,7.97
09/02/2026 02:04,15.375,0.001,7.97
09/02/2026 01:34,15.375,0.001,7.97
09/02/2026 01:04,15.25,0.001,7.98
09/02/2026 00:34,15.375,0.001,7.98
09/02/2026 00:04,15.5,0.001,7.98
08/02/2026 23:34,15.25,0.001,7.98
08/02/2026 23:04,15.25,0.001,7.98
08/02/2026 22:34,15.25,0.001,7.99
08/02/2026 22:04,15.125,0.001,7.99
08/02/2026 21:34,15.25,0.001,7.99
08/02/2026 21:04,15,0.001,7.99
08/02/2026 20:34,15,0.001,8
08/02/2026 20:04,15,0.001,8
08/02/2026 19:34,15,0.001,8
08/02/2026 19:04,15,0.001,8
08/02/2026 18:34,15,0.001,8.01
08/02/2026 18:04,14.875,0.001,8.01
08/02/2026 17:34,15.125,0.001,8.01
08/02/2026 17:04,15.125,0.001,8.01
08/02/2026 16:34,15.25,0.001,8
08/02/2026 16:04,15.25,0.001,8
08/02/2026 15:34,15.25,0.001,8
08/02/2026 15:04,15.25,0.001,8
08/02/2026 14:34,15.375,0.001,8
08/02/2026 14:04,15.125,0.001,7.99
08/02/2026 13:34,15.375,0.001,7.99
08/02/2026 13:04,15.375,0.001,7.99
08/02/2026 12:34,15.25,0.001,7.99
08/02/2026 12:04,15.375,0.001,7.98
08/02/2026 11:34,15.25,0.001,7.98
08/02/2026 11:04,15.25,0.001,7.98
08/02/2026 10:34,15.25,0.001,7.97
08/02/2026 10:04,15.375,0.001,7.97
08/02/2026 09:34,15.375,0.001,7.97
08/02/2026 09:04,15.25,0.001,7.97
08/02/2026 08:34,15.375,0.001,7.96
08/02/2026 08:04,15.375,0.001,7.96
08/02/2026 07:34,15.375,0.001,7.96
08/02/2026 07:04,15.5,0.001,7.96
08/02/2026 06:34,15.5,0.001,7.96
08/02/2026 06:04,15.5,0.001,7.96
08/02/2026 05:34,15.5,0.001,7.96
08/02/2026 05:04,15.5,0.001,7.96
08/02/2026 04:34,15.5,0.001,7.96
08/02/2026 04:34,15.5,0.001,7.96
08/02/2026 04:04,15.375,0.001,7.96
08/02/2026 03:34,15.375,0.001,7.97
08/02/2026 03:04,15.375,0.001,7.97
08/02/2026 02:34,15.25,0.001,7.97
08/02/2026 02:04,15.375,0.001,7.97
08/02/2026 01:34,15.375,0.001,7.98
08/02/2026 01:04,15.25,0.001,7.98
08/02/2026 00:34,15.375,0.001,7.98
08/02/2026 00:04,15.25,0.001,7.98
07/02/2026 23:34,15.125,0.001,7.98
07/02/2026 23:04,15.25,0.001,7.98
07/02/2026 22:34,15.25,0.001,7.99
07/02/2026 22:04,15.125,0.001,7.99
07/02/2026 21:34,15.125,0.001,7.99
07/02/2026 21:04,15,0.001,7.99
07/02/2026 20:34,15,0.001,8
07/02/2026 20:04,15,0.001,8
07/02/2026 19:34,14.875,0.001,8
07/02/2026 19:04,15,0.001,8
07/02/2026 18:34,15,0.001,8
07/02/2026 18:04,15,0.001,8.01
07/02/2026 17:34,15,0.001,8
07/02/2026 17:04,15,0.001,8
07/02/2026 16:34,15,0.001,8
07/02/2026 16:04,15.25,0.001,8
07/02/2026 16:04,15.25,0.001,8
07/02/2026 15:34,15.25,0.001,8
07/02/2026 15:04,15.125,0.001,8
07/02/2026 14:34,15.25,0.001,7.99
07/02/2026 14:04,15.125,0.001,7.99
07/02/2026 13:34,15.25,0.001,7.99
07/02/2026 13:04,15.375,0.001,7.98
07/02/2026 12:34,15.125,0.001,7.98
07/02/2026 12:04,15.125,0.001,7.98
07/02/2026 11:34,15.25,0.001,7.98
07/02/2026 11:04,15.25,0.001,7.97
07/02/2026 10:34,15.125,0.001,7.97
07/02/2026 10:04,15.125,0.001,7.97
07/02/2026 09:34,15.25,0.001,7.96
07/02/2026 09:04,15.25,0.001,7.96
07/02/2026 08:34,15.25,0.001,7.96
07/02/2026 08:04,15.375,0.001,7.96
07/02/2026 07:34,15.375,0.001,7.95
07/02/2026 07:04,15.375,0.001,7.95
07/02/2026 06:34,15.25,0.001,7.95
07/02/2026 06:04,15.375,0.001,7.96
07/02/2026 05:34,15.25,0.001,7.96
07/02/2026 05:04,15.25,0.001,7.96
07/02/2026 04:34,15.25,0.001,7.96
07/02/2026 04:04,15.25,0.001,7.96
07/02/2026 03:34,15.375,0.001,7.97
07/02/2026 03:04,15.375,0.001,7.97
07/02/2026 02:34,15.375,0.001,7.97
07/02/2026 02:04,15.375,0.001,7.97
07/02/2026 01:34,15.375,0.001,7.97
07/02/2026 01:04,15.25,0.001,7.98
07/02/2026 00:34,15.25,0.001,7.98
07/02/2026 00:04,15.375,0.001,7.98
06/02/2026 23:34,15.125,0.001,7.98
06/02/2026 23:04,15.25,0.001,7.99
06/02/2026 22:34,15.125,0.001,7.99
06/02/2026 22:04,15.125,0.001,7.99
06/02/2026 21:34,15.125,0.001,7.99
06/02/2026 21:04,15.25,0.001,7.99
06/02/2026 20:34,15.125,0.001,8
06/02/2026 20:04,15.25,0.001,8
06/02/2026 19:34,15.125,0.001,8
06/02/2026 19:04,15.125,0.001,8
06/02/2026 18:34,15.125,0.001,8
06/02/2026 18:04,15.125,0.001,8.01
06/02/2026 17:34,15.25,0.001,8
06/02/2026 17:04,15.25,0.001,8
06/02/2026 16:34,15.375,0.001,8
06/02/2026 16:04,15.25,0.001,8
06/02/2026 15:34,15.375,0.001,8
06/02/2026 15:34,15.375,0.001,8
06/02/2026 15:04,15.25,0.001,7.99
06/02/2026 14:34,15.125,0.001,7.99
06/02/2026 14:04,15.375,0.001,7.99
06/02/2026 13:34,15.375,0.001,7.99
06/02/2026 13:04,15.125,0.001,7.98
06/02/2026 12:34,15.25,0.001,7.98
06/02/2026 12:04,15.25,0.001,7.98
06/02/2026 11:34,15.25,0.001,7.98
06/02/2026 11:04,15.125,0.001,7.97
06/02/2026 11:04,15.125,0.001,7.97
06/02/2026 10:34,15.375,0.001,7.97
06/02/2026 10:04,15.25,0.001,7.97
06/02/2026 09:34,15.375,0.001,7.96
06/02/2026 09:04,15.25,0.001,7.96
06/02/2026 08:34,15.125,0.001,7.96
06/02/2026 08:04,15.125,0.001,7.96
06/02/2026 07:34,15.25,0.001,7.96
06/02/2026 07:04,15.375,0.001,7.96
06/02/2026 06:34,15.375,0.001,7.96
06/02/2026 06:04,15.25,0.001,7.96
06/02/2026 05:34,15.375,0.001,7.96
06/02/2026 05:34,15.375,0.001,7.96
06/02/2026 05:04,15.125,0.001,7.96
06/02/2026 04:34,15.125,0.001,7.96
06/02/2026 04:04,15.25,0.001,7.97
06/02/2026 03:34,15.125,0.001,7.97
06/02/2026 03:04,15.125,0.001,7.97
06/02/2026 02:34,15.25,0.001,7.97
06/02/2026 02:04,15.25,0.001,7.98
06/02/2026 01:34,15.125,0.001,7.98
06/02/2026 01:04,15.125,0.001,7.98
06/02/2026 00:34,15,0.001,7.98
06/02/2026 00:04,15.125,0.001,7.98
05/02/2026 23:34,15.125,0.001,7.98
05/02/2026 23:04,15.125,0.001,7.99
05/02/2026 22:34,15,0.001,7.99
05/02/2026 22:04,15,0.001,7.99
05/02/2026 21:34,15,0.001,7.99
05/02/2026 21:04,15.125,0.001,7.99
05/02/2026 20:34,14.875,0.001,8
05/02/2026 20:04,15.125,0.001,8
05/02/2026 20:04,15.125,0.001,8
05/02/2026 19:34,15.25,0.001,8
05/02/2026 19:04,15,0.001,8.01
05/02/2026 18:34,15,0.001,8.01
05/02/2026 18:04,15.25,0.001,8.01
05/02/2026 17:34,15.25,0.001,8.01
05/02/2026 17:34,15.25,0.001,8.01
05/02/2026 17:04,15.25,0.001,8.01
05/02/2026 17:04,15.25,0.001,8.01
05/02/2026 16:34,15.375,0.001,8
05/02/2026 16:04,15.375,0.001,8
05/02/2026 15:34,15.125,0.001,8
05/02/2026 15:04,15.5,0.001,8
05/02/2026 14:34,15.25,0.001,8
05/02/2026 14:04,15.25,0.001,8
05/02/2026 13:34,15.25,0.001,7.99
05/02/2026 13:04,15.25,0.001,7.99
05/02/2026 12:34,15.125,0.001,7.98
05/02/2026 12:04,15.125,0.001,7.98
05/02/2026 11:34,15.125,0.001,7.98
05/02/2026 11:04,15.25,0.001,7.98
05/02/2026 10:34,15.125,0.001,7.97
05/02/2026 10:04,15.125,0.001,7.97
05/02/2026 09:34,15,0.001,7.97
05/02/2026 09:04,15,0.001,7.97
05/02/2026 08:34,15,0.001,7.96
05/02/2026 08:04,14.875,0.001,7.96
05/02/2026 07:34,15,0.001,7.96
05/02/2026 07:04,14.75,0.001,7.96
05/02/2026 06:34,14.875,0.001,7.96
05/02/2026 06:04,14.875,0.001,7.96
05/02/2026 05:34,15,0.001,7.96
05/02/2026 05:34,15,0.001,7.96
05/02/2026 05:04,14.875,0.001,7.96
05/02/2026 04:34,15,0.001,7.97
05/02/2026 04:04,14.875,0.001,7.97
05/02/2026 03:34,14.875,0.001,7.97
05/02/2026 03:04,14.875,0.001,7.97
05/02/2026 02:34,14.875,0.001,7.97
05/02/2026 02:04,14.875,0.001,7.98
05/02/2026 01:34,14.75,0.001,7.98
05/02/2026 01:04,15.125,0.001,7.98
05/02/2026 00:34,14.875,0.001,7.98
05/02/2026 00:04,14.875,0.001,7.98
04/02/2026 23:34,15,0.001,7.99
04/02/2026 23:04,15,0.001,7.99
04/02/2026 22:34,14.875,0.001,7.99
04/02/2026 22:04,15,0.001,7.99
04/02/2026 21:34,15.125,0.001,8
04/02/2026 21:04,15.125,0.001,8
04/02/2026 20:34,15.125,0.001,8
04/02/2026 20:04,15.125,0.001,8.01
04/02/2026 19:34,15.25,0.001,8.01
04/02/2026 19:04,15.25,0.001,8.01
04/02/2026 18:34,15.375,0.001,8.01
04/02/2026 18:04,15.375,0.001,8.01
04/02/2026 17:34,15.375,0.001,8.01
04/02/2026 17:04,15.5,0.001,8.01
04/02/2026 16:34,15.375,0.001,8.01
04/02/2026 16:04,15.5,0.001,8.01
04/02/2026 15:34,15.5,0.001,8.01
04/02/2026 15:04,15.5,0.001,8.01
04/02/2026 14:34,15.5,0.001,8
04/02/2026 14:04,15.5,0.001,8
04/02/2026 13:34,15.375,0.001,8
04/02/2026 13:04,15.375,0.001,7.99
04/02/2026 12:34,15.25,0.001,7.99
04/02/2026 12:04,15.25,0.001,7.99
04/02/2026 11:34,15.25,0.001,7.98
04/02/2026 11:04,15.25,0.001,7.98
04/02/2026 10:34,15.125,0.001,7.98
04/02/2026 10:04,15.125,0.001,7.97
04/02/2026 09:34,15.125,0.001,7.97
04/02/2026 09:04,15,0.001,7.97
04/02/2026 08:34,15.125,0.001,7.97
04/02/2026 08:04,15.125,0.001,7.96
04/02/2026 07:34,15.125,0.001,7.96
04/02/2026 07:04,15,0.001,7.96
04/02/2026 06:34,15.125,0.001,7.96
04/02/2026 06:04,15,0.001,7.96
04/02/2026 05:34,15.125,0.001,7.96
04/02/2026 05:04,15.125,0.001,7.97
04/02/2026 04:34,15.125,0.001,7.97
04/02/2026 04:04,15.125,0.001,7.97
04/02/2026 03:34,15,0.001,7.97
04/02/2026 03:04,15.25,0.001,7.97
04/02/2026 02:34,15.25,0.001,7.97
04/02/2026 02:04,15.125,0.001,7.97
04/02/2026 01:34,15.125,0.001,7.98
04/02/2026 01:04,15,0.001,7.98
04/02/2026 00:34,15,0.001,7.98
04/02/2026 00:04,15.125,0.001,7.98
03/02/2026 23:34,15,0.001,7.98
03/02/2026 23:04,15,0.001,7.99
03/02/2026 22:34,15,0.001,7.99
03/02/2026 22:04,14.875,0.001,7.99
03/02/2026 21:34,14.875,0.001,7.99
03/02/2026 21:04,14.875,0.001,7.99
03/02/2026 20:34,14.875,0.001,8
03/02/2026 20:04,14.75,0.001,8
03/02/2026 19:34,14.875,0.001,8
03/02/2026 19:04,14.75,0.001,8
03/02/2026 18:34,14.75,0.001,8
03/02/2026 18:04,13.75,0.001,8
03/02/2026 17:34,14.625,0.001,8
03/02/2026 17:04,13.75,0.001,8
03/02/2026 16:34,14.875,0.001,8
03/02/2026 16:04,13.75,0.001,8
03/02/2026 15:34,14.75,0.001,8
03/02/2026 15:04,14.875,0.001,8
03/02/2026 14:34,14.75,0.001,8
03/02/2026 14:34,14.75,0.001,8
03/02/2026 14:04,15,0.001,7.99
03/02/2026 13:34,15,0.001,7.99
03/02/2026 13:04,15.125,0.001,7.99
03/02/2026 12:34,15,0.001,7.99
03/02/2026 12:04,15,0.001,7.98
03/02/2026 11:34,15,0.001,7.98
03/02/2026 11:04,15,0.001,7.98
03/02/2026 10:34,15.25,0.001,7.98
03/02/2026 10:04,15.125,0.001,7.98
03/02/2026 09:34,15,0.001,7.98
03/02/2026 09:04,15.125,0.001,7.97
03/02/2026 08:34,15,0.001,7.97
03/02/2026 08:04,15.125,0.001,7.97
03/02/2026 07:34,15.25,0.001,7.97
03/02/2026 07:04,15.25,0.001,7.96
03/02/2026 06:34,15.125,0.001,7.97
03/02/2026 06:04,15.25,0.001,7.97
03/02/2026 05:34,15.125,0.001,7.97
03/02/2026 05:04,15.125,0.001,7.97
03/02/2026 04:34,15.25,0.001,7.97
03/02/2026 04:04,15.125,0.001,7.97
03/02/2026 03:34,15.25,0.001,7.98
03/02/2026 03:04,15.125,0.001,7.98
03/02/2026 02:34,15.125,0.001,7.98
03/02/2026 02:04,15.125,0.001,7.98
03/02/2026 01:34,15.125,0.001,7.99
03/02/2026 01:04,15.125,0.001,7.99
03/02/2026 00:34,15.125,0.001,7.99
03/02/2026 00:04,15.125,0.001,7.99
02/02/2026 23:34,15,0.001,7.99
02/02/2026 23:04,15.125,0.001,8
02/02/2026 22:34,15,0.001,8
02/02/2026 22:04,15.125,0.001,8
02/02/2026 21:34,15,0.001,8
02/02/2026 21:04,14.875,0.001,8.01
02/02/2026 20:34,15,0.001,8.01
02/02/2026 20:04,15,0.001,8.01
02/02/2026 19:34,15,0.001,8.01
02/02/2026 19:04,14.75,0.001,8.01
02/02/2026 18:34,14.875,0.001,8.01
02/02/2026 18:04,14.875,0.001,8.02
02/02/2026 17:34,14.75,0.001,8.01
02/02/2026 17:04,15,0.001,8.01
02/02/2026 16:34,14.875,0.001,8.01
02/02/2026 16:04,14.75,0.001,8.01
02/02/2026 15:34,15,0.001,8.01
02/02/2026 15:04,15.125,0.001,8.01
02/02/2026 14:34,15,0.001,8.01
02/02/2026 14:04,14.75,0.001,8
02/02/2026 13:34,15,0.001,8
02/02/2026 13:04,15,0.001,8
02/02/2026 12:34,15,0.001,7.99
02/02/2026 12:04,15.125,0.001,7.99
02/02/2026 11:34,15.125,0.001,7.99
02/02/2026 11:04,15.125,0.001,7.99
02/02/2026 10:34,15.125,0.001,7.98
02/02/2026 10:34,15.125,0.001,7.98
02/02/2026 10:04,15.125,0.001,7.98
02/02/2026 09:34,15.125,0.001,7.98
02/02/2026 09:04,15.25,0.001,7.98
02/02/2026 08:34,15.25,0.001,7.97
02/02/2026 08:34,15.25,0.001,7.97
02/02/2026 08:04,15.25,0.001,7.97
02/02/2026 07:34,15.25,0.001,7.97
02/02/2026 07:04,15.125,0.001,7.97
02/02/2026 06:34,15.25,0.001,7.97
02/02/2026 06:04,15.25,0.001,7.97
02/02/2026 05:34,15.25,0.001,7.97
02/02/2026 05:04,15.375,0.001,7.97
02/02/2026 04:34,15.25,0.001,7.98
02/02/2026 04:04,15.25,0.001,7.98
02/02/2026 03:34,15.25,0.001,7.98
02/02/2026 03:04,15.125,0.001,7.98
02/02/2026 02:34,15,0.001,7.98
02/02/2026 02:04,15,0.001,7.98
02/02/2026 01:34,15.125,0.001,7.99
02/02/2026 01:04,15.125,0.001,7.99
02/02/2026 00:34,15,0.001,7.99
02/02/2026 00:04,15.125,0.001,7.99
01/02/2026 23:34,15,0.001,8
01/02/2026 23:34,15,0.001,8
01/02/2026 23:04,15,0.001,8
01/02/2026 22:34,15.125,0.001,8
01/02/2026 22:04,15.125,0.001,8
01/02/2026 21:34,14.875,0.001,8
01/02/2026 21:04,15.125,0.001,8.01
01/02/2026 20:34,15,0.001,8.01
01/02/2026 20:04,15,0.001,8.01
01/02/2026 19:34,15.125,0.001,8.01
01/02/2026 19:04,15,0.001,8.01
01/02/2026 18:34,15.125,0.001,8.02
01/02/2026 18:04,15.25,0.001,8.02
01/02/2026 17:34,15.25,0.001,8.02
01/02/2026 17:04,15.375,0.001,8.02
01/02/2026 16:34,15.375,0.001,8.02
01/02/2026 16:04,15.375,0.001,8.01
01/02/2026 15:34,15.375,0.001,8.01
01/02/2026 15:04,15.375,0.001,8.01
01/02/2026 14:34,15.375,0.001,8.01
01/02/2026 14:04,15.5,0.001,8
01/02/2026 13:34,15.25,0.001,8
01/02/2026 13:04,15.25,0.001,8
01/02/2026 12:34,15.375,0.001,8
01/02/2026 12:04,15.25,0.001,7.99
01/02/2026 11:34,15.125,0.001,7.99
01/02/2026 11:04,15.25,0.001,7.98
01/02/2026 11:04,15.25,0.001,7.98
01/02/2026 10:34,15.25,0.001,7.98
01/02/2026 10:04,15.25,0.001,7.98
01/02/2026 09:34,15.25,0.001,7.98
01/02/2026 09:04,15.125,0.001,7.97
01/02/2026 08:34,15.375,0.001,7.97
01/02/2026 08:04,15.375,0.001,7.97
01/02/2026 07:34,15.375,0.001,7.97
01/02/2026 07:04,15.375,0.001,7.97
01/02/2026 06:34,15.375,0.001,7.97
01/02/2026 06:04,15.375,0.001,7.97
01/02/2026 05:34,15.375,0.001,7.97
01/02/2026 05:04,15.25,0.001,7.97
01/02/2026 04:34,15.5,0.001,7.98
01/02/2026 04:34,15.5,0.001,7.98
01/02/2026 04:04,15.375,0.003,7.98
01/02/2026 03:34,15.25,0.003,7.98
01/02/2026 03:04,15.25,0.003,7.98
01/02/2026 02:34,15.375,0.004,7.98
01/02/2026 02:04,15.25,0.004,7.98
01/02/2026 01:34,15.375,0.004,7.99
01/02/2026 01:04,15.25,0.005,7.99
01/02/2026 00:34,15.375,0.005,7.99
01/02/2026 00:04,15.25,0.005,7.99
31/01/2026 23:34,15.125,0.005,8
31/01/2026 23:04,15.375,0.005,8
31/01/2026 22:34,15.125,0.005,8
31/01/2026 22:04,15.125,0.006,8
31/01/2026 21:34,15.375,0.006,8
31/01/2026 21:04,15.25,0.006,8
31/01/2026 21:04,15.25,0.006,8
31/01/2026 20:34,15.25,0.006,8.01
31/01/2026 20:04,15.25,0.006,8.01
31/01/2026 19:34,15.25,0.006,8.01
31/01/2026 19:04,15.25,0.006,8.01
31/01/2026 18:34,15.125,0.006,8.02
31/01/2026 18:34,15.125,0.006,8.02
31/01/2026 18:04,15.375,0.006,8.02
31/01/2026 17:34,15.375,0.006,8.02
31/01/2026 17:04,15.375,0.006,8.01
31/01/2026 16:34,15.375,0.006,8.01
31/01/2026 16:04,15.375,0.006,8.01
31/01/2026 15:34,15.5,0.006,8.01
31/01/2026 15:04,15.375,0.006,8.01
31/01/2026 14:34,15.25,0.007,8
31/01/2026 14:04,15.25,0.007,8
31/01/2026 13:34,15.125,0.007,8
31/01/2026 13:04,15.125,0.007,8
31/01/2026 12:34,15,0.007,7.99
31/01/2026 12:04,15.125,0.007,7.99
31/01/2026 11:34,15.125,0.007,7.99
31/01/2026 11:04,15.25,0.007,7.98
31/01/2026 10:34,15,0.007,7.98
31/01/2026 10:04,15,0.007,7.98
31/01/2026 09:34,15.125,0.007,7.98
31/01/2026 09:04,15.125,0.007,7.97
31/01/2026 08:34,15,0.007,7.97
31/01/2026 08:34,15,0.007,7.97
31/01/2026 08:04,15.125,0.007,7.97
31/01/2026 07:34,15.125,0.007,7.97
31/01/2026 07:04,15.125,0.007,7.97
31/01/2026 06:34,15.125,0.007,7.97
31/01/2026 06:04,15.125,0.007,7.97
31/01/2026 05:34,15.125,0.007,7.97
31/01/2026 05:04,15.25,0.007,7.97
31/01/2026 04:34,15,0.007,7.97
31/01/2026 04:34,15,0.007,7.97
31/01/2026 04:04,15.125,0.007,7.98
31/01/2026 03:34,15.125,0.007,7.98
31/01/2026 03:04,15.125,0.007,7.98
31/01/2026 02:34,15,0.007,7.98
31/01/2026 02:04,15,0.007,7.98
31/01/2026 01:34,14.875,0.013,7.99
31/01/2026 01:04,14.875,0.012,7.99
31/01/2026 00:34,14.875,0.011,7.99
31/01/2026 00:04,15.125,0.012,7.99
30/01/2026 23:34,14.875,0.012,8
30/01/2026 23:04,15,0.012,8
30/01/2026 22:34,15,0.012,8
30/01/2026 22:04,15.125,0.011,8
30/01/2026 21:34,15,0.012,8.01
30/01/2026 21:04,15.125,0.012,8.01
30/01/2026 20:34,15.125,0.011,8.01
30/01/2026 20:04,15.125,0.011,8.02
30/01/2026 19:34,15.25,0.011,8.02
30/01/2026 19:04,15.25,0.01,8.02
30/01/2026 18:34,15.25,0.01,8.02
30/01/2026 18:04,15.25,0.009,8.02
30/01/2026 17:34,15.5,0.009,8.03
30/01/2026 17:04,15.5,0.009,8.02
30/01/2026 16:34,15.5,0.009,8.02
30/01/2026 16:04,15.375,0.009,8.02
30/01/2026 15:34,15.375,0.009,8.02
30/01/2026 15:04,15.375,0.009,8.02
30/01/2026 14:34,15.25,0.009,8.01
30/01/2026 14:04,15.25,0.009,8.01
30/01/2026 13:34,15.25,0.009,8
30/01/2026 13:04,15.125,0.009,8
30/01/2026 12:34,15.125,0.009,8
30/01/2026 12:04,15,0.009,7.99
30/01/2026 11:34,15.125,0.009,7.99
30/01/2026 11:04,14.875,0.009,7.99
30/01/2026 10:34,14.875,0.009,7.99
30/01/2026 10:04,14.875,0.01,7.98
30/01/2026 09:34,14.875,0.01,7.98
30/01/2026 09:04,14.875,0.01,7.98
30/01/2026 08:34,14.875,0.01,7.98
30/01/2026 08:04,14.875,0.01,7.97
30/01/2026 07:34,14.75,0.009,7.97
30/01/2026 07:04,14.75,0.009,7.97
30/01/2026 06:34,15,0.009,7.97
30/01/2026 06:04,14.875,0.009,7.97
30/01/2026 05:34,14.875,0.009,7.97
30/01/2026 05:04,15,0.009,7.98
30/01/2026 04:34,14.75,0.009,7.98
30/01/2026 04:04,14.875,0.009,7.98
30/01/2026 03:34,14.875,0.009,7.98
30/01/2026 03:04,14.875,0.009,7.98
30/01/2026 02:34,14.75,0.009,7.99
30/01/2026 02:04,14.75,0.009,7.99
30/01/2026 01:34,14.875,0.009,7.99
30/01/2026 01:04,14.75,0.009,7.99
30/01/2026 00:34,14.75,0.009,7.99
30/01/2026 00:04,15,0.009,8
29/01/2026 23:34,15,0.009,8
29/01/2026 23:04,14.875,0.008,8
29/01/2026 22:34,15.125,0.008,8.01
29/01/2026 22:04,15.125,0.008,8.01
29/01/2026 21:34,15.125,0.008,8.01
29/01/2026 21:04,14.875,0.008,8.02
29/01/2026 20:34,15.25,0.007,8.02
29/01/2026 20:04,15.125,0.007,8.02
29/01/2026 19:34,15.125,0.007,8.02
29/01/2026 19:34,15.125,0.007,8.02
29/01/2026 19:04,15.375,0.007,8.03
29/01/2026 18:34,15.5,0.006,8.03
29/01/2026 18:04,15.375,0.006,8.03
29/01/2026 17:34,15.375,0.006,8.03
29/01/2026 17:04,15.375,0.006,8.03
29/01/2026 16:34,15.5,0.006,8.03
29/01/2026 16:04,15.375,0.006,8.03
29/01/2026 15:34,15.5,0.006,8.03
29/01/2026 15:04,15.375,0.006,8.02
29/01/2026 14:34,15.375,0.006,8.02
29/01/2026 14:04,15.25,0.006,8.02
29/01/2026 13:34,15.25,0.006,8.02
29/01/2026 13:04,15.25,0.006,8.01
29/01/2026 12:34,15.125,0.006,8.01
29/01/2026 12:04,15.125,0.006,8.01
29/01/2026 11:34,15.125,0.006,8
29/01/2026 11:04,14.875,0.006,8
29/01/2026 10:34,15,0.006,8
29/01/2026 10:04,14.875,0.006,8
29/01/2026 09:34,15,0.006,7.99
29/01/2026 09:04,14.875,0.005,7.99
29/01/2026 08:34,14.875,0.006,7.99
29/01/2026 08:04,14.75,0.006,7.99
29/01/2026 07:34,14.875,0.005,7.98
29/01/2026 07:04,14.75,0.005,7.98
29/01/2026 06:34,13.75,0.005,7.98
29/01/2026 06:14,14.625,0.005,7.98
29/01/2026 06:13,14.5,0.005,7.98
29/01/2026 06:13,14.5,0.005,8.68
29/01/2026 06:04,14.75,0.005,7.99
29/01/2026 05:34,14.75,0.005,7.99
29/01/2026 05:04,14.875,0.005,7.99
29/01/2026 05:04,14.875,0.005,7.99
29/01/2026 04:34,14.875,0.005,7.99
29/01/2026 04:04,14.875,0.005,7.99
29/01/2026 03:34,14.875,0.005,7.99
29/01/2026 03:04,14.875,0.005,8
29/01/2026 02:34,14.875,0.005,8
29/01/2026 02:04,15,0.005,8
29/01/2026 01:34,14.875,0.004,8
29/01/2026 01:04,14.875,0.005,8.01
29/01/2026 01:04,14.875,0.005,8.01
29/01/2026 00:34,15,0.005,8.01
29/01/2026 00:04,15,0.004,8.01
28/01/2026 23:34,15.125,0.004,8.01
28/01/2026 23:04,15.125,0.005,8.02
28/01/2026 22:34,14.875,0.004,8.02
28/01/2026 22:04,15,0.004,8.02
28/01/2026 21:34,15.125,0.004,8.02
28/01/2026 21:04,15.125,0.004,8.03
28/01/2026 20:34,15.125,0.004,8.03
28/01/2026 20:04,15.25,0.004,8.03
28/01/2026 19:34,15.25,0.004,8.03
28/01/2026 19:04,15.375,0.004,8.04
28/01/2026 18:34,15.25,0.004,8.04
28/01/2026 18:04,15.375,0.004,8.04
28/01/2026 17:34,15.375,0.004,8.04
28/01/2026 17:04,15.625,0.004,8.04
28/01/2026 16:34,15.625,0.004,8.04
28/01/2026 16:04,15.625,0.004,8.04
28/01/2026 15:34,15.5,0.004,8.04
28/01/2026 15:04,15.625,0.004,8.03
28/01/2026 14:34,15.5,0.004,8.03
28/01/2026 14:04,15.625,0.004,8.03
28/01/2026 13:34,16.625,0.004,8.03
28/01/2026 13:04,15.625,0.004,8.02
28/01/2026 12:34,15.5,0.004,8.02
28/01/2026 12:04,15.625,0.004,8.02
28/01/2026 11:34,15.5,0.004,8.01
28/01/2026 11:04,15.375,0.004,8.01
28/01/2026 10:34,15.5,0.004,8.01
28/01/2026 10:04,15.375,0.004,8
28/01/2026 09:34,15.5,0.004,8
28/01/2026 09:04,15.375,0.004,8
28/01/2026 08:34,15.5,0.004,8
28/01/2026 08:04,15.5,0.004,8
28/01/2026 07:34,15.5,0.004,7.99
28/01/2026 07:04,15.5,0.004,7.99
28/01/2026 06:34,15.625,0.004,7.99
28/01/2026 06:04,15.5,0.004,7.99
28/01/2026 05:34,15.5,0.003,7.99
28/01/2026 05:04,15.5,0.003,7.99
28/01/2026 04:34,15.375,0.003,7.99
28/01/2026 04:04,15.375,0.003,7.99
28/01/2026 03:34,15.375,0.003,8
28/01/2026 03:04,15.375,0.004,8
28/01/2026 02:34,15.375,0.003,8
28/01/2026 02:04,15.375,0.003,8
28/01/2026 01:34,15.25,0.004,8
28/01/2026 01:04,15.375,0.003,8.01
28/01/2026 00:34,15.5,0.004,8.01
28/01/2026 00:04,15.375,0.003,8.01
27/01/2026 23:34,15.25,0.003,8.01
27/01/2026 23:04,15.25,0.003,8.02
27/01/2026 22:34,15.25,0.003,8.02
27/01/2026 22:04,15.25,0.004,8.02
27/01/2026 21:34,15.25,0.004,8.02
27/01/2026 21:04,15.125,0.004,8.02
27/01/2026 20:34,15.25,0.01,8.03
27/01/2026 20:04,15.125,0.01,8.03
27/01/2026 19:34,15.125,0.011,8.03
27/01/2026 19:04,15,0.011,8.03
27/01/2026 18:34,15,0.011,8.03
27/01/2026 18:04,15.25,0.012,8.04
27/01/2026 17:34,15.25,0.012,8.04
27/01/2026 17:04,15.25,0.012,8.03
27/01/2026 16:34,15.125,0.012,8.03
27/01/2026 16:04,15.25,0.012,8.03
27/01/2026 15:34,15.375,0.011,8.03
27/01/2026 15:04,15.25,0.012,8.03
27/01/2026 14:34,15.25,0.011,8.02
27/01/2026 14:04,15.375,0.011,8.02
27/01/2026 13:34,15.375,0.011,8.02
27/01/2026 13:04,15.375,0.011,8.01
27/01/2026 12:34,15.25,0.011,8.01
27/01/2026 12:04,15.25,0.011,8.01
27/01/2026 11:34,15.375,0.011,8.01
27/01/2026 11:04,15.25,0.011,8
27/01/2026 10:34,15.25,0.011,8
27/01/2026 10:04,15.25,0.011,8
27/01/2026 09:34,15.25,0.011,7.99
27/01/2026 09:04,15.375,0.011,7.99
27/01/2026 08:34,15.125,0.011,7.99
27/01/2026 08:04,15.25,0.012,7.99
27/01/2026 07:34,15.25,0.011,7.98
27/01/2026 07:04,15.125,0.012,7.98
27/01/2026 06:34,15.125,0.012,7.98
27/01/2026 06:04,15.25,0.012,7.98
27/01/2026 05:34,15.125,0.011,7.98
27/01/2026 05:04,15.25,0.011,7.99
27/01/2026 04:34,15.25,0.011,7.99
27/01/2026 04:04,15.25,0.012,7.99
27/01/2026 03:34,15.125,0.011,7.99
27/01/2026 03:04,15.125,0.011,7.99
27/01/2026 02:34,15.125,0.012,7.99
27/01/2026 02:30,15.125,0.012,8
27/01/2026 01:34,15.25,0.012,8
27/01/2026 01:04,15.125,0.012,8
27/01/2026 00:34,15.125,0.013,8
27/01/2026 00:04,15.25,0.013,8
26/01/2026 23:34,15,0.013,8
26/01/2026 23:04,15,0.013,8.01
26/01/2026 22:34,15,0.013,8.01
26/01/2026 22:04,15,0.012,8.01
26/01/2026 21:34,15.125,0.013,8.01
26/01/2026 21:04,15.125,0.012,8.02
26/01/2026 20:34,15.125,0.012,8.02
26/01/2026 20:04,15.125,0.012,8.02
26/01/2026 19:34,15.125,0.012,8.03
26/01/2026 19:04,15.25,0.012,8.03
26/01/2026 18:34,15.375,0.011,8.03
26/01/2026 18:04,15.25,0.011,8.03
26/01/2026 17:34,15.375,0.011,8.03
26/01/2026 17:04,15.375,0.011,8.03
26/01/2026 16:34,15.375,0.011,8.03
26/01/2026 16:04,15.5,0.01,8.03
26/01/2026 15:34,15.375,0.01,8.03
26/01/2026 15:04,15.375,0.011,8.02
26/01/2026 14:34,15.375,0.01,8.02
26/01/2026 14:04,15.5,0.01,8.02
26/01/2026 13:34,15.375,0.01,8.02
26/01/2026 13:04,15.5,0.01,8.01
26/01/2026 12:34,15.25,0.01,8.01
26/01/2026 12:04,15.375,0.01,8.01
26/01/2026 11:34,15.375,0.009,8
26/01/2026 11:04,15.125,0.01,8
26/01/2026 10:34,15.25,0.01,8
26/01/2026 10:34,15.25,0.01,8
26/01/2026 10:04,15.125,0.01,7.99
26/01/2026 09:34,15.25,0.01,7.99
26/01/2026 09:04,15.125,0.01,7.99
26/01/2026 08:34,15.25,0.009,7.98
26/01/2026 08:04,15.125,0.009,7.98
26/01/2026 07:34,15.125,0.009,7.98
26/01/2026 07:04,15.125,0.008,7.98
26/01/2026 06:34,15.25,0.008,7.98
26/01/2026 06:04,15.125,0.008,7.98
26/01/2026 05:34,15.125,0.007,7.98
26/01/2026 05:04,15.125,0.007,7.98
26/01/2026 04:34,15.125,0.007,7.99
26/01/2026 04:04,15.125,0.007,7.99
26/01/2026 03:34,15.125,0.007,7.99
26/01/2026 03:04,15.125,0.007,7.99
26/01/2026 02:34,15.125,0.007,7.99
26/01/2026 02:04,15.25,0.007,8
26/01/2026 01:34,15.125,0.006,8
26/01/2026 01:34,15.125,0.006,8
26/01/2026 01:04,15.125,0.007,8
26/01/2026 00:34,15.125,0.006,8
26/01/2026 00:04,15,0.006,8
25/01/2026 23:34,15,0.006,8.01
25/01/2026 23:04,15.125,0.006,8.01
25/01/2026 22:34,15.125,0.006,8.01
25/01/2026 22:04,15,0.006,8.01
25/01/2026 21:34,14.875,0.006,8.01
25/01/2026 21:04,15,0.006,8.02
25/01/2026 20:34,15,0.006,8.02
25/01/2026 20:04,15,0.006,8.02
25/01/2026 19:34,15,0.006,8.02
25/01/2026 19:04,14.875,0.005,8.02
25/01/2026 18:34,14.875,0.005,8.03
25/01/2026 18:34,14.875,0.005,8.03
25/01/2026 18:04,14.875,0.005,8.03
25/01/2026 17:34,15,0.005,8.03
25/01/2026 17:04,15,0.007,8.03
25/01/2026 17:04,15,0.007,8.03
25/01/2026 16:34,14.875,0.008,8.02
25/01/2026 16:04,14.875,0.007,8.02
25/01/2026 15:34,14.875,0.007,8.02
25/01/2026 15:04,14.875,0.007,8.02
25/01/2026 14:34,15,0.007,8.02
25/01/2026 14:04,15.125,0.007,8.01
25/01/2026 13:34,15,0.007,8.01
25/01/2026 13:04,15,0.007,8.01
25/01/2026 12:34,15,0.007,8
25/01/2026 12:34,15,0.007,8
25/01/2026 12:04,15,0.007,8
25/01/2026 11:34,15,0.007,8
25/01/2026 11:04,14.875,0.007,7.99
25/01/2026 10:34,15,0.007,7.99
25/01/2026 10:04,15,0.007,7.99
25/01/2026 09:34,14.875,0.007,7.98
25/01/2026 09:04,15,0.007,7.98
25/01/2026 08:34,15,0.007,7.98
25/01/2026 08:04,14.875,0.007,7.97
25/01/2026 07:34,15,0.007,7.97
25/01/2026 07:04,15.125,0.007,7.97
25/01/2026 06:34,14.875,0.007,7.97
25/01/2026 06:04,14.875,0.007,7.97
25/01/2026 05:34,15,0.007,7.97
25/01/2026 05:04,14.875,0.007,7.97
25/01/2026 04:34,15,0.007,7.98
25/01/2026 04:04,14.875,0.006,7.98
25/01/2026 03:34,14.875,0.006,7.98
25/01/2026 03:04,14.875,0.006,7.98
25/01/2026 02:34,14.875,0.006,7.98
25/01/2026 02:34,14.875,0.006,7.98
25/01/2026 02:04,14.875,0.006,7.98
25/01/2026 01:34,14.875,0.006,7.98
25/01/2026 01:04,14.875,0.006,7.99
25/01/2026 00:34,14.75,0.006,7.99
25/01/2026 00:04,14.875,0.006,7.99
24/01/2026 23:34,14.75,0.006,7.99
24/01/2026 23:04,14.75,0.006,8
24/01/2026 22:34,13.75,0.005,8
24/01/2026 22:04,14.75,0.005,8
24/01/2026 21:34,14.875,0.005,8
24/01/2026 21:04,14.75,0.005,8
24/01/2026 20:34,15.625,0.005,8
24/01/2026 20:04,15.625,0.005,8.01
24/01/2026 19:34,14.625,0.005,8.01
24/01/2026 19:04,15.625,0.005,8.01
24/01/2026 18:34,13.75,0.005,8.02
24/01/2026 18:04,14.625,0.005,8.02
24/01/2026 17:34,14.5,0.005,8.02
24/01/2026 17:04,13.75,0.005,8.02
24/01/2026 16:34,14.625,0.004,8.02
24/01/2026 16:04,14.75,0.005,8.01
24/01/2026 15:34,14.875,0.004,8.01
24/01/2026 15:04,14.875,0.004,8.01
24/01/2026 14:34,14.875,0.004,8.01
24/01/2026 14:04,14.875,0.004,8.01
24/01/2026 13:34,15,0.004,8
24/01/2026 13:04,14.875,0.004,8
24/01/2026 12:34,15,0.004,8
24/01/2026 12:04,15,0.004,7.99
24/01/2026 11:34,14.875,0.004,7.99
24/01/2026 11:04,15,0.004,7.99
24/01/2026 10:34,15.125,0.004,7.98
24/01/2026 10:04,15,0.004,7.98
24/01/2026 09:34,15.125,0.004,7.98
24/01/2026 09:04,15.125,0.004,7.97
24/01/2026 08:34,15.25,0.004,7.97
24/01/2026 08:04,15.25,0.004,7.97
24/01/2026 07:34,15.125,0.004,7.97
24/01/2026 07:04,15.125,0.004,7.97
24/01/2026 06:34,15.125,0.004,7.97
24/01/2026 06:04,15.25,0.003,7.97
24/01/2026 05:34,15,0.003,7.97
24/01/2026 05:04,15.25,0.003,7.97
24/01/2026 04:34,15.25,0.003,7.97
24/01/2026 04:04,15.125,0.003,7.97
24/01/2026 03:34,15.125,0.003,7.98
24/01/2026 03:04,15.125,0.003,7.98
24/01/2026 02:34,15,0.003,7.98
24/01/2026 02:04,15.125,0.003,7.98
24/01/2026 01:34,15.125,0.004,7.98
24/01/2026 01:04,15.25,0.004,7.98
24/01/2026 00:34,15.25,0.003,7.99
24/01/2026 00:04,15.25,0.004,7.99
23/01/2026 23:34,15.25,0.003,7.99
23/01/2026 23:04,15,0.003,7.99
23/01/2026 22:34,15,0.003,8
23/01/2026 22:04,15.125,0.003,8
23/01/2026 21:34,15,0.004,8
23/01/2026 21:04,15.125,0.004,8
23/01/2026 20:34,15,0.004,8
23/01/2026 20:04,15.125,0.004,8
23/01/2026 19:34,15.125,0.004,8.01
23/01/2026 19:04,15.125,0.004,8.01
23/01/2026 18:34,15,0.004,8.01
23/01/2026 18:04,15.125,0.004,8.02
23/01/2026 17:34,15.125,0.003,8.02
23/01/2026 17:04,15.25,0.003,8.02
23/01/2026 16:34,15.25,0.003,8.02
23/01/2026 16:04,15.375,0.003,8.02
23/01/2026 15:34,15.125,0.003,8.02
23/01/2026 15:04,15.25,0.003,8.02
23/01/2026 15:04,15.25,0.003,8.02
23/01/2026 14:34,15.25,0.003,8.02
23/01/2026 14:04,15.125,0.003,8.02
23/01/2026 13:34,15.125,0.003,8.02
23/01/2026 13:04,15.25,0.003,8.02
23/01/2026 12:34,15.25,0.003,8.01
23/01/2026 12:04,15.25,0.003,8.01
23/01/2026 11:34,15.125,0.003,8.01
23/01/2026 11:04,15.125,0.003,8.01
23/01/2026 10:34,15,0.003,8
23/01/2026 10:04,15,0.003,8
23/01/2026 09:34,15.25,0.003,8
23/01/2026 09:04,15.125,0.003,8
23/01/2026 08:34,15.25,0.003,7.99
23/01/2026 08:04,15.125,0.003,7.99
23/01/2026 07:34,15.125,0.003,7.99
23/01/2026 07:04,15.375,0.003,7.99
23/01/2026 06:34,15.125,0.003,7.99
23/01/2026 06:04,15.125,0.003,7.99
23/01/2026 06:04,15.125,0.003,7.99
23/01/2026 05:34,15.25,0.003,8
23/01/2026 05:04,15.25,0.003,8
23/01/2026 04:34,15.125,0.003,8
23/01/2026 04:04,15.25,0.003,8
23/01/2026 03:34,15.25,0.003,8
23/01/2026 03:04,15.25,0.003,8
23/01/2026 02:34,15.25,0.002,8
23/01/2026 02:04,15.25,0.002,8
23/01/2026 01:34,15.125,0.002,8
23/01/2026 01:04,15.125,0.002,8.01
23/01/2026 00:34,15.125,0.002,8
23/01/2026 00:04,15.25,0.002,8.01
22/01/2026 23:34,15.25,0.002,8.01
22/01/2026 23:04,15.125,0.002,8.01
22/01/2026 22:34,15.125,0.002,8.02
22/01/2026 22:04,15,0.002,8.02
22/01/2026 21:34,15,0.002,8.02
22/01/2026 21:04,15.125,0.002,8.03
22/01/2026 20:34,15.125,0.002,8.03
22/01/2026 20:18,15.125,0.002,8.03
22/01/2026 20:15,15.25,0.002,8.03
22/01/2026 20:15,15.25,0.002,8.74
22/01/2026 20:04,15.125,0.002,8.03
22/01/2026 19:34,15.125,0.002,8.03
22/01/2026 19:04,15,0.002,8.04
22/01/2026 18:34,15.25,0.001,8.04
22/01/2026 18:04,15.25,0.001,8.04
22/01/2026 17:34,15.375,0.001,8.04
22/01/2026 17:04,15.25,0.001,8.04
22/01/2026 16:34,15.375,0.001,8.03
22/01/2026 16:04,15.375,0.001,8.03
22/01/2026 15:34,15.5,0.001,8.02
22/01/2026 15:09,15.5,0.001,8.01
22/01/2026 13:04,15.375,0.001,7.96
22/01/2026 12:34,15.375,0.001,7.93
22/01/2026 12:34,15.375,0.001,7.93
22/01/2026 12:04,15.375,0.001,7.87
22/01/2026 11:34,15.375,0.001,7.78
22/01/2026 11:04,15.5,0.001,7.59
22/01/2026 10:34,15.625,0.001,7.14
22/01/2026 10:04,14.75,0.001,6.62
22/01/2026 09:34,14.75,0.001,6.4
22/01/2026 09:24,15.5,0.002,6.4
22/01/2026 09:04,15.375,0.001,7.93
22/01/2026 08:34,15.5,0.001,7.93
22/01/2026 08:04,15.5,0.001,7.93
22/01/2026 07:34,15.375,0.001,7.93
22/01/2026 07:04,15.625,0.001,7.92
22/01/2026 06:34,15.625,0.001,7.92
22/01/2026 06:04,16.625,0.001,7.92
22/01/2026 05:34,15.5,0.001,7.93
22/01/2026 05:04,15.5,0.001,7.93
22/01/2026 04:34,15.625,0.001,7.93
22/01/2026 04:04,15.5,0.001,7.93
22/01/2026 03:34,15.5,0.001,7.94
22/01/2026 03:04,15.5,0.001,7.94
22/01/2026 02:34,15.5,0.001,7.94
22/01/2026 02:04,15.5,0.001,7.94
22/01/2026 01:34,15.5,0.001,7.95
22/01/2026 01:04,15.75,0.001,7.95
22/01/2026 00:34,15.625,0.001,7.95
22/01/2026 00:04,16.625,0.001,7.95
21/01/2026 23:34,15.625,0.001,7.96
21/01/2026 23:04,15.5,0.001,7.96
21/01/2026 22:34,15.625,0.001,7.96
21/01/2026 22:04,16.5,0.001,7.96
21/01/2026 21:34,15.625,0.001,7.97
21/01/2026 21:04,15.875,0.001,7.97
21/01/2026 20:34,15.75,0.001,7.97
21/01/2026 20:04,15.75,0.001,7.97
21/01/2026 19:34,15.75,0.001,7.98
21/01/2026 19:04,15.875,0.001,7.98
21/01/2026 18:34,16,0.001,7.98
21/01/2026 18:04,16,0.001,7.99
21/01/2026 17:34,16.25,0.001,7.99
21/01/2026 17:04,16.25,0.001,7.99
21/01/2026 16:34,16.25,0.001,7.99
21/01/2026 16:04,16.375,0.001,7.98
21/01/2026 15:34,16.375,0.001,7.98
21/01/2026 15:04,16.5,0.001,7.98
21/01/2026 14:34,16.375,0.001,7.97
21/01/2026 14:04,16.375,0.001,7.97
21/01/2026 13:34,16.125,0.001,7.97
21/01/2026 13:34,16.125,0.001,7.97
21/01/2026 13:04,16,0.001,7.96
21/01/2026 12:34,16,0.001,7.96
21/01/2026 12:04,15.75,0.001,7.95
21/01/2026 11:34,14.75,0.001,7.95
21/01/2026 11:04,15.625,0.001,7.94
21/01/2026 10:34,15.625,0.001,7.94
21/01/2026 10:04,15.5,0.001,7.93
21/01/2026 09:34,15.375,0.001,7.93
21/01/2026 09:04,15.25,0.001,7.92
21/01/2026 08:34,15.125,0.001,7.92
21/01/2026 08:04,15.125,0.001,7.92
21/01/2026 07:34,15.125,0.001,7.91
21/01/2026 07:04,15.125,0.001,7.91
21/01/2026 06:34,15,0.001,7.91
21/01/2026 06:04,15,0.001,7.91
21/01/2026 05:34,15,0.001,7.91
21/01/2026 05:04,15.25,0.001,7.91
21/01/2026 04:34,15,0.001,7.92
21/01/2026 04:04,15.125,0.001,7.92
21/01/2026 03:34,15.125,0.001,7.92
21/01/2026 03:04,15.125,0.001,7.92
21/01/2026 02:34,15.25,0.001,7.93
21/01/2026 02:04,15.25,0.001,7.93
21/01/2026 01:34,15.25,0.001,7.93
21/01/2026 01:04,15.375,0.001,7.93
21/01/2026 00:34,15.375,0.001,7.94
21/01/2026 00:04,15.25,0.001,7.94
20/01/2026 23:34,15.375,0.001,7.94
20/01/2026 23:04,15.375,0.001,7.94
20/01/2026 22:34,15.5,0.001,7.95
20/01/2026 22:04,15.5,0.001,7.95
20/01/2026 21:34,15.5,0.001,7.95
20/01/2026 21:04,15.625,0.001,7.96
20/01/2026 20:34,15.5,0.001,7.96
20/01/2026 20:04,16.5,0.001,7.96
20/01/2026 19:34,15.625,0.001,7.96
20/01/2026 19:04,16.625,0.001,7.96
20/01/2026 18:34,14.75,0.001,7.97
20/01/2026 18:04,14.75,0.001,7.97
20/01/2026 17:34,16.625,0.001,7.97
20/01/2026 17:04,15.625,0.001,7.97
20/01/2026 16:34,15.625,0.001,7.96
20/01/2026 16:34,15.625,0.001,7.96
20/01/2026 16:04,15.625,0.001,7.96
20/01/2026 15:34,15.5,0.001,7.96
20/01/2026 15:04,15.375,0.001,7.96
20/01/2026 14:34,15.375,0.001,7.95
20/01/2026 14:04,15.25,0.001,7.95
20/01/2026 13:34,15.25,0.001,7.95
20/01/2026 13:04,15.125,0.001,7.94
20/01/2026 12:34,15,0.001,7.94
20/01/2026 12:04,14.875,0.001,7.93
20/01/2026 11:34,14.875,0.001,7.93
20/01/2026 11:04,14.875,0.001,7.93
20/01/2026 10:34,15.625,0.001,7.92
20/01/2026 10:04,14.125,0.001,7.92
20/01/2026 09:34,15,0.001,7.93
20/01/2026 09:04,14.875,0.001,7.93
20/01/2026 08:34,14.875,0.001,7.92
20/01/2026 08:04,14.875,0.001,7.92
20/01/2026 07:34,14.875,0.001,7.92
20/01/2026 07:04,14.75,0.001,7.92
20/01/2026 06:34,14.75,0.001,7.92
20/01/2026 06:04,14.875,0.001,7.92
20/01/2026 05:34,14.875,0.001,7.92
20/01/2026 05:04,15,0.001,7.92
20/01/2026 04:34,15,0.001,7.92
20/01/2026 04:04,15.25,0.001,7.93
20/01/2026 03:34,15.125,0.001,7.93
20/01/2026 03:04,15.125,0.001,7.93
20/01/2026 02:34,15.125,0.001,7.94
20/01/2026 02:04,15.125,0.001,7.94
20/01/2026 01:34,15.125,0.001,7.94
20/01/2026 01:04,15.25,0.001,7.94
20/01/2026 00:34,15.25,0.001,7.94
20/01/2026 00:04,15.375,0.001,7.95
19/01/2026 23:34,15.5,0.001,7.95
19/01/2026 23:04,15.375,0.001,7.95
19/01/2026 22:34,15.5,0.001,7.95
19/01/2026 22:04,15.5,0.001,7.96
19/01/2026 21:34,15.5,0.001,7.96
19/01/2026 21:04,16.625,0.001,7.96
19/01/2026 20:34,15.625,0.001,7.96
19/01/2026 20:04,15.75,0.001,7.97
19/01/2026 19:34,14.75,0.001,7.97
19/01/2026 19:04,16.625,0.001,7.97
19/01/2026 18:34,15.625,0.001,7.98
19/01/2026 18:04,15.625,0.001,7.98
19/01/2026 17:34,14.75,0.001,7.98
19/01/2026 17:04,16.5,0.001,7.97
19/01/2026 16:34,15.625,0.001,7.97
19/01/2026 16:04,15.625,0.001,7.97
19/01/2026 15:34,15.375,0.001,7.97
19/01/2026 15:04,15.375,0.001,7.96
19/01/2026 14:34,15.25,0.001,7.96
19/01/2026 14:04,15.125,0.001,7.95
19/01/2026 13:34,15.125,0.001,7.95
19/01/2026 13:04,15,0.001,7.95
19/01/2026 12:34,14.875,0.001,7.95
19/01/2026 12:04,14.75,0.001,7.94
19/01/2026 11:34,14.75,0.001,7.94
19/01/2026 11:04,15.5,0.001,7.93
19/01/2026 10:34,14.625,0.001,7.93
19/01/2026 10:04,14.5,0.001,7.92
19/01/2026 09:34,14.5,0.001,7.92
19/01/2026 09:04,14.25,0.001,7.92
19/01/2026 08:34,13.75,0.001,7.93
19/01/2026 08:04,14.625,0.001,7.93
19/01/2026 07:34,14.625,0.001,7.93
19/01/2026 07:04,14.5,0.001,7.92
19/01/2026 06:34,14.625,0.001,7.92
19/01/2026 06:04,14.5,0.001,7.93
19/01/2026 05:34,14.625,0.001,7.93
19/01/2026 05:04,14.625,0.001,7.93
19/01/2026 04:34,14.625,0.001,7.93
19/01/2026 04:04,14.625,0.001,7.93
19/01/2026 03:34,14.5,0.001,7.94
19/01/2026 03:34,14.5,0.001,7.94
19/01/2026 03:04,14.625,0.001,7.94
19/01/2026 02:34,14.625,0.001,7.94
19/01/2026 02:04,14.5,0.001,7.94
19/01/2026 01:34,14.5,0.001,7.95
19/01/2026 01:04,14.625,0.001,7.95
19/01/2026 00:34,14.5,0.001,7.95
19/01/2026 00:04,14.625,0.001,7.95
18/01/2026 23:34,14.625,0.001,7.95
18/01/2026 23:04,14.5,0.001,7.95
18/01/2026 23:04,14.5,0.001,7.95
18/01/2026 22:34,14.5,0.001,7.96
18/01/2026 22:04,14.375,0.001,7.96
18/01/2026 21:34,14.5,0.001,7.96
18/01/2026 21:04,14.5,0.001,7.97
18/01/2026 20:34,14.375,0.001,7.97
18/01/2026 20:04,14.375,0.001,7.97
18/01/2026 19:34,14.25,0.001,7.97
18/01/2026 19:04,14.375,0.001,7.98
18/01/2026 18:34,14.375,0.001,7.98
18/01/2026 18:04,14.375,0.001,7.98
18/01/2026 17:34,14.375,0.001,7.98
18/01/2026 17:04,14.25,0.001,7.98
18/01/2026 16:34,14.375,0.001,7.98
18/01/2026 16:04,14.375,0.001,7.97
18/01/2026 15:34,14.5,0.001,7.97
18/01/2026 15:04,14.375,0.001,7.97
18/01/2026 14:34,14.5,0.001,7.97
18/01/2026 14:04,14.5,0.001,7.97
18/01/2026 13:34,14.5,0.001,7.96
18/01/2026 13:04,14.5,0.001,7.96
18/01/2026 12:34,13.75,0.001,7.96
18/01/2026 12:04,14.5,0.001,7.96
18/01/2026 11:34,14.625,0.001,7.95
18/01/2026 11:04,13.75,0.001,7.95
18/01/2026 10:34,15.625,0.001,7.95
18/01/2026 10:04,13.75,0.001,7.95
18/01/2026 09:34,14.75,0.001,7.94
18/01/2026 09:04,14.875,0.001,7.94
18/01/2026 08:34,14.75,0.001,7.94
18/01/2026 08:04,14.875,0.001,7.94
18/01/2026 07:34,14.875,0.001,7.94
18/01/2026 07:04,14.75,0.001,7.93
18/01/2026 06:34,14.875,0.001,7.93
18/01/2026 06:04,13.75,0.001,7.93
18/01/2026 05:34,14.75,0.001,7.94
18/01/2026 05:04,15.625,0.001,7.94
18/01/2026 04:34,15.625,0.001,7.94
18/01/2026 04:04,13.75,0.001,7.94
18/01/2026 03:34,15.625,0.001,7.95
18/01/2026 03:04,14.75,0.001,7.95
18/01/2026 02:34,14.75,0.001,7.95
18/01/2026 02:04,15.625,0.001,7.95
18/01/2026 01:34,14.625,0.001,7.95
18/01/2026 01:04,13.75,0.001,7.96
18/01/2026 00:34,14.75,0.001,7.96
18/01/2026 00:04,14.625,0.001,7.96
17/01/2026 23:34,14.625,0.001,7.96
17/01/2026 23:04,14.625,0.001,7.97
17/01/2026 22:34,14.625,0.001,7.97
17/01/2026 22:04,14.625,0.001,7.97
17/01/2026 22:04,14.625,0.001,7.97
17/01/2026 21:34,14.625,0.001,7.97
17/01/2026 21:04,14.625,0.001,7.98
17/01/2026 20:34,14.5,0.001,7.98
17/01/2026 20:04,14.625,0.001,7.98
17/01/2026 19:34,14.5,0.001,7.98
17/01/2026 19:04,14.375,0.001,7.99
17/01/2026 18:34,14.375,0.001,7.99
17/01/2026 18:04,14.625,0.001,7.99
17/01/2026 17:34,14.5,0.001,7.99
17/01/2026 17:04,14.5,0.001,7.99
17/01/2026 16:34,14.625,0.001,7.98
17/01/2026 16:04,14.625,0.001,7.98
17/01/2026 15:34,15.625,0.001,7.98
17/01/2026 15:04,14.625,0.001,7.98
17/01/2026 14:34,14.625,0.001,7.98
17/01/2026 14:04,15.625,0.001,7.97
17/01/2026 13:34,14.75,0.001,7.97
17/01/2026 13:04,14.875,0.001,7.97
17/01/2026 12:34,14.75,0.001,7.97
17/01/2026 12:04,14.875,0.001,7.96
17/01/2026 11:34,14.875,0.001,7.96
17/01/2026 11:04,15,0.001,7.96
17/01/2026 10:34,14.875,0.001,7.95
17/01/2026 10:04,15,0.001,7.95
17/01/2026 09:34,15.125,0.001,7.95
17/01/2026 09:04,14.875,0.001,7.95
17/01/2026 08:34,15.125,0.001,7.94
17/01/2026 08:04,15.25,0.001,7.94
17/01/2026 07:34,15.125,0.001,7.94
17/01/2026 07:04,15.125,0.001,7.94
17/01/2026 06:34,15.125,0.001,7.94
17/01/2026 06:04,15.125,0.001,7.94
17/01/2026 05:34,15.25,0.001,7.94
17/01/2026 05:04,15.125,0.001,7.94
17/01/2026 04:34,15,0.001,7.94
17/01/2026 04:04,15.125,0.001,7.95
17/01/2026 03:34,15.25,0.001,7.95
17/01/2026 03:04,15.125,0.001,7.95
17/01/2026 02:34,15.125,0.001,7.95
17/01/2026 02:04,15.125,0.001,7.96
17/01/2026 01:34,15.125,0.001,7.96
17/01/2026 01:04,15.25,0.001,7.96
17/01/2026 00:34,15,0.001,7.96
17/01/2026 00:04,15.125,0.001,7.96
17/01/2026 00:04,15.125,0.001,7.96
16/01/2026 23:34,15,0.001,7.97
16/01/2026 23:04,15,0.001,7.97
16/01/2026 22:34,14.875,0.001,7.97
16/01/2026 22:04,15,0.001,7.97
16/01/2026 21:34,15,0.001,7.98
16/01/2026 21:04,14.875,0.001,7.98
16/01/2026 20:34,14.875,0.001,7.98
16/01/2026 20:04,14.75,0.001,7.98
16/01/2026 19:34,14.75,0.001,7.98
16/01/2026 19:04,14.75,0.001,7.98
16/01/2026 18:34,13.75,0.001,7.99
16/01/2026 18:04,14.625,0.001,7.99
16/01/2026 17:34,13.75,0.001,7.99
16/01/2026 17:04,14.75,0.001,7.99
16/01/2026 16:34,14.75,0.001,7.99
16/01/2026 16:04,14.75,0.001,7.98
16/01/2026 15:34,14.875,0.001,7.98
16/01/2026 15:04,14.875,0.001,7.98
16/01/2026 14:34,14.875,0.001,7.98
16/01/2026 14:04,15,0.001,7.98
16/01/2026 13:34,14.875,0.001,7.97
16/01/2026 13:04,15,0.001,7.97
16/01/2026 12:34,14.875,0.001,7.96
16/01/2026 12:04,15,0.001,7.96
16/01/2026 11:34,15,0.001,7.96
16/01/2026 11:04,14.875,0.001,7.96
16/01/2026 10:34,15.125,0.001,7.95
16/01/2026 10:04,15,0.001,7.95
16/01/2026 09:34,15.125,0.001,7.94
16/01/2026 09:04,15.125,0.001,7.94
16/01/2026 09:04,15.125,0.001,7.94
16/01/2026 08:34,15.125,0.001,7.94
16/01/2026 08:04,15.25,0.001,7.94
16/01/2026 07:34,15.125,0.001,7.94
16/01/2026 07:04,15.25,0.001,7.93
16/01/2026 06:34,15.25,0.001,7.93
16/01/2026 06:04,15.25,0.001,7.93
16/01/2026 05:34,15.25,0.001,7.93
16/01/2026 05:04,15.125,0.001,7.93
16/01/2026 05:04,15.125,0.001,7.93
16/01/2026 04:34,15.125,0.001,7.94
16/01/2026 04:04,15.125,0.001,7.94
16/01/2026 03:34,15.125,0.001,7.94
16/01/2026 03:04,15.25,0.001,7.94
16/01/2026 02:34,15.125,0.001,7.94
16/01/2026 02:04,15.125,0.001,7.95
16/01/2026 01:34,15.125,0.001,7.95
16/01/2026 01:04,15,0.001,7.95
16/01/2026 00:34,15.125,0.001,7.95
16/01/2026 00:04,15,0.001,7.95
15/01/2026 23:34,14.875,0.001,7.95
15/01/2026 23:04,14.75,0.001,7.96
15/01/2026 22:34,14.75,0.001,7.96
15/01/2026 22:04,14.75,0.001,7.96
15/01/2026 21:34,14.75,0.001,7.96
15/01/2026 21:04,14.75,0.001,7.97
15/01/2026 20:34,15.625,0.001,7.97
15/01/2026 20:04,14.625,0.001,7.97
15/01/2026 19:34,14.75,0.001,7.97
15/01/2026 19:04,14.625,0.001,7.97
15/01/2026 18:34,14.625,0.001,7.98
15/01/2026 18:04,15.625,0.001,7.98
15/01/2026 17:34,14.625,0.001,7.98
15/01/2026 17:34,14.625,0.001,7.98
15/01/2026 17:04,14.625,0.001,7.98
15/01/2026 16:34,14.75,0.001,7.98
15/01/2026 16:04,14.875,0.001,7.97
15/01/2026 15:34,14.875,0.001,7.97
15/01/2026 15:04,14.75,0.001,7.97
15/01/2026 14:34,14.875,0.001,7.96
15/01/2026 14:04,14.875,0.001,7.96
15/01/2026 13:34,14.875,0.001,7.96
15/01/2026 13:04,15,0.001,7.96
15/01/2026 12:34,14.875,0.001,7.96
15/01/2026 12:04,14.875,0.001,7.95
15/01/2026 11:34,15,0.001,7.95
15/01/2026 11:04,15,0.001,7.94
15/01/2026 10:34,15,0.001,7.94
15/01/2026 10:04,15.125,0.001,7.94
15/01/2026 09:34,15.125,0.001,7.93
15/01/2026 09:04,15.125,0.001,7.93
15/01/2026 08:34,15.25,0.001,7.93
15/01/2026 08:04,15.125,0.001,7.92
15/01/2026 07:34,15.25,0.001,7.92
15/01/2026 07:04,15.375,0.001,7.92
15/01/2026 06:34,15.25,0.001,7.92
15/01/2026 06:04,15.25,0.001,7.92
15/01/2026 05:34,15.25,0.001,7.92
15/01/2026 05:34,15.25,0.001,7.92
15/01/2026 05:04,15.25,0.001,7.92
15/01/2026 04:34,15.25,0.001,7.93
15/01/2026 04:04,15.25,0.001,7.93
15/01/2026 03:34,15.25,0.001,7.93
15/01/2026 03:04,15.125,0.001,7.93
15/01/2026 02:34,15.125,0.001,7.93
15/01/2026 02:04,15.125,0.001,7.93
15/01/2026 01:34,15,0.001,7.94
15/01/2026 01:04,15.125,0.001,7.94
15/01/2026 00:34,15,0.001,7.94
15/01/2026 00:04,15,0.001,7.94
14/01/2026 23:34,15,0.001,7.94
14/01/2026 23:04,14.875,0.001,7.94
14/01/2026 22:34,14.75,0.001,7.94
14/01/2026 22:04,14.875,0.001,7.94
14/01/2026 22:04,14.875,0.001,7.94
14/01/2026 21:34,14.875,0.001,7.95
14/01/2026 21:04,14.875,0.001,7.95
14/01/2026 20:34,14.875,0.001,7.95
14/01/2026 20:04,14.75,0.001,7.95
14/01/2026 19:34,13.75,0.001,7.96
14/01/2026 19:04,14.625,0.001,7.96
14/01/2026 18:34,14.5,0.001,7.96
14/01/2026 18:04,14.75,0.001,7.96
14/01/2026 17:34,14.75,0.001,7.96
14/01/2026 17:04,14.875,0.001,7.95
14/01/2026 16:34,15,0.001,7.96
14/01/2026 16:04,14.75,0.001,7.95
14/01/2026 15:34,14.875,0.001,7.95
14/01/2026 15:04,15.125,0.001,7.95
14/01/2026 14:34,15,0.001,7.94
14/01/2026 14:04,15,0.001,7.94
14/01/2026 13:34,15,0.001,7.94
14/01/2026 13:04,15,0.001,7.93
14/01/2026 12:34,15.125,0.001,7.93
14/01/2026 12:04,14.875,0.001,7.93
14/01/2026 11:34,15,0.001,7.92
14/01/2026 11:04,15,0.001,7.92
14/01/2026 10:34,15,0.001,7.92
14/01/2026 10:04,15.125,0.001,7.91
14/01/2026 09:34,15,0.001,7.91
14/01/2026 09:04,15.25,0.001,7.9
14/01/2026 08:34,15.125,0.001,7.9
14/01/2026 08:04,15.125,0.001,7.9
14/01/2026 08:04,15.125,0.001,7.9
14/01/2026 07:34,15.25,0.001,7.9
14/01/2026 07:04,15.375,0.001,7.89
14/01/2026 06:34,15.25,0.001,7.89
14/01/2026 06:04,15.25,0.001,7.89
14/01/2026 05:34,15.125,0.001,7.89
14/01/2026 05:04,15.375,0.001,7.89
14/01/2026 04:34,15.25,0.001,7.89
14/01/2026 04:04,15.125,0.001,7.9
14/01/2026 03:34,15.25,0.001,7.89
14/01/2026 03:04,15.25,0.001,7.9
14/01/2026 02:34,15.125,0.001,7.9
14/01/2026 02:04,15.125,0.001,7.9
14/01/2026 01:34,15.125,0.001,7.9
14/01/2026 01:04,15.125,0.001,7.9
14/01/2026 00:34,15,0.001,7.9
14/01/2026 00:04,15,0.001,7.9
13/01/2026 23:34,15.125,0.001,7.9
13/01/2026 23:04,14.875,0.001,7.91
13/01/2026 22:34,15,0.001,7.91
13/01/2026 22:04,15,0.001,7.91
13/01/2026 21:34,14.875,0.001,7.91
13/01/2026 21:04,14.875,0.001,7.91
13/01/2026 20:34,14.875,0.001,7.91
13/01/2026 20:04,14.875,0.001,7.91
13/01/2026 19:34,14.75,0.001,7.92
13/01/2026 19:04,15.625,0.001,7.92
13/01/2026 18:34,15.5,0.001,7.92
13/01/2026 18:04,14.75,0.001,7.92
13/01/2026 17:34,14.875,0.001,7.92
13/01/2026 17:04,14.75,0.001,7.92
13/01/2026 16:34,15,0.001,7.92
13/01/2026 16:04,14.875,0.001,7.92
13/01/2026 15:34,15,0.001,7.91
13/01/2026 15:04,15.125,0.001,7.91
13/01/2026 14:34,15.125,0.001,7.91
13/01/2026 14:04,15,0.001,7.91
13/01/2026 13:34,15.125,0.001,7.91
13/01/2026 13:04,15,0.001,7.91
13/01/2026 12:34,15,0.001,7.91
13/01/2026 12:04,14.875,0.001,7.91
13/01/2026 11:34,15,0.001,7.92
13/01/2026 11:04,15.125,0.001,7.92
13/01/2026 10:34,15,0.001,7.93
13/01/2026 10:04,15,0.001,7.94
13/01/2026 09:34,15,0.001,7.93
13/01/2026 09:04,15.125,0.001,7.93
13/01/2026 09:04,15.125,0.001,7.93
13/01/2026 08:34,15.125,0.001,7.93
13/01/2026 08:04,15.125,0.001,7.92
13/01/2026 08:04,15.125,0.001,7.92
13/01/2026 07:34,15.125,0.001,7.92
13/01/2026 07:04,15.25,0.001,7.92
13/01/2026 06:34,15.375,0.001,7.92
13/01/2026 06:04,15.25,0.001,7.92
13/01/2026 05:34,15.25,0.001,7.92
13/01/2026 05:04,15.125,0.001,7.92
13/01/2026 04:34,15.25,0.001,7.92
13/01/2026 04:04,15.125,0.001,7.93
13/01/2026 03:34,15.125,0.001,7.93
13/01/2026 03:04,15.125,0.001,7.93
13/01/2026 03:04,15.125,0.001,7.93
13/01/2026 02:34,15.125,0.001,7.93
13/01/2026 02:04,15,0.001,7.93
13/01/2026 01:34,15,0.001,7.93
13/01/2026 01:04,15.25,0.001,7.94
13/01/2026 00:34,15,0.001,7.94
13/01/2026 00:04,15,0.001,7.94
12/01/2026 23:34,14.75,0.001,7.94
12/01/2026 23:04,14.875,0.001,7.94
12/01/2026 22:34,14.875,0.001,7.95
12/01/2026 22:04,14.75,0.001,7.95
12/01/2026 21:34,15.625,0.001,7.95
12/01/2026 21:04,14.875,0.001,7.95
12/01/2026 20:34,13.75,0.001,7.96
12/01/2026 20:04,14.625,0.001,7.96
12/01/2026 19:34,14.625,0.001,7.96
12/01/2026 19:04,14.5,0.001,7.96
12/01/2026 18:34,14.5,0.001,7.96
12/01/2026 18:04,14.625,0.001,7.97
12/01/2026 17:34,14.625,0.001,7.97
12/01/2026 17:04,14.625,0.001,7.96
12/01/2026 16:34,15.625,0.001,7.96
12/01/2026 16:04,13.75,0.001,7.96
12/01/2026 15:34,14.75,0.001,7.96
12/01/2026 15:04,14.75,0.001,7.96
12/01/2026 14:34,14.75,0.001,7.95
12/01/2026 14:34,14.75,0.001,7.95
12/01/2026 14:04,14.75,0.001,7.95
12/01/2026 13:34,14.75,0.001,7.95
12/01/2026 13:04,14.75,0.001,7.94
12/01/2026 12:34,14.75,0.001,7.94
12/01/2026 12:04,14.875,0.001,7.94
12/01/2026 11:34,14.75,0.001,7.93
12/01/2026 11:04,14.875,0.001,7.93
12/01/2026 10:34,14.875,0.001,7.93
12/01/2026 10:04,14.875,0.001,7.93
12/01/2026 09:34,14.875,0.001,7.92
12/01/2026 09:04,14.875,0.001,7.92
12/01/2026 08:34,15,0.001,7.92
12/01/2026 08:04,15.125,0.001,7.92
12/01/2026 07:34,15,0.001,7.92
12/01/2026 07:04,15,0.001,7.91
12/01/2026 06:34,14.875,0.001,7.91
12/01/2026 06:04,15,0.001,7.91
12/01/2026 05:34,14.875,0.001,7.91
12/01/2026 05:04,15,0.001,7.92
12/01/2026 04:34,15,0.001,7.92
12/01/2026 04:04,14.875,0.001,7.92
12/01/2026 03:34,15,0.001,7.93
12/01/2026 03:04,15,0.001,7.93
12/01/2026 02:34,15,0.001,7.93
12/01/2026 02:04,15,0.001,7.93
12/01/2026 01:34,15,0.001,7.93
12/01/2026 01:04,14.875,0.001,7.94
12/01/2026 00:34,14.875,0.001,7.94
12/01/2026 00:04,14.75,0.001,7.94
11/01/2026 23:34,14.75,0.001,7.94
11/01/2026 23:04,14.875,0.001,7.95
11/01/2026 22:34,14.75,0.001,7.95
11/01/2026 22:04,14.75,0.001,7.96
11/01/2026 21:34,14.75,0.001,7.96
11/01/2026 21:04,14.75,0.001,7.96
11/01/2026 20:34,14.75,0.001,7.97
11/01/2026 20:04,14.75,0.001,7.97
11/01/2026 19:34,14.625,0.001,7.97
11/01/2026 19:04,14.625,0.001,7.97
11/01/2026 18:34,14.5,0.001,7.98
11/01/2026 18:04,14.5,0.001,7.98
11/01/2026 17:34,14.625,0.001,7.98
11/01/2026 17:04,14.625,0.001,7.98
11/01/2026 16:34,14.75,0.001,7.98
11/01/2026 16:04,14.75,0.001,7.98
11/01/2026 15:34,14.875,0.001,7.97
11/01/2026 15:04,14.875,0.001,7.97
11/01/2026 14:34,14.875,0.001,7.97
11/01/2026 14:04,14.875,0.001,7.97
11/01/2026 13:34,14.875,0.001,7.96
11/01/2026 13:04,14.875,0.001,7.96
11/01/2026 12:34,14.875,0.001,7.96
11/01/2026 12:04,14.875,0.001,7.95
11/01/2026 11:34,14.875,0.001,7.95
11/01/2026 11:04,14.875,0.001,7.95
11/01/2026 10:34,14.875,0.001,7.95
11/01/2026 10:04,15,0.001,7.94
11/01/2026 09:34,15,0.001,7.94
11/01/2026 09:04,15,0.001,7.94
11/01/2026 08:34,15.25,0.001,7.93
11/01/2026 08:04,15.125,0.001,7.93
11/01/2026 07:34,15,0.001,7.93
11/01/2026 07:04,15.125,0.001,7.93
11/01/2026 06:34,15.125,0.001,7.93
11/01/2026 06:04,15,0.001,7.93
11/01/2026 05:34,15.125,0.001,7.93
11/01/2026 05:04,15,0.001,7.93
11/01/2026 04:34,15.125,0.001,7.93
11/01/2026 04:04,15,0.001,7.94
11/01/2026 03:34,15,0.001,7.94
11/01/2026 03:04,15,0.001,7.94
11/01/2026 02:34,15.125,0.001,7.94
11/01/2026 02:04,15,0.001,7.94
11/01/2026 01:34,15,0.001,7.95
11/01/2026 01:04,14.875,0.001,7.95
11/01/2026 00:34,15,0.001,7.95
11/01/2026 00:04,14.875,0.001,7.95
10/01/2026 23:34,14.75,0.001,7.95
10/01/2026 23:04,14.875,0.001,7.96
10/01/2026 22:34,14.75,0.001,7.96
10/01/2026 22:04,15.625,0.001,7.96
10/01/2026 21:34,14.625,0.001,7.96
10/01/2026 21:34,14.625,0.001,7.96
10/01/2026 21:04,14.75,0.001,7.97
10/01/2026 21:04,14.75,0.001,7.97
10/01/2026 20:34,14.625,0.001,7.97
10/01/2026 20:04,14.75,0.001,7.97
10/01/2026 19:34,14.625,0.001,7.97
10/01/2026 19:04,14.5,0.001,7.97
10/01/2026 18:34,14.375,0.001,7.98
10/01/2026 18:04,14.625,0.001,7.98
10/01/2026 17:34,14.625,0.001,7.98
10/01/2026 17:04,14.75,0.001,7.98
10/01/2026 16:34,14.625,0.001,7.98
10/01/2026 16:04,14.75,0.001,7.98
10/01/2026 15:34,14.75,0.001,7.97
10/01/2026 15:04,14.875,0.001,7.97
10/01/2026 14:34,14.875,0.001,7.97
10/01/2026 14:04,14.875,0.001,7.97
10/01/2026 13:34,14.875,0.001,7.96
10/01/2026 13:04,14.75,0.001,7.96
10/01/2026 12:34,14.75,0.001,7.96
10/01/2026 12:04,14.875,0.001,7.95
10/01/2026 11:34,14.875,0.001,7.95
10/01/2026 11:04,14.75,0.001,7.95
10/01/2026 10:34,15,0.001,7.94
10/01/2026 10:04,15,0.001,7.94
10/01/2026 09:34,15,0.001,7.94
10/01/2026 09:04,15,0.001,7.93
10/01/2026 08:34,15.125,0.001,7.93
10/01/2026 08:04,15,0.001,7.93
10/01/2026 07:34,15.25,0.001,7.93
10/01/2026 07:04,15.125,0.001,7.93
10/01/2026 06:34,15.375,0.001,7.93
10/01/2026 06:34,15.375,0.001,7.93
10/01/2026 06:04,15.125,0.001,7.93
10/01/2026 05:34,15.125,0.001,7.93
10/01/2026 05:04,15.125,0.001,7.93
10/01/2026 04:34,15.125,0.001,7.93
10/01/2026 04:04,15,0.001,7.93
10/01/2026 03:34,15,0.001,7.93
10/01/2026 03:04,15,0.001,7.94
10/01/2026 02:34,15,0.001,7.94
10/01/2026 02:04,15,0.001,7.94
10/01/2026 01:34,14.875,0.001,7.94
10/01/2026 01:04,14.875,0.001,7.94
10/01/2026 00:34,14.875,0.001,7.95
10/01/2026 00:04,14.75,0.001,7.95
09/01/2026 23:34,14.625,0.001,7.95
09/01/2026 23:04,14.75,0.001,7.95
09/01/2026 22:34,14.875,0.001,7.95
09/01/2026 22:04,14.75,0.001,7.95
09/01/2026 22:04,14.75,0.001,7.95
09/01/2026 21:34,14.625,0.001,7.96
09/01/2026 21:04,14.625,0.001,7.96
09/01/2026 20:34,14.75,0.001,7.96
09/01/2026 20:04,15.625,0.001,7.96
09/01/2026 19:34,14.625,0.001,7.97
09/01/2026 19:04,13.75,0.001,7.97
09/01/2026 18:34,13.75,0.001,7.97
09/01/2026 18:04,13.75,0.001,7.97
09/01/2026 17:34,14.75,0.001,7.97
09/01/2026 17:04,14.75,0.001,7.97
09/01/2026 16:34,14.875,0.001,7.97
09/01/2026 16:04,14.75,0.001,7.97
09/01/2026 15:34,14.75,0.001,7.97
09/01/2026 15:04,14.875,0.001,7.96
09/01/2026 14:34,15.125,0.001,7.96
09/01/2026 14:04,14.875,0.001,7.96
09/01/2026 13:34,14.875,0.001,7.96
09/01/2026 13:04,14.875,0.001,7.95
09/01/2026 12:34,14.875,0.001,7.95
09/01/2026 12:04,14.875,0.001,7.94
09/01/2026 11:34,15.125,0.001,7.94
09/01/2026 11:04,15.125,0.001,7.94
09/01/2026 10:34,15,0.001,7.94
09/01/2026 10:34,15,0.001,7.94
09/01/2026 10:04,15.125,0.001,7.94
09/01/2026 09:34,15.125,0.001,7.94
09/01/2026 09:04,15.125,0.001,7.93
09/01/2026 08:34,15.375,0.001,7.93
09/01/2026 08:04,15.375,0.001,7.93
09/01/2026 07:34,15.375,0.001,7.93
09/01/2026 07:04,15.5,0.001,7.92
09/01/2026 06:34,15.375,0.001,7.92
09/01/2026 06:04,15.375,0.001,7.92
09/01/2026 05:34,15.375,0.001,7.93
09/01/2026 05:04,15.375,0.001,7.93
09/01/2026 04:34,15.5,0.001,7.93
09/01/2026 04:04,15.25,0.001,7.93
09/01/2026 03:34,15.375,0.001,7.93
09/01/2026 03:04,15.5,0.001,7.93
09/01/2026 02:34,15.375,0.001,7.94
09/01/2026 02:04,15.5,0.001,7.94
09/01/2026 01:34,15.5,0.001,7.94
09/01/2026 01:04,15.375,0.001,7.94
09/01/2026 00:34,15.375,0.001,7.94
09/01/2026 00:04,15.375,0.001,7.95
08/01/2026 23:34,15.375,0.001,7.95
08/01/2026 23:04,15.375,0.001,7.95
08/01/2026 22:34,15.375,0.001,7.95
08/01/2026 22:04,15.25,0.001,7.95
08/01/2026 21:34,15.25,0.001,7.96
08/01/2026 21:34,15.25,0.001,7.96
08/01/2026 21:04,15.25,0.001,7.96
08/01/2026 20:34,15.5,0.001,7.96
08/01/2026 20:04,15.5,0.001,7.96
08/01/2026 19:34,15.5,0.001,7.97
08/01/2026 19:04,15.375,0.001,7.97
08/01/2026 18:34,15.5,0.001,7.97
08/01/2026 18:04,15.75,0.001,7.97
08/01/2026 17:34,15.625,0.001,7.98
08/01/2026 17:04,15.75,0.001,7.97
08/01/2026 16:34,15.75,0.001,7.97
08/01/2026 16:04,16,0.001,7.97
08/01/2026 15:34,16,0.001,7.97
08/01/2026 15:04,16.25,0.001,7.97
08/01/2026 14:34,16.375,0.001,7.97
08/01/2026 14:04,16.5,0.001,7.96
08/01/2026 13:34,16.625,0.001,7.96
08/01/2026 13:04,16.375,0.001,7.96
08/01/2026 13:04,16.375,0.001,7.96
08/01/2026 12:34,16.375,0.001,7.95
08/01/2026 12:04,16.125,0.001,7.95
08/01/2026 12:04,16.125,0.001,7.95
08/01/2026 11:34,16,0.001,7.94
08/01/2026 11:04,15.875,0.001,7.94
08/01/2026 10:34,15.875,0.001,7.94
08/01/2026 10:04,16.625,0.001,7.93
08/01/2026 09:34,16.625,0.001,7.93
08/01/2026 09:04,15.5,0.001,7.92
08/01/2026 08:34,15.5,0.001,7.92
08/01/2026 08:04,15.375,0.001,7.92
08/01/2026 07:34,15.25,0.001,7.92
08/01/2026 07:04,15.25,0.001,7.91
08/01/2026 06:34,15.125,0.001,7.91
08/01/2026 06:04,15.125,0.001,7.91
08/01/2026 05:34,15.25,0.001,7.91
08/01/2026 05:04,15.25,0.001,7.91
08/01/2026 04:34,15.25,0.001,7.92
08/01/2026 04:04,15.125,0.001,7.92
08/01/2026 03:34,15.25,0.001,7.92
08/01/2026 03:34,15.25,0.001,7.92
08/01/2026 03:04,15.125,0.001,7.92
08/01/2026 02:34,15.25,0.001,7.92
08/01/2026 02:04,15.25,0.001,7.93
08/01/2026 01:34,15.125,0.001,7.93
08/01/2026 01:04,15.25,0.001,7.93
08/01/2026 00:34,15.375,0.001,7.93
08/01/2026 00:34,15.375,0.001,7.93
08/01/2026 00:04,15.25,0.001,7.93
07/01/2026 23:34,15.375,0.001,7.93
07/01/2026 23:04,15.375,0.001,7.94
07/01/2026 22:34,15.375,0.001,7.94
07/01/2026 22:04,15.375,0.001,7.94
07/01/2026 21:34,15.375,0.001,7.95
07/01/2026 21:04,15.5,0.001,7.95
07/01/2026 20:34,15.375,0.001,7.95
07/01/2026 20:04,15.5,0.001,7.95
07/01/2026 19:34,15.5,0.001,7.96
07/01/2026 19:04,15.5,0.001,7.96
07/01/2026 18:34,15.5,0.001,7.96
07/01/2026 18:04,15.5,0.001,7.96
07/01/2026 17:34,15.375,0.001,7.96
07/01/2026 17:04,15.375,0.001,7.96
07/01/2026 16:34,15.25,0.001,7.96
07/01/2026 16:04,15.25,0.001,7.95
07/01/2026 15:34,15.125,0.001,7.95
07/01/2026 15:04,15,0.001,7.94
07/01/2026 14:34,15,0.001,7.94
07/01/2026 14:04,14.875,0.001,7.93
07/01/2026 13:34,14.75,0.001,7.93
07/01/2026 13:04,14.625,0.001,7.92
07/01/2026 12:34,14.625,0.001,7.92
07/01/2026 12:04,14.5,0.001,7.92
07/01/2026 11:34,14.375,0.001,7.91
07/01/2026 11:04,14.125,0.001,7.91
07/01/2026 11:04,14.125,0.001,7.91
07/01/2026 10:34,14,0.001,7.9
07/01/2026 10:04,13.875,0.001,7.9
07/01/2026 09:34,14,0.001,7.9
07/01/2026 09:04,13.875,0.001,7.89
07/01/2026 08:34,13.75,0.001,7.89
07/01/2026 08:04,13.875,0.001,7.89
07/01/2026 07:34,13.875,0.001,7.88
07/01/2026 07:04,13.75,0.001,7.88
07/01/2026 06:34,14,0.001,7.88
07/01/2026 06:04,13.875,0.001,7.88
07/01/2026 05:34,13.875,0.001,7.88
07/01/2026 05:04,14.25,0.001,7.88
07/01/2026 04:34,14.125,0.001,7.89
07/01/2026 04:04,14.375,0.001,7.89
07/01/2026 03:34,14.5,0.001,7.89
07/01/2026 03:34,14.5,0.001,7.89
07/01/2026 03:04,14.5,0.001,7.9
07/01/2026 03:04,14.5,0.001,7.9
07/01/2026 02:34,14.625,0.001,7.9
07/01/2026 02:04,14.625,0.001,7.9
07/01/2026 01:34,14.625,0.001,7.9
07/01/2026 01:04,14.75,0.001,7.91
07/01/2026 00:34,14.75,0.001,7.91
07/01/2026 00:04,14.875,0.001,7.92
06/01/2026 23:34,14.875,0.001,7.92
06/01/2026 23:04,15,0.001,7.92
06/01/2026 22:34,15.125,0.001,7.92
06/01/2026 22:04,15.125,0.001,7.93
06/01/2026 21:34,15.125,0.001,7.93
06/01/2026 21:04,15.25,0.001,7.93
06/01/2026 20:34,15.25,0.001,7.93
06/01/2026 20:04,15.375,0.001,7.94
06/01/2026 19:34,15.5,0.001,7.94
06/01/2026 19:04,15.375,0.001,7.94
06/01/2026 18:34,15.5,0.001,7.94
06/01/2026 18:04,15.375,0.001,7.95
06/01/2026 17:34,15.5,0.001,7.95
06/01/2026 17:34,15.5,0.001,7.95
06/01/2026 17:04,15.5,0.001,7.95
06/01/2026 16:34,15.5,0.001,7.95
06/01/2026 16:04,15.375,0.001,7.94
06/01/2026 16:04,15.375,0.001,7.94
06/01/2026 15:34,15.25,0.001,7.94
06/01/2026 15:04,15.25,0.001,7.94
06/01/2026 14:34,15.25,0.001,7.94
06/01/2026 14:04,15.125,0.001,7.93
06/01/2026 13:34,15,0.001,7.93
06/01/2026 13:04,14.875,0.001,7.93
06/01/2026 12:34,13.75,0.001,7.92
06/01/2026 12:04,14.625,0.001,7.92
06/01/2026 11:34,15.625,0.001,7.92
06/01/2026 11:04,13.75,0.001,7.92
06/01/2026 10:34,13.75,0.001,7.92
06/01/2026 10:04,15.625,0.001,7.91
06/01/2026 10:04,15.625,0.001,7.91
06/01/2026 09:34,14.875,0.001,7.91
06/01/2026 09:04,14.75,0.001,7.91
06/01/2026 08:34,14.875,0.001,7.91
06/01/2026 08:04,14.75,0.001,7.91
06/01/2026 07:34,14.75,0.001,7.9
06/01/2026 07:04,14.625,0.001,7.9
06/01/2026 06:34,14.625,0.001,7.9
06/01/2026 06:04,13.75,0.001,7.9
06/01/2026 05:34,14.75,0.001,7.9
06/01/2026 05:04,14.75,0.001,7.91
06/01/2026 04:34,14.875,0.001,7.91
06/01/2026 04:04,14.75,0.001,7.91
06/01/2026 03:34,14.875,0.001,7.91
06/01/2026 03:04,14.875,0.001,7.91
06/01/2026 02:34,14.875,0.001,7.92
06/01/2026 02:04,14.75,0.001,7.92
06/01/2026 01:34,14.75,0.001,7.92
06/01/2026 01:04,15,0.001,7.92
06/01/2026 00:34,15,0.001,7.92
06/01/2026 00:04,15,0.001,7.93
05/01/2026 23:34,15,0.001,7.93
05/01/2026 23:04,14.875,0.001,7.93
05/01/2026 22:34,15,0.001,7.93
05/01/2026 22:34,15,0.001,7.93
05/01/2026 22:04,14.875,0.001,7.94
05/01/2026 21:34,14.875,0.001,7.94
05/01/2026 21:04,14.75,0.001,7.94
05/01/2026 20:34,14.875,0.001,7.94
05/01/2026 20:04,14.75,0.001,7.94
05/01/2026 19:34,14.75,0.001,7.94
05/01/2026 19:04,13.75,0.001,7.95
05/01/2026 18:34,14.625,0.001,7.95
05/01/2026 18:04,14.625,0.001,7.95
05/01/2026 17:34,14.875,0.001,7.95
05/01/2026 17:04,15,0.001,7.95
05/01/2026 16:34,14.875,0.001,7.95
05/01/2026 16:04,15,0.001,7.94
05/01/2026 15:34,14.875,0.001,7.94
05/01/2026 15:04,15.125,0.001,7.94
05/01/2026 14:34,15.125,0.001,7.94
05/01/2026 14:04,15,0.001,7.94
05/01/2026 13:34,15,0.001,7.94
05/01/2026 13:04,15.125,0.001,7.94
05/01/2026 12:34,15.125,0.001,7.95
05/01/2026 12:04,15.125,0.001,7.95
05/01/2026 11:34,15,0.001,7.95
05/01/2026 11:04,15.125,0.001,7.95
05/01/2026 10:34,15.25,0.001,7.95
05/01/2026 10:04,15.125,0.001,7.94
05/01/2026 09:34,15.125,0.001,7.94
05/01/2026 09:04,15.125,0.001,7.93
05/01/2026 08:34,15.125,0.001,7.93
05/01/2026 08:04,15.25,0.001,7.93
05/01/2026 07:34,15.375,0.001,7.93
05/01/2026 07:04,15.25,0.001,7.93
05/01/2026 06:34,15.375,0.001,7.93
05/01/2026 06:04,15.375,0.001,7.93
05/01/2026 05:34,15.25,0.001,7.93
05/01/2026 05:04,15.25,0.001,7.93
05/01/2026 04:34,15.25,0.001,7.93
05/01/2026 04:04,15.25,0.001,7.93
05/01/2026 03:34,15.25,0.001,7.94
05/01/2026 03:04,15,0.001,7.94
05/01/2026 02:34,15.125,0.001,7.94
05/01/2026 02:04,14.875,0.001,7.94
05/01/2026 01:34,15,0.001,7.94
05/01/2026 01:04,15,0.001,7.94
05/01/2026 00:34,14.875,0.001,7.95
05/01/2026 00:04,14.875,0.001,7.95
04/01/2026 23:34,14.75,0.001,7.95
04/01/2026 23:04,14.75,0.001,7.95
04/01/2026 22:34,14.75,0.001,7.96
04/01/2026 22:34,14.75,0.001,7.96
04/01/2026 22:04,14.75,0.001,7.96
04/01/2026 21:34,14.625,0.001,7.96
04/01/2026 21:04,14.625,0.001,7.96
04/01/2026 20:34,14.5,0.001,7.97
04/01/2026 20:04,14.5,0.001,7.97
04/01/2026 19:34,14.625,0.001,7.97
04/01/2026 19:04,14.625,0.001,7.98
04/01/2026 18:34,14.5,0.001,7.98
04/01/2026 18:04,14.625,0.001,7.98
04/01/2026 17:34,13.75,0.001,7.98
04/01/2026 17:34,13.75,0.001,7.98
04/01/2026 17:04,13.75,0.001,7.98
04/01/2026 16:34,14.75,0.001,7.98
04/01/2026 16:04,14.75,0.001,7.98
04/01/2026 15:34,14.875,0.001,7.97
04/01/2026 15:34,14.875,0.001,7.97
04/01/2026 15:04,14.875,0.001,7.97
04/01/2026 14:34,14.75,0.001,7.97
04/01/2026 14:04,14.875,0.001,7.96
04/01/2026 13:34,14.875,0.001,7.96
04/01/2026 13:04,14.875,0.001,7.96
04/01/2026 12:34,14.875,0.001,7.96
04/01/2026 12:04,14.875,0.001,7.95
04/01/2026 11:34,14.875,0.001,7.95
04/01/2026 11:04,15,0.001,7.95
04/01/2026 11:04,15,0.001,7.95
04/01/2026 10:34,15,0.001,7.94
04/01/2026 10:04,15.125,0.001,7.94
04/01/2026 09:34,15,0.001,7.94
04/01/2026 09:04,15,0.001,7.93
04/01/2026 08:34,15.125,0.001,7.93
04/01/2026 08:04,15.125,0.001,7.93
04/01/2026 07:34,15,0.001,7.93
04/01/2026 07:04,15.125,0.001,7.93
04/01/2026 06:34,15.25,0.001,7.92
04/01/2026 06:04,15.125,0.001,7.92
04/01/2026 05:34,15.25,0.001,7.93
04/01/2026 05:04,15,0.001,7.93
04/01/2026 04:34,15,0.001,7.93
04/01/2026 04:04,14.875,0.001,7.93
04/01/2026 03:34,15,0.001,7.93
04/01/2026 03:04,15,0.001,7.93
04/01/2026 02:34,15,0.001,7.94
04/01/2026 02:04,14.875,0.001,7.94
04/01/2026 01:34,15,0.001,7.94
04/01/2026 01:04,14.875,0.001,7.94
04/01/2026 00:34,14.875,0.001,7.94
04/01/2026 00:04,14.75,0.001,7.94
03/01/2026 23:34,14.875,0.001,7.95
03/01/2026 23:04,14.875,0.001,7.95
03/01/2026 22:34,14.75,0.001,7.95
03/01/2026 22:04,14.75,0.001,7.95
03/01/2026 21:34,14.625,0.001,7.95
03/01/2026 21:34,14.625,0.001,7.95
03/01/2026 21:04,15.625,0.001,7.95
03/01/2026 21:04,15.625,0.001,7.95
03/01/2026 20:34,15.625,0.001,7.96
03/01/2026 20:04,14.75,0.001,7.96
03/01/2026 19:34,13.75,0.001,7.96
03/01/2026 19:04,15.625,0.001,7.96
03/01/2026 18:34,14.5,0.001,7.96
03/01/2026 18:04,13.75,0.001,7.97
03/01/2026 17:34,14.625,0.001,7.97
03/01/2026 17:04,14.75,0.001,7.97
03/01/2026 16:34,14.75,0.001,7.96
03/01/2026 16:04,14.875,0.001,7.96
03/01/2026 15:34,14.875,0.001,7.96
03/01/2026 15:04,14.875,0.001,7.96
03/01/2026 14:34,14.875,0.001,7.95
03/01/2026 14:04,14.875,0.001,7.95
03/01/2026 13:34,14.875,0.001,7.95
03/01/2026 13:04,15,0.001,7.94
03/01/2026 12:34,15.125,0.001,7.94
03/01/2026 12:04,14.875,0.001,7.94
03/01/2026 11:34,14.875,0.001,7.93
03/01/2026 11:04,15.125,0.001,7.93
03/01/2026 10:34,14.875,0.001,7.93
03/01/2026 10:04,15.125,0.001,7.93
03/01/2026 09:34,15.125,0.001,7.92
03/01/2026 09:04,15,0.001,7.92
03/01/2026 08:34,15.25,0.001,7.92
03/01/2026 08:04,15.125,0.001,7.92
03/01/2026 07:34,15.25,0.001,7.91
03/01/2026 07:04,15.125,0.001,7.91
03/01/2026 06:34,15.25,0.001,7.91
03/01/2026 06:04,15.125,0.001,7.91
03/01/2026 05:34,15.25,0.001,7.91
03/01/2026 05:04,15.25,0.001,7.91
03/01/2026 04:34,15.25,0.001,7.92
03/01/2026 04:04,15.25,0.001,7.92
03/01/2026 03:34,15.125,0.001,7.92
03/01/2026 03:04,15.125,0.001,7.92
03/01/2026 02:34,15,0.001,7.92
03/01/2026 02:04,15,0.001,7.92
03/01/2026 01:34,15.125,0.001,7.92
03/01/2026 01:04,15.125,0.001,7.92
03/01/2026 00:34,15,0.001,7.93
03/01/2026 00:04,15.25,0.001,7.93
02/01/2026 23:34,14.875,0.001,7.93
02/01/2026 23:04,14.75,0.001,7.93
02/01/2026 22:34,14.875,0.001,7.93
02/01/2026 22:04,14.875,0.001,7.93
02/01/2026 21:34,14.875,0.001,7.93
02/01/2026 21:04,15,0.001,7.94
02/01/2026 20:34,14.875,0.001,7.94
02/01/2026 20:04,14.75,0.001,7.94
02/01/2026 19:34,14.75,0.001,7.94
02/01/2026 19:04,14.75,0.001,7.94
02/01/2026 18:34,13.75,0.001,7.94
02/01/2026 18:04,13.75,0.001,7.95
02/01/2026 17:34,15.625,0.001,7.95
02/01/2026 17:04,14.875,0.001,7.95
02/01/2026 16:34,14.875,0.001,7.94
02/01/2026 16:04,14.875,0.001,7.94
02/01/2026 15:34,14.875,0.001,7.94
02/01/2026 15:04,14.875,0.001,7.94
02/01/2026 14:34,14.875,0.001,7.94
02/01/2026 14:04,15,0.001,7.94
02/01/2026 13:34,15.125,0.001,7.93
02/01/2026 13:04,15.125,0.001,7.93
02/01/2026 12:34,15.25,0.001,7.93
02/01/2026 12:04,15.25,0.001,7.93
02/01/2026 11:34,15.125,0.001,7.93
02/01/2026 11:04,15.125,0.001,7.93
02/01/2026 11:04,15.125,0.001,7.93
02/01/2026 10:34,15.25,0.001,7.93
02/01/2026 10:04,15.25,0.001,7.93
02/01/2026 09:34,15.25,0.001,7.93
02/01/2026 09:04,15.125,0.001,7.92
02/01/2026 08:34,15.125,0.001,7.92
02/01/2026 08:04,15,0.001,7.92
02/01/2026 07:34,15,0.001,7.91
02/01/2026 07:04,15.125,0.001,7.91
02/01/2026 06:34,15.125,0.001,7.91
02/01/2026 06:04,15,0.001,7.91
02/01/2026 05:34,15.125,0.001,7.91
02/01/2026 05:04,15,0.001,7.91
02/01/2026 04:34,15.125,0.001,7.91
02/01/2026 04:04,15,0.001,7.92
02/01/2026 03:34,15,0.001,7.92
02/01/2026 03:04,15,0.001,7.92
02/01/2026 02:34,15.125,0.001,7.92
02/01/2026 02:04,15,0.001,7.92
02/01/2026 01:34,15.125,0.001,7.93
02/01/2026 01:04,15,0.001,7.93
02/01/2026 00:34,15,0.001,7.93
02/01/2026 00:04,15,0.001,7.93
01/01/2026 23:34,15.125,0.001,7.93
01/01/2026 23:04,15.125,0.001,7.94
01/01/2026 22:34,15.125,0.001,7.94
01/01/2026 22:34,15.125,0.001,7.94
01/01/2026 22:04,15.125,0.001,7.94
01/01/2026 21:34,15.125,0.001,7.94
01/01/2026 21:04,15.125,0.001,7.94
01/01/2026 20:34,15.25,0.001,7.94
01/01/2026 20:04,15.25,0.001,7.95
01/01/2026 19:34,15.25,0.001,7.95
01/01/2026 19:04,15.375,0.001,7.95
01/01/2026 18:34,15.375,0.001,7.96
01/01/2026 18:04,15.375,0.001,7.96
01/01/2026 17:34,15.5,0.001,7.95
01/01/2026 17:04,15.5,0.001,7.95
01/01/2026 16:34,15.375,0.001,7.95
01/01/2026 16:04,15.375,0.001,7.95
01/01/2026 15:34,15.375,0.001,7.94
01/01/2026 15:04,15.5,0.001,7.94
01/01/2026 14:34,15.375,0.001,7.94
01/01/2026 14:04,15.375,0.001,7.93
01/01/2026 13:34,15.375,0.001,7.93
01/01/2026 13:04,15.375,0.001,7.92
01/01/2026 13:04,15.375,0.001,7.92
01/01/2026 12:34,15.5,0.001,7.92
01/01/2026 12:04,15.25,0.001,7.92
01/01/2026 11:34,15.375,0.001,7.91
01/01/2026 11:04,15.125,0.001,7.91
01/01/2026 10:34,15.375,0.001,7.9
01/01/2026 10:04,15.375,0.001,7.9
01/01/2026 09:34,15.375,0.001,7.9
01/01/2026 09:04,15.25,0.001,7.89
01/01/2026 08:34,15.125,0.001,7.89
01/01/2026 08:04,15.25,0.001,7.88
01/01/2026 07:34,15.125,0.001,7.88
01/01/2026 07:04,15.25,0.001,7.88
01/01/2026 06:34,15.125,0.001,7.87
01/01/2026 06:04,15.125,0.001,7.87
01/01/2026 05:34,15.125,0.001,7.88
01/01/2026 05:04,15.125,0.001,7.88
01/01/2026 04:34,15.25,0.001,7.88
01/01/2026 04:34,15.25,0.001,7.88
01/01/2026 04:04,15,0.001,7.88
01/01/2026 03:34,15,0.001,7.88
01/01/2026 03:04,15.125,0.001,7.88
01/01/2026 02:34,15.125,0.001,7.88
01/01/2026 02:04,15.125,0.001,7.88
01/01/2026 01:34,15,0.001,7.88
01/01/2026 01:04,15.125,0.001,7.89
01/01/2026 00:34,15.25,0.001,7.89
01/01/2026 00:04,15.125,0.001,7.89
31/12/2025 23:34,15.125,0.001,7.89
31/12/2025 23:04,15.125,0.001,7.89
31/12/2025 22:34,15.125,0.001,7.89
31/12/2025 22:04,15.125,0.001,7.89
31/12/2025 21:34,15.125,0.001,7.89
31/12/2025 21:34,15.125,0.001,7.89
31/12/2025 21:04,15.125,0.001,7.89
31/12/2025 20:34,15.125,0.001,7.9
31/12/2025 20:04,15.25,0.001,7.9
31/12/2025 19:34,15.125,0.001,7.9
31/12/2025 19:04,15.125,0.001,7.9
31/12/2025 18:34,15.25,0.001,7.9
31/12/2025 18:04,15.375,0.001,7.91
31/12/2025 17:34,15.375,0.001,7.9
31/12/2025 17:04,15.375,0.001,7.9
31/12/2025 16:34,15.5,0.001,7.9
31/12/2025 16:04,15.5,0.001,7.89
31/12/2025 15:34,15.5,0.001,7.89
31/12/2025 15:04,15.5,0.001,7.89
31/12/2025 14:34,15.375,0.001,7.88
31/12/2025 14:04,15.375,0.001,7.88
31/12/2025 13:34,15.25,0.001,7.87
31/12/2025 13:04,15.25,0.001,7.87
31/12/2025 12:34,15.25,0.001,7.86
31/12/2025 12:04,15.25,0.001,7.86
31/12/2025 11:34,15.375,0.001,7.85
31/12/2025 11:04,15.25,0.001,7.84
31/12/2025 10:34,15.25,0.001,7.84
31/12/2025 10:04,15.25,0.001,7.83
31/12/2025 09:34,15.125,0.001,7.83
31/12/2025 09:04,15.125,0.001,7.82
31/12/2025 08:34,15.125,0.001,7.82
31/12/2025 08:04,15.125,0.001,7.81
31/12/2025 07:34,15.125,0.001,7.81
31/12/2025 07:04,15.125,0.001,7.8
31/12/2025 07:04,15.125,0.001,7.8
31/12/2025 06:34,15,0.001,7.8
31/12/2025 06:04,15.125,0.001,7.8
31/12/2025 05:34,15,0.001,7.8
31/12/2025 05:34,15,0.001,7.8
31/12/2025 05:04,15,0.001,7.8
31/12/2025 04:34,15,0.001,7.8
31/12/2025 04:04,15.125,0.001,7.8
31/12/2025 03:34,15,0.001,7.8
31/12/2025 03:04,15,0.001,7.8
31/12/2025 02:34,15,0.001,7.8
31/12/2025 02:34,15,0.001,7.8
31/12/2025 02:04,14.875,0.001,7.8
31/12/2025 01:34,15,0.001,7.8
31/12/2025 01:04,15,0.001,7.8
31/12/2025 01:04,15,0.001,7.8
31/12/2025 00:34,15,0.001,7.8
31/12/2025 00:04,15,0.001,7.8
30/12/2025 23:34,15,0.001,7.8
30/12/2025 23:04,15,0.001,7.8
30/12/2025 22:34,15,0.001,7.8
30/12/2025 22:04,14.875,0.001,7.8
30/12/2025 21:34,15,0.001,7.8
30/12/2025 21:04,15,0.001,7.8
30/12/2025 20:34,15,0.001,7.8
30/12/2025 20:04,15,0.001,7.81
30/12/2025 19:34,15.125,0.001,7.81
30/12/2025 19:04,15.125,0.001,7.81
30/12/2025 18:34,15.125,0.001,7.81
30/12/2025 18:04,15.125,0.001,7.82
30/12/2025 17:34,15.25,0.001,7.82
30/12/2025 17:26,15.25,0.001,7.82
30/12/2025 17:24,15.625,0.001,7.82
30/12/2025 17:04,15.625,0.001,7.82
30/12/2025 16:34,15.625,0.001,7.82
30/12/2025 16:04,16.625,0.001,7.83
30/12/2025 15:34,15.625,0.001,7.83
30/12/2025 15:04,15.625,0.001,7.84
30/12/2025 14:34,15.625,0.001,7.84
30/12/2025 14:04,14.75,0.001,7.85
30/12/2025 13:34,14.75,0.001,7.86
30/12/2025 13:04,15.625,0.001,7.86
30/12/2025 12:34,15.5,0.001,7.88
30/12/2025 12:04,15.625,0.001,7.89
30/12/2025 11:34,15.5,0.001,7.9
30/12/2025 11:04,15.5,0.001,7.91
30/12/2025 10:34,15.5,0.001,7.92
30/12/2025 10:04,15.375,0.001,7.93
30/12/2025 09:34,15.375,0.001,7.93
30/12/2025 09:04,15.5,0.001,7.92
30/12/2025 08:34,15.5,0.001,7.92
30/12/2025 08:04,15.625,0.001,7.92
30/12/2025 07:34,15.625,0.001,7.92
30/12/2025 07:04,14.75,0.001,7.91
30/12/2025 06:34,15.625,0.001,7.91
30/12/2025 06:04,15.5,0.001,7.91
30/12/2025 05:34,15.625,0.001,7.92
30/12/2025 05:04,15.625,0.001,7.92
30/12/2025 04:34,15.5,0.001,7.92
30/12/2025 04:04,15.5,0.001,7.93
30/12/2025 03:34,15.5,0.001,7.93
30/12/2025 03:04,15.5,0.001,7.93
30/12/2025 02:34,15.5,0.001,7.93
30/12/2025 02:04,15.5,0.001,7.93
30/12/2025 01:34,15.5,0.001,7.94
30/12/2025 01:04,15.375,0.001,7.94
30/12/2025 00:34,15.375,0.001,7.94
30/12/2025 00:04,15.375,0.001,7.94
29/12/2025 23:34,15.375,0.001,7.94
29/12/2025 23:34,15.375,0.001,7.94
29/12/2025 23:04,15.25,0.001,7.95
29/12/2025 22:34,15.375,0.001,7.95
29/12/2025 22:04,15.25,0.001,7.95
29/12/2025 21:34,15.125,0.001,7.95
29/12/2025 21:04,15.125,0.001,7.96
29/12/2025 20:34,15.125,0.001,7.96
29/12/2025 20:04,15.125,0.001,7.96
29/12/2025 19:34,15,0.001,7.96
29/12/2025 19:04,15,0.001,7.96
29/12/2025 18:34,15,0.001,7.97
29/12/2025 18:04,15,0.001,7.97
29/12/2025 17:34,15.25,0.001,7.97
29/12/2025 17:04,15.125,0.001,7.97
29/12/2025 16:34,15.125,0.001,7.97
29/12/2025 16:04,15.25,0.001,7.97
29/12/2025 15:34,15.25,0.001,7.96
29/12/2025 15:04,15.25,0.001,7.96
29/12/2025 14:34,15.125,0.001,7.96
29/12/2025 14:04,15.375,0.001,7.96
29/12/2025 13:34,15.25,0.001,7.95
29/12/2025 13:04,15.25,0.001,7.95
29/12/2025 12:34,15.25,0.001,7.95
29/12/2025 12:04,15.25,0.001,7.94
29/12/2025 11:34,15.375,0.001,7.94
29/12/2025 11:04,15.375,0.001,7.94
29/12/2025 10:34,15.375,0.001,7.94
29/12/2025 10:04,15.375,0.001,7.93
29/12/2025 09:34,15.25,0.001,7.93
29/12/2025 09:34,15.25,0.001,7.93
29/12/2025 09:04,15.5,0.001,7.93
29/12/2025 09:04,15.5,0.001,7.93
29/12/2025 08:34,15.5,0.001,7.93
29/12/2025 08:04,15.5,0.001,7.93
29/12/2025 07:34,15.5,0.001,7.92
29/12/2025 07:04,15.625,0.001,7.92
29/12/2025 06:34,15.5,0.001,7.92
29/12/2025 06:04,15.625,0.001,7.93
29/12/2025 05:34,15.625,0.001,7.93
29/12/2025 05:04,15.5,0.001,7.93
29/12/2025 04:34,15.375,0.001,7.93
29/12/2025 04:04,15.5,0.001,7.93
29/12/2025 03:34,15.5,0.001,7.94
29/12/2025 03:04,15.5,0.001,7.94
29/12/2025 02:34,15.375,0.001,7.94
29/12/2025 02:04,15.375,0.001,7.94
29/12/2025 01:34,15.375,0.001,7.95
29/12/2025 01:04,15.375,0.001,7.95
29/12/2025 00:34,15.25,0.001,7.95
29/12/2025 00:04,15.25,0.001,7.95
28/12/2025 23:34,15.25,0.001,7.95
28/12/2025 23:04,15.125,0.001,7.96
28/12/2025 22:34,15.25,0.001,7.96
28/12/2025 22:04,15.125,0.001,7.96
28/12/2025 21:34,15.125,0.001,7.96
28/12/2025 21:31,15.25,0.001,7.96
28/12/2025 19:34,15.125,0.001,7.97
28/12/2025 19:04,15,0.001,7.97
28/12/2025 18:34,14.875,0.001,7.97
28/12/2025 18:04,14.875,0.001,7.97
28/12/2025 17:34,15,0.001,7.97
28/12/2025 17:04,15,0.001,7.97
28/12/2025 16:34,15.125,0.001,7.97
28/12/2025 16:04,15.125,0.001,7.97
28/12/2025 15:34,15.125,0.001,7.97
28/12/2025 15:04,15.125,0.001,7.97
28/12/2025 14:34,15.25,0.001,7.96
28/12/2025 14:04,15.125,0.001,7.96
28/12/2025 13:34,15.25,0.001,7.96
28/12/2025 13:04,15.375,0.001,7.96
28/12/2025 12:34,15.25,0.001,7.95
28/12/2025 12:04,15.375,0.001,7.95
28/12/2025 11:34,15.375,0.001,7.95
28/12/2025 11:04,15.375,0.001,7.94
28/12/2025 10:34,15.375,0.001,7.94
28/12/2025 10:04,15.5,0.001,7.94
28/12/2025 09:34,15.25,0.001,7.93
28/12/2025 09:04,15.5,0.001,7.93
28/12/2025 08:34,15.5,0.001,7.93
28/12/2025 08:04,15.5,0.001,7.93
28/12/2025 07:34,15.625,0.001,7.92
28/12/2025 07:04,15.625,0.001,7.92
28/12/2025 06:34,15.625,0.001,7.92
28/12/2025 06:34,15.625,0.001,7.92
28/12/2025 06:04,15.625,0.001,7.92
28/12/2025 05:34,15.5,0.001,7.92
28/12/2025 05:04,15.625,0.001,7.92
28/12/2025 04:34,15.5,0.001,7.93
28/12/2025 04:04,15.375,0.001,7.93
28/12/2025 03:34,15.5,0.001,7.93
28/12/2025 03:04,15.375,0.001,7.93
28/12/2025 02:34,15.375,0.001,7.93
28/12/2025 02:04,15.375,0.001,7.93
28/12/2025 01:34,15.5,0.001,7.94
28/12/2025 01:04,15.375,0.001,7.94
28/12/2025 00:34,15.25,0.001,7.94
28/12/2025 00:04,15.25,0.001,7.94
27/12/2025 23:34,15.375,0.001,7.94
27/12/2025 23:04,15.375,0.001,7.95
27/12/2025 22:34,15.125,0.001,7.95
27/12/2025 22:04,15.25,0.001,7.95
27/12/2025 21:34,15.25,0.001,7.95
27/12/2025 21:04,15,0.001,7.95
27/12/2025 20:34,15,0.001,7.95
27/12/2025 20:04,14.875,0.001,7.96
27/12/2025 19:34,15,0.001,7.96
27/12/2025 19:04,15,0.001,7.96
27/12/2025 18:34,14.875,0.001,7.96
27/12/2025 18:04,14.875,0.001,7.96
27/12/2025 17:34,14.875,0.001,7.96
27/12/2025 17:04,14.875,0.001,7.96
27/12/2025 16:34,15,0.001,7.96
27/12/2025 16:04,15,0.001,7.96
27/12/2025 15:34,14.875,0.001,7.96
27/12/2025 15:04,15,0.001,7.95
27/12/2025 14:34,15,0.001,7.95
27/12/2025 14:04,15.25,0.001,7.95
27/12/2025 13:34,15.125,0.001,7.94
27/12/2025 13:04,15.125,0.001,7.94
27/12/2025 12:34,15.25,0.001,7.94
27/12/2025 12:04,15.125,0.001,7.93
27/12/2025 11:34,15.375,0.001,7.93
27/12/2025 11:04,15.25,0.001,7.93
27/12/2025 10:34,15.25,0.001,7.92
27/12/2025 10:04,15.375,0.001,7.92
27/12/2025 09:34,15.375,0.001,7.92
27/12/2025 09:04,15.25,0.001,7.91
27/12/2025 08:34,15.375,0.001,7.91
27/12/2025 08:04,15.375,0.001,7.91
27/12/2025 07:34,15.5,0.001,7.9
27/12/2025 07:04,15.25,0.001,7.9
27/12/2025 06:34,15.375,0.001,7.9
27/12/2025 06:04,15.25,0.001,7.9
27/12/2025 05:34,15.25,0.001,7.91
27/12/2025 05:04,15.25,0.001,7.91
27/12/2025 04:34,15.375,0.001,7.91
27/12/2025 04:04,15.375,0.001,7.91
27/12/2025 03:34,15.125,0.001,7.91
27/12/2025 03:04,15.25,0.001,7.91
27/12/2025 02:34,15.375,0.001,7.92
27/12/2025 02:04,15.375,0.001,7.92
27/12/2025 01:34,15.25,0.001,7.92
27/12/2025 01:04,15.375,0.001,7.92
27/12/2025 00:34,15.25,0.001,7.92
27/12/2025 00:04,15.25,0.001,7.93
26/12/2025 23:34,15.25,0.001,7.93
26/12/2025 23:04,15.25,0.001,7.93
26/12/2025 22:34,15.25,0.001,7.93
26/12/2025 22:04,15.125,0.001,7.93
26/12/2025 21:34,15.125,0.001,7.94
26/12/2025 21:04,15.125,0.001,7.94
26/12/2025 20:34,15.125,0.001,7.94
26/12/2025 20:04,15,0.001,7.94
26/12/2025 19:34,15,0.001,7.94
26/12/2025 19:04,15.125,0.001,7.94
26/12/2025 18:34,15,0.001,7.95
26/12/2025 18:04,14.875,0.001,7.95
26/12/2025 18:04,14.875,0.001,7.95
26/12/2025 17:34,14.875,0.001,7.95
26/12/2025 17:04,15.125,0.001,7.95
26/12/2025 16:34,15.125,0.001,7.94
26/12/2025 16:34,15.125,0.001,7.94
26/12/2025 16:04,15.25,0.001,7.94
26/12/2025 15:34,15.125,0.001,7.94
26/12/2025 15:04,15.25,0.001,7.94
26/12/2025 14:34,15.125,0.001,7.93
26/12/2025 14:04,15.25,0.001,7.93
26/12/2025 13:34,15.25,0.001,7.93
26/12/2025 13:04,15.375,0.001,7.92
26/12/2025 12:34,15.375,0.001,7.92
26/12/2025 12:04,15.375,0.001,7.92
26/12/2025 11:34,15.375,0.001,7.92
26/12/2025 11:04,15.375,0.001,7.93
26/12/2025 10:34,15.25,0.001,7.92
26/12/2025 10:04,15.25,0.001,7.92
26/12/2025 09:34,15.375,0.001,7.92
26/12/2025 09:04,15.375,0.001,7.92
26/12/2025 08:34,15.375,0.001,7.91
26/12/2025 08:34,15.375,0.001,7.91
26/12/2025 08:04,15.5,0.001,7.91
26/12/2025 07:34,15.625,0.001,7.91
26/12/2025 07:04,16.625,0.001,7.91
26/12/2025 06:34,15.625,0.001,7.9
26/12/2025 06:04,15.5,0.001,7.9
26/12/2025 05:34,15.625,0.001,7.91
26/12/2025 05:04,15.375,0.001,7.91
26/12/2025 04:34,15.5,0.001,7.91
26/12/2025 04:04,15.5,0.001,7.91
26/12/2025 03:34,15.5,0.001,7.91
26/12/2025 03:04,15.375,0.001,7.92
26/12/2025 02:34,15.375,0.001,7.92
26/12/2025 02:04,15.375,0.001,7.92
26/12/2025 01:34,15.375,0.001,7.92
26/12/2025 01:04,15.375,0.001,7.92
26/12/2025 01:04,15.375,0.001,7.92
26/12/2025 00:34,15.375,0.001,7.92
26/12/2025 00:04,15.375,0.001,7.93
25/12/2025 23:34,15.25,0.001,7.93
25/12/2025 23:04,15.125,0.001,7.93
25/12/2025 22:34,15.25,0.001,7.93
25/12/2025 22:04,15.25,0.001,7.93
25/12/2025 21:34,15.125,0.001,7.93
25/12/2025 21:34,15.125,0.001,7.93
25/12/2025 21:04,15.125,0.001,7.94
25/12/2025 20:34,15.25,0.001,7.94
25/12/2025 20:04,15.25,0.001,7.94
25/12/2025 19:34,15,0.001,7.94
25/12/2025 19:04,15,0.001,7.94
25/12/2025 18:34,14.875,0.001,7.95
25/12/2025 18:04,14.875,0.001,7.95
25/12/2025 17:34,15,0.001,7.95
25/12/2025 17:04,15,0.001,7.95
25/12/2025 16:34,15.125,0.001,7.94
25/12/2025 16:04,15,0.001,7.94
25/12/2025 15:34,15.25,0.001,7.94
25/12/2025 15:04,15.125,0.001,7.94
25/12/2025 14:34,15.125,0.001,7.93
25/12/2025 14:04,15.375,0.001,7.93
25/12/2025 13:34,15.25,0.001,7.92
25/12/2025 13:04,15.25,0.001,7.92
25/12/2025 12:34,15.125,0.001,7.92
25/12/2025 12:04,15.25,0.001,7.91
25/12/2025 11:34,15.375,0.001,7.91
25/12/2025 11:04,15.375,0.001,7.91
25/12/2025 10:34,15.375,0.001,7.9
25/12/2025 10:04,15.25,0.001,7.9
25/12/2025 09:34,15.5,0.001,7.89
25/12/2025 09:04,15.375,0.001,7.89
25/12/2025 08:34,15.375,0.001,7.88
25/12/2025 08:04,15.375,0.001,7.88
25/12/2025 07:34,15.5,0.001,7.88
25/12/2025 07:04,15.5,0.001,7.88
25/12/2025 06:34,15.375,0.001,7.87
25/12/2025 06:04,15.5,0.001,7.87
25/12/2025 05:34,15.375,0.001,7.87
25/12/2025 05:04,15.625,0.001,7.87
25/12/2025 04:34,15.375,0.001,7.87
25/12/2025 04:04,15.375,0.001,7.88
25/12/2025 03:34,15.5,0.001,7.88
25/12/2025 03:04,15.5,0.001,7.88
25/12/2025 02:34,15.375,0.001,7.88
25/12/2025 02:04,15.5,0.001,7.88
25/12/2025 01:34,15.375,0.001,7.88
25/12/2025 01:04,15.375,0.001,7.88
25/12/2025 00:34,15.25,0.001,7.88
25/12/2025 00:04,15.375,0.001,7.88
24/12/2025 23:34,15.25,0.001,7.88
24/12/2025 23:04,15.25,0.001,7.89
24/12/2025 22:34,15.25,0.001,7.89
24/12/2025 22:04,15.25,0.001,7.89
24/12/2025 21:34,15.25,0.001,7.89
24/12/2025 21:04,15.125,0.001,7.89
24/12/2025 20:34,15.25,0.001,7.89
24/12/2025 20:04,15.25,0.001,7.89
24/12/2025 19:34,15.25,0.001,7.89
24/12/2025 19:04,15.125,0.001,7.89
24/12/2025 18:34,15.125,0.001,7.89
24/12/2025 18:34,15.125,0.001,7.89
24/12/2025 18:04,15,0.001,7.9
24/12/2025 17:34,15,0.001,7.89
24/12/2025 17:04,15.25,0.001,7.89
24/12/2025 16:34,15.125,0.001,7.89
24/12/2025 16:04,15.25,0.001,7.88
24/12/2025 15:34,15.25,0.001,7.88
24/12/2025 15:04,15.25,0.001,7.87
24/12/2025 14:34,15.375,0.001,7.87
24/12/2025 14:04,15.375,0.001,7.86
24/12/2025 13:34,15.375,0.001,7.86
24/12/2025 13:34,15.375,0.001,7.86
24/12/2025 13:04,15.375,0.001,7.85
24/12/2025 12:34,15.375,0.001,7.85
24/12/2025 12:04,15.5,0.001,7.84
24/12/2025 11:34,15.5,0.001,7.83
24/12/2025 11:04,15.375,0.001,7.83
24/12/2025 10:34,15.625,0.001,7.82
24/12/2025 10:04,15.5,0.001,7.81
24/12/2025 09:34,15.5,0.001,7.81
24/12/2025 09:14,15.75,0.001,7.81
24/12/2025 09:04,15.625,0.001,7.8
24/12/2025 08:34,15.75,0.001,7.8
24/12/2025 08:04,15.75,0.001,7.79
24/12/2025 07:34,15.75,0.001,7.79
24/12/2025 07:04,15.875,0.001,7.78
24/12/2025 06:34,15.875,0.001,7.78
24/12/2025 06:04,15.875,0.001,7.78
24/12/2025 05:34,15.875,0.001,7.77
24/12/2025 05:04,15.875,0.001,7.77
24/12/2025 04:34,15.75,0.001,7.77
24/12/2025 04:04,15.875,0.001,7.77
24/12/2025 03:34,15.75,0.001,7.77
24/12/2025 03:04,15.75,0.001,7.77
24/12/2025 02:34,15.75,0.001,7.77
24/12/2025 02:04,15.75,0.001,7.77
24/12/2025 01:34,15.625,0.001,7.78
24/12/2025 01:04,14.75,0.001,7.77
24/12/2025 00:34,15.625,0.001,7.77
24/12/2025 00:04,15.625,0.001,7.77
23/12/2025 23:34,15.625,0.001,7.77
23/12/2025 23:04,15.625,0.001,7.77
23/12/2025 22:34,16.625,0.001,7.77
23/12/2025 22:04,15.5,0.001,7.77
23/12/2025 21:34,15.625,0.001,7.77
23/12/2025 21:04,15.5,0.001,7.78
23/12/2025 20:34,15.375,0.001,7.78
23/12/2025 20:04,15.375,0.001,7.78
23/12/2025 19:34,15.375,0.001,7.78
23/12/2025 19:04,15.375,0.001,7.78
23/12/2025 18:34,15.375,0.001,7.78
23/12/2025 18:04,15.375,0.001,7.78
23/12/2025 17:34,15.375,0.001,7.77
23/12/2025 17:04,15.375,0.001,7.75
23/12/2025 16:34,15.375,0.001,7.73
23/12/2025 16:04,15.5,0.001,7.68
23/12/2025 15:34,15.5,0.001,7.61
23/12/2025 15:04,15.5,0.001,7.45
23/12/2025 14:34,15.625,0.001,7.09
23/12/2025 14:04,15.5,0.001,6.55
23/12/2025 13:34,15.5,0.001,6.4
23/12/2025 13:34,14.75,0.001,6.4
27/10/2025 11:04,23.5,0.015,6.57
27/10/2025 10:34,23.5,0.015,6.57
27/10/2025 10:04,23.25,0.015,6.57
27/10/2025 09:34,23.25,0.015,6.57
27/10/2025 09:04,23.125,0.015,6.58
27/10/2025 08:34,22.625,0.015,6.57
27/10/2025 08:34,22.625,0.015,6.57
27/10/2025 08:04,22.375,0.015,6.57
27/10/2025 07:34,22,0.015,6.57
27/10/2025 07:04,22.125,0.015,6.56
27/10/2025 06:34,22.25,0.015,6.56
27/10/2025 06:04,22,0.015,6.56
27/10/2025 05:34,22,0.015,6.57
27/10/2025 05:04,22,0.015,6.57
27/10/2025 04:34,22.125,0.015,6.56
27/10/2025 04:04,22.125,0.015,6.57
27/10/2025 03:34,22.25,0.015,6.57
27/10/2025 03:04,22.125,0.015,6.57
27/10/2025 02:34,22.125,0.015,6.56
27/10/2025 02:04,22.25,0.015,6.57
27/10/2025 01:34,22.125,0.015,6.57
27/10/2025 01:04,22.375,0.015,6.57
27/10/2025 00:34,22.375,0.015,6.57
27/10/2025 00:04,22.375,0.015,6.57
26/10/2025 23:34,22.125,0.015,6.57
26/10/2025 23:04,22.125,0.015,6.57
26/10/2025 22:34,22.25,0.015,6.57
26/10/2025 22:04,22.375,0.015,6.57
26/10/2025 21:34,22.25,0.015,6.57
26/10/2025 21:04,22.25,0.015,6.57
26/10/2025 20:34,22.125,0.015,6.57
26/10/2025 20:04,22.375,0.015,6.57
26/10/2025 19:34,22.375,0.015,6.57
26/10/2025 19:34,22.375,0.015,6.57
26/10/2025 19:04,22.25,0.015,6.57
26/10/2025 18:34,22.5,0.015,6.57
26/10/2025 18:04,22.625,0.015,6.57
26/10/2025 17:34,22.625,0.015,6.57
26/10/2025 17:04,22.75,0.015,6.57
26/10/2025 16:34,22.875,0.015,6.57
26/10/2025 16:04,22.875,0.015,6.58
26/10/2025 15:34,23.125,0.015,6.57
26/10/2025 15:04,23,0.015,6.58
26/10/2025 14:34,23.125,0.015,6.58
26/10/2025 14:04,23.25,0.015,6.58
26/10/2025 13:34,23.375,0.015,6.58
26/10/2025 13:04,23.375,0.015,6.58
26/10/2025 12:34,23.25,0.015,6.58
26/10/2025 12:04,23,0.015,6.58
26/10/2025 11:34,22.875,0.015,6.57
26/10/2025 11:04,22.625,0.015,6.57
26/10/2025 10:34,22.5,0.015,6.57
26/10/2025 10:04,22.25,0.015,6.57
26/10/2025 09:34,22.25,0.015,6.57
26/10/2025 09:04,22.125,0.015,6.56
26/10/2025 08:34,22.25,0.015,6.57
26/10/2025 08:04,22.125,0.015,6.57
26/10/2025 07:34,22.25,0.015,6.56
26/10/2025 07:04,22.25,0.015,6.56
26/10/2025 06:34,22.375,0.015,6.56
26/10/2025 06:04,22.375,0.015,6.56
26/10/2025 05:34,22.375,0.015,6.56
26/10/2025 05:04,22.375,0.015,6.56
26/10/2025 04:34,23.375,0.015,6.56
26/10/2025 04:04,22.625,0.015,6.56
26/10/2025 03:34,22.5,0.015,6.56
26/10/2025 03:04,22.5,0.014,6.56
26/10/2025 02:34,22.625,0.014,6.56
26/10/2025 02:04,22.75,0.014,6.56
26/10/2025 01:34,22.75,0.014,6.56
26/10/2025 01:04,22.75,0.014,6.56
26/10/2025 01:34,22.75,0.014,6.56
26/10/2025 01:04,22.875,0.014,6.56
26/10/2025 00:34,22.875,0.014,6.56
26/10/2025 00:04,23,0.014,6.56
25/10/2025 23:34,23,0.014,6.56
25/10/2025 23:04,23.125,0.014,6.57
25/10/2025 22:34,23.125,0.014,6.56
25/10/2025 22:04,23.375,0.014,6.56
25/10/2025 21:34,23.5,0.014,6.56
25/10/2025 21:04,23.5,0.014,6.57
25/10/2025 20:34,23.5,0.014,6.56
25/10/2025 20:04,23.75,0.014,6.57
25/10/2025 19:34,23.875,0.014,6.57
25/10/2025 19:04,23.875,0.014,6.57
25/10/2025 18:34,24,0.014,6.57
25/10/2025 18:04,24.125,0.014,6.57
25/10/2025 17:34,24.25,0.014,6.57
25/10/2025 17:04,24.125,0.014,6.57
25/10/2025 16:34,24.25,0.014,6.57
25/10/2025 16:04,24.375,0.014,6.57
25/10/2025 15:34,24.5,0.014,6.58
25/10/2025 15:04,24.625,0.014,6.58
25/10/2025 14:34,24.5,0.014,6.57
25/10/2025 14:04,24.375,0.015,6.57
25/10/2025 13:34,24.25,0.015,6.57
25/10/2025 13:04,24.125,0.015,6.57
25/10/2025 13:04,24.125,0.015,6.57
25/10/2025 12:34,24.125,0.014,6.57
25/10/2025 12:04,24,0.015,6.57
25/10/2025 11:34,24,0.014,6.57
25/10/2025 11:04,23.75,0.014,6.56
25/10/2025 10:34,23.875,0.014,6.56
25/10/2025 10:04,23.75,0.014,6.56
25/10/2025 09:34,23.75,0.014,6.56
25/10/2025 09:04,23.75,0.014,6.56
25/10/2025 08:34,23.75,0.014,6.56
25/10/2025 08:04,23.75,0.014,6.56
25/10/2025 07:34,23.75,0.014,6.56
25/10/2025 07:04,23.875,0.014,6.56
25/10/2025 06:34,23.875,0.014,6.56
25/10/2025 06:04,24,0.014,6.56
25/10/2025 05:34,23.75,0.014,6.56
25/10/2025 05:04,24,0.014,6.56
25/10/2025 04:34,24,0.014,6.56
25/10/2025 04:04,24,0.014,6.56
25/10/2025 04:04,24,0.014,6.56
25/10/2025 03:34,24,0.014,6.56
25/10/2025 03:04,24,0.014,6.56
25/10/2025 02:34,24.125,0.015,6.56
25/10/2025 02:34,24.125,0.015,6.56
25/10/2025 02:04,24.125,0.014,6.56
25/10/2025 01:34,24.125,0.015,6.56
25/10/2025 01:04,24.125,0.015,6.56
25/10/2025 00:34,24.25,0.015,6.56
25/10/2025 00:34,24.25,0.015,6.56
25/10/2025 00:04,24.125,0.014,6.56
24/10/2025 23:34,24.25,0.015,6.56
24/10/2025 23:04,24.25,0.015,6.56
24/10/2025 22:34,24.375,0.015,6.56
24/10/2025 22:04,24.5,0.015,6.56
24/10/2025 21:34,24.625,0.015,6.56
24/10/2025 21:04,24.875,0.015,6.56
24/10/2025 20:34,24.875,0.015,6.56
24/10/2025 20:04,25.125,0.015,6.56
24/10/2025 19:34,25.375,0.015,6.57
24/10/2025 19:04,25.625,0.015,6.57
24/10/2025 18:34,25.75,0.015,6.57
24/10/2025 18:04,25.875,0.015,6.58
24/10/2025 17:34,26.25,0.015,6.59
24/10/2025 17:04,26.5,0.015,6.59
24/10/2025 16:34,26.75,0.016,6.59
24/10/2025 16:04,25.75,0.016,6.59
24/10/2025 15:34,26.75,0.016,6.6
24/10/2025 15:04,27.625,0.016,6.61
24/10/2025 14:34,26.375,0.017,6.61
24/10/2025 14:04,26.125,0.017,6.6
24/10/2025 13:34,25.75,0.017,6.6
24/10/2025 13:11,25.25,0.018,6.59
