Declared,Temperature,NH3,pH
22/09/2026 14:58,15.875,0.001,7.89
22/09/2026 14:28,15.75,0.001,7.89
22/09/2026 13:58,14.75,0.001,7.88
22/09/2026 13:28,15.375,0.001,7.88
22/09/2026 12:58,15.125,0.001,7.88
22/09/2026 12:28,14.875,0.001,7.87
22/09/2026 11:58,14.625,0.001,7.87
22/09/2026 11:28,14.25,0.001,7.86
22/09/2026 10:58,14,0.001,7.86
22/09/2026 10:28,13.875,0.001,7.85
22/09/2026 09:58,14.375,0.001,7.85
22/09/2026 09:28,15.125,0.001,7.85
22/09/2026 08:58,15.875,0.001,7.85
22/09/2026 08:28,16,0.001,7.85
22/09/2026 07:58,16,0.001,7.85
22/09/2026 07:28,15.875,0.001,7.85
22/09/2026 06:58,16,0.001,7.84
22/09/2026 06:28,15.875,0.001,7.84
22/09/2026 05:58,15.875,0.001,7.84
22/09/2026 05:28,15.75,0.001,7.84
22/09/2026 04:58,15.75,0.001,7.85
22/09/2026 04:28,15.875,0.001,7.85
22/09/2026 03:58,16,0.001,7.85
22/09/2026 03:28,15.875,0.001,7.85
22/09/2026 02:58,14.875,0.001,7.85
22/09/2026 02:28,14.75,0.001,7.85
22/09/2026 01:58,15.625,0.001,7.85
22/09/2026 01:28,14.75,0.001,7.85
22/09/2026 00:58,15.625,0.001,7.85
22/09/2026 00:28,15.375,0.001,7.85
21/09/2026 23:58,15.5,0.001,7.85
21/09/2026 23:28,15.125,0.001,7.85
21/09/2026 22:58,15.375,0.001,7.85
21/09/2026 22:28,14.875,0.001,7.85
21/09/2026 21:58,14.875,0.001,7.85
21/09/2026 21:28,14.625,0.001,7.86
21/09/2026 20:58,14.375,0.001,7.86
21/09/2026 20:28,14.125,0.001,7.86
21/09/2026 19:58,14.125,0.001,7.86
21/09/2026 19:28,14.875,0.001,7.86
21/09/2026 18:58,16.625,0.001,7.87
21/09/2026 18:28,16.25,0.001,7.88
21/09/2026 17:58,16.875,0.001,7.88
21/09/2026 17:28,16.875,0.001,7.87
21/09/2026 16:58,16.75,0.001,7.87
21/09/2026 16:28,16.5,0.001,7.87
21/09/2026 15:58,16.375,0.001,7.86
21/09/2026 15:28,16.25,0.001,7.86
21/09/2026 14:58,16,0.001,7.85
21/09/2026 14:28,16,0.001,7.85
21/09/2026 13:58,15.75,0.001,7.84
21/09/2026 13:28,16.5,0.001,7.84
21/09/2026 12:58,15.625,0.001,7.84
21/09/2026 12:28,15.375,0.001,7.84
21/09/2026 11:58,15.125,0.001,7.84
21/09/2026 11:28,14.75,0.001,7.84
21/09/2026 10:58,14.25,0.001,7.85
21/09/2026 10:28,14,0.001,7.85
21/09/2026 09:58,15,0.001,7.87
21/09/2026 09:28,15.625,0.001,7.88
21/09/2026 08:58,16.25,0.001,7.89
21/09/2026 08:28,16.25,0.001,7.89
21/09/2026 07:58,16.125,0.001,7.89
21/09/2026 07:28,16.25,0.001,7.89
21/09/2026 06:58,16.125,0.001,7.88
21/09/2026 06:28,16.125,0.001,7.88
21/09/2026 05:58,16,0.001,7.88
21/09/2026 05:28,16,0.001,7.89
21/09/2026 04:58,15.875,0.001,7.89
21/09/2026 04:28,15.875,0.001,7.89
21/09/2026 03:58,16,0.001,7.89
21/09/2026 03:28,16,0.001,7.89
21/09/2026 02:58,16,0.001,7.9
21/09/2026 02:28,16.625,0.001,7.9
21/09/2026 02:12,16.625,0.001,7.9
21/09/2026 02:11,15.875,0.001,7.9
21/09/2026 02:11,15.875,0.001,8.56
21/09/2026 01:58,16.625,0.001,7.9
21/09/2026 01:28,16.5,0.001,7.9
21/09/2026 00:58,15.5,0.001,7.9
21/09/2026 00:28,15.5,0.001,7.9
20/09/2026 23:58,15.375,0.001,7.9
20/09/2026 23:28,15.375,0.001,7.91
20/09/2026 22:58,15.125,0.001,7.91
20/09/2026 22:28,14.875,0.001,7.9
20/09/2026 21:58,15,0.001,7.91
20/09/2026 21:28,13.75,0.001,7.91
20/09/2026 20:58,14.375,0.001,7.91
20/09/2026 20:28,14,0.001,7.91
20/09/2026 19:58,14.25,0.001,7.92
20/09/2026 19:28,14.875,0.001,7.92
20/09/2026 18:58,16.625,0.001,7.93
20/09/2026 18:28,16.125,0.001,7.93
20/09/2026 17:58,16.875,0.001,7.94
20/09/2026 17:28,16.875,0.001,7.94
20/09/2026 16:58,16.5,0.001,7.93
20/09/2026 16:28,16.375,0.001,7.93
20/09/2026 15:58,16.25,0.001,7.93
20/09/2026 15:28,16,0.001,7.92
20/09/2026 14:58,15.875,0.001,7.92
20/09/2026 14:28,15.875,0.001,7.92
20/09/2026 13:58,16.5,0.001,7.91
20/09/2026 13:28,15.625,0.001,7.91
20/09/2026 12:58,15.25,0.001,7.9
20/09/2026 12:28,14.875,0.001,7.9
20/09/2026 11:58,14.625,0.001,7.9
20/09/2026 11:28,14.25,0.001,7.89
20/09/2026 10:58,14.125,0.001,7.89
20/09/2026 10:28,14.125,0.001,7.89
20/09/2026 09:58,15.625,0.001,7.89
20/09/2026 09:28,15.625,0.001,7.9
20/09/2026 08:58,16.125,0.001,7.9
20/09/2026 08:28,16.25,0.001,7.89
20/09/2026 07:58,16.25,0.001,7.89
20/09/2026 07:28,16.125,0.001,7.89
20/09/2026 06:58,16,0.001,7.89
20/09/2026 06:28,16.125,0.001,7.89
20/09/2026 05:58,15.875,0.001,7.89
20/09/2026 05:28,15.875,0.001,7.89
20/09/2026 04:58,16,0.001,7.89
20/09/2026 04:28,16,0.001,7.89
20/09/2026 03:58,16,0.001,7.9
20/09/2026 03:28,16,0.001,7.9
20/09/2026 02:58,15.875,0.001,7.9
20/09/2026 02:28,15.875,0.001,7.9
20/09/2026 01:58,15.875,0.001,7.9
20/09/2026 01:28,14.75,0.001,7.9
20/09/2026 00:58,16.625,0.001,7.9
20/09/2026 00:28,15.625,0.001,7.91
19/09/2026 23:58,15.5,0.001,7.91
19/09/2026 23:28,15.375,0.001,7.91
19/09/2026 22:58,15.25,0.001,7.91
19/09/2026 22:28,15.25,0.001,7.91
19/09/2026 21:58,14.75,0.001,7.92
19/09/2026 21:28,14.625,0.001,7.92
19/09/2026 20:58,14.5,0.001,7.92
19/09/2026 20:28,14,0.001,7.93
19/09/2026 19:58,14,0.001,7.93
19/09/2026 19:28,14.75,0.001,7.94
19/09/2026 18:58,15.625,0.001,7.94
19/09/2026 18:28,16.125,0.001,7.94
19/09/2026 17:58,17,0.001,7.95
19/09/2026 17:28,16.875,0.001,7.95
19/09/2026 16:58,16.625,0.001,7.94
19/09/2026 16:28,16.375,0.001,7.94
19/09/2026 15:58,16.25,0.001,7.94
19/09/2026 15:28,16.25,0.001,7.93
19/09/2026 14:58,16,0.001,7.93
19/09/2026 14:28,16.625,0.001,7.92
19/09/2026 13:58,15.625,0.001,7.92
19/09/2026 13:28,15.625,0.001,7.92
19/09/2026 12:58,15.25,0.001,7.91
19/09/2026 12:28,15.125,0.001,7.91
19/09/2026 11:58,14.875,0.001,7.9
19/09/2026 11:28,14.5,0.001,7.9
19/09/2026 10:58,14.125,0.001,7.9
19/09/2026 10:28,14,0.001,7.89
19/09/2026 09:58,14.375,0.001,7.9
19/09/2026 09:28,15.375,0.001,7.9
19/09/2026 08:58,16,0.001,7.9
19/09/2026 08:28,16.125,0.001,7.9
19/09/2026 07:58,16.125,0.001,7.9
19/09/2026 07:28,16.125,0.001,7.9
19/09/2026 06:58,16.125,0.001,7.89
19/09/2026 06:28,16,0.001,7.9
19/09/2026 05:58,16,0.001,7.9
19/09/2026 05:28,15.875,0.001,7.9
19/09/2026 04:58,15.75,0.001,7.9
19/09/2026 04:28,15.875,0.001,7.9
19/09/2026 03:58,15.875,0.001,7.9
19/09/2026 03:28,15.875,0.001,7.91
19/09/2026 02:58,15.875,0.001,7.91
19/09/2026 02:28,16.625,0.001,7.91
19/09/2026 01:58,15.75,0.001,7.91
19/09/2026 01:28,16.625,0.001,7.91
19/09/2026 00:58,15.625,0.001,7.91
19/09/2026 00:28,15.625,0.001,7.92
18/09/2026 23:58,15.375,0.001,7.91
18/09/2026 23:28,15.375,0.001,7.92
18/09/2026 22:58,15.25,0.001,7.92
18/09/2026 22:28,15.125,0.001,7.92
18/09/2026 21:58,14.75,0.001,7.92
18/09/2026 21:28,14.75,0.001,7.92
18/09/2026 20:58,14.25,0.001,7.92
18/09/2026 20:28,14,0.001,7.93
18/09/2026 19:58,14.125,0.001,7.93
18/09/2026 19:28,15.25,0.001,7.94
18/09/2026 18:58,15.875,0.001,7.94
18/09/2026 18:28,16.25,0.001,7.95
18/09/2026 17:58,17,0.001,7.95
18/09/2026 17:28,16.875,0.001,7.95
18/09/2026 16:58,16.75,0.001,7.95
18/09/2026 16:28,16.5,0.001,7.94
18/09/2026 16:15,16,0.001,7.94
18/09/2026 15:58,16.25,0.001,7.94
18/09/2026 15:28,16.125,0.001,7.94
18/09/2026 14:58,16,0.001,7.93
18/09/2026 14:28,15.75,0.001,7.93
18/09/2026 13:58,15.625,0.001,7.92
18/09/2026 13:28,14.75,0.001,7.92
18/09/2026 13:24,15.625,0.001,7.92
18/09/2026 12:28,15.25,0.001,7.91
18/09/2026 11:58,14.75,0.001,7.91
18/09/2026 11:28,14.375,0.001,7.9
18/09/2026 10:58,14.5,0.001,7.9
18/09/2026 10:28,15.5,0.001,7.9
18/09/2026 09:58,16,0.001,7.9
18/09/2026 09:28,15.875,0.001,7.9
18/09/2026 08:58,15.875,0.001,7.9
18/09/2026 08:28,16,0.001,7.89
18/09/2026 07:58,15.875,0.001,7.89
18/09/2026 07:28,15.75,0.001,7.89
18/09/2026 06:58,16.625,0.001,7.89
18/09/2026 06:28,15.875,0.001,7.89
18/09/2026 05:58,16.5,0.001,7.89
18/09/2026 05:28,16.625,0.001,7.89
18/09/2026 04:58,15.625,0.001,7.89
18/09/2026 04:28,15.75,0.001,7.89
18/09/2026 03:58,15.875,0.001,7.9
18/09/2026 03:28,15.625,0.001,7.9
18/09/2026 02:58,15.375,0.001,7.9
18/09/2026 02:28,16.375,0.001,7.9
18/09/2026 01:58,15.5,0.001,7.9
18/09/2026 01:28,15.5,0.001,7.9
18/09/2026 00:58,15.5,0.001,7.9
18/09/2026 00:28,15.375,0.001,7.91
17/09/2026 23:58,15.375,0.001,7.91
17/09/2026 23:28,14.875,0.001,7.91
17/09/2026 22:58,15.125,0.001,7.91
17/09/2026 22:28,14.875,0.001,7.91
17/09/2026 21:58,15.625,0.001,7.91
17/09/2026 21:28,13.75,0.001,7.91
17/09/2026 20:58,14.5,0.001,7.91
17/09/2026 20:28,14.125,0.001,7.92
17/09/2026 19:58,13.875,0.001,7.92
17/09/2026 19:28,13.75,0.001,7.92
17/09/2026 18:58,15.125,0.001,7.93
17/09/2026 18:28,16,0.001,7.93
17/09/2026 17:58,16.5,0.001,7.94
17/09/2026 17:28,16.375,0.001,7.93
17/09/2026 16:58,16.25,0.001,7.93
17/09/2026 16:28,16.125,0.001,7.93
17/09/2026 15:58,16.25,0.001,7.93
17/09/2026 15:28,15.875,0.001,7.92
17/09/2026 14:58,15.75,0.001,7.92
17/09/2026 14:28,15.625,0.001,7.92
17/09/2026 13:58,15.5,0.001,7.91
17/09/2026 13:28,15.125,0.001,7.91
17/09/2026 12:58,13.75,0.001,7.9
17/09/2026 12:28,15.375,0.001,7.9
17/09/2026 11:58,14.25,0.001,7.9
17/09/2026 11:28,13.875,0.001,7.9
17/09/2026 10:58,13.875,0.001,7.9
17/09/2026 10:28,14.625,0.001,7.9
17/09/2026 09:58,15.5,0.001,7.9
17/09/2026 09:28,16,0.001,7.9
17/09/2026 06:58,16,0.001,7.89
17/09/2026 06:28,16,0.001,7.89
17/09/2026 05:58,15.875,0.001,7.89
17/09/2026 05:28,15.875,0.001,7.89
17/09/2026 04:58,15.875,0.001,7.89
17/09/2026 04:28,15.875,0.001,7.89
17/09/2026 03:58,15.875,0.001,7.89
17/09/2026 03:28,16,0.001,7.9
17/09/2026 02:58,15.875,0.001,7.89
17/09/2026 02:28,15.875,0.001,7.9
17/09/2026 01:58,15.75,0.001,7.9
17/09/2026 01:28,15.875,0.001,7.9
17/09/2026 00:58,15.875,0.001,7.9
17/09/2026 00:28,15.875,0.001,7.9
16/09/2026 23:58,15.875,0.001,7.91
16/09/2026 23:28,16.625,0.001,7.91
16/09/2026 22:58,14.75,0.001,7.91
16/09/2026 22:28,15.375,0.001,7.91
16/09/2026 21:58,15.375,0.001,7.91
16/09/2026 21:28,15.25,0.001,7.91
16/09/2026 20:58,15,0.001,7.91
16/09/2026 20:28,14.875,0.001,7.91
16/09/2026 19:58,14.875,0.001,7.92
16/09/2026 19:28,16.625,0.001,7.92
16/09/2026 18:58,16.375,0.001,7.92
16/09/2026 18:28,17,0.001,7.93
16/09/2026 17:58,17.5,0.002,7.93
16/09/2026 17:28,16.75,0.002,7.93
16/09/2026 16:58,17.625,0.001,7.92
16/09/2026 16:28,17.25,0.001,7.92
16/09/2026 15:58,17.125,0.001,7.92
16/09/2026 15:28,17,0.001,7.91
16/09/2026 14:58,16.875,0.001,7.91
16/09/2026 14:28,17.625,0.001,7.9
16/09/2026 13:58,16.5,0.001,7.9
16/09/2026 13:28,16.25,0.001,7.89
16/09/2026 12:58,16.25,0.001,7.89
16/09/2026 12:28,16,0.001,7.88
16/09/2026 11:58,16,0.001,7.87
16/09/2026 11:28,15.875,0.001,7.87
16/09/2026 10:58,15.625,0.001,7.87
16/09/2026 10:28,16.5,0.001,7.86
16/09/2026 09:58,15.5,0.001,7.86
16/09/2026 09:28,15.25,0.001,7.86
16/09/2026 08:58,15.25,0.001,7.85
16/09/2026 08:28,15.25,0.001,7.85
16/09/2026 07:58,15.125,0.001,7.85
16/09/2026 07:28,14.75,0.001,7.85
16/09/2026 06:58,14.875,0.001,7.85
16/09/2026 06:28,14.875,0.001,7.85
16/09/2026 05:58,14.5,0.001,7.85
16/09/2026 05:28,14.625,0.001,7.86
16/09/2026 04:58,14.625,0.001,7.86
16/09/2026 04:28,14.25,0.001,7.86
16/09/2026 03:58,14.375,0.001,7.86
16/09/2026 03:28,14.125,0.001,7.87
16/09/2026 02:58,14.125,0.001,7.87
16/09/2026 02:28,14,0.001,7.87
16/09/2026 01:58,14.875,0.001,7.87
16/09/2026 01:28,16.625,0.001,7.87
16/09/2026 00:58,16,0.001,7.87
16/09/2026 00:28,16,0.001,7.88
15/09/2026 23:58,16,0.001,7.88
15/09/2026 23:28,16,0.001,7.88
15/09/2026 22:58,15.875,0.001,7.88
15/09/2026 22:28,15.75,0.001,7.89
15/09/2026 21:58,15.625,0.001,7.89
15/09/2026 21:28,15.625,0.001,7.89
15/09/2026 20:58,15.25,0.001,7.89
15/09/2026 20:28,15,0.001,7.89
15/09/2026 19:58,15.125,0.001,7.9
15/09/2026 19:28,16,0.001,7.9
15/09/2026 18:58,16.5,0.001,7.91
15/09/2026 18:28,17.375,0.002,7.91
15/09/2026 17:58,18.125,0.002,7.91
15/09/2026 17:28,18.125,0.002,7.91
15/09/2026 16:58,17.75,0.002,7.91
15/09/2026 16:28,17.625,0.002,7.91
15/09/2026 15:58,17.625,0.002,7.9
15/09/2026 15:28,17.375,0.002,7.9
15/09/2026 14:58,17,0.002,7.9
15/09/2026 14:28,17,0.002,7.89
15/09/2026 13:58,16.875,0.002,7.89
15/09/2026 13:28,17.625,0.002,7.88
15/09/2026 12:58,16.375,0.002,7.88
15/09/2026 12:28,16.375,0.001,7.87
15/09/2026 11:58,16.25,0.001,7.87
15/09/2026 11:28,16.125,0.001,7.87
15/09/2026 10:58,16.125,0.001,7.86
15/09/2026 10:28,15.875,0.001,7.86
15/09/2026 09:58,15.75,0.001,7.85
15/09/2026 09:28,16.625,0.001,7.85
15/09/2026 08:58,15.625,0.001,7.84
15/09/2026 08:28,15.5,0.001,7.84
15/09/2026 07:58,15.375,0.001,7.84
15/09/2026 07:28,15.125,0.001,7.84
15/09/2026 06:58,15.125,0.001,7.84
15/09/2026 06:28,15,0.001,7.84
15/09/2026 05:58,15,0.001,7.84
15/09/2026 05:28,14.875,0.001,7.84
15/09/2026 04:58,14.875,0.001,7.84
15/09/2026 04:28,15.625,0.001,7.84
15/09/2026 03:58,15.625,0.001,7.84
15/09/2026 03:28,14.625,0.001,7.84
15/09/2026 02:58,14.375,0.001,7.84
15/09/2026 02:28,14.125,0.001,7.84
15/09/2026 01:58,15,0.001,7.84
15/09/2026 01:28,15.75,0.001,7.84
15/09/2026 00:58,16.125,0.001,7.84
15/09/2026 00:28,16.125,0.001,7.84
14/09/2026 23:58,16.125,0.001,7.84
14/09/2026 23:28,15.875,0.001,7.84
14/09/2026 22:58,15.875,0.001,7.83
14/09/2026 22:28,15.875,0.001,7.83
14/09/2026 21:58,15.625,0.001,7.83
14/09/2026 21:28,16.5,0.001,7.85
14/09/2026 20:58,15.5,0.001,7.86
14/09/2026 20:28,15.375,0.001,7.87
14/09/2026 19:58,15.375,0.001,7.87
14/09/2026 19:28,16,0.001,7.88
14/09/2026 18:58,16.75,0.001,7.9
14/09/2026 18:28,17.5,0.001,7.9
14/09/2026 17:58,18.375,0.001,7.9
14/09/2026 17:28,18.375,0.001,7.9
14/09/2026 16:58,18.25,0.001,7.89
14/09/2026 16:28,18.125,0.001,7.88
14/09/2026 15:58,18,0.001,7.86
14/09/2026 15:28,16.875,0.001,7.84
14/09/2026 14:58,18.625,0.001,7.81
14/09/2026 14:28,17.625,0.001,7.77
14/09/2026 13:58,17.25,0.001,7.73
14/09/2026 13:28,17.125,0.001,7.67
14/09/2026 12:58,17.25,0.001,7.58
14/09/2026 12:41,17.125,0.001,7.51
14/09/2026 12:28,17.125,0.001,7.43
14/09/2026 11:58,16.875,0.001,7.18
14/09/2026 11:28,17,0.001,6.87
14/09/2026 10:58,15.75,0.001,6.63
14/09/2026 10:28,16.625,0.001,6.47
14/09/2026 09:58,16.375,0.001,6.4
14/09/2026 09:58,16.25,0.001,6.44
12/09/2026 12:28,16,0.004,7.93
12/09/2026 11:58,16,0.004,7.92
12/09/2026 11:28,15.875,0.004,7.92
12/09/2026 10:58,15.875,0.004,7.91
12/09/2026 10:28,16,0.004,7.91
12/09/2026 09:58,15.75,0.004,7.91
12/09/2026 09:28,15.875,0.004,7.91
12/09/2026 08:58,15.5,0.004,7.9
12/09/2026 08:28,15.375,0.004,7.9
12/09/2026 07:58,15.5,0.004,7.89
12/09/2026 07:28,15.375,0.004,7.89
12/09/2026 06:58,15.125,0.004,7.89
12/09/2026 06:28,14.75,0.004,7.89
12/09/2026 05:58,14.875,0.004,7.89
12/09/2026 05:28,13.75,0.004,7.89
12/09/2026 04:58,14.75,0.004,7.89
12/09/2026 04:28,14.625,0.004,7.89
12/09/2026 03:58,14.5,0.004,7.89
12/09/2026 03:28,14.375,0.004,7.89
12/09/2026 02:58,14.25,0.004,7.89
12/09/2026 02:28,14.375,0.004,7.9
12/09/2026 01:58,15.125,0.004,7.9
12/09/2026 01:28,14.75,0.004,7.91
12/09/2026 00:58,16,0.004,7.92
12/09/2026 00:28,16,0.004,7.92
11/09/2026 23:58,15.75,0.004,7.92
11/09/2026 23:28,15.875,0.004,7.92
11/09/2026 22:58,15.875,0.004,7.92
11/09/2026 22:28,15.75,0.004,7.93
11/09/2026 21:58,15.625,0.004,7.93
11/09/2026 21:28,15.375,0.004,7.93
11/09/2026 20:58,15.375,0.004,7.93
11/09/2026 20:28,15.125,0.004,7.93
11/09/2026 19:58,15.25,0.004,7.93
11/09/2026 19:28,15.875,0.004,7.94
11/09/2026 18:58,16.375,0.004,7.95
11/09/2026 18:28,15.875,0.004,7.95
11/09/2026 17:58,17.5,0.004,7.96
11/09/2026 17:28,17.375,0.004,7.96
11/09/2026 16:58,17.5,0.004,7.96
11/09/2026 16:28,17.125,0.004,7.95
11/09/2026 15:58,17.125,0.004,7.95
11/09/2026 15:28,16.75,0.004,7.95
11/09/2026 14:58,17.625,0.004,7.94
11/09/2026 14:28,16.375,0.004,7.94
11/09/2026 13:58,16.25,0.004,7.93
11/09/2026 13:28,16.375,0.004,7.93
11/09/2026 12:58,16.25,0.004,7.93
11/09/2026 12:28,15.875,0.004,7.92
11/09/2026 11:58,16,0.004,7.92
11/09/2026 11:28,15.75,0.004,7.91
11/09/2026 10:58,15.75,0.004,7.91
11/09/2026 10:28,16,0.004,7.91
11/09/2026 09:58,15.875,0.004,7.9
11/09/2026 09:28,15.75,0.004,7.9
11/09/2026 08:58,15.75,0.004,7.89
11/09/2026 08:28,15.5,0.004,7.89
11/09/2026 07:58,15.5,0.004,7.89
11/09/2026 07:28,15.5,0.004,7.89
11/09/2026 06:58,15.25,0.004,7.88
11/09/2026 06:28,15.125,0.004,7.88
11/09/2026 05:58,15.625,0.004,7.88
11/09/2026 05:28,14.75,0.004,7.88
11/09/2026 04:58,13.75,0.004,7.89
11/09/2026 04:28,14.625,0.004,7.89
11/09/2026 03:58,14.375,0.004,7.89
11/09/2026 03:28,14.125,0.004,7.89
11/09/2026 02:58,14.375,0.004,7.89
11/09/2026 02:28,15.125,0.004,7.9
11/09/2026 01:58,14.75,0.004,7.9
11/09/2026 01:28,16.125,0.004,7.91
11/09/2026 00:58,16.5,0.004,7.92
11/09/2026 00:28,16.5,0.004,7.92
10/09/2026 23:58,16.375,0.004,7.92
10/09/2026 23:28,16.25,0.004,7.92
10/09/2026 22:58,16.25,0.004,7.92
10/09/2026 22:28,16.125,0.004,7.93
10/09/2026 21:58,16.125,0.004,7.93
10/09/2026 21:28,15.875,0.004,7.93
10/09/2026 20:58,16,0.004,7.93
10/09/2026 20:28,15.75,0.004,7.93
10/09/2026 19:58,15.75,0.004,7.93
10/09/2026 19:28,16.25,0.004,7.94
10/09/2026 18:58,15.75,0.004,7.95
10/09/2026 18:28,17.25,0.004,7.96
10/09/2026 17:58,17.875,0.004,7.96
10/09/2026 17:28,17.75,0.004,7.96
10/09/2026 16:58,17.375,0.004,7.95
10/09/2026 16:28,17.25,0.004,7.95
10/09/2026 15:58,17.125,0.004,7.95
10/09/2026 15:28,17,0.004,7.95
10/09/2026 14:58,16.625,0.004,7.94
10/09/2026 14:28,16.5,0.004,7.94
10/09/2026 13:58,16.25,0.004,7.93
10/09/2026 13:28,16.25,0.004,7.93
10/09/2026 12:58,16,0.004,7.92
10/09/2026 12:28,16,0.004,7.92
10/09/2026 11:58,14.75,0.004,7.91
10/09/2026 11:28,15.375,0.004,7.91
10/09/2026 10:58,15.5,0.004,7.9
10/09/2026 10:28,15.875,0.004,7.9
10/09/2026 09:58,16.625,0.004,7.9
10/09/2026 09:28,15.75,0.004,7.9
10/09/2026 08:58,14.75,0.004,7.89
10/09/2026 08:28,15.25,0.004,7.89
10/09/2026 07:58,15.375,0.004,7.88
10/09/2026 07:28,15.125,0.004,7.88
10/09/2026 06:58,14.875,0.004,7.88
10/09/2026 06:28,15,0.004,7.88
10/09/2026 05:58,15,0.004,7.88
10/09/2026 05:28,13.75,0.004,7.88
10/09/2026 04:58,14.375,0.004,7.88
10/09/2026 04:28,14.5,0.004,7.88
10/09/2026 03:58,14.5,0.004,7.88
10/09/2026 03:28,14.125,0.004,7.88
10/09/2026 02:58,14.375,0.004,7.88
10/09/2026 02:28,15.25,0.004,7.89
10/09/2026 01:58,15.5,0.004,7.9
10/09/2026 01:28,16.125,0.004,7.9
10/09/2026 00:58,16.375,0.004,7.91
10/09/2026 00:28,16.375,0.004,7.91
09/09/2026 23:58,16.375,0.004,7.91
09/09/2026 23:28,16.25,0.004,7.91
09/09/2026 22:58,16.125,0.004,7.92
09/09/2026 22:28,16,0.004,7.92
09/09/2026 21:58,16.125,0.004,7.92
09/09/2026 21:28,15.875,0.004,7.92
09/09/2026 20:58,15.875,0.004,7.92
09/09/2026 20:28,16.625,0.004,7.92
09/09/2026 19:58,15.625,0.004,7.92
09/09/2026 19:28,16.125,0.004,7.93
09/09/2026 18:58,16.375,0.004,7.94
09/09/2026 18:28,16.875,0.004,7.94
09/09/2026 17:58,17.5,0.004,7.94
09/09/2026 17:28,17.375,0.004,7.94
09/09/2026 16:58,17,0.004,7.94
09/09/2026 16:28,17,0.004,7.93
09/09/2026 15:58,16.625,0.004,7.93
09/09/2026 15:28,16.5,0.004,7.92
09/09/2026 14:58,16.25,0.004,7.92
09/09/2026 14:28,16.125,0.004,7.92
09/09/2026 13:58,16,0.004,7.91
09/09/2026 13:28,15.875,0.004,7.9
09/09/2026 12:58,15.5,0.004,7.9
09/09/2026 12:28,15.375,0.004,7.89
09/09/2026 11:58,14.875,0.004,7.89
09/09/2026 11:28,14.75,0.004,7.88
09/09/2026 10:58,13.75,0.004,7.88
09/09/2026 10:28,14.875,0.004,7.88
09/09/2026 09:58,15.375,0.004,7.88
09/09/2026 09:28,15.875,0.004,7.87
09/09/2026 08:58,15.875,0.004,7.87
09/09/2026 08:28,15.75,0.004,7.87
09/09/2026 07:58,16.625,0.004,7.86
09/09/2026 07:28,15.625,0.004,7.86
09/09/2026 06:58,15.375,0.004,7.85
09/09/2026 06:28,15.125,0.004,7.85
09/09/2026 05:58,15.25,0.004,7.85
09/09/2026 05:28,15.125,0.004,7.85
09/09/2026 04:58,14.75,0.004,7.85
09/09/2026 04:28,14.875,0.004,7.85
09/09/2026 03:58,14.875,0.004,7.85
09/09/2026 03:28,15,0.004,7.85
09/09/2026 02:58,15.5,0.004,7.86
09/09/2026 02:28,15.75,0.004,7.86
09/09/2026 01:58,16.125,0.004,7.87
09/09/2026 01:28,16.875,0.004,7.88
09/09/2026 00:58,17.375,0.004,7.88
09/09/2026 00:28,17.25,0.004,7.88
08/09/2026 23:58,17.125,0.004,7.88
08/09/2026 23:28,17,0.004,7.88
08/09/2026 22:58,17.25,0.004,7.88
08/09/2026 22:28,17,0.004,7.88
08/09/2026 21:58,16.75,0.004,7.88
08/09/2026 21:28,16.75,0.004,7.88
08/09/2026 20:58,16.625,0.004,7.88
08/09/2026 20:28,16.5,0.004,7.88
08/09/2026 19:58,16.625,0.004,7.88
08/09/2026 19:28,17.25,0.004,7.89
08/09/2026 18:58,18,0.004,7.9
08/09/2026 18:28,18.5,0.004,7.9
08/09/2026 17:58,18.875,0.004,7.9
08/09/2026 17:28,18.875,0.004,7.9
08/09/2026 16:58,18.875,0.004,7.89
08/09/2026 16:28,17.75,0.004,7.89
08/09/2026 15:58,18.5,0.004,7.88
08/09/2026 15:28,18.375,0.004,7.88
08/09/2026 14:58,18.25,0.004,7.87
08/09/2026 14:28,18.25,0.004,7.87
08/09/2026 13:58,18,0.004,7.87
08/09/2026 13:28,17.75,0.004,7.87
08/09/2026 12:58,17.625,0.004,7.87
08/09/2026 12:28,16.875,0.004,7.88
08/09/2026 11:58,16.75,0.004,7.89
08/09/2026 11:28,14.875,0.004,7.87
08/09/2026 10:58,14.875,0.004,7.87
08/09/2026 10:28,15.25,0.004,7.87
08/09/2026 09:58,16,0.004,7.86
08/09/2026 09:28,16,0.004,7.86
08/09/2026 08:58,15.875,0.004,7.85
08/09/2026 08:28,15.75,0.004,7.85
08/09/2026 07:58,15.625,0.004,7.84
08/09/2026 07:28,15.25,0.004,7.84
08/09/2026 06:58,15.25,0.004,7.83
08/09/2026 06:28,15.25,0.004,7.83
08/09/2026 05:58,15.25,0.004,7.83
08/09/2026 05:28,14.875,0.004,7.84
08/09/2026 04:58,14.875,0.004,7.84
08/09/2026 04:28,13.875,0.004,7.84
08/09/2026 03:58,14.375,0.004,7.84
08/09/2026 03:28,14.25,0.004,7.84
08/09/2026 02:58,14.125,0.004,7.84
08/09/2026 02:28,14.625,0.004,7.84
08/09/2026 01:58,15.5,0.004,7.85
08/09/2026 01:28,16,0.004,7.86
08/09/2026 00:58,16.25,0.004,7.86
08/09/2026 00:28,16.375,0.004,7.86
07/09/2026 23:58,16.125,0.004,7.86
07/09/2026 23:28,16.125,0.004,7.86
07/09/2026 22:58,16,0.004,7.86
07/09/2026 22:28,15.875,0.004,7.86
07/09/2026 21:58,15.875,0.004,7.86
07/09/2026 21:28,15.625,0.004,7.86
07/09/2026 20:58,15.375,0.004,7.87
07/09/2026 20:28,15,0.004,7.87
07/09/2026 19:58,15.25,0.004,7.87
07/09/2026 19:28,15.75,0.004,7.88
07/09/2026 18:58,16.25,0.004,7.89
07/09/2026 18:28,16.875,0.004,7.89
07/09/2026 17:58,17.5,0.004,7.89
07/09/2026 17:28,17.625,0.004,7.89
07/09/2026 16:58,17.25,0.004,7.88
07/09/2026 16:28,17.125,0.004,7.88
07/09/2026 15:58,16.75,0.004,7.88
07/09/2026 15:28,16.625,0.004,7.87
07/09/2026 14:58,16.25,0.004,7.87
07/09/2026 14:28,15.875,0.004,7.87
07/09/2026 13:58,15.75,0.004,7.87
07/09/2026 13:28,14.75,0.004,7.87
07/09/2026 12:58,15.375,0.004,7.87
07/09/2026 12:28,15,0.004,7.87
07/09/2026 11:58,14.375,0.004,7.88
07/09/2026 11:28,14,0.004,7.88
07/09/2026 10:58,14.125,0.004,7.89
07/09/2026 10:28,14.625,0.004,7.89
07/09/2026 09:58,15.25,0.004,7.9
07/09/2026 09:28,15.875,0.004,7.9
07/09/2026 08:58,16.25,0.004,7.89
07/09/2026 08:28,16,0.004,7.89
07/09/2026 07:58,15.75,0.004,7.89
07/09/2026 07:28,15.875,0.004,7.88
07/09/2026 06:58,15.75,0.004,7.88
07/09/2026 06:28,16,0.004,7.88
07/09/2026 05:58,15.875,0.004,7.89
07/09/2026 05:28,15.875,0.004,7.89
07/09/2026 04:58,15.75,0.004,7.89
07/09/2026 04:28,15.875,0.004,7.89
07/09/2026 03:58,15.875,0.004,7.89
07/09/2026 03:28,15.75,0.004,7.9
07/09/2026 02:58,15.875,0.004,7.9
07/09/2026 02:28,15.75,0.004,7.9
07/09/2026 01:58,16.625,0.004,7.9
07/09/2026 01:28,15.625,0.004,7.9
07/09/2026 00:58,16.375,0.004,7.91
07/09/2026 00:28,15.5,0.004,7.91
06/09/2026 23:58,15.375,0.004,7.91
06/09/2026 23:28,15.5,0.004,7.91
06/09/2026 22:58,15.25,0.004,7.91
06/09/2026 22:28,15.125,0.004,7.92
06/09/2026 21:58,14.875,0.004,7.92
06/09/2026 21:28,14.75,0.004,7.92
06/09/2026 20:58,14.25,0.004,7.93
06/09/2026 20:28,14.125,0.004,7.92
06/09/2026 19:58,14.25,0.004,7.93
06/09/2026 19:28,14.875,0.004,7.93
06/09/2026 18:58,15.5,0.004,7.94
06/09/2026 18:28,16.125,0.004,7.95
06/09/2026 17:58,16.625,0.004,7.95
06/09/2026 17:28,16.625,0.004,7.95
06/09/2026 16:58,16.375,0.004,7.95
06/09/2026 16:28,16.25,0.004,7.94
06/09/2026 15:58,16.25,0.004,7.93
06/09/2026 15:28,16,0.004,7.93
06/09/2026 14:58,15.875,0.004,7.92
06/09/2026 14:28,15.75,0.004,7.92
06/09/2026 13:58,16.625,0.004,7.91
06/09/2026 13:28,15.375,0.004,7.91
06/09/2026 12:58,15,0.004,7.9
06/09/2026 12:28,14.75,0.004,7.9
06/09/2026 11:58,14.625,0.004,7.89
06/09/2026 11:28,14.375,0.004,7.89
06/09/2026 10:58,14.125,0.004,7.89
06/09/2026 10:28,15.625,0.004,7.89
06/09/2026 09:58,15.25,0.004,7.88
06/09/2026 09:28,15.625,0.004,7.89
06/09/2026 08:58,16.125,0.004,7.88
06/09/2026 08:28,16.5,0.004,7.88
06/09/2026 07:58,16.25,0.004,7.88
06/09/2026 07:28,16.125,0.004,7.87
06/09/2026 06:58,16.25,0.004,7.87
06/09/2026 06:28,16.25,0.004,7.87
06/09/2026 05:58,16,0.004,7.87
06/09/2026 05:28,16.125,0.004,7.87
06/09/2026 04:58,16,0.004,7.88
06/09/2026 04:28,16,0.004,7.88
06/09/2026 03:58,16,0.004,7.88
06/09/2026 03:28,16,0.004,7.88
06/09/2026 02:58,16,0.004,7.88
06/09/2026 02:28,15.875,0.004,7.88
06/09/2026 01:58,15.875,0.004,7.88
06/09/2026 01:28,15.875,0.004,7.88
06/09/2026 00:58,15.75,0.004,7.89
06/09/2026 00:28,15.5,0.004,7.89
05/09/2026 23:58,15.25,0.004,7.89
05/09/2026 23:28,15.5,0.004,7.89
05/09/2026 22:58,15.375,0.004,7.9
05/09/2026 22:28,15,0.004,7.9
05/09/2026 21:58,15.125,0.004,7.9
05/09/2026 21:28,14.875,0.004,7.9
05/09/2026 20:58,14.375,0.004,7.9
05/09/2026 20:28,14.625,0.004,7.9
05/09/2026 19:58,14.25,0.004,7.91
05/09/2026 19:28,14.5,0.004,7.91
05/09/2026 18:58,15.25,0.004,7.92
05/09/2026 18:28,16,0.004,7.92
05/09/2026 17:58,16.25,0.004,7.92
05/09/2026 17:28,16.5,0.004,7.92
05/09/2026 16:58,16.375,0.004,7.92
05/09/2026 16:28,16,0.004,7.91
05/09/2026 15:58,16,0.004,7.91
05/09/2026 15:28,15.875,0.004,7.9
05/09/2026 14:58,16.5,0.004,7.9
05/09/2026 14:28,15.625,0.004,7.9
05/09/2026 13:58,15.375,0.004,7.89
05/09/2026 13:28,15.25,0.004,7.89
05/09/2026 12:58,15.625,0.004,7.88
05/09/2026 12:28,14.625,0.004,7.87
05/09/2026 11:58,14.25,0.004,7.87
05/09/2026 11:28,13.875,0.004,7.86
05/09/2026 10:58,13.75,0.004,7.86
05/09/2026 10:28,14.125,0.004,7.86
05/09/2026 09:58,14.75,0.004,7.86
05/09/2026 09:28,15.625,0.004,7.86
05/09/2026 08:58,16.25,0.004,7.86
05/09/2026 08:28,16.5,0.004,7.86
05/09/2026 07:58,16.25,0.004,7.85
05/09/2026 07:28,16.25,0.004,7.85
05/09/2026 06:58,16.25,0.004,7.84
05/09/2026 06:28,16.25,0.004,7.84
05/09/2026 05:58,16.25,0.004,7.84
05/09/2026 05:28,16.125,0.004,7.84
05/09/2026 04:58,16.375,0.004,7.85
05/09/2026 04:28,16.125,0.004,7.85
05/09/2026 03:58,16.125,0.004,7.85
05/09/2026 03:28,16.125,0.004,7.85
05/09/2026 02:58,16,0.004,7.85
05/09/2026 02:28,16,0.004,7.85
05/09/2026 01:58,16,0.004,7.85
05/09/2026 01:28,16.125,0.004,7.86
05/09/2026 00:58,16,0.004,7.86
05/09/2026 00:28,16,0.004,7.86
04/09/2026 23:58,15.875,0.004,7.86
04/09/2026 23:28,15.875,0.004,7.86
04/09/2026 22:58,15.875,0.004,7.86
04/09/2026 22:28,16.625,0.004,7.86
04/09/2026 21:58,15.375,0.004,7.86
04/09/2026 21:28,15.25,0.004,7.86
04/09/2026 20:58,15.25,0.004,7.86
04/09/2026 20:28,13.75,0.004,7.87
04/09/2026 19:58,14.875,0.004,7.87
04/09/2026 19:28,15.625,0.004,7.88
04/09/2026 18:58,16,0.004,7.88
04/09/2026 18:28,16.75,0.004,7.89
04/09/2026 17:58,17.25,0.004,7.89
04/09/2026 17:28,17.125,0.004,7.89
04/09/2026 16:58,17.125,0.004,7.88
04/09/2026 16:28,17,0.004,7.88
04/09/2026 15:58,16.75,0.004,7.87
04/09/2026 15:28,16.375,0.004,7.87
04/09/2026 14:58,16.375,0.004,7.86
04/09/2026 14:28,16.375,0.004,7.86
04/09/2026 13:58,16.125,0.004,7.85
04/09/2026 13:28,15.875,0.004,7.85
04/09/2026 12:58,15.625,0.004,7.85
04/09/2026 12:28,15.5,0.004,7.84
04/09/2026 11:58,15.375,0.004,7.84
04/09/2026 11:28,15.125,0.003,7.83
04/09/2026 10:58,15.25,0.004,7.84
04/09/2026 10:28,15.375,0.004,7.83
04/09/2026 09:58,16.125,0.004,7.83
04/09/2026 09:28,15.875,0.004,7.82
04/09/2026 08:58,15.875,0.004,7.82
04/09/2026 08:28,15.375,0.004,7.81
04/09/2026 07:58,15.375,0.004,7.81
04/09/2026 07:28,15.375,0.003,7.8
04/09/2026 06:58,15,0.003,7.8
04/09/2026 06:28,15.125,0.003,7.8
04/09/2026 05:58,14.75,0.003,7.8
04/09/2026 05:28,14.75,0.003,7.8
04/09/2026 04:58,14.5,0.003,7.8
04/09/2026 04:28,14.25,0.003,7.8
04/09/2026 03:58,14.375,0.003,7.8
04/09/2026 03:28,14.125,0.003,7.8
04/09/2026 02:58,13.75,0.003,7.8
04/09/2026 02:28,14.5,0.003,7.81
04/09/2026 01:58,15.25,0.003,7.81
04/09/2026 01:28,15.75,0.003,7.82
04/09/2026 00:58,16,0.003,7.82
04/09/2026 00:28,16,0.003,7.82
03/09/2026 23:58,16,0.004,7.82
03/09/2026 23:28,15.75,0.003,7.82
03/09/2026 22:58,16,0.003,7.82
03/09/2026 22:28,15.625,0.003,7.82
03/09/2026 21:58,15.625,0.003,7.82
03/09/2026 21:28,15.375,0.003,7.82
03/09/2026 20:58,15.125,0.003,7.82
03/09/2026 20:28,14.875,0.003,7.82
03/09/2026 19:58,14.875,0.003,7.83
03/09/2026 19:28,15.625,0.003,7.83
03/09/2026 18:58,16,0.003,7.84
03/09/2026 18:28,16.75,0.004,7.85
03/09/2026 17:58,17.5,0.004,7.85
03/09/2026 17:28,17.25,0.004,7.85
03/09/2026 16:58,17.125,0.003,7.85
03/09/2026 16:28,17,0.004,7.85
03/09/2026 15:58,16.625,0.004,7.85
03/09/2026 15:28,16.375,0.003,7.86
03/09/2026 14:58,16.25,0.003,7.87
03/09/2026 14:28,16,0.003,7.88
03/09/2026 13:58,15.75,0.003,7.87
03/09/2026 13:28,15.5,0.003,7.86
03/09/2026 12:58,15.25,0.003,7.86
03/09/2026 12:28,14.75,0.003,7.86
03/09/2026 11:58,14.625,0.003,7.85
03/09/2026 11:28,14.25,0.003,7.85
03/09/2026 10:58,14.375,0.003,7.85
03/09/2026 10:28,14.875,0.003,7.85
03/09/2026 09:58,15.5,0.003,7.86
03/09/2026 09:28,15.875,0.003,7.86
03/09/2026 08:58,16,0.003,7.86
03/09/2026 08:28,15.875,0.003,7.86
03/09/2026 07:58,16.625,0.003,7.86
03/09/2026 07:28,15.625,0.003,7.85
03/09/2026 06:58,15.375,0.003,7.85
03/09/2026 06:28,15.375,0.003,7.85
03/09/2026 05:58,15.375,0.003,7.85
03/09/2026 05:28,15.25,0.003,7.86
03/09/2026 04:58,15,0.003,7.86
03/09/2026 04:28,15,0.003,7.86
03/09/2026 03:58,14.625,0.003,7.86
03/09/2026 03:28,14.375,0.003,7.86
03/09/2026 02:58,14.5,0.003,7.86
03/09/2026 02:28,14.875,0.003,7.87
03/09/2026 01:58,15.75,0.003,7.87
03/09/2026 01:28,16.25,0.003,7.87
03/09/2026 00:58,16.625,0.003,7.88
03/09/2026 00:28,15.75,0.003,7.88
02/09/2026 23:58,16.625,0.003,7.88
02/09/2026 23:28,16.5,0.003,7.88
02/09/2026 22:58,16.5,0.003,7.89
02/09/2026 22:28,16.125,0.003,7.89
02/09/2026 21:58,16.125,0.003,7.89
02/09/2026 21:28,16.125,0.003,7.89
02/09/2026 20:58,16,0.003,7.89
02/09/2026 20:28,15.75,0.003,7.9
02/09/2026 19:58,15.75,0.003,7.9
02/09/2026 19:28,16.25,0.003,7.91
02/09/2026 18:58,17,0.003,7.92
02/09/2026 18:28,17.875,0.003,7.92
02/09/2026 17:58,18.375,0.003,7.92
02/09/2026 17:28,18.375,0.003,7.92
02/09/2026 16:58,18.25,0.003,7.91
02/09/2026 16:28,18.125,0.003,7.91
02/09/2026 15:58,17.625,0.003,7.9
02/09/2026 15:28,17.625,0.003,7.9
02/09/2026 14:58,17.375,0.003,7.89
02/09/2026 14:28,17,0.003,7.89
02/09/2026 13:58,16.875,0.003,7.89
02/09/2026 13:28,16.625,0.003,7.89
02/09/2026 12:58,16.5,0.003,7.89
02/09/2026 12:28,16.125,0.003,7.89
02/09/2026 11:58,16,0.003,7.9
02/09/2026 11:28,15.875,0.003,7.9
02/09/2026 10:58,15.875,0.003,7.91
02/09/2026 10:28,16.125,0.003,7.91
02/09/2026 09:58,16,0.003,7.91
02/09/2026 09:28,15.75,0.003,7.9
02/09/2026 08:58,15.625,0.003,7.9
02/09/2026 08:28,15.5,0.003,7.9
02/09/2026 07:58,15.5,0.003,7.89
02/09/2026 07:28,15.25,0.003,7.89
02/09/2026 06:58,15.25,0.003,7.89
02/09/2026 06:28,15,0.002,7.89
02/09/2026 05:58,15,0.003,7.89
02/09/2026 05:28,14.875,0.003,7.89
02/09/2026 04:58,14.75,0.003,7.89
02/09/2026 04:28,14.75,0.003,7.9
02/09/2026 03:58,14.625,0.003,7.9
02/09/2026 03:28,15.625,0.003,7.9
02/09/2026 02:58,15.5,0.002,7.91
02/09/2026 02:28,15.75,0.003,7.91
02/09/2026 01:58,16.625,0.003,7.91
02/09/2026 01:28,14.875,0.003,7.91
02/09/2026 00:58,15.875,0.003,7.91
02/09/2026 00:28,16.5,0.003,7.92
01/09/2026 23:58,15.5,0.003,7.92
01/09/2026 23:28,15.625,0.003,7.92
01/09/2026 22:58,15.375,0.003,7.92
01/09/2026 22:28,15.375,0.003,7.92
01/09/2026 21:58,15.125,0.003,7.92
01/09/2026 21:28,14.875,0.003,7.92
01/09/2026 20:58,14.625,0.003,7.92
01/09/2026 20:28,14.125,0.003,7.93
01/09/2026 19:58,14.5,0.003,7.93
01/09/2026 19:28,15.25,0.003,7.94
01/09/2026 18:58,15.625,0.003,7.94
01/09/2026 18:28,16.375,0.003,7.95
01/09/2026 17:58,16.75,0.003,7.95
01/09/2026 17:28,16.5,0.003,7.95
01/09/2026 16:58,16.375,0.003,7.95
01/09/2026 16:28,16.375,0.003,7.94
01/09/2026 15:58,16,0.003,7.94
01/09/2026 15:28,15.875,0.003,7.93
01/09/2026 14:58,15.75,0.003,7.93
01/09/2026 14:28,15.375,0.003,7.93
01/09/2026 13:58,15.375,0.003,7.92
01/09/2026 13:28,15.125,0.003,7.92
01/09/2026 12:58,14.875,0.003,7.92
01/09/2026 12:28,14.625,0.003,7.91
01/09/2026 11:58,14.375,0.003,7.91
01/09/2026 11:28,13.875,0.002,7.91
01/09/2026 10:58,14.625,0.002,7.91
01/09/2026 10:28,13.875,0.002,7.91
01/09/2026 09:58,13.75,0.003,7.91
01/09/2026 09:28,15.25,0.003,7.91
01/09/2026 08:58,16.125,0.003,7.91
01/09/2026 08:28,16.375,0.003,7.91
01/09/2026 07:58,16.25,0.003,7.91
01/09/2026 07:28,15.875,0.003,7.91
01/09/2026 06:58,16.25,0.003,7.9
01/09/2026 06:28,16,0.003,7.91
01/09/2026 05:58,16.125,0.003,7.91
01/09/2026 05:28,16.125,0.003,7.91
01/09/2026 04:58,16,0.003,7.91
01/09/2026 04:28,15.875,0.003,7.91
01/09/2026 03:58,16,0.003,7.91
01/09/2026 03:28,16.125,0.003,7.92
01/09/2026 02:58,16,0.003,7.92
01/09/2026 02:28,16,0.003,7.92
01/09/2026 01:58,15.75,0.003,7.92
01/09/2026 01:28,15.875,0.003,7.92
01/09/2026 00:58,15.875,0.003,7.92
01/09/2026 00:28,15.875,0.003,7.93
31/08/2026 23:58,16.625,0.003,7.93
31/08/2026 23:28,15.75,0.003,7.93
31/08/2026 22:58,14.75,0.003,7.93
31/08/2026 22:28,15.625,0.003,7.93
31/08/2026 21:58,15.375,0.003,7.93
31/08/2026 21:28,15.375,0.003,7.93
31/08/2026 20:58,15.125,0.003,7.94
31/08/2026 20:28,15,0.003,7.94
31/08/2026 19:58,15,0.003,7.94
31/08/2026 19:28,15.75,0.003,7.95
31/08/2026 18:58,16.25,0.003,7.95
31/08/2026 18:28,17.125,0.003,7.96
31/08/2026 17:58,17.75,0.003,7.96
31/08/2026 17:28,17.875,0.003,7.96
31/08/2026 16:58,17.5,0.003,7.95
31/08/2026 16:28,17.625,0.003,7.95
31/08/2026 15:58,17.25,0.003,7.95
31/08/2026 15:28,17.125,0.003,7.94
31/08/2026 14:58,17.125,0.003,7.94
31/08/2026 14:28,17.125,0.003,7.94
31/08/2026 13:58,16.75,0.003,7.93
31/08/2026 13:28,16.75,0.003,7.93
31/08/2026 12:58,16.375,0.003,7.93
31/08/2026 12:28,16.375,0.003,7.92
31/08/2026 11:58,16.25,0.003,7.92
31/08/2026 11:28,16.25,0.003,7.92
31/08/2026 10:58,16.125,0.003,7.91
31/08/2026 10:28,16,0.003,7.91
31/08/2026 09:58,16,0.003,7.91
31/08/2026 09:28,16,0.003,7.91
31/08/2026 08:58,15.875,0.003,7.9
31/08/2026 08:28,16,0.003,7.9
31/08/2026 07:58,15.875,0.003,7.9
31/08/2026 07:28,15.875,0.003,7.9
31/08/2026 06:58,15.75,0.003,7.9
31/08/2026 06:28,14.75,0.003,7.9
31/08/2026 05:58,16.625,0.003,7.9
31/08/2026 05:28,15.75,0.003,7.9
31/08/2026 04:58,15.75,0.003,7.9
31/08/2026 04:28,15.75,0.003,7.91
31/08/2026 03:58,15.875,0.003,7.91
31/08/2026 03:28,15.75,0.003,7.91
31/08/2026 02:58,15.75,0.003,7.91
31/08/2026 02:28,15.75,0.003,7.91
31/08/2026 01:58,15.5,0.003,7.91
31/08/2026 01:28,14.75,0.003,7.91
31/08/2026 00:58,15.625,0.003,7.92
31/08/2026 00:28,15.625,0.003,7.92
30/08/2026 23:58,15.625,0.003,7.92
30/08/2026 23:28,15.5,0.003,7.92
30/08/2026 22:58,15.375,0.003,7.92
30/08/2026 22:28,15.125,0.002,7.92
30/08/2026 21:58,15.125,0.003,7.93
30/08/2026 21:28,14.875,0.002,7.93
30/08/2026 20:58,14.75,0.003,7.93
30/08/2026 20:28,14.5,0.002,7.93
30/08/2026 19:58,14.5,0.002,7.94
30/08/2026 19:28,15.375,0.002,7.94
30/08/2026 18:58,15.875,0.002,7.95
30/08/2026 18:28,16.625,0.003,7.95
30/08/2026 17:58,17.25,0.003,7.95
30/08/2026 17:28,17.375,0.003,7.95
30/08/2026 16:58,17.125,0.003,7.95
30/08/2026 16:28,16.875,0.003,7.95
30/08/2026 15:58,16.75,0.003,7.94
30/08/2026 15:28,17.625,0.003,7.94
30/08/2026 14:58,16.375,0.003,7.94
30/08/2026 14:28,16.25,0.003,7.93
30/08/2026 13:58,16,0.003,7.93
30/08/2026 13:28,16,0.003,7.92
30/08/2026 12:58,14.75,0.003,7.92
30/08/2026 12:28,14.75,0.003,7.92
30/08/2026 11:58,15.5,0.003,7.92
30/08/2026 11:28,15.25,0.002,7.91
30/08/2026 10:58,15.375,0.002,7.91
30/08/2026 10:28,16.125,0.003,7.91
30/08/2026 09:58,16.375,0.003,7.91
30/08/2026 09:28,16.125,0.003,7.91
30/08/2026 08:58,16.25,0.003,7.9
30/08/2026 08:28,16,0.003,7.9
30/08/2026 07:58,16.125,0.003,7.9
30/08/2026 07:28,16,0.003,7.9
30/08/2026 06:58,15.875,0.003,7.9
30/08/2026 06:28,15.75,0.003,7.9
30/08/2026 05:58,15.75,0.003,7.9
30/08/2026 05:28,15.875,0.003,7.9
30/08/2026 04:58,14.875,0.003,7.9
30/08/2026 04:28,15.875,0.003,7.9
30/08/2026 03:58,15.75,0.003,7.91
30/08/2026 03:28,15.875,0.002,7.91
30/08/2026 02:58,15.75,0.003,7.91
30/08/2026 02:28,15.875,0.003,7.91
30/08/2026 01:58,15.875,0.003,7.91
30/08/2026 01:28,14.75,0.003,7.91
30/08/2026 00:58,14.75,0.003,7.91
30/08/2026 00:28,16.5,0.003,7.92
29/08/2026 23:58,15.625,0.003,7.91
29/08/2026 23:28,15.625,0.003,7.91
29/08/2026 22:58,15.5,0.003,7.92
29/08/2026 22:28,15.25,0.003,7.91
29/08/2026 21:58,15.25,0.003,7.92
29/08/2026 21:28,15.25,0.003,7.92
29/08/2026 20:58,15,0.002,7.92
29/08/2026 20:28,14.625,0.002,7.92
29/08/2026 19:58,15,0.002,7.92
29/08/2026 19:28,15.625,0.003,7.93
29/08/2026 18:58,16.375,0.003,7.94
29/08/2026 18:28,17,0.003,7.94
29/08/2026 17:58,18.625,0.003,7.94
29/08/2026 17:28,17.75,0.003,7.94
29/08/2026 16:58,18.5,0.003,7.94
29/08/2026 16:28,17.375,0.003,7.94
29/08/2026 15:58,17.5,0.003,7.93
29/08/2026 15:28,17.25,0.003,7.93
29/08/2026 14:58,17,0.003,7.92
29/08/2026 14:28,17.125,0.003,7.92
29/08/2026 13:58,16.875,0.003,7.92
29/08/2026 13:28,17.625,0.003,7.91
29/08/2026 12:58,16.375,0.003,7.91
29/08/2026 12:28,16.375,0.003,7.9
29/08/2026 11:58,16.375,0.003,7.9
29/08/2026 11:28,16.125,0.003,7.89
29/08/2026 10:58,16,0.003,7.89
29/08/2026 10:28,15.875,0.003,7.89
29/08/2026 09:58,16,0.003,7.88
29/08/2026 09:28,16.125,0.003,7.88
29/08/2026 08:58,15.75,0.003,7.87
29/08/2026 08:28,16.625,0.003,7.87
29/08/2026 07:58,14.875,0.003,7.87
29/08/2026 07:28,15.75,0.003,7.87
29/08/2026 06:58,14.75,0.003,7.87
29/08/2026 06:28,14.75,0.003,7.87
29/08/2026 05:58,15.625,0.003,7.87
29/08/2026 05:28,15.625,0.002,7.87
29/08/2026 04:58,15.625,0.002,7.87
29/08/2026 04:28,14.75,0.002,7.87
29/08/2026 03:58,14.75,0.002,7.87
29/08/2026 03:28,16.625,0.002,7.88
29/08/2026 02:58,15.5,0.002,7.88
29/08/2026 02:28,15.375,0.002,7.88
29/08/2026 01:58,15.5,0.002,7.88
29/08/2026 01:28,15.5,0.002,7.88
29/08/2026 00:58,15.5,0.002,7.88
29/08/2026 00:28,15.5,0.002,7.88
28/08/2026 23:58,15.125,0.002,7.88
28/08/2026 23:28,15,0.002,7.89
28/08/2026 22:58,14.875,0.002,7.89
28/08/2026 22:28,14.875,0.002,7.89
28/08/2026 21:58,14.75,0.002,7.9
28/08/2026 21:28,13.75,0.002,7.9
28/08/2026 20:58,14.5,0.002,7.91
28/08/2026 20:28,14,0.002,7.91
28/08/2026 19:58,14.125,0.002,7.92
28/08/2026 19:28,15.25,0.002,7.92
28/08/2026 18:58,16,0.003,7.94
28/08/2026 18:28,16.5,0.003,7.94
28/08/2026 17:58,17.375,0.003,7.96
28/08/2026 17:28,17.5,0.003,7.95
28/08/2026 16:58,17.5,0.003,7.95
28/08/2026 16:28,17.125,0.003,7.95
28/08/2026 15:58,17.125,0.003,7.95
28/08/2026 15:28,17,0.003,7.95
28/08/2026 14:58,17.125,0.003,7.94
28/08/2026 14:28,16.75,0.003,7.94
28/08/2026 13:58,16.625,0.003,7.94
28/08/2026 13:28,16.5,0.003,7.93
28/08/2026 12:58,16.125,0.003,7.93
28/08/2026 12:28,16.25,0.003,7.92
28/08/2026 11:58,15.875,0.003,7.92
28/08/2026 11:28,16.125,0.003,7.91
28/08/2026 10:58,16.125,0.003,7.91
28/08/2026 10:28,16.125,0.003,7.91
28/08/2026 09:58,16,0.003,7.91
28/08/2026 09:28,16,0.003,7.91
28/08/2026 08:58,15.875,0.003,7.9
28/08/2026 08:28,15.875,0.003,7.9
28/08/2026 07:58,15.75,0.003,7.89
28/08/2026 07:28,15.875,0.002,7.89
28/08/2026 06:58,15.625,0.003,7.89
28/08/2026 06:28,15.75,0.002,7.9
28/08/2026 05:58,16.625,0.003,7.9
28/08/2026 05:28,14.75,0.003,7.9
28/08/2026 04:58,15.625,0.002,7.9
28/08/2026 04:28,14.75,0.003,7.9
28/08/2026 03:58,15.75,0.002,7.9
28/08/2026 03:28,15.625,0.002,7.9
28/08/2026 02:58,15.625,0.002,7.9
28/08/2026 02:28,15.5,0.002,7.9
28/08/2026 01:58,15.375,0.002,7.9
28/08/2026 01:28,15.25,0.002,7.91
28/08/2026 00:58,15.375,0.002,7.91
28/08/2026 00:28,15,0.002,7.91
27/08/2026 23:58,15.125,0.002,7.91
27/08/2026 23:28,15.125,0.002,7.91
27/08/2026 22:58,14.125,0.002,7.91
27/08/2026 22:28,13.875,0.002,7.91
27/08/2026 21:58,14.875,0.002,7.92
27/08/2026 21:28,13.75,0.002,7.92
27/08/2026 20:58,14.375,0.002,7.92
27/08/2026 20:28,14.25,0.002,7.92
27/08/2026 19:58,13.875,0.002,7.92
27/08/2026 19:28,14.125,0.002,7.92
27/08/2026 18:58,15.25,0.002,7.92
27/08/2026 18:28,15.875,0.002,7.93
27/08/2026 17:58,16.25,0.003,7.93
27/08/2026 17:28,16.25,0.003,7.93
27/08/2026 16:58,16,0.003,7.93
27/08/2026 16:28,16.125,0.003,7.93
27/08/2026 15:58,15.875,0.002,7.92
27/08/2026 15:28,16.625,0.003,7.92
27/08/2026 14:58,15.5,0.003,7.92
27/08/2026 14:28,15.25,0.002,7.91
27/08/2026 13:58,15.25,0.002,7.91
27/08/2026 13:28,15.25,0.002,7.91
27/08/2026 12:58,14.75,0.002,7.9
27/08/2026 12:28,15.375,0.002,7.9
27/08/2026 11:58,14.375,0.002,7.9
27/08/2026 11:28,14.125,0.002,7.89
27/08/2026 10:58,14.625,0.002,7.89
27/08/2026 10:28,14,0.002,7.89
27/08/2026 09:58,15.5,0.002,7.89
27/08/2026 09:28,15.5,0.002,7.89
27/08/2026 08:58,16,0.003,7.89
27/08/2026 08:28,16.125,0.003,7.89
27/08/2026 07:58,16,0.003,7.88
27/08/2026 07:28,15.875,0.003,7.88
27/08/2026 06:58,15.875,0.003,7.88
27/08/2026 06:28,16,0.003,7.88
27/08/2026 05:58,15.875,0.003,7.88
27/08/2026 05:28,16,0.003,7.88
27/08/2026 04:58,15.875,0.003,7.88
27/08/2026 04:28,15.875,0.003,7.88
27/08/2026 03:58,15.75,0.003,7.88
27/08/2026 03:28,15.875,0.003,7.88
27/08/2026 02:58,15.875,0.003,7.88
27/08/2026 02:28,15.75,0.003,7.88
27/08/2026 01:58,15.5,0.003,7.88
27/08/2026 01:28,16.625,0.003,7.88
27/08/2026 00:58,16.5,0.003,7.88
27/08/2026 00:28,15.25,0.003,7.88
26/08/2026 23:58,15.5,0.003,7.89
26/08/2026 23:28,15.25,0.003,7.88
26/08/2026 22:58,15.375,0.002,7.88
26/08/2026 22:28,15.125,0.002,7.89
26/08/2026 21:58,15,0.003,7.88
26/08/2026 21:28,14.5,0.002,7.89
26/08/2026 20:58,14.375,0.002,7.89
26/08/2026 20:28,14.125,0.002,7.89
26/08/2026 19:58,14.125,0.002,7.89
26/08/2026 19:28,14.875,0.002,7.9
26/08/2026 18:58,14.75,0.003,7.9
26/08/2026 18:28,16.25,0.003,7.9
26/08/2026 17:58,16.875,0.003,7.91
26/08/2026 17:28,15.75,0.003,7.9
26/08/2026 16:58,16.5,0.003,7.9
26/08/2026 16:28,16.375,0.003,7.89
26/08/2026 15:58,16.25,0.003,7.89
26/08/2026 15:28,15.875,0.003,7.89
26/08/2026 14:58,16,0.003,7.88
26/08/2026 14:28,15.75,0.003,7.88
26/08/2026 13:58,15.5,0.003,7.87
26/08/2026 13:28,15.375,0.003,7.87
26/08/2026 12:58,15.25,0.003,7.87
26/08/2026 12:28,14.75,0.002,7.88
26/08/2026 11:58,14.625,0.002,7.88
26/08/2026 11:28,14.25,0.002,7.88
26/08/2026 10:58,14,0.002,7.88
26/08/2026 10:28,14.625,0.002,7.89
26/08/2026 09:58,15.375,0.003,7.89
26/08/2026 09:28,16,0.003,7.89
26/08/2026 08:58,16.125,0.003,7.89
26/08/2026 08:28,16.25,0.003,7.89
26/08/2026 07:58,16,0.003,7.88
26/08/2026 07:28,16.125,0.003,7.88
26/08/2026 06:58,16,0.003,7.88
26/08/2026 06:28,16,0.003,7.88
26/08/2026 05:58,15.875,0.003,7.87
26/08/2026 05:28,15.875,0.003,7.88
26/08/2026 04:58,16,0.003,7.88
26/08/2026 04:28,15.75,0.003,7.88
26/08/2026 03:58,15.875,0.003,7.88
26/08/2026 03:28,15.75,0.003,7.88
26/08/2026 02:58,15.875,0.003,7.88
26/08/2026 02:28,15.75,0.003,7.88
26/08/2026 01:58,15.75,0.003,7.88
26/08/2026 01:28,15.75,0.003,7.88
26/08/2026 00:58,15.75,0.003,7.88
26/08/2026 00:28,15.625,0.003,7.88
25/08/2026 23:58,14.75,0.003,7.89
25/08/2026 23:28,15.625,0.003,7.89
25/08/2026 22:58,15.5,0.003,7.89
25/08/2026 22:28,15.375,0.003,7.89
25/08/2026 21:58,15.125,0.003,7.89
25/08/2026 21:28,14.875,0.003,7.89
25/08/2026 20:58,15.5,0.003,7.89
25/08/2026 20:28,14.375,0.002,7.89
25/08/2026 19:58,14.375,0.003,7.89
25/08/2026 19:28,15.125,0.003,7.89
25/08/2026 18:58,15.75,0.003,7.9
25/08/2026 18:28,16.25,0.003,7.9
25/08/2026 17:58,16.75,0.003,7.9
25/08/2026 17:28,17.625,0.003,7.9
25/08/2026 16:58,16.375,0.003,7.9
25/08/2026 16:28,16.25,0.003,7.89
25/08/2026 15:58,16,0.003,7.89
25/08/2026 15:28,16.125,0.003,7.89
25/08/2026 14:58,16,0.003,7.89
25/08/2026 14:28,16.625,0.003,7.89
25/08/2026 13:58,15.375,0.003,7.88
25/08/2026 13:28,15.25,0.003,7.89
25/08/2026 12:58,14.875,0.003,7.89
25/08/2026 12:28,14.5,0.003,7.89
25/08/2026 11:58,14.25,0.003,7.89
25/08/2026 11:28,14.125,0.002,7.89
25/08/2026 10:58,13.75,0.002,7.89
25/08/2026 10:28,14.5,0.003,7.89
25/08/2026 09:58,15.125,0.003,7.89
25/08/2026 09:28,16,0.003,7.9
25/08/2026 08:58,16.25,0.003,7.89
25/08/2026 08:28,16.125,0.003,7.89
25/08/2026 07:58,16,0.003,7.89
25/08/2026 07:28,16,0.003,7.88
25/08/2026 06:58,16,0.003,7.88
25/08/2026 06:28,16,0.003,7.88
25/08/2026 05:58,16,0.003,7.88
25/08/2026 05:28,16,0.003,7.88
25/08/2026 04:58,15.875,0.003,7.88
25/08/2026 04:28,15.75,0.003,7.89
25/08/2026 03:58,15.875,0.003,7.89
25/08/2026 03:28,15.75,0.003,7.88
25/08/2026 02:58,16,0.003,7.89
25/08/2026 02:28,16,0.003,7.89
25/08/2026 01:58,15.875,0.003,7.89
25/08/2026 01:28,15.75,0.003,7.89
25/08/2026 00:58,15.75,0.003,7.89
25/08/2026 00:28,14.75,0.003,7.89
24/08/2026 23:58,15.625,0.003,7.89
24/08/2026 23:28,15.375,0.003,7.89
24/08/2026 22:58,15.5,0.003,7.89
24/08/2026 22:28,15.25,0.003,7.89
24/08/2026 21:58,15,0.003,7.89
24/08/2026 21:28,15,0.003,7.89
24/08/2026 20:58,14.75,0.003,7.89
24/08/2026 20:28,14.375,0.002,7.9
24/08/2026 19:58,14.25,0.002,7.9
24/08/2026 19:28,15.125,0.003,7.9
24/08/2026 18:58,15.875,0.003,7.91
24/08/2026 18:28,16.375,0.003,7.91
24/08/2026 17:58,16.875,0.003,7.91
24/08/2026 17:28,16.875,0.003,7.91
24/08/2026 16:58,16.625,0.003,7.91
24/08/2026 16:28,16.25,0.003,7.9
24/08/2026 15:58,16.125,0.003,7.9
24/08/2026 15:28,16.125,0.003,7.9
24/08/2026 14:58,15.875,0.003,7.9
24/08/2026 14:28,14.875,0.003,7.91
24/08/2026 13:58,15.375,0.003,7.91
24/08/2026 13:28,15.25,0.003,7.91
24/08/2026 12:58,15,0.003,7.91
24/08/2026 12:28,15,0.003,7.92
24/08/2026 11:58,14.75,0.003,7.92
24/08/2026 11:28,14.25,0.002,7.91
24/08/2026 10:58,14,0.002,7.91
24/08/2026 10:28,14.125,0.002,7.91
24/08/2026 09:58,14.625,0.002,7.91
24/08/2026 09:28,15.375,0.003,7.91
24/08/2026 08:58,15.875,0.003,7.91
24/08/2026 08:28,16.25,0.003,7.91
24/08/2026 07:58,16.125,0.003,7.91
24/08/2026 07:28,15.875,0.003,7.91
24/08/2026 06:58,16.125,0.003,7.91
24/08/2026 06:28,16,0.003,7.91
24/08/2026 05:58,16,0.003,7.91
24/08/2026 05:28,16.125,0.003,7.91
24/08/2026 04:58,16.125,0.003,7.91
24/08/2026 04:28,16,0.003,7.91
24/08/2026 03:58,16,0.003,7.92
24/08/2026 03:28,16,0.003,7.92
24/08/2026 02:58,16.125,0.003,7.92
24/08/2026 02:28,16,0.003,7.92
24/08/2026 01:58,15.75,0.003,7.92
24/08/2026 01:28,15.875,0.003,7.92
24/08/2026 00:58,16,0.003,7.92
24/08/2026 00:28,15.875,0.003,7.92
23/08/2026 23:58,15.875,0.003,7.92
23/08/2026 23:28,15.75,0.003,7.92
23/08/2026 22:58,15.5,0.003,7.92
23/08/2026 22:28,15.625,0.003,7.93
23/08/2026 21:58,15.375,0.003,7.92
23/08/2026 21:28,15.375,0.003,7.93
23/08/2026 20:58,15.25,0.003,7.93
23/08/2026 20:28,15,0.003,7.93
23/08/2026 19:58,15.125,0.003,7.93
23/08/2026 19:28,15.875,0.003,7.94
23/08/2026 18:58,16.25,0.003,7.94
23/08/2026 18:28,17.125,0.003,7.95
23/08/2026 17:58,17.75,0.003,7.95
23/08/2026 17:28,17.625,0.003,7.95
23/08/2026 16:58,17.625,0.003,7.94
23/08/2026 16:28,17.5,0.003,7.94
23/08/2026 15:58,17.25,0.003,7.94
23/08/2026 15:28,17.125,0.003,7.93
23/08/2026 14:58,17.125,0.003,7.93
23/08/2026 14:28,16.75,0.003,7.93
23/08/2026 13:58,16.625,0.003,7.92
23/08/2026 13:28,16.375,0.003,7.92
23/08/2026 12:58,16.25,0.003,7.92
23/08/2026 12:28,16.375,0.003,7.91
23/08/2026 11:58,15.875,0.003,7.91
23/08/2026 11:28,16,0.003,7.9
23/08/2026 10:58,16,0.003,7.9
23/08/2026 10:28,15.75,0.003,7.9
23/08/2026 09:58,15.5,0.003,7.89
23/08/2026 09:28,15.625,0.003,7.89
23/08/2026 08:58,15.375,0.003,7.89
23/08/2026 08:28,15.25,0.003,7.88
23/08/2026 07:58,15.125,0.003,7.88
23/08/2026 07:28,15.125,0.003,7.88
23/08/2026 06:58,14.875,0.003,7.87
23/08/2026 06:28,14.625,0.003,7.87
23/08/2026 05:58,13.75,0.002,7.87
23/08/2026 05:28,14.375,0.002,7.88
23/08/2026 04:58,14.625,0.003,7.88
23/08/2026 04:28,14.375,0.002,7.88
23/08/2026 03:58,14.25,0.002,7.88
23/08/2026 03:28,14.375,0.002,7.88
23/08/2026 02:58,14.375,0.002,7.88
23/08/2026 02:28,14,0.002,7.88
23/08/2026 01:58,15,0.003,7.89
23/08/2026 01:28,15.875,0.003,7.89
23/08/2026 00:58,16,0.003,7.9
23/08/2026 00:28,15.875,0.003,7.9
22/08/2026 23:58,16,0.003,7.9
22/08/2026 23:28,16,0.003,7.9
22/08/2026 22:58,16,0.003,7.9
22/08/2026 22:28,15.875,0.003,7.91
22/08/2026 21:58,16.625,0.003,7.9
22/08/2026 21:28,15.625,0.003,7.9
22/08/2026 20:58,15.375,0.003,7.9
22/08/2026 20:28,15.25,0.003,7.91
22/08/2026 19:58,15.375,0.003,7.91
22/08/2026 19:28,15.75,0.003,7.91
22/08/2026 18:58,16.5,0.003,7.92
22/08/2026 18:28,17.125,0.003,7.92
22/08/2026 17:58,16.875,0.003,7.92
22/08/2026 17:28,16.875,0.003,7.92
22/08/2026 16:58,18.625,0.003,7.91
22/08/2026 16:28,17.625,0.003,7.91
22/08/2026 15:58,17.25,0.003,7.9
22/08/2026 15:28,17.25,0.003,7.9
22/08/2026 14:58,17,0.003,7.89
22/08/2026 14:28,16.75,0.003,7.89
22/08/2026 13:58,17.625,0.003,7.88
22/08/2026 13:28,16.375,0.003,7.88
22/08/2026 12:58,16.375,0.003,7.87
22/08/2026 12:28,16.125,0.003,7.87
22/08/2026 11:58,16,0.003,7.86
22/08/2026 11:28,16,0.003,7.85
22/08/2026 10:58,15.875,0.003,7.85
22/08/2026 10:28,15.75,0.003,7.84
22/08/2026 09:58,16.5,0.003,7.83
22/08/2026 09:28,15.5,0.003,7.83
22/08/2026 08:58,15.5,0.003,7.82
22/08/2026 08:28,15.5,0.003,7.82
22/08/2026 07:58,15.25,0.003,7.81
22/08/2026 07:28,15.125,0.003,7.81
22/08/2026 06:58,14.875,0.003,7.8
22/08/2026 06:28,14.875,0.003,7.8
22/08/2026 05:58,14.875,0.003,7.8
22/08/2026 05:28,14.875,0.003,7.8
22/08/2026 04:58,14.75,0.003,7.8
22/08/2026 04:28,14.625,0.003,7.79
22/08/2026 03:58,14.25,0.003,7.79
22/08/2026 03:28,14.5,0.003,7.79
22/08/2026 02:58,14,0.003,7.78
22/08/2026 02:28,14.375,0.003,7.78
22/08/2026 01:58,15.25,0.003,7.79
22/08/2026 01:28,16,0.003,7.79
22/08/2026 00:58,16.125,0.003,7.79
22/08/2026 00:28,16.25,0.003,7.79
21/08/2026 23:58,16.25,0.003,7.79
21/08/2026 23:28,16.125,0.003,7.79
21/08/2026 22:58,15.875,0.003,7.79
21/08/2026 22:28,15.875,0.003,7.78
21/08/2026 21:58,15.875,0.003,7.78
21/08/2026 21:28,14.75,0.003,7.78
21/08/2026 20:58,15.625,0.003,7.78
21/08/2026 20:28,15.375,0.003,7.78
21/08/2026 19:58,15.375,0.003,7.77
21/08/2026 19:28,16.125,0.003,7.78
21/08/2026 18:58,16.625,0.003,7.78
21/08/2026 18:28,17.25,0.003,7.79
21/08/2026 17:58,18,0.003,7.79
21/08/2026 17:28,18,0.003,7.78
21/08/2026 16:58,17.875,0.003,7.78
21/08/2026 16:28,17.5,0.003,7.78
21/08/2026 15:58,17.625,0.003,7.78
21/08/2026 15:28,17.25,0.003,7.79
21/08/2026 14:58,17,0.003,7.8
21/08/2026 14:28,17.625,0.003,7.8
21/08/2026 13:58,16.375,0.003,7.81
21/08/2026 13:28,16.25,0.003,7.81
21/08/2026 12:58,16.25,0.003,7.82
21/08/2026 12:28,16.125,0.003,7.82
21/08/2026 11:58,15.875,0.003,7.84
21/08/2026 11:28,14.75,0.003,7.85
21/08/2026 10:58,15.75,0.003,7.87
21/08/2026 10:28,15.875,0.003,7.88
21/08/2026 09:58,15.75,0.003,7.89
21/08/2026 09:28,15.875,0.003,7.88
21/08/2026 08:58,15.75,0.003,7.88
21/08/2026 08:28,15.5,0.003,7.87
21/08/2026 07:58,15.5,0.003,7.87
21/08/2026 07:28,15.25,0.003,7.87
21/08/2026 06:58,15.25,0.003,7.86
21/08/2026 06:28,15,0.003,7.86
21/08/2026 05:58,14.75,0.003,7.86
21/08/2026 05:28,14.75,0.003,7.86
21/08/2026 04:58,15.625,0.003,7.86
21/08/2026 04:28,14.375,0.003,7.86
21/08/2026 03:58,14.375,0.003,7.86
21/08/2026 03:28,14.125,0.003,7.86
21/08/2026 02:58,13.75,0.003,7.87
21/08/2026 02:28,14.375,0.003,7.87
21/08/2026 01:58,15.25,0.003,7.88
21/08/2026 01:28,16,0.003,7.88
21/08/2026 00:58,16.125,0.003,7.88
21/08/2026 00:28,16.375,0.003,7.88
20/08/2026 23:58,16.25,0.003,7.88
20/08/2026 23:28,16.125,0.003,7.88
20/08/2026 22:58,16,0.003,7.88
20/08/2026 22:28,16,0.003,7.88
20/08/2026 21:58,15.875,0.003,7.88
20/08/2026 21:28,15.75,0.003,7.88
20/08/2026 20:58,14.75,0.003,7.88
20/08/2026 20:28,15.5,0.003,7.88
20/08/2026 19:58,15.375,0.003,7.88
20/08/2026 19:28,16,0.003,7.89
20/08/2026 18:58,16.5,0.003,7.89
20/08/2026 18:28,17.125,0.003,7.9
20/08/2026 17:58,17.875,0.003,7.91
20/08/2026 17:28,18.125,0.003,7.92
20/08/2026 16:58,17.875,0.003,7.91
20/08/2026 16:58,17.875,0.003,7.91
20/08/2026 16:28,17.875,0.003,7.91
20/08/2026 15:58,17.375,0.003,7.9
20/08/2026 15:28,17.125,0.003,7.9
20/08/2026 14:58,17,0.003,7.89
20/08/2026 14:28,16.875,0.003,7.89
20/08/2026 13:58,16.75,0.003,7.88
20/08/2026 13:28,16.5,0.003,7.88
20/08/2026 12:58,16.25,0.003,7.87
20/08/2026 12:28,16.25,0.003,7.87
20/08/2026 11:58,16,0.003,7.87
20/08/2026 11:28,15.875,0.003,7.87
20/08/2026 10:58,15.625,0.003,7.87
20/08/2026 10:58,15.625,0.003,7.87
20/08/2026 10:28,15.875,0.003,7.87
20/08/2026 09:58,15.875,0.003,7.87
20/08/2026 09:28,16.625,0.003,7.87
20/08/2026 08:58,15.5,0.003,7.87
20/08/2026 08:28,15.5,0.003,7.87
20/08/2026 07:58,15.25,0.003,7.86
20/08/2026 07:28,14.75,0.003,7.86
20/08/2026 06:58,15.625,0.003,7.85
20/08/2026 06:28,14.25,0.003,7.86
20/08/2026 05:58,14.5,0.003,7.86
20/08/2026 05:28,14.125,0.003,7.86
20/08/2026 04:58,14,0.003,7.85
20/08/2026 04:28,13.75,0.003,7.85
20/08/2026 03:58,14.125,0.003,7.85
20/08/2026 03:53,12.75,0.003,7.85
20/08/2026 03:28,13.5,0.003,7.85
20/08/2026 02:58,13.625,0.003,7.86
20/08/2026 02:28,14.5,0.003,7.86
20/08/2026 01:58,15,0.003,7.86
20/08/2026 01:28,15.75,0.003,7.87
20/08/2026 00:58,16,0.003,7.87
20/08/2026 00:28,16,0.003,7.87
19/08/2026 23:58,15.875,0.003,7.87
19/08/2026 23:28,15.875,0.003,7.87
19/08/2026 22:58,15.75,0.003,7.87
19/08/2026 22:28,15.875,0.003,7.87
19/08/2026 21:58,15.625,0.003,7.87
19/08/2026 21:28,15.5,0.003,7.87
19/08/2026 20:58,15.375,0.003,7.86
19/08/2026 20:28,15.375,0.003,7.86
19/08/2026 19:58,15,0.003,7.87
19/08/2026 19:28,15.75,0.003,7.87
19/08/2026 18:58,16.25,0.003,7.87
19/08/2026 18:28,17,0.003,7.88
19/08/2026 17:58,18.625,0.003,7.88
19/08/2026 17:28,17.625,0.003,7.87
19/08/2026 16:58,17.375,0.003,7.87
19/08/2026 16:28,17.25,0.003,7.86
19/08/2026 15:58,17,0.003,7.86
19/08/2026 15:28,16.875,0.003,7.85
19/08/2026 14:58,15.75,0.003,7.85
19/08/2026 14:28,16.5,0.003,7.84
19/08/2026 13:58,16.375,0.003,7.84
19/08/2026 13:28,16.375,0.003,7.83
19/08/2026 12:58,16,0.003,7.83
19/08/2026 12:28,15.875,0.003,7.82
19/08/2026 11:58,15.625,0.003,7.81
19/08/2026 11:28,15.375,0.003,7.81
19/08/2026 10:58,15.25,0.003,7.81
19/08/2026 10:28,15.75,0.003,7.82
19/08/2026 09:58,15.75,0.003,7.83
19/08/2026 09:28,15.75,0.003,7.84
19/08/2026 08:58,15.5,0.003,7.83
19/08/2026 08:28,15.375,0.003,7.83
19/08/2026 07:58,15.25,0.003,7.82
19/08/2026 07:28,15.25,0.003,7.82
19/08/2026 06:58,15,0.003,7.81
19/08/2026 06:28,14.5,0.003,7.81
19/08/2026 05:58,14.25,0.003,7.8
19/08/2026 05:28,14.375,0.003,7.8
19/08/2026 04:58,14.125,0.003,7.8
19/08/2026 04:28,13.875,0.003,7.8
19/08/2026 03:58,14.625,0.003,7.8
19/08/2026 03:28,13.5,0.003,7.8
19/08/2026 02:58,14,0.003,7.8
19/08/2026 02:28,14.625,0.003,7.8
19/08/2026 01:58,15.5,0.003,7.8
19/08/2026 01:28,15.875,0.003,7.81
19/08/2026 00:58,16.25,0.003,7.81
19/08/2026 00:28,16.25,0.003,7.8
18/08/2026 23:58,16.25,0.003,7.8
18/08/2026 23:28,16.25,0.003,7.8
18/08/2026 22:58,16.125,0.003,7.8
18/08/2026 22:28,16,0.003,7.79
18/08/2026 21:58,15.75,0.003,7.79
18/08/2026 21:28,15.75,0.003,7.79
18/08/2026 20:58,15.625,0.003,7.79
18/08/2026 20:28,15.5,0.003,7.79
18/08/2026 19:58,15.5,0.003,7.79
18/08/2026 19:28,16,0.003,7.79
18/08/2026 18:58,16.5,0.003,7.8
18/08/2026 18:28,16.75,0.003,7.79
18/08/2026 17:58,17.25,0.003,7.79
18/08/2026 17:28,17.25,0.003,7.79
18/08/2026 16:58,17,0.003,7.78
18/08/2026 16:28,16.875,0.003,7.78
18/08/2026 15:58,15.75,0.003,7.78
18/08/2026 15:28,16.5,0.003,7.78
18/08/2026 14:58,16.375,0.003,7.79
18/08/2026 14:28,16,0.003,7.79
18/08/2026 13:58,15.875,0.003,7.8
18/08/2026 13:28,15.625,0.003,7.82
18/08/2026 12:58,15.375,0.003,7.84
18/08/2026 12:28,15.125,0.003,7.86
18/08/2026 11:58,14.75,0.003,7.87
18/08/2026 11:28,14.25,0.003,7.87
18/08/2026 10:58,14.125,0.003,7.87
18/08/2026 10:28,14.875,0.003,7.87
18/08/2026 09:58,15.375,0.003,7.86
18/08/2026 09:28,15.875,0.003,7.86
18/08/2026 08:58,14.875,0.003,7.86
18/08/2026 08:28,15.75,0.003,7.85
18/08/2026 07:58,15.625,0.003,7.85
18/08/2026 07:28,15.125,0.003,7.84
18/08/2026 06:58,15.25,0.003,7.84
18/08/2026 06:28,15.125,0.003,7.84
18/08/2026 05:58,15,0.003,7.84
18/08/2026 05:28,14.875,0.003,7.84
18/08/2026 04:58,14.875,0.003,7.84
18/08/2026 04:28,14.625,0.003,7.83
18/08/2026 03:58,14.25,0.003,7.83
18/08/2026 03:28,14.25,0.003,7.83
18/08/2026 02:58,14.125,0.003,7.83
18/08/2026 02:28,14.25,0.003,7.84
18/08/2026 01:58,14.625,0.003,7.84
18/08/2026 01:28,15.5,0.003,7.84
18/08/2026 00:58,15.875,0.003,7.84
18/08/2026 00:28,15.875,0.003,7.84
17/08/2026 23:58,15.875,0.003,7.84
17/08/2026 23:28,15.875,0.003,7.84
17/08/2026 22:58,15.875,0.003,7.84
17/08/2026 22:28,14.75,0.003,7.84
17/08/2026 21:58,15.375,0.003,7.84
17/08/2026 21:28,15.375,0.003,7.84
17/08/2026 20:58,15.25,0.003,7.84
17/08/2026 20:28,15,0.003,7.84
17/08/2026 19:58,15.125,0.003,7.85
17/08/2026 19:28,16.5,0.003,7.86
17/08/2026 18:58,16.125,0.003,7.86
17/08/2026 18:28,16.875,0.003,7.86
17/08/2026 17:58,17.375,0.003,7.86
17/08/2026 17:28,17.375,0.003,7.86
17/08/2026 16:58,17.25,0.003,7.86
17/08/2026 16:28,17.125,0.003,7.86
17/08/2026 15:58,17,0.003,7.86
17/08/2026 15:28,16.875,0.003,7.86
17/08/2026 14:58,16.75,0.003,7.86
17/08/2026 14:28,16.5,0.003,7.87
17/08/2026 13:58,16.25,0.003,7.88
17/08/2026 13:28,16.25,0.003,7.89
17/08/2026 12:58,16,0.003,7.9
17/08/2026 12:28,15.625,0.003,7.91
17/08/2026 12:03,15.5,0.003,7.92
17/08/2026 12:02,15.25,0.003,7.92
17/08/2026 12:02,15.375,0.003,8.58
17/08/2026 11:58,15.625,0.003,7.92
17/08/2026 11:28,15.25,0.003,7.92
17/08/2026 10:58,15.25,0.003,7.92
17/08/2026 10:28,15.625,0.003,7.92
17/08/2026 09:58,15.875,0.003,7.92
17/08/2026 09:28,16,0.003,7.91
17/08/2026 08:58,15.75,0.003,7.91
17/08/2026 08:28,14.875,0.003,7.91
17/08/2026 07:58,15.625,0.003,7.91
17/08/2026 07:28,15.375,0.003,7.9
17/08/2026 06:58,15.125,0.003,7.9
17/08/2026 06:28,15,0.003,7.9
17/08/2026 05:58,15,0.003,7.9
17/08/2026 05:28,15.625,0.003,7.9
17/08/2026 04:58,13.75,0.003,7.9
17/08/2026 04:28,14.25,0.003,7.9
17/08/2026 03:58,14.125,0.003,7.9
17/08/2026 03:28,14,0.003,7.9
17/08/2026 02:58,14.125,0.003,7.9
17/08/2026 02:28,14.75,0.003,7.91
17/08/2026 01:58,15.5,0.003,7.91
17/08/2026 01:28,16.25,0.003,7.92
17/08/2026 00:58,16.5,0.003,7.93
17/08/2026 00:28,16.375,0.003,7.93
16/08/2026 23:58,16.375,0.003,7.93
16/08/2026 23:28,16.25,0.003,7.93
16/08/2026 22:58,16.125,0.003,7.93
16/08/2026 22:28,16,0.003,7.94
16/08/2026 21:58,16,0.003,7.94
16/08/2026 21:28,14.875,0.003,7.94
16/08/2026 20:58,15.5,0.003,7.94
16/08/2026 20:28,15.25,0.002,7.94
16/08/2026 19:58,15.5,0.002,7.94
16/08/2026 19:28,15.875,0.002,7.95
16/08/2026 18:58,16.25,0.002,7.95
16/08/2026 18:28,17,0.002,7.96
16/08/2026 17:58,17.75,0.003,7.96
16/08/2026 17:28,17.5,0.003,7.96
16/08/2026 16:58,17.25,0.003,7.96
16/08/2026 16:28,17.125,0.003,7.95
16/08/2026 15:58,17.125,0.003,7.95
16/08/2026 15:28,16.75,0.003,7.95
16/08/2026 14:58,16.625,0.003,7.95
16/08/2026 14:28,16.375,0.003,7.94
16/08/2026 13:58,16.125,0.003,7.93
16/08/2026 13:28,16,0.003,7.93
16/08/2026 12:58,15.875,0.003,7.93
16/08/2026 12:28,16.625,0.003,7.92
16/08/2026 11:58,15.375,0.002,7.92
16/08/2026 11:28,15.125,0.002,7.92
16/08/2026 10:58,15,0.003,7.92
16/08/2026 10:28,15.5,0.003,7.91
16/08/2026 09:58,16.625,0.003,7.92
16/08/2026 09:28,16,0.003,7.91
16/08/2026 08:58,16,0.003,7.91
16/08/2026 08:28,15.75,0.003,7.91
16/08/2026 07:58,16.5,0.003,7.91
16/08/2026 07:28,15.625,0.003,7.91
16/08/2026 06:58,15.5,0.003,7.91
16/08/2026 06:28,15.25,0.003,7.9
16/08/2026 05:58,15.25,0.003,7.91
16/08/2026 05:28,14.875,0.003,7.91
16/08/2026 04:58,14.75,0.003,7.91
16/08/2026 04:28,15.625,0.003,7.91
16/08/2026 03:58,14.25,0.003,7.91
16/08/2026 03:28,14.25,0.003,7.91
16/08/2026 02:58,14,0.003,7.91
16/08/2026 02:28,13.75,0.003,7.91
16/08/2026 01:58,15.5,0.003,7.92
16/08/2026 01:28,16.125,0.003,7.92
16/08/2026 00:58,16.5,0.003,7.93
16/08/2026 00:28,16.375,0.003,7.93
15/08/2026 23:58,16.25,0.003,7.93
15/08/2026 23:28,16.25,0.003,7.93
15/08/2026 22:58,16.125,0.003,7.93
15/08/2026 22:28,16,0.003,7.93
15/08/2026 21:58,15.875,0.003,7.93
15/08/2026 21:28,15.875,0.003,7.93
15/08/2026 20:58,15.75,0.003,7.93
15/08/2026 20:28,15.5,0.002,7.94
15/08/2026 19:58,15.5,0.003,7.94
15/08/2026 19:28,15.875,0.002,7.94
15/08/2026 18:58,16.375,0.003,7.94
15/08/2026 18:28,17.125,0.003,7.94
15/08/2026 17:58,16.75,0.003,7.94
15/08/2026 17:28,16.875,0.003,7.94
15/08/2026 16:58,17.375,0.003,7.94
15/08/2026 16:28,17.375,0.003,7.93
15/08/2026 15:58,17.25,0.003,7.93
15/08/2026 15:28,16.875,0.003,7.93
15/08/2026 14:58,16.875,0.003,7.93
15/08/2026 14:28,16.625,0.003,7.92
15/08/2026 13:58,16.375,0.003,7.92
15/08/2026 13:28,16.25,0.002,7.91
15/08/2026 12:58,16.25,0.002,7.91
15/08/2026 12:28,15.75,0.002,7.9
15/08/2026 11:58,15.75,0.002,7.9
15/08/2026 11:28,15.625,0.002,7.9
15/08/2026 10:58,15.25,0.002,7.89
15/08/2026 10:28,14.75,0.002,7.89
15/08/2026 09:58,16.125,0.002,7.88
15/08/2026 09:28,16,0.002,7.88
15/08/2026 08:58,16,0.002,7.88
15/08/2026 08:28,15.875,0.002,7.87
15/08/2026 07:58,16.625,0.002,7.87
15/08/2026 07:28,15.625,0.002,7.87
15/08/2026 07:28,15.625,0.002,7.87
15/08/2026 06:58,15.25,0.002,7.86
15/08/2026 06:28,15.25,0.002,7.86
15/08/2026 05:58,15,0.002,7.87
15/08/2026 05:28,15,0.002,7.86
15/08/2026 04:58,13.75,0.002,7.86
15/08/2026 04:28,14.375,0.002,7.86
15/08/2026 03:58,14.125,0.002,7.86
15/08/2026 03:28,14.125,0.002,7.86
15/08/2026 02:58,14.75,0.002,7.86
15/08/2026 02:28,15.375,0.002,7.87
15/08/2026 01:58,15.875,0.002,7.87
15/08/2026 01:28,16.25,0.002,7.87
15/08/2026 00:58,16.625,0.003,7.87
15/08/2026 00:28,16.5,0.002,7.87
14/08/2026 23:58,16.375,0.002,7.87
14/08/2026 23:28,16.375,0.002,7.87
14/08/2026 22:58,16.25,0.002,7.87
14/08/2026 22:28,16.125,0.002,7.87
14/08/2026 21:58,16.125,0.002,7.87
14/08/2026 21:28,16,0.002,7.87
14/08/2026 20:58,15.75,0.002,7.87
14/08/2026 20:28,15.5,0.002,7.87
14/08/2026 19:58,15.375,0.002,7.87
14/08/2026 19:28,15.875,0.003,7.88
14/08/2026 18:58,16.375,0.003,7.88
14/08/2026 18:28,17,0.003,7.88
14/08/2026 17:58,16.75,0.003,7.88
14/08/2026 17:28,16.75,0.003,7.88
14/08/2026 16:58,17.25,0.003,7.88
14/08/2026 16:28,17.125,0.003,7.87
14/08/2026 15:58,16.875,0.003,7.87
14/08/2026 15:28,15.75,0.003,7.87
14/08/2026 14:58,16.375,0.003,7.87
14/08/2026 14:28,16.125,0.003,7.87
14/08/2026 13:58,16,0.003,7.86
14/08/2026 13:28,15.75,0.003,7.86
14/08/2026 12:58,14.75,0.003,7.85
14/08/2026 12:28,15.375,0.003,7.85
14/08/2026 11:58,15.125,0.003,7.85
14/08/2026 11:28,13.75,0.003,7.85
14/08/2026 10:58,14.5,0.003,7.85
14/08/2026 10:28,15.125,0.003,7.85
14/08/2026 09:58,15.625,0.003,7.85
14/08/2026 09:28,15.875,0.003,7.85
14/08/2026 08:58,15.75,0.003,7.85
14/08/2026 08:28,15.75,0.003,7.85
14/08/2026 07:58,15.5,0.003,7.85
14/08/2026 07:28,15.5,0.003,7.84
14/08/2026 06:58,15.25,0.003,7.84
14/08/2026 06:28,15.25,0.003,7.85
14/08/2026 05:58,15.125,0.003,7.85
14/08/2026 05:28,15.625,0.003,7.85
14/08/2026 04:58,14.375,0.003,7.85
14/08/2026 04:28,14.125,0.003,7.86
14/08/2026 03:58,13.875,0.003,7.87
14/08/2026 03:28,13.875,0.003,7.87
14/08/2026 02:58,14.5,0.003,7.88
14/08/2026 02:28,15.125,0.003,7.88
14/08/2026 01:58,14.75,0.003,7.88
14/08/2026 01:28,16.125,0.003,7.88
14/08/2026 00:58,16.375,0.003,7.88
14/08/2026 00:28,16.375,0.003,7.88
13/08/2026 23:58,16.25,0.003,7.87
13/08/2026 23:28,16.25,0.003,7.87
13/08/2026 22:58,15.875,0.003,7.87
13/08/2026 22:28,15.75,0.003,7.88
13/08/2026 21:58,15.75,0.003,7.89
13/08/2026 21:28,14.75,0.003,7.9
13/08/2026 20:58,15.5,0.003,7.9
13/08/2026 20:28,15,0.003,7.9
13/08/2026 19:58,15.375,0.003,7.89
13/08/2026 19:28,14.25,0.003,7.89
13/08/2026 18:58,15.125,0.003,7.88
13/08/2026 18:28,15.375,0.003,7.87
13/08/2026 17:58,15.5,0.003,7.85
13/08/2026 17:28,15.875,0.003,7.82
13/08/2026 16:58,15.875,0.003,7.77
13/08/2026 16:28,16.25,0.003,7.7
13/08/2026 15:58,16.25,0.003,7.62
13/08/2026 15:36,16.75,0.003,7.52
13/08/2026 15:28,17,0.003,7.47
13/08/2026 14:58,17.375,0.003,7.23
13/08/2026 14:28,18,0.003,6.93
13/08/2026 13:58,18.5,0.003,6.73
13/08/2026 13:28,18.375,0.003,6.64
13/08/2026 07:28,15.125,0.002,7.84
13/08/2026 06:58,15.125,0.002,7.84
13/08/2026 06:28,13.75,0.002,7.84
13/08/2026 05:58,13.75,0.002,7.84
13/08/2026 05:28,14.625,0.002,7.84
13/08/2026 05:28,14.625,0.002,7.84
13/08/2026 04:58,14.375,0.002,7.84
13/08/2026 04:28,14,0.002,7.84
13/08/2026 03:58,13.875,0.002,7.84
13/08/2026 03:43,14.375,0.002,7.84
13/08/2026 03:38,12.75,0.002,7.84
13/08/2026 03:28,13.625,0.002,7.84
13/08/2026 03:24,14.5,0.002,7.84
13/08/2026 03:11,12.75,0.002,7.84
13/08/2026 02:58,14,0.002,7.84
13/08/2026 02:28,14.625,0.002,7.85
13/08/2026 01:58,15.375,0.002,7.85
13/08/2026 01:28,16,0.003,7.86
13/08/2026 00:58,16.375,0.002,7.86
13/08/2026 00:28,16.125,0.002,7.86
12/08/2026 23:58,16.25,0.002,7.86
12/08/2026 23:28,16.25,0.001,7.86
12/08/2026 23:28,16.25,0.001,7.86
12/08/2026 22:58,16.125,0.001,7.86
12/08/2026 22:28,16,0.002,7.86
12/08/2026 21:58,16,0.003,7.87
12/08/2026 21:28,15.75,0.003,7.87
12/08/2026 20:58,15.875,0.003,7.87
12/08/2026 20:28,15.375,0.002,7.87
12/08/2026 19:58,14.75,0.002,7.87
12/08/2026 19:28,16.125,0.002,7.88
12/08/2026 18:58,16.875,0.002,7.88
12/08/2026 18:28,17.5,0.002,7.89
12/08/2026 17:58,18.25,0.003,7.89
12/08/2026 17:28,18,0.002,7.89
12/08/2026 16:58,18,0.002,7.88
12/08/2026 16:28,17.75,0.002,7.88
12/08/2026 15:58,17.5,0.002,7.87
12/08/2026 15:28,17.375,0.002,7.86
12/08/2026 14:58,17.125,0.002,7.86
12/08/2026 14:28,17,0.002,7.85
12/08/2026 13:58,16.875,0.002,7.85
12/08/2026 13:28,16.75,0.002,7.84
12/08/2026 12:58,16.375,0.002,7.84
12/08/2026 12:28,16.5,0.002,7.84
12/08/2026 11:58,16.125,0.002,7.83
12/08/2026 11:28,16,0.002,7.83
12/08/2026 10:58,15.875,0.002,7.82
12/08/2026 10:28,15.75,0.002,7.82
12/08/2026 09:58,16.625,0.002,7.82
12/08/2026 09:28,15.375,0.002,7.81
12/08/2026 08:58,15.375,0.002,7.81
12/08/2026 08:28,15.375,0.002,7.81
12/08/2026 07:58,15.25,0.002,7.81
12/08/2026 07:28,15.25,0.002,7.81
12/08/2026 06:58,15.25,0.002,7.8
12/08/2026 06:28,14.75,0.002,7.8
12/08/2026 05:58,15.625,0.002,7.8
12/08/2026 05:28,14.625,0.002,7.8
12/08/2026 04:58,13.75,0.002,7.8
12/08/2026 04:28,14.625,0.002,7.8
12/08/2026 04:28,14.625,0.002,7.8
12/08/2026 03:58,14.375,0.002,7.8
12/08/2026 03:28,14.5,0.002,7.8
12/08/2026 02:58,14.25,0.002,7.8
12/08/2026 02:28,14.125,0.002,7.8
12/08/2026 01:58,14.75,0.002,7.8
12/08/2026 01:28,15.625,0.002,7.81
12/08/2026 00:58,16,0.002,7.81
12/08/2026 00:28,16,0.002,7.81
11/08/2026 23:58,15.875,0.002,7.81
11/08/2026 23:28,15.625,0.002,7.81
11/08/2026 22:58,15.75,0.002,7.81
11/08/2026 22:28,15.625,0.002,7.8
11/08/2026 21:58,15.625,0.002,7.8
11/08/2026 21:28,15.5,0.002,7.8
11/08/2026 20:58,15.25,0.002,7.8
11/08/2026 20:28,15.125,0.002,7.8
11/08/2026 19:58,15.125,0.002,7.81
11/08/2026 19:28,15.875,0.002,7.81
11/08/2026 18:58,16.125,0.002,7.82
11/08/2026 18:28,17,0.002,7.83
11/08/2026 17:58,16.875,0.002,7.82
11/08/2026 17:28,18.625,0.002,7.82
11/08/2026 16:58,18.5,0.002,7.82
11/08/2026 16:28,17.5,0.002,7.82
11/08/2026 15:58,17,0.002,7.82
11/08/2026 15:28,17.25,0.002,7.82
11/08/2026 14:58,16.875,0.002,7.82
11/08/2026 14:28,16.625,0.002,7.81
11/08/2026 13:58,16.5,0.002,7.81
11/08/2026 13:28,16.125,0.002,7.81
11/08/2026 12:58,16.25,0.002,7.8
11/08/2026 12:28,16.125,0.002,7.8
11/08/2026 11:58,15.875,0.002,7.8
11/08/2026 11:28,15.875,0.002,7.79
11/08/2026 10:58,16.625,0.002,7.78
11/08/2026 10:28,16.625,0.002,7.78
11/08/2026 09:58,15.5,0.002,7.78
11/08/2026 09:28,15.125,0.002,7.77
11/08/2026 08:58,15.375,0.002,7.76
11/08/2026 08:28,15.125,0.002,7.76
11/08/2026 08:28,15.125,0.002,7.76
11/08/2026 07:58,15.125,0.002,7.76
11/08/2026 07:28,14.875,0.002,7.75
11/08/2026 06:58,13.875,0.002,7.75
11/08/2026 06:28,13.75,0.002,7.74
11/08/2026 05:58,13.75,0.002,7.74
11/08/2026 05:28,14.25,0.002,7.74
11/08/2026 04:58,14.5,0.002,7.73
11/08/2026 04:28,14.125,0.002,7.73
11/08/2026 03:58,13.875,0.002,7.73
11/08/2026 03:28,14.25,0.002,7.73
11/08/2026 02:58,14.875,0.002,7.73
11/08/2026 02:28,15.625,0.002,7.74
11/08/2026 01:58,16.125,0.003,7.74
11/08/2026 01:28,16.875,0.003,7.75
11/08/2026 00:58,17.375,0.003,7.74
11/08/2026 00:28,17.375,0.003,7.74
10/08/2026 23:58,17.25,0.003,7.74
10/08/2026 23:28,17.5,0.003,7.73
10/08/2026 22:58,17.375,0.003,7.72
10/08/2026 22:28,17.25,0.003,7.72
10/08/2026 21:58,17,0.003,7.71
10/08/2026 21:28,17,0.003,7.7
10/08/2026 20:58,16.875,0.003,7.69
10/08/2026 20:58,16.875,0.003,7.69
10/08/2026 20:28,17.625,0.003,7.68
10/08/2026 19:58,16.75,0.003,7.68
10/08/2026 19:28,17.375,0.003,7.68
10/08/2026 18:58,18.375,0.003,7.68
10/08/2026 18:28,19,0.003,7.67
10/08/2026 18:26,18.75,0.003,7.67
10/08/2026 17:58,20.25,0.003,7.66
10/08/2026 17:28,20.625,0.003,7.64
10/08/2026 16:58,19.625,0.003,7.64
10/08/2026 16:28,19.375,0.003,7.63
10/08/2026 15:58,19.125,0.003,7.62
10/08/2026 15:28,18.875,0.003,7.62
10/08/2026 14:58,19.625,0.003,7.62
10/08/2026 14:28,19.625,0.003,7.64
10/08/2026 13:58,18.5,0.003,7.67
10/08/2026 13:28,18,0.003,7.7
10/08/2026 12:58,18.375,0.003,7.73
10/08/2026 12:28,18.625,0.003,7.77
10/08/2026 12:28,18.625,0.003,7.77
10/08/2026 11:58,19.375,0.003,7.8
10/08/2026 11:28,19.375,0.003,7.83
10/08/2026 10:58,19.25,0.003,7.85
10/08/2026 10:28,18.5,0.003,7.84
10/08/2026 10:26,18.5,0.003,7.84
10/08/2026 10:26,18.25,0.003,7.84
10/08/2026 10:25,18.125,0.003,7.84
10/08/2026 10:25,17.75,0.003,8.48
09/08/2026 12:28,15.25,0.002,7.87
09/08/2026 11:58,15.125,0.002,7.88
09/08/2026 11:58,15.125,0.002,7.88
09/08/2026 11:28,14.375,0.002,7.87
09/08/2026 10:58,15.625,0.002,7.87
09/08/2026 10:28,15.25,0.002,7.87
09/08/2026 09:58,16.625,0.002,7.87
09/08/2026 09:28,16.125,0.002,7.87
09/08/2026 08:58,15.875,0.002,7.87
09/08/2026 08:28,15.75,0.002,7.87
09/08/2026 07:58,15.625,0.002,7.86
09/08/2026 07:28,15.375,0.002,7.86
09/08/2026 06:58,15.375,0.002,7.86
09/08/2026 06:28,15.125,0.002,7.86
09/08/2026 05:58,15.125,0.002,7.86
09/08/2026 05:28,15,0.002,7.86
09/08/2026 04:58,15,0.002,7.86
09/08/2026 04:28,14.75,0.002,7.86
09/08/2026 03:58,13.75,0.002,7.86
09/08/2026 03:28,14.625,0.002,7.86
09/08/2026 03:28,14.625,0.002,7.86
09/08/2026 02:58,14.25,0.002,7.87
09/08/2026 02:28,14.375,0.002,7.86
09/08/2026 01:58,15.125,0.002,7.87
09/08/2026 01:28,15.875,0.002,7.88
09/08/2026 00:58,16.25,0.002,7.88
09/08/2026 00:28,16,0.002,7.88
08/08/2026 23:58,16,0.002,7.88
08/08/2026 23:28,15.875,0.002,7.89
08/08/2026 22:58,15.875,0.002,7.89
08/08/2026 22:28,15.75,0.002,7.89
08/08/2026 21:58,14.75,0.002,7.89
08/08/2026 21:28,15.375,0.002,7.89
08/08/2026 20:58,15.375,0.002,7.89
08/08/2026 20:28,15.125,0.002,7.89
08/08/2026 19:58,15.125,0.002,7.89
08/08/2026 19:28,15.625,0.002,7.9
08/08/2026 18:58,16,0.002,7.9
08/08/2026 18:28,15.75,0.002,7.91
08/08/2026 17:58,17.25,0.002,7.91
08/08/2026 17:28,17.125,0.002,7.91
08/08/2026 16:58,17,0.002,7.91
08/08/2026 16:28,17.625,0.002,7.9
08/08/2026 15:58,16.625,0.003,7.9
08/08/2026 15:28,16.5,0.002,7.89
08/08/2026 14:58,16.125,0.002,7.89
08/08/2026 14:28,16.125,0.002,7.89
08/08/2026 13:58,15.875,0.002,7.89
08/08/2026 13:28,15.75,0.002,7.88
08/08/2026 12:58,15.375,0.002,7.87
08/08/2026 12:28,15.25,0.002,7.87
08/08/2026 11:58,14.875,0.002,7.86
08/08/2026 11:28,14.625,0.002,7.86
08/08/2026 10:58,14.375,0.002,7.85
08/08/2026 10:28,15.25,0.002,7.85
08/08/2026 09:58,15.875,0.002,7.86
08/08/2026 09:28,16,0.002,7.86
08/08/2026 08:58,15.875,0.002,7.85
08/08/2026 08:28,15.75,0.002,7.85
08/08/2026 07:58,15.625,0.002,7.85
08/08/2026 07:28,15.375,0.002,7.84
08/08/2026 06:58,15.5,0.002,7.84
08/08/2026 06:28,15.375,0.002,7.84
08/08/2026 05:58,15,0.002,7.84
08/08/2026 05:28,15.25,0.002,7.84
08/08/2026 04:58,15,0.002,7.84
08/08/2026 04:28,13.875,0.002,7.84
08/08/2026 03:58,13.75,0.002,7.84
08/08/2026 03:28,14.625,0.002,7.84
08/08/2026 02:58,14.25,0.002,7.84
08/08/2026 02:28,14.375,0.002,7.84
08/08/2026 01:58,15.125,0.002,7.84
08/08/2026 01:28,15.875,0.002,7.85
08/08/2026 00:58,16.25,0.002,7.85
08/08/2026 00:28,16.125,0.002,7.85
07/08/2026 23:58,15.875,0.002,7.86
07/08/2026 23:28,16,0.002,7.85
07/08/2026 22:58,15.875,0.002,7.85
07/08/2026 22:28,15.875,0.002,7.85
07/08/2026 21:58,15.5,0.002,7.85
07/08/2026 21:28,15.625,0.002,7.85
07/08/2026 20:58,15.375,0.002,7.86
07/08/2026 20:28,15.25,0.002,7.86
07/08/2026 19:58,15.375,0.002,7.85
07/08/2026 19:28,15.875,0.002,7.85
07/08/2026 18:58,16.125,0.002,7.86
07/08/2026 18:28,16.625,0.002,7.86
07/08/2026 17:58,17.375,0.002,7.87
07/08/2026 17:28,17.125,0.002,7.87
07/08/2026 16:58,17,0.002,7.86
07/08/2026 16:28,16.875,0.002,7.86
07/08/2026 15:58,16.625,0.002,7.85
07/08/2026 15:58,16.625,0.002,7.85
07/08/2026 15:28,16.375,0.002,7.84
07/08/2026 14:58,16.125,0.002,7.84
07/08/2026 14:28,16.125,0.002,7.83
07/08/2026 13:58,15.75,0.002,7.83
07/08/2026 13:28,16.625,0.002,7.82
07/08/2026 12:58,15.375,0.002,7.81
07/08/2026 12:28,15.25,0.002,7.81
07/08/2026 11:58,14.875,0.002,7.8
07/08/2026 11:28,14.75,0.002,7.79
07/08/2026 10:58,14.625,0.002,7.78
07/08/2026 10:28,15,0.002,7.78
07/08/2026 09:58,15.75,0.002,7.78
07/08/2026 09:28,15.75,0.002,7.78
07/08/2026 08:58,15.75,0.002,7.77
07/08/2026 08:28,15.625,0.002,7.77
07/08/2026 07:58,15.5,0.002,7.76
07/08/2026 07:28,15.375,0.002,7.76
07/08/2026 06:58,15.25,0.002,7.75
07/08/2026 06:28,15.125,0.002,7.75
07/08/2026 05:58,15,0.002,7.74
07/08/2026 05:28,15.125,0.002,7.74
07/08/2026 04:58,14.75,0.002,7.74
07/08/2026 04:28,15.5,0.002,7.73
07/08/2026 03:58,14.625,0.002,7.73
07/08/2026 03:28,14.25,0.002,7.73
07/08/2026 02:58,14,0.002,7.72
07/08/2026 02:28,14.375,0.002,7.72
07/08/2026 01:58,15.375,0.002,7.72
07/08/2026 01:28,15.875,0.002,7.72
07/08/2026 00:58,16.125,0.002,7.72
07/08/2026 00:28,16.125,0.002,7.71
06/08/2026 23:58,16.125,0.002,7.71
06/08/2026 23:28,16.125,0.002,7.71
06/08/2026 22:58,15.875,0.002,7.7
06/08/2026 22:28,15.875,0.002,7.69
06/08/2026 21:58,14.75,0.002,7.69
06/08/2026 21:28,16.5,0.002,7.68
06/08/2026 20:58,15.5,0.002,7.68
06/08/2026 20:28,15.375,0.002,7.67
06/08/2026 19:58,15.375,0.002,7.66
06/08/2026 19:28,15.75,0.002,7.66
06/08/2026 18:58,16.375,0.002,7.65
06/08/2026 18:58,16.375,0.002,7.65
06/08/2026 18:28,17.125,0.002,7.65
06/08/2026 17:58,17.75,0.002,7.64
06/08/2026 17:28,17.75,0.002,7.64
06/08/2026 16:58,17.625,0.002,7.63
06/08/2026 16:28,17.5,0.002,7.61
06/08/2026 16:28,17.5,0.002,7.61
06/08/2026 15:58,17.25,0.002,7.6
06/08/2026 15:28,17.125,0.002,7.6
06/08/2026 14:58,15.875,0.002,7.6
06/08/2026 14:28,17.625,0.002,7.61
06/08/2026 13:58,16.375,0.002,7.6
06/08/2026 13:28,16.25,0.002,7.62
06/08/2026 12:58,16.125,0.002,7.64
06/08/2026 12:28,15.875,0.002,7.68
06/08/2026 11:58,14.75,0.002,7.7
06/08/2026 11:28,15.625,0.002,7.74
06/08/2026 10:58,15.625,0.002,7.76
06/08/2026 10:28,15.875,0.002,7.8
06/08/2026 10:28,15.875,0.002,7.8
06/08/2026 09:58,16,0.002,7.83
06/08/2026 09:28,15.75,0.002,7.85
06/08/2026 09:28,15.75,0.002,7.85
06/08/2026 08:58,15.75,0.002,7.87
06/08/2026 08:28,15.375,0.002,7.87
06/08/2026 07:58,15.375,0.002,7.87
06/08/2026 07:28,15.25,0.002,7.87
06/08/2026 06:58,15,0.002,7.86
06/08/2026 06:28,14.875,0.002,7.86
06/08/2026 05:58,15.625,0.002,7.86
06/08/2026 05:28,14.5,0.002,7.86
06/08/2026 04:58,14.25,0.002,7.86
06/08/2026 04:28,14,0.002,7.86
06/08/2026 03:58,14.125,0.002,7.86
06/08/2026 03:28,13.875,0.002,7.86
06/08/2026 02:58,13.625,0.002,7.86
06/08/2026 02:28,14.125,0.002,7.87
06/08/2026 01:58,15.125,0.002,7.87
06/08/2026 01:28,15.75,0.002,7.88
06/08/2026 00:58,15.875,0.002,7.88
06/08/2026 00:28,15.875,0.002,7.88
05/08/2026 23:58,14.75,0.002,7.88
05/08/2026 23:28,16.5,0.002,7.88
05/08/2026 22:58,15.5,0.002,7.88
05/08/2026 22:28,15.5,0.002,7.88
05/08/2026 21:58,15.5,0.002,7.88
05/08/2026 21:28,15.25,0.002,7.89
05/08/2026 20:58,14.875,0.002,7.89
05/08/2026 20:28,13.75,0.002,7.89
05/08/2026 19:58,14.75,0.002,7.89
05/08/2026 19:28,15.5,0.002,7.89
05/08/2026 18:58,16,0.002,7.9
05/08/2026 18:28,16.75,0.002,7.9
05/08/2026 17:58,17.25,0.002,7.91
05/08/2026 17:28,17.125,0.002,7.91
05/08/2026 16:58,17,0.002,7.9
05/08/2026 16:28,16.75,0.002,7.9
05/08/2026 15:58,16.5,0.002,7.89
05/08/2026 15:28,16.375,0.002,7.89
05/08/2026 14:58,16.125,0.002,7.88
05/08/2026 14:28,16,0.002,7.88
05/08/2026 13:58,15.75,0.002,7.87
05/08/2026 13:28,16.625,0.002,7.87
05/08/2026 12:58,15.375,0.002,7.86
05/08/2026 12:28,15.25,0.002,7.85
05/08/2026 11:58,15,0.002,7.85
05/08/2026 11:28,15.5,0.002,7.84
05/08/2026 10:58,14.625,0.002,7.84
05/08/2026 10:28,15.125,0.002,7.84
05/08/2026 09:58,15.75,0.002,7.84
05/08/2026 09:28,16,0.002,7.84
05/08/2026 08:58,15.875,0.002,7.83
05/08/2026 08:28,16.625,0.002,7.83
05/08/2026 07:58,15.5,0.002,7.82
05/08/2026 07:28,15.25,0.002,7.81
05/08/2026 06:58,15.125,0.002,7.81
05/08/2026 06:28,15,0.002,7.81
05/08/2026 05:58,14.875,0.002,7.8
05/08/2026 05:28,13.875,0.002,7.8
05/08/2026 04:58,14.625,0.002,7.8
05/08/2026 04:28,14.375,0.002,7.8
05/08/2026 03:58,14.125,0.002,7.8
05/08/2026 03:28,14,0.002,7.8
05/08/2026 02:58,13.75,0.002,7.8
05/08/2026 02:28,15.5,0.002,7.8
05/08/2026 01:58,15.5,0.002,7.8
05/08/2026 01:28,16.125,0.002,7.81
05/08/2026 00:58,16.375,0.002,7.81
05/08/2026 00:28,16.125,0.002,7.81
04/08/2026 23:58,15.875,0.002,7.8
04/08/2026 23:28,16,0.002,7.8
04/08/2026 22:58,15.875,0.002,7.8
04/08/2026 22:28,15.875,0.002,7.8
04/08/2026 21:58,16.625,0.002,7.8
04/08/2026 21:28,15.625,0.002,7.8
04/08/2026 20:58,15.5,0.002,7.8
04/08/2026 20:28,15.5,0.002,7.79
04/08/2026 19:58,15.625,0.002,7.79
04/08/2026 19:28,16,0.002,7.79
04/08/2026 18:58,16.5,0.002,7.79
04/08/2026 18:28,17.125,0.002,7.8
04/08/2026 17:58,17.75,0.002,7.8
04/08/2026 17:28,17.75,0.002,7.79
04/08/2026 16:58,18.5,0.002,7.79
04/08/2026 16:28,17.25,0.002,7.78
04/08/2026 15:58,17,0.002,7.78
04/08/2026 15:28,16.75,0.002,7.77
04/08/2026 14:58,16.5,0.002,7.77
04/08/2026 14:28,16.25,0.002,7.76
04/08/2026 13:58,16,0.002,7.76
04/08/2026 13:28,15.75,0.002,7.76
04/08/2026 12:58,15.375,0.002,7.78
04/08/2026 12:28,15.25,0.002,7.8
04/08/2026 11:58,14.75,0.002,7.81
04/08/2026 11:28,14.375,0.002,7.83
04/08/2026 10:58,14.625,0.002,7.84
04/08/2026 10:28,15,0.002,7.86
04/08/2026 09:58,15.75,0.002,7.88
04/08/2026 09:28,16,0.002,7.9
04/08/2026 08:58,15.875,0.002,7.91
04/08/2026 08:28,15.75,0.002,7.91
04/08/2026 07:58,15.5,0.002,7.91
04/08/2026 07:28,15.625,0.002,7.91
04/08/2026 06:58,15.25,0.002,7.9
04/08/2026 06:28,15.125,0.002,7.9
04/08/2026 05:58,15,0.002,7.9
04/08/2026 05:28,14.875,0.002,7.91
04/08/2026 04:58,13.75,0.002,7.91
04/08/2026 04:28,15.5,0.002,7.91
04/08/2026 03:58,14.25,0.002,7.91
04/08/2026 03:28,14.25,0.002,7.91
04/08/2026 02:58,14.25,0.002,7.91
04/08/2026 02:58,14.25,0.002,7.91
04/08/2026 02:28,13.75,0.002,7.92
04/08/2026 01:58,15.375,0.002,7.93
04/08/2026 01:28,16,0.002,7.93
04/08/2026 00:58,16.25,0.002,7.94
04/08/2026 00:28,16.25,0.002,7.94
03/08/2026 23:58,16.25,0.002,7.94
03/08/2026 23:28,16.125,0.002,7.94
03/08/2026 22:58,16,0.002,7.94
03/08/2026 22:28,15.875,0.002,7.94
03/08/2026 21:58,15.875,0.002,7.95
03/08/2026 21:28,14.75,0.002,7.94
03/08/2026 20:58,15.625,0.002,7.95
03/08/2026 20:28,15.25,0.002,7.95
03/08/2026 19:58,15.25,0.002,7.95
03/08/2026 19:28,15.875,0.002,7.96
03/08/2026 18:58,16.25,0.002,7.96
03/08/2026 18:58,16.25,0.002,7.96
03/08/2026 18:28,16.875,0.002,7.97
03/08/2026 17:58,17.5,0.002,7.97
03/08/2026 17:28,17.125,0.002,7.96
03/08/2026 17:28,17.125,0.002,7.96
03/08/2026 16:58,17,0.002,7.96
03/08/2026 16:28,16.875,0.002,7.96
03/08/2026 15:58,16.625,0.002,7.95
03/08/2026 15:28,16.25,0.002,7.95
03/08/2026 15:28,16.25,0.002,7.95
03/08/2026 14:58,16.25,0.002,7.95
03/08/2026 14:28,15.875,0.002,7.94
03/08/2026 13:58,15.875,0.002,7.94
03/08/2026 13:28,16.625,0.002,7.93
03/08/2026 12:58,15.375,0.002,7.93
03/08/2026 12:28,15.25,0.002,7.93
03/08/2026 11:58,15,0.002,7.92
03/08/2026 11:28,14.625,0.002,7.92
03/08/2026 10:58,14.625,0.002,7.92
03/08/2026 10:28,15.25,0.002,7.92
03/08/2026 09:58,15.625,0.002,7.92
03/08/2026 09:28,16.125,0.002,7.92
03/08/2026 09:28,16.125,0.002,7.92
03/08/2026 08:58,15.875,0.002,7.91
03/08/2026 08:28,15.875,0.002,7.91
03/08/2026 08:28,15.875,0.002,7.91
03/08/2026 07:58,15.625,0.002,7.9
03/08/2026 07:28,15.375,0.002,7.9
03/08/2026 06:58,15.25,0.002,7.9
03/08/2026 06:28,15,0.002,7.9
03/08/2026 05:58,15,0.002,7.9
03/08/2026 05:28,14.75,0.002,7.9
03/08/2026 04:58,13.75,0.002,7.9
03/08/2026 04:28,14.75,0.002,7.91
03/08/2026 04:28,14.75,0.002,7.91
03/08/2026 03:58,14.25,0.002,7.91
03/08/2026 03:28,14.25,0.002,7.91
03/08/2026 02:58,13.875,0.002,7.91
03/08/2026 02:28,14.375,0.002,7.91
03/08/2026 01:58,15.125,0.002,7.92
03/08/2026 01:28,15.75,0.002,7.93
03/08/2026 01:28,15.75,0.002,7.93
03/08/2026 00:58,16.125,0.002,7.93
03/08/2026 00:28,16.125,0.002,7.93
02/08/2026 23:58,15.875,0.002,7.93
02/08/2026 23:28,15.75,0.002,7.93
02/08/2026 22:58,15,0.002,7.94
02/08/2026 22:28,15.75,0.002,7.94
02/08/2026 21:58,15.625,0.002,7.94
02/08/2026 21:28,15.625,0.002,7.94
02/08/2026 20:58,15.5,0.002,7.94
02/08/2026 20:28,15.125,0.002,7.95
02/08/2026 19:58,15.25,0.002,7.95
02/08/2026 19:28,16.625,0.002,7.95
02/08/2026 18:58,16.375,0.002,7.96
02/08/2026 18:28,16.75,0.002,7.97
02/08/2026 17:58,17.5,0.002,7.97
02/08/2026 17:28,17.375,0.002,7.97
02/08/2026 16:58,17.125,0.002,7.96
02/08/2026 16:28,17.125,0.002,7.96
02/08/2026 15:58,17.125,0.002,7.95
02/08/2026 15:28,15.75,0.002,7.95
02/08/2026 15:28,15.75,0.002,7.95
02/08/2026 14:58,16.5,0.002,7.95
02/08/2026 14:28,16.25,0.002,7.94
02/08/2026 13:58,16.25,0.002,7.94
02/08/2026 13:28,16,0.002,7.93
02/08/2026 12:58,15.75,0.002,7.93
02/08/2026 12:28,15.625,0.002,7.92
02/08/2026 11:58,15.375,0.002,7.92
02/08/2026 11:28,15.125,0.002,7.92
02/08/2026 10:58,15,0.002,7.91
02/08/2026 10:58,15,0.002,7.91
02/08/2026 10:28,14.75,0.002,7.92
02/08/2026 09:58,16,0.002,7.91
02/08/2026 09:28,15.875,0.002,7.91
02/08/2026 08:58,15.875,0.002,7.91
02/08/2026 08:28,16.625,0.002,7.9
02/08/2026 07:58,16.375,0.002,7.9
02/08/2026 07:28,15.5,0.002,7.9
02/08/2026 06:58,15.125,0.002,7.9
02/08/2026 06:28,15.25,0.002,7.9
02/08/2026 05:58,15.125,0.002,7.9
02/08/2026 05:28,14.875,0.002,7.9
02/08/2026 04:58,15,0.002,7.9
02/08/2026 04:28,14.75,0.002,7.9
02/08/2026 03:58,15.625,0.002,7.91
02/08/2026 03:28,14.375,0.002,7.91
02/08/2026 02:58,14.125,0.002,7.92
02/08/2026 02:28,13.875,0.002,7.92
02/08/2026 01:58,14.75,0.002,7.92
02/08/2026 01:28,16.625,0.002,7.93
02/08/2026 00:58,16.125,0.002,7.93
02/08/2026 00:28,15.875,0.002,7.93
01/08/2026 23:58,16,0.002,7.93
01/08/2026 23:28,15.75,0.002,7.93
01/08/2026 22:58,14.75,0.002,7.93
01/08/2026 22:28,15.625,0.002,7.93
01/08/2026 21:58,15.25,0.002,7.93
01/08/2026 21:28,15.25,0.002,7.94
01/08/2026 20:58,15.125,0.002,7.94
01/08/2026 20:28,14.875,0.002,7.94
01/08/2026 19:58,15,0.002,7.94
01/08/2026 19:28,15.25,0.002,7.95
01/08/2026 18:58,16.125,0.002,7.95
01/08/2026 18:28,16.375,0.002,7.96
01/08/2026 17:58,17,0.002,7.96
01/08/2026 17:28,16.875,0.002,7.96
01/08/2026 16:58,16.875,0.002,7.95
01/08/2026 16:28,16.625,0.002,7.95
01/08/2026 15:58,16.5,0.002,7.95
01/08/2026 15:28,16.125,0.002,7.94
01/08/2026 14:58,16,0.002,7.94
01/08/2026 14:28,16.625,0.002,7.93
01/08/2026 13:58,14.75,0.002,7.93
01/08/2026 13:28,15.375,0.002,7.93
01/08/2026 12:58,15.25,0.002,7.92
01/08/2026 12:28,14.75,0.002,7.92
01/08/2026 11:58,14.25,0.002,7.91
01/08/2026 11:28,14,0.002,7.91
01/08/2026 10:58,14.25,0.002,7.91
01/08/2026 10:28,14.375,0.002,7.91
01/08/2026 09:58,15.25,0.002,7.91
01/08/2026 09:28,14.75,0.002,7.91
01/08/2026 08:58,16,0.002,7.91
01/08/2026 08:28,15.875,0.002,7.9
01/08/2026 07:58,15.875,0.002,7.9
01/08/2026 07:28,15.625,0.002,7.9
01/08/2026 06:58,15.25,0.002,7.89
01/08/2026 06:28,15.375,0.002,7.89
01/08/2026 06:28,15.375,0.002,7.89
01/08/2026 06:24,15.375,0.002,7.89
01/08/2026 05:28,15,0.002,7.9
01/08/2026 04:58,15,0.002,7.9
01/08/2026 04:28,14.875,0.002,7.9
01/08/2026 03:58,15.375,0.002,7.9
01/08/2026 03:28,14.375,0.002,7.9
01/08/2026 02:58,14.125,0.002,7.9
01/08/2026 02:28,14.125,0.002,7.91
01/08/2026 01:58,15,0.002,7.91
01/08/2026 01:28,16.625,0.002,7.92
01/08/2026 00:58,16,0.002,7.92
01/08/2026 00:58,16,0.002,7.92
01/08/2026 00:28,16,0.002,7.92
31/07/2026 23:58,15.875,0.002,7.92
31/07/2026 23:28,15.75,0.002,7.92
31/07/2026 22:58,15.875,0.002,7.92
31/07/2026 22:28,14.75,0.002,7.93
31/07/2026 21:58,15.375,0.002,7.93
31/07/2026 21:28,15.375,0.002,7.93
31/07/2026 20:58,15.25,0.002,7.93
31/07/2026 20:28,15,0.002,7.93
31/07/2026 19:58,14.75,0.002,7.93
31/07/2026 19:28,15.625,0.002,7.94
31/07/2026 18:58,16.125,0.002,7.95
31/07/2026 18:28,16.75,0.002,7.95
31/07/2026 17:58,17.375,0.002,7.95
31/07/2026 17:28,17.5,0.002,7.95
31/07/2026 16:58,17,0.002,7.94
31/07/2026 16:28,17,0.002,7.94
31/07/2026 15:58,17.625,0.002,7.94
31/07/2026 15:28,16.375,0.002,7.93
31/07/2026 14:58,16.25,0.002,7.93
31/07/2026 14:28,16.125,0.002,7.93
31/07/2026 13:58,15.75,0.002,7.92
31/07/2026 13:28,15.75,0.002,7.92
31/07/2026 12:58,15.625,0.002,7.91
31/07/2026 12:28,15.375,0.002,7.91
31/07/2026 12:28,15.375,0.002,7.91
31/07/2026 11:58,15.125,0.002,7.91
31/07/2026 11:28,14.625,0.002,7.9
31/07/2026 10:58,13.75,0.002,7.9
31/07/2026 10:28,15.125,0.002,7.9
31/07/2026 09:58,15.75,0.002,7.9
31/07/2026 09:28,16,0.002,7.9
31/07/2026 08:58,15.75,0.002,7.89
31/07/2026 08:28,15.625,0.002,7.89
31/07/2026 07:58,15.5,0.002,7.88
31/07/2026 07:28,15.5,0.002,7.88
31/07/2026 06:58,15.5,0.002,7.88
31/07/2026 06:28,15.375,0.002,7.88
31/07/2026 05:58,15,0.002,7.88
31/07/2026 05:28,15.25,0.002,7.88
31/07/2026 04:58,15,0.002,7.88
31/07/2026 04:28,14.75,0.002,7.88
31/07/2026 03:58,14.75,0.002,7.89
31/07/2026 03:28,14.625,0.002,7.89
31/07/2026 02:58,14.25,0.002,7.89
31/07/2026 02:28,14.25,0.002,7.89
31/07/2026 01:58,15,0.002,7.9
31/07/2026 01:28,15.625,0.002,7.9
31/07/2026 00:58,16.25,0.002,7.9
31/07/2026 00:28,16,0.002,7.9
30/07/2026 23:58,15.875,0.002,7.91
30/07/2026 23:28,15.75,0.002,7.91
30/07/2026 22:58,15.625,0.002,7.91
30/07/2026 22:28,15.375,0.002,7.91
30/07/2026 21:58,15.375,0.002,7.91
30/07/2026 21:28,15.25,0.002,7.91
30/07/2026 20:58,14.875,0.002,7.91
30/07/2026 20:28,14.75,0.002,7.92
30/07/2026 19:58,14.75,0.002,7.92
30/07/2026 19:28,15.375,0.002,7.92
30/07/2026 18:58,16,0.002,7.93
30/07/2026 18:28,16.5,0.002,7.94
30/07/2026 17:58,17.125,0.002,7.94
30/07/2026 17:28,16.875,0.002,7.94
30/07/2026 16:58,16.875,0.002,7.93
30/07/2026 16:28,15.75,0.002,7.93
30/07/2026 15:58,16.5,0.002,7.92
30/07/2026 15:28,16.125,0.002,7.92
30/07/2026 14:58,16.125,0.002,7.91
30/07/2026 14:28,15.75,0.002,7.91
30/07/2026 13:58,16.5,0.002,7.9
30/07/2026 13:28,15.375,0.002,7.9
30/07/2026 12:58,15.125,0.002,7.89
30/07/2026 12:28,13.875,0.002,7.89
30/07/2026 11:58,14.375,0.002,7.88
30/07/2026 11:28,14,0.002,7.88
30/07/2026 10:58,14,0.002,7.88
30/07/2026 10:28,14.375,0.002,7.88
30/07/2026 09:58,15.125,0.002,7.88
30/07/2026 09:28,14.75,0.002,7.88
30/07/2026 08:58,15.875,0.002,7.88
30/07/2026 08:28,16,0.002,7.87
30/07/2026 07:58,15.875,0.002,7.87
30/07/2026 07:28,15.625,0.002,7.87
30/07/2026 06:58,15.5,0.002,7.87
30/07/2026 06:28,15.375,0.002,7.87
30/07/2026 05:58,15.375,0.002,7.87
30/07/2026 05:28,15.125,0.002,7.87
30/07/2026 04:58,14.875,0.002,7.87
30/07/2026 04:28,15.625,0.002,7.87
30/07/2026 03:58,14.625,0.002,7.87
30/07/2026 03:28,14.5,0.002,7.87
30/07/2026 02:58,14.25,0.002,7.87
30/07/2026 02:28,14.25,0.002,7.88
30/07/2026 01:58,15.25,0.002,7.88
30/07/2026 01:28,15.875,0.002,7.89
30/07/2026 00:58,16.25,0.002,7.89
30/07/2026 00:28,16.25,0.002,7.89
29/07/2026 23:58,16,0.002,7.89
29/07/2026 23:28,15.875,0.002,7.89
29/07/2026 22:58,15.75,0.002,7.88
29/07/2026 22:58,15.75,0.002,7.88
29/07/2026 22:28,16,0.002,7.88
29/07/2026 21:58,15.625,0.002,7.89
29/07/2026 21:28,15.5,0.002,7.89
29/07/2026 20:58,15.25,0.002,7.89
29/07/2026 20:28,15.125,0.002,7.9
29/07/2026 19:58,15.125,0.002,7.9
29/07/2026 19:28,15.75,0.002,7.9
29/07/2026 18:58,16.25,0.002,7.91
29/07/2026 18:28,16.875,0.002,7.91
29/07/2026 18:28,16.875,0.002,7.91
29/07/2026 17:58,17.75,0.002,7.92
29/07/2026 17:28,17.75,0.002,7.91
29/07/2026 16:58,17.625,0.002,7.91
29/07/2026 16:28,17.125,0.002,7.9
29/07/2026 15:58,17.25,0.002,7.89
29/07/2026 15:28,16.75,0.002,7.89
29/07/2026 14:58,16.625,0.002,7.88
29/07/2026 14:28,16.375,0.002,7.88
29/07/2026 13:58,16.25,0.002,7.87
29/07/2026 13:28,16.125,0.002,7.86
29/07/2026 12:58,15.875,0.002,7.86
29/07/2026 12:28,14.75,0.002,7.85
29/07/2026 11:58,15.5,0.002,7.84
29/07/2026 11:58,15.5,0.002,7.84
29/07/2026 11:28,15.25,0.002,7.84
29/07/2026 10:58,15,0.002,7.84
29/07/2026 10:28,15.75,0.002,7.84
29/07/2026 09:58,15.875,0.002,7.83
29/07/2026 09:28,16,0.002,7.83
29/07/2026 08:58,15.75,0.002,7.82
29/07/2026 08:28,16.625,0.002,7.81
29/07/2026 07:58,15.5,0.002,7.81
29/07/2026 07:28,15.375,0.002,7.8
29/07/2026 06:58,15.375,0.002,7.8
29/07/2026 06:28,14.875,0.002,7.8
29/07/2026 05:58,14.875,0.002,7.8
29/07/2026 05:28,14.5,0.002,7.8
29/07/2026 04:58,14.375,0.002,7.8
29/07/2026 04:58,14.375,0.002,7.8
29/07/2026 04:28,14.375,0.002,7.8
29/07/2026 03:58,14,0.002,7.8
29/07/2026 03:28,13.75,0.002,7.8
29/07/2026 02:58,14.5,0.002,7.8
29/07/2026 02:28,15.5,0.002,7.81
29/07/2026 01:58,16.125,0.002,7.81
29/07/2026 01:28,15.875,0.002,7.81
29/07/2026 00:58,15.875,0.002,7.8
29/07/2026 00:58,15.875,0.002,7.8
29/07/2026 00:28,15.75,0.002,7.8
29/07/2026 00:28,15.75,0.002,7.8
28/07/2026 23:58,15.75,0.002,7.8
28/07/2026 23:28,15.625,0.002,7.8
28/07/2026 22:58,15.375,0.002,7.8
28/07/2026 22:28,15.25,0.002,7.8
28/07/2026 21:58,15.25,0.002,7.8
28/07/2026 21:28,14.875,0.002,7.79
28/07/2026 20:58,13.75,0.002,7.79
28/07/2026 20:28,14.625,0.002,7.79
28/07/2026 19:58,14.375,0.002,7.79
28/07/2026 19:28,15.375,0.002,7.8
28/07/2026 18:58,15.875,0.002,7.8
28/07/2026 18:28,16.375,0.002,7.8
28/07/2026 17:58,17.125,0.002,7.79
28/07/2026 17:28,17,0.002,7.79
28/07/2026 16:58,16.75,0.002,7.78
28/07/2026 16:28,16.5,0.002,7.78
28/07/2026 15:58,16.375,0.002,7.77
28/07/2026 15:28,16.25,0.002,7.76
28/07/2026 14:58,16.125,0.002,7.76
28/07/2026 14:28,15.75,0.002,7.76
28/07/2026 13:58,16.625,0.002,7.76
28/07/2026 13:28,15.625,0.002,7.76
28/07/2026 12:58,15,0.002,7.77
28/07/2026 12:28,15,0.002,7.79
28/07/2026 11:58,14.5,0.002,7.81
28/07/2026 11:28,14,0.002,7.84
28/07/2026 10:58,14.125,0.002,7.87
28/07/2026 10:28,14.375,0.002,7.89
28/07/2026 09:58,15,0.002,7.91
28/07/2026 09:28,15.75,0.002,7.93
28/07/2026 08:58,16.375,0.002,7.93
28/07/2026 08:28,16.875,0.002,7.93
28/07/2026 07:58,16.75,0.002,7.93
28/07/2026 07:28,16.5,0.002,7.92
28/07/2026 06:58,16.5,0.002,7.93
28/07/2026 06:28,16.375,0.002,7.92
28/07/2026 05:58,16.375,0.002,7.93
28/07/2026 05:28,16.375,0.002,7.93
28/07/2026 04:58,16.125,0.002,7.93
28/07/2026 04:28,16.125,0.002,7.93
28/07/2026 03:58,16.125,0.002,7.93
28/07/2026 03:28,16.25,0.002,7.93
28/07/2026 02:58,16.125,0.002,7.94
28/07/2026 02:28,16.125,0.002,7.94
28/07/2026 01:58,16,0.002,7.94
28/07/2026 01:28,15.875,0.002,7.94
28/07/2026 00:58,16,0.002,7.94
28/07/2026 00:28,16,0.002,7.94
27/07/2026 23:58,16,0.002,7.94
27/07/2026 23:28,15.75,0.002,7.95
27/07/2026 22:58,15.625,0.002,7.95
27/07/2026 22:58,15.625,0.002,7.95
27/07/2026 22:28,15.5,0.002,7.95
27/07/2026 21:58,15.375,0.002,7.95
27/07/2026 21:28,15.125,0.002,7.95
27/07/2026 20:58,15,0.002,7.95
27/07/2026 20:28,15.625,0.002,7.95
27/07/2026 20:28,15.625,0.002,7.95
27/07/2026 19:58,14.875,0.002,7.96
27/07/2026 19:28,15.625,0.002,7.97
27/07/2026 18:58,15.875,0.002,7.97
27/07/2026 18:28,15.75,0.002,7.97
27/07/2026 17:58,17.375,0.002,7.98
27/07/2026 17:28,17.5,0.002,7.97
27/07/2026 16:58,17.375,0.002,7.97
27/07/2026 16:28,17,0.002,7.97
27/07/2026 15:58,16.875,0.002,7.96
27/07/2026 15:28,17.625,0.002,7.96
27/07/2026 14:58,16.5,0.002,7.96
27/07/2026 14:28,16.125,0.002,7.95
27/07/2026 13:58,16.25,0.002,7.95
27/07/2026 13:28,16,0.002,7.95
27/07/2026 12:58,16,0.002,7.94
27/07/2026 12:28,15.5,0.002,7.93
27/07/2026 11:58,15.375,0.002,7.93
27/07/2026 11:28,15.125,0.002,7.93
27/07/2026 11:28,15.125,0.002,7.93
27/07/2026 10:58,15.25,0.002,7.93
27/07/2026 10:28,14.875,0.002,7.93
27/07/2026 09:58,16.125,0.002,7.92
27/07/2026 09:28,15.875,0.002,7.92
27/07/2026 08:58,15.875,0.002,7.92
27/07/2026 08:28,15.75,0.002,7.91
27/07/2026 07:58,15.625,0.002,7.91
27/07/2026 07:28,15.375,0.002,7.91
27/07/2026 06:58,15.375,0.002,7.9
27/07/2026 06:28,15.25,0.002,7.91
27/07/2026 05:58,15.125,0.002,7.91
27/07/2026 05:28,14.75,0.002,7.91
27/07/2026 05:28,14.75,0.002,7.91
27/07/2026 04:58,14.75,0.002,7.91
27/07/2026 04:28,14.75,0.002,7.91
27/07/2026 03:58,14.5,0.002,7.92
27/07/2026 03:28,14.5,0.002,7.91
27/07/2026 02:58,14,0.002,7.92
27/07/2026 02:28,14.125,0.002,7.92
27/07/2026 01:58,15.125,0.002,7.93
27/07/2026 01:28,15.875,0.002,7.93
27/07/2026 00:58,16.25,0.002,7.93
27/07/2026 00:28,16.125,0.002,7.93
26/07/2026 23:58,16,0.002,7.93
26/07/2026 23:28,16,0.002,7.94
26/07/2026 22:58,15.875,0.002,7.94
26/07/2026 22:28,15.875,0.002,7.94
26/07/2026 21:58,16.625,0.002,7.94
26/07/2026 21:28,15.625,0.002,7.94
26/07/2026 20:58,15.375,0.002,7.94
26/07/2026 20:28,15.125,0.002,7.94
26/07/2026 19:58,15.125,0.002,7.95
26/07/2026 19:28,15.75,0.002,7.95
26/07/2026 18:58,16.375,0.002,7.96
26/07/2026 18:28,16.875,0.002,7.96
26/07/2026 17:58,17.375,0.002,7.96
26/07/2026 17:28,17.25,0.002,7.96
26/07/2026 16:58,17.125,0.002,7.95
26/07/2026 16:28,17,0.002,7.95
26/07/2026 15:58,16.875,0.002,7.95
26/07/2026 15:58,16.875,0.002,7.95
26/07/2026 15:28,16.5,0.002,7.95
26/07/2026 14:58,16.25,0.002,7.94
26/07/2026 14:28,16.25,0.002,7.94
26/07/2026 13:58,16.125,0.002,7.93
26/07/2026 13:28,16,0.002,7.93
26/07/2026 12:58,15.875,0.002,7.93
26/07/2026 12:28,15.625,0.002,7.92
26/07/2026 11:58,15.25,0.002,7.92
26/07/2026 11:28,15.25,0.002,7.91
26/07/2026 10:58,15.25,0.002,7.91
26/07/2026 10:28,15.75,0.002,7.91
26/07/2026 09:58,16,0.002,7.91
26/07/2026 09:28,15.875,0.002,7.9
26/07/2026 08:58,15.75,0.002,7.9
26/07/2026 08:28,15.625,0.002,7.9
26/07/2026 07:58,15.5,0.002,7.89
26/07/2026 07:28,15.25,0.002,7.89
26/07/2026 07:28,15.25,0.002,7.89
26/07/2026 06:58,15.25,0.002,7.89
26/07/2026 06:28,15.125,0.002,7.89
26/07/2026 05:58,15.125,0.002,7.89
26/07/2026 05:28,14.75,0.002,7.89
26/07/2026 04:58,14.875,0.002,7.89
26/07/2026 04:28,14.75,0.002,7.89
26/07/2026 03:58,14.375,0.002,7.89
26/07/2026 03:28,14.5,0.002,7.9
26/07/2026 02:58,14,0.002,7.9
26/07/2026 02:28,14.125,0.001,7.9
26/07/2026 01:58,15.25,0.001,7.91
26/07/2026 01:28,16,0.001,7.91
26/07/2026 00:58,16.125,0.001,7.91
26/07/2026 00:28,16.125,0.001,7.92
25/07/2026 23:58,16,0.001,7.92
25/07/2026 23:28,15.75,0.001,7.92
25/07/2026 22:58,15.875,0.001,7.92
25/07/2026 22:28,15.75,0.001,7.92
25/07/2026 21:58,15.75,0.001,7.92
25/07/2026 21:28,15.625,0.001,7.92
25/07/2026 20:58,15.25,0.001,7.92
25/07/2026 20:28,15.25,0.001,7.93
25/07/2026 19:58,15.125,0.001,7.93
25/07/2026 19:28,16.625,0.001,7.94
25/07/2026 18:58,16.125,0.001,7.94
25/07/2026 18:28,16.875,0.001,7.95
25/07/2026 17:58,17.625,0.001,7.94
25/07/2026 17:28,17.5,0.001,7.94
25/07/2026 16:58,17.25,0.001,7.94
25/07/2026 16:58,17.25,0.001,7.94
25/07/2026 16:28,17.125,0.001,7.93
25/07/2026 15:58,17,0.001,7.93
25/07/2026 15:28,16.75,0.001,7.92
25/07/2026 14:58,15.75,0.001,7.92
25/07/2026 14:54,16.625,0.001,7.92
25/07/2026 14:28,16.375,0.001,7.91
25/07/2026 13:58,16.375,0.001,7.91
25/07/2026 13:28,16.25,0.001,7.91
25/07/2026 12:58,16,0.001,7.9
25/07/2026 12:28,15.875,0.001,7.89
25/07/2026 11:58,15.75,0.001,7.89
25/07/2026 11:28,15.375,0.001,7.89
25/07/2026 10:58,15.375,0.001,7.89
25/07/2026 10:58,15.375,0.001,7.89
25/07/2026 10:28,15.875,0.001,7.88
25/07/2026 09:58,16,0.001,7.88
25/07/2026 09:28,15.875,0.001,7.87
25/07/2026 09:28,15.875,0.001,7.87
25/07/2026 08:58,15.875,0.001,7.87
25/07/2026 08:28,15.625,0.001,7.86
25/07/2026 07:58,15.625,0.001,7.86
25/07/2026 07:28,15.5,0.001,7.86
25/07/2026 06:58,15.25,0.001,7.86
25/07/2026 06:28,15.125,0.001,7.86
25/07/2026 05:58,15.125,0.001,7.86
25/07/2026 05:58,15.125,0.001,7.86
25/07/2026 05:28,14.75,0.001,7.86
25/07/2026 04:58,13.875,0.001,7.86
25/07/2026 04:28,14.5,0.001,7.86
25/07/2026 03:58,13.75,0.001,7.86
25/07/2026 03:28,14.625,0.001,7.86
25/07/2026 02:58,14,0.001,7.86
25/07/2026 02:28,14.375,0.001,7.86
25/07/2026 01:58,15.25,0.001,7.87
25/07/2026 01:28,15.875,0.001,7.87
25/07/2026 00:58,16.25,0.001,7.87
25/07/2026 00:28,16.125,0.001,7.88
24/07/2026 23:58,15.875,0.001,7.87
24/07/2026 23:28,16,0.001,7.87
24/07/2026 22:58,16,0.001,7.87
24/07/2026 22:28,15.75,0.001,7.87
24/07/2026 21:58,14.75,0.001,7.87
24/07/2026 21:28,15.625,0.001,7.87
24/07/2026 20:58,15.125,0.001,7.87
24/07/2026 20:28,15,0.001,7.87
24/07/2026 19:58,15.125,0.001,7.87
24/07/2026 19:28,14.75,0.001,7.88
24/07/2026 18:58,16.25,0.001,7.88
24/07/2026 18:28,16.75,0.001,7.88
24/07/2026 18:28,16.75,0.001,7.88
24/07/2026 17:58,17.625,0.001,7.88
24/07/2026 17:58,17.625,0.001,7.88
24/07/2026 17:28,17.5,0.001,7.88
24/07/2026 16:58,17.25,0.001,7.87
24/07/2026 16:28,17,0.001,7.86
24/07/2026 15:58,16.75,0.001,7.86
24/07/2026 15:28,16.625,0.001,7.85
24/07/2026 14:58,16.375,0.001,7.84
24/07/2026 14:28,16.375,0.001,7.84
24/07/2026 13:58,16,0.001,7.83
24/07/2026 13:28,15.875,0.001,7.83
24/07/2026 12:58,15.75,0.001,7.82
24/07/2026 12:28,15.625,0.001,7.82
24/07/2026 11:58,15.375,0.001,7.82
24/07/2026 11:28,15.125,0.001,7.82
24/07/2026 10:58,15,0.001,7.83
24/07/2026 10:28,15.5,0.001,7.85
24/07/2026 09:58,15.875,0.001,7.86
24/07/2026 09:28,15.75,0.001,7.88
24/07/2026 08:58,15.875,0.001,7.89
24/07/2026 08:28,16.625,0.001,7.89
24/07/2026 07:58,15.5,0.001,7.88
24/07/2026 07:28,15.375,0.001,7.88
24/07/2026 06:58,15.125,0.001,7.88
24/07/2026 06:58,15.125,0.001,7.88
24/07/2026 06:28,15,0.001,7.88
24/07/2026 05:58,14.875,0.001,7.88
24/07/2026 05:28,14.75,0.001,7.88
24/07/2026 04:58,14.75,0.001,7.88
24/07/2026 04:28,14.5,0.001,7.88
24/07/2026 03:58,14.25,0.001,7.88
24/07/2026 03:28,14,0.001,7.88
24/07/2026 02:58,14,0.001,7.88
24/07/2026 02:28,14.5,0.001,7.88
24/07/2026 01:58,15.375,0.001,7.89
24/07/2026 01:28,16,0.001,7.89
24/07/2026 01:28,16,0.001,7.89
24/07/2026 00:58,16.375,0.001,7.9
24/07/2026 00:58,16.375,0.001,7.9
24/07/2026 00:28,16.25,0.001,7.9
24/07/2026 00:28,16.25,0.001,7.9
23/07/2026 23:58,16.125,0.001,7.9
23/07/2026 23:28,16.125,0.001,7.9
23/07/2026 22:58,15.875,0.001,7.9
23/07/2026 22:28,15.75,0.001,7.9
23/07/2026 21:58,15.75,0.001,7.9
23/07/2026 21:28,15.625,0.001,7.9
23/07/2026 20:58,15.375,0.001,7.9
23/07/2026 20:28,15.375,0.001,7.9
23/07/2026 19:58,15.375,0.001,7.9
23/07/2026 19:28,15.875,0.001,7.9
23/07/2026 18:58,16.375,0.001,7.91
23/07/2026 18:28,17.375,0.001,7.91
23/07/2026 17:58,18,0.001,7.91
23/07/2026 17:28,18.125,0.001,7.9
23/07/2026 16:58,18,0.001,7.9
23/07/2026 16:28,17.625,0.001,7.89
23/07/2026 15:58,17.625,0.001,7.89
23/07/2026 15:28,17.375,0.001,7.88
23/07/2026 14:58,17.125,0.001,7.88
23/07/2026 14:28,17,0.001,7.87
23/07/2026 13:58,15.75,0.001,7.87
23/07/2026 13:28,16.625,0.001,7.86
23/07/2026 12:58,16.375,0.001,7.86
23/07/2026 12:28,16.25,0.001,7.86
23/07/2026 11:58,16,0.001,7.85
23/07/2026 11:28,15.875,0.001,7.85
23/07/2026 10:58,15.625,0.001,7.85
23/07/2026 10:28,15.25,0.001,7.86
23/07/2026 09:58,15.375,0.001,7.87
23/07/2026 09:28,15.625,0.001,7.89
23/07/2026 08:58,16.125,0.001,7.9
23/07/2026 08:28,16.875,0.001,7.91
23/07/2026 07:58,17.75,0.001,7.92
23/07/2026 07:28,18.25,0.001,7.91
23/07/2026 06:58,18.25,0.001,7.91
23/07/2026 06:28,18.25,0.001,7.91
23/07/2026 05:58,18.25,0.001,7.91
23/07/2026 05:28,18.125,0.001,7.91
23/07/2026 04:58,18.25,0.001,7.91
23/07/2026 04:28,18.25,0.001,7.91
23/07/2026 03:58,18.375,0.001,7.91
23/07/2026 03:28,18.5,0.001,7.91
23/07/2026 02:58,18.5,0.001,7.91
23/07/2026 02:28,18.5,0.001,7.91
23/07/2026 01:58,18.625,0.001,7.91
23/07/2026 01:28,19.625,0.001,7.91
23/07/2026 00:58,17.75,0.001,7.91
23/07/2026 00:58,17.75,0.001,7.91
23/07/2026 00:28,18.75,0.001,7.91
22/07/2026 23:58,18.75,0.001,7.91
22/07/2026 23:28,19,0.001,7.91
22/07/2026 22:58,19,0.001,7.91
22/07/2026 22:28,19,0.001,7.91
22/07/2026 21:58,19,0.001,7.91
22/07/2026 21:28,19.125,0.001,7.91
22/07/2026 20:58,19.25,0.001,7.91
22/07/2026 20:28,19,0.001,7.92
22/07/2026 19:58,19,0.001,7.92
22/07/2026 19:28,19.125,0.001,7.92
22/07/2026 18:58,19.25,0.001,7.92
22/07/2026 18:28,19.25,0.001,7.92
22/07/2026 17:58,19,0.001,7.91
22/07/2026 17:28,19,0.001,7.9
22/07/2026 16:58,18.875,0.001,7.9
22/07/2026 16:28,18.75,0.001,7.89
22/07/2026 15:58,18.5,0.001,7.89
22/07/2026 15:28,18.375,0.001,7.88
22/07/2026 14:58,18.375,0.001,7.87
22/07/2026 14:28,18.125,0.001,7.87
22/07/2026 14:28,18.125,0.001,7.87
22/07/2026 13:58,17,0.001,7.87
22/07/2026 13:28,17.75,0.001,7.87
22/07/2026 12:58,17.375,0.001,7.87
22/07/2026 12:28,17.25,0.001,7.87
22/07/2026 11:58,16.875,0.001,7.88
22/07/2026 11:28,17,0.001,7.89
22/07/2026 10:58,16.875,0.001,7.9
22/07/2026 10:28,16.125,0.001,7.92
22/07/2026 09:58,15.875,0.001,7.93
22/07/2026 09:58,15.875,0.001,7.93
22/07/2026 09:28,15.75,0.001,7.93
22/07/2026 09:28,15.75,0.001,7.93
22/07/2026 08:58,15.875,0.001,7.95
22/07/2026 08:28,16.375,0.001,7.96
22/07/2026 08:28,16.375,0.001,7.96
22/07/2026 07:58,16.125,0.001,7.97
22/07/2026 07:28,16.125,0.001,7.96
22/07/2026 06:58,16.25,0.001,7.96
22/07/2026 06:28,16.125,0.001,7.96
22/07/2026 05:58,16.125,0.001,7.97
22/07/2026 05:28,16.125,0.001,7.97
22/07/2026 04:58,16,0.001,7.97
22/07/2026 04:28,16.125,0.001,7.97
22/07/2026 03:58,16,0.001,7.97
22/07/2026 03:58,16,0.001,7.97
22/07/2026 03:28,15.875,0.001,7.97
22/07/2026 02:58,15.875,0.001,7.97
22/07/2026 02:28,15.875,0.001,7.98
22/07/2026 01:58,15.75,0.001,7.98
22/07/2026 01:28,15.75,0.001,7.98
22/07/2026 00:58,15.5,0.001,7.98
22/07/2026 00:28,15.625,0.001,7.98
21/07/2026 23:58,15.5,0.001,7.98
21/07/2026 23:28,15.375,0.001,7.99
21/07/2026 22:58,15.25,0.001,7.99
21/07/2026 22:28,15.25,0.001,7.99
21/07/2026 21:58,15.125,0.001,7.99
21/07/2026 21:28,14.75,0.001,7.99
21/07/2026 21:28,14.75,0.001,7.99
21/07/2026 20:58,14.5,0.001,7.99
21/07/2026 20:28,14.125,0.001,7.99
21/07/2026 19:58,13.75,0.001,8
21/07/2026 19:28,14.375,0.001,8
21/07/2026 18:58,15.125,0.001,8
21/07/2026 18:58,15.125,0.001,8
21/07/2026 18:28,15.875,0.001,8.01
21/07/2026 17:58,16.625,0.001,8.01
21/07/2026 17:28,16.5,0.001,8.01
21/07/2026 16:58,16.375,0.001,8.01
21/07/2026 16:28,16.375,0.001,8.01
21/07/2026 15:58,16.25,0.001,8
21/07/2026 15:28,16,0.001,8
21/07/2026 14:58,15.875,0.001,8
21/07/2026 14:28,15.875,0.001,7.99
21/07/2026 13:58,15.375,0.001,7.99
21/07/2026 13:28,15.125,0.001,7.99
21/07/2026 12:58,15.125,0.001,7.99
21/07/2026 12:28,15.625,0.001,7.98
21/07/2026 11:58,14.375,0.001,7.98
21/07/2026 11:28,14.125,0.001,7.98
21/07/2026 10:58,13.625,0.001,7.97
21/07/2026 10:28,14.125,0.001,7.98
21/07/2026 09:58,14.875,0.001,7.98
21/07/2026 09:28,15.625,0.001,7.97
21/07/2026 08:58,16.125,0.001,7.97
21/07/2026 08:28,16.625,0.001,7.97
21/07/2026 07:58,16.375,0.001,7.97
21/07/2026 07:28,16.125,0.001,7.96
21/07/2026 06:58,16.125,0.001,7.97
21/07/2026 06:28,16.25,0.001,7.96
21/07/2026 05:58,16.25,0.001,7.97
21/07/2026 05:28,16.25,0.001,7.97
21/07/2026 04:58,16.125,0.001,7.97
21/07/2026 04:28,16,0.001,7.97
21/07/2026 03:58,16,0.001,7.97
21/07/2026 03:28,16,0.001,7.97
21/07/2026 02:58,15.875,0.001,7.98
21/07/2026 02:28,16,0.001,7.98
21/07/2026 01:58,15.875,0.001,7.98
21/07/2026 01:28,15.875,0.001,7.98
21/07/2026 00:58,15.75,0.001,7.98
21/07/2026 00:28,14.75,0.001,7.98
20/07/2026 23:58,15.625,0.001,7.98
20/07/2026 23:28,15.375,0.001,7.99
20/07/2026 22:58,15.25,0.001,7.99
20/07/2026 22:28,15.125,0.001,7.99
20/07/2026 21:58,14.875,0.001,7.99
20/07/2026 21:28,14.875,0.001,7.99
20/07/2026 20:58,15.625,0.001,7.99
20/07/2026 20:28,14.5,0.001,7.99
20/07/2026 19:58,14.375,0.001,8
20/07/2026 19:28,15.25,0.001,8
20/07/2026 18:58,15.875,0.001,8.01
20/07/2026 18:28,16.625,0.001,8.01
20/07/2026 17:58,17.5,0.001,8.02
20/07/2026 17:28,17.5,0.001,8.01
20/07/2026 16:58,17.375,0.001,8.01
20/07/2026 16:28,17,0.001,8.01
20/07/2026 15:58,17,0.001,8.01
20/07/2026 15:28,16.625,0.001,8
20/07/2026 14:58,17.5,0.001,8
20/07/2026 14:28,16.375,0.001,8
20/07/2026 13:58,16.125,0.001,7.99
20/07/2026 13:58,16.125,0.001,7.99
20/07/2026 13:28,16,0.001,7.99
20/07/2026 12:58,15.875,0.001,7.99
20/07/2026 12:28,16.5,0.001,7.98
20/07/2026 11:58,15.375,0.001,7.98
20/07/2026 11:28,15.125,0.001,7.98
20/07/2026 10:58,15,0.001,7.98
20/07/2026 10:28,16.625,0.001,7.98
20/07/2026 09:58,15.75,0.001,7.98
20/07/2026 09:28,14.75,0.001,7.98
20/07/2026 08:58,15.25,0.001,7.97
20/07/2026 08:28,15.375,0.001,7.97
20/07/2026 07:58,15.125,0.001,7.97
20/07/2026 07:28,15,0.001,7.97
20/07/2026 07:28,15,0.001,7.97
20/07/2026 06:58,15,0.001,7.97
20/07/2026 06:28,14.75,0.001,7.97
20/07/2026 05:58,14.375,0.001,7.97
20/07/2026 05:28,14.375,0.001,7.97
20/07/2026 04:58,14.5,0.001,7.97
20/07/2026 04:28,13.875,0.001,7.97
20/07/2026 03:58,13.875,0.001,7.97
20/07/2026 03:28,14,0.001,7.98
20/07/2026 02:58,14.5,0.001,7.98
20/07/2026 02:28,15.5,0.001,7.98
20/07/2026 01:58,15.875,0.001,7.99
20/07/2026 01:28,15.875,0.001,7.99
20/07/2026 01:28,15.875,0.001,7.99
20/07/2026 00:58,15.75,0.001,7.99
20/07/2026 00:28,14.75,0.001,7.99
19/07/2026 23:58,15.5,0.001,7.99
19/07/2026 23:28,15.25,0.001,8
19/07/2026 22:58,15.375,0.001,8
19/07/2026 22:28,15.125,0.001,8
19/07/2026 21:58,14.875,0.001,8
19/07/2026 21:28,13.875,0.001,8
19/07/2026 20:58,14.375,0.001,8.01
19/07/2026 20:58,14.375,0.001,8.01
19/07/2026 20:28,14.375,0.001,8.01
19/07/2026 19:58,14.375,0.001,8.01
19/07/2026 19:28,15.125,0.001,8.02
19/07/2026 18:58,15.75,0.001,8.02
19/07/2026 18:28,16.125,0.001,8.03
19/07/2026 17:58,16.875,0.001,8.03
19/07/2026 17:28,16.75,0.001,8.03
19/07/2026 16:58,15.75,0.001,8.03
19/07/2026 16:28,16.5,0.001,8.02
19/07/2026 15:58,16.375,0.001,8.02
19/07/2026 15:28,16.125,0.001,8.02
19/07/2026 14:58,16,0.001,8.01
19/07/2026 14:28,15.875,0.001,8.01
19/07/2026 13:58,16.625,0.001,8
19/07/2026 13:28,15.625,0.001,8
19/07/2026 12:58,15.25,0.001,8
19/07/2026 12:28,15.875,0.001,8
19/07/2026 11:58,17.5,0.001,8
19/07/2026 11:28,17,0.001,8
19/07/2026 10:58,16.875,0.001,7.99
19/07/2026 10:28,16.875,0.001,7.99
19/07/2026 09:58,15.75,0.001,7.98
19/07/2026 09:28,15.75,0.001,7.98
19/07/2026 08:58,16.375,0.001,7.98
19/07/2026 08:28,16.375,0.001,7.97
19/07/2026 07:58,16.375,0.001,7.97
19/07/2026 07:28,16.125,0.001,7.97
19/07/2026 06:58,16,0.001,7.96
19/07/2026 06:28,15.75,0.001,7.97
19/07/2026 05:58,15.875,0.001,7.97
19/07/2026 05:28,16.125,0.001,7.97
19/07/2026 04:58,16,0.001,7.97
19/07/2026 04:28,15.875,0.001,7.97
19/07/2026 03:58,16,0.001,7.97
19/07/2026 03:28,15.75,0.001,7.97
19/07/2026 02:58,15.875,0.001,7.97
19/07/2026 02:28,15.875,0.001,7.98
19/07/2026 01:58,15.75,0.001,7.98
19/07/2026 01:28,14.875,0.001,7.98
19/07/2026 00:58,15.5,0.001,7.98
19/07/2026 00:28,15.625,0.001,7.98
18/07/2026 23:58,15.375,0.001,7.98
18/07/2026 23:28,15.375,0.001,7.98
18/07/2026 22:58,15.25,0.001,7.98
18/07/2026 22:28,15,0.001,7.98
18/07/2026 21:58,15.375,0.001,7.99
18/07/2026 21:58,15.375,0.001,7.99
18/07/2026 21:28,15.875,0.001,7.99
18/07/2026 20:58,16.125,0.001,8
18/07/2026 20:28,16.75,0.001,8
18/07/2026 19:58,17.5,0.001,8.01
18/07/2026 19:28,17.625,0.001,8.02
18/07/2026 18:58,17.625,0.001,8.02
18/07/2026 18:28,17.375,0.001,8.02
18/07/2026 17:58,16.75,0.001,8.02
18/07/2026 17:28,17.375,0.001,8.01
18/07/2026 16:58,17.125,0.001,8.01
18/07/2026 16:28,17.125,0.001,8.01
18/07/2026 15:58,17,0.001,8
18/07/2026 15:28,16.875,0.001,8
18/07/2026 14:58,16.75,0.001,8
18/07/2026 14:28,16.5,0.001,7.99
18/07/2026 13:58,16.25,0.001,7.99
18/07/2026 13:28,16.25,0.001,7.98
18/07/2026 12:58,16,0.001,7.97
18/07/2026 12:58,16,0.001,7.97
18/07/2026 12:28,15.875,0.001,7.97
18/07/2026 11:58,14.75,0.001,7.96
18/07/2026 11:28,15.5,0.001,7.96
18/07/2026 10:58,15.625,0.001,7.96
18/07/2026 10:28,16,0.001,7.96
18/07/2026 09:58,17,0.001,7.96
18/07/2026 09:28,17.125,0.001,7.95
18/07/2026 08:58,16.75,0.001,7.95
18/07/2026 08:28,16.625,0.001,7.94
18/07/2026 07:58,16.375,0.001,7.94
18/07/2026 07:28,16.375,0.001,7.94
18/07/2026 06:58,16.5,0.001,7.93
18/07/2026 06:28,16.25,0.001,7.94
18/07/2026 05:58,16.375,0.001,7.94
18/07/2026 05:28,16.125,0.001,7.94
18/07/2026 04:58,16.375,0.001,7.94
18/07/2026 04:28,16.25,0.001,7.94
18/07/2026 03:58,16.25,0.001,7.94
18/07/2026 03:28,16.125,0.001,7.94
18/07/2026 02:58,16.125,0.001,7.94
18/07/2026 02:28,15.875,0.001,7.94
18/07/2026 01:58,16,0.001,7.95
18/07/2026 01:58,16,0.001,7.95
18/07/2026 01:28,16,0.001,7.95
18/07/2026 00:58,15.75,0.001,7.95
18/07/2026 00:28,16,0.001,7.95
17/07/2026 23:58,15.875,0.001,7.95
17/07/2026 23:28,15.75,0.001,7.95
17/07/2026 22:58,15.75,0.001,7.95
17/07/2026 22:28,15.625,0.001,7.95
17/07/2026 21:58,15.25,0.001,7.95
17/07/2026 21:28,15,0.001,7.95
17/07/2026 21:28,15,0.001,7.95
17/07/2026 20:58,15.125,0.001,7.96
17/07/2026 20:28,16.625,0.001,7.96
17/07/2026 19:58,14.75,0.001,7.96
17/07/2026 19:54,15.625,0.001,7.97
17/07/2026 19:28,16.25,0.001,7.97
17/07/2026 18:58,17,0.001,7.98
17/07/2026 18:28,17.875,0.002,7.98
17/07/2026 17:58,18,0.002,7.98
17/07/2026 17:28,18,0.002,7.98
17/07/2026 16:58,18,0.001,7.98
17/07/2026 16:28,17.5,0.002,7.97
17/07/2026 15:58,17.375,0.002,7.97
17/07/2026 15:28,17.25,0.001,7.97
17/07/2026 14:58,17.125,0.002,7.96
17/07/2026 14:28,17,0.001,7.95
17/07/2026 13:58,17,0.001,7.95
17/07/2026 13:28,16.75,0.001,7.94
17/07/2026 12:58,16.5,0.001,7.94
17/07/2026 12:28,16.375,0.001,7.93
17/07/2026 11:58,16.25,0.001,7.93
17/07/2026 11:28,16.25,0.001,7.92
17/07/2026 11:28,16.25,0.001,7.92
17/07/2026 10:58,15.875,0.001,7.92
17/07/2026 10:28,15.875,0.001,7.91
17/07/2026 09:58,15.875,0.001,7.91
17/07/2026 09:28,15.75,0.001,7.91
17/07/2026 08:58,15.625,0.001,7.9
17/07/2026 08:28,15.375,0.001,7.9
17/07/2026 07:58,15.375,0.001,7.9
17/07/2026 07:28,15.25,0.001,7.89
17/07/2026 06:58,14.875,0.001,7.89
17/07/2026 06:28,13.75,0.001,7.89
17/07/2026 05:58,14.625,0.001,7.89
17/07/2026 05:28,14.375,0.001,7.89
17/07/2026 05:28,14.375,0.001,7.89
17/07/2026 04:58,14.5,0.001,7.89
17/07/2026 04:28,14,0.001,7.89
17/07/2026 03:58,13.875,0.001,7.89
17/07/2026 03:28,13.75,0.001,7.89
17/07/2026 02:58,13.375,0.001,7.89
17/07/2026 02:58,13.375,0.001,7.89
17/07/2026 02:28,13.125,0.001,7.88
17/07/2026 01:58,13.125,0.001,7.89
17/07/2026 01:58,13.125,0.001,7.89
17/07/2026 01:28,13.375,0.001,7.89
17/07/2026 00:58,13.875,0.001,7.89
17/07/2026 00:28,14.25,0.001,7.89
16/07/2026 23:58,15,0.001,7.9
16/07/2026 23:28,15.125,0.001,7.9
16/07/2026 22:58,15.625,0.001,7.91
16/07/2026 22:28,15.875,0.001,7.91
16/07/2026 21:58,16.375,0.001,7.91
16/07/2026 21:28,15.75,0.001,7.91
16/07/2026 20:58,17.125,0.001,7.92
16/07/2026 20:28,16.75,0.002,7.93
16/07/2026 19:58,18.375,0.002,7.93
16/07/2026 19:28,18.375,0.002,7.93
16/07/2026 19:28,18.375,0.002,7.93
16/07/2026 18:58,18.125,0.002,7.93
16/07/2026 18:28,18.375,0.002,7.93
16/07/2026 17:58,18.25,0.002,7.93
16/07/2026 17:28,18.125,0.002,7.93
16/07/2026 16:58,17.875,0.002,7.92
16/07/2026 16:28,17.75,0.002,7.92
16/07/2026 15:58,17.5,0.002,7.92
16/07/2026 15:28,17.25,0.002,7.92
16/07/2026 14:58,17.125,0.002,7.92
16/07/2026 14:28,16.75,0.001,7.92
16/07/2026 13:58,16.5,0.001,7.92
16/07/2026 13:28,16.5,0.001,7.92
16/07/2026 12:58,17.125,0.002,7.93
16/07/2026 12:28,17.875,0.002,7.94
16/07/2026 11:58,18.25,0.002,7.96
16/07/2026 11:28,18.25,0.002,7.96
16/07/2026 10:58,18,0.002,7.95
16/07/2026 10:28,17.875,0.002,7.95
16/07/2026 09:58,18,0.002,7.95
16/07/2026 09:28,17.875,0.002,7.96
16/07/2026 08:58,17.875,0.002,7.95
16/07/2026 08:28,17.75,0.002,7.95
16/07/2026 07:58,16.75,0.002,7.94
16/07/2026 07:28,17.75,0.002,7.94
16/07/2026 06:58,17.5,0.002,7.94
16/07/2026 06:28,17.75,0.002,7.94
16/07/2026 05:58,16.75,0.002,7.94
16/07/2026 05:28,17.875,0.002,7.94
16/07/2026 04:58,17.75,0.002,7.94
16/07/2026 04:28,18,0.002,7.94
16/07/2026 03:58,18,0.002,7.94
16/07/2026 03:58,18,0.002,7.94
16/07/2026 03:28,17.875,0.002,7.94
16/07/2026 02:58,18,0.002,7.94
16/07/2026 02:28,18.125,0.002,7.94
16/07/2026 01:58,18.25,0.002,7.94
16/07/2026 01:28,18.25,0.002,7.94
16/07/2026 00:58,18.25,0.002,7.94
16/07/2026 00:28,18.375,0.002,7.95
15/07/2026 23:58,18.5,0.002,7.94
15/07/2026 23:28,18.375,0.002,7.95
15/07/2026 22:58,18.375,0.002,7.95
15/07/2026 22:28,18.375,0.002,7.95
15/07/2026 21:58,18.375,0.002,7.95
15/07/2026 21:28,18.5,0.002,7.95
15/07/2026 20:58,18.5,0.002,7.95
15/07/2026 20:28,18.625,0.002,7.96
15/07/2026 19:58,19.625,0.002,7.96
15/07/2026 19:28,18.875,0.002,7.96
15/07/2026 19:28,18.875,0.002,7.96
15/07/2026 18:58,18.75,0.002,7.96
15/07/2026 18:28,18.875,0.002,7.96
15/07/2026 17:58,18.875,0.002,7.96
15/07/2026 17:28,18.875,0.002,7.96
15/07/2026 16:58,18.75,0.002,7.96
15/07/2026 16:28,18.75,0.002,7.95
15/07/2026 15:58,18.625,0.002,7.95
15/07/2026 15:28,18.625,0.002,7.95
15/07/2026 14:58,18.5,0.002,7.95
15/07/2026 14:28,18.625,0.002,7.94
15/07/2026 13:58,18.5,0.002,7.94
15/07/2026 13:28,18.375,0.002,7.94
15/07/2026 12:58,18.25,0.002,7.94
15/07/2026 12:28,18.25,0.002,7.95
15/07/2026 11:58,18,0.002,7.95
15/07/2026 11:28,17.875,0.002,7.95
15/07/2026 10:58,18.125,0.002,7.95
15/07/2026 10:28,18,0.002,7.95
15/07/2026 09:58,18.625,0.002,7.95
15/07/2026 09:28,18.625,0.002,7.96
15/07/2026 08:58,17.625,0.002,7.96
15/07/2026 08:28,17.5,0.002,7.95
15/07/2026 07:58,17.625,0.002,7.95
15/07/2026 07:58,17.625,0.002,7.95
15/07/2026 07:28,17.375,0.002,7.95
15/07/2026 06:58,17.375,0.002,7.94
15/07/2026 06:28,17.375,0.002,7.95
15/07/2026 05:58,17.5,0.002,7.95
15/07/2026 05:28,17.625,0.002,7.95
15/07/2026 04:58,17.5,0.002,7.95
15/07/2026 04:28,17.5,0.002,7.94
15/07/2026 03:58,16.75,0.002,7.94
15/07/2026 03:28,17.875,0.002,7.94
15/07/2026 02:58,18,0.002,7.93
15/07/2026 02:28,17.875,0.002,7.94
15/07/2026 01:58,18.625,0.002,7.94
15/07/2026 01:28,18,0.002,7.94
15/07/2026 00:58,18,0.002,7.94
15/07/2026 00:28,18.125,0.002,7.93
14/07/2026 23:58,18.125,0.002,7.94
14/07/2026 23:28,18.25,0.002,7.94
14/07/2026 22:58,18.25,0.002,7.93
14/07/2026 22:28,18.25,0.002,7.93
14/07/2026 21:58,18.375,0.002,7.93
14/07/2026 21:28,18.375,0.002,7.94
14/07/2026 20:58,18.5,0.002,7.94
14/07/2026 20:28,18.5,0.002,7.93
14/07/2026 20:28,18.5,0.002,7.93
14/07/2026 19:58,18.5,0.002,7.93
14/07/2026 19:28,18.625,0.002,7.94
14/07/2026 18:58,18.75,0.002,7.93
14/07/2026 18:28,18.5,0.002,7.93
14/07/2026 17:58,18.625,0.002,7.93
14/07/2026 17:28,19.625,0.002,7.93
14/07/2026 16:58,18.625,0.002,7.93
14/07/2026 16:28,18.625,0.002,7.92
14/07/2026 15:58,18.5,0.002,7.93
14/07/2026 15:58,18.5,0.002,7.93
14/07/2026 15:28,18.5,0.002,7.93
14/07/2026 14:58,18.375,0.002,7.94
14/07/2026 14:28,18.5,0.002,7.94
14/07/2026 13:58,18.375,0.002,7.94
14/07/2026 13:28,18.125,0.002,7.94
14/07/2026 12:58,18.125,0.002,7.94
14/07/2026 12:28,18.25,0.002,7.93
14/07/2026 11:58,18.25,0.002,7.92
14/07/2026 11:28,18.25,0.002,7.9
14/07/2026 10:58,18.25,0.002,7.88
14/07/2026 10:28,18.375,0.002,7.85
14/07/2026 10:28,18.375,0.002,7.85
14/07/2026 09:58,18.375,0.002,7.8
14/07/2026 09:45,17.5,0.002,7.77
14/07/2026 09:28,18.25,0.002,7.7
14/07/2026 08:58,18.5,0.002,7.51
14/07/2026 08:57,18.375,0.002,7.51
14/07/2026 08:28,18.5,0.002,7.08
14/07/2026 07:58,18.625,0.002,6.66
11/07/2026 10:28,18,0.001,7.96
11/07/2026 09:58,18,0.001,7.95
11/07/2026 09:28,17.75,0.001,7.95
11/07/2026 08:58,17.75,0.001,7.94
11/07/2026 08:28,17.75,0.001,7.94
11/07/2026 07:58,18,0.001,7.94
11/07/2026 07:28,17.875,0.001,7.93
11/07/2026 06:58,18.5,0.001,7.93
11/07/2026 06:28,17.625,0.001,7.93
11/07/2026 05:58,16.75,0.001,7.93
11/07/2026 05:58,16.75,0.001,7.93
11/07/2026 05:28,17.875,0.001,7.94
11/07/2026 04:58,16.875,0.001,7.94
11/07/2026 04:28,17.875,0.001,7.94
11/07/2026 03:58,18,0.001,7.94
11/07/2026 03:28,18,0.001,7.95
11/07/2026 02:58,18.125,0.001,7.95
11/07/2026 02:28,18.125,0.001,7.95
11/07/2026 01:58,18.25,0.001,7.95
11/07/2026 01:28,18.375,0.001,7.96
11/07/2026 00:58,18.375,0.001,7.96
11/07/2026 00:28,18.375,0.001,7.96
10/07/2026 23:58,18.5,0.001,7.96
10/07/2026 23:28,18.5,0.001,7.97
10/07/2026 22:58,18.5,0.001,7.97
10/07/2026 22:28,18.5,0.001,7.97
10/07/2026 21:58,19.625,0.001,7.97
10/07/2026 21:28,18.75,0.001,7.98
10/07/2026 20:58,19.625,0.001,7.98
10/07/2026 20:28,18.75,0.001,7.98
10/07/2026 19:58,19,0.001,7.99
10/07/2026 19:28,19,0.001,7.99
10/07/2026 18:58,19,0.001,7.99
10/07/2026 18:28,19.125,0.001,7.99
10/07/2026 17:58,19.125,0.001,7.99
10/07/2026 17:28,18.875,0.001,7.99
10/07/2026 16:58,19,0.001,7.99
10/07/2026 16:28,18.875,0.001,7.98
10/07/2026 15:58,18.875,0.001,7.98
10/07/2026 15:28,17.75,0.001,7.98
10/07/2026 14:58,18.625,0.001,7.97
10/07/2026 14:28,18.5,0.001,7.97
10/07/2026 13:58,18.5,0.001,7.97
10/07/2026 13:28,18.5,0.001,7.96
10/07/2026 12:58,18.5,0.001,7.96
10/07/2026 12:28,18.375,0.001,7.95
10/07/2026 11:58,18.375,0.001,7.95
10/07/2026 11:28,18,0.001,7.94
10/07/2026 10:58,18.125,0.001,7.94
10/07/2026 10:28,18.125,0.001,7.93
10/07/2026 09:58,18,0.001,7.93
10/07/2026 09:28,17.875,0.001,7.92
10/07/2026 09:28,17.875,0.001,7.92
10/07/2026 08:58,18,0.001,7.92
10/07/2026 08:28,18.625,0.001,7.91
10/07/2026 07:58,18.625,0.001,7.91
10/07/2026 07:28,17.75,0.001,7.9
10/07/2026 06:58,17.875,0.001,7.9
10/07/2026 06:28,17.75,0.001,7.9
10/07/2026 05:58,17.875,0.001,7.9
10/07/2026 05:28,18,0.001,7.9
10/07/2026 04:58,18.125,0.001,7.9
10/07/2026 04:28,18,0.001,7.9
10/07/2026 03:58,17.875,0.001,7.9
10/07/2026 03:28,18,0.001,7.9
10/07/2026 02:58,18.25,0.001,7.9
10/07/2026 02:28,18.25,0.001,7.9
10/07/2026 01:58,18.375,0.001,7.91
10/07/2026 01:28,18.25,0.001,7.91
10/07/2026 00:58,18.5,0.001,7.91
10/07/2026 00:28,18.375,0.001,7.91
09/07/2026 23:58,18.5,0.001,7.91
09/07/2026 23:28,18.625,0.001,7.91
09/07/2026 22:58,18.625,0.001,7.91
09/07/2026 22:28,18.625,0.001,7.91
09/07/2026 21:58,17.75,0.001,7.91
09/07/2026 21:28,17.75,0.001,7.92
09/07/2026 20:58,18.75,0.001,7.92
09/07/2026 20:28,18.75,0.001,7.92
09/07/2026 19:58,18.875,0.001,7.92
09/07/2026 19:28,18.75,0.001,7.92
09/07/2026 18:58,18.875,0.001,7.93
09/07/2026 18:28,18.75,0.001,7.93
09/07/2026 18:28,18.75,0.001,7.93
09/07/2026 17:58,18.75,0.001,7.93
09/07/2026 17:28,18.875,0.001,7.94
09/07/2026 16:58,18.875,0.001,7.94
09/07/2026 16:28,17.75,0.001,7.95
09/07/2026 15:58,19.625,0.001,7.96
09/07/2026 15:58,19.625,0.001,7.96
09/07/2026 15:28,18.625,0.001,7.98
09/07/2026 14:58,18.5,0.001,8
09/07/2026 14:28,18.5,0.001,8
09/07/2026 13:58,18.375,0.001,8
09/07/2026 13:28,18.375,0.001,7.99
09/07/2026 12:58,18.25,0.001,7.99
09/07/2026 12:28,18,0.001,7.98
09/07/2026 11:58,18.125,0.001,7.98
09/07/2026 11:28,18.25,0.001,7.98
09/07/2026 10:58,18.25,0.001,7.97
09/07/2026 10:28,18,0.001,7.97
09/07/2026 09:58,18,0.001,7.96
09/07/2026 09:28,17.875,0.001,7.96
09/07/2026 08:58,17.875,0.001,7.96
09/07/2026 08:28,17.875,0.001,7.95
09/07/2026 07:58,16.75,0.001,7.95
09/07/2026 07:28,16.75,0.001,7.95
09/07/2026 06:58,18.375,0.001,7.94
09/07/2026 06:28,16.875,0.001,7.95
09/07/2026 05:58,18.5,0.001,7.95
09/07/2026 05:28,16.875,0.001,7.95
09/07/2026 04:58,17.875,0.001,7.95
09/07/2026 04:28,18,0.001,7.96
09/07/2026 03:58,18,0.001,7.96
09/07/2026 03:28,18,0.001,7.96
09/07/2026 02:58,18.125,0.001,7.96
09/07/2026 02:28,18.25,0.001,7.96
09/07/2026 01:58,18.25,0.001,7.97
09/07/2026 01:28,18.25,0.001,7.97
09/07/2026 00:58,18.375,0.001,7.97
09/07/2026 00:28,18.5,0.001,7.98
08/07/2026 23:58,18.5,0.001,7.98
08/07/2026 23:28,18.5,0.001,7.98
08/07/2026 22:58,18.5,0.001,7.99
08/07/2026 22:28,18.5,0.001,7.99
08/07/2026 21:58,18.5,0.001,7.99
08/07/2026 21:28,18.75,0.001,7.99
08/07/2026 20:58,18.75,0.001,8
08/07/2026 20:28,18.75,0.001,8
08/07/2026 19:58,18.625,0.001,8
08/07/2026 19:28,17.75,0.001,8.01
08/07/2026 18:58,18.75,0.001,8.01
08/07/2026 18:28,18.75,0.001,8.01
08/07/2026 17:58,18.875,0.001,8.01
08/07/2026 17:58,18.875,0.001,8.01
08/07/2026 17:28,17.75,0.001,8.01
08/07/2026 16:58,18.75,0.001,8.01
08/07/2026 16:28,18.625,0.001,8
08/07/2026 15:58,18.625,0.001,8
08/07/2026 15:58,18.625,0.001,8
08/07/2026 15:28,18.5,0.001,8
08/07/2026 14:58,18.5,0.001,7.99
08/07/2026 14:28,18.5,0.001,7.99
08/07/2026 13:58,18.5,0.001,7.99
08/07/2026 13:28,18.25,0.001,7.99
08/07/2026 12:58,18.25,0.001,7.98
08/07/2026 12:28,18,0.001,7.98
08/07/2026 11:58,18.25,0.001,7.98
08/07/2026 11:28,18,0.001,7.97
08/07/2026 10:58,18.125,0.001,7.97
08/07/2026 10:28,17.875,0.001,7.97
08/07/2026 09:58,17.875,0.001,7.97
08/07/2026 09:28,17.875,0.001,7.96
08/07/2026 08:58,18.625,0.001,7.96
08/07/2026 08:28,17.875,0.001,7.96
08/07/2026 07:58,17.625,0.001,7.95
08/07/2026 07:28,17.75,0.001,7.95
08/07/2026 06:58,17.625,0.001,7.95
08/07/2026 06:28,17,0.001,7.95
08/07/2026 06:28,17,0.001,7.95
08/07/2026 05:58,18.625,0.001,7.96
08/07/2026 05:28,17.875,0.001,7.96
08/07/2026 04:58,17.875,0.001,7.96
08/07/2026 04:28,17.75,0.001,7.96
08/07/2026 03:58,18.125,0.001,7.97
08/07/2026 03:28,18,0.001,7.97
08/07/2026 02:58,18.125,0.001,7.97
08/07/2026 02:58,18.125,0.001,7.97
08/07/2026 02:28,18.25,0.001,7.98
08/07/2026 01:58,18.25,0.001,7.98
08/07/2026 01:28,18.5,0.001,7.98
08/07/2026 00:58,18.5,0.001,7.98
08/07/2026 00:28,18.5,0.001,7.99
07/07/2026 23:58,18.5,0.001,7.99
07/07/2026 23:28,18.625,0.001,7.99
07/07/2026 22:58,18.625,0.001,8
07/07/2026 22:28,18.625,0.001,8
07/07/2026 21:58,18.75,0.001,8
07/07/2026 21:28,18.75,0.001,8.01
07/07/2026 20:58,18.75,0.001,8.01
07/07/2026 20:28,19,0.001,8.01
07/07/2026 19:58,19,0.001,8.02
07/07/2026 19:28,18.875,0.001,8.02
07/07/2026 18:58,19,0.001,8.02
07/07/2026 18:28,18.875,0.001,8.02
07/07/2026 17:58,18.875,0.001,8.03
07/07/2026 17:28,18.75,0.001,8.02
07/07/2026 16:58,18.75,0.001,8.02
07/07/2026 16:28,18.875,0.001,8.02
07/07/2026 15:58,18.75,0.001,8.02
07/07/2026 15:28,18.625,0.001,8.01
07/07/2026 14:58,18.5,0.001,8.01
07/07/2026 14:58,18.5,0.001,8.01
07/07/2026 14:28,18.5,0.001,8.01
07/07/2026 13:58,18.5,0.001,8
07/07/2026 13:28,18.5,0.001,8
07/07/2026 12:58,18.25,0.001,8
07/07/2026 12:28,18.25,0.001,7.99
07/07/2026 11:58,18.125,0.001,7.99
07/07/2026 11:28,18.125,0.001,7.98
07/07/2026 10:58,18,0.001,7.98
07/07/2026 10:28,18.125,0.001,7.98
07/07/2026 09:58,18,0.001,7.97
07/07/2026 09:28,17.875,0.001,7.97
07/07/2026 08:58,17.75,0.001,7.97
07/07/2026 08:28,17.75,0.001,7.96
07/07/2026 07:58,16.75,0.001,7.96
07/07/2026 07:28,17.75,0.001,7.96
07/07/2026 06:58,17.875,0.001,7.96
07/07/2026 06:28,17.875,0.001,7.96
07/07/2026 05:58,17.875,0.001,7.96
07/07/2026 05:28,17.875,0.001,7.96
07/07/2026 04:58,17.875,0.001,7.96
07/07/2026 04:28,17.875,0.001,7.97
07/07/2026 03:58,18,0.001,7.97
07/07/2026 03:28,18.125,0.001,7.97
07/07/2026 02:58,18.25,0.001,7.98
07/07/2026 02:28,18.375,0.001,7.98
07/07/2026 01:58,18.375,0.001,7.98
07/07/2026 01:28,18.375,0.001,7.99
07/07/2026 00:58,18.375,0.001,7.99
07/07/2026 00:28,18.375,0.001,7.99
06/07/2026 23:58,18.625,0.001,7.99
06/07/2026 23:28,18.5,0.001,8
06/07/2026 22:58,19.5,0.001,8
06/07/2026 22:28,17.75,0.001,8.01
06/07/2026 21:58,18.75,0.001,8.01
06/07/2026 21:28,18.75,0.001,8.01
06/07/2026 21:28,18.75,0.001,8.01
06/07/2026 20:58,18.875,0.001,8.01
06/07/2026 20:28,18.875,0.001,8.02
06/07/2026 19:58,19,0.001,8.02
06/07/2026 19:28,19.125,0.001,8.02
06/07/2026 18:58,18.875,0.001,8.03
06/07/2026 18:28,19,0.001,8.03
06/07/2026 17:58,19.125,0.001,8.03
06/07/2026 17:28,19,0.001,8.03
06/07/2026 16:58,18.875,0.001,8.03
06/07/2026 16:28,18.875,0.001,8.02
06/07/2026 15:58,18.875,0.001,8.02
06/07/2026 15:28,18.75,0.001,8.02
06/07/2026 14:58,17.75,0.001,8.01
06/07/2026 14:28,18.625,0.001,8.01
06/07/2026 13:58,18.625,0.001,8.01
06/07/2026 13:28,18.625,0.001,8
06/07/2026 12:58,18.5,0.001,8
06/07/2026 12:28,18.375,0.001,7.99
06/07/2026 11:58,18.5,0.001,7.99
06/07/2026 11:28,18.375,0.001,7.99
06/07/2026 10:58,18.25,0.001,7.98
06/07/2026 10:28,18.25,0.001,7.98
06/07/2026 09:58,18.25,0.001,7.97
06/07/2026 09:28,18.25,0.001,7.97
06/07/2026 08:58,17.875,0.001,7.97
06/07/2026 08:28,17.875,0.001,7.96
06/07/2026 07:58,17.875,0.001,7.96
06/07/2026 07:28,18,0.001,7.96
06/07/2026 06:58,17.875,0.001,7.95
06/07/2026 06:28,18,0.001,7.95
06/07/2026 05:58,18.125,0.001,7.96
06/07/2026 05:28,18,0.001,7.96
06/07/2026 04:58,18.125,0.001,7.96
06/07/2026 04:28,18,0.001,7.96
06/07/2026 03:58,18.125,0.001,7.97
06/07/2026 03:28,18.125,0.001,7.97
06/07/2026 03:28,18.125,0.001,7.97
06/07/2026 02:58,18.25,0.001,7.97
06/07/2026 02:28,18.25,0.001,7.97
06/07/2026 01:58,18.25,0.001,7.98
06/07/2026 01:28,18.375,0.001,7.98
06/07/2026 00:58,18.375,0.001,7.98
06/07/2026 00:28,18.375,0.001,7.98
05/07/2026 23:58,18.375,0.001,7.99
05/07/2026 23:28,18.5,0.001,7.99
05/07/2026 22:58,18.625,0.001,7.99
05/07/2026 22:28,18.5,0.001,8
05/07/2026 21:58,19.625,0.001,8
05/07/2026 21:28,18.5,0.001,8
05/07/2026 20:58,18.75,0.001,8.01
05/07/2026 20:28,18.75,0.001,8.01
05/07/2026 19:58,18.75,0.001,8.01
05/07/2026 19:58,18.75,0.001,8.01
05/07/2026 19:28,18.875,0.001,8.02
05/07/2026 18:58,19,0.001,8.02
05/07/2026 18:28,18.875,0.001,8.02
05/07/2026 18:28,18.875,0.001,8.02
05/07/2026 17:58,18.875,0.001,8.02
05/07/2026 17:28,18.875,0.001,8.02
05/07/2026 17:28,18.875,0.001,8.02
05/07/2026 16:58,18.75,0.001,8.02
05/07/2026 16:28,18.75,0.001,8.02
05/07/2026 15:58,18.75,0.001,8.01
05/07/2026 15:28,18.75,0.001,8.01
05/07/2026 15:28,18.75,0.001,8.01
05/07/2026 14:58,18.625,0.001,8.01
05/07/2026 14:28,18.5,0.001,8
05/07/2026 13:58,18.625,0.001,8
05/07/2026 13:28,18.5,0.001,8
05/07/2026 12:58,18.375,0.001,7.99
05/07/2026 12:28,18.25,0.001,7.99
05/07/2026 11:58,18.375,0.001,7.98
05/07/2026 11:28,18.375,0.001,7.98
05/07/2026 10:58,18,0.001,7.97
05/07/2026 10:28,18,0.001,7.97
05/07/2026 09:58,18.125,0.001,7.96
05/07/2026 09:28,17.875,0.001,7.96
05/07/2026 09:28,17.875,0.001,7.96
05/07/2026 08:58,18,0.001,7.95
05/07/2026 08:28,17.875,0.001,7.95
05/07/2026 07:58,17.875,0.001,7.95
05/07/2026 07:28,18.625,0.001,7.94
05/07/2026 06:58,17.75,0.001,7.94
05/07/2026 06:28,17.625,0.001,7.94
05/07/2026 05:58,17.625,0.001,7.94
05/07/2026 05:28,16.875,0.001,7.94
05/07/2026 04:58,18,0.001,7.95
05/07/2026 04:28,16.875,0.001,7.95
05/07/2026 03:58,17.75,0.001,7.95
05/07/2026 03:28,17.875,0.001,7.95
05/07/2026 02:58,18.125,0.001,7.96
05/07/2026 02:28,18,0.001,7.96
05/07/2026 01:58,18.25,0.001,7.96
05/07/2026 01:28,18.125,0.001,7.96
05/07/2026 00:58,18,0.001,7.97
05/07/2026 00:28,18.125,0.001,7.97
04/07/2026 23:58,18.25,0.001,7.97
04/07/2026 23:28,18.5,0.001,7.98
04/07/2026 22:58,18.375,0.001,7.98
04/07/2026 22:28,18.375,0.001,7.98
04/07/2026 21:58,18.375,0.001,7.99
04/07/2026 21:28,18.375,0.001,7.99
04/07/2026 20:58,18.5,0.001,7.99
04/07/2026 20:28,18.625,0.001,7.99
04/07/2026 19:58,18.625,0.001,8
04/07/2026 19:28,18.75,0.001,8
04/07/2026 18:58,18.625,0.001,8
04/07/2026 18:28,18.75,0.001,8.01
04/07/2026 17:58,18.75,0.001,8.01
04/07/2026 17:28,18.625,0.001,8.01
04/07/2026 16:58,17.75,0.001,8
04/07/2026 16:28,18.625,0.001,8
04/07/2026 16:28,18.625,0.001,8
04/07/2026 15:58,18.625,0.001,8
04/07/2026 15:28,18.5,0.001,7.99
04/07/2026 14:58,18.5,0.001,7.99
04/07/2026 14:28,18.375,0.001,7.99
04/07/2026 13:58,18.375,0.001,7.98
04/07/2026 13:28,18.375,0.001,7.98
04/07/2026 12:58,18.25,0.001,7.97
04/07/2026 12:28,18.25,0.001,7.97
04/07/2026 11:58,18,0.001,7.96
04/07/2026 11:28,18,0.001,7.96
04/07/2026 10:58,17.75,0.001,7.95
04/07/2026 10:28,17,0.001,7.95
04/07/2026 09:58,18,0.001,7.94
04/07/2026 09:28,18.625,0.001,7.94
04/07/2026 08:58,18.625,0.001,7.93
04/07/2026 08:28,17.625,0.001,7.93
04/07/2026 07:58,17.5,0.001,7.92
04/07/2026 07:28,17.5,0.001,7.92
04/07/2026 06:58,17.375,0.001,7.91
04/07/2026 06:28,17.5,0.001,7.91
04/07/2026 05:58,17.5,0.001,7.92
04/07/2026 05:28,17.375,0.001,7.92
04/07/2026 04:58,17.625,0.001,7.92
04/07/2026 04:28,17.625,0.001,7.92
04/07/2026 03:58,17.625,0.001,7.92
04/07/2026 03:58,17.625,0.001,7.92
04/07/2026 03:28,17.75,0.001,7.92
04/07/2026 02:58,17.875,0.001,7.93
04/07/2026 02:28,17.75,0.001,7.93
04/07/2026 01:58,17.75,0.001,7.93
04/07/2026 01:28,17.75,0.001,7.93
04/07/2026 00:58,17.875,0.001,7.93
04/07/2026 00:28,18,0.001,7.93
03/07/2026 23:58,18,0.001,7.94
03/07/2026 23:28,18.25,0.001,7.94
03/07/2026 22:58,18,0.001,7.94
03/07/2026 22:28,18.25,0.001,7.94
03/07/2026 22:28,18.25,0.001,7.94
03/07/2026 21:58,18.25,0.001,7.94
03/07/2026 21:28,18.25,0.001,7.95
03/07/2026 20:58,18.25,0.001,7.95
03/07/2026 20:28,18.5,0.001,7.95
03/07/2026 19:58,18.5,0.001,7.95
03/07/2026 19:28,18.5,0.001,7.95
03/07/2026 18:58,18.375,0.001,7.96
03/07/2026 18:28,18.5,0.001,7.96
03/07/2026 17:58,18.625,0.001,7.96
03/07/2026 17:28,18.5,0.001,7.96
03/07/2026 16:58,18.375,0.001,7.95
03/07/2026 16:28,18.375,0.001,7.95
03/07/2026 15:58,18.375,0.001,7.95
03/07/2026 15:28,18.25,0.001,7.94
03/07/2026 14:58,18.125,0.001,7.93
03/07/2026 14:28,18.125,0.001,7.93
03/07/2026 13:58,17.875,0.001,7.92
03/07/2026 13:28,17.875,0.001,7.92
03/07/2026 12:58,17.75,0.001,7.91
03/07/2026 12:28,18.625,0.001,7.9
03/07/2026 11:58,18.625,0.001,7.9
03/07/2026 11:28,17.625,0.001,7.89
03/07/2026 10:58,17.5,0.001,7.89
03/07/2026 10:28,17.375,0.001,7.88
03/07/2026 10:28,17.375,0.001,7.88
03/07/2026 09:58,17.25,0.001,7.87
03/07/2026 09:58,17.25,0.001,7.87
03/07/2026 09:28,17.25,0.001,7.86
03/07/2026 08:58,17.125,0.001,7.86
03/07/2026 08:28,17.125,0.001,7.85
03/07/2026 07:58,17,0.001,7.84
03/07/2026 07:28,17,0.001,7.84
03/07/2026 06:58,16.75,0.001,7.83
03/07/2026 06:28,16.875,0.001,7.83
03/07/2026 05:58,16.875,0.001,7.83
03/07/2026 05:28,16.875,0.001,7.83
03/07/2026 04:58,16.875,0.001,7.83
03/07/2026 04:28,16.875,0.001,7.83
03/07/2026 03:58,17,0.001,7.83
03/07/2026 03:28,16.75,0.001,7.82
03/07/2026 02:58,16.875,0.001,7.82
03/07/2026 02:28,17,0.001,7.82
03/07/2026 01:58,16.875,0.001,7.82
03/07/2026 01:28,16.75,0.001,7.82
03/07/2026 00:58,16.875,0.001,7.82
03/07/2026 00:28,16.75,0.001,7.82
02/07/2026 23:58,17,0.001,7.82
02/07/2026 23:28,16.875,0.001,7.82
02/07/2026 22:58,16.75,0.001,7.81
02/07/2026 22:28,16.75,0.001,7.81
02/07/2026 21:58,16.875,0.001,7.81
02/07/2026 21:28,16.75,0.001,7.81
02/07/2026 20:58,17.625,0.001,7.81
02/07/2026 20:28,15.75,0.001,7.81
02/07/2026 19:58,17.625,0.001,7.81
02/07/2026 19:28,15.75,0.001,7.8
02/07/2026 18:58,16.75,0.001,7.8
02/07/2026 18:28,15.75,0.001,7.8
02/07/2026 17:58,16.5,0.001,7.8
02/07/2026 17:28,16.5,0.001,7.79
02/07/2026 16:58,16.5,0.001,7.78
02/07/2026 16:28,16.25,0.001,7.77
02/07/2026 15:58,16.125,0.001,7.76
02/07/2026 15:28,16.125,0.001,7.75
02/07/2026 14:58,15.875,0.001,7.74
02/07/2026 14:28,15.875,0.001,7.74
02/07/2026 13:58,14.75,0.001,7.72
02/07/2026 13:28,15.625,0.001,7.71
02/07/2026 12:58,15.375,0.001,7.71
02/07/2026 12:28,15.125,0.001,7.7
02/07/2026 11:58,15.125,0.001,7.69
02/07/2026 11:28,14.75,0.001,7.69
02/07/2026 10:58,14.625,0.001,7.7
02/07/2026 10:28,14.125,0.001,7.71
02/07/2026 09:58,14,0.001,7.73
02/07/2026 09:28,13.875,0.001,7.75
02/07/2026 09:28,13.875,0.001,7.75
02/07/2026 08:58,14.625,0.001,7.77
02/07/2026 08:28,14.625,0.001,7.79
02/07/2026 07:58,15.25,0.001,7.8
02/07/2026 07:28,15.875,0.001,7.82
02/07/2026 06:58,15.875,0.001,7.83
02/07/2026 06:28,16.5,0.001,7.85
02/07/2026 05:58,16.375,0.001,7.85
02/07/2026 05:28,16.625,0.001,7.85
02/07/2026 04:58,16.375,0.001,7.85
02/07/2026 04:28,16.375,0.001,7.85
02/07/2026 03:58,16.375,0.001,7.85
02/07/2026 03:28,16.5,0.001,7.85
02/07/2026 02:58,16.375,0.001,7.85
02/07/2026 02:28,16.625,0.001,7.85
02/07/2026 01:58,16.625,0.001,7.85
02/07/2026 01:28,16.625,0.001,7.85
02/07/2026 00:58,16.5,0.001,7.85
02/07/2026 00:28,16.625,0.001,7.85
01/07/2026 23:58,17.625,0.001,7.85
01/07/2026 23:28,15.75,0.001,7.85
01/07/2026 22:58,17.625,0.001,7.84
01/07/2026 22:28,15.75,0.001,7.84
01/07/2026 21:58,16.75,0.001,7.84
01/07/2026 21:28,16.75,0.001,7.84
01/07/2026 20:58,16.75,0.001,7.84
01/07/2026 20:28,16.625,0.001,7.84
01/07/2026 19:58,16.75,0.001,7.84
01/07/2026 19:28,16.75,0.001,7.84
01/07/2026 18:58,16.875,0.001,7.84
01/07/2026 18:28,16.75,0.001,7.84
01/07/2026 17:58,16.75,0.001,7.84
01/07/2026 17:28,16.75,0.001,7.84
01/07/2026 16:58,16.625,0.001,7.83
01/07/2026 16:28,16.5,0.001,7.83
01/07/2026 15:58,16.5,0.001,7.83
01/07/2026 15:28,16.375,0.001,7.82
01/07/2026 14:58,16.375,0.001,7.82
01/07/2026 14:28,16.25,0.001,7.82
01/07/2026 14:28,16.25,0.001,7.82
01/07/2026 13:58,16.125,0.001,7.83
01/07/2026 13:28,16.125,0.001,7.84
01/07/2026 12:58,15.875,0.001,7.85
01/07/2026 12:28,14.875,0.001,7.88
01/07/2026 11:58,16.125,0.001,7.9
01/07/2026 11:28,16.5,0.001,7.92
01/07/2026 10:58,17.375,0.001,7.94
01/07/2026 10:28,17.875,0.001,7.97
01/07/2026 09:58,17.875,0.001,7.97
01/07/2026 09:28,17,0.001,7.96
01/07/2026 08:58,17.75,0.001,7.96
01/07/2026 08:28,18.5,0.001,7.96
01/07/2026 07:58,17.625,0.001,7.95
01/07/2026 07:58,17.625,0.001,7.95
01/07/2026 07:28,17.625,0.001,7.95
01/07/2026 06:58,17.375,0.001,7.95
01/07/2026 06:28,16.75,0.001,7.95
01/07/2026 05:58,18.5,0.001,7.95
01/07/2026 05:28,16.75,0.001,7.95
01/07/2026 04:58,16.875,0.001,7.96
01/07/2026 04:28,17.75,0.001,7.96
01/07/2026 03:58,18,0.001,7.96
01/07/2026 03:58,18,0.001,7.96
01/07/2026 03:28,17.875,0.001,7.96
01/07/2026 02:58,18,0.001,7.97
01/07/2026 02:28,18.125,0.001,7.97
01/07/2026 01:58,18.125,0.001,7.97
01/07/2026 01:28,18.125,0.001,7.97
01/07/2026 00:58,18.125,0.001,7.97
01/07/2026 00:28,18.25,0.001,7.98
30/06/2026 23:58,18.25,0.001,7.98
30/06/2026 23:28,18.375,0.001,7.98
30/06/2026 22:58,18.375,0.001,7.99
30/06/2026 22:28,18.5,0.001,7.99
30/06/2026 21:58,18.5,0.001,7.99
30/06/2026 21:28,18.625,0.001,8
30/06/2026 20:58,18.75,0.001,8
30/06/2026 20:28,18.75,0.001,8
30/06/2026 19:58,18.875,0.001,8.01
30/06/2026 19:28,18.75,0.001,8.01
30/06/2026 18:58,18.875,0.001,8.01
30/06/2026 18:28,19,0.001,8.01
30/06/2026 17:58,19,0.001,8.01
30/06/2026 17:28,18.75,0.001,8.01
30/06/2026 16:58,18.75,0.001,8.01
30/06/2026 16:28,18.625,0.001,8.01
30/06/2026 15:58,18.625,0.001,8
30/06/2026 15:28,18.5,0.001,8
30/06/2026 14:58,18.5,0.001,8
30/06/2026 14:28,18.5,0.001,8
30/06/2026 13:58,18.5,0.001,7.99
30/06/2026 13:28,18.25,0.001,7.99
30/06/2026 12:58,18.25,0.001,7.99
30/06/2026 12:28,18.25,0.001,7.98
30/06/2026 11:58,18.125,0.001,7.98
30/06/2026 11:28,18,0.001,7.98
30/06/2026 10:58,18.625,0.001,7.97
30/06/2026 10:28,17.875,0.001,7.97
30/06/2026 09:58,17.75,0.001,7.96
30/06/2026 09:28,17.875,0.001,7.96
30/06/2026 08:58,16.75,0.001,7.95
30/06/2026 08:28,17.375,0.001,7.95
30/06/2026 07:58,17.625,0.001,7.95
30/06/2026 07:28,17.5,0.001,7.95
30/06/2026 06:58,17.25,0.001,7.94
30/06/2026 06:28,17.375,0.001,7.94
30/06/2026 05:58,17.375,0.001,7.95
30/06/2026 05:28,17.625,0.001,7.95
30/06/2026 04:58,17.625,0.001,7.95
30/06/2026 04:28,17.625,0.001,7.95
30/06/2026 03:58,16.75,0.001,7.96
30/06/2026 03:28,16.75,0.001,7.96
30/06/2026 02:58,18,0.001,7.96
30/06/2026 02:28,16.75,0.001,7.96
30/06/2026 01:58,16.875,0.001,7.97
30/06/2026 01:28,17.875,0.001,7.97
30/06/2026 00:58,18,0.001,7.97
30/06/2026 00:28,18,0.001,7.97
29/06/2026 23:58,18.125,0.001,7.98
29/06/2026 23:28,18.125,0.001,7.98
29/06/2026 22:58,18.25,0.001,7.98
29/06/2026 22:28,18.25,0.001,7.99
29/06/2026 21:58,18.25,0.001,7.99
29/06/2026 21:28,18.25,0.001,7.99
29/06/2026 20:58,18.25,0.001,8
29/06/2026 20:28,18.5,0.001,8
29/06/2026 19:58,18.5,0.001,8
29/06/2026 19:28,18.5,0.001,8
29/06/2026 18:58,18.625,0.001,8.01
29/06/2026 18:28,18.625,0.001,8.01
29/06/2026 17:58,18.625,0.001,8.01
29/06/2026 17:28,17.75,0.001,8.01
29/06/2026 16:58,18.625,0.001,8.01
29/06/2026 16:28,18.5,0.001,8.01
29/06/2026 15:58,18.5,0.001,8
29/06/2026 15:28,18.5,0.001,8
29/06/2026 14:58,18.5,0.001,8
29/06/2026 14:28,18.25,0.001,8
29/06/2026 13:58,18.25,0.001,7.99
29/06/2026 13:28,18.125,0.001,7.99
29/06/2026 12:58,18.125,0.001,7.99
29/06/2026 12:28,18,0.001,7.98
29/06/2026 11:58,18,0.001,7.98
29/06/2026 11:28,18,0.001,7.98
29/06/2026 10:58,17.75,0.001,7.97
29/06/2026 10:28,17.75,0.001,7.97
29/06/2026 09:58,17.75,0.001,7.97
29/06/2026 09:28,18.625,0.001,7.96
29/06/2026 08:58,17.5,0.001,7.96
29/06/2026 08:28,17.375,0.001,7.95
29/06/2026 07:58,17.5,0.001,7.95
29/06/2026 07:58,17.5,0.001,7.95
29/06/2026 07:28,17.375,0.001,7.95
29/06/2026 06:58,17.25,0.001,7.95
29/06/2026 06:28,17.25,0.001,7.95
29/06/2026 05:58,17.375,0.001,7.95
29/06/2026 05:28,17.5,0.001,7.95
29/06/2026 04:58,17.5,0.001,7.95
29/06/2026 04:28,17.625,0.001,7.96
29/06/2026 03:58,17.625,0.001,7.96
29/06/2026 03:28,16.75,0.001,7.96
29/06/2026 02:58,17.75,0.001,7.96
29/06/2026 02:28,17,0.001,7.97
29/06/2026 01:58,18.625,0.001,7.97
29/06/2026 01:28,17.875,0.001,7.97
29/06/2026 00:58,17.75,0.001,7.97
29/06/2026 00:28,18,0.001,7.98
28/06/2026 23:58,18.25,0.001,7.98
28/06/2026 23:28,18.25,0.001,7.98
28/06/2026 22:58,18.125,0.001,7.98
28/06/2026 22:28,18.25,0.001,7.99
28/06/2026 21:58,18.25,0.001,7.99
28/06/2026 21:28,18.375,0.001,7.99
28/06/2026 20:58,18.375,0.001,8
28/06/2026 20:28,18.5,0.001,8
28/06/2026 19:58,18.5,0.001,8
28/06/2026 19:28,19.625,0.001,8.01
28/06/2026 18:58,18.625,0.001,8.01
28/06/2026 18:28,18.625,0.001,8.01
28/06/2026 17:58,18.625,0.001,8.01
28/06/2026 17:28,18.625,0.001,8.01
28/06/2026 16:58,18.5,0.001,8.01
28/06/2026 16:28,18.625,0.001,8
28/06/2026 15:58,18.625,0.001,8
28/06/2026 15:28,18.5,0.001,8
28/06/2026 14:58,18.375,0.001,8
28/06/2026 14:28,18.25,0.001,7.99
28/06/2026 13:58,18.25,0.001,7.99
28/06/2026 13:28,18,0.001,7.99
28/06/2026 12:58,17.875,0.001,7.98
28/06/2026 12:28,17.75,0.001,7.98
28/06/2026 11:58,17.875,0.001,7.98
28/06/2026 11:28,18,0.001,7.97
28/06/2026 10:58,17.875,0.001,7.97
28/06/2026 10:28,18.625,0.001,7.96
28/06/2026 09:58,16.75,0.001,7.96
28/06/2026 09:28,17.5,0.001,7.96
28/06/2026 08:58,17.375,0.001,7.96
28/06/2026 08:28,17.375,0.001,7.95
28/06/2026 07:58,17.375,0.001,7.95
28/06/2026 07:28,17.25,0.001,7.95
28/06/2026 06:58,17.375,0.001,7.95
28/06/2026 06:28,17.25,0.001,7.95
28/06/2026 05:58,17.125,0.001,7.95
28/06/2026 05:28,17.5,0.001,7.95
28/06/2026 04:58,17.375,0.001,7.95
28/06/2026 04:28,17.5,0.001,7.96
28/06/2026 03:58,17.5,0.001,7.96
28/06/2026 03:28,17.625,0.001,7.96
28/06/2026 02:58,18.5,0.001,7.97
28/06/2026 02:28,18.5,0.001,7.97
28/06/2026 01:58,17.75,0.001,7.97
28/06/2026 01:28,18.625,0.001,7.97
28/06/2026 01:28,18.625,0.001,7.97
28/06/2026 00:58,18,0.001,7.98
28/06/2026 00:28,17.75,0.001,7.98
27/06/2026 23:58,18,0.001,7.98
27/06/2026 23:28,18.125,0.001,7.98
27/06/2026 22:58,18.25,0.001,7.98
27/06/2026 22:28,18,0.001,7.99
27/06/2026 21:58,18.125,0.001,7.99
27/06/2026 21:28,18.25,0.001,7.99
27/06/2026 20:58,18.375,0.001,8
27/06/2026 20:28,18.375,0.001,8
27/06/2026 19:58,18.5,0.001,8
27/06/2026 19:28,18.5,0.001,8.01
27/06/2026 18:58,18.5,0.001,8.01
27/06/2026 18:28,18.5,0.001,8.01
27/06/2026 17:58,18.625,0.001,8.01
27/06/2026 17:28,18.625,0.001,8.01
27/06/2026 16:58,18.5,0.001,8.01
27/06/2026 16:58,18.5,0.001,8.01
27/06/2026 16:28,18.5,0.001,8
27/06/2026 15:58,18.375,0.001,8
27/06/2026 15:28,18.375,0.001,8
27/06/2026 14:58,18.375,0.001,8
27/06/2026 14:28,18.375,0.001,7.99
27/06/2026 13:58,18.125,0.001,7.99
27/06/2026 13:28,18.125,0.001,7.99
27/06/2026 12:58,18.125,0.001,7.98
27/06/2026 12:28,17.875,0.001,7.98
27/06/2026 11:58,17.875,0.001,7.97
27/06/2026 11:58,17.875,0.001,7.97
27/06/2026 11:28,17.875,0.001,7.97
27/06/2026 10:58,17.75,0.001,7.97
27/06/2026 10:58,17.75,0.001,7.97
27/06/2026 10:28,17.625,0.001,7.96
27/06/2026 09:58,17.75,0.001,7.96
27/06/2026 09:28,17.625,0.001,7.96
27/06/2026 08:58,17.5,0.001,7.95
27/06/2026 08:28,17.375,0.001,7.95
27/06/2026 07:58,17.375,0.001,7.94
27/06/2026 07:28,17.5,0.001,7.94
27/06/2026 06:58,17.5,0.001,7.94
27/06/2026 06:28,17.375,0.001,7.94
27/06/2026 05:58,17.5,0.001,7.94
27/06/2026 05:28,17.5,0.001,7.94
27/06/2026 04:58,17.375,0.001,7.94
27/06/2026 04:28,18.5,0.001,7.94
27/06/2026 03:58,17.75,0.001,7.95
27/06/2026 03:28,18,0.001,7.95
27/06/2026 02:58,16.875,0.001,7.95
27/06/2026 02:28,17.875,0.001,7.95
27/06/2026 01:58,17.75,0.001,7.95
27/06/2026 01:28,17.75,0.001,7.95
27/06/2026 00:58,18,0.001,7.96
27/06/2026 00:28,17.875,0.001,7.96
26/06/2026 23:58,18,0.001,7.96
26/06/2026 23:28,18,0.001,7.96
26/06/2026 22:58,18.125,0.001,7.96
26/06/2026 22:28,18.125,0.001,7.97
26/06/2026 21:58,18.25,0.001,7.97
26/06/2026 21:28,18.375,0.001,7.97
26/06/2026 20:58,18.5,0.001,7.97
26/06/2026 20:28,18.375,0.001,7.98
26/06/2026 20:28,18.375,0.001,7.98
26/06/2026 19:58,18.5,0.001,7.98
26/06/2026 19:28,18.5,0.001,7.98
26/06/2026 18:58,18.625,0.001,7.98
26/06/2026 18:28,18.5,0.001,7.98
26/06/2026 17:58,18.625,0.001,7.98
26/06/2026 17:28,18.5,0.001,7.98
26/06/2026 16:58,18.375,0.001,7.98
26/06/2026 16:28,18.5,0.001,7.98
26/06/2026 15:58,18.5,0.001,7.98
26/06/2026 15:28,18.25,0.001,7.98
26/06/2026 14:58,18,0.001,7.98
26/06/2026 14:38,17.375,0.001,7.97
26/06/2026 14:37,17.125,0.001,7.97
26/06/2026 14:37,17,0.001,8.66
26/06/2026 12:58,18,0.001,7.98
26/06/2026 12:28,17.75,0.001,7.98
26/06/2026 11:58,17.875,0.001,7.97
26/06/2026 11:28,17.875,0.001,7.97
26/06/2026 10:58,16.75,0.001,7.96
26/06/2026 10:28,16.75,0.001,7.96
26/06/2026 09:58,17.5,0.001,7.96
26/06/2026 09:28,17.375,0.001,7.95
26/06/2026 08:58,17.25,0.001,7.95
26/06/2026 08:28,17.25,0.001,7.95
26/06/2026 07:58,17.125,0.001,7.94
26/06/2026 07:28,17.25,0.001,7.94
26/06/2026 06:58,17.125,0.001,7.94
26/06/2026 06:28,17.125,0.001,7.94
26/06/2026 05:58,17.25,0.001,7.94
26/06/2026 05:28,17.125,0.001,7.94
26/06/2026 04:58,17.125,0.001,7.94
26/06/2026 04:28,17.25,0.001,7.94
26/06/2026 03:58,17.25,0.001,7.94
26/06/2026 03:28,17.5,0.001,7.95
26/06/2026 02:58,17.375,0.001,7.95
26/06/2026 02:28,17.5,0.001,7.95
26/06/2026 01:58,16.75,0.001,7.95
26/06/2026 01:28,17.375,0.001,7.95
26/06/2026 00:58,17.875,0.001,7.95
26/06/2026 00:28,17.75,0.001,7.96
25/06/2026 23:58,17.875,0.001,7.96
25/06/2026 23:28,17.75,0.001,7.96
25/06/2026 22:58,18,0.001,7.96
25/06/2026 22:28,18,0.001,7.96
25/06/2026 21:58,17.75,0.001,7.96
25/06/2026 21:28,18.625,0.001,7.97
25/06/2026 20:58,17.875,0.001,7.97
25/06/2026 20:28,18,0.001,7.97
25/06/2026 19:58,18.125,0.001,7.97
25/06/2026 19:28,17.875,0.001,7.98
25/06/2026 18:58,18.25,0.001,7.98
25/06/2026 18:28,18.25,0.001,7.98
25/06/2026 17:58,18.25,0.001,7.98
25/06/2026 17:28,18.25,0.001,7.98
25/06/2026 16:58,18.25,0.001,7.98
25/06/2026 16:28,18,0.001,7.97
25/06/2026 15:58,18.25,0.001,7.97
25/06/2026 15:28,17.875,0.001,7.97
25/06/2026 14:58,18,0.001,7.96
25/06/2026 14:28,17.75,0.001,7.96
25/06/2026 13:58,17.75,0.001,7.95
25/06/2026 13:28,18,0.001,7.95
25/06/2026 12:58,17.875,0.001,7.95
25/06/2026 12:28,17.625,0.001,7.94
25/06/2026 11:58,17.75,0.001,7.94
25/06/2026 11:28,18.625,0.001,7.94
25/06/2026 10:58,17.625,0.001,7.94
25/06/2026 10:28,17.625,0.001,7.94
25/06/2026 09:58,17.375,0.001,7.95
25/06/2026 09:28,17.5,0.001,7.95
25/06/2026 08:58,17.375,0.001,7.96
25/06/2026 08:28,17.125,0.001,7.96
25/06/2026 07:58,17,0.001,7.96
25/06/2026 07:28,17.25,0.001,7.96
25/06/2026 06:58,17,0.001,7.96
25/06/2026 06:28,17,0.001,7.96
25/06/2026 05:58,17.125,0.001,7.96
25/06/2026 05:28,17.25,0.001,7.96
25/06/2026 04:58,17.25,0.001,7.96
25/06/2026 04:28,17.25,0.001,7.96
25/06/2026 03:58,17.25,0.001,7.96
25/06/2026 03:28,17.125,0.001,7.96
25/06/2026 02:58,17.375,0.001,7.96
25/06/2026 02:28,17.375,0.001,7.97
25/06/2026 01:58,17.5,0.001,7.97
25/06/2026 01:28,17.5,0.001,7.97
25/06/2026 00:58,17.375,0.001,7.97
25/06/2026 00:28,17.625,0.001,7.97
24/06/2026 23:58,17.75,0.001,7.98
24/06/2026 23:28,17.75,0.001,7.98
24/06/2026 22:58,18.625,0.001,7.98
24/06/2026 22:28,18.625,0.001,7.98
24/06/2026 21:58,17.75,0.001,7.98
24/06/2026 21:28,17.75,0.001,7.98
24/06/2026 20:58,17.75,0.001,7.99
24/06/2026 20:28,18,0.001,7.99
24/06/2026 19:58,17.75,0.001,7.99
24/06/2026 19:28,17.75,0.001,7.99
24/06/2026 18:58,17.75,0.001,7.99
24/06/2026 18:28,18.125,0.001,7.99
24/06/2026 17:58,18.125,0.001,7.99
24/06/2026 17:28,17.875,0.001,7.99
24/06/2026 16:58,17.875,0.001,7.99
24/06/2026 16:28,18,0.001,7.99
24/06/2026 15:58,18.125,0.001,7.98
24/06/2026 15:58,18.125,0.001,7.98
24/06/2026 15:28,18,0.001,7.98
24/06/2026 14:58,17.875,0.001,7.98
24/06/2026 14:28,16.875,0.001,7.98
24/06/2026 13:58,16.875,0.001,7.97
24/06/2026 13:28,18.5,0.001,7.97
24/06/2026 12:58,18.625,0.001,7.97
24/06/2026 12:28,17.5,0.001,7.96
24/06/2026 11:58,17.25,0.001,7.96
24/06/2026 11:28,17.375,0.001,7.96
24/06/2026 10:58,17.125,0.001,7.95
24/06/2026 10:28,17.125,0.001,7.95
24/06/2026 09:58,17.125,0.001,7.94
24/06/2026 09:28,17,0.001,7.94
24/06/2026 08:58,17,0.001,7.94
24/06/2026 08:28,16.875,0.001,7.93
24/06/2026 07:58,16.875,0.001,7.93
24/06/2026 07:28,17.625,0.001,7.93
24/06/2026 06:58,15.75,0.001,7.92
24/06/2026 06:28,17.625,0.001,7.92
24/06/2026 05:58,17.625,0.001,7.92
24/06/2026 05:28,16.625,0.001,7.92
24/06/2026 04:58,16.625,0.001,7.93
24/06/2026 04:28,16.75,0.001,7.93
24/06/2026 03:58,16.75,0.001,7.92
24/06/2026 03:28,15.75,0.001,7.93
24/06/2026 02:58,15.75,0.001,7.93
24/06/2026 02:58,15.75,0.001,7.93
24/06/2026 02:28,17.625,0.001,7.93
24/06/2026 01:58,16.75,0.001,7.93
24/06/2026 01:28,17.625,0.001,7.93
24/06/2026 00:58,17.625,0.001,7.93
24/06/2026 00:28,16.75,0.001,7.93
23/06/2026 23:58,16.75,0.001,7.93
23/06/2026 23:28,16.875,0.001,7.93
23/06/2026 22:58,15.75,0.001,7.93
23/06/2026 22:28,16.75,0.001,7.93
23/06/2026 21:58,16.625,0.001,7.93
23/06/2026 21:28,16.625,0.001,7.93
23/06/2026 20:58,16.5,0.001,7.93
23/06/2026 20:28,16.5,0.001,7.93
23/06/2026 19:58,16.5,0.001,7.93
23/06/2026 19:28,16.375,0.001,7.93
23/06/2026 18:58,16.375,0.001,7.93
23/06/2026 18:28,16.375,0.001,7.93
23/06/2026 17:58,16.25,0.001,7.93
23/06/2026 17:28,16.125,0.001,7.93
23/06/2026 16:58,16.25,0.001,7.93
23/06/2026 16:28,16,0.001,7.93
23/06/2026 15:58,16,0.001,7.92
23/06/2026 15:28,15.75,0.001,7.92
23/06/2026 14:58,14.875,0.001,7.92
23/06/2026 14:28,16.625,0.001,7.91
23/06/2026 13:58,15.5,0.001,7.91
23/06/2026 13:28,15.375,0.001,7.9
23/06/2026 12:58,15.375,0.001,7.9
23/06/2026 12:28,15.125,0.001,7.9
23/06/2026 11:58,14.875,0.001,7.9
23/06/2026 11:58,14.875,0.001,7.9
23/06/2026 11:28,15.125,0.001,7.9
23/06/2026 10:58,15.125,0.001,7.89
23/06/2026 10:28,14.75,0.001,7.89
23/06/2026 09:58,15.875,0.001,7.89
23/06/2026 09:58,15.875,0.001,7.89
23/06/2026 09:28,16.125,0.001,7.89
23/06/2026 08:58,15.75,0.001,7.89
23/06/2026 08:28,16.75,0.001,7.88
23/06/2026 07:58,16.625,0.001,7.88
23/06/2026 07:28,16.5,0.001,7.87
23/06/2026 06:58,16.5,0.001,7.87
23/06/2026 06:28,16.375,0.001,7.87
23/06/2026 05:58,16.25,0.001,7.87
23/06/2026 05:28,16.25,0.001,7.86
23/06/2026 04:58,16.375,0.001,7.86
23/06/2026 04:28,16.25,0.001,7.86
23/06/2026 03:58,16.25,0.001,7.86
23/06/2026 03:28,16.25,0.001,7.86
23/06/2026 02:58,16.125,0.001,7.86
23/06/2026 02:28,16,0.001,7.85
23/06/2026 01:58,15.875,0.001,7.85
23/06/2026 01:28,16,0.001,7.85
23/06/2026 00:58,16.125,0.001,7.85
23/06/2026 00:28,16,0.001,7.85
22/06/2026 23:58,15.875,0.001,7.85
22/06/2026 23:28,16,0.001,7.85
22/06/2026 22:58,15.875,0.001,7.84
22/06/2026 22:28,16.625,0.001,7.84
22/06/2026 21:58,15.75,0.001,7.84
22/06/2026 21:28,15.375,0.001,7.84
22/06/2026 20:58,15.5,0.001,7.84
22/06/2026 20:28,15.25,0.001,7.84
22/06/2026 19:58,15.375,0.001,7.83
22/06/2026 19:28,15.25,0.001,7.83
22/06/2026 18:58,15.125,0.001,7.83
22/06/2026 18:28,14.625,0.001,7.83
22/06/2026 17:58,14.375,0.001,7.83
22/06/2026 17:28,14,0.001,7.83
22/06/2026 16:58,14.25,0.001,7.83
22/06/2026 16:28,14,0.001,7.83
22/06/2026 15:58,14.25,0.001,7.84
22/06/2026 15:28,14.25,0.001,7.85
22/06/2026 14:58,14.25,0.001,7.87
22/06/2026 14:28,14.125,0.001,7.89
22/06/2026 13:58,13.75,0.001,7.91
22/06/2026 13:28,14.125,0.001,7.92
22/06/2026 12:58,14.125,0.001,7.93
22/06/2026 12:28,14.375,0.001,7.94
22/06/2026 12:28,14.375,0.001,7.94
22/06/2026 11:58,14.625,0.001,7.94
22/06/2026 11:28,15.125,0.001,7.94
22/06/2026 10:58,15.5,0.001,7.94
22/06/2026 10:28,15.875,0.001,7.94
22/06/2026 09:58,16.125,0.001,7.94
22/06/2026 09:28,16.625,0.001,7.94
22/06/2026 08:58,16.875,0.001,7.94
22/06/2026 08:28,16.5,0.001,7.94
22/06/2026 07:58,16.5,0.001,7.94
22/06/2026 07:28,16.5,0.001,7.93
22/06/2026 06:58,16.25,0.001,7.93
22/06/2026 06:28,16.375,0.001,7.93
22/06/2026 05:58,16.25,0.001,7.93
22/06/2026 05:28,16.375,0.001,7.93
22/06/2026 04:58,16.375,0.001,7.93
22/06/2026 04:28,16.25,0.001,7.93
22/06/2026 03:58,16.25,0.001,7.94
22/06/2026 03:28,16.25,0.001,7.94
22/06/2026 02:58,16.25,0.001,7.94
22/06/2026 02:28,16.125,0.001,7.94
22/06/2026 01:58,16.125,0.001,7.94
22/06/2026 01:28,15.875,0.001,7.94
22/06/2026 00:58,16,0.001,7.94
22/06/2026 00:28,15.875,0.001,7.94
21/06/2026 23:58,15.875,0.001,7.94
21/06/2026 23:28,15.875,0.001,7.95
21/06/2026 22:58,15.75,0.001,7.95
21/06/2026 22:28,15.75,0.001,7.95
21/06/2026 21:58,16.625,0.001,7.95
21/06/2026 21:28,15.5,0.001,7.95
21/06/2026 20:58,15.5,0.001,7.95
21/06/2026 20:28,15.375,0.001,7.95
21/06/2026 19:58,15.25,0.001,7.95
21/06/2026 19:28,14.75,0.001,7.95
21/06/2026 18:58,13.75,0.001,7.96
21/06/2026 18:28,14.5,0.001,7.95
21/06/2026 18:28,14.5,0.001,7.95
21/06/2026 17:58,14,0.001,7.95
21/06/2026 17:28,13.875,0.001,7.95
21/06/2026 16:58,13.875,0.001,7.95
21/06/2026 16:28,14,0.001,7.95
21/06/2026 15:58,14.25,0.001,7.95
21/06/2026 15:28,14.375,0.001,7.95
21/06/2026 14:58,14.375,0.001,7.95
21/06/2026 14:28,14.875,0.001,7.95
21/06/2026 13:58,15.125,0.001,7.95
21/06/2026 13:28,15.25,0.001,7.95
21/06/2026 12:58,15.5,0.001,7.95
21/06/2026 12:28,15.5,0.001,7.95
21/06/2026 11:58,15.75,0.001,7.95
21/06/2026 11:28,15.875,0.001,7.94
21/06/2026 10:58,16.125,0.001,7.94
21/06/2026 10:28,16.625,0.001,7.94
21/06/2026 09:58,16.75,0.001,7.94
21/06/2026 09:28,16.5,0.001,7.94
21/06/2026 08:58,16.375,0.001,7.93
21/06/2026 08:28,16.5,0.001,7.93
21/06/2026 07:58,16.25,0.001,7.93
21/06/2026 07:28,16.125,0.001,7.92
21/06/2026 06:58,16,0.001,7.92
21/06/2026 06:28,16,0.001,7.92
21/06/2026 05:58,16,0.001,7.92
21/06/2026 05:28,15.875,0.001,7.92
21/06/2026 04:58,16,0.001,7.92
21/06/2026 04:28,16,0.001,7.92
21/06/2026 03:58,15.875,0.001,7.93
21/06/2026 03:28,15.875,0.001,7.93
21/06/2026 02:58,15.875,0.001,7.93
21/06/2026 02:28,16.625,0.001,7.93
21/06/2026 01:58,15.5,0.001,7.93
21/06/2026 01:28,15.75,0.001,7.93
21/06/2026 00:58,15.625,0.001,7.93
21/06/2026 00:28,15.5,0.001,7.94
20/06/2026 23:58,15.375,0.001,7.94
20/06/2026 23:28,15,0.001,7.94
20/06/2026 22:58,15.25,0.001,7.94
20/06/2026 22:28,15,0.001,7.94
20/06/2026 21:58,14.875,0.001,7.94
20/06/2026 21:28,15,0.001,7.94
20/06/2026 20:58,15.625,0.001,7.95
20/06/2026 20:28,14.25,0.001,7.95
20/06/2026 19:58,14.5,0.001,7.95
20/06/2026 19:28,14,0.001,7.95
20/06/2026 18:58,14.125,0.001,7.95
20/06/2026 18:28,14.125,0.001,7.95
20/06/2026 17:58,14.5,0.001,7.95
20/06/2026 17:28,14.375,0.001,7.95
20/06/2026 16:58,13.875,0.001,7.95
20/06/2026 16:28,15,0.001,7.95
20/06/2026 15:58,14.875,0.001,7.95
20/06/2026 15:28,15,0.001,7.95
20/06/2026 14:58,15.125,0.001,7.95
20/06/2026 14:28,15.125,0.001,7.95
20/06/2026 13:58,15.25,0.001,7.95
20/06/2026 13:28,15.125,0.001,7.95
20/06/2026 12:58,15.25,0.001,7.94
20/06/2026 12:58,15.25,0.001,7.94
20/06/2026 12:28,15.5,0.001,7.94
20/06/2026 11:58,15.75,0.001,7.94
20/06/2026 11:28,15.75,0.001,7.94
20/06/2026 10:58,16.375,0.001,7.94
20/06/2026 10:28,16.875,0.001,7.94
20/06/2026 09:58,15.75,0.001,7.94
20/06/2026 09:28,16.5,0.001,7.93
20/06/2026 08:58,16.375,0.001,7.93
20/06/2026 08:28,16.25,0.001,7.92
20/06/2026 07:58,16.125,0.001,7.92
20/06/2026 07:28,16.25,0.001,7.92
20/06/2026 06:58,16.125,0.001,7.92
20/06/2026 06:28,16.25,0.001,7.92
20/06/2026 05:58,16,0.001,7.92
20/06/2026 05:28,16,0.001,7.92
20/06/2026 04:58,15.75,0.001,7.92
20/06/2026 04:28,16,0.001,7.92
20/06/2026 03:58,15.875,0.001,7.92
20/06/2026 03:28,15.875,0.001,7.93
20/06/2026 02:58,15.75,0.001,7.92
20/06/2026 02:28,15.875,0.001,7.93
20/06/2026 01:58,15.875,0.001,7.93
20/06/2026 01:28,14.75,0.001,7.93
20/06/2026 00:58,15.75,0.001,7.93
20/06/2026 00:28,14.75,0.001,7.93
19/06/2026 23:58,16.5,0.001,7.93
19/06/2026 23:28,15.625,0.001,7.93
19/06/2026 22:58,15.625,0.001,7.93
19/06/2026 22:28,15.25,0.001,7.93
19/06/2026 21:58,15.25,0.001,7.93
19/06/2026 21:28,15,0.001,7.94
19/06/2026 20:58,15.125,0.001,7.94
19/06/2026 20:28,15.125,0.001,7.94
19/06/2026 19:58,13.875,0.001,7.94
19/06/2026 19:28,13.75,0.001,7.94
19/06/2026 18:58,14.125,0.001,7.94
19/06/2026 18:28,14.125,0.001,7.94
19/06/2026 17:58,14.625,0.001,7.94
19/06/2026 17:28,13.875,0.001,7.94
19/06/2026 16:58,14.25,0.001,7.94
19/06/2026 16:28,13.875,0.001,7.94
19/06/2026 15:58,14.375,0.001,7.94
19/06/2026 15:28,14.375,0.001,7.94
19/06/2026 14:58,14.25,0.001,7.94
19/06/2026 14:28,14.375,0.001,7.94
19/06/2026 13:58,14.625,0.001,7.93
19/06/2026 13:28,15,0.001,7.94
19/06/2026 12:58,15.25,0.001,7.94
19/06/2026 12:28,15.5,0.001,7.94
19/06/2026 11:58,15.75,0.001,7.94
19/06/2026 11:28,16.125,0.001,7.94
19/06/2026 11:28,16.125,0.001,7.94
19/06/2026 10:58,16.75,0.001,7.94
19/06/2026 10:28,16.875,0.001,7.94
19/06/2026 09:58,17.625,0.001,7.93
19/06/2026 09:28,16.625,0.001,7.93
19/06/2026 08:58,16.5,0.001,7.92
19/06/2026 08:28,16.375,0.001,7.92
19/06/2026 07:58,16.375,0.001,7.92
19/06/2026 07:28,16.125,0.001,7.91
19/06/2026 06:58,16.125,0.001,7.91
19/06/2026 06:28,16,0.001,7.91
19/06/2026 05:58,15.875,0.001,7.91
19/06/2026 05:28,16.125,0.001,7.91
19/06/2026 05:28,16.125,0.001,7.91
19/06/2026 04:58,16.125,0.001,7.91
19/06/2026 04:28,16,0.001,7.91
19/06/2026 03:58,16,0.001,7.91
19/06/2026 03:28,16,0.001,7.91
19/06/2026 03:28,16,0.001,7.91
19/06/2026 02:58,15.875,0.001,7.91
19/06/2026 02:28,14.875,0.001,7.91
19/06/2026 01:58,16.625,0.001,7.91
19/06/2026 01:28,16.625,0.001,7.91
19/06/2026 00:58,15.5,0.001,7.91
19/06/2026 00:28,16.625,0.001,7.91
18/06/2026 23:58,15.5,0.001,7.91
18/06/2026 23:28,15.5,0.001,7.91
18/06/2026 23:28,15.5,0.001,7.91
18/06/2026 22:58,15.5,0.001,7.91
18/06/2026 22:28,15.375,0.001,7.91
18/06/2026 21:58,15.25,0.001,7.91
18/06/2026 21:28,15.25,0.001,7.91
18/06/2026 20:58,15.25,0.001,7.91
18/06/2026 20:28,14.875,0.001,7.91
18/06/2026 19:58,14.625,0.001,7.92
18/06/2026 19:28,14.25,0.001,7.92
18/06/2026 18:58,14.5,0.001,7.92
18/06/2026 18:28,13.875,0.001,7.92
18/06/2026 17:58,14.25,0.001,7.92
18/06/2026 17:28,13.75,0.001,7.92
18/06/2026 16:58,14.875,0.001,7.92
18/06/2026 16:28,14.875,0.001,7.92
18/06/2026 15:58,15,0.001,7.92
18/06/2026 15:28,15.125,0.001,7.92
18/06/2026 14:58,15.125,0.001,7.92
18/06/2026 14:28,15.375,0.001,7.92
18/06/2026 13:58,15.375,0.001,7.92
18/06/2026 13:28,15.375,0.001,7.93
18/06/2026 12:58,15.75,0.001,7.93
18/06/2026 12:28,15.75,0.001,7.94
18/06/2026 11:58,16.25,0.001,7.95
18/06/2026 11:28,17.625,0.001,7.97
18/06/2026 11:28,17.625,0.001,7.97
18/06/2026 10:58,16.875,0.001,7.97
18/06/2026 10:28,16.5,0.001,7.98
18/06/2026 09:58,16.375,0.001,7.98
18/06/2026 09:58,16.375,0.001,7.98
18/06/2026 09:28,16.5,0.001,7.97
18/06/2026 08:58,16.125,0.001,7.97
18/06/2026 08:28,16,0.001,7.97
18/06/2026 07:58,16.125,0.001,7.96
18/06/2026 07:28,16.125,0.001,7.96
18/06/2026 06:58,16,0.001,7.96
18/06/2026 06:28,16,0.001,7.96
18/06/2026 05:58,15.875,0.001,7.96
18/06/2026 05:28,15.875,0.001,7.96
18/06/2026 04:58,15.875,0.001,7.97
18/06/2026 04:28,15.75,0.001,7.97
18/06/2026 03:58,14.875,0.001,7.97
18/06/2026 03:28,15.625,0.001,7.97
18/06/2026 02:58,15.625,0.001,7.97
18/06/2026 02:28,15.625,0.001,7.97
18/06/2026 01:58,15.5,0.001,7.97
18/06/2026 01:28,15.5,0.001,7.97
18/06/2026 00:58,15.375,0.001,7.97
18/06/2026 00:28,15.125,0.001,7.98
17/06/2026 23:58,15.375,0.001,7.98
17/06/2026 23:28,15,0.001,7.98
17/06/2026 22:58,15.25,0.001,7.98
17/06/2026 22:28,15.125,0.001,7.98
17/06/2026 21:58,14.75,0.001,7.98
17/06/2026 21:28,15.625,0.001,7.99
17/06/2026 20:58,14.375,0.001,7.99
17/06/2026 20:28,14.375,0.001,7.99
17/06/2026 19:58,14.375,0.001,7.99
17/06/2026 19:28,13.875,0.001,7.99
17/06/2026 18:58,14,0.001,7.99
17/06/2026 18:28,13.875,0.001,8
17/06/2026 17:58,14.375,0.001,8
17/06/2026 17:28,14.5,0.001,8
17/06/2026 16:58,14.375,0.001,8
17/06/2026 16:28,14.375,0.001,8
17/06/2026 15:58,13.75,0.001,8
17/06/2026 15:28,14.75,0.001,8
17/06/2026 14:58,14.75,0.001,8
17/06/2026 14:58,14.75,0.001,8
17/06/2026 14:28,15.25,0.001,7.99
17/06/2026 13:58,14.375,0.001,7.99
17/06/2026 13:58,14.375,0.001,7.99
17/06/2026 13:28,14.75,0.001,7.99
17/06/2026 12:58,15.125,0.001,7.99
17/06/2026 12:28,15.375,0.001,7.99
17/06/2026 11:58,15.875,0.001,7.99
17/06/2026 11:28,16,0.001,7.99
17/06/2026 10:58,16.875,0.001,8
17/06/2026 10:28,17.125,0.001,8
17/06/2026 09:58,16.875,0.001,7.99
17/06/2026 09:28,16.875,0.001,7.99
17/06/2026 08:58,16.625,0.001,7.99
17/06/2026 08:28,16.625,0.001,7.98
17/06/2026 07:58,16.375,0.001,7.98
17/06/2026 07:28,16.375,0.001,7.98
17/06/2026 06:58,16.375,0.001,7.98
17/06/2026 06:28,16.25,0.001,7.98
17/06/2026 05:58,16.375,0.001,7.98
17/06/2026 05:28,16.25,0.001,7.98
17/06/2026 04:58,16.25,0.001,7.98
17/06/2026 04:28,16.125,0.001,7.98
17/06/2026 03:58,16.25,0.001,7.98
17/06/2026 03:28,16.25,0.001,7.98
17/06/2026 02:58,16.125,0.001,7.99
17/06/2026 02:28,16.125,0.001,7.99
17/06/2026 01:58,16.25,0.001,7.99
17/06/2026 01:28,16,0.001,7.99
17/06/2026 00:58,16.125,0.001,7.99
17/06/2026 00:28,16,0.001,7.99
16/06/2026 23:58,16,0.001,7.99
16/06/2026 23:28,16,0.001,8
16/06/2026 22:58,16,0.001,8
16/06/2026 22:28,15.875,0.001,8
16/06/2026 21:58,15.875,0.001,8
16/06/2026 21:28,15.875,0.001,8
16/06/2026 20:58,15.875,0.001,8.01
16/06/2026 20:28,15.75,0.001,8.01
16/06/2026 20:28,15.75,0.001,8.01
16/06/2026 19:58,16.625,0.001,8.01
16/06/2026 19:28,15.75,0.001,8.01
16/06/2026 18:58,15.625,0.001,8.01
16/06/2026 18:28,15.5,0.001,8.01
16/06/2026 17:58,15.375,0.001,8.01
16/06/2026 17:28,15.125,0.001,8.01
16/06/2026 16:58,14.875,0.001,8.01
16/06/2026 16:28,14.375,0.001,8.01
16/06/2026 15:58,13.75,0.001,8.01
16/06/2026 15:28,14,0.001,8
16/06/2026 14:58,13.875,0.001,8.01
16/06/2026 14:28,14.25,0.001,8
16/06/2026 13:58,14.75,0.001,8.01
16/06/2026 13:28,15.25,0.001,8.01
16/06/2026 12:58,15.5,0.001,8.01
16/06/2026 12:28,15.875,0.001,8.01
16/06/2026 11:58,16.125,0.001,8.01
16/06/2026 11:28,16.875,0.001,8.01
16/06/2026 10:58,16.875,0.001,8.01
16/06/2026 10:28,16.75,0.001,8.01
16/06/2026 09:58,16.75,0.001,8.01
16/06/2026 09:58,16.75,0.001,8.01
16/06/2026 09:28,15.75,0.001,8
16/06/2026 08:58,16.625,0.001,8
16/06/2026 08:28,16.375,0.001,8
16/06/2026 08:28,16.375,0.001,8
16/06/2026 07:58,16.5,0.001,7.99
16/06/2026 07:28,16.5,0.001,7.99
16/06/2026 07:28,16.5,0.001,7.99
16/06/2026 06:58,16.375,0.001,7.99
16/06/2026 06:28,16.25,0.001,7.99
16/06/2026 05:58,16.375,0.001,7.99
16/06/2026 05:28,16.25,0.001,7.99
16/06/2026 04:58,16.125,0.001,8
16/06/2026 04:28,16.125,0.001,8
16/06/2026 03:58,16.125,0.001,8
16/06/2026 03:28,16.25,0.001,8
16/06/2026 02:58,16.25,0.001,8
16/06/2026 02:28,16.125,0.001,8
16/06/2026 01:58,16.25,0.001,8
16/06/2026 01:28,16.125,0.001,8.01
16/06/2026 00:58,16.125,0.001,8.01
16/06/2026 00:28,16,0.001,8.01
15/06/2026 23:58,16.125,0.001,8.01
15/06/2026 23:28,16.125,0.001,8.01
15/06/2026 22:58,16,0.001,8.02
15/06/2026 22:28,16,0.001,8.02
15/06/2026 21:58,16,0.001,8.02
15/06/2026 21:28,16,0.001,8.02
15/06/2026 20:58,15.875,0.001,8.02
15/06/2026 20:28,15.875,0.001,8.02
15/06/2026 20:28,15.875,0.001,8.02
15/06/2026 19:58,15.75,0.001,8.02
15/06/2026 19:28,15.75,0.001,8.03
15/06/2026 18:58,14.75,0.001,8.03
15/06/2026 18:28,15.625,0.001,8.03
15/06/2026 17:58,15.375,0.001,8.03
15/06/2026 17:28,15.25,0.001,8.03
15/06/2026 16:58,15.25,0.001,8.02
15/06/2026 16:28,14.875,0.001,8.02
15/06/2026 15:58,14.5,0.001,8.02
15/06/2026 15:28,13.875,0.001,8.02
15/06/2026 14:58,14,0.001,8.02
15/06/2026 14:28,13.875,0.001,8.01
15/06/2026 13:58,14.375,0.001,8.01
15/06/2026 13:28,14.375,0.001,8.01
15/06/2026 12:58,15,0.001,8.02
15/06/2026 12:28,15.125,0.001,8.02
15/06/2026 11:58,14.75,0.001,8.02
15/06/2026 11:28,16.125,0.001,8.02
15/06/2026 10:58,16.75,0.001,8.02
15/06/2026 10:28,16.875,0.001,8.02
15/06/2026 09:58,17.625,0.001,8.01
15/06/2026 09:28,16.875,0.001,8.01
15/06/2026 08:58,16.625,0.001,8.01
15/06/2026 08:28,16.5,0.001,8.01
15/06/2026 07:58,16.5,0.001,8
15/06/2026 07:28,16.25,0.001,8
15/06/2026 06:58,16.25,0.001,8
15/06/2026 06:28,16.25,0.001,8
15/06/2026 05:58,16.375,0.001,8
15/06/2026 05:28,16.25,0.001,8
15/06/2026 04:58,16.25,0.001,8
15/06/2026 04:28,16.125,0.001,8
15/06/2026 03:58,16.125,0.001,8.01
15/06/2026 03:28,16.125,0.001,8.01
15/06/2026 02:58,16.125,0.001,8.01
15/06/2026 02:28,16.25,0.001,8.01
15/06/2026 01:58,16.125,0.001,8.01
15/06/2026 01:28,16.125,0.001,8.01
15/06/2026 00:58,16,0.001,8.02
15/06/2026 00:28,15.875,0.001,8.02
14/06/2026 23:58,16,0.001,8.02
14/06/2026 23:28,16.125,0.001,8.02
14/06/2026 22:58,16.125,0.001,8.02
14/06/2026 22:28,15.875,0.001,8.02
14/06/2026 22:28,15.875,0.001,8.02
14/06/2026 21:58,16.125,0.001,8.03
14/06/2026 21:28,15.875,0.001,8.03
14/06/2026 20:58,15.75,0.001,8.03
14/06/2026 20:28,15.875,0.001,8.03
14/06/2026 19:58,15.75,0.001,8.03
14/06/2026 19:28,16.625,0.001,8.03
14/06/2026 19:28,16.625,0.001,8.03
14/06/2026 18:58,15.625,0.001,8.03
14/06/2026 18:28,15.5,0.001,8.03
14/06/2026 17:58,15.375,0.001,8.03
14/06/2026 17:28,15.125,0.001,8.03
14/06/2026 16:58,14.75,0.001,8.03
14/06/2026 16:28,14.625,0.001,8.03
14/06/2026 15:58,14.125,0.001,8.03
14/06/2026 15:28,14.375,0.001,8.02
14/06/2026 14:58,14.375,0.001,8.02
14/06/2026 14:28,15.625,0.001,8.02
14/06/2026 13:58,14.875,0.001,8.02
14/06/2026 13:28,15.125,0.001,8.02
14/06/2026 12:58,15.5,0.001,8.02
14/06/2026 12:28,15.875,0.001,8.02
14/06/2026 11:58,16.375,0.001,8.02
14/06/2026 11:28,17,0.001,8.02
14/06/2026 10:58,17,0.001,8.02
14/06/2026 10:28,16.75,0.001,8.01
14/06/2026 09:58,16.75,0.001,8.01
14/06/2026 09:28,16.5,0.001,8.01
14/06/2026 08:58,16.5,0.001,8.01
14/06/2026 08:28,16.375,0.001,8
14/06/2026 07:58,16.5,0.001,8
14/06/2026 07:28,16.25,0.001,8
14/06/2026 06:58,16.25,0.001,8
14/06/2026 06:28,16.125,0.001,8
14/06/2026 05:58,16.25,0.001,8
14/06/2026 05:28,16.25,0.001,8
14/06/2026 04:58,16.25,0.001,8
14/06/2026 04:28,16,0.001,8
14/06/2026 03:58,16,0.001,8
14/06/2026 03:28,16.125,0.001,8
14/06/2026 02:58,16,0.001,8
14/06/2026 02:28,16,0.001,8
14/06/2026 01:58,16,0.001,8.01
14/06/2026 01:28,16,0.001,8.01
14/06/2026 00:58,16,0.001,8.01
14/06/2026 00:28,16.625,0.001,8.01
13/06/2026 23:58,15.875,0.001,8.01
13/06/2026 23:28,15.875,0.001,8.01
13/06/2026 23:28,15.875,0.001,8.01
13/06/2026 22:58,15.875,0.001,8.01
13/06/2026 22:28,16.625,0.001,8.02
13/06/2026 21:58,16.625,0.001,8.02
13/06/2026 21:58,16.625,0.001,8.02
13/06/2026 21:28,15.625,0.001,8.02
13/06/2026 20:58,15.625,0.001,8.02
13/06/2026 20:28,15.5,0.001,8.02
13/06/2026 19:58,15.375,0.001,8.02
13/06/2026 19:28,15.25,0.001,8.02
13/06/2026 18:58,15.125,0.001,8.02
13/06/2026 18:28,15.125,0.001,8.02
13/06/2026 17:58,15,0.001,8.02
13/06/2026 17:28,15.875,0.001,8.03
13/06/2026 16:58,16.25,0.001,8.03
13/06/2026 16:28,16.125,0.001,8.02
13/06/2026 15:58,16,0.001,8.02
13/06/2026 15:28,15.75,0.001,8.02
13/06/2026 14:58,15.375,0.001,8.01
13/06/2026 14:28,15.375,0.001,8.01
13/06/2026 13:58,14.875,0.001,8.01
13/06/2026 13:28,14.5,0.001,8.01
13/06/2026 12:58,14.25,0.001,8
13/06/2026 12:28,14.5,0.001,8
13/06/2026 11:58,14.875,0.001,8
13/06/2026 11:28,15.375,0.001,8
13/06/2026 10:58,15.875,0.001,7.99
13/06/2026 10:28,16.5,0.001,7.99
13/06/2026 10:28,16.5,0.001,7.99
13/06/2026 09:58,16.875,0.001,7.99
13/06/2026 09:28,17,0.001,7.98
13/06/2026 08:58,16.875,0.001,7.98
13/06/2026 08:28,16.75,0.001,7.98
13/06/2026 07:58,16.75,0.001,7.97
13/06/2026 07:28,15.75,0.001,7.97
13/06/2026 06:58,16.625,0.001,7.97
13/06/2026 06:28,16.5,0.001,7.97
13/06/2026 05:58,17.5,0.001,7.97
13/06/2026 05:28,16.625,0.001,7.97
13/06/2026 04:58,16.375,0.001,7.97
13/06/2026 04:28,16.5,0.001,7.97
13/06/2026 03:58,16.5,0.001,7.97
13/06/2026 03:28,16.5,0.001,7.97
13/06/2026 02:58,16.375,0.001,7.97
13/06/2026 02:28,16.625,0.001,7.97
13/06/2026 01:58,16.375,0.001,7.97
13/06/2026 01:28,16.375,0.001,7.97
13/06/2026 00:58,16.5,0.001,7.97
13/06/2026 00:28,16.375,0.001,7.97
12/06/2026 23:58,16.5,0.001,7.97
12/06/2026 23:28,16.25,0.001,7.97
12/06/2026 22:58,16.375,0.001,7.97
12/06/2026 22:28,16.375,0.001,7.97
12/06/2026 21:58,16.25,0.001,7.97
12/06/2026 21:28,16.25,0.001,7.97
12/06/2026 20:58,16.5,0.001,7.97
12/06/2026 20:28,16.25,0.001,7.97
12/06/2026 19:58,16.25,0.001,7.97
12/06/2026 19:28,16.25,0.001,7.97
12/06/2026 18:58,16.125,0.001,7.97
12/06/2026 18:28,16.25,0.001,7.97
12/06/2026 17:58,16.125,0.001,7.97
12/06/2026 17:28,16,0.001,7.96
12/06/2026 16:58,16,0.001,7.96
12/06/2026 16:28,16,0.001,7.95
12/06/2026 15:58,15.625,0.001,7.95
12/06/2026 15:28,15.375,0.001,7.95
12/06/2026 14:58,15.25,0.001,7.94
12/06/2026 14:28,14.75,0.001,7.94
12/06/2026 13:58,14.375,0.001,7.93
12/06/2026 13:28,14.625,0.001,7.94
12/06/2026 12:58,15.125,0.001,7.94
12/06/2026 12:28,15.5,0.001,7.94
12/06/2026 11:58,15.875,0.001,7.94
12/06/2026 11:28,16.5,0.001,7.94
12/06/2026 10:58,16.875,0.001,7.95
12/06/2026 10:28,16.875,0.001,7.94
12/06/2026 09:58,16.75,0.001,7.94
12/06/2026 09:58,16.75,0.001,7.94
12/06/2026 09:28,16.625,0.001,7.93
12/06/2026 08:58,16.5,0.001,7.93
12/06/2026 08:28,16.375,0.001,7.92
12/06/2026 07:58,16.375,0.001,7.92
12/06/2026 07:28,16.375,0.001,7.91
12/06/2026 06:58,16.125,0.001,7.91
12/06/2026 06:28,16.125,0.001,7.91
12/06/2026 05:58,16,0.001,7.91
12/06/2026 05:28,16.25,0.001,7.91
12/06/2026 04:58,16,0.001,7.91
12/06/2026 04:28,16.25,0.001,7.91
12/06/2026 03:58,16,0.001,7.91
12/06/2026 03:28,16,0.001,7.9
12/06/2026 02:58,16.125,0.001,7.9
12/06/2026 02:28,16.125,0.001,7.9
12/06/2026 01:58,16,0.001,7.9
12/06/2026 01:28,16,0.001,7.89
12/06/2026 00:58,15.75,0.001,7.89
12/06/2026 00:28,15.75,0.001,7.88
11/06/2026 23:58,15.75,0.001,7.88
11/06/2026 23:28,14.75,0.001,7.87
11/06/2026 22:58,15.75,0.001,7.86
11/06/2026 22:28,15.75,0.001,7.85
11/06/2026 21:58,14.75,0.001,7.84
11/06/2026 21:28,15.625,0.001,7.84
11/06/2026 20:58,15.5,0.001,7.88
11/06/2026 20:28,15.25,0.001,7.91
11/06/2026 19:58,15,0.001,7.93
11/06/2026 19:58,15,0.001,7.93
11/06/2026 19:28,13.875,0.001,7.94
11/06/2026 19:13,14.25,0.001,7.95
11/06/2026 19:12,14,0.001,7.95
11/06/2026 19:12,14.125,0.001,8.63
11/06/2026 17:28,13.875,0.001,7.96
11/06/2026 17:28,13.875,0.001,7.96
11/06/2026 17:14,14.5,0.001,7.96
11/06/2026 17:08,12.75,0.001,7.96
11/06/2026 16:58,14.375,0.001,7.96
11/06/2026 16:58,14.375,0.001,7.96
11/06/2026 16:53,12.75,0.001,7.95
11/06/2026 16:38,14.375,0.001,7.95
11/06/2026 16:33,12.75,0.001,7.95
11/06/2026 16:28,13.75,0.001,7.95
11/06/2026 15:58,14.625,0.001,7.95
11/06/2026 15:28,14,0.001,7.93
11/06/2026 14:58,14.25,0.001,7.9
11/06/2026 14:28,14.625,0.001,7.85
11/06/2026 13:58,15.125,0.001,7.78
11/06/2026 13:28,15.375,0.001,7.66
11/06/2026 13:07,15.875,0.001,7.53
11/06/2026 12:58,16,0.001,7.44
11/06/2026 12:28,16.375,0.001,7.07
11/06/2026 11:58,17.125,0.002,6.77
11/06/2026 11:28,17.25,0.002,6.63
11/06/2026 10:58,17.125,0.002,6.59
11/06/2026 10:58,17.125,0.002,6.6
11/06/2026 10:58,17.125,0.002,6.74
07/06/2026 12:59,15.875,0.001,7.96
07/06/2026 12:58,14.75,0.001,7.96
07/06/2026 12:58,15.875,0.001,8.65
07/06/2026 12:28,15.75,0.001,7.97
07/06/2026 11:58,16.375,0.001,7.96
07/06/2026 11:28,17.125,0.001,7.97
07/06/2026 10:58,17,0.001,7.97
07/06/2026 10:28,17,0.001,7.96
07/06/2026 10:28,17,0.001,7.96
07/06/2026 09:58,16.875,0.001,7.96
07/06/2026 09:28,16.875,0.001,7.95
07/06/2026 08:58,16.75,0.001,7.95
07/06/2026 08:28,17.625,0.001,7.95
07/06/2026 07:58,16.625,0.001,7.94
07/06/2026 07:28,16.5,0.001,7.94
07/06/2026 06:58,16.375,0.001,7.94
07/06/2026 06:28,16.5,0.001,7.94
07/06/2026 05:58,16.375,0.001,7.94
07/06/2026 05:58,16.375,0.001,7.94
07/06/2026 05:28,16.25,0.001,7.94
07/06/2026 04:58,16.125,0.001,7.94
07/06/2026 04:28,16.375,0.001,7.94
07/06/2026 03:58,16.25,0.001,7.95
07/06/2026 03:28,16.375,0.001,7.95
07/06/2026 02:58,16.25,0.001,7.95
07/06/2026 02:58,16.25,0.001,7.95
07/06/2026 02:28,16.375,0.001,7.95
07/06/2026 01:58,16.25,0.001,7.95
07/06/2026 01:28,16.125,0.001,7.95
07/06/2026 00:58,16.25,0.001,7.95
07/06/2026 00:28,16.25,0.001,7.95
06/06/2026 23:58,16,0.001,7.95
06/06/2026 23:28,16.125,0.001,7.96
06/06/2026 22:58,16,0.001,7.96
06/06/2026 22:28,16,0.001,7.96
06/06/2026 21:58,15.875,0.001,7.96
06/06/2026 21:28,16,0.001,7.96
06/06/2026 20:58,15.875,0.001,7.97
06/06/2026 20:28,15.875,0.001,7.97
06/06/2026 19:58,15.75,0.001,7.97
06/06/2026 19:28,15.875,0.001,7.97
06/06/2026 18:58,14.875,0.001,7.97
06/06/2026 18:28,15.625,0.001,7.97
06/06/2026 17:58,15.5,0.001,7.97
06/06/2026 17:28,15.375,0.001,7.97
06/06/2026 16:58,15,0.001,7.97
06/06/2026 16:28,13.875,0.001,7.96
06/06/2026 15:58,14.375,0.001,7.96
06/06/2026 15:28,14.375,0.001,7.96
06/06/2026 14:58,14.25,0.001,7.96
06/06/2026 14:28,14.375,0.001,7.96
06/06/2026 13:58,14.875,0.001,7.96
06/06/2026 13:28,15.25,0.001,7.96
06/06/2026 12:58,16.625,0.001,7.96
06/06/2026 12:28,16,0.001,7.96
06/06/2026 11:58,16.25,0.001,7.96
06/06/2026 11:28,17.375,0.001,7.96
06/06/2026 10:58,17,0.001,7.96
06/06/2026 10:58,17,0.001,7.96
06/06/2026 10:28,17,0.001,7.95
06/06/2026 09:58,16.875,0.001,7.95
06/06/2026 09:28,16.875,0.001,7.95
06/06/2026 08:58,16.75,0.001,7.94
06/06/2026 08:58,16.75,0.001,7.94
06/06/2026 08:28,16.75,0.001,7.94
06/06/2026 07:58,16.75,0.001,7.94
06/06/2026 07:28,15.75,0.001,7.94
06/06/2026 06:58,16.625,0.001,7.93
06/06/2026 06:28,16.625,0.001,7.93
06/06/2026 05:58,16.5,0.001,7.93
06/06/2026 05:28,16.5,0.001,7.94
06/06/2026 04:58,16.5,0.001,7.94
06/06/2026 04:28,16.375,0.001,7.94
06/06/2026 04:28,16.375,0.001,7.94
06/06/2026 03:58,16.375,0.001,7.94
06/06/2026 03:58,16.375,0.001,7.94
06/06/2026 03:28,16.375,0.001,7.94
06/06/2026 02:58,16.5,0.001,7.94
06/06/2026 02:28,16.5,0.001,7.94
06/06/2026 01:58,16.5,0.001,7.94
06/06/2026 01:28,16.5,0.001,7.94
06/06/2026 00:58,16.625,0.001,7.95
06/06/2026 00:28,16.375,0.001,7.95
05/06/2026 23:58,16.5,0.001,7.95
05/06/2026 23:28,16.5,0.001,7.95
05/06/2026 22:58,16.5,0.001,7.95
05/06/2026 22:28,16.5,0.001,7.95
05/06/2026 21:58,16.5,0.001,7.95
05/06/2026 21:28,16.5,0.001,7.95
05/06/2026 20:58,16.375,0.001,7.96
05/06/2026 20:28,16.375,0.001,7.96
05/06/2026 19:58,16.375,0.001,7.96
05/06/2026 19:28,16.5,0.001,7.96
05/06/2026 18:58,16.375,0.001,7.96
05/06/2026 18:28,16.125,0.001,7.96
05/06/2026 17:58,16.125,0.001,7.96
05/06/2026 17:28,16.125,0.001,7.96
05/06/2026 16:58,15.875,0.001,7.96
05/06/2026 16:28,15.875,0.001,7.95
05/06/2026 15:58,15.75,0.001,7.95
05/06/2026 15:28,15.5,0.001,7.95
05/06/2026 14:58,15.375,0.001,7.94
05/06/2026 14:28,15.375,0.001,7.94
05/06/2026 13:58,14.75,0.001,7.94
05/06/2026 13:28,14.375,0.001,7.93
05/06/2026 12:58,14.625,0.001,7.93
05/06/2026 12:28,15.125,0.001,7.93
05/06/2026 11:58,15.5,0.001,7.94
05/06/2026 11:28,16,0.001,7.94
05/06/2026 10:58,16.5,0.001,7.95
05/06/2026 10:28,16.75,0.001,7.96
05/06/2026 09:58,16.875,0.001,7.96
05/06/2026 09:28,16.75,0.001,7.95
05/06/2026 09:28,16.75,0.001,7.95
05/06/2026 08:58,16.5,0.001,7.95
05/06/2026 08:28,16.5,0.001,7.95
05/06/2026 07:58,16.5,0.001,7.94
05/06/2026 07:28,16.375,0.001,7.94
05/06/2026 06:58,16.25,0.001,7.94
05/06/2026 06:28,16.125,0.001,7.94
05/06/2026 05:58,16.25,0.001,7.94
05/06/2026 05:28,16.125,0.001,7.94
05/06/2026 04:58,16.25,0.001,7.94
05/06/2026 04:28,16.125,0.001,7.95
05/06/2026 03:58,16.25,0.001,7.94
05/06/2026 03:28,16.125,0.001,7.95
05/06/2026 02:58,16.125,0.001,7.95
05/06/2026 02:58,16.125,0.001,7.95
05/06/2026 02:28,16.125,0.001,7.95
05/06/2026 01:58,16.125,0.001,7.95
05/06/2026 01:28,16.25,0.001,7.95
05/06/2026 00:58,16.125,0.001,7.95
05/06/2026 00:28,16.25,0.001,7.95
04/06/2026 23:58,16.125,0.001,7.96
04/06/2026 23:28,16,0.001,7.96
04/06/2026 22:58,15.875,0.001,7.96
04/06/2026 22:28,16.125,0.001,7.96
04/06/2026 21:58,16,0.001,7.96
04/06/2026 21:28,16,0.001,7.96
04/06/2026 20:58,15.875,0.001,7.97
04/06/2026 20:28,15.875,0.001,7.97
04/06/2026 19:58,15.75,0.001,7.97
04/06/2026 19:28,16.625,0.001,7.97
04/06/2026 18:58,15.625,0.001,7.97
04/06/2026 18:28,15.375,0.001,7.97
04/06/2026 17:58,15.375,0.001,7.97
04/06/2026 17:28,15.25,0.001,7.97
04/06/2026 16:58,14.875,0.001,7.97
04/06/2026 16:28,13.75,0.001,7.97
04/06/2026 15:58,14.375,0.001,7.96
04/06/2026 15:28,15,0.001,7.96
04/06/2026 14:58,15.375,0.001,7.96
04/06/2026 14:28,15.75,0.001,7.96
04/06/2026 13:58,16,0.001,7.96
04/06/2026 13:28,17.625,0.001,7.96
04/06/2026 12:58,17,0.001,7.96
04/06/2026 12:58,17,0.001,7.96
04/06/2026 12:28,17,0.001,7.96
04/06/2026 11:58,16.875,0.001,7.96
04/06/2026 11:58,16.875,0.001,7.96
04/06/2026 11:28,16.75,0.001,7.95
04/06/2026 10:58,16.625,0.001,7.95
04/06/2026 10:28,16.375,0.001,7.95
04/06/2026 09:58,16.375,0.001,7.94
04/06/2026 09:28,16.125,0.001,7.94
04/06/2026 08:58,16.25,0.001,7.94
04/06/2026 08:28,16.375,0.001,7.93
04/06/2026 07:58,16.25,0.001,7.93
04/06/2026 07:28,15.875,0.001,7.93
04/06/2026 06:58,16.125,0.001,7.93
04/06/2026 06:28,15.875,0.001,7.93
04/06/2026 05:58,15.875,0.001,7.93
04/06/2026 05:28,16,0.001,7.93
04/06/2026 04:58,15.875,0.001,7.93
04/06/2026 04:58,15.875,0.001,7.93
04/06/2026 04:28,16,0.001,7.93
04/06/2026 03:58,15.875,0.001,7.93
04/06/2026 03:28,15.75,0.001,7.94
04/06/2026 03:28,15.75,0.001,7.94
04/06/2026 02:58,16.625,0.001,7.94
04/06/2026 02:28,14.75,0.001,7.94
04/06/2026 01:58,15.75,0.001,7.94
04/06/2026 01:28,15.5,0.001,7.94
04/06/2026 00:58,15.5,0.001,7.94
04/06/2026 00:28,15.375,0.001,7.95
03/06/2026 23:58,15.375,0.001,7.95
03/06/2026 23:28,15.375,0.001,7.95
03/06/2026 22:58,15.375,0.001,7.95
03/06/2026 22:28,15.25,0.001,7.95
03/06/2026 21:58,15,0.001,7.95
03/06/2026 21:28,14.875,0.001,7.96
03/06/2026 20:58,14.75,0.001,7.96
03/06/2026 20:28,14.625,0.001,7.96
03/06/2026 19:58,14.375,0.001,7.96
03/06/2026 19:28,14.125,0.001,7.96
03/06/2026 18:58,14.125,0.001,7.97
03/06/2026 18:28,14.375,0.001,7.97
03/06/2026 17:58,15.625,0.001,7.97
03/06/2026 17:28,15,0.001,7.98
03/06/2026 16:58,14.75,0.001,7.98
03/06/2026 16:28,15,0.001,7.98
03/06/2026 15:58,15.25,0.001,7.97
03/06/2026 15:28,15.375,0.001,7.97
03/06/2026 14:58,15.625,0.001,7.97
03/06/2026 14:28,14.75,0.001,7.97
03/06/2026 13:58,15.875,0.001,7.97
03/06/2026 13:28,15.875,0.001,7.97
03/06/2026 12:58,16.25,0.001,7.97
03/06/2026 12:28,17,0.001,7.97
03/06/2026 11:58,16.875,0.001,7.97
03/06/2026 11:28,16.875,0.001,7.97
03/06/2026 10:58,16.75,0.001,7.96
03/06/2026 10:28,16.625,0.001,7.96
03/06/2026 09:58,16.625,0.001,7.95
03/06/2026 09:28,16.5,0.001,7.95
03/06/2026 08:58,16.25,0.001,7.95
03/06/2026 08:28,16.125,0.001,7.94
03/06/2026 07:58,16.125,0.001,7.94
03/06/2026 07:28,16.125,0.001,7.94
03/06/2026 06:58,16.125,0.001,7.93
03/06/2026 06:28,16.25,0.001,7.94
03/06/2026 05:58,16.125,0.001,7.94
03/06/2026 05:28,16.125,0.001,7.94
03/06/2026 04:58,16,0.001,7.94
03/06/2026 04:28,16,0.001,7.94
03/06/2026 03:58,16,0.001,7.94
03/06/2026 03:28,15.875,0.001,7.94
03/06/2026 02:58,15.875,0.001,7.94
03/06/2026 02:28,15.875,0.001,7.95
03/06/2026 01:58,15.75,0.001,7.95
03/06/2026 01:28,15.875,0.001,7.95
03/06/2026 00:58,15.875,0.001,7.95
03/06/2026 00:28,15.75,0.001,7.95
02/06/2026 23:58,14.75,0.001,7.95
02/06/2026 23:28,15.375,0.001,7.96
02/06/2026 22:58,15.625,0.001,7.96
02/06/2026 22:28,15.5,0.001,7.96
02/06/2026 21:58,15.375,0.001,7.96
02/06/2026 21:28,15.5,0.001,7.96
02/06/2026 20:58,15.375,0.001,7.96
02/06/2026 20:28,15,0.001,7.96
02/06/2026 19:58,15.125,0.001,7.97
02/06/2026 19:28,15,0.001,7.97
02/06/2026 19:28,15,0.001,7.97
02/06/2026 18:58,14.75,0.001,7.97
02/06/2026 18:28,14.375,0.001,7.96
02/06/2026 17:58,14.125,0.001,7.97
02/06/2026 17:28,14.375,0.001,7.97
02/06/2026 16:58,14.625,0.001,7.97
02/06/2026 16:28,15.125,0.001,7.97
02/06/2026 15:58,15.375,0.001,7.97
02/06/2026 15:28,15.375,0.001,7.97
02/06/2026 14:58,15.5,0.001,7.96
02/06/2026 14:28,15.5,0.001,7.96
02/06/2026 13:58,15.875,0.001,7.96
02/06/2026 13:28,16.125,0.001,7.96
02/06/2026 12:58,17,0.001,7.97
02/06/2026 12:28,17,0.001,7.96
02/06/2026 11:58,17,0.001,7.96
02/06/2026 11:28,15.75,0.001,7.96
02/06/2026 10:58,16.625,0.001,7.95
02/06/2026 10:28,16.625,0.001,7.95
02/06/2026 09:58,16.375,0.001,7.94
02/06/2026 09:28,16.25,0.001,7.94
02/06/2026 08:58,16.25,0.001,7.94
02/06/2026 08:28,16.25,0.001,7.93
02/06/2026 07:58,16.25,0.001,7.93
02/06/2026 07:28,16.125,0.001,7.93
02/06/2026 06:58,15.875,0.001,7.92
02/06/2026 06:28,16,0.001,7.92
02/06/2026 05:58,15.875,0.001,7.92
02/06/2026 05:28,16,0.001,7.93
02/06/2026 04:58,15.875,0.001,7.93
02/06/2026 04:28,15.875,0.001,7.93
02/06/2026 03:58,14.875,0.001,7.93
02/06/2026 03:28,15.875,0.001,7.93
02/06/2026 02:58,15.75,0.001,7.93
02/06/2026 02:28,15.625,0.001,7.93
02/06/2026 01:58,15.625,0.001,7.93
02/06/2026 01:28,15.625,0.001,7.93
02/06/2026 00:58,15.625,0.001,7.93
02/06/2026 00:28,15.25,0.001,7.93
01/06/2026 23:58,15.375,0.001,7.93
01/06/2026 23:28,15.25,0.001,7.94
01/06/2026 22:58,15.375,0.001,7.94
01/06/2026 22:28,15.125,0.001,7.94
01/06/2026 21:58,14.875,0.001,7.94
01/06/2026 21:28,13.75,0.001,7.94
01/06/2026 20:58,14.5,0.001,7.95
01/06/2026 20:58,14.5,0.001,7.95
01/06/2026 20:28,14.25,0.001,7.95
01/06/2026 19:58,14.5,0.001,7.95
01/06/2026 19:28,14.75,0.001,7.95
01/06/2026 18:58,14.875,0.001,7.96
01/06/2026 18:28,14.875,0.001,7.96
01/06/2026 17:58,15.125,0.001,7.97
01/06/2026 17:28,15.375,0.001,7.97
01/06/2026 16:58,15.5,0.001,7.97
01/06/2026 16:28,15.625,0.001,7.97
01/06/2026 15:58,15.75,0.001,7.97
01/06/2026 15:28,16.625,0.001,7.97
01/06/2026 14:58,15.75,0.001,7.97
01/06/2026 14:28,15.875,0.001,7.97
01/06/2026 13:58,16,0.001,7.96
01/06/2026 13:28,16.5,0.001,7.96
01/06/2026 12:58,16.5,0.001,7.96
01/06/2026 12:28,16.375,0.001,7.96
01/06/2026 12:28,16.375,0.001,7.96
01/06/2026 11:58,16.25,0.001,7.96
01/06/2026 11:28,16.25,0.001,7.95
01/06/2026 10:58,16.125,0.001,7.95
01/06/2026 10:28,16.125,0.001,7.95
01/06/2026 09:58,16.125,0.001,7.95
01/06/2026 09:28,16.125,0.001,7.94
01/06/2026 08:58,16.125,0.001,7.94
01/06/2026 08:28,16,0.001,7.94
01/06/2026 07:58,15.875,0.001,7.94
01/06/2026 07:28,15.875,0.001,7.93
01/06/2026 06:58,16,0.001,7.93
01/06/2026 06:28,15.75,0.001,7.93
01/06/2026 05:58,15.875,0.001,7.94
01/06/2026 05:28,15.875,0.001,7.94
01/06/2026 04:58,15.75,0.001,7.94
01/06/2026 04:28,15.875,0.001,7.94
01/06/2026 04:28,15.875,0.001,7.94
01/06/2026 03:58,15.75,0.001,7.94
01/06/2026 03:28,16.5,0.001,7.94
01/06/2026 02:58,15.875,0.001,7.94
01/06/2026 02:28,15.5,0.001,7.94
01/06/2026 01:58,15.75,0.001,7.95
01/06/2026 01:28,15.5,0.001,7.95
01/06/2026 00:58,15.5,0.001,7.95
01/06/2026 00:28,15.25,0.001,7.95
31/05/2026 23:58,15.375,0.001,7.95
31/05/2026 23:28,15.25,0.001,7.95
31/05/2026 23:28,15.25,0.001,7.95
31/05/2026 22:58,15.25,0.001,7.96
31/05/2026 22:58,15.25,0.001,7.96
31/05/2026 22:28,15.25,0.001,7.96
31/05/2026 21:58,15,0.001,7.96
31/05/2026 21:28,14.875,0.001,7.96
31/05/2026 20:58,14.625,0.001,7.96
31/05/2026 20:28,14.25,0.001,7.96
31/05/2026 19:58,14.25,0.001,7.96
31/05/2026 19:28,14.375,0.001,7.96
31/05/2026 18:58,14.625,0.001,7.97
31/05/2026 18:28,15.625,0.001,7.97
31/05/2026 17:58,15.25,0.001,7.97
31/05/2026 17:28,15.25,0.001,7.97
31/05/2026 16:58,15.375,0.001,7.97
31/05/2026 16:28,15.5,0.001,7.97
31/05/2026 15:58,15.625,0.001,7.97
31/05/2026 15:28,15.75,0.001,7.97
31/05/2026 14:58,15.75,0.001,7.97
31/05/2026 14:28,16.125,0.001,7.97
31/05/2026 13:58,16.25,0.001,7.97
31/05/2026 13:28,16.5,0.001,7.97
31/05/2026 12:58,16.375,0.001,7.96
31/05/2026 12:28,16.375,0.001,7.96
31/05/2026 11:58,16.25,0.001,7.96
31/05/2026 11:28,16.25,0.001,7.95
31/05/2026 10:58,16.125,0.001,7.95
31/05/2026 10:28,16.25,0.001,7.95
31/05/2026 09:58,16.25,0.001,7.94
31/05/2026 09:28,16.125,0.001,7.94
31/05/2026 08:58,16.125,0.001,7.94
31/05/2026 08:28,15.875,0.001,7.94
31/05/2026 07:58,16.125,0.001,7.93
31/05/2026 07:28,15.875,0.001,7.93
31/05/2026 06:58,16,0.001,7.93
31/05/2026 06:28,15.75,0.001,7.93
31/05/2026 05:58,15.875,0.001,7.93
31/05/2026 05:28,15.875,0.001,7.94
31/05/2026 04:58,15.875,0.001,7.93
31/05/2026 04:58,15.875,0.001,7.93
31/05/2026 04:28,15.75,0.001,7.94
31/05/2026 03:58,15.875,0.001,7.94
31/05/2026 03:28,15.75,0.001,7.94
31/05/2026 03:28,15.75,0.001,7.94
31/05/2026 02:58,14.75,0.001,7.94
31/05/2026 02:28,15.625,0.001,7.94
31/05/2026 01:58,15.625,0.001,7.94
31/05/2026 01:28,15.25,0.001,7.95
31/05/2026 00:58,15.5,0.001,7.95
31/05/2026 00:28,15.25,0.001,7.95
30/05/2026 23:58,15.25,0.001,7.95
30/05/2026 23:28,15.375,0.001,7.95
30/05/2026 22:58,14.875,0.001,7.95
30/05/2026 22:28,15.125,0.001,7.95
30/05/2026 21:58,14.875,0.001,7.96
30/05/2026 21:28,14.75,0.001,7.96
30/05/2026 20:58,14.5,0.001,7.96
30/05/2026 20:28,14.125,0.001,7.95
30/05/2026 19:58,14.375,0.001,7.96
30/05/2026 19:28,15,0.001,7.96
30/05/2026 18:58,15,0.001,7.97
30/05/2026 18:28,15.375,0.001,7.97
30/05/2026 17:58,15.375,0.001,7.97
30/05/2026 17:28,14.75,0.001,7.97
30/05/2026 16:58,16.5,0.001,7.97
30/05/2026 16:28,15.75,0.001,7.97
30/05/2026 15:58,16,0.001,7.97
30/05/2026 15:28,15.75,0.001,7.96
30/05/2026 15:28,15.75,0.001,7.96
30/05/2026 14:58,16,0.001,7.96
30/05/2026 14:28,16.25,0.001,7.96
30/05/2026 13:58,16.625,0.001,7.96
30/05/2026 13:28,16.375,0.001,7.96
30/05/2026 12:58,16.375,0.001,7.96
30/05/2026 12:28,16.375,0.001,7.95
30/05/2026 11:58,16.375,0.001,7.95
30/05/2026 11:28,16.125,0.001,7.95
30/05/2026 10:58,16.125,0.001,7.94
30/05/2026 10:28,16.25,0.001,7.94
30/05/2026 09:58,16.25,0.001,7.94
30/05/2026 09:28,16,0.001,7.94
30/05/2026 08:58,16.125,0.001,7.93
30/05/2026 08:28,15.875,0.001,7.93
30/05/2026 08:28,15.875,0.001,7.93
30/05/2026 07:58,16,0.001,7.93
30/05/2026 07:28,16,0.001,7.92
30/05/2026 06:58,16,0.001,7.92
30/05/2026 06:28,16,0.001,7.92
30/05/2026 05:58,16,0.001,7.92
30/05/2026 05:28,15.875,0.001,7.92
30/05/2026 04:58,15.75,0.001,7.93
30/05/2026 04:28,15.75,0.001,7.92
30/05/2026 03:58,15.875,0.001,7.93
30/05/2026 03:28,15.75,0.001,7.93
30/05/2026 02:58,15.625,0.001,7.93
30/05/2026 02:28,16.5,0.001,7.93
30/05/2026 01:58,15.625,0.001,7.93
30/05/2026 01:28,15.625,0.001,7.93
30/05/2026 00:58,15.375,0.001,7.93
30/05/2026 00:28,15.25,0.001,7.93
29/05/2026 23:58,15.375,0.001,7.93
29/05/2026 23:28,15.25,0.001,7.93
29/05/2026 23:28,15.25,0.001,7.93
29/05/2026 22:58,15.375,0.001,7.93
29/05/2026 22:28,15,0.001,7.94
29/05/2026 21:58,15.125,0.001,7.94
29/05/2026 21:28,14.875,0.001,7.94
29/05/2026 20:58,14.375,0.001,7.94
29/05/2026 20:28,14.375,0.001,7.94
29/05/2026 19:58,14.25,0.001,7.94
29/05/2026 19:28,13.875,0.001,7.94
29/05/2026 18:58,14.125,0.001,7.94
29/05/2026 18:28,14.125,0.001,7.94
29/05/2026 17:58,14.25,0.001,7.94
29/05/2026 17:28,14.25,0.001,7.94
29/05/2026 16:58,15.625,0.001,7.94
29/05/2026 16:28,15,0.001,7.94
29/05/2026 15:58,15.25,0.001,7.94
29/05/2026 15:28,15.625,0.001,7.94
29/05/2026 14:58,15.75,0.001,7.94
29/05/2026 14:28,16.25,0.001,7.94
29/05/2026 13:58,16.625,0.001,7.94
29/05/2026 13:28,16.375,0.001,7.93
29/05/2026 12:58,16.25,0.001,7.93
29/05/2026 12:28,16.375,0.001,7.93
29/05/2026 11:58,16.125,0.001,7.92
29/05/2026 11:28,16.25,0.001,7.92
29/05/2026 10:58,16.25,0.001,7.91
29/05/2026 10:28,16.25,0.001,7.91
29/05/2026 09:58,16,0.001,7.9
29/05/2026 09:28,16.125,0.001,7.9
29/05/2026 09:28,16.125,0.001,7.9
29/05/2026 08:58,15.875,0.001,7.89
29/05/2026 08:28,16,0.001,7.88
29/05/2026 07:58,15.875,0.001,7.88
29/05/2026 07:28,16,0.001,7.88
29/05/2026 06:58,16,0.001,7.88
29/05/2026 06:28,15.875,0.001,7.87
29/05/2026 05:58,15.875,0.001,7.88
29/05/2026 05:28,15.875,0.001,7.87
29/05/2026 04:58,15.875,0.001,7.87
29/05/2026 04:58,15.875,0.001,7.87
29/05/2026 04:28,15.75,0.001,7.87
29/05/2026 03:58,15.75,0.001,7.87
29/05/2026 03:28,16.625,0.001,7.87
29/05/2026 02:58,16.625,0.001,7.87
29/05/2026 02:28,15.375,0.001,7.87
29/05/2026 01:58,16.625,0.001,7.87
29/05/2026 01:28,15.625,0.001,7.87
29/05/2026 00:58,15.5,0.001,7.87
29/05/2026 00:58,15.5,0.001,7.87
29/05/2026 00:28,15.375,0.001,7.88
28/05/2026 23:58,15.25,0.001,7.87
28/05/2026 23:28,15.375,0.001,7.87
28/05/2026 22:58,15,0.001,7.87
28/05/2026 22:28,15,0.001,7.87
28/05/2026 21:58,14.75,0.001,7.87
28/05/2026 21:28,14.75,0.001,7.87
28/05/2026 21:28,14.75,0.001,7.87
28/05/2026 20:58,15.5,0.001,7.87
28/05/2026 20:28,14.25,0.001,7.87
28/05/2026 19:58,14.25,0.001,7.87
28/05/2026 19:28,13.875,0.001,7.86
28/05/2026 18:58,14,0.001,7.86
28/05/2026 18:28,14.375,0.001,7.87
28/05/2026 17:58,14.875,0.001,7.87
28/05/2026 17:28,14.875,0.001,7.86
28/05/2026 16:58,15.125,0.001,7.86
28/05/2026 16:28,15.25,0.001,7.86
28/05/2026 15:58,15.375,0.001,7.86
28/05/2026 15:28,15.5,0.001,7.85
28/05/2026 14:58,15.625,0.001,7.85
28/05/2026 14:28,15.75,0.001,7.85
28/05/2026 13:58,16,0.001,7.85
28/05/2026 13:28,16,0.001,7.86
28/05/2026 12:58,16.25,0.001,7.86
28/05/2026 12:28,16.25,0.001,7.88
28/05/2026 11:58,16.5,0.001,7.89
28/05/2026 11:28,16.25,0.001,7.91
28/05/2026 10:58,16.125,0.001,7.92
28/05/2026 10:28,16.125,0.001,7.94
28/05/2026 10:28,16.125,0.001,7.94
28/05/2026 09:58,16,0.001,7.95
28/05/2026 09:28,16.125,0.001,7.95
28/05/2026 09:28,16.125,0.001,7.95
28/05/2026 08:58,16,0.001,7.95
28/05/2026 08:28,16,0.001,7.95
28/05/2026 07:58,16,0.001,7.95
28/05/2026 07:28,15.75,0.001,7.95
28/05/2026 06:58,15.875,0.001,7.94
28/05/2026 06:28,15.75,0.001,7.94
28/05/2026 06:28,15.75,0.001,7.94
28/05/2026 05:58,15.75,0.001,7.94
28/05/2026 05:28,15.75,0.001,7.94
28/05/2026 04:58,15.875,0.001,7.95
28/05/2026 04:28,16,0.001,7.95
28/05/2026 03:58,15.75,0.001,7.95
28/05/2026 03:28,14.75,0.001,7.95
28/05/2026 02:58,15.75,0.001,7.95
28/05/2026 02:28,15.625,0.001,7.95
28/05/2026 01:58,15.75,0.001,7.95
28/05/2026 01:28,15.625,0.001,7.96
28/05/2026 00:58,15.5,0.001,7.96
28/05/2026 00:28,15.5,0.001,7.96
27/05/2026 23:58,15.375,0.001,7.96
27/05/2026 23:28,15.375,0.001,7.96
27/05/2026 22:58,15.25,0.001,7.96
27/05/2026 22:28,15.125,0.001,7.96
27/05/2026 21:58,14.875,0.001,7.97
27/05/2026 21:28,14.75,0.001,7.97
27/05/2026 20:58,14.75,0.001,7.97
27/05/2026 20:28,14.625,0.001,7.97
27/05/2026 19:58,14.625,0.001,7.97
27/05/2026 19:28,14.375,0.001,7.98
27/05/2026 19:28,14.375,0.001,7.98
27/05/2026 18:58,14.125,0.001,7.98
27/05/2026 18:28,14,0.001,7.97
27/05/2026 17:58,14.5,0.001,7.98
27/05/2026 17:28,15.625,0.001,7.98
27/05/2026 16:58,15,0.001,7.98
27/05/2026 16:28,15.25,0.001,7.98
27/05/2026 15:58,15.25,0.001,7.98
27/05/2026 15:28,15.375,0.001,7.98
27/05/2026 14:58,15.5,0.001,7.98
27/05/2026 14:28,15.875,0.001,7.98
27/05/2026 13:58,16,0.001,7.98
27/05/2026 13:58,16,0.001,7.98
27/05/2026 13:28,15.75,0.001,7.98
27/05/2026 12:58,16.5,0.001,7.98
27/05/2026 12:58,16.5,0.001,7.98
27/05/2026 12:28,16.5,0.001,7.97
27/05/2026 11:58,16.375,0.001,7.97
27/05/2026 11:28,16.25,0.001,7.97
27/05/2026 10:58,16.25,0.001,7.97
27/05/2026 10:28,16.375,0.001,7.96
27/05/2026 09:58,16.25,0.001,7.96
27/05/2026 09:28,16,0.001,7.95
27/05/2026 08:58,16.125,0.001,7.95
27/05/2026 08:28,16,0.001,7.95
27/05/2026 07:58,16,0.001,7.95
27/05/2026 07:28,15.875,0.001,7.94
27/05/2026 06:58,16,0.001,7.94
27/05/2026 06:28,16,0.001,7.94
27/05/2026 05:58,15.875,0.001,7.94
27/05/2026 05:28,16,0.001,7.94
27/05/2026 04:58,16,0.001,7.95
27/05/2026 04:28,15.875,0.001,7.95
27/05/2026 03:58,15.75,0.001,7.95
27/05/2026 03:28,15.875,0.001,7.95
27/05/2026 02:58,15.75,0.001,7.95
27/05/2026 02:28,15.75,0.001,7.95
27/05/2026 01:58,15.75,0.001,7.95
27/05/2026 01:58,15.75,0.001,7.95
27/05/2026 01:28,14.75,0.001,7.95
27/05/2026 00:58,14.75,0.001,7.96
27/05/2026 00:28,15.5,0.001,7.96
26/05/2026 23:58,15.375,0.001,7.96
26/05/2026 23:28,15.5,0.001,7.96
26/05/2026 22:58,15.375,0.001,7.96
26/05/2026 22:28,15.25,0.001,7.96
26/05/2026 21:58,15.25,0.001,7.96
26/05/2026 21:28,15.125,0.001,7.97
26/05/2026 20:58,15.125,0.001,7.97
26/05/2026 20:28,15,0.001,7.97
26/05/2026 19:58,14.875,0.001,7.97
26/05/2026 19:28,15,0.001,7.98
26/05/2026 19:28,15,0.001,7.98
26/05/2026 18:58,14.5,0.001,7.97
26/05/2026 18:28,14.375,0.001,7.98
26/05/2026 17:58,14.125,0.001,7.98
26/05/2026 17:28,14.75,0.001,7.98
26/05/2026 16:58,15,0.001,7.98
26/05/2026 16:28,15.25,0.001,7.98
26/05/2026 15:58,15.375,0.001,7.98
26/05/2026 15:28,15.625,0.001,7.98
26/05/2026 14:58,15.75,0.001,7.98
26/05/2026 14:28,16.125,0.001,7.98
26/05/2026 13:58,16.25,0.001,7.98
26/05/2026 13:28,16.5,0.001,7.98
26/05/2026 12:58,16.375,0.001,7.97
26/05/2026 12:28,16.375,0.001,7.97
26/05/2026 11:58,16.25,0.001,7.97
26/05/2026 11:28,16.125,0.001,7.96
26/05/2026 10:58,16.25,0.001,7.96
26/05/2026 10:28,16.25,0.001,7.96
26/05/2026 09:58,16.125,0.001,7.95
26/05/2026 09:28,16.25,0.001,7.95
26/05/2026 08:58,16.125,0.001,7.95
26/05/2026 08:28,16,0.001,7.94
26/05/2026 07:58,16,0.001,7.94
26/05/2026 07:28,16,0.001,7.94
26/05/2026 06:58,16,0.001,7.94
26/05/2026 06:58,16,0.001,7.94
26/05/2026 06:28,16,0.001,7.94
26/05/2026 05:58,15.875,0.001,7.94
26/05/2026 05:28,15.875,0.001,7.94
26/05/2026 04:58,15.75,0.001,7.94
26/05/2026 04:28,15.875,0.001,7.94
26/05/2026 03:58,15.875,0.001,7.95
26/05/2026 03:28,14.875,0.001,7.95
26/05/2026 02:58,15.875,0.001,7.95
26/05/2026 02:28,16.5,0.001,7.95
26/05/2026 01:58,14.875,0.001,7.95
26/05/2026 01:28,16.375,0.001,7.95
26/05/2026 00:58,16.625,0.001,7.95
26/05/2026 00:28,15.625,0.001,7.95
25/05/2026 23:58,15.5,0.001,7.95
25/05/2026 23:28,15.5,0.001,7.96
25/05/2026 22:58,15.375,0.001,7.96
25/05/2026 22:28,15.25,0.001,7.96
25/05/2026 21:58,15.125,0.001,7.96
25/05/2026 21:28,15,0.001,7.96
25/05/2026 20:58,15.25,0.001,7.97
25/05/2026 20:58,15.25,0.001,7.97
25/05/2026 20:28,15.125,0.001,7.97
25/05/2026 19:58,14.875,0.001,7.97
25/05/2026 19:28,14.5,0.001,7.97
25/05/2026 18:58,14.625,0.001,7.97
25/05/2026 18:28,14.25,0.001,7.97
25/05/2026 17:58,14.25,0.001,7.97
25/05/2026 17:28,14.875,0.001,7.97
25/05/2026 16:58,15,0.001,7.97
25/05/2026 16:28,15.5,0.001,7.98
25/05/2026 15:58,15.5,0.001,7.98
25/05/2026 15:28,14.875,0.001,7.97
25/05/2026 14:58,15.875,0.001,7.98
25/05/2026 14:28,16,0.001,7.98
25/05/2026 13:58,16,0.001,7.97
25/05/2026 13:28,16.5,0.001,7.98
25/05/2026 12:58,16.375,0.001,7.97
25/05/2026 12:28,16.625,0.001,7.97
25/05/2026 11:58,16.375,0.001,7.96
25/05/2026 11:28,16.125,0.001,7.96
25/05/2026 10:58,16.25,0.001,7.96
25/05/2026 10:28,16.125,0.001,7.96
25/05/2026 09:58,16.125,0.001,7.95
25/05/2026 09:28,16,0.001,7.95
25/05/2026 08:58,16,0.001,7.95
25/05/2026 08:58,16,0.001,7.95
25/05/2026 08:28,16.125,0.001,7.94
25/05/2026 08:28,16.125,0.001,7.94
25/05/2026 07:58,16,0.001,7.94
25/05/2026 07:28,15.875,0.001,7.94
25/05/2026 06:58,15.875,0.001,7.94
25/05/2026 06:28,15.875,0.001,7.94
25/05/2026 05:58,16,0.001,7.94
25/05/2026 05:28,15.875,0.001,7.94
25/05/2026 04:58,16,0.001,7.94
25/05/2026 04:28,15.75,0.001,7.94
25/05/2026 03:58,15.75,0.001,7.95
25/05/2026 03:28,15.75,0.001,7.95
25/05/2026 03:28,15.75,0.001,7.95
25/05/2026 02:58,15.875,0.001,7.95
25/05/2026 02:28,16.625,0.001,7.95
25/05/2026 02:28,16.625,0.001,7.95
25/05/2026 01:58,15.75,0.001,7.95
25/05/2026 01:28,15.625,0.001,7.95
25/05/2026 00:58,15.625,0.001,7.95
25/05/2026 00:28,15.625,0.001,7.95
24/05/2026 23:58,15.625,0.001,7.96
24/05/2026 23:28,15.5,0.001,7.96
24/05/2026 22:58,15.375,0.001,7.96
24/05/2026 22:28,15.375,0.001,7.96
24/05/2026 21:58,15.25,0.001,7.96
24/05/2026 21:28,15.125,0.001,7.96
24/05/2026 20:58,15.125,0.001,7.96
24/05/2026 20:28,15.125,0.001,7.97
24/05/2026 19:58,14.75,0.001,7.97
24/05/2026 19:28,15,0.001,7.97
24/05/2026 18:58,14.625,0.001,7.97
24/05/2026 18:28,14.625,0.001,7.98
24/05/2026 17:58,14.375,0.001,7.97
24/05/2026 17:28,14.5,0.001,7.97
24/05/2026 16:58,14.75,0.001,7.97
24/05/2026 16:28,15.375,0.001,7.98
24/05/2026 15:58,15.5,0.001,7.98
24/05/2026 15:28,15.625,0.001,7.98
24/05/2026 14:58,15.875,0.001,7.98
24/05/2026 14:28,16,0.001,7.98
24/05/2026 13:58,16.375,0.001,7.98
24/05/2026 13:28,16.5,0.001,7.97
24/05/2026 12:58,16.375,0.001,7.97
24/05/2026 12:28,16.5,0.001,7.97
24/05/2026 11:58,16.25,0.001,7.96
24/05/2026 11:58,16.25,0.001,7.96
24/05/2026 11:28,16.375,0.001,7.96
24/05/2026 10:58,16.125,0.001,7.96
24/05/2026 10:28,16.25,0.001,7.95
24/05/2026 09:58,16.125,0.001,7.95
24/05/2026 09:28,16,0.001,7.95
24/05/2026 08:58,16,0.001,7.94
24/05/2026 08:28,15.875,0.001,7.94
24/05/2026 07:58,16,0.001,7.94
24/05/2026 07:28,15.875,0.001,7.93
24/05/2026 06:58,15.875,0.001,7.93
24/05/2026 06:28,15.875,0.001,7.93
24/05/2026 05:58,15.75,0.001,7.94
24/05/2026 05:28,16.625,0.001,7.94
24/05/2026 05:28,16.625,0.001,7.94
24/05/2026 04:58,14.75,0.001,7.94
24/05/2026 04:28,15.75,0.001,7.94
24/05/2026 03:58,15.75,0.001,7.94
24/05/2026 03:28,15.75,0.001,7.94
24/05/2026 02:58,15.75,0.001,7.94
24/05/2026 02:28,14.75,0.001,7.94
24/05/2026 01:58,15.75,0.001,7.94
24/05/2026 01:28,15.375,0.001,7.94
24/05/2026 00:58,15.5,0.001,7.95
24/05/2026 00:28,15.625,0.001,7.95
23/05/2026 23:58,15.375,0.001,7.95
23/05/2026 23:28,15.25,0.001,7.95
23/05/2026 22:58,15.125,0.001,7.95
23/05/2026 22:58,15.125,0.001,7.95
23/05/2026 22:28,15.25,0.001,7.95
23/05/2026 21:58,15.125,0.001,7.96
23/05/2026 21:28,15,0.001,7.96
23/05/2026 20:58,15,0.001,7.96
23/05/2026 20:28,15,0.001,7.96
23/05/2026 19:58,13.75,0.001,7.96
23/05/2026 19:58,13.75,0.001,7.96
23/05/2026 19:28,14.625,0.001,7.96
23/05/2026 18:58,14.5,0.001,7.96
23/05/2026 18:28,14,0.001,7.96
23/05/2026 17:58,14.25,0.001,7.96
23/05/2026 17:28,13.875,0.001,7.96
23/05/2026 16:58,15.25,0.001,7.96
23/05/2026 16:28,15.375,0.001,7.96
23/05/2026 15:58,15.375,0.001,7.96
23/05/2026 15:28,15.625,0.001,7.96
23/05/2026 14:58,14.875,0.001,7.96
23/05/2026 14:28,15.875,0.001,7.96
23/05/2026 13:58,16.125,0.001,7.96
23/05/2026 13:28,16.5,0.001,7.96
23/05/2026 12:58,16.5,0.001,7.96
23/05/2026 12:28,16.5,0.001,7.95
23/05/2026 11:58,16.25,0.001,7.95
23/05/2026 11:28,16.375,0.001,7.95
23/05/2026 10:58,16.125,0.001,7.94
23/05/2026 10:28,16,0.001,7.94
23/05/2026 10:28,16,0.001,7.94
23/05/2026 09:58,16.125,0.001,7.94
23/05/2026 09:28,16.125,0.001,7.93
23/05/2026 08:58,16,0.001,7.93
23/05/2026 08:28,16,0.001,7.93
23/05/2026 07:58,15.75,0.001,7.92
23/05/2026 07:28,16,0.001,7.92
23/05/2026 07:28,16,0.001,7.92
23/05/2026 06:58,15.875,0.001,7.92
23/05/2026 06:28,15.75,0.001,7.92
23/05/2026 05:58,16.625,0.001,7.92
23/05/2026 05:28,15.75,0.001,7.92
23/05/2026 04:58,15.75,0.001,7.92
23/05/2026 04:28,15.875,0.001,7.92
23/05/2026 03:58,15.625,0.001,7.92
23/05/2026 03:28,14.875,0.001,7.92
23/05/2026 02:58,15.625,0.001,7.92
23/05/2026 02:28,15.625,0.001,7.92
23/05/2026 01:58,15.5,0.001,7.92
23/05/2026 01:28,16.625,0.001,7.92
23/05/2026 00:58,15.625,0.001,7.93
23/05/2026 00:28,15.5,0.001,7.93
22/05/2026 23:58,15.375,0.001,7.93
22/05/2026 23:28,15.375,0.001,7.93
22/05/2026 22:58,15.25,0.001,7.93
22/05/2026 22:28,15.375,0.001,7.93
22/05/2026 21:58,15.125,0.001,7.93
22/05/2026 21:28,14.875,0.001,7.93
22/05/2026 20:58,14.875,0.001,7.93
22/05/2026 20:28,13.75,0.001,7.93
22/05/2026 19:58,14.75,0.001,7.93
22/05/2026 19:28,14.375,0.001,7.94
22/05/2026 18:58,14.125,0.001,7.94
22/05/2026 18:28,14.25,0.001,7.94
22/05/2026 17:58,13.75,0.001,7.94
22/05/2026 17:28,15.125,0.001,7.94
22/05/2026 16:58,15,0.001,7.94
22/05/2026 16:28,15.375,0.001,7.94
22/05/2026 15:58,15.5,0.001,7.94
22/05/2026 15:28,16.625,0.001,7.94
22/05/2026 14:58,15.875,0.001,7.94
22/05/2026 14:28,16.25,0.001,7.94
22/05/2026 13:58,16.125,0.001,7.93
22/05/2026 13:28,15.875,0.001,7.93
22/05/2026 12:58,15.875,0.001,7.93
22/05/2026 12:28,15.875,0.001,7.92
22/05/2026 11:58,16,0.001,7.92
22/05/2026 11:28,15.875,0.001,7.91
22/05/2026 10:58,14.75,0.001,7.91
22/05/2026 10:28,15.25,0.001,7.91
22/05/2026 09:58,15.375,0.001,7.91
22/05/2026 09:28,14.875,0.001,7.91
22/05/2026 09:28,14.875,0.001,7.91
22/05/2026 08:58,15,0.001,7.91
22/05/2026 08:28,15.25,0.001,7.91
22/05/2026 08:28,15.25,0.001,7.91
22/05/2026 07:58,15.875,0.001,7.92
22/05/2026 07:28,17,0.001,7.93
22/05/2026 06:58,16.125,0.001,7.93
22/05/2026 06:28,16.25,0.001,7.93
22/05/2026 05:58,16.25,0.001,7.93
22/05/2026 05:28,16.125,0.001,7.93
22/05/2026 04:58,16,0.001,7.93
22/05/2026 04:28,16.125,0.001,7.93
22/05/2026 03:58,16,0.001,7.93
22/05/2026 03:28,16.125,0.001,7.93
22/05/2026 02:58,16,0.001,7.93
22/05/2026 02:28,16,0.001,7.93
22/05/2026 01:58,16,0.001,7.93
22/05/2026 01:28,15.875,0.001,7.93
22/05/2026 00:58,15.875,0.001,7.93
22/05/2026 00:28,15.75,0.001,7.93
21/05/2026 23:58,14.875,0.001,7.93
21/05/2026 23:28,15.625,0.001,7.93
21/05/2026 22:58,15.625,0.001,7.93
21/05/2026 22:28,15.5,0.001,7.94
21/05/2026 21:58,15.5,0.001,7.94
21/05/2026 21:28,15.125,0.001,7.94
21/05/2026 20:58,15,0.001,7.94
21/05/2026 20:28,15.25,0.001,7.94
21/05/2026 19:58,14.875,0.001,7.94
21/05/2026 19:28,14.75,0.001,7.94
21/05/2026 18:58,14.5,0.001,7.94
21/05/2026 18:28,14.375,0.001,7.94
21/05/2026 17:58,13.75,0.001,7.94
21/05/2026 17:28,14.75,0.001,7.94
21/05/2026 16:58,14.875,0.001,7.94
21/05/2026 16:28,14.875,0.001,7.94
21/05/2026 15:58,15.125,0.001,7.94
21/05/2026 15:28,14.875,0.001,7.94
21/05/2026 14:58,15.375,0.001,7.94
21/05/2026 14:28,15.5,0.001,7.95
21/05/2026 13:58,16,0.001,7.95
21/05/2026 13:28,16.75,0.001,7.95
21/05/2026 12:58,17,0.001,7.96
21/05/2026 12:28,16.75,0.001,7.95
21/05/2026 11:58,16.875,0.001,7.95
21/05/2026 11:28,17.625,0.001,7.95
21/05/2026 10:58,15.75,0.001,7.94
21/05/2026 10:28,16.75,0.001,7.94
21/05/2026 09:58,15.75,0.001,7.94
21/05/2026 09:28,16.5,0.001,7.93
21/05/2026 08:58,16.5,0.001,7.93
21/05/2026 08:28,16.5,0.001,7.92
21/05/2026 08:28,16.5,0.001,7.92
21/05/2026 07:58,16.375,0.001,7.92
21/05/2026 07:28,16.375,0.001,7.92
21/05/2026 06:58,16.375,0.001,7.92
21/05/2026 06:28,16.375,0.001,7.92
21/05/2026 05:58,16.125,0.001,7.92
21/05/2026 05:28,16.25,0.001,7.92
21/05/2026 04:58,16.125,0.001,7.92
21/05/2026 04:28,16.125,0.001,7.92
21/05/2026 03:58,16.125,0.001,7.92
21/05/2026 03:28,16.25,0.001,7.92
21/05/2026 02:58,16.125,0.001,7.92
21/05/2026 02:28,16,0.001,7.92
21/05/2026 01:58,15.875,0.001,7.92
21/05/2026 01:28,16,0.001,7.92
21/05/2026 00:58,16,0.001,7.92
21/05/2026 00:28,15.75,0.001,7.92
20/05/2026 23:58,15.875,0.001,7.92
20/05/2026 23:28,15.5,0.001,7.92
20/05/2026 22:58,14.875,0.001,7.92
20/05/2026 22:28,15.625,0.001,7.92
20/05/2026 21:58,15.5,0.001,7.92
20/05/2026 21:28,15.375,0.001,7.92
20/05/2026 20:58,15.375,0.001,7.92
20/05/2026 20:28,15.25,0.001,7.92
20/05/2026 19:58,15,0.001,7.92
20/05/2026 19:28,15,0.001,7.92
20/05/2026 18:58,14.625,0.001,7.92
20/05/2026 18:28,14.25,0.001,7.92
20/05/2026 17:58,14.375,0.001,7.92
20/05/2026 17:28,13.875,0.001,7.92
20/05/2026 16:58,14,0.001,7.92
20/05/2026 16:28,14.25,0.001,7.92
20/05/2026 15:58,14.125,0.001,7.91
20/05/2026 15:28,14.5,0.001,7.91
20/05/2026 14:58,14.625,0.001,7.91
20/05/2026 14:28,14.625,0.001,7.91
20/05/2026 13:58,13.75,0.001,7.91
20/05/2026 13:28,14.75,0.001,7.91
20/05/2026 12:58,15.25,0.001,7.91
20/05/2026 12:28,15.25,0.001,7.91
20/05/2026 11:58,14.875,0.001,7.9
20/05/2026 11:28,14.875,0.001,7.9
20/05/2026 10:58,15.5,0.001,7.9
20/05/2026 10:28,14.375,0.001,7.89
20/05/2026 09:58,14.5,0.001,7.89
20/05/2026 09:28,14.25,0.001,7.89
20/05/2026 08:58,14,0.001,7.88
20/05/2026 08:28,14.625,0.001,7.88
20/05/2026 07:58,15.25,0.001,7.89
20/05/2026 07:28,16,0.001,7.89
20/05/2026 06:58,15.875,0.001,7.89
20/05/2026 06:28,15.875,0.001,7.89
20/05/2026 06:28,15.875,0.001,7.89
20/05/2026 05:58,15.75,0.001,7.89
20/05/2026 05:28,15.75,0.001,7.89
20/05/2026 04:58,15.75,0.001,7.89
20/05/2026 04:28,15.875,0.001,7.89
20/05/2026 03:58,16.625,0.001,7.89
20/05/2026 03:28,16.5,0.001,7.89
20/05/2026 02:58,15.5,0.001,7.89
20/05/2026 02:28,15.375,0.001,7.89
20/05/2026 01:58,15.25,0.001,7.89
20/05/2026 01:28,15.25,0.001,7.89
20/05/2026 00:58,14.875,0.001,7.89
20/05/2026 00:28,15.25,0.001,7.89
19/05/2026 23:58,14.875,0.001,7.89
19/05/2026 23:28,14.25,0.001,7.89
19/05/2026 22:58,14.25,0.001,7.88
19/05/2026 22:28,14.125,0.001,7.88
19/05/2026 21:58,13.375,0.001,7.88
19/05/2026 21:28,13.875,0.001,7.88
19/05/2026 20:58,14.125,0.001,7.89
19/05/2026 20:28,14.25,0.001,7.89
19/05/2026 19:58,14.875,0.001,7.89
19/05/2026 19:28,15.125,0.001,7.9
19/05/2026 18:58,15.375,0.001,7.9
19/05/2026 18:28,15.625,0.001,7.91
19/05/2026 17:58,15.75,0.001,7.91
19/05/2026 17:28,15.75,0.001,7.91
19/05/2026 16:58,16.25,0.001,7.91
19/05/2026 16:28,16.375,0.001,7.92
19/05/2026 15:58,16.125,0.001,7.92
19/05/2026 15:28,16,0.001,7.92
19/05/2026 14:58,16.125,0.001,7.92
19/05/2026 14:28,16,0.001,7.92
19/05/2026 13:58,16,0.001,7.92
19/05/2026 13:58,16,0.001,7.92
19/05/2026 13:28,15.75,0.001,7.92
19/05/2026 12:58,15.875,0.001,7.93
19/05/2026 12:28,15.75,0.001,7.93
19/05/2026 11:58,15.5,0.001,7.93
19/05/2026 11:28,15.375,0.001,7.92
19/05/2026 10:58,15.375,0.001,7.92
19/05/2026 10:28,15.375,0.001,7.92
19/05/2026 09:58,15.125,0.001,7.92
19/05/2026 09:28,14.875,0.001,7.92
19/05/2026 08:58,14.75,0.001,7.91
19/05/2026 08:28,14.375,0.001,7.91
19/05/2026 07:58,14.25,0.001,7.91
19/05/2026 07:28,13.875,0.001,7.91
19/05/2026 06:58,14,0.001,7.91
19/05/2026 06:28,15.625,0.001,7.91
19/05/2026 05:58,14.75,0.001,7.92
19/05/2026 05:28,16.25,0.001,7.93
19/05/2026 04:58,16.5,0.001,7.93
19/05/2026 04:28,16.125,0.001,7.93
19/05/2026 03:58,16.375,0.001,7.93
19/05/2026 03:28,16.25,0.001,7.93
19/05/2026 02:58,16.125,0.001,7.93
19/05/2026 02:28,16.125,0.001,7.93
19/05/2026 01:58,16.25,0.001,7.93
19/05/2026 01:28,16.125,0.001,7.93
19/05/2026 00:58,16.125,0.001,7.93
19/05/2026 00:28,16,0.001,7.93
18/05/2026 23:58,16.125,0.001,7.93
18/05/2026 23:28,16.125,0.001,7.93
18/05/2026 22:58,15.875,0.001,7.93
18/05/2026 22:28,16,0.001,7.93
18/05/2026 21:58,15.75,0.001,7.93
18/05/2026 21:28,15.875,0.001,7.93
18/05/2026 20:58,15.75,0.001,7.93
18/05/2026 20:28,15.875,0.001,7.94
18/05/2026 19:58,15.875,0.001,7.94
18/05/2026 19:28,15.75,0.001,7.94
18/05/2026 18:58,15.75,0.001,7.94
18/05/2026 18:28,15.75,0.001,7.94
18/05/2026 17:58,15.5,0.001,7.94
18/05/2026 17:28,15.375,0.001,7.94
18/05/2026 16:58,15.25,0.001,7.94
18/05/2026 16:28,14.875,0.001,7.94
18/05/2026 15:58,14.5,0.001,7.94
18/05/2026 15:28,14.25,0.001,7.94
18/05/2026 14:58,14.25,0.001,7.95
18/05/2026 14:28,14,0.001,7.96
18/05/2026 13:58,14.625,0.001,7.96
18/05/2026 13:28,15.25,0.001,7.97
18/05/2026 12:58,15.375,0.001,7.97
18/05/2026 12:28,15.875,0.001,7.97
18/05/2026 11:58,16.25,0.001,7.97
18/05/2026 11:28,16.125,0.001,7.97
18/05/2026 10:58,15.75,0.001,7.97
18/05/2026 10:28,16.625,0.001,7.98
18/05/2026 09:58,15.5,0.001,7.98
18/05/2026 09:28,15.375,0.001,7.97
18/05/2026 08:58,15.5,0.001,7.97
18/05/2026 08:28,15.375,0.001,7.97
18/05/2026 07:58,15.5,0.001,7.97
18/05/2026 07:28,15.375,0.001,7.97
18/05/2026 06:58,15.25,0.001,7.97
18/05/2026 06:28,15.125,0.001,7.97
18/05/2026 05:58,15.375,0.001,7.97
18/05/2026 05:28,15.5,0.001,7.97
18/05/2026 04:58,15.375,0.001,7.97
18/05/2026 04:28,15.5,0.001,7.97
18/05/2026 03:58,15.5,0.001,7.98
18/05/2026 03:28,15.5,0.001,7.98
18/05/2026 02:58,15.375,0.001,7.98
18/05/2026 02:28,15.375,0.001,7.98
18/05/2026 01:58,15.5,0.001,7.98
18/05/2026 01:28,15.625,0.001,7.98
18/05/2026 00:58,15.5,0.001,7.98
18/05/2026 00:28,15.75,0.001,7.99
18/05/2026 00:28,15.75,0.001,7.99
17/05/2026 23:58,16.625,0.001,7.99
17/05/2026 23:28,15.75,0.001,7.99
17/05/2026 22:58,15.875,0.001,7.99
17/05/2026 22:28,15.75,0.001,7.99
17/05/2026 21:58,15.75,0.001,7.99
17/05/2026 21:28,15.75,0.001,8
17/05/2026 20:58,15.75,0.001,8
17/05/2026 20:28,15.875,0.001,8
17/05/2026 19:58,15.75,0.001,8
17/05/2026 19:28,15.75,0.001,8
17/05/2026 18:58,15.75,0.001,8
17/05/2026 18:28,15.625,0.001,8
17/05/2026 17:58,15.75,0.001,8
17/05/2026 17:28,15.625,0.001,8
17/05/2026 16:58,15.375,0.001,8
17/05/2026 16:28,15,0.001,8
17/05/2026 15:58,14.625,0.001,7.99
17/05/2026 15:28,14.375,0.001,7.99
17/05/2026 14:58,13.875,0.001,7.99
17/05/2026 14:28,13.375,0.001,7.98
17/05/2026 13:58,13.375,0.001,7.98
17/05/2026 13:43,14.25,0.001,7.98
17/05/2026 13:38,12.75,0.001,7.98
17/05/2026 13:28,12.875,0.001,7.98
17/05/2026 12:58,14,0.001,7.99
17/05/2026 12:28,15,0.001,7.99
17/05/2026 11:58,15.25,0.001,7.99
17/05/2026 11:28,16,0.001,7.99
17/05/2026 10:58,16,0.001,7.99
17/05/2026 10:28,16,0.001,7.99
17/05/2026 09:58,14.875,0.001,7.99
17/05/2026 09:28,14.75,0.001,7.98
17/05/2026 08:58,15.5,0.001,7.98
17/05/2026 08:28,15.375,0.001,7.98
17/05/2026 07:58,14.875,0.001,7.97
17/05/2026 07:28,15.125,0.001,7.97
17/05/2026 06:58,14.75,0.001,7.97
17/05/2026 06:28,15.625,0.001,7.97
17/05/2026 05:58,14.25,0.001,7.98
17/05/2026 05:28,14.25,0.001,7.98
17/05/2026 04:58,14.125,0.001,7.98
17/05/2026 04:28,15.125,0.001,7.98
17/05/2026 03:58,15.75,0.001,7.99
17/05/2026 03:28,16,0.001,7.99
17/05/2026 02:58,16,0.001,7.99
17/05/2026 02:28,16,0.001,7.99
17/05/2026 01:58,15.875,0.001,7.99
17/05/2026 01:28,15.75,0.001,7.99
17/05/2026 00:58,15.625,0.001,8
17/05/2026 00:28,15.5,0.001,7.99
16/05/2026 23:58,15.375,0.001,7.99
16/05/2026 23:28,15.5,0.001,8
16/05/2026 22:58,15,0.001,8
16/05/2026 22:28,14.875,0.001,8
16/05/2026 21:58,15,0.001,8
16/05/2026 21:28,14.75,0.001,8
16/05/2026 20:58,14.625,0.001,8
16/05/2026 20:28,14.25,0.001,8
16/05/2026 19:58,14,0.001,8
16/05/2026 19:28,13.875,0.001,8
16/05/2026 18:58,13.5,0.001,8
16/05/2026 18:28,14,0.001,8.01
16/05/2026 17:58,13.75,0.001,8.01
16/05/2026 17:28,15.25,0.001,8.01
16/05/2026 16:58,15.625,0.001,8.02
16/05/2026 16:28,15.875,0.001,8.02
16/05/2026 15:58,15.625,0.001,8.01
16/05/2026 15:28,15.375,0.001,8.01
16/05/2026 14:58,15.125,0.001,8.01
16/05/2026 14:28,14.375,0.001,8.01
16/05/2026 13:58,14.25,0.001,8
16/05/2026 13:28,13.75,0.001,8
16/05/2026 12:58,14,0.001,8
16/05/2026 12:28,14.5,0.001,8
16/05/2026 11:58,15.125,0.001,8
16/05/2026 11:28,15.5,0.001,8
16/05/2026 10:58,16.25,0.001,8.01
16/05/2026 10:28,16.25,0.001,8
16/05/2026 09:58,16.125,0.001,8
16/05/2026 09:28,16,0.001,8
16/05/2026 08:58,15.75,0.001,8
16/05/2026 08:28,15.75,0.001,7.99
16/05/2026 07:58,15.5,0.001,7.99
16/05/2026 07:28,15.375,0.001,7.99
16/05/2026 06:58,15.25,0.001,7.99
16/05/2026 06:28,15.25,0.001,7.99
16/05/2026 06:28,15.25,0.001,7.99
16/05/2026 05:58,15.125,0.001,7.99
16/05/2026 05:28,15.125,0.001,7.99
16/05/2026 04:58,15,0.001,7.99
16/05/2026 04:28,15,0.001,7.99
16/05/2026 03:58,14.75,0.001,7.99
16/05/2026 03:28,14.25,0.001,7.99
16/05/2026 02:58,14.625,0.001,8
16/05/2026 02:28,14.375,0.001,8
16/05/2026 01:58,14,0.001,8
16/05/2026 01:28,14.375,0.001,8
16/05/2026 00:58,15.25,0.001,8.01
16/05/2026 00:58,15.25,0.001,8.01
16/05/2026 00:28,16.25,0.001,8.01
15/05/2026 23:58,16.375,0.001,8.02
15/05/2026 23:58,16.375,0.001,8.02
15/05/2026 23:28,16.125,0.001,8.02
15/05/2026 22:58,16.125,0.001,8.02
15/05/2026 22:28,16.25,0.001,8.02
15/05/2026 21:58,16,0.001,8.02
15/05/2026 21:28,16.125,0.001,8.02
15/05/2026 20:58,15.875,0.001,8.02
15/05/2026 20:28,15.875,0.001,8.02
15/05/2026 19:58,16,0.001,8.02
15/05/2026 19:28,15.875,0.001,8.02
15/05/2026 18:58,15.875,0.001,8.02
15/05/2026 18:28,15.625,0.001,8.02
15/05/2026 18:28,15.625,0.001,8.02
15/05/2026 17:58,15.5,0.001,8.02
15/05/2026 17:28,15,0.001,8.02
15/05/2026 16:58,15.625,0.001,8.02
15/05/2026 16:28,14.5,0.001,8.01
15/05/2026 15:58,13.875,0.001,8.01
15/05/2026 15:28,13.875,0.001,8.01
15/05/2026 14:58,14.875,0.001,8.01
15/05/2026 14:28,15.5,0.001,8.02
15/05/2026 13:58,16.125,0.001,8.02
15/05/2026 13:28,16,0.001,8.01
15/05/2026 12:58,15.875,0.001,8.01
15/05/2026 12:28,15.625,0.001,8.01
15/05/2026 11:58,15.5,0.001,8
15/05/2026 11:28,15,0.001,8
15/05/2026 10:58,14.875,0.001,8
15/05/2026 10:28,14.875,0.001,8
15/05/2026 09:58,14.375,0.001,8
15/05/2026 09:28,14.5,0.001,7.99
15/05/2026 08:58,15.25,0.001,8
15/05/2026 08:28,16,0.001,8
15/05/2026 07:58,16,0.001,8
15/05/2026 07:28,15.75,0.001,7.99
15/05/2026 06:58,15.875,0.001,7.99
15/05/2026 06:28,15.75,0.001,7.99
15/05/2026 05:58,15.625,0.001,7.99
15/05/2026 05:28,15.5,0.001,8
15/05/2026 04:58,15.375,0.001,8
15/05/2026 04:28,15.375,0.001,8
15/05/2026 03:58,15.375,0.001,8
15/05/2026 03:28,15.375,0.001,8
15/05/2026 02:58,15,0.001,8
15/05/2026 02:28,15.125,0.001,8
15/05/2026 01:58,15,0.001,8
15/05/2026 01:28,15,0.001,8
15/05/2026 00:58,13.875,0.001,8
15/05/2026 00:28,14.625,0.001,8
14/05/2026 23:58,14.375,0.001,8.01
14/05/2026 23:28,16.625,0.001,8.01
14/05/2026 22:58,16.25,0.001,8.02
14/05/2026 22:28,16.125,0.001,8.02
14/05/2026 21:58,16.125,0.001,8.02
14/05/2026 21:28,16.125,0.001,8.02
14/05/2026 20:58,16,0.001,8.02
14/05/2026 20:28,16,0.001,8.02
14/05/2026 19:58,15.875,0.001,8.02
14/05/2026 19:28,15.875,0.001,8.02
14/05/2026 18:58,15.75,0.001,8.02
14/05/2026 18:28,16.625,0.001,8.02
14/05/2026 17:58,15.625,0.001,8.02
14/05/2026 17:28,15.25,0.001,8.02
14/05/2026 16:58,15.125,0.001,8.02
14/05/2026 16:28,14.75,0.001,8.01
14/05/2026 15:58,14.375,0.001,8.01
14/05/2026 15:28,14.375,0.001,8.01
14/05/2026 14:58,13.75,0.001,8.01
14/05/2026 14:28,14,0.001,8.01
14/05/2026 13:58,13.875,0.001,8.01
14/05/2026 13:28,15.375,0.001,8.01
14/05/2026 12:58,15.75,0.001,8.01
14/05/2026 12:28,16,0.001,8.01
14/05/2026 11:58,16,0.001,8.01
14/05/2026 11:28,15.875,0.001,8.01
14/05/2026 10:58,16,0.001,8
14/05/2026 10:28,15.875,0.001,8
14/05/2026 09:58,15.875,0.001,8
14/05/2026 09:28,15.75,0.001,8
14/05/2026 09:28,15.75,0.001,8
14/05/2026 08:58,14.875,0.001,7.99
14/05/2026 08:28,15.875,0.001,7.99
14/05/2026 07:58,15.625,0.001,7.99
14/05/2026 07:28,16.625,0.001,7.99
14/05/2026 06:58,15.5,0.001,7.99
14/05/2026 06:28,15.5,0.001,7.99
14/05/2026 05:58,15.625,0.001,7.99
14/05/2026 05:28,15.5,0.001,7.99
14/05/2026 04:58,15.375,0.001,7.99
14/05/2026 04:28,15.375,0.001,7.99
14/05/2026 03:58,15.375,0.001,7.99
14/05/2026 03:28,15.625,0.001,7.99
14/05/2026 02:58,15.5,0.001,8
14/05/2026 02:28,15.25,0.001,7.99
14/05/2026 01:58,15.5,0.001,8
14/05/2026 01:28,15.375,0.001,8
14/05/2026 00:58,15.5,0.001,8
14/05/2026 00:28,15.375,0.001,8
13/05/2026 23:58,15.625,0.001,8
13/05/2026 23:28,15.625,0.001,8
13/05/2026 22:58,15.5,0.001,8
13/05/2026 22:28,15.5,0.001,8.01
13/05/2026 21:58,15.375,0.001,8.01
13/05/2026 21:28,15.375,0.001,8.01
13/05/2026 20:58,15.375,0.001,8.01
13/05/2026 20:28,15.5,0.001,8.01
13/05/2026 19:58,15.375,0.001,8.01
13/05/2026 19:28,15.25,0.001,8.01
13/05/2026 18:58,15.125,0.001,8.01
13/05/2026 18:58,15.125,0.001,8.01
13/05/2026 18:28,15.125,0.001,8.01
13/05/2026 17:58,14.75,0.001,8.01
13/05/2026 17:58,14.75,0.001,8.01
13/05/2026 17:28,14.5,0.001,8.01
13/05/2026 16:58,14.25,0.001,8.01
13/05/2026 16:58,14.25,0.001,8.01
13/05/2026 16:28,14.125,0.001,8.01
13/05/2026 15:58,13.875,0.001,8.01
13/05/2026 15:28,13.5,0.001,8
13/05/2026 14:58,13.75,0.001,8
13/05/2026 14:58,13.75,0.001,8
13/05/2026 14:28,14.375,0.001,8.01
13/05/2026 13:58,15.125,0.001,8.01
13/05/2026 13:28,16.625,0.001,8.01
13/05/2026 12:58,16.125,0.001,8.01
13/05/2026 12:28,16,0.001,8.01
13/05/2026 11:58,16.125,0.001,8
13/05/2026 11:28,16,0.001,8
13/05/2026 10:58,15.75,0.001,8
13/05/2026 10:28,16,0.001,7.99
13/05/2026 09:58,15.75,0.001,7.99
13/05/2026 09:28,15.875,0.001,7.99
13/05/2026 08:58,14.875,0.001,7.99
13/05/2026 08:28,14.75,0.001,7.98
13/05/2026 07:58,15.5,0.001,7.98
13/05/2026 07:28,14.75,0.001,7.98
13/05/2026 06:58,15.625,0.001,7.98
13/05/2026 06:28,15.625,0.001,7.98
13/05/2026 05:58,15.625,0.001,7.98
13/05/2026 05:28,15.625,0.001,7.98
13/05/2026 04:58,15.5,0.001,7.98
13/05/2026 04:28,15.625,0.001,7.98
13/05/2026 03:58,15.375,0.001,7.98
13/05/2026 03:28,15.5,0.001,7.99
13/05/2026 02:58,15.375,0.001,7.99
13/05/2026 02:28,15.5,0.001,7.99
13/05/2026 01:58,15.375,0.001,7.99
13/05/2026 01:28,15.375,0.001,7.99
13/05/2026 00:58,15.375,0.001,7.99
13/05/2026 00:28,15.25,0.001,7.99
12/05/2026 23:58,15.25,0.001,7.99
12/05/2026 23:28,15.25,0.001,7.99
12/05/2026 22:58,15.375,0.001,8
12/05/2026 22:28,15.5,0.001,8
12/05/2026 21:58,15.25,0.001,8
12/05/2026 21:28,15.25,0.001,8
12/05/2026 20:58,15,0.001,8
12/05/2026 20:58,15,0.001,8
12/05/2026 20:28,15.25,0.001,8
12/05/2026 19:58,15.25,0.001,8.01
12/05/2026 19:28,15.125,0.001,8.01
12/05/2026 18:58,15.125,0.001,8.01
12/05/2026 18:28,14.75,0.001,8.01
12/05/2026 17:58,14.875,0.001,8.01
12/05/2026 17:28,13.875,0.001,8.01
12/05/2026 16:58,14.5,0.001,8.01
12/05/2026 16:28,13.875,0.001,8.01
12/05/2026 15:58,13.875,0.001,8.01
12/05/2026 15:28,14.5,0.001,8.01
12/05/2026 14:58,15,0.001,8.01
12/05/2026 14:28,15.625,0.001,8.01
12/05/2026 14:28,15.625,0.001,8.01
12/05/2026 13:58,16.125,0.001,8.01
12/05/2026 13:28,16.25,0.001,8
12/05/2026 12:58,15.875,0.001,8
12/05/2026 12:28,16,0.001,8
12/05/2026 11:58,15.875,0.001,8
12/05/2026 11:28,15.875,0.001,7.99
12/05/2026 10:58,15.875,0.001,7.99
12/05/2026 10:28,15.75,0.001,7.99
12/05/2026 09:58,15.875,0.001,7.99
12/05/2026 09:28,15.875,0.001,7.98
12/05/2026 08:58,15.75,0.001,7.98
12/05/2026 08:28,14.75,0.001,7.98
12/05/2026 07:58,15.75,0.001,7.98
12/05/2026 07:28,14.875,0.001,7.97
12/05/2026 06:58,15.5,0.001,7.97
12/05/2026 06:28,14.75,0.001,7.97
12/05/2026 05:58,15.375,0.001,7.97
12/05/2026 05:28,16.5,0.001,7.97
12/05/2026 04:58,15.625,0.001,7.97
12/05/2026 04:28,15.5,0.001,7.98
12/05/2026 03:58,15.5,0.001,7.98
12/05/2026 03:28,15.625,0.001,7.98
12/05/2026 02:58,15.375,0.001,7.98
12/05/2026 02:28,15.5,0.001,7.98
12/05/2026 01:58,15.5,0.001,7.98
12/05/2026 01:28,15.375,0.001,7.98
12/05/2026 00:58,15.25,0.001,7.98
12/05/2026 00:28,15.5,0.001,7.98
11/05/2026 23:58,15.5,0.001,7.98
11/05/2026 23:28,15.375,0.001,7.98
11/05/2026 22:58,15.375,0.001,7.98
11/05/2026 22:28,15.375,0.001,7.99
11/05/2026 21:58,15.25,0.001,7.99
11/05/2026 21:28,15.375,0.001,7.99
11/05/2026 20:58,15.375,0.001,7.99
11/05/2026 20:28,15.375,0.001,7.99
11/05/2026 19:58,15.375,0.001,7.99
11/05/2026 19:28,15.125,0.001,7.99
11/05/2026 18:58,15.25,0.001,7.99
11/05/2026 18:28,15,0.001,7.99
11/05/2026 17:58,15,0.001,7.99
11/05/2026 17:28,15.125,0.001,7.99
11/05/2026 16:58,14.875,0.001,7.99
11/05/2026 16:28,15.625,0.001,7.98
11/05/2026 15:58,14.5,0.001,7.98
11/05/2026 15:28,14.375,0.001,7.98
11/05/2026 14:58,14.125,0.001,7.98
11/05/2026 14:28,14.625,0.001,7.98
11/05/2026 13:58,13.875,0.001,7.98
11/05/2026 13:28,14.375,0.001,7.98
11/05/2026 12:58,15.125,0.001,7.99
11/05/2026 12:28,15.875,0.001,7.99
11/05/2026 11:58,16,0.001,8
11/05/2026 11:28,16,0.001,8
11/05/2026 10:58,15.875,0.001,8.01
11/05/2026 10:28,15.75,0.001,8
11/05/2026 09:58,14.75,0.001,8
11/05/2026 09:28,15.75,0.001,8
11/05/2026 08:58,15.75,0.001,8
11/05/2026 08:28,15.625,0.001,8
11/05/2026 07:58,14.75,0.001,8
11/05/2026 07:28,16.625,0.001,7.99
11/05/2026 06:58,15.375,0.001,7.99
11/05/2026 06:28,15.625,0.001,7.99
11/05/2026 05:58,15.5,0.001,7.99
11/05/2026 05:28,15.5,0.001,7.99
11/05/2026 04:58,15.375,0.001,7.99
11/05/2026 04:28,15.375,0.001,8
11/05/2026 04:28,15.375,0.001,8
11/05/2026 03:58,15.5,0.001,8
11/05/2026 03:28,15.5,0.001,8
11/05/2026 02:58,15.5,0.001,8
11/05/2026 02:28,15.375,0.001,8
11/05/2026 01:58,15.375,0.001,8
11/05/2026 01:28,15.375,0.001,8
11/05/2026 00:58,15.25,0.001,8
11/05/2026 00:28,15.375,0.001,8
10/05/2026 23:58,15.125,0.001,8
10/05/2026 23:28,15.25,0.001,8.01
10/05/2026 22:58,15,0.001,8.01
10/05/2026 22:28,15,0.001,8.01
10/05/2026 21:58,15.25,0.001,8.01
10/05/2026 21:28,15.25,0.001,8.01
10/05/2026 20:58,15.125,0.001,8.01
10/05/2026 20:28,14.75,0.001,8.01
10/05/2026 19:58,15.25,0.001,8.01
10/05/2026 19:28,14.875,0.001,8.01
10/05/2026 18:58,15,0.001,8.01
10/05/2026 18:28,15,0.001,8.01
10/05/2026 17:58,14.875,0.001,8.01
10/05/2026 17:28,14.875,0.001,8.01
10/05/2026 16:58,14.75,0.001,8.01
10/05/2026 16:28,14.25,0.001,8.01
10/05/2026 15:58,14.125,0.001,8.01
10/05/2026 15:28,13.875,0.001,8
10/05/2026 15:28,13.875,0.001,8
10/05/2026 14:58,15,0.001,8.01
10/05/2026 14:28,15.875,0.001,8.01
10/05/2026 13:58,16.125,0.001,8.01
10/05/2026 13:28,16.25,0.001,8.01
10/05/2026 12:58,16.125,0.001,8
10/05/2026 12:28,16.125,0.001,8
10/05/2026 11:58,16.125,0.001,8
10/05/2026 11:28,15.875,0.001,7.99
10/05/2026 10:58,15.875,0.001,7.99
10/05/2026 10:58,15.875,0.001,7.99
10/05/2026 10:28,15.75,0.001,7.99
10/05/2026 09:58,15.75,0.001,7.98
10/05/2026 09:28,15.875,0.001,7.98
10/05/2026 08:58,16.625,0.001,7.97
10/05/2026 08:28,16.625,0.001,7.97
10/05/2026 07:58,16.625,0.001,7.97
10/05/2026 07:28,15.625,0.001,7.97
10/05/2026 06:58,15.625,0.001,7.96
10/05/2026 06:28,16.625,0.001,7.96
10/05/2026 05:58,14.75,0.001,7.96
10/05/2026 05:28,15.625,0.001,7.96
10/05/2026 04:58,15.625,0.001,7.96
10/05/2026 04:28,15.625,0.001,7.97
10/05/2026 04:28,15.625,0.001,7.97
10/05/2026 03:58,15.625,0.001,7.96
10/05/2026 03:28,15.5,0.001,7.97
10/05/2026 02:58,15.5,0.001,7.97
10/05/2026 02:28,15.625,0.001,7.97
10/05/2026 01:58,15.375,0.001,7.96
10/05/2026 01:28,15.625,0.001,7.96
10/05/2026 00:58,15.5,0.001,7.96
10/05/2026 00:28,15.5,0.001,7.96
09/05/2026 23:58,15.625,0.001,7.96
09/05/2026 23:28,15.5,0.001,7.96
09/05/2026 22:58,15.375,0.001,7.96
09/05/2026 22:28,15.375,0.001,7.97
09/05/2026 21:58,15.25,0.001,7.97
09/05/2026 21:28,15.625,0.001,7.97
09/05/2026 20:58,15.375,0.001,7.97
09/05/2026 20:28,15.25,0.001,7.97
09/05/2026 20:28,15.25,0.001,7.97
09/05/2026 19:58,15.25,0.001,7.97
09/05/2026 19:28,15.375,0.001,7.97
09/05/2026 18:58,15.125,0.001,7.97
09/05/2026 18:28,15.25,0.001,7.97
09/05/2026 17:58,15.25,0.001,7.97
09/05/2026 17:28,15.25,0.001,7.97
09/05/2026 16:58,15,0.001,7.97
09/05/2026 16:28,14.875,0.001,7.97
09/05/2026 15:58,15.625,0.001,7.97
09/05/2026 15:28,14.25,0.001,7.96
09/05/2026 14:58,14.375,0.001,7.96
09/05/2026 14:28,15.125,0.001,7.96
09/05/2026 13:58,16,0.001,7.96
09/05/2026 13:28,16.25,0.001,7.96
09/05/2026 12:58,16.125,0.001,7.96
09/05/2026 12:28,16.25,0.001,7.96
09/05/2026 11:58,16.25,0.001,7.95
09/05/2026 11:28,16,0.001,7.95
09/05/2026 10:58,16,0.001,7.95
09/05/2026 10:28,15.75,0.001,7.95
09/05/2026 09:58,15.875,0.001,7.94
09/05/2026 09:28,15.875,0.001,7.94
09/05/2026 08:58,15.75,0.001,7.94
09/05/2026 08:28,16,0.001,7.94
09/05/2026 07:58,15.75,0.001,7.94
09/05/2026 07:28,15.75,0.001,7.93
09/05/2026 06:58,15.75,0.001,7.93
09/05/2026 06:28,16.625,0.001,7.93
09/05/2026 05:58,15.875,0.001,7.93
09/05/2026 05:28,15.75,0.001,7.92
09/05/2026 04:58,15.875,0.001,7.92
09/05/2026 04:58,15.875,0.001,7.92
09/05/2026 04:28,16.625,0.001,7.92
09/05/2026 03:58,16.625,0.001,7.91
09/05/2026 03:28,14.875,0.001,7.91
09/05/2026 02:58,14.875,0.001,7.9
09/05/2026 02:28,15.75,0.001,7.9
09/05/2026 01:58,15.625,0.001,7.9
09/05/2026 01:28,15.875,0.001,7.92
09/05/2026 00:58,15.75,0.001,7.93
09/05/2026 00:28,16.625,0.001,7.93
08/05/2026 23:58,15.625,0.001,7.93
08/05/2026 23:28,16.625,0.001,7.93
08/05/2026 22:58,14.75,0.001,7.93
08/05/2026 22:58,14.75,0.001,7.93
08/05/2026 22:28,14.75,0.001,7.92
08/05/2026 21:58,15.75,0.001,7.92
08/05/2026 21:28,15.75,0.001,7.91
08/05/2026 20:58,16.5,0.001,7.9
08/05/2026 20:28,15.75,0.001,7.88
08/05/2026 19:58,15.75,0.001,7.86
08/05/2026 19:58,15.75,0.001,7.86
08/05/2026 19:28,15.875,0.001,7.84
08/05/2026 18:58,16.625,0.001,7.8
08/05/2026 18:28,15.75,0.001,7.75
08/05/2026 17:58,15.5,0.001,7.69
08/05/2026 17:28,15.5,0.001,7.6
08/05/2026 17:07,15.625,0.001,7.51
08/05/2026 16:58,15.625,0.001,7.46
08/05/2026 16:28,15.5,0.001,7.26
08/05/2026 15:58,15.125,0.001,7.06
08/05/2026 15:28,15.125,0.001,6.9
08/05/2026 14:58,14.625,0.001,6.8
08/05/2026 14:28,14.75,0.001,6.75
08/05/2026 14:28,14.75,0.001,6.75
08/05/2026 13:58,15.5,0.001,6.73
08/05/2026 13:28,16,0.001,6.74
08/05/2026 12:58,16.375,0.001,6.75
08/05/2026 12:58,16.375,0.001,6.96
01/05/2026 09:28,15.75,0.001,7.98
01/05/2026 09:28,15.75,0.001,7.98
01/05/2026 08:58,15.625,0.001,7.97
01/05/2026 08:28,15.625,0.001,7.97
01/05/2026 07:58,14.75,0.001,7.97
01/05/2026 07:28,15.625,0.001,7.97
01/05/2026 06:58,15.625,0.001,7.97
01/05/2026 06:28,15.625,0.001,7.97
01/05/2026 05:58,16.625,0.001,7.97
01/05/2026 05:28,14.75,0.001,7.97
01/05/2026 04:58,16.625,0.001,7.97
01/05/2026 04:28,15.625,0.001,7.97
01/05/2026 03:58,15.75,0.001,7.97
01/05/2026 03:28,15.75,0.001,7.98
01/05/2026 02:58,15.75,0.001,7.98
01/05/2026 02:28,15.625,0.001,7.98
01/05/2026 01:58,15.875,0.001,7.98
01/05/2026 01:28,15.625,0.001,7.98
01/05/2026 00:58,15.75,0.001,7.98
01/05/2026 00:28,15.875,0.001,7.99
30/04/2026 23:58,15.875,0.001,7.99
30/04/2026 23:28,16,0.001,7.99
30/04/2026 22:58,15.875,0.001,7.99
30/04/2026 22:28,15.875,0.001,7.99
30/04/2026 21:58,16,0.001,7.99
30/04/2026 21:28,16,0.001,8
30/04/2026 20:58,16.125,0.001,8
30/04/2026 20:28,16.25,0.001,8
30/04/2026 19:58,16,0.001,8
30/04/2026 19:28,16.25,0.001,8
30/04/2026 18:58,16.375,0.001,8
30/04/2026 18:28,16.125,0.001,8.01
30/04/2026 17:58,16.125,0.001,8.01
30/04/2026 17:28,16.125,0.001,8
30/04/2026 16:58,16.125,0.001,8.01
30/04/2026 16:28,16.125,0.001,8
30/04/2026 15:58,16.125,0.001,8
30/04/2026 15:28,16.125,0.001,8
30/04/2026 14:58,16,0.001,8
30/04/2026 14:28,16,0.001,8
30/04/2026 13:58,16.125,0.001,7.99
30/04/2026 13:28,16,0.001,7.99
30/04/2026 12:58,15.875,0.001,7.99
30/04/2026 12:28,15.875,0.001,7.98
30/04/2026 11:58,15.875,0.001,7.98
30/04/2026 11:28,15.875,0.001,7.98
30/04/2026 10:58,15.75,0.001,7.98
30/04/2026 10:28,15.75,0.001,7.98
30/04/2026 09:58,15.75,0.001,7.97
30/04/2026 09:28,15.75,0.001,7.97
30/04/2026 08:58,15.625,0.001,7.97
30/04/2026 08:28,15.75,0.001,7.97
30/04/2026 07:58,14.75,0.001,7.97
30/04/2026 07:58,14.75,0.001,7.97
30/04/2026 07:28,15.75,0.001,7.97
30/04/2026 06:58,15.75,0.001,7.97
30/04/2026 06:28,15.875,0.001,7.97
30/04/2026 05:58,15.75,0.001,7.96
30/04/2026 05:28,16.625,0.001,7.96
30/04/2026 04:58,16.625,0.001,7.97
30/04/2026 04:28,15.75,0.001,7.97
30/04/2026 03:58,14.75,0.001,7.97
30/04/2026 03:28,14.75,0.001,7.97
30/04/2026 03:28,14.75,0.001,7.97
30/04/2026 02:58,14.75,0.001,7.97
30/04/2026 02:28,15.75,0.001,7.97
30/04/2026 02:28,15.75,0.001,7.97
30/04/2026 01:58,15.875,0.001,7.97
30/04/2026 01:28,14.875,0.001,7.97
30/04/2026 00:58,15.75,0.001,7.98
30/04/2026 00:28,15.75,0.001,7.98
29/04/2026 23:58,15.75,0.001,7.98
29/04/2026 23:28,15.75,0.001,7.98
29/04/2026 22:58,16,0.001,7.98
29/04/2026 22:28,16,0.001,7.98
29/04/2026 21:58,15.875,0.001,7.98
29/04/2026 21:28,16,0.001,7.99
29/04/2026 20:58,16,0.001,7.99
29/04/2026 20:28,16,0.001,7.99
29/04/2026 19:58,16.25,0.001,7.99
29/04/2026 19:28,16.25,0.001,7.99
29/04/2026 18:58,16.25,0.001,7.99
29/04/2026 18:28,16.25,0.001,7.99
29/04/2026 17:58,16.25,0.001,7.99
29/04/2026 17:28,16.125,0.001,7.99
29/04/2026 16:58,16.25,0.001,7.99
29/04/2026 16:28,16.125,0.001,7.99
29/04/2026 15:58,16.125,0.001,7.99
29/04/2026 15:28,16.125,0.001,7.98
29/04/2026 14:58,16.125,0.001,7.98
29/04/2026 14:28,16.125,0.001,7.98
29/04/2026 13:58,16.25,0.001,7.97
29/04/2026 13:28,16,0.001,7.97
29/04/2026 12:58,16.125,0.001,7.97
29/04/2026 12:28,16,0.001,7.96
29/04/2026 11:58,15.875,0.001,7.96
29/04/2026 11:28,15.875,0.001,7.95
29/04/2026 11:28,15.875,0.001,7.95
29/04/2026 10:58,16,0.001,7.95
29/04/2026 10:28,15.875,0.001,7.94
29/04/2026 09:58,15.875,0.001,7.94
29/04/2026 09:28,15.75,0.001,7.94
29/04/2026 08:58,15.75,0.001,7.93
29/04/2026 08:28,15.75,0.001,7.93
29/04/2026 07:58,15.75,0.001,7.92
29/04/2026 07:58,15.75,0.001,7.92
29/04/2026 07:28,15.875,0.001,7.92
29/04/2026 06:58,15.625,0.001,7.91
29/04/2026 06:28,15.75,0.001,7.91
29/04/2026 05:58,15.75,0.001,7.91
29/04/2026 05:28,15.875,0.001,7.91
29/04/2026 04:58,15.75,0.001,7.91
29/04/2026 04:28,16.625,0.001,7.91
29/04/2026 03:58,15.75,0.001,7.9
29/04/2026 03:28,15.875,0.001,7.9
29/04/2026 02:58,15.75,0.001,7.9
29/04/2026 02:28,15.75,0.001,7.9
29/04/2026 01:58,16,0.001,7.9
29/04/2026 01:28,16,0.001,7.89
29/04/2026 00:58,15.875,0.001,7.89
29/04/2026 00:28,16,0.001,7.89
28/04/2026 23:58,16.125,0.001,7.89
28/04/2026 23:28,16.125,0.001,7.89
28/04/2026 22:58,16.125,0.001,7.88
28/04/2026 22:28,16.25,0.001,7.88
28/04/2026 21:58,16.375,0.001,7.88
28/04/2026 21:28,16.25,0.001,7.88
28/04/2026 20:58,16.375,0.001,7.88
28/04/2026 20:28,16.5,0.001,7.87
28/04/2026 19:58,16.5,0.001,7.87
28/04/2026 19:28,16.625,0.001,7.87
28/04/2026 18:58,15.75,0.001,7.87
28/04/2026 18:28,16.625,0.001,7.87
28/04/2026 17:58,17.5,0.001,7.87
28/04/2026 17:28,15.75,0.001,7.86
28/04/2026 16:58,15.75,0.001,7.85
28/04/2026 16:28,16.5,0.001,7.84
28/04/2026 15:58,16.625,0.001,7.84
28/04/2026 15:28,15.75,0.001,7.84
28/04/2026 14:58,16.5,0.001,7.84
28/04/2026 14:28,16.5,0.001,7.85
28/04/2026 13:58,16.375,0.001,7.85
28/04/2026 13:28,16.375,0.001,7.86
28/04/2026 12:58,16.25,0.001,7.87
28/04/2026 12:28,16.25,0.001,7.88
28/04/2026 11:58,16.25,0.001,7.89
28/04/2026 11:28,16,0.001,7.9
28/04/2026 10:58,16,0.001,7.9
28/04/2026 10:28,15.875,0.001,7.92
28/04/2026 09:58,15.75,0.001,7.93
28/04/2026 09:28,16,0.001,7.94
28/04/2026 08:58,16.625,0.001,7.94
28/04/2026 08:28,15.875,0.001,7.94
28/04/2026 07:58,15.875,0.001,7.94
28/04/2026 07:28,15.75,0.001,7.94
28/04/2026 06:58,15.75,0.001,7.93
28/04/2026 06:28,15.875,0.001,7.93
28/04/2026 05:58,15.875,0.001,7.93
28/04/2026 05:28,16,0.001,7.93
28/04/2026 04:58,15.875,0.001,7.93
28/04/2026 04:28,16,0.001,7.93
28/04/2026 03:58,15.875,0.001,7.92
28/04/2026 03:28,15.875,0.001,7.92
28/04/2026 02:58,15.75,0.001,7.92
28/04/2026 02:28,15.875,0.001,7.92
28/04/2026 01:58,15.75,0.001,7.92
28/04/2026 01:28,16,0.001,7.92
28/04/2026 00:58,16.125,0.001,7.92
28/04/2026 00:28,15.875,0.001,7.92
27/04/2026 23:58,16.25,0.001,7.91
27/04/2026 23:28,16.25,0.001,7.91
27/04/2026 22:58,16.125,0.001,7.91
27/04/2026 22:28,16.125,0.001,7.91
27/04/2026 21:58,16.25,0.001,7.91
27/04/2026 21:28,16.375,0.001,7.9
27/04/2026 20:58,16.375,0.001,7.9
27/04/2026 20:28,16.25,0.001,7.9
27/04/2026 19:58,16.375,0.001,7.9
27/04/2026 19:28,16.5,0.001,7.9
27/04/2026 18:58,16.625,0.001,7.9
27/04/2026 18:28,16.625,0.001,7.91
27/04/2026 17:58,16.625,0.001,7.91
27/04/2026 17:28,16.625,0.001,7.92
27/04/2026 16:58,16.375,0.001,7.92
27/04/2026 16:28,16.375,0.001,7.92
27/04/2026 15:58,16.375,0.001,7.93
27/04/2026 15:28,16.25,0.001,7.93
27/04/2026 14:58,16.375,0.001,7.94
27/04/2026 14:28,16.25,0.001,7.94
27/04/2026 13:58,16.125,0.001,7.95
27/04/2026 13:28,16.25,0.001,7.96
27/04/2026 12:58,16,0.001,7.98
27/04/2026 12:28,16.125,0.001,7.98
27/04/2026 11:58,16,0.001,7.99
27/04/2026 11:28,15.75,0.001,7.99
27/04/2026 10:58,16,0.001,7.99
27/04/2026 10:28,15.75,0.001,8
27/04/2026 09:58,15.875,0.001,8
27/04/2026 09:28,15.625,0.001,8.01
27/04/2026 08:58,14.75,0.001,8.01
27/04/2026 08:28,15.875,0.001,8.01
27/04/2026 07:58,15.75,0.001,8.01
27/04/2026 07:28,16.5,0.001,8.01
27/04/2026 06:58,15.75,0.001,8.01
27/04/2026 06:28,15.75,0.001,8.01
27/04/2026 05:58,16,0.001,8.01
27/04/2026 05:28,15.875,0.001,8.01
27/04/2026 04:58,15.875,0.001,8.01
27/04/2026 04:28,16,0.001,8.01
27/04/2026 03:58,15.875,0.001,8.01
27/04/2026 03:28,15.75,0.001,8.01
27/04/2026 02:58,15.875,0.001,8.02
27/04/2026 02:28,15.875,0.001,8.02
27/04/2026 01:58,16,0.001,8.02
27/04/2026 01:28,16,0.001,8.02
27/04/2026 00:58,16.125,0.001,8.02
27/04/2026 00:28,16,0.001,8.02
26/04/2026 23:58,16,0.001,8.03
26/04/2026 23:28,16.125,0.001,8.03
26/04/2026 22:58,16.375,0.001,8.03
26/04/2026 22:28,16.375,0.001,8.03
26/04/2026 21:58,16.25,0.001,8.03
26/04/2026 21:28,16.25,0.001,8.03
26/04/2026 20:58,16.25,0.001,8.03
26/04/2026 20:28,16.375,0.001,8.04
26/04/2026 19:58,16.5,0.001,8.04
26/04/2026 19:28,16.625,0.001,8.04
26/04/2026 18:58,16.625,0.001,8.04
26/04/2026 18:28,16.625,0.001,8.04
26/04/2026 17:58,16.625,0.001,8.04
26/04/2026 17:28,16.625,0.001,8.04
26/04/2026 16:58,16.375,0.001,8.04
26/04/2026 16:28,16.5,0.001,8.04
26/04/2026 15:58,16.375,0.001,8.04
26/04/2026 15:28,16.25,0.001,8.04
26/04/2026 14:58,16.25,0.001,8.03
26/04/2026 14:28,16.25,0.001,8.03
26/04/2026 13:58,16,0.001,8.03
26/04/2026 13:58,16,0.001,8.03
26/04/2026 13:28,16.125,0.001,8.03
26/04/2026 12:58,15.875,0.001,8.02
26/04/2026 12:58,15.875,0.001,8.02
26/04/2026 12:28,16,0.001,8.02
26/04/2026 11:58,16,0.001,8.02
26/04/2026 11:28,16,0.001,8.02
26/04/2026 10:58,15.75,0.001,8.02
26/04/2026 10:28,15.75,0.001,8.01
26/04/2026 09:58,15.75,0.001,8.01
26/04/2026 09:28,15.75,0.001,8.01
26/04/2026 08:58,15.75,0.001,8.01
26/04/2026 08:28,15.875,0.001,8.01
26/04/2026 07:58,16.625,0.001,8.01
26/04/2026 07:58,16.625,0.001,8.01
26/04/2026 07:28,15.75,0.001,8
26/04/2026 06:58,15.75,0.001,8
26/04/2026 06:28,15.875,0.001,8
26/04/2026 05:58,14.875,0.001,8.01
26/04/2026 05:28,15.75,0.001,8.01
26/04/2026 04:58,15.75,0.001,8.01
26/04/2026 04:28,15.75,0.001,8.01
26/04/2026 03:58,15.625,0.001,8.01
26/04/2026 03:28,15.875,0.001,8.01
26/04/2026 02:58,15.875,0.001,8.01
26/04/2026 02:28,15.875,0.001,8.01
26/04/2026 01:58,15.875,0.001,8.02
26/04/2026 01:28,16,0.001,8.02
26/04/2026 00:58,16,0.001,8.02
26/04/2026 00:28,16.125,0.001,8.02
25/04/2026 23:58,16,0.001,8.02
25/04/2026 23:28,16.125,0.001,8.02
25/04/2026 22:58,16.25,0.001,8.02
25/04/2026 22:28,16,0.001,8.02
25/04/2026 21:58,16.125,0.001,8.03
25/04/2026 21:28,16.25,0.001,8.03
25/04/2026 20:58,16.125,0.001,8.03
25/04/2026 20:28,16.25,0.001,8.03
25/04/2026 19:58,16.25,0.001,8.03
25/04/2026 19:28,16.375,0.001,8.03
25/04/2026 18:58,16.375,0.001,8.04
25/04/2026 18:28,16.375,0.001,8.03
25/04/2026 17:58,16.625,0.001,8.04
25/04/2026 17:28,16.375,0.001,8.03
25/04/2026 16:58,16.375,0.001,8.03
25/04/2026 16:28,16.375,0.001,8.03
25/04/2026 15:58,16.375,0.001,8.03
25/04/2026 15:28,16.125,0.001,8.03
25/04/2026 14:58,16.375,0.001,8.03
25/04/2026 14:28,16.25,0.001,8.02
25/04/2026 13:58,16.125,0.001,8.02
25/04/2026 13:28,16.125,0.001,8.02
25/04/2026 12:58,15.75,0.001,8.02
25/04/2026 12:28,15.875,0.001,8.01
25/04/2026 11:58,15.75,0.001,8.01
25/04/2026 11:28,16,0.001,8.01
25/04/2026 10:58,15.875,0.001,8.01
25/04/2026 10:28,15.875,0.001,8.01
25/04/2026 09:58,15.875,0.001,8
25/04/2026 09:28,16.625,0.001,8
25/04/2026 08:58,15.75,0.001,8
25/04/2026 08:28,16.625,0.001,8
25/04/2026 07:58,15.75,0.001,8
25/04/2026 07:28,15.75,0.001,8
25/04/2026 06:58,15.75,0.001,7.99
25/04/2026 06:58,15.75,0.001,7.99
25/04/2026 06:28,14.75,0.001,7.99
25/04/2026 05:58,15.75,0.001,8
25/04/2026 05:28,15.75,0.001,8
25/04/2026 05:28,15.75,0.001,8
25/04/2026 04:58,16.625,0.001,8
25/04/2026 04:28,15.75,0.001,8
25/04/2026 03:58,15.75,0.001,8
25/04/2026 03:28,16.625,0.001,8
25/04/2026 02:58,15.75,0.001,8
25/04/2026 02:28,15.875,0.001,8
25/04/2026 01:58,16.625,0.001,8
25/04/2026 01:28,16.5,0.001,8
25/04/2026 00:58,15.875,0.001,8
25/04/2026 00:58,15.875,0.001,8
25/04/2026 00:28,15.75,0.001,8
24/04/2026 23:58,15.75,0.001,8.01
24/04/2026 23:28,15.875,0.001,8.01
24/04/2026 22:58,15.875,0.001,8.01
24/04/2026 22:28,15.625,0.001,8.01
24/04/2026 21:58,15.75,0.001,8.01
24/04/2026 21:28,14.75,0.001,8.01
24/04/2026 20:58,16.625,0.001,8.02
24/04/2026 20:28,15.75,0.001,8.02
24/04/2026 19:58,15.75,0.001,8.02
24/04/2026 19:28,15.875,0.001,8.02
24/04/2026 18:58,15.75,0.001,8.02
24/04/2026 18:28,15.875,0.001,8.03
24/04/2026 17:58,15.75,0.001,8.03
24/04/2026 17:28,16,0.001,8.03
24/04/2026 16:58,15.875,0.001,8.03
24/04/2026 16:28,15.875,0.001,8.03
24/04/2026 15:58,16,0.001,8.03
24/04/2026 15:28,16,0.001,8.03
24/04/2026 14:58,15.875,0.001,8.03
24/04/2026 14:28,16,0.001,8.03
24/04/2026 13:58,15.875,0.001,8.03
24/04/2026 13:28,15.75,0.001,8.03
24/04/2026 12:58,15.75,0.001,8.03
24/04/2026 12:28,16,0.001,8.03
24/04/2026 11:58,16,0.001,8.03
24/04/2026 11:28,15.75,0.001,8.03
24/04/2026 10:58,15.75,0.001,8.03
24/04/2026 10:28,15.875,0.001,8.03
24/04/2026 09:58,15.875,0.001,8.03
24/04/2026 09:28,15.875,0.001,8.03
24/04/2026 08:58,15.75,0.001,8.03
24/04/2026 08:28,15.75,0.001,8.03
24/04/2026 07:58,15.875,0.001,8.02
24/04/2026 07:28,15.75,0.001,8.02
24/04/2026 06:58,15.875,0.001,8.02
24/04/2026 06:28,15.875,0.001,8.02
24/04/2026 05:58,15.875,0.001,8.02
24/04/2026 05:28,15.875,0.001,8.03
24/04/2026 04:58,15.875,0.001,8.03
24/04/2026 04:28,16,0.001,8.03
24/04/2026 03:58,16,0.001,8.03
24/04/2026 03:28,16,0.001,8.03
24/04/2026 02:58,15.875,0.001,8.03
24/04/2026 02:28,15.875,0.001,8.03
24/04/2026 01:58,16.125,0.001,8.04
24/04/2026 01:58,16.125,0.001,8.04
24/04/2026 01:28,16.125,0.001,8.04
24/04/2026 00:58,15.875,0.001,8.04
24/04/2026 00:58,15.875,0.001,8.04
24/04/2026 00:28,15.875,0.001,8.04
23/04/2026 23:58,16,0.001,8.05
23/04/2026 23:28,16.25,0.001,8.05
23/04/2026 22:58,16.25,0.001,8.05
23/04/2026 22:28,16.375,0.001,8.05
23/04/2026 21:58,16.25,0.001,8.05
23/04/2026 21:28,16.25,0.001,8.05
23/04/2026 20:58,16.5,0.001,8.05
23/04/2026 20:28,16.5,0.001,8.06
23/04/2026 19:58,16.25,0.001,8.06
23/04/2026 19:28,16.5,0.001,8.06
23/04/2026 18:58,16.625,0.001,8.06
23/04/2026 18:28,16.625,0.001,8.06
23/04/2026 17:58,16.75,0.001,8.06
23/04/2026 17:28,17.625,0.001,8.06
23/04/2026 16:58,16.625,0.001,8.06
23/04/2026 16:28,16.625,0.001,8.06
23/04/2026 15:58,16.5,0.001,8.06
23/04/2026 15:28,16.5,0.001,8.06
23/04/2026 14:58,16.375,0.001,8.05
23/04/2026 14:28,16.375,0.001,8.05
23/04/2026 13:58,16.25,0.001,8.05
23/04/2026 13:28,16.375,0.001,8.05
23/04/2026 12:58,16.25,0.001,8.05
23/04/2026 12:28,16.25,0.001,8.04
23/04/2026 11:58,16,0.001,8.04
23/04/2026 11:28,16,0.001,8.04
23/04/2026 10:58,16,0.001,8.04
23/04/2026 10:28,16.125,0.001,8.04
23/04/2026 09:58,16,0.001,8.04
23/04/2026 09:28,16,0.001,8.04
23/04/2026 08:58,15.875,0.001,8.04
23/04/2026 08:28,15.875,0.001,8.04
23/04/2026 07:58,16.125,0.001,8.04
23/04/2026 07:28,16,0.001,8.04
23/04/2026 06:58,16,0.001,8.04
23/04/2026 06:28,16,0.001,8.04
23/04/2026 05:58,16,0.001,8.04
23/04/2026 05:28,16,0.001,8.04
23/04/2026 04:58,16.125,0.001,8.04
23/04/2026 04:28,16.125,0.001,8.04
23/04/2026 03:58,16.125,0.001,8.04
23/04/2026 03:28,16.125,0.001,8.04
23/04/2026 03:28,16.125,0.001,8.04
23/04/2026 02:58,16.25,0.001,8.05
23/04/2026 02:28,16.125,0.001,8.05
23/04/2026 01:58,16.375,0.001,8.05
23/04/2026 01:28,16.25,0.001,8.05
23/04/2026 00:58,16.375,0.001,8.05
23/04/2026 00:28,16.375,0.001,8.05
22/04/2026 23:58,16.375,0.001,8.05
22/04/2026 23:28,16.5,0.001,8.06
22/04/2026 22:58,16.625,0.001,8.06
22/04/2026 22:28,15.75,0.001,8.06
22/04/2026 21:58,16.75,0.001,8.06
22/04/2026 21:28,16.75,0.001,8.06
22/04/2026 20:58,16.875,0.001,8.06
22/04/2026 20:28,16.875,0.001,8.06
22/04/2026 19:58,17,0.001,8.07
22/04/2026 19:28,16.875,0.001,8.07
22/04/2026 18:58,17.125,0.001,8.07
22/04/2026 18:28,17,0.001,8.07
22/04/2026 17:58,16.875,0.001,8.07
22/04/2026 17:58,16.875,0.001,8.07
22/04/2026 17:28,17,0.001,8.07
22/04/2026 16:58,16.875,0.001,8.06
22/04/2026 16:28,17.625,0.001,8.07
22/04/2026 15:58,16.625,0.001,8.06
22/04/2026 15:58,16.625,0.001,8.06
22/04/2026 15:28,16.375,0.001,8.06
22/04/2026 14:58,16.375,0.001,8.06
22/04/2026 14:28,16.5,0.001,8.06
22/04/2026 13:58,16.125,0.001,8.06
22/04/2026 13:28,16.25,0.001,8.05
22/04/2026 12:58,16.25,0.001,8.05
22/04/2026 12:28,16,0.001,8.05
22/04/2026 11:58,16,0.001,8.05
22/04/2026 11:28,16,0.001,8.04
22/04/2026 10:58,15.875,0.001,8.04
22/04/2026 10:28,15.875,0.001,8.04
22/04/2026 09:58,15.75,0.001,8.04
22/04/2026 09:28,16.625,0.001,8.04
22/04/2026 08:58,15.875,0.001,8.04
22/04/2026 08:28,15.875,0.001,8.03
22/04/2026 07:58,15.875,0.001,8.03
22/04/2026 07:28,15.75,0.001,8.03
22/04/2026 06:58,14.875,0.001,8.03
22/04/2026 06:28,15.75,0.001,8.03
22/04/2026 05:58,15.75,0.001,8.03
22/04/2026 05:58,15.75,0.001,8.03
22/04/2026 05:28,16,0.001,8.03
22/04/2026 04:58,15.875,0.001,8.03
22/04/2026 04:28,15.875,0.001,8.04
22/04/2026 03:58,15.875,0.001,8.04
22/04/2026 03:28,15.875,0.001,8.04
22/04/2026 02:58,15.875,0.001,8.04
22/04/2026 02:28,16,0.001,8.04
22/04/2026 01:58,16,0.001,8.04
22/04/2026 01:28,15.875,0.001,8.04
22/04/2026 00:58,16,0.001,8.04
22/04/2026 00:28,16,0.001,8.05
21/04/2026 23:58,16.125,0.001,8.05
21/04/2026 23:28,16.125,0.001,8.05
21/04/2026 22:58,16.25,0.001,8.05
21/04/2026 22:58,16.25,0.001,8.05
21/04/2026 22:28,16.125,0.001,8.05
21/04/2026 21:58,16.25,0.001,8.05
21/04/2026 21:28,16.25,0.001,8.05
21/04/2026 20:58,16.125,0.001,8.05
21/04/2026 20:28,16.25,0.001,8.06
21/04/2026 19:58,16.375,0.001,8.06
21/04/2026 19:28,16.375,0.001,8.06
21/04/2026 19:28,16.375,0.001,8.06
21/04/2026 18:58,16.375,0.001,8.06
21/04/2026 18:28,16.375,0.001,8.06
21/04/2026 17:58,16.625,0.001,8.06
21/04/2026 17:28,16.5,0.001,8.06
21/04/2026 17:28,16.5,0.001,8.06
21/04/2026 16:58,16.5,0.001,8.06
21/04/2026 16:28,16.5,0.001,8.06
21/04/2026 15:58,16.25,0.001,8.06
21/04/2026 15:28,16.375,0.001,8.05
21/04/2026 14:58,16.125,0.001,8.05
21/04/2026 14:28,16.125,0.001,8.05
21/04/2026 13:58,16.125,0.001,8.05
21/04/2026 13:58,16.125,0.001,8.05
21/04/2026 13:28,16.125,0.001,8.05
21/04/2026 12:58,16.125,0.001,8.05
21/04/2026 12:28,15.875,0.001,8.04
21/04/2026 11:58,16,0.001,8.04
21/04/2026 11:28,16,0.001,8.04
21/04/2026 10:58,16,0.001,8.04
21/04/2026 10:28,15.75,0.001,8.03
21/04/2026 09:58,16,0.001,8.03
21/04/2026 09:28,15.75,0.001,8.03
21/04/2026 08:58,15.875,0.001,8.03
21/04/2026 08:28,15.875,0.001,8.03
21/04/2026 08:28,15.875,0.001,8.03
21/04/2026 07:58,15.75,0.001,8.03
21/04/2026 07:28,15.875,0.001,8.02
21/04/2026 06:58,16,0.001,8.02
21/04/2026 06:28,15.875,0.001,8.03
21/04/2026 05:58,15.75,0.001,8.03
21/04/2026 05:28,16,0.001,8.03
21/04/2026 04:58,15.875,0.001,8.03
21/04/2026 04:28,15.875,0.001,8.03
21/04/2026 03:58,16,0.001,8.03
21/04/2026 03:28,16.125,0.001,8.03
21/04/2026 02:58,16,0.001,8.03
21/04/2026 02:28,15.875,0.001,8.03
21/04/2026 01:58,16.125,0.001,8.03
21/04/2026 01:28,16.25,0.001,8.03
21/04/2026 00:58,16.25,0.001,8.03
21/04/2026 00:28,16,0.001,8.03
20/04/2026 23:58,16.375,0.001,8.04
20/04/2026 23:28,16.375,0.001,8.03
20/04/2026 22:58,16.375,0.001,8.04
20/04/2026 22:28,16.375,0.001,8.04
20/04/2026 22:28,16.375,0.001,8.04
20/04/2026 21:58,16.375,0.001,8.04
20/04/2026 21:28,16.5,0.001,8.04
20/04/2026 20:58,16.5,0.001,8.04
20/04/2026 20:28,16.625,0.001,8.04
20/04/2026 19:58,16.75,0.001,8.04
20/04/2026 19:28,17.625,0.001,8.04
20/04/2026 18:58,16.75,0.001,8.05
20/04/2026 18:28,16.75,0.001,8.05
20/04/2026 17:58,17.625,0.001,8.05
20/04/2026 17:28,16.75,0.001,8.05
20/04/2026 16:58,16.75,0.001,8.05
20/04/2026 16:28,16.625,0.001,8.05
20/04/2026 15:58,16.375,0.001,8.05
20/04/2026 15:58,16.375,0.001,8.05
20/04/2026 15:28,16.25,0.001,8.05
20/04/2026 14:58,16.25,0.001,8.05
20/04/2026 14:58,16.25,0.001,8.05
20/04/2026 14:28,16.125,0.001,8.05
20/04/2026 13:58,16.25,0.001,8.06
20/04/2026 13:28,16.125,0.001,8.06
20/04/2026 12:58,16.125,0.001,8.05
20/04/2026 12:28,16.125,0.001,8.05
20/04/2026 11:58,15.875,0.001,8.05
20/04/2026 11:28,15.75,0.001,8.05
20/04/2026 10:58,15.75,0.001,8.05
20/04/2026 10:28,15.875,0.001,8.05
20/04/2026 09:58,15.875,0.001,8.04
20/04/2026 09:28,15.875,0.001,8.04
20/04/2026 09:28,15.875,0.001,8.04
20/04/2026 08:58,15.75,0.001,8.04
20/04/2026 08:28,15.75,0.001,8.04
20/04/2026 07:58,15.875,0.001,8.04
20/04/2026 07:28,15.75,0.001,8.04
20/04/2026 06:58,16,0.001,8.04
20/04/2026 06:58,16,0.001,8.04
20/04/2026 06:28,15.75,0.001,8.04
20/04/2026 05:58,15.875,0.001,8.04
20/04/2026 05:28,15.875,0.001,8.04
20/04/2026 04:58,16,0.001,8.04
20/04/2026 04:28,15.875,0.001,8.04
20/04/2026 03:58,15.875,0.001,8.05
20/04/2026 03:28,16,0.001,8.05
20/04/2026 02:58,16,0.001,8.05
20/04/2026 02:28,16,0.001,8.05
20/04/2026 01:58,16.125,0.001,8.05
20/04/2026 01:28,16.25,0.001,8.05
20/04/2026 00:58,16.125,0.001,8.05
20/04/2026 00:28,16,0.001,8.05
19/04/2026 23:58,16,0.001,8.06
19/04/2026 23:28,16.25,0.001,8.06
19/04/2026 22:58,16.25,0.001,8.06
19/04/2026 22:28,16.375,0.001,8.06
19/04/2026 21:58,16.375,0.001,8.06
19/04/2026 21:28,16.5,0.001,8.06
19/04/2026 20:58,15.75,0.001,8.07
19/04/2026 20:28,17.5,0.001,8.07
19/04/2026 19:58,15.75,0.001,8.07
19/04/2026 19:28,16.75,0.001,8.07
19/04/2026 18:58,16.75,0.001,8.07
19/04/2026 18:58,16.75,0.001,8.07
19/04/2026 18:28,16.75,0.001,8.07
19/04/2026 17:58,15.75,0.001,8.07
19/04/2026 17:28,16.625,0.001,8.07
19/04/2026 16:58,16.5,0.001,8.07
19/04/2026 16:28,16.5,0.001,8.07
19/04/2026 15:58,16.625,0.001,8.07
19/04/2026 15:28,16.5,0.001,8.07
19/04/2026 14:58,16.375,0.001,8.07
19/04/2026 14:28,16.5,0.001,8.06
19/04/2026 13:58,16.25,0.001,8.06
19/04/2026 13:28,16.25,0.001,8.06
19/04/2026 12:58,16.125,0.001,8.06
19/04/2026 12:28,16.125,0.001,8.05
19/04/2026 11:58,15.875,0.001,8.05
19/04/2026 11:28,16,0.001,8.05
19/04/2026 10:58,15.875,0.001,8.05
19/04/2026 10:28,16,0.001,8.05
19/04/2026 09:58,15.75,0.001,8.05
19/04/2026 09:28,15.75,0.001,8.04
19/04/2026 08:58,15.875,0.001,8.04
19/04/2026 08:28,15.875,0.001,8.04
19/04/2026 07:58,15.75,0.001,8.04
19/04/2026 07:58,15.75,0.001,8.04
19/04/2026 07:28,15.75,0.001,8.04
19/04/2026 06:58,15.875,0.001,8.04
19/04/2026 06:28,15.75,0.001,8.04
19/04/2026 05:58,15.875,0.001,8.04
19/04/2026 05:28,15.875,0.001,8.04
19/04/2026 04:58,15.75,0.001,8.04
19/04/2026 04:28,15.875,0.001,8.04
19/04/2026 03:58,16,0.001,8.04
19/04/2026 03:28,16,0.001,8.04
19/04/2026 02:58,15.875,0.001,8.05
19/04/2026 02:28,16,0.001,8.05
19/04/2026 01:58,16,0.001,8.05
19/04/2026 01:28,16,0.001,8.05
19/04/2026 00:58,16,0.001,8.05
19/04/2026 00:28,16.125,0.001,8.05
18/04/2026 23:58,16.125,0.001,8.05
18/04/2026 23:28,16.25,0.001,8.05
18/04/2026 22:58,16.25,0.001,8.06
18/04/2026 22:28,16.25,0.001,8.06
18/04/2026 21:58,16.25,0.001,8.06
18/04/2026 21:58,16.25,0.001,8.06
18/04/2026 21:28,16.375,0.001,8.06
18/04/2026 20:58,16.5,0.001,8.06
18/04/2026 20:28,16.5,0.001,8.06
18/04/2026 19:58,16.625,0.001,8.06
18/04/2026 19:28,17.625,0.001,8.06
18/04/2026 18:58,15.75,0.001,8.06
18/04/2026 18:28,17.625,0.001,8.07
18/04/2026 17:58,16.625,0.001,8.07
18/04/2026 17:28,16.625,0.001,8.07
18/04/2026 16:58,16.375,0.001,8.06
18/04/2026 16:28,16.375,0.001,8.06
18/04/2026 15:58,16.5,0.001,8.06
18/04/2026 15:28,16.375,0.001,8.06
18/04/2026 14:58,16.375,0.001,8.06
18/04/2026 14:28,16.25,0.001,8.06
18/04/2026 13:58,16.125,0.001,8.06
18/04/2026 13:28,16.25,0.001,8.05
18/04/2026 12:58,16,0.001,8.05
18/04/2026 12:28,16,0.001,8.05
18/04/2026 11:58,15.875,0.001,8.05
18/04/2026 11:28,15.875,0.001,8.05
18/04/2026 10:58,15.875,0.001,8.05
18/04/2026 10:28,15.875,0.001,8.04
18/04/2026 09:58,15.75,0.001,8.04
18/04/2026 09:28,15.875,0.001,8.04
18/04/2026 08:58,15.875,0.001,8.04
18/04/2026 08:28,15.75,0.001,8.04
18/04/2026 07:58,16,0.001,8.04
18/04/2026 07:28,16,0.001,8.03
18/04/2026 07:28,16,0.001,8.03
18/04/2026 06:58,15.875,0.001,8.03
18/04/2026 06:28,16,0.001,8.04
18/04/2026 05:58,15.875,0.001,8.04
18/04/2026 05:28,15.875,0.001,8.04
18/04/2026 04:58,16,0.001,8.04
18/04/2026 04:28,16,0.001,8.04
18/04/2026 03:58,15.875,0.001,8.04
18/04/2026 03:28,15.875,0.001,8.04
18/04/2026 02:58,16,0.001,8.04
18/04/2026 02:28,16.25,0.001,8.04
18/04/2026 01:58,16.25,0.001,8.04
18/04/2026 01:28,16,0.001,8.05
18/04/2026 00:58,16.125,0.001,8.05
18/04/2026 00:28,16.125,0.001,8.05
17/04/2026 23:58,16.25,0.001,8.05
17/04/2026 23:58,16.25,0.001,8.05
17/04/2026 23:28,16.25,0.001,8.05
17/04/2026 22:58,16.375,0.001,8.05
17/04/2026 22:28,16.5,0.001,8.05
17/04/2026 21:58,16.5,0.001,8.05
17/04/2026 21:28,16.625,0.001,8.05
17/04/2026 20:58,15.75,0.001,8.06
17/04/2026 20:28,16.875,0.001,8.06
17/04/2026 19:58,17.625,0.001,8.06
17/04/2026 19:28,16.875,0.001,8.06
17/04/2026 18:58,16.75,0.001,8.06
17/04/2026 18:28,16.75,0.001,8.06
17/04/2026 17:58,17.625,0.001,8.06
17/04/2026 17:28,15.75,0.001,8.06
17/04/2026 16:58,16.625,0.001,8.06
17/04/2026 16:28,16.375,0.001,8.06
17/04/2026 15:58,16.375,0.001,8.06
17/04/2026 15:28,16.25,0.001,8.06
17/04/2026 14:58,16.375,0.001,8.05
17/04/2026 14:28,16.25,0.001,8.05
17/04/2026 13:58,16.125,0.001,8.05
17/04/2026 13:58,16.125,0.001,8.05
17/04/2026 13:28,16,0.001,8.05
17/04/2026 12:58,16.125,0.001,8.05
17/04/2026 12:28,16,0.001,8.04
17/04/2026 11:58,16,0.001,8.04
17/04/2026 11:28,16,0.001,8.04
17/04/2026 10:58,15.875,0.001,8.04
17/04/2026 10:28,16,0.001,8.04
17/04/2026 09:58,15.875,0.001,8.03
17/04/2026 09:28,15.875,0.001,8.03
17/04/2026 08:58,15.875,0.001,8.03
17/04/2026 08:28,15.875,0.001,8.03
17/04/2026 07:58,15.875,0.001,8.03
17/04/2026 07:28,15.75,0.001,8.03
17/04/2026 06:58,15.875,0.001,8.03
17/04/2026 06:55,15.875,0.001,8.03
17/04/2026 04:58,16,0.001,8.03
17/04/2026 04:28,15.75,0.001,8.03
17/04/2026 03:58,16,0.001,8.03
17/04/2026 03:28,15.875,0.001,8.03
17/04/2026 02:58,16,0.001,8.03
17/04/2026 02:28,16.125,0.001,8.03
17/04/2026 01:58,15.875,0.001,8.03
17/04/2026 01:28,15.875,0.001,8.03
17/04/2026 00:58,15.875,0.001,8.03
17/04/2026 00:28,16.25,0.001,8.04
16/04/2026 23:58,16.125,0.001,8.04
16/04/2026 23:28,16.125,0.001,8.04
16/04/2026 22:58,16.125,0.001,8.04
16/04/2026 22:28,16.25,0.001,8.04
16/04/2026 21:58,16.375,0.001,8.04
16/04/2026 21:28,16.375,0.001,8.04
16/04/2026 20:58,16.375,0.001,8.04
16/04/2026 20:28,16.5,0.001,8.04
16/04/2026 19:58,16.375,0.001,8.04
16/04/2026 19:28,16.375,0.001,8.04
16/04/2026 18:58,16.625,0.001,8.05
16/04/2026 18:28,16.375,0.001,8.04
16/04/2026 17:58,16.375,0.001,8.05
16/04/2026 17:28,16.25,0.001,8.05
16/04/2026 16:58,16.5,0.001,8.04
16/04/2026 16:28,16.375,0.001,8.04
16/04/2026 15:58,16.125,0.001,8.04
16/04/2026 15:28,16.125,0.001,8.04
16/04/2026 14:58,16,0.001,8.04
16/04/2026 14:28,16.125,0.001,8.04
16/04/2026 13:58,16.125,0.001,8.03
16/04/2026 13:28,15.875,0.001,8.03
16/04/2026 12:58,16,0.001,8.03
16/04/2026 12:28,16,0.001,8.03
16/04/2026 11:58,15.625,0.001,8.03
16/04/2026 11:28,15.875,0.001,8.03
16/04/2026 10:58,15.875,0.001,8.03
16/04/2026 10:28,15.875,0.001,8.03
16/04/2026 09:58,15.75,0.001,8.02
16/04/2026 09:28,15.75,0.001,8.02
16/04/2026 08:58,16.625,0.001,8.02
16/04/2026 08:28,15.875,0.001,8.02
16/04/2026 07:58,15.875,0.001,8.02
16/04/2026 07:28,15.75,0.001,8.02
16/04/2026 06:58,15.875,0.001,8.02
16/04/2026 06:28,15.75,0.001,8.02
16/04/2026 05:58,16,0.001,8.02
16/04/2026 05:28,16,0.001,8.02
16/04/2026 04:58,15.875,0.001,8.02
16/04/2026 04:28,16,0.001,8.02
16/04/2026 03:58,16,0.001,8.02
16/04/2026 03:28,16,0.001,8.03
16/04/2026 02:58,15.875,0.001,8.03
16/04/2026 02:28,15.875,0.001,8.03
16/04/2026 01:58,16.125,0.001,8.03
16/04/2026 01:58,16.125,0.001,8.03
16/04/2026 01:28,15.875,0.001,8.03
16/04/2026 00:58,16,0.001,8.03
16/04/2026 00:28,16.25,0.001,8.03
15/04/2026 23:58,16.25,0.001,8.03
15/04/2026 23:28,16.25,0.001,8.03
15/04/2026 22:58,16.125,0.001,8.04
15/04/2026 22:28,16.125,0.001,8.04
15/04/2026 21:58,16.25,0.001,8.04
15/04/2026 21:28,16.25,0.001,8.04
15/04/2026 20:58,16.5,0.001,8.04
15/04/2026 20:28,16.625,0.001,8.04
15/04/2026 19:58,16.625,0.001,8.04
15/04/2026 19:28,16.5,0.001,8.04
15/04/2026 18:58,17.5,0.001,8.04
15/04/2026 18:28,17.5,0.001,8.04
15/04/2026 17:58,16.625,0.001,8.04
15/04/2026 17:28,16.5,0.001,8.04
15/04/2026 16:58,16.5,0.001,8.04
15/04/2026 16:28,16.5,0.001,8.04
15/04/2026 15:58,16.25,0.001,8.04
15/04/2026 15:28,16.25,0.001,8.04
15/04/2026 14:58,16.25,0.001,8.04
15/04/2026 14:28,16,0.001,8.04
15/04/2026 13:58,16,0.001,8.04
15/04/2026 13:28,16,0.001,8.03
15/04/2026 12:58,16,0.001,8.03
15/04/2026 12:28,15.875,0.001,8.03
15/04/2026 11:58,15.875,0.001,8.03
15/04/2026 11:28,15.875,0.001,8.03
15/04/2026 10:58,15.875,0.001,8.03
15/04/2026 10:28,16.625,0.001,8.03
15/04/2026 09:58,15.625,0.001,8.03
15/04/2026 09:28,16,0.001,8.03
15/04/2026 08:58,15.875,0.001,8.02
15/04/2026 08:28,15.875,0.001,8.02
15/04/2026 07:58,15.875,0.001,8.02
15/04/2026 07:28,15.875,0.001,8.02
15/04/2026 06:58,15.875,0.001,8.02
15/04/2026 06:28,15.875,0.001,8.02
15/04/2026 05:58,15.875,0.001,8.02
15/04/2026 05:28,16,0.001,8.03
15/04/2026 04:58,16.125,0.001,8.03
15/04/2026 04:58,16.125,0.001,8.03
15/04/2026 04:28,16.25,0.001,8.03
15/04/2026 03:58,16,0.001,8.03
15/04/2026 03:28,16.25,0.001,8.03
15/04/2026 02:58,16.125,0.001,8.03
15/04/2026 02:28,16.125,0.001,8.03
15/04/2026 01:58,16.125,0.001,8.03
15/04/2026 01:28,16.25,0.001,8.03
15/04/2026 00:58,16.375,0.001,8.03
15/04/2026 00:28,16.375,0.001,8.03
14/04/2026 23:58,16.5,0.001,8.03
14/04/2026 23:28,16.5,0.001,8.03
14/04/2026 22:58,16.625,0.001,8.04
14/04/2026 22:28,16.875,0.001,8.04
14/04/2026 21:58,16.875,0.001,8.04
14/04/2026 21:28,17,0.001,8.04
14/04/2026 20:58,17,0.001,8.04
14/04/2026 20:28,17.125,0.001,8.04
14/04/2026 19:58,17.125,0.001,8.05
14/04/2026 19:28,17.625,0.001,8.05
14/04/2026 18:58,17.375,0.001,8.05
14/04/2026 18:28,17.75,0.001,8.05
14/04/2026 17:58,17.75,0.001,8.05
14/04/2026 17:28,17.75,0.001,8.05
14/04/2026 16:58,17.75,0.001,8.05
14/04/2026 16:58,17.75,0.001,8.05
14/04/2026 16:28,18,0.001,8.06
14/04/2026 15:58,16.375,0.001,8.06
14/04/2026 15:28,16.5,0.001,8.07
14/04/2026 14:58,16.375,0.001,8.07
14/04/2026 14:28,16.375,0.001,8.07
14/04/2026 13:58,16.125,0.001,8.07
14/04/2026 13:28,16.25,0.001,8.07
14/04/2026 12:58,16.25,0.001,8.07
14/04/2026 12:28,16.125,0.001,8.06
14/04/2026 11:58,16.25,0.001,8.06
14/04/2026 11:28,16.125,0.001,8.06
14/04/2026 10:58,16.125,0.001,8.05
14/04/2026 10:28,16.125,0.001,8.05
14/04/2026 09:58,16,0.001,8.05
14/04/2026 09:28,16,0.001,8.05
14/04/2026 08:58,15.875,0.001,8.04
14/04/2026 08:28,15.875,0.001,8.04
14/04/2026 07:58,16,0.001,8.04
14/04/2026 07:28,15.875,0.001,8.03
14/04/2026 06:58,16.125,0.001,8.03
14/04/2026 06:28,15.75,0.001,8.03
14/04/2026 05:58,16,0.001,8.04
14/04/2026 05:28,15.75,0.001,8.04
14/04/2026 04:58,15.875,0.001,8.04
14/04/2026 04:28,16,0.001,8.04
14/04/2026 03:58,16,0.001,8.04
14/04/2026 03:28,16,0.001,8.05
14/04/2026 02:58,16,0.001,8.05
14/04/2026 02:28,16,0.001,8.05
14/04/2026 01:58,15.875,0.001,8.05
14/04/2026 01:28,15.875,0.001,8.05
14/04/2026 00:58,16,0.001,8.06
14/04/2026 00:28,16,0.001,8.06
13/04/2026 23:58,15.875,0.001,8.06
13/04/2026 23:28,15.875,0.001,8.06
13/04/2026 22:58,16,0.001,8.06
13/04/2026 22:28,16.125,0.001,8.07
13/04/2026 21:58,16,0.001,8.07
13/04/2026 21:28,16,0.001,8.07
13/04/2026 20:58,16,0.001,8.07
13/04/2026 20:28,16.125,0.001,8.07
13/04/2026 19:58,16,0.001,8.08
13/04/2026 19:28,16.125,0.001,8.08
13/04/2026 18:58,16.125,0.001,8.08
13/04/2026 18:28,16.375,0.001,8.08
13/04/2026 17:58,16.25,0.001,8.08
13/04/2026 17:28,16.25,0.001,8.08
13/04/2026 16:58,16.25,0.001,8.08
13/04/2026 16:28,16.125,0.001,8.08
13/04/2026 15:58,16.125,0.001,8.08
13/04/2026 15:28,16.125,0.001,8.08
13/04/2026 14:58,16.25,0.001,8.07
13/04/2026 14:28,16,0.001,8.07
13/04/2026 13:58,16,0.001,8.07
13/04/2026 13:28,16,0.001,8.07
13/04/2026 12:58,16.125,0.001,8.06
13/04/2026 12:28,15.875,0.001,8.06
13/04/2026 11:58,16,0.001,8.06
13/04/2026 11:28,15.875,0.001,8.06
13/04/2026 10:58,15.875,0.001,8.05
13/04/2026 10:28,15.875,0.001,8.05
13/04/2026 09:58,15.75,0.001,8.05
13/04/2026 09:28,15.875,0.001,8.04
13/04/2026 08:58,15.875,0.001,8.04
13/04/2026 08:28,16,0.001,8.04
13/04/2026 07:58,15.875,0.001,8.04
13/04/2026 07:28,15.875,0.001,8.03
13/04/2026 06:58,15.875,0.001,8.03
13/04/2026 06:28,16,0.001,8.03
13/04/2026 05:58,16.125,0.001,8.04
13/04/2026 05:28,16.125,0.001,8.04
13/04/2026 04:58,16.125,0.001,8.04
13/04/2026 04:28,15.875,0.001,8.04
13/04/2026 03:58,16.125,0.001,8.04
13/04/2026 03:28,16,0.001,8.04
13/04/2026 02:58,15.875,0.001,8.05
13/04/2026 02:28,16,0.001,8.05
13/04/2026 01:58,15.875,0.001,8.05
13/04/2026 01:28,16.125,0.001,8.05
13/04/2026 00:58,16,0.001,8.05
13/04/2026 00:28,16,0.001,8.06
12/04/2026 23:58,16.125,0.001,8.06
12/04/2026 23:28,16,0.001,8.06
12/04/2026 22:58,16.125,0.001,8.06
12/04/2026 22:28,16.125,0.001,8.06
12/04/2026 21:58,16.125,0.001,8.07
12/04/2026 21:28,16.125,0.001,8.07
12/04/2026 20:58,16,0.001,8.07
12/04/2026 20:28,16.125,0.001,8.07
12/04/2026 19:58,16.125,0.001,8.07
12/04/2026 19:28,16.125,0.001,8.08
12/04/2026 18:58,16.125,0.001,8.08
12/04/2026 18:58,16.125,0.001,8.08
12/04/2026 18:28,16.25,0.001,8.08
12/04/2026 17:58,16.25,0.001,8.08
12/04/2026 17:28,16.25,0.001,8.08
12/04/2026 16:58,16.25,0.001,8.08
12/04/2026 16:28,16.25,0.001,8.08
12/04/2026 15:58,16.25,0.001,8.08
12/04/2026 15:28,16.25,0.001,8.07
12/04/2026 14:58,16.25,0.001,8.07
12/04/2026 14:28,16.25,0.001,8.07
12/04/2026 13:58,16.25,0.001,8.07
12/04/2026 13:28,16.125,0.001,8.06
12/04/2026 12:58,16.25,0.001,8.06
12/04/2026 12:28,16.125,0.001,8.06
12/04/2026 11:58,16.25,0.001,8.06
12/04/2026 11:28,16,0.001,8.05
12/04/2026 10:58,16,0.001,8.05
12/04/2026 10:28,16,0.001,8.05
12/04/2026 09:58,16,0.001,8.05
12/04/2026 09:28,16.125,0.001,8.04
12/04/2026 08:58,15.75,0.001,8.04
12/04/2026 08:28,16,0.001,8.04
12/04/2026 07:58,16,0.001,8.04
12/04/2026 07:28,16,0.001,8.04
12/04/2026 06:58,15.875,0.001,8.04
12/04/2026 06:28,16,0.001,8.03
12/04/2026 05:58,16,0.001,8.04
12/04/2026 05:28,15.875,0.001,8.04
12/04/2026 04:58,16,0.001,8.04
12/04/2026 04:28,16,0.001,8.04
12/04/2026 03:58,15.875,0.001,8.04
12/04/2026 03:28,16,0.001,8.05
12/04/2026 02:58,15.875,0.001,8.05
12/04/2026 02:28,16.125,0.001,8.05
12/04/2026 01:58,16,0.001,8.05
12/04/2026 01:28,16.125,0.001,8.05
12/04/2026 00:58,16.25,0.001,8.05
12/04/2026 00:28,16.25,0.001,8.06
11/04/2026 23:58,16.25,0.001,8.06
11/04/2026 23:28,16,0.001,8.06
11/04/2026 22:58,16.125,0.001,8.06
11/04/2026 22:28,16.125,0.001,8.06
11/04/2026 21:58,16.5,0.001,8.07
11/04/2026 21:58,16.5,0.001,8.07
11/04/2026 21:28,16.375,0.001,8.07
11/04/2026 20:58,16.375,0.001,8.07
11/04/2026 20:28,16.375,0.001,8.07
11/04/2026 19:58,16.625,0.001,8.08
11/04/2026 19:28,16.625,0.001,8.08
11/04/2026 18:58,16.75,0.001,8.08
11/04/2026 18:28,16.75,0.001,8.08
11/04/2026 17:58,15.75,0.001,8.08
11/04/2026 17:28,16.75,0.001,8.08
11/04/2026 16:58,15.75,0.001,8.08
11/04/2026 16:28,16.75,0.001,8.08
11/04/2026 15:58,16.625,0.001,8.08
11/04/2026 15:58,16.625,0.001,8.08
11/04/2026 15:28,16.625,0.001,8.07
11/04/2026 14:58,16.5,0.001,8.07
11/04/2026 14:28,16.375,0.001,8.07
11/04/2026 13:58,16.375,0.001,8.07
11/04/2026 13:28,16.25,0.001,8.06
11/04/2026 12:58,16.25,0.001,8.06
11/04/2026 12:58,16.25,0.001,8.06
11/04/2026 12:28,16.125,0.001,8.06
11/04/2026 11:58,16.125,0.001,8.05
11/04/2026 11:28,16.125,0.001,8.05
11/04/2026 10:58,16,0.001,8.05
11/04/2026 10:28,16,0.001,8.04
11/04/2026 09:58,16,0.001,8.04
11/04/2026 09:28,16.125,0.001,8.04
11/04/2026 08:58,16,0.001,8.04
11/04/2026 08:28,16.125,0.001,8.03
11/04/2026 07:58,15.875,0.001,8.03
11/04/2026 07:28,15.875,0.001,8.03
11/04/2026 06:58,16,0.001,8.03
11/04/2026 06:28,16,0.001,8.03
11/04/2026 05:58,16,0.001,8.03
11/04/2026 05:58,16,0.001,8.03
11/04/2026 05:28,16.125,0.001,8.03
11/04/2026 04:58,16,0.001,8.03
11/04/2026 04:28,15.875,0.001,8.03
11/04/2026 03:58,15.875,0.001,8.03
11/04/2026 03:28,15.75,0.001,8.03
11/04/2026 02:58,16,0.001,8.04
11/04/2026 02:28,16,0.001,8.04
11/04/2026 01:58,16.125,0.001,8.04
11/04/2026 01:28,16,0.001,8.04
11/04/2026 00:58,16.125,0.001,8.04
11/04/2026 00:28,16,0.001,8.05
10/04/2026 23:58,16.125,0.001,8.05
10/04/2026 23:28,16.25,0.001,8.05
10/04/2026 22:58,16.25,0.001,8.05
10/04/2026 22:58,16.25,0.001,8.05
10/04/2026 22:28,16.25,0.001,8.05
10/04/2026 21:58,16.125,0.001,8.06
10/04/2026 21:28,16.5,0.001,8.06
10/04/2026 20:58,16.5,0.001,8.06
10/04/2026 20:28,16.375,0.001,8.06
10/04/2026 19:58,16.5,0.001,8.07
10/04/2026 19:28,16.625,0.001,8.07
10/04/2026 18:58,15.75,0.001,8.07
10/04/2026 18:28,16.5,0.001,8.07
10/04/2026 17:58,16.625,0.001,8.07
10/04/2026 17:28,16.5,0.001,8.07
10/04/2026 16:58,16.625,0.001,8.07
10/04/2026 16:28,16.5,0.001,8.07
10/04/2026 15:58,16.625,0.001,8.07
10/04/2026 15:28,16.375,0.001,8.06
10/04/2026 14:58,16.5,0.001,8.06
10/04/2026 14:28,16.375,0.001,8.06
10/04/2026 13:58,16.125,0.001,8.06
10/04/2026 13:28,16.25,0.001,8.05
10/04/2026 12:58,16.375,0.001,8.05
10/04/2026 12:28,16.125,0.001,8.05
10/04/2026 11:58,16.125,0.001,8.04
10/04/2026 11:28,16,0.001,8.04
10/04/2026 10:58,16.125,0.001,8.04
10/04/2026 10:28,16,0.001,8.03
10/04/2026 09:58,16,0.001,8.03
10/04/2026 09:28,16.25,0.001,8.03
10/04/2026 08:58,16.125,0.001,8.03
10/04/2026 08:28,16.125,0.001,8.02
10/04/2026 07:58,16,0.001,8.02
10/04/2026 07:28,16.125,0.001,8.02
10/04/2026 06:58,16.125,0.001,8.02
10/04/2026 06:28,16,0.001,8.02
10/04/2026 05:58,16.125,0.001,8.02
10/04/2026 05:28,16,0.001,8.02
10/04/2026 04:58,16,0.001,8.02
10/04/2026 04:28,16,0.001,8.03
10/04/2026 03:58,16.125,0.001,8.03
10/04/2026 03:28,16,0.001,8.03
10/04/2026 02:58,16.25,0.001,8.03
10/04/2026 02:28,16,0.001,8.03
10/04/2026 01:58,16.125,0.001,8.03
10/04/2026 01:28,16.25,0.001,8.04
10/04/2026 00:58,16.25,0.001,8.04
10/04/2026 00:28,16,0.001,8.04
09/04/2026 23:58,16.25,0.001,8.04
09/04/2026 23:28,16.25,0.001,8.04
09/04/2026 22:58,16.25,0.001,8.04
09/04/2026 22:28,16.25,0.001,8.05
09/04/2026 21:58,16.125,0.001,8.05
09/04/2026 21:28,16.375,0.001,8.05
09/04/2026 20:58,16.25,0.001,8.05
09/04/2026 20:28,16.375,0.001,8.05
09/04/2026 20:28,16.375,0.001,8.05
09/04/2026 19:58,16.375,0.001,8.06
09/04/2026 19:28,16.5,0.001,8.06
09/04/2026 18:58,16.5,0.001,8.06
09/04/2026 18:28,16.625,0.001,8.06
09/04/2026 17:58,15.75,0.001,8.06
09/04/2026 17:28,16.625,0.001,8.06
09/04/2026 16:58,16.625,0.001,8.06
09/04/2026 16:28,16.5,0.001,8.06
09/04/2026 15:58,16.375,0.001,8.05
09/04/2026 15:28,16.375,0.001,8.05
09/04/2026 14:58,16.25,0.001,8.05
09/04/2026 14:28,16.375,0.001,8.05
09/04/2026 13:58,16.25,0.001,8.04
09/04/2026 13:28,16.375,0.001,8.04
09/04/2026 12:58,16.25,0.001,8.03
09/04/2026 12:58,16.25,0.001,8.03
09/04/2026 12:28,16.125,0.001,8.03
09/04/2026 11:58,16.125,0.001,8.03
09/04/2026 11:28,16.125,0.001,8.03
09/04/2026 10:58,16.25,0.001,8.02
09/04/2026 10:58,16.25,0.001,8.02
09/04/2026 10:28,16.25,0.001,8.02
09/04/2026 09:58,16.25,0.001,8.02
09/04/2026 09:28,16.125,0.001,8.01
09/04/2026 08:58,16,0.001,8.01
09/04/2026 08:28,16.125,0.001,8
09/04/2026 07:58,16,0.001,8
09/04/2026 07:28,16.125,0.001,8
09/04/2026 06:58,16.125,0.001,8
09/04/2026 06:28,16.25,0.001,8
09/04/2026 05:58,16,0.001,8
09/04/2026 05:28,16.125,0.001,8
09/04/2026 04:58,16.125,0.001,8
09/04/2026 04:28,16,0.001,8
09/04/2026 03:58,16.125,0.001,8
09/04/2026 03:28,16,0.001,8
09/04/2026 02:58,16.125,0.001,8
09/04/2026 02:28,16.125,0.001,8
09/04/2026 01:58,16,0.001,8.01
09/04/2026 01:28,16.125,0.001,8.01
09/04/2026 00:58,16.125,0.001,8.01
09/04/2026 00:28,16.25,0.001,8.01
08/04/2026 23:58,16.125,0.001,8.01
08/04/2026 23:28,15.875,0.001,8.01
08/04/2026 22:58,16.125,0.001,8.01
08/04/2026 22:28,15.875,0.001,8.01
08/04/2026 21:58,16,0.001,8.01
08/04/2026 21:28,16,0.001,8.02
08/04/2026 20:58,16,0.001,8.02
08/04/2026 20:28,16,0.001,8.02
08/04/2026 19:58,15.875,0.001,8.02
08/04/2026 19:28,16.125,0.001,8.02
08/04/2026 18:58,16,0.001,8.02
08/04/2026 18:58,16,0.001,8.02
08/04/2026 18:28,16,0.001,8.02
08/04/2026 17:58,16,0.001,8.02
08/04/2026 17:28,16.125,0.001,8.02
08/04/2026 16:58,16,0.001,8.02
08/04/2026 16:28,16,0.001,8.02
08/04/2026 15:58,16.125,0.001,8.01
08/04/2026 15:28,16.125,0.001,8.01
08/04/2026 14:58,16.25,0.001,8.01
08/04/2026 14:28,16.125,0.001,8
08/04/2026 13:58,16.25,0.001,8
08/04/2026 13:28,16.125,0.001,7.99
08/04/2026 13:28,16.125,0.001,7.99
08/04/2026 12:58,16.125,0.001,7.99
08/04/2026 12:28,15.875,0.001,7.98
08/04/2026 11:58,16.125,0.001,7.98
08/04/2026 11:28,16.125,0.001,7.97
08/04/2026 10:58,16,0.001,7.97
08/04/2026 10:28,16.125,0.001,7.96
08/04/2026 09:58,16.125,0.001,7.96
08/04/2026 09:54,15.875,0.001,7.96
08/04/2026 09:28,16,0.001,7.95
08/04/2026 08:58,16,0.001,7.95
08/04/2026 08:28,15.875,0.001,7.94
08/04/2026 07:58,16,0.001,7.94
08/04/2026 07:28,16.125,0.001,7.93
08/04/2026 06:58,16.25,0.001,7.92
08/04/2026 06:28,16.125,0.001,7.92
08/04/2026 05:58,16,0.001,7.92
08/04/2026 05:28,16,0.001,7.92
08/04/2026 04:58,16,0.001,7.92
08/04/2026 04:28,16,0.001,7.91
08/04/2026 03:58,15.875,0.001,7.91
08/04/2026 03:28,16.125,0.001,7.91
08/04/2026 02:58,16,0.001,7.91
08/04/2026 02:28,16,0.001,7.91
08/04/2026 01:58,16.125,0.001,7.91
08/04/2026 01:28,16,0.001,7.91
08/04/2026 00:58,16.125,0.001,7.91
08/04/2026 00:58,16.125,0.001,7.91
08/04/2026 00:28,16.125,0.001,7.91
07/04/2026 23:58,16.125,0.001,7.91
07/04/2026 23:28,16.25,0.001,7.91
07/04/2026 22:58,16.25,0.001,7.92
07/04/2026 22:28,16.25,0.001,7.92
07/04/2026 21:58,16.375,0.001,7.92
07/04/2026 21:58,16.375,0.001,7.92
07/04/2026 21:28,16.25,0.001,7.93
07/04/2026 20:58,16.375,0.001,7.93
07/04/2026 20:28,16.5,0.001,7.94
07/04/2026 19:58,16.625,0.001,7.95
07/04/2026 19:28,16.75,0.001,7.96
07/04/2026 18:58,17.625,0.001,7.97
07/04/2026 18:28,17.625,0.001,7.98
07/04/2026 17:58,16.75,0.001,7.99
07/04/2026 17:28,16.75,0.001,8
07/04/2026 16:58,15.75,0.001,8.02
07/04/2026 16:28,16.75,0.001,8.03
07/04/2026 15:58,16.625,0.001,8.05
07/04/2026 15:28,16.625,0.001,8.05
07/04/2026 14:58,16.5,0.001,8.06
07/04/2026 14:28,16.5,0.001,8.07
07/04/2026 13:58,16.5,0.001,8.07
07/04/2026 13:28,16.375,0.001,8.06
07/04/2026 12:58,16.25,0.001,8.06
07/04/2026 12:28,16.125,0.001,8.06
07/04/2026 11:58,16.25,0.001,8.06
07/04/2026 11:28,16.125,0.001,8.05
07/04/2026 10:58,16,0.001,8.05
07/04/2026 10:28,16.125,0.001,8.05
07/04/2026 09:58,15.875,0.001,8.04
07/04/2026 09:28,16,0.001,8.04
07/04/2026 08:58,15.75,0.001,8.04
07/04/2026 08:28,15.875,0.001,8.04
07/04/2026 07:58,15.875,0.001,8.03
07/04/2026 07:28,16.125,0.001,8.03
07/04/2026 06:58,16,0.001,8.03
07/04/2026 06:28,16,0.001,8.03
07/04/2026 05:58,15.75,0.001,8.03
07/04/2026 05:28,15.875,0.001,8.03
07/04/2026 04:58,15.875,0.001,8.03
07/04/2026 04:28,15.75,0.001,8.04
07/04/2026 03:58,15.875,0.001,8.04
07/04/2026 03:58,15.875,0.001,8.04
07/04/2026 03:28,15.875,0.001,8.04
07/04/2026 02:58,15.875,0.001,8.04
07/04/2026 02:28,16,0.001,8.05
07/04/2026 01:58,16,0.001,8.05
07/04/2026 01:28,16,0.001,8.05
07/04/2026 00:58,16.125,0.001,8.05
07/04/2026 00:28,16.25,0.001,8.05
06/04/2026 23:58,16.125,0.001,8.05
06/04/2026 23:28,16.25,0.001,8.06
06/04/2026 22:58,16.25,0.001,8.06
06/04/2026 22:28,16.125,0.001,8.06
06/04/2026 21:58,16.125,0.001,8.06
06/04/2026 21:28,16.375,0.001,8.07
06/04/2026 20:58,16.5,0.001,8.07
06/04/2026 20:28,16.625,0.001,8.07
06/04/2026 19:58,16.5,0.001,8.07
06/04/2026 19:28,16.625,0.001,8.08
06/04/2026 18:58,16.625,0.001,8.08
06/04/2026 18:28,15.75,0.001,8.08
06/04/2026 17:58,17.625,0.001,8.08
06/04/2026 17:28,16.75,0.001,8.08
06/04/2026 16:58,17.625,0.001,8.08
06/04/2026 16:28,17.625,0.001,8.08
06/04/2026 15:58,16.625,0.001,8.08
06/04/2026 15:28,16.625,0.001,8.07
06/04/2026 14:58,16.5,0.001,8.07
06/04/2026 14:28,16.375,0.001,8.07
06/04/2026 13:58,16.375,0.001,8.07
06/04/2026 13:28,16.375,0.001,8.06
06/04/2026 12:58,16.375,0.001,8.06
06/04/2026 12:28,16.25,0.001,8.06
06/04/2026 11:58,16.125,0.001,8.05
06/04/2026 11:28,16.125,0.001,8.05
06/04/2026 10:58,16.125,0.001,8.05
06/04/2026 10:28,16.125,0.001,8.04
06/04/2026 09:58,16,0.001,8.04
06/04/2026 09:28,15.875,0.001,8.04
06/04/2026 08:58,16.125,0.001,8.04
06/04/2026 08:28,16,0.001,8.03
06/04/2026 07:58,16.125,0.001,8.03
06/04/2026 07:28,16,0.001,8.03
06/04/2026 06:58,16.125,0.001,8.03
06/04/2026 06:28,16,0.001,8.03
06/04/2026 05:58,15.875,0.001,8.03
06/04/2026 05:28,16,0.001,8.03
06/04/2026 04:58,16.125,0.001,8.03
06/04/2026 04:28,16.125,0.001,8.03
06/04/2026 03:58,16,0.001,8.04
06/04/2026 03:28,16.25,0.001,8.04
06/04/2026 02:58,16.25,0.001,8.04
06/04/2026 02:28,16.25,0.001,8.04
06/04/2026 01:58,16.125,0.001,8.04
06/04/2026 01:28,16.125,0.001,8.04
06/04/2026 00:58,16.125,0.001,8.05
06/04/2026 00:28,16.25,0.001,8.05
05/04/2026 23:58,16.375,0.001,8.05
05/04/2026 23:28,16.25,0.001,8.05
05/04/2026 22:58,16.375,0.001,8.06
05/04/2026 22:28,16.375,0.001,8.06
05/04/2026 21:58,16.5,0.001,8.06
05/04/2026 21:28,16.375,0.001,8.06
05/04/2026 21:28,16.375,0.001,8.06
05/04/2026 20:58,16.5,0.001,8.07
05/04/2026 20:28,16.5,0.001,8.07
05/04/2026 19:58,16.5,0.001,8.07
05/04/2026 19:28,17.625,0.001,8.07
05/04/2026 18:58,16.75,0.001,8.07
05/04/2026 18:58,16.75,0.001,8.07
05/04/2026 18:28,16.75,0.001,8.08
05/04/2026 17:58,16.75,0.001,8.08
05/04/2026 17:28,15.75,0.001,8.08
05/04/2026 16:58,16.625,0.001,8.07
05/04/2026 16:28,16.625,0.001,8.07
05/04/2026 15:58,16.625,0.001,8.07
05/04/2026 15:28,16.625,0.001,8.07
05/04/2026 14:58,16.5,0.001,8.07
05/04/2026 14:28,16.25,0.001,8.06
05/04/2026 13:58,16.375,0.001,8.06
05/04/2026 13:28,16.375,0.001,8.06
05/04/2026 12:58,16.25,0.001,8.05
05/04/2026 12:28,16.25,0.001,8.05
05/04/2026 11:58,16.125,0.001,8.05
05/04/2026 11:28,16.125,0.001,8.05
05/04/2026 10:58,16.25,0.001,8.04
05/04/2026 10:28,16.25,0.001,8.04
05/04/2026 09:58,16,0.001,8.04
05/04/2026 09:28,16.125,0.001,8.03
05/04/2026 08:58,16,0.001,8.03
05/04/2026 08:28,16.125,0.001,8.03
05/04/2026 07:58,16.125,0.001,8.03
05/04/2026 07:28,16.25,0.001,8.02
05/04/2026 06:58,15.875,0.001,8.02
05/04/2026 06:28,16,0.001,8.02
05/04/2026 05:58,16,0.001,8.02
05/04/2026 05:28,16,0.001,8.02
05/04/2026 04:58,16,0.001,8.03
05/04/2026 04:28,16.125,0.001,8.03
05/04/2026 03:58,16,0.001,8.03
05/04/2026 03:28,16,0.001,8.03
05/04/2026 02:58,16.125,0.001,8.03
05/04/2026 02:28,16,0.001,8.04
05/04/2026 01:58,16.25,0.001,8.04
05/04/2026 01:28,16.125,0.001,8.04
05/04/2026 00:58,16.25,0.001,8.04
05/04/2026 00:28,16.25,0.001,8.04
04/04/2026 23:58,16.125,0.001,8.05
04/04/2026 23:28,16.125,0.001,8.05
04/04/2026 22:58,16.375,0.001,8.05
04/04/2026 22:28,16.25,0.001,8.05
04/04/2026 21:58,16.375,0.001,8.05
04/04/2026 21:28,16.375,0.001,8.06
04/04/2026 20:58,16.5,0.001,8.06
04/04/2026 20:28,16.5,0.001,8.06
04/04/2026 19:58,17.5,0.001,8.06
04/04/2026 19:28,16.625,0.001,8.07
04/04/2026 18:58,17.625,0.001,8.07
04/04/2026 18:28,17.625,0.001,8.07
04/04/2026 17:58,16.75,0.001,8.07
04/04/2026 17:28,16.75,0.001,8.07
04/04/2026 16:58,16.625,0.001,8.07
04/04/2026 16:58,16.625,0.001,8.07
04/04/2026 16:28,16.5,0.001,8.07
04/04/2026 15:58,16.625,0.001,8.06
04/04/2026 15:28,16.5,0.001,8.06
04/04/2026 14:58,16.5,0.001,8.06
04/04/2026 14:28,16.375,0.001,8.05
04/04/2026 13:58,16.375,0.001,8.05
04/04/2026 13:28,16.375,0.001,8.05
04/04/2026 12:58,16.375,0.001,8.04
04/04/2026 12:28,16.25,0.001,8.04
04/04/2026 11:58,16.125,0.001,8.04
04/04/2026 11:28,16.25,0.001,8.03
04/04/2026 10:58,16,0.001,8.03
04/04/2026 10:28,16.125,0.001,8.03
04/04/2026 09:58,16.125,0.001,8.03
04/04/2026 09:28,16.125,0.001,8.02
04/04/2026 08:58,16.125,0.001,8.02
04/04/2026 08:28,16.125,0.001,8.02
04/04/2026 07:58,16.125,0.001,8.02
04/04/2026 07:28,16.125,0.001,8.01
04/04/2026 07:28,16.125,0.001,8.01
04/04/2026 06:58,16.125,0.001,8.01
04/04/2026 06:28,16,0.001,8.01
04/04/2026 05:58,16.125,0.001,8.01
04/04/2026 05:28,16.125,0.001,8.02
04/04/2026 04:58,16.125,0.001,8.02
04/04/2026 04:28,16,0.001,8.01
04/04/2026 03:58,16.125,0.001,8.02
04/04/2026 03:28,16,0.001,8.02
04/04/2026 02:58,16.25,0.001,8.02
04/04/2026 02:28,16.25,0.001,8.02
04/04/2026 01:58,16,0.001,8.03
04/04/2026 01:28,16.25,0.001,8.03
04/04/2026 00:58,16.125,0.001,8.03
04/04/2026 00:28,16.25,0.001,8.03
03/04/2026 23:58,16,0.001,8.03
03/04/2026 23:28,16.25,0.001,8.03
03/04/2026 22:58,16.25,0.001,8.04
03/04/2026 22:28,16.375,0.001,8.04
03/04/2026 21:58,16.375,0.001,8.04
03/04/2026 21:28,16.5,0.001,8.04
03/04/2026 20:58,16.5,0.001,8.04
03/04/2026 20:28,16.625,0.001,8.05
03/04/2026 19:58,15.75,0.001,8.05
03/04/2026 19:28,16.75,0.001,8.05
03/04/2026 18:58,16.75,0.001,8.05
03/04/2026 18:28,17.625,0.001,8.05
03/04/2026 17:58,16.75,0.001,8.05
03/04/2026 17:58,16.75,0.001,8.05
03/04/2026 17:28,16.75,0.001,8.05
03/04/2026 16:58,16.75,0.001,8.05
03/04/2026 16:28,16.625,0.001,8.05
03/04/2026 15:58,16.625,0.001,8.05
03/04/2026 15:28,16.625,0.001,8.05
03/04/2026 14:58,16.375,0.001,8.04
03/04/2026 14:28,16.375,0.001,8.04
03/04/2026 13:58,16.25,0.001,8.04
03/04/2026 13:28,16.25,0.001,8.04
03/04/2026 12:58,16.25,0.001,8.03
03/04/2026 12:28,16.25,0.001,8.03
03/04/2026 11:58,16,0.001,8.03
03/04/2026 11:28,16.25,0.001,8.02
03/04/2026 10:58,16,0.001,8.02
03/04/2026 10:28,16.25,0.001,8.02
03/04/2026 09:58,16,0.001,8.01
03/04/2026 09:28,16.125,0.001,8.01
03/04/2026 08:58,16.125,0.001,8.01
03/04/2026 08:28,16.125,0.001,8.01
03/04/2026 07:58,16.125,0.001,8.01
03/04/2026 07:28,16,0.001,8
03/04/2026 06:58,16,0.001,8
03/04/2026 06:28,16,0.001,8
03/04/2026 05:58,16.125,0.001,8
03/04/2026 05:28,16.125,0.001,8.01
03/04/2026 04:58,16,0.001,8.01
03/04/2026 04:28,16.25,0.001,8.01
03/04/2026 03:58,16,0.001,8.01
03/04/2026 03:28,16.125,0.001,8.02
03/04/2026 02:58,16,0.001,8.02
03/04/2026 02:58,16,0.001,8.02
03/04/2026 02:28,16.125,0.001,8.02
03/04/2026 01:58,16.125,0.001,8.02
03/04/2026 01:28,16.375,0.001,8.02
03/04/2026 00:58,16.375,0.001,8.03
03/04/2026 00:28,16.125,0.001,8.03
02/04/2026 23:58,16.375,0.001,8.03
02/04/2026 23:28,16.375,0.001,8.04
02/04/2026 22:58,16.375,0.001,8.04
02/04/2026 22:28,16.375,0.001,8.04
02/04/2026 21:58,16.5,0.001,8.04
02/04/2026 21:28,16.5,0.001,8.05
02/04/2026 20:58,16.625,0.001,8.05
02/04/2026 20:28,16.625,0.001,8.05
02/04/2026 19:58,15.75,0.001,8.06
02/04/2026 19:28,16.875,0.001,8.06
02/04/2026 18:58,16.75,0.001,8.06
02/04/2026 18:28,17.625,0.001,8.06
02/04/2026 17:58,16.75,0.001,8.06
02/04/2026 17:28,16.625,0.001,8.06
02/04/2026 16:58,17.625,0.001,8.06
02/04/2026 16:28,16.75,0.001,8.06
02/04/2026 15:58,16.625,0.001,8.06
02/04/2026 15:28,15.75,0.001,8.05
02/04/2026 14:58,16.5,0.001,8.05
02/04/2026 14:58,16.5,0.001,8.05
02/04/2026 14:28,16.625,0.001,8.05
02/04/2026 13:58,16.5,0.001,8.04
02/04/2026 13:28,16.5,0.001,8.04
02/04/2026 12:58,16.375,0.001,8.04
02/04/2026 12:28,16.25,0.001,8.04
02/04/2026 11:58,16.125,0.001,8.03
02/04/2026 11:28,16.125,0.001,8.03
02/04/2026 10:58,16.125,0.001,8.03
02/04/2026 10:28,16.125,0.001,8.02
02/04/2026 09:58,16.125,0.001,8.02
02/04/2026 09:28,16.125,0.001,8.02
02/04/2026 08:58,16.25,0.001,8.01
02/04/2026 08:28,16.125,0.001,8.01
02/04/2026 07:58,16.125,0.001,8.01
02/04/2026 07:28,16.25,0.001,8
02/04/2026 06:58,16.125,0.001,8
02/04/2026 06:28,16,0.001,8
02/04/2026 05:58,16.25,0.001,8
02/04/2026 05:28,16.125,0.001,8
02/04/2026 04:58,16.25,0.001,8
02/04/2026 04:28,16.25,0.001,8.01
02/04/2026 03:58,16.25,0.001,8.01
02/04/2026 03:28,16.125,0.001,8.01
02/04/2026 02:58,16,0.001,8.01
02/04/2026 02:28,16.125,0.001,8.01
02/04/2026 01:58,16.125,0.001,8.01
02/04/2026 01:28,16.125,0.001,8.02
02/04/2026 00:58,16.125,0.001,8.02
02/04/2026 00:28,16.25,0.001,8.02
01/04/2026 23:58,16.125,0.001,8.02
01/04/2026 23:28,16.5,0.001,8.02
01/04/2026 22:58,16.25,0.001,8.02
01/04/2026 22:28,16.25,0.001,8.02
01/04/2026 21:58,16.375,0.001,8.02
01/04/2026 21:58,16.375,0.001,8.02
01/04/2026 21:28,16.5,0.001,8.02
01/04/2026 20:58,16.625,0.001,8.03
01/04/2026 20:28,16.625,0.001,8.03
01/04/2026 19:58,15.75,0.001,8.03
01/04/2026 19:28,16.75,0.001,8.03
01/04/2026 18:58,16.75,0.001,8.03
01/04/2026 18:28,16.75,0.001,8.03
01/04/2026 17:58,16.875,0.001,8.03
01/04/2026 17:31,17,0.001,8.03
01/04/2026 17:31,17,0.001,8.03
01/04/2026 17:31,17,0.001,8.74
01/04/2026 17:28,16.875,0.001,8.03
01/04/2026 16:58,16.75,0.001,8.03
01/04/2026 16:28,17.625,0.001,8.03
01/04/2026 15:58,16.75,0.001,8.03
01/04/2026 15:28,15.75,0.001,8.03
01/04/2026 14:58,16.625,0.001,8.02
01/04/2026 14:28,16.5,0.001,8.02
01/04/2026 13:58,16.5,0.001,8.02
01/04/2026 13:28,16.5,0.001,8.02
01/04/2026 12:58,16.5,0.001,8.01
01/04/2026 12:28,16.375,0.001,8.01
01/04/2026 11:58,16.25,0.001,8.01
01/04/2026 11:28,16.25,0.001,8.01
01/04/2026 10:58,16.125,0.001,8.01
01/04/2026 10:28,16.125,0.001,8.01
28/03/2026 11:28,15.75,0.001,7.99
28/03/2026 10:58,15.625,0.001,7.99
28/03/2026 10:28,15.625,0.001,7.98
28/03/2026 09:58,15.75,0.001,7.98
28/03/2026 09:58,15.75,0.001,7.98
28/03/2026 09:28,15.75,0.001,7.98
28/03/2026 08:58,14.75,0.001,7.97
28/03/2026 08:28,14.75,0.001,7.97
28/03/2026 07:58,16.625,0.001,7.97
28/03/2026 07:28,15.75,0.001,7.97
28/03/2026 06:58,15.75,0.001,7.96
28/03/2026 06:28,16.625,0.001,7.97
28/03/2026 05:58,14.75,0.001,7.97
28/03/2026 05:28,15.75,0.001,7.97
28/03/2026 04:58,14.75,0.001,7.97
28/03/2026 04:28,14.75,0.001,7.98
28/03/2026 03:58,15.75,0.001,7.98
28/03/2026 03:28,16.625,0.001,7.98
28/03/2026 02:58,15.75,0.001,7.98
28/03/2026 02:28,15.75,0.001,7.98
28/03/2026 01:58,14.75,0.001,7.99
28/03/2026 01:28,14.875,0.001,7.99
28/03/2026 00:58,14.75,0.001,7.99
28/03/2026 00:28,14.75,0.001,7.99
27/03/2026 23:58,14.75,0.001,8
27/03/2026 23:28,15.75,0.001,8
27/03/2026 22:58,15.875,0.001,8
27/03/2026 22:28,15.625,0.001,8
27/03/2026 21:58,16.625,0.001,8
27/03/2026 21:28,15.5,0.001,8.01
27/03/2026 20:58,14.875,0.001,8.01
27/03/2026 20:28,16.625,0.001,8.01
27/03/2026 19:58,15.875,0.001,8.02
27/03/2026 19:28,15.875,0.001,8.02
27/03/2026 18:58,15.875,0.001,8.02
27/03/2026 18:28,15.75,0.001,8.02
27/03/2026 17:58,15.875,0.001,8.03
27/03/2026 17:28,15.75,0.001,8.02
27/03/2026 16:58,15.875,0.001,8.02
27/03/2026 16:58,15.875,0.001,8.02
27/03/2026 16:28,15.75,0.001,8.02
27/03/2026 15:58,16,0.001,8.02
27/03/2026 15:28,15.875,0.001,8.01
27/03/2026 14:58,14.875,0.001,8.01
27/03/2026 14:28,15.75,0.001,8.01
27/03/2026 13:58,16.625,0.001,8
27/03/2026 13:28,15.75,0.001,8
27/03/2026 13:28,15.75,0.001,8
27/03/2026 12:58,16.625,0.001,7.99
27/03/2026 12:28,15.75,0.001,7.99
27/03/2026 11:58,15.75,0.001,7.98
27/03/2026 11:28,15.75,0.001,7.98
27/03/2026 10:58,15.75,0.001,7.97
27/03/2026 10:28,14.875,0.001,7.97
27/03/2026 09:58,15.875,0.001,7.97
27/03/2026 09:28,15.625,0.001,7.96
27/03/2026 08:58,15.75,0.001,7.96
27/03/2026 08:28,15.75,0.001,7.95
27/03/2026 07:58,15.875,0.001,7.95
27/03/2026 07:28,15.875,0.001,7.95
27/03/2026 06:58,15.875,0.001,7.94
27/03/2026 06:28,15.75,0.001,7.94
27/03/2026 05:58,14.875,0.001,7.94
27/03/2026 05:28,14.75,0.001,7.95
27/03/2026 04:58,15.75,0.001,7.95
27/03/2026 04:28,15.875,0.001,7.95
27/03/2026 03:58,15.875,0.001,7.95
27/03/2026 03:28,15.75,0.001,7.95
27/03/2026 02:58,15.75,0.001,7.95
27/03/2026 02:28,15.875,0.001,7.95
27/03/2026 01:58,16,0.001,7.96
27/03/2026 01:28,15.875,0.001,7.96
27/03/2026 00:58,16,0.001,7.96
27/03/2026 00:58,16,0.001,7.96
27/03/2026 00:28,15.875,0.001,7.96
27/03/2026 00:28,15.875,0.001,7.96
26/03/2026 23:58,16,0.001,7.96
26/03/2026 23:28,16,0.001,7.96
26/03/2026 22:58,16,0.001,7.97
26/03/2026 22:28,16.125,0.001,7.97
26/03/2026 21:58,16.125,0.001,7.97
26/03/2026 21:28,16,0.001,7.97
26/03/2026 20:58,16.25,0.001,7.97
26/03/2026 20:28,16.25,0.001,7.98
26/03/2026 19:58,16.375,0.001,7.98
26/03/2026 19:28,16.5,0.001,7.98
26/03/2026 18:58,16.375,0.001,7.99
26/03/2026 18:58,16.375,0.001,7.99
26/03/2026 18:28,16.625,0.001,7.99
26/03/2026 17:58,16.625,0.001,7.99
26/03/2026 17:28,16.625,0.001,7.99
26/03/2026 16:58,16.625,0.001,7.98
26/03/2026 16:28,16.625,0.001,7.98
26/03/2026 15:58,16.5,0.001,7.98
26/03/2026 15:28,16.375,0.001,7.98
26/03/2026 14:58,16.375,0.001,7.97
26/03/2026 14:28,16.5,0.001,7.97
26/03/2026 13:58,16.375,0.001,7.98
26/03/2026 13:28,16.125,0.001,7.98
26/03/2026 12:58,16.375,0.001,7.99
26/03/2026 12:28,16.25,0.001,7.99
26/03/2026 11:58,16.25,0.001,8.01
26/03/2026 11:28,16.375,0.001,8.03
26/03/2026 10:58,16.25,0.001,8.03
26/03/2026 10:28,16.25,0.001,8.03
26/03/2026 09:58,16.375,0.001,8.03
26/03/2026 09:28,16.375,0.001,8.02
26/03/2026 08:58,16.125,0.001,8.02
26/03/2026 08:28,16.25,0.001,8.02
26/03/2026 07:58,16.125,0.001,8.02
26/03/2026 07:28,16.25,0.001,8.02
26/03/2026 06:58,16.25,0.001,8.02
26/03/2026 06:28,16.125,0.001,8.02
26/03/2026 05:58,16.25,0.001,8.02
26/03/2026 05:28,16.375,0.001,8.03
26/03/2026 04:58,16.375,0.001,8.03
26/03/2026 04:28,16.25,0.001,8.03
26/03/2026 03:58,16.375,0.001,8.03
26/03/2026 03:28,16.25,0.001,8.03
26/03/2026 02:58,16.25,0.001,8.03
26/03/2026 02:28,16.125,0.001,8.04
26/03/2026 01:58,16.125,0.001,8.04
26/03/2026 01:28,16.125,0.001,8.04
26/03/2026 00:58,16.25,0.001,8.04
26/03/2026 00:28,16.25,0.001,8.05
25/03/2026 23:58,16.375,0.001,8.05
25/03/2026 23:28,16.375,0.001,8.05
25/03/2026 22:58,16.5,0.001,8.05
25/03/2026 22:28,16.5,0.001,8.06
25/03/2026 21:58,16.5,0.001,8.06
25/03/2026 21:28,16.375,0.001,8.06
25/03/2026 20:58,16.5,0.001,8.07
25/03/2026 20:28,16.5,0.001,8.07
25/03/2026 19:58,16.375,0.001,8.07
25/03/2026 19:28,16.625,0.001,8.07
25/03/2026 18:58,16.5,0.001,8.08
25/03/2026 18:28,16.625,0.001,8.08
25/03/2026 17:58,16.75,0.001,8.08
25/03/2026 17:28,17.625,0.001,8.08
25/03/2026 16:58,15.75,0.001,8.08
25/03/2026 16:28,16.75,0.001,8.07
25/03/2026 15:58,17.625,0.001,8.07
25/03/2026 15:28,16.625,0.001,8.07
25/03/2026 14:58,16.5,0.001,8.06
25/03/2026 14:28,16.25,0.001,8.06
25/03/2026 13:58,16.5,0.001,8.06
25/03/2026 13:28,16.375,0.001,8.06
25/03/2026 12:58,16.25,0.001,8.06
25/03/2026 12:28,16.25,0.001,8.05
25/03/2026 11:58,16.25,0.001,8.05
25/03/2026 11:28,16.25,0.001,8.04
25/03/2026 10:58,16.375,0.001,8.04
25/03/2026 10:28,16.25,0.001,8.03
25/03/2026 09:58,16.125,0.001,8.03
25/03/2026 09:28,16.25,0.001,8.03
25/03/2026 08:58,16.125,0.001,8.03
25/03/2026 08:28,16.25,0.001,8.02
25/03/2026 07:58,16.375,0.001,8.02
25/03/2026 07:28,16.25,0.001,8.02
25/03/2026 06:58,16.25,0.001,8.02
25/03/2026 06:28,16.25,0.001,8.02
25/03/2026 05:58,16.25,0.001,8.02
25/03/2026 05:28,16.125,0.001,8.02
25/03/2026 04:58,16.25,0.001,8.02
25/03/2026 04:28,16.125,0.001,8.03
25/03/2026 03:58,16.25,0.001,8.03
25/03/2026 03:28,16.125,0.001,8.03
25/03/2026 02:58,16.125,0.001,8.03
25/03/2026 02:28,16.125,0.001,8.04
25/03/2026 01:58,16.25,0.001,8.04
25/03/2026 01:28,16.25,0.001,8.04
25/03/2026 00:58,16.25,0.001,8.04
25/03/2026 00:28,16.25,0.001,8.04
24/03/2026 23:58,16.125,0.001,8.05
24/03/2026 23:28,16.125,0.001,8.05
24/03/2026 22:58,16.125,0.001,8.05
24/03/2026 22:28,16.375,0.001,8.05
24/03/2026 21:58,16.25,0.001,8.06
24/03/2026 21:28,16.25,0.001,8.06
24/03/2026 20:58,16.25,0.001,8.06
24/03/2026 20:28,16.25,0.001,8.07
24/03/2026 19:58,16.25,0.001,8.07
24/03/2026 19:28,16.25,0.001,8.07
24/03/2026 18:58,16.25,0.001,8.08
24/03/2026 18:28,16.5,0.001,8.08
24/03/2026 17:58,16.375,0.001,8.08
24/03/2026 17:28,16.625,0.001,8.08
24/03/2026 16:58,16.5,0.001,8.08
24/03/2026 16:28,16.5,0.001,8.08
24/03/2026 15:58,16.375,0.001,8.09
24/03/2026 15:28,16.375,0.001,8.09
24/03/2026 14:58,16.25,0.001,8.08
24/03/2026 14:28,16.375,0.001,8.08
24/03/2026 13:58,16.25,0.001,8.08
24/03/2026 13:28,16.5,0.001,8.07
24/03/2026 12:58,16.25,0.001,8.07
24/03/2026 12:28,16.375,0.001,8.06
24/03/2026 11:58,16.25,0.001,8.06
24/03/2026 11:28,16.375,0.001,8.06
24/03/2026 10:58,16.375,0.001,8.05
24/03/2026 10:28,16.125,0.001,8.05
24/03/2026 09:58,16.25,0.001,8.05
24/03/2026 09:28,16.125,0.001,8.04
24/03/2026 08:58,16.125,0.001,8.04
24/03/2026 08:28,16.125,0.001,8.04
24/03/2026 07:58,16.25,0.001,8.04
24/03/2026 07:28,16,0.001,8.03
24/03/2026 06:58,16.25,0.001,8.04
24/03/2026 06:28,16.125,0.001,8.04
24/03/2026 05:58,16.25,0.001,8.04
24/03/2026 05:28,16.25,0.001,8.04
24/03/2026 04:58,16,0.001,8.04
24/03/2026 04:28,16.125,0.001,8.04
24/03/2026 03:58,16.25,0.001,8.05
24/03/2026 03:28,16.25,0.001,8.05
24/03/2026 02:58,16.25,0.001,8.05
24/03/2026 02:28,16.25,0.001,8.05
24/03/2026 01:58,16.125,0.001,8.05
24/03/2026 01:28,16.125,0.001,8.06
24/03/2026 00:58,16.25,0.001,8.06
24/03/2026 00:28,16.125,0.001,8.06
23/03/2026 23:58,16.25,0.001,8.06
23/03/2026 23:28,16.375,0.001,8.06
23/03/2026 22:58,16.25,0.001,8.07
23/03/2026 22:28,16.125,0.001,8.07
23/03/2026 21:58,16.375,0.001,8.07
23/03/2026 21:28,16.5,0.001,8.07
23/03/2026 20:58,16.375,0.001,8.08
23/03/2026 20:28,16.5,0.001,8.08
23/03/2026 19:58,16.625,0.001,8.08
23/03/2026 19:58,16.625,0.001,8.08
23/03/2026 19:28,16.5,0.001,8.09
23/03/2026 18:58,16.75,0.001,8.09
23/03/2026 18:28,16.75,0.001,8.09
23/03/2026 17:58,16.875,0.001,8.09
23/03/2026 17:28,16.875,0.001,8.09
23/03/2026 16:58,17,0.001,8.09
23/03/2026 16:28,16.75,0.001,8.09
23/03/2026 15:58,16.75,0.001,8.09
23/03/2026 15:28,16.75,0.001,8.08
23/03/2026 14:58,17.625,0.001,8.08
23/03/2026 14:58,17.625,0.001,8.08
23/03/2026 14:28,16.5,0.001,8.08
23/03/2026 13:58,16.625,0.001,8.08
23/03/2026 13:28,16.5,0.001,8.08
23/03/2026 12:58,16.375,0.001,8.08
23/03/2026 12:28,16.25,0.001,8.07
23/03/2026 11:58,16.375,0.001,8.07
23/03/2026 11:28,16.375,0.001,8.07
23/03/2026 11:28,16.375,0.001,8.07
23/03/2026 10:58,16.125,0.001,8.07
23/03/2026 10:28,16.125,0.001,8.06
23/03/2026 09:58,16.125,0.001,8.06
23/03/2026 09:28,16.25,0.001,8.06
23/03/2026 08:58,16.125,0.001,8.05
23/03/2026 08:28,16.25,0.001,8.05
23/03/2026 07:58,16.125,0.001,8.05
23/03/2026 07:28,16.125,0.001,8.05
23/03/2026 06:58,16.125,0.001,8.05
23/03/2026 06:28,16.25,0.001,8.05
23/03/2026 05:58,16.25,0.001,8.05
23/03/2026 05:28,16,0.001,8.06
23/03/2026 04:58,16.25,0.001,8.06
23/03/2026 04:28,16.125,0.001,8.06
23/03/2026 03:58,16,0.001,8.06
23/03/2026 03:28,16.25,0.001,8.06
23/03/2026 02:58,16.25,0.001,8.07
23/03/2026 02:28,16.375,0.001,8.07
23/03/2026 01:58,16,0.001,8.07
23/03/2026 01:28,16.375,0.001,8.07
23/03/2026 00:58,16.25,0.001,8.08
23/03/2026 00:28,16.25,0.001,8.08
22/03/2026 23:58,16.125,0.001,8.08
22/03/2026 23:28,16.25,0.001,8.08
22/03/2026 22:58,16.125,0.001,8.09
22/03/2026 22:28,16.375,0.001,8.09
22/03/2026 21:58,16.375,0.001,8.09
22/03/2026 21:28,16.25,0.001,8.09
22/03/2026 20:58,16.25,0.001,8.1
22/03/2026 20:28,16.25,0.001,8.1
22/03/2026 19:58,16.375,0.001,8.1
22/03/2026 19:28,16.5,0.001,8.11
22/03/2026 18:58,16.375,0.001,8.11
22/03/2026 18:28,16.375,0.001,8.11
22/03/2026 17:58,16.625,0.001,8.11
22/03/2026 17:56,16.5,0.001,8.11
22/03/2026 16:58,16.625,0.001,8.11
22/03/2026 16:28,16.5,0.001,8.11
22/03/2026 16:28,16.5,0.001,8.11
22/03/2026 15:58,16.5,0.001,8.1
22/03/2026 15:28,16.5,0.001,8.1
22/03/2026 14:58,16.375,0.001,8.09
22/03/2026 14:28,16.375,0.001,8.09
22/03/2026 13:58,16.375,0.001,8.09
22/03/2026 13:28,16.25,0.001,8.08
22/03/2026 12:58,16.375,0.001,8.08
22/03/2026 12:28,16.125,0.001,8.08
22/03/2026 11:58,16.375,0.001,8.07
22/03/2026 11:28,16.25,0.001,8.07
22/03/2026 10:58,16.25,0.001,8.07
22/03/2026 10:28,16.25,0.001,8.06
22/03/2026 09:58,16.25,0.001,8.06
22/03/2026 09:28,16.25,0.001,8.06
22/03/2026 08:58,16.125,0.001,8.05
22/03/2026 08:28,16.25,0.001,8.05
22/03/2026 07:58,16.25,0.001,8.05
22/03/2026 07:28,16.25,0.001,8.05
22/03/2026 07:28,16.25,0.001,8.05
22/03/2026 06:58,16,0.001,8.05
22/03/2026 06:28,16.125,0.001,8.05
22/03/2026 05:58,16.125,0.001,8.05
22/03/2026 05:28,16.25,0.001,8.06
22/03/2026 04:58,16.375,0.001,8.06
22/03/2026 04:28,16.125,0.001,8.06
22/03/2026 04:28,16.125,0.001,8.06
22/03/2026 03:58,16,0.001,8.06
22/03/2026 03:28,16.125,0.001,8.06
22/03/2026 02:58,16.25,0.001,8.07
22/03/2026 02:28,16.25,0.001,8.07
22/03/2026 01:58,16.375,0.001,8.07
22/03/2026 01:28,16.125,0.001,8.08
22/03/2026 00:58,16.25,0.001,8.08
22/03/2026 00:28,16.125,0.001,8.08
21/03/2026 23:58,16.25,0.001,8.08
21/03/2026 23:28,16.25,0.001,8.08
21/03/2026 22:58,16.25,0.001,8.09
21/03/2026 22:28,16.375,0.001,8.09
21/03/2026 21:58,16.125,0.001,8.09
21/03/2026 21:28,16.125,0.001,8.09
21/03/2026 20:58,16.25,0.001,8.1
21/03/2026 20:28,16.25,0.001,8.1
21/03/2026 19:58,16,0.001,8.1
21/03/2026 19:28,16.25,0.001,8.11
21/03/2026 18:58,16.125,0.001,8.11
21/03/2026 18:28,16.125,0.001,8.11
21/03/2026 17:58,16.125,0.001,8.11
21/03/2026 17:28,16,0.001,8.11
21/03/2026 16:58,16.25,0.001,8.11
21/03/2026 16:28,16.125,0.001,8.11
21/03/2026 15:58,16.25,0.001,8.1
21/03/2026 15:28,16.5,0.001,8.1
21/03/2026 14:58,16.25,0.001,8.1
21/03/2026 14:28,16.375,0.001,8.09
21/03/2026 13:58,16.375,0.001,8.09
21/03/2026 13:28,16.375,0.001,8.09
21/03/2026 12:58,16.25,0.001,8.09
21/03/2026 12:28,16.375,0.001,8.08
21/03/2026 11:58,16.375,0.001,8.07
21/03/2026 11:28,16.125,0.001,8.07
21/03/2026 10:58,16.25,0.001,8.07
21/03/2026 10:28,16.125,0.001,8.06
21/03/2026 09:58,16.25,0.001,8.06
21/03/2026 09:28,16.125,0.001,8.06
21/03/2026 08:58,16.125,0.001,8.06
21/03/2026 08:28,16.125,0.001,8.06
21/03/2026 07:58,16.125,0.001,8.05
21/03/2026 07:28,16,0.001,8.05
21/03/2026 06:58,16.125,0.001,8.05
21/03/2026 06:28,16.25,0.001,8.05
21/03/2026 05:58,16.125,0.001,8.06
21/03/2026 05:28,16.25,0.001,8.06
21/03/2026 04:58,16.375,0.001,8.06
21/03/2026 04:28,16.375,0.001,8.06
21/03/2026 03:58,16.25,0.001,8.07
21/03/2026 03:28,16.375,0.001,8.07
21/03/2026 02:58,16.375,0.001,8.07
21/03/2026 02:28,16,0.001,8.07
21/03/2026 01:58,16.125,0.001,8.07
21/03/2026 01:28,16.25,0.001,8.08
21/03/2026 00:58,16,0.001,8.08
21/03/2026 00:28,16,0.001,8.08
20/03/2026 23:58,16.25,0.001,8.08
20/03/2026 23:28,16.25,0.001,8.09
20/03/2026 22:58,16,0.001,8.09
20/03/2026 22:28,16.125,0.001,8.09
20/03/2026 21:58,16.25,0.001,8.09
20/03/2026 21:28,16.125,0.001,8.09
20/03/2026 20:58,16,0.001,8.1
20/03/2026 20:28,16,0.001,8.1
20/03/2026 19:58,16,0.001,8.1
20/03/2026 19:28,16.125,0.001,8.11
20/03/2026 18:58,16.125,0.001,8.11
20/03/2026 18:28,16.125,0.001,8.11
20/03/2026 17:58,16,0.001,8.11
20/03/2026 17:28,16.125,0.001,8.11
20/03/2026 16:58,16.125,0.001,8.11
20/03/2026 16:28,16.125,0.001,8.11
20/03/2026 15:58,16.125,0.001,8.1
20/03/2026 15:28,16.125,0.001,8.1
20/03/2026 14:58,16.125,0.001,8.1
20/03/2026 14:28,16.125,0.001,8.09
20/03/2026 13:58,16.25,0.001,8.09
20/03/2026 13:58,16.25,0.001,8.09
20/03/2026 13:28,16.25,0.001,8.09
20/03/2026 12:58,16.125,0.001,8.09
20/03/2026 12:28,16.125,0.001,8.08
20/03/2026 11:58,16.375,0.001,8.08
20/03/2026 11:28,16,0.001,8.08
20/03/2026 10:58,16.125,0.001,8.07
20/03/2026 10:28,16.125,0.001,8.07
20/03/2026 09:58,16.25,0.001,8.07
20/03/2026 09:28,16.125,0.001,8.06
20/03/2026 08:58,16.125,0.001,8.06
20/03/2026 08:28,16.25,0.001,8.06
20/03/2026 07:58,16.125,0.001,8.06
20/03/2026 07:28,16,0.001,8.05
20/03/2026 06:58,16.25,0.001,8.05
20/03/2026 06:28,16.25,0.001,8.06
20/03/2026 05:58,16.125,0.001,8.06
20/03/2026 05:28,16.25,0.001,8.06
20/03/2026 04:58,16.125,0.001,8.06
20/03/2026 04:28,16.375,0.001,8.06
20/03/2026 03:58,16.25,0.001,8.06
20/03/2026 03:28,16.25,0.001,8.07
20/03/2026 02:58,16,0.001,8.07
20/03/2026 02:28,16.25,0.001,8.07
20/03/2026 01:58,16,0.001,8.07
20/03/2026 01:28,16.25,0.001,8.08
20/03/2026 00:58,16,0.001,8.08
20/03/2026 00:28,16.125,0.001,8.08
19/03/2026 23:58,16.25,0.001,8.08
19/03/2026 23:28,16.125,0.001,8.09
19/03/2026 22:58,16.25,0.001,8.09
19/03/2026 22:58,16.25,0.001,8.09
19/03/2026 22:28,16.25,0.001,8.09
19/03/2026 21:58,16.125,0.001,8.09
19/03/2026 21:28,16.125,0.001,8.1
19/03/2026 20:58,16.125,0.001,8.1
19/03/2026 20:58,16.125,0.001,8.1
19/03/2026 20:28,16.25,0.001,8.1
19/03/2026 19:58,16,0.001,8.1
19/03/2026 19:28,16.375,0.001,8.11
19/03/2026 18:58,16.125,0.001,8.11
19/03/2026 18:28,16,0.001,8.11
19/03/2026 17:58,16.25,0.001,8.11
19/03/2026 17:28,16.25,0.001,8.11
19/03/2026 16:58,16.25,0.001,8.11
19/03/2026 16:28,16.375,0.001,8.1
19/03/2026 15:58,16.25,0.001,8.1
19/03/2026 15:28,16.5,0.001,8.1
19/03/2026 14:58,16.375,0.001,8.09
19/03/2026 14:28,16.25,0.001,8.09
19/03/2026 13:58,16.375,0.001,8.09
19/03/2026 13:28,16.25,0.001,8.08
19/03/2026 12:58,16.375,0.001,8.08
19/03/2026 12:28,16.125,0.001,8.07
19/03/2026 11:58,16.25,0.001,8.07
19/03/2026 11:28,16.125,0.001,8.06
19/03/2026 10:58,16.25,0.001,8.06
19/03/2026 10:28,16.125,0.001,8.06
19/03/2026 09:58,16.25,0.001,8.05
19/03/2026 09:28,16,0.001,8.05
19/03/2026 08:58,16.125,0.001,8.05
19/03/2026 08:28,16,0.001,8.04
19/03/2026 07:58,16.125,0.001,8.04
19/03/2026 07:28,16,0.001,8.04
19/03/2026 06:58,16.125,0.001,8.04
19/03/2026 06:28,16.125,0.001,8.04
19/03/2026 05:58,16.25,0.001,8.04
19/03/2026 05:28,16,0.001,8.04
19/03/2026 04:58,16.125,0.001,8.04
19/03/2026 04:28,16.125,0.001,8.04
19/03/2026 03:58,16,0.001,8.04
19/03/2026 03:28,16.125,0.001,8.04
19/03/2026 02:58,16.125,0.001,8.04
19/03/2026 02:28,16.125,0.001,8.05
19/03/2026 01:58,16.25,0.001,8.05
19/03/2026 01:28,16.375,0.001,8.05
19/03/2026 00:58,16.25,0.001,8.05
19/03/2026 00:28,16.25,0.001,8.05
18/03/2026 23:58,16.25,0.001,8.05
18/03/2026 23:28,16.375,0.001,8.06
18/03/2026 23:28,16.375,0.001,8.06
18/03/2026 22:58,16.25,0.001,8.06
18/03/2026 22:58,16.25,0.001,8.06
18/03/2026 22:28,16.375,0.001,8.06
18/03/2026 22:28,16.375,0.001,8.06
18/03/2026 21:58,16.25,0.001,8.06
18/03/2026 21:28,16.25,0.001,8.06
18/03/2026 20:58,16.5,0.001,8.06
18/03/2026 20:28,16.625,0.001,8.07
18/03/2026 19:58,16.625,0.001,8.07
18/03/2026 19:28,16.75,0.001,8.07
18/03/2026 18:58,17.625,0.001,8.07
18/03/2026 18:28,16.875,0.001,8.08
18/03/2026 17:58,16.875,0.001,8.07
18/03/2026 17:28,16.875,0.001,8.07
18/03/2026 16:58,16.875,0.001,8.07
18/03/2026 16:28,16.75,0.001,8.06
18/03/2026 15:58,16.75,0.001,8.06
18/03/2026 15:28,16.625,0.001,8.06
18/03/2026 14:58,16.625,0.001,8.05
18/03/2026 14:28,16.625,0.001,8.05
18/03/2026 13:58,16.5,0.001,8.05
18/03/2026 13:28,16.5,0.001,8.04
18/03/2026 12:58,16.375,0.001,8.04
18/03/2026 12:28,16.375,0.001,8.04
18/03/2026 11:58,16.25,0.001,8.04
18/03/2026 11:28,16.25,0.001,8.04
18/03/2026 10:58,16.125,0.001,8.04
18/03/2026 10:28,16.125,0.001,8.04
18/03/2026 09:58,16.125,0.001,8.04
18/03/2026 09:28,16.25,0.001,8.05
18/03/2026 08:58,16.25,0.001,8.05
18/03/2026 08:28,16.25,0.001,8.04
18/03/2026 07:58,16,0.001,8.04
18/03/2026 07:58,16,0.001,8.04
18/03/2026 07:28,16.25,0.001,8.04
18/03/2026 07:28,16.25,0.001,8.04
18/03/2026 06:58,16.25,0.001,8.04
18/03/2026 06:58,16.25,0.001,8.04
18/03/2026 06:28,16.25,0.001,8.04
18/03/2026 05:58,16.125,0.001,8.04
18/03/2026 05:28,16.375,0.001,8.04
18/03/2026 05:28,16.375,0.001,8.04
18/03/2026 04:58,16.125,0.001,8.05
18/03/2026 04:58,16.125,0.001,8.05
18/03/2026 04:28,16.125,0.001,8.05
18/03/2026 04:28,16.125,0.001,8.05
18/03/2026 03:58,16.25,0.001,8.05
18/03/2026 03:58,16.25,0.001,8.05
18/03/2026 03:28,16.25,0.001,8.05
18/03/2026 03:24,16.25,0.001,8.05
18/03/2026 02:58,16.375,0.001,8.05
18/03/2026 02:28,16.125,0.001,8.05
18/03/2026 02:28,16.125,0.001,8.05
18/03/2026 01:28,16.125,0.001,8.06
18/03/2026 00:58,16.25,0.001,8.06
18/03/2026 00:28,16.5,0.001,8.06
17/03/2026 23:58,16.5,0.001,8.07
17/03/2026 23:28,16.375,0.001,8.07
17/03/2026 22:58,16.25,0.001,8.07
17/03/2026 22:28,16.5,0.001,8.07
17/03/2026 21:58,16.375,0.001,8.08
17/03/2026 21:28,16.5,0.001,8.08
17/03/2026 20:58,16.5,0.001,8.08
17/03/2026 20:28,17.625,0.001,8.09
17/03/2026 19:58,17.625,0.001,8.09
17/03/2026 19:28,17.625,0.001,8.1
17/03/2026 18:58,16.75,0.001,8.1
17/03/2026 18:28,16.875,0.001,8.11
17/03/2026 17:58,16.875,0.001,8.11
17/03/2026 17:28,16.875,0.001,8.12
17/03/2026 16:58,16.875,0.001,8.12
17/03/2026 16:28,16.875,0.001,8.12
17/03/2026 15:58,15.75,0.001,8.12
17/03/2026 15:28,16.75,0.001,8.12
17/03/2026 14:58,16.75,0.001,8.12
17/03/2026 14:28,16.5,0.001,8.11
17/03/2026 13:58,16.625,0.001,8.11
17/03/2026 13:28,16.5,0.001,8.11
17/03/2026 12:58,16.375,0.001,8.1
17/03/2026 12:28,16.25,0.001,8.1
17/03/2026 11:58,16.5,0.001,8.1
17/03/2026 11:28,16.375,0.001,8.1
17/03/2026 10:58,16.25,0.001,8.09
17/03/2026 10:28,16.25,0.001,8.09
17/03/2026 09:58,16.25,0.001,8.09
17/03/2026 09:28,16.125,0.001,8.08
17/03/2026 08:58,16.125,0.001,8.08
17/03/2026 08:28,16.375,0.001,8.08
17/03/2026 07:58,16.375,0.001,8.07
17/03/2026 07:28,16.125,0.001,8.07
17/03/2026 06:58,16.25,0.001,8.07
17/03/2026 06:28,16.25,0.001,8.07
17/03/2026 06:28,16.25,0.001,8.07
17/03/2026 05:58,16.25,0.001,8.08
17/03/2026 05:28,16.125,0.001,8.08
17/03/2026 04:58,16.125,0.001,8.08
17/03/2026 04:58,16.125,0.001,8.08
17/03/2026 04:28,16.125,0.001,8.08
17/03/2026 03:58,16.25,0.001,8.08
17/03/2026 03:28,16.25,0.001,8.09
17/03/2026 02:58,16.25,0.001,8.09
17/03/2026 02:28,16.25,0.001,8.09
17/03/2026 01:58,16.25,0.001,8.09
17/03/2026 01:28,16.25,0.001,8.09
17/03/2026 00:58,16.25,0.001,8.1
17/03/2026 00:28,16.125,0.001,8.1
16/03/2026 23:58,16.25,0.001,8.1
16/03/2026 23:28,16.25,0.001,8.1
16/03/2026 22:58,16.125,0.001,8.11
16/03/2026 22:28,16.25,0.001,8.11
16/03/2026 21:58,16.25,0.001,8.11
16/03/2026 21:28,16.25,0.001,8.11
16/03/2026 20:58,16.5,0.001,8.11
16/03/2026 20:28,16.25,0.001,8.12
16/03/2026 19:58,16.375,0.001,8.12
16/03/2026 19:28,16.5,0.001,8.12
16/03/2026 19:28,16.5,0.001,8.12
16/03/2026 18:58,16.5,0.001,8.13
16/03/2026 18:28,16.625,0.001,8.13
16/03/2026 17:58,16.5,0.001,8.13
16/03/2026 17:28,17.625,0.001,8.13
16/03/2026 17:28,17.625,0.001,8.13
16/03/2026 16:58,15.75,0.001,8.13
16/03/2026 16:28,16.625,0.001,8.12
16/03/2026 15:58,16.5,0.001,8.12
16/03/2026 15:28,16.5,0.001,8.12
16/03/2026 14:58,16.375,0.001,8.11
16/03/2026 14:28,16.375,0.001,8.11
16/03/2026 13:58,16.375,0.001,8.11
16/03/2026 13:28,16.25,0.001,8.1
16/03/2026 12:58,16.375,0.001,8.1
16/03/2026 12:28,16.25,0.001,8.1
16/03/2026 11:58,16.25,0.001,8.09
16/03/2026 11:28,16.375,0.001,8.09
16/03/2026 10:58,16.25,0.001,8.09
16/03/2026 10:28,16.25,0.001,8.09
16/03/2026 09:58,16.375,0.001,8.08
16/03/2026 09:28,16,0.001,8.08
16/03/2026 08:58,16.125,0.001,8.08
16/03/2026 08:28,16,0.001,8.07
16/03/2026 07:58,16.25,0.001,8.07
16/03/2026 07:28,16.125,0.001,8.07
16/03/2026 06:58,16.375,0.001,8.07
16/03/2026 06:28,16.25,0.001,8.08
16/03/2026 05:58,16.25,0.001,8.08
16/03/2026 05:28,16.375,0.001,8.08
16/03/2026 04:58,16.375,0.001,8.08
16/03/2026 04:28,16.125,0.001,8.08
16/03/2026 03:58,16.125,0.001,8.09
16/03/2026 03:28,16.25,0.001,8.09
16/03/2026 02:58,16.125,0.001,8.09
16/03/2026 02:28,16.25,0.001,8.09
16/03/2026 01:58,16.25,0.001,8.09
16/03/2026 01:28,16.375,0.001,8.1
16/03/2026 00:58,16.125,0.001,8.1
16/03/2026 00:28,16.25,0.001,8.1
15/03/2026 23:58,16.375,0.001,8.1
15/03/2026 23:28,16.25,0.001,8.11
15/03/2026 22:58,16.25,0.001,8.11
15/03/2026 22:28,16.375,0.001,8.11
15/03/2026 21:58,16.25,0.001,8.11
15/03/2026 21:28,16.5,0.001,8.12
15/03/2026 20:58,16.375,0.001,8.12
15/03/2026 20:28,16.5,0.001,8.12
15/03/2026 19:58,16.625,0.001,8.12
15/03/2026 19:28,17.625,0.001,8.13
15/03/2026 18:58,15.75,0.001,8.13
15/03/2026 18:28,16.75,0.001,8.13
15/03/2026 17:58,15.75,0.001,8.13
15/03/2026 17:28,17,0.001,8.13
15/03/2026 16:58,15.75,0.001,8.13
15/03/2026 16:28,17.625,0.001,8.12
15/03/2026 15:58,16.75,0.001,8.12
15/03/2026 15:28,15.75,0.001,8.12
15/03/2026 14:58,16.5,0.001,8.11
15/03/2026 14:28,16.625,0.001,8.11
15/03/2026 14:28,16.625,0.001,8.11
15/03/2026 13:58,16.375,0.001,8.11
15/03/2026 13:28,16.375,0.001,8.1
15/03/2026 12:58,16.375,0.001,8.1
15/03/2026 12:28,16.375,0.001,8.1
15/03/2026 11:58,16.375,0.001,8.1
15/03/2026 11:28,16.25,0.001,8.09
15/03/2026 10:58,16,0.001,8.09
15/03/2026 10:28,16.125,0.001,8.09
15/03/2026 09:58,16.25,0.001,8.08
15/03/2026 09:28,16.125,0.001,8.08
15/03/2026 08:58,16,0.001,8.08
15/03/2026 08:28,15.875,0.001,8.08
15/03/2026 07:58,16,0.001,8.07
15/03/2026 07:28,15.875,0.001,8.07
15/03/2026 06:58,16.125,0.001,8.07
15/03/2026 06:28,15.875,0.001,8.07
15/03/2026 05:58,16.125,0.001,8.08
15/03/2026 05:28,16.125,0.001,8.08
15/03/2026 05:28,16.125,0.001,8.08
15/03/2026 04:58,16.25,0.001,8.08
15/03/2026 04:28,16,0.001,8.08
15/03/2026 03:58,16,0.001,8.08
15/03/2026 03:28,16,0.001,8.09
15/03/2026 02:58,16.125,0.001,8.09
15/03/2026 02:28,16.25,0.001,8.09
15/03/2026 01:58,16,0.001,8.09
15/03/2026 01:28,16,0.001,8.1
15/03/2026 00:58,16.125,0.001,8.1
15/03/2026 00:58,16.125,0.001,8.1
15/03/2026 00:28,16.125,0.001,8.1
14/03/2026 23:58,16.125,0.001,8.1
14/03/2026 23:28,16.125,0.001,8.1
14/03/2026 23:28,16.125,0.001,8.1
14/03/2026 22:58,16.25,0.001,8.11
14/03/2026 22:28,16.125,0.001,8.11
14/03/2026 21:58,16.125,0.001,8.11
14/03/2026 21:28,16.25,0.001,8.11
14/03/2026 20:58,16,0.001,8.11
14/03/2026 20:28,16.25,0.001,8.12
14/03/2026 19:58,16.125,0.001,8.12
14/03/2026 19:28,16.25,0.001,8.12
14/03/2026 18:58,16.375,0.001,8.12
14/03/2026 18:28,16.375,0.001,8.13
14/03/2026 17:58,16.375,0.001,8.13
14/03/2026 17:28,16.625,0.001,8.13
14/03/2026 16:58,16.5,0.001,8.12
14/03/2026 16:28,16.375,0.001,8.12
14/03/2026 15:58,16.375,0.001,8.12
14/03/2026 15:28,16.25,0.001,8.11
14/03/2026 14:58,16.375,0.001,8.11
14/03/2026 14:28,16.375,0.001,8.11
14/03/2026 13:58,16.375,0.001,8.11
14/03/2026 13:28,16.375,0.001,8.1
14/03/2026 12:58,16.25,0.001,8.1
14/03/2026 12:28,16.125,0.001,8.1
14/03/2026 11:58,16.125,0.001,8.09
14/03/2026 11:28,16,0.001,8.09
14/03/2026 10:58,16.25,0.001,8.09
14/03/2026 10:28,16.25,0.001,8.08
14/03/2026 09:58,16.125,0.001,8.08
14/03/2026 09:28,16,0.001,8.08
14/03/2026 08:58,16.25,0.001,8.08
14/03/2026 08:28,16.125,0.001,8.07
14/03/2026 07:58,16.125,0.001,8.07
14/03/2026 07:28,16.125,0.001,8.07
14/03/2026 06:58,16.25,0.001,8.07
14/03/2026 06:28,16.125,0.001,8.07
14/03/2026 05:58,16.125,0.001,8.07
14/03/2026 05:28,16.125,0.001,8.07
14/03/2026 04:58,16.25,0.001,8.07
14/03/2026 04:58,16.25,0.001,8.07
14/03/2026 04:28,16.25,0.001,8.08
14/03/2026 03:58,16,0.001,8.08
14/03/2026 03:28,16.25,0.001,8.08
14/03/2026 02:58,16,0.001,8.08
14/03/2026 02:28,16.125,0.001,8.09
14/03/2026 01:58,16.375,0.001,8.09
14/03/2026 01:28,16.25,0.001,8.09
14/03/2026 00:58,16.25,0.001,8.09
14/03/2026 00:28,16.25,0.001,8.09
13/03/2026 23:58,16.25,0.001,8.1
13/03/2026 23:28,16.125,0.001,8.1
13/03/2026 22:58,16.25,0.001,8.1
13/03/2026 22:28,16.375,0.001,8.1
13/03/2026 21:58,16.375,0.001,8.11
13/03/2026 21:28,16.375,0.001,8.11
13/03/2026 20:58,16.375,0.001,8.11
13/03/2026 20:28,16.625,0.001,8.11
13/03/2026 19:58,16.625,0.001,8.12
13/03/2026 19:28,16.625,0.001,8.12
13/03/2026 18:58,16.75,0.001,8.12
13/03/2026 18:28,16.875,0.001,8.12
13/03/2026 17:58,16.75,0.001,8.12
13/03/2026 17:28,16.75,0.001,8.12
13/03/2026 16:58,16.75,0.001,8.12
13/03/2026 16:28,16.75,0.001,8.12
13/03/2026 16:28,16.75,0.001,8.12
13/03/2026 15:58,17.625,0.001,8.11
13/03/2026 15:28,16.625,0.001,8.11
13/03/2026 14:58,16.625,0.001,8.11
13/03/2026 14:28,16.625,0.001,8.11
13/03/2026 13:58,16.5,0.001,8.11
13/03/2026 13:28,16.5,0.001,8.1
13/03/2026 12:58,16.375,0.001,8.1
13/03/2026 12:28,16.25,0.001,8.09
13/03/2026 11:58,16.375,0.001,8.09
13/03/2026 11:28,16.375,0.001,8.09
13/03/2026 10:58,16.25,0.001,8.09
13/03/2026 10:28,16.25,0.001,8.08
13/03/2026 09:58,16.125,0.001,8.08
13/03/2026 09:28,16.25,0.001,8.08
13/03/2026 08:58,16.125,0.001,8.07
13/03/2026 08:28,16.125,0.001,8.07
13/03/2026 07:58,16.125,0.001,8.07
13/03/2026 07:28,16.125,0.001,8.06
13/03/2026 06:58,16.125,0.001,8.06
13/03/2026 06:28,16.125,0.001,8.06
13/03/2026 05:58,16.25,0.001,8.07
13/03/2026 05:28,16,0.001,8.07
13/03/2026 04:58,16,0.001,8.07
13/03/2026 04:28,16.375,0.001,8.07
13/03/2026 03:58,16.25,0.001,8.08
13/03/2026 03:28,16.25,0.001,8.07
13/03/2026 02:58,16,0.001,8.08
13/03/2026 02:58,16,0.001,8.08
13/03/2026 02:28,16.25,0.001,8.08
13/03/2026 01:58,16.125,0.001,8.08
13/03/2026 01:28,16.125,0.001,8.08
13/03/2026 00:58,16.25,0.001,8.09
13/03/2026 00:28,16.125,0.001,8.09
12/03/2026 23:58,16.25,0.001,8.09
12/03/2026 23:28,16.25,0.001,8.09
12/03/2026 22:58,16.25,0.001,8.09
12/03/2026 22:28,16.375,0.001,8.1
12/03/2026 21:58,16.375,0.001,8.1
12/03/2026 21:28,16.25,0.001,8.1
12/03/2026 20:58,16.375,0.001,8.1
12/03/2026 20:28,16.375,0.001,8.1
12/03/2026 19:58,16.5,0.001,8.11
12/03/2026 19:28,16.375,0.001,8.11
12/03/2026 18:58,16.375,0.001,8.11
12/03/2026 18:28,16.625,0.001,8.11
12/03/2026 17:58,15.75,0.001,8.11
12/03/2026 17:28,16.5,0.001,8.11
12/03/2026 16:58,16.625,0.001,8.11
12/03/2026 16:28,16.625,0.001,8.11
12/03/2026 15:58,16.625,0.001,8.1
12/03/2026 15:28,16.375,0.001,8.1
12/03/2026 14:58,16.5,0.001,8.1
12/03/2026 14:28,16.375,0.001,8.09
12/03/2026 13:58,16.5,0.001,8.09
12/03/2026 13:58,16.5,0.001,8.09
12/03/2026 13:28,16.25,0.001,8.08
12/03/2026 12:58,16.375,0.001,8.08
12/03/2026 12:28,16.25,0.001,8.08
12/03/2026 11:58,16.25,0.001,8.07
12/03/2026 11:28,16.125,0.001,8.07
12/03/2026 10:58,16.125,0.001,8.06
12/03/2026 10:28,16.125,0.001,8.06
12/03/2026 09:58,16.125,0.001,8.06
12/03/2026 09:58,16.125,0.001,8.06
12/03/2026 09:28,16.25,0.001,8.05
12/03/2026 08:58,16.125,0.001,8.05
12/03/2026 08:28,16.125,0.001,8.05
12/03/2026 07:58,16.25,0.001,8.04
12/03/2026 07:28,16.125,0.001,8.04
12/03/2026 06:58,16.125,0.001,8.04
12/03/2026 06:28,16.375,0.001,8.04
12/03/2026 05:58,16.25,0.001,8.04
12/03/2026 05:28,16.125,0.001,8.04
12/03/2026 04:58,16.125,0.001,8.04
12/03/2026 04:28,16.25,0.001,8.05
12/03/2026 03:58,16.25,0.001,8.05
12/03/2026 03:28,16.25,0.001,8.05
12/03/2026 02:58,16.375,0.001,8.05
12/03/2026 02:28,16.25,0.001,8.05
12/03/2026 01:58,16.375,0.001,8.05
12/03/2026 01:28,16.125,0.001,8.05
12/03/2026 00:58,16.25,0.001,8.05
12/03/2026 00:28,16.25,0.001,8.06
11/03/2026 23:58,16.25,0.001,8.06
11/03/2026 23:28,16.125,0.001,8.06
11/03/2026 22:58,16.125,0.001,8.06
11/03/2026 22:28,16.25,0.001,8.06
11/03/2026 21:58,16.125,0.001,8.07
11/03/2026 21:28,16,0.001,8.07
11/03/2026 20:58,16,0.001,8.07
11/03/2026 20:28,16,0.001,8.07
11/03/2026 19:58,16.125,0.001,8.07
11/03/2026 19:28,16.25,0.001,8.07
11/03/2026 18:58,16.125,0.001,8.08
11/03/2026 18:28,16,0.001,8.08
11/03/2026 17:58,16.25,0.001,8.08
11/03/2026 17:28,16.125,0.001,8.08
11/03/2026 16:58,16.25,0.001,8.07
11/03/2026 16:28,16.125,0.001,8.07
11/03/2026 15:58,16.25,0.001,8.07
11/03/2026 15:28,16.125,0.001,8.07
11/03/2026 14:58,16.25,0.001,8.07
11/03/2026 14:28,16,0.001,8.06
11/03/2026 13:58,16.125,0.001,8.06
11/03/2026 13:28,16,0.001,8.06
11/03/2026 12:58,16,0.001,8.06
11/03/2026 12:28,16,0.001,8.06
11/03/2026 11:58,16,0.001,8.07
11/03/2026 11:28,15.875,0.001,8.07
11/03/2026 10:58,15.75,0.001,8.07
11/03/2026 10:28,15.875,0.001,8.07
11/03/2026 09:58,16,0.001,8.07
11/03/2026 09:28,15.875,0.001,8.07
11/03/2026 08:58,16,0.001,8.06
11/03/2026 08:28,15.875,0.001,8.06
11/03/2026 07:58,15.875,0.001,8.06
11/03/2026 07:28,15.875,0.001,8.06
11/03/2026 06:58,16,0.001,8.06
11/03/2026 06:28,15.875,0.001,8.06
11/03/2026 06:28,15.875,0.001,8.06
11/03/2026 05:58,15.875,0.001,8.06
11/03/2026 05:28,15.75,0.001,8.06
11/03/2026 04:58,15.875,0.001,8.06
11/03/2026 04:28,15.875,0.001,8.07
11/03/2026 03:58,16,0.001,8.07
11/03/2026 03:28,16,0.001,8.07
11/03/2026 02:58,16,0.001,8.07
11/03/2026 02:28,15.75,0.001,8.08
11/03/2026 01:58,15.875,0.001,8.08
11/03/2026 01:28,15.875,0.001,8.08
11/03/2026 00:58,16,0.001,8.08
11/03/2026 00:28,16,0.001,8.09
10/03/2026 23:58,16,0.001,8.09
10/03/2026 23:28,15.75,0.001,8.09
10/03/2026 22:58,15.75,0.001,8.1
10/03/2026 22:28,16,0.001,8.1
10/03/2026 21:58,15.875,0.001,8.1
10/03/2026 21:58,15.875,0.001,8.1
10/03/2026 21:28,16,0.001,8.1
10/03/2026 20:58,15.875,0.001,8.11
10/03/2026 20:28,15.875,0.001,8.11
10/03/2026 19:58,15.875,0.001,8.11
10/03/2026 19:28,15.875,0.001,8.12
10/03/2026 18:58,15.875,0.001,8.12
10/03/2026 18:28,15.875,0.001,8.12
10/03/2026 17:58,16.125,0.001,8.12
10/03/2026 17:28,16.125,0.001,8.12
10/03/2026 17:28,16.125,0.001,8.12
10/03/2026 16:58,16,0.001,8.13
10/03/2026 16:28,16,0.001,8.12
10/03/2026 15:58,16,0.001,8.12
10/03/2026 15:28,16,0.001,8.12
10/03/2026 14:58,16.25,0.001,8.12
10/03/2026 14:58,16.25,0.001,8.12
10/03/2026 14:28,16.125,0.001,8.12
10/03/2026 13:58,16,0.001,8.11
10/03/2026 13:28,16.125,0.001,8.11
10/03/2026 12:58,16.125,0.001,8.11
10/03/2026 12:28,16.125,0.001,8.1
10/03/2026 11:58,16,0.001,8.1
10/03/2026 11:28,16,0.001,8.1
10/03/2026 10:58,16,0.001,8.1
10/03/2026 10:28,16.125,0.001,8.09
10/03/2026 09:58,16,0.001,8.09
10/03/2026 09:28,16.125,0.001,8.09
10/03/2026 08:58,16.125,0.001,8.09
10/03/2026 08:28,16,0.001,8.08
10/03/2026 07:58,16.125,0.001,8.08
10/03/2026 07:28,16.125,0.001,8.08
10/03/2026 06:58,16.125,0.001,8.08
10/03/2026 06:28,16,0.001,8.08
10/03/2026 05:58,16.125,0.001,8.08
10/03/2026 05:28,16,0.001,8.08
10/03/2026 04:58,16.125,0.001,8.09
10/03/2026 04:58,16.125,0.001,8.09
10/03/2026 04:28,16.125,0.001,8.09
10/03/2026 03:58,16,0.001,8.09
10/03/2026 03:28,16.25,0.001,8.09
10/03/2026 02:58,16.125,0.001,8.09
10/03/2026 02:28,16.375,0.001,8.09
10/03/2026 01:58,16.125,0.001,8.1
10/03/2026 01:28,16.125,0.001,8.1
10/03/2026 00:58,16.125,0.001,8.1
10/03/2026 00:28,16.25,0.001,8.1
09/03/2026 23:58,16.25,0.001,8.1
09/03/2026 23:28,16.125,0.001,8.1
09/03/2026 22:58,16.125,0.001,8.11
09/03/2026 22:28,16.25,0.001,8.11
09/03/2026 21:58,16.125,0.001,8.11
09/03/2026 21:28,16.125,0.001,8.11
09/03/2026 20:58,16.375,0.001,8.12
09/03/2026 20:28,16.375,0.001,8.12
09/03/2026 20:28,16.375,0.001,8.12
09/03/2026 19:58,16.125,0.001,8.12
09/03/2026 19:28,16.375,0.001,8.12
09/03/2026 18:58,16.375,0.001,8.12
09/03/2026 18:28,16.5,0.001,8.12
09/03/2026 17:58,16.5,0.001,8.13
09/03/2026 17:28,16.625,0.001,8.12
09/03/2026 16:58,16.5,0.001,8.12
09/03/2026 16:28,16.5,0.001,8.12
09/03/2026 16:28,16.5,0.001,8.12
09/03/2026 15:58,16.375,0.001,8.12
09/03/2026 15:28,16.375,0.001,8.12
09/03/2026 14:58,16.25,0.001,8.11
09/03/2026 14:28,16.25,0.001,8.11
09/03/2026 13:58,16.25,0.001,8.11
09/03/2026 13:28,16.375,0.001,8.11
09/03/2026 12:58,16.25,0.001,8.1
09/03/2026 12:28,16.25,0.001,8.1
09/03/2026 11:58,16.125,0.001,8.1
09/03/2026 11:28,16,0.001,8.09
09/03/2026 10:58,16.25,0.001,8.09
09/03/2026 10:28,16,0.001,8.09
09/03/2026 09:58,16.25,0.001,8.08
09/03/2026 09:28,16,0.001,8.08
09/03/2026 08:58,16.125,0.001,8.08
09/03/2026 08:28,16,0.001,8.08
09/03/2026 07:58,16.25,0.001,8.08
09/03/2026 07:28,16,0.001,8.07
09/03/2026 06:58,16,0.001,8.07
09/03/2026 06:28,16.25,0.001,8.08
09/03/2026 05:58,16,0.001,8.08
09/03/2026 05:28,16.25,0.001,8.08
09/03/2026 04:58,16.125,0.001,8.08
09/03/2026 04:28,16,0.001,8.08
09/03/2026 03:58,16.25,0.001,8.08
09/03/2026 03:28,16.25,0.001,8.09
09/03/2026 02:58,16.125,0.001,8.09
09/03/2026 02:28,16.25,0.001,8.09
09/03/2026 01:58,16,0.001,8.09
09/03/2026 01:28,16,0.001,8.09
09/03/2026 00:58,16,0.001,8.1
09/03/2026 00:28,16.125,0.001,8.1
08/03/2026 23:58,16.25,0.001,8.1
08/03/2026 23:28,16,0.001,8.1
08/03/2026 22:58,16.125,0.001,8.1
08/03/2026 22:28,16.25,0.001,8.11
08/03/2026 21:58,16.125,0.001,8.11
08/03/2026 21:28,16.25,0.001,8.11
08/03/2026 20:58,16.125,0.001,8.12
08/03/2026 20:28,16.125,0.001,8.12
08/03/2026 19:58,16,0.001,8.12
08/03/2026 19:28,16,0.001,8.12
08/03/2026 18:58,16.125,0.001,8.13
08/03/2026 18:28,16.375,0.001,8.13
08/03/2026 17:58,16.375,0.001,8.13
08/03/2026 17:28,16.25,0.001,8.13
08/03/2026 16:58,16.25,0.001,8.13
08/03/2026 16:28,16.375,0.001,8.12
08/03/2026 16:28,16.375,0.001,8.12
08/03/2026 15:58,16.375,0.001,8.12
08/03/2026 15:28,16.5,0.001,8.12
08/03/2026 14:58,16.375,0.001,8.12
08/03/2026 14:28,16.25,0.001,8.12
08/03/2026 13:58,16.25,0.001,8.11
08/03/2026 13:28,16.125,0.001,8.11
08/03/2026 12:58,16.125,0.001,8.11
08/03/2026 12:28,16.125,0.001,8.1
08/03/2026 11:58,16,0.001,8.1
08/03/2026 11:28,16.125,0.001,8.1
08/03/2026 10:58,16.125,0.001,8.09
08/03/2026 10:28,16.125,0.001,8.09
08/03/2026 09:58,16.125,0.001,8.09
08/03/2026 09:28,16.125,0.001,8.08
08/03/2026 08:58,16,0.001,8.08
08/03/2026 08:28,15.875,0.001,8.08
08/03/2026 07:58,16,0.001,8.08
08/03/2026 07:28,16,0.001,8.08
08/03/2026 06:58,15.75,0.001,8.07
08/03/2026 06:28,15.75,0.001,8.08
08/03/2026 05:58,15.875,0.001,8.08
08/03/2026 05:28,16,0.001,8.08
08/03/2026 04:58,16,0.001,8.08
08/03/2026 04:28,16,0.001,8.08
08/03/2026 03:58,16,0.001,8.08
08/03/2026 03:28,16,0.001,8.09
08/03/2026 02:58,15.875,0.001,8.09
08/03/2026 02:28,15.875,0.001,8.09
08/03/2026 01:58,16,0.001,8.09
08/03/2026 01:28,16,0.001,8.09
08/03/2026 00:58,15.75,0.001,8.1
08/03/2026 00:28,16,0.001,8.1
07/03/2026 23:58,15.875,0.001,8.1
07/03/2026 23:28,16,0.001,8.1
07/03/2026 22:58,16,0.001,8.1
07/03/2026 22:28,15.875,0.001,8.11
07/03/2026 21:58,16,0.001,8.11
07/03/2026 21:28,15.875,0.001,8.11
07/03/2026 20:58,15.75,0.001,8.11
07/03/2026 20:28,15.875,0.001,8.12
07/03/2026 19:58,15.875,0.001,8.12
07/03/2026 19:28,14.75,0.001,8.12
07/03/2026 18:58,15.75,0.001,8.12
07/03/2026 18:28,15.875,0.001,8.12
07/03/2026 17:58,15.75,0.001,8.12
07/03/2026 17:28,16,0.001,8.12
07/03/2026 16:58,15.875,0.001,8.12
07/03/2026 16:28,15.875,0.001,8.12
07/03/2026 15:58,15.875,0.001,8.12
07/03/2026 15:28,15.875,0.001,8.12
07/03/2026 14:58,15.875,0.001,8.12
07/03/2026 14:28,15.75,0.001,8.11
07/03/2026 13:58,15.875,0.001,8.11
07/03/2026 13:28,15.75,0.001,8.11
07/03/2026 12:58,16,0.001,8.1
07/03/2026 12:58,16,0.001,8.1
07/03/2026 12:28,15.875,0.001,8.1
07/03/2026 11:58,15.75,0.001,8.1
07/03/2026 11:28,15.75,0.001,8.09
07/03/2026 10:58,15.875,0.001,8.09
07/03/2026 10:28,15.75,0.001,8.09
07/03/2026 09:58,15.625,0.001,8.08
07/03/2026 09:28,15.75,0.001,8.08
07/03/2026 08:58,15.75,0.001,8.08
07/03/2026 08:28,15.75,0.001,8.07
07/03/2026 07:58,15.875,0.001,8.07
07/03/2026 07:28,15.75,0.001,8.07
07/03/2026 06:58,15.5,0.001,8.07
07/03/2026 06:28,16.625,0.001,8.07
07/03/2026 05:58,15.75,0.001,8.07
07/03/2026 05:28,15.625,0.001,8.07
07/03/2026 04:58,15.5,0.001,8.07
07/03/2026 04:28,16.625,0.001,8.07
07/03/2026 03:58,15.75,0.001,8.08
07/03/2026 03:28,15.875,0.001,8.08
07/03/2026 02:58,15.625,0.001,8.08
07/03/2026 02:28,14.75,0.001,8.08
07/03/2026 01:58,15.625,0.001,8.08
07/03/2026 01:28,16.5,0.001,8.08
07/03/2026 00:58,15.75,0.001,8.09
07/03/2026 00:58,15.75,0.001,8.09
07/03/2026 00:28,15.625,0.001,8.09
06/03/2026 23:58,15.75,0.001,8.09
06/03/2026 23:28,16.625,0.001,8.09
06/03/2026 22:58,15.625,0.001,8.1
06/03/2026 22:28,15.75,0.001,8.1
06/03/2026 21:58,15.875,0.001,8.11
06/03/2026 21:28,14.75,0.001,8.11
06/03/2026 20:58,15.875,0.001,8.11
06/03/2026 20:28,15.75,0.001,8.12
06/03/2026 19:58,15.75,0.001,8.12
06/03/2026 19:28,15.75,0.001,8.12
06/03/2026 18:58,14.875,0.001,8.12
06/03/2026 18:28,15.875,0.001,8.12
06/03/2026 17:58,15.75,0.001,8.12
06/03/2026 17:28,15.75,0.001,8.12
06/03/2026 16:58,15.75,0.001,8.12
06/03/2026 16:28,15.75,0.001,8.12
06/03/2026 15:58,15.75,0.001,8.12
06/03/2026 15:28,15.875,0.001,8.12
06/03/2026 15:28,15.875,0.001,8.12
06/03/2026 14:58,15.75,0.001,8.12
06/03/2026 14:28,15.875,0.001,8.11
06/03/2026 13:58,15.875,0.001,8.11
06/03/2026 13:28,15.75,0.001,8.11
06/03/2026 12:58,16,0.001,8.11
06/03/2026 12:28,16,0.001,8.1
06/03/2026 11:58,15.875,0.001,8.1
06/03/2026 11:28,16,0.001,8.1
06/03/2026 10:58,16,0.001,8.09
06/03/2026 10:28,15.875,0.001,8.09
06/03/2026 09:58,16,0.001,8.09
06/03/2026 09:58,16,0.001,8.09
06/03/2026 09:28,16.125,0.001,8.08
06/03/2026 08:58,16,0.001,8.08
06/03/2026 08:28,15.875,0.001,8.08
06/03/2026 07:58,16,0.001,8.08
06/03/2026 07:28,16,0.001,8.07
06/03/2026 06:58,15.875,0.001,8.07
06/03/2026 06:28,15.875,0.001,8.07
06/03/2026 05:58,15.75,0.001,8.07
06/03/2026 05:28,16,0.001,8.07
06/03/2026 05:28,16,0.001,8.07
06/03/2026 04:58,16.125,0.001,8.08
06/03/2026 04:28,15.875,0.001,8.08
06/03/2026 03:58,16.125,0.001,8.08
06/03/2026 03:28,16,0.001,8.08
06/03/2026 02:58,16.125,0.001,8.08
06/03/2026 02:28,16.125,0.001,8.09
06/03/2026 01:58,16.125,0.001,8.09
06/03/2026 01:28,15.875,0.001,8.09
06/03/2026 00:58,16.125,0.001,8.09
06/03/2026 00:28,15.875,0.001,8.09
05/03/2026 23:58,15.75,0.001,8.09
05/03/2026 23:28,16,0.001,8.1
05/03/2026 22:58,15.75,0.001,8.1
05/03/2026 22:28,15.75,0.001,8.1
05/03/2026 21:58,15.875,0.001,8.1
05/03/2026 21:58,15.875,0.001,8.1
05/03/2026 21:28,15.875,0.001,8.1
05/03/2026 20:58,15.875,0.001,8.11
05/03/2026 20:58,15.875,0.001,8.11
05/03/2026 20:28,15.875,0.001,8.11
05/03/2026 19:58,15.875,0.001,8.11
05/03/2026 19:28,15.875,0.001,8.11
05/03/2026 18:58,16,0.001,8.11
05/03/2026 18:28,16,0.001,8.12
05/03/2026 17:58,15.75,0.001,8.12
05/03/2026 17:28,15.875,0.001,8.11
05/03/2026 16:58,15.875,0.001,8.11
05/03/2026 16:28,16,0.001,8.11
05/03/2026 15:58,16,0.001,8.11
05/03/2026 15:28,15.875,0.001,8.11
05/03/2026 14:58,15.875,0.001,8.11
05/03/2026 14:28,16,0.001,8.1
05/03/2026 13:58,15.875,0.001,8.1
05/03/2026 13:28,15.875,0.001,8.1
05/03/2026 12:58,15.75,0.001,8.09
05/03/2026 12:28,16,0.001,8.09
05/03/2026 11:58,16,0.001,8.09
05/03/2026 11:28,16,0.001,8.09
05/03/2026 10:58,15.875,0.001,8.08
05/03/2026 10:28,16,0.001,8.08
05/03/2026 09:58,15.75,0.001,8.07
05/03/2026 09:58,15.75,0.001,8.07
05/03/2026 09:28,15.875,0.001,8.07
05/03/2026 08:58,15.875,0.001,8.07
05/03/2026 08:28,15.75,0.001,8.07
05/03/2026 07:58,15.75,0.001,8.06
05/03/2026 07:28,15.75,0.001,8.06
05/03/2026 06:58,15.875,0.001,8.06
05/03/2026 06:28,15.875,0.001,8.06
05/03/2026 05:58,15.75,0.001,8.06
05/03/2026 05:28,15.75,0.001,8.06
05/03/2026 04:58,15.75,0.001,8.06
05/03/2026 04:28,15.75,0.001,8.07
05/03/2026 03:58,16.625,0.001,8.07
05/03/2026 03:28,15.75,0.001,8.07
05/03/2026 02:58,14.75,0.001,8.07
05/03/2026 02:28,15.75,0.001,8.07
05/03/2026 01:58,15.875,0.001,8.07
05/03/2026 01:28,15.875,0.001,8.07
05/03/2026 00:58,15.875,0.001,8.08
05/03/2026 00:28,15.875,0.001,8.08
04/03/2026 23:58,15.75,0.001,8.08
04/03/2026 23:28,15.875,0.001,8.08
04/03/2026 22:58,14.875,0.001,8.08
04/03/2026 22:28,15.875,0.001,8.08
04/03/2026 22:28,15.875,0.001,8.08
04/03/2026 21:58,16,0.001,8.09
04/03/2026 21:28,16,0.001,8.09
04/03/2026 20:58,15.875,0.001,8.09
04/03/2026 20:28,16,0.001,8.09
04/03/2026 19:58,15.75,0.001,8.1
04/03/2026 19:28,15.75,0.001,8.1
04/03/2026 18:58,15.75,0.001,8.1
04/03/2026 18:28,15.875,0.001,8.1
04/03/2026 17:58,16,0.001,8.1
04/03/2026 17:28,15.875,0.001,8.1
04/03/2026 16:58,15.75,0.001,8.1
04/03/2026 16:28,16,0.001,8.1
04/03/2026 15:58,16,0.001,8.1
04/03/2026 15:28,16,0.001,8.09
04/03/2026 14:58,16,0.001,8.09
04/03/2026 14:28,16,0.001,8.09
04/03/2026 13:58,15.875,0.001,8.08
04/03/2026 13:28,15.875,0.001,8.08
04/03/2026 12:58,16,0.001,8.08
04/03/2026 12:28,15.875,0.001,8.07
04/03/2026 11:58,16,0.001,8.07
04/03/2026 11:28,15.875,0.001,8.07
04/03/2026 10:58,15.875,0.001,8.06
04/03/2026 10:28,16.125,0.001,8.06
04/03/2026 09:58,16,0.001,8.06
04/03/2026 09:28,16.125,0.001,8.05
04/03/2026 08:58,15.875,0.001,8.05
04/03/2026 08:28,16.125,0.001,8.05
04/03/2026 07:58,16,0.001,8.04
04/03/2026 07:28,15.875,0.001,8.04
04/03/2026 06:58,15.875,0.001,8.04
04/03/2026 06:28,16,0.001,8.04
04/03/2026 05:58,15.875,0.001,8.04
04/03/2026 05:28,16.125,0.001,8.04
04/03/2026 04:58,16,0.001,8.04
04/03/2026 04:28,16,0.001,8.04
04/03/2026 03:58,16,0.001,8.04
04/03/2026 03:28,16.125,0.001,8.04
04/03/2026 02:58,16.125,0.001,8.04
04/03/2026 02:28,15.875,0.001,8.04
04/03/2026 01:58,16.125,0.001,8.04
04/03/2026 01:28,16,0.001,8.05
04/03/2026 00:58,16.125,0.001,8.05
04/03/2026 00:28,15.875,0.001,8.05
03/03/2026 23:58,16,0.001,8.05
03/03/2026 23:28,16,0.001,8.05
03/03/2026 22:58,16,0.001,8.06
03/03/2026 22:28,16.125,0.001,8.06
03/03/2026 21:58,16.125,0.001,8.06
03/03/2026 21:28,16,0.001,8.07
03/03/2026 20:58,16.25,0.001,8.07
03/03/2026 20:28,16.125,0.001,8.08
03/03/2026 19:58,16.25,0.001,8.08
03/03/2026 19:28,16,0.001,8.08
03/03/2026 18:58,16,0.001,8.09
03/03/2026 18:28,16.25,0.001,8.09
03/03/2026 17:58,16.25,0.001,8.1
03/03/2026 17:28,16.375,0.001,8.1
03/03/2026 16:58,16.375,0.001,8.11
03/03/2026 16:28,16.25,0.001,8.11
03/03/2026 15:58,16.25,0.001,8.11
03/03/2026 15:28,16.125,0.001,8.11
03/03/2026 14:58,16.25,0.001,8.11
03/03/2026 14:28,16.125,0.001,8.11
03/03/2026 13:58,16.125,0.001,8.11
03/03/2026 13:28,16.125,0.001,8.1
03/03/2026 12:58,16.125,0.001,8.1
03/03/2026 12:28,16,0.001,8.1
03/03/2026 11:58,16.125,0.001,8.1
03/03/2026 11:58,16.125,0.001,8.1
03/03/2026 11:28,16.125,0.001,8.09
03/03/2026 10:58,16,0.001,8.09
03/03/2026 10:28,16.125,0.001,8.09
03/03/2026 09:58,16.125,0.001,8.08
03/03/2026 09:28,15.875,0.001,8.08
03/03/2026 08:58,16.125,0.001,8.08
03/03/2026 08:28,16,0.001,8.07
03/03/2026 07:58,16,0.001,8.07
03/03/2026 07:28,16,0.001,8.07
03/03/2026 06:58,15.875,0.001,8.07
03/03/2026 06:28,16,0.001,8.07
03/03/2026 05:58,16,0.001,8.07
03/03/2026 05:28,15.875,0.001,8.07
03/03/2026 04:58,16,0.001,8.08
03/03/2026 04:28,15.875,0.001,8.08
03/03/2026 03:58,15.875,0.001,8.08
03/03/2026 03:28,16,0.001,8.08
03/03/2026 02:58,16,0.001,8.08
03/03/2026 02:28,15.875,0.001,8.08
03/03/2026 02:28,15.875,0.001,8.08
03/03/2026 01:58,16.125,0.001,8.08
03/03/2026 01:28,15.875,0.001,8.09
03/03/2026 00:58,16.125,0.001,8.09
03/03/2026 00:28,16,0.001,8.09
02/03/2026 23:58,15.875,0.001,8.09
02/03/2026 23:28,16.125,0.001,8.1
02/03/2026 22:58,16.125,0.001,8.1
02/03/2026 22:28,16.125,0.001,8.1
02/03/2026 21:58,16,0.001,8.1
02/03/2026 21:28,16,0.001,8.1
02/03/2026 20:58,15.875,0.001,8.11
02/03/2026 20:28,16.125,0.001,8.11
02/03/2026 19:58,15.875,0.001,8.11
02/03/2026 19:28,16,0.001,8.11
02/03/2026 18:58,16.25,0.001,8.11
02/03/2026 18:28,16.125,0.001,8.12
02/03/2026 17:58,16,0.001,8.12
02/03/2026 17:28,16.25,0.001,8.12
02/03/2026 16:58,16.25,0.001,8.11
02/03/2026 16:28,16.125,0.001,8.11
02/03/2026 15:58,16.25,0.001,8.11
02/03/2026 15:28,16.25,0.001,8.11
02/03/2026 14:58,16.125,0.001,8.11
02/03/2026 14:28,16.25,0.001,8.1
02/03/2026 13:58,16.125,0.001,8.1
02/03/2026 13:58,16.125,0.001,8.1
02/03/2026 13:28,16.25,0.001,8.1
02/03/2026 12:58,16.125,0.001,8.1
02/03/2026 12:28,16.125,0.001,8.09
02/03/2026 11:58,16.125,0.001,8.09
02/03/2026 11:28,16.25,0.001,8.09
02/03/2026 10:58,16,0.001,8.08
02/03/2026 10:28,16.25,0.001,8.08
02/03/2026 09:58,16,0.001,8.08
02/03/2026 09:28,16.125,0.001,8.07
02/03/2026 08:58,16,0.001,8.07
02/03/2026 08:28,16.125,0.001,8.07
02/03/2026 07:58,16.25,0.001,8.07
02/03/2026 07:28,16,0.001,8.06
02/03/2026 06:58,16.25,0.001,8.06
02/03/2026 06:28,15.875,0.001,8.06
02/03/2026 05:58,15.875,0.001,8.06
02/03/2026 05:28,15.875,0.001,8.06
02/03/2026 04:58,16,0.001,8.07
02/03/2026 04:28,16.125,0.001,8.07
02/03/2026 03:58,16.125,0.001,8.07
02/03/2026 03:28,16.125,0.001,8.07
02/03/2026 02:58,16.125,0.001,8.07
02/03/2026 02:28,16.125,0.001,8.07
02/03/2026 01:58,16.125,0.001,8.08
02/03/2026 01:28,15.875,0.001,8.08
02/03/2026 00:58,16,0.001,8.08
02/03/2026 00:28,16,0.001,8.08
01/03/2026 23:58,16.125,0.001,8.08
01/03/2026 23:28,16.125,0.001,8.08
01/03/2026 22:58,16,0.001,8.08
01/03/2026 22:28,16.125,0.001,8.09
01/03/2026 21:58,16,0.001,8.09
01/03/2026 21:28,16,0.001,8.09
01/03/2026 20:58,16.125,0.001,8.09
01/03/2026 20:28,16.125,0.001,8.09
01/03/2026 19:58,16,0.001,8.1
01/03/2026 19:28,16.125,0.001,8.1
01/03/2026 18:58,16.125,0.001,8.1
01/03/2026 18:28,16,0.001,8.1
01/03/2026 17:58,16.125,0.001,8.1
01/03/2026 17:28,16.25,0.001,8.1
01/03/2026 16:58,16.25,0.001,8.1
01/03/2026 16:28,16.25,0.001,8.1
01/03/2026 15:58,16.25,0.001,8.09
01/03/2026 15:28,16.375,0.001,8.09
01/03/2026 14:58,16.25,0.001,8.09
01/03/2026 14:28,16.25,0.001,8.08
01/03/2026 13:58,16.125,0.001,8.08
01/03/2026 13:28,16.125,0.001,8.08
01/03/2026 12:58,16.125,0.001,8.08
01/03/2026 12:28,16.125,0.001,8.07
01/03/2026 12:28,16.125,0.001,8.07
01/03/2026 11:58,16,0.001,8.07
01/03/2026 11:28,16.125,0.001,8.07
01/03/2026 10:58,16,0.001,8.06
01/03/2026 10:58,16,0.001,8.06
01/03/2026 10:28,16.25,0.001,8.06
01/03/2026 09:58,16,0.001,8.05
01/03/2026 09:28,16,0.001,8.05
01/03/2026 08:58,16.125,0.001,8.05
01/03/2026 08:28,16,0.001,8.05
01/03/2026 07:58,15.875,0.001,8.04
01/03/2026 07:58,15.875,0.001,8.04
01/03/2026 07:28,16.125,0.001,8.04
01/03/2026 06:58,16,0.001,8.04
01/03/2026 06:28,16.125,0.001,8.04
01/03/2026 05:58,16,0.001,8.04
01/03/2026 05:28,15.875,0.001,8.04
01/03/2026 04:58,16.25,0.001,8.04
01/03/2026 04:28,16,0.001,8.04
01/03/2026 03:58,16.125,0.001,8.04
01/03/2026 03:28,15.875,0.001,8.04
01/03/2026 02:58,16.125,0.001,8.04
01/03/2026 02:28,16.125,0.001,8.04
01/03/2026 01:58,16.25,0.001,8.04
01/03/2026 01:28,16,0.001,8.05
01/03/2026 00:58,16,0.001,8.05
01/03/2026 00:28,16.125,0.001,8.05
28/02/2026 23:58,16.125,0.001,8.05
28/02/2026 23:28,16.25,0.001,8.05
28/02/2026 22:58,16.125,0.001,8.05
28/02/2026 22:28,16,0.001,8.05
28/02/2026 21:58,16.25,0.001,8.05
28/02/2026 21:28,16.25,0.001,8.06
28/02/2026 20:58,16.25,0.001,8.06
28/02/2026 20:28,16.125,0.001,8.06
28/02/2026 19:58,16.25,0.001,8.06
28/02/2026 19:28,16.25,0.001,8.06
28/02/2026 18:58,16.25,0.001,8.06
28/02/2026 18:28,16.25,0.001,8.07
28/02/2026 17:58,16.375,0.001,8.06
28/02/2026 17:28,16.375,0.001,8.06
28/02/2026 16:58,16.375,0.001,8.06
28/02/2026 16:28,16.5,0.001,8.06
28/02/2026 15:58,16.375,0.001,8.05
28/02/2026 15:28,16.375,0.001,8.05
28/02/2026 14:58,16.25,0.001,8.05
28/02/2026 14:28,16.375,0.001,8.04
28/02/2026 13:58,16.375,0.001,8.04
28/02/2026 13:28,16.25,0.001,8.04
28/02/2026 12:58,16.375,0.001,8.04
28/02/2026 12:28,16.125,0.001,8.03
28/02/2026 11:58,16.375,0.001,8.03
28/02/2026 11:28,16.375,0.001,8.02
28/02/2026 10:58,16.125,0.001,8.02
28/02/2026 10:28,16.125,0.001,8.01
28/02/2026 09:58,16.125,0.001,8.01
28/02/2026 09:28,16.125,0.001,8.01
28/02/2026 08:58,16.25,0.001,8
28/02/2026 08:28,16.25,0.001,8
28/02/2026 07:58,16.25,0.001,8
28/02/2026 07:28,16.125,0.001,8
28/02/2026 06:58,16.25,0.001,7.99
28/02/2026 06:28,16.125,0.001,7.99
28/02/2026 05:58,16.25,0.001,8
28/02/2026 05:28,16.25,0.001,8
28/02/2026 04:58,16.25,0.001,8
28/02/2026 04:28,16.25,0.001,8
28/02/2026 03:58,16.25,0.001,8
28/02/2026 03:28,16.25,0.001,8
28/02/2026 02:58,16.25,0.001,8
28/02/2026 02:28,16.125,0.001,8
28/02/2026 01:58,16.25,0.001,8
28/02/2026 01:28,16.125,0.001,8
28/02/2026 01:28,16.125,0.001,8
28/02/2026 00:58,16.25,0.001,8.01
28/02/2026 00:28,16.25,0.001,8.01
27/02/2026 23:58,16.375,0.001,8.01
27/02/2026 23:28,16.25,0.001,8.01
27/02/2026 22:58,16.375,0.001,8.01
27/02/2026 22:28,16.25,0.001,8.01
27/02/2026 21:58,16.5,0.001,8.02
27/02/2026 21:28,16.5,0.001,8.02
27/02/2026 20:58,16.375,0.001,8.02
27/02/2026 20:28,16.5,0.001,8.02
27/02/2026 19:58,16.5,0.001,8.02
27/02/2026 19:28,16.625,0.001,8.02
27/02/2026 18:58,16.625,0.001,8.02
27/02/2026 18:28,15.75,0.001,8.02
27/02/2026 17:58,16.875,0.001,8.02
27/02/2026 17:28,16.75,0.001,8.02
27/02/2026 16:58,16.75,0.001,8.02
27/02/2026 16:28,16.75,0.001,8.02
27/02/2026 15:58,15.75,0.001,8.01
27/02/2026 15:28,17.625,0.001,8.01
27/02/2026 14:58,16.625,0.001,8.01
27/02/2026 14:28,17.625,0.001,8.01
27/02/2026 13:58,16.625,0.001,8.01
27/02/2026 13:28,16.5,0.001,8
27/02/2026 12:58,16.375,0.001,8.01
27/02/2026 12:28,16.375,0.001,8.01
27/02/2026 11:58,16.375,0.001,8.02
27/02/2026 11:28,16.375,0.001,8.02
27/02/2026 10:58,16.125,0.001,8.03
27/02/2026 10:28,16.125,0.001,8.03
27/02/2026 09:58,16.25,0.001,8.03
27/02/2026 09:28,16.125,0.001,8.02
27/02/2026 09:28,16.125,0.001,8.02
27/02/2026 08:58,16.125,0.001,8.02
27/02/2026 08:28,16.125,0.001,8.02
27/02/2026 07:58,16.125,0.001,8.01
27/02/2026 07:28,16.125,0.001,8.01
27/02/2026 06:58,16,0.001,8.01
27/02/2026 06:28,16.125,0.001,8.01
27/02/2026 05:58,16,0.001,8.01
27/02/2026 05:28,16.125,0.001,8.01
27/02/2026 04:58,16,0.001,8.01
27/02/2026 04:28,16.125,0.001,8.01
27/02/2026 03:58,16.125,0.001,8.01
27/02/2026 03:28,16.125,0.001,8.01
27/02/2026 02:58,16,0.001,8.01
27/02/2026 02:28,16.125,0.001,8.01
27/02/2026 01:58,16,0.001,8.01
27/02/2026 01:28,16.25,0.001,8.01
27/02/2026 00:58,16.125,0.001,8.01
27/02/2026 00:28,16.25,0.001,8.01
26/02/2026 23:58,16.125,0.001,8.01
26/02/2026 23:28,16.375,0.001,8.01
26/02/2026 22:58,16.25,0.001,8.01
26/02/2026 22:28,16.25,0.001,8.01
26/02/2026 21:58,16.25,0.001,8.02
26/02/2026 21:28,16.25,0.001,8.02
26/02/2026 20:58,16.125,0.001,8.02
26/02/2026 20:28,16.25,0.001,8.02
26/02/2026 19:58,16.25,0.001,8.02
26/02/2026 19:28,16.25,0.001,8.02
26/02/2026 18:58,16.375,0.001,8.02
26/02/2026 18:28,16.5,0.001,8.02
26/02/2026 17:58,16.625,0.001,8.03
26/02/2026 17:28,15.75,0.001,8.03
26/02/2026 16:58,16.5,0.001,8.02
26/02/2026 16:28,16.625,0.001,8.02
26/02/2026 15:58,16.5,0.001,8.01
26/02/2026 15:28,16.625,0.001,8.01
26/02/2026 14:58,16.5,0.001,7.99
26/02/2026 14:28,16.5,0.001,7.98
26/02/2026 13:58,16.375,0.001,7.96
26/02/2026 13:28,16.375,0.001,7.93
26/02/2026 12:58,16.375,0.001,7.89
26/02/2026 12:28,16.25,0.001,7.83
26/02/2026 11:58,16.625,0.001,7.73
26/02/2026 11:58,16.625,0.001,8.32
21/02/2026 14:28,16.625,0.002,8.11
21/02/2026 13:58,16.25,0.002,8.11
21/02/2026 13:28,16.375,0.002,8.11
21/02/2026 13:28,16.375,0.002,8.11
21/02/2026 12:58,16.5,0.002,8.11
21/02/2026 12:28,16.125,0.002,8.11
21/02/2026 11:58,16.125,0.002,8.1
21/02/2026 11:28,16.125,0.002,8.1
21/02/2026 10:58,16.125,0.002,8.09
21/02/2026 10:28,16,0.002,8.09
21/02/2026 09:58,16.125,0.002,8.09
21/02/2026 09:28,16.125,0.002,8.09
21/02/2026 08:58,16,0.002,8.08
21/02/2026 08:28,16.125,0.002,8.08
21/02/2026 07:58,16.25,0.002,8.08
21/02/2026 07:28,16,0.001,8.08
21/02/2026 06:58,16,0.002,8.08
21/02/2026 06:28,16.25,0.002,8.08
21/02/2026 05:58,16,0.002,8.08
21/02/2026 05:28,16.25,0.002,8.08
21/02/2026 04:58,16.25,0.002,8.09
21/02/2026 04:28,16.25,0.002,8.09
21/02/2026 03:58,16.25,0.002,8.09
21/02/2026 03:28,16.125,0.002,8.09
21/02/2026 02:58,16.25,0.002,8.09
21/02/2026 02:28,16.25,0.002,8.1
21/02/2026 01:58,16.375,0.002,8.1
21/02/2026 01:28,16.125,0.002,8.1
21/02/2026 00:58,16.125,0.002,8.1
21/02/2026 00:28,16.125,0.002,8.1
20/02/2026 23:58,16.125,0.002,8.1
20/02/2026 23:28,16.25,0.002,8.11
20/02/2026 22:58,16.25,0.002,8.11
20/02/2026 22:28,16.375,0.002,8.11
20/02/2026 21:58,16.375,0.002,8.11
20/02/2026 21:28,16.25,0.002,8.12
20/02/2026 21:28,16.25,0.002,8.12
20/02/2026 20:58,16.375,0.002,8.12
20/02/2026 20:28,16.375,0.002,8.12
20/02/2026 19:58,16.375,0.002,8.12
20/02/2026 19:58,16.375,0.002,8.12
20/02/2026 19:28,16.375,0.002,8.13
20/02/2026 18:58,17.625,0.002,8.13
20/02/2026 18:28,17.625,0.002,8.13
20/02/2026 17:58,16.625,0.002,8.13
20/02/2026 17:28,16.875,0.002,8.13
20/02/2026 16:58,16.75,0.002,8.12
20/02/2026 16:28,16.75,0.002,8.12
20/02/2026 15:58,16.625,0.002,8.12
20/02/2026 15:28,16.625,0.002,8.12
20/02/2026 14:58,16.625,0.002,8.12
20/02/2026 14:28,16.375,0.002,8.11
20/02/2026 13:58,16.25,0.002,8.11
20/02/2026 13:28,16.375,0.002,8.11
20/02/2026 12:58,16.25,0.002,8.11
20/02/2026 12:28,16.125,0.002,8.11
20/02/2026 11:58,16.125,0.002,8.1
20/02/2026 11:28,16.25,0.002,8.1
20/02/2026 10:58,16,0.002,8.09
20/02/2026 10:28,16.125,0.002,8.1
20/02/2026 09:58,16,0.002,8.09
20/02/2026 09:28,16.25,0.002,8.09
20/02/2026 08:58,16.25,0.002,8.09
20/02/2026 08:58,16.25,0.002,8.09
20/02/2026 08:28,16.25,0.002,8.09
20/02/2026 07:58,16.125,0.002,8.09
20/02/2026 07:28,16.125,0.002,8.09
20/02/2026 06:58,16.25,0.002,8.09
20/02/2026 06:28,16.25,0.002,8.09
20/02/2026 05:58,16,0.002,8.09
20/02/2026 05:28,16.25,0.002,8.09
20/02/2026 05:28,16.25,0.002,8.09
20/02/2026 04:58,16.125,0.002,8.09
20/02/2026 04:28,16.25,0.002,8.09
20/02/2026 03:58,16.125,0.002,8.1
20/02/2026 03:28,16.125,0.002,8.1
20/02/2026 02:58,16.125,0.002,8.1
20/02/2026 02:28,16,0.002,8.1
20/02/2026 01:58,16.125,0.002,8.1
20/02/2026 01:58,16.125,0.002,8.1
20/02/2026 01:28,16.125,0.002,8.1
20/02/2026 00:58,16.125,0.002,8.11
20/02/2026 00:28,16.25,0.002,8.11
19/02/2026 23:58,16.125,0.002,8.11
19/02/2026 23:28,16.125,0.002,8.11
19/02/2026 22:58,16.25,0.002,8.11
19/02/2026 22:28,16.25,0.002,8.12
19/02/2026 21:58,16.25,0.002,8.12
19/02/2026 21:28,16.25,0.002,8.12
19/02/2026 20:58,16.125,0.002,8.12
19/02/2026 20:28,16.375,0.002,8.13
19/02/2026 19:58,16.25,0.002,8.13
19/02/2026 19:28,16.375,0.002,8.13
19/02/2026 18:58,16.375,0.002,8.13
19/02/2026 18:58,16.375,0.002,8.13
19/02/2026 18:28,16.625,0.002,8.14
19/02/2026 17:58,16.75,0.002,8.13
19/02/2026 17:28,16.625,0.002,8.13
19/02/2026 16:58,16.625,0.002,8.13
19/02/2026 16:28,16.5,0.002,8.13
19/02/2026 15:58,16.5,0.002,8.13
19/02/2026 15:28,16.375,0.002,8.13
19/02/2026 14:58,16.375,0.002,8.12
19/02/2026 14:28,16.375,0.002,8.12
19/02/2026 13:58,16.25,0.002,8.12
19/02/2026 13:58,16.25,0.002,8.12
19/02/2026 13:28,16.125,0.002,8.12
19/02/2026 12:58,16.25,0.001,8.11
19/02/2026 12:28,16,0.001,8.11
19/02/2026 11:58,16,0.002,8.11
19/02/2026 11:28,16.125,0.002,8.1
19/02/2026 10:58,16,0.002,8.1
19/02/2026 10:28,16.25,0.002,8.1
19/02/2026 09:58,15.875,0.002,8.1
19/02/2026 09:28,16.125,0.002,8.1
19/02/2026 08:58,16.125,0.002,8.1
19/02/2026 08:28,16,0.001,8.1
19/02/2026 07:58,16,0.002,8.1
19/02/2026 07:28,16,0.002,8.09
19/02/2026 06:58,16.125,0.002,8.09
19/02/2026 06:58,16.125,0.002,8.09
19/02/2026 06:28,16.125,0.002,8.1
19/02/2026 05:58,16.125,0.002,8.1
19/02/2026 05:28,16,0.001,8.1
19/02/2026 04:58,16.25,0.002,8.1
19/02/2026 04:28,16.25,0.001,8.1
19/02/2026 03:58,16.125,0.002,8.1
19/02/2026 03:28,15.875,0.001,8.1
19/02/2026 02:58,16,0.001,8.1
19/02/2026 02:28,16,0.001,8.11
19/02/2026 01:58,16,0.001,8.11
19/02/2026 01:28,16.125,0.001,8.11
19/02/2026 00:58,16.125,0.002,8.11
19/02/2026 00:28,16.125,0.002,8.11
18/02/2026 23:58,16.125,0.002,8.12
18/02/2026 23:28,16.125,0.002,8.12
18/02/2026 22:58,16.25,0.001,8.12
18/02/2026 22:28,16.25,0.002,8.12
18/02/2026 21:58,16.125,0.002,8.12
18/02/2026 21:28,16.25,0.002,8.13
18/02/2026 20:58,16.125,0.002,8.13
18/02/2026 20:28,16.25,0.002,8.13
18/02/2026 19:58,16.25,0.002,8.13
18/02/2026 19:28,16.25,0.002,8.13
18/02/2026 18:58,16.25,0.002,8.14
18/02/2026 18:28,16.25,0.002,8.14
18/02/2026 17:58,16.375,0.002,8.14
18/02/2026 17:28,16.375,0.002,8.14
18/02/2026 16:58,16.375,0.002,8.14
18/02/2026 16:28,16.5,0.002,8.14
18/02/2026 15:58,16.5,0.002,8.14
18/02/2026 15:28,16.375,0.002,8.13
18/02/2026 14:58,16.375,0.002,8.13
18/02/2026 14:28,16.5,0.002,8.13
18/02/2026 13:58,16.375,0.002,8.13
18/02/2026 13:28,16.375,0.002,8.12
18/02/2026 12:58,16.375,0.002,8.12
18/02/2026 12:28,16.375,0.002,8.11
18/02/2026 11:58,16.125,0.001,8.12
18/02/2026 11:28,16,0.001,8.12
18/02/2026 10:58,16.125,0.002,8.11
18/02/2026 10:28,16.125,0.002,8.11
18/02/2026 09:58,16.25,0.001,8.11
18/02/2026 09:28,16,0.002,8.1
18/02/2026 08:58,16,0.002,8.1
18/02/2026 08:28,16,0.001,8.1
18/02/2026 07:58,16.25,0.001,8.1
18/02/2026 07:28,16,0.002,8.1
18/02/2026 06:58,16.125,0.002,8.1
18/02/2026 06:28,16,0.002,8.1
18/02/2026 05:58,16.125,0.002,8.1
18/02/2026 05:28,16.25,0.001,8.1
18/02/2026 04:58,16,0.002,8.1
18/02/2026 04:28,16.25,0.002,8.11
18/02/2026 03:58,16.125,0.002,8.11
18/02/2026 03:28,16.25,0.002,8.11
18/02/2026 02:58,16.25,0.001,8.11
18/02/2026 02:28,16.125,0.002,8.11
18/02/2026 01:58,16,0.002,8.11
18/02/2026 01:28,16.25,0.002,8.11
18/02/2026 00:58,16.375,0.002,8.12
18/02/2026 00:28,16.25,0.001,8.12
17/02/2026 23:58,16.375,0.002,8.12
17/02/2026 23:28,16.25,0.002,8.12
17/02/2026 22:58,16.5,0.002,8.12
17/02/2026 22:28,16.5,0.002,8.13
17/02/2026 21:58,16.5,0.002,8.13
17/02/2026 21:28,16.625,0.002,8.13
17/02/2026 21:28,16.625,0.002,8.13
17/02/2026 20:58,15.75,0.002,8.13
17/02/2026 20:28,16.75,0.002,8.13
17/02/2026 19:58,16.875,0.002,8.14
17/02/2026 19:28,16.75,0.002,8.14
17/02/2026 18:58,17,0.002,8.14
17/02/2026 18:28,16.875,0.002,8.14
17/02/2026 17:58,17,0.002,8.14
17/02/2026 17:28,16.875,0.002,8.14
17/02/2026 16:58,16.875,0.002,8.14
17/02/2026 16:28,16.875,0.002,8.14
17/02/2026 15:58,16.875,0.002,8.13
17/02/2026 15:28,15.75,0.002,8.13
17/02/2026 15:28,15.75,0.002,8.13
17/02/2026 14:58,16.625,0.002,8.13
17/02/2026 14:28,16.625,0.002,8.12
17/02/2026 13:58,16.5,0.002,8.12
17/02/2026 13:28,16.375,0.002,8.12
17/02/2026 12:58,16.25,0.002,8.12
17/02/2026 12:28,16.25,0.001,8.11
17/02/2026 11:58,16.125,0.001,8.11
17/02/2026 11:28,16.125,0.001,8.11
17/02/2026 10:58,16,0.001,8.11
17/02/2026 10:28,16,0.001,8.1
17/02/2026 09:58,16.25,0.001,8.1
17/02/2026 09:28,16,0.001,8.1
17/02/2026 08:58,16,0.001,8.1
17/02/2026 08:28,16.125,0.001,8.1
17/02/2026 07:58,16,0.002,8.09
17/02/2026 07:28,16,0.001,8.09
17/02/2026 06:58,16,0.001,8.09
17/02/2026 06:28,16.125,0.001,8.09
17/02/2026 05:58,16,0.001,8.1
17/02/2026 05:28,16,0.001,8.1
17/02/2026 05:28,16,0.001,8.1
17/02/2026 04:58,16.125,0.001,8.1
17/02/2026 04:28,16.125,0.001,8.1
17/02/2026 03:58,16.25,0.001,8.1
17/02/2026 03:28,16.125,0.001,8.1
17/02/2026 02:58,16.125,0.001,8.1
17/02/2026 02:28,16.375,0.001,8.1
17/02/2026 01:58,16.125,0.001,8.11
17/02/2026 01:28,16.125,0.002,8.11
17/02/2026 00:58,16.125,0.001,8.11
17/02/2026 00:28,16.125,0.001,8.11
16/02/2026 23:58,16.125,0.001,8.11
16/02/2026 23:28,16.25,0.001,8.11
16/02/2026 22:58,16.375,0.001,8.12
16/02/2026 22:28,16.125,0.001,8.12
16/02/2026 21:58,16.25,0.001,8.12
16/02/2026 21:28,16.375,0.001,8.12
16/02/2026 20:58,16.375,0.001,8.12
16/02/2026 20:28,16.375,0.001,8.13
16/02/2026 19:58,16.5,0.001,8.13
16/02/2026 19:28,16.625,0.001,8.13
16/02/2026 18:58,16.625,0.001,8.13
16/02/2026 18:28,15.75,0.001,8.13
16/02/2026 17:58,16.625,0.002,8.13
16/02/2026 17:28,16.875,0.001,8.13
16/02/2026 16:58,16.75,0.002,8.13
16/02/2026 16:28,16.625,0.002,8.13
16/02/2026 15:58,16.625,0.002,8.13
16/02/2026 15:28,16.625,0.002,8.13
16/02/2026 14:58,16.5,0.001,8.12
16/02/2026 14:28,16.375,0.001,8.12
16/02/2026 13:58,16.25,0.001,8.12
16/02/2026 13:58,16.25,0.001,8.12
16/02/2026 13:28,16.125,0.001,8.12
16/02/2026 12:58,16.25,0.001,8.12
16/02/2026 12:28,16.125,0.001,8.11
16/02/2026 11:58,16,0.001,8.11
16/02/2026 11:28,16.125,0.001,8.11
16/02/2026 10:58,16.125,0.001,8.11
16/02/2026 10:28,16.125,0.001,8.11
16/02/2026 09:58,15.875,0.001,8.1
16/02/2026 09:28,15.875,0.001,8.1
16/02/2026 08:58,16.25,0.001,8.09
16/02/2026 08:28,16.125,0.001,8.09
16/02/2026 07:58,16.125,0.001,8.09
16/02/2026 07:28,16.25,0.001,8.09
16/02/2026 06:58,16.25,0.001,8.09
16/02/2026 06:28,16,0.001,8.1
16/02/2026 05:58,16.25,0.001,8.1
16/02/2026 05:28,16,0.001,8.1
16/02/2026 04:58,16,0.001,8.1
16/02/2026 04:28,16,0.001,8.1
16/02/2026 03:58,16,0.001,8.1
16/02/2026 03:28,16,0.001,8.1
16/02/2026 02:58,16,0.001,8.1
16/02/2026 02:28,16.25,0.001,8.11
16/02/2026 01:58,16.25,0.001,8.11
16/02/2026 01:28,16.125,0.001,8.11
16/02/2026 00:58,16.25,0.001,8.11
16/02/2026 00:58,16.25,0.001,8.11
16/02/2026 00:28,16.125,0.001,8.11
15/02/2026 23:58,16.125,0.001,8.11
15/02/2026 23:58,16.125,0.001,8.11
15/02/2026 23:28,16.125,0.001,8.12
15/02/2026 22:58,16.125,0.001,8.12
15/02/2026 22:28,16.125,0.001,8.12
15/02/2026 21:58,16,0.001,8.12
15/02/2026 21:28,16.125,0.001,8.12
15/02/2026 20:58,15.875,0.002,8.12
15/02/2026 20:28,16,0.001,8.13
15/02/2026 19:58,16.125,0.001,8.13
15/02/2026 19:28,16.125,0.001,8.13
15/02/2026 18:58,16,0.001,8.13
15/02/2026 18:28,16,0.001,8.13
15/02/2026 17:58,16.125,0.001,8.13
15/02/2026 17:28,16.25,0.001,8.13
15/02/2026 16:58,16.125,0.001,8.13
15/02/2026 16:28,16.25,0.001,8.13
15/02/2026 15:58,16,0.001,8.13
15/02/2026 15:28,16,0.001,8.13
15/02/2026 14:58,16,0.001,8.13
15/02/2026 14:28,15.875,0.001,8.13
15/02/2026 13:58,16,0.001,8.12
15/02/2026 13:28,15.875,0.001,8.12
15/02/2026 12:58,16,0.001,8.12
15/02/2026 12:28,15.75,0.001,8.12
15/02/2026 11:58,15.875,0.001,8.11
15/02/2026 11:28,15.875,0.001,8.11
15/02/2026 10:58,15.875,0.001,8.11
15/02/2026 10:28,15.875,0.001,8.11
15/02/2026 09:58,15.75,0.001,8.1
15/02/2026 09:28,15.75,0.001,8.1
15/02/2026 08:58,16.625,0.001,8.1
15/02/2026 08:28,16,0.001,8.1
15/02/2026 07:58,15.875,0.001,8.09
15/02/2026 07:28,15.625,0.001,8.09
15/02/2026 06:58,15.75,0.001,8.09
15/02/2026 06:28,15.75,0.001,8.09
15/02/2026 05:58,15.75,0.001,8.09
15/02/2026 05:28,15.875,0.001,8.09
15/02/2026 04:58,15.875,0.001,8.09
15/02/2026 04:28,15.75,0.001,8.1
15/02/2026 03:58,15.875,0.001,8.1
15/02/2026 03:28,15.875,0.001,8.1
15/02/2026 02:58,15.75,0.001,8.1
15/02/2026 02:28,15.875,0.001,8.1
15/02/2026 02:28,15.875,0.001,8.1
15/02/2026 01:58,15.75,0.001,8.1
15/02/2026 01:28,15.875,0.001,8.1
15/02/2026 00:58,15.75,0.001,8.11
15/02/2026 00:28,15.75,0.001,8.11
14/02/2026 23:58,16,0.001,8.11
14/02/2026 23:28,15.75,0.001,8.11
14/02/2026 22:58,15.875,0.001,8.11
14/02/2026 22:28,15.875,0.001,8.12
14/02/2026 21:58,15.875,0.001,8.12
14/02/2026 21:28,16,0.001,8.12
14/02/2026 20:58,16,0.001,8.12
14/02/2026 20:28,15.875,0.001,8.12
14/02/2026 19:58,15.875,0.001,8.12
14/02/2026 19:28,15.875,0.001,8.12
14/02/2026 18:58,15.75,0.001,8.13
14/02/2026 18:28,15,0.001,8.13
14/02/2026 17:58,15.75,0.001,8.13
14/02/2026 17:28,15.875,0.001,8.13
14/02/2026 16:58,16,0.001,8.13
14/02/2026 16:28,16,0.001,8.13
14/02/2026 15:58,15.75,0.001,8.13
14/02/2026 15:28,16,0.001,8.13
14/02/2026 14:58,16,0.001,8.12
14/02/2026 14:28,15.75,0.001,8.12
14/02/2026 13:58,15.875,0.002,8.12
14/02/2026 13:28,15.75,0.001,8.12
14/02/2026 12:58,15.875,0.001,8.12
14/02/2026 12:28,15.75,0.001,8.11
14/02/2026 11:58,15.875,0.001,8.11
14/02/2026 11:28,16.625,0.001,8.11
14/02/2026 10:58,15.875,0.001,8.11
14/02/2026 10:28,15.875,0.001,8.11
14/02/2026 09:58,15.875,0.001,8.1
14/02/2026 09:28,16.625,0.001,8.1
14/02/2026 08:58,15.875,0.001,8.1
14/02/2026 08:28,15.875,0.001,8.1
14/02/2026 07:58,15.75,0.001,8.1
14/02/2026 07:28,15.75,0.001,8.1
14/02/2026 06:58,15.75,0.001,8.09
14/02/2026 06:28,15.875,0.001,8.09
14/02/2026 05:58,16,0.001,8.1
14/02/2026 05:28,15.875,0.001,8.1
14/02/2026 04:58,15.875,0.001,8.1
14/02/2026 04:28,15.75,0.001,8.1
14/02/2026 03:58,16,0.001,8.1
14/02/2026 03:58,16,0.001,8.1
14/02/2026 03:28,16,0.001,8.1
14/02/2026 02:58,16,0.001,8.11
14/02/2026 02:28,15.875,0.001,8.11
14/02/2026 01:58,15.875,0.001,8.11
14/02/2026 01:28,16,0.001,8.11
14/02/2026 00:58,15.875,0.001,8.11
14/02/2026 00:28,15.875,0.001,8.12
13/02/2026 23:58,15.75,0.001,8.12
13/02/2026 23:28,15.875,0.001,8.12
13/02/2026 22:58,15.875,0.001,8.12
13/02/2026 22:28,16,0.001,8.12
13/02/2026 21:58,16,0.002,8.12
13/02/2026 21:28,15.75,0.001,8.13
13/02/2026 20:58,15.75,0.001,8.13
13/02/2026 20:28,16.125,0.001,8.13
13/02/2026 19:58,16,0.001,8.13
13/02/2026 19:58,16,0.001,8.13
13/02/2026 19:28,16,0.001,8.13
13/02/2026 18:58,15.875,0.002,8.13
13/02/2026 18:28,16,0.001,8.14
13/02/2026 17:58,16.125,0.001,8.14
13/02/2026 17:28,16.125,0.001,8.14
13/02/2026 16:58,16.125,0.002,8.14
13/02/2026 16:28,16.25,0.002,8.14
13/02/2026 15:58,16.125,0.002,8.13
13/02/2026 15:58,16.125,0.002,8.13
13/02/2026 15:28,16.25,0.002,8.13
13/02/2026 14:58,16.25,0.002,8.13
13/02/2026 14:28,16.25,0.002,8.13
13/02/2026 13:58,16.25,0.001,8.13
13/02/2026 13:28,16,0.001,8.13
13/02/2026 12:58,16.25,0.002,8.13
13/02/2026 12:28,16,0.001,8.12
13/02/2026 11:58,16.125,0.001,8.12
13/02/2026 11:28,16.125,0.001,8.12
13/02/2026 11:28,16.125,0.001,8.12
13/02/2026 10:58,15.875,0.001,8.12
13/02/2026 10:28,16,0.002,8.11
13/02/2026 09:58,16.125,0.001,8.11
13/02/2026 09:28,16,0.002,8.11
13/02/2026 08:58,16.125,0.001,8.1
13/02/2026 08:28,16,0.001,8.1
13/02/2026 07:58,15.875,0.002,8.1
13/02/2026 07:28,15.75,0.001,8.09
13/02/2026 06:58,16.125,0.002,8.09
13/02/2026 06:28,15.875,0.002,8.09
13/02/2026 05:58,15.875,0.002,8.09
13/02/2026 05:28,15.875,0.001,8.09
13/02/2026 04:58,15.875,0.001,8.09
13/02/2026 04:28,15.875,0.001,8.09
13/02/2026 03:58,16,0.002,8.1
13/02/2026 03:28,15.875,0.001,8.1
13/02/2026 02:58,15.875,0.001,8.1
13/02/2026 02:28,16.125,0.001,8.1
13/02/2026 01:58,16,0.002,8.1
13/02/2026 01:28,15.875,0.002,8.1
13/02/2026 00:58,16.125,0.001,8.1
13/02/2026 00:28,16.125,0.002,8.1
12/02/2026 23:58,16,0.002,8.1
12/02/2026 23:28,16.125,0.002,8.1
12/02/2026 22:58,16.125,0.002,8.11
12/02/2026 22:28,16.25,0.002,8.11
12/02/2026 21:58,16.25,0.001,8.11
12/02/2026 21:28,16.125,0.002,8.11
12/02/2026 20:58,16.25,0.002,8.11
12/02/2026 20:28,16.25,0.002,8.11
12/02/2026 19:58,16.125,0.002,8.11
12/02/2026 19:28,16.375,0.002,8.11
12/02/2026 18:58,16.375,0.002,8.12
12/02/2026 18:28,16.25,0.002,8.12
12/02/2026 17:58,16.375,0.002,8.12
12/02/2026 17:28,16.5,0.002,8.12
12/02/2026 16:58,16.375,0.002,8.12
12/02/2026 16:28,16.625,0.002,8.11
12/02/2026 15:58,16.625,0.002,8.11
12/02/2026 15:28,16.625,0.002,8.11
12/02/2026 14:58,16.625,0.002,8.11
12/02/2026 14:28,16.375,0.002,8.11
12/02/2026 13:58,16.375,0.002,8.1
12/02/2026 13:28,16.375,0.002,8.1
12/02/2026 12:58,16.375,0.002,8.1
12/02/2026 12:28,16.375,0.002,8.11
12/02/2026 11:58,16.25,0.002,8.11
12/02/2026 11:28,15.875,0.002,8.12
12/02/2026 10:58,16.25,0.002,8.12
12/02/2026 10:28,16,0.002,8.12
12/02/2026 10:28,16,0.002,8.12
12/02/2026 09:58,16.125,0.001,8.12
12/02/2026 09:28,16.125,0.002,8.11
12/02/2026 08:58,16,0.002,8.11
12/02/2026 08:28,16,0.002,8.11
12/02/2026 07:58,16,0.002,8.11
12/02/2026 07:28,16,0.001,8.1
12/02/2026 06:58,15.875,0.001,8.11
12/02/2026 06:28,15.875,0.001,8.11
12/02/2026 05:58,15.875,0.001,8.11
12/02/2026 05:28,16,0.001,8.11
12/02/2026 04:58,16,0.001,8.11
12/02/2026 04:28,16,0.001,8.11
12/02/2026 04:28,16,0.001,8.11
12/02/2026 03:58,15.875,0.002,8.11
12/02/2026 03:28,15.875,0.001,8.11
12/02/2026 02:58,16,0.001,8.12
12/02/2026 02:28,15.875,0.002,8.12
12/02/2026 01:58,16,0.001,8.12
12/02/2026 01:28,15.75,0.002,8.12
12/02/2026 00:58,16,0.001,8.12
12/02/2026 00:28,15.875,0.002,8.12
11/02/2026 23:58,15.875,0.001,8.12
11/02/2026 23:28,16.125,0.002,8.13
11/02/2026 22:58,16,0.002,8.13
11/02/2026 22:28,16.125,0.001,8.13
11/02/2026 21:58,16,0.002,8.13
11/02/2026 21:28,16.25,0.002,8.13
11/02/2026 20:58,16.25,0.001,8.14
11/02/2026 20:28,16.25,0.002,8.14
11/02/2026 20:28,16.25,0.002,8.14
11/02/2026 19:58,16.25,0.002,8.14
11/02/2026 19:28,16.125,0.001,8.14
11/02/2026 18:58,16.375,0.002,8.14
11/02/2026 18:28,16.25,0.002,8.14
11/02/2026 17:58,16.25,0.002,8.14
11/02/2026 17:28,16.375,0.002,8.14
11/02/2026 16:58,16.375,0.002,8.14
11/02/2026 16:28,16.375,0.002,8.14
11/02/2026 15:58,16.375,0.002,8.14
11/02/2026 15:28,16.375,0.002,8.14
11/02/2026 14:58,16.375,0.002,8.14
11/02/2026 14:28,16.25,0.002,8.13
11/02/2026 13:58,16.25,0.002,8.13
11/02/2026 13:28,16.375,0.002,8.13
11/02/2026 12:58,16.25,0.002,8.13
11/02/2026 12:28,16.25,0.002,8.12
11/02/2026 11:58,16,0.002,8.12
11/02/2026 11:28,16,0.001,8.12
11/02/2026 10:58,16.125,0.002,8.12
11/02/2026 10:28,16.125,0.001,8.11
11/02/2026 09:58,16.125,0.001,8.11
11/02/2026 09:28,16,0.001,8.1
11/02/2026 08:58,16,0.001,8.1
11/02/2026 08:28,16,0.001,8.1
11/02/2026 07:58,15.875,0.001,8.1
11/02/2026 07:28,16,0.001,8.1
11/02/2026 06:58,15.875,0.001,8.1
11/02/2026 06:28,15.875,0.001,8.1
11/02/2026 05:58,15.875,0.001,8.1
11/02/2026 05:28,16,0.001,8.1
11/02/2026 04:58,15.75,0.001,8.1
11/02/2026 04:28,15.875,0.001,8.11
11/02/2026 03:58,16,0.001,8.1
11/02/2026 03:28,16,0.001,8.11
11/02/2026 02:58,16,0.001,8.11
11/02/2026 02:28,16,0.001,8.11
11/02/2026 01:58,16,0.001,8.11
11/02/2026 01:28,15.875,0.001,8.11
11/02/2026 00:58,16,0.001,8.11
11/02/2026 00:28,15.75,0.001,8.11
10/02/2026 23:58,15.875,0.001,8.12
10/02/2026 23:28,16,0.001,8.12
10/02/2026 22:58,16,0.001,8.12
10/02/2026 22:28,15.875,0.001,8.12
10/02/2026 21:58,16,0.001,8.12
10/02/2026 21:28,16,0.001,8.12
10/02/2026 20:58,16,0.001,8.12
10/02/2026 20:28,16,0.001,8.13
10/02/2026 19:58,16.125,0.001,8.13
10/02/2026 19:28,16.125,0.001,8.13
10/02/2026 18:58,16.125,0.001,8.13
10/02/2026 18:58,16.125,0.001,8.13
10/02/2026 18:28,16.125,0.001,8.13
10/02/2026 17:58,16.25,0.002,8.13
10/02/2026 17:28,16.25,0.002,8.13
10/02/2026 16:58,16.375,0.002,8.13
10/02/2026 16:28,16.5,0.002,8.12
10/02/2026 15:58,16.125,0.002,8.12
10/02/2026 15:28,16.375,0.002,8.12
10/02/2026 14:58,16.375,0.002,8.12
10/02/2026 14:28,16.375,0.002,8.12
10/02/2026 14:28,16.375,0.002,8.12
10/02/2026 13:58,16.25,0.002,8.11
10/02/2026 13:28,16.25,0.001,8.11
10/02/2026 12:58,16.125,0.001,8.11
10/02/2026 12:28,16.125,0.001,8.11
10/02/2026 11:58,16.125,0.001,8.1
10/02/2026 11:28,16,0.001,8.1
10/02/2026 10:58,16,0.001,8.1
10/02/2026 10:28,15.875,0.002,8.09
10/02/2026 09:58,16,0.001,8.09
10/02/2026 09:28,16,0.002,8.09
10/02/2026 08:58,15.875,0.001,8.09
10/02/2026 08:28,15.875,0.001,8.08
10/02/2026 07:58,16,0.001,8.08
10/02/2026 07:28,15.875,0.001,8.08
10/02/2026 06:58,15.875,0.001,8.08
10/02/2026 06:28,16,0.001,8.08
10/02/2026 05:58,15.875,0.001,8.08
10/02/2026 05:28,16,0.001,8.08
10/02/2026 04:58,15.875,0.001,8.09
10/02/2026 04:28,15.875,0.001,8.09
10/02/2026 03:58,16,0.001,8.09
10/02/2026 03:28,16.125,0.001,8.09
10/02/2026 02:58,16.125,0.001,8.09
10/02/2026 02:28,16,0.002,8.09
10/02/2026 01:58,16,0.002,8.09
10/02/2026 01:58,16,0.002,8.09
10/02/2026 01:28,16.25,0.001,8.09
10/02/2026 00:58,16.125,0.002,8.09
10/02/2026 00:28,16.25,0.001,8.09
09/02/2026 23:58,16.25,0.001,8.09
09/02/2026 23:28,16.25,0.002,8.09
09/02/2026 22:58,16.25,0.002,8.1
09/02/2026 22:28,16.25,0.002,8.1
09/02/2026 21:58,16.25,0.001,8.1
09/02/2026 21:28,16.375,0.002,8.1
09/02/2026 21:28,16.375,0.002,8.1
09/02/2026 20:58,16.375,0.002,8.1
09/02/2026 20:28,16.375,0.001,8.1
09/02/2026 19:58,16.5,0.002,8.1
09/02/2026 19:28,16.5,0.002,8.1
09/02/2026 18:58,16.625,0.002,8.1
09/02/2026 18:28,16.75,0.002,8.11
09/02/2026 17:58,16.75,0.002,8.11
09/02/2026 17:28,16.875,0.002,8.12
09/02/2026 16:58,15.875,0.002,8.12
09/02/2026 16:28,16.625,0.002,8.14
09/02/2026 15:58,16.875,0.001,8.14
09/02/2026 15:28,16.875,0.002,8.14
09/02/2026 14:58,16.625,0.001,8.15
09/02/2026 14:28,16.75,0.002,8.15
09/02/2026 14:28,16.75,0.002,8.15
09/02/2026 13:58,16.625,0.002,8.14
09/02/2026 13:28,16.625,0.001,8.14
09/02/2026 12:58,16.5,0.001,8.14
09/02/2026 12:28,16.25,0.001,8.14
09/02/2026 11:58,16.375,0.001,8.14
09/02/2026 11:28,16.375,0.001,8.13
09/02/2026 10:58,16.25,0.001,8.13
09/02/2026 10:28,16.25,0.001,8.13
09/02/2026 09:58,16.125,0.001,8.13
09/02/2026 09:28,16.125,0.001,8.12
09/02/2026 08:58,16.125,0.001,8.12
09/02/2026 08:28,16,0.001,8.12
09/02/2026 07:58,16,0.001,8.12
09/02/2026 07:28,16.125,0.001,8.11
09/02/2026 06:58,16,0.001,8.11
09/02/2026 06:28,16.125,0.001,8.11
09/02/2026 05:58,16,0.001,8.11
09/02/2026 05:28,16.125,0.001,8.12
09/02/2026 04:58,16,0.001,8.12
09/02/2026 04:28,16.25,0.001,8.12
09/02/2026 03:58,16.25,0.001,8.12
09/02/2026 03:28,16,0.001,8.12
09/02/2026 02:58,16.25,0.001,8.12
09/02/2026 02:28,16.125,0.001,8.12
09/02/2026 01:58,16.125,0.001,8.12
09/02/2026 01:58,16.125,0.001,8.12
09/02/2026 01:28,15.875,0.001,8.12
09/02/2026 00:58,16,0.001,8.13
09/02/2026 00:28,16.125,0.001,8.13
08/02/2026 23:58,16.125,0.001,8.13
08/02/2026 23:28,16.125,0.001,8.13
08/02/2026 22:58,16.125,0.001,8.13
08/02/2026 22:28,16,0.001,8.13
08/02/2026 21:58,16.125,0.001,8.13
08/02/2026 21:28,16.125,0.001,8.14
08/02/2026 20:58,16,0.001,8.14
08/02/2026 20:28,15.875,0.001,8.14
08/02/2026 20:28,15.875,0.001,8.14
08/02/2026 19:58,15.875,0.001,8.14
08/02/2026 19:28,16,0.001,8.14
08/02/2026 18:58,16,0.001,8.14
08/02/2026 18:28,15.875,0.001,8.15
08/02/2026 18:28,15.875,0.001,8.15
08/02/2026 17:58,16.125,0.001,8.15
08/02/2026 17:28,16.125,0.001,8.15
08/02/2026 16:58,16.25,0.001,8.15
08/02/2026 16:28,16.125,0.001,8.15
08/02/2026 15:58,16,0.001,8.15
08/02/2026 15:28,16.25,0.001,8.14
08/02/2026 14:58,16,0.001,8.14
08/02/2026 14:58,16,0.001,8.14
08/02/2026 14:28,16.25,0.001,8.14
08/02/2026 13:58,16.125,0.001,8.14
08/02/2026 13:28,16.125,0.001,8.14
08/02/2026 12:58,16.125,0.001,8.14
08/02/2026 12:28,16,0.001,8.13
08/02/2026 11:58,16,0.001,8.13
08/02/2026 11:28,15.875,0.001,8.13
08/02/2026 10:58,16,0.001,8.13
08/02/2026 10:28,15.875,0.001,8.12
08/02/2026 09:58,16,0.001,8.12
08/02/2026 09:28,15.875,0.001,8.12
08/02/2026 08:58,15.875,0.001,8.12
08/02/2026 08:28,15.75,0.001,8.11
08/02/2026 07:58,16,0.001,8.11
08/02/2026 07:28,15.875,0.001,8.11
08/02/2026 06:58,15.875,0.001,8.11
08/02/2026 06:28,16,0.001,8.11
08/02/2026 05:58,15.875,0.001,8.11
08/02/2026 05:28,16,0.001,8.11
08/02/2026 04:58,15.875,0.001,8.11
08/02/2026 04:28,15.875,0.001,8.12
08/02/2026 03:58,15.875,0.001,8.12
08/02/2026 03:28,16,0.001,8.12
08/02/2026 02:58,16,0.001,8.12
08/02/2026 02:28,16,0.001,8.12
08/02/2026 01:58,15.875,0.001,8.12
08/02/2026 01:28,15.875,0.001,8.12
08/02/2026 00:58,15.875,0.001,8.12
08/02/2026 00:28,16,0.001,8.13
07/02/2026 23:58,15.875,0.001,8.13
07/02/2026 23:28,16,0.001,8.13
07/02/2026 22:58,15.875,0.001,8.13
07/02/2026 22:28,16,0.001,8.13
07/02/2026 21:58,15.875,0.001,8.13
07/02/2026 21:28,16,0.001,8.13
07/02/2026 20:58,16,0.001,8.14
07/02/2026 20:28,16,0.001,8.14
07/02/2026 19:58,15.75,0.001,8.14
07/02/2026 19:28,15.875,0.001,8.14
07/02/2026 18:58,15.75,0.001,8.14
07/02/2026 18:28,15.875,0.001,8.14
07/02/2026 17:58,15.875,0.001,8.14
07/02/2026 17:28,16.125,0.001,8.15
07/02/2026 16:58,16,0.001,8.14
07/02/2026 16:28,16.125,0.001,8.14
07/02/2026 15:58,16.125,0.001,8.14
07/02/2026 15:28,16,0.001,8.14
07/02/2026 14:58,16.125,0.002,8.14
07/02/2026 14:28,15.875,0.002,8.14
07/02/2026 13:58,15.875,0.001,8.14
07/02/2026 13:28,16,0.001,8.14
07/02/2026 12:58,16.125,0.001,8.13
07/02/2026 12:28,15.875,0.001,8.13
07/02/2026 11:58,15.75,0.001,8.13
07/02/2026 11:28,15.875,0.001,8.12
07/02/2026 10:58,16,0.001,8.12
07/02/2026 10:28,15.875,0.001,8.12
07/02/2026 09:58,15.875,0.001,8.12
07/02/2026 09:28,16,0.001,8.11
07/02/2026 08:58,16,0.001,8.11
07/02/2026 08:28,16,0.001,8.11
07/02/2026 07:58,15.875,0.001,8.11
07/02/2026 07:28,15.875,0.001,8.11
07/02/2026 06:58,16,0.001,8.11
07/02/2026 06:28,15.75,0.001,8.11
07/02/2026 05:58,15.875,0.001,8.11
07/02/2026 05:28,15.875,0.001,8.11
07/02/2026 04:58,15.875,0.001,8.11
07/02/2026 04:58,15.875,0.001,8.11
07/02/2026 04:28,16,0.001,8.11
07/02/2026 03:58,15.875,0.001,8.12
07/02/2026 03:28,16,0.002,8.12
07/02/2026 02:58,16,0.001,8.12
07/02/2026 02:58,16,0.001,8.12
07/02/2026 02:28,15.875,0.001,8.12
07/02/2026 01:58,16,0.002,8.12
07/02/2026 01:28,16,0.002,8.12
07/02/2026 00:58,16,0.002,8.12
07/02/2026 00:28,16.125,0.002,8.13
06/02/2026 23:58,16,0.002,8.13
06/02/2026 23:28,16,0.002,8.13
06/02/2026 22:58,16,0.002,8.13
06/02/2026 22:28,16.25,0.002,8.13
06/02/2026 21:58,16,0.002,8.13
06/02/2026 21:28,16,0.002,8.14
06/02/2026 20:58,16,0.002,8.14
06/02/2026 20:28,16.125,0.002,8.14
06/02/2026 19:58,16.25,0.002,8.14
06/02/2026 19:28,16.125,0.001,8.14
06/02/2026 18:58,16.25,0.002,8.15
06/02/2026 18:28,16.125,0.002,8.15
06/02/2026 17:58,16.375,0.002,8.15
06/02/2026 17:28,16.375,0.002,8.15
06/02/2026 16:58,16.375,0.002,8.15
06/02/2026 16:28,16.375,0.002,8.15
06/02/2026 15:58,16.25,0.002,8.14
06/02/2026 15:58,16.25,0.002,8.14
06/02/2026 15:28,16.375,0.002,8.14
06/02/2026 14:58,16.25,0.002,8.14
06/02/2026 14:28,16.25,0.002,8.14
06/02/2026 13:58,16.25,0.002,8.14
06/02/2026 13:28,16.25,0.002,8.14
06/02/2026 12:58,16.25,0.002,8.13
06/02/2026 12:28,16.125,0.002,8.13
06/02/2026 11:58,16.125,0.002,8.13
06/02/2026 11:28,16.125,0.002,8.13
06/02/2026 10:58,16.125,0.002,8.12
06/02/2026 10:28,16.125,0.002,8.12
06/02/2026 09:58,16,0.002,8.12
06/02/2026 09:28,16.25,0.002,8.12
06/02/2026 08:58,16.125,0.002,8.12
06/02/2026 08:28,16.25,0.002,8.12
06/02/2026 07:58,16,0.002,8.12
06/02/2026 07:28,16,0.002,8.11
06/02/2026 06:58,16.125,0.002,8.11
06/02/2026 06:28,16.25,0.002,8.11
06/02/2026 05:58,16,0.002,8.11
06/02/2026 05:28,16,0.002,8.11
06/02/2026 04:58,16,0.002,8.12
06/02/2026 04:28,16,0.002,8.12
06/02/2026 03:58,16.125,0.002,8.12
06/02/2026 03:28,16,0.002,8.12
06/02/2026 02:58,16.125,0.002,8.12
06/02/2026 02:28,16.125,0.002,8.12
06/02/2026 01:58,16.125,0.002,8.12
06/02/2026 01:28,16,0.002,8.12
06/02/2026 00:58,16.125,0.002,8.13
06/02/2026 00:28,16.125,0.002,8.13
05/02/2026 23:58,15.875,0.002,8.13
05/02/2026 23:28,16.125,0.002,8.13
05/02/2026 22:58,16.25,0.002,8.13
05/02/2026 22:28,16,0.002,8.13
05/02/2026 21:58,16,0.002,8.14
05/02/2026 21:28,16.125,0.002,8.14
05/02/2026 20:58,16,0.002,8.14
05/02/2026 20:28,16.125,0.002,8.14
05/02/2026 20:28,16.125,0.002,8.14
05/02/2026 19:58,16.125,0.002,8.14
05/02/2026 19:28,16.25,0.002,8.14
05/02/2026 18:58,16,0.002,8.15
05/02/2026 18:28,16.375,0.002,8.15
05/02/2026 17:58,16.5,0.002,8.15
05/02/2026 17:28,16.375,0.002,8.15
05/02/2026 16:58,16.375,0.002,8.15
05/02/2026 16:28,16.375,0.002,8.15
05/02/2026 15:58,16.5,0.002,8.14
05/02/2026 15:28,16.5,0.002,8.14
05/02/2026 14:58,16.375,0.002,8.14
05/02/2026 14:28,16.5,0.002,8.14
05/02/2026 13:58,16.5,0.002,8.14
05/02/2026 13:28,16.25,0.002,8.14
05/02/2026 12:58,16.5,0.002,8.13
05/02/2026 12:28,16.375,0.002,8.13
05/02/2026 11:58,16.375,0.002,8.13
05/02/2026 11:28,16.25,0.002,8.13
05/02/2026 10:58,16,0.002,8.13
05/02/2026 10:28,16,0.002,8.12
05/02/2026 09:58,16.125,0.002,8.12
05/02/2026 09:28,16.125,0.002,8.12
05/02/2026 08:58,16.125,0.002,8.12
05/02/2026 08:28,16,0.002,8.11
05/02/2026 07:58,15.75,0.002,8.11
05/02/2026 07:28,15.875,0.002,8.11
05/02/2026 07:28,15.875,0.002,8.11
05/02/2026 06:58,16,0.002,8.11
05/02/2026 06:28,15.75,0.002,8.11
05/02/2026 05:58,15.875,0.002,8.11
05/02/2026 05:28,15.875,0.002,8.11
05/02/2026 04:58,15.875,0.002,8.11
05/02/2026 04:28,16,0.002,8.11
05/02/2026 03:58,16,0.002,8.12
05/02/2026 03:28,15.875,0.002,8.12
05/02/2026 02:58,15.875,0.002,8.12
05/02/2026 02:28,16,0.002,8.12
05/02/2026 01:58,15.875,0.002,8.12
05/02/2026 01:28,15.875,0.002,8.12
05/02/2026 01:28,15.875,0.002,8.12
05/02/2026 00:58,16,0.002,8.12
05/02/2026 00:28,16,0.002,8.12
04/02/2026 23:58,16.125,0.002,8.13
04/02/2026 23:28,16.25,0.002,8.13
04/02/2026 22:58,16,0.002,8.13
04/02/2026 22:28,16,0.002,8.13
04/02/2026 21:58,16.125,0.002,8.13
04/02/2026 21:28,16.25,0.002,8.13
04/02/2026 20:58,16.25,0.002,8.13
04/02/2026 20:28,16.25,0.002,8.13
04/02/2026 20:28,16.25,0.002,8.13
04/02/2026 19:58,16.25,0.002,8.14
04/02/2026 19:28,16.125,0.002,8.14
04/02/2026 18:58,16.375,0.002,8.14
04/02/2026 18:28,16.5,0.002,8.14
04/02/2026 17:58,16.5,0.002,8.14
04/02/2026 17:28,16.5,0.002,8.14
04/02/2026 16:58,16.5,0.002,8.14
04/02/2026 16:28,16.5,0.002,8.14
04/02/2026 15:58,16.625,0.002,8.14
04/02/2026 15:28,16.625,0.002,8.14
04/02/2026 14:58,16.5,0.002,8.14
04/02/2026 14:28,16.375,0.002,8.13
04/02/2026 13:58,16.375,0.002,8.13
04/02/2026 13:28,16.375,0.002,8.13
04/02/2026 12:58,16.25,0.002,8.13
04/02/2026 12:28,16.25,0.002,8.12
04/02/2026 11:58,16.125,0.002,8.12
04/02/2026 11:28,16.125,0.002,8.12
04/02/2026 10:58,16.25,0.002,8.12
04/02/2026 10:28,16.25,0.002,8.12
04/02/2026 09:58,16.125,0.002,8.11
04/02/2026 09:28,16,0.002,8.11
04/02/2026 08:58,15.875,0.002,8.11
04/02/2026 08:58,15.875,0.002,8.11
04/02/2026 08:28,16,0.002,8.11
04/02/2026 07:58,15.875,0.002,8.1
04/02/2026 07:28,15.875,0.002,8.1
04/02/2026 06:58,15.875,0.002,8.1
04/02/2026 06:28,15.75,0.002,8.1
04/02/2026 05:58,15.75,0.002,8.1
04/02/2026 05:28,15.875,0.002,8.1
04/02/2026 04:58,15.875,0.002,8.1
04/02/2026 04:28,16,0.002,8.11
04/02/2026 03:58,15.75,0.002,8.11
04/02/2026 03:28,15.75,0.002,8.11
04/02/2026 02:58,15.75,0.002,8.11
04/02/2026 02:28,15.875,0.002,8.11
04/02/2026 01:58,15.875,0.002,8.11
04/02/2026 01:28,15.75,0.002,8.11
04/02/2026 00:58,15.75,0.002,8.11
04/02/2026 00:28,14.75,0.002,8.11
03/02/2026 23:58,15.875,0.002,8.11
03/02/2026 23:28,15.875,0.002,8.11
03/02/2026 22:58,14.75,0.002,8.12
03/02/2026 22:28,15.75,0.002,8.12
03/02/2026 21:58,15.75,0.002,8.12
03/02/2026 21:28,16.625,0.002,8.12
03/02/2026 20:58,16.625,0.002,8.12
03/02/2026 20:28,15.75,0.002,8.12
03/02/2026 19:58,16.625,0.002,8.12
03/02/2026 19:28,15.75,0.002,8.12
03/02/2026 19:28,15.75,0.002,8.12
03/02/2026 18:58,15.625,0.002,8.13
03/02/2026 18:28,16.625,0.002,8.13
03/02/2026 17:58,16.625,0.002,8.13
03/02/2026 17:58,16.625,0.002,8.13
03/02/2026 17:28,15.875,0.002,8.13
03/02/2026 16:58,16.625,0.002,8.13
03/02/2026 16:28,15.75,0.002,8.12
03/02/2026 15:58,15.875,0.002,8.12
03/02/2026 15:28,16.625,0.002,8.12
03/02/2026 14:58,15.75,0.002,8.12
03/02/2026 14:28,14.75,0.002,8.12
03/02/2026 13:58,15.875,0.002,8.12
03/02/2026 13:28,15.75,0.002,8.12
03/02/2026 12:58,15.875,0.002,8.12
03/02/2026 12:28,14.875,0.002,8.11
03/02/2026 11:58,15.875,0.002,8.11
03/02/2026 11:28,15.75,0.002,8.11
03/02/2026 10:58,15.75,0.002,8.11
03/02/2026 10:28,15.875,0.002,8.11
03/02/2026 09:58,15.75,0.002,8.11
03/02/2026 09:28,15.875,0.002,8.1
03/02/2026 08:58,15.875,0.002,8.1
03/02/2026 08:58,15.875,0.002,8.1
03/02/2026 08:28,15.875,0.002,8.1
03/02/2026 07:58,15.875,0.002,8.1
03/02/2026 07:28,15.75,0.002,8.1
03/02/2026 06:58,16,0.002,8.1
03/02/2026 06:28,15.875,0.002,8.1
03/02/2026 05:58,15.875,0.002,8.1
03/02/2026 05:28,15.75,0.002,8.1
03/02/2026 04:58,15.875,0.002,8.1
03/02/2026 04:28,15.875,0.002,8.1
03/02/2026 03:58,15.875,0.002,8.11
03/02/2026 03:28,15.75,0.002,8.11
03/02/2026 02:58,16,0.002,8.11
03/02/2026 02:28,15.75,0.002,8.11
03/02/2026 01:58,15.875,0.002,8.11
03/02/2026 01:28,15.875,0.002,8.11
03/02/2026 00:58,15.875,0.002,8.11
03/02/2026 00:28,15.75,0.002,8.11
03/02/2026 00:28,15.75,0.002,8.11
02/02/2026 23:58,16,0.002,8.12
02/02/2026 23:28,15.875,0.002,8.12
02/02/2026 22:58,16,0.002,8.12
02/02/2026 22:28,16,0.002,8.12
02/02/2026 21:58,15.75,0.002,8.12
02/02/2026 21:28,16,0.002,8.12
02/02/2026 20:58,16,0.003,8.12
02/02/2026 20:28,15.875,0.003,8.13
02/02/2026 19:58,15.75,0.003,8.13
02/02/2026 19:28,15.75,0.002,8.13
02/02/2026 18:58,15.875,0.002,8.13
02/02/2026 18:28,15.875,0.002,8.13
02/02/2026 17:58,15.875,0.002,8.13
02/02/2026 17:28,16,0.002,8.13
02/02/2026 16:58,16,0.002,8.13
02/02/2026 16:28,15.875,0.002,8.13
02/02/2026 15:58,16,0.002,8.13
02/02/2026 15:28,16,0.003,8.13
02/02/2026 14:58,16,0.003,8.13
02/02/2026 14:28,16,0.003,8.12
02/02/2026 13:58,15.875,0.003,8.12
02/02/2026 13:28,15.875,0.003,8.12
02/02/2026 12:58,16,0.003,8.12
02/02/2026 12:28,16,0.003,8.12
02/02/2026 11:58,15.875,0.003,8.12
02/02/2026 11:28,15.875,0.003,8.12
02/02/2026 10:58,16,0.003,8.11
02/02/2026 10:28,16.125,0.002,8.11
02/02/2026 09:58,16,0.002,8.11
02/02/2026 09:28,16.125,0.002,8.1
02/02/2026 08:58,15.875,0.002,8.1
02/02/2026 08:28,16.125,0.002,8.1
02/02/2026 07:58,15.875,0.002,8.1
02/02/2026 07:28,16,0.002,8.1
02/02/2026 06:58,16.125,0.002,8.1
02/02/2026 06:58,16.125,0.002,8.1
02/02/2026 06:28,16,0.002,8.1
02/02/2026 05:58,16.25,0.002,8.1
02/02/2026 05:28,16.125,0.002,8.1
02/02/2026 05:28,16.125,0.002,8.1
02/02/2026 04:58,16.125,0.002,8.1
02/02/2026 04:28,16.125,0.002,8.11
02/02/2026 03:58,16,0.002,8.11
02/02/2026 03:28,16.125,0.002,8.11
02/02/2026 02:58,16.125,0.002,8.11
02/02/2026 02:28,16.125,0.002,8.11
02/02/2026 01:58,16,0.003,8.11
02/02/2026 01:28,16.25,0.002,8.11
02/02/2026 01:28,16.25,0.002,8.11
02/02/2026 00:58,16.25,0.002,8.11
02/02/2026 00:28,16,0.002,8.11
01/02/2026 23:58,16,0.002,8.11
01/02/2026 23:28,16.125,0.002,8.12
01/02/2026 22:58,16.125,0.002,8.12
01/02/2026 22:28,16.25,0.002,8.12
01/02/2026 21:58,16.125,0.002,8.12
01/02/2026 21:28,16.125,0.003,8.12
01/02/2026 20:58,16,0.003,8.12
01/02/2026 20:28,16.25,0.003,8.13
01/02/2026 19:58,16.125,0.003,8.13
01/02/2026 19:28,16.125,0.003,8.13
01/02/2026 18:58,16.125,0.003,8.13
01/02/2026 18:28,16.25,0.003,8.13
01/02/2026 18:28,16.25,0.003,8.13
01/02/2026 17:58,16.5,0.003,8.13
01/02/2026 17:28,16.375,0.003,8.13
01/02/2026 16:58,16.375,0.003,8.13
01/02/2026 16:28,16.375,0.002,8.13
01/02/2026 15:58,16.375,0.002,8.13
01/02/2026 15:28,16.375,0.002,8.12
01/02/2026 14:58,16.25,0.002,8.12
01/02/2026 14:28,16.25,0.002,8.12
01/02/2026 13:58,16.25,0.002,8.12
01/02/2026 13:28,16.25,0.002,8.12
01/02/2026 12:58,16.25,0.002,8.11
01/02/2026 12:28,16.25,0.002,8.11
01/02/2026 11:58,16.375,0.002,8.11
01/02/2026 11:28,16.25,0.002,8.11
01/02/2026 10:58,16,0.002,8.11
01/02/2026 10:28,16,0.002,8.1
01/02/2026 09:58,16.125,0.002,8.1
01/02/2026 09:28,16.25,0.002,8.1
01/02/2026 08:58,16,0.002,8.1
01/02/2026 08:28,16,0.002,8.1
01/02/2026 07:58,16,0.002,8.1
01/02/2026 07:28,16,0.002,8.09
01/02/2026 06:58,16,0.002,8.09
01/02/2026 06:28,16,0.002,8.09
01/02/2026 05:58,16.25,0.002,8.1
01/02/2026 05:28,16.125,0.002,8.1
01/02/2026 04:58,16,0.002,8.1
01/02/2026 04:28,16.125,0.002,8.1
01/02/2026 03:58,16,0.002,8.1
01/02/2026 03:28,16,0.002,8.1
01/02/2026 02:58,16.125,0.002,8.1
01/02/2026 02:28,16.25,0.002,8.1
01/02/2026 01:58,16.25,0.002,8.1
01/02/2026 01:28,16.125,0.002,8.11
01/02/2026 00:58,16.125,0.002,8.11
01/02/2026 00:28,16.125,0.002,8.11
31/01/2026 23:58,16.25,0.002,8.11
31/01/2026 23:28,16.125,0.002,8.11
31/01/2026 22:58,16.25,0.002,8.11
31/01/2026 22:28,16.25,0.002,8.11
31/01/2026 21:58,16.25,0.002,8.12
31/01/2026 21:28,16.125,0.002,8.12
31/01/2026 20:58,16.125,0.002,8.12
31/01/2026 20:58,16.125,0.002,8.12
31/01/2026 20:28,16.25,0.002,8.12
31/01/2026 20:28,16.25,0.002,8.12
31/01/2026 19:58,16.125,0.002,8.12
31/01/2026 19:28,16.125,0.002,8.12
31/01/2026 18:58,16.25,0.002,8.12
31/01/2026 18:28,16.125,0.002,8.13
31/01/2026 17:58,16.25,0.002,8.13
31/01/2026 17:28,16.25,0.002,8.13
31/01/2026 16:58,16.375,0.002,8.13
31/01/2026 16:28,16.25,0.002,8.13
31/01/2026 15:58,16.375,0.002,8.13
31/01/2026 15:28,16.375,0.002,8.12
31/01/2026 14:58,16.5,0.002,8.12
31/01/2026 14:28,16.125,0.002,8.12
31/01/2026 13:58,16.25,0.002,8.12
31/01/2026 13:28,16.125,0.002,8.12
31/01/2026 12:58,16.25,0.002,8.11
31/01/2026 12:28,16,0.002,8.11
31/01/2026 11:58,16.125,0.002,8.11
31/01/2026 11:28,16.125,0.002,8.11
31/01/2026 10:58,16.125,0.002,8.11
31/01/2026 10:28,16,0.002,8.11
31/01/2026 09:58,16,0.002,8.1
31/01/2026 09:28,16,0.002,8.1
31/01/2026 08:58,16,0.002,8.1
31/01/2026 08:28,15.875,0.002,8.1
31/01/2026 07:58,15.875,0.002,8.1
31/01/2026 07:58,15.875,0.002,8.1
31/01/2026 07:28,15.875,0.002,8.09
31/01/2026 06:58,16.125,0.002,8.09
31/01/2026 06:54,15.875,0.002,8.09
31/01/2026 06:28,16.125,0.002,8.09
31/01/2026 05:58,15.875,0.002,8.1
31/01/2026 05:58,15.875,0.002,8.1
31/01/2026 05:28,15.875,0.002,8.1
31/01/2026 04:58,16,0.002,8.1
31/01/2026 04:28,16,0.002,8.1
31/01/2026 03:58,16.125,0.002,8.1
31/01/2026 03:28,16,0.002,8.1
31/01/2026 02:58,16,0.002,8.1
31/01/2026 02:28,15.875,0.002,8.1
31/01/2026 01:58,16,0.002,8.1
31/01/2026 01:28,16.125,0.002,8.11
31/01/2026 00:58,16.125,0.002,8.11
31/01/2026 00:28,16.125,0.002,8.11
30/01/2026 23:58,16.125,0.002,8.11
30/01/2026 23:28,16.125,0.002,8.11
30/01/2026 22:58,16,0.002,8.11
30/01/2026 22:28,16.25,0.002,8.11
30/01/2026 21:58,16.25,0.002,8.12
30/01/2026 21:58,16.25,0.002,8.12
30/01/2026 21:28,16.125,0.002,8.12
30/01/2026 20:58,16.125,0.002,8.12
30/01/2026 20:28,16.25,0.002,8.12
30/01/2026 19:58,16.375,0.002,8.12
30/01/2026 19:28,16.25,0.002,8.13
30/01/2026 18:58,16.25,0.002,8.13
30/01/2026 18:28,16.625,0.002,8.13
30/01/2026 17:58,16.5,0.002,8.13
30/01/2026 17:28,16.5,0.002,8.13
30/01/2026 16:58,16.5,0.002,8.13
30/01/2026 16:28,16.5,0.002,8.13
30/01/2026 15:58,16.5,0.002,8.12
30/01/2026 15:28,16.5,0.002,8.12
30/01/2026 14:58,16.375,0.002,8.12
30/01/2026 14:28,16.25,0.002,8.12
30/01/2026 13:58,16.375,0.002,8.12
30/01/2026 13:28,16.25,0.002,8.12
30/01/2026 12:58,16.25,0.002,8.11
30/01/2026 12:28,16.125,0.002,8.11
30/01/2026 11:58,16.25,0.002,8.11
30/01/2026 11:28,16.25,0.002,8.11
30/01/2026 10:58,16.25,0.002,8.1
30/01/2026 10:28,16.125,0.002,8.1
30/01/2026 09:58,16.125,0.002,8.1
30/01/2026 09:28,15.875,0.002,8.1
30/01/2026 08:58,15.875,0.002,8.1
30/01/2026 08:28,16,0.002,8.09
30/01/2026 07:58,16,0.002,8.09
30/01/2026 07:28,15.75,0.002,8.09
30/01/2026 06:58,15.875,0.002,8.09
30/01/2026 06:28,15.75,0.002,8.09
30/01/2026 05:58,16,0.002,8.09
30/01/2026 05:28,15.875,0.002,8.09
30/01/2026 04:58,16,0.002,8.09
30/01/2026 04:28,16,0.002,8.1
30/01/2026 03:58,16,0.002,8.1
30/01/2026 03:28,16,0.002,8.1
30/01/2026 02:58,15.875,0.002,8.1
30/01/2026 02:28,16,0.002,8.1
30/01/2026 01:58,16,0.002,8.1
30/01/2026 01:28,16,0.002,8.1
30/01/2026 00:58,15.875,0.002,8.1
30/01/2026 00:28,16,0.002,8.11
29/01/2026 23:58,16.25,0.002,8.11
29/01/2026 23:28,16,0.002,8.11
29/01/2026 22:58,16.125,0.002,8.11
29/01/2026 22:28,16.125,0.002,8.11
29/01/2026 21:58,16.125,0.002,8.11
29/01/2026 21:28,16.125,0.002,8.11
29/01/2026 21:28,16.125,0.002,8.11
29/01/2026 20:58,16.125,0.002,8.12
29/01/2026 20:28,16.375,0.002,8.12
29/01/2026 19:58,16.5,0.002,8.12
29/01/2026 19:28,16.375,0.002,8.12
29/01/2026 18:58,16.375,0.002,8.12
29/01/2026 18:28,16.5,0.002,8.12
29/01/2026 17:58,16.5,0.002,8.12
29/01/2026 17:28,16.625,0.002,8.12
29/01/2026 16:58,16.625,0.002,8.12
29/01/2026 16:28,16.625,0.002,8.12
29/01/2026 16:28,16.625,0.002,8.12
29/01/2026 15:58,16.5,0.002,8.12
29/01/2026 15:28,16.5,0.002,8.12
29/01/2026 14:58,16.5,0.002,8.12
29/01/2026 14:28,16.375,0.003,8.12
29/01/2026 13:58,16.375,0.003,8.12
29/01/2026 13:28,16.25,0.003,8.11
29/01/2026 12:58,16.25,0.003,8.11
29/01/2026 12:28,16.25,0.002,8.11
29/01/2026 11:58,16.25,0.002,8.11
29/01/2026 11:28,16.125,0.002,8.11
29/01/2026 10:58,16,0.002,8.1
29/01/2026 10:28,16.125,0.002,8.1
29/01/2026 09:58,15.875,0.002,8.1
29/01/2026 09:28,15.875,0.002,8.1
29/01/2026 08:58,15.875,0.002,8.09
29/01/2026 08:28,15.875,0.002,8.09
29/01/2026 07:58,15.875,0.002,8.09
29/01/2026 07:28,15.875,0.002,8.09
29/01/2026 06:58,15.875,0.002,8.09
29/01/2026 06:28,15.875,0.002,8.09
29/01/2026 05:58,15.75,0.002,8.09
29/01/2026 05:28,15.75,0.002,8.09
29/01/2026 04:58,15.875,0.002,8.09
29/01/2026 04:28,15.875,0.002,8.09
29/01/2026 03:58,15.875,0.002,8.09
29/01/2026 03:28,15.875,0.002,8.1
29/01/2026 02:58,16,0.002,8.1
29/01/2026 02:28,15.875,0.002,8.1
29/01/2026 01:58,16,0.002,8.1
29/01/2026 01:28,15.875,0.002,8.1
29/01/2026 00:58,16,0.002,8.1
29/01/2026 00:28,16,0.002,8.1
28/01/2026 23:58,15.875,0.002,8.1
28/01/2026 23:28,16.125,0.002,8.11
28/01/2026 22:58,16,0.002,8.11
28/01/2026 22:28,15.875,0.002,8.11
28/01/2026 21:58,16,0.002,8.11
28/01/2026 21:28,16.25,0.002,8.11
28/01/2026 20:58,16.125,0.002,8.11
28/01/2026 20:28,16.125,0.002,8.12
28/01/2026 19:58,16.125,0.002,8.12
28/01/2026 19:28,16.125,0.002,8.12
28/01/2026 18:58,16.25,0.002,8.12
28/01/2026 18:28,16.25,0.002,8.13
28/01/2026 17:58,16.375,0.002,8.13
28/01/2026 17:28,16.375,0.002,8.13
28/01/2026 17:28,16.375,0.002,8.13
28/01/2026 16:58,16.25,0.002,8.13
28/01/2026 16:28,16.25,0.002,8.12
28/01/2026 15:58,16.5,0.002,8.12
28/01/2026 15:28,16.375,0.002,8.12
28/01/2026 14:58,16.375,0.002,8.12
28/01/2026 14:28,16.5,0.002,8.12
28/01/2026 13:58,16.25,0.002,8.12
28/01/2026 13:28,16.375,0.002,8.11
28/01/2026 12:58,16.375,0.002,8.11
28/01/2026 12:28,16.375,0.002,8.11
28/01/2026 11:58,16.25,0.002,8.11
28/01/2026 11:28,16.375,0.002,8.11
28/01/2026 10:58,16.25,0.002,8.1
28/01/2026 10:28,16.25,0.002,8.1
28/01/2026 09:58,16.125,0.002,8.1
28/01/2026 09:28,16.25,0.002,8.1
28/01/2026 08:58,16.125,0.002,8.1
28/01/2026 08:28,16.25,0.002,8.09
28/01/2026 07:58,16,0.002,8.09
28/01/2026 07:28,16,0.002,8.09
28/01/2026 06:58,16.25,0.002,8.09
28/01/2026 06:28,16.125,0.002,8.09
28/01/2026 05:58,16.125,0.002,8.09
28/01/2026 05:28,16.125,0.002,8.09
28/01/2026 04:58,16,0.002,8.09
28/01/2026 04:28,16.125,0.002,8.09
28/01/2026 03:58,16.125,0.002,8.09
28/01/2026 03:28,16,0.002,8.09
28/01/2026 02:58,16.125,0.002,8.1
28/01/2026 02:28,15.875,0.002,8.1
28/01/2026 01:58,16.125,0.002,8.1
28/01/2026 01:28,16.125,0.002,8.1
28/01/2026 00:58,16.125,0.002,8.1
28/01/2026 00:28,16.125,0.002,8.1
27/01/2026 23:58,16.25,0.002,8.1
27/01/2026 23:28,16,0.003,8.1
27/01/2026 22:58,16.125,0.002,8.11
27/01/2026 22:28,16,0.002,8.11
27/01/2026 21:58,16.125,0.003,8.11
27/01/2026 21:28,16,0.003,8.11
27/01/2026 20:58,16.125,0.003,8.11
27/01/2026 20:28,16.125,0.002,8.11
27/01/2026 19:58,16,0.003,8.11
27/01/2026 19:28,16.25,0.003,8.12
27/01/2026 18:58,16.25,0.003,8.12
27/01/2026 18:28,16,0.003,8.12
27/01/2026 17:58,16.125,0.003,8.12
27/01/2026 17:28,16.25,0.003,8.12
27/01/2026 16:58,16.25,0.003,8.12
27/01/2026 16:28,16.25,0.003,8.12
27/01/2026 15:58,16.375,0.003,8.12
27/01/2026 15:28,16.25,0.003,8.11
27/01/2026 14:58,16.125,0.003,8.11
27/01/2026 14:28,16.125,0.003,8.11
27/01/2026 13:58,16.125,0.003,8.11
27/01/2026 13:58,16.125,0.003,8.11
27/01/2026 13:28,16.125,0.003,8.11
27/01/2026 12:58,16.25,0.003,8.11
27/01/2026 12:28,16.125,0.003,8.1
27/01/2026 11:58,16,0.003,8.1
27/01/2026 11:28,16,0.003,8.1
27/01/2026 10:58,16,0.003,8.1
27/01/2026 10:28,16.125,0.003,8.09
27/01/2026 09:58,16,0.003,8.09
27/01/2026 09:28,15.875,0.003,8.09
27/01/2026 08:58,16,0.003,8.09
27/01/2026 08:28,16,0.003,8.09
27/01/2026 07:58,16,0.003,8.08
27/01/2026 07:28,16.125,0.003,8.08
27/01/2026 06:58,16,0.003,8.08
27/01/2026 06:28,16,0.003,8.08
27/01/2026 05:58,16.125,0.003,8.08
27/01/2026 05:28,16.25,0.003,8.08
27/01/2026 04:58,16.125,0.003,8.08
27/01/2026 04:28,16.125,0.003,8.09
27/01/2026 03:58,16,0.003,8.09
27/01/2026 03:28,15.875,0.003,8.09
27/01/2026 02:58,15.875,0.003,8.09
27/01/2026 02:28,16,0.003,8.09
27/01/2026 01:58,16,0.003,8.09
27/01/2026 01:28,16,0.003,8.09
27/01/2026 00:58,16,0.003,8.09
27/01/2026 00:28,16,0.003,8.09
26/01/2026 23:58,16.125,0.003,8.09
26/01/2026 23:28,16,0.003,8.1
26/01/2026 22:58,15.875,0.003,8.1
26/01/2026 22:28,15.875,0.003,8.1
26/01/2026 21:58,16.125,0.003,8.1
26/01/2026 21:28,16.125,0.003,8.1
26/01/2026 20:58,16.25,0.003,8.1
26/01/2026 20:28,16.25,0.003,8.1
26/01/2026 19:58,16.25,0.003,8.11
26/01/2026 19:28,16.25,0.003,8.11
26/01/2026 18:58,16.125,0.003,8.11
26/01/2026 18:28,16.25,0.003,8.11
26/01/2026 17:58,16.25,0.003,8.11
26/01/2026 17:28,16.375,0.003,8.11
26/01/2026 16:58,16.375,0.003,8.11
26/01/2026 16:28,16.375,0.003,8.11
26/01/2026 15:58,16.375,0.003,8.11
26/01/2026 15:28,16.25,0.003,8.11
26/01/2026 14:58,16.375,0.003,8.1
26/01/2026 14:28,16.25,0.003,8.1
26/01/2026 13:58,16.125,0.003,8.1
26/01/2026 13:28,16.125,0.003,8.1
26/01/2026 12:58,16.125,0.003,8.1
26/01/2026 12:28,16.25,0.003,8.09
26/01/2026 11:58,16,0.003,8.09
26/01/2026 11:28,16.125,0.003,8.09
26/01/2026 10:58,16.125,0.003,8.09
26/01/2026 10:28,16.125,0.003,8.08
26/01/2026 09:58,15.875,0.003,8.08
26/01/2026 09:28,16.125,0.003,8.08
26/01/2026 08:58,16,0.003,8.08
26/01/2026 08:28,15.875,0.002,8.08
26/01/2026 07:58,16,0.003,8.07
26/01/2026 07:28,15.875,0.003,8.07
26/01/2026 06:58,16,0.003,8.07
26/01/2026 06:28,16,0.003,8.07
26/01/2026 05:58,15.875,0.003,8.07
26/01/2026 05:58,15.875,0.003,8.07
26/01/2026 05:28,16.125,0.003,8.07
26/01/2026 04:58,15.875,0.003,8.07
26/01/2026 04:28,15.875,0.003,8.08
26/01/2026 03:58,15.875,0.003,8.08
26/01/2026 03:28,15.75,0.003,8.08
26/01/2026 02:58,16,0.003,8.08
26/01/2026 02:28,16,0.003,8.08
26/01/2026 01:58,16.125,0.003,8.08
26/01/2026 01:28,15.875,0.003,8.08
26/01/2026 00:58,15.875,0.003,8.08
26/01/2026 00:28,16,0.003,8.08
25/01/2026 23:58,15.875,0.003,8.08
25/01/2026 23:28,16,0.003,8.08
25/01/2026 22:58,15.875,0.003,8.08
25/01/2026 22:28,15.75,0.003,8.09
25/01/2026 21:58,16,0.003,8.09
25/01/2026 21:28,15.875,0.003,8.09
25/01/2026 20:58,16,0.003,8.09
25/01/2026 20:28,15.75,0.003,8.09
25/01/2026 19:58,15.875,0.003,8.09
25/01/2026 19:28,15.875,0.003,8.09
25/01/2026 18:58,15.875,0.003,8.09
25/01/2026 18:58,15.875,0.003,8.09
25/01/2026 18:28,15.875,0.003,8.09
25/01/2026 17:58,16,0.003,8.09
25/01/2026 17:28,15.875,0.003,8.09
25/01/2026 16:58,15.875,0.003,8.09
25/01/2026 16:28,16,0.003,8.09
25/01/2026 15:58,15.75,0.003,8.09
25/01/2026 15:28,16,0.003,8.09
25/01/2026 15:28,16,0.003,8.09
25/01/2026 14:58,16,0.003,8.08
25/01/2026 14:28,15.75,0.003,8.08
25/01/2026 13:58,15.75,0.003,8.08
25/01/2026 13:28,15.75,0.003,8.08
25/01/2026 12:58,15.875,0.003,8.08
25/01/2026 12:28,15.75,0.003,8.07
25/01/2026 11:58,15.875,0.003,8.07
25/01/2026 11:28,15.75,0.003,8.07
25/01/2026 10:58,14.75,0.003,8.07
25/01/2026 10:28,14.75,0.003,8.07
25/01/2026 09:58,15.625,0.003,8.06
25/01/2026 09:28,15.75,0.003,8.06
25/01/2026 08:58,16.625,0.003,8.06
25/01/2026 08:28,15.625,0.003,8.06
25/01/2026 07:58,15.625,0.003,8.05
25/01/2026 07:28,16.625,0.003,8.05
25/01/2026 06:58,16.625,0.003,8.05
25/01/2026 06:28,15.625,0.003,8.05
25/01/2026 05:58,15.625,0.003,8.05
25/01/2026 05:28,15.625,0.003,8.05
25/01/2026 04:58,15.625,0.003,8.05
25/01/2026 04:28,15.625,0.003,8.05
25/01/2026 03:58,15.5,0.003,8.05
25/01/2026 03:28,14.75,0.003,8.05
25/01/2026 02:58,15.625,0.003,8.05
25/01/2026 02:28,14.75,0.003,8.05
25/01/2026 01:58,15.5,0.003,8.06
25/01/2026 01:28,15.5,0.003,8.05
25/01/2026 00:58,16.625,0.003,8.06
25/01/2026 00:28,15.625,0.003,8.06
24/01/2026 23:58,15.5,0.003,8.06
24/01/2026 23:28,15.75,0.003,8.06
24/01/2026 22:58,15.625,0.003,8.06
24/01/2026 22:28,15.625,0.003,8.06
24/01/2026 21:58,14.75,0.003,8.06
24/01/2026 21:28,15.625,0.003,8.06
24/01/2026 20:58,15.5,0.003,8.06
24/01/2026 20:28,15.75,0.003,8.07
24/01/2026 19:58,15.75,0.003,8.07
24/01/2026 19:28,15.625,0.003,8.07
24/01/2026 18:58,16.625,0.003,8.07
24/01/2026 18:28,14.75,0.003,8.07
24/01/2026 18:28,14.75,0.003,8.07
24/01/2026 17:58,14.75,0.003,8.07
24/01/2026 17:28,16.625,0.003,8.07
24/01/2026 16:58,14.75,0.003,8.07
24/01/2026 16:28,15.75,0.003,8.07
24/01/2026 16:28,15.75,0.003,8.07
24/01/2026 15:58,16.625,0.003,8.07
24/01/2026 15:28,15.625,0.003,8.06
24/01/2026 14:58,16.625,0.003,8.06
24/01/2026 14:28,16.625,0.003,8.06
24/01/2026 13:58,15.75,0.003,8.06
24/01/2026 13:28,14.75,0.003,8.06
24/01/2026 12:58,15.625,0.003,8.05
24/01/2026 12:28,15.75,0.003,8.05
24/01/2026 11:58,14.75,0.003,8.05
24/01/2026 11:28,15.75,0.003,8.05
24/01/2026 10:58,15.875,0.003,8.04
24/01/2026 10:28,14.875,0.003,8.04
24/01/2026 09:58,15.625,0.003,8.04
24/01/2026 09:28,15.875,0.003,8.03
24/01/2026 08:58,15.75,0.003,8.03
24/01/2026 08:28,15.75,0.003,8.03
24/01/2026 07:58,15.875,0.003,8.03
24/01/2026 07:28,15.875,0.003,8.03
24/01/2026 06:58,15.875,0.003,8.03
24/01/2026 06:28,15.875,0.003,8.03
24/01/2026 05:58,15.75,0.003,8.03
24/01/2026 05:28,15.875,0.003,8.03
24/01/2026 04:58,15.75,0.003,8.03
24/01/2026 04:28,15.875,0.003,8.03
24/01/2026 03:58,15.875,0.003,8.03
24/01/2026 03:28,16,0.003,8.03
24/01/2026 02:58,16,0.003,8.03
24/01/2026 02:28,15.875,0.003,8.03
24/01/2026 01:58,15.875,0.003,8.03
24/01/2026 01:28,15.875,0.003,8.03
24/01/2026 00:58,16,0.003,8.03
24/01/2026 00:28,15.875,0.003,8.03
23/01/2026 23:58,16,0.003,8.04
23/01/2026 23:28,16,0.003,8.04
23/01/2026 22:58,16.125,0.003,8.04
23/01/2026 22:28,16.125,0.003,8.04
23/01/2026 21:58,16.125,0.003,8.04
23/01/2026 21:28,16.125,0.003,8.04
23/01/2026 20:58,16,0.003,8.04
23/01/2026 20:28,16.125,0.003,8.04
23/01/2026 19:58,16.125,0.003,8.04
23/01/2026 19:28,16.125,0.003,8.04
23/01/2026 18:58,16.125,0.003,8.04
23/01/2026 18:28,16,0.003,8.04
23/01/2026 17:58,16,0.003,8.04
23/01/2026 17:28,16.125,0.003,8.04
23/01/2026 16:58,16.125,0.003,8.04
23/01/2026 16:28,16.125,0.003,8.05
23/01/2026 15:58,16,0.003,8.05
23/01/2026 15:28,16.125,0.003,8.06
23/01/2026 14:58,16,0.003,8.06
23/01/2026 14:28,16.125,0.003,8.07
23/01/2026 13:58,16,0.003,8.06
23/01/2026 13:28,16,0.003,8.06
23/01/2026 12:58,16.125,0.003,8.06
23/01/2026 12:28,16,0.003,8.06
23/01/2026 11:58,16.125,0.003,8.06
23/01/2026 11:28,16.125,0.003,8.05
23/01/2026 10:58,16.125,0.003,8.05
23/01/2026 10:28,15.875,0.003,8.05
23/01/2026 09:58,16.125,0.003,8.05
23/01/2026 09:28,16,0.003,8.05
23/01/2026 08:58,15.875,0.003,8.05
23/01/2026 08:28,16.125,0.003,8.05
23/01/2026 07:58,16,0.003,8.05
23/01/2026 07:28,16.125,0.003,8.05
23/01/2026 06:58,16,0.003,8.05
23/01/2026 06:28,16.25,0.003,8.05
23/01/2026 05:58,16.125,0.003,8.05
23/01/2026 05:28,16,0.003,8.05
23/01/2026 04:58,16.125,0.003,8.05
23/01/2026 04:28,16.125,0.003,8.06
23/01/2026 03:58,16.125,0.003,8.06
23/01/2026 03:28,16.125,0.003,8.06
23/01/2026 02:58,16,0.003,8.06
23/01/2026 02:28,16.125,0.003,8.07
23/01/2026 01:58,16,0.003,8.07
23/01/2026 01:58,16,0.003,8.07
23/01/2026 01:28,16.125,0.003,8.07
23/01/2026 00:58,16.125,0.003,8.07
23/01/2026 00:28,16,0.003,8.07
22/01/2026 23:58,16,0.003,8.07
22/01/2026 23:28,16.125,0.003,8.07
22/01/2026 22:58,16.125,0.003,8.07
22/01/2026 22:28,16,0.003,8.07
22/01/2026 21:58,16.125,0.003,8.07
22/01/2026 21:28,16,0.003,8.07
22/01/2026 21:24,16,0.003,8.07
22/01/2026 20:28,16,0.003,8.08
22/01/2026 20:18,16.125,0.003,8.08
22/01/2026 20:15,16.25,0.003,8.08
22/01/2026 20:15,16.125,0.003,8.82
22/01/2026 19:28,16.25,0.003,8.08
22/01/2026 18:58,16.125,0.003,8.08
22/01/2026 18:28,16.25,0.003,8.08
22/01/2026 17:58,16.375,0.003,8.08
22/01/2026 17:28,16.375,0.003,8.08
22/01/2026 16:58,16.5,0.003,8.07
22/01/2026 16:28,16.375,0.003,8.07
22/01/2026 15:58,16.375,0.003,8.06
22/01/2026 15:28,16.375,0.003,8.05
22/01/2026 15:09,16.375,0.003,8.04
22/01/2026 12:58,16.25,0.003,7.87
22/01/2026 12:28,16.125,0.003,7.78
22/01/2026 11:58,16.25,0.003,7.64
22/01/2026 11:48,16.5,0.003,7.57
22/01/2026 11:28,16.5,0.003,7.38
22/01/2026 10:58,16.5,0.003,7.05
22/01/2026 10:28,16.375,0.004,6.85
22/01/2026 10:28,16.375,0.004,6.85
22/01/2026 09:58,16.625,0.004,6.76
22/01/2026 09:28,16.25,0.007,6.73
22/01/2026 08:58,16.25,0.001,8.08
22/01/2026 08:28,16.25,0.001,8.08
22/01/2026 07:58,16.375,0.001,8.08
22/01/2026 07:28,16.375,0.001,8.08
22/01/2026 06:58,16.25,0.001,8.07
22/01/2026 06:28,16.25,0.001,8.08
22/01/2026 05:58,16.25,0.001,8.08
22/01/2026 05:28,16.375,0.001,8.08
22/01/2026 04:58,16.25,0.001,8.08
22/01/2026 04:28,16.375,0.001,8.08
22/01/2026 03:58,16.25,0.001,8.08
22/01/2026 03:28,16.25,0.001,8.08
22/01/2026 02:58,16.375,0.001,8.08
22/01/2026 02:28,16.25,0.001,8.08
22/01/2026 01:58,16.375,0.001,8.08
22/01/2026 01:28,16.375,0.001,8.09
22/01/2026 00:58,16.375,0.001,8.09
22/01/2026 00:28,16.5,0.001,8.09
21/01/2026 23:58,16.5,0.001,8.09
21/01/2026 23:28,16.5,0.001,8.09
21/01/2026 22:58,16.5,0.001,8.09
21/01/2026 22:28,16.5,0.001,8.09
21/01/2026 21:58,16.625,0.001,8.1
21/01/2026 21:28,17.625,0.001,8.1
21/01/2026 20:58,17.625,0.001,8.1
21/01/2026 20:28,16.625,0.001,8.1
21/01/2026 19:58,16.75,0.001,8.1
21/01/2026 19:28,16.75,0.001,8.11
21/01/2026 18:58,16.875,0.001,8.11
21/01/2026 18:28,16.875,0.001,8.11
21/01/2026 17:58,16.875,0.002,8.11
21/01/2026 17:28,17.25,0.001,8.11
21/01/2026 16:58,17.25,0.001,8.11
21/01/2026 16:28,17.125,0.001,8.11
21/01/2026 15:58,17.25,0.001,8.11
21/01/2026 15:28,17.125,0.001,8.11
21/01/2026 14:58,17,0.001,8.1
21/01/2026 14:28,17,0.001,8.1
21/01/2026 13:58,17,0.001,8.1
21/01/2026 13:28,16.875,0.001,8.1
21/01/2026 12:58,17.625,0.002,8.09
21/01/2026 12:28,16.5,0.002,8.09
21/01/2026 11:58,16.375,0.001,8.09
21/01/2026 11:28,16.25,0.002,8.09
21/01/2026 10:58,16.25,0.001,8.08
21/01/2026 10:28,16.375,0.001,8.08
21/01/2026 09:58,16.125,0.001,8.08
21/01/2026 09:28,16,0.001,8.07
21/01/2026 08:58,16,0.001,8.07
21/01/2026 08:28,16,0.001,8.06
21/01/2026 07:58,16,0.001,8.06
21/01/2026 07:28,15.875,0.001,8.06
21/01/2026 06:58,15.875,0.001,8.05
21/01/2026 06:28,15.75,0.001,8.05
21/01/2026 05:58,15.75,0.001,8.05
21/01/2026 05:28,16,0.001,8.06
21/01/2026 04:58,15.875,0.001,8.06
21/01/2026 04:28,16,0.001,8.06
21/01/2026 04:28,16,0.001,8.06
21/01/2026 03:58,15.875,0.001,8.06
21/01/2026 03:28,16,0.001,8.06
21/01/2026 02:58,15.875,0.001,8.06
21/01/2026 02:28,16,0.001,8.07
21/01/2026 01:58,16,0.001,8.07
21/01/2026 01:28,16.125,0.001,8.07
21/01/2026 00:58,16.25,0.001,8.07
21/01/2026 00:28,16.125,0.001,8.07
20/01/2026 23:58,16,0.001,8.08
20/01/2026 23:28,16,0.001,8.08
20/01/2026 22:58,16,0.001,8.08
20/01/2026 22:28,16.125,0.001,8.08
20/01/2026 21:58,16.125,0.001,8.08
20/01/2026 21:28,16.25,0.001,8.08
20/01/2026 20:58,16.25,0.001,8.08
20/01/2026 20:28,16.375,0.001,8.09
20/01/2026 19:58,16.5,0.001,8.09
20/01/2026 19:58,16.5,0.001,8.09
20/01/2026 19:28,16.375,0.001,8.09
20/01/2026 18:58,16.375,0.001,8.09
20/01/2026 18:28,16.375,0.001,8.09
20/01/2026 17:58,16.5,0.001,8.09
20/01/2026 17:28,16.25,0.001,8.09
20/01/2026 16:58,16.375,0.001,8.09
20/01/2026 16:28,16.25,0.001,8.09
20/01/2026 15:58,16.375,0.001,8.09
20/01/2026 15:28,16.375,0.001,8.08
20/01/2026 14:58,16.125,0.001,8.08
20/01/2026 14:28,16,0.001,8.08
20/01/2026 13:58,15.875,0.001,8.08
20/01/2026 13:28,15.75,0.001,8.08
20/01/2026 12:58,15.875,0.001,8.07
20/01/2026 12:28,15.75,0.001,8.07
20/01/2026 11:58,15.75,0.001,8.07
20/01/2026 11:28,15.625,0.001,8.07
20/01/2026 10:58,15.375,0.001,8.07
20/01/2026 10:28,14.75,0.001,8.08
20/01/2026 10:28,14.75,0.001,8.08
20/01/2026 09:58,15.75,0.001,8.08
20/01/2026 09:58,15.75,0.001,8.08
20/01/2026 09:28,15.875,0.001,8.08
20/01/2026 08:58,15.5,0.001,8.08
20/01/2026 08:28,15.875,0.001,8.08
20/01/2026 07:58,14.75,0.001,8.07
20/01/2026 07:28,15.75,0.001,8.07
20/01/2026 06:58,16.5,0.001,8.07
20/01/2026 06:28,15.75,0.001,8.07
20/01/2026 05:58,15.625,0.001,8.07
20/01/2026 05:58,15.625,0.001,8.07
20/01/2026 05:28,15.75,0.001,8.07
20/01/2026 04:58,15.75,0.001,8.07
20/01/2026 04:28,15.75,0.001,8.07
20/01/2026 03:58,15.75,0.001,8.08
20/01/2026 03:28,15.875,0.001,8.08
20/01/2026 02:58,16,0.001,8.08
20/01/2026 02:28,16,0.001,8.08
20/01/2026 01:58,15.875,0.001,8.08
20/01/2026 01:28,16,0.001,8.08
20/01/2026 00:58,16.125,0.001,8.08
20/01/2026 00:28,16,0.001,8.09
19/01/2026 23:58,16,0.001,8.09
19/01/2026 23:58,16,0.001,8.09
19/01/2026 23:28,16,0.001,8.09
19/01/2026 22:58,16,0.001,8.09
19/01/2026 22:28,16.125,0.001,8.09
19/01/2026 21:58,16.25,0.001,8.09
19/01/2026 21:28,16.125,0.001,8.09
19/01/2026 20:58,16.375,0.001,8.09
19/01/2026 20:28,16.375,0.001,8.09
19/01/2026 20:28,16.375,0.001,8.09
19/01/2026 19:58,16.25,0.001,8.1
19/01/2026 19:28,16.375,0.001,8.1
19/01/2026 18:58,16.375,0.001,8.1
19/01/2026 18:28,16.5,0.001,8.1
19/01/2026 17:58,16.5,0.001,8.1
19/01/2026 17:28,16.375,0.001,8.1
19/01/2026 16:58,16.375,0.001,8.1
19/01/2026 16:28,16.25,0.001,8.1
19/01/2026 16:28,16.25,0.001,8.1
19/01/2026 15:58,16.25,0.001,8.1
19/01/2026 15:28,16.125,0.001,8.1
19/01/2026 14:58,16,0.001,8.09
19/01/2026 14:28,16,0.001,8.09
19/01/2026 13:58,15.875,0.001,8.09
19/01/2026 13:28,15.75,0.001,8.09
19/01/2026 12:58,15.75,0.001,8.09
19/01/2026 12:28,14.75,0.001,8.08
19/01/2026 11:58,15.5,0.001,8.08
19/01/2026 11:28,15.625,0.001,8.08
19/01/2026 10:58,15.5,0.001,8.08
19/01/2026 10:28,15.25,0.001,8.08
19/01/2026 09:58,15.25,0.001,8.07
19/01/2026 09:28,15.25,0.001,8.07
19/01/2026 08:58,15.375,0.001,8.08
19/01/2026 08:28,15.375,0.001,8.08
19/01/2026 07:58,15.375,0.001,8.07
19/01/2026 07:28,15.25,0.001,8.07
19/01/2026 06:58,15,0.001,8.07
19/01/2026 06:28,15.375,0.001,8.07
19/01/2026 05:58,15.375,0.001,8.07
19/01/2026 05:28,15.125,0.001,8.07
19/01/2026 04:58,15.375,0.001,8.08
19/01/2026 04:28,15.5,0.001,8.08
19/01/2026 03:58,15.25,0.001,8.08
19/01/2026 03:28,15.5,0.001,8.08
19/01/2026 02:58,15.5,0.001,8.08
19/01/2026 02:28,15.5,0.001,8.08
19/01/2026 01:58,15.375,0.001,8.08
19/01/2026 01:28,15.375,0.001,8.08
19/01/2026 00:58,15.375,0.001,8.09
19/01/2026 00:28,15.375,0.001,8.09
18/01/2026 23:58,15.625,0.001,8.09
18/01/2026 23:28,15.5,0.001,8.09
18/01/2026 22:58,15.625,0.001,8.09
18/01/2026 22:28,14.75,0.001,8.09
18/01/2026 21:58,15.625,0.001,8.09
18/01/2026 21:28,15.75,0.001,8.1
18/01/2026 20:58,14.75,0.001,8.1
18/01/2026 20:28,15.625,0.001,8.1
18/01/2026 19:58,14.75,0.001,8.1
18/01/2026 19:28,15.625,0.001,8.1
18/01/2026 18:58,14.75,0.001,8.1
18/01/2026 18:28,16.625,0.001,8.1
18/01/2026 17:58,15.75,0.001,8.11
18/01/2026 17:28,15.75,0.001,8.1
18/01/2026 16:58,16.625,0.001,8.1
18/01/2026 16:28,15.75,0.001,8.1
18/01/2026 15:58,15.75,0.001,8.1
18/01/2026 15:28,15.75,0.001,8.1
18/01/2026 14:58,15.75,0.001,8.1
18/01/2026 14:28,14.875,0.001,8.1
18/01/2026 13:58,16.625,0.001,8.1
18/01/2026 13:28,15.625,0.001,8.1
18/01/2026 12:58,16.625,0.001,8.1
18/01/2026 12:28,15.75,0.001,8.09
18/01/2026 11:58,16.625,0.001,8.09
18/01/2026 11:28,15.625,0.001,8.09
18/01/2026 10:58,15.75,0.001,8.09
18/01/2026 10:28,15.375,0.001,8.09
18/01/2026 10:28,15.375,0.001,8.09
18/01/2026 09:58,15.625,0.001,8.09
18/01/2026 09:28,15.75,0.001,8.09
18/01/2026 09:28,15.75,0.001,8.09
18/01/2026 08:58,15.625,0.001,8.09
18/01/2026 08:28,15.625,0.001,8.08
18/01/2026 07:58,15.625,0.001,8.08
18/01/2026 07:28,15.625,0.001,8.08
18/01/2026 06:58,15.625,0.001,8.08
18/01/2026 06:58,15.625,0.001,8.08
18/01/2026 06:28,15.5,0.001,8.08
18/01/2026 05:58,15.5,0.001,8.08
18/01/2026 05:28,15.625,0.001,8.08
18/01/2026 04:58,15.25,0.001,8.08
18/01/2026 04:28,15.5,0.001,8.09
18/01/2026 03:58,15.5,0.001,8.09
18/01/2026 03:28,15.5,0.001,8.09
18/01/2026 02:58,14.75,0.001,8.09
18/01/2026 02:28,16.625,0.001,8.09
18/01/2026 01:58,14.875,0.001,8.09
18/01/2026 01:28,15.75,0.001,8.09
18/01/2026 00:58,15.75,0.001,8.09
18/01/2026 00:28,15.75,0.001,8.1
17/01/2026 23:58,15.75,0.001,8.1
17/01/2026 23:28,15.75,0.001,8.1
17/01/2026 23:28,15.75,0.001,8.1
17/01/2026 22:58,14.875,0.001,8.1
17/01/2026 22:28,15.875,0.001,8.1
17/01/2026 21:58,15.75,0.001,8.1
17/01/2026 21:28,15.75,0.001,8.1
17/01/2026 20:58,14.875,0.001,8.11
17/01/2026 20:28,15.75,0.001,8.11
17/01/2026 19:58,15.75,0.001,8.11
17/01/2026 19:28,15.875,0.001,8.11
17/01/2026 18:58,15.875,0.001,8.11
17/01/2026 18:28,16,0.001,8.11
17/01/2026 17:58,15.75,0.001,8.12
17/01/2026 17:28,15.875,0.001,8.11
17/01/2026 16:58,16,0.001,8.12
17/01/2026 16:28,15.875,0.001,8.11
17/01/2026 15:58,15.875,0.001,8.11
17/01/2026 15:28,15.75,0.001,8.11
17/01/2026 14:58,15.875,0.001,8.11
17/01/2026 14:28,16,0.001,8.11
17/01/2026 13:58,16,0.001,8.11
17/01/2026 13:28,15.875,0.001,8.11
17/01/2026 12:58,15.875,0.001,8.1
17/01/2026 12:28,15.75,0.001,8.1
17/01/2026 11:58,15.75,0.001,8.1
17/01/2026 11:28,16,0.001,8.1
17/01/2026 10:58,16,0.001,8.1
17/01/2026 10:28,15.75,0.001,8.1
17/01/2026 09:58,16,0.001,8.1
17/01/2026 09:28,15.75,0.001,8.09
17/01/2026 08:58,15.75,0.001,8.09
17/01/2026 08:28,15.75,0.001,8.09
17/01/2026 07:58,16,0.001,8.09
17/01/2026 07:28,15.875,0.001,8.09
17/01/2026 06:58,16,0.001,8.09
17/01/2026 06:28,15.875,0.001,8.09
17/01/2026 05:58,15.875,0.001,8.09
17/01/2026 05:28,16,0.001,8.09
17/01/2026 04:58,15.875,0.001,8.09
17/01/2026 04:28,15.75,0.001,8.09
17/01/2026 03:58,15.875,0.001,8.09
17/01/2026 03:28,16,0.001,8.09
17/01/2026 02:58,15.75,0.001,8.09
17/01/2026 02:28,15.875,0.001,8.09
17/01/2026 01:58,16,0.001,8.1
17/01/2026 01:28,15.75,0.001,8.1
17/01/2026 00:58,15.875,0.001,8.1
17/01/2026 00:28,15.875,0.001,8.1
16/01/2026 23:58,16.125,0.001,8.1
16/01/2026 23:28,16,0.001,8.1
16/01/2026 22:58,16.25,0.001,8.1
16/01/2026 22:28,16.125,0.001,8.1
16/01/2026 21:58,16.125,0.001,8.11
16/01/2026 21:28,16.25,0.001,8.11
16/01/2026 20:58,16.125,0.001,8.11
16/01/2026 20:28,16.125,0.001,8.11
16/01/2026 20:28,16.125,0.001,8.11
16/01/2026 19:58,16.125,0.001,8.11
16/01/2026 19:28,16.125,0.001,8.11
16/01/2026 18:58,16.125,0.001,8.11
16/01/2026 18:28,16,0.001,8.12
16/01/2026 17:58,16,0.001,8.12
16/01/2026 17:28,16,0.001,8.12
16/01/2026 16:58,16.125,0.001,8.12
16/01/2026 16:28,16.25,0.001,8.12
16/01/2026 15:58,16.25,0.001,8.12
16/01/2026 15:28,16.25,0.001,8.11
16/01/2026 14:58,16,0.001,8.11
16/01/2026 14:28,16.375,0.001,8.11
16/01/2026 14:28,16.375,0.001,8.11
16/01/2026 13:58,16.125,0.001,8.11
16/01/2026 13:28,16,0.001,8.11
16/01/2026 12:58,16.125,0.001,8.11
16/01/2026 12:58,16.125,0.001,8.11
16/01/2026 12:28,16.125,0.001,8.1
16/01/2026 11:58,16,0.001,8.1
16/01/2026 11:28,16.25,0.001,8.1
16/01/2026 10:58,16.125,0.001,8.1
16/01/2026 10:28,16,0.001,8.1
16/01/2026 09:58,16.125,0.001,8.09
16/01/2026 09:28,16.125,0.001,8.09
16/01/2026 08:58,16,0.001,8.09
16/01/2026 08:58,16,0.001,8.09
16/01/2026 08:28,16,0.001,8.09
16/01/2026 07:58,16.25,0.001,8.09
16/01/2026 07:28,16.25,0.001,8.08
16/01/2026 06:58,16,0.001,8.08
16/01/2026 06:28,16,0.001,8.08
16/01/2026 05:58,16,0.001,8.08
16/01/2026 05:28,16.25,0.001,8.08
16/01/2026 04:58,16,0.001,8.08
16/01/2026 04:28,16.125,0.001,8.08
16/01/2026 03:58,16,0.001,8.09
16/01/2026 03:28,16.25,0.001,8.09
16/01/2026 02:58,16.25,0.001,8.09
16/01/2026 02:28,16.25,0.001,8.09
16/01/2026 01:58,16.125,0.001,8.09
16/01/2026 01:28,16.125,0.001,8.09
16/01/2026 00:58,15.875,0.001,8.09
16/01/2026 00:28,16.125,0.001,8.09
15/01/2026 23:58,16.125,0.001,8.09
15/01/2026 23:28,16,0.001,8.1
15/01/2026 22:58,16,0.001,8.1
15/01/2026 22:28,16.125,0.001,8.1
15/01/2026 21:58,16,0.001,8.1
15/01/2026 21:58,16,0.001,8.1
15/01/2026 21:28,16,0.001,8.1
15/01/2026 20:58,16.125,0.001,8.1
15/01/2026 20:28,15.875,0.001,8.1
15/01/2026 19:58,15.875,0.001,8.11
15/01/2026 19:28,15.875,0.001,8.11
15/01/2026 18:58,15.875,0.001,8.11
15/01/2026 18:28,16,0.001,8.11
15/01/2026 17:58,16.125,0.001,8.11
15/01/2026 17:28,16,0.001,8.11
15/01/2026 16:58,16.125,0.001,8.11
15/01/2026 16:28,16.25,0.001,8.11
15/01/2026 15:58,16.125,0.001,8.11
15/01/2026 15:58,16.125,0.001,8.11
15/01/2026 15:28,16.125,0.001,8.11
15/01/2026 14:58,16,0.001,8.11
15/01/2026 14:28,16.25,0.001,8.1
15/01/2026 13:58,16,0.001,8.1
15/01/2026 13:28,16.25,0.001,8.1
15/01/2026 12:58,16,0.001,8.1
15/01/2026 12:28,16.125,0.001,8.1
15/01/2026 11:58,16.125,0.001,8.09
15/01/2026 11:28,16,0.001,8.09
15/01/2026 10:58,16,0.001,8.09
15/01/2026 10:28,16.125,0.001,8.09
15/01/2026 09:58,16.125,0.001,8.09
15/01/2026 09:28,16,0.001,8.09
15/01/2026 08:58,15.875,0.001,8.08
15/01/2026 08:28,16.125,0.001,8.08
15/01/2026 07:58,15.875,0.001,8.08
15/01/2026 07:28,16,0.001,8.08
15/01/2026 06:58,16,0.001,8.08
15/01/2026 06:28,16.125,0.001,8.08
15/01/2026 05:58,16.125,0.001,8.08
15/01/2026 05:28,16.125,0.001,8.08
15/01/2026 04:58,16,0.001,8.08
15/01/2026 04:28,16.125,0.001,8.08
15/01/2026 03:58,16.25,0.001,8.08
15/01/2026 03:28,16,0.001,8.08
15/01/2026 02:58,16,0.001,8.08
15/01/2026 02:28,16,0.001,8.08
15/01/2026 01:58,16.125,0.001,8.08
15/01/2026 01:28,15.875,0.001,8.08
15/01/2026 00:58,16,0.001,8.09
15/01/2026 00:28,16,0.001,8.09
14/01/2026 23:58,16.125,0.001,8.09
14/01/2026 23:28,16.125,0.001,8.09
14/01/2026 22:58,16,0.001,8.09
14/01/2026 22:28,16.25,0.001,8.09
14/01/2026 21:58,16,0.001,8.09
14/01/2026 21:28,16.25,0.001,8.09
14/01/2026 20:58,16,0.001,8.1
14/01/2026 20:58,16,0.001,8.1
14/01/2026 20:28,16,0.001,8.1
14/01/2026 19:58,16.125,0.001,8.1
14/01/2026 19:28,16,0.001,8.1
14/01/2026 18:58,16.125,0.001,8.1
14/01/2026 18:28,16,0.001,8.1
14/01/2026 17:58,16.125,0.001,8.1
14/01/2026 17:28,16.25,0.001,8.1
14/01/2026 16:58,16.375,0.001,8.1
14/01/2026 16:28,16.25,0.001,8.1
14/01/2026 15:58,16.375,0.001,8.1
14/01/2026 15:28,16.375,0.001,8.1
14/01/2026 15:28,16.375,0.001,8.1
14/01/2026 14:58,16.375,0.001,8.1
14/01/2026 14:28,16.5,0.001,8.1
14/01/2026 13:58,16.125,0.001,8.1
14/01/2026 13:28,16.25,0.001,8.09
14/01/2026 12:58,16.25,0.001,8.09
14/01/2026 12:28,16.125,0.001,8.09
14/01/2026 11:58,16.125,0.001,8.09
14/01/2026 11:28,16.25,0.001,8.08
14/01/2026 10:58,16.25,0.001,8.08
14/01/2026 10:58,16.25,0.001,8.08
14/01/2026 10:28,16.125,0.001,8.08
14/01/2026 09:58,16.25,0.001,8.08
14/01/2026 09:28,16.125,0.001,8.07
14/01/2026 08:58,16.25,0.001,8.07
14/01/2026 08:28,16.125,0.001,8.07
14/01/2026 07:58,16.125,0.001,8.07
14/01/2026 07:28,16.125,0.001,8.06
14/01/2026 06:58,16.125,0.001,8.06
14/01/2026 06:28,16.125,0.001,8.06
14/01/2026 05:58,16.125,0.001,8.06
14/01/2026 05:28,16.125,0.001,8.06
14/01/2026 04:58,16.125,0.001,8.06
14/01/2026 04:28,16,0.001,8.06
14/01/2026 03:58,16.125,0.001,8.06
14/01/2026 03:28,16.25,0.001,8.06
14/01/2026 02:58,16.25,0.001,8.06
14/01/2026 02:28,16.125,0.001,8.06
14/01/2026 01:58,16.25,0.001,8.06
14/01/2026 01:28,16,0.001,8.06
14/01/2026 00:58,16,0.001,8.06
14/01/2026 00:28,16.25,0.001,8.06
13/01/2026 23:58,16.125,0.001,8.06
13/01/2026 23:28,16.125,0.001,8.06
13/01/2026 22:58,16,0.001,8.06
13/01/2026 22:28,16.25,0.001,8.06
13/01/2026 21:58,16.125,0.001,8.05
13/01/2026 21:28,16.125,0.001,8.05
13/01/2026 20:58,16.25,0.001,8.05
13/01/2026 20:28,16,0.001,8.05
13/01/2026 19:58,16.25,0.001,8.05
13/01/2026 19:28,16,0.001,8.05
13/01/2026 19:28,16,0.001,8.05
13/01/2026 18:58,16.25,0.001,8.05
13/01/2026 18:28,16.25,0.001,8.05
13/01/2026 17:58,16.25,0.001,8.05
13/01/2026 17:28,16.375,0.001,8.05
13/01/2026 16:58,16.25,0.001,8.05
13/01/2026 16:28,16.25,0.001,8.05
13/01/2026 15:58,16.25,0.001,8.05
13/01/2026 15:28,16.125,0.001,8.04
13/01/2026 14:58,16.375,0.001,8.04
13/01/2026 14:28,16.25,0.001,8.04
13/01/2026 13:58,16.25,0.001,8.04
13/01/2026 13:28,16.125,0.001,8.04
13/01/2026 12:58,16.25,0.001,8.04
13/01/2026 12:28,16.125,0.001,8.05
13/01/2026 11:58,16.25,0.001,8.05
13/01/2026 11:28,16,0.001,8.06
13/01/2026 10:58,16,0.001,8.07
13/01/2026 10:28,16.125,0.001,8.08
13/01/2026 09:58,16,0.001,8.09
13/01/2026 09:28,16,0.001,8.09
13/01/2026 08:58,15.875,0.001,8.08
13/01/2026 08:28,16,0.001,8.08
13/01/2026 07:58,16,0.001,8.08
13/01/2026 07:28,15.875,0.001,8.08
13/01/2026 06:58,16,0.001,8.08
13/01/2026 06:28,16,0.001,8.08
13/01/2026 05:58,16.125,0.001,8.08
13/01/2026 05:28,16,0.001,8.08
13/01/2026 04:58,16.125,0.001,8.08
13/01/2026 04:28,15.75,0.001,8.08
13/01/2026 03:58,16.125,0.001,8.08
13/01/2026 03:28,15.875,0.001,8.08
13/01/2026 02:58,16.125,0.001,8.08
13/01/2026 02:28,16.125,0.001,8.08
13/01/2026 01:58,15.875,0.001,8.08
13/01/2026 01:28,15.875,0.001,8.08
13/01/2026 00:58,15.875,0.001,8.09
13/01/2026 00:58,15.875,0.001,8.09
13/01/2026 00:28,16,0.001,8.09
12/01/2026 23:58,16,0.001,8.09
12/01/2026 23:28,16,0.001,8.09
12/01/2026 22:58,15.875,0.001,8.09
12/01/2026 22:28,16,0.001,8.09
12/01/2026 21:58,16,0.001,8.09
12/01/2026 21:28,15.75,0.001,8.09
12/01/2026 20:58,15.875,0.001,8.1
12/01/2026 20:58,15.875,0.001,8.1
12/01/2026 20:28,15.875,0.001,8.1
12/01/2026 19:58,15.75,0.001,8.1
12/01/2026 19:28,15.75,0.001,8.1
12/01/2026 18:58,15.875,0.001,8.1
12/01/2026 18:28,15.875,0.001,8.1
12/01/2026 17:58,15.875,0.001,8.1
12/01/2026 17:28,16,0.001,8.1
12/01/2026 16:58,16,0.001,8.1
12/01/2026 16:28,16.125,0.001,8.1
12/01/2026 15:58,16.125,0.001,8.1
12/01/2026 15:28,16.125,0.001,8.1
12/01/2026 14:58,15.75,0.001,8.1
12/01/2026 14:28,15.875,0.001,8.09
12/01/2026 13:58,16,0.001,8.09
12/01/2026 13:28,16,0.001,8.09
12/01/2026 12:58,15.875,0.001,8.09
12/01/2026 12:28,15.875,0.001,8.08
12/01/2026 11:58,16,0.001,8.08
12/01/2026 11:28,16,0.001,8.08
12/01/2026 10:58,15.75,0.001,8.08
12/01/2026 10:28,15.875,0.001,8.08
12/01/2026 09:58,15.875,0.001,8.08
12/01/2026 09:28,16,0.001,8.07
12/01/2026 08:58,15.875,0.001,8.07
12/01/2026 08:28,15.875,0.001,8.07
12/01/2026 07:58,15.875,0.001,8.07
12/01/2026 07:28,15.875,0.001,8.07
12/01/2026 06:58,15.875,0.001,8.06
12/01/2026 06:28,15.875,0.001,8.06
12/01/2026 05:58,16,0.001,8.07
12/01/2026 05:28,15.875,0.001,8.07
12/01/2026 04:58,15.875,0.001,8.07
12/01/2026 04:28,16,0.001,8.07
12/01/2026 03:58,16,0.001,8.07
12/01/2026 03:28,15.875,0.001,8.07
12/01/2026 02:58,15.875,0.001,8.07
12/01/2026 02:58,15.875,0.001,8.07
12/01/2026 02:28,16,0.001,8.07
12/01/2026 01:58,15.875,0.001,8.07
12/01/2026 01:28,16,0.001,8.08
12/01/2026 00:58,15.875,0.001,8.08
12/01/2026 00:28,15.875,0.001,8.08
11/01/2026 23:58,15.875,0.001,8.08
11/01/2026 23:28,15.875,0.001,8.09
11/01/2026 22:58,16,0.001,8.09
11/01/2026 22:28,16.125,0.001,8.09
11/01/2026 21:58,16,0.001,8.09
11/01/2026 21:28,16,0.001,8.1
11/01/2026 20:58,16.125,0.001,8.11
11/01/2026 20:28,16.125,0.001,8.11
11/01/2026 19:58,16,0.001,8.11
11/01/2026 19:28,15.875,0.001,8.11
11/01/2026 18:58,16,0.001,8.11
11/01/2026 18:28,16,0.001,8.11
11/01/2026 17:58,16.125,0.001,8.12
11/01/2026 17:28,16.125,0.001,8.12
11/01/2026 16:58,16.125,0.001,8.12
11/01/2026 16:28,16.125,0.001,8.11
11/01/2026 15:58,16.125,0.001,8.11
11/01/2026 15:28,16,0.001,8.11
11/01/2026 14:58,16.25,0.001,8.11
11/01/2026 14:28,16.25,0.001,8.11
11/01/2026 13:58,16.125,0.001,8.11
11/01/2026 13:28,16,0.001,8.1
11/01/2026 12:58,16,0.001,8.1
11/01/2026 12:28,15.75,0.001,8.1
11/01/2026 11:58,15.875,0.001,8.1
11/01/2026 11:28,15.875,0.001,8.1
11/01/2026 10:58,16,0.001,8.09
11/01/2026 10:28,15.875,0.001,8.09
11/01/2026 09:58,15.875,0.001,8.09
11/01/2026 09:28,16,0.001,8.09
11/01/2026 08:58,15.75,0.001,8.09
11/01/2026 08:28,15.75,0.001,8.09
11/01/2026 07:58,16,0.001,8.08
11/01/2026 07:28,16,0.001,8.08
11/01/2026 06:58,15.875,0.001,8.08
11/01/2026 06:28,15.75,0.001,8.08
11/01/2026 05:58,15.875,0.001,8.08
11/01/2026 05:28,15.875,0.001,8.08
11/01/2026 04:58,15.875,0.001,8.09
11/01/2026 04:28,15.875,0.001,8.09
11/01/2026 03:58,15.875,0.001,8.09
11/01/2026 03:28,16,0.001,8.09
11/01/2026 02:58,15.875,0.001,8.09
11/01/2026 02:28,15.875,0.001,8.09
11/01/2026 01:58,16,0.001,8.09
11/01/2026 01:28,16,0.001,8.09
11/01/2026 00:58,16,0.001,8.1
11/01/2026 00:28,16,0.001,8.1
10/01/2026 23:58,16,0.001,8.1
10/01/2026 23:28,16,0.001,8.1
10/01/2026 22:58,16,0.001,8.1
10/01/2026 22:28,15.875,0.001,8.1
10/01/2026 21:58,15.875,0.001,8.1
10/01/2026 21:28,15.875,0.001,8.11
10/01/2026 20:58,15.875,0.001,8.11
10/01/2026 20:28,16.125,0.001,8.11
10/01/2026 19:58,16.125,0.001,8.11
10/01/2026 19:28,16.125,0.001,8.11
10/01/2026 18:58,16.25,0.001,8.12
10/01/2026 18:28,16.125,0.001,8.12
10/01/2026 17:58,16,0.001,8.12
10/01/2026 17:28,16.25,0.001,8.12
10/01/2026 16:58,16.25,0.001,8.12
10/01/2026 16:28,16.125,0.001,8.12
10/01/2026 15:58,16.125,0.001,8.12
10/01/2026 15:28,16.25,0.001,8.12
10/01/2026 14:58,16.25,0.001,8.11
10/01/2026 14:28,16.25,0.001,8.11
10/01/2026 13:58,16.25,0.001,8.11
10/01/2026 13:28,16.125,0.001,8.11
10/01/2026 12:58,16.25,0.001,8.11
10/01/2026 12:28,16,0.001,8.1
10/01/2026 11:58,16,0.001,8.1
10/01/2026 11:28,16.125,0.001,8.1
10/01/2026 10:58,16.125,0.001,8.1
10/01/2026 10:28,16,0.001,8.09
10/01/2026 09:58,16.125,0.001,8.09
10/01/2026 09:28,16.125,0.001,8.09
10/01/2026 08:58,16,0.001,8.09
10/01/2026 08:28,16,0.001,8.09
10/01/2026 08:28,16,0.001,8.09
10/01/2026 07:58,16.25,0.001,8.09
10/01/2026 07:28,16.125,0.001,8.08
10/01/2026 06:58,16.125,0.001,8.08
10/01/2026 06:28,16.125,0.001,8.08
10/01/2026 05:58,16.25,0.001,8.08
10/01/2026 05:28,16.125,0.001,8.08
10/01/2026 04:58,16.25,0.001,8.09
10/01/2026 04:28,16.25,0.001,8.09
10/01/2026 03:58,16.125,0.001,8.09
10/01/2026 03:28,16.25,0.001,8.09
10/01/2026 02:58,16.125,0.001,8.09
10/01/2026 02:28,16,0.001,8.09
10/01/2026 01:58,16.125,0.001,8.09
10/01/2026 01:28,16.125,0.001,8.09
10/01/2026 00:58,16.125,0.001,8.09
10/01/2026 00:28,16,0.001,8.09
09/01/2026 23:58,16,0.001,8.09
09/01/2026 23:28,16.125,0.001,8.1
09/01/2026 22:58,16.25,0.001,8.1
09/01/2026 22:28,16.125,0.001,8.1
09/01/2026 21:58,16.25,0.001,8.1
09/01/2026 21:28,16.25,0.001,8.1
09/01/2026 20:58,16.125,0.001,8.1
09/01/2026 20:28,16.125,0.001,8.11
09/01/2026 19:58,16,0.001,8.11
09/01/2026 19:28,16,0.001,8.11
09/01/2026 18:58,16.125,0.001,8.11
09/01/2026 18:58,16.125,0.001,8.11
09/01/2026 18:28,16.125,0.001,8.11
09/01/2026 18:28,16.125,0.001,8.11
09/01/2026 17:58,16.25,0.001,8.11
09/01/2026 17:28,16.25,0.001,8.11
09/01/2026 16:58,16.375,0.001,8.11
09/01/2026 16:28,16.25,0.001,8.11
09/01/2026 15:58,16.25,0.001,8.11
09/01/2026 15:28,16.375,0.001,8.11
09/01/2026 14:58,16.375,0.001,8.11
09/01/2026 14:28,16.375,0.001,8.1
09/01/2026 13:58,16.25,0.001,8.1
09/01/2026 13:28,16.25,0.001,8.1
09/01/2026 12:58,16.125,0.001,8.1
09/01/2026 12:28,16.125,0.001,8.09
09/01/2026 11:58,16.25,0.001,8.09
09/01/2026 11:28,16.125,0.001,8.09
09/01/2026 10:58,16.25,0.001,8.09
09/01/2026 10:28,16,0.001,8.09
09/01/2026 09:58,16.25,0.001,8.09
09/01/2026 09:28,16.25,0.001,8.09
09/01/2026 08:58,16.25,0.001,8.09
09/01/2026 08:28,16.25,0.001,8.08
09/01/2026 07:58,16.25,0.001,8.08
09/01/2026 07:28,16.125,0.001,8.08
09/01/2026 06:58,16,0.001,8.08
09/01/2026 06:28,16.125,0.001,8.08
09/01/2026 05:58,16.25,0.001,8.08
09/01/2026 05:28,16.125,0.001,8.08
09/01/2026 04:58,16,0.001,8.08
09/01/2026 04:28,16,0.001,8.08
09/01/2026 03:58,16.125,0.001,8.08
09/01/2026 03:28,16.25,0.001,8.08
09/01/2026 02:58,16.125,0.001,8.08
09/01/2026 02:28,16.25,0.001,8.09
09/01/2026 01:58,16.375,0.001,8.09
09/01/2026 01:28,16.25,0.001,8.09
09/01/2026 00:58,16.25,0.001,8.09
09/01/2026 00:28,16.25,0.001,8.09
08/01/2026 23:58,16.25,0.001,8.09
08/01/2026 23:28,16.375,0.001,8.09
08/01/2026 22:58,16.5,0.001,8.09
08/01/2026 22:28,16.375,0.001,8.1
08/01/2026 21:58,16.5,0.001,8.1
08/01/2026 21:28,16.5,0.001,8.1
08/01/2026 20:58,16.625,0.001,8.1
08/01/2026 20:28,16.5,0.001,8.1
08/01/2026 19:58,16.625,0.001,8.1
08/01/2026 19:28,16.625,0.001,8.11
08/01/2026 18:58,16.625,0.001,8.11
08/01/2026 18:28,16.875,0.001,8.11
08/01/2026 17:58,16.75,0.001,8.11
08/01/2026 17:28,17,0.001,8.11
08/01/2026 16:58,17.125,0.001,8.11
08/01/2026 16:28,17,0.001,8.11
08/01/2026 15:58,17,0.001,8.11
08/01/2026 15:28,17.125,0.001,8.11
08/01/2026 14:58,17.125,0.001,8.11
08/01/2026 14:28,17.25,0.001,8.1
08/01/2026 13:58,17.125,0.001,8.1
08/01/2026 13:28,17.125,0.001,8.1
08/01/2026 12:58,17,0.001,8.1
08/01/2026 12:28,17,0.001,8.1
08/01/2026 11:58,16.75,0.001,8.09
08/01/2026 11:28,16.625,0.001,8.09
08/01/2026 10:58,16.625,0.001,8.09
08/01/2026 10:28,16.375,0.001,8.08
08/01/2026 09:58,16.25,0.001,8.08
08/01/2026 09:28,16,0.001,8.08
08/01/2026 08:58,16.125,0.001,8.08
08/01/2026 08:28,16,0.001,8.08
08/01/2026 07:58,16,0.001,8.08
08/01/2026 07:28,16,0.001,8.07
08/01/2026 06:58,15.875,0.001,8.07
08/01/2026 06:28,16,0.001,8.07
08/01/2026 05:58,15.875,0.001,8.07
08/01/2026 05:28,15.75,0.001,8.07
08/01/2026 04:58,15.875,0.001,8.07
08/01/2026 04:28,16,0.001,8.07
08/01/2026 03:58,16,0.001,8.07
08/01/2026 03:28,16,0.001,8.07
08/01/2026 02:58,16,0.001,8.07
08/01/2026 02:28,15.875,0.001,8.08
08/01/2026 01:58,16,0.001,8.08
08/01/2026 01:28,15.875,0.001,8.08
08/01/2026 00:58,16,0.001,8.08
08/01/2026 00:28,15.875,0.001,8.08
07/01/2026 23:58,15.875,0.001,8.08
07/01/2026 23:28,15.875,0.001,8.08
07/01/2026 22:58,16,0.001,8.08
07/01/2026 22:28,16.125,0.001,8.08
07/01/2026 21:58,15.875,0.001,8.09
07/01/2026 21:28,16.125,0.001,8.09
07/01/2026 20:58,16,0.001,8.09
07/01/2026 20:28,16.125,0.001,8.09
07/01/2026 19:58,16.125,0.001,8.1
07/01/2026 19:28,16.125,0.001,8.1
07/01/2026 18:58,16.125,0.001,8.1
07/01/2026 18:28,16,0.001,8.1
07/01/2026 17:58,16.125,0.001,8.1
07/01/2026 17:28,15.875,0.001,8.1
07/01/2026 16:58,16.125,0.001,8.1
07/01/2026 16:28,16,0.001,8.1
07/01/2026 15:58,15.75,0.001,8.09
07/01/2026 15:28,15.875,0.001,8.09
07/01/2026 14:58,15.75,0.001,8.09
07/01/2026 14:28,15.75,0.001,8.09
07/01/2026 13:58,15.625,0.001,8.08
07/01/2026 13:28,15.75,0.001,8.08
07/01/2026 12:58,15.375,0.001,8.08
07/01/2026 12:28,15.25,0.001,8.07
07/01/2026 11:58,15.25,0.001,8.07
07/01/2026 11:28,15.25,0.001,8.07
07/01/2026 10:58,14.75,0.001,8.07
07/01/2026 10:28,15,0.001,8.06
07/01/2026 09:58,15,0.001,8.06
07/01/2026 09:28,14.875,0.001,8.06
07/01/2026 08:58,14.625,0.001,8.05
07/01/2026 08:28,14.875,0.001,8.05
07/01/2026 07:58,14.75,0.001,8.05
07/01/2026 07:28,14.75,0.001,8.05
07/01/2026 06:58,14.875,0.001,8.04
07/01/2026 06:28,14.75,0.001,8.04
07/01/2026 05:58,14.875,0.001,8.04
07/01/2026 05:28,15.125,0.001,8.04
07/01/2026 04:58,15.125,0.001,8.05
07/01/2026 04:28,15.125,0.001,8.05
07/01/2026 03:58,15.25,0.001,8.05
07/01/2026 03:28,15.375,0.001,8.05
07/01/2026 02:58,15.25,0.001,8.05
07/01/2026 02:28,15.5,0.001,8.05
07/01/2026 01:58,15.5,0.001,8.05
07/01/2026 01:28,15.375,0.001,8.06
07/01/2026 00:58,15.625,0.001,8.06
07/01/2026 00:28,15.75,0.001,8.06
06/01/2026 23:58,15.75,0.001,8.07
06/01/2026 23:28,15.75,0.001,8.06
06/01/2026 22:58,16.625,0.001,8.07
06/01/2026 22:28,15.875,0.001,8.07
06/01/2026 21:58,15.875,0.001,8.07
06/01/2026 21:28,15.875,0.001,8.07
06/01/2026 20:58,15.875,0.001,8.08
06/01/2026 20:28,16.125,0.001,8.08
06/01/2026 19:58,16,0.001,8.08
06/01/2026 19:28,16.125,0.001,8.08
06/01/2026 18:58,16.125,0.001,8.08
06/01/2026 18:28,16.25,0.001,8.08
06/01/2026 17:58,16.125,0.001,8.09
06/01/2026 17:28,16.125,0.001,8.09
06/01/2026 16:58,16.125,0.001,8.09
06/01/2026 16:28,16.25,0.001,8.09
06/01/2026 15:58,16.125,0.001,8.08
06/01/2026 15:28,16.125,0.001,8.08
06/01/2026 14:58,15.875,0.001,8.08
06/01/2026 14:28,16,0.001,8.08
06/01/2026 13:58,16,0.001,8.08
06/01/2026 13:28,15.875,0.001,8.08
06/01/2026 12:58,15.875,0.001,8.07
06/01/2026 12:28,14.75,0.001,8.07
06/01/2026 11:58,14.75,0.001,8.07
06/01/2026 11:28,15.75,0.001,8.07
06/01/2026 10:58,15.625,0.001,8.07
06/01/2026 10:28,14.75,0.001,8.07
06/01/2026 09:58,15.625,0.001,8.07
06/01/2026 09:28,15.75,0.001,8.07
06/01/2026 08:58,15.625,0.001,8.07
06/01/2026 08:28,16.625,0.001,8.07
06/01/2026 07:58,16.625,0.001,8.07
06/01/2026 07:28,15.625,0.001,8.06
06/01/2026 06:58,15.5,0.001,8.06
06/01/2026 06:28,14.75,0.001,8.06
06/01/2026 05:58,16.625,0.001,8.06
06/01/2026 05:28,16.625,0.001,8.06
06/01/2026 04:58,16.5,0.001,8.06
06/01/2026 04:28,16.625,0.001,8.07
06/01/2026 03:58,15.625,0.001,8.07
06/01/2026 03:28,15.75,0.001,8.07
06/01/2026 02:58,15.75,0.001,8.07
06/01/2026 02:28,15.875,0.001,8.07
06/01/2026 01:58,16,0.001,8.07
06/01/2026 01:28,16,0.001,8.07
06/01/2026 00:58,16,0.001,8.08
06/01/2026 00:28,16.125,0.001,8.08
05/01/2026 23:58,16.25,0.001,8.08
05/01/2026 23:28,16,0.001,8.08
05/01/2026 22:58,16.25,0.001,8.08
05/01/2026 22:28,16.125,0.001,8.08
05/01/2026 21:58,16.125,0.001,8.08
05/01/2026 21:58,16.125,0.001,8.08
05/01/2026 21:28,16.125,0.001,8.09
05/01/2026 20:58,16.375,0.001,8.09
05/01/2026 20:28,16.25,0.001,8.09
05/01/2026 19:58,16.25,0.001,8.09
05/01/2026 19:28,16.25,0.001,8.09
05/01/2026 18:58,16.25,0.001,8.09
05/01/2026 18:28,16.125,0.001,8.09
05/01/2026 17:58,16.25,0.001,8.09
05/01/2026 17:28,16.25,0.001,8.09
05/01/2026 17:28,16.25,0.001,8.09
05/01/2026 16:58,16.375,0.001,8.09
05/01/2026 16:28,16.5,0.001,8.09
05/01/2026 15:58,16.625,0.001,8.09
05/01/2026 15:28,16.375,0.001,8.09
05/01/2026 14:58,16.5,0.001,8.09
05/01/2026 14:28,16.5,0.001,8.09
05/01/2026 13:58,16.5,0.001,8.09
05/01/2026 13:28,16.375,0.001,8.09
05/01/2026 12:58,16.375,0.001,8.1
05/01/2026 12:28,16.375,0.001,8.1
05/01/2026 11:58,16.25,0.001,8.1
05/01/2026 11:28,16.25,0.001,8.1
05/01/2026 10:58,16.25,0.001,8.1
05/01/2026 10:28,16.25,0.001,8.1
05/01/2026 09:58,16.375,0.001,8.1
05/01/2026 09:28,16.25,0.001,8.09
05/01/2026 08:58,16.375,0.001,8.09
05/01/2026 08:58,16.375,0.001,8.09
05/01/2026 08:28,16.375,0.001,8.09
05/01/2026 07:58,16.375,0.001,8.09
05/01/2026 07:28,16.125,0.001,8.08
05/01/2026 06:58,16.375,0.001,8.08
05/01/2026 06:28,16.375,0.001,8.08
05/01/2026 05:58,16.375,0.001,8.08
05/01/2026 05:28,16.25,0.001,8.08
05/01/2026 04:58,16.125,0.001,8.08
05/01/2026 04:28,16.375,0.001,8.09
05/01/2026 03:58,16.25,0.001,8.09
05/01/2026 03:28,16.375,0.001,8.09
05/01/2026 02:58,16.375,0.001,8.09
05/01/2026 02:28,16.375,0.001,8.09
05/01/2026 01:58,16.125,0.001,8.09
05/01/2026 01:28,16.25,0.001,8.09
05/01/2026 00:58,16.125,0.001,8.1
05/01/2026 00:28,16.25,0.001,8.1
04/01/2026 23:58,16.125,0.001,8.1
04/01/2026 23:28,16.125,0.001,8.1
04/01/2026 22:58,16.125,0.001,8.1
04/01/2026 22:28,16.25,0.001,8.11
04/01/2026 21:58,16.25,0.001,8.11
04/01/2026 21:58,16.25,0.001,8.11
04/01/2026 21:28,16.25,0.001,8.11
04/01/2026 20:58,16.125,0.001,8.12
04/01/2026 20:28,16.125,0.001,8.12
04/01/2026 19:58,16.25,0.001,8.12
04/01/2026 19:28,16.125,0.001,8.12
04/01/2026 18:58,16.25,0.001,8.12
04/01/2026 18:28,16.25,0.001,8.13
04/01/2026 17:58,16.5,0.001,8.13
04/01/2026 17:28,16.25,0.001,8.13
04/01/2026 17:28,16.25,0.001,8.13
04/01/2026 16:58,16.375,0.001,8.13
04/01/2026 16:28,16.25,0.001,8.13
04/01/2026 15:58,16.375,0.001,8.13
04/01/2026 15:28,16.5,0.001,8.12
04/01/2026 14:58,16.5,0.001,8.12
04/01/2026 14:28,16.375,0.001,8.12
04/01/2026 13:58,16.375,0.001,8.12
04/01/2026 13:28,16.5,0.001,8.12
04/01/2026 12:58,16.5,0.001,8.11
04/01/2026 12:28,16.375,0.001,8.11
04/01/2026 11:58,16.25,0.001,8.11
04/01/2026 11:28,16.125,0.001,8.11
04/01/2026 10:58,16.25,0.001,8.1
04/01/2026 10:28,16.375,0.001,8.1
04/01/2026 09:58,16.25,0.001,8.1
04/01/2026 09:28,16.25,0.001,8.1
04/01/2026 08:58,16.25,0.001,8.09
04/01/2026 08:28,16.25,0.001,8.09
04/01/2026 07:58,16.125,0.001,8.09
04/01/2026 07:28,16.25,0.001,8.09
04/01/2026 06:58,16.25,0.001,8.09
04/01/2026 06:28,16.375,0.001,8.08
04/01/2026 05:58,16.25,0.001,8.09
04/01/2026 05:28,16.25,0.001,8.09
04/01/2026 04:58,16.375,0.001,8.09
04/01/2026 04:28,16,0.001,8.09
04/01/2026 03:58,16.125,0.001,8.09
04/01/2026 03:28,16.125,0.001,8.09
04/01/2026 02:58,16.375,0.001,8.09
04/01/2026 02:28,16.125,0.001,8.09
04/01/2026 01:58,16.25,0.001,8.09
04/01/2026 01:28,16.125,0.001,8.09
04/01/2026 00:58,16.125,0.001,8.1
04/01/2026 00:28,16,0.001,8.1
03/01/2026 23:58,16.125,0.001,8.1
03/01/2026 23:28,16.125,0.001,8.1
03/01/2026 23:28,16.125,0.001,8.1
03/01/2026 22:58,16.125,0.001,8.1
03/01/2026 22:28,16.125,0.001,8.1
03/01/2026 21:58,16.125,0.001,8.1
03/01/2026 21:28,16.125,0.001,8.11
03/01/2026 20:58,16.25,0.001,8.11
03/01/2026 20:28,16.25,0.001,8.11
03/01/2026 19:58,16.25,0.001,8.11
03/01/2026 19:28,16,0.001,8.11
03/01/2026 18:58,16,0.001,8.11
03/01/2026 18:28,16.125,0.001,8.12
03/01/2026 17:58,16.25,0.001,8.12
03/01/2026 17:28,16.125,0.001,8.12
03/01/2026 16:58,16.5,0.001,8.12
03/01/2026 16:28,16.5,0.001,8.11
03/01/2026 15:58,16.375,0.001,8.11
03/01/2026 15:28,16.375,0.001,8.11
03/01/2026 15:28,16.375,0.001,8.11
03/01/2026 14:58,16.375,0.001,8.11
03/01/2026 14:58,16.375,0.001,8.11
03/01/2026 14:28,16.375,0.001,8.11
03/01/2026 13:58,16.25,0.001,8.1
03/01/2026 13:28,16.5,0.001,8.1
03/01/2026 13:28,16.5,0.001,8.1
03/01/2026 12:58,16.25,0.001,8.1
03/01/2026 12:28,16.25,0.001,8.1
03/01/2026 11:58,16.25,0.001,8.09
03/01/2026 11:28,16.25,0.001,8.09
03/01/2026 10:58,16.125,0.001,8.09
03/01/2026 10:28,16.125,0.001,8.09
03/01/2026 09:58,16.375,0.001,8.08
03/01/2026 09:28,16,0.001,8.08
03/01/2026 08:58,16.125,0.001,8.08
03/01/2026 08:28,16.125,0.001,8.07
03/01/2026 07:58,16,0.001,8.07
03/01/2026 07:28,16.125,0.001,8.07
03/01/2026 06:58,16.125,0.001,8.07
03/01/2026 06:28,16.25,0.001,8.07
03/01/2026 05:58,16,0.001,8.07
03/01/2026 05:28,16,0.001,8.07
03/01/2026 04:58,16,0.001,8.07
03/01/2026 04:28,16,0.001,8.07
03/01/2026 03:58,16.125,0.001,8.07
03/01/2026 03:28,16.125,0.001,8.07
03/01/2026 02:58,16.125,0.001,8.07
03/01/2026 02:28,16.125,0.001,8.07
03/01/2026 01:58,16,0.001,8.07
03/01/2026 01:58,16,0.001,8.07
03/01/2026 01:28,16.125,0.001,8.08
03/01/2026 00:58,16.125,0.001,8.08
03/01/2026 00:28,16,0.001,8.08
02/01/2026 23:58,16.125,0.001,8.08
02/01/2026 23:28,16,0.001,8.08
02/01/2026 22:58,16,0.001,8.08
02/01/2026 22:28,16,0.001,8.08
02/01/2026 21:58,15.875,0.001,8.08
02/01/2026 21:28,15.875,0.001,8.08
02/01/2026 20:58,15.875,0.001,8.08
02/01/2026 20:28,15.875,0.001,8.09
02/01/2026 20:28,15.875,0.001,8.09
02/01/2026 19:58,16,0.001,8.09
02/01/2026 19:28,15.75,0.001,8.09
02/01/2026 18:58,16,0.001,8.09
02/01/2026 18:28,15.875,0.001,8.09
02/01/2026 17:58,15.75,0.001,8.09
02/01/2026 17:28,16,0.001,8.09
02/01/2026 16:58,15.75,0.001,8.09
02/01/2026 16:28,16,0.001,8.09
02/01/2026 15:58,16,0.001,8.09
02/01/2026 15:28,16,0.001,8.09
02/01/2026 14:58,16,0.001,8.08
02/01/2026 14:28,15.875,0.001,8.08
02/01/2026 13:58,15.875,0.001,8.08
02/01/2026 13:28,15.875,0.001,8.08
02/01/2026 12:58,15.75,0.001,8.08
02/01/2026 12:28,15.75,0.001,8.08
02/01/2026 12:28,15.75,0.001,8.08
02/01/2026 11:58,15.875,0.001,8.08
02/01/2026 11:28,15.875,0.001,8.09
02/01/2026 10:58,16.625,0.001,8.09
02/01/2026 10:28,15.75,0.001,8.09
02/01/2026 09:58,16.5,0.001,8.09
02/01/2026 09:28,15.75,0.001,8.08
02/01/2026 08:58,15.5,0.001,8.08
02/01/2026 08:28,15.625,0.001,8.08
02/01/2026 07:58,15.625,0.001,8.08
02/01/2026 07:28,15.625,0.001,8.07
02/01/2026 06:58,15.625,0.001,8.07
02/01/2026 06:28,15.625,0.001,8.07
02/01/2026 05:58,15.625,0.001,8.07
02/01/2026 05:58,15.625,0.001,8.07
02/01/2026 05:28,15.625,0.001,8.07
02/01/2026 04:58,15.25,0.001,8.07
02/01/2026 04:28,15.625,0.001,8.07
02/01/2026 03:58,15.5,0.001,8.08
02/01/2026 03:28,15.75,0.001,8.08
02/01/2026 02:58,15.625,0.001,8.08
02/01/2026 02:28,15.5,0.001,8.08
02/01/2026 01:58,15.625,0.001,8.08
02/01/2026 01:28,15.625,0.001,8.08
02/01/2026 00:58,15.625,0.001,8.08
02/01/2026 00:28,15.5,0.001,8.09
01/01/2026 23:58,15.25,0.001,8.09
01/01/2026 23:28,14.75,0.001,8.09
01/01/2026 22:58,14.75,0.001,8.09
01/01/2026 22:28,14.75,0.001,8.09
01/01/2026 21:58,14.75,0.001,8.09
01/01/2026 21:28,15.75,0.001,8.1
01/01/2026 20:58,14.875,0.001,8.1
01/01/2026 20:28,15.75,0.001,8.1
01/01/2026 19:58,15.75,0.001,8.1
01/01/2026 19:28,15.75,0.001,8.1
01/01/2026 18:58,15.875,0.001,8.1
01/01/2026 18:28,15.75,0.001,8.11
01/01/2026 17:58,15.875,0.001,8.11
01/01/2026 17:28,16,0.001,8.11
01/01/2026 16:58,15.875,0.001,8.11
01/01/2026 16:28,15.75,0.001,8.1
01/01/2026 15:58,15.875,0.001,8.1
01/01/2026 15:28,15.875,0.001,8.1
01/01/2026 14:58,15.875,0.001,8.1
01/01/2026 14:28,15.75,0.001,8.1
01/01/2026 13:58,16,0.001,8.1
01/01/2026 13:28,15.75,0.001,8.09
01/01/2026 12:58,15.875,0.001,8.09
01/01/2026 12:58,15.875,0.001,8.09
01/01/2026 12:28,15.875,0.001,8.09
01/01/2026 11:58,15.75,0.001,8.08
01/01/2026 11:28,14.75,0.001,8.08
01/01/2026 10:58,14.75,0.001,8.08
01/01/2026 10:28,16.625,0.001,8.07
01/01/2026 09:58,15.75,0.001,8.07
01/01/2026 09:28,15.75,0.001,8.07
01/01/2026 08:58,14.875,0.001,8.06
01/01/2026 08:28,15.625,0.001,8.06
01/01/2026 07:58,16.625,0.001,8.06
01/01/2026 07:28,16.5,0.001,8.06
01/01/2026 06:58,15.5,0.001,8.05
01/01/2026 06:28,16.625,0.001,8.05
01/01/2026 05:58,15.625,0.001,8.05
01/01/2026 05:28,15.5,0.001,8.05
01/01/2026 04:58,15.625,0.001,8.05
01/01/2026 04:28,14.875,0.001,8.05
01/01/2026 03:58,15.5,0.001,8.05
01/01/2026 03:28,14.75,0.001,8.05
01/01/2026 02:58,15.5,0.001,8.05
01/01/2026 02:28,15.625,0.001,8.05
01/01/2026 01:58,16.625,0.001,8.05
01/01/2026 01:28,16.5,0.001,8.06
01/01/2026 00:58,15.75,0.001,8.06
01/01/2026 00:28,15.625,0.001,8.06
31/12/2025 23:58,15.625,0.001,8.06
31/12/2025 23:28,15.625,0.001,8.06
31/12/2025 22:58,16.375,0.001,8.06
31/12/2025 22:28,15.75,0.001,8.06
31/12/2025 21:58,15.625,0.001,8.06
31/12/2025 21:28,16.625,0.001,8.06
31/12/2025 20:58,15.625,0.001,8.06
31/12/2025 20:28,16.5,0.001,8.07
31/12/2025 19:58,16.625,0.001,8.07
31/12/2025 19:28,15.625,0.001,8.07
31/12/2025 19:28,15.625,0.001,8.07
31/12/2025 18:58,15.75,0.001,8.07
31/12/2025 18:28,15.875,0.001,8.07
31/12/2025 17:58,15.75,0.001,8.07
31/12/2025 17:28,15.875,0.001,8.07
31/12/2025 16:58,16.625,0.001,8.07
31/12/2025 16:28,15.875,0.001,8.07
31/12/2025 15:58,15.875,0.001,8.06
31/12/2025 15:28,15.75,0.001,8.06
31/12/2025 14:58,15.875,0.001,8.06
31/12/2025 14:28,15.75,0.001,8.05
31/12/2025 14:28,15.75,0.001,8.05
31/12/2025 13:58,15.875,0.001,8.05
31/12/2025 13:28,14.75,0.001,8.05
31/12/2025 12:58,15.75,0.001,8.04
31/12/2025 12:28,15.75,0.001,8.04
31/12/2025 11:58,16.5,0.001,8.03
31/12/2025 11:28,16.625,0.001,8.03
31/12/2025 10:58,15.875,0.001,8.03
31/12/2025 10:28,15.75,0.001,8.02
31/12/2025 09:58,16.625,0.001,8.02
31/12/2025 09:58,16.625,0.001,8.02
31/12/2025 09:28,15.625,0.001,8.01
31/12/2025 09:28,15.625,0.001,8.01
31/12/2025 08:58,15.75,0.001,8
31/12/2025 08:28,14.75,0.001,8
31/12/2025 07:58,15.75,0.001,8
31/12/2025 07:28,15.625,0.001,7.99
31/12/2025 06:58,15.625,0.001,7.99
31/12/2025 06:28,15.875,0.001,7.98
31/12/2025 05:58,16.375,0.001,7.98
31/12/2025 05:28,15.75,0.001,7.98
31/12/2025 04:58,15.625,0.001,7.97
31/12/2025 04:28,15.625,0.001,7.97
31/12/2025 03:58,15.625,0.001,7.97
31/12/2025 03:28,15.5,0.001,7.97
31/12/2025 02:58,16.625,0.001,7.97
31/12/2025 02:28,15.625,0.001,7.96
31/12/2025 01:58,15.75,0.001,7.96
31/12/2025 01:28,14.75,0.001,7.96
31/12/2025 00:58,14.75,0.001,7.96
31/12/2025 00:28,15.5,0.001,7.95
30/12/2025 23:58,15.875,0.001,7.95
30/12/2025 23:28,15.75,0.001,7.95
30/12/2025 22:58,15.75,0.001,7.95
30/12/2025 22:28,15.75,0.001,7.94
30/12/2025 21:58,15.75,0.001,7.94
30/12/2025 21:28,16.625,0.001,7.94
30/12/2025 20:58,15.625,0.001,7.94
30/12/2025 20:28,15.75,0.001,7.94
30/12/2025 20:28,15.75,0.001,7.94
30/12/2025 19:58,14.875,0.001,7.93
30/12/2025 19:58,14.875,0.001,7.93
30/12/2025 19:28,15.75,0.001,7.93
30/12/2025 18:58,15.875,0.001,7.93
30/12/2025 18:28,15.875,0.001,7.93
30/12/2025 17:58,16,0.001,7.93
30/12/2025 17:28,16,0.001,7.94
30/12/2025 17:27,16.125,0.001,7.93
30/12/2025 17:25,16.5,0.001,7.93
30/12/2025 16:58,16.5,0.001,7.94
30/12/2025 16:28,16.5,0.001,7.94
30/12/2025 15:58,16.625,0.001,7.94
30/12/2025 15:28,16.625,0.001,7.95
30/12/2025 14:58,16.625,0.001,7.96
30/12/2025 14:28,16.5,0.001,7.97
30/12/2025 13:58,16.5,0.001,7.98
30/12/2025 13:28,16.5,0.001,7.99
30/12/2025 12:58,16.5,0.001,8.01
30/12/2025 12:28,16.375,0.001,8.03
30/12/2025 11:58,16.625,0.001,8.05
30/12/2025 11:28,16.5,0.001,8.06
30/12/2025 10:58,16.625,0.001,8.07
30/12/2025 10:28,16.625,0.001,8.08
30/12/2025 09:58,16.5,0.001,8.08
30/12/2025 09:28,16.625,0.001,8.08
30/12/2025 09:28,16.625,0.001,8.08
30/12/2025 08:58,16.625,0.001,8.08
30/12/2025 08:28,16.625,0.001,8.07
30/12/2025 07:58,16.5,0.001,8.07
30/12/2025 07:28,16.625,0.001,8.07
30/12/2025 06:58,16.625,0.001,8.07
30/12/2025 06:28,16.625,0.001,8.07
30/12/2025 05:58,16.625,0.001,8.07
30/12/2025 05:28,16.625,0.001,8.07
30/12/2025 04:58,16.625,0.001,8.07
30/12/2025 04:28,16.5,0.001,8.07
30/12/2025 03:58,16.625,0.001,8.08
30/12/2025 03:28,16.625,0.001,8.08
30/12/2025 02:58,16.625,0.001,8.08
30/12/2025 02:28,16.625,0.001,8.08
30/12/2025 01:58,16.625,0.001,8.08
30/12/2025 01:28,16.625,0.001,8.08
30/12/2025 00:58,16.625,0.001,8.09
30/12/2025 00:28,16.625,0.001,8.09
29/12/2025 23:58,16.625,0.001,8.09
29/12/2025 23:28,16.5,0.001,8.09
29/12/2025 22:58,16.625,0.001,8.09
29/12/2025 22:28,16.625,0.001,8.1
29/12/2025 21:58,16.625,0.001,8.1
29/12/2025 21:28,16.625,0.001,8.1
29/12/2025 20:58,16.5,0.001,8.1
29/12/2025 20:28,16.625,0.001,8.11
29/12/2025 19:58,16.625,0.001,8.11
29/12/2025 19:28,16.625,0.001,8.11
29/12/2025 18:58,16.625,0.001,8.11
29/12/2025 18:28,16.625,0.001,8.11
29/12/2025 18:28,16.625,0.001,8.11
29/12/2025 17:58,16.5,0.001,8.11
29/12/2025 17:28,15.75,0.001,8.11
29/12/2025 16:58,17.625,0.001,8.11
29/12/2025 16:28,16.625,0.001,8.11
29/12/2025 15:58,16.75,0.001,8.11
29/12/2025 15:28,16.75,0.001,8.11
29/12/2025 14:58,16.625,0.001,8.11
29/12/2025 14:28,15.75,0.001,8.1
29/12/2025 13:58,16.625,0.001,8.1
29/12/2025 13:28,16.625,0.001,8.1
29/12/2025 12:58,16.625,0.001,8.1
29/12/2025 12:28,16.625,0.001,8.09
29/12/2025 11:58,16.5,0.001,8.09
29/12/2025 11:28,16.5,0.001,8.09
29/12/2025 10:58,16.5,0.001,8.09
29/12/2025 10:28,16.375,0.001,8.08
29/12/2025 09:58,16.375,0.001,8.08
29/12/2025 09:28,16.375,0.001,8.08
29/12/2025 08:58,16.5,0.001,8.08
29/12/2025 08:28,16.625,0.001,8.07
29/12/2025 07:58,16.5,0.001,8.07
29/12/2025 07:28,16.5,0.001,8.07
29/12/2025 06:58,16.5,0.001,8.07
29/12/2025 06:28,16.5,0.001,8.07
29/12/2025 05:58,16.375,0.001,8.07
29/12/2025 05:28,16.5,0.001,8.08
29/12/2025 04:58,16.5,0.001,8.08
29/12/2025 04:28,16.375,0.001,8.08
29/12/2025 04:28,16.375,0.001,8.08
29/12/2025 03:58,16.5,0.001,8.08
29/12/2025 03:28,16.5,0.001,8.09
29/12/2025 02:58,16.5,0.001,8.09
29/12/2025 02:28,16.5,0.001,8.09
29/12/2025 01:58,16.5,0.001,8.09
29/12/2025 01:28,16.5,0.001,8.09
29/12/2025 00:58,16.375,0.001,8.1
29/12/2025 00:28,16.5,0.001,8.1
28/12/2025 23:58,16.625,0.001,8.1
28/12/2025 23:28,16.5,0.001,8.1
28/12/2025 22:58,16.5,0.001,8.1
28/12/2025 22:56,16.5,0.001,8.1
28/12/2025 20:58,16.375,0.001,8.11
28/12/2025 20:28,16.375,0.001,8.11
28/12/2025 19:58,16.5,0.001,8.11
28/12/2025 19:28,16.375,0.001,8.12
28/12/2025 18:58,16.25,0.001,8.12
28/12/2025 18:28,16.5,0.001,8.12
28/12/2025 17:58,16.375,0.001,8.12
28/12/2025 17:28,16.5,0.001,8.12
28/12/2025 16:58,16.5,0.001,8.12
28/12/2025 16:28,16.625,0.001,8.12
28/12/2025 15:58,16.625,0.001,8.12
28/12/2025 15:28,16.625,0.001,8.11
28/12/2025 14:58,16.625,0.001,8.11
28/12/2025 14:28,16.625,0.001,8.11
28/12/2025 13:58,16.625,0.001,8.11
28/12/2025 13:28,16.625,0.001,8.1
28/12/2025 12:58,16.625,0.001,8.1
28/12/2025 12:28,16.5,0.001,8.1
28/12/2025 11:58,16.5,0.001,8.1
28/12/2025 11:28,16.5,0.001,8.09
28/12/2025 10:58,16.5,0.001,8.09
28/12/2025 10:28,16.5,0.001,8.09
28/12/2025 09:58,16.375,0.001,8.08
28/12/2025 09:28,16.5,0.001,8.08
28/12/2025 08:58,16.5,0.001,8.08
28/12/2025 08:28,16.5,0.001,8.08
28/12/2025 07:58,16.375,0.001,8.07
28/12/2025 07:28,16.5,0.001,8.07
28/12/2025 06:58,16.5,0.001,8.07
28/12/2025 06:28,16.5,0.001,8.07
28/12/2025 05:58,16.5,0.001,8.07
28/12/2025 05:28,16.5,0.001,8.07
28/12/2025 04:58,16.375,0.001,8.07
28/12/2025 04:28,16.5,0.001,8.07
28/12/2025 03:58,16.375,0.001,8.08
28/12/2025 03:28,16.5,0.001,8.08
28/12/2025 02:58,16.5,0.001,8.08
28/12/2025 02:28,16.375,0.001,8.08
28/12/2025 01:58,16.375,0.001,8.08
28/12/2025 01:28,16.5,0.001,8.08
28/12/2025 00:58,16.375,0.001,8.08
28/12/2025 00:28,16.375,0.001,8.09
27/12/2025 23:58,16.375,0.001,8.09
27/12/2025 23:28,16.5,0.001,8.09
27/12/2025 22:58,16.375,0.001,8.09
27/12/2025 22:28,16.5,0.001,8.09
27/12/2025 21:58,16.375,0.001,8.09
27/12/2025 21:28,16.25,0.001,8.09
27/12/2025 20:58,16.375,0.001,8.09
27/12/2025 20:28,16.375,0.001,8.1
27/12/2025 19:58,16.375,0.001,8.1
27/12/2025 19:28,16.375,0.001,8.1
27/12/2025 18:58,16.375,0.001,8.1
27/12/2025 18:28,16.5,0.001,8.1
27/12/2025 18:28,16.5,0.001,8.1
27/12/2025 17:58,16.375,0.001,8.11
27/12/2025 17:28,16.5,0.001,8.1
27/12/2025 16:58,16.375,0.001,8.1
27/12/2025 16:28,16.375,0.001,8.1
27/12/2025 15:58,16.375,0.001,8.1
27/12/2025 15:28,16.375,0.001,8.1
27/12/2025 14:58,16.375,0.001,8.1
27/12/2025 14:28,16.5,0.001,8.09
27/12/2025 13:58,16.375,0.001,8.09
27/12/2025 13:28,16.375,0.001,8.09
27/12/2025 12:58,16.625,0.001,8.08
27/12/2025 12:28,16.375,0.001,8.08
27/12/2025 11:58,16.25,0.001,8.08
27/12/2025 11:28,16.25,0.001,8.07
27/12/2025 10:58,16.25,0.001,8.07
27/12/2025 10:28,16.375,0.001,8.07
27/12/2025 09:58,16.25,0.001,8.07
27/12/2025 09:28,16.375,0.001,8.06
27/12/2025 08:58,16.25,0.001,8.06
27/12/2025 08:28,16.375,0.001,8.06
27/12/2025 07:58,16.5,0.001,8.05
27/12/2025 07:28,16.125,0.001,8.05
27/12/2025 06:58,16.125,0.001,8.05
27/12/2025 06:28,16.125,0.001,8.05
27/12/2025 05:58,16.375,0.001,8.05
27/12/2025 05:28,16.125,0.001,8.05
27/12/2025 04:58,16.25,0.001,8.06
27/12/2025 04:28,16.25,0.001,8.06
27/12/2025 03:58,16.25,0.001,8.06
27/12/2025 03:28,16.5,0.001,8.06
27/12/2025 02:58,16.25,0.001,8.06
27/12/2025 02:28,16.25,0.001,8.06
27/12/2025 01:58,16.375,0.001,8.06
27/12/2025 01:28,16.375,0.001,8.06
27/12/2025 01:28,16.375,0.001,8.06
27/12/2025 00:58,16.375,0.001,8.07
27/12/2025 00:28,16.375,0.001,8.07
26/12/2025 23:58,16.375,0.001,8.07
26/12/2025 23:28,16.375,0.001,8.07
26/12/2025 22:58,16.375,0.001,8.07
26/12/2025 22:28,16.5,0.001,8.07
26/12/2025 21:58,16.375,0.001,8.07
26/12/2025 21:28,16.375,0.001,8.08
26/12/2025 20:58,16.375,0.001,8.08
26/12/2025 20:28,16.375,0.001,8.08
26/12/2025 19:58,16.375,0.001,8.08
26/12/2025 19:58,16.375,0.001,8.08
26/12/2025 19:28,16.375,0.001,8.08
26/12/2025 18:58,16.375,0.001,8.08
26/12/2025 18:28,16.5,0.001,8.08
26/12/2025 17:58,16.375,0.001,8.08
26/12/2025 17:28,16.5,0.001,8.08
26/12/2025 16:58,16.625,0.001,8.08
26/12/2025 16:28,16.625,0.001,8.08
26/12/2025 15:58,15.75,0.001,8.07
26/12/2025 15:28,16.625,0.001,8.07
26/12/2025 14:58,15.75,0.001,8.07
26/12/2025 14:28,15.75,0.001,8.07
26/12/2025 13:58,16.625,0.001,8.06
26/12/2025 13:28,16.625,0.001,8.06
26/12/2025 12:58,16.625,0.001,8.06
26/12/2025 12:28,16.625,0.001,8.06
26/12/2025 11:58,16.5,0.001,8.06
26/12/2025 11:28,16.5,0.001,8.06
26/12/2025 10:58,16.5,0.001,8.06
26/12/2025 10:28,16.375,0.001,8.06
26/12/2025 09:58,16.5,0.001,8.06
26/12/2025 09:28,16.5,0.001,8.05
26/12/2025 08:58,16.5,0.001,8.05
26/12/2025 08:28,16.5,0.001,8.05
26/12/2025 07:58,16.625,0.001,8.05
26/12/2025 07:28,16.5,0.001,8.05
26/12/2025 06:58,16.5,0.001,8.04
26/12/2025 06:28,16.5,0.001,8.04
26/12/2025 05:58,16.5,0.001,8.04
26/12/2025 05:28,16.375,0.001,8.05
26/12/2025 04:58,16.5,0.001,8.04
26/12/2025 04:28,16.375,0.001,8.05
26/12/2025 03:58,16.375,0.001,8.05
26/12/2025 03:28,16.375,0.001,8.05
26/12/2025 02:58,16.5,0.001,8.05
26/12/2025 02:28,16.5,0.001,8.05
26/12/2025 01:58,16.375,0.001,8.05
26/12/2025 01:28,16.375,0.001,8.05
26/12/2025 00:58,16.5,0.001,8.05
26/12/2025 00:28,16.375,0.001,8.05
25/12/2025 23:58,16.5,0.001,8.06
25/12/2025 23:28,16.375,0.001,8.06
25/12/2025 22:58,16.375,0.001,8.06
25/12/2025 22:28,16.625,0.001,8.06
25/12/2025 21:58,16.5,0.001,8.06
25/12/2025 21:28,16.625,0.001,8.06
25/12/2025 20:58,16.375,0.001,8.06
25/12/2025 20:28,16.5,0.001,8.06
25/12/2025 19:58,16.5,0.001,8.06
25/12/2025 19:28,16.5,0.001,8.07
25/12/2025 18:58,16.375,0.001,8.07
25/12/2025 18:28,16.5,0.001,8.07
25/12/2025 17:58,16.5,0.001,8.07
25/12/2025 17:28,16.625,0.001,8.07
25/12/2025 16:58,16.5,0.001,8.06
25/12/2025 16:28,16.625,0.001,8.06
25/12/2025 15:58,16.5,0.001,8.06
25/12/2025 15:28,16.625,0.001,8.06
25/12/2025 14:58,16.625,0.001,8.06
25/12/2025 14:28,16.625,0.001,8.05
25/12/2025 13:58,16.625,0.001,8.05
25/12/2025 13:28,16.5,0.001,8.05
25/12/2025 12:58,16.375,0.001,8.05
25/12/2025 12:28,16.375,0.001,8.04
25/12/2025 11:58,16.375,0.001,8.04
25/12/2025 11:28,16.375,0.001,8.04
25/12/2025 10:58,16.375,0.001,8.03
25/12/2025 10:28,16.375,0.001,8.03
25/12/2025 09:58,16.375,0.001,8.03
25/12/2025 09:28,16.375,0.001,8.03
25/12/2025 08:58,16.375,0.001,8.02
25/12/2025 08:28,16.375,0.001,8.02
25/12/2025 07:58,16.375,0.001,8.02
25/12/2025 07:28,16.375,0.001,8.01
25/12/2025 06:58,16.375,0.001,8.01
25/12/2025 06:28,16.5,0.001,8.01
25/12/2025 05:58,16.25,0.001,8.02
25/12/2025 05:28,16.375,0.001,8.02
25/12/2025 04:58,16.375,0.001,8.02
25/12/2025 04:28,16.375,0.001,8.02
25/12/2025 03:58,16.375,0.001,8.02
25/12/2025 03:28,16.5,0.001,8.02
25/12/2025 02:58,16.375,0.001,8.02
25/12/2025 02:28,16.25,0.001,8.02
25/12/2025 01:58,16.25,0.001,8.02
25/12/2025 01:28,16.375,0.001,8.02
25/12/2025 00:58,16.375,0.001,8.02
25/12/2025 00:28,16.375,0.001,8.02
24/12/2025 23:58,16.375,0.001,8.03
24/12/2025 23:58,16.375,0.001,8.03
24/12/2025 23:28,16.375,0.001,8.03
24/12/2025 22:58,16.375,0.001,8.03
24/12/2025 22:28,16.5,0.001,8.03
24/12/2025 21:58,16.375,0.001,8.03
24/12/2025 21:28,16.5,0.001,8.03
24/12/2025 20:58,16.5,0.001,8.03
24/12/2025 20:28,16.375,0.001,8.04
24/12/2025 19:58,16.375,0.001,8.04
24/12/2025 19:28,16.5,0.001,8.04
24/12/2025 18:58,16.5,0.001,8.04
24/12/2025 18:28,16.5,0.001,8.04
24/12/2025 17:58,16.5,0.001,8.04
24/12/2025 17:28,16.625,0.001,8.04
24/12/2025 16:58,17.625,0.001,8.04
24/12/2025 16:28,16.5,0.001,8.04
24/12/2025 15:58,16.75,0.001,8.03
24/12/2025 15:28,17.625,0.001,8.03
24/12/2025 15:28,17.625,0.001,8.03
24/12/2025 14:58,16.75,0.001,8.03
24/12/2025 14:28,15.75,0.001,8.02
24/12/2025 13:58,15.75,0.001,8.02
24/12/2025 13:28,16.625,0.001,8.02
24/12/2025 12:58,16.625,0.001,8.01
24/12/2025 12:28,16.625,0.001,8.01
24/12/2025 11:58,16.625,0.001,8
24/12/2025 11:28,16.625,0.001,8
24/12/2025 10:58,16.5,0.001,8
24/12/2025 10:28,16.5,0.001,7.99
24/12/2025 09:58,16.375,0.001,7.99
24/12/2025 09:28,16.375,0.001,7.98
24/12/2025 08:58,16.5,0.001,7.98
24/12/2025 08:28,16.5,0.001,7.98
24/12/2025 07:58,16.5,0.001,7.97
24/12/2025 07:28,16.5,0.001,7.97
24/12/2025 06:58,16.625,0.001,7.97
24/12/2025 06:28,16.5,0.001,7.97
24/12/2025 05:58,16.375,0.001,7.97
24/12/2025 05:28,16.375,0.001,7.96
24/12/2025 04:58,16.375,0.001,7.96
24/12/2025 04:28,16.5,0.001,7.96
24/12/2025 03:58,16.375,0.001,7.96
24/12/2025 03:28,16.5,0.001,7.96
24/12/2025 02:58,16.375,0.001,7.96
24/12/2025 02:28,16.375,0.001,7.96
24/12/2025 01:58,16.5,0.001,7.96
24/12/2025 01:28,16.25,0.001,7.96
24/12/2025 00:58,16.375,0.001,7.95
24/12/2025 00:28,16.375,0.001,7.95
23/12/2025 23:58,16.375,0.001,7.95
23/12/2025 23:28,16.5,0.001,7.95
23/12/2025 22:58,16.25,0.001,7.95
23/12/2025 22:28,16.125,0.001,7.94
23/12/2025 21:58,16.375,0.001,7.94
23/12/2025 21:28,16.375,0.001,7.94
23/12/2025 20:58,16.125,0.001,7.93
23/12/2025 20:28,16.25,0.001,7.93
23/12/2025 19:58,16.125,0.001,7.92
23/12/2025 19:28,16.25,0.001,7.91
23/12/2025 18:58,16.25,0.001,7.89
23/12/2025 18:28,16.125,0.001,7.87
23/12/2025 17:58,16.125,0.001,7.83
23/12/2025 17:47,16.375,0.001,7.81
23/12/2025 17:28,16.375,0.001,7.77
23/12/2025 16:58,16.375,0.001,7.68
23/12/2025 16:28,16.5,0.001,7.54
23/12/2025 15:58,16.375,0.001,7.32
23/12/2025 15:28,16.375,0.001,7.02
23/12/2025 15:28,16.375,0.001,7.02
23/12/2025 14:58,16.5,0.001,6.84
23/12/2025 14:28,16.375,0.001,6.77
23/12/2025 13:58,16.5,0.001,6.75
23/12/2025 13:28,16.5,0.002,6.75
23/12/2025 13:15,16.625,0.006,6.77
23/12/2025 13:15,16.5,0.006,6.77
23/12/2025 13:14,16.625,0.007,6.85
23/12/2025 13:14,16.625,0.007,7.19
27/10/2025 09:58,21.625,0.007,6.8
27/10/2025 09:28,21.25,0.007,6.8
27/10/2025 08:58,21,0.008,6.8
27/10/2025 08:28,20.75,0.008,6.8
27/10/2025 07:58,21.375,0.008,6.8
27/10/2025 07:53,21.5,0.008,6.81
27/10/2025 07:48,19.75,0.008,6.81
27/10/2025 07:28,22.25,0.008,6.81
27/10/2025 06:58,20.875,0.008,6.81
27/10/2025 06:53,20.5,0.008,6.81
27/10/2025 06:28,21,0.008,6.8
27/10/2025 05:58,21.125,0.008,6.81
27/10/2025 05:53,21.875,0.008,6.81
27/10/2025 05:48,19.875,0.008,6.81
27/10/2025 05:33,21.5,0.008,6.81
27/10/2025 05:28,19.75,0.008,6.81
27/10/2025 04:58,20.75,0.008,6.8
27/10/2025 04:33,21.625,0.008,6.81
27/10/2025 04:28,19.875,0.008,6.81
27/10/2025 03:58,20.625,0.008,6.8
27/10/2025 03:28,21.625,0.008,6.81
27/10/2025 02:58,20.75,0.008,6.8
27/10/2025 02:28,21,0.008,6.8
27/10/2025 01:58,21,0.008,6.8
27/10/2025 01:58,21,0.008,6.8
27/10/2025 01:28,20.875,0.008,6.81
27/10/2025 00:58,20.875,0.008,6.8
27/10/2025 00:38,22.625,0.008,6.81
27/10/2025 00:33,19.875,0.008,6.8
27/10/2025 00:28,21,0.008,6.8
26/10/2025 23:58,21.625,0.008,6.8
26/10/2025 23:28,21,0.008,6.8
26/10/2025 22:58,20.75,0.008,6.81
26/10/2025 22:28,20.75,0.008,6.8
26/10/2025 21:58,21.25,0.008,6.8
26/10/2025 21:28,21.125,0.008,6.8
26/10/2025 20:58,20.875,0.008,6.81
26/10/2025 20:28,21.25,0.008,6.8
26/10/2025 19:58,21,0.008,6.8
26/10/2025 19:28,21.125,0.008,6.8
26/10/2025 18:58,21.125,0.008,6.81
26/10/2025 18:28,21.375,0.008,6.8
26/10/2025 17:58,21.25,0.008,6.81
26/10/2025 17:28,21.375,0.008,6.81
26/10/2025 16:58,21,0.008,6.81
26/10/2025 16:28,21.25,0.008,6.81
26/10/2025 15:58,21.375,0.008,6.81
26/10/2025 15:28,21.25,0.008,6.81
26/10/2025 14:58,21.375,0.008,6.81
26/10/2025 14:28,21.375,0.008,6.81
26/10/2025 13:58,21.5,0.008,6.81
26/10/2025 13:28,21.375,0.008,6.81
26/10/2025 12:58,20.875,0.008,6.81
26/10/2025 12:28,22.375,0.008,6.81
26/10/2025 11:58,21.25,0.008,6.81
26/10/2025 11:28,21,0.008,6.8
26/10/2025 10:58,20.75,0.008,6.8
26/10/2025 10:28,20.75,0.008,6.8
26/10/2025 09:58,21.625,0.008,6.81
26/10/2025 09:38,21.75,0.008,6.81
26/10/2025 09:28,19.75,0.008,6.81
26/10/2025 08:58,21,0.008,6.81
26/10/2025 08:48,21.625,0.008,6.81
26/10/2025 08:43,19.875,0.008,6.81
26/10/2025 08:28,20.75,0.008,6.8
26/10/2025 08:28,20.75,0.008,6.8
26/10/2025 07:58,21,0.008,6.8
26/10/2025 07:28,20.75,0.008,6.8
26/10/2025 06:58,20.625,0.008,6.8
26/10/2025 06:28,21,0.008,6.8
26/10/2025 05:58,21,0.008,6.8
26/10/2025 05:28,21,0.008,6.8
26/10/2025 04:58,21.125,0.008,6.8
26/10/2025 04:28,21.25,0.008,6.8
26/10/2025 03:58,20.875,0.008,6.8
26/10/2025 03:28,21.375,0.008,6.8
26/10/2025 02:58,21.125,0.008,6.8
26/10/2025 02:28,21,0.008,6.8
26/10/2025 01:58,21,0.008,6.8
26/10/2025 01:28,21.25,0.008,6.8
26/10/2025 01:58,21.375,0.008,6.8
26/10/2025 01:28,21.5,0.008,6.8
26/10/2025 00:58,21.375,0.008,6.8
26/10/2025 00:28,21.625,0.008,6.8
25/10/2025 23:58,21.625,0.008,6.8
25/10/2025 23:28,21.625,0.008,6.8
25/10/2025 22:58,21.625,0.008,6.8
25/10/2025 22:28,22.125,0.008,6.8
25/10/2025 21:58,21.75,0.008,6.8
25/10/2025 21:28,21.875,0.008,6.8
25/10/2025 20:58,22.25,0.008,6.8
25/10/2025 20:28,22.25,0.008,6.8
25/10/2025 19:58,22.125,0.008,6.8
25/10/2025 19:28,22.375,0.008,6.8
25/10/2025 18:58,22.625,0.008,6.8
25/10/2025 18:28,22.5,0.008,6.8
25/10/2025 17:58,22.625,0.008,6.8
25/10/2025 17:28,22.625,0.008,6.8
25/10/2025 17:28,22.625,0.008,6.8
25/10/2025 16:58,21.75,0.008,6.8
25/10/2025 16:28,22.5,0.008,6.8
25/10/2025 16:28,22.5,0.008,6.8
25/10/2025 15:58,22.625,0.008,6.8
25/10/2025 15:28,23.625,0.008,6.8
25/10/2025 14:58,22.75,0.008,6.8
25/10/2025 14:28,22.875,0.008,6.8
25/10/2025 13:58,21.875,0.008,6.8
25/10/2025 13:58,21.875,0.008,6.8
25/10/2025 13:28,23.375,0.008,6.8
25/10/2025 12:58,22.5,0.008,6.8
25/10/2025 12:28,22.75,0.008,6.8
25/10/2025 11:58,22.75,0.008,6.8
25/10/2025 11:28,22.5,0.008,6.8
25/10/2025 10:58,22.5,0.008,6.8
25/10/2025 10:28,22.5,0.008,6.79
25/10/2025 09:58,22.5,0.008,6.79
25/10/2025 09:28,22.5,0.008,6.8
25/10/2025 08:58,22.5,0.008,6.79
25/10/2025 08:28,22.5,0.008,6.79
25/10/2025 07:58,22.5,0.008,6.79
25/10/2025 07:28,22.625,0.008,6.79
25/10/2025 06:58,22.625,0.008,6.79
25/10/2025 06:28,22.5,0.008,6.79
25/10/2025 05:58,22.5,0.008,6.79
25/10/2025 05:28,22.625,0.008,6.79
25/10/2025 04:58,23.375,0.008,6.79
25/10/2025 04:28,22.625,0.008,6.79
25/10/2025 03:58,22.25,0.008,6.79
25/10/2025 03:28,22.375,0.008,6.79
25/10/2025 02:58,22.5,0.008,6.79
25/10/2025 02:28,22.5,0.008,6.79
25/10/2025 01:58,22.625,0.008,6.79
25/10/2025 01:58,22.625,0.008,6.79
25/10/2025 01:28,22.5,0.008,6.78
25/10/2025 00:58,22.5,0.008,6.79
25/10/2025 00:28,22.5,0.008,6.78
24/10/2025 23:58,22.5,0.008,6.78
24/10/2025 23:58,22.5,0.008,6.78
24/10/2025 23:28,21.75,0.008,6.78
24/10/2025 22:58,22.625,0.008,6.78
24/10/2025 22:28,22.75,0.008,6.78
24/10/2025 21:58,21.75,0.008,6.78
24/10/2025 21:28,21.875,0.008,6.78
24/10/2025 20:58,22.875,0.008,6.78
24/10/2025 20:28,22.875,0.008,6.78
24/10/2025 19:58,23.25,0.008,6.78
24/10/2025 19:28,23,0.008,6.78
24/10/2025 18:58,23.375,0.008,6.78
24/10/2025 18:58,23.375,0.008,6.78
24/10/2025 18:28,23.5,0.007,6.78
24/10/2025 17:58,23.875,0.007,6.78
24/10/2025 17:28,24.25,0.007,6.78
24/10/2025 16:58,24.75,0.007,6.78
24/10/2025 16:28,24.875,0.008,6.78
24/10/2025 15:58,24.875,0.008,6.78
24/10/2025 15:58,24.875,0.008,6.78
24/10/2025 15:28,25.125,0.008,6.78
24/10/2025 15:28,25.125,0.008,6.78
24/10/2025 14:58,25.125,0.008,6.78
24/10/2025 14:28,24.875,0.008,6.78
24/10/2025 13:58,24.875,0.008,6.78
24/10/2025 13:28,25.125,0.008,6.78
24/10/2025 13:28,25.125,0.008,6.78
24/10/2025 13:11,24.375,0.009,6.78
